stt,so_hieu,ngay_ban_hanh,co_quan_ban_hanh,noi_dung_tom_tat,ma_noi_bo,linh_vuc,loai_van_ban,chuyen_trang,nguoi_ky,ngay_hieu_luc,pdf_url_primary,pdf_attachments,url_chi_tiet,nam,nam_thang,crawled_at
6,22669/CHQ-GSQL,07/10/2026,Ban Giám sát quản lý về Hải quan,V/v Thủ tục nhập khẩu chủng vi sinh vật (Viện Nghiên cứu và Phát triển Nông nghiệp Việt Nam),106305,310,16,DONG_NAI,null,null,https://files.customs.gov.vn/CustomsCMS/DONG_NAI/2026/10/8/22669_CHQ_GSQL_07_10_2026.pdf,[],https://www.customs.gov.vn/index.jsp?pageId=3&id=106305&cid=1294,2026,10/2026,2026-10-08T09:59:21Z
15,22588/CHQ-GSQL,06/10/2026,Ban Giám sát quản lý về Hải quan,V/v Cửa khẩu tạm nhập tái xuất (Công ty TNHH Xuất nhập khẩu và Thương mại An Thịnh Phát),106284,310,16,DONG_NAI,null,null,https://files.customs.gov.vn/CustomsCMS/DONG_NAI/2026/10/7/22588_CHQ_GSQL_06_10_2026.pdf,[],https://www.customs.gov.vn/index.jsp?pageId=3&id=106284&cid=1294,2026,10/2026,2026-10-08T09:59:21Z
33,22411/CHQ-GSQL,30/09/2026,Ban Giám sát quản lý về hải quan,V/v Hướng dẫn thủ tục hải quan (Công ty TNHH Pouyuen Việt Nam),106214,310,16,DONG_NAI,null,null,https://files.customs.gov.vn/CustomsCMS/DONG_NAI/2026/10/1/22411_CHQ_GSQL_30_09_2026.pdf,[],https://www.customs.gov.vn/index.jsp?pageId=3&id=106214&cid=1294,2026,09/2026,2026-10-08T09:59:21Z
34,43/2026/NQ-CP,30/09/2026,Chính phủ,"V/v Kéo dài thời hạn áp dụng thuế nhập khẩu ưu đãi, thuế bảo vệ môi trường, thuế giá trị gia tăng đối với mặt hàng xăng dầu, nguyên liệu sản xuất xăng, dầu và nhiên liệu bay",106216,310,7,DONG_NAI,null,01/10/2026,https://files.customs.gov.vn/CustomsCMS/DONG_NAI/2026/10/1/43_2026_NQ_CP_30_09_2026.pdf,[],https://www.customs.gov.vn/index.jsp?pageId=3&id=106216&cid=1294,2026,09/2026,2026-10-08T09:59:21Z
41,142/2026/TT-BTC,29/09/2026,Bộ Tài chính,"Sửa đổi, bổ sung một số điều của các Thông tư quy định thủ tục hải quan đối với hàng hóa xuất khẩu, nhập khẩu, quá cảnh gửi qua dịch vụ bưu chính của doanh nghiệp được chỉ định, dịch vụ chuyển phát nhanh quốc tế",106230,310,19,TONG_CUC,null,null,"https://files.customs.gov.vnhttps://files.customs.gov.vn/CustomsCMS/TONG_CUC/2026/10/2/TT 142-BC,/CustomsCMS/TONG_CUC/2026/10/2/Phụ lục TT 142.pdf",[],https://www.customs.gov.vn/index.jsp?pageId=3&id=106230&cid=1294,2026,09/2026,2026-10-08T09:59:21Z
42,22350/CHQ-GSQL,29/09/2026,Ban Giám sát quản lý về hải quan,V/v Hướng dẫn khai nhiều tờ khai cùng loại hình cho cùng một lô hàng nhập khẩu (Công ty TNHH Michelin Việt Nam),106194,310,16,DONG_NAI,null,null,https://files.customs.gov.vn/CustomsCMS/DONG_NAI/2026/9/29/22350_CHQ_GSQL_29_09_2026.pdf,[],https://www.customs.gov.vn/index.jsp?pageId=3&id=106194&cid=1294,2026,09/2026,2026-10-08T09:59:21Z
55,22289/CHQ-GSQL,28/09/2026,Ban Giám sát quản lý về hải quan,V/v Phương tiện vận chuyển hàng hóa chịu sự giám sát hải quan (Công ty TNHH Trường Phát Sê Kong),106173,310,16,DONG_NAI,null,null,https://files.customs.gov.vn/CustomsCMS/DONG_NAI/2026/9/29/22289_CHQ_GSQL_28_09_2026.pdf,[],https://www.customs.gov.vn/index.jsp?pageId=3&id=106173&cid=1294,2026,09/2026,2026-10-08T09:59:21Z
62,22109/CHQ-NVTHQ,23/09/2026,Ban Nghiệp vụ Thuế hải quan,V/v Xuất khẩu hàng hóa của DNCX (Công ty TNHH Solum Vina),106059,310,16,DONG_NAI,null,null,https://files.customs.gov.vn/CustomsCMS/DONG_NAI/2026/9/24/22109_CHQ_NVTHQ_23_09_2026.pdf,[],https://www.customs.gov.vn/index.jsp?pageId=3&id=106059&cid=1294,2026,09/2026,2026-10-08T09:59:21Z
65,22034/CHQ-GSQL,22/09/2026,Ban Giám sát quản lý về hải quan,V/v Chính sách quản lý đối với N2 NK làm phụ gia thực phẩm (Công ty TNHH thương mại dịch vụ B&B sipplier),106047,310,16,DONG_NAI,null,null,https://files.customs.gov.vn/CustomsCMS/DONG_NAI/2026/9/23/22034_CHQ_GSQL_22_09_2026.pdf,[],https://www.customs.gov.vn/index.jsp?pageId=3&id=106047&cid=1294,2026,09/2026,2026-10-08T09:59:21Z
85,21686/CHQ-GSQL,15/09/2026,Ban Giám sát quản lý về hải quan,V/v Hướng dẫn thủ tục hải quan đối với vật liệu đóng gói quay vòng (Công ty TNHH Toyoda Gosei Hải Phòng),105866,310,16,DONG_NAI,null,null,https://files.customs.gov.vn/CustomsCMS/DONG_NAI/2026/9/16/21686_CHQ_GSQL_15_09_2026.pdf,[],https://www.customs.gov.vn/index.jsp?pageId=3&id=105866&cid=1294,2026,09/2026,2026-10-08T09:59:21Z
88,21655/CHQ-GSQL,14/09/2026,Ban Giám sát quản lý về hải quan,V/v Vướng mắc CTCNXX (Công ty TNHH Bosch Rexroth Việt Nam),105835,310,16,DONG_NAI,null,null,https://files.customs.gov.vn/CustomsCMS/DONG_NAI/2026/9/14/21665_CHQ_GSQL_14_09_2026.pdf,[],https://www.customs.gov.vn/index.jsp?pageId=3&id=105835&cid=1294,2026,09/2026,2026-10-08T09:59:21Z
94,2374/HQKV18-NV,11/09/2026,Chi cục Hải quan khu vực XVIII,V/v Thực hiện công văn số 8814/UBND-KTNS ngày 07/09/2026 của UBND thành phố Đồng Nai (Cộng đồng Doanh nghiệp trên địa bàn thành phố Đồng Nai),105819,310,16,DONG_NAI,null,null,https://files.customs.gov.vn/CustomsCMS/DONG_NAI/2026/9/11/2374_HQKV18_NV_11_09_2026.pdf,[],https://www.customs.gov.vn/index.jsp?pageId=3&id=105819&cid=1294,2026,09/2026,2026-10-08T09:59:21Z
109,21423/CHQ-GSQL,08/09/2026,Ban Giám sát quản lý về hải quan,V/v Hướng dẫn thủ tục hải quan (Công ty TNHH Minghui Việt Nam),105782,310,16,DONG_NAI,null,null,https://files.customs.gov.vn/CustomsCMS/DONG_NAI/2026/9/8/21423_CHQ_GSQL_08_09_2026.pdf,[],https://www.customs.gov.vn/index.jsp?pageId=3&id=105782&cid=1294,2026,09/2026,2026-10-08T09:59:21Z
115,21353/CHQ-GSQL,07/09/2026,Ban Giám sát quản lý về hải quan,V/v Hàng hóa tạm xuất tái nhập (Công ty TNHH Khí Công Nghiệp Messer Hải Phòng),105735,310,16,DONG_NAI,null,null,https://files.customs.gov.vn/CustomsCMS/DONG_NAI/2026/9/7/21353_CHQ_GSQL_07_09_2026.pdf,[],https://www.customs.gov.vn/index.jsp?pageId=3&id=105735&cid=1294,2026,09/2026,2026-10-08T09:59:21Z
117,48/2026/TT-BCT,05/09/2026,Bộ Công Thương,"V/v Quy định chi tiết một số điều của Luật Quản lý ngoại thương và Nghị định số 292/2026/NĐ-CP ngày 22 tháng 7 năm 2026 của Chính phủ quy định chi tiết một số điều và biện pháp để tổ chức, hướng dẫn thi hành Luật quản lý ngoại thương",105833,310,4,DONG_NAI,null,05/09/2026,https://files.customs.gov.vn/CustomsCMS/DONG_NAI/2026/9/14/48_2026_TT_BCT_05_09_2026.pdf,[],https://www.customs.gov.vn/index.jsp?pageId=3&id=105833&cid=1294,2026,09/2026,2026-10-08T09:59:21Z
121,21322/CHQ-GSQL,04/09/2026,Ban Giám sát quản lý về hải quan,V/v Hướng dẫn thủ tục nhập khẩu phương tiện PCCC (Công ty TNHH Sản xuất thiết bị PCCC Kim Thuận An),105728,310,16,DONG_NAI,null,null,https://files.customs.gov.vn/CustomsCMS/DONG_NAI/2026/9/7/21322_CHQ_GSQL_04_09_2026.pdf,[],https://www.customs.gov.vn/index.jsp?pageId=3&id=105728&cid=1294,2026,09/2026,2026-10-08T09:59:21Z
122,21324/CHQ-GSQL,04/09/2026,Ban Giám sát quản lý về hải quan,V/v Vướng mắc liên quan đến khai và ghi nhãn hàng hóa xuất khẩu (Công ty TNHH Sản xuất và Thương mại Hải Đăng Vina),105729,310,16,DONG_NAI,null,null,https://files.customs.gov.vn/CustomsCMS/DONG_NAI/2026/9/7/21324_CHQ_GSQL_04_09_2026.pdf,[],https://www.customs.gov.vn/index.jsp?pageId=3&id=105729&cid=1294,2026,09/2026,2026-10-08T09:59:21Z
124,21247/CHQ-GSQL,03/09/2026,Ban Giám sát quản lý về hải quan,V/v Hồ sơ hải quan đối với hàng hóa xuất khẩu (Công ty Cổ phần Thời trang và Mỹ phẩm Duy Anh),105706,310,16,DONG_NAI,null,null,https://files.customs.gov.vn/CustomsCMS/DONG_NAI/2026/9/4/21247_CHQ_GSQL_03_09_2026.pdf,[],https://www.customs.gov.vn/index.jsp?pageId=3&id=105706&cid=1294,2026,09/2026,2026-10-08T09:59:21Z
125,126/2026/TT-BQP,02/09/2026,Bộ Tư Pháp,V/v Ban hành Danh mục sản phẩm mật mã dân sự có mức độ rủi ro cao thuộc phạm vi quản lý của Bộ trưởng Bộ Quốc phòng,105766,310,4,DONG_NAI,null,02/09/2026,https://files.customs.gov.vn/CustomsCMS/DONG_NAI/2026/9/8/126_2026_TT_BQP_02_09_2026.pdf,[],https://www.customs.gov.vn/index.jsp?pageId=3&id=105766&cid=1294,2026,09/2026,2026-10-08T09:59:21Z
130,2279/HQKV18-NV,28/08/2026,Chi cục Hải quan khu vực XVIII,V/v Triển khai thực hiện công văn số 20991/CHQ-GSQL ngày 26/08/2026 về xác nhận khu vực giám sát tờ khai phi thuế quan,105624,310,16,DONG_NAI,null,null,https://files.customs.gov.vn/CustomsCMS/DONG_NAI/2026/8/28/2279_HQKV18_NV_28_08_2026.pdf,[],https://www.customs.gov.vn/index.jsp?pageId=3&id=105624&cid=1294,2026,08/2026,2026-10-08T09:59:21Z
148,127/2026/TT-BTC,27/08/2026,Bộ Tài chính,"V/v Quy định về chỉ tiêu thông tin, mẫu chứng từ khai báo khi làm thủ tục xuất cảnh, nhập cảnh, quá cảnh đối với phương tiện vận tải qua cửa khẩu cảng hàng không, cảng biển, đường sắt, đường bộ và đường thủy nội địa",105709,310,4,DONG_NAI,null,15/10/2026,https://files.customs.gov.vn/CustomsCMS/DONG_NAI/2026/9/4/127_2026_TT_BTC_27_08_2026.pdf,[],https://www.customs.gov.vn/index.jsp?pageId=3&id=105709&cid=1294,2026,08/2026,2026-10-08T09:59:21Z
149,128/2026/TT-BTC,27/08/2026,Bộ Tài chính,"V/v Quy định về kiểm tra, giám sát và quản lý hải quan đối với hàng hóa xuất khẩu, nhập khẩu, quá cảnh và phương tiện vận tải hoạt động trong khu vực cửa khẩu thông minh được Thủ tướng Chính phủ phê duyệt",105707,310,4,DONG_NAI,null,15/10/2026,,[],https://www.customs.gov.vn/index.jsp?pageId=3&id=105707&cid=1294,2026,08/2026,2026-10-08T09:59:21Z
150,14/2026/VBHN-QĐ-BKHCN,27/08/2026,Bộ Khoa học Công nghệ,"V/v Quy định việc nhập khẩu máy móc, thiết bị, dây chuyền công nghệ đã qua sử dụng",105726,310,10,DONG_NAI,null,null,https://files.customs.gov.vn/CustomsCMS/DONG_NAI/2026/9/7/14_2026_VBHN_QD_BKHCN_27_08_2026.pdf,[],https://www.customs.gov.vn/index.jsp?pageId=3&id=105726&cid=1294,2026,08/2026,2026-10-08T09:59:21Z
151,21064/CHQ-GSQL,27/08/2026,Ban Giám sát quản lý về hải quan,V/v Hướng dẫn thủ tục hải quan (Công ty TNHH Quantel Global Việt Nam),105605,310,16,DONG_NAI,null,null,https://files.customs.gov.vn/CustomsCMS/DONG_NAI/2026/8/27/21064_CHQ_GSQL_27_08_2026.pdf,[],https://www.customs.gov.vn/index.jsp?pageId=3&id=105605&cid=1294,2026,08/2026,2026-10-08T09:59:21Z
152,21078/CHQ-GSQL,27/08/2026,Ban Giám sát quản lý về hải quan,V/v Thủ tục hải quan đối với hàng hóa xuất khẩu tại chỗ (Công ty TNHH Liên Thanh Đạo),105607,310,16,DONG_NAI,null,null,https://files.customs.gov.vn/CustomsCMS/DONG_NAI/2026/8/28/21078_CHQ_GSQL_27_08_2026.pdf,[],https://www.customs.gov.vn/index.jsp?pageId=3&id=105607&cid=1294,2026,08/2026,2026-10-08T09:59:21Z
156,20974/CHQ-GSQL,26/08/2026,Ban Giám sát quản lý về hải quan,V/v Thủ tục đưa hàng về bảo quản (Công ty TNHH Thang máy Mitsubishi Việt Nam),105581,310,16,DONG_NAI,null,null,https://files.customs.gov.vn/CustomsCMS/DONG_NAI/2026/8/26/20974_CHQ_GSQL_26_08_2026.pdf,[],https://www.customs.gov.vn/index.jsp?pageId=3&id=105581&cid=1294,2026,08/2026,2026-10-08T09:59:21Z
157,20985/CHQ-GSQL,26/08/2026,Ban Giám sát quản lý về hải quan,V/v Hướng dẫn thủ tục hải quan (Công ty TNHH Xây dựng và Thương mại Thành Nguyên Đức),105586,310,16,DONG_NAI,null,null,https://files.customs.gov.vn/CustomsCMS/DONG_NAI/2026/8/26/20985_CHQ_GSQL_26_08_2026.pdf,[],https://www.customs.gov.vn/index.jsp?pageId=3&id=105586&cid=1294,2026,08/2026,2026-10-08T09:59:21Z
158,377/2026/NĐ-CP,26/08/2026,Chính phủ,V/v Quy định chi tiết một số điều và biện pháp thi hành Luật Tiếp cận thông tin,105865,310,8,DONG_NAI,null,01/09/2026,https://files.customs.gov.vn/CustomsCMS/DONG_NAI/2026/9/16/377_2026_ND_CP_26_08_2026.pdf,[],https://www.customs.gov.vn/index.jsp?pageId=3&id=105865&cid=1294,2026,08/2026,2026-10-08T09:59:21Z
165,20807/CHQ-GSQL,24/08/2026,Ban Giám sát quản lý về hải quan,V/v Vướng mắc liên quan đến nghị nhãn hàng hóa nhập khẩu (Công ty Luật TNHH MTV Tâm Gia Nguyễn),105557,310,16,DONG_NAI,null,null,https://files.customs.gov.vn/CustomsCMS/DONG_NAI/2026/8/24/20807_CHQ_GSQL_22_08_2026.pdf,[],https://www.customs.gov.vn/index.jsp?pageId=3&id=105557&cid=1294,2026,08/2026,2026-10-08T09:59:21Z
166,20857/CHQ-GSQL,24/08/2026,Ban Giám sát quản lý về hải quan,V/v Hướng dẫn thủ tục hải quan (Công ty TNHH Yodee Việt Nam),105558,310,16,DONG_NAI,null,null,https://files.customs.gov.vn/CustomsCMS/DONG_NAI/2026/8/24/20857_CHQ_GSQL_24_08_2026.pdf,[],https://www.customs.gov.vn/index.jsp?pageId=3&id=105558&cid=1294,2026,08/2026,2026-10-08T09:59:21Z
174,20726/CHQ-GSQL,21/08/2026,Ban Giám sát quản lý về hải quan,V/v Nhập khẩu hàng hóa đã qua sử dụng (Công ty TNHH Thương mại dịch vụ kỹ thuật Việt Nguyên),105504,310,16,DONG_NAI,null,null,https://files.customs.gov.vn/CustomsCMS/DONG_NAI/2026/8/21/20726_CHQ_GSQL_21_08_2026.pdf,[],https://www.customs.gov.vn/index.jsp?pageId=3&id=105504&cid=1294,2026,08/2026,2026-10-08T09:59:21Z
175,20727/CHQ-GSQL,21/08/2026,Ban Giám sát quản lý về hải quan,"V/v Vướng mắc khai báo chỉ tiêu thông tin ""Nhà vận chuyển"" đối với hàng hóa quá cảnh (Công ty TNHH MMTH Xuất nhập khẩu Tân Hoàng Gia)",105505,310,16,DONG_NAI,null,null,https://files.customs.gov.vn/CustomsCMS/DONG_NAI/2026/8/21/20727_CHQ_GSQL_21_08_2026.pdf,[],https://www.customs.gov.vn/index.jsp?pageId=3&id=105505&cid=1294,2026,08/2026,2026-10-08T09:59:21Z
195,20588/CHQ-GSQL,19/08/2026,Ban Giám sát quản lý về hải quan,V/v Thủ tục tái nhập hàng hóa đã xuất khẩu (Công ty Cổ phần Sanofi Việt Nam),105487,310,16,DONG_NAI,null,null,https://files.customs.gov.vn/CustomsCMS/DONG_NAI/2026/8/19/20588_CHQ_GSQL_19_08_2026.pdf,[],https://www.customs.gov.vn/index.jsp?pageId=3&id=105487&cid=1294,2026,08/2026,2026-10-08T09:59:21Z
198,171/TB-HQKV18,18/08/2026,Chi cục Hải quan khu vực XVIII,V/v Giới thiệu chức danh và chữ ký cán bộ Lãnh đạo thuộc Chi cục Hải quan khu vực XVIII,105468,310,19,DONG_NAI,null,null,https://files.customs.gov.vn/CustomsCMS/DONG_NAI/2026/8/18/171_TB_HQKV18_18_08_2026.pdf,[],https://www.customs.gov.vn/index.jsp?pageId=3&id=105468&cid=1294,2026,08/2026,2026-10-08T09:59:21Z
199,20516/CHQ-GSQL,18/08/2026,Ban Giám sát quản lý về hải quan,V/v Đặt gia công ờ nước ngoài (Công ty TNHH D.I),105465,310,16,DONG_NAI,null,null,https://files.customs.gov.vn/CustomsCMS/DONG_NAI/2026/8/18/20516_CHQ_GSQL_18_08_2026.pdf,[],https://www.customs.gov.vn/index.jsp?pageId=3&id=105465&cid=1294,2026,08/2026,2026-10-08T09:59:21Z
200,20518/CHQ-GSQL,18/08/2026,Ban Giám sát quản lý về hải quan,V/v Hướng dẫn thủ tục hải quan (Công ty Cổ phần XNK Thành Công),105466,310,16,DONG_NAI,null,null,https://files.customs.gov.vn/CustomsCMS/DONG_NAI/2026/8/18/20518_CHQ_GSQL_18_08_2026.pdf,[],https://www.customs.gov.vn/index.jsp?pageId=3&id=105466&cid=1294,2026,08/2026,2026-10-08T09:59:21Z
201,20519/CHQ-GSQL,18/08/2026,Ban Giám sát quản lý về hải quan,V/v Hướng dẫn thủ tục hải quan đối với hàng hóa mua từ DNCX khác đóng gói và xuất khẩu (Công ty Cổ phần Tiếp vận Avina),105467,310,16,DONG_NAI,null,null,https://files.customs.gov.vn/CustomsCMS/DONG_NAI/2026/8/18/20519_CHQ_GSQL_18_08_2026.pdf,[],https://www.customs.gov.vn/index.jsp?pageId=3&id=105467&cid=1294,2026,08/2026,2026-10-08T09:59:21Z
211,20397/CHQ-GSQL,14/08/2026,Ban Giám sát quản lý về hải quan,V/v Thủ tục hải quan đối với hàng hóa quá cảnh thay đổi phương tiện vận chuyển (Chi nhánh Công ty TNHH Ceva Air & Ocean Việt Nam),105403,310,16,DONG_NAI,null,null,https://files.customs.gov.vn/CustomsCMS/DONG_NAI/2026/8/14/20397_CHQ_GSQL_14_08_2026.pdf,[],https://www.customs.gov.vn/index.jsp?pageId=3&id=105403&cid=1294,2026,08/2026,2026-10-08T09:59:21Z
212,20415/CHQ-GSQL,14/08/2026,Ban Giám sát quản lý về hải quan,V/v Vướng mắc Thông tư số 69/2016/TT-BTC (Công ty Vận tải Đa phương thức AVT),105404,310,16,DONG_NAI,null,null,https://files.customs.gov.vn/CustomsCMS/DONG_NAI/2026/8/14/20415_CHQ_GSQL_14_08_2026.pdf,[],https://www.customs.gov.vn/index.jsp?pageId=3&id=105404&cid=1294,2026,08/2026,2026-10-08T09:59:21Z
226,20279/CHQ-GSQL,12/08/2026,Ban Giám sát quản lý về hải quan,V/v Nhập khẩu hàng trà cát cánh Doraji (Công ty TNHH SMBL Việt Nam),105389,310,16,DONG_NAI,null,null,https://files.customs.gov.vn/CustomsCMS/DONG_NAI/2026/8/13/20279_CHQ_GSQL_12_08_2026.pdf,[],https://www.customs.gov.vn/index.jsp?pageId=3&id=105389&cid=1294,2026,08/2026,2026-10-08T09:59:21Z
232,20066/CHQ-GSQL,11/08/2026,Ban Giám sát quản lý về hải quan,V/v Thủ tục tái xuất hàng hóa đã nhập khẩu (Công ty TNHH Đầu tư và XNK Phúc Hải),105372,310,16,DONG_NAI,null,null,https://files.customs.gov.vn/CustomsCMS/DONG_NAI/2026/8/11/20066_CHQ_GSQL_11_08_2026.pdf,[],https://www.customs.gov.vn/index.jsp?pageId=3&id=105372&cid=1294,2026,08/2026,2026-10-08T09:59:21Z
233,20067/CHQ-GSQL,11/08/2026,Ban Giám sát quản lý về hải quan,V/v Tạm xuất tái nhập hàng hóa để sửa chữa (Công ty TNHH Kỹ thuật Động lực Servo),105373,310,16,DONG_NAI,null,null,https://files.customs.gov.vn/CustomsCMS/DONG_NAI/2026/8/11/20067_CHQ_GSQL_11_08_2026.pdf,[],https://www.customs.gov.vn/index.jsp?pageId=3&id=105373&cid=1294,2026,08/2026,2026-10-08T09:59:21Z
239,2009/CHQ-GSQL,07/08/2026,Ban Giám sát quản lý về hải quan,"V/v Thủ tục hải quan đối với hàng hóa quá cảnh có thay đổi phương thức vận chuyển, phương tiện vận tải tại cảng Đồng Nai (Công ty Cổ phần Cảng Đồng Nai)",105360,310,16,DONG_NAI,null,null,https://files.customs.gov.vn/CustomsCMS/DONG_NAI/2026/8/7/20009_CHQ_GSQL_07_08_2026.pdf,[],https://www.customs.gov.vn/index.jsp?pageId=3&id=105360&cid=1294,2026,08/2026,2026-10-08T09:59:21Z
244,1336/QĐ-CHQ,06/08/2026,Cục Hải quan,Về việc công bố công khai điều chỉnh dự toán chi ngân sách nhà nước năm 2026 của Cục Hải quan,105345,310,10,TONG_CUC,Trịnh Văn Nhuận,null,https://files.customs.gov.vn/CustomsCMS/TONG_CUC/2026/8/7/VB_1336.pdf,[],https://www.customs.gov.vn/index.jsp?pageId=3&id=105345&cid=1294,2026,08/2026,2026-10-08T09:59:21Z
247,19898/CHQ-GSQL,05/08/2026,Ban Giám sát quản lý về hải quan,V/v Định mức thực tế (Công ty TNHH Icel Logistics ),105315,310,16,DONG_NAI,null,null,https://files.customs.gov.vn/CustomsCMS/DONG_NAI/2026/8/5/19898_CHQ_GSQL_05_08_2026.pdf,[],https://www.customs.gov.vn/index.jsp?pageId=3&id=105315&cid=1294,2026,08/2026,2026-10-08T09:59:21Z
270,3389/TB-CKKV1,30/07/2026,Hải quan cửa khẩu cảng Hải Phòng khu vực 1,Về việc tìm chủ hàng hóa tồn đọng,105301,310,19,HAI_PHONG,null,null,"https://files.customs.gov.vnhttps://files.customs.gov.vn/CustomsCMS/HAI_PHONG/2026/8/4/Danh sách hàng hóa cần tìm chủ hàng T7.pdf,/CustomsCMS/HAI_PHONG/2026/8/4/Thông báo tìm chủ hàng hóa tồn đọng new.pdf",[],https://www.customs.gov.vn/index.jsp?pageId=3&id=105301&cid=1294,2026,07/2026,2026-10-08T09:59:21Z
285,19487/CHQ-GSQL,27/07/2026,Ban Giám sát quản lý về hải quan,V/v Xuất khẩu hàng hóa (Công ty TNHH Vật liệu xây dựng Hoa Sen Việt Nam),105251,310,16,DONG_NAI,null,null,https://files.customs.gov.vn/CustomsCMS/DONG_NAI/2026/7/28/19487_CHQ_GSQL_27_07_2026.pdf,[],https://www.customs.gov.vn/index.jsp?pageId=3&id=105251&cid=1294,2026,07/2026,2026-10-08T09:59:21Z
286,4439/TB-CKKV3,27/07/2026,Hải quan cửa khẩu cảng Hải Phòng khu vực 3,Thông báo tìm chủ sở hữu hàng hóa lưu giữ quá 90 ngày không có người đến nhận,105302,310,19,HAI_PHONG,null,null,"https://files.customs.gov.vnhttps://files.customs.gov.vn/CustomsCMS/HAI_PHONG/2026/8/4/DANH SÁCH CONT VÀ VẬN ĐƠN ĐĂNG BÁO T7.2026.xlsx,/CustomsCMS/HAI_PHONG/2026/8/4/TB tìm chủ sở hữu (3).pdf",[],https://www.customs.gov.vn/index.jsp?pageId=3&id=105302&cid=1294,2026,07/2026,2026-10-08T09:59:21Z
292,19363/CHQ-GSQL,24/07/2026,Ban Giám sát quản lý về hải quan,V/v Vướng mắc về ghi nhãn (®) (Công ty TNHH Bayer Việt Nam),105231,310,16,DONG_NAI,null,null,https://files.customs.gov.vn/CustomsCMS/DONG_NAI/2026/7/24/19363_CHQ_GSQL_24_07_2026.pdf,[],https://www.customs.gov.vn/index.jsp?pageId=3&id=105231&cid=1294,2026,07/2026,2026-10-08T09:59:21Z
296,19297/CHQ-GSQL,23/07/2026,Ban Giám sát quản lý về hải quan,V/v Thủ tục hải quan đối với hàng hóa xuất nhập khẩu tại chỗ (Công ty Cổ phần Tư vấn và Xây dựng Phú Xuân),105216,310,16,DONG_NAI,null,null,https://files.customs.gov.vn/CustomsCMS/DONG_NAI/2026/7/23/19297_CHQ_GSQL_23_07_2026.pdf,[],https://www.customs.gov.vn/index.jsp?pageId=3&id=105216&cid=1294,2026,07/2026,2026-10-08T09:59:21Z
300,292/2026/NĐ-CP,22/07/2026,Chính phủ,"V/v Quy định chi tiết một số điều và biện pháp để tổ chức, hướng dẫn thi hành Luật Quản lý ngoại thương",105229,310,8,DONG_NAI,null,05/09/2026,https://files.customs.gov.vn/CustomsCMS/DONG_NAI/2026/7/24/292_2026_ND_CP_22_07_2026_1.pdf,[],https://www.customs.gov.vn/index.jsp?pageId=3&id=105229&cid=1294,2026,07/2026,2026-10-08T09:59:21Z
311,19036/CHQ-GSQL,17/07/2026,Ban Giám sát quản lý về hải quan,V/v Hướng dẫn thủ tục hải quan (Công ty TNHH Tech Data Advanced Solutions Việt Nam),105158,310,16,DONG_NAI,null,null,https://files.customs.gov.vn/CustomsCMS/DONG_NAI/2026/7/17/19036_CHQ_GSQL_17_07_2026.pdf,[],https://www.customs.gov.vn/index.jsp?pageId=3&id=105158&cid=1294,2026,07/2026,2026-10-08T09:59:21Z
312,286/2026/NĐ-CP,17/07/2026,Chính phủ,"V/v Quy định cơ chế phối hợp giữa các bộ, cơ quan ngang bộ, Ủy ban nhân dân tỉnh, thành phố trong công tác quản lý nhập cảnh, xuất cảnh, quá cảnh, cư trú của người nước ngoài tại Việt Nam",105817,310,8,DONG_NAI,null,15/09/2026,https://files.customs.gov.vn/CustomsCMS/DONG_NAI/2026/9/11/286_2026_ND_CP_17_07_2026.pdf,[],https://www.customs.gov.vn/index.jsp?pageId=3&id=105817&cid=1294,2026,07/2026,2026-10-08T09:59:21Z
313,Quyết định 1896/QĐ-BTC ngày 17/7/2026,17/07/2026,Bộ Tài chính,"Quyết định 1896/QĐ-BTC ngày 17/7/2026 Về việc công bố thủ tục hành chính mới ban hành, được sửa đổi, bổ sung
trong lĩnh vực quản lý thuế, hải quan thuộc phạm vi chức năng quản lý của Bộ Tài chính",105317,310,10,THANH_HOA,null,null,https://files.customs.gov.vnhttps://files.customs.gov.vn/CustomsCMS/THANH_HOA/2026/8/6/QĐ 1896 ngày 17.7.2026.pdf,[],https://www.customs.gov.vn/index.jsp?pageId=3&id=105317&cid=1294,2026,07/2026,2026-10-08T09:59:21Z
329,18837/CHQ-GSQL,15/07/2026,Cục Hải quan,Triển khai các giải pháp tạo thuận lợi thông quan đối với hàng hóa nông sản xuất khẩu,105149,310,19,TONG_CUC,null,null,https://files.customs.gov.vn/CustomsCMS/TONG_CUC/2026/7/17/VB_18837.pdf,[],https://www.customs.gov.vn/index.jsp?pageId=3&id=105149&cid=1294,2026,07/2026,2026-10-08T09:59:21Z
335,18761/CHQ-GSQL,13/07/2026,Ban Giám sát quản lý về hải quan,V/v Thủ tục hải quan đối với hàng hóa xuất nhập khẩu tại chỗ (Hiệp hội doanh nghiệp Hàn Quốc tại Việt Nam),105098,310,16,DONG_NAI,null,null,https://files.customs.gov.vn/CustomsCMS/DONG_NAI/2026/7/13/18761_CHQ_GSQL_13_07_2026.pdf,[],https://www.customs.gov.vn/index.jsp?pageId=3&id=105098&cid=1294,2026,07/2026,2026-10-08T09:59:21Z
336,18779/CHQ-GSQL,13/07/2026,Ban Giám sát quản lý về hải quan,V/v Hướng dẫn thủ tục hải quan (Công ty CP TM và SX nhựa Công nghệ cao Việt Nam),105099,310,16,DONG_NAI,null,null,https://files.customs.gov.vn/CustomsCMS/DONG_NAI/2026/7/13/18779_CHQ_GSQL_13_07_2026.pdf,[],https://www.customs.gov.vn/index.jsp?pageId=3&id=105099&cid=1294,2026,07/2026,2026-10-08T09:59:21Z
337,18789/CHQ-GSQL,13/07/2026,Ban Giám sát quản lý về hải quan,V/v Vướng mắc liên quan đến ghi nhãn hàng hóa (Công ty Cổ phần xuất khẩu hàng hóa tổng hợp Hà Nội),105102,310,16,DONG_NAI,null,null,https://files.customs.gov.vn/CustomsCMS/DONG_NAI/2026/7/14/18789_CHQ_GSQL_13_07_2026.pdf,[],https://www.customs.gov.vn/index.jsp?pageId=3&id=105102&cid=1294,2026,07/2026,2026-10-08T09:59:21Z
361,18611/CHQ-GSQL,08/07/2026,Ban Giám sát quản lý về hải quan,V/v Hàng hóa nhập khẩu từ EU (Công ty cổ phần thực phẩm sữa TH),105067,310,16,DONG_NAI,null,null,https://files.customs.gov.vn/CustomsCMS/DONG_NAI/2026/7/9/18611_CHQ_GSQL_07_07_2026.pdf,[],https://www.customs.gov.vn/index.jsp?pageId=3&id=105067&cid=1294,2026,07/2026,2026-10-08T09:59:21Z
362,18634/CHQ-GSQL,08/07/2026,Ban Giám sát quản lý về hải quan,V/v Hướng dẫn thủ tục hải quan (Công ty TNHH Valqua Việt Nam),105069,310,16,DONG_NAI,null,null,https://files.customs.gov.vn/CustomsCMS/DONG_NAI/2026/7/9/77618634_CHQ_GSQL_08_07_2026.pdf,[],https://www.customs.gov.vn/index.jsp?pageId=3&id=105069&cid=1294,2026,07/2026,2026-10-08T09:59:21Z
363,18635/CHQ-GSQL,08/07/2026,Ban Giám sát quản lý về hải quan,V/v Luân chuyển nội bộ và thanh lý hàng hóa của DNCX (Công ty TNHH Canon Việt Nam),105068,310,16,DONG_NAI,null,null,https://files.customs.gov.vn/CustomsCMS/DONG_NAI/2026/7/9/18635_CHQ_GSQL_08_07_2026.pdf,[],https://www.customs.gov.vn/index.jsp?pageId=3&id=105068&cid=1294,2026,07/2026,2026-10-08T09:59:21Z
385,18445/CHQ-GSQL,03/07/2026,Ban Giám sát quản lý về hải quan,V/v Vướng mắc về chứng từ chứng minh vận tải trực tiếp (Công ty TNHH TPS Việt Nam),104993,310,16,DONG_NAI,null,null,https://files.customs.gov.vn/CustomsCMS/DONG_NAI/2026/7/6/18445_CHQ_GSQL_03_07_2026.pdf,[],https://www.customs.gov.vn/index.jsp?pageId=3&id=104993&cid=1294,2026,07/2026,2026-10-08T09:59:21Z
386,18446/CHQ-GSQL,03/07/2026,Ban Giám sát quản lý về hải quan,V/v Hướng dẫn thủ tục hải quan (Công ty TNHH Suncall Technology Việt Nam),104994,310,16,DONG_NAI,null,null,https://files.customs.gov.vn/CustomsCMS/DONG_NAI/2026/7/6/18446_CHQ_GSQL_03_07_2026.pdf,[],https://www.customs.gov.vn/index.jsp?pageId=3&id=104994&cid=1294,2026,07/2026,2026-10-08T09:59:21Z
387,18449/CHQ-GSQL,03/07/2026,Ban Giám sát quản lý về hải quan,V/v Xác định xuất xứ hàng hóa (Chi nhánh Công ty CP Devyt tại Hải Phòng),104995,310,16,DONG_NAI,null,null,https://files.customs.gov.vn/CustomsCMS/DONG_NAI/2026/7/6/18449_CHQ_GSQL_03_07_2026.pdf,[],https://www.customs.gov.vn/index.jsp?pageId=3&id=104995&cid=1294,2026,07/2026,2026-10-08T09:59:21Z
391,1767/QĐ-BTC ngày 02/7/2026,02/07/2026,Bộ Tài chính,"Quyết định số 1767/QĐ-BTC ngày 02/7/2026 về việc công bố thủ tục hành chính được sửa đổi, bổ sung trong lĩnh vực hải quan thuộc phạm vi chức năng quản lý nhà nước của Bộ Tài chính",105030,310,10,THANH_HOA,null,null,https://files.customs.gov.vnhttps://files.customs.gov.vn/CustomsCMS/THANH_HOA/2026/7/7/QĐ SỐ 1767_BTC.pdf,[],https://www.customs.gov.vn/index.jsp?pageId=3&id=105030&cid=1294,2026,07/2026,2026-10-08T09:59:21Z
392,18404/CHQ-GSQL,02/07/2026,Ban Giám sát quản lý về hải quan,V/v Thủ tục hải quan đối với hàng hóa gửi quan dịch vụ chuyển phát nhanh (Công ty TNHH Chuyển phát nhanh DHL-VNPT),104981,310,16,DONG_NAI,null,null,https://files.customs.gov.vn/CustomsCMS/DONG_NAI/2026/7/2/18404_CHQ_GSQL_02_07_2026.pdf,[],https://www.customs.gov.vn/index.jsp?pageId=3&id=104981&cid=1294,2026,07/2026,2026-10-08T09:59:21Z
393,QĐ số 1768 /QĐ-BTC ngày 02.7.2026,02/07/2026,Bộ Tài chính,"Quyết định số 1768/QD-BTC vẻ việc công bố thủ tục hành chính mới ban hành/được sửa đổi, bỗ sung trong lĩnh vực hải quan thuộc phạm vi chức nang quản lý nhà nước của Bộ Tài chính.",105121,310,8,THANH_HOA,null,null,https://files.customs.gov.vnhttps://files.customs.gov.vn/CustomsCMS/THANH_HOA/2026/7/15/QĐ 1768 ngày 02.7.2026.pdf,[],https://www.customs.gov.vn/index.jsp?pageId=3&id=105121&cid=1294,2026,07/2026,2026-10-08T09:59:21Z
421,82/2026/TT-BTC,30/06/2026,Bộ Tài Chính,"Quy định tiêu chuẩn địa điểm kinh doanh hàng miễn thuế và quản lý hoạt
động kinh doanh hàng miễn thuế",105005,310,4,HAI_PHONG,null,null,,[],https://www.customs.gov.vn/index.jsp?pageId=3&id=105005&cid=1294,2026,06/2026,2026-10-08T09:59:21Z
436,18185/CHQ-GSQL,29/06/2026,Ban Giám sát quản lý về hải quan,V/v Nhập khẩu thức ăn chăn nuôi có chứa axit fomic (Công ty TNHH Jebsen & Jessen Vietnam),104921,310,16,DONG_NAI,null,null,https://files.customs.gov.vn/CustomsCMS/DONG_NAI/2026/6/29/18185_CHQ_GSQL_29_06_2026.pdf,[],https://www.customs.gov.vn/index.jsp?pageId=3&id=104921&cid=1294,2026,06/2026,2026-10-08T09:59:21Z
440,QĐ 2017/QĐ-BTC ngày 28/7/2026,28/06/2026,Bộ Tài chính,"Quyết định số 2017/QĐ-BTC ngày 28/7/2026 về việc công bố thủ tục hành chính được sửa đổi, bổ sung trong lĩnh vực hải quan thuộc phạm vi chức năng quản lý nhà nước của Bộ Tài chính.",105261,310,10,THANH_HOA,null,null,https://files.customs.gov.vnhttps://files.customs.gov.vn/CustomsCMS/THANH_HOA/2026/7/30/QĐ 2017 ngày 28.7.2026.pdf,[],https://www.customs.gov.vn/index.jsp?pageId=3&id=105261&cid=1294,2026,06/2026,2026-10-08T09:59:21Z
452,17903/CHQ-GSQL,24/06/2026,Ban Giám sát quản lý về hải quan,"V/v Hướng dẫn thủ tục chuyển tải, chia tách hàng hóa quá cảnh tại cửa khẩu xuất (Công ty Cổ phần Giao nhận Kho vận Thiên Mã)",104873,310,16,DONG_NAI,null,null,https://files.customs.gov.vn/CustomsCMS/DONG_NAI/2026/6/25/17903_CHQ_GSQL_24_06_2026.pdf,[],https://www.customs.gov.vn/index.jsp?pageId=3&id=104873&cid=1294,2026,06/2026,2026-10-08T09:59:21Z
463,17724/CHQ-GSQL,19/06/2026,Ban Giám sát quản lý về hải quan,V/v Vướng mắc về ghi nhãn (Công ty TNHH Zoetis Việt Nam),104819,310,16,DONG_NAI,null,null,https://files.customs.gov.vn/CustomsCMS/DONG_NAI/2026/6/22/17724_CHQ_GSQL_19_06_2026.pdf,[],https://www.customs.gov.vn/index.jsp?pageId=3&id=104819&cid=1294,2026,06/2026,2026-10-08T09:59:21Z
464,3295/TB-HQĐV,19/06/2026,Hải quan cửa khẩu cảng Đình Vũ,Tìm chủ sở hữu hàng hóa tồn đọng,105015,310,19,HAI_PHONG,null,null,"https://files.customs.gov.vnhttps://files.customs.gov.vn/CustomsCMS/HAI_PHONG/2026/7/6/42- DS kèm TB tìm chủ sở hữu hàng hóa tồn đọng (kỳ tháng 5.2026). hàng Kiện.pdf,/CustomsCMS/HAI_PHONG/2026/7/6/41- DS kèm TB tìm chủ sở hữu hàng hóa tồn đọng (kỳ tháng 6.2026). hàng Cont.pdf,/CustomsCMS/HAI_PHONG/2026/7/6/00 - Thông báo tìm chủ sở hữu hàng hóa tồn đọng (kỳ tháng 6.2026).pdf",[],https://www.customs.gov.vn/index.jsp?pageId=3&id=105015&cid=1294,2026,06/2026,2026-10-08T09:59:21Z
469,17657/CHQ-NVTHQ,18/06/2026,Ban Nghiệp vụ Thuế hải quan,V/v Hướng dẫn thủ tục hải quan đối với MMTB đã qua sử dụng tạm nhập để sửa chữa cho DNCX (Công ty CP Vũ trụ Việt Nam),104812,310,16,DONG_NAI,null,null,https://files.customs.gov.vn/CustomsCMS/DONG_NAI/2026/6/19/38217657_CHQ_NVTHQ_17_06_2026.pdf,[],https://www.customs.gov.vn/index.jsp?pageId=3&id=104812&cid=1294,2026,06/2026,2026-10-08T09:59:21Z
471,17603/CHQ-NVTHQ,17/06/2026,Ban Nghiệp vụ Thuế hải quan,V/v Giảm thuế GTGT theo Nghị định số 174/2025/NĐ-CP (Công ty TNHH Lixil Việt Nam),104806,310,16,DONG_NAI,null,null,https://files.customs.gov.vn/CustomsCMS/DONG_NAI/2026/6/19/17603_CHQ_NVTHQ_17_06_2026.pdf,[],https://www.customs.gov.vn/index.jsp?pageId=3&id=104806&cid=1294,2026,06/2026,2026-10-08T09:59:21Z
472,17658/CHQ-GSQL,17/06/2026,Ban Giám sát quản lý về hải quan,V/v Thủ tục thông báo hợp động gia công lại (Công ty CP Quốc tế Phong Phú),104813,310,16,DONG_NAI,null,null,https://files.customs.gov.vn/CustomsCMS/DONG_NAI/2026/6/19/17658_CHQ_GSQL_18_06_2026.pdf,[],https://www.customs.gov.vn/index.jsp?pageId=3&id=104813&cid=1294,2026,06/2026,2026-10-08T09:59:21Z
473,1920/QĐ-UBND,17/06/2026,UBND tỉnh Hưng Yên,"Về việc công bố Danh mục thủ tục mới ban hành trong lĩnh vực Công nghệ thông tin, điện tử thuộc phạm vi chức năng quản lý nhà nước của Sở Khoa học và Công nghệ",104894,310,10,HA_NAM_NINH,null,null,"https://files.customs.gov.vnhttps://files.customs.gov.vn/CustomsCMS/HA_NAM_NINH/2026/6/26/1920 QD UBND ngay 17062026 cua UBND tinh Hung Yen ve cong bo danh muc thu tuc moi ban hanh trong linh vuc CNTT.pdf,/CustomsCMS/HA_NAM_NINH/2026/6/26/1920 QD UBND ngay 17062026 cua UBND tinh Hung Yen ve cong bo danh muc thu tuc moi ban hanh trong linh vuc CNTT Phu luc.pdf",[],https://www.customs.gov.vn/index.jsp?pageId=3&id=104894&cid=1294,2026,06/2026,2026-10-08T09:59:21Z
483,17473/CHQ-GSQL,15/06/2026,Ban Giám sát quản lý về hải quan,V/v Hướng dẫn thủ tục hải quan (Công ty TNHH Keysight Technologies Việt Nam),104748,310,16,DONG_NAI,null,null,https://files.customs.gov.vn/CustomsCMS/DONG_NAI/2026/6/15/17473_CHQ_GSQL_15_06_2026.pdf,[],https://www.customs.gov.vn/index.jsp?pageId=3&id=104748&cid=1294,2026,06/2026,2026-10-08T09:59:21Z
499,17252/CHQ-GSQL,08/06/2026,Ban Giám sát quản lý về hải quan,V/v Luân chuyển nội bộ hàng hóa của DNCX (Công ty TNHH Canon Việt Nam),104466,310,16,DONG_NAI,null,null,https://files.customs.gov.vn/CustomsCMS/DONG_NAI/2026/6/9/17252_CHQ_GSQL_08_06_2026.pdf,[],https://www.customs.gov.vn/index.jsp?pageId=3&id=104466&cid=1294,2026,06/2026,2026-10-08T09:59:21Z
507,17172/CHQ-GSQL,05/06/2026,Ban Giám sát quản lý về hải quan,V/v Nhập khẩu mặt hàng sữa Meiji (Công ty TNHH thương mại Tân Thiện Minh),104419,310,16,DONG_NAI,null,null,https://files.customs.gov.vn/CustomsCMS/DONG_NAI/2026/6/8/17172_CHQ_GSQL_05_06_2026.pdf,[],https://www.customs.gov.vn/index.jsp?pageId=3&id=104419&cid=1294,2026,06/2026,2026-10-08T09:59:21Z
508,17197/CHQ-GSQL,05/06/2026,Ban Giám sát quản lý về hải quan,V/v Áp dụng thuế suất EVFTA (Chi nhánh công ty TNHH Midas Logistics tại Hà Nội),104421,310,16,DONG_NAI,null,null,https://files.customs.gov.vn/CustomsCMS/DONG_NAI/2026/6/8/17197_CHQ_GSQL_05_06_2026.pdf,[],https://www.customs.gov.vn/index.jsp?pageId=3&id=104421&cid=1294,2026,06/2026,2026-10-08T09:59:21Z
509,17199/CHQ-GSQL,05/06/2026,Ban Giám sát quản lý về hải quan,"V/v Nhập khẩu thức ăn chăn nuôi, thức ăn thủy sản có chứa axit fomic và axit acetic (Công ty TNHH An Tín Việt Nam)",104422,310,16,DONG_NAI,null,null,https://files.customs.gov.vn/CustomsCMS/DONG_NAI/2026/6/8/17199_CHQ_GSQL_05_06_2026.pdf,[],https://www.customs.gov.vn/index.jsp?pageId=3&id=104422&cid=1294,2026,06/2026,2026-10-08T09:59:21Z
522,17105/CHQ-GSQL,03/06/2026,Ban Giám sát quản lý về hải quan,V/v Hướng dẫn thủ tục hải quan (Công ty TNHH Brenntag Việt Nam),104335,310,16,DONG_NAI,null,null,https://files.customs.gov.vn/CustomsCMS/DONG_NAI/2026/6/4/17105_CHQ_GSQL_03_06_2026.pdf,[],https://www.customs.gov.vn/index.jsp?pageId=3&id=104335&cid=1294,2026,06/2026,2026-10-08T09:59:21Z
524,17030/CHQ-GSQL,02/06/2026,Ban Giám sát quản lý về hải quan,"V/v Thủ tục xuất khẩu mặt hàng đá ốp lát, đá mỹ nghệ (Hiệp hội Doanh nghiệp địa chất và khoáng sản Việt Nam; Hiệp hội Doanh nghiệp XNK tỉnh Phú Thọ; Các Chi cục HQ khu vực)",104267,310,16,DONG_NAI,null,null,https://files.customs.gov.vn/CustomsCMS/DONG_NAI/2026/6/3/17030_CHQ_GSQL_02_06_2026.pdf,[],https://www.customs.gov.vn/index.jsp?pageId=3&id=104267&cid=1294,2026,06/2026,2026-10-08T09:59:21Z
530,1347/HQKV10-VP,01/06/2026,HQKV10,V/v công khai thủ tục hành chính (Quyết định số 1292/QĐ-BTC ngày 28/5/2026),104245,310,16,THANH_HOA,null,null,"https://files.customs.gov.vnhttps://files.customs.gov.vn/CustomsCMS/THANH_HOA/2026/6/2/CV 1347 về công khai TTHC.pdf,/CustomsCMS/THANH_HOA/2026/6/2/QĐ 1292.pdf",[],https://www.customs.gov.vn/index.jsp?pageId=3&id=104245&cid=1294,2026,06/2026,2026-10-08T09:59:21Z
534,16911/CHQ-GSQL,29/05/2026,Ban Giám sát quản lý về hải quan,V/v Hướng dẫn thủ tục hải quan (Công ty TNHH Châu Lục),104225,310,16,DONG_NAI,null,null,https://files.customs.gov.vn/CustomsCMS/DONG_NAI/2026/6/1/16911_CHQ_GSQL_29_05_2026.pdf,[],https://www.customs.gov.vn/index.jsp?pageId=3&id=104225&cid=1294,2026,05/2026,2026-10-08T09:59:21Z
535,16912/CHQ-GSQL,29/05/2026,Ban Giám sát quản lý về hải quan,V/v Hướng dẫn thủ tục hải quan (Công ty TNHH INOAC Việt Nam),104227,310,16,DONG_NAI,null,null,https://files.customs.gov.vn/CustomsCMS/DONG_NAI/2026/6/1/16912_CHQ_GSQL_29_05_2026.pdf,[],https://www.customs.gov.vn/index.jsp?pageId=3&id=104227&cid=1294,2026,05/2026,2026-10-08T09:59:21Z
536,2960/TB-HQĐV,29/05/2026,Hải quan cửa khẩu cảng Đình Vũ,Thông báo tìm chủ sở hữu hàng hóa tồn đọng (tháng 5/2026).,104799,310,19,HAI_PHONG,null,null,"https://files.customs.gov.vnhttps://files.customs.gov.vn/CustomsCMS/HAI_PHONG/2026/6/16/Thông báo tìm chủ sở hữu hàng hóa tồn đọng (tháng 5.2026).pdf,/CustomsCMS/HAI_PHONG/2026/6/16/DS kèm TB tìm chủ sở hữu hàng hóa tồn đọng (kỳ tháng 5.2026). hàng Kiện.pdf,/CustomsCMS/HAI_PHONG/2026/6/16/DS kèm TB tìm chủ sở hữu hàng hóa tồn đọng (kỳ tháng 5.2026). hàng Cont.pdf",[],https://www.customs.gov.vn/index.jsp?pageId=3&id=104799&cid=1294,2026,05/2026,2026-10-08T09:59:21Z
551,1292 /QĐ-BTC,28/05/2026,Bộ Tài chính,"về việc công bố thủ tục hành chính được sửa đổi, bổ sung trong lĩnh vực hải quan thuộc phạm vi chức năng quản lý nhà nước của Bộ Tài chính",104198,310,10,HA_NAM_NINH,Nguyễn Đức Chi,28/05/2026,https://files.customs.gov.vnhttps://files.customs.gov.vn/CustomsCMS/HA_NAM_NINH/2026/6/1/1292 QD BTC ngay 28052026.pdf,[],https://www.customs.gov.vn/index.jsp?pageId=3&id=104198&cid=1294,2026,05/2026,2026-10-08T09:59:21Z
552,16873/CHQ-GSQL,28/05/2026,Ban Giám sát quản lý về hải quan,V/v Hướng dẫn thay đổi mục đích sử dụng của hàng hóa nhập khẩu làm nguyên liệu sản xuất sang kinh doanh dịch vụ (Công ty Ô tô Toyota Việt Nam),104082,310,16,DONG_NAI,null,null,https://files.customs.gov.vn/CustomsCMS/DONG_NAI/2026/5/28/16873_CHQ_GSQL_28_05_2026.pdf,[],https://www.customs.gov.vn/index.jsp?pageId=3&id=104082&cid=1294,2026,05/2026,2026-10-08T09:59:21Z
553,16874/CHQ-GSQL,28/05/2026,Ban Giám sát quản lý về hải quan,"V/v Hướng dẫn thủ tục nhập khẩu vỏ bình chữa cháy phục vụ sản xuất, lắp ráp tại Việt Nam (Công ty Cổ phần Tập đoàn Công nghệ cao VNSAFE)",104115,310,16,DONG_NAI,null,null,https://files.customs.gov.vn/CustomsCMS/DONG_NAI/2026/5/29/16874_CHQ_GSQL_28_05_2026.pdf,[],https://www.customs.gov.vn/index.jsp?pageId=3&id=104115&cid=1294,2026,05/2026,2026-10-08T09:59:21Z
554,16908/CHQ-GSQL,28/05/2026,Ban Giám sát quản lý về hải quan,V/v Hướng dẫn khai báo thông tin người gửi hàng trên vận đơn (Công ty TNHH Electrolux Việt Nam),104116,310,16,DONG_NAI,null,null,https://files.customs.gov.vn/CustomsCMS/DONG_NAI/2026/5/29/16908_CHQ_GSQL_29_05_2026.pdf,[],https://www.customs.gov.vn/index.jsp?pageId=3&id=104116&cid=1294,2026,05/2026,2026-10-08T09:59:21Z
558,16806/CHQ-GSQL,27/05/2026,Ban Giám sát quản lý về hải quan,V/v Hướng dẫn thủ tục hải quan đối với hàng hóa cung cấp cho DNCX (Công ty TNHH Samsoo Vina),104069,310,16,DONG_NAI,null,null,https://files.customs.gov.vn/CustomsCMS/DONG_NAI/2026/5/28/16806_CHQ_GSQL_27_05_2026.pdf,[],https://www.customs.gov.vn/index.jsp?pageId=3&id=104069&cid=1294,2026,05/2026,2026-10-08T09:59:21Z
567,1265/HQKV10-NVHQ,26/05/2026,HQKV10,V/v thực hiện Nghị quyết số 66.18/2026/NQ-CP,104045,310,16,THANH_HOA,null,null,https://files.customs.gov.vn/CustomsCMS/THANH_HOA/2026/5/27/66_.18_2026_NQ-CP_18052026_1-signed.pdf,"[""https://files.customs.gov.vn/CustomsCMS/THANH_HOA/2026/5/27/66_.18_2026_NQ-CP_18052026_4-signed.pdf"", ""https://files.customs.gov.vn/CustomsCMS/THANH_HOA/2026/5/27/66_.18_2026_NQ-CP_18052026-signed.pdf""]",https://www.customs.gov.vn/index.jsp?pageId=3&id=104045&cid=1294,2026,05/2026,2026-10-08T09:59:21Z
568,Công văn số 1265/HQKV10-NVHQ,26/05/2026,HQKV10,V/v thực hiện Nghị quyết số 66.18/2026/NQ-CP (Phần 2),104047,310,16,THANH_HOA,null,null,,[],https://www.customs.gov.vn/index.jsp?pageId=3&id=104047&cid=1294,2026,05/2026,2026-10-08T09:59:21Z
572,1231/TB-KCX&KCN,25/05/2026,Hải quan khu chế xuất & khu công nghiệp Hải Phòng,Thông báo thực hiện khai báo hải quan theo mã thống nhất,104019,310,19,HAI_PHONG,null,null,https://files.customs.gov.vn/CustomsCMS/HAI_PHONG/2026/5/26/1231.pdf,[],https://www.customs.gov.vn/index.jsp?pageId=3&id=104019&cid=1294,2026,05/2026,2026-10-08T09:59:21Z
581,16535/CHQ-GSQL,21/05/2026,Ban Giám sát quản lý về hải quan,"V/v Thủ tục hải quan đối với hàng hóa xuất khẩu chuyển cửa khẩu, quá cảnh thay đổi (Công ty TNHH Vận tải Container Hải An)",103965,310,16,DONG_NAI,null,null,https://files.customs.gov.vn/CustomsCMS/DONG_NAI/2026/5/22/16535_CHQ_GSQL_21_05_2026.pdf,[],https://www.customs.gov.vn/index.jsp?pageId=3&id=103965&cid=1294,2026,05/2026,2026-10-08T09:59:21Z
582,3337/TB-CKKV3,21/05/2026,Hải quan cửa khẩu cảng Hải Phòng khu vực 3,Thông báo tìm chủ sở hữu hàng hóa lưu giữ quá 90 ngày không có người đến nhận,103988,310,19,HAI_PHONG,null,null,"https://files.customs.gov.vnhttps://files.customs.gov.vn/CustomsCMS/HAI_PHONG/2026/5/25/DANH SÁCH CONT VÀ VẬN ĐƠN ĐĂNG BÁO T05.2026.xlsx,/CustomsCMS/HAI_PHONG/2026/5/25/TB tìm chủ sở hữu (2).pdf",[],https://www.customs.gov.vn/index.jsp?pageId=3&id=103988&cid=1294,2026,05/2026,2026-10-08T09:59:21Z
588,16413/CHQ-GSQL,19/05/2026,Ban Giám sát quản lý về hải quan,"V/v Thủ tục khai sửa đổi, bổ sung hồ sơ hải quan đối với nguyên liệu thủy sản khai thác nhập khẩu (Hiệp hội chế biến và xuất khẩu thủy sản Việt Nam VASEP)",103864,310,16,DONG_NAI,null,null,https://files.customs.gov.vn/CustomsCMS/DONG_NAI/2026/5/19/16413_CHQ_GSQL_19_05_2026.pdf,[],https://www.customs.gov.vn/index.jsp?pageId=3&id=103864&cid=1294,2026,05/2026,2026-10-08T09:59:21Z
589,2781/TB-HQĐV,19/05/2026,Hải quan cửa khẩu cảng Đình Vũ,Thông báo tìm chủ sở hữu hàng hóa tồn đọng (Kỳ tháng 5/2026).,103954,310,19,HAI_PHONG,null,null,"https://files.customs.gov.vnhttps://files.customs.gov.vn/CustomsCMS/HAI_PHONG/2026/5/21/3.2- DS kèm TB tìm chủ sở hữu hàng hóa tồn đọng (kỳ tháng 5.2026). hàng Kiện.pdf,/CustomsCMS/HAI_PHONG/2026/5/21/3.2- DS kèm TB tìm chủ sở hữu hàng hóa tồn đọng (kỳ tháng 5.2026). hàng Cont.pdf,/CustomsCMS/HAI_PHONG/2026/5/21/3.1- Thông báo tìm chủ sở hữu hàng hóa tồn đọng (kỳ tháng 5.2026).pdf",[],https://www.customs.gov.vn/index.jsp?pageId=3&id=103954&cid=1294,2026,05/2026,2026-10-08T09:59:21Z
594,16351/CHQ-GSQL,18/05/2026,Ban Giám sát quản lý về hải quan,V/v Từ chối nhận hàng (Công ty TNHH Vi An Foods),103860,310,16,DONG_NAI,null,null,https://files.customs.gov.vn/CustomsCMS/DONG_NAI/2026/5/19/16351_CHQ_GSQL_18_05_2026.pdf,[],https://www.customs.gov.vn/index.jsp?pageId=3&id=103860&cid=1294,2026,05/2026,2026-10-08T09:59:21Z
595,16357/CHQ-GSQL,18/05/2026,Ban Giám sát quản lý về hải quan,V/v Thực hiện Hiệp định VIFTA (Công ty TNHH Đầu tư và Phát triển Công nghệ NNT Việt Nam),103861,310,16,DONG_NAI,null,null,https://files.customs.gov.vn/CustomsCMS/DONG_NAI/2026/5/19/16357_CHQ_GSQL_18_05_2026.pdf,[],https://www.customs.gov.vn/index.jsp?pageId=3&id=103861&cid=1294,2026,05/2026,2026-10-08T09:59:21Z
608,Nghị quyết số 66.17/2026/NQ-CP,15/05/2026,Chính phủ,"Nghị quyết số 66.17/2026/NQ-CP của Chính phủ: Cắt giảm, sửa đổi ngành, nghề đầu tư kinh doanh có điều kiện",104405,310,7,THANH_HOA,null,null,https://files.customs.gov.vnhttps://files.customs.gov.vn/CustomsCMS/THANH_HOA/2026/6/8/NQ 66.17nqcp.signed.pdf,[],https://www.customs.gov.vn/index.jsp?pageId=3&id=104405&cid=1294,2026,05/2026,2026-10-08T09:59:21Z
617,1161 /QĐ-BTC,14/05/2026,Bộ Tài chính,"Về việc công bố thủ tục hành chính được sửa đổi, bổ sung trong lĩnh vực hải quan thuộc phạm vi chức năng quản lý nhà nước của Bộ Tài chính",103866,310,10,HA_NAM_NINH,Nguyễn Đức Chi,14/05/2026,https://files.customs.gov.vnhttps://files.customs.gov.vn/CustomsCMS/HA_NAM_NINH/2026/5/19/1161 QD BTC ngay 14052026.pdf,[],https://www.customs.gov.vn/index.jsp?pageId=3&id=103866&cid=1294,2026,05/2026,2026-10-08T09:59:21Z
618,QUYẾT ĐỊNH 1161/QĐ-BTC ngày 14/5/2026,14/05/2026,Bộ Tài chính,"QUYẾT ĐỊNH 1161/QĐ-BTC ngày 14/5/2026 Về việc công bố thủ tục hành chính được sửa đổi, bổ sung trong lĩnh vực hải
quan thuộc phạm vi chức năng quản lý nhà nước của Bộ Tài chính",103865,310,10,THANH_HOA,null,null,https://files.customs.gov.vnhttps://files.customs.gov.vn/CustomsCMS/THANH_HOA/2026/5/19/QĐ 1161 ngày 14.5.2026.pdf,[],https://www.customs.gov.vn/index.jsp?pageId=3&id=103865&cid=1294,2026,05/2026,2026-10-08T09:59:21Z
621,16160/CHQ-GSQL,13/05/2026,Ban Giám sát quản lý về hải quan,V/v Áp dụng biện pháp quản lý ngoại thương đối với hàng hóa DNCX mua từ nội địa (Công ty TNHH Compas II),103657,310,16,DONG_NAI,null,null,https://files.customs.gov.vn/CustomsCMS/DONG_NAI/2026/5/14/16160_CHQ_GSQL_13_05_2026.pdf,[],https://www.customs.gov.vn/index.jsp?pageId=3&id=103657&cid=1294,2026,05/2026,2026-10-08T09:59:21Z
622,16223/CHQ-GSQL,13/05/2026,Ban Giám sát quản lý về hải quan,V/v Hướng dẫn thủ tục hải quan (Công ty TNHH Năng lượng & Linh kiện EV Foxconn Việt Nam),103658,310,16,DONG_NAI,null,null,https://files.customs.gov.vn/CustomsCMS/DONG_NAI/2026/5/14/16223_CHQ_GSQL_13_05_2026.pdf,[],https://www.customs.gov.vn/index.jsp?pageId=3&id=103658&cid=1294,2026,05/2026,2026-10-08T09:59:21Z
634,16123/CHQ-GSQL,12/05/2026,Ban Giám sát quản lý về hải quan,V/v DNCX thuê doanh nghiệp nội địa gia công lại (Công ty TNHH Nihon Plast Việt Nam),103642,310,16,DONG_NAI,null,null,https://files.customs.gov.vn/CustomsCMS/DONG_NAI/2026/5/13/16123_CHQ_GSQL_12_05_2026.pdf,[],https://www.customs.gov.vn/index.jsp?pageId=3&id=103642&cid=1294,2026,05/2026,2026-10-08T09:59:21Z
635,16138/CHQ-GSQL,12/05/2026,Ban Giám sát quản lý về hải quan,V/v Hướng dẫn thủ tục hải quan (Công ty TNHH INOAC Việt Nam),103643,310,16,DONG_NAI,null,null,https://files.customs.gov.vn/CustomsCMS/DONG_NAI/2026/5/13/16138_CHQ_GSQL_12_05_2026.pdf,[],https://www.customs.gov.vn/index.jsp?pageId=3&id=103643&cid=1294,2026,05/2026,2026-10-08T09:59:21Z
645,16010/CHQ-GSQL,08/05/2026,Ban Giám sát quản lý về hải quan,V/v Doanh nghiệp nội địa gia công cho DNCX (Công ty TNHH Kawasaki Heat Metal Việt Nam),103605,310,16,DONG_NAI,null,null,https://files.customs.gov.vn/CustomsCMS/DONG_NAI/2026/5/11/16010_CHQ_GSQL_08_05_2026.pdf,[],https://www.customs.gov.vn/index.jsp?pageId=3&id=103605&cid=1294,2026,05/2026,2026-10-08T09:59:21Z
646,4650/TB-HQKV3,08/05/2026,Chi cục Hải quan khu vực III,Thông báo về việc đăng ký tham dự Hội nghị phổ biến Quy trình Thông quan tập trung,103584,310,19,HAI_PHONG,null,null,https://files.customs.gov.vn/CustomsCMS/HAI_PHONG/2026/5/8/4650_TB.pdf,[],https://www.customs.gov.vn/index.jsp?pageId=3&id=103584&cid=1294,2026,05/2026,2026-10-08T09:59:21Z
650,15958/CHQ-GSQL,07/05/2026,Ban Giám sát quản lý về hải quan,V/v Hướng dẫn thủ tục hải quan (Công ty Cổ phần Công nghệ ESA Việt Nam),103559,310,16,DONG_NAI,null,null,https://files.customs.gov.vn/CustomsCMS/DONG_NAI/2026/5/7/15958_CHQ_GSQL_07_05_2026.pdf,[],https://www.customs.gov.vn/index.jsp?pageId=3&id=103559&cid=1294,2026,05/2026,2026-10-08T09:59:21Z
658,15937/CHQ-GSQL,06/05/2026,Ban Giám sát quản lý về hải quan,V/v Hàng hóa nhập khẩu từ EU (Công ty TNHH DKSH Pharma Việt Nam),103545,310,16,DONG_NAI,null,null,https://files.customs.gov.vn/CustomsCMS/DONG_NAI/2026/5/7/15937_CHQ_GSQL_06_05_2026.pdf,[],https://www.customs.gov.vn/index.jsp?pageId=3&id=103545&cid=1294,2026,05/2026,2026-10-08T09:59:21Z
663,15887/CHQ-GSQL,05/05/2026,Ban Giám sát quản lý về hải quan,V/v Hướng dẫn thủ tục hải quan (Công ty TNHH Keyence Việt Nam),103520,310,16,DONG_NAI,null,null,https://files.customs.gov.vn/CustomsCMS/DONG_NAI/2026/5/6/15887_CHQ_GSQL_05_05_2026.pdf,[],https://www.customs.gov.vn/index.jsp?pageId=3&id=103520&cid=1294,2026,05/2026,2026-10-08T09:59:21Z
681,1040 /QĐ-BTC,29/04/2026,Bộ Tài chính,"về việc công bố thủ tục hành chính được sa đổi, bổ sung và bị bãi bỏ trong lĩnh vực hải quan thuộc phạm vi chức năng quản lý nhà nước của Bộ Tài chính.",103638,310,10,HA_NAM_NINH,Nguyễn Đức Chi,29/04/2026,https://files.customs.gov.vnhttps://files.customs.gov.vn/CustomsCMS/HA_NAM_NINH/2026/5/12/1040 QD BTC ngay 29042026.pdf,[],https://www.customs.gov.vn/index.jsp?pageId=3&id=103638&cid=1294,2026,04/2026,2026-10-08T09:59:21Z
682,Quyết định số 1040/QĐ-BTC,29/04/2026,Bộ Tài chính,"QUYẾT ĐỊNH 1040/QĐ-BTC ngày 29/4/2026  Về việc công bố thủ tục hành chính được sửa đổi, bổ sung, bị bãi bỏ trong lĩnh vực hải quan thuộc phạm vi chức năng quản lý nhà nước của Bộ Tài chính",103506,310,10,THANH_HOA,null,null,https://files.customs.gov.vnhttps://files.customs.gov.vn/CustomsCMS/THANH_HOA/2026/5/5/QĐ 1040.pdf,[],https://www.customs.gov.vn/index.jsp?pageId=3&id=103506&cid=1294,2026,04/2026,2026-10-08T09:59:21Z
695,15662/CHQ-GSQL,24/04/2026,Ban Giám sát quản lý về hải quan,V/v Vướng mắc về SHTT và ghi nhãn (Công ty TNHH Việt Nam Supply Solutions & Trading),103365,310,16,DONG_NAI,null,null,https://files.customs.gov.vn/CustomsCMS/DONG_NAI/2026/4/24/15662_CHQ_GSQL_24_04_2026.pdf,[],https://www.customs.gov.vn/index.jsp?pageId=3&id=103365&cid=1294,2026,04/2026,2026-10-08T09:59:21Z
696,15726/CHQ-GSQL,24/04/2026,Ban Giám sát quản lý về hải quan,V/v Hợp đồng ủy thác xuất nhập khẩu (Công ty Cổ phần xuất nhâp khẩu Y tế Việt Nam),103395,310,16,DONG_NAI,null,null,https://files.customs.gov.vn/CustomsCMS/DONG_NAI/2026/4/28/15726_CHQ_GSQL_24_04_2026.pdf,[],https://www.customs.gov.vn/index.jsp?pageId=3&id=103395&cid=1294,2026,04/2026,2026-10-08T09:59:21Z
697,15727/CHQ-GSQL,24/04/2026,Ban Giám sát quản lý về hải quan,V/v Thủ tục hải quan của DNCX (Công ty TNHH D.I),103392,310,16,DONG_NAI,null,null,https://files.customs.gov.vn/CustomsCMS/DONG_NAI/2026/4/28/15727_CHQ_GSQL_24_04_2026.pdf,[],https://www.customs.gov.vn/index.jsp?pageId=3&id=103392&cid=1294,2026,04/2026,2026-10-08T09:59:21Z
698,883/HQKV18-NV,24/04/2026,Chi cục Hải quan khu vực XVIII,V/v Thực hiện Nghị quyết số 66.16/2026/NQ-CP (Các doanh nghiêp làm thủ tục hải quan tại Chi cục Hải quan khu vực XVIII),103377,310,16,DONG_NAI,null,null,https://files.customs.gov.vn/CustomsCMS/DONG_NAI/2026/4/24/883_HQKV18_NV_24_04_2026.pdf,[],https://www.customs.gov.vn/index.jsp?pageId=3&id=103377&cid=1294,2026,04/2026,2026-10-08T09:59:21Z
707,15527/CHQ-GSQL,21/04/2026,Ban Giám sát quản lý về hải quan,V/v Thủ tục tái nhập hàng đã xuất khẩu và tái xuất hàng hóa (Công ty TNHH Chè Hoàng Anh),103321,310,16,DONG_NAI,null,null,https://files.customs.gov.vn/CustomsCMS/DONG_NAI/2026/4/22/15527_CHQ_GSQL_21_04_2026.pdf,[],https://www.customs.gov.vn/index.jsp?pageId=3&id=103321&cid=1294,2026,04/2026,2026-10-08T09:59:21Z
708,CV 896/HQKV10-VP,21/04/2026,HQKV10,V/v công khai thủ tục hành chính (QĐ 964/QĐ-BTC),103316,310,16,THANH_HOA,null,null,"https://files.customs.gov.vnhttps://files.customs.gov.vn/CustomsCMS/THANH_HOA/2026/4/21/CV 896 triển khai QĐ 964.pdf,/CustomsCMS/THANH_HOA/2026/4/21/QĐ 964 ngày 17.4.26.pdf",[],https://www.customs.gov.vn/index.jsp?pageId=3&id=103316&cid=1294,2026,04/2026,2026-10-08T09:59:21Z
709,15461/CHQ-GSQL,20/04/2026,Ban Giám sát quản lý về hải quan,V/v Thủ tục hải quan (Công ty TNHH Thương mại điện tử Hà Phương),103301,310,16,DONG_NAI,null,null,https://files.customs.gov.vn/CustomsCMS/DONG_NAI/2026/4/20/15461_CHQ_GSQL_20_04_2026.pdf,[],https://www.customs.gov.vn/index.jsp?pageId=3&id=103301&cid=1294,2026,04/2026,2026-10-08T09:59:21Z
710,15467/CHQ-GSQL,20/04/2026,Ban Giám sát quản lý về hải quan,V/v Hướng dẫn thủ tục hải quan (Công ty TNHH Thành Công Plywood),103302,310,16,DONG_NAI,null,null,https://files.customs.gov.vn/CustomsCMS/DONG_NAI/2026/4/20/15467_CHQ_GSQL_20_04_2026.pdf,[],https://www.customs.gov.vn/index.jsp?pageId=3&id=103302&cid=1294,2026,04/2026,2026-10-08T09:59:21Z
711,883/HQKV10-VP,20/04/2026,HQKV10,V/v công khai thủ tục hành chính (QĐ 912/QĐ-BTC),103293,310,16,THANH_HOA,null,null,https://files.customs.gov.vnhttps://files.customs.gov.vn/CustomsCMS/THANH_HOA/2026/4/20/cv 883 triển khai 912.pdf,[],https://www.customs.gov.vn/index.jsp?pageId=3&id=103293&cid=1294,2026,04/2026,2026-10-08T09:59:21Z
717,15388/CHQ-GSQL,17/04/2026,Ban Giám sát quản lý về hải quan,V/v Luân chuyển và thanh lý hàng hóa của DNCX (Công ty TNHH Canon Việt Nam),103273,310,16,DONG_NAI,null,null,https://files.customs.gov.vn/CustomsCMS/DONG_NAI/2026/4/20/15388_CHQ_GSQL_17_04_2026.pdf,[],https://www.customs.gov.vn/index.jsp?pageId=3&id=103273&cid=1294,2026,04/2026,2026-10-08T09:59:21Z
718,15402/CHQ-GSQL,17/04/2026,Ban Giám sát quản lý về hải quan,V/v Nhập khẩu ủy thác cho thương nhân nước ngoài không có pháp nhân hoặc hiện diện tại Việt Nam (Công ty cổ phần Phạm Gia Việt Nam),103274,310,16,DONG_NAI,null,null,https://files.customs.gov.vn/CustomsCMS/DONG_NAI/2026/4/20/15402_CHQ_GSQL_17_04_2026.pdf,[],https://www.customs.gov.vn/index.jsp?pageId=3&id=103274&cid=1294,2026,04/2026,2026-10-08T09:59:21Z
719,15430/CHQ-GSQL,17/04/2026,Cục hải quan,Thủ tục hải quan trong trường hợp bảo trì Hệ thống VNACCS/ VCIS tại Trung tâm dữ liệu Hải quan,103379,310,19,LANG_SON,Nguyễn Bắc Hải,null,https://files.customs.gov.vnhttps://files.customs.gov.vn/CustomsCMS/LANG_SON/2026/4/24/CV hướng dẫn triển khai Ecus6.pdf,[],https://www.customs.gov.vn/index.jsp?pageId=3&id=103379&cid=1294,2026,04/2026,2026-10-08T09:59:21Z
720,964 /QĐ-BTC,17/04/2026,Bộ Tài chính,"Về việc công bố thủ tục hành chính được sa đổi, bổ sung và bị bãi bỏ trong lĩnh vực hải quan thuộc phạm vi chức năng quản lý nhà nước của Bộ Tài chính",103323,310,10,HA_NAM_NINH,Cao Anh Tuấn,17/04/2026,https://files.customs.gov.vnhttps://files.customs.gov.vn/CustomsCMS/HA_NAM_NINH/2026/4/22/964 QD BTC ngay 17042026.pdf,[],https://www.customs.gov.vn/index.jsp?pageId=3&id=103323&cid=1294,2026,04/2026,2026-10-08T09:59:21Z
730,15345/CHQ-NVTHQ,16/04/2026,Ban Nghiệp vụ Thuế hải quan,V/v Phân loại hàng hóa (Công ty TNHH Ericsson Việt Nam),103255,310,16,DONG_NAI,null,null,https://files.customs.gov.vn/CustomsCMS/DONG_NAI/2026/4/17/15345_CHQ_NVTHQ_16_04_2026.pdf,[],https://www.customs.gov.vn/index.jsp?pageId=3&id=103255&cid=1294,2026,04/2026,2026-10-08T09:59:21Z
731,15354/CHQ-GSQL,16/04/2026,Ban Giám sát quản lý về hải quan,V/v Vướng mắc ghi nhãn hàng hóa nhập khẩu (Công ty TNHH Quốc tế Unilever Việt Nam),103241,310,16,DONG_NAI,null,null,https://files.customs.gov.vn/CustomsCMS/DONG_NAI/2026/4/16/15354_CHQ_GSQL_16_04_2026.pdf,[],https://www.customs.gov.vn/index.jsp?pageId=3&id=103241&cid=1294,2026,04/2026,2026-10-08T09:59:21Z
738,15225/CHQ-GSQL,14/04/2026,Ban Giám sát quản lý về hải quan,V/v Hàng hóa của DNCX (Công ty TNHH Smallpin Logistics Việt Nam),103185,310,16,DONG_NAI,null,null,https://files.customs.gov.vn/CustomsCMS/DONG_NAI/2026/4/15/15225_CHQ_GSQL_14_04_2026.pdf,[],https://www.customs.gov.vn/index.jsp?pageId=3&id=103185&cid=1294,2026,04/2026,2026-10-08T09:59:21Z
739,15248/CHQ-GSQL,14/04/2026,Ban Giám sát quản lý về hải quan,V/v Thủ tục hải quan của DNCX (Công ty TNHH Giày Apache Việt Nam),103186,310,16,DONG_NAI,null,null,https://files.customs.gov.vn/CustomsCMS/DONG_NAI/2026/4/15/15248_CHQ_GSQL_14_04_2026.pdf,[],https://www.customs.gov.vn/index.jsp?pageId=3&id=103186&cid=1294,2026,04/2026,2026-10-08T09:59:21Z
740,15267/CHQ-GSQL,14/04/2026,Ban Giám sát quản lý về hải quan,V/v Nhập khẩu thực phẩm (Công ty TNHH thương mại RUITUO),103187,310,16,DONG_NAI,null,null,https://files.customs.gov.vn/CustomsCMS/DONG_NAI/2026/4/15/15267_CHQ_GSQL_14_04_2026.pdf,[],https://www.customs.gov.vn/index.jsp?pageId=3&id=103187&cid=1294,2026,04/2026,2026-10-08T09:59:21Z
741,Quyết định số 912/QĐ-BTC,14/04/2026,Bộ Tài chính,"Quyết định số 912/QĐ-BTC về việc công bố thủ tục hành chính được sửa đổi, bổ sung trong lĩnh vực hải quan thuộc phạm vi chức năng quản lý nhà nước của Bộ Tài chính",103260,310,10,THANH_HOA,null,null,https://files.customs.gov.vnhttps://files.customs.gov.vn/CustomsCMS/THANH_HOA/2026/4/17/QĐ 912.pdf,[],https://www.customs.gov.vn/index.jsp?pageId=3&id=103260&cid=1294,2026,04/2026,2026-10-08T09:59:21Z
742,15131/CHQ-GSQL,13/04/2026,Ban Giám sát quản lý về hải quan,V/v Nhập khẩu hàng đã qua sử dụng làm nguyên liệu SXXK (Hiệp hội Da Giầy Túi Xách Việt Nam),103166,310,16,DONG_NAI,null,null,https://files.customs.gov.vn/CustomsCMS/DONG_NAI/2026/4/14/15131_CHQ_GSQL_13_04_2026.pdf,[],https://www.customs.gov.vn/index.jsp?pageId=3&id=103166&cid=1294,2026,04/2026,2026-10-08T09:59:21Z
743,"342, 346?CNTT-QLVH",13/04/2026,Ban CNTT và TKHQ,Thông báo bảo trì hệ thống VNACCS/VCIS tại Trung tâm dữ liệu Hải quan,103378,310,19,LANG_SON,Nguyễn Minh Tuấn,null,"https://files.customs.gov.vnhttps://files.customs.gov.vn/CustomsCMS/LANG_SON/2026/4/24/26CV gui cac CCHQ KV_Bao Tri.pdf,/CustomsCMS/LANG_SON/2026/4/24/290CV gui cac CCHQ KV_Bao Tri._Lan2_v3.pdf",[],https://www.customs.gov.vn/index.jsp?pageId=3&id=103378&cid=1294,2026,04/2026,2026-10-08T09:59:21Z
757,15027/CHQ-CNTT,09/04/2026,Ban Công nghệ thông tin và thống kê HQ,V/v Đề nghị xác nhận doanh nghiệp chưa phát sinh hoạt động XNK (Công ty Cổ phần xuất nhập khẩu và vận tải biển Hoàng Long),103108,310,16,DONG_NAI,null,null,https://files.customs.gov.vn/CustomsCMS/DONG_NAI/2026/4/9/15027_CHQ_CNTT_09_04_2026.pdf,[],https://www.customs.gov.vn/index.jsp?pageId=3&id=103108&cid=1294,2026,04/2026,2026-10-08T09:59:21Z
758,15029//CHQ-GSQL,09/04/2026,Cục Hải quan,Về thực hiện thủ tục hải quan đối với người nhập cảnh mang theo vàng trang sức,103114,310,19,TONG_CUC,Nguyễn Bắc Hải,null,https://files.customs.gov.vnhttps://files.customs.gov.vn/CustomsCMS/TONG_CUC/2026/4/10/CV gửi vv thủ tục hải quan đối với người nhập cảnh mang theo vàng trang sức.pdf,[],https://www.customs.gov.vn/index.jsp?pageId=3&id=103114&cid=1294,2026,04/2026,2026-10-08T09:59:21Z
773,66.16 /2026/NQ-CP,07/04/2026,Chính phủ,"Cắt giảm, đơn giản hóa thủ tục hành chính, quy định liên quan đến hoạt động sản xuất, kinh doanh",103237,310,7,HA_NAM_NINH,Hồ Quốc Dũng,15/04/2026,https://files.customs.gov.vn/CustomsCMS/HA_NAM_NINH/2026/4/16/66.16-nqcp.signed.pdf,[],https://www.customs.gov.vn/index.jsp?pageId=3&id=103237&cid=1294,2026,04/2026,2026-10-08T09:59:21Z
794,14808/CHQ-GSQL,03/04/2026,Ban Giám sát quản lý về hải quan,V/v Hướng dẫn thủ tục hải quan (Công ty TNHH Thương mại dịch vụ AVATA),102982,310,16,DONG_NAI,null,null,https://files.customs.gov.vn/CustomsCMS/DONG_NAI/2026/4/3/14808_CHQ_GSQL_03_04_2026.pdf,[],https://www.customs.gov.vn/index.jsp?pageId=3&id=102982&cid=1294,2026,04/2026,2026-10-08T09:59:21Z
795,14828/CHQ-GSQL,03/04/2026,Ban Giám sát quản lý về hải quan,V/v Hướng dẫn thủ tục hải quan (Công ty TNHH BHFLEX VINA),102987,310,16,DONG_NAI,null,null,https://files.customs.gov.vn/CustomsCMS/DONG_NAI/2026/4/3/14828_CHQ_GSQL_03_04_2026.pdf,[],https://www.customs.gov.vn/index.jsp?pageId=3&id=102987&cid=1294,2026,04/2026,2026-10-08T09:59:21Z
796,14844/CHQ-GSQL,03/04/2026,Ban Giám sát quản lý về hải quan,V/v Hướng dẫn thủ tục hải quan (Công ty TNHH Schenker Việt Nam),103032,310,16,DONG_NAI,null,null,https://files.customs.gov.vn/CustomsCMS/DONG_NAI/2026/4/6/14844_CHQ_GSQL_03_04_2026.pdf,[],https://www.customs.gov.vn/index.jsp?pageId=3&id=103032&cid=1294,2026,04/2026,2026-10-08T09:59:21Z
797,14845/CHQ-GSQL,03/04/2026,Ban Giám sát quản lý về hải quan,V/v Thủ tục tạm nhập khẩu hàng hóa từ kho ngoại quan (Công ty TNHH Dynamic Test Solutions Việt Nam),103033,310,16,DONG_NAI,null,null,https://files.customs.gov.vn/CustomsCMS/DONG_NAI/2026/4/6/14845_CHQ_GSQL_03_04_2026.pdf,[],https://www.customs.gov.vn/index.jsp?pageId=3&id=103033&cid=1294,2026,04/2026,2026-10-08T09:59:21Z
804,14755/CHQ-GSQL,02/04/2026,Ban Giám sát quản lý về hải quan,V/v Hướng dẫn thủ tục hải quan (Công ty TNHH Sản phẩm Thể thao Giải trí Bestway Việt Nam),102980,310,16,DONG_NAI,null,null,https://files.customs.gov.vn/CustomsCMS/DONG_NAI/2026/4/2/14755_CHQ_GSQL_02_04_2026.pdf,[],https://www.customs.gov.vn/index.jsp?pageId=3&id=102980&cid=1294,2026,04/2026,2026-10-08T09:59:21Z
812,14727/CHQ-NVTHQ,01/04/2026,Ban Nghiệp vụ Thuế hải quan,V/v Phân loại hàng hóa (Công ty TNHH AstraZeneca Việt Nam),102979,310,16,DONG_NAI,null,null,https://files.customs.gov.vn/CustomsCMS/DONG_NAI/2026/4/2/14727_CHQ_NVTHQ_01_04_2026.pdf,[],https://www.customs.gov.vn/index.jsp?pageId=3&id=102979&cid=1294,2026,04/2026,2026-10-08T09:59:21Z
813,14729/CHQ-GSQL,01/04/2026,Ban Giám sát quản lý về hải quan,V/v Tạm nhập - tái xuất PTVT tham gia giao thông tại Việt Nam (Công ty TNHH Giao nhận vận tải và thương mại quốc tế TNT),102969,310,16,DONG_NAI,null,null,https://files.customs.gov.vn/CustomsCMS/DONG_NAI/2026/4/1/14729_CHQ_GSQL_01_04_2026.pdf,[],https://www.customs.gov.vn/index.jsp?pageId=3&id=102969&cid=1294,2026,04/2026,2026-10-08T09:59:21Z
814,619/HQKV18-NV,01/04/2026,Chi cục Hải quan khu vực XVIII,V/v TTHQ chuyển nhượng dự án có tài sản cố định đã NK miễn thuế (Công ty TNHH HS Hyosung Việt Nam),102968,310,16,DONG_NAI,null,null,https://files.customs.gov.vn/CustomsCMS/DONG_NAI/2026/4/1/619_HQKV18_NV_01_04_2026.pdf,[],https://www.customs.gov.vn/index.jsp?pageId=3&id=102968&cid=1294,2026,04/2026,2026-10-08T09:59:21Z
821,QĐ 711/2026/QĐ-BTC,31/03/2026,Bộ Tài chính,"Quyết định số 711/QĐ-BTC ngày 31/2/2026 về việc công bố thủ tục hành chính được sửa đổi, bổ sung trong lĩnh vực hải quan thuộc phạm vi chức năng quản lý nhà nước của Bộ Tài chính",102983,310,10,THANH_HOA,null,null,https://files.customs.gov.vnhttps://files.customs.gov.vn/CustomsCMS/THANH_HOA/2026/4/3/QĐ 711 ngày 31.3.2026.pdf,[],https://www.customs.gov.vn/index.jsp?pageId=3&id=102983&cid=1294,2026,03/2026,2026-10-08T09:59:21Z
824,14526/CHQ-GSQL,30/03/2026,Ban Giám sát quản lý về hải quan,V/v Thông báo CSSX doanh nghiệp gia công cho DNCX (Công ty TNHH TCL TECH),102954,310,16,DONG_NAI,null,null,https://files.customs.gov.vn/CustomsCMS/DONG_NAI/2026/3/31/14526_CHQ_GSQL_30_03_2026.pdf,[],https://www.customs.gov.vn/index.jsp?pageId=3&id=102954&cid=1294,2026,03/2026,2026-10-08T09:59:21Z
830,14381/CHQ-GSQL,25/03/2026,Ban Giám sát quản lý về hải quan,V/v Nhập khẩu nguyên liệu SX thực phầm (Công ty Cổ phần Việt Mông Cổ),102913,310,16,DONG_NAI,null,null,https://files.customs.gov.vn/CustomsCMS/DONG_NAI/2026/3/25/14381_CHQ_GSQL_25_03_2026.pdf,[],https://www.customs.gov.vn/index.jsp?pageId=3&id=102913&cid=1294,2026,03/2026,2026-10-08T09:59:21Z
831,14395/CHQ-GSQL,25/03/2026,Ban Giám sát quản lý về hải quan,V/v Hướng dẫn thủ tục hải quan (Công ty TNHH Poongsan Việt Nam),102915,310,16,DONG_NAI,null,null,https://files.customs.gov.vn/CustomsCMS/DONG_NAI/2026/3/25/14395_CHQ_GSQL_25_03_2026.pdf,[],https://www.customs.gov.vn/index.jsp?pageId=3&id=102915&cid=1294,2026,03/2026,2026-10-08T09:59:21Z
832,25/2026/TT-BTC,25/03/2026,Bộ Tài chính,"Thông tư số 25/2026/TT-BTC sửa đổi, bổ sung một số điều của Thông tư số 12/2015/TT-BTC ngày 30 tháng 01 năm 2015 quy định chi tiết thủ tục cấp Chứng chỉ nghiệp vụ khai hải quan; cấp và thu hồi mã số nhân viên đại lý làm thủ tục hải quan; trình tự, thủ tục công nhận và hoạt động đại lý làm thủ tục hải quan đã được sửa đổi, bổ sung bởi Thông tư số 22/2019/TT-BTC ngày 16 tháng 4 năm 2019 và Thông tư số 79/2022/TT-BTC ngày 30 tháng 12 năm 2022 của Bộ trưởng Bộ Tài chính.",103109,310,19,TONG_CUC,Nguyễn Đức Chi,null,https://files.customs.gov.vnhttps://files.customs.gov.vn/CustomsCMS/TONG_CUC/2026/4/9/Thong tu 25_2026_TT_BTC.pdf,[],https://www.customs.gov.vn/index.jsp?pageId=3&id=103109&cid=1294,2026,03/2026,2026-10-08T09:59:21Z
837,14354/CHQ-GSQL,24/03/2026,Ban Giám sát quản lý về hải quan,V/v Địa điểm đăng ký tờ khai (Công ty TNHH Đức Minh Đồng Nai),102900,310,16,DONG_NAI,null,null,https://files.customs.gov.vn/CustomsCMS/DONG_NAI/2026/3/24/14354_CHQ_GSQL_24_03_2026.pdf,[],https://www.customs.gov.vn/index.jsp?pageId=3&id=102900&cid=1294,2026,03/2026,2026-10-08T09:59:21Z
838,14361/CHQ-NVTHQ,24/03/2026,Ban Nghiệp vụ Thuế hải quan,V/v Hướng dẫn phân loại mã HS đối với mặt hàng ốc gầu tài (Công ty TNHH Matador Việt Nam),102911,310,16,DONG_NAI,null,null,https://files.customs.gov.vn/CustomsCMS/DONG_NAI/2026/3/25/14361_CHQ_NVTHQ_24_03_2026.pdf,[],https://www.customs.gov.vn/index.jsp?pageId=3&id=102911&cid=1294,2026,03/2026,2026-10-08T09:59:21Z
839,1624//HQKV2-NVHQ,24/03/2026,Chi cục Hải quan khu vực II,Cập nhật thông tin phát hành biên lai của Công ty TNHH Thương mại và Dịch vụ Song Bình.,102966,310,19,TONG_CUC,Nguyễn Thanh Bình,null,https://files.customs.gov.vnhttps://files.customs.gov.vn/CustomsCMS/TONG_CUC/2026/4/1/Thông báo phát hành biên lai tự in (Công ty TNHH TMDV Song Bình).pdf,[],https://www.customs.gov.vn/index.jsp?pageId=3&id=102966&cid=1294,2026,03/2026,2026-10-08T09:59:21Z
843,14196/CHQ-GSQL,20/03/2026,Ban Giám sát quản lý về hải quan,V/v Gia hạn thời gian lưu giữ hàng hóa gửi kho ngoại quan (Công ty TNHH LF Logistics Việt Nam),102884,310,16,DONG_NAI,null,null,https://files.customs.gov.vn/CustomsCMS/DONG_NAI/2026/3/23/14196_CHQ_GSQL_20_03_2026.pdf,[],https://www.customs.gov.vn/index.jsp?pageId=3&id=102884&cid=1294,2026,03/2026,2026-10-08T09:59:21Z
844,14199/CHQ-GSQL,20/03/2026,Ban Giám sát quản lý về hải quan,"V/v Thủ tục hải quan đối với hàng hóa quá cảnh thay đổi phương thức vận chuyển, phương thức vận tải (Công ty Cổ phần Đại lý Giao nhận Vận tải Xếp dỡ Tân Cảng)",102885,310,16,DONG_NAI,null,null,https://files.customs.gov.vn/CustomsCMS/DONG_NAI/2026/3/23/14199_CHQ_GSQL_20_03_2025.pdf,[],https://www.customs.gov.vn/index.jsp?pageId=3&id=102885&cid=1294,2026,03/2026,2026-10-08T09:59:21Z
859,13788/CHQ-GSQL,13/03/2026,Ban Giám sát quản lý về hải quan,V/v Hướng dẫn thủ tục hải quan (Công ty TNHH Điện tử SNC Việt Nam),102820,310,16,DONG_NAI,null,null,https://files.customs.gov.vn/CustomsCMS/DONG_NAI/2026/3/16/13788_CHQ_GSQL_13_03_2026.pdf,[],https://www.customs.gov.vn/index.jsp?pageId=3&id=102820&cid=1294,2026,03/2026,2026-10-08T09:59:21Z
866,108/TB-BDCB,12/03/2026,Trường Bồi dưỡng cán bộ Kinh tế - Tài chính,"Thông báo tổ chức lớp ""Đào tạo chuẩn hóa nghiệp vụ hải quan dành cho cộng đồng doanh nghiệp"" theo hình thức trực tuyến (mã chiêu sinh: HQ-CHNV02/2026)",102856,310,19,HAI_PHONG,null,null,https://files.customs.gov.vn/CustomsCMS/HAI_PHONG/2026/3/19/108_TB-BDCB.pdf,[],https://www.customs.gov.vn/index.jsp?pageId=3&id=102856&cid=1294,2026,03/2026,2026-10-08T09:59:21Z
867,13696/CHQ-GSQL,12/03/2026,Ban Giám sát quản lý về hải quan,V/v DNCX cho DNCX khác thuê lại nhà xưởng (Công ty TNHH Công nghệ Shunyun Bắc Giang Việt Nam),102811,310,16,DONG_NAI,null,null,https://files.customs.gov.vn/CustomsCMS/DONG_NAI/2026/3/12/13696_CHQ_GSQL_12_03_2026.pdf,[],https://www.customs.gov.vn/index.jsp?pageId=3&id=102811&cid=1294,2026,03/2026,2026-10-08T09:59:21Z
868,13719/CHQ-GSQL,12/03/2026,Ban Giám sát quản lý về hải quan,V/v Thanh lý hàng hóa của DNCX (Công ty TNHH Mektec Manufaturing Việt Nam),102813,310,16,DONG_NAI,null,null,https://files.customs.gov.vn/CustomsCMS/DONG_NAI/2026/3/13/13719_CHQ_GSQL_12_03_2026.pdf,[],https://www.customs.gov.vn/index.jsp?pageId=3&id=102813&cid=1294,2026,03/2026,2026-10-08T09:59:21Z
869,13720/CHQ-GSQL,12/03/2026,Ban Giám sát quản lý về hải quan,V/v Thực hiện thủ tục hải quan đối với hàng quá cảnh (Công ty TNHH NTL Group),102814,310,16,DONG_NAI,null,null,https://files.customs.gov.vn/CustomsCMS/DONG_NAI/2026/3/13/13720_CHQ_GSQL_12_03_2026.pdf,[],https://www.customs.gov.vn/index.jsp?pageId=3&id=102814&cid=1294,2026,03/2026,2026-10-08T09:59:21Z
872,13693/CHQ-GSQL,11/03/2026,Ban Giám sát quản lý về hải quan,V/v Hướng dẫn thủ tục khai báo hải quan đối với hàng hóa nhập khẩu sau khi sáp nhập (Công ty TNHH Một thành viên thương mại và dịch vụ Bách Linh),102801,310,16,DONG_NAI,null,null,https://files.customs.gov.vn/CustomsCMS/DONG_NAI/2026/3/12/13693_CHQ_GSQL_11_03_2026.pdf,[],https://www.customs.gov.vn/index.jsp?pageId=3&id=102801&cid=1294,2026,03/2026,2026-10-08T09:59:21Z
875,13633/CHQ-GSQL,10/03/2026,Ban Giám sát quản lý về hải quan,V/v Thủ tục tạm nhập - tái xuất xe ô tô để đại tu sửa chữa (Công ty CP Dịch vụ Giải pháp Công nghệ Hà Thành,102774,310,16,DONG_NAI,null,null,https://files.customs.gov.vn/CustomsCMS/DONG_NAI/2026/3/11/13633_CHQ_GSQL_11_03_2026.pdf,[],https://www.customs.gov.vn/index.jsp?pageId=3&id=102774&cid=1294,2026,03/2026,2026-10-08T09:59:21Z
877,13542/CHQ-GSQL,09/03/2026,Ban Giám sát quản lý về hải quan,"V/v Nhập khẩu thức ăn chăn nuôi, thức án thủy sản có chứa tiền chất công nghiệp nhóm 2 (Công ty TNHH DSM Nutritional Products Việt Nam)",102754,310,16,DONG_NAI,null,null,https://files.customs.gov.vn/CustomsCMS/DONG_NAI/2026/3/9/13542_CHQ_GSQL_09_03_2026.pdf,[],https://www.customs.gov.vn/index.jsp?pageId=3&id=102754&cid=1294,2026,03/2026,2026-10-08T09:59:21Z
878,13551/CHQ-GSQL,09/03/2026,Ban Giám sát quản lý về hải quan,V/v Hướng dẫn thủ tục hải quan (Công ty Cổ phần Đồng Tiến),102755,310,16,DONG_NAI,null,null,https://files.customs.gov.vn/CustomsCMS/DONG_NAI/2026/3/9/13551_CHQ_GSQL_09_03_2026.pdf,[],https://www.customs.gov.vn/index.jsp?pageId=3&id=102755&cid=1294,2026,03/2026,2026-10-08T09:59:21Z
880,13398/CHQ-GSQL,06/03/2026,Ban Giám sát quản lý về hải quan,V/v Thủ tục đóng ghép hàng hóa vận chuyển chung phương tiện vận chuyển (Công ty TNHH Greenworks Việt Nam),102752,310,16,DONG_NAI,null,null,https://files.customs.gov.vn/CustomsCMS/DONG_NAI/2026/3/9/13398_CHQ_GSQL_06_03_2026.pdf,[],https://www.customs.gov.vn/index.jsp?pageId=3&id=102752&cid=1294,2026,03/2026,2026-10-08T09:59:21Z
885,13326/CHQ-GSQL,04/03/2026,Ban Giám sát quản lý về hải quan,V/v Khai báo nhập khẩu thiết bị in (Công ty TNHH Fujifilm Business Innovation Việt Nam),102673,310,16,DONG_NAI,null,null,https://files.customs.gov.vn/CustomsCMS/DONG_NAI/2026/3/5/13326_CHQ_GSQL_04_03_2026.pdf,[],https://www.customs.gov.vn/index.jsp?pageId=3&id=102673&cid=1294,2026,03/2026,2026-10-08T09:59:21Z
886,396/HQKV18-NV,04/03/2026,Chi cục Hải quan khu vực XVIII,"V/v Hướng dẫn khai báo chỉ tiêu thông tin ""Sổ quản lý nội bộ doanh nghiệp"" đối với tờ khai XNK liên quan đến giao dịch giữa DNCX với nội địa; hoặc giữa 02 DNCX (Các doanh nghiệp làm thủ tục hải quan tại Chi cục Hải quan khu vực XVIII)",102672,310,16,DONG_NAI,null,null,https://files.customs.gov.vn/CustomsCMS/DONG_NAI/2026/3/5/396_HQKV18_NV_04_03_2026.pdf,[],https://www.customs.gov.vn/index.jsp?pageId=3&id=102672&cid=1294,2026,03/2026,2026-10-08T09:59:21Z
901,353/HQKV18-NV,27/02/2026,Chi cục Hải quan khu vực XVIII,V/v Triển khai thực hiện các văn bản hướng dẫn của Cục Hải quan về Thông tư số 121/2025/TT-BTC (Các doanh nghiệp làm thủ tục tại Chi cục Hải quan Khu vực XVIII),102649,310,16,DONG_NAI,null,null,https://files.customs.gov.vn/CustomsCMS/DONG_NAI/2026/2/27/353_HQKV18_NV_27_02_2026.pdf,[],https://www.customs.gov.vn/index.jsp?pageId=3&id=102649&cid=1294,2026,02/2026,2026-10-08T09:59:21Z
902,427/HQKV10-VP,27/02/2026,HQKV10,V/v công khai thủ tục hành chính,102744,310,16,THANH_HOA,null,null,"https://files.customs.gov.vnhttps://files.customs.gov.vn/CustomsCMS/THANH_HOA/2026/3/6/CV triển khai QĐ 344.pdf,/CustomsCMS/THANH_HOA/2026/3/6/QĐ 344 ngày 24.2.2026.pdf",[],https://www.customs.gov.vn/index.jsp?pageId=3&id=102744&cid=1294,2026,02/2026,2026-10-08T09:59:21Z
908,13007/CHQ-NVTHQ,26/02/2026,Ban Nghiệp vụ Thuế hải quan,V/v Mặt hàng xe điện chở người dạng tàu bánh lốp không tay (Công ty TNHH Green Universal Supply),102663,310,16,DONG_NAI,null,null,https://files.customs.gov.vn/CustomsCMS/DONG_NAI/2026/3/2/13007_CHQ_NVTHQ_26_02_2026.pdf,[],https://www.customs.gov.vn/index.jsp?pageId=3&id=102663&cid=1294,2026,02/2026,2026-10-08T09:59:21Z
911,344 /QĐ-BTC,24/02/2026,Bộ Tài chính,"Quyết định về việc công bố thủ tục hành chính được sửa đổi, bổ sung, bị bãi bỏ trong lĩnh vực hải quan thuộc phạm vi chức năng quản lý nhà nước của Bộ Tài chính",102747,310,10,CAO_BANG,Nguyễn Đức Chi,24/02/2026,https://files.customs.gov.vnhttps://files.customs.gov.vn/CustomsCMS/CAO_BANG/2026/3/6/26.02.24- 344_QD cong bo TTHC TT 121.pdf,[],https://www.customs.gov.vn/index.jsp?pageId=3&id=102747&cid=1294,2026,02/2026,2026-10-08T09:59:21Z
914,12486/CHQ-GSQL,13/02/2026,Ban Giám sát quản lý về hải quan,V/v Khai bổ sung sau thông quan (Công ty TNHH Hóa Dầu Long Sơn),102634,310,16,DONG_NAI,null,null,https://files.customs.gov.vn/CustomsCMS/DONG_NAI/2026/2/24/12468_CHQ_GSQL_13_02_2026.pdf,[],https://www.customs.gov.vn/index.jsp?pageId=3&id=102634&cid=1294,2026,02/2026,2026-10-08T09:59:21Z
919,11812/CHQ-GSQL,12/02/2026,Ban Giám sát quản lý về hải quan,V/v Hướng dẫn thủ tục hải quan (Công ty TNHH ESI Việt Nam),102605,310,16,DONG_NAI,null,null,https://files.customs.gov.vn/CustomsCMS/DONG_NAI/2026/2/13/11811_CHQ_GSQL_12_02_2026.pdf,[],https://www.customs.gov.vn/index.jsp?pageId=3&id=102605&cid=1294,2026,02/2026,2026-10-08T09:59:21Z
920,11813/CHQ-GSQL,12/02/2026,Ban Giám sát quản lý về hải quan,V/v Nhập khẩu rượu từ DNCX (Công ty TNHH Phúc Vĩnh),102606,310,16,DONG_NAI,null,null,https://files.customs.gov.vn/CustomsCMS/DONG_NAI/2026/2/13/11813_CHQ_GSQL_12_02_2026.pdf,[],https://www.customs.gov.vn/index.jsp?pageId=3&id=102606&cid=1294,2026,02/2026,2026-10-08T09:59:21Z
921,12226/CHQ-GSQL,12/02/2026,Ban Giám sát quản lý về hải quan,V/v Hướng dẫn thủ tục hải quan (Công ty TNHH Xe điện Hengyu Việt Nam),102607,310,16,DONG_NAI,null,null,https://files.customs.gov.vn/CustomsCMS/DONG_NAI/2026/2/13/12226_CHQ_GSQL_12_02_2026.pdf,[],https://www.customs.gov.vn/index.jsp?pageId=3&id=102607&cid=1294,2026,02/2026,2026-10-08T09:59:21Z
922,12232/CHQ-NVTHQ,12/02/2026,Cục Hải quan,V/v thực hiện Nghị định số 56/2026/NĐ CP ngày 12/02/2026,102643,310,19,TONG_CUC,Đào Thu Hương,null,https://files.customs.gov.vn/CustomsCMS/TONG_CUC/2026/2/25/VB_12232.pdf,[],https://www.customs.gov.vn/index.jsp?pageId=3&id=102643&cid=1294,2026,02/2026,2026-10-08T09:59:21Z
925,11594/CHQ-GSQL,11/02/2026,Ban Giám sát quản lý về hải quan,V/v Thủ tục hải quan của DNCX (Công ty TNHH Gasegawa Việt Nam),102592,310,16,DONG_NAI,null,null,https://files.customs.gov.vn/CustomsCMS/DONG_NAI/2026/2/11/11594_CHQ_GSQL_11_02_2026.pdf,[],https://www.customs.gov.vn/index.jsp?pageId=3&id=102592&cid=1294,2026,02/2026,2026-10-08T09:59:21Z
926,11597/CHQ-GSQL,11/02/2026,Ban Giám sát quản lý về hải quan,V/v Công bố củ hoa Lily (Công ty TNHH Xuất nhập khẩu Tường Vy Flower),102593,310,16,DONG_NAI,null,null,https://files.customs.gov.vn/CustomsCMS/DONG_NAI/2026/2/11/11597_CHQ_GSQL_11_02_2026.pdf,[],https://www.customs.gov.vn/index.jsp?pageId=3&id=102593&cid=1294,2026,02/2026,2026-10-08T09:59:21Z
927,11692/CHQ-GSQL,11/02/2026,Ban Giám sát quản lý về hải quan,V/v Thủ tục hải quan đối với hàng hóa quá cảnh (Công ty Cổ phần Thanh Bình Phú Mỹ),102598,310,16,DONG_NAI,null,null,https://files.customs.gov.vn/CustomsCMS/DONG_NAI/2026/2/12/11692_CHQ_GSQL_11_02_2026.pdf,[],https://www.customs.gov.vn/index.jsp?pageId=3&id=102598&cid=1294,2026,02/2026,2026-10-08T09:59:21Z
928,11693/CHQ-GSQL,11/02/2026,Ban Giám sát quản lý về hải quan,V/v Tạm nhập - tái xuất ô tô để thử nghiệm (Công ty cổ phần dịch vụ VCT),102599,310,16,DONG_NAI,null,null,https://files.customs.gov.vn/CustomsCMS/DONG_NAI/2026/2/12/11693_CHQ_GSQL_11_02_2026.pdf,[],https://www.customs.gov.vn/index.jsp?pageId=3&id=102599&cid=1294,2026,02/2026,2026-10-08T09:59:21Z
929,11696/CHQ-GSQL,11/02/2026,Ban Giám sát quản lý về hải quan,V/v Đặt gia công ở nước ngoài (Công ty TNHH Hyphen Deux),102600,310,16,DONG_NAI,null,null,https://files.customs.gov.vn/CustomsCMS/DONG_NAI/2026/2/12/11696_CHQ_GSQL_11_02_2026.pdf,[],https://www.customs.gov.vn/index.jsp?pageId=3&id=102600&cid=1294,2026,02/2026,2026-10-08T09:59:21Z
931,10286/CHQ-GSQL,06/02/2026,Ban Giám sát quản lý về hải quan,V/v Tái xuất hàng hóa (Công ty TNHH TM&DV Logistics Tiandong),102577,310,16,DONG_NAI,null,null,https://files.customs.gov.vn/CustomsCMS/DONG_NAI/2026/2/9/10296_CHQ_GSQL_06_02_2026.pdf,[],https://www.customs.gov.vn/index.jsp?pageId=3&id=102577&cid=1294,2026,02/2026,2026-10-08T09:59:21Z
935,9328/CHQ-GSQL,05/02/2026,Ban Giám sát quản lý về hải quan,"V/v Nhập khẩu máy móc, thiết bị đã qua sử dụng (Công ty TNHH Hon Hai Việt Nam)",102558,310,16,DONG_NAI,null,null,https://files.customs.gov.vn/CustomsCMS/DONG_NAI/2026/2/5/9328_CHQ_GSQL_05_02_2026.pdf,[],https://www.customs.gov.vn/index.jsp?pageId=3&id=102558&cid=1294,2026,02/2026,2026-10-08T09:59:21Z
939,8881/CHQ-GSQL,04/02/2026,Cục Hải quan,"Kiểm dich, kiểm tra nha nước về an toàn thực phẩm đổi với các lô hàng là sản phẩm động vật, thủy sản NK làm thực phẩm",102550,310,19,TONG_CUC,Âu Anh Tuấn,null,https://files.customs.gov.vn/CustomsCMS/TONG_CUC/2026/2/4/VB_8881.pdf.PDF,[],https://www.customs.gov.vn/index.jsp?pageId=3&id=102550&cid=1294,2026,02/2026,2026-10-08T09:59:21Z
940,8882/CHQ-GSQL,04/02/2026,Cục Hải quan,"Về việc kiểm tra ATTP đối với dụng cụ bao bì chứa đựng, tiếp xúc trực tiếp với thực phẩm",102549,310,19,TONG_CUC,Âu Anh Tuấn,null,https://files.customs.gov.vn/CustomsCMS/TONG_CUC/2026/2/4/8882.pdf,[],https://www.customs.gov.vn/index.jsp?pageId=3&id=102549&cid=1294,2026,02/2026,2026-10-08T09:59:21Z
941,8883/CHQ-GSQL,04/02/2026,Cục Hải quan,Về việc thông quan thực phẩm nhập khẩu,102552,310,19,TONG_CUC,Âu Anh Tuấn,null,https://files.customs.gov.vn/CustomsCMS/TONG_CUC/2026/2/4/VBDI_8883.pdf.PDF,[],https://www.customs.gov.vn/index.jsp?pageId=3&id=102552&cid=1294,2026,02/2026,2026-10-08T09:59:21Z
942,8991/CHQ-GSQL,04/02/2026,Ban Giám sát quản lý về hải quan,V/v Hướng dẫn khai báo nhập khẩu phần mềm ứng dụng (Công ty TNHH Kỹ thuật T&D),102551,310,16,DONG_NAI,null,null,https://files.customs.gov.vn/CustomsCMS/DONG_NAI/2026/2/4/8991_CHQ_GSQL_04_02_2026.pdf,[],https://www.customs.gov.vn/index.jsp?pageId=3&id=102551&cid=1294,2026,02/2026,2026-10-08T09:59:21Z
953,46/TB-BDCB,02/02/2026,Chi cục Hải quan khu vực III,Thông báo về việc Tổ chức lớp “Cập nhật điểm mới về nghiệp vụ hải quan theo Nghị định số 167/2025/NĐ-CP và Thông tư số 121/2025/TT-BTC” dành cho cộng đồng doanh nghiệp theo hình thức trực tuyến (Mã chiêu sinh: HQ-CN01/2026),102586,310,19,HAI_PHONG,null,null,https://files.customs.gov.vnhttps://files.customs.gov.vn/CustomsCMS/HAI_PHONG/2026/2/10/Phụ lục CS- Lớp HQ-CN01.2026.xlsx,[],https://www.customs.gov.vn/index.jsp?pageId=3&id=102586&cid=1294,2026,02/2026,2026-10-08T09:59:21Z
954,47/TB-BDCB,02/02/2026,Chi cục Hải quan khu vực III,Thông báo về việc Tổ chức lớp “Hướng dẫn chính sách quản lý và thủ tục hải quan đối với mặt hàng hóa chất theo các quy định mới nhất năm 2026” dành cho cộng đồng doanh nghiệp theo hình thức trực tuyến (mã chiêu sinh: HQ-HC01/2026),102587,310,19,HAI_PHONG,null,null,https://files.customs.gov.vnhttps://files.customs.gov.vn/CustomsCMS/HAI_PHONG/2026/2/10/Phụ lục CS- Lớp HQ-HC01.2026.xlsx,[],https://www.customs.gov.vn/index.jsp?pageId=3&id=102587&cid=1294,2026,02/2026,2026-10-08T09:59:21Z
955,48/TB-BDCB,02/02/2026,Chi cục Hải quan khu vực III,"Thông báo về việc Tổ chức lớp ""Đào tạo chuẩn hóa nghiệp vụ hải quan dành cho cộng đồng doanh nghiệp"" theo hình thức trực tuyến (mã chiêu sinh: HQ-CHNV01/2026)",102585,310,19,HAI_PHONG,null,null,https://files.customs.gov.vnhttps://files.customs.gov.vn/CustomsCMS/HAI_PHONG/2026/2/10/Phụ lục CS - Lớp HQ-CHNV01.2026.xlsx,[],https://www.customs.gov.vn/index.jsp?pageId=3&id=102585&cid=1294,2026,02/2026,2026-10-08T09:59:21Z
956,8444/CHQ-GSQL,02/02/2026,Ban Giám sát quản lý về hải quan,V/v Hướng dẫn thủ tục hải quan (Các Chi cục Hải quan khu vực),102525,310,16,DONG_NAI,null,null,https://files.customs.gov.vn/CustomsCMS/DONG_NAI/2026/2/3/8444_CHQ_GSQL_02_02_2026.pdf,[],https://www.customs.gov.vn/index.jsp?pageId=3&id=102525&cid=1294,2026,02/2026,2026-10-08T09:59:21Z
959,226/HQKV10-VP,30/01/2026,HQKV10,V/v công khai thủ tục hành chính,102745,310,16,THANH_HOA,null,null,"https://files.customs.gov.vnhttps://files.customs.gov.vn/CustomsCMS/THANH_HOA/2026/3/6/CV triển khai QĐ 151.pdf,/CustomsCMS/THANH_HOA/2026/3/6/2026.1 QD 151 ngay 27.1.2026.pdf",[],https://www.customs.gov.vn/index.jsp?pageId=3&id=102745&cid=1294,2026,01/2026,2026-10-08T09:59:21Z
969,7288/CHQ-GSQL,29/01/2026,Ban Giám sát quản lý về hải quan,V/v Kinh doanh tạm nhập tái xuất (Công ty Cổ phần Xuất nhập khẩu Chi Ma Việt Nam),102503,310,16,DONG_NAI,null,null,https://files.customs.gov.vn/CustomsCMS/DONG_NAI/2026/1/30/7288_CHQ_GSQL_29_01_2026.pdf,[],https://www.customs.gov.vn/index.jsp?pageId=3&id=102503&cid=1294,2026,01/2026,2026-10-08T09:59:21Z
974,6737/CHQ-GSQL,27/01/2026,Ban Giám sát quản lý về hải quan,V/v Hướng dẫn thủ tục hải quan (Công ty TNHH  VIM Consultancy),102451,310,16,DONG_NAI,null,null,https://files.customs.gov.vn/CustomsCMS/DONG_NAI/2026/1/27/6737_CHQ_GSQL_27_01_2026.pdf,[],https://www.customs.gov.vn/index.jsp?pageId=3&id=102451&cid=1294,2026,01/2026,2026-10-08T09:59:21Z
975,QĐ 151/QĐ-BTC,27/01/2026,Bộ Tài chính,"Về việc công bố thủ tục hành chính được sửa đổi, bổ sung trong lĩnh vực hải quan thuộc phạm vi chức năng quản lý nhà nước của Bộ Tài chính",102506,310,10,THANH_HOA,null,null,https://files.customs.gov.vnhttps://files.customs.gov.vn/CustomsCMS/THANH_HOA/2026/1/30/2026.1 QD 151 ngay 27.1.2026.pdf,[],https://www.customs.gov.vn/index.jsp?pageId=3&id=102506&cid=1294,2026,01/2026,2026-10-08T09:59:21Z
984,06/2026/TT-BTC,26/01/2026,Bộ Tài chính,"V/v Sửa đổi, bổ sung một số điều của Thông tư số 13/2015/TT-BTC ngày 30 tháng 01 năm 2015 của Bộ trưởng Bộ Tài chính quy định về kiểm tra, giám sát, tạm dừng làm thủ tục hải quan đối với hàng hóa xuất khẩu, nhập khẩu có yêu cầu bảo vệ quyền sở hữu trí tuệ; kiểm soát hàng giả và hàng hóa xâm phạm quyền sở hữu trí tuệ được sửa đổi, bổ sung bởi Thông tư số 13/2020/TT-BTC",102556,310,4,DONG_NAI,Nguyễn Đức Chi,01/03/2026,https://files.customs.gov.vn/CustomsCMS/DONG_NAI/2026/2/5/06_2026_TT_BTC_26_01_2026.pdf,[],https://www.customs.gov.vn/index.jsp?pageId=3&id=102556&cid=1294,2026,01/2026,2026-10-08T09:59:21Z
985,06/2026/TT-BTС,26/01/2026,Bộ Tài chính,Thông tư số 06/2026/TT-BTC của Bộ Tài chính,102557,310,4,TONG_CUC,Nguyễn Đức Chi,null,https://files.customs.gov.vnhttps://files.customs.gov.vn/CustomsCMS/TONG_CUC/2026/2/5/TT 06.2026.pdf,[],https://www.customs.gov.vn/index.jsp?pageId=3&id=102557&cid=1294,2026,01/2026,2026-10-08T09:59:21Z
986,200/HQKV18-NV,26/01/2026,Chi cục Hải quan khu vực XVIII,"V/v Thu, nộp phí, lệ phí và xử phạt VPHC trong lĩnh vực phí và lệ phí (Các doanh nghiệp làm thủ tục hải quan tại Chi cục Hải quan khu vực XVIII)",102445,310,16,DONG_NAI,null,null,https://files.customs.gov.vn/CustomsCMS/DONG_NAI/2026/1/26/200_HQKV18_NV_26_01_2026.pdf,"[""https://files.customs.gov.vn/CustomsCMS/DONG_NAI/2026/1/26/200DK.docx""]",https://www.customs.gov.vn/index.jsp?pageId=3&id=102445&cid=1294,2026,01/2026,2026-10-08T09:59:21Z
992,185/HQKV18-NV,23/01/2026,Chi cục Hải quan khu vực XVIII,V/v Thanh lý tài sản cố định của doanh nghiệp chế xuất (Công ty TNHH Yueda Electronic Appliance),102440,310,16,DONG_NAI,null,null,https://files.customs.gov.vn/CustomsCMS/DONG_NAI/2026/1/23/185_HQKV18_NV_23_01_2026.pdf,[],https://www.customs.gov.vn/index.jsp?pageId=3&id=102440&cid=1294,2026,01/2026,2026-10-08T09:59:21Z
993,37/2026/NĐ-CP,23/01/2026,Chính phủ,"V/v Quy định chi tiết một số điều và biện pháp để tổ chức hướng dẫn thi hành Luật Chất lượng sản phẩm, hàng hóa",102443,310,8,DONG_NAI,null,23/01/2026,https://files.customs.gov.vn/CustomsCMS/DONG_NAI/2026/1/26/37_2026_ND_CP_23_01_2026_1.pdf,[],https://www.customs.gov.vn/index.jsp?pageId=3&id=102443&cid=1294,2026,01/2026,2026-10-08T09:59:21Z
994,6021/CHQ-GSQL,23/01/2026,Ban Giám sát quản lý về hải quan,V/v Vướng mắc đối với hoạt động đóng ghép hàng quá cảnh với hàng xuất khẩu (Chi cục HQ khu vực II; Công ty TNHH Maersk VN; Hiệp hội XNK TP HCM),102434,310,16,DONG_NAI,null,23/01/2026,https://files.customs.gov.vn/CustomsCMS/DONG_NAI/2026/1/23/6021_CHQ_GSQL_23_01_2026.pdf,[],https://www.customs.gov.vn/index.jsp?pageId=3&id=102434&cid=1294,2026,01/2026,2026-10-08T09:59:21Z
995,5615/CHQ-GSQL,22/01/2026,Ban Giám sát quản lý về hải quan,V/v Khai bổ sung thông tin người nhập khẩu trên tờ khai xuất khẩu (Công ty TNHH Hộp Xanh),102423,310,16,DONG_NAI,null,null,https://files.customs.gov.vn/CustomsCMS/DONG_NAI/2026/1/22/5615_CHQ_GSQL_22_01_2026.pdf,[],https://www.customs.gov.vn/index.jsp?pageId=3&id=102423&cid=1294,2026,01/2026,2026-10-08T09:59:21Z
998,167/HQKV18-NV,21/01/2026,Chi cục Hải quan khu vực XVIII,V/v Tạm xuất - tái nhập MMTB đã qua sử dụng để sửa chữa (Công ty TNHH Schaeffler Việt Nam),102422,310,16,DONG_NAI,null,null,https://files.customs.gov.vn/CustomsCMS/DONG_NAI/2026/1/21/167_HQKV18_NV_21_01_2026.pdf,[],https://www.customs.gov.vn/index.jsp?pageId=3&id=102422&cid=1294,2026,01/2026,2026-10-08T09:59:21Z
999,4905/CHQ-GSQL,20/01/2026,Ban Giám sát quản lý về hải quan,V/v Áp dụng Quyết định số 18/2019/QĐ-TTg (Công ty TNHH Partron Vina),102416,310,16,DONG_NAI,null,null,https://files.customs.gov.vn/CustomsCMS/DONG_NAI/2026/1/21/4905_CHQ_GSQL_20_01_2026.pdf,[],https://www.customs.gov.vn/index.jsp?pageId=3&id=102416&cid=1294,2026,01/2026,2026-10-08T09:59:21Z
1003,4007/CHQ-GSQL,19/01/2026,Ban Giám sát quản lý về hải quan,V/v Hướng dẫn thủ tục hải quan khi nhập khẩu nguyên liệu để sản xuất hàng hóa xuất khẩu (Công ty TNHH Coepto Việt Nam),102383,310,16,DONG_NAI,null,null,https://files.customs.gov.vn/CustomsCMS/DONG_NAI/2026/1/20/4007_CHQ_GSQL_19_01_2026.pdf,[],https://www.customs.gov.vn/index.jsp?pageId=3&id=102383&cid=1294,2026,01/2026,2026-10-08T09:59:21Z
1004,87/QĐ-BCT,18/01/2026,Bộ Công Thương,"V/v Công bố thủ tục hành chính mới ban hành, thủ tục hành chính sửa đổi, bổ sung và thủ tục hành chính hủy bỏ, bãi bỏ trong lĩnh vực hóa chất thuộc phạm vi chức năng quản lý của Bộ Công Thương",102442,310,10,DONG_NAI,null,18/01/2026,https://files.customs.gov.vn/CustomsCMS/DONG_NAI/2026/1/26/87_QD_BCT_18_01_2026.pdf,[],https://www.customs.gov.vn/index.jsp?pageId=3&id=102442&cid=1294,2026,01/2026,2026-10-08T09:59:21Z
1021,1917/CHQ-GSQL,13/01/2026,Cục Hải quan,"Tổng hợp, tiếp thu, giải trình ý kiến góp ý đối với dự thảo Thông tư sửa đổi các Thông tư quy định về đại lý làm thủ tục hải quan",102356,310,19,TONG_CUC,Âu Anh Tuấn,null,https://files.customs.gov.vn/CustomsCMS/TONG_CUC/2026/1/15/VB_1917.pdf,[],https://www.customs.gov.vn/index.jsp?pageId=3&id=102356&cid=1294,2026,01/2026,2026-10-08T09:59:21Z
1025,1074/CHQ-GSQL,12/01/2026,Ban Giám sát quản lý về hải quan,V/v Thanh lý hàng hóa của DNCX (Công ty TNHH Hankuk Ultrsonis Việt Nam),102326,310,16,DONG_NAI,null,null,https://files.customs.gov.vn/CustomsCMS/DONG_NAI/2026/1/12/1074_CHQ_GSQL_12_01_2026.pdf,[],https://www.customs.gov.vn/index.jsp?pageId=3&id=102326&cid=1294,2026,01/2026,2026-10-08T09:59:21Z
1035,893/CHQ-GSQL,09/01/2026,Ban Giám sát quản lý về hải quan,V/v Hàng hóa thuộc diện cấm nhập khẩu (Chi nhánh Công ty TNHH HMM Shipping Việt Nam tại Hải Phòng),102305,310,16,DONG_NAI,null,null,https://files.customs.gov.vn/CustomsCMS/DONG_NAI/2026/1/9/893_CHQ_GSQL_09_01_2026.pdf,[],https://www.customs.gov.vn/index.jsp?pageId=3&id=102305&cid=1294,2026,01/2026,2026-10-08T09:59:21Z
1039,600/CHQ-GSQL,08/01/2026,Ban Giám sát quản lý về hải quan,V/v Quá cảnh hàng hóa qua lãnh thổ Việt Nam (Công ty TNHH Mai Nguyễn Gia Lai),102301,310,16,DONG_NAI,null,null,https://files.customs.gov.vn/CustomsCMS/DONG_NAI/2026/1/9/600_CHQ_GSQL_08_01_2026.pdf,[],https://www.customs.gov.vn/index.jsp?pageId=3&id=102301&cid=1294,2026,01/2026,2026-10-08T09:59:21Z
1041,323/CHQ-GSQL,07/01/2026,Ban Giám sát quản lý về hải quan,V/v Nhập khẩu than (Công ty TNHH MTV Waykin Energy),102287,310,16,DONG_NAI,null,null,https://files.customs.gov.vn/CustomsCMS/DONG_NAI/2026/1/7/323_CHQ_GSQL_07_01_2026.pdf,[],https://www.customs.gov.vn/index.jsp?pageId=3&id=102287&cid=1294,2026,01/2026,2026-10-08T09:59:21Z
1042,344/CHQ-GSQL,07/01/2026,Ban Giám sát quản lý về hải quan,"V/v Hướng dẫn thủ tục hải quan khi thay đổi tên doanh nghiệp, không thay đổi mã số thuế (Công ty Cổ phần Tập đoàn Kocher)",102288,310,16,DONG_NAI,null,null,https://files.customs.gov.vn/CustomsCMS/DONG_NAI/2026/1/7/344_CHQ_GSQL_07_01_2026.pdf,[],https://www.customs.gov.vn/index.jsp?pageId=3&id=102288&cid=1294,2026,01/2026,2026-10-08T09:59:21Z
1043,581/CHQ-NVTHQ,07/01/2026,Cục Hải quan,Triển khai thực hiện Thông tư số 121/2025/TT-BTC ngày 18/12/2025,102323,310,19,TONG_CUC,Nguyễn Thành Hưng,null,https://files.customs.gov.vn/CustomsCMS/TONG_CUC/2026/1/10/VB_581.pdf,[],https://www.customs.gov.vn/index.jsp?pageId=3&id=102323&cid=1294,2026,01/2026,2026-10-08T09:59:21Z
1049,105/CHQ-GSQL,06/01/2026,Ban Giám sát quản lý về hải quan,V/v Hướng dẫn dán tem NK và kho bảo quản hàng hóa (Công ty Cổ phần sản xuất và xuất nhập khẩu Nguyễn Gia),102251,310,16,DONG_NAI,null,null,https://files.customs.gov.vn/CustomsCMS/DONG_NAI/2026/1/6/105_CHQ_GSQL_06_01_2026.pdf,[],https://www.customs.gov.vn/index.jsp?pageId=3&id=102251&cid=1294,2026,01/2026,2026-10-08T09:59:21Z
1050,14/CHQ0GSQL,05/01/2026,Ban Giám sát quản lý về hải quan,V/v Hướng dẫn thủ tục hải quan (Công ty TNHH Inventec Appliances Việt Nam),102219,310,16,DONG_NAI,null,null,https://files.customs.gov.vn/CustomsCMS/DONG_NAI/2026/1/5/14_CHQ_GSQL_05_01_2026.pdf,[],https://www.customs.gov.vn/index.jsp?pageId=3&id=102219&cid=1294,2026,01/2026,2026-10-08T09:59:21Z
1051,29/CHQ-GSQL,05/01/2026,Ban Giám sát quản lý về hải quan,V/v Hướng dẫn thủ tục hải quan (Công ty TNHH Kintesu World Express Việt Nam),102249,310,16,DONG_NAI,null,null,https://files.customs.gov.vn/CustomsCMS/DONG_NAI/2026/1/6/29_CHQ_GSQL_05_01_2026.pdf,[],https://www.customs.gov.vn/index.jsp?pageId=3&id=102249&cid=1294,2026,01/2026,2026-10-08T09:59:21Z
1058,1987/HQKV18-NV,28/11/2025,Chi cục Hải quan khu vực XVIII,"V/v Công nhận địa điểm kiểm tra tại chân công trình hoặc cơ sở sản xuất, nhà máy (Các doanh nghiệp làm thủ tục hải quan tại Chi cục Hải quan khu vực XVIII)",101965,310,16,DONG_NAI,null,null,https://files.customs.gov.vn/CustomsCMS/DONG_NAI/2025/12/1/Mau1.docx,"[""https://files.customs.gov.vn/CustomsCMS/DONG_NAI/2025/12/2/1987_HQKV18_NV_28_11_2025.pdf""]",https://www.customs.gov.vn/index.jsp?pageId=3&id=101965&cid=1294,2025,11/2025,2026-10-08T09:59:27Z
1063,37999/CHQ-GSQL,25/11/2025,Ban Giám sát quản lý về hải quan,V/v Khai bổ sung (Tổng Công ty Phân bón và Hóa chất Dầu khí - CTCP),101914,310,16,DONG_NAI,null,null,https://files.customs.gov.vn/CustomsCMS/DONG_NAI/2025/11/25/37999_CHQ_GSQL_25_11_2025.pdf,[],https://www.customs.gov.vn/index.jsp?pageId=3&id=101914&cid=1294,2025,11/2025,2026-10-08T09:59:27Z
1064,38162/CHQ-GSQL,25/11/2025,Ban Giám sát quản lý về hải quan,V/v Hướng dẫn thủ tục hải quan (Công ty TNHH Minebea AccessSolutions Việt Nam),101931,310,16,DONG_NAI,null,null,https://files.customs.gov.vn/CustomsCMS/DONG_NAI/2025/11/26/38162_CHQ_GSQL_25_11_2025.pdf,[],https://www.customs.gov.vn/index.jsp?pageId=3&id=101931&cid=1294,2025,11/2025,2026-10-08T09:59:27Z
1065,38273/CHQ-GSQL,25/11/2025,Ban Giám sát quản lý về hải quan,V/v Hướng dẫn thủ tục hải quan (Công ty TNHH MTV Seshin VN2),101932,310,16,DONG_NAI,null,null,https://files.customs.gov.vn/CustomsCMS/DONG_NAI/2025/11/26/38273_CHQ_GSQL_25_11_2025.pdf,[],https://www.customs.gov.vn/index.jsp?pageId=3&id=101932&cid=1294,2025,11/2025,2026-10-08T09:59:27Z
1070,37951/CHQ-GSQL,24/11/2025,Ban Giám sát quản lý về hải quan,V/v Hướng dẫn thủ tục hải quan (Công ty TNHH Hanesbands Việt Nam),101910,310,16,DONG_NAI,null,null,https://files.customs.gov.vn/CustomsCMS/DONG_NAI/2025/11/25/37951_CHQ_GSQL_24_11_2025.pdf,[],https://www.customs.gov.vn/index.jsp?pageId=3&id=101910&cid=1294,2025,11/2025,2026-10-08T09:59:27Z
1073,37563/CHQ-GSQL,21/11/2025,Ban Giám sát quản lý về hải quan,V/v Hướng dẫn thủ tục hải quan (Công ty TNHH Sunrise Apparel Việt Nam),101902,310,16,DONG_NAI,null,null,https://files.customs.gov.vn/CustomsCMS/DONG_NAI/2025/11/24/37563_CHQ_GSQL_21_11_2025.pdf,[],https://www.customs.gov.vn/index.jsp?pageId=3&id=101902&cid=1294,2025,11/2025,2026-10-08T09:59:27Z
1074,37569/CHQ-GSQL,21/11/2025,Ban Giám sát quản lý về hải quan,V/v Hướng dẫn thủ tục hải quan (Chi nhánh Công ty TNHH thương mại dịch vụ giao nhận hàng hóa F.D.I tại Hà Nội),101903,310,16,DONG_NAI,null,null,https://files.customs.gov.vn/CustomsCMS/DONG_NAI/2025/11/24/37569_CHQ_GSQL_21_11_2025.pdf,[],https://www.customs.gov.vn/index.jsp?pageId=3&id=101903&cid=1294,2025,11/2025,2026-10-08T09:59:27Z
1089,37391/CHQ-GSQL,20/11/2025,Ban Giám sát quản lý về hải quan,V/v Hàng hóa xuất khẩu gửi kho (Công ty TNHH Maersk Việt Nam),101883,310,16,DONG_NAI,null,null,https://files.customs.gov.vn/CustomsCMS/DONG_NAI/2025/11/21/37391_CHQ_GSQL_20_11_2025.pdf,[],https://www.customs.gov.vn/index.jsp?pageId=3&id=101883&cid=1294,2025,11/2025,2026-10-08T09:59:27Z
1092,12/2015/TT-BTC,19/11/2025,Bộ Tài chính,"Lấy YKTG đối với dự thảo Thông tư sửa đổi, bổ sung Thông tư số 12/2015/TT-BTC, 22/2019/TT-BTC và Thông tư số 79/2022/TT-BTC",101881,310,19,TONG_CUC,null,null,https://files.customs.gov.vn/CustomsCMS/TONG_CUC/2025/11/20/VB_36855.pdf,[],https://www.customs.gov.vn/index.jsp?pageId=3&id=101881&cid=1294,2025,11/2025,2026-10-08T09:59:27Z
1093,36966/CHQ-GSQL,19/11/2025,Ban Giám sát quản lý về hải quan,V/v Xuất hóa đơn bán hàng (Công ty TNHH Cơn Mưa Nhỏ),101880,310,16,DONG_NAI,null,null,https://files.customs.gov.vn/CustomsCMS/DONG_NAI/2025/11/19/36966_CHQ_GSQL_19_11_2025.pdf,[],https://www.customs.gov.vn/index.jsp?pageId=3&id=101880&cid=1294,2025,11/2025,2026-10-08T09:59:27Z
1098,35821/CHQ-GSQL,14/11/2025,Ban Giám sát quản lý về hải quan,V/v Áp dụng phương thức kiểm tra giảm đối với thực phẩm nhập khẩu (Công ty TNHH Dịch vụ Thương mại và Đầu tư phát triển Việt Nam),101864,310,16,DONG_NAI,null,null,https://files.customs.gov.vn/CustomsCMS/DONG_NAI/2025/11/17/35821_CHQ_GSQL_14_11_2025.pdf,[],https://www.customs.gov.vn/index.jsp?pageId=3&id=101864&cid=1294,2025,11/2025,2026-10-08T09:59:27Z
1099,35830/CHQ-GSQL,14/11/2025,Ban Giám sát quản lý về hải quan,V/v Thủ tục xuất nhập khẩu tại chỗ (Công ty TNHH Honwu Việt Nam),101865,310,16,DONG_NAI,null,null,https://files.customs.gov.vn/CustomsCMS/DONG_NAI/2025/11/17/35830_CHQ_GSQL_14_11_2025.pdf,[],https://www.customs.gov.vn/index.jsp?pageId=3&id=101865&cid=1294,2025,11/2025,2026-10-08T09:59:27Z
1110,35257/CHQ-GSQL,11/11/2025,Ban Giám sát quản lý về hải quan,V/v Nhập khẩu và chuyển đổi mục đích sử dụng (Công ty TNHH Dịch vụ GĐ),101806,310,16,DONG_NAI,null,null,https://files.customs.gov.vn/CustomsCMS/DONG_NAI/2025/11/12/35257_CHQ_GSQL_11_11_2025.pdf,[],https://www.customs.gov.vn/index.jsp?pageId=3&id=101806&cid=1294,2025,11/2025,2026-10-08T09:59:27Z
1111,34890/CHQ-GSQL,10/11/2025,Ban Giám sát quản lý về hải quan,V/v Hướng dẫn thủ tục hải quan (Công ty TNHH Netmarks Việt Nam),101789,310,16,DONG_NAI,null,null,https://files.customs.gov.vn/CustomsCMS/DONG_NAI/2025/11/11/34890_CHQ_GSQL_10_11_2025.pdf,[],https://www.customs.gov.vn/index.jsp?pageId=3&id=101789&cid=1294,2025,11/2025,2026-10-08T09:59:27Z
1118,151/TB-BDCB,04/11/2025,Trường Bồi dưỡng cán bộ Kinh tế - Tài chính,Thông báo tổ chức lớp “Đào tạo chuẩn hóa nghiệp vụ hải quan dành cho cộng đồng doanh nghiệp” theo hình thức trực tuyến (mã chiêu sinh: HQ-CHNV01/2025),101809,310,19,HAI_PHONG,null,04/11/2025,https://files.customs.gov.vn/CustomsCMS/HAI_PHONG/2025/11/12/151_TB-BDCB.pdf,[],https://www.customs.gov.vn/index.jsp?pageId=3&id=101809&cid=1294,2025,11/2025,2026-10-08T09:59:27Z
1121,33235/CHQ-GSQL,03/11/2025,Ban Giám sát quản lý về hải quan,"V/v Kiểm tra ATTP đối với thực phẩm bổ sung, thực phẩm bảo vệ sức khỏe (Công ty TNHH MTV-TM Ruiton Việt Nam)",101730,310,16,DONG_NAI,null,null,https://files.customs.gov.vn/CustomsCMS/DONG_NAI/2025/11/3/33235_CHQ_GSQL_03_01_2025.pdf,[],https://www.customs.gov.vn/index.jsp?pageId=3&id=101730&cid=1294,2025,11/2025,2026-10-08T09:59:27Z
1122,33236/CHQ-GSQL,03/11/2025,Ban Giám sát quản lý về hải quan,V/v Chính sách nhập khẩu dầu hướng dương đã tinh chế (Công ty TNHH Việt Nam Supply solution & Trading),101732,310,16,DONG_NAI,null,null,https://files.customs.gov.vn/CustomsCMS/DONG_NAI/2025/11/3/33236_CHQ_GSQL_03_01_2025.pdf,[],https://www.customs.gov.vn/index.jsp?pageId=3&id=101732&cid=1294,2025,11/2025,2026-10-08T09:59:27Z
1124,32811/CHQ-GSQL,31/10/2025,Ban Giám sát quản lý về hải quan,V/v Vướng mắc thực hiện Hiệp định CPTPP (Công ty TNHH Accredo Asia),101725,310,16,DONG_NAI,null,null,https://files.customs.gov.vn/CustomsCMS/DONG_NAI/2025/10/31/32811_CHQ_GSQL_31_10_2025.pdf,[],https://www.customs.gov.vn/index.jsp?pageId=3&id=101725&cid=1294,2025,10/2025,2026-10-08T09:59:27Z
1125,32814/CHQ-CNTT,31/10/2025,Ban Công nghệ thông tin và thống kê Hải quan,"V/v Kết nối, cấp tài khoản truy cập Cổng thông tin tờ khai hải quan điện tử (Công ty TNHH Thương mại Dịch vụ DZ)",101726,310,16,DONG_NAI,null,null,https://files.customs.gov.vn/CustomsCMS/DONG_NAI/2025/10/31/32814_CHQ_CNTT_31_10_2025.pdf,[],https://www.customs.gov.vn/index.jsp?pageId=3&id=101726&cid=1294,2025,10/2025,2026-10-08T09:59:27Z
1139,31450/CHQ-GSQL,24/10/2025,Ban Giám sát quản lý về hải quan,V/v Ghi nhãn hàng hóa xuất khẩu (Công ty TNHH Broadpeak Sóc Trăng),101665,310,16,DONG_NAI,null,null,https://files.customs.gov.vn/CustomsCMS/DONG_NAI/2025/10/24/31450_CHQ_GSQL_24_10_2025.pdf,[],https://www.customs.gov.vn/index.jsp?pageId=3&id=101665&cid=1294,2025,10/2025,2026-10-08T09:59:27Z
1141,1700/HQKV18-NV,23/10/2025,Chi cục Hải quan khu vực XVIII,V/v Hướng dẫn nghiệp vụ khai báo hải quan khi sáp nhập Hải quan Tam Phước (47D2) về Hải quan Long Đức (47D3) (Các doanh nghiệp làm thủ tục hải quan tại Hải quan Tam Phước (mã Hải quan 47D2)),101651,310,16,DONG_NAI,null,null,https://files.customs.gov.vn/CustomsCMS/DONG_NAI/2025/10/23/1700_HQKV18_NV_23_10_2025.pdf,[],https://www.customs.gov.vn/index.jsp?pageId=3&id=101651&cid=1294,2025,10/2025,2026-10-08T09:59:27Z
1142,30908/CHQ-GSQL,23/10/2025,Ban Giám sát quản lý về hải quan,V/v Hướng dẫn về C/O (Công ty CP hợp tác đầu tư và thương mại Ngôi Sao Châu Á),101648,310,16,DONG_NAI,null,null,https://files.customs.gov.vn/CustomsCMS/DONG_NAI/2025/10/23/30908_CHQ_GSQL_23_10_.pdf,[],https://www.customs.gov.vn/index.jsp?pageId=3&id=101648&cid=1294,2025,10/2025,2026-10-08T09:59:27Z
1153,30013/CHQ-GSQL,17/10/2025,Ban Giám sát về hải quan,V/v Hướng dẫn thủ tục hải quan (Công ty TNHH Ennotech Việt Nam),101611,310,16,DONG_NAI,null,null,https://files.customs.gov.vn/CustomsCMS/DONG_NAI/2025/10/17/30013_CHQ_GSQL_17_10_2025.pdf,[],https://www.customs.gov.vn/index.jsp?pageId=3&id=101611&cid=1294,2025,10/2025,2026-10-08T09:59:27Z
1154,30016/CHQ-GSQL,17/10/2025,Ban Giám sát quản lý về hải quan,V/v Thủ tục tạm nhập - tái xuất hàng hóa tham dự hội chợ triển lãm (Công ty cổ phần Hội chợ và Xúc tiến thương mại),101612,310,16,DONG_NAI,null,null,https://files.customs.gov.vn/CustomsCMS/DONG_NAI/2025/10/17/30016_CHQ_GSQL_17_10_2025.pdf,[],https://www.customs.gov.vn/index.jsp?pageId=3&id=101612&cid=1294,2025,10/2025,2026-10-08T09:59:27Z
1157,29595/CHQ-GSQL,15/10/2025,Ban Giám sát về hải quan,V/v Hướng dẫn thủ tục xuất nhập khẩu tại chỗ (Công ty TNHH Plastic Metal Tai Hing (Việt Nam),101602,310,16,DONG_NAI,null,null,https://files.customs.gov.vn/CustomsCMS/DONG_NAI/2025/10/15/29595_CHQ_GSQL_15_10_2025.pdf,[],https://www.customs.gov.vn/index.jsp?pageId=3&id=101602&cid=1294,2025,10/2025,2026-10-08T09:59:27Z
1158,29596/CHQ-GSQL,15/10/2025,Ban Giám sát quản lý về hải quan,V/v Hướng dẫn việc khai mã trên tờ khai hải quan (Công ty Cổ phần Giao nhận và Vận tải Nam Hà Nội),101603,310,16,DONG_NAI,null,null,https://files.customs.gov.vn/CustomsCMS/DONG_NAI/2025/10/15/29596_CHQ_GSQL_15_10_2025.pdf,[],https://www.customs.gov.vn/index.jsp?pageId=3&id=101603&cid=1294,2025,10/2025,2026-10-08T09:59:27Z
1161,29363/CHQ-GSQL,14/10/2025,Ban Giám sát quản lý về Hải quan,V/v Vướng mắc trong việc triển khai Nghị quyết số 190/2025/QH15 (Công ty TNHH AstraZeneca Việt Nam),101586,310,16,DONG_NAI,null,null,https://files.customs.gov.vn/CustomsCMS/DONG_NAI/2025/10/14/29363_CHQ_GSQL_14_10_2025.pdf,[],https://www.customs.gov.vn/index.jsp?pageId=3&id=101586&cid=1294,2025,10/2025,2026-10-08T09:59:27Z
1162,29364/CHQ-GSQL,14/10/2025,Ban Giám sát quản lý về Hải quan,V/v Hướng dẫn thủ tục hải quan (Công ty Cổ phần Hanacans),101587,310,16,DONG_NAI,null,null,https://files.customs.gov.vn/CustomsCMS/DONG_NAI/2025/10/14/29364_CHQ_GSQL_14_10_2025.pdf,[],https://www.customs.gov.vn/index.jsp?pageId=3&id=101587&cid=1294,2025,10/2025,2026-10-08T09:59:27Z
1164,28995/CHQ-GSQL,13/10/2025,Ban Giám sát quản lý về Hải quan,V/v Thông quan hàng hóa đang đưa về bảo quản (Chi nhánh Công ty cổ phần Đại lý Vận tải Safi),101568,310,16,DONG_NAI,null,null,https://files.customs.gov.vn/CustomsCMS/DONG_NAI/2025/10/13/28995_CHQ_GSQL_13_10_2025.pdf,[],https://www.customs.gov.vn/index.jsp?pageId=3&id=101568&cid=1294,2025,10/2025,2026-10-08T09:59:27Z
1174,28923/CHQ-GSQL,10/10/2025,Ban Giám sát quản lý về Hải quan,V/v Địa điểm đăng ký tờ khai hải quan (Công ty TNHH RV Group Việt Nam),101550,310,16,DONG_NAI,null,null,https://files.customs.gov.vn/CustomsCMS/DONG_NAI/2025/10/10/28923_CHQ_GSQL_10_10_2025.pdf,[],https://www.customs.gov.vn/index.jsp?pageId=3&id=101550&cid=1294,2025,10/2025,2026-10-08T09:59:27Z
1182,28539/CHQ-GSQL,08/10/2025,Ban Giám sát quản lý về Hải quan,V/v Hàng hóa quá cảnh có thay đổi phương thức vận chuyển (Công ty Cổ phần Vận tải Xuyên Quốc Gia),101538,310,16,DONG_NAI,null,null,https://files.customs.gov.vn/CustomsCMS/DONG_NAI/2025/10/8/28539_CHQ_GSQL_08_10_2025.pdf,[],https://www.customs.gov.vn/index.jsp?pageId=3&id=101538&cid=1294,2025,10/2025,2026-10-08T09:59:27Z
1184,27831/CHQ-GSQL,03/10/2025,Ban Giám sát quản lý về Hải quan,V/v Nhập khẩu vỏ bình gas cũ đã qua sử dụng (Công ty TNHH CEA Project),101522,310,16,DONG_NAI,null,null,https://files.customs.gov.vn/CustomsCMS/DONG_NAI/2025/10/3/27831_CHQ_GSQL_03_10_2025.pdf,[],https://www.customs.gov.vn/index.jsp?pageId=3&id=101522&cid=1294,2025,10/2025,2026-10-08T09:59:27Z
1190,26543/CHQ-GSQL,29/09/2025,Ban Giám sát quản lý về Hải quan,V/v Vướng mắc trong việc triển khai Nghị quyết số 190/2025/QH15 (Công ty TNHH AstraZeneca Việt Nam),101494,310,16,DONG_NAI,null,null,https://files.customs.gov.vn/CustomsCMS/DONG_NAI/2025/9/29/26543_CHQ_GSQL_29_09_2025.pdf,[],https://www.customs.gov.vn/index.jsp?pageId=3&id=101494&cid=1294,2025,09/2025,2026-10-08T09:59:27Z
1204,25419/CHQ-GSQL,22/09/2025,Ban Giám sát quản lý về Hải quan,V/v Kiểm tra nhà nước về an toàn thực phẩm (Công ty Cổ phần Đại Tân Việt),101406,310,16,DONG_NAI,null,null,https://files.customs.gov.vn/CustomsCMS/DONG_NAI/2025/9/22/25419_CHQ_GSQL_22_09_2025.pdf,[],https://www.customs.gov.vn/index.jsp?pageId=3&id=101406&cid=1294,2025,09/2025,2026-10-08T09:59:27Z
1205,25422/CHQ-GSQL,22/09/2025,Ban Giám sát quản lý về Hải quan,V/v Thủ tục hải quan với phương tiện vận tải xuất nhập cảnh qua cửa khẩu biên giới đường bộ (Hiệp hội vận tải ô tô Việt Nam),101407,310,16,DONG_NAI,null,null,https://files.customs.gov.vn/CustomsCMS/DONG_NAI/2025/9/22/25422_CHQ_GSQL_22_09_2025.pdf,[],https://www.customs.gov.vn/index.jsp?pageId=3&id=101407&cid=1294,2025,09/2025,2026-10-08T09:59:27Z
1206,25534/CHQ-GSQL,22/09/2025,Ban Giám sát quản lý về Hải quan,V/v Thủ tục nhập khẩu tảo xoắn (Spirulina Powder) (Công ty cổ phần Slavie Science),101416,310,16,DONG_NAI,null,null,https://files.customs.gov.vn/CustomsCMS/DONG_NAI/2025/9/23/25534_CHQ_GSQL_22_09_2025.pdf,[],https://www.customs.gov.vn/index.jsp?pageId=3&id=101416&cid=1294,2025,09/2025,2026-10-08T09:59:27Z
1207,25542/CHQ-GSQL,22/09/2025,Ban Giám sát quản lý về Hải quan,V/v Hướng dẫn thủ tục hải quan (Công ty TNHH Dịch vụ GD),101426,310,16,DONG_NAI,null,null,https://files.customs.gov.vn/CustomsCMS/DONG_NAI/2025/9/23/25542_CHQ_GSQL_22_09_2025.pdf,[],https://www.customs.gov.vn/index.jsp?pageId=3&id=101426&cid=1294,2025,09/2025,2026-10-08T09:59:27Z
1208,25550/CHQ-GSQL,22/09/2025,Ban Giám sát quản lý về Hải quan,V/v Hướng dẫn thủ tục hải quan PTVT xuất nhập cảnh (Công ty TNHH Thương mại sản xuất Nha Bích),101430,310,16,DONG_NAI,null,null,https://files.customs.gov.vn/CustomsCMS/DONG_NAI/2025/9/24/2550_CHQ_GSQL_22_09_2025.pdf,[],https://www.customs.gov.vn/index.jsp?pageId=3&id=101430&cid=1294,2025,09/2025,2026-10-08T09:59:27Z
1209,25245/CHQ-GSQL,19/09/2025,Ban Giám sát quản lý về Hải quan,V/v Hướng dẫn thủ tục hải quan xuất nhập khẩu tại chỗ với loại hình G23 (Công ty TNHH RQ Technology Electronics Việt Nam),101371,310,16,DONG_NAI,null,null,https://files.customs.gov.vn/CustomsCMS/DONG_NAI/2025/9/19/25245_CHQ_GSQL_19_09_2025.pdf,[],https://www.customs.gov.vn/index.jsp?pageId=3&id=101371&cid=1294,2025,09/2025,2026-10-08T09:59:27Z
1214,24999/CHQ-GSQL,18/09/2025,Ban Giám sát quản lý về Hải quan,V/v Hướng dẫn thủ tục hải quan (Công ty TNHH Kwan Eum Tech Vina),101359,310,16,DONG_NAI,null,null,https://files.customs.gov.vn/CustomsCMS/DONG_NAI/2025/9/18/24999_CHQ_GSQL_18_09_2025.pdf,[],https://www.customs.gov.vn/index.jsp?pageId=3&id=101359&cid=1294,2025,09/2025,2026-10-08T09:59:27Z
1215,25056/CHQ-NVTHQ,18/09/2025,Ban Nghiệp vụ thuế HQ,V/v Phân loại hàng hóa (Công ty TNHH Thương mại Dịch vụ Dầu khí Petro Pro),101363,310,16,DONG_NAI,null,null,https://files.customs.gov.vn/CustomsCMS/DONG_NAI/2025/9/19/25056_CHQ_NVTHQ_18_09_2025.pdf,[],https://www.customs.gov.vn/index.jsp?pageId=3&id=101363&cid=1294,2025,09/2025,2026-10-08T09:59:27Z
1216,25117/CHQ-NVTHQ,18/09/2025,Ban Nghiệp vụ thuế HQ,V/v Phân loại hàng hóa (Chi nhánh Công ty TNHH Denso Việt Nam tại Hà Nội),101364,310,16,DONG_NAI,null,null,https://files.customs.gov.vn/CustomsCMS/DONG_NAI/2025/9/19/25117_CHQ_NVTHQ_18_09_2025.pdf,[],https://www.customs.gov.vn/index.jsp?pageId=3&id=101364&cid=1294,2025,09/2025,2026-10-08T09:59:27Z
1221,1391/HQKV18-NV,17/09/2025,Chi cục Hải quan khu vực XVIII,V/v Thủ tục hải quan khi tách Công ty (Công ty TNHH Hwaseung Chemical Việt Nam),101350,310,16,DONG_NAI,null,null,https://files.customs.gov.vn/CustomsCMS/DONG_NAI/2025/9/17/1391_HQKV18_NV_17_09_2025.pdf,[],https://www.customs.gov.vn/index.jsp?pageId=3&id=101350&cid=1294,2025,09/2025,2026-10-08T09:59:27Z
1222,24885/CHQ-NVTHQ,17/09/2025,Ban Nghiệp vụ thuế HQ,V/v Thuế GTGT đối với mặt hàng thực phẩm (Công ty cổ phần kỹ nghệ thực phẩm Việt Nam),101354,310,16,DONG_NAI,null,null,https://files.customs.gov.vn/CustomsCMS/DONG_NAI/2025/9/18/24885_CHQ_NVTHQ_17_09_2025.pdf,[],https://www.customs.gov.vn/index.jsp?pageId=3&id=101354&cid=1294,2025,09/2025,2026-10-08T09:59:27Z
1223,24983/CHQ-GSQL,17/09/2025,Ban Giám sát quản lý về Hải quan,V/v Thủ tục hải quan đối với hàng hóa xuất khẩu (Công ty TNHH Trung Hùng),101355,310,16,DONG_NAI,null,null,https://files.customs.gov.vn/CustomsCMS/DONG_NAI/2025/9/18/24983_CHQ_GSQL_17_09_2025.pdf,[],https://www.customs.gov.vn/index.jsp?pageId=3&id=101355&cid=1294,2025,09/2025,2026-10-08T09:59:27Z
1224,24988/CHQ-GSQL,17/09/2025,Ban Giám sát quản lý về Hải quan,V/v Hướng dẫn thủ tục hải quan (Công ty TNHH Công nghệ Bao bì Yuhua Việt Nam),101357,310,16,DONG_NAI,null,null,https://files.customs.gov.vn/CustomsCMS/DONG_NAI/2025/9/18/24988_CHQ_GSQL_17_09_2025.pdf,[],https://www.customs.gov.vn/index.jsp?pageId=3&id=101357&cid=1294,2025,09/2025,2026-10-08T09:59:27Z
1231,24694/CHQ-GSQL,16/09/2025,Ban Giám sát quản lý về Hải quan,V/v Hướng dẫn thủ tục hải quan (Công ty TNHH Sản xuất Great Lotus Việt Nam),101348,310,16,DONG_NAI,null,null,https://files.customs.gov.vn/CustomsCMS/DONG_NAI/2025/9/16/24694_CHQ_GSQL_16_09_2025.pdf,[],https://www.customs.gov.vn/index.jsp?pageId=3&id=101348&cid=1294,2025,09/2025,2026-10-08T09:59:27Z
1233,24174/CHQ-GSQL,15/09/2025,Ban Giám sát quản lý về Hải quan,V/v Xuất khẩu gỗ (Công ty TNHH Thương mại và xuất nhập khẩu Sunflower),101281,310,16,DONG_NAI,null,null,https://files.customs.gov.vn/CustomsCMS/DONG_NAI/2025/9/15/24174_CHQ_GSQL_15_09_2025.pdf,[],https://www.customs.gov.vn/index.jsp?pageId=3&id=101281&cid=1294,2025,09/2025,2026-10-08T09:59:27Z
1240,23583/CHQ-GSQL,11/09/2025,Ban Giám sát quản lý về Hải quan,V/v Hướng dẫn thủ tục hải quan (Công ty TNHH Sản xuất và thương mại ATC Việt Nam),101274,310,16,DONG_NAI,null,null,https://files.customs.gov.vn/CustomsCMS/DONG_NAI/2025/9/11/23583_CHQ_GSQL_11_09_2025.pdf,[],https://www.customs.gov.vn/index.jsp?pageId=3&id=101274&cid=1294,2025,09/2025,2026-10-08T09:59:27Z
1248,22303/CHQ-GSQL,05/09/2025,Ban Giám sát quản lý về Hải quan,V/v Hàng hóa nhập khẩu tại chỗ (Công ty Cổ phần Quốc tế Phong Phú),101255,310,16,DONG_NAI,null,null,https://files.customs.gov.vn/CustomsCMS/DONG_NAI/2025/9/8/22303_CHQ_GSQL_05_09_2025.pdf,[],https://www.customs.gov.vn/index.jsp?pageId=3&id=101255&cid=1294,2025,09/2025,2026-10-08T09:59:27Z
1249,22573/CHQ-GSQL,05/09/2025,Ban Giám sát quản lý về Hải quan,V/v Chính sách mặt hàng hỗn hợp protein trứng sấy MD (Công ty TNHH Uniace Vina),101256,310,16,DONG_NAI,null,null,https://files.customs.gov.vn/CustomsCMS/DONG_NAI/2025/9/8/22573_CHQ_GSQL_05_09_2025.pdf,[],https://www.customs.gov.vn/index.jsp?pageId=3&id=101256&cid=1294,2025,09/2025,2026-10-08T09:59:27Z
1250,22574/CHQ-GSQL,05/09/2025,Ban Giám sát quản lý về Hải quan,V/v XNK hàng hóa có chứa tiền chất công nghiệp (Công ty TNHH Nhựa Cây Trung Bộ Việt Nam),101257,310,16,DONG_NAI,null,null,https://files.customs.gov.vn/CustomsCMS/DONG_NAI/2025/9/8/22574_CHQ_GSQL_05_09_2025.pdf,[],https://www.customs.gov.vn/index.jsp?pageId=3&id=101257&cid=1294,2025,09/2025,2026-10-08T09:59:27Z
1252,21514/CHQ-GSQL,04/09/2025,Ban Giám sát quản lý về Hải quan,V/v Hướng dẫn thủ tục hải quan đối với việc nhập khẩu than (Công ty Cổ phần Khoáng sản Lam Sơn),101230,310,16,DONG_NAI,null,null,https://files.customs.gov.vn/CustomsCMS/DONG_NAI/2025/9/4/21514_CHQ_GSQL_04_09_2025.pdf,[],https://www.customs.gov.vn/index.jsp?pageId=3&id=101230&cid=1294,2025,09/2025,2026-10-08T09:59:27Z
1254,21309/CHQ-GSQL,03/09/2025,Ban Giám sát quản lý về Hải quan,V/v Chính sách mặt hàng dầu bơ thay thế có nguồn gốc động vật (Công ty TNHH Wilmar Marketing CLV),101227,310,16,DONG_NAI,null,null,https://files.customs.gov.vn/CustomsCMS/DONG_NAI/2025/9/3/21309_CHQ_GSQL_03_09_2025.pdf,[],https://www.customs.gov.vn/index.jsp?pageId=3&id=101227&cid=1294,2025,09/2025,2026-10-08T09:59:27Z
1255,21195/CHQ-GSQL,29/08/2025,Ban Giám sát quản lý về Hải quan,V/v Hàng hóa quá cảnh có thay đổi phương thức vận chuyển (Công ty TNHH SH Logistics),101225,310,16,DONG_NAI,null,null,https://files.customs.gov.vn/CustomsCMS/DONG_NAI/2025/9/3/21195_CHQ_GSQL_29_08_2025.pdf,[],https://www.customs.gov.vn/index.jsp?pageId=3&id=101225&cid=1294,2025,08/2025,2026-10-08T09:59:27Z
1256,21260/CHQ-GSQL,29/08/2025,Ban Giám sát quản lý về Hải quan,V/v Chuyển tải hàng hóa quá cảnh từ toa xe sang toa xe tại cửa khẩu xuất (Công ty cổ phần dịch vụ đường sắt Hải Phòng),101212,310,16,DONG_NAI,null,null,https://files.customs.gov.vn/CustomsCMS/DONG_NAI/2025/9/3/21260_CHQ_GSQL_29_08_2025.pdf,[],https://www.customs.gov.vn/index.jsp?pageId=3&id=101212&cid=1294,2025,08/2025,2026-10-08T09:59:27Z
1263,20957/CHQ-GSQL,27/08/2025,Ban Giám sát quản lý về Hải quan,"V/v Thủ tục tạm xuất, tái nhập hàng hóa để bảo hành, sửa chữa (Công ty TNHH Ushio Asia Oacific Việt Nam)",101165,310,16,DONG_NAI,null,null,https://files.customs.gov.vn/CustomsCMS/DONG_NAI/2025/8/28/20957_CHQ_GSQL_27_08_2025.pdf,[],https://www.customs.gov.vn/index.jsp?pageId=3&id=101165&cid=1294,2025,08/2025,2026-10-08T09:59:27Z
1271,20778/CHQ-GSQL,25/08/2025,Ban Giám sát quản lý về Hải quan,"V/v Phân loại sản phẩm ""Goodlife Collagen Glow"" thuộc nhóm thực phẩm bổ sung (Công ty TNHH Thương mại One Pacific)",101109,310,16,DONG_NAI,null,null,https://files.customs.gov.vn/CustomsCMS/DONG_NAI/2025/8/26/20778_CHQ_GSQL_26_08_2025.pdf,[],https://www.customs.gov.vn/index.jsp?pageId=3&id=101109&cid=1294,2025,08/2025,2026-10-08T09:59:27Z
1272,20779/CHQ-GSQL,25/08/2025,Ban Giám sát quản lý về Hải quan,V/v Hướng dẫn nhập sản phẩm thực phẩm bổ sung (Công ty TNHH Neumed Vina),101110,310,16,DONG_NAI,null,null,https://files.customs.gov.vn/CustomsCMS/DONG_NAI/2025/8/26/20779_CHQ_GSQL_26_08_2025.pdf,[],https://www.customs.gov.vn/index.jsp?pageId=3&id=101110&cid=1294,2025,08/2025,2026-10-08T09:59:27Z
1273,2902/QĐ-BTC.,25/08/2025,Bộ Tài chính,"Quyết định v/v công bố kèm theo Quyết định này thủ tục hành chính được sửa đổi, bổ sung và bị bãi bỏ trong lĩnh vực hải quan thuộc phạm vi chức năng quản lý của Bộ Tài chính",101459,310,10,CAO_BANG,Nguyễn Đức Chi,25/08/2025,https://files.customs.gov.vn/CustomsCMS/CAO_BANG/2025/9/26/2902-QĐ-BTC.pdf,[],https://www.customs.gov.vn/index.jsp?pageId=3&id=101459&cid=1294,2025,08/2025,2026-10-08T09:59:27Z
1274,Quyết định số 2902/QĐ-BTC,25/08/2025,Bộ Tài chính,"Quyết định số 2902 /QĐ-BTC ngày 25/8/2025 Về việc công bố các thủ tục hành chính được sửa đổi,
bố sung và bị bãi bỏ trong lĩnh vực hải quan thuộc phạm vi chức năng
quản lý của Bộ Tài chính",101118,310,10,THANH_HOA,null,null,https://files.customs.gov.vnhttps://files.customs.gov.vn/CustomsCMS/THANH_HOA/2025/8/27/QĐ 2902.BTC .pdf,[],https://www.customs.gov.vn/index.jsp?pageId=3&id=101118&cid=1294,2025,08/2025,2026-10-08T09:59:27Z
1276,20606/CHQ-GSQL,22/08/2025,Ban Giám sát quản lý về Hải quan,V/v Vướng mắc khoản 1 Điều 61 Luật Hải quan (Tập đoàn Xăng dầu Việt Nam),101079,310,16,DONG_NAI,null,null,https://files.customs.gov.vn/CustomsCMS/DONG_NAI/2025/8/22/20606_CHQ_GSQL_22_08_2025.pdf,[],https://www.customs.gov.vn/index.jsp?pageId=3&id=101079&cid=1294,2025,08/2025,2026-10-08T09:59:27Z
1277,20607/CHQ-GSQL,22/08/2025,Ban Giám sát quản lý về Hải quan,V/v Vướng mắc khoản 14 Điều 4 Thông tư số 69/2016/TT-BTC (Tập đoàn Công nghiệp - Năng lượng Quốc gia Việt Nam),101080,310,16,DONG_NAI,null,null,https://files.customs.gov.vn/CustomsCMS/DONG_NAI/2025/8/22/20607_CHQ_GSQL_22_08_2025.pdf,[],https://www.customs.gov.vn/index.jsp?pageId=3&id=101080&cid=1294,2025,08/2025,2026-10-08T09:59:27Z
1278,20617/CHQ-GSQL,22/08/2025,Ban Giám sát quản lý về Hải quan,V/v Vướng mắc thủ tục hải quan (Công ty TNHH Logistics Shibusawa Việt Nam,101082,310,16,DONG_NAI,null,null,https://files.customs.gov.vn/CustomsCMS/DONG_NAI/2025/8/22/20617_CHQ_GSQL_22_08_2025.pdf,[],https://www.customs.gov.vn/index.jsp?pageId=3&id=101082&cid=1294,2025,08/2025,2026-10-08T09:59:27Z
1279,20433/CHQ-GSQL,21/08/2025,Ban Giám sát quản lý về Hải quan,V/v Nhập khẩu chim cảnh (Tạp chí Việt Nam hương sắc),101071,310,16,DONG_NAI,null,null,https://files.customs.gov.vn/CustomsCMS/DONG_NAI/2025/8/21/20433_CHQ_GSQL_21_08_2025.pdf,[],https://www.customs.gov.vn/index.jsp?pageId=3&id=101071&cid=1294,2025,08/2025,2026-10-08T09:59:27Z
1280,20434/CHQ-GSQL,21/08/2025,Ban Giám sát quản lý về Hải quan,V/v Thực hiện Hiệp định CPTPP (Công ty TNHH Estee Lauder Việt Nam),101072,310,16,DONG_NAI,null,null,https://files.customs.gov.vn/CustomsCMS/DONG_NAI/2025/8/21/20434_CHQ_GSQL_21_08_2025.pdf,[],https://www.customs.gov.vn/index.jsp?pageId=3&id=101072&cid=1294,2025,08/2025,2026-10-08T09:59:27Z
1287,20355/CHQ-GSQL,20/08/2025,Ban Giám sát quản lý về Hải quan,"V/v Hàng hóa đưa vào, đưa ra kho ngoại quan (Công ty TNHH Nagase Việt Nam)",101058,310,16,DONG_NAI,null,null,https://files.customs.gov.vn/CustomsCMS/DONG_NAI/2025/8/20/20355_CHQ_GSQL_20_08_2025.pdf,[],https://www.customs.gov.vn/index.jsp?pageId=3&id=101058&cid=1294,2025,08/2025,2026-10-08T09:59:27Z
1288,20356/CHQ-GSQL,20/08/2025,Ban Giám sát quản lý về Hải quan,V/v Xuất khẩu giống cây trồng (Công ty TNHH UPL Việt Nam),101059,310,16,DONG_NAI,null,null,https://files.customs.gov.vn/CustomsCMS/DONG_NAI/2025/8/20/20356_CHQ_GSQL_20_08_2025.pdf,[],https://www.customs.gov.vn/index.jsp?pageId=3&id=101059&cid=1294,2025,08/2025,2026-10-08T09:59:27Z
1289,20361/CHQ-NVTHQ,20/08/2025,Ban Nghiệp vụ thuế HQ,V/v Hướng dẫn thủ tục xuất khẩu phần mềm (Công ty TNHH Keyence Việt Nam),101069,310,16,DONG_NAI,null,null,https://files.customs.gov.vn/CustomsCMS/DONG_NAI/2025/8/21/20361_CHQ_NVTHQ_20_08_2025.pdf,[],https://www.customs.gov.vn/index.jsp?pageId=3&id=101069&cid=1294,2025,08/2025,2026-10-08T09:59:27Z
1290,2864/QĐ-BTC ngày 20/8/2025,20/08/2025,Bộ Tài chính,Quyết định về công bố 02 thủ tục hành chính mới trong lĩnh vực hải quan thuộc phạm vi chức năng quản lý của Bộ Tài chính,101103,310,10,THANH_HOA,null,null,https://files.customs.gov.vnhttps://files.customs.gov.vn/CustomsCMS/THANH_HOA/2025/8/25/2025-2864 ngày 20.8.2025.pdf,[],https://www.customs.gov.vn/index.jsp?pageId=3&id=101103&cid=1294,2025,08/2025,2026-10-08T09:59:27Z
1295,19765/CHQ-GSQL,18/08/2025,Ban Giám sát quản lý về Hải quan,V/v Hướng dẫn thủ tục tạm nhập tái xuất để bảo hành sản phẩm của DNCX (Công ty TNHH Ennotech Việt Nam),101010,310,16,DONG_NAI,null,null,https://files.customs.gov.vn/CustomsCMS/DONG_NAI/2025/8/18/19765_CHQ_GSQL_18_08_2025.pdf,[],https://www.customs.gov.vn/index.jsp?pageId=3&id=101010&cid=1294,2025,08/2025,2026-10-08T09:59:27Z
1296,19569/CHQ-GSQL,15/08/2025,Ban Giám sát quản lý về Hải quan,V/v Hướng dẫn thủ tục hải quan (Công ty cổ phần sản xuất và kinh doanh Vinfast),100992,310,16,DONG_NAI,null,null,https://files.customs.gov.vn/CustomsCMS/DONG_NAI/2025/8/15/19569_CHQ_GSQL_15_08_2025.pdf,[],https://www.customs.gov.vn/index.jsp?pageId=3&id=100992&cid=1294,2025,08/2025,2026-10-08T09:59:27Z
1297,19699/CHQ-GSQL,15/08/2025,Ban Giám sát quản lý về Hải quan,V/v Hướng dẫn thủ tục hải quan (Công ty TNHH QISDA Việt Nam),101004,310,16,DONG_NAI,null,null,https://files.customs.gov.vn/CustomsCMS/DONG_NAI/2025/8/18/19699_CHQ_GSQL_15_08_2025.pdf,[],https://www.customs.gov.vn/index.jsp?pageId=3&id=101004&cid=1294,2025,08/2025,2026-10-08T09:59:27Z
1302,19361/CHQ-GSQL,14/08/2025,Ban Giám sát quản lý về Hải quan,V/v Khai bổ sung hồ sơ hải quan (Công ty TNHH Sunny Automotive Vina),100986,310,16,DONG_NAI,null,null,https://files.customs.gov.vn/CustomsCMS/DONG_NAI/2025/8/15/19361_CHQ_GSQL_14_08_2025.pdf,[],https://www.customs.gov.vn/index.jsp?pageId=3&id=100986&cid=1294,2025,08/2025,2026-10-08T09:59:27Z
1303,19491/CHQ-GSQL,14/08/2025,Ban Giám sát quản lý về Hải quan,V/v Khai bổ sung hồ sơ hải quan (Công ty TNHH Hanesbrands Việt Nam Huế),100987,310,16,DONG_NAI,null,null,https://files.customs.gov.vn/CustomsCMS/DONG_NAI/2025/8/15/19491_CHQ_GSQL_14_08_2025.pdf,[],https://www.customs.gov.vn/index.jsp?pageId=3&id=100987&cid=1294,2025,08/2025,2026-10-08T09:59:27Z
1307,18971/CHQ-GSQL,12/08/2025,Ban Giám sát quản lý về Hải quan,V/v Nhập khẩu kim chi (Công ty TNHH Thương mại Onefood Việt Nam),100969,310,16,DONG_NAI,null,null,https://files.customs.gov.vn/CustomsCMS/DONG_NAI/2025/8/13/18971_CHQ_GSQL_12_08_2025.pdf,[],https://www.customs.gov.vn/index.jsp?pageId=3&id=100969&cid=1294,2025,08/2025,2026-10-08T09:59:27Z
1308,18973/CHQ-GSQL,12/08/2025,Ban Giám sát quản lý về Hải quan,"V/v Thủ tục xuất khẩu sản phẩm ""tranh"" (Công ty TNHH Shijie Home & Living)",100970,310,16,DONG_NAI,null,null,https://files.customs.gov.vn/CustomsCMS/DONG_NAI/2025/8/13/18973_CHQ_GSQL_12_08_2025.pdf,[],https://www.customs.gov.vn/index.jsp?pageId=3&id=100970&cid=1294,2025,08/2025,2026-10-08T09:59:27Z
1310,18518/CHQ-GSQL,11/08/2025,Ban Giám sát quản lý về Hải quan,V/v Vướng mắc sở hữu trí tuệ (Công ty TNHH Thương mại xuất nhập khẩu Bách Dương),100945,310,16,DONG_NAI,null,null,https://files.customs.gov.vn/CustomsCMS/DONG_NAI/2025/8/11/18518_CHQ_GSQL_11_08_2025.pdf,[],https://www.customs.gov.vn/index.jsp?pageId=3&id=100945&cid=1294,2025,08/2025,2026-10-08T09:59:27Z
1316,17994/CHQ-GSQL,07/08/2025,Ban Giám sát quản lý về Hải quan,V/v Kê khai tại ô số 7 trên C/O mẫu E và mẫu D (Công ty TNHH BEHN MEYER Việt Nam),100905,310,16,DONG_NAI,null,null,https://files.customs.gov.vn/CustomsCMS/DONG_NAI/2025/8/7/17994_CHQ_GSQL_07_08_2025.pdf,[],https://www.customs.gov.vn/index.jsp?pageId=3&id=100905&cid=1294,2025,08/2025,2026-10-08T09:59:27Z
1318,1788/CHQ-GSQL,06/08/2025,Ban Giám sát quản lý về Hải quan,V/v Ghi nhãn hàng hóa nhập khẩu (Công ty TNHH Hoàng Long Cargo),100900,310,16,DONG_NAI,null,null,https://files.customs.gov.vn/CustomsCMS/DONG_NAI/2025/8/7/17888_CHQ_GSQL_06_08_2025.pdf,[],https://www.customs.gov.vn/index.jsp?pageId=3&id=100900&cid=1294,2025,08/2025,2026-10-08T09:59:27Z
1319,17615/CHQ-NVTHQ,05/08/2025,Ban Nghiệp vụ thuế HQ,V/v Hướng dẫn thủ tục hải quan (Chi cục HQ khu vực XVIII; Công ty TNHH LG Electronics Việt Nam Hải Phòng),100898,310,16,DONG_NAI,null,null,https://files.customs.gov.vn/CustomsCMS/DONG_NAI/2025/8/6/17615_CHQ_NVTHQ_05_08_2025.pdf,[],https://www.customs.gov.vn/index.jsp?pageId=3&id=100898&cid=1294,2025,08/2025,2026-10-08T09:59:27Z
1328,17441/CHQ-GSQL,01/08/2025,Ban Giám sát quản lý về Hải quan,V/v Hướng dẫn thủ tục hải quan (Công ty TNHH Thương mại Đức Phong),100867,310,16,DONG_NAI,null,null,https://files.customs.gov.vn/CustomsCMS/DONG_NAI/2025/8/1/17441_CHQ_GSQL_01_08_2025.pdf,[],https://www.customs.gov.vn/index.jsp?pageId=3&id=100867&cid=1294,2025,08/2025,2026-10-08T09:59:27Z
1329,17503/CHQ-GSQL,01/08/2025,Ban Giám sát quản lý về Hải quan,V/v Hướng dẫn thủ tục hải quan (Công ty TNHH kỹ thuật điện tử Tonly Việt Nam),100895,310,16,DONG_NAI,null,null,https://files.customs.gov.vn/CustomsCMS/DONG_NAI/2025/8/5/17503_CHQ_GSQL_01_08_2025.pdf,[],https://www.customs.gov.vn/index.jsp?pageId=3&id=100895&cid=1294,2025,08/2025,2026-10-08T09:59:27Z
1333,17292/CHQ-GSQL,31/07/2025,Ban Giám sát quản lý về Hải quan,"V/v Vướng mắc tại Thông tư 29/2025/TT-BTC ngày 26/05/2025 và biên lai thu thuế, phí hải quan (Hiệp hội chuyển phát nhanh Châu Á Thái Bình Dương)",100864,310,16,DONG_NAI,null,null,https://files.customs.gov.vn/CustomsCMS/DONG_NAI/2025/8/1/17292_CHQ_GSQL_31_07_2025.pdf,[],https://www.customs.gov.vn/index.jsp?pageId=3&id=100864&cid=1294,2025,07/2025,2026-10-08T09:59:27Z
1335,16754/CHQ-GSQL,29/07/2025,Ban Giám sát quản lý về Hải quan,V/v Hàng hóa xuất nhập khẩu tại chỗ (Công ty TNHH Prime Glorious Việt Nam),100833,310,16,DONG_NAI,null,null,https://files.customs.gov.vn/CustomsCMS/DONG_NAI/2025/7/29/16754_CHQ_GSQL_29_07_2025.pdf,[],https://www.customs.gov.vn/index.jsp?pageId=3&id=100833&cid=1294,2025,07/2025,2026-10-08T09:59:27Z
1336,16757/CHQ-GSQL,29/07/2025,Ban Giám sát quản lý về Hải quan,V/v Thực hiện thủ tục nhập khẩu máy móc đã qua sử dụng (Công ty TNHH SX Gia công cơ khí Vĩnh Phúc),100834,310,16,DONG_NAI,null,null,https://files.customs.gov.vn/CustomsCMS/DONG_NAI/2025/7/29/16757_CHQ_GSQL_29_07_2025.pdf,[],https://www.customs.gov.vn/index.jsp?pageId=3&id=100834&cid=1294,2025,07/2025,2026-10-08T09:59:27Z
1337,16772/CHQ-GSQL,29/07/2025,Ban Nghiệp vụ thuế HQ,V/v Mã số xuất khẩu sầu riêng đông lạnh (Công ty TNHH Đầu tư Thương mại Trường Thịnh Phát),100835,310,16,DONG_NAI,null,null,https://files.customs.gov.vn/CustomsCMS/DONG_NAI/2025/7/29/16772_CHQ_GSQL_29_07_2025.pdf,[],https://www.customs.gov.vn/index.jsp?pageId=3&id=100835&cid=1294,2025,07/2025,2026-10-08T09:59:27Z
1338,16656/CGQ-GSQL,28/07/2025,Ban Nghiệp vụ thuế HQ,V/v Thủ tục hải quan nhập khẩu khi sáp nhập Công ty (Công ty TNHH Hóa chất M.K.V.N),100823,310,16,DONG_NAI,null,null,https://files.customs.gov.vn/CustomsCMS/DONG_NAI/2025/7/28/16656_CHQ_GSQL_28_07_2025.pdf,[],https://www.customs.gov.vn/index.jsp?pageId=3&id=100823&cid=1294,2025,07/2025,2026-10-08T09:59:27Z
1349,15612/CHQ-GSQL,22/07/2025,Ban Giám sát quản lý về Hải quan,V/v Vướng mắc thủ tục hải quan (Công ty TNHH Văn phòng phẩm Maosen Việt Nam),100783,310,16,DONG_NAI,null,null,https://files.customs.gov.vn/CustomsCMS/DONG_NAI/2025/7/23/15612_CHQ_GSQL_22_07_2025.pdf,[],https://www.customs.gov.vn/index.jsp?pageId=3&id=100783&cid=1294,2025,07/2025,2026-10-08T09:59:27Z
1350,15630/CHQ-GSQL,22/07/2025,Ban Giám sát quản lý về Hải quan,V/v Nhập khẩu Điều thô từ Châu Phi (Hiệp hội Điều Việt Nam),100784,310,16,DONG_NAI,null,null,https://files.customs.gov.vn/CustomsCMS/DONG_NAI/2025/7/23/15630_CHQ_GSQL_22_07_2025.pdf,[],https://www.customs.gov.vn/index.jsp?pageId=3&id=100784&cid=1294,2025,07/2025,2026-10-08T09:59:27Z
1354,15418/CHQ-GSQL,21/07/2025,Ban Giám sát quản lý về Hải quan,V/v Hướng dẫn thủ tục hải quan (Công ty Cổ phần Sợi Thế kỷ),100753,310,16,DONG_NAI,null,null,https://files.customs.gov.vn/CustomsCMS/DONG_NAI/2025/7/22/15418_CHQ_GSQL_21_07_2025.pdf,[],https://www.customs.gov.vn/index.jsp?pageId=3&id=100753&cid=1294,2025,07/2025,2026-10-08T09:59:27Z
1355,15507/CHQ-GSQL,21/07/2025,Ban Giám sát quản lý về Hải quan,V/v Khai xuất xứ hàng hóa xuất khẩu (Công ty TNHH CNĐT Yan Tin Việt Nam),100755,310,16,DONG_NAI,null,null,https://files.customs.gov.vn/CustomsCMS/DONG_NAI/2025/7/22/15507_CHQ_GSQL_21_07_2025.pdf,[],https://www.customs.gov.vn/index.jsp?pageId=3&id=100755&cid=1294,2025,07/2025,2026-10-08T09:59:27Z
1359,15392/CHQ-GSQL,18/07/2025,Ban Giám sát quản lý về Hải quan,V/v Hướng dẫn thủ tục hải quan (Công ty Cổ phần Sợi Thế Kỷ),100746,310,16,DONG_NAI,null,null,https://files.customs.gov.vn/CustomsCMS/DONG_NAI/2025/7/21/15392_CHQ_GSQL_18_07_2025.pdf,[],https://www.customs.gov.vn/index.jsp?pageId=3&id=100746&cid=1294,2025,07/2025,2026-10-08T09:59:27Z
1360,15394/CHQ-GSQL,18/07/2025,Ban Giám sát quản lý về Hải quan,"V/v Quản lý mặt hàng thuốc lá điện tử, thuốc lá nung nóng (Công ty Luật PSS Legal)",100747,310,16,DONG_NAI,null,null,https://files.customs.gov.vn/CustomsCMS/DONG_NAI/2025/7/21/15394_CHQ_GSQL_18_07_2025.pdf,[],https://www.customs.gov.vn/index.jsp?pageId=3&id=100747&cid=1294,2025,07/2025,2026-10-08T09:59:27Z
1361,15396/CHQ-GSQL,18/07/2025,Ban Giám sát quản lý về Hải quan,V/v Hướng dẫn thủ tục hải quan (Công ty TNHh Corrosion & Water - Control Việt Nam),100748,310,16,DONG_NAI,null,null,https://files.customs.gov.vn/CustomsCMS/DONG_NAI/2025/7/21/15396_CHQ_GSQL_18_07_2025.pdf,[],https://www.customs.gov.vn/index.jsp?pageId=3&id=100748&cid=1294,2025,07/2025,2026-10-08T09:59:27Z
1367,13962/CHQ-GSQL,14/07/2025,Ban Giám sát quản lý về Hải quan,V/v Hàng hóa XNK của DNCX (Công ty TNHH Fushan Technology Việt Nam),100680,310,16,DONG_NAI,null,null,https://files.customs.gov.vn/CustomsCMS/DONG_NAI/2025/7/15/13962_CHQ_GSQL_14_07_2025.pdf,[],https://www.customs.gov.vn/index.jsp?pageId=3&id=100680&cid=1294,2025,07/2025,2026-10-08T09:59:27Z
1368,13799/CHQ-GSQL,11/07/2025,Ban Giám sát quản lý về Hải quan,V/v Giải phóng hàng nhập khẩu (Công ty TNHH Vòi chữa cháy Quảng Châu),100672,310,16,DONG_NAI,null,null,https://files.customs.gov.vn/CustomsCMS/DONG_NAI/2025/7/14/13799_CHQ_GSQL_11_07_2025.pdf,[],https://www.customs.gov.vn/index.jsp?pageId=3&id=100672&cid=1294,2025,07/2025,2026-10-08T09:59:27Z
1369,13800/CHQ-GSQL,11/07/2025,Ban Nghiệp vụ thuế HQ,V/v Thủ tục hải quan khi thay đổi địa chỉ theo phương án sắp xếp các đơn vị hành chính (Công ty TNHH Caldic Sprcialties Việt Nam),100673,310,16,DONG_NAI,null,null,https://files.customs.gov.vn/CustomsCMS/DONG_NAI/2025/7/14/13800_CHQ_GSQL_11_07_2025.pdf,[],https://www.customs.gov.vn/index.jsp?pageId=3&id=100673&cid=1294,2025,07/2025,2026-10-08T09:59:27Z
1370,13904/CHQ-GSQL,11/07/2025,Ban Giám sát quản lý về Hải quan,V/v Vướng mắc thủ tục hải quan (Công ty TNHH Osung Tech Vina),100675,310,16,DONG_NAI,null,null,,[],https://www.customs.gov.vn/index.jsp?pageId=3&id=100675&cid=1294,2025,07/2025,2026-10-08T09:59:27Z
1374,1160/HQKV10-VP,08/07/2025,HQKV10,V/v công khai thủ tục hành chính,100620,310,16,THANH_HOA,null,null,https://files.customs.gov.vnhttps://files.customs.gov.vn/CustomsCMS/THANH_HOA/2025/7/9/CV 1160 CÔNG KHAI TTHC.pdf,[],https://www.customs.gov.vn/index.jsp?pageId=3&id=100620&cid=1294,2025,07/2025,2026-10-08T09:59:27Z
1375,829/HQKV13-NVHQ,08/07/2025,Chi cục HQKV13,Thực hiện Luật số 90/2025/QH15 và Nghị định số 167/2025/NĐ-CP,100624,310,16,KHANH_HOA,Nguyễn Trung Phong,null,"https://files.customs.gov.vnhttps://files.customs.gov.vn/CustomsCMS/KHANH_HOA/2025/7/9/829  HQKV13-NVHQ.pdf,/CustomsCMS/KHANH_HOA/2025/7/9/Tài liệu tuyên truyền.pdf",[],https://www.customs.gov.vn/index.jsp?pageId=3&id=100624&cid=1294,2025,07/2025,2026-10-08T09:59:27Z
1377,12737/CHQ-GSQL,07/07/2025,Ban Giám sát quản lý về Hải quan,V/v Nhập khẩu ủy thác cho thương nhân nước ngoài không có pháp nhân hoặc hiện diện tại Việt Nam (Công ty TNHH thương mại và dịch vụ xuất nhập khẩu TT59),100599,310,16,DONG_NAI,null,null,https://files.customs.gov.vn/CustomsCMS/DONG_NAI/2025/7/8/12737_CHQ_GSQL_07_07_2025.pdf,[],https://www.customs.gov.vn/index.jsp?pageId=3&id=100599&cid=1294,2025,07/2025,2026-10-08T09:59:27Z
1378,12749/CHQ-GSQL,07/07/2025,Ban Giám sát quản lý về Hải quan,V/v Mã chứng nhận GACC đối với mặt hàng sầu riêng đông lạnh (Công ty TNHH TS Food),100600,310,16,DONG_NAI,null,null,https://files.customs.gov.vn/CustomsCMS/DONG_NAI/2025/7/8/12749_CHQ_GSQL_07_07_2025.pdf,[],https://www.customs.gov.vn/index.jsp?pageId=3&id=100600&cid=1294,2025,07/2025,2026-10-08T09:59:27Z
1380,02371/QĐ-BTC,04/07/2025,Bộ Tài chính,"V/v Công bố thủ tục hành chính được sửa đổi, bổ sung trong lĩnh vực hải quan thuộc phạm vi chức năng quản lý của Bộ Tài chính",100676,310,10,DONG_NAI,null,01/07/2025,https://files.customs.gov.vn/CustomsCMS/DONG_NAI/2025/7/14/2371_QD_BTC_04_07_2025.pdf,[],https://www.customs.gov.vn/index.jsp?pageId=3&id=100676&cid=1294,2025,07/2025,2026-10-08T09:59:27Z
1381,12382/CHQ-GSQL,04/07/2025,Ban Giám sát quản lý về Hải quan,V/v Hướng dẫn thủ tục hải quan (Công ty TNHH Hyosung Financial System Vina),100564,310,16,DONG_NAI,null,null,https://files.customs.gov.vn/CustomsCMS/DONG_NAI/2025/7/4/12382_CHQ_GSQL_04_07_2025.pdf,[],https://www.customs.gov.vn/index.jsp?pageId=3&id=100564&cid=1294,2025,07/2025,2026-10-08T09:59:27Z
1382,12554/CHQ-GSQL,04/07/2025,Ban Giám sát quản lý về Hải quan,V/v Hướng dẫn thủ tục hải quan (Công ty TNHH Delta Galil Việt Nam),100565,310,16,DONG_NAI,null,null,https://files.customs.gov.vn/CustomsCMS/DONG_NAI/2025/7/4/12554_CHQ_GSQL_04_07_2025.pdf,[],https://www.customs.gov.vn/index.jsp?pageId=3&id=100565&cid=1294,2025,07/2025,2026-10-08T09:59:27Z
1383,12697/CHQ-GSQL,04/07/2025,Ban Giám sát quản lý về Hải quan,V/v Mã loại hình nhập khẩu (Chi nhánh Công ty TNHH Qualcomm Việt Nam),100570,310,16,DONG_NAI,null,null,https://files.customs.gov.vn/CustomsCMS/DONG_NAI/2025/7/7/12697_CHQ_GSQL_04_07_2025.pdf,[],https://www.customs.gov.vn/index.jsp?pageId=3&id=100570&cid=1294,2025,07/2025,2026-10-08T09:59:27Z
1384,12698/CHQ-GSQL,04/07/2025,Ban Giám sát quản lý về Hải quan,V/v Vướng mắc thủ tục hải quan (Công ty TNHH NIHON PLAST Việt Nam),100571,310,16,DONG_NAI,null,null,https://files.customs.gov.vn/CustomsCMS/DONG_NAI/2025/7/7/12698_CHQ_GSQL_04_07_2025.pdf,[],https://www.customs.gov.vn/index.jsp?pageId=3&id=100571&cid=1294,2025,07/2025,2026-10-08T09:59:27Z
1385,Quyết định số 2371/QĐ-BTC,04/07/2025,Bộ Tài chính,"Quyết định 2371/QĐ-BTC của Bộ Tài chính về việc công bố thủ tục hành chính được sửa đổi, bổ sung trong lĩnh vực hải quan thuộc phạm vi chức năng quản lý của Bộ Tài chính",100678,310,10,THANH_HOA,null,null,https://files.customs.gov.vnhttps://files.customs.gov.vn/CustomsCMS/THANH_HOA/2025/7/14/Quyết định-2371-QĐ-BTC.pdf,[],https://www.customs.gov.vn/index.jsp?pageId=3&id=100678&cid=1294,2025,07/2025,2026-10-08T09:59:27Z
1395,12252/chq-gsql,03/07/2025,Cục Hải quan,Thủ tục hải quan khi thay đổi địa chỉ theo phương án sắp xếp các đơn vị hành chính,100557,310,16,CAO_BANG,null,null,https://files.customs.gov.vn/CustomsCMS/CAO_BANG/2025/7/3/12252.pdf,[],https://www.customs.gov.vn/index.jsp?pageId=3&id=100557&cid=1294,2025,07/2025,2026-10-08T09:59:27Z
1430,64/2025/TT-BTC,30/06/2025,Bộ Tài chính,"V/v Quy định mức thu, miễn một số khoản phí, lệ phí nhằm hỗ trợ cho doanh nghiệp, người dân",100534,310,4,DONG_NAI,null,01/07/2025,https://files.customs.gov.vn/CustomsCMS/DONG_NAI/2025/7/3/64_2025_TT_BTC_30_06_2025.pdf,[],https://www.customs.gov.vn/index.jsp?pageId=3&id=100534&cid=1294,2025,06/2025,2026-10-08T09:59:27Z
1431,NĐ 167/2025/NĐ-CP,30/06/2025,Chính phủ,"Nghị định 167/2025/NĐ-CP của Chính phủ sửa đổi, bổ sung một số điều của Nghị định 08/2015/NĐ-CP ngày 21/01/2015 của Chính phủ quy định chi tiết và biện pháp thi hành Luật Hải quan về thủ tục hải quan, kiểm tra, giám sát, kiểm soát hải quan",100665,310,8,THANH_HOA,Hồ Đức Phớc,null,https://files.customs.gov.vnhttps://files.customs.gov.vn/CustomsCMS/THANH_HOA/2025/7/11/Nghị định-167-2025-NĐ-CP.pdf,[],https://www.customs.gov.vn/index.jsp?pageId=3&id=100665&cid=1294,2025,06/2025,2026-10-08T09:59:27Z
1436,11202/CHQ-GSQL,27/06/2025,Ban Giám sát quản lý về Hải quan,V/v Lưu giữ hàng hóa tại kho thuê ngoài DNCX (Công ty TNHH Talway Việt Nam),100471,310,16,DONG_NAI,null,null,https://files.customs.gov.vn/CustomsCMS/DONG_NAI/2025/6/27/11202_CHQ_GSQL_27_06_2025.pdf,[],https://www.customs.gov.vn/index.jsp?pageId=3&id=100471&cid=1294,2025,06/2025,2026-10-08T09:59:27Z
1437,11203/CHQ-GSQL,27/06/2025,Ban Nghiệp vụ thuế HQ,"V/v Thủ tục tạm nhập, tái xuất (Công ty TNHH Intergis Vina)",100472,310,16,DONG_NAI,null,null,https://files.customs.gov.vn/CustomsCMS/DONG_NAI/2025/6/27/11203_CHQ_GSQL_27_06_2025.pdf,[],https://www.customs.gov.vn/index.jsp?pageId=3&id=100472&cid=1294,2025,06/2025,2026-10-08T09:59:27Z
1438,11370/CHQ-GSQL,27/06/2025,Ban Giám sát quản lý về Hải quan,V/v Tái xuất hàng hóa đã nhập khẩu (Công ty TNHH Điện tử R&P),100477,310,16,DONG_NAI,null,null,https://files.customs.gov.vn/CustomsCMS/DONG_NAI/2025/6/30/11370_CHQ_GSQL_27_06_2025.pdf,[],https://www.customs.gov.vn/index.jsp?pageId=3&id=100477&cid=1294,2025,06/2025,2026-10-08T09:59:27Z
1442,742/HQKV18-NV,26/06/2025,Chi cục Hải quan khu vực XVIII,V/v Xác định trước mã số HS (Công ty TNHH Peaktop Việt Nam),100468,310,16,DONG_NAI,null,null,https://files.customs.gov.vn/CustomsCMS/DONG_NAI/2025/6/27/742_HQKV18_NV_26_06_2025.pdf,[],https://www.customs.gov.vn/index.jsp?pageId=3&id=100468&cid=1294,2025,06/2025,2026-10-08T09:59:27Z
1446,1041/HQKV10-VP,25/06/2025,HQKV10,V/v công khai thủ tục hành chính,100460,310,16,THANH_HOA,null,null,"https://files.customs.gov.vnhttps://files.customs.gov.vn/CustomsCMS/THANH_HOA/2025/6/26/cv 1041.pdf,/CustomsCMS/THANH_HOA/2025/6/26/qđ 2038 tthc.pdf",[],https://www.customs.gov.vn/index.jsp?pageId=3&id=100460&cid=1294,2025,06/2025,2026-10-08T09:59:27Z
1447,10835/CHQ-CHQ,25/06/2025,Ban Giám sát quản lý về Hải quan,V/v Vướng mắc C/O mẫu E (Công ty TNHH Great Union International Việt Nam),100466,310,16,DONG_NAI,null,null,https://files.customs.gov.vn/CustomsCMS/DONG_NAI/2025/6/26/10835_CHQ_GSQL_25_06_2025.pdf,[],https://www.customs.gov.vn/index.jsp?pageId=3&id=100466&cid=1294,2025,06/2025,2026-10-08T09:59:27Z
1448,2122/QĐ-BTC,25/06/2025,Bộ Tài chính,"Về việc công bố thủ tục hành chính được sửa đối, bổ sung, bị bãi bỏ trong lĩnh vực quản lý thuế, hải quan thuộc phạm vi chức năng quản lý của Bộ Tài chính",101873,310,10,TONG_CUC,Cao Anh Tuấn,25/06/2025,https://files.customs.gov.vn/CustomsCMS/TONG_CUC/2025/11/18/quyet-dinh-2122-btc-2025-tthc.pdf,[],https://www.customs.gov.vn/index.jsp?pageId=3&id=101873&cid=1294,2025,06/2025,2026-10-08T09:59:27Z
1454,051/2025/TT-BTC,24/06/2025,Bộ Tài chính,"V/v Quy định thủ tục về giao dịch điện tử trong lĩnh vực thuế đối với hàng hóa xuất khẩu, nhập khẩu, quá cảnh và phương tiện vận tải xuất cảnh, nhập cảnh, quá cảnh",100562,310,4,DONG_NAI,null,07/08/2025,https://files.customs.gov.vn/CustomsCMS/DONG_NAI/2025/7/4/51_2025_TT_BTC_24_06_2025.pdf,[],https://www.customs.gov.vn/index.jsp?pageId=3&id=100562&cid=1294,2025,06/2025,2026-10-08T09:59:27Z
1456,10232/CHQ-NVTHQ,23/06/2025,Ban Nghiệp vụ thuế HQ,V/v Mã HS kính ô tô (Công ty TNHH Mercedes-Benz Việt Nam),100428,310,16,DONG_NAI,null,null,https://files.customs.gov.vn/CustomsCMS/DONG_NAI/2025/6/24/10232_CHQ_NVTHQ_23_06_2025.pdf,[],https://www.customs.gov.vn/index.jsp?pageId=3&id=100428&cid=1294,2025,06/2025,2026-10-08T09:59:27Z
1457,10234/CHQ-NVTHQ,23/06/2025,Ban Nghiệp vụ thuế HQ,V/v Phân loại mặt hàng Đồng tinh luyện của Công ty TNHH Cửu Tinh Việt Nam (Chi cục HQ khu vực XV),100429,310,16,DONG_NAI,null,null,https://files.customs.gov.vn/CustomsCMS/DONG_NAI/2025/6/24/10234_CHQ_NVTHQ_23_06_2025.pdf,[],https://www.customs.gov.vn/index.jsp?pageId=3&id=100429&cid=1294,2025,06/2025,2026-10-08T09:59:27Z
1458,10322/CHQ-NVTHQ,23/06/2025,Ban Nghiệp vụ thuế HQ,V/v Phân loại hàng hóa (Công ty TNHH Opticon Việt Nam),100430,310,16,DONG_NAI,null,null,https://files.customs.gov.vn/CustomsCMS/DONG_NAI/2025/6/24/10322_CHQ_NVTHQ_23_06_2025.pdf,[],https://www.customs.gov.vn/index.jsp?pageId=3&id=100430&cid=1294,2025,06/2025,2026-10-08T09:59:27Z
1459,10438/CHQ-GSQL,23/06/2025,Ban Giám sát quản lý về Hải quan,V/v Tái nhập hàng hóa đã xuất khẩu (Công ty TNHH Vietmerex),100431,310,16,DONG_NAI,null,null,https://files.customs.gov.vn/CustomsCMS/DONG_NAI/2025/6/24/10438_CHQ_GSQL_23_06_2025.pdf,[],https://www.customs.gov.vn/index.jsp?pageId=3&id=100431&cid=1294,2025,06/2025,2026-10-08T09:59:27Z
1462,9871/CHQ-GSQL,20/06/2025,Ban Giám sát quản lý về Hải quan,"V/v Nhập khẩu máy móc, thiết bị chuyên dùng không tham gia giao thông (Công ty TNHH Dịch vụ và Thương mại Kim Mạnh)",100411,310,16,DONG_NAI,null,null,https://files.customs.gov.vn/CustomsCMS/DONG_NAI/2025/6/20/9871_CHQ_GSQL_20_06_2025.pdf,[],https://www.customs.gov.vn/index.jsp?pageId=3&id=100411&cid=1294,2025,06/2025,2026-10-08T09:59:27Z
1466,9766/CHQ-GSQL,19/06/2025,Ban Giám sát quản lý về Hải quan,V/v Nhập khẩu khô dầu hạt cải (Công ty TNHH Wilmar Argo Việt Nam),100409,310,16,DONG_NAI,null,null,https://files.customs.gov.vn/CustomsCMS/DONG_NAI/2025/6/20/9766_CHQ_GSQL_19_06_2025.pdf,[],https://www.customs.gov.vn/index.jsp?pageId=3&id=100409&cid=1294,2025,06/2025,2026-10-08T09:59:27Z
1467,9767/CHQ-GSQL,19/06/2025,Ban Giám sát quản lý về Hải quan,V/v Hướng dẫn thủ tục hải quan (Công ty TNHH Gain Lucky Việt Nam),100410,310,16,DONG_NAI,null,null,https://files.customs.gov.vn/CustomsCMS/DONG_NAI/2025/6/20/9767_CHQ_GSQL_19_06_2025.pdf,[],https://www.customs.gov.vn/index.jsp?pageId=3&id=100410&cid=1294,2025,06/2025,2026-10-08T09:59:27Z
1468,970/HQKV10-VP,18/06/2025,HQKV10,V/v công khai thủ tục hành chính,100407,310,16,THANH_HOA,Phạm Hương Giang,null,https://files.customs.gov.vn/CustomsCMS/THANH_HOA/2025/6/19/fc571d0f-83c9-4a04-9248-a1d302e870f0.pdf,[],https://www.customs.gov.vn/index.jsp?pageId=3&id=100407&cid=1294,2025,06/2025,2026-10-08T09:59:27Z
1479,9075/CHQ-GSQL,13/06/2025,Ban Giám sát quản lý về Hải quan,V/v Xuất khẩu gạo tăng cường vi chất dinh dưỡng (Công ty TNHH thực phẩn và nông sản Đông Dương),100357,310,16,DONG_NAI,null,null,https://files.customs.gov.vn/CustomsCMS/DONG_NAI/2025/6/16/9075_CHQ_GSQL_13_06_2025.pdf,[],https://www.customs.gov.vn/index.jsp?pageId=3&id=100357&cid=1294,2025,06/2025,2026-10-08T09:59:27Z
1480,9076/CHQ-GSQL,13/06/2025,Ban Giám sát quản lý về Hải quan,"V/v Hướng dẫn mã loại hình xuất khẩu, nhập khẩu (Công ty TNHH Thương mại xuất nhập khẩu Khai Tâm)",100358,310,16,DONG_NAI,null,null,https://files.customs.gov.vn/CustomsCMS/DONG_NAI/2025/6/16/9076_CHQ_GSQL_13_06_2025.pdf,[],https://www.customs.gov.vn/index.jsp?pageId=3&id=100358&cid=1294,2025,06/2025,2026-10-08T09:59:27Z
1481,9077/CHQ-GSQL,13/06/2025,Ban Giám sát quản lý về Hải quan,V/v Khai báo hải quan điện tử (Công ty TNHH Ken Logistics),100359,310,16,DONG_NAI,null,null,https://files.customs.gov.vn/CustomsCMS/DONG_NAI/2025/6/16/9077_CHQ_GSQL_13_06_2025.pdf,[],https://www.customs.gov.vn/index.jsp?pageId=3&id=100359&cid=1294,2025,06/2025,2026-10-08T09:59:27Z
1489,882/HQKV10-VP,11/06/2025,HQKV10,V/v công khai thủ tục hành chính,100356,310,16,THANH_HOA,null,null,"https://files.customs.gov.vnhttps://files.customs.gov.vn/CustomsCMS/THANH_HOA/2025/6/16/cv 882 cong khai tthc.pdf,/CustomsCMS/THANH_HOA/2025/6/16/QĐ 1474 tthc.pdf",[],https://www.customs.gov.vn/index.jsp?pageId=3&id=100356&cid=1294,2025,06/2025,2026-10-08T09:59:27Z
1494,8281/CHQ-GSQL,06/06/2025,Ban Giám sát quản lý về Hải quan,V/v Hoạt động đóng gói để xuất khẩu của DNCX (Công ty TNHh Luxshare - ICT Nghệ An),100299,310,16,DONG_NAI,null,null,https://files.customs.gov.vn/CustomsCMS/DONG_NAI/2025/6/9/8281_CHQ_GSQL_06_06_2025.pdf,[],https://www.customs.gov.vn/index.jsp?pageId=3&id=100299&cid=1294,2025,06/2025,2026-10-08T09:59:27Z
1506,6961/CHQ-GSQL,29/05/2025,Ban Giám sát quản lý về Hải quan,V/v Thủ tục hải quan (Công ty TNHH Wilmar Marketing CLV),100215,310,16,DONG_NAI,null,null,https://files.customs.gov.vn/CustomsCMS/DONG_NAI/2025/5/29/6961_CHQ_GSQL_29_05_2025.pdf,[],https://www.customs.gov.vn/index.jsp?pageId=3&id=100215&cid=1294,2025,05/2025,2026-10-08T09:59:27Z
1507,766/TB-HQKV10,29/05/2025,HQKV10,"Thông báo Mã định danh gửi, nhận văn bản điện tử của Chi cục Hải quan khu vực X và các đơn vị thuộc Chi cục",100227,310,16,THANH_HOA,null,null,https://files.customs.gov.vnhttps://files.customs.gov.vn/CustomsCMS/THANH_HOA/2025/5/30/TB 766 mã định danh.pdf,[],https://www.customs.gov.vn/index.jsp?pageId=3&id=100227&cid=1294,2025,05/2025,2026-10-08T09:59:27Z
1515,30/TB-HQKV2,23/05/2025,Chi cục Hải quan khu vực II,"Về việc cập nhật, bổ sung mã bộ phận xử Lý tờ khai trên hệ thống VNACCS",100152,310,19,TP_HO_CHI_MINH,null,null,https://files.customs.gov.vn/CustomsCMS/TP_HO_CHI_MINH/2025/5/26/30.signed.pdf,[],https://www.customs.gov.vn/index.jsp?pageId=3&id=100152&cid=1294,2025,05/2025,2026-10-08T09:59:27Z
1524,5262/CHQ-GSQL,19/05/2025,Ban Giám sát quản lý về Hải quan,V/v Vướng mắc Chứng từ chứng nhận xuất xứ hàng hóa (Công ty cổ phần Thuận Hải Commodities),100090,310,16,DONG_NAI,null,null,https://files.customs.gov.vn/CustomsCMS/DONG_NAI/2025/5/19/5262_CHQ_GSQL_19_05_2025.pdf,[],https://www.customs.gov.vn/index.jsp?pageId=3&id=100090&cid=1294,2025,05/2025,2026-10-08T09:59:27Z
1539,5032/CHQ-GSQL,15/05/2025,Ban Giám sát quản lý về Hải quan,V/v Tái xuất xe ô tô (Công ty CP La Hán Hoàng Phát),100072,310,16,DONG_NAI,null,null,https://files.customs.gov.vn/CustomsCMS/DONG_NAI/2025/5/15/5032_CHQ_GSQL_15_05_2025.pdf,[],https://www.customs.gov.vn/index.jsp?pageId=3&id=100072&cid=1294,2025,05/2025,2026-10-08T09:59:27Z
1540,5033/CHQ-GSQL,15/05/2025,Ban Giám sát quản lý về Hải quan,V/v Mặt hàng nhập khẩu không thuộc đối tượng hóa chất được điều chỉnh của Nghị định 113/2017/NĐ-CP (Công ty Sika Hữu hạn Việt Nam),100073,310,16,DONG_NAI,null,null,https://files.customs.gov.vn/CustomsCMS/DONG_NAI/2025/5/15/5033_CHQ_GSQL_15_05_2025.pdf,[],https://www.customs.gov.vn/index.jsp?pageId=3&id=100073&cid=1294,2025,05/2025,2026-10-08T09:59:27Z
1547,4517/CHQ-GSQL,12/05/2025,Ban Giám sát quản lý về Hải quan,V/v Xác định loại hình kinh doanh (Công ty Cổ phần Tập đoàn Khoáng sản và Thương mại VQB),100027,310,16,DONG_NAI,null,null,https://files.customs.gov.vn/CustomsCMS/DONG_NAI/2025/5/12/4517_CHQ_GSQL_12_05_2025.pdf,[],https://www.customs.gov.vn/index.jsp?pageId=3&id=100027&cid=1294,2025,05/2025,2026-10-08T09:59:27Z
1548,4528/CHQ-GSQL,12/05/2025,Ban Giám sát quản lý về Hải quan,V/v Nhập khẩu Lanolin làm mỹ phẩm (Công ty TNHH Matsumoto Trading Việt Nam),100028,310,16,DONG_NAI,null,null,https://files.customs.gov.vn/CustomsCMS/DONG_NAI/2025/5/13/4528_CHQ_GSQL_12_05_2025.pdf,[],https://www.customs.gov.vn/index.jsp?pageId=3&id=100028&cid=1294,2025,05/2025,2026-10-08T09:59:27Z
1550,4414/CHQ-GSQL,09/05/2025,Ban Giám sát quản lý về Hải quan,V/v Thanh khoản hợp đồng gia công (Công ty TNHH Tư vấn UNI),100023,310,16,DONG_NAI,null,null,https://files.customs.gov.vn/CustomsCMS/DONG_NAI/2025/5/12/4414_CHQ_GSQL_09_05_2025.pdf,[],https://www.customs.gov.vn/index.jsp?pageId=3&id=100023&cid=1294,2025,05/2025,2026-10-08T09:59:27Z
1560,467/QĐ-CHQ,29/04/2025,Cục Hải quan,"Quyết định số 467/QĐ-CHQ ngày 29/4/2025 của Cục Hải quan về việc ban hành Quy trình kiểm tra, xác định xuất xứ hàng hóa xuất khẩu, nhập khẩu",99988,310,10,TONG_CUC,Âu Anh Tuấn,29/04/2025,https://files.customs.gov.vn/CustomsCMS/TONG_CUC/2025/5/6/VB_467.pdf,[],https://www.customs.gov.vn/index.jsp?pageId=3&id=99988&cid=1294,2025,04/2025,2026-10-08T09:59:27Z
1567,3321/CHQ-GSQL,25/04/2025,Ban Giám sát quản lý về Hải quan,V/v Đề nghị xác định xuất xứ (Công ty TNHH Thuốc thú y Boehringer Ingelheim Việt Nam),99919,310,16,DONG_NAI,null,null,https://files.customs.gov.vn/CustomsCMS/DONG_NAI/2025/4/25/3321_CHQ_GSQL_25_04_2025.pdf,[],https://www.customs.gov.vn/index.jsp?pageId=3&id=99919&cid=1294,2025,04/2025,2026-10-08T09:59:27Z
1576,14/TB-HQKV2,22/04/2025,Chi cục Hải quan khu vực II,V/v bổ sung mã bộ phận xử lý tờ khai trên hệ thống VNACCS,99905,310,19,TP_HO_CHI_MINH,null,null,https://files.customs.gov.vn/CustomsCMS/TP_HO_CHI_MINH/2025/4/24/14.signed.pdf,[],https://www.customs.gov.vn/index.jsp?pageId=3&id=99905&cid=1294,2025,04/2025,2026-10-08T09:59:27Z
1577,2761/CHQ-GSQL,22/04/2025,Ban Giám sát quản lý về Hải quan,V/v Ủy thác tạm nhập - tái xuất (Công ty Cổ phần Khoáng sản và Thương mại Thái Nguyên),99891,310,16,DONG_NAI,null,null,https://files.customs.gov.vn/CustomsCMS/DONG_NAI/2025/4/22/2761_CHQ_GSQL_22_04_2025.pdf,[],https://www.customs.gov.vn/index.jsp?pageId=3&id=99891&cid=1294,2025,04/2025,2026-10-08T09:59:27Z
1579,2615/CHQ-NVTHQ,21/04/2025,Ban Nghiệp vụ thuế HQ,V/v Phân loại và xử lý thuế hàng nhập khẩu (Công ty TNHH Garmin Việt Nam),99887,310,16,DONG_NAI,null,null,https://files.customs.gov.vn/CustomsCMS/DONG_NAI/2025/4/22/2615_CHQ_NVTHQ_21_04_2025.pdf,[],https://www.customs.gov.vn/index.jsp?pageId=3&id=99887&cid=1294,2025,04/2025,2026-10-08T09:59:27Z
1586,2514/CHQ-GSQL,18/04/2025,Ban Nghiệp vụ thuế HQ,V/v Hướng dẫn thủ tục hải quan (Công ty TNHH Hyosung Financial System Vina),99880,310,16,DONG_NAI,null,null,https://files.customs.gov.vn/CustomsCMS/DONG_NAI/2025/4/21/2514_CHQ_GSQL_18_04_2025.pdf,[],https://www.customs.gov.vn/index.jsp?pageId=3&id=99880&cid=1294,2025,04/2025,2026-10-08T09:59:27Z
1597,2217/CHQ-GSQL,16/04/2025,Ban Giám sát quản lý về Hải quan,V/v Thủ tục hải quan đối với hàng hóa tạm nhập - tái xuất (Công ty TNHH ICEL Logistics),99824,310,16,DONG_NAI,null,null,https://files.customs.gov.vn/CustomsCMS/DONG_NAI/2025/4/16/2217_CHQ_GSQL_16_04_2025.pdf,[],https://www.customs.gov.vn/index.jsp?pageId=3&id=99824&cid=1294,2025,04/2025,2026-10-08T09:59:27Z
1599,1936/CHQ-GSQL,14/04/2025,Ban Giám sát quản lý về Hải quan,V/v Hàng hóa xuất khẩu đóng chung container của nhiều chủ hàng (Công ty TNHH Sản phẩm thể thao giải trí Bestway Việt Nam),99804,310,16,DONG_NAI,null,null,https://files.customs.gov.vn/CustomsCMS/DONG_NAI/2025/4/15/1936_CHQ_GSQL_14_04_2025.pdf,[],https://www.customs.gov.vn/index.jsp?pageId=3&id=99804&cid=1294,2025,04/2025,2026-10-08T09:59:27Z
1646,920/CHQ-GSQL,01/04/2025,Ban Giám sát quản lý,V/v Hướng dẫn mã loại hình (Công ty TNHH Thực phẩm Thương mại Đại Phát),99718,310,16,DONG_NAI,null,null,https://files.customs.gov.vn/CustomsCMS/DONG_NAI/2025/4/1/920_CHQ_GSQL_01_04_2025.pdf,[],https://www.customs.gov.vn/index.jsp?pageId=3&id=99718&cid=1294,2025,04/2025,2026-10-08T09:59:27Z
1651,491/CHQ-GSQL,26/03/2025,Ban Giám sát quản lý,V/v Thay đổi mục đích sử dụng (Công ty TNHH MTV Semitec Electronics Việt Nam),99699,310,16,DONG_NAI,null,null,https://files.customs.gov.vn/CustomsCMS/DONG_NAI/2025/3/26/491_CHQ_GSQL_26_03_2025.pdf,[],https://www.customs.gov.vn/index.jsp?pageId=3&id=99699&cid=1294,2025,03/2025,2026-10-08T09:59:27Z
1652,436/CHQ-GSQL,25/03/2025,Ban Giám sát quản lý,V/v Tạm xuất tái nhập hàng thử nghiệm (Công ty TNHH Quantel Global Việt Nam),99692,310,16,DONG_NAI,null,null,https://files.customs.gov.vn/CustomsCMS/DONG_NAI/2025/3/25/436_CHQ_GSQL_25_03_2025.pdf,[],https://www.customs.gov.vn/index.jsp?pageId=3&id=99692&cid=1294,2025,03/2025,2026-10-08T09:59:27Z
1653,482/CHQ-NVTHQ,25/03/2025,Ban Nghiệp vụ thuế HQ,V/v Mã HS xe điện chở người bốn bánh tham gia giao thông trong phạm vi hạn chế (Công ty TNHH xe điện TRAN E-CAR),99698,310,16,DONG_NAI,null,null,https://files.customs.gov.vn/CustomsCMS/DONG_NAI/2025/3/26/482_CHQ_NVTHQ_25_03_2025.pdf,[],https://www.customs.gov.vn/index.jsp?pageId=3&id=99698&cid=1294,2025,03/2025,2026-10-08T09:59:27Z
1773,723/TCHQ-TXNK,17/02/2025,Cục Thuế xuất nhập khẩu,V/v Phân loại mặt hàng Nhôm nhập khẩu (Công ty TNHH Aluminum New Star),99009,310,16,DONG_NAI,null,null,https://files.customs.gov.vn/CustomsCMS/DONG_NAI/2025/2/18/723_TCHQ_TXNK_17_02_2025.pdf,[],https://www.customs.gov.vn/index.jsp?pageId=3&id=99009&cid=1294,2025,02/2025,2026-10-08T09:59:27Z
1813,15/QĐ-HQCM,21/01/2025,Cục Hải quan Cà Mau,Quyết định về việc công nhận địa điểm kiểm tra hàng hóa tại cơ sở sản xuất,98582,310,10,CA_MAU,Cao Văn Miên,21/01/2025,,[],https://www.customs.gov.vn/index.jsp?pageId=3&id=98582&cid=1294,2025,01/2025,2026-10-08T09:59:27Z
1814,16/QĐ-HQCM,21/01/2025,Cục Hải quan Cà Mau,Quyết định về việc gia hạn thời hạn hiệu lực của Quyết định công nhận địa điểm kiểm tra hàng hóa tại cơ sở sản xuất,98583,310,10,CA_MAU,Cao Văn Miên,21/01/2025,,[],https://www.customs.gov.vn/index.jsp?pageId=3&id=98583&cid=1294,2025,01/2025,2026-10-08T09:59:27Z
1855,90/TCHQ-GSQL,07/01/2025,Cục Giám sát Quản lý,V/v Vướng mắc nhập khẩu điều thô từ Châu Phi (Hiệp hội Điều Việt Nam),98305,310,16,DONG_NAI,null,null,https://files.customs.gov.vn/CustomsCMS/DONG_NAI/2025/1/8/90_TCHQ_GSQL_07_01_2025.pdf,[],https://www.customs.gov.vn/index.jsp?pageId=3&id=98305&cid=1294,2025,01/2025,2026-10-08T09:59:27Z
1884,02/QĐ-HQCM,03/01/2025,Cục Hải quan Cà Mau,Quyết định về việc công nhận địa điểm kiểm tra hàng hóa tại cơ sở sản xuất,98388,310,10,CA_MAU,Cao Văn Miên,03/01/2025,https://files.customs.gov.vnhttps://files.customs.gov.vn/CustomsCMS/CA_MAU/2025/1/13/QD 02.pdf,[],https://www.customs.gov.vn/index.jsp?pageId=3&id=98388&cid=1294,2025,01/2025,2026-10-08T09:59:27Z
1885,28/TCHQ-GSQL,03/01/2025,Cục Giám sát Quản lý về Hải quan,V/v Xuất khẩu linh kiện lỗi (Hội đồng Kinh doanh Hoa Kỳ - ASEAN),98279,310,16,DONG_NAI,null,null,https://files.customs.gov.vn/CustomsCMS/DONG_NAI/2025/1/6/28_TCHQ_GSQL_03_01_2025.pdf,[],https://www.customs.gov.vn/index.jsp?pageId=3&id=98279&cid=1294,2025,01/2025,2026-10-08T09:59:27Z
1893,259/QĐ-HQCM,29/11/2024,Cục Hải quan tỉnh Cà Mau,Quyết định về việc công nhận địa điểm kiểm tra hàng hóa tại cơ sở sản xuất,97837,310,10,CA_MAU,Cao Văn Miên,29/11/2024,https://files.customs.gov.vnhttps://files.customs.gov.vn/CustomsCMS/CA_MAU/2024/12/2/QD 259.pdf,[],https://www.customs.gov.vn/index.jsp?pageId=3&id=97837&cid=1294,2024,11/2024,2026-10-08T09:59:33Z
1918,28/VBHN-BCT,24/11/2024,Bộ Công Thương,V/v Quy định về quá cảnh hàng hóa của Vương quốc Campuchia qua lãnh thổ nước Cộng hòa xã hội chủ nghĩa Việt Nam,99633,310,525,DONG_NAI,null,null,https://files.customs.gov.vn/CustomsCMS/DONG_NAI/2025/3/19/28_VBHN_BCT_22_11_2024_m.pdf,[],https://www.customs.gov.vn/index.jsp?pageId=3&id=99633&cid=1294,2024,11/2024,2026-10-08T09:59:33Z
1927,246/QĐ-HQCM,20/11/2024,Cục Hải quan tỉnh Cà Mau,Quyết định về việc công nhận địa điểm kiểm tra hàng hóa tại cơ sở sản xuất,97745,310,10,CA_MAU,Võ Thành Liêm,20/11/2024,https://files.customs.gov.vnhttps://files.customs.gov.vn/CustomsCMS/CA_MAU/2024/11/20/QD 246.pdf,[],https://www.customs.gov.vn/index.jsp?pageId=3&id=97745&cid=1294,2024,11/2024,2026-10-08T09:59:33Z
2002,2521/QĐ-BTC,24/10/2024,Bộ Tài chính,Kế hoạch triển khai nhiệm vụ của Bộ Tài chính tại Quyết định số 865/QĐ-TTg ngày 17/8/2024 của Thủ tướng Chính phủ phê duyệt Đề án thí điểm xây dựng Cửa khẩu thông minh tại đường chuyên dụng vận chuyển hàng hóa khu vực mốc 1119-1120 và đường chuyên dụng vận chuyển hàng hóa khu vực mốc 1088/2 – 1089 thuộc cặp cửa khẩu quốc tế Hữu Nghị (Việt Nam) – Hữu Nghị Quan (Trung Quốc).,97289,310,10,TONG_CUC,Nguyễn Đức Chi,null,https://files.customs.gov.vn/CustomsCMS/TONG_CUC/2024/10/30/QD2521.pdf,[],https://www.customs.gov.vn/index.jsp?pageId=3&id=97289&cid=1294,2024,10/2024,2026-10-08T09:59:33Z
2023,206/QĐ-HQCM,17/10/2024,Cục Hải quan tỉnh Cà Mau,Quyết định về việc công nhận địa điểm kiểm tra hàng hóa tại nơi sản xuất,97124,310,10,CA_MAU,Võ Thành Liêm,17/10/2024,https://files.customs.gov.vnhttps://files.customs.gov.vn/CustomsCMS/CA_MAU/2024/10/18/QD 206.pdf,[],https://www.customs.gov.vn/index.jsp?pageId=3&id=97124&cid=1294,2024,10/2024,2026-10-08T09:59:33Z
2039,205/QĐ-HQCM,11/10/2024,Cục Hải quan tỉnh Cà Mau,Quyết định về việc công nhận địa điểm kiểm tra hàng hóa tại nơi sản xuất,97038,310,10,CA_MAU,Võ Thành Liêm,11/10/2024,https://files.customs.gov.vnhttps://files.customs.gov.vn/CustomsCMS/CA_MAU/2024/10/11/QD 205.pdf,[],https://www.customs.gov.vn/index.jsp?pageId=3&id=97038&cid=1294,2024,10/2024,2026-10-08T09:59:33Z
2084,201/QĐ-HQCM,26/09/2024,Cục Hải quan tỉnh Cà Mau,Quyết định về việc công nhận địa điểm kiểm tra hàng hóa tại nơi sản xuất,96834,310,10,CA_MAU,Võ Thành Liêm,26/09/2024,https://files.customs.gov.vnhttps://files.customs.gov.vn/CustomsCMS/CA_MAU/2024/9/26/QD 201.pdf,[],https://www.customs.gov.vn/index.jsp?pageId=3&id=96834&cid=1294,2024,09/2024,2026-10-08T09:59:33Z
2101,200/QĐ-HQCM,24/09/2024,Cục Hải quan tỉnh Cà Mau,Quyết định về việc công nhận địa điểm kiểm tra hàng hóa tại chân công trình,96809,310,10,CA_MAU,Võ Thành Liêm,24/09/2024,https://files.customs.gov.vnhttps://files.customs.gov.vn/CustomsCMS/CA_MAU/2024/9/26/QD 200.pdf,[],https://www.customs.gov.vn/index.jsp?pageId=3&id=96809&cid=1294,2024,09/2024,2026-10-08T09:59:33Z
2103,194/QĐ-HQCM,23/09/2024,Cục Hải quan tỉnh Cà Mau,Quyết định về việc công nhận địa điểm kiểm tra hàng hóa tại nơi sản xuất,96808,310,10,CA_MAU,Võ Thành Liêm,23/09/2024,https://files.customs.gov.vnhttps://files.customs.gov.vn/CustomsCMS/CA_MAU/2024/9/26/QD 194.pdf,[],https://www.customs.gov.vn/index.jsp?pageId=3&id=96808&cid=1294,2024,09/2024,2026-10-08T09:59:33Z
2109,191/QĐ-HQCM,19/09/2024,Cục Hải quan tỉnh Cà Mau,Quyết định về việc công nhận địa điểm kiểm tra hàng hóa tại nơi sản xuất,96807,310,10,CA_MAU,Võ Thành Liêm,19/09/2024,https://files.customs.gov.vnhttps://files.customs.gov.vn/CustomsCMS/CA_MAU/2024/9/26/QĐ 191.pdf,[],https://www.customs.gov.vn/index.jsp?pageId=3&id=96807&cid=1294,2024,09/2024,2026-10-08T09:59:33Z
2141,4275/TCHQ-GSQL,06/09/2024,Tổng cục Hải quan,TGYK dự thảo Nghị định sửa đổi bổ sung NĐ số 08/2015/NĐ-CP,96672,310,16,TONG_CUC,null,null,https://files.customs.gov.vn/CustomsCMS/TONG_CUC/2024/9/11/1744275.pdf,[],https://www.customs.gov.vn/index.jsp?pageId=3&id=96672&cid=1294,2024,09/2024,2026-10-08T09:59:33Z
2142,4277/TCHQ-GSQL,06/09/2024,Tổng cục Hải quan,"TGYK dự thảo NĐ sửa đổi, bổ sung NĐ số 08/2015/NĐ-CP",96673,310,16,TONG_CUC,null,null,https://files.customs.gov.vn/CustomsCMS/TONG_CUC/2024/9/11/4277.pdf,[],https://www.customs.gov.vn/index.jsp?pageId=3&id=96673&cid=1294,2024,09/2024,2026-10-08T09:59:33Z
2153,VBHN,30/08/2024,Bộ Công Thương,V/v Văn bản hợp nhất Nghị định quy định chi tiết và hướng dẫn thi hành một số điều của Luật hóa chất,98252,310,525,DONG_NAI,null,null,https://files.customs.gov.vn/CustomsCMS/DONG_NAI/2025/1/2/VBHN_LuatHoachat.pdf,[],https://www.customs.gov.vn/index.jsp?pageId=3&id=98252&cid=1294,2024,08/2024,2026-10-08T09:59:33Z
2168,4151/TCHQ-TXNK,28/08/2024,Cục Thuế xuất nhập khẩu,"V/v Thủ tục hải quan, chính sách thuế (Công ty TNHH Gotech)",96523,310,16,DONG_NAI,null,null,https://files.customs.gov.vn/CustomsCMS/DONG_NAI/2024/8/30/4151_TCHQ_TXNK_28_08_2024.PDF,[],https://www.customs.gov.vn/index.jsp?pageId=3&id=96523&cid=1294,2024,08/2024,2026-10-08T09:59:33Z
2180,4079/TCHQ-TXNK,26/08/2024,Cục Thuế xuất nhập khẩu,V/v Phân loại hàng hóa (Công ty TNHH thực phẩm ngon cổ điển),96483,310,16,DONG_NAI,null,null,https://files.customs.gov.vn/CustomsCMS/DONG_NAI/2024/8/27/4079_TCHQ_TXNK_26_08_2024.PDF,[],https://www.customs.gov.vn/index.jsp?pageId=3&id=96483&cid=1294,2024,08/2024,2026-10-08T09:59:33Z
2231,171/QĐ-HQCM,09/08/2024,Cục Hải quan tỉnh Cà Mau,Quyết định về việc công nhận địa điểm kiểm tra hàng hóa tại nơi sản xuất,96256,310,10,CA_MAU,Cao Văn Miên,09/08/2024,https://files.customs.gov.vnhttps://files.customs.gov.vn/CustomsCMS/CA_MAU/2024/8/12/QĐ 171.pdf,[],https://www.customs.gov.vn/index.jsp?pageId=3&id=96256&cid=1294,2024,08/2024,2026-10-08T09:59:33Z
2235,169/QĐ-HQCM,08/08/2024,Cục Hải quan tỉnh Cà Mau,Quyết định về việc công nhận địa điểm kiểm tra hàng hóa tại chân công trình,96241,310,10,CA_MAU,Cao Văn Miên,08/08/2024,https://files.customs.gov.vnhttps://files.customs.gov.vn/CustomsCMS/CA_MAU/2024/8/9/QĐ 169.pdf,[],https://www.customs.gov.vn/index.jsp?pageId=3&id=96241&cid=1294,2024,08/2024,2026-10-08T09:59:33Z
2236,170/QĐ-HQCM,08/08/2024,Cục Hải quan tỉnh Cà Mau,Quyết định về việc công nhận địa điểm kiểm tra hàng hóa tại chân công trình,96242,310,10,CA_MAU,Cao Văn Miên,08/08/2024,https://files.customs.gov.vnhttps://files.customs.gov.vn/CustomsCMS/CA_MAU/2024/8/9/QĐ 170.pdf,[],https://www.customs.gov.vn/index.jsp?pageId=3&id=96242&cid=1294,2024,08/2024,2026-10-08T09:59:33Z
2240,166/QĐ-HQCM,06/08/2024,Cục Hải quan tỉnh Cà Mau,Quyết định về việc công nhận địa điểm kiểm tra hàng hóa tại nơi sản xuất,96240,310,10,CA_MAU,Cao Văn Miên,06/08/2024,https://files.customs.gov.vnhttps://files.customs.gov.vn/CustomsCMS/CA_MAU/2024/8/9/QĐ 166.pdf,[],https://www.customs.gov.vn/index.jsp?pageId=3&id=96240&cid=1294,2024,08/2024,2026-10-08T09:59:33Z
2246,163/QĐ-HQCM,02/08/2024,Cục Hải quan tỉnh Cà Mau,Quyết định về việc công nhận địa điểm kiểm tra hàng hóa tại nơi sản xuất,96132,310,10,CA_MAU,Cao Văn Miên,02/08/2024,https://files.customs.gov.vnhttps://files.customs.gov.vn/CustomsCMS/CA_MAU/2024/8/5/QĐ 163.pdf,[],https://www.customs.gov.vn/index.jsp?pageId=3&id=96132&cid=1294,2024,08/2024,2026-10-08T09:59:33Z
2248,1539/TB-HQTN,31/07/2024,Cục Hải quan tỉnh Tây Ninh,THÔNG BÁO: Triển khai Hệ thống quản lý Hải quan tự động VASSCM,96156,310,19,TAY_NINH,Nguyễn Văn Bổng,null,https://files.customs.gov.vn/CustomsCMS/TAY_NINH/2024/8/2/1539-TB-HQTN.pdf,[],https://www.customs.gov.vn/index.jsp?pageId=3&id=96156&cid=1294,2024,07/2024,2026-10-08T09:59:33Z
2249,160/QĐ-HQCM,31/07/2024,Cục Hải quan tỉnh Cà Mau,Quyết định về việc công nhận địa điểm kiểm tra hàng hóa tại nơi sản xuất,96118,310,10,CA_MAU,Cao Văn Miên,31/07/2024,https://files.customs.gov.vnhttps://files.customs.gov.vn/CustomsCMS/CA_MAU/2024/8/1/QĐ 160.pdf,[],https://www.customs.gov.vn/index.jsp?pageId=3&id=96118&cid=1294,2024,07/2024,2026-10-08T09:59:33Z
2274,151/QĐ-HQCM,19/07/2024,Cục Hải quan tỉnh Cà Mau,Quyết định về việc công nhận địa điểm kiểm tra hàng hóa tại nơi sản xuất,95871,310,10,CA_MAU,Cao Văn Miên,19/07/2024,https://files.customs.gov.vnhttps://files.customs.gov.vn/CustomsCMS/CA_MAU/2024/7/19/QĐ 151.pdf,[],https://www.customs.gov.vn/index.jsp?pageId=3&id=95871&cid=1294,2024,07/2024,2026-10-08T09:59:33Z
2282,147/QĐ-HQCM,12/07/2024,Cục Hải quan tỉnh Cà Mau,Quyết định về việc công nhận địa điểm kiểm tra hàng hóa tại nơi sản xuất,95686,310,10,CA_MAU,Cao Văn Miên,12/07/2024,https://files.customs.gov.vnhttps://files.customs.gov.vn/CustomsCMS/CA_MAU/2024/7/12/QĐ 147.pdf,[],https://www.customs.gov.vn/index.jsp?pageId=3&id=95686&cid=1294,2024,07/2024,2026-10-08T09:59:33Z
2344,130/QĐ-HQCM,20/06/2024,Cục Hải quan tỉnh Cà Mau,Quyết định về việc công nhận địa điểm kiểm tra hàng hóa tại nơi sản xuất,95235,310,10,CA_MAU,Cao Văn Miên,20/06/2024,https://files.customs.gov.vn/CustomsCMS/CA_MAU/2024/6/26/QĐ130.pdf,[],https://www.customs.gov.vn/index.jsp?pageId=3&id=95235&cid=1294,2024,06/2024,2026-10-08T09:59:33Z
2436,97/QĐ-HQCM,20/05/2024,Cục Hải quan tỉnh Cà Mau,Quyết định về việc công nhận địa điểm kiểm tra hàng hóa tại nơi sản xuất,94008,310,10,CA_MAU,Cao Văn Miên,20/05/2024,https://files.customs.gov.vnhttps://files.customs.gov.vn/CustomsCMS/CA_MAU/2024/5/21/QĐ 97.pdf,[],https://www.customs.gov.vn/index.jsp?pageId=3&id=94008&cid=1294,2024,05/2024,2026-10-08T09:59:33Z
2439,96/QĐ-HQCM,17/05/2024,Cục Hải quan tỉnh Cà Mau,Quyết định về việc công nhận địa điểm kiểm tra hàng hóa tại nơi sản xuất,94075,310,10,CA_MAU,Cao Văn Miên,17/05/2024,https://files.customs.gov.vnhttps://files.customs.gov.vn/CustomsCMS/CA_MAU/2024/5/20/QĐ 96.pdf,[],https://www.customs.gov.vn/index.jsp?pageId=3&id=94075&cid=1294,2024,05/2024,2026-10-08T09:59:33Z
2441,1131/QĐ-BTC,16/05/2024,Bộ Tài chính,"Phê duyệt Danh mục dịch vụ công trực tuyến toàn trình, dịch vụ công trực tuyến một phần của Bộ Tài chính",94137,310,10,TONG_CUC,Bùi Văn Khắng,null,https://files.customs.gov.vn/CustomsCMS/TONG_CUC/2024/5/22/QD1131BTC.pdf,[],https://www.customs.gov.vn/index.jsp?pageId=3&id=94137&cid=1294,2024,05/2024,2026-10-08T09:59:33Z
2442,93/QĐ-HQCM,16/05/2024,Cục Hải quan tỉnh Cà Mau,Quyết định về việc công nhận địa điểm kiểm tra hàng hóa tại chân công trình,94000,310,10,CA_MAU,Cao Văn Miên,16/05/2024,https://files.customs.gov.vnhttps://files.customs.gov.vn/CustomsCMS/CA_MAU/2024/5/20/QĐ 93.pdf,[],https://www.customs.gov.vn/index.jsp?pageId=3&id=94000&cid=1294,2024,05/2024,2026-10-08T09:59:33Z
2447,88/QĐ-HQCM,14/05/2024,Cục Hải quan tỉnh Cà Mau,Quyết định về việc công nhận địa điểm kiểm tra hàng hóa tại nơi sản xuất,93695,310,10,CA_MAU,Võ Thành Liêm,14/05/2024,https://files.customs.gov.vnhttps://files.customs.gov.vn/CustomsCMS/CA_MAU/2024/5/14/QĐ 88.pdf,[],https://www.customs.gov.vn/index.jsp?pageId=3&id=93695&cid=1294,2024,05/2024,2026-10-08T09:59:33Z
2459,87/QĐ-HQCM,09/05/2024,Cục Hải quan tỉnh Cà Mau,Quyết định về việc công nhận địa điểm kiểm tra hàng hóa tại nơi sản xuất,93557,310,10,CA_MAU,Cao Văn Miên,09/05/2024,https://files.customs.gov.vnhttps://files.customs.gov.vn/CustomsCMS/CA_MAU/2024/5/10/QĐ 87.pdf,[],https://www.customs.gov.vn/index.jsp?pageId=3&id=93557&cid=1294,2024,05/2024,2026-10-08T09:59:33Z
2478,983/HQTh-NV,06/05/2024,cục hải quan tỉnh thanh hóa,V/v tuyên truyền Thông tư số 25/2024/TT-BTC,93577,310,16,THANH_HOA,null,null,"https://files.customs.gov.vnhttps://files.customs.gov.vn/CustomsCMS/THANH_HOA/2024/5/10/cv 983.pdf,/CustomsCMS/THANH_HOA/2024/5/10/Thông tư-25-2024-TT-BTC.pdf",[],https://www.customs.gov.vn/index.jsp?pageId=3&id=93577&cid=1294,2024,05/2024,2026-10-08T09:59:33Z
2502,81/QĐ-HQCM,23/04/2024,Cục Hải quan tỉnh Cà Mau,Quyết định về việc công nhận địa điểm kiểm tra hàng hóa tại nơi sản xuất,92815,310,10,CA_MAU,Võ Thành Liêm,23/04/2024,https://files.customs.gov.vnhttps://files.customs.gov.vn/CustomsCMS/CA_MAU/2024/4/23/QĐ 81.pdf,[],https://www.customs.gov.vn/index.jsp?pageId=3&id=92815&cid=1294,2024,04/2024,2026-10-08T09:59:33Z
2508,08/2024/TT-BCT,22/04/2024,Bộ Công thương,"Sửa đổi, bổ sung một số Thông tư của Bộ trưởng Bộ Công Thương trong lĩnh vực xuất nhập khẩu",92957,310,4,TAY_NINH,Nguyễn Sinh Nhật Tân,07/06/2024,https://files.customs.gov.vn/CustomsCMS/TAY_NINH/2024/4/26/08-2024-bct.signed.pdf,[],https://www.customs.gov.vn/index.jsp?pageId=3&id=92957&cid=1294,2024,04/2024,2026-10-08T09:59:33Z
2521,77/QĐ-HQCM,16/04/2024,Cục Hải quan tỉnh Cà Mau,Quyết định Về việc công nhận địa điểm kiểm tra hàng hóa tại nơi sản xuất,92619,310,10,CA_MAU,Cao Văn Miên,16/04/2024,https://files.customs.gov.vn/CustomsCMS/CA_MAU/2024/4/17/QĐ77.pdf,[],https://www.customs.gov.vn/index.jsp?pageId=3&id=92619&cid=1294,2024,04/2024,2026-10-08T09:59:33Z
2522,78/QĐ-HQCM,16/04/2024,Cục Hải quan tỉnh Cà Mau,Quyết định Về việc công nhận địa điểm kiểm tra hàng hóa tại nơi sản xuất,92620,310,10,CA_MAU,Cao Văn Miên,16/04/2024,https://files.customs.gov.vn/CustomsCMS/CA_MAU/2024/4/17/QĐ78.pdf,[],https://www.customs.gov.vn/index.jsp?pageId=3&id=92620&cid=1294,2024,04/2024,2026-10-08T09:59:33Z
2570,73/QĐ-HQCM,05/04/2024,Cục Hải quan tỉnh Cà Mau,Quyết định về việc công nhận địa điểm kiểm tra hàng hóa tại nơi sản xuất,92332,310,10,CA_MAU,Cao Văn Miên,05/04/2024,https://files.customs.gov.vnhttps://files.customs.gov.vn/CustomsCMS/CA_MAU/2024/4/10/392QĐ 73.pdf,[],https://www.customs.gov.vn/index.jsp?pageId=3&id=92332&cid=1294,2024,04/2024,2026-10-08T09:59:33Z
2594,67/QĐ-HQCM,02/04/2024,Cục Hải quan tỉnh Cà Mau,Quyết định về việc công nhận địa điểm kiểm tra hàng hóa tại nơi sản xuất,92059,310,10,CA_MAU,Cao Văn Miên,02/04/2024,https://files.customs.gov.vnhttps://files.customs.gov.vn/CustomsCMS/CA_MAU/2024/4/2/QĐ 67.pdf,[],https://www.customs.gov.vn/index.jsp?pageId=3&id=92059&cid=1294,2024,04/2024,2026-10-08T09:59:33Z
2709,53/QĐ-HQCM,07/03/2024,Cục Hải quan tỉnh Cà Mau,Quyết định về việc công nhận địa điểm kiểm tra hàng hóa tại nơi sản xuất,91271,310,10,CA_MAU,Cao Văn Miên,07/03/2024,https://files.customs.gov.vnhttps://files.customs.gov.vn/CustomsCMS/CA_MAU/2024/3/11/QĐ 53.pdf,[],https://www.customs.gov.vn/index.jsp?pageId=3&id=91271&cid=1294,2024,03/2024,2026-10-08T09:59:33Z
2741,47/QĐ-HQCM,29/02/2024,Cục Hải quan tỉnh Cà Mau,Quyết định về việc công nhận địa điểm kiểm tra hàng hóa tại nơi sản xuất,91157,310,10,CA_MAU,Cao Văn Miên,29/02/2024,https://files.customs.gov.vnhttps://files.customs.gov.vn/CustomsCMS/CA_MAU/2024/2/29/QĐ 47.pdf,[],https://www.customs.gov.vn/index.jsp?pageId=3&id=91157&cid=1294,2024,02/2024,2026-10-08T09:59:33Z
2751,46/QĐ-HQCM,26/02/2024,Cục Hải quan tỉnh Cà Mau,Quyết định về việc công nhận địa điểm kiểm tra hàng hóa tại nơi sản xuất,91035,310,10,CA_MAU,Cao Văn Miên,26/02/2024,https://files.customs.gov.vnhttps://files.customs.gov.vn/CustomsCMS/CA_MAU/2024/2/26/QĐ 46.pdf,[],https://www.customs.gov.vn/index.jsp?pageId=3&id=91035&cid=1294,2024,02/2024,2026-10-08T09:59:33Z
2774,36/QĐ-HQCM,15/02/2024,Cục Hải quan tỉnh Cà Mau,Quyết định về việc công nhận địa điểm kiểm tra hàng hóa tại nơi sản xuất,90979,310,10,CA_MAU,Cao Văn Miên,15/02/2024,https://files.customs.gov.vn/CustomsCMS/CA_MAU/2024/2/16/QĐ36.pdf,[],https://www.customs.gov.vn/index.jsp?pageId=3&id=90979&cid=1294,2024,02/2024,2026-10-08T09:59:33Z
2806,06/2024/TT-BTC,29/01/2024,Bộ Tài chính,"Sửa đổi, bổ sung một số điều của Thông tư số 81/2019/TT-BTC ngày 15 tháng 11 năm 2019 của Bộ trưởng Bộ Tài chính quy định quản lý rủi ro trong hoạt động nghiệp vụ hải quan",90906,310,4,TONG_CUC,Nguyễn Đức Chi,15/03/2024,https://files.customs.gov.vn/CustomsCMS/TONG_CUC/2024/2/6/06.2024.TT.BTC.pdf,[],https://www.customs.gov.vn/index.jsp?pageId=3&id=90906&cid=1294,2024,01/2024,2026-10-08T09:59:33Z
2810,12/QĐ-HQCM,26/01/2024,Cục Hải quan tỉnh Cà Mau,Quyết định về việc công nhận địa điểm kiểm tra hàng hóa tại nơi sản xuất,90713,310,10,CA_MAU,Cao Văn Miên,26/01/2024,https://files.customs.gov.vnhttps://files.customs.gov.vn/CustomsCMS/CA_MAU/2024/1/29/QĐ 12.pdf,[],https://www.customs.gov.vn/index.jsp?pageId=3&id=90713&cid=1294,2024,01/2024,2026-10-08T09:59:33Z
2816,10/QĐ-HQCM,24/01/2024,Cục Hải quan tỉnh Cà Mau,Quyết định về việc công nhân địa điểm kiểm tra hàng hóa tại nơi sản xuất,90679,310,10,CA_MAU,Cao Văn Miên,24/01/2024,https://files.customs.gov.vnhttps://files.customs.gov.vn/CustomsCMS/CA_MAU/2024/1/24/10 QĐ.pdf,[],https://www.customs.gov.vn/index.jsp?pageId=3&id=90679&cid=1294,2024,01/2024,2026-10-08T09:59:33Z
2820,09/QĐ-HQCM,23/01/2024,Cục Hải quan tỉnh Cà Mau,Quyết định về việc công nhận địa điểm kiểm tra hàng hóa tại nơi sản xuất,90636,310,10,CA_MAU,Cao Văn Miên,23/01/2024,https://files.customs.gov.vnhttps://files.customs.gov.vn/CustomsCMS/CA_MAU/2024/1/23/09 QĐ.pdf,[],https://www.customs.gov.vn/index.jsp?pageId=3&id=90636&cid=1294,2024,01/2024,2026-10-08T09:59:33Z
2830,07/QĐ-HQCM,19/01/2024,Cục Hải quan tỉnh Cà Mau,Quyết định về việc công nhận địa điểm kiểm tra hàng hóa tại nơi sản xuất,90635,310,10,CA_MAU,Cao Văn Miên,19/01/2024,https://files.customs.gov.vn/CustomsCMS/CA_MAU/2024/1/23/07.pdf,[],https://www.customs.gov.vn/index.jsp?pageId=3&id=90635&cid=1294,2024,01/2024,2026-10-08T09:59:33Z
2872,42/HQCB-NV,09/01/2024,Cục Hải quan tỉnh Cao Bằng,Thông báo một số văn bản mới về lĩnh vực nghiệp vụ,90478,310,19,CAO_BANG,null,null,https://files.customs.gov.vn/CustomsCMS/CAO_BANG/2024/1/15/15742-HQCBNV.signed.pdf,[],https://www.customs.gov.vn/index.jsp?pageId=3&id=90478&cid=1294,2024,01/2024,2026-10-08T09:59:33Z
2912,6110/TCHQ-GSQL,24/11/2023,Tổng cục Hải quan,Về việc thực hiện thủ tục hải quan đối với hàng hóa gửi qua dịch vụ chuyển phát nhanh,89754,310,18,TONG_CUC,Lưu Mạnh Tưởng,null,https://files.customs.gov.vn/CustomsCMS/TONG_CUC/2023/11/25/6110.PDF,[],https://www.customs.gov.vn/index.jsp?pageId=3&id=89754&cid=1294,2023,11/2023,2026-10-08T09:59:38Z
2937,3234/HQTPHCM-GSQL,14/11/2023,Cục Hải quan TP. Hồ Chí Minh,V/v hướng dẫn thủ tục hải quan về quyền nhập khẩu của doanh nghiệp có vốn đầu tư nước ngoài,89624,310,16,TP_HO_CHI_MINH,null,null,https://files.customs.gov.vn/CustomsCMS/TP_HO_CHI_MINH/2023/11/15/3234.signed.pdf,[],https://www.customs.gov.vn/index.jsp?pageId=3&id=89624&cid=1294,2023,11/2023,2026-10-08T09:59:38Z
2940,926/CNTT - PTUD,10/11/2023,Cục CNTT & Thống Kê Hải quan,"Về việc chuẩn đối chiếu dữ liệu getin, getout",89688,310,16,LONG_AN,Phạm Duyên Phương,10/11/2023,https://files.customs.gov.vn/CustomsCMS/LONG_AN/2023/11/20/926.pdf,[],https://www.customs.gov.vn/index.jsp?pageId=3&id=89688&cid=1294,2023,11/2023,2026-10-08T09:59:38Z
2975,3013/HQTPHCM-GSQL,20/10/2023,Cục Hải quan TP. Hồ Chí Minh - Phòng GSQL,V/v hướng dẫn thủ tục nhập khẩu hàng hóa theo loại hình A41 từ kho ngoại quan,89405,310,16,TP_HO_CHI_MINH,null,null,https://files.customs.gov.vn/CustomsCMS/TP_HO_CHI_MINH/2023/10/23/3013.signed.pdf,[],https://www.customs.gov.vn/index.jsp?pageId=3&id=89405&cid=1294,2023,10/2023,2026-10-08T09:59:38Z
3026,2827/HQTPHCM-GSQL,03/10/2023,Cục Hải quan TP. Hồ Chí Minh,V/v hướng dẫn thủ tục sử dụng hợp đồng thầu trong hồ sơ hải quan,89284,310,16,TP_HO_CHI_MINH,null,null,https://files.customs.gov.vn/CustomsCMS/TP_HO_CHI_MINH/2023/10/10/2827.signed.pdf,[],https://www.customs.gov.vn/index.jsp?pageId=3&id=89284&cid=1294,2023,10/2023,2026-10-08T09:59:38Z
3034,2807/HQTPHCM-GSQL,29/09/2023,Cục Hải quan TP. Hồ Chí Minh,"V/v khai báo mã NVL, mã sản phẩm theo loại hình SXXK",89147,310,16,TP_HO_CHI_MINH,null,null,https://files.customs.gov.vn/CustomsCMS/TP_HO_CHI_MINH/2023/10/2/2807.signed.pdf,[],https://www.customs.gov.vn/index.jsp?pageId=3&id=89147&cid=1294,2023,09/2023,2026-10-08T09:59:38Z
3046,2726/HQTPHCM-GSQL,22/09/2023,Cục Hải quan TP. Hồ Chí Minh - Phòng Giám sát quản lý,V/v hướng dẫn thủ tục gia công thanh long sấy,88973,310,16,TP_HO_CHI_MINH,null,null,https://files.customs.gov.vn/CustomsCMS/TP_HO_CHI_MINH/2023/9/22/2726.signed.pdf,[],https://www.customs.gov.vn/index.jsp?pageId=3&id=88973&cid=1294,2023,09/2023,2026-10-08T09:59:38Z
3053,4802/TCHQ-GSQL,15/09/2023,Cục Thuế XNK,"V/v Hướng dẫn nhập khẩu văn hóa phẩm, xuất bản phẩm (Công ty Cổ phần VK Entertaiment)",88839,310,16,DONG_NAI,null,null,https://files.customs.gov.vn/CustomsCMS/DONG_NAI/2023/9/18/4802_TCHQ_GSQL_15_09_2023.PDF,[],https://www.customs.gov.vn/index.jsp?pageId=3&id=88839&cid=1294,2023,09/2023,2026-10-08T09:59:38Z
3116,1676/HQTH-VP,25/08/2023,Cục Hải quan Thanh Hóa,V/v công khai thủ tục hành chính,88032,310,16,THANH_HOA,null,null,https://files.customs.gov.vnhttps://files.customs.gov.vn/CustomsCMS/THANH_HOA/2023/9/5/cv 1676_hqth.pdf,[],https://www.customs.gov.vn/index.jsp?pageId=3&id=88032&cid=1294,2023,08/2023,2026-10-08T09:59:38Z
3134,1255/TB-HQKH,22/08/2023,Cục Hải quan tỉnh Khánh Hòa,Thủ tục hành chính trong lĩnh vực Hải quan,89379,310,19,KHANH_HOA,null,null,https://files.customs.gov.vnhttps://files.customs.gov.vn/CustomsCMS/KHANH_HOA/2023/10/19/1256_Trien khai nhiem vu CCTTHC.pdf,[],https://www.customs.gov.vn/index.jsp?pageId=3&id=89379&cid=1294,2023,08/2023,2026-10-08T09:59:38Z
3199,1722/QĐ-BTC,10/08/2023,Bộ Tài chính,Về việc công bố thủ tục hành chính được thay thế và thủ tục hành chính bị bãi bỏ lĩnh vực hải quan thuộc phạm vi chức năng quản lý của Bộ Tài chính,87016,310,10,TONG_CUC,Thứ trưởng Nguyễn Đức Chi,10/08/2023,https://files.customs.gov.vnhttps://files.customs.gov.vn/CustomsCMS/TONG_CUC/2023/8/14/QD 1722 ngay 10.8.2023.pdf,[],https://www.customs.gov.vn/index.jsp?pageId=3&id=87016&cid=1294,2023,08/2023,2026-10-08T09:59:38Z
3200,2325/HQTPHCM-GSQL,10/08/2023,Cục Hải quan TP. Hồ Chí Minh,V/v hướng dẫn thủ tục hải quan,86961,310,16,TP_HO_CHI_MINH,null,null,https://files.customs.gov.vn/CustomsCMS/TP_HO_CHI_MINH/2023/8/10/2325.signed.pdf,[],https://www.customs.gov.vn/index.jsp?pageId=3&id=86961&cid=1294,2023,08/2023,2026-10-08T09:59:38Z
3229,2226/HQTPHCM-GSQL,02/08/2023,Cục Hải quan TP. Hồ Chí Minh,V/v hướng dẫn thủ tục hải quan,86793,310,16,TP_HO_CHI_MINH,null,null,https://files.customs.gov.vn/CustomsCMS/TP_HO_CHI_MINH/2023/8/3/2226.signed.pdf,[],https://www.customs.gov.vn/index.jsp?pageId=3&id=86793&cid=1294,2023,08/2023,2026-10-08T09:59:38Z
3255,1150/TB-HQKH,28/07/2023,Cục Hải quan tỉnh Khánh Hòa,Thủ tục hành chính trong lĩnh vực Hải quan,89378,310,19,KHANH_HOA,null,null,https://files.customs.gov.vnhttps://files.customs.gov.vn/CustomsCMS/KHANH_HOA/2023/10/19/1150_TB TTHC trong linh vuc HQ.pdf,[],https://www.customs.gov.vn/index.jsp?pageId=3&id=89378&cid=1294,2023,07/2023,2026-10-08T09:59:38Z
3256,1490/HQTH-VP,28/07/2023,Cục Hải quan Thanh Hóa,V/v công khai thủ tục hành chính,86714,310,16,THANH_HOA,null,null,https://files.customs.gov.vn/CustomsCMS/THANH_HOA/2023/7/31/di2023_21_1490_hqth-vps1.pdf,[],https://www.customs.gov.vn/index.jsp?pageId=3&id=86714&cid=1294,2023,07/2023,2026-10-08T09:59:38Z
3258,2166/HQTPHCM-GSQL,27/07/2023,Cục Hải quan TP. Hồ Chí Minh,V/v hướng dẫn thủ tục hải quan,86694,310,16,TP_HO_CHI_MINH,null,null,https://files.customs.gov.vn/CustomsCMS/TP_HO_CHI_MINH/2023/7/28/2166.signed.pdf,[],https://www.customs.gov.vn/index.jsp?pageId=3&id=86694&cid=1294,2023,07/2023,2026-10-08T09:59:38Z
3369,1281/HQTH-NV,04/07/2023,Cục Hải quan Thanh Hóa,V/v triển khai Nghị định số 44/2023/nĐ-CP ngày 30/62023 của Chính phủ,86713,310,16,THANH_HOA,null,null,https://files.customs.gov.vn/CustomsCMS/THANH_HOA/2023/7/31/1281.pdf,[],https://www.customs.gov.vn/index.jsp?pageId=3&id=86713&cid=1294,2023,07/2023,2026-10-08T09:59:38Z
3441,1148/HQTH-NV,16/06/2023,Cục Hải quan Thanh Hóa,V/v tuyên truyền văn bản pháp luật,85654,310,16,THANH_HOA,null,null,https://files.customs.gov.vnhttps://files.customs.gov.vn/CustomsCMS/THANH_HOA/2023/6/16/cv 1148 NV.pdf,[],https://www.customs.gov.vn/index.jsp?pageId=3&id=85654&cid=1294,2023,06/2023,2026-10-08T09:59:38Z
3452,1020/HQĐNg-GSQL,14/06/2023,Cục Hải quan TP Đà Nẵng,"Lấy ý kiến Doanh nghiệp về góp ý dự thảo nội dung sửa đổi, bổ sung Điều 35 Nghị định 08/2015/NĐ-CP",85622,310,16,DA_NANG,Trần Văn Anh,null,"https://files.customs.gov.vnhttps://files.customs.gov.vn/CustomsCMS/DA_NANG/2023/6/15/1691020 Thông báo gửi DN góp ý Điều 35 NĐ08.pdf,/CustomsCMS/DA_NANG/2023/6/15/7992588.TCHQ.GSQL góp ý dự thảo SĐBS Điều 35 Nghị định 08.2015.NĐ.CP.PDF",[],https://www.customs.gov.vn/index.jsp?pageId=3&id=85622&cid=1294,2023,06/2023,2026-10-08T09:59:38Z
3486,13/2023/TT - BCT,09/06/2023,Bộ Công Thương,"Quy định về hạn ngạch thuế quan nhập khẩu muối, trứng gia cầm năm 2023",85776,310,4,CAN_THO,null,25/07/2023,https://files.customs.gov.vn/CustomsCMS/CAN_THO/2023/6/24/1_TT_2023_13.pdf,[],https://www.customs.gov.vn/index.jsp?pageId=3&id=85776&cid=1294,2023,06/2023,2026-10-08T09:59:38Z
3537,18/CT-TTg,30/05/2023,Chính Phủ,"Chỉ thị về đẩy mạnh kết nối, chia sẻ dữ liệu phục vụ phát triển thương mại điện tử, chống thất thu thuế, bảo đảm an ninh tiền tệ",86875,310,3,TONG_CUC,Phạm Minh Chính,null,https://files.customs.gov.vn/CustomsCMS/TONG_CUC/2023/8/7/18_CT-TTg_30052023-signed.pdf,[],https://www.customs.gov.vn/index.jsp?pageId=3&id=86875&cid=1294,2023,05/2023,2026-10-08T09:59:38Z
3542,760/TB-HQKH,29/05/2023,Cục Hải quan tỉnh Khánh Hòa,Thủ tục hành chính trong lĩnh vực hải quan thuộc cấp Cục và Chi cục,85343,310,19,KHANH_HOA,null,null,https://files.customs.gov.vnhttps://files.customs.gov.vn/CustomsCMS/KHANH_HOA/2023/5/30/760-TB TTHC trong linh vuc HQ cap Cuc va Chi cuc.pdf,[],https://www.customs.gov.vn/index.jsp?pageId=3&id=85343&cid=1294,2023,05/2023,2026-10-08T09:59:38Z
3543,985/HQTH-VP,29/05/2023,Cục Hải quan Thanh Hóa,V/v công khai thủ tục hành chính,85370,310,16,THANH_HOA,null,null,https://files.customs.gov.vnhttps://files.customs.gov.vn/CustomsCMS/THANH_HOA/2023/5/31/cv 985 HQTH.pdf,[],https://www.customs.gov.vn/index.jsp?pageId=3&id=85370&cid=1294,2023,05/2023,2026-10-08T09:59:38Z
3544,992/HQTH-VP,29/05/2023,Cục Hải quan Thanh Hóa,V/v công khai thủ tục hành chính,85371,310,16,THANH_HOA,null,null,https://files.customs.gov.vnhttps://files.customs.gov.vn/CustomsCMS/THANH_HOA/2023/5/31/cv 992 HQTH.pdf,[],https://www.customs.gov.vn/index.jsp?pageId=3&id=85371&cid=1294,2023,05/2023,2026-10-08T09:59:38Z
3550,898/HQĐNg-GSQL,26/05/2023,Cục Hải quan TP Đà Nẵng,Tổng hợp trả lời vướng mắc của Doanh nghiệp qua chuyến thăm hỏi của các Đoàn công tác,85340,310,19,DA_NANG,null,null,"https://files.customs.gov.vnhttps://files.customs.gov.vn/CustomsCMS/DA_NANG/2023/5/26/898CVCong van thong bao DN sau chuyen tham.signed.signed.pdf,/CustomsCMS/DA_NANG/2023/5/26/230526_TỔNG HỢP NỘI DUNG VƯỚNG MẮC SAU CHUYẾN THĂM HỎI.pdf",[],https://www.customs.gov.vn/index.jsp?pageId=3&id=85340&cid=1294,2023,05/2023,2026-10-08T09:59:38Z
3569,957/HQTH-NV,23/05/2023,Cục Hải quan Thanh Hóa,V/v công bố thủ tục hành chính của Bộ Tài Chính,85264,310,16,THANH_HOA,null,null,"https://files.customs.gov.vnhttps://files.customs.gov.vn/CustomsCMS/THANH_HOA/2023/5/24/cv 957 nv.pdf,/CustomsCMS/THANH_HOA/2023/5/24/QĐ 1001 BTC.pdf",[],https://www.customs.gov.vn/index.jsp?pageId=3&id=85264&cid=1294,2023,05/2023,2026-10-08T09:59:38Z
3643,1068/HQTPHCM-GSQL,26/04/2023,Cục Hải quan TP. Hồ Chí Minh,V/v hướng dẫn thủ tục hải quan,84903,310,16,TP_HO_CHI_MINH,null,null,https://files.customs.gov.vn/CustomsCMS/TP_HO_CHI_MINH/2023/5/4/1068.signed.pdf,[],https://www.customs.gov.vn/index.jsp?pageId=3&id=84903&cid=1294,2023,04/2023,2026-10-08T09:59:38Z
3692,1790/TCHQ-GSQL,17/04/2023,Tổng cục Hải quan,"Triển khai thực hiện khai báo, tiếp nhận, kiểm tra, xác nhận Bản kê thông tin hàng hóa nhập khẩu điện tử",84544,310,16,TONG_CUC,null,null,https://files.customs.gov.vn/CustomsCMS/TONG_CUC/2023/4/18/1790.TrienkhaiBanke.PDF,[],https://www.customs.gov.vn/index.jsp?pageId=3&id=84544&cid=1294,2023,04/2023,2026-10-08T09:59:38Z
3703,1062/ĐT-ĐNVĐTKD,12/04/2023,Chi cục Hải quan Quản lý Hàng Đầu tư,Triển khai các quy định về hồ sơ miễn thuế,84465,310,16,TP_HO_CHI_MINH,null,null,https://files.customs.gov.vn/CustomsCMS/TP_HO_CHI_MINH/2023/4/12/1062.pdf,[],https://www.customs.gov.vn/index.jsp?pageId=3&id=84465&cid=1294,2023,04/2023,2026-10-08T09:59:38Z
3715,50/NQ-CP,08/04/2023,Chính phủ,Nghị quyết Hội nghị Chính phủ với địa phương và Phiên họp Chính phủ thường kỳ tháng 3 năm 2023,84600,310,7,HA_GIANG,Lê Minh Khái,null,https://files.customs.gov.vn/CustomsCMS/HA_GIANG/2023/4/20/50.pdf,[],https://www.customs.gov.vn/index.jsp?pageId=3&id=84600&cid=1294,2023,04/2023,2026-10-08T09:59:38Z
3719,645/HQTH-NV,06/04/2023,Cục Hải quan Thanh Hóa,V/v công bố Danh mục văn bản quý phạm pháp luật hết hiệu lực,84304,310,16,THANH_HOA,Lê Xuân Cương,null,https://files.customs.gov.vn/CustomsCMS/THANH_HOA/2023/4/6/quyet-dinh-79-qd-btc-bo-tai-chinh.pdf,[],https://www.customs.gov.vn/index.jsp?pageId=3&id=84304&cid=1294,2023,04/2023,2026-10-08T09:59:38Z
3722,625/HQTH-NV,05/04/2023,Cục Hải quan Thanh Hóa,"V/v triển khai các quyết định của Bộ Công Thương về áp dụng biện pháp tự vệ, chống lẩn tránh biện pháp phòng vệ thương mại",84307,310,16,THANH_HOA,null,null,"https://files.customs.gov.vnhttps://files.customs.gov.vn/CustomsCMS/THANH_HOA/2023/4/7/cv 625 NV.pdf,/CustomsCMS/THANH_HOA/2023/4/7/qđ 691 BCT.pdf,/CustomsCMS/THANH_HOA/2023/4/7/qđ 693 BCT.pdf,/CustomsCMS/THANH_HOA/2023/4/7/qđ 783 BCT.pdf",[],https://www.customs.gov.vn/index.jsp?pageId=3&id=84307&cid=1294,2023,04/2023,2026-10-08T09:59:38Z
3758,1236/TCHQ-GSQL,21/03/2023,Tổng cục Hải quan,"Tăng cường công tác kiểm tra, kiểm soát, giám sát đối với hàng hóa quá cảnh, hàng tạm nhập tái xuất, hàng gửi kho ngoại quan",83989,310,16,TONG_CUC,Nguyễn Văn Thọ,21/03/2023,https://files.customs.gov.vn/CustomsCMS/TONG_CUC/2023/3/24/CV1236.PDF,[],https://www.customs.gov.vn/index.jsp?pageId=3&id=83989&cid=1294,2023,03/2023,2026-10-08T09:59:38Z
3792,576/HQTPHCM-TXNK,09/03/2023,Cục Hải quan TP.Hồ Chí Minh,V/v thông báo tình hình sử dụng hàng hóa miễn thuế nhập khẩu,83685,310,16,TP_HO_CHI_MINH,null,null,https://files.customs.gov.vn/CustomsCMS/TP_HO_CHI_MINH/2023/3/10/576.signed.pdf,[],https://www.customs.gov.vn/index.jsp?pageId=3&id=83685&cid=1294,2023,03/2023,2026-10-08T09:59:38Z
3818,522/ĐT-ĐNVĐTKD,27/02/2023,Chi cục Hải quan Quản lý Hàng Đầu tư,Triển khai các quy định về Danh mục miễn thuế,83517,310,16,TP_HO_CHI_MINH,null,null,https://files.customs.gov.vn/CustomsCMS/TP_HO_CHI_MINH/2023/2/27/522.pdf,[],https://www.customs.gov.vn/index.jsp?pageId=3&id=83517&cid=1294,2023,02/2023,2026-10-08T09:59:38Z
3848,42/QĐ-HQCM,20/02/2023,Cục Hải quan tỉnh Cà Mau,QĐ về việc công nhận địa điểm kiểm tra hàng hóa tại nơi cơ sở sản xuất,83519,310,10,CA_MAU,Cao Văn Miên,20/02/2023,https://files.customs.gov.vn/CustomsCMS/CA_MAU/2023/2/27/42.pdf,[],https://www.customs.gov.vn/index.jsp?pageId=3&id=83519&cid=1294,2023,02/2023,2026-10-08T09:59:38Z
3858,301/HQTH-NV,15/02/2023,Cục Hải quan Thanh Hóa,V/v triển khai QĐ số 235/QĐ-BCT ngày 13/02/2023 của Bộ Công Thương,83435,310,16,THANH_HOA,null,null,https://files.customs.gov.vnhttps://files.customs.gov.vn/CustomsCMS/THANH_HOA/2023/2/21/cv 301 nv.pdf,[],https://www.customs.gov.vn/index.jsp?pageId=3&id=83435&cid=1294,2023,02/2023,2026-10-08T09:59:38Z
3876,258/HQTPHCM-GSQL,09/02/2023,Cục Hải quan TP. Hồ Chí Minh - Phòng Giám sát quản lý,V/v hướng dẫn thủ tục hải quan,83236,310,16,TP_HO_CHI_MINH,null,null,https://files.customs.gov.vn/CustomsCMS/TP_HO_CHI_MINH/2023/2/10/258.signed.pdf,[],https://www.customs.gov.vn/index.jsp?pageId=3&id=83236&cid=1294,2023,02/2023,2026-10-08T09:59:38Z
3881,32/QĐ-HQCM,08/02/2023,Cục Hải quan tỉnh Cà Mau,QĐ về việc công nhận địa điểm kiểm tra hàng hóa tại nơi cơ sở sản xuất,83518,310,10,CA_MAU,Cao Văn Miên,08/02/2023,https://files.customs.gov.vn/CustomsCMS/CA_MAU/2023/2/27/32.pdf,[],https://www.customs.gov.vn/index.jsp?pageId=3&id=83518&cid=1294,2023,02/2023,2026-10-08T09:59:38Z
3894,213/HQTPHCM-GSQL,03/02/2023,Cục Hải quan TP. Hồ Chí Minh - Phòng Giám sát quản lý,V/v hướng dẫn thủ tục hải quan,83171,310,16,TP_HO_CHI_MINH,null,null,https://files.customs.gov.vn/CustomsCMS/TP_HO_CHI_MINH/2023/2/6/213.signed.pdf,[],https://www.customs.gov.vn/index.jsp?pageId=3&id=83171&cid=1294,2023,02/2023,2026-10-08T09:59:38Z
3898,213/HQTH-NV,02/02/2023,Cục Hải quan Thanh Hóa,V/v triên khai Công văn số 315/TCHQ-TXNK,83156,310,16,THANH_HOA,null,null,https://files.customs.gov.vnhttps://files.customs.gov.vn/CustomsCMS/THANH_HOA/2023/2/3/cv 213.pdf,[],https://www.customs.gov.vn/index.jsp?pageId=3&id=83156&cid=1294,2023,02/2023,2026-10-08T09:59:38Z
3906,187/HQTH-VP,31/01/2023,Cục Hải quan Thanh Hóa,V/v công khai thủ tục hành chính,83136,310,16,THANH_HOA,null,null,https://files.customs.gov.vnhttps://files.customs.gov.vn/CustomsCMS/THANH_HOA/2023/2/1/cv 187.pdf,[],https://www.customs.gov.vn/index.jsp?pageId=3&id=83136&cid=1294,2023,01/2023,2026-10-08T09:59:38Z
3917,25/QĐ-HQCM,19/01/2023,Cục Hải quan tỉnh Cà Mau,Quyết định về việc gia hạn địa điểm kiểm tra hàng hóa tại nơi sản xuất,83097,310,10,CA_MAU,Cao Văn Miên,19/01/2023,https://files.customs.gov.vn/CustomsCMS/CA_MAU/2023/1/27/25.pdf,[],https://www.customs.gov.vn/index.jsp?pageId=3&id=83097&cid=1294,2023,01/2023,2026-10-08T09:59:38Z
3921,152/HQTPHCM-GSQL,18/01/2023,Cục Hải quan TP. Hồ Chí Minh,V/v hướng dẫn thủ tục hải quan,83091,310,16,TP_HO_CHI_MINH,null,null,https://files.customs.gov.vn/CustomsCMS/TP_HO_CHI_MINH/2023/1/20/152.signed.pdf,[],https://www.customs.gov.vn/index.jsp?pageId=3&id=83091&cid=1294,2023,01/2023,2026-10-08T09:59:38Z
3929,145/HQTH-VP,17/01/2023,Cục Hải quan Thanh Hóa,V/v công khai thủ tục hành chính,83074,310,16,THANH_HOA,null,null,https://files.customs.gov.vnhttps://files.customs.gov.vn/CustomsCMS/THANH_HOA/2023/1/18/cv 145.pdf,[],https://www.customs.gov.vn/index.jsp?pageId=3&id=83074&cid=1294,2023,01/2023,2026-10-08T09:59:38Z
3954,57/HQCB-NV,12/01/2023,Hải quan Cao Bằng,Thông báo một số văn bản  mới về lĩnh vực Nghiệp vụ,83023,310,19,CAO_BANG,null,null,https://files.customs.gov.vn/CustomsCMS/CAO_BANG/2023/1/13/94357-HQCB-NV.signed.pdf,[],https://www.customs.gov.vn/index.jsp?pageId=3&id=83023&cid=1294,2023,01/2023,2026-10-08T09:59:38Z
3960,82/HQTPHCM-GSQL,11/01/2023,Chi cục Hải quan Quản lý Hàng Đầu tư,V/v hướng dẫn thủ tục hải quan,83040,310,10,TP_HO_CHI_MINH,null,null,https://files.customs.gov.vn/CustomsCMS/TP_HO_CHI_MINH/2023/1/16/82.signed.pdf,[],https://www.customs.gov.vn/index.jsp?pageId=3&id=83040&cid=1294,2023,01/2023,2026-10-08T09:59:38Z
3961,83/HQTPHCM-GSQL,11/01/2023,Cục Hải quan TP. Hồ Chí Minh,V/v hướng dẫn thủ tục hải quan,83041,310,16,TP_HO_CHI_MINH,null,null,https://files.customs.gov.vn/CustomsCMS/TP_HO_CHI_MINH/2023/1/16/83.signed.pdf,[],https://www.customs.gov.vn/index.jsp?pageId=3&id=83041&cid=1294,2023,01/2023,2026-10-08T09:59:38Z
4011,3199/HQTPHCM-GSQL,22/11/2022,Cục Hải quan TP. Hồ Chí Minh,V/v hướng dẫn thủ tục hải quan,81780,310,16,TP_HO_CHI_MINH,null,null,https://files.customs.gov.vn/CustomsCMS/TP_HO_CHI_MINH/2022/11/23/3199.signed.pdf,[],https://www.customs.gov.vn/index.jsp?pageId=3&id=81780&cid=1294,2022,11/2022,2026-10-08T09:59:44Z
4049,3003/HQTPHCM-GSQL,02/11/2022,Cục Hải quan TP. Hồ Chí Minh,V/v hướng dẫn C/O mẫu D có hóa đơn bên thứ 3,81601,310,16,TP_HO_CHI_MINH,null,null,https://files.customs.gov.vn/CustomsCMS/TP_HO_CHI_MINH/2022/11/8/3003.signed.pdf,[],https://www.customs.gov.vn/index.jsp?pageId=3&id=81601&cid=1294,2022,11/2022,2026-10-08T09:59:44Z
4064,2949/HQTPHCM-GSQL,28/10/2022,Cục Hải quan TP. Hồ Chí Minh,V/v hướng dẫn thủ tục hải quan,81477,310,16,TP_HO_CHI_MINH,null,null,https://files.customs.gov.vn/CustomsCMS/TP_HO_CHI_MINH/2022/10/31/2949.signed.pdf,[],https://www.customs.gov.vn/index.jsp?pageId=3&id=81477&cid=1294,2022,10/2022,2026-10-08T09:59:44Z
4073,2162/HQTH-VP,25/10/2022,Cục Hải quan Thanh Hóa,V/v công khai thủ tục hành chính,81445,310,16,THANH_HOA,null,null,https://files.customs.gov.vnhttps://files.customs.gov.vn/CustomsCMS/THANH_HOA/2022/10/26/cv 2162 công khai tthc.pdf,[],https://www.customs.gov.vn/index.jsp?pageId=3&id=81445&cid=1294,2022,10/2022,2026-10-08T09:59:44Z
4077,1621/TB-HQKH,24/10/2022,Cục Hải quan tỉnh Khánh Hòa,Thủ tục hành chính trong lĩnh vực hải quan thuộc cấp Cục và Chi cục,81431,310,19,KHANH_HOA,null,null,https://files.customs.gov.vnhttps://files.customs.gov.vn/CustomsCMS/KHANH_HOA/2022/10/25/4391621-TB bo TTHC moi 2022 24.10.2022.pdf,[],https://www.customs.gov.vn/index.jsp?pageId=3&id=81431&cid=1294,2022,10/2022,2026-10-08T09:59:44Z
4082,1625/GSQL-GQ5,21/10/2022,Cục Giám sát quản lý về hải quan,Công văn số 1625/GSQL-GQ5 ngày 21/10/2022 của Tổng cục Hải quan v/v xử lý vướng mắc trong quá trình thực hiện Thông tư số 23/2021/TT-BTC,81465,310,16,TONG_CUC,Đào Duy Tám,null,https://files.customs.gov.vn/CustomsCMS/TONG_CUC/2022/10/28/16252022TCHQGSQL.pdf,[],https://www.customs.gov.vn/index.jsp?pageId=3&id=81465&cid=1294,2022,10/2022,2026-10-08T09:59:44Z
4091,2843/HQTPHCM-GSQL,18/10/2022,Cục Hải quan TP. Hồ Chí Minh,V/v hướng dẫn thủ tục hải quan,81298,310,16,TP_HO_CHI_MINH,Vương Tuấn Nam,null,https://files.customs.gov.vn/CustomsCMS/TP_HO_CHI_MINH/2022/10/18/2843.signed.pdf,[],https://www.customs.gov.vn/index.jsp?pageId=3&id=81298&cid=1294,2022,10/2022,2026-10-08T09:59:44Z
4100,4345/TCHQ-GSQL,17/10/2022,Tổng cục Hải quan,Về việc công khai thủ tục hành chính,81302,310,16,THANH_HOA,null,null,https://files.customs.gov.vn/CustomsCMS/THANH_HOA/2022/10/19/Vanban_4345.PDF,[],https://www.customs.gov.vn/index.jsp?pageId=3&id=81302&cid=1294,2022,10/2022,2026-10-08T09:59:44Z
4113,Quyết định 2065/QĐ-BTC,06/10/2022,Bộ Tài chính,"Quyết định 2065/QĐ-BTC của Bộ Tài chính về việc công bố thủ tục hành chính mới, thủ tục hành chính được sửa đổi, bổ sung, bị bãi bỏ trong lĩnh vực hải quan thuộc phạm vi chức năng quản lý Nhà nước của Bộ Tài chính",81427,310,10,THANH_HOA,null,null,https://files.customs.gov.vn/CustomsCMS/THANH_HOA/2022/10/25/quyet-dinh-2065-qd-btc.pdf,[],https://www.customs.gov.vn/index.jsp?pageId=3&id=81427&cid=1294,2022,10/2022,2026-10-08T09:59:44Z
4121,1493/TB-HQKH,04/10/2022,Cục Hải quan tỉnh Khánh Hòa,Thủ tục hành chính trong lĩnh vực hải quan thuộc cấp Cục và Chi cục,81430,310,19,KHANH_HOA,null,null,https://files.customs.gov.vnhttps://files.customs.gov.vn/CustomsCMS/KHANH_HOA/2022/10/25/8241493-TB bo TTHC moi 2022 3.10.2022.pdf,[],https://www.customs.gov.vn/index.jsp?pageId=3&id=81430&cid=1294,2022,10/2022,2026-10-08T09:59:44Z
4125,196/QĐ-HQCM,03/10/2022,Cục Hải quan tỉnh Cà Mau,Quyết định về việc công nhận địa điểm kiểm tra hàng hóa tại nơi sản xuất,81086,310,8,CA_MAU,Cao Văn Miên,03/10/2022,https://files.customs.gov.vn/CustomsCMS/CA_MAU/2022/10/4/196.pdf,[],https://www.customs.gov.vn/index.jsp?pageId=3&id=81086&cid=1294,2022,10/2022,2026-10-08T09:59:44Z
4143,2581/HQTPHCM-GSQL,27/09/2022,Cục Hải quan TP. Hồ Chí Minh,V/v hướng dẫn thủ tục hải quan,80981,310,16,TP_HO_CHI_MINH,null,null,https://files.customs.gov.vn/CustomsCMS/TP_HO_CHI_MINH/2022/9/28/2581.signed.pdf,[],https://www.customs.gov.vn/index.jsp?pageId=3&id=80981&cid=1294,2022,09/2022,2026-10-08T09:59:44Z
4178,190/QĐ-HQCM,16/09/2022,Cục Hải quan tỉnh Cà Mau,Quyết định về việc công nhận địa điểm kiểm tra hàng hóa tại nơi sản xuất,80839,310,10,CA_MAU,Cao Văn Miên,16/09/2022,https://files.customs.gov.vn/CustomsCMS/CA_MAU/2022/9/16/190.pdf,[],https://www.customs.gov.vn/index.jsp?pageId=3&id=80839&cid=1294,2022,09/2022,2026-10-08T09:59:44Z
4179,2345/TB-HQLS,16/09/2022,Cục Hải quan tỉnh Lạng Sơn,Thông báo 2345/TB-HQLS ngày 15/9/2022 của Cục Hải quan tỉnh Lạng Sơn về việc triển khai Hệ thống quản lý Hải quan tự động ( VASSCM),80830,310,19,LANG_SON,Vy Công Tường - Phó Cục trưởng,15/09/2022,,[],https://www.customs.gov.vn/index.jsp?pageId=3&id=80830&cid=1294,2022,09/2022,2026-10-08T09:59:44Z
4195,2417/HQTPHCM-GSQL,13/09/2022,Cục Hải quan TP. Hồ Chí Minh,V/v hướng dẫn thủ tục hải quan,80825,310,16,TP_HO_CHI_MINH,null,null,https://files.customs.gov.vn/CustomsCMS/TP_HO_CHI_MINH/2022/9/15/2417.signed.pdf,[],https://www.customs.gov.vn/index.jsp?pageId=3&id=80825&cid=1294,2022,09/2022,2026-10-08T09:59:44Z
4197,2409/HQTPHCM-GSQL,12/09/2022,Cục Hải quan TP. Hồ Chí Minh,V/v hướng dẫn thủ tục hải quan,80824,310,16,TP_HO_CHI_MINH,null,null,https://files.customs.gov.vn/CustomsCMS/TP_HO_CHI_MINH/2022/9/15/2602.pdf,[],https://www.customs.gov.vn/index.jsp?pageId=3&id=80824&cid=1294,2022,09/2022,2026-10-08T09:59:44Z
4209,1463/QĐ-BTC,08/09/2022,Bộ Tài chính,"QĐ V/v công bố thủ tục hành chính mới ban hành ,bãi bỏ trong lĩnh vực Thuế, Hải quan thuộc phạm vi chức năng, quản lý của Bộ Tài chính",81251,310,10,THANH_HOA,null,null,https://files.customs.gov.vn/CustomsCMS/THANH_HOA/2022/10/13/di2022_25_1463_qä-btcs1.pdf,[],https://www.customs.gov.vn/index.jsp?pageId=3&id=81251&cid=1294,2022,09/2022,2026-10-08T09:59:44Z
4218,1326/TB-HQKH,05/09/2022,Cục Hải quan tỉnh Khánh Hòa,Thủ tục hành chính trong lĩnh vực hải quan thuộc cấp Cục và Chi cục,81429,310,19,KHANH_HOA,null,null,https://files.customs.gov.vnhttps://files.customs.gov.vn/CustomsCMS/KHANH_HOA/2022/10/25/1326-TB bo TTHC moi 2022 05.9.2022.pdf,[],https://www.customs.gov.vn/index.jsp?pageId=3&id=81429&cid=1294,2022,09/2022,2026-10-08T09:59:44Z
4221,2330/HQTPHCM-GSQL,31/08/2022,Cục Hải quan TP. Hồ Chí Minh,V/v hướng dẫn thủ tục hải quan,80611,310,16,TP_HO_CHI_MINH,null,null,https://files.customs.gov.vn/CustomsCMS/TP_HO_CHI_MINH/2022/8/31/2330.signed.pdf,[],https://www.customs.gov.vn/index.jsp?pageId=3&id=80611&cid=1294,2022,08/2022,2026-10-08T09:59:44Z
4235,22/QĐGQKN-HQHCM-HQTPHCM,29/08/2022,Cục Hải quan TP. Hồ Chí Minh,Về việc giải quyết khiếu nại (lần hai) của Công ty TNHH Nước Giải khát Suntory PepsiCo Việt Nam,80743,310,10,TP_HO_CHI_MINH,null,null,https://files.customs.gov.vn/CustomsCMS/TP_HO_CHI_MINH/2022/9/8/22.pdf,[],https://www.customs.gov.vn/index.jsp?pageId=3&id=80743&cid=1294,2022,08/2022,2026-10-08T09:59:44Z
4285,1681/QĐ-BTC,19/08/2022,Bộ Tài chính,QĐ V/v công bố thủ tục hành chính được sửa đổi bổ sung bị bãi bỏ trong lĩnh vực hải quan thuộc phạm vi chức năng quản lý Bộ Tài chính,80524,310,10,THANH_HOA,null,null,https://files.customs.gov.vnhttps://files.customs.gov.vn/CustomsCMS/THANH_HOA/2022/8/29/QĐ 1681.pdf,[],https://www.customs.gov.vn/index.jsp?pageId=3&id=80524&cid=1294,2022,08/2022,2026-10-08T09:59:44Z
4290,2153/HQTPHCM-GSQL,18/08/2022,Cục Hải quan TP. Hồ Chí Minh,V/v hướng dẫn thủ tục hải quan,80180,310,16,TP_HO_CHI_MINH,null,null,https://files.customs.gov.vn/CustomsCMS/TP_HO_CHI_MINH/2022/8/18/2153.signed.pdf,[],https://www.customs.gov.vn/index.jsp?pageId=3&id=80180&cid=1294,2022,08/2022,2026-10-08T09:59:44Z
4302,1243/TB-HQKH,15/08/2022,Cục Hải quan tỉnh Khánh Hòa,Thủ tục hành chính trong lĩnh vực hải quan thuộc cấp Cục và Chi cục,81428,310,19,KHANH_HOA,null,null,https://files.customs.gov.vnhttps://files.customs.gov.vn/CustomsCMS/KHANH_HOA/2022/10/25/1243-TB bo TTHC moi 2022 15.8.2022.pdf,[],https://www.customs.gov.vn/index.jsp?pageId=3&id=81428&cid=1294,2022,08/2022,2026-10-08T09:59:44Z
4308,2092/HQTPHCM-GSQL,12/08/2022,Cục Hải quan TP. Hồ Chí Minh,V/v hướng dẫn thủ tục hải quan,80149,310,16,TP_HO_CHI_MINH,null,null,https://files.customs.gov.vn/CustomsCMS/TP_HO_CHI_MINH/2022/8/16/2092.signed.pdf,[],https://www.customs.gov.vn/index.jsp?pageId=3&id=80149&cid=1294,2022,08/2022,2026-10-08T09:59:44Z
4309,3351/TCHQ-GSQL,12/08/2022,Tổng cục Hải quan,Tờ khai vận chuyển độc lập đối với hàng hóa gửi qua dịch vụ chuyển phát nhanh,80247,310,19,LONG_AN,Mai Xuân Thành,12/08/2022,https://files.customs.gov.vnhttps://files.customs.gov.vn/CustomsCMS/LONG_AN/2022/8/22/TK Van Chuyen Doc Lap.pdf,[],https://www.customs.gov.vn/index.jsp?pageId=3&id=80247&cid=1294,2022,08/2022,2026-10-08T09:59:44Z
4310,2066/HQTPHCM-GSQL,11/08/2022,Cục Hải quan TP. Hồ Chí Minh,V/v hướng dẫn thủ tục hải quan,80079,310,16,TP_HO_CHI_MINH,null,null,https://files.customs.gov.vn/CustomsCMS/TP_HO_CHI_MINH/2022/8/11/2066.signed.pdf,[],https://www.customs.gov.vn/index.jsp?pageId=3&id=80079&cid=1294,2022,08/2022,2026-10-08T09:59:44Z
4311,3328/TCHQ-TXNK,11/08/2022,Tổng cục Hải quan,Thủ tục về tạm dừng áp dụng biện pháp cưỡng chế dừng làm thủ tục hải quan,80265,310,16,KIEN_GIANG,null,null,"https://files.customs.gov.vnhttps://files.customs.gov.vn/CustomsCMS/KIEN_GIANG/2022/8/22/3328 TCHQ-TXNK.doc,/CustomsCMS/KIEN_GIANG/2022/8/22/1462 QĐ BTC về công bố thủ tục hành chính.pdf",[],https://www.customs.gov.vn/index.jsp?pageId=3&id=80265&cid=1294,2022,08/2022,2026-10-08T09:59:44Z
4322,1155/GSQL-GQ1,10/08/2022,Cục GSQL,"Xuất khẩu bột ôxít kẽm là sản phẩm của quá trình tái chế, sử lý chất thải nguy hại",80246,310,19,LONG_AN,Đào Duy Tám,10/08/2022,https://files.customs.gov.vnhttps://files.customs.gov.vn/CustomsCMS/LONG_AN/2022/8/22/229Bot Oxit Kem.pdf,[],https://www.customs.gov.vn/index.jsp?pageId=3&id=80246&cid=1294,2022,08/2022,2026-10-08T09:59:44Z
4323,6558/TXNK-PL,10/08/2022,Cục thuế xuất nhập khẩu,Công khai thủ tục hành chính tại Quyết định số 2473/QĐ-BTC ngày 22/12/2021,80304,310,16,HAI_PHONG,Đào Thu Hương,10/08/2022,https://files.customs.gov.vn/CustomsCMS/HAI_PHONG/2022/8/23/2473.pdf,[],https://www.customs.gov.vn/index.jsp?pageId=3&id=80304&cid=1294,2022,08/2022,2026-10-08T09:59:44Z
4367,1877/HQTPHCM-GSQL,28/07/2022,Cục Hải quan TP. Hồ Chí Minh,V/v hướng dẫn thủ tục hải quan,79823,310,16,TP_HO_CHI_MINH,Lê Xuân Mỹ,null,https://files.customs.gov.vn/CustomsCMS/TP_HO_CHI_MINH/2022/8/2/1877.signed.pdf,[],https://www.customs.gov.vn/index.jsp?pageId=3&id=79823&cid=1294,2022,07/2022,2026-10-08T09:59:44Z
4414,1462/2022/QĐ-BTC,22/07/2022,Bộ Tài chính,"Quyết định 1462/QĐ-BTC 2022 công bố TTHC mới ban hành, sửa đổi thay thế lĩnh vực Thuế, Hải quan",80205,310,10,THANH_HOA,null,null,https://files.customs.gov.vn/CustomsCMS/THANH_HOA/2022/8/19/quyet-dinh-1462-qd-btc.pdf,[],https://www.customs.gov.vn/index.jsp?pageId=3&id=80205&cid=1294,2022,07/2022,2026-10-08T09:59:44Z
4415,1463/QĐ-BTC,22/07/2022,Bộ Tài chính,"Quyết định 1463/QĐ-BTC của Bộ Tài chính về việc công bố thủ tục hành chính mới ban hành, bãi bỏ trong lĩnh vực Thuế, Hải quan thuộc phạm vi chức năng quản lý của Bộ Tài chính",80701,310,10,THANH_HOA,null,null,https://files.customs.gov.vn/CustomsCMS/THANH_HOA/2022/9/7/quyet-dinh-1463-qd-btc.pdf,[],https://www.customs.gov.vn/index.jsp?pageId=3&id=80701&cid=1294,2022,07/2022,2026-10-08T09:59:44Z
4445,QĐ 1399/2022/QĐ-TCHQ,15/07/2022,Tổng cục Hải quan,"Quyết định 1399/QĐ-TCHQ của Tổng cục Hải quan về việc ban hành Chương trình thí điểm hỗ trợ, khuyến khích doanh nghiệp tự nguyện tuân thủ pháp luật hải quan",80782,310,10,THANH_HOA,null,null,https://files.customs.gov.vn/CustomsCMS/THANH_HOA/2022/9/9/215quyet-dinh-1399-qd-tchq.pdf,[],https://www.customs.gov.vn/index.jsp?pageId=3&id=80782&cid=1294,2022,07/2022,2026-10-08T09:59:44Z
4458,2846/TCHQ-GSQL,12/07/2022,Cục Giám sát quản lý về HQ,V/v Thủ tục hải quan đối với hàng hóa xuất khẩu chuyển cửa khẩu (Công ty Cổ phần Vantage Logistics),79534,310,16,DONG_NAI,null,null,https://files.customs.gov.vn/CustomsCMS/DONG_NAI/2022/7/13/2846_TCHQ_GSQL_12_07_2022.PDF,[],https://www.customs.gov.vn/index.jsp?pageId=3&id=79534&cid=1294,2022,07/2022,2026-10-08T09:59:44Z
4515,1243/QĐ-TCHQ,30/06/2022,Tổng cục Hải quan,"Ban hành quy chế tuyên truyền, phổ biến pháp luật và hỗ trợ pháp lý cho người khai hải quan, doanh nghiệp trong lĩnh vực hải quan",79489,310,10,BINH_DINH,Mai Xuân Thành,null,https://files.customs.gov.vn/CustomsCMS/BINH_DINH/2022/7/8/QD_1243_TCHQ.pdf,[],https://www.customs.gov.vn/index.jsp?pageId=3&id=79489&cid=1294,2022,06/2022,2026-10-08T09:59:44Z
4551,1406/HQTPHCM-GSQL,21/06/2022,Cục Hải quan TP.Hồ Chí Minh,V/v hướng dẫn thủ tục hải quan,79237,310,16,TP_HO_CHI_MINH,null,null,https://files.customs.gov.vn/CustomsCMS/TP_HO_CHI_MINH/2022/6/21/1406.signed.pdf,[],https://www.customs.gov.vn/index.jsp?pageId=3&id=79237&cid=1294,2022,06/2022,2026-10-08T09:59:44Z
4552,1413/HQTPHCM-GSQL,21/06/2022,Cục Hải quan TP.Hồ Chí Minh – Phòng Giám sát quản lý,V/v hướng dẫn thủ tục hải quan,79272,310,16,TP_HO_CHI_MINH,null,null,https://files.customs.gov.vn/CustomsCMS/TP_HO_CHI_MINH/2022/6/23/1413.signed.pdf,[],https://www.customs.gov.vn/index.jsp?pageId=3&id=79272&cid=1294,2022,06/2022,2026-10-08T09:59:44Z
4598,1256/HQTPHCM-GSQL,08/06/2022,Cục Hải quan TP.Hồ Chí Minh,V/v hướng dẫn thủ tục hải quan,78921,310,16,TP_HO_CHI_MINH,null,null,https://files.customs.gov.vn/CustomsCMS/TP_HO_CHI_MINH/2022/6/10/1256.signed.pdf,[],https://www.customs.gov.vn/index.jsp?pageId=3&id=78921&cid=1294,2022,06/2022,2026-10-08T09:59:44Z
4622,10/2022/TT-BCT1,01/06/2022,Bộ Công Thương,"V/v Sửa đổi, bổ sung một số Thông tư quy định thực hiện Quy tắc xuất xứ hàng hóa trong Hiệp định Thương mại hàng hóa ASEAN",79061,310,4,DONG_NAI,null,null,https://files.customs.gov.vn/CustomsCMS/DONG_NAI/2022/6/14/10_2022_TT_BCT_01_06_2022.PDF,[],https://www.customs.gov.vn/index.jsp?pageId=3&id=79061&cid=1294,2022,06/2022,2026-10-08T09:59:44Z
4623,106/QĐ-HQCM,01/06/2022,Cục Hải quan tỉnh Cà Mau,Quyết định về việc công nhận địa điểm kiểm tra hàng hóa tại nơi sản xuất,79087,310,10,CA_MAU,null,null,https://files.customs.gov.vn/CustomsCMS/CA_MAU/2022/6/14/143106.PDF,[],https://www.customs.gov.vn/index.jsp?pageId=3&id=79087&cid=1294,2022,06/2022,2026-10-08T09:59:44Z
4630,1138/HQBRVT-CNTT,31/05/2022,Cục HQ tỉnh Bà Rịa Vũng Tàu,triển khai thú tục của Bộ Quốc phòng trcn Cơ chế một cửa quốc gia,78746,310,16,BA_RIA_VUNG_TAU,Nguyễn Thanh Sang,null,https://files.customs.gov.vn/CustomsCMS/BA_RIA_VUNG_TAU/2022/6/1/1138_signed.pdf,[],https://www.customs.gov.vn/index.jsp?pageId=3&id=78746&cid=1294,2022,05/2022,2026-10-08T09:59:44Z
4633,1172/HQTPHCM-GSQL,30/05/2022,Cục Hải quan TP.Hồ Chí Minh,V/v hướng dẫn thủ tục hải quan,78721,310,16,TP_HO_CHI_MINH,null,null,https://files.customs.gov.vn/CustomsCMS/TP_HO_CHI_MINH/2022/5/31/1172.signed.pdf,[],https://www.customs.gov.vn/index.jsp?pageId=3&id=78721&cid=1294,2022,05/2022,2026-10-08T09:59:44Z
4634,1173/HQTPHCM-GSQL,30/05/2022,Cục Hải quan TP.Hồ Chí Minh,V/v hướng dẫn thủ tục hải quan,78722,310,16,TP_HO_CHI_MINH,null,null,https://files.customs.gov.vn/CustomsCMS/TP_HO_CHI_MINH/2022/5/31/1173.signed.pdf,[],https://www.customs.gov.vn/index.jsp?pageId=3&id=78722&cid=1294,2022,05/2022,2026-10-08T09:59:44Z
4640,1123/HQTPHCM-GSQL,25/05/2022,Chi cục Hải quan Quản lý Hàng Đầu tư,V/v hướng dẫn thủ tục hải quan,78725,310,16,TP_HO_CHI_MINH,null,null,https://files.customs.gov.vn/CustomsCMS/TP_HO_CHI_MINH/2022/5/31/1123.signed.pdf,[],https://www.customs.gov.vn/index.jsp?pageId=3&id=78725&cid=1294,2022,05/2022,2026-10-08T09:59:44Z
4641,412/CNTT -SW,25/05/2022,Cục CNTT & Thống kê Hải quan,lỗi hệ thống Singapore,78748,310,16,BA_RIA_VUNG_TAU,null,null,https://files.customs.gov.vn/CustomsCMS/BA_RIA_VUNG_TAU/2022/6/1/234489_412-CNTT-SW.pdf,[],https://www.customs.gov.vn/index.jsp?pageId=3&id=78748&cid=1294,2022,05/2022,2026-10-08T09:59:44Z
4642,1099/HQTPHCM-GSQL,23/05/2022,Cục Hải quan TP.Hồ Chí Minh – Phòng GSQL,V/v nhập khẩu sách điện tử,78523,310,16,TP_HO_CHI_MINH,null,null,https://files.customs.gov.vn/CustomsCMS/TP_HO_CHI_MINH/2022/5/24/1099.signed.pdf,[],https://www.customs.gov.vn/index.jsp?pageId=3&id=78523&cid=1294,2022,05/2022,2026-10-08T09:59:44Z
4647,76/QĐ-HQPM,19/05/2022,Chi cục HQCK Cảng Phú Mỹ,về việc khoanh nợ’ tiền thuế đối với Công ty TNHH Kỹ thuật Tân Hải Vân,78792,310,10,BA_RIA_VUNG_TAU,Nguyễn Ngọc Hà,01/07/2020,https://files.customs.gov.vnhttps://files.customs.gov.vn/CustomsCMS/BA_RIA_VUNG_TAU/2022/6/3/QD_76_HQPM_Khoanh no tien thue Tan Hai Van_2.pdf,[],https://www.customs.gov.vn/index.jsp?pageId=3&id=78792&cid=1294,2022,05/2022,2026-10-08T09:59:44Z
4650,1047/HQTPHCM-GSQL,17/05/2022,Cục Hải quan TP. Hồ Chí Minh,V/v hướng dẫn thủ tục hải quan,78729,310,16,TP_HO_CHI_MINH,null,null,https://files.customs.gov.vn/CustomsCMS/TP_HO_CHI_MINH/2022/5/31/1047.signed.pdf,[],https://www.customs.gov.vn/index.jsp?pageId=3&id=78729&cid=1294,2022,05/2022,2026-10-08T09:59:44Z
4651,430/QĐ-HQHN,17/05/2022,Chi cục Hải quan cửa khẩu hữu nghị,"Về việc cưỡng chế thi hành quyết định hành chính về quản lý thuế bằng biện pháp dừng làm thủ tục hải quan đối với hàng hóa xuất khẩu, nhập khẩu",78358,310,19,LANG_SON,null,24/05/2022,https://files.customs.gov.vn/CustomsCMS/LANG_SON/2022/5/18/430.tif,[],https://www.customs.gov.vn/index.jsp?pageId=3&id=78358&cid=1294,2022,05/2022,2026-10-08T09:59:44Z
4652,431/QĐ-HQHN,17/05/2022,Chi cục Hải quan cửa khẩu hữu nghị,"Về việc cưỡng chế thi hành quyết định hành chính về quản lý thuế bằng biện pháp dừng làm thủ tục hải quan đối với hàng hóa xuất khẩu, nhập khẩu",78357,310,19,LANG_SON,null,24/05/2022,https://files.customs.gov.vn/CustomsCMS/LANG_SON/2022/5/18/431.tif,[],https://www.customs.gov.vn/index.jsp?pageId=3&id=78357&cid=1294,2022,05/2022,2026-10-08T09:59:44Z
4653,432/QĐ-HQHN,17/05/2022,Chi cục Hải quan cửa khẩu hữu nghị,"Về việc cưỡng chế thi hành quyết định hành chính về quản lý thuế bằng biện pháp dừng làm thủ tục hải quan đối với hàng hóa xuất khẩu, nhập khẩu",78356,310,19,LANG_SON,null,24/05/2022,https://files.customs.gov.vn/CustomsCMS/LANG_SON/2022/5/18/432.tif,[],https://www.customs.gov.vn/index.jsp?pageId=3&id=78356&cid=1294,2022,05/2022,2026-10-08T09:59:44Z
4657,1730/TCHQ-GSQL,16/05/2022,Cục Giám sát Quản lý,V/v Hướng dẫn thủ tục hải quan (Công ty TNHH Khoa học và Kỹ thuật Goertek Vina),78360,310,16,DONG_NAI,null,null,https://files.customs.gov.vn/CustomsCMS/DONG_NAI/2022/5/19/1730_TCHQ_GSQL_16_05_2022.PDF,[],https://www.customs.gov.vn/index.jsp?pageId=3&id=78360&cid=1294,2022,05/2022,2026-10-08T09:59:44Z
4658,97/QĐ-HQCM,16/05/2022,Cục Hải quan tỉnh Cà Mau,Quyết định về việc công nhận địa điểm kiểm tra hàng hóa tại nơi sản xuất,79086,310,10,CA_MAU,null,null,https://files.customs.gov.vn/CustomsCMS/CA_MAU/2022/6/14/97.PDF,[],https://www.customs.gov.vn/index.jsp?pageId=3&id=79086&cid=1294,2022,05/2022,2026-10-08T09:59:44Z
4674,1683/TCHQ-GSQL,12/05/2022,TCHQ,Thời gian chuyển đổi C/O form D mẫu mới,78337,310,18,QUANG_NGAI,null,null,https://files.customs.gov.vn/CustomsCMS/QUANG_NGAI/2022/5/17/1683-TCHQ-GSQL.pdf,[],https://www.customs.gov.vn/index.jsp?pageId=3&id=78337&cid=1294,2022,05/2022,2026-10-08T09:59:44Z
4675,79/QĐ-HQCM,12/05/2022,Chi cục HQCK cảng Cái Mép,v ề việc khoanh nợ tiền thuế đối với Công ty TNHH xuất nhập khẩu Hưng Thịnh Phúc,78793,310,10,BA_RIA_VUNG_TAU,null,28/04/2022,https://files.customs.gov.vnhttps://files.customs.gov.vn/CustomsCMS/BA_RIA_VUNG_TAU/2022/6/3/QD_79_HQCM_Khoanh no tien thue Hung Thinh Phuc.pdf,[],https://www.customs.gov.vn/index.jsp?pageId=3&id=78793&cid=1294,2022,05/2022,2026-10-08T09:59:44Z
4676,96/QĐ-HQCM,12/05/2022,Cục Hải quan tỉnh Cà Mau,Quyết định về việc công nhận địa điểm kiểm tra hàng hóa tại nơi sản xuất,79084,310,10,CA_MAU,null,null,https://files.customs.gov.vn/CustomsCMS/CA_MAU/2022/6/14/96.PDF,[],https://www.customs.gov.vn/index.jsp?pageId=3&id=79084&cid=1294,2022,05/2022,2026-10-08T09:59:44Z
4684,95/QĐ-HQCM,10/05/2022,Cục Hải quan tỉnh Cà Mau,Quyết định về việc công nhận địa điểm kiểm tra hàng hóa tại nơi sản xuất,79082,310,10,CA_MAU,null,null,https://files.customs.gov.vn/CustomsCMS/CA_MAU/2022/6/14/95.PDF,[],https://www.customs.gov.vn/index.jsp?pageId=3&id=79082&cid=1294,2022,05/2022,2026-10-08T09:59:44Z
4689,93/QĐ-HQCM,06/05/2022,Cục Hải quan tỉnh Cà Mau,Quyết định về việc công nhận địa điểm kiểm tra hàng hóa tại nơi sản xuất,79081,310,10,CA_MAU,null,null,https://files.customs.gov.vn/CustomsCMS/CA_MAU/2022/6/14/93.PDF,[],https://www.customs.gov.vn/index.jsp?pageId=3&id=79081&cid=1294,2022,05/2022,2026-10-08T09:59:44Z
4700,92/QĐ-HQCM,29/04/2022,Cục Hải quan tỉnh Cà Mau,Quyết định về việc công nhận địa điểm kiểm tra hàng hóa tại nơi sản xuất,79080,310,10,CA_MAU,null,null,https://files.customs.gov.vn/CustomsCMS/CA_MAU/2022/6/14/92.PDF,[],https://www.customs.gov.vn/index.jsp?pageId=3&id=79080&cid=1294,2022,04/2022,2026-10-08T09:59:44Z
4707,91/QĐ-HQCM,27/04/2022,Cục Hải quan tỉnh Cà Mau,Quyết định về việc công nhận địa điểm kiểm tra hàng hóa tại nơi sản xuất,79079,310,10,CA_MAU,null,null,https://files.customs.gov.vn/CustomsCMS/CA_MAU/2022/6/14/91.PDF,[],https://www.customs.gov.vn/index.jsp?pageId=3&id=79079&cid=1294,2022,04/2022,2026-10-08T09:59:44Z
4714,1478/TCHQ-GSQL,26/04/2022,Cục GSQL,Vướng mắc mã loại hình,78234,310,16,QUANG_NGAI,null,26/04/2022,https://files.customs.gov.vn/CustomsCMS/QUANG_NGAI/2022/5/9/1478-TCHQ-GSQL.pdf,[],https://www.customs.gov.vn/index.jsp?pageId=3&id=78234&cid=1294,2022,04/2022,2026-10-08T09:59:44Z
4722,1416/TCHQ-GSQL,22/04/2022,Tổng cục Hải quan,"Thủ tục hải quan,kiểm tra,giám sát hải quan đối với ô tô nhập khẩu nguyên chiếc",78338,310,16,HA_NOI,null,null,https://files.customs.gov.vn/CustomsCMS/HA_NOI/2022/5/17/Vanban_6281.PDF,[],https://www.customs.gov.vn/index.jsp?pageId=3&id=78338&cid=1294,2022,04/2022,2026-10-08T09:59:44Z
4723,850/HQTPHCM-GSQL,22/04/2022,Cục Hải quan TP. Hồ Chí Minh,V/v hướng dẫn thủ tục hải quan,78052,310,16,TP_HO_CHI_MINH,null,null,https://files.customs.gov.vn/CustomsCMS/TP_HO_CHI_MINH/2022/4/26/850.signed.pdf,[],https://www.customs.gov.vn/index.jsp?pageId=3&id=78052&cid=1294,2022,04/2022,2026-10-08T09:59:44Z
4747,755/HQTPHCM-GSQL,14/04/2022,Cục Hải quan TP. Hồ Chí Minh,V/v hướng dẫn thủ tục hải quan,77910,310,16,TP_HO_CHI_MINH,null,null,https://files.customs.gov.vn/CustomsCMS/TP_HO_CHI_MINH/2022/4/19/755.signed.pdf,[],https://www.customs.gov.vn/index.jsp?pageId=3&id=77910&cid=1294,2022,04/2022,2026-10-08T09:59:44Z
4754,74/QĐ-HQCM,08/04/2022,Cục Hải quan tỉnh Cà Mau,Quyết định về việc công nhận địa điểm kiểm tra hàng hóa tại nơi sản xuất,79076,310,10,CA_MAU,null,null,https://files.customs.gov.vn/CustomsCMS/CA_MAU/2022/6/14/74.PDF,[],https://www.customs.gov.vn/index.jsp?pageId=3&id=79076&cid=1294,2022,04/2022,2026-10-08T09:59:44Z
4755,76/QĐ-HQCM,08/04/2022,Cục Hải quan tỉnh Cà Mau,Quyết định về việc công nhận địa điểm kiểm tra hàng hóa tại nơi sản xuất,79077,310,10,CA_MAU,null,null,https://files.customs.gov.vn/CustomsCMS/CA_MAU/2022/6/14/76.PDF,[],https://www.customs.gov.vn/index.jsp?pageId=3&id=79077&cid=1294,2022,04/2022,2026-10-08T09:59:44Z
4766,70/QĐ-HQCM,05/04/2022,Cục Hải quan tỉnh Cà Mau,Quyết định về việc công nhận địa điểm kiểm tra hàng hóa tại nơi sản xuất,79075,310,10,CA_MAU,null,null,https://files.customs.gov.vn/CustomsCMS/CA_MAU/2022/6/14/70.PDF,[],https://www.customs.gov.vn/index.jsp?pageId=3&id=79075&cid=1294,2022,04/2022,2026-10-08T09:59:44Z
4780,663/HQTPHCM-GSQL,31/03/2022,Cục Hải quan TP. Hồ Chí Minh,V/v hướng dẫn thủ tục hải quan,77734,310,16,TP_HO_CHI_MINH,Lê Xuân Mỹ,null,https://files.customs.gov.vn/CustomsCMS/TP_HO_CHI_MINH/2022/4/1/663.signed.pdf,[],https://www.customs.gov.vn/index.jsp?pageId=3&id=77734&cid=1294,2022,03/2022,2026-10-08T09:59:44Z
4785,641/HQTPHCM-GSQL,30/03/2022,Cục Hải quan TP. Hồ Chí Minh,V/v hướng dẫn thủ tục hải quan,77729,310,16,TP_HO_CHI_MINH,null,null,https://files.customs.gov.vn/CustomsCMS/TP_HO_CHI_MINH/2022/4/1/641.signed.pdf,[],https://www.customs.gov.vn/index.jsp?pageId=3&id=77729&cid=1294,2022,03/2022,2026-10-08T09:59:44Z
4789,65/QĐ-HQCM,29/03/2022,Cục Hải quan tỉnh Cà Mau,Quyết định về việc công nhận địa điểm kiểm tra hàng hóa tại nơi sản xuất,79074,310,10,CA_MAU,null,null,https://files.customs.gov.vn/CustomsCMS/CA_MAU/2022/6/14/10965.PDF,[],https://www.customs.gov.vn/index.jsp?pageId=3&id=79074&cid=1294,2022,03/2022,2026-10-08T09:59:44Z
4794,62/QĐ-HQCM,28/03/2022,Cục Hải quan tỉnh Cà Mau,Quyết định về việc công nhận địa điểm kiểm tra hàng hóa tại nơi sản xuất,79072,310,10,CA_MAU,null,null,https://files.customs.gov.vn/CustomsCMS/CA_MAU/2022/6/14/62.PDF,[],https://www.customs.gov.vn/index.jsp?pageId=3&id=79072&cid=1294,2022,03/2022,2026-10-08T09:59:44Z
4822,943/TCHQ-GSQL,22/03/2022,Tổng cục Hải quan,Thực hiện thủ tục xuất/nhập hàng hóa ra vào KNQ đối với doanh nghiệp ưu tiên,77703,310,16,TONG_CUC,Mai Xuân Thành,null,https://files.customs.gov.vn/CustomsCMS/TONG_CUC/2022/3/29/Vanban_943.PDF,[],https://www.customs.gov.vn/index.jsp?pageId=3&id=77703&cid=1294,2022,03/2022,2026-10-08T09:59:44Z
4828,562/HQTPHCM-GSQL,21/03/2022,Cục Hải quan TP. Hồ Chí Minh,V/v hướng dẫn thủ tục hải quan,77732,310,16,TP_HO_CHI_MINH,null,null,https://files.customs.gov.vn/CustomsCMS/TP_HO_CHI_MINH/2022/4/1/123562.signed.pdf,[],https://www.customs.gov.vn/index.jsp?pageId=3&id=77732&cid=1294,2022,03/2022,2026-10-08T09:59:44Z
4834,555/HQTPHCM-GSQL,18/03/2022,Cục Hải quan TP. Hồ Chí Minh,V/v hướng dẫn thủ tục hải quan cho Công ty CP Kim loại Toàn Cầu,77535,310,16,TP_HO_CHI_MINH,null,null,https://files.customs.gov.vn/CustomsCMS/TP_HO_CHI_MINH/2022/3/21/555.signed.pdf,[],https://www.customs.gov.vn/index.jsp?pageId=3&id=77535&cid=1294,2022,03/2022,2026-10-08T09:59:44Z
4863,465/HQTPHCM-GSQL,09/03/2022,Cục Hải quan TP. Hồ Chí Minh,V/v hướng dẫn thủ tục hải quan,77413,310,16,TP_HO_CHI_MINH,null,null,https://files.customs.gov.vn/CustomsCMS/TP_HO_CHI_MINH/2022/3/11/465.signed.pdf,[],https://www.customs.gov.vn/index.jsp?pageId=3&id=77413&cid=1294,2022,03/2022,2026-10-08T09:59:44Z
4871,415/HQTPHCM-GSQL,03/03/2022,Cục Hải quan TP. Hồ Chí Minh,V/v hướng dẫn TTHQ cho Công ty TNHH SX Hiệp Phước Thành,77317,310,16,TP_HO_CHI_MINH,Nguyễn Hữu Nghiệp,null,https://files.customs.gov.vn/CustomsCMS/TP_HO_CHI_MINH/2022/3/4/416.pdf,[],https://www.customs.gov.vn/index.jsp?pageId=3&id=77317&cid=1294,2022,03/2022,2026-10-08T09:59:44Z
4876,697/TCHQ-GSQL,02/03/2022,TCHQ,Triển khai thực hiện Khoản 10 điều 1 Nghị định số 18/NĐ-CP của Chính phủ,77330,310,16,QUANG_NGAI,null,02/03/2022,https://files.customs.gov.vn/CustomsCMS/QUANG_NGAI/2022/3/4/697-TCHQ-GSQL.pdf,[],https://www.customs.gov.vn/index.jsp?pageId=3&id=77330&cid=1294,2022,03/2022,2026-10-08T09:59:44Z
4883,50/QĐ-HQCM,28/02/2022,Cục Hải quan tỉnh Cà Mau,Quyết định về việc công nhận địa điểm kiểm tra hàng hóa tại nơi sản xuất,79069,310,10,CA_MAU,null,null,https://files.customs.gov.vn/CustomsCMS/CA_MAU/2022/6/14/54150.PDF,[],https://www.customs.gov.vn/index.jsp?pageId=3&id=79069&cid=1294,2022,02/2022,2026-10-08T09:59:44Z
4898,201/HQTTH-NV,23/02/2022,Cục Hải quan Thừa Thiên Huế,Cấp mã địa điểm,77271,310,16,TONG_CUC,Ngô Bình Tú,null,https://files.customs.gov.vn/CustomsCMS/TONG_CUC/2022/3/1/201-HQTTH-NV.pdf,[],https://www.customs.gov.vn/index.jsp?pageId=3&id=77271&cid=1294,2022,02/2022,2026-10-08T09:59:44Z
4899,36/QĐ-HQCM,22/02/2022,Cục Hải quan tỉnh Cà Mau,Quyết định về việc công nhận địa điểm kiểm tra hàng hóa tại nơi sản xuất,78961,310,10,CA_MAU,null,null,https://files.customs.gov.vn/CustomsCMS/CA_MAU/2022/6/13/62936.PDF,[],https://www.customs.gov.vn/index.jsp?pageId=3&id=78961&cid=1294,2022,02/2022,2026-10-08T09:59:44Z
4900,544/TCHQ-CNTT,22/02/2022,Cục CNTT&TK Hải quan,Triển khai phần mềm khai hải quan miễn phí,77310,310,16,QUANG_NAM,Lưu Mạnh Tưởng,22/02/2022,https://files.customs.gov.vn/CustomsCMS/QUANG_NAM/2022/3/3/Vanban_544.pdf,[],https://www.customs.gov.vn/index.jsp?pageId=3&id=77310&cid=1294,2022,02/2022,2026-10-08T09:59:44Z
4906,310/HQTPHCM-GSQL,21/02/2022,Cục Hải quan TP. Hồ Chí Minh,V/v hướng dẫn thủ tục hải quan cho Công ty TNHH MTV Vinh Vinh Phát,77113,310,16,TP_HO_CHI_MINH,Nguyễn Hữu Nghiệp,null,https://files.customs.gov.vn/CustomsCMS/TP_HO_CHI_MINH/2022/2/21/310.SIGNED.PDF,[],https://www.customs.gov.vn/index.jsp?pageId=3&id=77113&cid=1294,2022,02/2022,2026-10-08T09:59:44Z
4917,243/HQTH-NV,14/02/2022,Cục Hải quan Thanh Hóa,V/v triển khai Nghị quyết số 43/2022/QH15 và Nghị định số 15/2022/NĐ-CP,77022,310,16,THANH_HOA,null,null,https://files.customs.gov.vnhttps://files.customs.gov.vn/CustomsCMS/THANH_HOA/2022/2/15/CV 243_HQTH-NVS1.PDF,[],https://www.customs.gov.vn/index.jsp?pageId=3&id=77022&cid=1294,2022,02/2022,2026-10-08T09:59:44Z
4925,160/QĐ-TCHQ,10/02/2022,Tổng cục Hải quan,Quyết định số 160/QĐ-TCHQ ngày 10/2/2022 của Tổng cục Hải quan v/v thu hồi giấy chứng nhận đủ điều kiện kinh doanh hàng miễn thuế,77289,310,10,TONG_CUC,Mai Xuân Thành,10/02/2022,https://files.customs.gov.vn/CustomsCMS/TONG_CUC/2022/3/2/160-QD-TCHQ.pdf,[],https://www.customs.gov.vn/index.jsp?pageId=3&id=77289&cid=1294,2022,02/2022,2026-10-08T09:59:44Z
4926,161/QĐ-TCHQ,10/02/2022,Tổng cục Hải quan,Quyết định số 161/QĐ-TCHQ ngày 10/2/2022 của Tổng cục Hải quan v/v thu hồi giấy chứng nhận đủ điều kiện kinh doanh hàng miễn thuế,77290,310,10,TONG_CUC,Mai Xuân Thành,10/02/2022,https://files.customs.gov.vn/CustomsCMS/TONG_CUC/2022/3/2/161-QD-TCHQ.pdf,[],https://www.customs.gov.vn/index.jsp?pageId=3&id=77290&cid=1294,2022,02/2022,2026-10-08T09:59:44Z
4927,220/HQTPHCM-GSQL,10/02/2022,Cục Hải quan TP.Hồ Chí Minh,V/v vướng mắc C/O mẫu EUR.1,77003,310,16,TP_HO_CHI_MINH,Nguyễn Hữu Nghiệp,null,https://files.customs.gov.vn/CustomsCMS/TP_HO_CHI_MINH/2022/2/10/220.SIGNED.PDF,[],https://www.customs.gov.vn/index.jsp?pageId=3&id=77003&cid=1294,2022,02/2022,2026-10-08T09:59:44Z
4929,389 /TCHQ-GSQL,09/02/2022,Cục GSQL,Hướng dẫn sử dụng phần mềm khai hải quan miễn phí,77311,310,16,QUANG_NAM,Mai Xuân Thành,09/02/2022,https://files.customs.gov.vn/CustomsCMS/QUANG_NAM/2022/3/4/Vanban_389.pdf,[],https://www.customs.gov.vn/index.jsp?pageId=3&id=77311&cid=1294,2022,02/2022,2026-10-08T09:59:44Z
4930,389/TCHQ-GSQL,09/02/2022,Tổng Cục Hải quan,V/v triển khai phần mềm khai hải quan miễn phí,77014,310,16,DONG_NAI,null,null,https://files.customs.gov.vn/CustomsCMS/DONG_NAI/2022/2/14/625783_TC120.PDF,[],https://www.customs.gov.vn/index.jsp?pageId=3&id=77014&cid=1294,2022,02/2022,2026-10-08T09:59:44Z
4974,129/HQTPHCM-GSQL,19/01/2022,Cục Hải quan TP.Hồ Chí Minh,V/v hướng dẫn thủ tục hải quan,68542,310,16,TP_HO_CHI_MINH,Nguyễn Hữu Nghiệp,null,https://files.customs.gov.vn/CustomsCMS/TP_HO_CHI_MINH/2022/1/19/129.SIGNED.PDF,[],https://www.customs.gov.vn/index.jsp?pageId=3&id=68542&cid=1294,2022,01/2022,2026-10-08T09:59:44Z
4975,138/HQTPHCM-GSQL,19/01/2022,Cục Hải quan TP.Hồ Chí Minh,V/v NK bao bì trung gian rỗng để thay thế cho bao bì trung gian chứa sản phẩm dược phẩm nhập khẩu bị móp méo trong quá trình vận chuyển bằng đường biển,68541,310,16,TP_HO_CHI_MINH,Nguyễn Hữu Nghiệp,null,https://files.customs.gov.vn/CustomsCMS/TP_HO_CHI_MINH/2022/1/19/138.SIGNED.PDF,[],https://www.customs.gov.vn/index.jsp?pageId=3&id=68541&cid=1294,2022,01/2022,2026-10-08T09:59:44Z
4983,211/TCHQ-GSQL,18/01/2022,Cục giám sát quản lý,triển khai thực hiện Thông tư số 82/2021/TT-BTC và Thông tư số 121/2021/TT-BTC,78602,310,16,BA_RIA_VUNG_TAU,Mai Xuân Thành,18/01/2022,https://files.customs.gov.vn/CustomsCMS/BA_RIA_VUNG_TAU/2022/5/26/Vanban_211.PDF,[],https://www.customs.gov.vn/index.jsp?pageId=3&id=78602&cid=1294,2022,01/2022,2026-10-08T09:59:44Z
5000,98/HQTPHCM-GSQL,13/01/2022,Cục Hải quan TP.Hồ Chí Minh,V/v vướng mắc C/O mẫu E,68492,310,16,TP_HO_CHI_MINH,Nguyễn Hữu Nghiệp,null,https://files.customs.gov.vn/CustomsCMS/TP_HO_CHI_MINH/2022/1/17/98.SIGNED.PDF,[],https://www.customs.gov.vn/index.jsp?pageId=3&id=68492&cid=1294,2022,01/2022,2026-10-08T09:59:44Z
5009,86/HQTPHCM-GSQL,12/01/2022,Cục Hải quan TP.Hồ Chí Minh,V/v hướng dẫn thủ tục hải quan,68493,310,16,TP_HO_CHI_MINH,Nguyễn Hữu Nghiệp,null,https://files.customs.gov.vn/CustomsCMS/TP_HO_CHI_MINH/2022/1/17/86.SIGNED.PDF,[],https://www.customs.gov.vn/index.jsp?pageId=3&id=68493&cid=1294,2022,01/2022,2026-10-08T09:59:44Z
5110,2553/QĐ-TCHQ,11/10/2021,Tổng cục hải quan,Quyết định số 2553/QĐ-TCHQ ngày 11/10/2021 của Tổng cục Hải quan về việc áp dụng chế độ ưu tiên,61147,310,10,BINH_DUONG,null,11/10/2021,https://files.customs.gov.vnhttps://files.customs.gov.vn/BINH_DUONG/CMS/Lists/VanBanPhapQuy_VN/Attachments/4825/2553-QD-TCHQ-2021.pdf,[],https://www.customs.gov.vn/index.jsp?pageId=3&id=61147&cid=1294,2021,10/2021,2026-10-08T09:59:50Z
5130,82/2021/TT-BTC,30/09/2021,Bộ Tài chính,"Thông tư số 82/2021/TT-BTC ngày 30/9/2021 quy định về giám sát hải quan đối với hàng hóa nhập khẩu chuyển cửa khẩu trong trường hợp hàng hóa nhập khẩu ùn tắc hoặc có nguy cơ ùn tắc tại cảng biển nơi thực hiện giãn cách xã hội theo Chỉ thị 16/CT-TTg ngày 31/3/2020 của Thủ tướng Chính phủ về thực hiện các biện pháp cấp bách phòng, chống dịch COVID-19",60898,310,4,TONG_CUC,Vũ Thị Mai,30/09/2021,https://files.customs.gov.vnhttps://files.customs.gov.vn/van_ban_phap_luat/Lists/VanBanPhapLuat/Attachments/14152/TT212021BTC.pdf,[],https://www.customs.gov.vn/index.jsp?pageId=3&id=60898&cid=1294,2021,09/2021,2026-10-08T09:59:50Z
5159,13/2021/TT-BYT,16/09/2021,Bộ Y tế,"Thông tư Quy định cấp số lưu hành, nhập khẩu trang thiết bị y tế phục vụ phòng,  chống dịch COVID-19 trong trường hợp cấp bách",67691,310,4,QUANG_NGAI,Thứ trưởng Trương Quốc Cường,16/09/2021,,[],https://www.customs.gov.vn/index.jsp?pageId=3&id=67691&cid=1294,2021,09/2021,2026-10-08T09:59:50Z
5178,2411/TB-HQHNN,08/09/2021,null,Thông báo về việc giới thiệu chức danh và chữ ký của công chức giữ chức vụ lãnh đạo,59011,310,10,HA_NAM_NINH,Bùi Việt Long,08/09/2021,https://files.customs.gov.vnhttps://files.customs.gov.vn/CustomsCMS/HA_NAM_NINH/2021/9/8/CONG VAN SO 2411.PDF,[],https://www.customs.gov.vn/index.jsp?pageId=3&id=59011&cid=1294,2021,09/2021,2026-10-08T09:59:50Z
5183,702/QĐ-HQHN,31/08/2021,Chi cục Hải quan cửa khẩu Hữu Nghị,"Quyết định số 702/QĐ-HQHN ngày 31/8/2021 của Chi cục Hải quan cửa khẩu Hữu Nghị - Cục Hải quan tỉnh Lạng Sơn V/v cưỡng chế thi hành quyết định hành chính về quản lý thuế bằng biện pháp dừng làm thủ tục hải quan đối với hàng hóa xuất khẩu, nhập khẩu",60876,310,10,TONG_CUC,Nguyễn Tiến Bộ,08/09/2021,https://files.customs.gov.vnhttps://files.customs.gov.vn/van_ban_phap_luat/Lists/VanBanPhapLuat/Attachments/14123/07112021194905.pdf,[],https://www.customs.gov.vn/index.jsp?pageId=3&id=60876&cid=1294,2021,08/2021,2026-10-08T09:59:50Z
5185,3760/TCHQ-CNTT,28/08/2021,Cục Công nghệ thông tin và Thống kê hải quan,Tra cứu C/O mẫu D điện tử,44537,310,16,QUANG_NAM,Lê Đức Thành,01/08/2021,https://files.customs.gov.vn/CustomsCMS/QUANG_NAM/2021/8/1/211693_VANBAN_3760.PDF,[],https://www.customs.gov.vn/index.jsp?pageId=3&id=44537&cid=1294,2021,08/2021,2026-10-08T09:59:50Z
5204,221/QĐ-HQTTH,17/08/2021,Cục Hải quan Thừa Thiên Huế,"Thành lập Tổ hỗ trợ, xử lý vướng mắc về thủ tục Hải quan đối với hàng hóa XNK của Doanh nghiệp và Chi cục Hải quan trực thuộc Cục Hải quan tỉnh Thừa Thiên Huế",67905,310,10,THUA_THIEN_HUE,null,17/08/2021,https://files.customs.gov.vn/CustomsCMS/THUA_THIEN_HUE/2021/12/22/221.QĐ.HQTTH.PDF,[],https://www.customs.gov.vn/index.jsp?pageId=3&id=67905&cid=1294,2021,08/2021,2026-10-08T09:59:50Z
5214,4032/TCHQ-GSQL,16/08/2021,Tổng cục hải quan,Công văn số 4032/TCHQ-GSQL ngày 16/8/2021 của Tổng cục Hải quan v/v Hướng dẫn sử dụng mã loại hình,59394,310,16,TAY_NINH,Mai Xuân Thành,16/08/2021,https://files.customs.gov.vn/CustomsCMS/TAY_NINH/2021/11/5/VANBAN_4032.PDF,[],https://www.customs.gov.vn/index.jsp?pageId=3&id=59394&cid=1294,2021,08/2021,2026-10-08T09:59:50Z
5274,1577/HQBD-GSQL,19/07/2021,Cục Hải quan Tỉnh Bình Dương,"V/v chuyển soi chiếu, kiểm tra thực tế hàng hóa xuất khẩu, nhập khẩu trong thời gian giãn cách xã hội trên địa bàn",61119,310,16,BINH_DUONG,null,19/07/2021,https://files.customs.gov.vnhttps://files.customs.gov.vn/BINH_DUONG/CMS/Lists/VanBanPhapQuy_VN/Attachments/4761/1577HQBD-GSQL-2021.pdf,[],https://www.customs.gov.vn/index.jsp?pageId=3&id=61119&cid=1294,2021,07/2021,2026-10-08T09:59:50Z
5324,3498/TCHQ-GSQL,12/07/2021,Tổng cục hải quan,Công văn số 3498/TCHQ-GSQL ngày 12/7/2021 của Tổng cục Hải quan v/v hướng dẫn thực hiện các vướng mắc trong công tác kiểm tra hàng hóa bằng máy soi container,60812,310,16,TONG_CUC,Trần Đức Hùng,12/07/2021,https://files.customs.gov.vnhttps://files.customs.gov.vn/van_ban_phap_luat/Lists/VanBanPhapLuat/Attachments/14044/CV34982021TCHQ.PDF,[],https://www.customs.gov.vn/index.jsp?pageId=3&id=60812&cid=1294,2021,07/2021,2026-10-08T09:59:50Z
5335,3464/TCHQ-GSQL,09/07/2021,Tổng cục hải quan,"Công văn số 3464/TCHQ-GSQL ngày 9/7/2021 của Tổng cục Hải quan v/v TGYK dự thảo Nghị định sửa đổi, bổ sung Nghị định số 08/2015/NĐ-CP (lần 2)",60813,310,16,TONG_CUC,Mai Xuân Thành,09/07/2021,https://files.customs.gov.vnhttps://files.customs.gov.vn/van_ban_phap_luat/Lists/VanBanPhapLuat/Attachments/14045/CV34642021TCHQ.PDF,[],https://www.customs.gov.vn/index.jsp?pageId=3&id=60813&cid=1294,2021,07/2021,2026-10-08T09:59:50Z
5345,3384/TCHQ-GSQL,06/07/2021,Tổng cục hải quan,Công văn số 3384/TCHQ-GSQL ngày 06/7/2021 của Tổng cục Hải quan v/v Khai và chia sẻ dữ liệu nguồn gốc phương tiện giao thông nhập khẩu,60807,310,16,TONG_CUC,Mai Xuân Thành,06/07/2021,https://files.customs.gov.vnhttps://files.customs.gov.vn/van_ban_phap_luat/Lists/VanBanPhapLuat/Attachments/14038/CV33842021TCHQ.PDF,[],https://www.customs.gov.vn/index.jsp?pageId=3&id=60807&cid=1294,2021,07/2021,2026-10-08T09:59:50Z
5384,2956/TCHQ-GSQL,16/06/2021,Tổng cục hải quan,Công văn số 2956/TCHQ-GSQL ngày 16/6/2021 của Tổng cục Hải quan V/v phương án giải quyết thủ tục hải quan trong tình hình dịch Covid-19 diễn biến phức tạp,59393,310,16,TAY_NINH,Mai Xuân Thành,16/06/2021,https://files.customs.gov.vn/CustomsCMS/TAY_NINH/2021/11/5/CV29562021TCHQ.PDF,[],https://www.customs.gov.vn/index.jsp?pageId=3&id=59393&cid=1294,2021,06/2021,2026-10-08T09:59:50Z
5418,1645/QĐ-TCHQ,04/06/2021,Tổng cục hải quan,Quyết định số 1645/QĐ-TCHQ ngày 04/6/2021 của Tổng cục Hải quan v/v Gia hạn áp dụng chế độ ưu tiên,60721,310,10,TONG_CUC,Nguyễn Văn Cẩn,04/06/2021,https://files.customs.gov.vnhttps://files.customs.gov.vn/van_ban_phap_luat/Lists/VanBanPhapLuat/Attachments/13943/QD16452021TCHQ.PDF,[],https://www.customs.gov.vn/index.jsp?pageId=3&id=60721&cid=1294,2021,06/2021,2026-10-08T09:59:50Z
5419,1646/QĐ-TCHQ,04/06/2021,Tổng cục hải quan,Quyết định số 1646/QĐ-TCHQ ngày 04/6/2021 của Tổng cục Hải quan v/v Gia hạn áp dụng chế độ ưu tiên,60722,310,10,TONG_CUC,Nguyễn Văn Cẩn,04/06/2021,https://files.customs.gov.vnhttps://files.customs.gov.vn/van_ban_phap_luat/Lists/VanBanPhapLuat/Attachments/13944/QD16462021TCHQ.PDF,[],https://www.customs.gov.vn/index.jsp?pageId=3&id=60722&cid=1294,2021,06/2021,2026-10-08T09:59:50Z
5420,1654/QĐ-TCHQ,04/06/2021,Tổng cục hải quan,Quyết định số 1654/QĐ-TCHQ ngày 04/6/2021 của Tổng cục Hải quan v/v Gia hạn áp dụng chế độ ưu tiên,60723,310,10,TONG_CUC,Nguyễn Văn Cẩn,04/06/2021,https://files.customs.gov.vnhttps://files.customs.gov.vn/van_ban_phap_luat/Lists/VanBanPhapLuat/Attachments/13945/QD16542021TCHQ.PDF,[],https://www.customs.gov.vn/index.jsp?pageId=3&id=60723&cid=1294,2021,06/2021,2026-10-08T09:59:50Z
5520,2535/TCHQ-GSQL,27/05/2021,Tổng cục hải quan,Công văn số 2535/TCHQ-GSQL ngày 27/5/2021 của Tổng cục Hải quan v/v Hướng dẫn khai tờ khai hải quan,59390,310,16,TAY_NINH,Mai Xuân Thành,27/05/2021,https://files.customs.gov.vn/CustomsCMS/TAY_NINH/2021/11/5/CV25352021TCHQ.PDF,[],https://www.customs.gov.vn/index.jsp?pageId=3&id=59390&cid=1294,2021,05/2021,2026-10-08T09:59:50Z
5521,2547/TCHQ-GSQL,27/05/2021,Tổng cục hải quan,Công văn số 2547/TCHQ-GSQL ngày 27/5/2021 của Tổng cục Hải quan v/v Thực hiện thủ tục hải quan trong thời gian ảnh hưởng của dịch Covid-19,60712,310,16,TONG_CUC,Mai Xuân Thành,27/05/2021,https://files.customs.gov.vnhttps://files.customs.gov.vn/van_ban_phap_luat/Lists/VanBanPhapLuat/Attachments/13928/CV25472021TCHQ.PDF,[],https://www.customs.gov.vn/index.jsp?pageId=3&id=60712&cid=1294,2021,05/2021,2026-10-08T09:59:50Z
5542,2379/TCHQ-GSQL,20/05/2021,Tổng cục hải quan,"Công văn số 2379/TCHQ-GSQL ngày 20/5/2021 của Tổng cục Hải quan v/v chấn chỉnh công tác tiếp nhận, xử lý C/O mẫu D điện tử",60696,310,16,TONG_CUC,Mai Xuân Thành,20/05/2021,https://files.customs.gov.vnhttps://files.customs.gov.vn/van_ban_phap_luat/Lists/VanBanPhapLuat/Attachments/13909/CV23792021TCHQ.pdf,[],https://www.customs.gov.vn/index.jsp?pageId=3&id=60696&cid=1294,2021,05/2021,2026-10-08T09:59:50Z
5570,117/TB-KĐ6;156/TB-KĐ6,11/05/2021,Khác,Thông báo két quả phân tích phân loại kèm mã số từ số 117/TB-KD6 đến số 156/TB-KD6,60695,310,18,TONG_CUC,Hoàng Văn Thành,11/05/2021,https://files.customs.gov.vnhttps://files.customs.gov.vn/van_ban_phap_luat/Lists/VanBanPhapLuat/Attachments/13908/KĐ6 -T5-117-156.rar,[],https://www.customs.gov.vn/index.jsp?pageId=3&id=60695&cid=1294,2021,05/2021,2026-10-08T09:59:50Z
5574,72/TB-KĐ5,10/05/2021,Khác,Thông báo 72/TB-KD5; 75/TB-KDD; 76/TB-KDD; 78/TB-KDD về việc phân loại hàng hóa kèm mã số,60693,310,18,TONG_CUC,Nguyễn Văn Bình,10/05/2021,"https://files.customs.gov.vnhttps://files.customs.gov.vn/van_ban_phap_luat/Lists/VanBanPhapLuat/Attachments/13906/KĐ5, 72-78.rar",[],https://www.customs.gov.vn/index.jsp?pageId=3&id=60693&cid=1294,2021,05/2021,2026-10-08T09:59:50Z
5575,96/TB-KĐ6,10/05/2021,Khác,Thông báo kết quả phân tích kèm mã số từ số 96/TB-KĐ6 đến số 102/TB-KĐ6,60694,310,18,TONG_CUC,Hoàng Văn Thành,10/05/2021,https://files.customs.gov.vnhttps://files.customs.gov.vn/van_ban_phap_luat/Lists/VanBanPhapLuat/Attachments/13907/KĐ6 96-102.rar,[],https://www.customs.gov.vn/index.jsp?pageId=3&id=60694&cid=1294,2021,05/2021,2026-10-08T09:59:50Z
5576,106/TB-KĐ4,09/05/2021,Chính phủ,Thông báo kết quả phân tích kèm mã số từ số 106/TB-KĐ4 đến 155/TB-KĐ4,60692,310,18,TONG_CUC,null,09/05/2021,"https://files.customs.gov.vnhttps://files.customs.gov.vn/van_ban_phap_luat/Lists/VanBanPhapLuat/Attachments/13905/KĐ4, 106-155.rar",[],https://www.customs.gov.vn/index.jsp?pageId=3&id=60692&cid=1294,2021,05/2021,2026-10-08T09:59:50Z
5578,2132/TCHQ-GSQL,07/05/2021,Tổng cục hải quan,Công văn số 2132/TCHQ-GSQL ngày 07/5/2021 của Tổng cục Hải quan v/v Tăng cường quản lý khoáng sản xuất khẩu,60680,310,16,TONG_CUC,Mai Xuân Thành,07/05/2021,https://files.customs.gov.vnhttps://files.customs.gov.vn/van_ban_phap_luat/Lists/VanBanPhapLuat/Attachments/13890/CV21322021TCHQ.PDF,[],https://www.customs.gov.vn/index.jsp?pageId=3&id=60680&cid=1294,2021,05/2021,2026-10-08T09:59:50Z
5581,159/TB-KD4;-188/TB-KD4,06/05/2021,Khác,"Thông báo kết quả phân tích kèm mã số hàng hóa xuất khẩu, nhập khẩu từ số 159/TB-KD4; đến 188/TB-KD4",60702,310,18,TONG_CUC,Lâm Đại Tú,06/05/2021,https://files.customs.gov.vnhttps://files.customs.gov.vn/van_ban_phap_luat/Lists/VanBanPhapLuat/Attachments/13916/KĐ4  01-6-21.rar,[],https://www.customs.gov.vn/index.jsp?pageId=3&id=60702&cid=1294,2021,05/2021,2026-10-08T09:59:50Z
5582,652/TB-KĐ3,06/05/2021,Khác,Thông báo kết quả phân loại kèm mã số hàng hóa  từ số 652/TB-KD3 đến số 667/TB-KĐ3,60691,310,18,TONG_CUC,Nguyễn Thị Thanh Phượng,06/05/2021,https://files.customs.gov.vnhttps://files.customs.gov.vn/van_ban_phap_luat/Lists/VanBanPhapLuat/Attachments/13904/KĐ3-02- 652-667.rar,[],https://www.customs.gov.vn/index.jsp?pageId=3&id=60691&cid=1294,2021,05/2021,2026-10-08T09:59:50Z
5583,670/TB-KĐ3,06/05/2021,Khác,Thông báo kết quả phân tích kèm mã số từ số 670/TB-KĐ3 đến số 699/TB-KĐ3,60689,310,18,TONG_CUC,Nguyễn Thị Thanh Phượng,21/05/2021,https://files.customs.gov.vnhttps://files.customs.gov.vn/van_ban_phap_luat/Lists/VanBanPhapLuat/Attachments/13902/KĐ3 T5- 670-699.rar,[],https://www.customs.gov.vn/index.jsp?pageId=3&id=60689&cid=1294,2021,05/2021,2026-10-08T09:59:50Z
5584,700/TB-KĐ3,06/05/2021,Khác,Thông báo kết quả phân tích kèm mã số từ số 700/TB-KĐ3 đến 722/TB-KĐ3,60690,310,18,TONG_CUC,Nguyễn Thị Thanh Phượng,06/05/2021,https://files.customs.gov.vnhttps://files.customs.gov.vn/van_ban_phap_luat/Lists/VanBanPhapLuat/Attachments/13903/KĐ3 T5-700-722.rar,[],https://www.customs.gov.vn/index.jsp?pageId=3&id=60690&cid=1294,2021,05/2021,2026-10-08T09:59:50Z
5585,79/TB-KĐ5;81/TB-KĐ5;82/TB-KĐ5;86/TB-KĐ5,06/05/2021,Khác,"Thông báo kết quả phân tích kèm mã số hàng hóa xuất khẩu, nhập khẩu",60703,310,18,TONG_CUC,Nguyễn Văn Bình,06/05/2021,https://files.customs.gov.vnhttps://files.customs.gov.vn/van_ban_phap_luat/Lists/VanBanPhapLuat/Attachments/13917/KĐ5  01-6-21.rar,[],https://www.customs.gov.vn/index.jsp?pageId=3&id=60703&cid=1294,2021,05/2021,2026-10-08T09:59:50Z
5589,453/TB-KĐ2,04/05/2021,Tổng cục hải quan,"Thông báo kết quả phân tích kèm mã số hàng hóa xuất khẩu, nhập khẩu từ số 453 đến số 504",60687,310,18,TONG_CUC,Hà Tiên Hiệu,21/05/2021,"https://files.customs.gov.vnhttps://files.customs.gov.vn/van_ban_phap_luat/Lists/VanBanPhapLuat/Attachments/13898/KĐ2, 453-504.rar",[],https://www.customs.gov.vn/index.jsp?pageId=3&id=60687&cid=1294,2021,05/2021,2026-10-08T09:59:50Z
5590,458/TB-KD2;459/TB-KD2;486/TB-KD2;489/TB-KD2;502/TB-KD2;503/TB-KD2;504/TB-KD2,04/05/2021,Khác,"Thông báo về kết quả phân tích kèm mã số hàng hóa xuất khẩu, nhập khẩu",60699,310,18,TONG_CUC,Hà Tiên Hiệu,05/05/2021,https://files.customs.gov.vnhttps://files.customs.gov.vn/van_ban_phap_luat/Lists/VanBanPhapLuat/Attachments/13913/KĐ2 01-06-21.rar,[],https://www.customs.gov.vn/index.jsp?pageId=3&id=60699&cid=1294,2021,05/2021,2026-10-08T09:59:50Z
5597,155/TB-KĐ4,29/04/2021,Tổng cục hải quan,Thông báo số 155/TB-KDD về kết quả phân tích kèm mã số hàng hóa,60684,310,18,TONG_CUC,Lê Ngọc Tấn,29/04/2021,https://files.customs.gov.vnhttps://files.customs.gov.vn/van_ban_phap_luat/Lists/VanBanPhapLuat/Attachments/13895/155-TB-KĐ4.pdf,[],https://www.customs.gov.vn/index.jsp?pageId=3&id=60684&cid=1294,2021,04/2021,2026-10-08T09:59:50Z
5598,404-452/TB-KĐ2,29/04/2021,Khác,Thông báo kết quả PTPL kèm mã số  từ số 404 đến 452 của Cục KĐ2,60685,310,18,TONG_CUC,Hà Tiên Hiệu,29/04/2021,"https://files.customs.gov.vnhttps://files.customs.gov.vn/van_ban_phap_luat/Lists/VanBanPhapLuat/Attachments/13896/KĐ2, 404-452.rar",[],https://www.customs.gov.vn/index.jsp?pageId=3&id=60685&cid=1294,2021,04/2021,2026-10-08T09:59:50Z
5602,615/TB-KĐ3,28/04/2021,Khác,Thông báo kết quả phân tích kèm mã số từ số 615/TB-KĐ3 đến số 651/TB-KĐ3,60688,310,18,TONG_CUC,Nguyễn Thị Thanh Phượng,28/04/2021,https://files.customs.gov.vnhttps://files.customs.gov.vn/van_ban_phap_luat/Lists/VanBanPhapLuat/Attachments/13901/KĐ3 - 615-651.rar,[],https://www.customs.gov.vn/index.jsp?pageId=3&id=60688&cid=1294,2021,04/2021,2026-10-08T09:59:50Z
5620,1891/TCHQ-GSQL,22/04/2021,Tổng cục hải quan,Công văn số 1891/TCHQ-GSQL ngày 22/4/2021 của Tổng cục Hải quan v/v Thông báo hợp đồng gia công lại,60644,310,16,TONG_CUC,Mai Xuân Thành,22/04/2021,https://files.customs.gov.vnhttps://files.customs.gov.vn/van_ban_phap_luat/Lists/VanBanPhapLuat/Attachments/13852/CV18912021TCHQ.PDF,[],https://www.customs.gov.vn/index.jsp?pageId=3&id=60644&cid=1294,2021,04/2021,2026-10-08T09:59:50Z
5641,1809/TCHQ-GSQL,15/04/2021,Tổng cục hải quan,Công văn số 1809/TCHQ-GSQL ngày 15/4/2021 của Tổng cục Hải quan v/v Giấy chứng nhận đủ điều kiện kinh doanh hàng miễn thuế,60642,310,16,TONG_CUC,Mai Xuân Thành,15/04/2021,https://files.customs.gov.vnhttps://files.customs.gov.vn/van_ban_phap_luat/Lists/VanBanPhapLuat/Attachments/13849/CV18092021TCHQ.PDF,[],https://www.customs.gov.vn/index.jsp?pageId=3&id=60642&cid=1294,2021,04/2021,2026-10-08T09:59:50Z
5642,1817/TCHQ-GSQL,15/04/2021,Tổng cục hải quan,Công văn số 1817/TCHQ-GSQL ngày 15/4/2021 của Tổng cục Hải quan v/v  Thủ tục xuất khẩu thuyền buồm Julie,60643,310,16,TONG_CUC,Trần Đức Hùng,15/04/2021,https://files.customs.gov.vnhttps://files.customs.gov.vn/van_ban_phap_luat/Lists/VanBanPhapLuat/Attachments/13850/CV18172021TCHQ.PDF,[],https://www.customs.gov.vn/index.jsp?pageId=3&id=60643&cid=1294,2021,04/2021,2026-10-08T09:59:50Z
5646,1783/TCHQ-GSQL,14/04/2021,Tổng cục hải quan,Công văn số 1783/TCHQ-GSQL ngày 14/4/2021 của Tổng cục Hải quan v/v Xử lý hàng hóa là phế liệu tồn đọng tại cảng biển,60641,310,16,TONG_CUC,Mai Xuân Thành,14/04/2021,https://files.customs.gov.vnhttps://files.customs.gov.vn/van_ban_phap_luat/Lists/VanBanPhapLuat/Attachments/13846/CV17832021TCHQ.PDF,[],https://www.customs.gov.vn/index.jsp?pageId=3&id=60641&cid=1294,2021,04/2021,2026-10-08T09:59:50Z
5661,1604/TCHQ-GSQL,08/04/2021,Tổng cục hải quan,Công văn số 1604/TCHQ-GSQL ngày 8/4/2021 của Tổng cục Hải quan v/v Chứng từ chứng nhận xuất xứ hàng hóa trong EVFTA,60634,310,16,TONG_CUC,Mai Xuân Thành,08/04/2021,https://files.customs.gov.vnhttps://files.customs.gov.vn/van_ban_phap_luat/Lists/VanBanPhapLuat/Attachments/13834/CV16042021TCHQ.PDF,[],https://www.customs.gov.vn/index.jsp?pageId=3&id=60634&cid=1294,2021,04/2021,2026-10-08T09:59:50Z
5662,1620/TCHQ-GSQL,08/04/2021,Tổng cục hải quan,Công văn số 1620/TCHQ-GSQL ngày 8/4/2021 của Tổng cục Hải quan v/v Vướng mắc địa điểm làm thủ tục hải quan,60633,310,16,TONG_CUC,Trần Đức Hùng,08/04/2021,https://files.customs.gov.vnhttps://files.customs.gov.vn/van_ban_phap_luat/Lists/VanBanPhapLuat/Attachments/13833/CV16202021TCHQ.PDF,[],https://www.customs.gov.vn/index.jsp?pageId=3&id=60633&cid=1294,2021,04/2021,2026-10-08T09:59:50Z
5665,1589/TCHQ-GSQL,07/04/2021,Tổng cục hải quan,Công văn số 1589/TCHQ-GSQL ngày 7/4/2021 của Tổng cục Hải quan v/v Chấn chỉnh công tác xử lý hàng hóa tồn đọng,60635,310,16,TONG_CUC,Mai Xuân Thành,07/04/2021,https://files.customs.gov.vnhttps://files.customs.gov.vn/van_ban_phap_luat/Lists/VanBanPhapLuat/Attachments/13836/CV15892021TCHQ.PDF,[],https://www.customs.gov.vn/index.jsp?pageId=3&id=60635&cid=1294,2021,04/2021,2026-10-08T09:59:50Z
5671,1561/TCHQ-TXNK,05/04/2021,Tổng cục hải quan,Công văn số 1561/TCHQ-TXNK ngày 05/4/2021 của Tổng cục Hải quan v/v Thực hiện Thông tư số 14/2021/TT-BTC,60628,310,16,TONG_CUC,Lưu Mạnh Tưởng,05/04/2021,https://files.customs.gov.vnhttps://files.customs.gov.vn/van_ban_phap_luat/Lists/VanBanPhapLuat/Attachments/13824/CV1561TCHQ2021.PDF,[],https://www.customs.gov.vn/index.jsp?pageId=3&id=60628&cid=1294,2021,04/2021,2026-10-08T09:59:50Z
5673,267/CNTT-CTTĐT,02/04/2021,Cục CNTT và Thống kê hải quan,"Công văn số 267/CNTT-CTTĐT ngày 02/4/2021 của Cục CNTT và Thống kê hải quan v/v sửa đổi, bổ sung, tra cứu phương tiện nhập khẩu",94715,310,16,TONG_CUC,Ngô Như An,null,https://files.customs.gov.vn/CustomsCMS/TONG_CUC/2024/6/11/CV2672021CNTT.pdf,[],https://www.customs.gov.vn/index.jsp?pageId=3&id=94715&cid=1294,2021,04/2021,2026-10-08T09:59:50Z
5689,14/2021/QĐ-TTg,26/03/2021,Thủ tướng Chính phủ,"Quyết định số 14/2021/QĐ-TTg ngày 26/3/2021 của Thủ tướng Chính phủ v/v sửa đổi Quyết định số 53/2013/QĐ-TTg ngày 13/9/2013 về việc tạm nhập khẩu, tái xuất khẩu, tiêu hủy, chuyển nhượng đối với xe ô tô, xe hai bánh gắn máy của đối tượng được hưởng quyền ưu đãi, miễn trừ tại Việt Nam",60632,310,10,TONG_CUC,Phạm Bình Minh,15/05/2021,https://files.customs.gov.vnhttps://files.customs.gov.vn/van_ban_phap_luat/Lists/VanBanPhapLuat/Attachments/13830/QD14TTg_2021.pdf,[],https://www.customs.gov.vn/index.jsp?pageId=3&id=60632&cid=1294,2021,03/2021,2026-10-08T09:59:50Z
5690,1414/TCHQ-GSQL,26/03/2021,Tổng cục hải quan,Công văn số 1414/TCHQ-GSQL ngày 26/3/2021 của Tổng cục Hải quan v/v Thủ tục hải quan khi tách công ty,60614,310,16,TONG_CUC,Mai Xuân Thành,26/03/2021,https://files.customs.gov.vnhttps://files.customs.gov.vn/van_ban_phap_luat/Lists/VanBanPhapLuat/Attachments/13808/CV14142021TCHQ.PDF,[],https://www.customs.gov.vn/index.jsp?pageId=3&id=60614&cid=1294,2021,03/2021,2026-10-08T09:59:50Z
5691,1423/TCHQ-GSQL,26/03/2021,Tổng cục hải quan,Công văn số 1423/TCHQ-GSQL ngày 26/3/2021 của Tổng cục Hải quan v/v Phối hợp kiểm tra các lô hàng cá tầm nhập khẩu,60615,310,16,TONG_CUC,Mai Xuân Thành,26/03/2021,https://files.customs.gov.vnhttps://files.customs.gov.vn/van_ban_phap_luat/Lists/VanBanPhapLuat/Attachments/13809/CV14232021TCHQ.PDF,[],https://www.customs.gov.vn/index.jsp?pageId=3&id=60615&cid=1294,2021,03/2021,2026-10-08T09:59:50Z
5692,1424/TCHQ-GSQL,26/03/2021,Tổng cục hải quan,Công văn số 1424/TCHQ-GSQL ngày 26/3/2021 của Tổng cục Hải quan v/v Kiểm soát cá tầm nhập khẩu,60616,310,16,TONG_CUC,Mai Xuân Thành,26/03/2021,https://files.customs.gov.vnhttps://files.customs.gov.vn/van_ban_phap_luat/Lists/VanBanPhapLuat/Attachments/13810/CV14242021TCHQ.PDF,[],https://www.customs.gov.vn/index.jsp?pageId=3&id=60616&cid=1294,2021,03/2021,2026-10-08T09:59:50Z
5705,1323/TCHQ-GSQL,22/03/2021,Tổng cục hải quan,"Công văn số 1323/TCHQ-GSQL ngày 22/3/2021 của Tổng cục Hải quan v/v Thủ tục nhập khẩu tài sản thu hồi từ việc trục vớt, thanh thải tàu chìm Jakarta",60613,310,16,TONG_CUC,Âu Anh Tuấn,22/03/2021,https://files.customs.gov.vnhttps://files.customs.gov.vn/van_ban_phap_luat/Lists/VanBanPhapLuat/Attachments/13807/CV13232021TCHQ.PDF,[],https://www.customs.gov.vn/index.jsp?pageId=3&id=60613&cid=1294,2021,03/2021,2026-10-08T09:59:50Z
5708,1286/TCHQ-GSQL,19/03/2021,Tổng cục hải quan,Công văn số 1286/TCHQ-GSQL ngày 19/3/2021 của Tổng cục Hải quan v/v Thủ tục hải quan đối với tàu bay đã qua sử dụng,60617,310,16,TONG_CUC,Mai Xuân Thành,19/03/2021,https://files.customs.gov.vnhttps://files.customs.gov.vn/van_ban_phap_luat/Lists/VanBanPhapLuat/Attachments/13811/CV12862021TCHQ.PDF,[],https://www.customs.gov.vn/index.jsp?pageId=3&id=60617&cid=1294,2021,03/2021,2026-10-08T09:59:50Z
5709,1287/TCHQ-GSQ,19/03/2021,Tổng cục hải quan,Công văn số 1287/TCHQ-GSQL ngày 19/3/2021 của Tổng cục Hải quan v/v Nhập khẩu Cá tầm,61110,310,16,BINH_DUONG,null,19/03/2021,https://files.customs.gov.vnhttps://files.customs.gov.vn/BINH_DUONG/CMS/Lists/VanBanPhapQuy_VN/Attachments/4685/CV12872021TCHQ.PDF,[],https://www.customs.gov.vn/index.jsp?pageId=3&id=61110&cid=1294,2021,03/2021,2026-10-08T09:59:50Z
5710,1289/TCHQ-GSQ,19/03/2021,Tổng cục hải quan,Công văn số 1289/TCHQ-GSQL ngày 19/3/2021 của Tổng cục Hải quan v/v Nhập khẩu nguyên liệu thuốc lá qua cửa khẩu phụ Bình Nghi,61109,310,16,BINH_DUONG,null,19/03/2021,https://files.customs.gov.vnhttps://files.customs.gov.vn/BINH_DUONG/CMS/Lists/VanBanPhapQuy_VN/Attachments/4684/CV12892021TCHQ.PDF,[],https://www.customs.gov.vn/index.jsp?pageId=3&id=61109&cid=1294,2021,03/2021,2026-10-08T09:59:50Z
5711,1289/TCHQ-GSQL,19/03/2021,Tổng cục hải quan,Công văn số 1289/TCHQ-GSQL ngày 19/3/2021 của Tổng cục Hải quan v/v Nhập khẩu nguyên liệu thuốc lá qua cửa khẩu phụ Bình Nghi,60618,310,18,TONG_CUC,Mai Xuân Thành,19/03/2021,https://files.customs.gov.vnhttps://files.customs.gov.vn/van_ban_phap_luat/Lists/VanBanPhapLuat/Attachments/13813/CV12892021TCHQ.PDF,[],https://www.customs.gov.vn/index.jsp?pageId=3&id=60618&cid=1294,2021,03/2021,2026-10-08T09:59:50Z
5716,514/HQBD-GSQL,17/03/2021,Cục Hải quan Tỉnh Bình Dương,V/v xử lý trường hợp trùng 2 số hợp đồng gia công khi truyền BCQT,61104,310,16,TONG_CUC,null,17/03/2021,https://files.customs.gov.vnhttps://files.customs.gov.vn/BINH_DUONG/CMS/Lists/VanBanPhapQuy_VN/Attachments/4661/514HQBD-GSQL_2021.pdf,[],https://www.customs.gov.vn/index.jsp?pageId=3&id=61104&cid=1294,2021,03/2021,2026-10-08T09:59:50Z
5752,889/TCHQ-CNTT,24/02/2021,Tổng cục hải quan,Triển khai 06 thủ tục Bộ Công thương qua Cơ chế một cửa quốc gia,42337,310,10,TAY_NINH,Nguyễn Dương Thái,null,https://files.customs.gov.vn/CustomsCMS/TAY_NINH/2021/2/25/23889-TCHQ-CNTT.PDF,[],https://www.customs.gov.vn/index.jsp?pageId=3&id=42337&cid=1294,2021,02/2021,2026-10-08T09:59:50Z
5753,902/TCHQ-GSQL,24/02/2021,Tổng cục hải quan,Công văn số 902/TCHQ-GSQL ngày 24/2/2021 của Tổng cục Hải quan v/v Thông tư số 07/2021/TT-BTC,60594,310,16,TONG_CUC,Nguyễn Anh Tuấn,24/02/2021,https://files.customs.gov.vnhttps://files.customs.gov.vn/van_ban_phap_luat/Lists/VanBanPhapLuat/Attachments/13780/CV9022021TCHQ.PDF,[],https://www.customs.gov.vn/index.jsp?pageId=3&id=60594&cid=1294,2021,02/2021,2026-10-08T09:59:50Z
5754,906/TCHQ-GSQL,24/02/2021,Tổng cục hải quan,"Công văn số 906/TCHQ-GSQL ngày 24/2/2021 của Tổng cục Hải quan v/v Kế hoạch chống gian lận, giả mạo xuất xứ, chuyển tải bất hợp pháp năm 2021",60595,310,16,TONG_CUC,Mai Xuân Thành,24/02/2021,https://files.customs.gov.vnhttps://files.customs.gov.vn/van_ban_phap_luat/Lists/VanBanPhapLuat/Attachments/13781/CV9062021TCHQ.PDF,[],https://www.customs.gov.vn/index.jsp?pageId=3&id=60595&cid=1294,2021,02/2021,2026-10-08T09:59:50Z
5762,867/TCHQ-GSQL,22/02/2021,Tổng cục hải quan,Công văn số 867/TCHQ-GSQL ngày 22/2/2021 của Tổng cục Hải quan v/v Thực hiện Thông tư số 19/2019/TT-BXD,60592,310,16,TONG_CUC,Mai Xuân Thành,22/02/2021,https://files.customs.gov.vnhttps://files.customs.gov.vn/van_ban_phap_luat/Lists/VanBanPhapLuat/Attachments/13778/CV8672021TCHQ.PDF,[],https://www.customs.gov.vn/index.jsp?pageId=3&id=60592&cid=1294,2021,02/2021,2026-10-08T09:59:50Z
5763,868/TCHQ-GSQL,22/02/2021,Tổng cục hải quan,Công văn số 868/TCHQ-GSQL ngày 22/2/2021 của Tổng cục Hải quan v/v Xử lý tờ khai đưa hàng về bảo quản quá thời hạn,60593,310,16,TONG_CUC,Mai Xuân Thành,22/02/2021,https://files.customs.gov.vnhttps://files.customs.gov.vn/van_ban_phap_luat/Lists/VanBanPhapLuat/Attachments/13779/CV8682021TCHQ.PDF,[],https://www.customs.gov.vn/index.jsp?pageId=3&id=60593&cid=1294,2021,02/2021,2026-10-08T09:59:50Z
5766,1523/BTC-TCHQ,18/02/2021,Tổng cục hải quan,V/v ghi xuất xứ trên tờ khai hàng hóa xuất khẩu,61101,310,16,BINH_DUONG,null,18/02/2021,https://files.customs.gov.vnhttps://files.customs.gov.vn/BINH_DUONG/CMS/Lists/VanBanPhapQuy_VN/Attachments/4647/1523_2021.pdf;/CMS/Lists/VanBanPhapQuy_VN/Attachments/4647/440_2021.pdf,[],https://www.customs.gov.vn/index.jsp?pageId=3&id=61101&cid=1294,2021,02/2021,2026-10-08T09:59:50Z
5791,159/GSQL-GQ1,22/01/2021,Tổng cục hải quan,Công văn số 159/GSQL-GQ1 ngày 22/01/2021 của Cục Giám sát quản lý về Hải quan - Tổng cục Hải quan v/v khai bổ sung tên người xuất khẩu,60584,310,16,TONG_CUC,Trần Đức Hùng,22/01/2021,https://files.customs.gov.vnhttps://files.customs.gov.vn/van_ban_phap_luat/Lists/VanBanPhapLuat/Attachments/13761/CV159GSQL2021.pdf,[],https://www.customs.gov.vn/index.jsp?pageId=3&id=60584&cid=1294,2021,01/2021,2026-10-08T09:59:50Z
5792,333/TCHQ-GSQL,22/01/2021,Tổng cục hải quan,Công văn số 333/TCHQ-GSQL ngày 22/1/2021 của Tổng cục Hải quan v/v Xử lý phế liệu tồn đọng tại cảng biển,60531,310,16,TONG_CUC,Mai Xuân Thành,22/01/2021,https://files.customs.gov.vnhttps://files.customs.gov.vn/van_ban_phap_luat/Lists/VanBanPhapLuat/Attachments/13688/CV3332021TCHQ.PDF,[],https://www.customs.gov.vn/index.jsp?pageId=3&id=60531&cid=1294,2021,01/2021,2026-10-08T09:59:50Z
5793,TT 06/2021/TT-BTC,22/01/2021,Bộ Tài chính,"Thông tư 06/2021/TT-BTC của Bộ Tài chính về việc hướng dẫn thi hành một số điều của Luật Quản lý thuế ngày 13/6/2019 về quản lý thuế đối với hàng hóa xuất khẩu, nhập khẩu",81304,310,4,THANH_HOA,null,null,https://files.customs.gov.vn/CustomsCMS/THANH_HOA/2022/10/19/thong-tu-06-2021-tt-btc-huong-dan-quan-ly-thue-voi-hang-hoa-xuat-nhap-khau.pdf,[],https://www.customs.gov.vn/index.jsp?pageId=3&id=81304&cid=1294,2021,01/2021,2026-10-08T09:59:50Z
5796,289/TCHQ-GSQL,21/01/2021,Tổng cục hải quan,Công văn số 289/TCHQ-GSQL ngày 21/1/2021 của Tổng cục Hải quan v/v Thể thức C/O,60528,310,16,TONG_CUC,Mai Xuân Thành,21/01/2021,https://files.customs.gov.vnhttps://files.customs.gov.vn/van_ban_phap_luat/Lists/VanBanPhapLuat/Attachments/13684/CV2892021TCHQ.PDF,[],https://www.customs.gov.vn/index.jsp?pageId=3&id=60528&cid=1294,2021,01/2021,2026-10-08T09:59:50Z
5801,234/TCHQ-GSQL,18/01/2021,Tổng cục hải quan,Công văn số 234/TCHQ-GSQL ngày 18/1/2021 của Tổng cục Hải quan v/v Khai bổ sung sau thông quan đối với hàng hóa gửi nhầm vi phạm quy định chính sách quản lý mặt hàng,60530,310,16,TONG_CUC,Mai Xuân Thành,18/01/2021,https://files.customs.gov.vnhttps://files.customs.gov.vn/van_ban_phap_luat/Lists/VanBanPhapLuat/Attachments/13687/CV2342021TCHQ.PDF,[],https://www.customs.gov.vn/index.jsp?pageId=3&id=60530&cid=1294,2021,01/2021,2026-10-08T09:59:50Z
5802,235/TCHQ-GSQL,18/01/2021,Tổng cục hải quan,Công văn số 235/TCHQ-GSQL ngày 18/1/2021 của Tổng cục Hải quan v/v Tái xuất phế liệu tồn đọng,60529,310,16,TONG_CUC,Mai Xuân Thành,18/01/2021,https://files.customs.gov.vnhttps://files.customs.gov.vn/van_ban_phap_luat/Lists/VanBanPhapLuat/Attachments/13686/CV2352021TCHQ.PDF,[],https://www.customs.gov.vn/index.jsp?pageId=3&id=60529&cid=1294,2021,01/2021,2026-10-08T09:59:50Z
5811,128/TCHQ-GSQL,12/01/2021,Tổng cục hải quan,Công văn số 128/TCHQ-GSQL ngày 12/1/2021 của Tổng cục Hải quan v/v Thời gian vận chuyển đối với hàng hóa vận chuyển chịu sự giám sát hải quan,60521,310,16,TONG_CUC,Mai Xuân Thành,12/01/2021,https://files.customs.gov.vnhttps://files.customs.gov.vn/van_ban_phap_luat/Lists/VanBanPhapLuat/Attachments/13676/CV1282021TCHQ.PDF,[],https://www.customs.gov.vn/index.jsp?pageId=3&id=60521&cid=1294,2021,01/2021,2026-10-08T09:59:50Z
5829,43/TCHQ-GSQL,06/01/2021,Tổng cục hải quan,"Công văn số 43/TCHQ-GSQL ngày 06/1/2021 của Tổng cục Hải quan v/v Kiểm tra, giám sát kho bãi, địa điểm theo quy định tại Nghị định số 68/2016/NĐ-CP",60513,310,16,TONG_CUC,Mai Xuân Thành,06/01/2021,https://files.customs.gov.vnhttps://files.customs.gov.vn/van_ban_phap_luat/Lists/VanBanPhapLuat/Attachments/13663/CV432021TCHQ.PDF,[],https://www.customs.gov.vn/index.jsp?pageId=3&id=60513&cid=1294,2021,01/2021,2026-10-08T09:59:50Z
5830,47/TCHQ-GSQL,06/01/2021,Tổng cục hải quan,"Công văn số 47/TCHQ-GSQL ngày 06/1/2021 của Tổng cục Hải quan v/v Thủ tục hải quan đối với hàng kinh doanh TNTX, gửi Kho ngoại quan",60512,310,16,TONG_CUC,Mai Xuân Thành,06/01/2021,https://files.customs.gov.vnhttps://files.customs.gov.vn/van_ban_phap_luat/Lists/VanBanPhapLuat/Attachments/13662/CV472021TCHQ.PDF,[],https://www.customs.gov.vn/index.jsp?pageId=3&id=60512&cid=1294,2021,01/2021,2026-10-08T09:59:50Z
5851,7457/TCHQ-GSQL,25/11/2020,Tổng cục hải quan,Công văn số 7457/TCHQ-GSQL ngày 25/11/2020 của Tổng cục Hải quan v/v Điều kiện được hưởng ưu đãi theo Hiệp định EVFTA,60437,310,16,TONG_CUC,Mai Xuân Thành,25/11/2020,https://files.customs.gov.vnhttps://files.customs.gov.vn/van_ban_phap_luat/Lists/VanBanPhapLuat/Attachments/13576/CV74572020TCHQ.PDF,[],https://www.customs.gov.vn/index.jsp?pageId=3&id=60437&cid=1294,2020,11/2020,2026-10-08T09:59:55Z
5858,7452/TCHQ-GSQL,24/11/2020,Tổng cục hải quan,Công văn số 7452/TCHQ-GSQL ngày 24/11/2020 của Tổng cục Hải quan v/v Thực hiện Nghị định số 102/2020/NĐ-CP,60439,310,16,TONG_CUC,Mai Xuân Thành,24/11/2020,https://files.customs.gov.vnhttps://files.customs.gov.vn/van_ban_phap_luat/Lists/VanBanPhapLuat/Attachments/13578/CV74522020TCHQ.PDF,[],https://www.customs.gov.vn/index.jsp?pageId=3&id=60439&cid=1294,2020,11/2020,2026-10-08T09:59:55Z
5860,7413/TCHQ-GSQL,23/11/2020,Chính phủ,Công văn số 7413/TCHQ-GSQL ngày 23/11/2020 của Tổng cục Hải quan v/v Thủ tục hải quan đối với hàng hóa quá cảnh,60440,310,16,TONG_CUC,Âu Anh Tuấn,23/11/2020,https://files.customs.gov.vnhttps://files.customs.gov.vn/van_ban_phap_luat/Lists/VanBanPhapLuat/Attachments/13579/CV74132020TCHQ.PDF,[],https://www.customs.gov.vn/index.jsp?pageId=3&id=60440&cid=1294,2020,11/2020,2026-10-08T09:59:55Z
5892,7216/TCHQ-GSQL,11/11/2020,Tổng cục hải quan,Công văn số 7216/TCHQ-GSQL ngày 11/11/2020 của Tổng cục Hải quan v/v Nhập khẩu hàng hóa có nguồn gốc thực vật,60433,310,16,TONG_CUC,Âu Anh Tuấn,11/11/2020,https://files.customs.gov.vnhttps://files.customs.gov.vn/van_ban_phap_luat/Lists/VanBanPhapLuat/Attachments/13571/CV72162020TCHQ.PDF,[],https://www.customs.gov.vn/index.jsp?pageId=3&id=60433&cid=1294,2020,11/2020,2026-10-08T09:59:55Z
5902,7147/TCHQ-GSQL,06/11/2020,Tổng cục hải quan,Công văn số 7147/TCHQ-GSQL ngày 06/11/2020 của Tổng cục Hải quan v/v Hạn mức trị giá trong EVFTA,60430,310,16,TONG_CUC,Mai Xuân Thành,06/11/2020,https://files.customs.gov.vnhttps://files.customs.gov.vn/van_ban_phap_luat/Lists/VanBanPhapLuat/Attachments/13568/CV71472020TCHQ.PDF,[],https://www.customs.gov.vn/index.jsp?pageId=3&id=60430&cid=1294,2020,11/2020,2026-10-08T09:59:55Z
5934,6945/TCHQ-GSQL,28/10/2020,Tổng cục hải quan,Công văn số 6945/TCHQ-GSQL ngày 28/10/2020 của Tổng cục Hải quan v/v nhập khẩu hàng hóa có nguồn gốc thực vật,60429,310,16,TONG_CUC,Mai Xuân Thành,28/10/2020,https://files.customs.gov.vnhttps://files.customs.gov.vn/van_ban_phap_luat/Lists/VanBanPhapLuat/Attachments/13565/CV69452020TCHQ.PDF,[],https://www.customs.gov.vn/index.jsp?pageId=3&id=60429&cid=1294,2020,10/2020,2026-10-08T09:59:55Z
5951,6776/TCHQ-GSQL,21/10/2020,Tổng cục hải quan,Công văn số 6776/TCHQ-GSQL ngày 21/10/2020 của Tổng cục Hải quan v/v Thủ tục tái nhập hàng trả lại,60413,310,16,TONG_CUC,Mai Xuân Thành,21/10/2020,https://files.customs.gov.vnhttps://files.customs.gov.vn/van_ban_phap_luat/Lists/VanBanPhapLuat/Attachments/13535/CV67762020TCHQ.PDF,[],https://www.customs.gov.vn/index.jsp?pageId=3&id=60413&cid=1294,2020,10/2020,2026-10-08T09:59:55Z
5952,6777/TCHQ-GSQL,21/10/2020,Tổng cục hải quan,Công văn số 6777/TCHQ-GSQL ngày 21/10/2020 của Tổng cục Hải quan v/v Giấy chứng nhận xuất xứ và chính sách đối với mặt hàng máy in,60414,310,16,TONG_CUC,Mai Xuân Thành,21/10/2020,https://files.customs.gov.vnhttps://files.customs.gov.vn/van_ban_phap_luat/Lists/VanBanPhapLuat/Attachments/13536/CV67772020TCHQ.PDF,[],https://www.customs.gov.vn/index.jsp?pageId=3&id=60414&cid=1294,2020,10/2020,2026-10-08T09:59:55Z
5970,128/2020/NĐ-CP,19/10/2020,Chính phủ,Nghị định Quy định xử phạt vi phạm hành chính trong lĩnh vực hải quan,40531,310,8,HAI_PHONG,Nguyễn Xuân Phúc,10/12/2020,https://files.customs.gov.vnhttps://files.customs.gov.vn/CustomsCMS/HAI_PHONG/2020/12/7/nd 128.pdf,[],https://www.customs.gov.vn/index.jsp?pageId=3&id=40531&cid=1294,2020,10/2020,2026-10-08T09:59:55Z
5978,6693/TCHQ-GSQL,16/10/2020,Tổng cục hải quan,Công văn số 6693/TCHQ-GSQL ngày 16/10/2020 của Tổng cục Hải quan v/v Chính sách nhập khẩu hàng hóa có nguồn gốc thực vật,60411,310,16,TONG_CUC,Mai Xuân Thành,16/10/2020,https://files.customs.gov.vnhttps://files.customs.gov.vn/van_ban_phap_luat/Lists/VanBanPhapLuat/Attachments/13531/CV66932020TCHQ.PDF,[],https://www.customs.gov.vn/index.jsp?pageId=3&id=60411&cid=1294,2020,10/2020,2026-10-08T09:59:55Z
5979,6695/TCHQ-GSQL,16/10/2020,Tổng cục hải quan,Công văn số 6695/TCHQ-GSQL ngày 16/10/2020 của Tổng cục Hải quan v/v Xử lý hàng hóa tồn đọng trong CFS,60412,310,16,TONG_CUC,Trần Đức Hùng,16/10/2020,https://files.customs.gov.vnhttps://files.customs.gov.vn/van_ban_phap_luat/Lists/VanBanPhapLuat/Attachments/13532/CV66952020TCHQ.PDF,[],https://www.customs.gov.vn/index.jsp?pageId=3&id=60412&cid=1294,2020,10/2020,2026-10-08T09:59:55Z
5988,6641/TCHQ-GSQL,15/10/2020,Tổng cục hải quan,"Công văn số 6641/TCHQ-GSQL ngày 15/10/2020 của Tổng cục Hải quan v/v Chia tách, đóng ghép hàng hóa trong kho ngoại quan",60410,310,16,TONG_CUC,Mai Xuân Thành,15/10/2020,https://files.customs.gov.vnhttps://files.customs.gov.vn/van_ban_phap_luat/Lists/VanBanPhapLuat/Attachments/13530/CV66412020TCHQ.PDF,[],https://www.customs.gov.vn/index.jsp?pageId=3&id=60410&cid=1294,2020,10/2020,2026-10-08T09:59:55Z
5989,6653/TCHQ-CNTT,15/10/2020,Tổng cục hải quan,Triển khai thực hiện Cơ chế một cửa quốc gia,40010,310,10,TAY_NINH,Nguyễn Dương Thái,17/10/2020,https://files.customs.gov.vn/CustomsCMS/TAY_NINH/2020/11/6/6653-TCHQ-CNTT-BNNPTNT.pdf,[],https://www.customs.gov.vn/index.jsp?pageId=3&id=40010&cid=1294,2020,10/2020,2026-10-08T09:59:55Z
5990,6654/TCHQ-CNTT,15/10/2020,Tổng cục hải quan,Triển khai thực hiện Cơ chế một cửa quốc gia,40011,310,10,TAY_NINH,Nguyễn Dương Thái,17/10/2020,https://files.customs.gov.vn/CustomsCMS/TAY_NINH/2020/11/6/6654-TCHQ-CNTT-BNNPTNT.pdf,[],https://www.customs.gov.vn/index.jsp?pageId=3&id=40011&cid=1294,2020,10/2020,2026-10-08T09:59:55Z
5995,6614/TCHQ-GSQL,14/10/2020,Tổng cục hải quan,Công văn số 6614/TCHQ-GSQL ngày 14/10/2020 của Tổng cục Hải quan v/v Thủ tục nhập khẩu xuất bản phẩm không kinh doanh,60409,310,16,TONG_CUC,Mai Xuân Thành,14/10/2020,https://files.customs.gov.vnhttps://files.customs.gov.vn/van_ban_phap_luat/Lists/VanBanPhapLuat/Attachments/13526/CV66142020TCHQ.PDF,[],https://www.customs.gov.vn/index.jsp?pageId=3&id=60409&cid=1294,2020,10/2020,2026-10-08T09:59:55Z
6002,6595/TCHQ-GSQL,13/10/2020,Tổng cục hải quan,Công văn số 6595/TCHQ-GSQL ngày 13/10/2020 của Tổng cục Hải quan v/v Tái xuất phế liệu không đủ điều kiện nhập khẩu đang tồn đọng tại cảng biển,60407,310,16,TONG_CUC,Trần Đức Hùng,13/10/2020,https://files.customs.gov.vnhttps://files.customs.gov.vn/van_ban_phap_luat/Lists/VanBanPhapLuat/Attachments/13524/CV65952020TCHQ.PDF,[],https://www.customs.gov.vn/index.jsp?pageId=3&id=60407&cid=1294,2020,10/2020,2026-10-08T09:59:55Z
6004,6581/TCHQ-GSQL,12/10/2020,Tổng cục hải quan,Công văn số 6581/TCHQ-GSQL ngày 12/10/2020 của Tổng cục Hải quan v/v Thực hiện Quyết định số 28/2020/QĐ-TTg ngày 24/9/2020,60408,310,16,TONG_CUC,Mai Xuân Thành,12/10/2020,https://files.customs.gov.vnhttps://files.customs.gov.vn/van_ban_phap_luat/Lists/VanBanPhapLuat/Attachments/13525/CV65812020TCHQ.PDF,[],https://www.customs.gov.vn/index.jsp?pageId=3&id=60408&cid=1294,2020,10/2020,2026-10-08T09:59:55Z
6011,6524/TCHQ-GSQL,08/10/2020,Tổng cục hải quan,Công văn số 6524/TCHQ-GSQL ngày 8/10/2020 của Tổng cục Hải quan v/v Tập kết hàng hóa xuất khẩu,60380,310,16,TONG_CUC,Mai Xuân Thành,08/10/2020,https://files.customs.gov.vnhttps://files.customs.gov.vn/van_ban_phap_luat/Lists/VanBanPhapLuat/Attachments/13487/CV65242020TCHQ.PDF,[],https://www.customs.gov.vn/index.jsp?pageId=3&id=60380&cid=1294,2020,10/2020,2026-10-08T09:59:55Z
6013,6506/TCHQ-GSQL,07/10/2020,Tổng cục hải quan,"Công văn số 6506/TCHQ-GSQL ngày 7/10/2020 của Tổng cục Hải quan v/v Tăng cường công tác kiểm tra, giám sát, kiểm soát gỗ nguyên liệu bạch dương NK",60379,310,16,TONG_CUC,Mai Xuân Thành,07/10/2020,https://files.customs.gov.vnhttps://files.customs.gov.vn/van_ban_phap_luat/Lists/VanBanPhapLuat/Attachments/13486/CV65062020TCHQ.PDF,[],https://www.customs.gov.vn/index.jsp?pageId=3&id=60379&cid=1294,2020,10/2020,2026-10-08T09:59:55Z
6027,6464/TCHQ-GSQL,05/10/2020,Tổng cục hải quan,Công văn số 6464/TCHQ-GSQL ngày 5/10/2020 của Tổng cục Hải quan v/v Thực hiện Hiệp định EVFTA,60378,310,16,TONG_CUC,Mai Xuân Thành,05/10/2020,https://files.customs.gov.vnhttps://files.customs.gov.vn/van_ban_phap_luat/Lists/VanBanPhapLuat/Attachments/13485/CV64642020TCHQ.PDF,[],https://www.customs.gov.vn/index.jsp?pageId=3&id=60378&cid=1294,2020,10/2020,2026-10-08T09:59:55Z
6037,6389/TCHQ-GSQL,30/09/2020,Tổng cục hải quan,Công văn số 6389/TCHQ-GSQL ngày 30/9/2020 của Tổng cục Hải quan v/v Ghi trị giá FOB trên C/O mẫu D,60374,310,16,TONG_CUC,Mai Xuân Thành,30/09/2020,https://files.customs.gov.vnhttps://files.customs.gov.vn/van_ban_phap_luat/Lists/VanBanPhapLuat/Attachments/13471/CV63892020TCHQ.PDF,[],https://www.customs.gov.vn/index.jsp?pageId=3&id=60374&cid=1294,2020,09/2020,2026-10-08T09:59:55Z
6045,6358/TCHQ-GSQL,29/09/2020,Tổng cục hải quan,Công văn số 6358/TCHQ-GSQL ngày 29/9/2020 của Tổng cục Hải quan v/v Thủ tục nhập khẩu rượu,60373,310,16,TONG_CUC,Mai Xuân Thành,29/09/2020,https://files.customs.gov.vnhttps://files.customs.gov.vn/van_ban_phap_luat/Lists/VanBanPhapLuat/Attachments/13470/CV63582020TCHQ.PDF,[],https://www.customs.gov.vn/index.jsp?pageId=3&id=60373&cid=1294,2020,09/2020,2026-10-08T09:59:55Z
6058,6294/TCHQ-GSQL,25/09/2020,Tổng cục hải quan,"Công văn số 6294/TCHQ-GSQL ngày 25/9/2020 của Tổng cục Hải quan v/v Thủ tục xuất khẩu, nhập khẩu hàng hóa qua kho ngoại quan",60372,310,16,TONG_CUC,Mai Xuân Thành,25/09/2020,https://files.customs.gov.vnhttps://files.customs.gov.vn/van_ban_phap_luat/Lists/VanBanPhapLuat/Attachments/13469/CV62942020TCHQ.PDF,[],https://www.customs.gov.vn/index.jsp?pageId=3&id=60372&cid=1294,2020,09/2020,2026-10-08T09:59:55Z
6068,1450/QĐ-BTC,24/09/2020,Bộ Tài chính,"Quyết định v/v công bố thủ tục hành chính mới ban hành, thủ tục hành chính thay thế lĩnh vực hải quan thuộc phạm vi chức năng quản lý của Bộ Tài chính",43091,310,18,QUANG_BINH,null,null,https://files.customs.gov.vn/CustomsCMS/QUANG_BINH/2021/04/images/stories/files/1450QDBTCrg.PDF,[],https://www.customs.gov.vn/index.jsp?pageId=3&id=43091&cid=1294,2020,09/2020,2026-10-08T09:59:55Z
6097,"1119/QĐ-HQĐV,1120/QĐ-HQĐV,1121/QĐ-HQĐV,1122/QĐ-HQĐV,1123/QĐ-HQĐV,1124/QĐ-HQĐV,1125/QĐ-HQĐV",16/09/2020,Tổng cục hải quan,"Quyết định số: 1119/QĐ-HQĐV, 1120/QĐ-HQĐV, 1121/QĐ-HQĐV, 1122/QĐ-HQĐV, 1123/QĐ-HQĐV, 1124/QĐ-HQĐV, 1125/QĐ-HQĐV ngày 16/9/2020 của Hải quan cửa khẩu cảng Đình Vũ v/v áp dụng biện pháp cưỡng chế dừng làm thủ tục hải quan đối với hàng hóa xuất khẩu, nhập khẩu của Công ty TNHH xuất nhập khẩu thiết bị phụ tùng 168, Công ty TNHH KINGSUN Đức Việt; Công ty cổ phần kinh doanh TM và DV Đại An, Công ty TNHH thương mại Tuấn Loan, Công ty cổ phần nấm Thịnh Phát, Công ty cổ phần XNK và xây dựng Vinh Anh, Công ty TNHH dịch vụ XNK Vĩnh Hưng",60360,310,10,TONG_CUC,Nguyễn Văn Thanh,23/09/2020,https://files.customs.gov.vnhttps://files.customs.gov.vn/van_ban_phap_luat/Lists/VanBanPhapLuat/Attachments/13440/QD1119-1125HQDV2020.pdf,[],https://www.customs.gov.vn/index.jsp?pageId=3&id=60360&cid=1294,2020,09/2020,2026-10-08T09:59:55Z
6113,5918/TCHQ-GSQL,09/09/2020,Tổng cục hải quan,Công văn số 5918/TCHQ-GSQL ngày 9/9/2020 của Tổng cục Hải quan v/v Xử lý phế liệu tồn đọng,60357,310,16,TONG_CUC,Mai Xuân Thành,09/09/2020,https://files.customs.gov.vnhttps://files.customs.gov.vn/van_ban_phap_luat/Lists/VanBanPhapLuat/Attachments/13432/CV59182020TCHQ.PDF,[],https://www.customs.gov.vn/index.jsp?pageId=3&id=60357&cid=1294,2020,09/2020,2026-10-08T09:59:55Z
6118,5882/TCHQ-GSQL,07/09/2020,Tổng cục hải quan,"Công văn số 5882/TCHQ-GSQL ngày 7/9/2020 của Tổng cục Hải quan v/v Xử lý hàng hóa tồn đọng là mặt hàng dễ cháy, nổ",60356,310,16,TONG_CUC,Mai Xuân Thành,07/09/2020,https://files.customs.gov.vnhttps://files.customs.gov.vn/van_ban_phap_luat/Lists/VanBanPhapLuat/Attachments/13431/CV58822020TCHQ.PDF,[],https://www.customs.gov.vn/index.jsp?pageId=3&id=60356&cid=1294,2020,09/2020,2026-10-08T09:59:55Z
6132,5771/TCHQ-GSQL,31/08/2020,Tổng cục hải quan,"Công văn số 5771/TCHQ-GSQL ngày 31/8/2020 của Tổng cục Hải quan v/v quản lý vôi, đôlômit xuất khẩu",60355,310,16,TONG_CUC,Mai Xuân Thành,31/08/2020,https://files.customs.gov.vnhttps://files.customs.gov.vn/van_ban_phap_luat/Lists/VanBanPhapLuat/Attachments/13430/CV57712020TCHQ.PDF,[],https://www.customs.gov.vn/index.jsp?pageId=3&id=60355&cid=1294,2020,08/2020,2026-10-08T09:59:55Z
6153,5638/TCHQ-GSQL,25/08/2020,Tổng cục hải quan,Công văn số 5638/TCHQ-GSQL ngày 25/8/2020 của Tổng cục Hải quan v/v Gia hạn thời hạn lưu giữ xăng dầu cung ứng hàng không và tàu biển kinh doanh TNTX,60347,310,16,TONG_CUC,Mai Xuân Thành,25/08/2020,https://files.customs.gov.vnhttps://files.customs.gov.vn/van_ban_phap_luat/Lists/VanBanPhapLuat/Attachments/13416/CV56382020TCHQ.PDF,[],https://www.customs.gov.vn/index.jsp?pageId=3&id=60347&cid=1294,2020,08/2020,2026-10-08T09:59:55Z
6173,5451/TCHQ-GSQL,17/08/2020,Tổng cục hải quan,Công văn số 5451/TCHQ-GSQL ngày 17/8/2020 của Tổng cục Hải quan v/v Thủ tục thanh lý hàng hóa của DNCX,60346,310,16,TONG_CUC,Mai Xuân Thành,17/08/2020,https://files.customs.gov.vnhttps://files.customs.gov.vn/van_ban_phap_luat/Lists/VanBanPhapLuat/Attachments/13414/CV54512020TCHQ.PDF,[],https://www.customs.gov.vn/index.jsp?pageId=3&id=60346&cid=1294,2020,08/2020,2026-10-08T09:59:55Z
6174,5454/TCHQ-GSQL,17/08/2020,Tổng cục hải quan,Công văn số 5454/TCHQ-GSQL ngày 17/8/2020 của Tổng cục Hải quan v/v Báo cáo hàng hóa tồn đọng,60345,310,16,TONG_CUC,Mai Xuân Thành,17/08/2020,https://files.customs.gov.vnhttps://files.customs.gov.vn/van_ban_phap_luat/Lists/VanBanPhapLuat/Attachments/13413/CV54542020TCHQ.PDF,[],https://www.customs.gov.vn/index.jsp?pageId=3&id=60345&cid=1294,2020,08/2020,2026-10-08T09:59:55Z
6179,19/2020/TT-BCT,14/08/2020,Khác,Thông tư 19/2020/TT-BCT về sửa đổi các Thông tư quy định thực hiện Quy tắc xuất xứ hàng hóa trong Hiệp định Thương mại hàng hóa ASEAN do Bộ Công thương,43085,310,18,QUANG_BINH,null,null,https://files.customs.gov.vn/CustomsCMS/QUANG_BINH/2021/04/images/stories/files/19TTBCT2020.pdf,[],https://www.customs.gov.vn/index.jsp?pageId=3&id=43085&cid=1294,2020,08/2020,2026-10-08T09:59:55Z
6180,5389/TCHQ-GSQL,14/08/2020,Tổng cục hải quan,Công văn số 5389/TCHQ-GSQL ngày 14/8/2020 của Tổng cục Hải quan v/v Xử lý vướng mắc Hiệp định CPTPP,60343,310,16,TONG_CUC,Mai Xuân Thành,14/08/2020,https://files.customs.gov.vnhttps://files.customs.gov.vn/van_ban_phap_luat/Lists/VanBanPhapLuat/Attachments/13409/CV53892020TCHQ.PDF,[],https://www.customs.gov.vn/index.jsp?pageId=3&id=60343&cid=1294,2020,08/2020,2026-10-08T09:59:55Z
6205,5181/TCHQ-GSQL,07/08/2020,Tổng cục hải quan,Công văn số 5181/TCHQ-GSQL ngày 07/8/2020 của Tổng cục Hải quan v/v Hàng tiêu dùng đã qua sử dụng cấm nhập khẩu,60320,310,16,TONG_CUC,Mai Xuân Thành,07/08/2020,https://files.customs.gov.vnhttps://files.customs.gov.vn/van_ban_phap_luat/Lists/VanBanPhapLuat/Attachments/13371/CV51812020TCHQ.PDF,[],https://www.customs.gov.vn/index.jsp?pageId=3&id=60320&cid=1294,2020,08/2020,2026-10-08T09:59:55Z
6206,5227/TCHQ-GSQL,07/08/2020,Tổng cục hải quan,"Công văn số 5227/TCHQ-GSQL ngày 07/8/2020 của Tổng cục Hải quan v/v Sử dụng seal định vị điện tử để niêm phong, giám sát hải quan đối với hàng hóa vận chuyển chịu sự giám sát hải quan",60321,310,16,TONG_CUC,Mai Xuân Thành,07/08/2020,https://files.customs.gov.vnhttps://files.customs.gov.vn/van_ban_phap_luat/Lists/VanBanPhapLuat/Attachments/13372/CV52272020TCHQ.PDF,[],https://www.customs.gov.vn/index.jsp?pageId=3&id=60321&cid=1294,2020,08/2020,2026-10-08T09:59:55Z
6216,5135/TCHQ-GSQL,04/08/2020,Tổng cục hải quan,Công văn số 5135/TCHQ-GSQL ngày 04/8/2020 của Tổng cục Hải quan v/v Triển khai Hệ thống Một cửa quốc gia và Quản lý tự động hàng hóa XNK tại cảng hàng không Nội Bài,60319,310,16,TONG_CUC,Mai Xuân Thành,04/08/2020,https://files.customs.gov.vnhttps://files.customs.gov.vn/van_ban_phap_luat/Lists/VanBanPhapLuat/Attachments/13370/CV5135TCHQ2020.PDF,[],https://www.customs.gov.vn/index.jsp?pageId=3&id=60319&cid=1294,2020,08/2020,2026-10-08T09:59:55Z
6234,107/QĐ-HQGLKT,28/07/2020,Tổng cục hải quan,"Quyết định số 107/QĐ-HQGLKT ngày 28/7/2020 của Cục Hải quan Gia Lai - Kon Tum về việc giải tỏa cưỡng chế dừng làm thủ tục hải quan đối với hàng hóa xuất nhập khẩu của Công ty Cổ phần thủy điện Thiên Tân (đ/c: ĐăkLong, Kon Plông, Kon Tum)",60310,310,10,TONG_CUC,Lê Thị Thanh Huyền,28/07/2020,https://files.customs.gov.vnhttps://files.customs.gov.vn/van_ban_phap_luat/Lists/VanBanPhapLuat/Attachments/13357/QD107-HQGLKT2020.PDF,[],https://www.customs.gov.vn/index.jsp?pageId=3&id=60310&cid=1294,2020,07/2020,2026-10-08T09:59:55Z
6241,573/QĐ-HQKV2,27/07/2020,Tổng cục hải quan,"Quyết định số 573/QĐ-HQKV2 ngày 27/7/2020 của Chi cục Hải quan cửa khẩu Cảng Hải Phòng Khu vực 2 về việc áp dụng biện pháp cưỡng chế dừng làm thủ tục hải quan đối với hàng hóa xuất nhập khẩu của Công ty TNHH E.Ve Vina (đ/c: Dịch Vọng, Cầu Giấy)",60306,310,10,TONG_CUC,Nguyễn Trường Sơn,01/08/2020,https://files.customs.gov.vnhttps://files.customs.gov.vn/van_ban_phap_luat/Lists/VanBanPhapLuat/Attachments/13352/QD573HQHP2020.pdf,[],https://www.customs.gov.vn/index.jsp?pageId=3&id=60306&cid=1294,2020,07/2020,2026-10-08T09:59:55Z
6242,574/QĐ-HQKV2,27/07/2020,Tổng cục hải quan,"Quyết định số 574/QĐ-HQKV2 ngày 27/7/2020 của Chi cục Hải quan cửa khẩu Cảng Hải Phòng Khu vực 2 về việc áp dụng biện pháp cưỡng chế dừng làm thủ tục hải quan đối với hàng hóa xuất nhập khẩu của Công ty TNHH MTV Thương mại Hoàng Quyến (đ/c: Nhị Câu, TP Hải Dương)",60305,310,10,TONG_CUC,Nguyễn Trường Sơn,01/08/2020,https://files.customs.gov.vnhttps://files.customs.gov.vn/van_ban_phap_luat/Lists/VanBanPhapLuat/Attachments/13351/QD574HQHP2020.pdf,[],https://www.customs.gov.vn/index.jsp?pageId=3&id=60305&cid=1294,2020,07/2020,2026-10-08T09:59:55Z
6243,575/QĐ-HQKV2,27/07/2020,Tổng cục hải quan,"Quyết định số 575/QĐ-HQKV2 ngày 27/7/2020 của Chi cục Hải quan cửa khẩu Cảng Hải Phòng Khu vực 2 về việc áp dụng biện pháp cưỡng chế dừng làm thủ tục hải quan đối với hàng hóa xuất nhập khẩu của Công ty Cổ phần Thiết bị nhà bếp An Dương (đ/c: Mộ Lao, Hà Đông, HN)",60304,310,10,TONG_CUC,Nguyễn Trường Sơn,01/08/2020,https://files.customs.gov.vnhttps://files.customs.gov.vn/van_ban_phap_luat/Lists/VanBanPhapLuat/Attachments/13350/QD575HQHP2020.pdf,[],https://www.customs.gov.vn/index.jsp?pageId=3&id=60304&cid=1294,2020,07/2020,2026-10-08T09:59:55Z
6244,576/QĐ-HQKV2,27/07/2020,Tổng cục hải quan,"Quyết định số 576/QĐ-HQKV2 ngày 27/7/2020 của Chi cục Hải quan cửa khẩu Cảng Hải Phòng Khu vực 2 về việc áp dụng biện pháp cưỡng chế dừng làm thủ tục hải quan đối với hàng hóa xuất nhập khẩu của Công ty TNHH Euro Connections (đ/c: Thanh Lương, Hai Bà Trưng, HN)",60303,310,10,TONG_CUC,Nguyễn Trường Sơn,01/08/2020,https://files.customs.gov.vnhttps://files.customs.gov.vn/van_ban_phap_luat/Lists/VanBanPhapLuat/Attachments/13349/QD576HQHP2020.pdf,[],https://www.customs.gov.vn/index.jsp?pageId=3&id=60303&cid=1294,2020,07/2020,2026-10-08T09:59:55Z
6255,29/CT-TTg,23/07/2020,Thủ tướng Chính phủ,Chỉ thị 29/CT-TTg năm 2020 về giải pháp cấp bách quản lý động vật hoang dã do Thủ tướng Chính phủ ban hành,43067,310,18,QUANG_BINH,null,null,https://files.customs.gov.vn/CustomsCMS/QUANG_BINH/2021/04/images/stories/files/29-CT-TTg.pdf,[],https://www.customs.gov.vn/index.jsp?pageId=3&id=43067&cid=1294,2020,07/2020,2026-10-08T09:59:55Z
6256,4894/TCHQ-GSQL,23/07/2020,Tổng cục hải quan,"Công văn số 4894/TCHQ-GSQL ngày 23/7/2020 của Tổng cục Hải quan v/v Thực hiện thủ tục hải quan đối với xe ô tô xuất cảnh, nhập cảnh qua cửa khẩu biên giới đất liền",60307,310,16,TONG_CUC,Mai Xuân Thành,23/07/2020,https://files.customs.gov.vnhttps://files.customs.gov.vn/van_ban_phap_luat/Lists/VanBanPhapLuat/Attachments/13353/CV48942020TCHQ.PDF,[],https://www.customs.gov.vn/index.jsp?pageId=3&id=60307&cid=1294,2020,07/2020,2026-10-08T09:59:55Z
6269,1080/QĐ-BTC,20/07/2020,Bộ Tài chính,"Quyết định v/v Công bố thủ tục hành chính mới ban hành, thủ tục hành chính thay thế lĩnh vực hải quan thuộc phạm vi chức năng quản lý của Bộ Tài chính",43071,310,18,QUANG_BINH,null,null,https://files.customs.gov.vn/CustomsCMS/QUANG_BINH/2021/04/images/stories/files/1080QDBTC.pdf,[],https://www.customs.gov.vn/index.jsp?pageId=3&id=43071&cid=1294,2020,07/2020,2026-10-08T09:59:55Z
6277,4796/TCHQ-GSQL,17/07/2020,Tổng cục hải quan,Công văn số 4796/TCHQ-GSQL ngày 17/7/2020 của Tổng cục Hải quan v/v Vướng mắc C/O,60264,310,16,TONG_CUC,Mai Xuân Thành,17/07/2020,https://files.customs.gov.vnhttps://files.customs.gov.vn/van_ban_phap_luat/Lists/VanBanPhapLuat/Attachments/13291/CV47962020TCHQ.PDF,[],https://www.customs.gov.vn/index.jsp?pageId=3&id=60264&cid=1294,2020,07/2020,2026-10-08T09:59:55Z
6279,4747/TCHQ-GSQL,16/07/2020,Tổng cục hải quan,"Công văn số 4747/TCHQ-GSQL ngày 16/7/2020 của Tổng cục Hải quan v/v Tăng cường công tác kiểm tra, giám sát hải quan đối với hàng hóa KDTNTX, quá cảnh",60265,310,16,TONG_CUC,Mai Xuân Thành,16/07/2020,https://files.customs.gov.vnhttps://files.customs.gov.vn/van_ban_phap_luat/Lists/VanBanPhapLuat/Attachments/13292/CV47472020TCHQ.PDF,[],https://www.customs.gov.vn/index.jsp?pageId=3&id=60265&cid=1294,2020,07/2020,2026-10-08T09:59:55Z
6290,1626/ATTP-PCTTR,14/07/2020,Bộ và ngang bộ,Công văn số 1626/ATTP-PCTTR ngày 14/7/2020 của Cục An toàn thực phẩm (Bộ Y tế) v/v Thông báo đình chỉ hoạt động nhập khẩu thực phẩm đối với Công ty Cổ phần xuất nhập khẩu và thương mại Lychee,60284,310,16,TONG_CUC,Đỗ Hữu Tuấn,14/07/2020,https://files.customs.gov.vnhttps://files.customs.gov.vn/van_ban_phap_luat/Lists/VanBanPhapLuat/Attachments/13323/CV1626-ATTP-BYT2020.PDF,[],https://www.customs.gov.vn/index.jsp?pageId=3&id=60284&cid=1294,2020,07/2020,2026-10-08T09:59:55Z
6291,4686/TCHQ-GSQL,14/07/2020,Tổng cục hải quan,Công văn số 4686/TCHQ-GSQL ngày 14/7/2020 của Tổng cục Hải quan v/v Kế hoạch thực hiện Hiệp định về Biện pháp quốc gia có cảng,60266,310,16,TONG_CUC,Mai Xuân Thành,14/07/2020,https://files.customs.gov.vnhttps://files.customs.gov.vn/van_ban_phap_luat/Lists/VanBanPhapLuat/Attachments/13293/CV46862020TCHQ.PDF,[],https://www.customs.gov.vn/index.jsp?pageId=3&id=60266&cid=1294,2020,07/2020,2026-10-08T09:59:55Z
6316,4580/TCHQ-GSQL,08/07/2020,Tổng cục hải quan,"Công văn số 4580/TCHQ-GSQL ngày 8/7/2020 của Tổng cục Hải quan v/v Phân luồng đối với hàng NK là quà biếu, quà tặng, tài sản di chuyển",60268,310,16,TONG_CUC,Mai Xuân Thành,08/07/2020,https://files.customs.gov.vnhttps://files.customs.gov.vn/van_ban_phap_luat/Lists/VanBanPhapLuat/Attachments/13296/CV45802020TCHQ.PDF,[],https://www.customs.gov.vn/index.jsp?pageId=3&id=60268&cid=1294,2020,07/2020,2026-10-08T09:59:55Z
6317,4589/TCHQ-GSQL,08/07/2020,Tổng cục hải quan,Công văn số 4589/TCHQ-GSQL ngày 8/7/2020 của Tổng cục Hải quan v/v Tái xuất phế liệu tồn đọng,60267,310,16,TONG_CUC,Trần Đức Hùng,08/07/2020,https://files.customs.gov.vnhttps://files.customs.gov.vn/van_ban_phap_luat/Lists/VanBanPhapLuat/Attachments/13294/CV45892020TCHQ.PDF,[],https://www.customs.gov.vn/index.jsp?pageId=3&id=60267&cid=1294,2020,07/2020,2026-10-08T09:59:55Z
6320,4564/TCHQ-GSQL,07/07/2020,Tổng cục hải quan,Công văn số 4564/TCHQ-GSQL ngày 7/7/2020 của Tổng cục Hải quan v/v Chứng từ chứng nhận xuất xứ,60269,310,16,TONG_CUC,Nguyễn Anh Tuấn,07/07/2020,https://files.customs.gov.vnhttps://files.customs.gov.vn/van_ban_phap_luat/Lists/VanBanPhapLuat/Attachments/13298/CV45642020TCHQ.PDF,[],https://www.customs.gov.vn/index.jsp?pageId=3&id=60269&cid=1294,2020,07/2020,2026-10-08T09:59:55Z
6334,4428/TCHQ-GSQL,01/07/2020,Tổng cục hải quan,Công văn số 4428/TCHQ-GSQL ngày 1/7/2020 của Tổng cục Hải quan v/v gửi chứng từ thuộc hồ sơ hải quan,60261,310,16,TONG_CUC,Mai Xuân Thành,01/07/2020,https://files.customs.gov.vnhttps://files.customs.gov.vn/van_ban_phap_luat/Lists/VanBanPhapLuat/Attachments/13285/CV44282020TCHQ.PDF,[],https://www.customs.gov.vn/index.jsp?pageId=3&id=60261&cid=1294,2020,07/2020,2026-10-08T09:59:55Z
6339,4395/TCHQ-GSQL,30/06/2020,Tổng cục hải quan,Công văn số 4395/TCHQ-GSQL ngày 30/6/2020 của Tổng cục Hải quan v/v Chấn chỉnh các kho hàng không quốc tế tại CHK Nội Bài,60262,310,16,TONG_CUC,Mai Xuân Thành,30/06/2020,https://files.customs.gov.vnhttps://files.customs.gov.vn/van_ban_phap_luat/Lists/VanBanPhapLuat/Attachments/13286/CV43952020TCHQ.PDF,[],https://www.customs.gov.vn/index.jsp?pageId=3&id=60262&cid=1294,2020,06/2020,2026-10-08T09:59:55Z
6365,863/QĐ-BTC,18/06/2020,Bộ Tài chính,"Quyết định số 863/QĐ-BTC ngày 18/6/2020 của Bộ Tài chính công bố thủ tục hành chính mới ban hành, sửa đổi, bổ sung trong lĩnh vực thuế thuộc phạm vi chức năng quản lý nhà nước của Bộ Tài chính",60279,310,10,TONG_CUC,Vũ Thị Mai,10/07/2020,https://files.customs.gov.vnhttps://files.customs.gov.vn/van_ban_phap_luat/Lists/VanBanPhapLuat/Attachments/13311/QD863-BTC2020.PDF,[],https://www.customs.gov.vn/index.jsp?pageId=3&id=60279&cid=1294,2020,06/2020,2026-10-08T09:59:55Z
6416,52/2020/TT-BTC,10/06/2020,Bộ Tài chính,"Thông tư hướng dẫn một số biện pháp thực hiện Thống kê nhà nước về hải quan đối với hàng hóa XN, NK",43066,310,18,QUANG_BINH,null,null,https://files.customs.gov.vn/CustomsCMS/QUANG_BINH/2021/04/images/stories/files/52-TTBTC.pdf,[],https://www.customs.gov.vn/index.jsp?pageId=3&id=43066&cid=1294,2020,06/2020,2026-10-08T09:59:55Z
6434,1088-1089/QĐ-HQKV3,03/06/2020,null,"Quyết định vv Áp dụng biện pháp cưỡng chế dừng làm thủ tục Hải quan đối với hàng hóa xuất khẩu, nhập khẩu",61080,310,10,BINH_DUONG,null,03/06/2020,https://files.customs.gov.vnhttps://files.customs.gov.vn/BINH_DUONG/CMS/Lists/VanBanPhapQuy_VN/Attachments/4534/1088-1089-QĐ-HQKV3.pdf,[],https://www.customs.gov.vn/index.jsp?pageId=3&id=61080&cid=1294,2020,06/2020,2026-10-08T09:59:55Z
6435,3584/TCHQ-GSQL,03/06/2020,Tổng cục hải quan,Công văn số 3584/TCHQ-GSQL ngày 03/6/2020 của Tổng cục Hải quan v/v Nộp Quyết định miễn trừ biện pháp tự vệ của Bộ Công thương trong bộ hồ sơ Hải quan,60245,310,16,TONG_CUC,Mai Xuân Thành,03/06/2020,https://files.customs.gov.vnhttps://files.customs.gov.vn/van_ban_phap_luat/Lists/VanBanPhapLuat/Attachments/13258/CV35842020TCHQ.PDF,[],https://www.customs.gov.vn/index.jsp?pageId=3&id=60245&cid=1294,2020,06/2020,2026-10-08T09:59:55Z
6436,3585/TCHQ-GSQL,03/06/2020,Tổng cục hải quan,Công văn số 3585/TCHQ-GSQL ngày 03/6/2020 của Tổng cục Hải quan v/v Công khai thủ tục hành chính,60246,310,18,TONG_CUC,Mai Xuân Thành,03/06/2020,https://files.customs.gov.vnhttps://files.customs.gov.vn/van_ban_phap_luat/Lists/VanBanPhapLuat/Attachments/13259/CV35852020TCHQ.PDF,[],https://www.customs.gov.vn/index.jsp?pageId=3&id=60246&cid=1294,2020,06/2020,2026-10-08T09:59:55Z
6458,3452/TCHQ-GSQL,28/05/2020,Tổng cục hải quan,Công văn số 3452/TCHQ-GSQL ngày 28/5/2020 của Tổng cục Hải quan v/v Tăng cường công tác quản lý hàng hóa là chất thải,60187,310,16,TONG_CUC,Mai Xuân Thành,28/05/2020,https://files.customs.gov.vnhttps://files.customs.gov.vn/van_ban_phap_luat/Lists/VanBanPhapLuat/Attachments/13173/CV34522020TCHQ.PDF,[],https://www.customs.gov.vn/index.jsp?pageId=3&id=60187&cid=1294,2020,05/2020,2026-10-08T09:59:55Z
6461,TT47/2020/TT-BTC,27/05/2020,Bộ Tài chính,QUY ĐỊNH VỀ THỜI ĐIỂM NỘP CHỨNG TỪ CHỨNG NHẬN XUẤT XỨ VÀ HÌNH THỨC CHỨNG TỪ CHỨNG NHẬN XUẤT XỨ ĐỐI VỚI HÀNG HÓA NHẬP KHẨU ÁP DỤNG TRONG GIAI ĐOẠN DỊCH VIÊM ĐƯỜNG HÔ HẤP CẤP GÂY RA BỞI VIRUS CORONA (COVID-19),40129,310,4,HA_TINH,null,null,https://files.customs.gov.vn/CustomsCMS/HA_TINH/2020/upload/office/2020/05/495/file/47_2020_TT-BTC.doc,[],https://www.customs.gov.vn/index.jsp?pageId=3&id=40129&cid=1294,2020,05/2020,2026-10-08T09:59:55Z
6466,3374/TCHQ-GSQL,26/05/2020,Tổng cục hải quan,Công văn số 3374/TCHQ-GSQL ngày 26/5/2020 của Tổng cục Hải quan v/v Triển khai hệ thống NSW và VACCSM tại Cảng hàng không Nội Bài,60186,310,16,TONG_CUC,Mai Xuân Thành,26/05/2020,https://files.customs.gov.vnhttps://files.customs.gov.vn/van_ban_phap_luat/Lists/VanBanPhapLuat/Attachments/13171/CV33742020TCHQ.PDF,[],https://www.customs.gov.vn/index.jsp?pageId=3&id=60186&cid=1294,2020,05/2020,2026-10-08T09:59:55Z
6467,3376/TCHQ-GSQL,26/05/2020,Tổng cục hải quan,"Công văn số 3376/TCHQ-GSQL ngày 26/5/2020 của Tổng cục Hải quan v/v Thủ tục, giám sát hải quan đối với hàng hóa quá cảnh thực hiện thay đổi phương thức vận chuyển",60185,310,16,TONG_CUC,Trần Đức Hùng,26/05/2020,https://files.customs.gov.vnhttps://files.customs.gov.vn/van_ban_phap_luat/Lists/VanBanPhapLuat/Attachments/13170/CV33762020TCHQ.PDF,[],https://www.customs.gov.vn/index.jsp?pageId=3&id=60185&cid=1294,2020,05/2020,2026-10-08T09:59:55Z
6468,3408/TCHQ-TXNK,26/05/2020,Tổng cục hải quan,"Công văn số 3408/TCHQ-TXNK ngày 26/5/2020 của Tổng cục Hải quan v/v Trả lời công văn số 186/HQBRVT-KTSTQ ngày 17/01/2020 (phân loại mặt hàng ""Bộ thẻ đeo cổ bò dùng để định vị con bò - thẻ thông minh"")",60188,310,16,TONG_CUC,Nguyễn Ngọc Hưng,26/05/2020,https://files.customs.gov.vnhttps://files.customs.gov.vn/van_ban_phap_luat/Lists/VanBanPhapLuat/Attachments/13177/CV3408TCHQ2020.PDF,[],https://www.customs.gov.vn/index.jsp?pageId=3&id=60188&cid=1294,2020,05/2020,2026-10-08T09:59:55Z
6475,1443/HQBD-GSQL,25/05/2020,Cục Hải quan Tỉnh Bình Dương,V/v thông báo một số nội dung liên quan đến kỳ thi cấp chứng chỉ nghiệp vụ HQ năm 2020,61078,310,16,BINH_DUONG,null,25/05/2020,https://files.customs.gov.vnhttps://files.customs.gov.vn/BINH_DUONG/CMS/Lists/VanBanPhapQuy_VN/Attachments/4528/1443HQBD-GSQL-2020.pdf,[],https://www.customs.gov.vn/index.jsp?pageId=3&id=61078&cid=1294,2020,05/2020,2026-10-08T09:59:55Z
6484,42/2020/TT-BTC,22/05/2020,Bộ Tài chính,"Quy định các chỉ tiêu thông tin, mẫu chứng từ để thực hiện thủ tục quá cảnh hàng hóa theo quy định tại Nghị định số 46/2020/NĐ-CP ngày 09/04/2020 của Chính phủ quy định thủ tục hải quan, kiểm tra, giám sát hải quan đối với hàng hóa quá cảnh thông qua Hệ thống quá cảnh Hải quan ASEAN để thực hiện Nghị định thư 7 về Hệ thống quá cảnh Hải quan",40135,310,4,HA_TINH,Vũ Thị Mai,null,https://files.customs.gov.vn/CustomsCMS/HA_TINH/2020/upload/office/2020/06/498/file/Vanban_42(12).PDF,[],https://www.customs.gov.vn/index.jsp?pageId=3&id=40135&cid=1294,2020,05/2020,2026-10-08T09:59:55Z
6519,3120/TCHQ-GSQL,14/05/2020,Tổng cục hải quan,Công văn số 3120/TCHQ-GSQL ngày 14/5/2020 của Tổng cục Hải quan v/v Địa điểm đăng ký tờ khai,60171,310,16,TONG_CUC,Mai Xuân Thành,14/05/2020,https://files.customs.gov.vnhttps://files.customs.gov.vn/van_ban_phap_luat/Lists/VanBanPhapLuat/Attachments/13144/CV31202020TCHQ.PDF,[],https://www.customs.gov.vn/index.jsp?pageId=3&id=60171&cid=1294,2020,05/2020,2026-10-08T09:59:55Z
6541,3062/TCHQ-GSQL,12/05/2020,Tổng cục hải quan,Công văn số 3062/TCHQ-GSQL ngày 12/5/2020 của Tổng cục Hải quan v/v Ghi kết quả kiểm tra thực tế hàng hóa,60169,310,16,TONG_CUC,Mai Xuân Thành,12/05/2020,https://files.customs.gov.vnhttps://files.customs.gov.vn/van_ban_phap_luat/Lists/VanBanPhapLuat/Attachments/13141/CV30622020TCHQ.PDF,[],https://www.customs.gov.vn/index.jsp?pageId=3&id=60169&cid=1294,2020,05/2020,2026-10-08T09:59:55Z
6542,3063/TCHQ-GSQL,12/05/2020,Tổng cục hải quan,Công văn số 3063/TCHQ-GSQL ngày 12/5/2020 của Tổng cục Hải quan v/v Xác nhận trên giấy phép CITES,60168,310,16,TONG_CUC,Mai Xuân Thành,12/05/2020,https://files.customs.gov.vnhttps://files.customs.gov.vn/van_ban_phap_luat/Lists/VanBanPhapLuat/Attachments/13140/CV30632020CTHQ.PDF,[],https://www.customs.gov.vn/index.jsp?pageId=3&id=60168&cid=1294,2020,05/2020,2026-10-08T09:59:55Z
6563,2968/TCHQ-GSQL,07/05/2020,Tổng cục hải quan,Công văn số 2968/TCHQ-GSQL ngày 07/5/2020 của Tổng cục Hải quan v/v Đẩy mạnh cải cách hành chính trong bối cảnh dịch bệnh COVID-19,60158,310,16,TONG_CUC,Mai Xuân Thành,07/05/2020,https://files.customs.gov.vnhttps://files.customs.gov.vn/van_ban_phap_luat/Lists/VanBanPhapLuat/Attachments/13129/CV29682020TCHQ.PDF,[],https://www.customs.gov.vn/index.jsp?pageId=3&id=60158&cid=1294,2020,05/2020,2026-10-08T09:59:55Z
6564,2973/TCHQ-GSQL,07/05/2020,Tổng cục hải quan,"Công văn số 2973/TCHQ-GSQL ngày 07/5/2020 của Tổng cục Hải quan v/v Giám sát hải quan đối với phương tiện vận chuyển hàng hóa, máy móc, thiết bị trong thời gian diễn ra bệnh dịch Covid-19",60157,310,16,TONG_CUC,Mai Xuân Thành,07/05/2020,https://files.customs.gov.vnhttps://files.customs.gov.vn/van_ban_phap_luat/Lists/VanBanPhapLuat/Attachments/13128/CV29732020TCHQ.PDF,[],https://www.customs.gov.vn/index.jsp?pageId=3&id=60157&cid=1294,2020,05/2020,2026-10-08T09:59:55Z
6570,2916/TCHQ-TXNK,05/05/2020,Tổng cục hải quan,Công văn số 2916/TCHQ-TXNK ngày 05/5/2020 của Tổng cục Hải quan v/v Tiền chậm nộp tiền thuế,60166,310,16,TONG_CUC,Đào Thu Hương,05/05/2020,https://files.customs.gov.vnhttps://files.customs.gov.vn/van_ban_phap_luat/Lists/VanBanPhapLuat/Attachments/13137/CV2916TCHQ2020.PDF,[],https://www.customs.gov.vn/index.jsp?pageId=3&id=60166&cid=1294,2020,05/2020,2026-10-08T09:59:55Z
6577,2869/TCHQ-GSQL,04/05/2020,Tổng cục hải quan,Công văn số 2869/TCHQ-GSQL ngày 4/5/2020 của Tổng cục Hải quan v/v Chuyển nhượng nhà xưởng của DNCX,60156,310,16,TONG_CUC,Mai Xuân Thành,04/05/2020,https://files.customs.gov.vnhttps://files.customs.gov.vn/van_ban_phap_luat/Lists/VanBanPhapLuat/Attachments/13127/CV28692020TCHQ.PDF,[],https://www.customs.gov.vn/index.jsp?pageId=3&id=60156&cid=1294,2020,05/2020,2026-10-08T09:59:55Z
6599,2756/TCHQ-GSQL,28/04/2020,Tổng cục hải quan,Công văn số 2756/TCHQ-GSQL ngày 28/4/2020 của Tổng cục Hải quan v/v Nhập khẩu nông sản làm thực phẩm qua các cửa khẩu,60146,310,16,TONG_CUC,Mai Xuân Thành,28/04/2020,https://files.customs.gov.vnhttps://files.customs.gov.vn/van_ban_phap_luat/Lists/VanBanPhapLuat/Attachments/13103/CV27562020TCHQ.PDF,[],https://www.customs.gov.vn/index.jsp?pageId=3&id=60146&cid=1294,2020,04/2020,2026-10-08T09:59:55Z
6600,2757/TCHQ-GSQL,28/04/2020,Tổng cục hải quan,Công văn số 2757/TCHQ-GSQL ngày 28/4/2020 của Tổng cục Hải quan v/v Tiếp nhận máy lọc nước,60147,310,16,TONG_CUC,Mai Xuân Thành,28/04/2020,https://files.customs.gov.vnhttps://files.customs.gov.vn/van_ban_phap_luat/Lists/VanBanPhapLuat/Attachments/13104/CV27572020TCHQ.PDF,[],https://www.customs.gov.vn/index.jsp?pageId=3&id=60147&cid=1294,2020,04/2020,2026-10-08T09:59:55Z
6601,2759/TCHQ-GSQL,28/04/2020,Tổng cục hải quan,Công văn số 2759/TCHQ-GSQL ngày 28/4/2020 của Tổng cục Hải quan v/v Vướng mắc đối với PTVT xuất nhập cảnh qua cửa khẩu biên giới đường bộ Việt Nam - Lào,60148,310,16,TONG_CUC,Mai Xuân Thành,28/04/2020,https://files.customs.gov.vnhttps://files.customs.gov.vn/van_ban_phap_luat/Lists/VanBanPhapLuat/Attachments/13105/CV27592020TCHQ.PDF,[],https://www.customs.gov.vn/index.jsp?pageId=3&id=60148&cid=1294,2020,04/2020,2026-10-08T09:59:55Z
6613,2720/TCHQ-GSQL,27/04/2020,Tổng cục hải quan,Công văn số 2720/TCHQ-GSQL ngày 27/4/2020 của Tổng cục Hải quan v/v Đăng ký tờ khai xuất khẩu gạo,60144,310,16,TONG_CUC,Mai Xuân Thành,27/04/2020,https://files.customs.gov.vnhttps://files.customs.gov.vn/van_ban_phap_luat/Lists/VanBanPhapLuat/Attachments/13098/CV27202020TCHQ.PDF,[],https://www.customs.gov.vn/index.jsp?pageId=3&id=60144&cid=1294,2020,04/2020,2026-10-08T09:59:55Z
6614,2721/TCHQ-GSQL,27/04/2020,Tổng cục hải quan,Công văn số 2721/TCHQ-GSQL ngày 27/4/2020 của Tổng cục Hải quan v/v Hướng dẫn thủ tục xuất khẩu gạo,60145,310,16,TONG_CUC,Mai Xuân Thành,27/04/2020,https://files.customs.gov.vnhttps://files.customs.gov.vn/van_ban_phap_luat/Lists/VanBanPhapLuat/Attachments/13099/CV27212020TCHQ.PDF,[],https://www.customs.gov.vn/index.jsp?pageId=3&id=60145&cid=1294,2020,04/2020,2026-10-08T09:59:55Z
6625,2650/TCHQ-GSQL,24/04/2020,Tổng cục hải quan,Công văn số 2650/TCHQ-GSQL ngày 24/4/2020 của Tổng cục Hải quan v/v xử lý lượng hạn ngạch xuất khẩu gạo được hồi lại của tháng 4/2020,60141,310,16,TONG_CUC,null,24/04/2020,https://files.customs.gov.vnhttps://files.customs.gov.vn/van_ban_phap_luat/Lists/VanBanPhapLuat/Attachments/13095/CV26502020TCHQ.jpeg,[],https://www.customs.gov.vn/index.jsp?pageId=3&id=60141&cid=1294,2020,04/2020,2026-10-08T09:59:55Z
6635,2599/TCHQ-GSQL,23/04/2020,Tổng cục hải quan,Công văn số 2599/TCHQ-GSQL ngay 23/4/2020 v/v Kiểm tra nếp xuất khẩu,60143,310,16,TONG_CUC,Mai Xuân Thành,23/04/2020,https://files.customs.gov.vnhttps://files.customs.gov.vn/van_ban_phap_luat/Lists/VanBanPhapLuat/Attachments/13097/Vanban_2599.PDF,[],https://www.customs.gov.vn/index.jsp?pageId=3&id=60143&cid=1294,2020,04/2020,2026-10-08T09:59:55Z
6664,2404/TCHQ-CNTT,15/04/2020,Cục Hải quan Hà Nam Ninh,Triển khai thực hiện Cơ chế một cửa quốc gia,42228,310,10,QUANG_NAM,Nguyễn Dương Thái,15/04/2020,https://files.customs.gov.vnhttps://files.customs.gov.vn/CustomsCMS/QUANG_NAM/2021/1/29/2404TRIỂN KHAI CƠ CHẾ 1 CỬA QG.PDF,[],https://www.customs.gov.vn/index.jsp?pageId=3&id=42228&cid=1294,2020,04/2020,2026-10-08T09:59:55Z
6673,2367/TCHQ-GSQL,14/04/2020,Tổng cục hải quan,Công văn số 2367/TCHQ-GSQL ngày 14/4/2020 của Tổng cục Hải quan v/v xuất khẩu cát,60116,310,16,TONG_CUC,Mai Xuân Thành,14/04/2020,https://files.customs.gov.vnhttps://files.customs.gov.vn/van_ban_phap_luat/Lists/VanBanPhapLuat/Attachments/13059/CV23672020TCHQ.pdf,[],https://www.customs.gov.vn/index.jsp?pageId=3&id=60116&cid=1294,2020,04/2020,2026-10-08T09:59:55Z
6686,148/QĐ-KCNST,10/04/2020,Khác,"Quyết định số 148/QĐ-KCNST ngày 10/4/2020 của Cục trưởng Chi Cục Hải quan KCN Sóng Thần v/v áp dụng biện pháp cưỡng chế dừng làm thủ tục hải quan đối với hàng hóa xuất khẩu, nhập khẩu đối với Công ty TNHH Plastic Intercon Việt Nam",60133,310,10,TONG_CUC,Nguyễn Thanh Bình,17/04/2020,https://files.customs.gov.vnhttps://files.customs.gov.vn/van_ban_phap_luat/Lists/VanBanPhapLuat/Attachments/13085/QD148-CC KCNST-HQBD2020.PDF,[],https://www.customs.gov.vn/index.jsp?pageId=3&id=60133&cid=1294,2020,04/2020,2026-10-08T09:59:55Z
6691,45/2020/NĐ-CP,09/04/2020,Chính phủ,Nghị định về thực hiện thủ tục hành chính trên môi trường điện tử,40128,310,8,HA_TINH,Nguyễn Xuân Phúc,null,"https://files.customs.gov.vnhttps://files.customs.gov.vn/CustomsCMS/HA_TINH/2020/upload/office/2020/04/496/file/ND 45 (08_4_20, hluc 22_5_20) thuc hien TTHC tren moi truong dien tu.pdf",[],https://www.customs.gov.vn/index.jsp?pageId=3&id=40128&cid=1294,2020,04/2020,2026-10-08T09:59:55Z
6692,46/2020/NĐ-CP,09/04/2020,Chính phủ,"Quy định thủ tục hải quan, kiểm tra, giám sát hải quan đối với hàng hóa quá cảnh thông qua Hệ thống quá cảnh Hải quan ASEAN để thực hiện Nghị định thư 7 về Hệ thống quá cảnh Hải quan",40130,310,8,HA_TINH,Nguyễn Xuân Phúc,null,"https://files.customs.gov.vnhttps://files.customs.gov.vn/CustomsCMS/HA_TINH/2020/upload/office/2020/05/493/file/ND 46 (09_4_20,hluc 01_6_20) TTHQ qua canh ASEAN.pdf",[],https://www.customs.gov.vn/index.jsp?pageId=3&id=40130&cid=1294,2020,04/2020,2026-10-08T09:59:55Z
6693,2144/TCHQ-GSQL,01/04/2020,Tổng cục hải quan,Công văn số 2144/TCHQ-GSQL ngày 01/4/2020 của Tổng cục Hải quan v/v Thủ tục cho PTVT xuất nhập cảnh qua cửa khẩu biên giới trong thời kỳ dịch bệnh,60092,310,16,TONG_CUC,Mai Xuân Thành,01/04/2020,https://files.customs.gov.vnhttps://files.customs.gov.vn/van_ban_phap_luat/Lists/VanBanPhapLuat/Attachments/13021/CV21442020TCHQ.PDF,[],https://www.customs.gov.vn/index.jsp?pageId=3&id=60092&cid=1294,2020,04/2020,2026-10-08T09:59:55Z
6694,2146/TCHQ-GSQL,01/04/2020,Tổng cục hải quan,Công văn số 2146/TCHQ-GSQL ngày 01/4/2020 của Tổng cục Hải quan v/v Vướng mắc khai báo tiêu chí thông tin trên tờ khai vận chuyển độc lập,60091,310,16,TONG_CUC,Nguyễn Anh Tuấn,01/04/2020,https://files.customs.gov.vnhttps://files.customs.gov.vn/van_ban_phap_luat/Lists/VanBanPhapLuat/Attachments/13020/CV21462020TCHQ.PDF,[],https://www.customs.gov.vn/index.jsp?pageId=3&id=60091&cid=1294,2020,04/2020,2026-10-08T09:59:55Z
6707,2079/TCHQ-GSQL,31/03/2020,Tổng cục hải quan,Công văn số 2079/TCHQ-GSQL ngày 31/3/2020 của Tổng cục Hải quan v/v Tháo gỡ vướng mắc thủ tục xuất khẩu khẩu trang,60081,310,16,TONG_CUC,Mai Xuân Thành,31/03/2020,https://files.customs.gov.vnhttps://files.customs.gov.vn/van_ban_phap_luat/Lists/VanBanPhapLuat/Attachments/12996/CV20792020TCHQ.pdf,[],https://www.customs.gov.vn/index.jsp?pageId=3&id=60081&cid=1294,2020,03/2020,2026-10-08T09:59:55Z
6708,446/QDD-BTC,31/03/2020,Bộ Tài chính,"Quyết định v/v công bố thủ tục hành chính được sửa đổi, bổ sung trong lĩnh vực hải quan thuộc phạm vi chức năng QLNN của Bộ Tài chính",43061,310,18,QUANG_BINH,null,null,https://files.customs.gov.vn/CustomsCMS/QUANG_BINH/2021/04/images/stories/files/QD446BTC.PDF,[],https://www.customs.gov.vn/index.jsp?pageId=3&id=43061&cid=1294,2020,03/2020,2026-10-08T09:59:55Z
6733,1966/TCHQ-GSQL,25/03/2020,Tổng cục hải quan,Công văn số 1966/TCHQ-GSQL ngày 25/3/2020 của Tổng cục Hải quan v/v Triển khai giải pháp đẩy nhanh thông quan hàng hóa tại cửa khẩu trong bối cảnh Covid-19,60032,310,16,TONG_CUC,Mai Xuân Thành,25/03/2020,https://files.customs.gov.vnhttps://files.customs.gov.vn/van_ban_phap_luat/Lists/VanBanPhapLuat/Attachments/12938/CV19662020TCHQ.PDF,[],https://www.customs.gov.vn/index.jsp?pageId=3&id=60032&cid=1294,2020,03/2020,2026-10-08T09:59:55Z
6773,1696/TCHQ-GSQL,18/03/2020,Tổng cục hải quan,Công văn số 1696/TCHQ-GSQL ngày 18/3/2020 của Tổng cục Hải quan v/v Thủ tục hành lý của khách nhập cảnh,60008,310,16,TONG_CUC,Mai Xuân Thành,18/03/2020,https://files.customs.gov.vnhttps://files.customs.gov.vn/van_ban_phap_luat/Lists/VanBanPhapLuat/Attachments/12900/CV16962020TCHQ.PDF,[],https://www.customs.gov.vn/index.jsp?pageId=3&id=60008&cid=1294,2020,03/2020,2026-10-08T09:59:55Z
6786,485/QĐ-HQHP,16/03/2020,Khác,"Quyết định số 485/QĐ-HQHP ngày 16/3/2020 về việc áp dụng biện pháp cưỡng chế dừng làm thủ tục hải quan đối với hàng hóa xuất khẩu, nhập khẩu",60028,310,10,TONG_CUC,Nguyễn Kiên Giang,22/03/2020,https://files.customs.gov.vnhttps://files.customs.gov.vn/van_ban_phap_luat/Lists/VanBanPhapLuat/Attachments/12924/13672_485-HQHP .PDF,[],https://www.customs.gov.vn/index.jsp?pageId=3&id=60028&cid=1294,2020,03/2020,2026-10-08T09:59:55Z
6820,1357/TCHQ-GSQL,05/03/2020,Tổng cục hải quan,Công văn số 1357/TCHQ-GSQL ngày 05/3/2020 của Tổng cục Hải quan v/v Hướng dẫn thủ tục hải quan đối với hàng hóa phục vụ giải đua xe công thức 1,59996,310,16,TONG_CUC,Mai Xuân Thành,05/03/2020,https://files.customs.gov.vnhttps://files.customs.gov.vn/van_ban_phap_luat/Lists/VanBanPhapLuat/Attachments/12869/CV13572020TCHQ.PDF,[],https://www.customs.gov.vn/index.jsp?pageId=3&id=59996&cid=1294,2020,03/2020,2026-10-08T09:59:55Z
6834,1149/TCHQ-GSQL,27/02/2020,Tổng cục hải quan,"Công văn số 1149/TCHQ-GSQL ngày 27/02/2020 của Tổng cục Hải quan v/v Thủ tục tạm nhập mẫu xe ô tô để nghiên cứu, thí nghiệm, triển lãm",59969,310,16,TONG_CUC,Mai Xuân Thành,27/02/2020,https://files.customs.gov.vnhttps://files.customs.gov.vn/van_ban_phap_luat/Lists/VanBanPhapLuat/Attachments/12828/CV11492020TCHQ.PDF,[],https://www.customs.gov.vn/index.jsp?pageId=3&id=59969&cid=1294,2020,02/2020,2026-10-08T09:59:55Z
6862,401/HQBD-GSQL,19/02/2020,Cục Hải quan Tỉnh Bình Dương,V/v triển khai một số nội dung mới về chính sách quản lý hàng hóa chuyên ngành,61065,310,16,BINH_DUONG,null,19/02/2020,https://files.customs.gov.vnhttps://files.customs.gov.vn/BINH_DUONG/CMS/Lists/VanBanPhapQuy_VN/Attachments/4469/401HQBD-GSQL_2020.pdf,[],https://www.customs.gov.vn/index.jsp?pageId=3&id=61065&cid=1294,2020,02/2020,2026-10-08T09:59:55Z
6907,754/TCHQ-GSQL,11/02/2020,Tổng cục hải quan,"Công văn số 754/TCHQ-GSQL ngày 11/02/2020 của Tổng cục Hải quan v/v Tăng cường công tác kiểm tra, kiểm soát, giám sát đối với hàng hóa vận chuyển chịu sự giám sát hải quan",59926,310,16,TONG_CUC,Mai Xuân Thành,11/02/2020,https://files.customs.gov.vnhttps://files.customs.gov.vn/van_ban_phap_luat/Lists/VanBanPhapLuat/Attachments/12745/CV7542020TCHQ.PDF,[],https://www.customs.gov.vn/index.jsp?pageId=3&id=59926&cid=1294,2020,02/2020,2026-10-08T09:59:55Z
6948,70/QD-BTC,16/01/2020,Bộ Tài chính,Quyết định công bố Danh mục văn bản quy phạm pháp luật đã hết hiệu lực toàn bộ hoặc một phần thuộc lĩnh vực quản lý nhà nước của Bộ Tài chính năm 2019,43062,310,18,QUANG_BINH,null,null,https://files.customs.gov.vn/CustomsCMS/QUANG_BINH/2021/04/images/stories/files/70-QD-BTC.pdf,[],https://www.customs.gov.vn/index.jsp?pageId=3&id=43062&cid=1294,2020,01/2020,2026-10-08T09:59:55Z
6984,01/VBHN-BTC,03/01/2020,Bộ Tài chính,"Thông tư số 01/VBHN-BTC ngày 03/01/2020 của Bộ Tài chính v/v quy định thủ tục hải quan đối với hàng hóa xuất khẩu, nhập khẩu, quá cảnh gửi qua dịch vụ chuyển phát nhanh quốc tế",59916,310,4,TONG_CUC,Vũ Thị Mai,03/01/2020,https://files.customs.gov.vnhttps://files.customs.gov.vn/van_ban_phap_luat/Lists/VanBanPhapLuat/Attachments/12731/TT01-BTC 2020.PDF,[],https://www.customs.gov.vn/index.jsp?pageId=3&id=59916&cid=1294,2020,01/2020,2026-10-08T09:59:55Z
6985,21/QĐ-HQĐTGC,03/01/2020,Khác,"Quyết định số 21/QĐ-HQĐTGC ngày 03/01/2020 của Chi cục trưởng Chi cục Hải quan Quản lý hàng Đầu tư - Gia công (Cục Hải quan TP. Hà Nội) v/v giải toả cưỡng chế dừng làm thủ tục hải quan đối với hàng hoá xuất khẩu, nhập khẩu",59851,310,10,TONG_CUC,Lê Trọng Hùng,03/01/2020,https://files.customs.gov.vnhttps://files.customs.gov.vn/van_ban_phap_luat/Lists/VanBanPhapLuat/Attachments/12624/QD21-CCHQ DTGC2020.PDF,[],https://www.customs.gov.vn/index.jsp?pageId=3&id=59851&cid=1294,2020,01/2020,2026-10-08T09:59:55Z
6996,7402/TCHQ-GSQL,27/11/2019,Tổng cục hải quan,Công văn số 7402/TCHQ-GSQL ngày 27/11/2019 của Tổng cục Hải quan v/v Thực hiện Nghị định số 40/2019/NĐ-CP ngày 13/5/2019,59843,310,16,TONG_CUC,Mai Xuân Thành,27/11/2019,https://files.customs.gov.vnhttps://files.customs.gov.vn/van_ban_phap_luat/Lists/VanBanPhapLuat/Attachments/12594/CV74022019TCHQ.PDF,[],https://www.customs.gov.vn/index.jsp?pageId=3&id=59843&cid=1294,2019,11/2019,2026-10-08T10:00:01Z
6998,3471/QĐ-TCHQ,26/11/2019,Tổng cục hải quan,"Quyết định số 3471/QĐ-TCHQ ngày 26/11/2019 về việc điều chỉnh, bổ sung tiêu chuẩn, định mức sử dụng máy móc, thiết bị  chuyên dùng của Hệ thống hải quan",59844,310,10,TONG_CUC,Nguyễn Dương Thái,26/11/2019,https://files.customs.gov.vnhttps://files.customs.gov.vn/van_ban_phap_luat/Lists/VanBanPhapLuat/Attachments/12614/QD34712019TCHQ.PDF,[],https://www.customs.gov.vn/index.jsp?pageId=3&id=59844&cid=1294,2019,11/2019,2026-10-08T10:00:01Z
6999,7350/TCHQ-GSQL,26/11/2019,Tổng cục hải quan,Công văn số 7350/TCHQ-GSQL ngày 26/11/2019 của Tổng cục Hải quan v/v Thay đổi mã phương thức vận chuyển trong vận hành hệ thống VASSCM,59842,310,16,TONG_CUC,Trần Đức Hùng,26/11/2019,https://files.customs.gov.vnhttps://files.customs.gov.vn/van_ban_phap_luat/Lists/VanBanPhapLuat/Attachments/12593/CV73502019TCHQ.PDF,[],https://www.customs.gov.vn/index.jsp?pageId=3&id=59842&cid=1294,2019,11/2019,2026-10-08T10:00:01Z
7055,81/2019/TT-BTC,15/11/2019,Bộ Tài chính,Quy định quản lý rủi ro trong hoạt động nghiệp vụ hải quan,43059,310,18,QUANG_BINH,null,null,https://files.customs.gov.vn/CustomsCMS/QUANG_BINH/2021/04/images/stories/files/81-2019-TT-BTC.pdf,[],https://www.customs.gov.vn/index.jsp?pageId=3&id=43059&cid=1294,2019,11/2019,2026-10-08T10:00:01Z
7091,6894/TCHQ-GSQL,04/11/2019,Tổng cục hải quan,Công văn số 6894/TCHQ-GSQL ngày 4/11/2019 của Tổng cục Hải quan v/v Đẩy nhanh thông quan nông thủy sản XK đi Trung Quốc,59805,310,16,TONG_CUC,Mai Xuân Thành,04/11/2019,https://files.customs.gov.vnhttps://files.customs.gov.vn/van_ban_phap_luat/Lists/VanBanPhapLuat/Attachments/12487/CV68942019TCHQ.PDF,[],https://www.customs.gov.vn/index.jsp?pageId=3&id=59805&cid=1294,2019,11/2019,2026-10-08T10:00:01Z
7097,6845/TCHQ-GSQL,31/10/2019,Tổng cục hải quan,Công văn số 6845/TCHQ-GSQL ngày 31/10/2019 của Tổng cục Hải quan v/v Nhập khẩu thiết bị quan trắc đa thiên tai phục vụ nghiên cứu khoa học,59789,310,16,TONG_CUC,Trần Đức Hùng,31/10/2019,https://files.customs.gov.vnhttps://files.customs.gov.vn/van_ban_phap_luat/Lists/VanBanPhapLuat/Attachments/12468/CV68452019TCHQ.PDF,[],https://www.customs.gov.vn/index.jsp?pageId=3&id=59789&cid=1294,2019,10/2019,2026-10-08T10:00:01Z
7140,6694/TCHQ-GSQL,24/10/2019,Tổng cục hải quan,Công văn số 6694/TCHQ-GSQL ngày 24/10/2019 của Tổng cục Hải quan v/v Thủ tục hải quan tại cửa hàng miễn thuế ở Cảng HKQT Phú Quốc,59768,310,16,TONG_CUC,Trần Đức Hùng,24/10/2019,https://files.customs.gov.vnhttps://files.customs.gov.vn/van_ban_phap_luat/Lists/VanBanPhapLuat/Attachments/12442/CV66942019TCHQ.PDF,[],https://www.customs.gov.vn/index.jsp?pageId=3&id=59768&cid=1294,2019,10/2019,2026-10-08T10:00:01Z
7149,6628/TCHQ-GSQL,22/10/2019,Tổng cục hải quan,"Công văn số 6628/TCHQ-GSQL ngày 22/10/2019 của Tổng cục Hải quan v/v Cho thuê, mượn mặt bằng văn phòng, nhà xưởng của DNCX",59767,310,16,TONG_CUC,Mai Xuân Thành,22/10/2019,https://files.customs.gov.vnhttps://files.customs.gov.vn/van_ban_phap_luat/Lists/VanBanPhapLuat/Attachments/12441/CV66282019TCHQ.PDF,[],https://www.customs.gov.vn/index.jsp?pageId=3&id=59767&cid=1294,2019,10/2019,2026-10-08T10:00:01Z
7181,6491/TCHQ-GSQL,14/10/2019,Tổng cục hải quan,Công văn số 6491/TCHQ-GSQL ngày 14/10/2019 của Tổng cục Hải quan v/v Vướng mắc sử dụng mã loại hình,59759,310,16,TONG_CUC,Vũ Lê Quân,14/10/2019,https://files.customs.gov.vnhttps://files.customs.gov.vn/van_ban_phap_luat/Lists/VanBanPhapLuat/Attachments/12424/CV64912019TCHQ.PDF,[],https://www.customs.gov.vn/index.jsp?pageId=3&id=59759&cid=1294,2019,10/2019,2026-10-08T10:00:01Z
7218,6331/TCHQ-GSQL,04/10/2019,Tổng cục hải quan,Công văn số 6331/TCHQ-GSQL ngày 04/10/2019 về việc vướng mắc C/0 mẫu E,59691,310,16,TONG_CUC,Mai Xuân Thành,04/10/2019,https://files.customs.gov.vnhttps://files.customs.gov.vn/van_ban_phap_luat/Lists/VanBanPhapLuat/Attachments/12306/Vanban_6331.PDF,[],https://www.customs.gov.vn/index.jsp?pageId=3&id=59691&cid=1294,2019,10/2019,2026-10-08T10:00:01Z
7303,1459/QĐ-BTC,08/09/2019,Bộ Tài chính,Về việc công bố TTHC mới ban hành lĩnh vực hải quan thuộc phạm vi chức năng quản lý nhà nước của Bộ Tài chính,40165,310,10,HA_TINH,Thứ trưởng Vũ Thị Mai,null,https://files.customs.gov.vn/CustomsCMS/HA_TINH/2020/upload/office/2018/08/447/file/1459.tif,[],https://www.customs.gov.vn/index.jsp?pageId=3&id=40165&cid=1294,2019,09/2019,2026-10-08T10:00:01Z
7306,62/2019/TT-BTC,05/09/2019,Bộ Tài chính,"Thông tư 62/2019/TT-BTC sửa đổi Thông tư 38/2018/TT-BTC quy định về xác định xuất xứ hàng hóa xuất khẩu, nhập khẩu",40170,310,4,HA_TINH,Vũ Thị Mai,null,https://files.customs.gov.vn/CustomsCMS/HA_TINH/2020/upload/office/2019/10/483/file/62_2019_TT-BTC_424286.doc,[],https://www.customs.gov.vn/index.jsp?pageId=3&id=40170&cid=1294,2019,09/2019,2026-10-08T10:00:01Z
7318,Circular No. 60/2019/TT-BTC,30/08/2019,Ministry of Finance,"Circular No. 60/2019/TT-BTC dated August 30, 2019 amending of the Circular 39/2015/TT-BTC on customs value of exported goods and imported goods",81154,310,559,CAN_THO,null,15/10/2019,,[],https://www.customs.gov.vn/index.jsp?pageId=3&id=81154&cid=1294,2019,08/2019,2026-10-08T10:00:01Z
7389,12/2019/TT-BCT,30/07/2019,Bộ và ngang bộ,Thông tư 12/2019/TT-BCT quy định về quy tắc xuất xứ hàng hóa trong Hiệp định khung về hợp tác kinh tế toàn diện giữa Hiệp hội các quốc gia Đông Nam Á và Trung Hoa,40169,310,4,HA_TINH,Trần Tuấn Anh,null,https://files.customs.gov.vn/CustomsCMS/HA_TINH/2020/upload/office/2019/10/482/file/12_2019_TT-BCT_420674.doc,[],https://www.customs.gov.vn/index.jsp?pageId=3&id=40169&cid=1294,2019,07/2019,2026-10-08T10:00:01Z
7390,4889/TCHQ-GSQL,30/07/2019,Tổng cục hải quan,Công văn số 4889/TCHQ-GSQL ngày 30/7/2019 của Tổng cục Hải quan v/v Định mức thực tế của DNƯT,59690,310,16,TONG_CUC,Mai Xuân Thành,30/07/2019,https://files.customs.gov.vnhttps://files.customs.gov.vn/van_ban_phap_luat/Lists/VanBanPhapLuat/Attachments/12116/CV48892019TCHQ.PDF,[],https://www.customs.gov.vn/index.jsp?pageId=3&id=59690&cid=1294,2019,07/2019,2026-10-08T10:00:01Z
7396,1671/QĐ-HQHP,25/07/2019,Tổng cục hải quan,"Quyết định số 1671/QĐ-HQHP ngày 25/7/2019 của Cục trưởng Cục Hải quan Hải Phòng v/v Áp dụng biện pháp cưỡng chế dừng làm thủ tục hải quan đối với hàng hoá xuất khẩu, nhập khẩu",59689,310,10,TONG_CUC,Trần Mạnh Cường,01/08/2019,https://files.customs.gov.vnhttps://files.customs.gov.vn/van_ban_phap_luat/Lists/VanBanPhapLuat/Attachments/12111/HQHP.DungLamTT.pdf,[],https://www.customs.gov.vn/index.jsp?pageId=3&id=59689&cid=1294,2019,07/2019,2026-10-08T10:00:01Z
7471,23/QĐ-TTg,27/06/2019,Thủ tướng Chính phủ,Quyết định ban hành Danh mục hàng hóa nhập khẩu phải làm thủ tục hải quan tại cửa khẩu nhập,40094,310,10,HA_TINH,Nguyễn Xuân Phúc,null,"https://files.customs.gov.vnhttps://files.customs.gov.vn/CustomsCMS/HA_TINH/2020/upload/office/2019/07/475/file/QD 23 (27_6_19, hluc 01_9_19) thay the QD 15.pdf",[],https://www.customs.gov.vn/index.jsp?pageId=3&id=40094&cid=1294,2019,06/2019,2026-10-08T10:00:01Z
7478,1561/HQBD-GSQL,26/06/2019,Cục Hải quan Tỉnh Bình Dương,V/v triển khai thực hiện Nghị định số 40/2019/NĐ-CP,61033,310,16,TONG_CUC,null,26/06/2019,https://files.customs.gov.vnhttps://files.customs.gov.vn/BINH_DUONG/CMS/Lists/VanBanPhapQuy_VN/Attachments/3962/1561HQBD-GSQL-2019.pdf,[],https://www.customs.gov.vn/index.jsp?pageId=3&id=61033&cid=1294,2019,06/2019,2026-10-08T10:00:01Z
7542,1376/HQBD,07/06/2019,Cục Hải quan Tỉnh Bình Dương,V/v niêm yết bộ thủ tục hành chính,61031,310,16,TONG_CUC,null,07/06/2019,https://files.customs.gov.vnhttps://files.customs.gov.vn/BINH_DUONG/CMS/Lists/VanBanPhapQuy_VN/Attachments/3888/1376HQBD-VP-2019.pdf,[],https://www.customs.gov.vn/index.jsp?pageId=3&id=61031&cid=1294,2019,06/2019,2026-10-08T10:00:01Z
7579,3305/TCHQ-GSQL,27/05/2019,Tổng cục hải quan,"Công văn số 3305/TCHQ-GSQL ngày 27/5/2019 của Tổng cục Hải quan v/v Thủ tục hải quan, giám sát hàng hóa kinh doanh TNTX có sự thay đổi phương tiện vận tải",59687,310,16,TONG_CUC,Nguyễn Anh Tuấn,27/05/2019,https://files.customs.gov.vnhttps://files.customs.gov.vn/van_ban_phap_luat/Lists/VanBanPhapLuat/Attachments/11884/CV3305TCHQ2019.PDF,[],https://www.customs.gov.vn/index.jsp?pageId=3&id=59687&cid=1294,2019,05/2019,2026-10-08T10:00:01Z
7653,829/HQBD-GSQL,16/04/2019,Cục Hải quan Tỉnh Bình Dương,V/v vướng mắc khi thực hiện,60996,310,16,TONG_CUC,null,16/04/2019,https://files.customs.gov.vnhttps://files.customs.gov.vn/BINH_DUONG/CMS/Lists/VanBanPhapQuy_VN/Attachments/3751/829HQBD-GSQL.pdf,[],https://www.customs.gov.vn/index.jsp?pageId=3&id=60996&cid=1294,2019,04/2019,2026-10-08T10:00:01Z
7658,2164/TCHQ-GSQL,12/04/2019,Tổng cục hải quan,Thực hiện Quyết định số 16/2019/QĐ-TTg,60990,310,16,TONG_CUC,null,12/04/2019,https://files.customs.gov.vnhttps://files.customs.gov.vn/BINH_DUONG/CMS/Lists/VanBanPhapQuy_VN/Attachments/3723/Vanban_2164(3).PDF,[],https://www.customs.gov.vn/index.jsp?pageId=3&id=60990&cid=1294,2019,04/2019,2026-10-08T10:00:01Z
7659,336/QĐ-HQBD,11/04/2019,Cục Hải quan Tỉnh Bình Dương,"V/v công nhận địa điểm kiểm tra hàng hóa tại chân công trình, nơi sản xuất Cty TNHH DP SYSTEMS ELECTRONIC MECHANICAL TECHNOLOGYVN",60989,310,10,TONG_CUC,null,11/04/2019,https://files.customs.gov.vnhttps://files.customs.gov.vn/BINH_DUONG/CMS/Lists/VanBanPhapQuy_VN/Attachments/3721/336QĐ-HQBD.pdf,[],https://www.customs.gov.vn/index.jsp?pageId=3&id=60989&cid=1294,2019,04/2019,2026-10-08T10:00:01Z
7661,758/HQBD-GSQL,10/04/2019,Cục Hải quan Tỉnh Bình Dương,V/v Vận chuyển hàng hóa từ KNQ Areco sang KNQ ICD Tanamexco,60987,310,16,TONG_CUC,null,10/04/2019,https://files.customs.gov.vnhttps://files.customs.gov.vn/BINH_DUONG/CMS/Lists/VanBanPhapQuy_VN/Attachments/3719/758HQBD-GSQL.pdf,[],https://www.customs.gov.vn/index.jsp?pageId=3&id=60987&cid=1294,2019,04/2019,2026-10-08T10:00:01Z
7662,768/HQBD-GSQL,10/04/2019,Cục Hải quan Tỉnh Bình Dương,V/v thay đổi tên doanh nghiệp,60988,310,16,TONG_CUC,null,10/04/2019,https://files.customs.gov.vnhttps://files.customs.gov.vn/BINH_DUONG/CMS/Lists/VanBanPhapQuy_VN/Attachments/3720/768HQBD-GSQL.pdf,[],https://www.customs.gov.vn/index.jsp?pageId=3&id=60988&cid=1294,2019,04/2019,2026-10-08T10:00:01Z
7670,721/TB-HQBD,05/04/2019,Cục Hải quan Tỉnh Bình Dương,"V/v Bộ Tài chính công bố Bộ thủ tục hành chính mới được sửa đổi, bổ sung về lĩnh vực hải quan",60985,310,19,TONG_CUC,null,05/04/2019,https://files.customs.gov.vnhttps://files.customs.gov.vn/BINH_DUONG/CMS/Lists/VanBanPhapQuy_VN/Attachments/3668/721TB-HQBD.pdf,[],https://www.customs.gov.vn/index.jsp?pageId=3&id=60985&cid=1294,2019,04/2019,2026-10-08T10:00:01Z
7675,VB1910/TT-BTC,03/04/2019,Bộ Tài chính,"Lấy ý kiến tham gia với dự thảo Thông tư sửa đổi, bổ sung Thông tư số 38/2018/TT-BTC",60980,310,4,TONG_CUC,null,03/04/2019,https://files.customs.gov.vnhttps://files.customs.gov.vn/BINH_DUONG/CMS/Lists/VanBanPhapQuy_VN/Attachments/3661/Vanban_1910.PDF,[],https://www.customs.gov.vn/index.jsp?pageId=3&id=60980&cid=1294,2019,04/2019,2026-10-08T10:00:01Z
7743,829/TCHQ-GSQL,01/02/2019,Tổng cục hải quan,Công văn số 829/TCHQ-GSQL ngày 01/02/2019 v/v thực hiện thủ tục hải quan trong dịp tết Nguyên đán Kỷ Hợi 2019​,59685,310,16,TONG_CUC,Mai Xuân Thành,01/02/2019,https://files.customs.gov.vnhttps://files.customs.gov.vn/van_ban_phap_luat/Lists/VanBanPhapLuat/Attachments/11492/Vanban_829.PDF,[],https://www.customs.gov.vn/index.jsp?pageId=3&id=59685&cid=1294,2019,02/2019,2026-10-08T10:00:01Z
7785,408/TCHQ-GSQL,17/01/2019,Chính phủ,"Công văn số 408/TCHQ-GSQL ngày 17/01/2019 của Tổng cục Hải quan về giám sát hàng hóa XNK đưa ra, đưa vào cảng CMIT và cảng Hưng Thái",59683,310,16,TONG_CUC,Trần Đức Hùng,17/01/2019,https://files.customs.gov.vnhttps://files.customs.gov.vn/van_ban_phap_luat/Lists/VanBanPhapLuat/Attachments/11428/Vanban_408.PDF,[],https://www.customs.gov.vn/index.jsp?pageId=3&id=59683&cid=1294,2019,01/2019,2026-10-08T10:00:01Z
7841,6889/TCHQ-GSQL,23/11/2018,Tổng cục hải quan,Công văn số 6889/TCHQ-GSQL ngày 23/11/2018 của Tổng cục Hải quan về việc Kiểm tra và chấn chỉnh việc khai thông tin Emanifest,59681,310,16,TONG_CUC,Mai Xuân Thành,23/11/2018,https://files.customs.gov.vnhttps://files.customs.gov.vn/van_ban_phap_luat/Lists/VanBanPhapLuat/Attachments/11299/Vanban_6889.PDF,[],https://www.customs.gov.vn/index.jsp?pageId=3&id=59681&cid=1294,2018,11/2018,2026-10-08T10:00:06Z
7933,6157/TCHQ-GSQL,22/10/2018,Tổng cục hải quan,"Công văn số 6157/TCHQ-GSQL ngày 22/10/2018 của Tổng cục Hải quan về quản lý đối với phương tiện chứa hàng tạm xuất, tạm nhập theo phương thức quay vòng",59680,310,16,TONG_CUC,Mai Xuân Thành,22/10/2018,,[],https://www.customs.gov.vn/index.jsp?pageId=3&id=59680&cid=1294,2018,10/2018,2026-10-08T10:00:06Z
7987,5357/TCHQ-GSQL,14/09/2018,Tổng cục hải quan,Ngăn chặn bệnh Dịch tả lợn Châu Phi vào Việt Nam,61150,310,16,TONG_CUC,null,14/09/2018,https://files.customs.gov.vnhttps://files.customs.gov.vn/BINH_DUONG/CMS/Lists/VanBanPhapQuy_VN/Attachments/3348/5357.PDF,[],https://www.customs.gov.vn/index.jsp?pageId=3&id=61150&cid=1294,2018,09/2018,2026-10-08T10:00:06Z
8019,Quyếtđịnh1459/QĐ-BTC,21/08/2018,BCH ĐẢNG BỘ TỈNH,VB 1459/QĐ-BTC Quyết định công bố thủ tục hành chính mới ban hành lĩnh vực hải quan thuộc phạm vi chức năng quản lý nhà nước của Bộ Tài chính,42275,310,10,QUANG_NAM,Vũ Thị Mai,21/08/2018,https://files.customs.gov.vnhttps://files.customs.gov.vn/CustomsCMS/QUANG_NAM/2020/Document/QD 1459-QD-BTC Công khai thủ tục hành chính lĩnh vực hải quan.pdf,[],https://www.customs.gov.vn/index.jsp?pageId=3&id=42275&cid=1294,2018,08/2018,2026-10-08T10:00:06Z
8097,1921/QĐ-TCHQ,28/06/2018,Tổng cục hải quan,"Quyết định của Tổng cục trưởng Tổng cục Hải quan về việc ban hành quy trình phân loại hàng hóa, áp dụng mức thuế đối với hàng hóa xuất khẩu, nhập khẩu",40162,310,10,HA_TINH,Nguyễn Dương Thái,null,https://files.customs.gov.vn/CustomsCMS/HA_TINH/2020/upload/office/2018/07/437/file/69621_Vanban_1921(3).pdf,[],https://www.customs.gov.vn/index.jsp?pageId=3&id=40162&cid=1294,2018,06/2018,2026-10-08T10:00:06Z
8120,3243/CV-TCHQ,08/06/2018,Tổng cục hải quan,kiểm tra chất lượng xe nâng hàng NK,60938,310,16,TONG_CUC,null,08/06/2018,https://files.customs.gov.vnhttps://files.customs.gov.vn/BINH_DUONG/CMS/Lists/VanBanPhapQuy_VN/Attachments/3311/Vanban_3243.PDF,[],https://www.customs.gov.vn/index.jsp?pageId=3&id=60938&cid=1294,2018,06/2018,2026-10-08T10:00:06Z
8149,2851/TCHQ-GSQL,23/05/2018,Tổng cục hải quan,Công văn số 2851/TCHQ-GSQL ngày 23/5/2018 của Tổng cục Hải quan về kiến nghị giải quyết các ưu đãi đối với chuyên gia làm việc cho Dự án ODA tại Việt Nam,59671,310,16,TONG_CUC,Vũ Ngọc Anh,23/05/2018,https://files.customs.gov.vnhttps://files.customs.gov.vn/van_ban_phap_luat/Lists/VanBanPhapLuat/Attachments/10672/Vanban_2851TCHQGSQL2018.PDF,[],https://www.customs.gov.vn/index.jsp?pageId=3&id=59671&cid=1294,2018,05/2018,2026-10-08T10:00:06Z
8150,50/2018/TT-BTC,23/05/2018,Bộ Tài chính,"Thông tư 50/2018/TT-BTC của Bộ Tài chính về việc ban hành các chỉ tiêu thông tin, mẫu chứng từ khai báo khi làm thủ tục xuất cảnh, nhập cảnh, quá cảnh đối với phương tiện qua cửa khẩu đường không, đường biển, đường sắt, đường bộ và cửa khẩu đường sông theo quy định tại Nghị định 59/2018/NĐ-CP ngày 20/04/2018 của Chính phủ",40152,310,4,HA_TINH,Vũ Thị Mai,null,https://files.customs.gov.vnhttps://files.customs.gov.vn/CustomsCMS/HA_TINH/2020/upload/office/2018/08/434/file/thong-tu-50-2018-tt-btc-mau-chung-tu-khai-bao-khi-lam-thu-tuc-xuat-nhap-canh-qua-canh (1).doc,[],https://www.customs.gov.vn/index.jsp?pageId=3&id=40152&cid=1294,2018,05/2018,2026-10-08T10:00:06Z
8151,Thông tư 50/2018/TT-BTC,23/05/2018,Bộ Tài chính,"Thông tư 50/2018/TT-BTC của Bộ Tài chính về việc ban hành các chỉ tiêu thông tin, mẫu chứng từ khai báo khi làm thủ tục xuất cảnh, nhập cảnh, quá cảnh đối với phương tiện qua cửa khẩu đường không, đường biển, đường sắt, đường bộ và cửa khẩu đường sông theo quy định tại Nghị định 59/2018/NĐ-CP ngày 20/04/2018 của Chính phủ",100539,310,4,THANH_HOA,null,null,,[],https://www.customs.gov.vn/index.jsp?pageId=3&id=100539&cid=1294,2018,05/2018,2026-10-08T10:00:06Z
8203,59/2018/NĐ-CP,20/04/2018,Chính phủ,"Nghị định 59/2018/NĐ-CP sửa đổi, bổ sung một số Điều của Nghị định 08/2015/NĐ-CP ngày 21 tháng 01 năm 2015 quy định chi tiết và biện pháp thi hành Luật Hải quan về thủ tục hải quan, kiểm tra, giám sát, kiểm soát hải quan",40175,310,8,HA_TINH,Nguyễn Xuân Phúc,null,https://files.customs.gov.vnhttps://files.customs.gov.vn/CustomsCMS/HA_TINH/2020/upload/office/2018/04/404/file/Nghi dinh 59_2018.pdf,[],https://www.customs.gov.vn/index.jsp?pageId=3&id=40175&cid=1294,2018,04/2018,2026-10-08T10:00:06Z
8204,Circular 39/2018/TT-BTC,20/04/2018,Ministry of Finance,"Circular 39/2018/TT-BTC amending Circular 38/2015/TT-BTC on customs procedures; customs inspection and supervision; export tax, import tax and tax administration on exported and imported goods, promulgated by the Minister of Finance",81155,310,559,CAN_THO,null,05/06/2018,,[],https://www.customs.gov.vn/index.jsp?pageId=3&id=81155&cid=1294,2018,04/2018,2026-10-08T10:00:06Z
8205,Circular No. 38/2018/TT-BTC,20/04/2018,Ministry of Finance,"Circular No. 38/2018/TT-BTC of the Minister of Finance dated April 20, 2018 on regulations on identification of origin of imported and exported goods",81151,310,559,CAN_THO,null,05/06/2018,,[],https://www.customs.gov.vn/index.jsp?pageId=3&id=81151&cid=1294,2018,04/2018,2026-10-08T10:00:06Z
8206,Decree No. 59/2018/ND-CP,20/04/2018,Goverment,"Decree No. 59/2018/ND-CP dated April 20, 2018 on amendments Decree 08/2015/ND-CP providing specific provisions and guidance on enforcement of the customs law on customs procedures, inspection, supervision and control procedures",81149,310,560,CAN_THO,null,05/06/2018,,[],https://www.customs.gov.vn/index.jsp?pageId=3&id=81149&cid=1294,2018,04/2018,2026-10-08T10:00:06Z
8208,TT 39/2018/TT-BTC,20/04/2018,Bộ Tài chính,"Thông tư 39/2018/TT-BTC của Bộ Tài chính về việc sửa đổi, bổ sung một số điều tại Thông tư 38/2015/TT-BTC ngày 25/03/2015 của Bộ trưởng Bộ Tài chính quy định về thủ tục hải quan; kiểm tra, giám sát hải quan; thuế xuất khẩu, thuế nhập khẩu và quản lý thuế đối với hàng hóa xuất khẩu, nhập khẩu",81303,310,4,THANH_HOA,null,null,https://files.customs.gov.vn/CustomsCMS/THANH_HOA/2022/10/19/thong-tu-39-2018-tt-btc-sua-doi-thong-tu-38-2015-tt-btc-ve-thue-xuat-nhap-khau.pdf,[],https://www.customs.gov.vn/index.jsp?pageId=3&id=81303&cid=1294,2018,04/2018,2026-10-08T10:00:06Z
8252,731/HQBD-GSQL,09/04/2018,Cục Hải quan Tỉnh Bình Dương,Hướng dẫn thủ tục cấp C/O giáp lưng đối với hàng hóa gửi KNQ,60935,310,16,TONG_CUC,null,09/04/2018,https://files.customs.gov.vnhttps://files.customs.gov.vn/BINH_DUONG/CMS/Lists/VanBanPhapQuy_VN/Attachments/3281/731.pdf,[],https://www.customs.gov.vn/index.jsp?pageId=3&id=60935&cid=1294,2018,04/2018,2026-10-08T10:00:06Z
8279,1682/TCHQ-VP,30/03/2018,Tổng cục hải quan,Đính chính văn bản 1511/TCHQ-GSQL,60934,310,16,TONG_CUC,null,30/03/2018,https://files.customs.gov.vnhttps://files.customs.gov.vn/BINH_DUONG/CMS/Lists/VanBanPhapQuy_VN/Attachments/3274/Vanban_1682(1).PDF,[],https://www.customs.gov.vn/index.jsp?pageId=3&id=60934&cid=1294,2018,03/2018,2026-10-08T10:00:06Z
8292,44/2018/TT-BQP,24/03/2018,Khác,"Thông tư sửa đổi, bổ sung một số điều của Thông tư số 09/2016/TT-BQP ngày 03/02/2016 của Bộ trưởng Bộ Quốc phòng quy định chi tiết và hướng dẫn thi hành mốt số điều của Nghị định số 112/2014/NĐ-CP ngày 21/11/2014 của Chính phủ quy định về quản lý cửa khẩu biên giới đất liền",43058,310,18,QUANG_BINH,null,null,https://files.customs.gov.vn/CustomsCMS/QUANG_BINH/2021/04/images/stories/files/44-2018-TT-BQP.pdf,[],https://www.customs.gov.vn/index.jsp?pageId=3&id=43058&cid=1294,2018,03/2018,2026-10-08T10:00:06Z
8403,797/GSQL-TCHQ,08/02/2018,Tổng cục hải quan,Hướng dẫn khai báo số quản lý hàng hóa nhập khẩu,60931,310,16,TONG_CUC,null,08/02/2018,https://files.customs.gov.vnhttps://files.customs.gov.vn/BINH_DUONG/CMS/Lists/VanBanPhapQuy_VN/Attachments/3228/Vanban_797.PDF,[],https://www.customs.gov.vn/index.jsp?pageId=3&id=60931&cid=1294,2018,02/2018,2026-10-08T10:00:06Z
8488,2956/TB-HQBD,23/11/2017,Cục Hải quan Tỉnh Bình Dương,Thông Báo v/v niêm yết  Danh mục thủ tục hành chính về lĩnh vực Hải quan có thể thực hiện qua dịch vụ bưu chính công ích,60929,310,19,TONG_CUC,null,23/11/2017,https://files.customs.gov.vnhttps://files.customs.gov.vn/BINH_DUONG/CMS/Lists/VanBanPhapQuy_VN/Attachments/3211/171123150836_TTHC.pdf,[],https://www.customs.gov.vn/index.jsp?pageId=3&id=60929&cid=1294,2017,11/2017,2026-10-08T10:00:12Z
8523,3900/QĐ-TCHQ,15/11/2017,null,"Ban hành Quy trình thủ tục hải quan điện tử đối với tàu bay xuất cảnh, nhập cảnh, quá cảnh tại các cảng hàng không quốc tế thông qua Cơ chế một cửa quốc gia",76401,310,10,DA_NANG,Vũ Ngọc Anh,15/11/2017,https://files.customs.gov.vnhttps://files.customs.gov.vn/DA_NANG/Uploads/65e32243-11bf-4695-985d-c1563e8c13ba/QĐ 3900 (TTHQ điện tử đối với tàu bay).pdf,[],https://www.customs.gov.vn/index.jsp?pageId=3&id=76401&cid=1294,2017,11/2017,2026-10-08T10:00:12Z
8569,6779/TCHQ-GSQL,27/10/2017,Tổng cục hải quan,Công văn số 6779/TCHQ-GSQL ngày 27/10/2017 của Tổng cục Hải quan về việc hàng hóa nhập khẩu từ kho ngoại quan vào nội địa không có hóa đơn,59668,310,16,TONG_CUC,null,27/10/2017,,[],https://www.customs.gov.vn/index.jsp?pageId=3&id=59668&cid=1294,2017,10/2017,2026-10-08T10:00:12Z
8571,14475/BTC-TCHQ,26/10/2017,Bộ Tài chính,"Xử lý thuế đối với phế liệu, phế phẩm, nguyên liệu vật tư dư thừa của HĐGC",60928,310,16,TONG_CUC,null,26/10/2017,https://files.customs.gov.vnhttps://files.customs.gov.vn/BINH_DUONG/CMS/Lists/VanBanPhapQuy_VN/Attachments/3208/14475.pdf,[],https://www.customs.gov.vn/index.jsp?pageId=3&id=60928&cid=1294,2017,10/2017,2026-10-08T10:00:12Z
8633,3205/QĐ-TCHQ,29/09/2017,Cục Hải quan Hà Nam Ninh,"VB 3205/QĐ-TCHQ Ban hành Đề án quản trị Kế hoạch cải cách, phát triển và hiện đại hóa Hải quan giai đoạn 2016-2020",42274,310,10,QUANG_NAM,Vũ Ngọc Anh,29/09/2017,https://files.customs.gov.vnhttps://files.customs.gov.vn/CustomsCMS/QUANG_NAM/2020/Document/QD 3205-QD-TCHQ.pdf,[],https://www.customs.gov.vn/index.jsp?pageId=3&id=42274&cid=1294,2017,09/2017,2026-10-08T10:00:12Z
8770,1589/GSQL-GQ1,01/08/2017,Tổng cục hải quan,Công văn của Tổng cục Hải quan về việc thực hiện Quyết định số 15/2017/QĐ-TTg,40193,310,16,HA_TINH,Âu Anh Tuấn,null,https://files.customs.gov.vn/CustomsCMS/HA_TINH/2020/upload/office/2017/08/339/file/1589_GSQL.tif,[],https://www.customs.gov.vn/index.jsp?pageId=3&id=40193&cid=1294,2017,08/2017,2026-10-08T10:00:12Z
8824,4520/TCHQ-GSQL,05/07/2017,Tổng cục hải quan,Công văn của Tổng cục Hải quan về việc nộp C/O trong trường hợp thuế suất thuế nhập khẩu bằng 0% hoặc bằng thuế suất thuế nhập khẩu ưu đãi đặc biệt,40177,310,16,HA_TINH,null,null,https://files.customs.gov.vn/CustomsCMS/HA_TINH/2020/upload/office/2017/07/331/file/Vanban_4520.PDF,[],https://www.customs.gov.vn/index.jsp?pageId=3&id=40177&cid=1294,2017,07/2017,2026-10-08T10:00:12Z
8855,4098/KH-TCHQ,21/06/2017,Cục Hải quan Hà Nam Ninh,"Kế hoạch chuẩn bị triển khai đề án quản lý, giám sát hàng hóa tại cảng biển, cảng hàng không.",42205,310,10,QUANG_NAM,Nguyễn Văn Cẩn,21/06/2017,https://files.customs.gov.vn/CustomsCMS/QUANG_NAM/2020/Document/37945_DE2017_2161.VT.tif,[],https://www.customs.gov.vn/index.jsp?pageId=3&id=42205&cid=1294,2017,06/2017,2026-10-08T10:00:12Z
8969,52/2017/TT-BTC,19/05/2017,null,"Sửa đổi , bổ sung một số điều của Thông tư số 120/2015/TT-BTC ngày 14/8/2015 của Bộ Tài chính quy định mẫu, chế độ in, phát hành, quản lý và sử dụng Tờ khai hải quan dùng cho người xuất cảnh, nhập cảnh.",76329,310,4,DA_NANG,Vũ Thị Mai,10/07/2017,https://files.customs.gov.vnhttps://files.customs.gov.vn/DA_NANG/Uploads/65e32243-11bf-4695-985d-c1563e8c13ba/52_2017_TT_BTC ngày 19.5.2017 (Tờ khai XNC mới).tif,[],https://www.customs.gov.vn/index.jsp?pageId=3&id=76329&cid=1294,2017,05/2017,2026-10-08T10:00:12Z
8987,3232/TCHQ-TXNK,15/05/2017,Tổng cục hải quan,Công văn số 3232/TCHQ-TXNK ngày 15/5/2017 của Tổng cục Hải quan v/v Điều chỉnh mã HS từ 10 chữ số sang 8 chữ số,59663,310,16,TONG_CUC,null,15/05/2017,https://files.customs.gov.vnhttps://files.customs.gov.vn/van_ban_phap_luat/Lists/VanBanPhapLuat/Attachments/9889/CV3232TCHQ2017DieuChinhMaHS.tif,[],https://www.customs.gov.vn/index.jsp?pageId=3&id=59663&cid=1294,2017,05/2017,2026-10-08T10:00:12Z
9151,2380/TCHQ-GSQL,10/04/2017,Tổng cục hải quan,Công văn của Tổng cục Hải quan trả lời Công ty Cổ phần Quốc tế Nam Thành về  Mã HS trên C/O mẫu KV,40058,310,16,HA_TINH,Vũ Ngọc Anh,null,https://files.customs.gov.vn/CustomsCMS/HA_TINH/2020file/2380_TCHQ.tif,[],https://www.customs.gov.vn/index.jsp?pageId=3&id=40058&cid=1294,2017,04/2017,2026-10-08T10:00:12Z
9178,628/GSQL-GQ1,29/03/2017,Tổng cục hải quan,Công văn số 628/GSQL-GQ1 ngày 29/3/2017 về thủ tục hải quan,59661,310,16,TONG_CUC,Âu Anh Tuấn,29/03/2017,https://files.customs.gov.vnhttps://files.customs.gov.vn/van_ban_phap_luat/Lists/VanBanPhapLuat/Attachments/9771/628.GSQL.TTHQ.tif,[],https://www.customs.gov.vn/index.jsp?pageId=3&id=59661&cid=1294,2017,03/2017,2026-10-08T10:00:12Z
9542,16809/BTC-TCT,25/11/2016,Bộ Tài chính,V/v sử dụng hóa đơn,60919,310,16,TONG_CUC,Đỗ Hoàng Anh Tuấn,25/11/2016,https://files.customs.gov.vnhttps://files.customs.gov.vn/BINH_DUONG/CMS/Lists/VanBanPhapQuy_VN/Attachments/3135/16809.pdf,[],https://www.customs.gov.vn/index.jsp?pageId=3&id=60919&cid=1294,2016,11/2016,2026-10-08T10:00:17Z
9569,10982/TCHQ-GSQL,21/11/2016,Tổng cục hải quan,Thủ tục hải quan đối với hàng hóa trung chuyển,60918,310,16,TONG_CUC,PTCT Vũ Ngọc Anh,21/11/2016,https://files.customs.gov.vnhttps://files.customs.gov.vn/BINH_DUONG/CMS/Lists/VanBanPhapQuy_VN/Attachments/3133/10982.tchq.gsql.tif,[],https://www.customs.gov.vn/index.jsp?pageId=3&id=60918&cid=1294,2016,11/2016,2026-10-08T10:00:17Z
9657,10086/TCHQ-QLRR,25/10/2016,Tổng cục hải quan,Công văn số 10086/TCHQ-QLRR ngày 25/10/2016 của Tổng cục Hải quan về việc trả lời công văn số 221/SF/KTTC ngày 10/10/2016,59650,310,16,TONG_CUC,Quách Đăng Hòa,25/10/2016,,[],https://www.customs.gov.vn/index.jsp?pageId=3&id=59650&cid=1294,2016,10/2016,2026-10-08T10:00:17Z
9728,3280/QĐ-TCHQ,30/09/2016,null,"Ban hành QUy trình thủ tục hải quan đối với hành lý của người xuất cảnh, nhập cảnh, hàng hóa của người xuất cảnh, nhập cảnh mang theo trong hành lý; giám sát hải quan tị cảng hàng không quốc tế",76140,310,10,DA_NANG,Vũ Ngọc Anh,30/09/2016,"https://files.customs.gov.vnhttps://files.customs.gov.vn/DA_NANG/Uploads/65e32243-11bf-4695-985d-c1563e8c13ba/3280_2016_QD_TCHQ (Quy trình GSHQ đối với XC,NC tại Sân bay).tif",[],https://www.customs.gov.vn/index.jsp?pageId=3&id=76140&cid=1294,2016,09/2016,2026-10-08T10:00:17Z
9840,Decree No. 122/2016/ND-CP,01/09/2016,Government of Viet Nam,"Decree No. 122/2016/ND-CP dated September 01, 2016, schedules of import tariffs and preferential import tarrifs, list of goods and its flat tax, compound tariff, and out- of - quota import tarrif",81153,310,560,CAN_THO,null,01/09/2016,,[],https://www.customs.gov.vn/index.jsp?pageId=3&id=81153&cid=1294,2016,09/2016,2026-10-08T10:00:17Z
9922,1117/GSQL-GQ2,16/08/2016,Tổng cục hải quan,"Công văn số 1117/GSQL-GQ2 ngày 16/8/2016 của Tổng cục Hải quan về việc thủ tục thay đổi mục đích sử dụng, chuyển tiêu thụ nội địa hàng hóa tạm nhập thực hiện dự án",59646,310,16,TONG_CUC,Vũ Lê Quân,16/08/2016,,[],https://www.customs.gov.vn/index.jsp?pageId=3&id=59646&cid=1294,2016,08/2016,2026-10-08T10:00:17Z
9977,991/GSQL-GQ1,28/07/2016,Tổng cục hải quan,Công văn số 991/GSQL-GQ1 ngày 28/7/2016 của Tổng cục Hải quan về hướng dẫn thủ tục hải quan,59641,310,16,TONG_CUC,Nguyễn Nhất Kha,28/07/2016,,[],https://www.customs.gov.vn/index.jsp?pageId=3&id=59641&cid=1294,2016,07/2016,2026-10-08T10:00:17Z
10203,728/GSQL-GQ3,02/06/2016,Tổng cục hải quan,Công văn số 728/GSQL-GQ3 ngày 2/6/2016 của Tổng cục Hải quan về việc tạm xuất thiết bị ra nước ngoài để sửa chữa,59633,310,16,TONG_CUC,Nguyễn Nhất Kha,02/06/2016,,[],https://www.customs.gov.vn/index.jsp?pageId=3&id=59633&cid=1294,2016,06/2016,2026-10-08T10:00:17Z
10204,714/GSQL-GQ2,01/06/2016,Tổng cục hải quan,Công văn số 714/GSQL-GQ2 ngày 1/6/2016 của Tổng cục Hải quan về thủ tục hải quan,59634,310,16,TONG_CUC,Ngô Minh Hải,01/06/2016,,[],https://www.customs.gov.vn/index.jsp?pageId=3&id=59634&cid=1294,2016,06/2016,2026-10-08T10:00:17Z
10325,69/2016/TT-BTC,06/05/2016,Bộ Tài chính,"Thông tư 69/2016/TT-BTC của Bộ Tài chính về việc quy định thủ tục hải quan đối với xăng dầu, hóa chất, khí xuất khẩu, nhập khẩu, tạm nhập tái xuất, chuyển khẩu, quá cảnh; nguyên liệu nhập khẩu để sản xuất và pha chế hoặc gia công xuất khẩu xăng dầu, khí; dầu thô xuất khẩu, nhập khẩu; hàng hóa xuất khẩu, nhập khẩu, phục vụ hoạt động dầu khí",40080,310,4,HA_TINH,Đỗ Hoàng Anh Tuấn,null,https://files.customs.gov.vnhttps://files.customs.gov.vn/CustomsCMS/HA_TINH/2020/upload/news/2016/05/608/file/69_2016_TT-BTC_16231337.zip,[],https://www.customs.gov.vn/index.jsp?pageId=3&id=40080&cid=1294,2016,05/2016,2026-10-08T10:00:17Z
10389,04/2016/TT-NHNN,15/04/2016,Khác,Thông tư 04/2016/TT-NHNN của Ngân hàng Nhà nước Việt Nam quy định về việc lưu ký và sử dụng giấy tờ có giá tại Ngân hàng Nhà nước Việt Nam,43047,310,18,QUANG_BINH,null,null,https://files.customs.gov.vn/CustomsCMS/QUANG_BINH/2021/04/images/stories/files/04_2016_TT-NHNN_16231021.pdf,[],https://www.customs.gov.vn/index.jsp?pageId=3&id=43047&cid=1294,2016,04/2016,2026-10-08T10:00:17Z
10406,819/QĐ-BTC,13/04/2016,Bộ Tài chính,Quyết định 819/QĐ-BTC của Bộ Tài chính về việc công bố thủ tục hành chính mới trong lĩnh vực hải quan thuộc thẩm quyền giải quyết của Bộ Tài chính,40235,310,10,HA_TINH,Vũ Thị Mai,null,https://files.customs.gov.vnhttps://files.customs.gov.vn/CustomsCMS/HA_TINH/2020file/819_QD-BTC_16231000.zip,[],https://www.customs.gov.vn/index.jsp?pageId=3&id=40235&cid=1294,2016,04/2016,2026-10-08T10:00:17Z
10808,159/TCHQ-GSQL,07/01/2016,Tổng cục hải quan,Công văn số 159/TCHQ-GSQL ngày 7/1/2016 Ghi nhãn hàng hoá NK,59619,310,16,TONG_CUC,Âu Anh Tuấn,07/01/2016,,[],https://www.customs.gov.vn/index.jsp?pageId=3&id=59619&cid=1294,2016,01/2016,2026-10-08T10:00:17Z
10815,11305/TCHQ-GSQL,30/11/2015,Tổng cục hải quan,Công văn 11305/TCHQ-GSQL ngày 30/11/2015 Thủ tục NK gỗ từ Lào,59606,310,16,TONG_CUC,Vũ Ngọc Anh,30/11/2015,https://files.customs.gov.vnhttps://files.customs.gov.vn/van_ban_phap_luat/Lists/VanBanPhapLuat/Attachments/8914/CV113052015TCHQ.tif,[],https://www.customs.gov.vn/index.jsp?pageId=3&id=59606&cid=1294,2015,11/2015,2026-10-08T10:00:23Z
10867,1489/GSQL-GQ1,25/11/2015,Tổng cục hải quan,Công văn 1489/GSQL-GQ1 ngày 25/11/2015 Hướng dẫn thủ tục hải quan,59607,310,16,TONG_CUC,Âu Anh Tuấn,25/11/2015,https://files.customs.gov.vnhttps://files.customs.gov.vn/van_ban_phap_luat/Lists/VanBanPhapLuat/Attachments/8921/CV14892015TCHQ.tif,[],https://www.customs.gov.vn/index.jsp?pageId=3&id=59607&cid=1294,2015,11/2015,2026-10-08T10:00:23Z
10931,3740/QĐ-TCHQ,17/11/2015,Tổng cục hải quan,"Quyết định 3740/QĐ-TCHQ của Tổng cục Hải quan về việc ban hành Quy trình nghiệp vụ sử dụng seal định vị GPS trong quản lý, giám sát Hải quan đối với hàng hóa vận chuyển bằng container chịu sự giám sát hải quan được thí điểm tại Cục Hải quan tỉnh, Thành phố Hà Nội, Hải Phòng và Quảng Ninh",40240,310,10,HA_TINH,Vũ Ngọc Anh,null,https://files.customs.gov.vn/CustomsCMS/HA_TINH/2020file/3740_QD-TCHQ_15229171.pdf,[],https://www.customs.gov.vn/index.jsp?pageId=3&id=40240&cid=1294,2015,11/2015,2026-10-08T10:00:23Z
10932,1385/GSQL-TH,09/11/2015,Tổng cục hải quan,Công văn số 1385/GSQL-TH ngày 9/11/2015 về ghi xuất xứ hàng hoá,59605,310,16,TONG_CUC,Nguyễn Nhất Kha,09/11/2015,https://files.customs.gov.vnhttps://files.customs.gov.vn/van_ban_phap_luat/Lists/VanBanPhapLuat/Attachments/8881/CV13852015TCHQ.tif,[],https://www.customs.gov.vn/index.jsp?pageId=3&id=59605&cid=1294,2015,11/2015,2026-10-08T10:00:23Z
11173,8082/TCHQ-GSQL,04/09/2015,Tổng cục hải quan,"Công văn số 8082/TCHQ-GSQL ngày 4/9/2015 về thủ tục NK máy móc, thiết bị để thực hiện hợp đồng gia công",59601,310,16,TONG_CUC,Vũ Ngọc Anh,04/09/2015,https://files.customs.gov.vnhttps://files.customs.gov.vn/van_ban_phap_luat/Lists/VanBanPhapLuat/Attachments/8672/CV80822015TCHQ.tif,[],https://www.customs.gov.vn/index.jsp?pageId=3&id=59601&cid=1294,2015,09/2015,2026-10-08T10:00:23Z
11215,7666/TCHQ-GSQL,21/08/2015,null,Triển khai thực hiện TTLT số 112/2015/TTLT-BTC-BKHCN,75635,310,16,DA_NANG,Vũ Ngoc Anh,21/08/2015,https://files.customs.gov.vnhttps://files.customs.gov.vn/DA_NANG/Uploads/65e32243-11bf-4695-985d-c1563e8c13ba/98994_0601.tif,[],https://www.customs.gov.vn/index.jsp?pageId=3&id=75635&cid=1294,2015,08/2015,2026-10-08T10:00:23Z
11347,6330/TCHQ-GSQL,10/07/2015,Tổng cục hải quan,Công văn 6330/TCHQ-GSQL ngày 10/7/2015  về giải đáp vướng mắc Thông tư số 38/2015/TT-BTC,59594,310,16,TONG_CUC,Vũ Ngọc Anh,10/07/2015,https://files.customs.gov.vnhttps://files.customs.gov.vn/van_ban_phap_luat/Lists/VanBanPhapLuat/Attachments/8472/CV63302015TCHQ.tif,[],https://www.customs.gov.vn/index.jsp?pageId=3&id=59594&cid=1294,2015,07/2015,2026-10-08T10:00:23Z
11608,1344/QĐ-TCHQ,07/05/2015,Tổng cục hải quan,Quyết định số 1344/QĐ-TCHQ ngày 7/5/2015 của Tổng cục Hải quan về việc công nhận hoạt động đại lý làm thủ tục hải quan,59591,310,10,TONG_CUC,Vũ Ngọc Anh,07/05/2015,https://files.customs.gov.vnhttps://files.customs.gov.vn/van_ban_phap_luat/Lists/VanBanPhapLuat/Attachments/8321/QD13442015TCHQ.tif,[],https://www.customs.gov.vn/index.jsp?pageId=3&id=59591&cid=1294,2015,05/2015,2026-10-08T10:00:23Z
11637,1137/QĐ-TCHQ,23/04/2015,Tổng cục hải quan,Quyết định số 1137/QĐ-TCHQ Công nhận hoạt động đại lý làm thủ tục hải quan,59590,310,10,TONG_CUC,Hoàng Việt Cường,23/04/2015,https://files.customs.gov.vnhttps://files.customs.gov.vn/van_ban_phap_luat/Lists/VanBanPhapLuat/Attachments/8302/QD11372015TCHQ.tif,[],https://www.customs.gov.vn/index.jsp?pageId=3&id=59590&cid=1294,2015,04/2015,2026-10-08T10:00:23Z
11659,36/2015/NĐ-CP,17/04/2015,Chính phủ,"Nghị định số 36/2015/NĐ-CP ngày 17/4/2015 của Chính phủ quy định tiêu chí thành lập Cục Hải quan tỉnh, liên tỉnh, thành phố trực thuộc Trung ương; tổ chức, nhiệm vụ và hoạt động của Hải quan các cấp",40040,310,8,HA_TINH,null,null,https://files.customs.gov.vn/CustomsCMS/HA_TINH/2020/Aparea/news/2015/08/243/file/36_2015_ND_CP.doc,[],https://www.customs.gov.vn/index.jsp?pageId=3&id=40040&cid=1294,2015,04/2015,2026-10-08T10:00:23Z
11684,1056/QĐ-TCHQ,13/04/2015,Tổng cục hải quan,Quyết định số 1056/QĐ-TCHQ ngày 13/4/2015 của Tổng cục Hải quan về việc công nhận hoạt động đại lý làm thủ tục hải quan,59581,310,10,TONG_CUC,Vũ Ngọc Anh,13/04/2015,https://files.customs.gov.vnhttps://files.customs.gov.vn/van_ban_phap_luat/Lists/VanBanPhapLuat/Attachments/8266/QD10562015TCHQ.tif,[],https://www.customs.gov.vn/index.jsp?pageId=3&id=59581&cid=1294,2015,04/2015,2026-10-08T10:00:23Z
11704,956/QĐ-TCHQ,03/04/2015,Tổng cục hải quan,Quyết định số 956/QĐ-TCHQ ngày 3/4/2015 của Tổng cục Hải quan về việc công nhận hoạt động đại lý làm thủ tục hải quan,59580,310,10,TONG_CUC,Vũ Ngọc Anh,03/04/2015,https://files.customs.gov.vnhttps://files.customs.gov.vn/van_ban_phap_luat/Lists/VanBanPhapLuat/Attachments/8221/QD9562015TCHQ.tif,[],https://www.customs.gov.vn/index.jsp?pageId=3&id=59580&cid=1294,2015,04/2015,2026-10-08T10:00:23Z
11705,Decision No 952/QĐ-TCHQ-EN,03/04/2015,General Department of Viet Nam Customs,Decision 952/QĐ-TCHQ dated 03/4/2015 on the amendments to client service charter.,81150,310,557,CAN_THO,null,03/04/2015,https://files.customs.gov.vnhttps://files.customs.gov.vn/CustomsCMS/CAN_THO/2022/10/8/DECISION 952TCHQ2015.PDF,[],https://www.customs.gov.vn/index.jsp?pageId=3&id=81150&cid=1294,2015,04/2015,2026-10-08T10:00:23Z
11754,248/GSQL-GQ2,26/03/2015,Tổng cục hải quan,Công văn số 248/GSQL-GQ2 ngày 26/3/2015 của Tổng cục Hải quan v/v thủ tục hải quan đối với hàng hóa vào DNCX,59579,310,16,TONG_CUC,Âu Anh Tuấn,26/03/2015,https://files.customs.gov.vnhttps://files.customs.gov.vn/van_ban_phap_luat/Lists/VanBanPhapLuat/Attachments/8200/CV2482015TCHQ.tif,[],https://www.customs.gov.vn/index.jsp?pageId=3&id=59579&cid=1294,2015,03/2015,2026-10-08T10:00:23Z
11765,242/GSQL-GQ2,25/03/2015,Tổng cục hải quan,"Công văn số 242/GSQL-GQ2 ngày 25/3/2015 của Tổng cục Hải quan v/v thủ tục hải quan, chính sách quản lý đối với nguyên liệu vàng NK",59578,310,16,TONG_CUC,Âu Anh Tuấn,25/03/2015,https://files.customs.gov.vnhttps://files.customs.gov.vn/van_ban_phap_luat/Lists/VanBanPhapLuat/Attachments/8198/CV2422015TCHQ.tif,[],https://www.customs.gov.vn/index.jsp?pageId=3&id=59578&cid=1294,2015,03/2015,2026-10-08T10:00:23Z
11766,Circular No. 39/2015/TT-BTC,25/03/2015,Ministry of Finance,"Circular No. 39/2015/TT-BTC dated March 25, 2015, on customs value of imported goods and exported goods",81157,310,559,CAN_THO,null,01/04/2015,,[],https://www.customs.gov.vn/index.jsp?pageId=3&id=81157&cid=1294,2015,03/2015,2026-10-08T10:00:23Z
11834,Circular No. 38/2015/TT-BTC,15/03/2015,Ministry of Finance,"Circular No. 38/2015/TT-BTC dated March 25, 2015, on customs procedures, customs supervision and inspection, export tax, import tax, and tax administration applied to exported and imported goods",81156,310,559,CAN_THO,null,01/04/2015,,[],https://www.customs.gov.vn/index.jsp?pageId=3&id=81156&cid=1294,2015,03/2015,2026-10-08T10:00:23Z
11835,174/GSQL-TH,10/03/2015,Tổng cục hải quan,Công văn số 174/GSQL-TH ngày 10/3/2015 của Tổng cục Hải quan v/v thủ tục hải quan đối với hàng hóa gửi kho ngoại quan,59577,310,16,TONG_CUC,Nguyễn Nhất Kha,10/03/2015,https://files.customs.gov.vnhttps://files.customs.gov.vn/van_ban_phap_luat/Lists/VanBanPhapLuat/Attachments/8149/CV1742015TCHQ.tif,[],https://www.customs.gov.vn/index.jsp?pageId=3&id=59577&cid=1294,2015,03/2015,2026-10-08T10:00:23Z
11892,1366/TCHQ-GSQL,11/02/2015,Tổng cục hải quan,Công văn số 1366/TCHQ-GSQL ngày 11/2/2015 của Tổng cục Hải quan v/v tăng cường công tác kiểm soát trong việc làm thủ tục nhập khẩu đối với mặt hàng xăng sinh học E5,59576,310,16,TONG_CUC,Vũ Ngọc Anh,11/02/2015,https://files.customs.gov.vnhttps://files.customs.gov.vn/van_ban_phap_luat/Lists/VanBanPhapLuat/Attachments/8093/CV13662015TCHQ.tif,[],https://www.customs.gov.vn/index.jsp?pageId=3&id=59576&cid=1294,2015,02/2015,2026-10-08T10:00:23Z
11928,1015/TCHQ-GSQL,04/02/2015,Tổng cục hải quan,Công văn số 1015/TCHQ-GSQL ngày 4/2/2015 củ Tổng cục Hải quan v/v gia hạn thời hạn hàng hóa gửi kho ngoại quan,59575,310,16,TONG_CUC,Vũ Ngọc Anh,04/02/2015,https://files.customs.gov.vnhttps://files.customs.gov.vn/van_ban_phap_luat/Lists/VanBanPhapLuat/Attachments/8059/CV10152015TCHQ.tif,[],https://www.customs.gov.vn/index.jsp?pageId=3&id=59575&cid=1294,2015,02/2015,2026-10-08T10:00:23Z
11966,08/2015/NĐ-CP,21/01/2015,Chính phủ,"Nghị định 08/2015/NĐ-CP ngày 21/1/2015 quy định chi tiết và biện pháp thi hành Luật Hải quan về thủ tục hải quan, kiểm tra, giám sát, kiểm soát hải quan",40207,310,8,HA_TINH,null,null,,[],https://www.customs.gov.vn/index.jsp?pageId=3&id=40207&cid=1294,2015,01/2015,2026-10-08T10:00:23Z
11967,Decree No. 08/2015/ND-C,21/01/2015,Government of Viet Nam,"Decree No. 08/2015/ND-CP dated January 21, 2015, providing specific provisions and guidance on enforcement of the customs law on customs procedures, examination, supervision and control procedures",81152,310,560,CAN_THO,null,15/03/2015,,[],https://www.customs.gov.vn/index.jsp?pageId=3&id=81152&cid=1294,2015,01/2015,2026-10-08T10:00:23Z
12396,2353/QĐ-TCHQ,08/08/2014,null,"Ban hành quy trình hướng dẫn nghiệp vụ kiểm tra, phát hiện phóng xạ đối với hàng hóa XK, NK, quá cảnh, trung chuyên vận chuyển bằng container tại các CK cảng biển quốc tế; hành lý và hành khách nhập cảnh, quá cảnh tại các CK sân bay quốc tế",75033,310,10,DA_NANG,PTCT Vũ Ngọc Anh,08/08/2014,https://files.customs.gov.vnhttps://files.customs.gov.vn/DA_NANG/Uploads/65e32243-11bf-4695-985d-c1563e8c13ba/QD 2353-TCHQ-2014 ktra phong xa hang hoa - hanh ly - hanh khach XNC.tif,[],https://www.customs.gov.vn/index.jsp?pageId=3&id=75033&cid=1294,2014,08/2014,2026-10-08T10:00:28Z
12543,70/2014/NĐ-CP,17/07/2014,null,"Nghị định quy định chi tiết thi hành một số điều của Pháp lệnh Ngoại hối và Pháp lệnh sửa đổi, bổ sung một số điều của Pháp lệnh Ngoại hối",75082,310,8,DA_NANG,Nguyễn Tấn Dũng,05/09/2014,https://files.customs.gov.vnhttps://files.customs.gov.vn/DA_NANG/Uploads/65e32243-11bf-4695-985d-c1563e8c13ba/ND 70.signed.pdf,[],https://www.customs.gov.vn/index.jsp?pageId=3&id=75082&cid=1294,2014,07/2014,2026-10-08T10:00:28Z
12575,Law No. 54/2014/QH13,23/06/2014,THE NATIONAL ASSEMBLY,"Law No. 54/2014/QH13 dated June 23, 2014, on Customs",81142,310,561,CAN_THO,null,01/01/2015,,[],https://www.customs.gov.vn/index.jsp?pageId=3&id=81142&cid=1294,2014,06/2014,2026-10-08T10:00:28Z
12601,7253/TCHQ-GSQL,17/06/2014,null,"Thực hiện Điều 9, Thông tư số 35/2013/TT-NHNN ngày 31/1/2013 của Ngân hàng Nhà nước",74805,310,16,DA_NANG,Vũ Ngọc Anh,17/06/2014,https://files.customs.gov.vnhttps://files.customs.gov.vn/DA_NANG/Uploads/65e32243-11bf-4695-985d-c1563e8c13ba/7253-17.6.2014 thu hien d9 TT 35-2013-NHNN.tif,[],https://www.customs.gov.vn/index.jsp?pageId=3&id=74805&cid=1294,2014,06/2014,2026-10-08T10:00:28Z
13188,173/2013/TT-BTC,20/11/2013,null,"Thông tư hướng dẫn thực hiện một số nội dung về quản lý, xử lý tang vật, phương tiên vi phạm hành chính bị tạm giữ, tịch thu theo thủ tục hành chính",74497,310,4,DA_NANG,Nguyễn Hữu Chí,05/01/2014,https://files.customs.gov.vnhttps://files.customs.gov.vn/DA_NANG/Uploads/65e32243-11bf-4695-985d-c1563e8c13ba/TT173-QL tang vat VPHC.tif,[],https://www.customs.gov.vn/index.jsp?pageId=3&id=74497&cid=1294,2013,11/2013,2026-10-08T10:00:34Z
13189,1732013/TT-BTC,20/11/2013,null,"Thông tư hướng dẫn thực hiện một số nội dung về quản lý, xử lý tang vật, phương tiên vi phạm hành chính bị tạm giữ, tịch thu theo thủ tục hành chính",74496,310,4,DA_NANG,Nguyễn Hữu Trí,05/01/2014,https://files.customs.gov.vnhttps://files.customs.gov.vn/DA_NANG/Uploads/65e32243-11bf-4695-985d-c1563e8c13ba/TT 173-Qly tang vat vi pham.tif,[],https://www.customs.gov.vn/index.jsp?pageId=3&id=74496&cid=1294,2013,11/2013,2026-10-08T10:00:34Z
13211,176/2013/NĐ-CP,14/11/2013,null,Nghị định quy định xử phạt vi phạm hành chính trong lĩnh vực y tế,74467,310,8,DA_NANG,Nguyễn Tấn Dũng,31/12/2013,https://files.customs.gov.vnhttps://files.customs.gov.vn/DA_NANG/Uploads/65e32243-11bf-4695-985d-c1563e8c13ba/ND 176-XLVPHC trong linh vuc y te.tif,[],https://www.customs.gov.vn/index.jsp?pageId=3&id=74467&cid=1294,2013,11/2013,2026-10-08T10:00:34Z
13226,163/2013/NĐ-CP,12/11/2013,null,"Nghị định quy định về xử phạt vi phạm hành chính trong lĩnh vực hóa chất, phân bón và vật liệu nổ công nghiệp",74465,310,8,DA_NANG,TT Nguyễn Tấn Dũng,31/12/2013,https://files.customs.gov.vnhttps://files.customs.gov.vn/DA_NANG/Uploads/65e32243-11bf-4695-985d-c1563e8c13ba/VanBanGoc_163.2013.ND.CP.pdf,[],https://www.customs.gov.vn/index.jsp?pageId=3&id=74465&cid=1294,2013,11/2013,2026-10-08T10:00:34Z
13227,158/2013/NĐ-CP,12/11/2013,null,"Nghị định quy định về xử lý vi phạm hành chính trong lĩnh vực văn hóa, thể thao, du lịch và quảng cáo",74485,310,8,DA_NANG,Nguyễn Tấn Dũng,01/01/2014,https://files.customs.gov.vnhttps://files.customs.gov.vn/DA_NANG/Uploads/65e32243-11bf-4695-985d-c1563e8c13ba/ND158-XLVPHC trong lih vuc VH.pdf,[],https://www.customs.gov.vn/index.jsp?pageId=3&id=74485&cid=1294,2013,11/2013,2026-10-08T10:00:34Z
13228,159/2013/NĐ-CP,12/11/2013,null,"Nghị định quy định xử phạt vi phạm hành chính trong hoạt động báo chí, xuất bản",74488,310,8,DA_NANG,Nguyễn Tấn Dũng,01/01/2014,https://files.customs.gov.vnhttps://files.customs.gov.vn/DA_NANG/Uploads/65e32243-11bf-4695-985d-c1563e8c13ba/ND 159-XLVPHC trong xuat ban.tif,[],https://www.customs.gov.vn/index.jsp?pageId=3&id=74488&cid=1294,2013,11/2013,2026-10-08T10:00:34Z
13229,162/2013/NĐ-CP,12/11/2013,null,"Nghị định quy định về xử phạt vi phạm hành chính trên cá vùng biển, đảo và thềm lục địa của nước Công hòa xã hội chủ nghĩa Việt Nam",74487,310,8,DA_NANG,Nguyễn Tấn Dũng,01/01/2014,https://files.customs.gov.vnhttps://files.customs.gov.vn/DA_NANG/Uploads/65e32243-11bf-4695-985d-c1563e8c13ba/ND162-XLVPHC .tif,[],https://www.customs.gov.vn/index.jsp?pageId=3&id=74487&cid=1294,2013,11/2013,2026-10-08T10:00:34Z
13230,169/2013/NĐ-CP,12/11/2013,null,"Nghị định quy định xử phạt vi phạm hành chính trong lĩnh vực quản lý, bảo vệ biên giới quốc gia",74492,310,8,DA_NANG,Nguyễn Tấn Dũng,01/01/2014,https://files.customs.gov.vnhttps://files.customs.gov.vn/DA_NANG/Uploads/65e32243-11bf-4695-985d-c1563e8c13ba/ND169-XLVP bien gioi.tif,[],https://www.customs.gov.vn/index.jsp?pageId=3&id=74492&cid=1294,2013,11/2013,2026-10-08T10:00:34Z
13235,155/2013/NĐ-CP,11/11/2013,null,Nghị định qui định về xử phạt vi phạm hành chính trong lĩnh vực kế hoạch và đầu tư,74482,310,8,DA_NANG,Nguyễn Tấn Dũng,01/01/2014,https://files.customs.gov.vnhttps://files.customs.gov.vn/DA_NANG/Uploads/65e32243-11bf-4695-985d-c1563e8c13ba/ND155-XLVPHC trong linh vuc dau tu.tif,[],https://www.customs.gov.vn/index.jsp?pageId=3&id=74482&cid=1294,2013,11/2013,2026-10-08T10:00:34Z
13245,802/TB-SB,05/11/2013,null,"Thông báo về việc cung cấp trước tờ khai nhập cảnh-xuất cảnh để phát cho người nhập cảnh, xuất cảnh khai báo hải quan",74352,310,16,DA_NANG,Lê Nho Phước,05/11/2013,https://files.customs.gov.vnhttps://files.customs.gov.vn/DA_NANG/Uploads/65e32243-11bf-4695-985d-c1563e8c13ba/802.tif,[],https://www.customs.gov.vn/index.jsp?pageId=3&id=74352&cid=1294,2013,11/2013,2026-10-08T10:00:34Z
13276,6277/TCHQ-VNACCS,25/10/2013,Tổng cục hải quan,Công văn số 6277/TCHQ-VNACCS của Tổng cục Hải quan về việc hướng dẫn chạy thử Hệ thống VNACCS/VCIS,43040,310,18,QUANG_BINH,null,null,https://files.customs.gov.vn/CustomsCMS/QUANG_BINH/2021/04/images/stories/files/CV6277TCHQVNACCS.pdf,[],https://www.customs.gov.vn/index.jsp?pageId=3&id=43040&cid=1294,2013,10/2013,2026-10-08T10:00:34Z
13295,133/2013/NĐ-CP,17/10/2013,Chính phủ,"Nghị định số 133/2013/NĐ-CP của Chính phủ về sửa đổi, bổ sung Nghị định số 54/2013/NĐ-CP ngày 22 tháng 5 năm 2013 của Chính phủ về tín dụng đầu tư và tín dụng xuất khẩu của Nhà nước",43039,310,18,QUANG_BINH,null,null,https://files.customs.gov.vn/CustomsCMS/QUANG_BINH/2021/04/images/stories/files/ND13313CP.doc,[],https://www.customs.gov.vn/index.jsp?pageId=3&id=43039&cid=1294,2013,10/2013,2026-10-08T10:00:34Z
13301,180/BHQ-ĐT,16/10/2013,null,Giao lưu trực tuyến về những điểm mới Luật hải quan sửa đổi.,74296,310,16,DA_NANG,Hoàng Anh Vinh,16/10/2013,https://files.customs.gov.vnhttps://files.customs.gov.vn/DA_NANG/Uploads/65e32243-11bf-4695-985d-c1563e8c13ba/180.tif,[],https://www.customs.gov.vn/index.jsp?pageId=3&id=74296&cid=1294,2013,10/2013,2026-10-08T10:00:34Z
13322,119/2013/NĐ-CP,09/10/2013,null,"Nghị định quy định xử phạt vi phạm hành chính trong lĩnh vực thú y, giống vật nuôi, thức ăn chăn nuôi",74387,310,8,DA_NANG,Nguyễn Tấn Dũng,25/11/2013,https://files.customs.gov.vnhttps://files.customs.gov.vn/DA_NANG/Uploads/65e32243-11bf-4695-985d-c1563e8c13ba/119.tif,[],https://www.customs.gov.vn/index.jsp?pageId=3&id=74387&cid=1294,2013,10/2013,2026-10-08T10:00:34Z
13339,112/2013/NĐ-CP,02/10/2013,null,"Nghị định quy định hình thức xử phạt trục xuất, biện pháp tạm giữ người, áp giải người vi phạm theo thủ tục hành chính và quản lý người nước ngoài vi phạm pháp luật Việt Nam trong thời gian làm thủ tục trục xuất",74380,310,8,DA_NANG,Nguyễn Tấn Dũng,17/11/2013,https://files.customs.gov.vnhttps://files.customs.gov.vn/DA_NANG/Uploads/65e32243-11bf-4695-985d-c1563e8c13ba/ND 112-Xu ly truc xuat.tif,[],https://www.customs.gov.vn/index.jsp?pageId=3&id=74380&cid=1294,2013,10/2013,2026-10-08T10:00:34Z
13351,109/2013/NĐ-CP,24/09/2013,null,"Nghị định quy định về xử phạt vi phạm hành chính trong lĩnh vực quản lý giá, phí, lệ phí, hóa đơn",74361,310,8,DA_NANG,Nguyễn Tấn Dũng,09/11/2013,https://files.customs.gov.vnhttps://files.customs.gov.vn/DA_NANG/Uploads/65e32243-11bf-4695-985d-c1563e8c13ba/ND 109-XLVPHC trong quan ly gia.pdf,[],https://www.customs.gov.vn/index.jsp?pageId=3&id=74361&cid=1294,2013,09/2013,2026-10-08T10:00:34Z
13352,110/2013/NĐ-CP,24/09/2013,null,"Quy định xử phạt vi phạm hành chính trong lĩnh vực bổ trợ tư pháp, hành chính tư pháp, hôn nhân và gia đình, thi hành án dân sự, phá sản doanh nghiệp, hợp tác xã",74362,310,8,DA_NANG,Nguyễn Tấn Dũng,11/11/2013,https://files.customs.gov.vnhttps://files.customs.gov.vn/DA_NANG/Uploads/65e32243-11bf-4695-985d-c1563e8c13ba/ND 110-XLVPHC trong bo tro tu phap.pdf,[],https://www.customs.gov.vn/index.jsp?pageId=3&id=74362&cid=1294,2013,09/2013,2026-10-08T10:00:34Z
13403,5159/TCHQ-GSQL,30/08/2013,null,Hướng dẫn sử dụng tờ khai nhập cảnh - xuất cảnh tại các cửa khẩu đã trang bị máy đọc hộ chiếu và nối mạng máy tính,74248,310,16,DA_NANG,Nguyễn Dương Thái,30/08/2013,https://files.customs.gov.vnhttps://files.customs.gov.vn/DA_NANG/Uploads/65e32243-11bf-4695-985d-c1563e8c13ba/9.05 SD TK XNC.tif,[],https://www.customs.gov.vn/index.jsp?pageId=3&id=74248&cid=1294,2013,08/2013,2026-10-08T10:00:34Z
13408,5116/TCHQ-CCHĐH,28/08/2013,null,"Nội dung khai báo ""cửa khẩu xuất hàng"" tại ô số 9 tờ khai hải quan điện tử xuất khẩu HQ/2012-XK",74244,310,16,DA_NANG,Hoàng Việt Cường,28/08/2013,https://files.customs.gov.vnhttps://files.customs.gov.vn/DA_NANG/Uploads/65e32243-11bf-4695-985d-c1563e8c13ba/9.05 o so 9.tif,[],https://www.customs.gov.vn/index.jsp?pageId=3&id=74244&cid=1294,2013,08/2013,2026-10-08T10:00:34Z
13450,4637/TCHQ-GSQL,09/08/2013,null,xác nhận trên tờ khai hàng hóa quá cảnh HQ/2012-QC,74223,310,16,DA_NANG,Vũ Ngọc Anh,09/08/2013,https://files.customs.gov.vnhttps://files.customs.gov.vn/DA_NANG/Uploads/65e32243-11bf-4695-985d-c1563e8c13ba/13.8.xac nhan TK QC.tif,[],https://www.customs.gov.vn/index.jsp?pageId=3&id=74223&cid=1294,2013,08/2013,2026-10-08T10:00:34Z
13454,4566/TCHQ-GSQL,08/08/2013,Tổng cục hải quan,Công văn số 4566/TCHQ-GSQL của Tổng cục Hải quan về việc thủ tục hải quan,59534,310,16,TONG_CUC,Vũ Ngọc Anh,08/08/2013,https://files.customs.gov.vnhttps://files.customs.gov.vn/van_ban_phap_luat/Lists/VanBanPhapLuat/Attachments/6901/CV456613TCHQGSQL.doc,[],https://www.customs.gov.vn/index.jsp?pageId=3&id=59534&cid=1294,2013,08/2013,2026-10-08T10:00:34Z
13466,06/2013/BCA-BQP-BTC-BNNPTNN-VKSNDTC,02/08/2013,null,"Thông tư liên tịch hướng dẫn thi hành quy định của Bộ luật tố tụng hình sự về tiếp nhận, giải quyết tố giác, tin báo về tội phạm và kiến nghị khởi tố",74265,310,4,DA_NANG,Lê Quý Vương,16/09/2013,https://files.customs.gov.vnhttps://files.customs.gov.vn/DA_NANG/Uploads/65e32243-11bf-4695-985d-c1563e8c13ba/TTLT 06 to giac toi pham.tif,[],https://www.customs.gov.vn/index.jsp?pageId=3&id=74265&cid=1294,2013,08/2013,2026-10-08T10:00:34Z
13503,79/2013/NĐ-CP,19/07/2013,null,Nghị định quy định về xử phạt vi phạm hành chính trong lĩnh vực thống kê,74253,310,8,DA_NANG,Nguyễn Tấn Dũng,05/09/2013,https://files.customs.gov.vnhttps://files.customs.gov.vn/DA_NANG/Uploads/65e32243-11bf-4695-985d-c1563e8c13ba/ND 79-XLVPHC trong thong ke.doc,[],https://www.customs.gov.vn/index.jsp?pageId=3&id=74253&cid=1294,2013,07/2013,2026-10-08T10:00:34Z
13541,1534/QĐ-BTC.,28/06/2013,Bộ Tài chính,Quyết định số 1534/QĐ-BTC của Bộ Tài chính phê duyệt Định hướng phát triển Cổng thông tin điện tử ngành Tài chính đến năm 2020,42797,310,18,QUANG_BINH,null,null,https://files.customs.gov.vn/CustomsCMS/QUANG_BINH/2021/04/images/stories/files/QD153413BTC1.doc,[],https://www.customs.gov.vn/index.jsp?pageId=3&id=42797&cid=1294,2013,06/2013,2026-10-08T10:00:34Z
13608,510/HVTC-T&HQ,07/06/2013,Khác,Công văn số 510/HVTC-T&HQ V/v phối hợp mở các lớp đào tạo nghiệp vụ khai hải quan điện tử cho doanh nghiệp,42796,310,18,QUANG_BINH,null,null,https://files.customs.gov.vn/CustomsCMS/QUANG_BINH/2021/04/images/stories/files/hvtc.tif,[],https://www.customs.gov.vn/index.jsp?pageId=3&id=42796&cid=1294,2013,06/2013,2026-10-08T10:00:34Z
13653,2489/TCHQ-GSQL,10/05/2013,null,"Thủ tục hải quan đối với phương tiện tìm kiếm, cứu nạn nước ngoài vào hoạt động tìm kiếm, cứu nạn tại Việt Nam",74147,310,16,DA_NANG,Vũ Ngọc Anh,10/05/2013,https://files.customs.gov.vnhttps://files.customs.gov.vn/DA_NANG/Uploads/65e32243-11bf-4695-985d-c1563e8c13ba/1_2489-TCHQ-GSQL.tif,[],https://www.customs.gov.vn/index.jsp?pageId=3&id=74147&cid=1294,2013,05/2013,2026-10-08T10:00:34Z
13738,1287/TCHQ-GSQL,14/03/2013,Tổng cục hải quan,"Công văn số 1287/TCHQ-GSQL của Tổng cục Hải quan về việc thủ tục xuất khẩu, áp mã, thuế suất đối với mặt hàng nguyên liệu dưới dạng bột hoặc vảy vàng",59528,310,16,TONG_CUC,Vũ Ngọc Anh,14/03/2013,https://files.customs.gov.vnhttps://files.customs.gov.vn/van_ban_phap_luat/Lists/VanBanPhapLuat/Attachments/6725/CV128713TCHQGSQL.doc,[],https://www.customs.gov.vn/index.jsp?pageId=3&id=59528&cid=1294,2013,03/2013,2026-10-08T10:00:34Z
13739,694/QĐ-TCHQ,14/03/2013,Tổng cục hải quan,Quyết định số 694/QĐ-TCHQ của Tổng cục Hải quan về việc ban hành quy trình thanh tra thuế trong lĩnh vực Hải quan,59529,310,10,TONG_CUC,Nguyễn Ngọc Túc,14/03/2013,https://files.customs.gov.vnhttps://files.customs.gov.vn/van_ban_phap_luat/Lists/VanBanPhapLuat/Attachments/6730/QD 69413QDTCHQ.doc,[],https://www.customs.gov.vn/index.jsp?pageId=3&id=59529&cid=1294,2013,03/2013,2026-10-08T10:00:34Z
13760,1028/TCHQ-GSQL,27/02/2013,Tổng cục hải quan,Công văn số 1028/TCHQ-GSQL của Tổng cục Hải quan về việc thực hiện Nghị định 94/2012/NĐ-CP,59527,310,16,TONG_CUC,Vũ Ngọc Anh,27/02/2013,,[],https://www.customs.gov.vn/index.jsp?pageId=3&id=59527&cid=1294,2013,02/2013,2026-10-08T10:00:34Z
13832,6677/TCHQ-GSQL,27/11/2012,Tổng cục hải quan,Công văn số 6677/TCHQ-GSQL của Tổng cục Hải quan về việc tạm nhập khẩu xe ôtô của chuyên gia Bệnh viện 175,59526,310,16,TONG_CUC,Vũ Ngọc Anh,27/11/2012,https://files.customs.gov.vnhttps://files.customs.gov.vn/van_ban_phap_luat/Lists/VanBanPhapLuat/Attachments/6658/CV667712TCHQGSQL.doc,[],https://www.customs.gov.vn/index.jsp?pageId=3&id=59526&cid=1294,2012,11/2012,2026-10-08T10:00:39Z
14004,65/2012/NĐ-CP,06/09/2012,null,"Bổ sung một số điều của NĐ 136 về xuất cảnh, nhập cảnh",74016,310,8,DA_NANG,Nguyễn Tấn Dũng,10/11/2012,https://files.customs.gov.vnhttps://files.customs.gov.vn/DA_NANG/Uploads/65e32243-11bf-4695-985d-c1563e8c13ba/ND 65-BS ND 136 ve xuat nhap canh.tif,[],https://www.customs.gov.vn/index.jsp?pageId=3&id=74016&cid=1294,2012,09/2012,2026-10-08T10:00:39Z
14007,4622/TCHQ-GSQL,05/09/2012,null,Hàng hóa nhập khẩu theo đường hành lý,73951,310,16,DA_NANG,Vũ Ngọc Anh,05/09/2012,https://files.customs.gov.vnhttps://files.customs.gov.vn/DA_NANG/Uploads/65e32243-11bf-4695-985d-c1563e8c13ba/6422-NK theo duong hanh ly.tif,[],https://www.customs.gov.vn/index.jsp?pageId=3&id=73951&cid=1294,2012,09/2012,2026-10-08T10:00:39Z
14069,5917/BCT-KHCN,05/07/2012,Khác,Công văn số 5917/BCT-KHCN V/v Kiểm tra nhà nước về ATTP đối với thực phẩm nhập khẩu,42788,310,18,QUANG_BINH,null,null,https://files.customs.gov.vn/CustomsCMS/QUANG_BINH/2021/04/images/stories/files/TCHQ.pdf,[],https://www.customs.gov.vn/index.jsp?pageId=3&id=42788&cid=1294,2012,07/2012,2026-10-08T10:00:39Z
14140,2574/TCHQ-TXNK,30/05/2012,Tổng cục hải quan,Công văn số 2574/TCHQ-TXNK của Tổng cục Hải quan về việc xác định phí bản quyền,59508,310,16,TONG_CUC,Hoàng Việt Cường,30/05/2012,,[],https://www.customs.gov.vn/index.jsp?pageId=3&id=59508&cid=1294,2012,05/2012,2026-10-08T10:00:39Z
14206,1929/TCHQ-TXNK,25/04/2012,null,Chính sách thuế đối với hàng hoá XK của Dự án đầu tư,73850,310,18,DA_NANG,Tổng cục Hải quan,25/04/2012,,[],https://www.customs.gov.vn/index.jsp?pageId=3&id=73850&cid=1294,2012,04/2012,2026-10-08T10:00:39Z
14207,5280/BTC-CST,25/04/2012,null,Gia hạn thời hạn nộp thuế đối với trường hợp phải di chuyển địa điểm kinh doanh theo yêu cầu của cơ quan Nhà nước có...,73851,310,18,DA_NANG,Tổng cục Hải quan,25/04/2012,,[],https://www.customs.gov.vn/index.jsp?pageId=3&id=73851&cid=1294,2012,04/2012,2026-10-08T10:00:39Z
14236,4911/BTC-NSNN,12/04/2012,Bộ Tài chính,Công văn số 4911/BTC-NSNN của Bộ Tài chính về việc triển khai thực hiện các nhiệm vụ đã được bố trí kinh phí ngân sách hàng năm,42761,310,18,QUANG_BINH,null,null,https://files.customs.gov.vn/CustomsCMS/QUANG_BINH/2021/04/images/stories/files/CV4911BTC-NSNN.doc,[],https://www.customs.gov.vn/index.jsp?pageId=3&id=42761&cid=1294,2012,04/2012,2026-10-08T10:00:39Z
14245,182/GSQL-TH,06/04/2012,Khác,Công văn số 182/GSQL-TH của Cục GSQL về Hải quan về việc thủ tục hải quan hàng hóa gửi kho ngoại quan xuất ra nước ngoài,42762,310,18,QUANG_BINH,null,null,https://files.customs.gov.vn/CustomsCMS/QUANG_BINH/2021/04/images/stories/files/CV18212GSQL.doc,[],https://www.customs.gov.vn/index.jsp?pageId=3&id=42762&cid=1294,2012,04/2012,2026-10-08T10:00:39Z
14250,1668/TCHQ-GSQL,05/04/2012,Tổng cục hải quan,Công văn số 1668/TCHQ-GSQL của Tổng cục Hải quan v/v ghi nhãn trên sản phẩm,59509,310,16,TONG_CUC,Vũ Ngọc Anh,05/04/2012,,[],https://www.customs.gov.vn/index.jsp?pageId=3&id=59509&cid=1294,2012,04/2012,2026-10-08T10:00:39Z
14285,21/2012/NĐ-CP,21/03/2012,Chính phủ,Nghị định 21/2012/NĐ-CP về quản lý cảng biển và luồng hàng hải,42786,310,18,QUANG_BINH,null,null,https://files.customs.gov.vn/CustomsCMS/QUANG_BINH/2021/04/images/stories/files/N__2112CP.PDF,[],https://www.customs.gov.vn/index.jsp?pageId=3&id=42786&cid=1294,2012,03/2012,2026-10-08T10:00:39Z
14302,1217/TCHQ-GSQL,13/03/2012,Tổng cục hải quan,Công văn số 1217/TCHQ-GSQL của Tổng cục Hải quan về việc giám định tỷ lệ hao hụt đối với hàng SXXK,59502,310,16,TONG_CUC,Vũ Ngọc Anh,13/03/2012,https://files.customs.gov.vnhttps://files.customs.gov.vn/van_ban_phap_luat/Lists/VanBanPhapLuat/Attachments/6321/CV121712TCHQ.doc,[],https://www.customs.gov.vn/index.jsp?pageId=3&id=59502&cid=1294,2012,03/2012,2026-10-08T10:00:39Z
14311,463/QĐ-TCHQ,02/03/2012,Tổng cục hải quan,Quyết định số 463/QĐ-TCHQ của Tổng cục Hải quan về việc thành lập kho ngoại quan,59500,310,10,TONG_CUC,Vũ Ngọc Anh,02/03/2012,https://files.customs.gov.vnhttps://files.customs.gov.vn/van_ban_phap_luat/Lists/VanBanPhapLuat/Attachments/6296/QĐ46312TCHQ.doc,[],https://www.customs.gov.vn/index.jsp?pageId=3&id=59500&cid=1294,2012,03/2012,2026-10-08T10:00:39Z
14312,970/TCHQ-GSQL,02/03/2012,Tổng cục hải quan,Vướng mắc về giấy phép nhập khẩu tự động,42920,310,18,QUANG_BINH,null,null,https://files.customs.gov.vn/CustomsCMS/QUANG_BINH/2021/04/images/stories/files/970_tu_dong.tif,[],https://www.customs.gov.vn/index.jsp?pageId=3&id=42920&cid=1294,2012,03/2012,2026-10-08T10:00:39Z
14318,879/TCHQ-HTQT,27/02/2012,null,Thông báo mới về thủ tục nhập cảnh của Hàn quốc,73768,310,18,DA_NANG,Tổng cục Hải quan,27/02/2012,,[],https://www.customs.gov.vn/index.jsp?pageId=3&id=73768&cid=1294,2012,02/2012,2026-10-08T10:00:39Z
14329,747/TCHQ-TVQT,21/02/2012,Tổng cục hải quan,Công văn số 747/TCHQ-TVQT của Tổng cục Hải quan về việc cấp phát tờ khai PMD,59497,310,16,TONG_CUC,Nguyễn Thu Hương,21/02/2012,https://files.customs.gov.vnhttps://files.customs.gov.vn/van_ban_phap_luat/Lists/VanBanPhapLuat/Attachments/6257/CV74712TCHQ.doc,[],https://www.customs.gov.vn/index.jsp?pageId=3&id=59497&cid=1294,2012,02/2012,2026-10-08T10:00:39Z
14372,207/BCT-TMMN,19/01/2012,Khác,"Hướng dẫn XNK qua cửa khẩu phụ, lối mở biên giới nằm ngoài khu kinh tế cửa khẩu",42917,310,18,QUANG_BINH,null,null,https://files.customs.gov.vn/CustomsCMS/QUANG_BINH/2021/04/images/stories/files/207_bi__n_gioi.tif,[],https://www.customs.gov.vn/index.jsp?pageId=3&id=42917&cid=1294,2012,01/2012,2026-10-08T10:00:39Z
14385,01/2012/TTLT-BCA-BNG,13/01/2012,null,Sửa đổi bổ sung Thông tư liên tịch số 04/2002/TTLT/BCA-BNG và 05/2009/TTLT/BCA-BNG trong lĩnh vực xuất nhập cảnh,73713,310,18,DA_NANG,Bộ và ngang bộ,13/01/2012,,[],https://www.customs.gov.vn/index.jsp?pageId=3&id=73713&cid=1294,2012,01/2012,2026-10-08T10:00:39Z
14393,58/2011/NĐ-CP,11/01/2012,null,Quy định xử phạt vi phạm hành chính trong lĩnh vực bưu chính,73704,310,8,DA_NANG,Chính Phủ,11/01/2012,,[],https://www.customs.gov.vn/index.jsp?pageId=3&id=73704&cid=1294,2012,01/2012,2026-10-08T10:00:39Z
14394,93/2011/NĐ-CP,11/01/2012,null,"Quy định về xử phạt vi phạm hành chính về thuốc, mỹ phẩm và trang thiết bị y tế",73706,310,18,DA_NANG,Chính Phủ,11/01/2012,,[],https://www.customs.gov.vn/index.jsp?pageId=3&id=73706&cid=1294,2012,01/2012,2026-10-08T10:00:39Z
14395,78/THCQ-GSQL,10/01/2012,Tổng cục hải quan,"Hướng dẫn NK rượu, thuốc lá điếu, xì gà, bài tây gửi trong bưu phẩm, bưu kiện",42916,310,18,QUANG_BINH,null,null,https://files.customs.gov.vn/CustomsCMS/QUANG_BINH/2021/04/images/stories/files/CV_78_TCHQ_nk.tif,[],https://www.customs.gov.vn/index.jsp?pageId=3&id=42916&cid=1294,2012,01/2012,2026-10-08T10:00:39Z
14399,99/TCHQ-GSQL,09/01/2012,Tổng cục hải quan,Công văn số 99/TCHQ-GSQL của Tổng cục Hải quan về việc hàng tiêu dùng nhập khẩu gửi kho ngoại quan,59496,310,16,TONG_CUC,Vũ Ngọc Anh,09/01/2012,https://files.customs.gov.vnhttps://files.customs.gov.vn/van_ban_phap_luat/Lists/VanBanPhapLuat/Attachments/6228/CV9912TCHQ.doc,[],https://www.customs.gov.vn/index.jsp?pageId=3&id=59496&cid=1294,2012,01/2012,2026-10-08T10:00:39Z
14410,01/2012/TTLT-BCA-BNG,03/01/2012,null,Sửa đổi bổ sung Thông tư liên tịch số 04/2002/TTLT/BCA-BNG và 05/2009/TTLT/BCA-BNG trong lĩnh vực xuất nhập cảnh,73694,310,16,DA_NANG,admin,03/01/2012,https://files.customs.gov.vnhttps://files.customs.gov.vn/DA_NANG/Uploads/65e32243-11bf-4695-985d-c1563e8c13ba/TTLT01-sua doi veXNC.tif,[],https://www.customs.gov.vn/index.jsp?pageId=3&id=73694&cid=1294,2012,01/2012,2026-10-08T10:00:39Z
14411,6692/TCHQ-GSQL,03/01/2012,null,Thực hiện Thông tư 15/2011/TT-NHNN của Ngân hàng Nhà nước Việt Nam,73690,310,18,DA_NANG,Tổng cục Hải quan,03/01/2012,,[],https://www.customs.gov.vn/index.jsp?pageId=3&id=73690&cid=1294,2012,01/2012,2026-10-08T10:00:39Z
14416,04/2010/TT-TTCP,30/11/2011,null,"Quy định quy trình xử lý đơn khiếu nại, đơn tố cáo, đơn phản ánh, kiến nghị liên quan đến khiếu nại, tố cáo...",73617,310,18,DA_NANG,Khác,30/11/2011,,[],https://www.customs.gov.vn/index.jsp?pageId=3&id=73617&cid=1294,2011,11/2011,2026-10-08T10:00:44Z
14417,112/2010/NĐ-CP,30/11/2011,null,"Sửa đổi, bổ sung một số điều của Nghị định số 06/2008/NĐ-CP ngày 16 tháng...",73616,310,8,DA_NANG,Chính Phủ,30/11/2011,,[],https://www.customs.gov.vn/index.jsp?pageId=3&id=73616&cid=1294,2011,11/2011,2026-10-08T10:00:44Z
14418,51/2011/NĐ-CP,30/11/2011,null,Quy định xử phạt vi phạm hành chính trong lĩnh vực tần số vô tuyến điện,73621,310,8,DA_NANG,Chính Phủ,30/11/2011,,[],https://www.customs.gov.vn/index.jsp?pageId=3&id=73621&cid=1294,2011,11/2011,2026-10-08T10:00:44Z
14419,58/2011/NĐ-CP,30/11/2011,null,Quy định xử phạt vi phạm hành chính trong lĩnh vực bưu chính,73620,310,8,DA_NANG,Chính Phủ,30/11/2011,,[],https://www.customs.gov.vn/index.jsp?pageId=3&id=73620&cid=1294,2011,11/2011,2026-10-08T10:00:44Z
14420,6002/TCHQ-GSQL,30/11/2011,Tổng cục hải quan,"Công văn số 6002/TCHQ-GSQL cuar Tổng cục Hải quan về việc thông báo mẫu dấu, chữ ký C/O các mẫu ưu đãi FTA",59493,310,16,TONG_CUC,Âu Anh Tuấn,30/11/2011,https://files.customs.gov.vnhttps://files.customs.gov.vn/van_ban_phap_luat/Lists/VanBanPhapLuat/Attachments/6173/CV600211TCHQ.doc,[],https://www.customs.gov.vn/index.jsp?pageId=3&id=59493&cid=1294,2011,11/2011,2026-10-08T10:00:44Z
14421,75/2010/NĐ-CP,30/11/2011,null,Quy định xử phạt vi phạm hành chính trong hoạt động văn hoá.,73618,310,8,DA_NANG,Chính Phủ,30/11/2011,,[],https://www.customs.gov.vn/index.jsp?pageId=3&id=73618&cid=1294,2011,11/2011,2026-10-08T10:00:44Z
14422,76/2010/NĐ-CP,30/11/2011,null,"Sửa đổi, bổ sung Điều 11 Nghị Định số 06/2009 ngày 22.01.2009 về XPVPHC trong lĩnh vực Sản xuất, kinh doanh rượu và thuốc...",73619,310,8,DA_NANG,Chính Phủ,30/11/2011,,[],https://www.customs.gov.vn/index.jsp?pageId=3&id=73619&cid=1294,2011,11/2011,2026-10-08T10:00:44Z
14450,5802/TCHQ-GSQL,18/11/2011,Tổng cục hải quan,Công văn số 5802/TCHQ-GSQL của Tổng cục Hải quan về việc hóa đơn thương mại gốc của sản phẩm,59490,310,16,TONG_CUC,Vũ Ngọc Anh,18/11/2011,https://files.customs.gov.vnhttps://files.customs.gov.vn/van_ban_phap_luat/Lists/VanBanPhapLuat/Attachments/6073/CV580211TCHQ.doc,[],https://www.customs.gov.vn/index.jsp?pageId=3&id=59490&cid=1294,2011,11/2011,2026-10-08T10:00:44Z
14518,5198/TCHQ-GSQL,19/10/2011,Tổng cục hải quan,Công văn số 5198/TCHQ-GSQL của Tổng cục Hải quan về việc hướng dẫn thủ tục Hải quan,59489,310,16,TONG_CUC,Vũ Ngọc Anh,19/10/2011,https://files.customs.gov.vnhttps://files.customs.gov.vn/van_ban_phap_luat/Lists/VanBanPhapLuat/Attachments/6018/CV519811TCHQ.doc,[],https://www.customs.gov.vn/index.jsp?pageId=3&id=59489&cid=1294,2011,10/2011,2026-10-08T10:00:44Z
14531,4891/TCHQ-GSQL,12/10/2011,null,"Thủ tục nhập khẩu đối với đồ chơi tình dục (Sextoy) theo dạng hành lý, quà biếu, quà tặng.",73562,310,18,DA_NANG,Tổng cục Hải quan,12/10/2011,,[],https://www.customs.gov.vn/index.jsp?pageId=3&id=73562&cid=1294,2011,10/2011,2026-10-08T10:00:44Z
14546,4891/TCHQ-GSQL,06/10/2011,null,"Thủ tục nhập khẩu đối với đồ chơi tình dục (Sextoy) theo dạng hành lý, quà biếu, quà tặng.<br />",73556,310,16,DA_NANG,admin,06/10/2011,https://files.customs.gov.vnhttps://files.customs.gov.vn/DA_NANG/Uploads/65e32243-11bf-4695-985d-c1563e8c13ba/4891-N sextoy.tif,[],https://www.customs.gov.vn/index.jsp?pageId=3&id=73556&cid=1294,2011,10/2011,2026-10-08T10:00:44Z
14559,4740/TCHQ-GSQL,03/10/2011,null,Vướng mắc thực hiện thông tư số 15/2011/TT-NHNN của ngân hàng nhà nước,73548,310,18,DA_NANG,Tổng cục Hải quan,03/10/2011,,[],https://www.customs.gov.vn/index.jsp?pageId=3&id=73548&cid=1294,2011,10/2011,2026-10-08T10:00:44Z
14564,4740/TCHQ-GSQL,29/09/2011,null,"Vướng mắc thực hiện thông tư số 15/2011/TT-NHNN của ngân hàng nhà nước<br />
</span></span> </p>",73544,310,16,DA_NANG,admin,29/09/2011,https://files.customs.gov.vnhttps://files.customs.gov.vn/DA_NANG/Uploads/65e32243-11bf-4695-985d-c1563e8c13ba/4740-hdanTT15 mang ngoai te.tif,[],https://www.customs.gov.vn/index.jsp?pageId=3&id=73544&cid=1294,2011,09/2011,2026-10-08T10:00:44Z
14567,1870/QĐ-TCHQ,28/09/2011,Tổng cục hải quan,"Quyết định số 1870/QĐ-TCHQ của Tổng cục Hải quan về việc ban hành Bản hướng dẫn thí điểm thực hiện tiếp nhận bản khai hàng hóa, các chứng từ có liên quan và thông quan điện tử đối với tàu biển nhập cảnh, xuất cảnh",59536,310,10,TONG_CUC,Vũ Ngọc Anh,28/09/2011,https://files.customs.gov.vnhttps://files.customs.gov.vn/van_ban_phap_luat/Lists/VanBanPhapLuat/Attachments/6962/QD187011TCHQ.doc,[],https://www.customs.gov.vn/index.jsp?pageId=3&id=59536&cid=1294,2011,09/2011,2026-10-08T10:00:44Z
14629,4146/TCHQ-GSQL,24/08/2011,null,"Thực hiện thông tư số 15/2011/TT-NHNN ngày 12/8/2011 của NHNN<br />
</span></span> </p>",73517,310,16,DA_NANG,admin,24/08/2011,https://files.customs.gov.vnhttps://files.customs.gov.vn/DA_NANG/Uploads/65e32243-11bf-4695-985d-c1563e8c13ba/4146-mang tien XNC.tif,[],https://www.customs.gov.vn/index.jsp?pageId=3&id=73517&cid=1294,2011,08/2011,2026-10-08T10:00:44Z
14630,4146/TCHQ-GSQL,24/08/2011,null,Thực hiện thông tư số 15/2011/TT-NHNN ngày 12/8/2011 của NHNN,73520,310,18,DA_NANG,Tổng cục Hải quan,24/08/2011,,[],https://www.customs.gov.vn/index.jsp?pageId=3&id=73520&cid=1294,2011,08/2011,2026-10-08T10:00:44Z
14669,27/2011/TT-BQTVT,22/08/2011,null,"Thông tư áp dụng sửa đổi, bổ sung năm 2002 của công ước quốc tế về an toàn sinh mạng con người trên biển năm 1974 ban hành ...",73475,310,18,DA_NANG,Bộ,22/08/2011,,[],https://www.customs.gov.vn/index.jsp?pageId=3&id=73475&cid=1294,2011,08/2011,2026-10-08T10:00:44Z
14677,CV 2762/BTC-PC ngày 02/3/2011,16/08/2011,null,"Thực hiện một số quy định về sử dụng nguồn thu từ xử lý các vụ buôn lậu, gian lận thương mại, ...",73471,310,18,DA_NANG,Bộ Tài chính,16/08/2011,,[],https://www.customs.gov.vn/index.jsp?pageId=3&id=73471&cid=1294,2011,08/2011,2026-10-08T10:00:44Z
14678,QĐ 3107/QĐ-BTC ngày 26/11/2010,16/08/2011,null,"Ban hành Quy chế quản lý, sử dụng nguồn thu từ xử lý vi phạm pháp luật trong lĩnh vực chống bu...",73470,310,10,DA_NANG,Bộ Tài chính,16/08/2011,,[],https://www.customs.gov.vn/index.jsp?pageId=3&id=73470&cid=1294,2011,08/2011,2026-10-08T10:00:44Z
14737,58/2011/NĐ-CP,08/07/2011,null,"<p><span style=""font-size: larger;""><small><span style=""font-family: Times New Roman;"">Quy định xử phạt vi phạm hành chính trong lĩnh vực bưu chính</span></small></span></p>",73444,310,8,DA_NANG,admin,08/07/2011,https://files.customs.gov.vnhttps://files.customs.gov.vn/DA_NANG/Uploads/65e32243-11bf-4695-985d-c1563e8c13ba/Nghị định số 58 của CP ngày 08.7.2011 QĐ XPVPHC trong lĩnh vực bưu chính.doc,[],https://www.customs.gov.vn/index.jsp?pageId=3&id=73444&cid=1294,2011,07/2011,2026-10-08T10:00:44Z
14756,51/2011/NĐ-CP,27/06/2011,null,Quy định xử phạt vi phạm hành chính trong lĩnh vực tần số vô tuyến điện,73430,310,8,DA_NANG,admin,27/06/2011,https://files.customs.gov.vnhttps://files.customs.gov.vn/DA_NANG/Uploads/65e32243-11bf-4695-985d-c1563e8c13ba/ND51CP.pdf,[],https://www.customs.gov.vn/index.jsp?pageId=3&id=73430&cid=1294,2011,06/2011,2026-10-08T10:00:44Z
14867,62/2011/TTLT/BTC-BCT-BGTVT,13/05/2011,Liên bộ,"Thông tư liên tịch số 62/2011/TTLT/BTC-BCT-BGTVT của Liên Bộ: Công Thương - Tài chính - Giao thông vận tải Sửa đổi, bổ sung Mục IV của Thông tư liên tịch số 08/2004/TTLT-BTM-BTC-BGTVT ngày 17 tháng 12 năm 2004 hướng dẫn thực hiện dịch vụ trung chuyển container tại các cảng biển Việt Nam của Bộ Thương mại (nay là Bộ Công Thương), Bộ Tài chính, Bộ Giao thông vận tải",59488,310,4,TONG_CUC,"Nguyễn Thành Biên, Đỗ Hoàng Anh Tuấn, Nguyễn Hồng Trường",28/06/2011,https://files.customs.gov.vnhttps://files.customs.gov.vn/van_ban_phap_luat/Lists/VanBanPhapLuat/Attachments/5939/TTLT6211BTCBCTBGTVT.doc,[],https://www.customs.gov.vn/index.jsp?pageId=3&id=59488&cid=1294,2011,05/2011,2026-10-08T10:00:44Z
14868,63/2011/TT-BTC,13/05/2011,Bộ Tài chính,Thông tư số 63/2011/TT-BTC của Bộ Tài chính quy định về việc áp dụng thí điểm chế độ ưu tiên trong lĩnh vực quản lý nhà nước về hải quan đối với doanh nghiệp đủ điều kiện,59487,310,4,TONG_CUC,Đỗ Hoàng Anh Tuấn,13/05/2011,https://files.customs.gov.vnhttps://files.customs.gov.vn/van_ban_phap_luat/Lists/VanBanPhapLuat/Attachments/5917/TT6311BTC.tiff,[],https://www.customs.gov.vn/index.jsp?pageId=3&id=59487&cid=1294,2011,05/2011,2026-10-08T10:00:44Z
14887,27/2011/TT-BQTVT,04/05/2011,null,"Thông tư áp dụng sửa đổi, bổ sung năm 2002 của công ước quốc tế về an toàn sinh mạng con người trên biển năm 1974 ban hành kèm theo bộ luật quốc tế về an ninh tàu biển và cảng biển.<br />",73393,310,4,DA_NANG,admin,04/05/2011,https://files.customs.gov.vnhttps://files.customs.gov.vn/DA_NANG/Uploads/65e32243-11bf-4695-985d-c1563e8c13ba/TT27-BGTVT-an ninh tau bien.tif,[],https://www.customs.gov.vn/index.jsp?pageId=3&id=73393&cid=1294,2011,05/2011,2026-10-08T10:00:44Z
14921,27/2011/TT-BQTVT,14/04/2011,null,"Áp dụng sửa đổi, bổ sung năm 2002 của Công ước quốc tế về an toàn sinh mạng con người trên biển năm 1974 ban hành kèm theo Bộ luật quốc tế về an ninh tàu biển và cảng biển",73411,310,4,DA_NANG,Hồ Nghĩa Dũng,28/05/2011,https://files.customs.gov.vnhttps://files.customs.gov.vn/DA_NANG/Uploads/65e32243-11bf-4695-985d-c1563e8c13ba/1_TT27-BGTVT-an ninh tau bien.tif,[],https://www.customs.gov.vn/index.jsp?pageId=3&id=73411&cid=1294,2011,04/2011,2026-10-08T10:00:44Z
14938,605/QĐ-TCHQ,04/04/2011,Tổng cục hải quan,"Quyết định số 605/QĐ-TCHQ về việc ban hành tạm thời Quy trình kiểm tra thực tế hàng hóa XK, NK có sử dụng máy soi container tại địa điểm kiểm tra hàng hóa tập trung thuộc Cục HQ TP Hải Phòng",59486,310,10,TONG_CUC,Vũ Ngọc Anh,04/04/2011,https://files.customs.gov.vnhttps://files.customs.gov.vn/van_ban_phap_luat/Lists/VanBanPhapLuat/Attachments/5899/QD60511TCHQ.tif,[],https://www.customs.gov.vn/index.jsp?pageId=3&id=59486&cid=1294,2011,04/2011,2026-10-08T10:00:44Z
14942,1333/TCHQ-GSQL,30/03/2011,null,"Quản lý sử dụng tờ khai nhập cảnh, xuất cảnh<br />",73374,310,16,DA_NANG,admin,30/03/2011,https://files.customs.gov.vnhttps://files.customs.gov.vn/DA_NANG/Uploads/65e32243-11bf-4695-985d-c1563e8c13ba/1333-quan ly SD TK XNC.tif,[],https://www.customs.gov.vn/index.jsp?pageId=3&id=73374&cid=1294,2011,03/2011,2026-10-08T10:00:44Z
14978,CV 2762/BTC-PC ngày 02/3/2011,02/03/2011,null,"<p><span style=""color: #000080""><span style=""font-family: Times New Roman""><span style=""font-size: small"">Thực hiện một số quy định về sử dụng nguồn thu từ xử lý các vụ buôn lậu, gian lận thương mại, hàng giả.</span>",73361,310,16,DA_NANG,admin,02/03/2011,https://files.customs.gov.vnhttps://files.customs.gov.vn/DA_NANG/Uploads/65e32243-11bf-4695-985d-c1563e8c13ba/CV 2762 ngày 02.3.2011 của BTC-PCs1.tif,[],https://www.customs.gov.vn/index.jsp?pageId=3&id=73361&cid=1294,2011,03/2011,2026-10-08T10:00:44Z
15017,202/QĐ-TCHQ,29/01/2011,null,"Quyết định ban hành quy trình thủ tục hải quan đối với phương tiện vận tải xuất cảnh, nhập cảnh, quá cảnh qua cửa khẩu biên giới đường bộ.<br />
</span></span> </p>",73351,310,10,DA_NANG,admin,29/01/2011,https://files.customs.gov.vnhttps://files.customs.gov.vn/DA_NANG/Uploads/65e32243-11bf-4695-985d-c1563e8c13ba/202-XNC đương bộ.tif,[],https://www.customs.gov.vn/index.jsp?pageId=3&id=73351&cid=1294,2011,01/2011,2026-10-08T10:00:44Z
15062,QĐ 3107/QĐ-BTC ngày 26/11/2010,26/11/2010,null,"<p><span style=""color: #000080""><span style=""font-size: small""><span style=""font-family: Times New Roman"">Ban hành Quy chế quản lý, sử dụng nguồn thu từ xử lý vi phạm pháp luật trong lĩnh vực chống buôn lậu, gian lận thương mại, hàng giả.</span>",73320,310,10,DA_NANG,admin,26/11/2010,https://files.customs.gov.vnhttps://files.customs.gov.vn/DA_NANG/Uploads/65e32243-11bf-4695-985d-c1563e8c13ba/QĐ3107 ngày 26.11.2010s1.tif,[],https://www.customs.gov.vn/index.jsp?pageId=3&id=73320&cid=1294,2010,11/2010,2026-10-08T10:00:50Z
15379,75/2010/NĐ-CP,12/07/2010,null,Quy định xử phạt vi phạm hành chính trong hoạt động văn hoá.,73277,310,8,DA_NANG,admin,12/07/2010,https://files.customs.gov.vnhttps://files.customs.gov.vn/DA_NANG/Uploads/65e32243-11bf-4695-985d-c1563e8c13ba/NĐ 75 quy định XPVPHC trong hoạt động văn hoás1.tif,[],https://www.customs.gov.vn/index.jsp?pageId=3&id=73277&cid=1294,2010,07/2010,2026-10-08T10:00:50Z
15395,0519/TB-HQQNa,02/07/2010,Bộ Tài nguyên và Môi trường,Thông báo về việc xử dụng biên lai thu tiền liên quan đến hoạt động xuất nhập khẩu,42251,310,10,QUANG_NAM,Lê Thành Khang,02/07/2010,https://files.customs.gov.vnhttps://files.customs.gov.vn/CustomsCMS/QUANG_NAM/2020/Document/Thong bao su dung bien lai thu tien moi.tif,[],https://www.customs.gov.vn/index.jsp?pageId=3&id=42251&cid=1294,2010,07/2010,2026-10-08T10:00:50Z
15410,TT 93/2010/TT-BTC ngày 28/6/2010,28/06/2010,null,"<p><span style=""color: #000080""><span style=""font-size: small""><span style=""font-family: Times New Roman"">Hướng dẫn việc xác định các hành vi vi phạm hành chính trong lĩnh vực tài chính là hành vi buôn lậu, gian lận thương mại và hàng giả</span>",73273,310,4,DA_NANG,admin,28/06/2010,https://files.customs.gov.vnhttps://files.customs.gov.vn/DA_NANG/Uploads/65e32243-11bf-4695-985d-c1563e8c13ba/Thông tư 93năm 2010.doc,[],https://www.customs.gov.vn/index.jsp?pageId=3&id=73273&cid=1294,2010,06/2010,2026-10-08T10:00:50Z
15429,63/2010/NĐ-CP,18/06/2010,Chính phủ,Nghị định số 63/2010/NĐ-CP của Chính phủ về kiểm soát thủ tục hành chính,42728,310,18,QUANG_BINH,null,null,https://files.customs.gov.vn/CustomsCMS/QUANG_BINH/2021/04/images/stories/files/ND6310CP.doc,[],https://www.customs.gov.vn/index.jsp?pageId=3&id=42728&cid=1294,2010,06/2010,2026-10-08T10:00:50Z
15494,51/2010/NĐ-CP,14/05/2010,Chính phủ,"Nghị định số 51/2010/NĐ-CP của Chính phủ quy định về hoá đơn bán hàng hoá, cung ứng dịch vụ",42727,310,18,QUANG_BINH,null,null,https://files.customs.gov.vn/CustomsCMS/QUANG_BINH/2021/04/images/stories/files/ND5110CP.doc,[],https://www.customs.gov.vn/index.jsp?pageId=3&id=42727&cid=1294,2010,05/2010,2026-10-08T10:00:50Z
15560,TT 51/2010/TT-BTC ngày 14/4/2010,14/04/2010,null,"<p><span style=""color: #003366""><span style=""font-size: small""><span style=""font-family: Times New Roman"">Hướng dẫn sửa đổi, bổ sung TT số 59/2008/TT-BTC ngày 04/7/2008 của Bộ Tài chính hướng dẫn việc quản lý, sử dụng nguồn thu từ xử lý vi phạm pháp luật trong lĩnh vực chống buôn lậu, gian lận thương mại, hàng giả.</span>",73261,310,4,DA_NANG,admin,14/04/2010,"https://files.customs.gov.vnhttps://files.customs.gov.vn/DA_NANG/Uploads/65e32243-11bf-4695-985d-c1563e8c13ba/TT 51năm 2010 sửa đổi, bổ sung TT 59 năm 2008 hướng dẫn quản lý sử dụng nguồn thu từ XLVP...doc",[],https://www.customs.gov.vn/index.jsp?pageId=3&id=73261&cid=1294,2010,04/2010,2026-10-08T10:00:50Z
15636,NĐ 17/2010/NĐ-CP,04/03/2010,null,Về bán đấu giá tài sản,73258,310,8,DA_NANG,admin,04/03/2010,https://files.customs.gov.vnhttps://files.customs.gov.vn/DA_NANG/Uploads/65e32243-11bf-4695-985d-c1563e8c13ba/NĐ số 17 năm 2010 về bán đấu giá tài sản.doc,[],https://www.customs.gov.vn/index.jsp?pageId=3&id=73258&cid=1294,2010,03/2010,2026-10-08T10:00:50Z
15675,15/2010/NĐ-CP,01/02/2010,null,"Quy định về XPVPHC trong hoạt động sản xuất, kinh doanh phân bón.",73256,310,8,DA_NANG,admin,01/02/2010,https://files.customs.gov.vnhttps://files.customs.gov.vn/DA_NANG/Uploads/65e32243-11bf-4695-985d-c1563e8c13ba/NĐ số 15 về XPVPHC trong hoạt động SXKD phân bóns1.tif,[],https://www.customs.gov.vn/index.jsp?pageId=3&id=73256&cid=1294,2010,02/2010,2026-10-08T10:00:50Z
15683,505/TCHQ-KHTC,26/01/2010,Cục Hải quan Hà Nam Ninh,V/v xử lý vướng mắc trong việc sử dụng tờ khai nguồn gốc,42248,310,10,QUANG_NAM,Nguyễn Văn Cẩn,26/01/2010,https://files.customs.gov.vnhttps://files.customs.gov.vn/CustomsCMS/QUANG_NAM/2020/Document/CV 505_TCHQ_KHTC.tif,[],https://www.customs.gov.vn/index.jsp?pageId=3&id=42248&cid=1294,2010,01/2010,2026-10-08T10:00:50Z
15732,8710/TCHQ-GSQL,08/01/2010,Tổng cục hải quan,Công văn số 87/TCHQ-GSQL của Tổng cục Hải quan về việc nhập khẩu nguyên liệu chạy thử,42649,310,18,QUANG_BINH,null,null,https://files.customs.gov.vn/CustomsCMS/QUANG_BINH/2021/04/images/stories/files/CV8710TCHQGSQL.doc,[],https://www.customs.gov.vn/index.jsp?pageId=3&id=42649&cid=1294,2010,01/2010,2026-10-08T10:00:50Z
15761,222/2009/TT-BTC,25/11/2009,Khác,Thông tư số 222/2009/TT-BTC của Bộ Tài chính hướng dẫn thí điểm thủ tục hải quan điện tử,42887,310,18,QUANG_BINH,null,null,https://files.customs.gov.vnhttps://files.customs.gov.vn/CustomsCMS/QUANG_BINH/2021/04/images/stories/files/TT22209BTC.zip,[],https://www.customs.gov.vn/index.jsp?pageId=3&id=42887&cid=1294,2009,11/2009,2026-10-08T10:00:56Z
15800,6925/TCHQ-GSQL,16/11/2009,Tổng cục hải quan,Công văn số 6925/TCHQ-GSQL của Tổng cục Hải quan về việc vướng mắc hàng tái nhập,42990,310,18,QUANG_BINH,null,null,https://files.customs.gov.vn/CustomsCMS/QUANG_BINH/2021/04/images/stories/files/CV692509TCHQGSQL.doc,[],https://www.customs.gov.vn/index.jsp?pageId=3&id=42990&cid=1294,2009,11/2009,2026-10-08T10:00:56Z
16220,54/2009/NĐ-CP,05/06/2009,null,Qđịnh về XPVPHC trong lĩnh vực tiêu chuẩn đo lường và chất lượng sản phẩm hàng hoá,73200,310,8,DA_NANG,admin,05/06/2009,https://files.customs.gov.vnhttps://files.customs.gov.vn/DA_NANG/Uploads/65e32243-11bf-4695-985d-c1563e8c13ba/ND54.tif,[],https://www.customs.gov.vn/index.jsp?pageId=3&id=73200&cid=1294,2009,06/2009,2026-10-08T10:00:56Z
16267,09/2009/TT-BCT.,12/05/2009,Bộ Tài chính,Thông tư số 09/2009/TT-BCT của Bộ Công Thương về việc nhập khẩu theo hạn ngạch thuế quan năm 2009 với thuế suất thuế nhập khẩu 0% đối với hàng hóa có xuất xứ từ Lào.,42936,310,18,QUANG_BINH,null,null,https://files.customs.gov.vn/CustomsCMS/QUANG_BINH/2021/04/images/stories/files/TT092009BCT.doc,[],https://www.customs.gov.vn/index.jsp?pageId=3&id=42936&cid=1294,2009,05/2009,2026-10-08T10:00:56Z
16281,41/2009/NĐ-CP,05/05/2009,null,Về xử phạt vi phạm hành chính trong lĩnh vực kinh doanh bảo hiểm.,73196,310,8,DA_NANG,admin,05/05/2009,https://files.customs.gov.vnhttps://files.customs.gov.vn/DA_NANG/Uploads/65e32243-11bf-4695-985d-c1563e8c13ba/Nghị định số 41 về XPVPHC trong lĩnh vực kinh doanh bảo hiểm.doc,[],https://www.customs.gov.vn/index.jsp?pageId=3&id=73196&cid=1294,2009,05/2009,2026-10-08T10:00:56Z
16430,1131/VPCP-KTTH,23/02/2009,Chính phủ,Công văn số 1131/VPCP-KTTH của Văn phòng Chính phủ về việc không thu lệ phí cấp C/O,42673,310,18,QUANG_BINH,null,null,https://files.customs.gov.vn/CustomsCMS/QUANG_BINH/2021/04/images/stories/files/CV113109VPCP.doc,[],https://www.customs.gov.vn/index.jsp?pageId=3&id=42673&cid=1294,2009,02/2009,2026-10-08T10:00:56Z
16466,519/TCHQ-GSQL,02/02/2009,Tổng cục hải quan,Công văn số 519/TCHQ-GSQL của Tổng cục Hải quan v/v thủ tục hải quan hàng quá cảnh lãnh thổ Việt Nam.,43021,310,18,QUANG_BINH,null,null,https://files.customs.gov.vn/CustomsCMS/QUANG_BINH/2021/04/images/stories/files/CV51909TCHQ.doc,[],https://www.customs.gov.vn/index.jsp?pageId=3&id=43021&cid=1294,2009,02/2009,2026-10-08T10:00:56Z
16475,06/2009/NĐ-CP,22/01/2009,null,"Xử phạt vi phạm hành chính 
trong lĩnh vực sản xuất, kinh doanh rượu và thuốc lá",73181,310,8,DA_NANG,admin,22/01/2009,https://files.customs.gov.vnhttps://files.customs.gov.vn/DA_NANG/Uploads/65e32243-11bf-4695-985d-c1563e8c13ba/ND6CP.doc,[],https://www.customs.gov.vn/index.jsp?pageId=3&id=73181&cid=1294,2009,01/2009,2026-10-08T10:00:56Z
16514,173/TCHQ-GSQL.,09/01/2009,Tổng cục hải quan,Công văn số 173/TCHQ-GSQL của Tổng cục Hải quan v/v thay thế C/O,42988,310,18,QUANG_BINH,null,null,https://files.customs.gov.vn/CustomsCMS/QUANG_BINH/2021/04/images/stories/files/CV17309TCHQ.doc,[],https://www.customs.gov.vn/index.jsp?pageId=3&id=42988&cid=1294,2009,01/2009,2026-10-08T10:00:56Z
16516,65/TCHQ-GSQL,06/01/2009,Chính phủ,Công văn số 65/TCHQ-GSQL về kiểm tra vệ sinh an toàn thực phẩm hàng NK để bán tại cửa hàng miễn thuế,59468,310,16,TONG_CUC,null,06/01/2009,https://files.customs.gov.vnhttps://files.customs.gov.vn/van_ban_phap_luat/Lists/VanBanPhapLuat/Attachments/5244/CV65TCHQGSQL.tif,[],https://www.customs.gov.vn/index.jsp?pageId=3&id=59468&cid=1294,2009,01/2009,2026-10-08T10:00:56Z
16537,6121/TCHQ-GSQL,27/11/2008,Tổng cục hải quan,Công văn số 6121/TCHQ-GSQL của Tổng cục Hải quan v/v thủ tục hải quan đối với thực phẩm nhập khẩu,43020,310,18,QUANG_BINH,null,null,https://files.customs.gov.vn/CustomsCMS/QUANG_BINH/2021/04CV612108TCHQ.doc,[],https://www.customs.gov.vn/index.jsp?pageId=3&id=43020&cid=1294,2008,11/2008,2026-10-08T10:01:01Z
16638,4827/TCHQ-KTTT,25/09/2008,Tổng cục hải quan,Công văn số 4827/TCHQ-KTTT của Tổng cục Hải quan v/v hiệu đính số liệu trên hệ thống QLRR.,42777,310,18,QUANG_BINH,null,null,https://files.customs.gov.vn/CustomsCMS/QUANG_BINH/2021/04/images/stories/files/CV482708TCHQ.doc,[],https://www.customs.gov.vn/index.jsp?pageId=3&id=42777&cid=1294,2008,09/2008,2026-10-08T10:01:01Z
16646,107/2008/NĐ-CP,22/09/2008,null,"Quy định xử phạt hành chính các hành vi đầu cơ, găm hàng, 
tăng giá quá mức, đưa tin thất thiệt, buôn lậu và gian lận thương mại.",73169,310,8,DA_NANG,admin,22/09/2008,https://files.customs.gov.vnhttps://files.customs.gov.vn/DA_NANG/Uploads/65e32243-11bf-4695-985d-c1563e8c13ba/Nghị định số 107.doc,[],https://www.customs.gov.vn/index.jsp?pageId=3&id=73169&cid=1294,2008,09/2008,2026-10-08T10:01:01Z
16649,4699/TCHQ-KTTT,19/09/2008,Tổng cục hải quan,Công văn số 4699/TCHQ-KTTT của Tổng cục Hải quan hướng dẫn chuyển loại hình với nguyên vật liệu nhập sản xuất xuất khẩu.,43026,310,18,QUANG_BINH,null,null,https://files.customs.gov.vn/CustomsCMS/QUANG_BINH/2021/04/images/stories/files/CV469908TCHQ.doc,[],https://www.customs.gov.vn/index.jsp?pageId=3&id=43026&cid=1294,2008,09/2008,2026-10-08T10:01:01Z
16745,TT 59/2008/TT-BTC ngày 04/7/2008,04/07/2008,null,"<p><span style=""color: #000080""><span style=""font-size: small""><span style=""font-family: Times New Roman"">Hướng dẫn việc quản lý, sử dụng nguồn thu từ xử lý vi phạm pháp luật trong lĩnh vực chống buôn lậu gian lận thương mại, hàng giả</span>",73165,310,4,DA_NANG,admin,04/07/2008,https://files.customs.gov.vnhttps://files.customs.gov.vn/DA_NANG/Uploads/65e32243-11bf-4695-985d-c1563e8c13ba/TT 59 của BTC.doc,[],https://www.customs.gov.vn/index.jsp?pageId=3&id=73165&cid=1294,2008,07/2008,2026-10-08T10:01:01Z
16784,2334/TCHQ-GSQL.,20/05/2008,Tổng cục hải quan,Công văn số 2334/TCHQ-GSQL về việc nộp Giấy đăng ký kiểm tra chất lượng hàng hóa khi làm thủ tục hải quan,43032,310,18,QUANG_BINH,null,null,https://files.customs.gov.vn/CustomsCMS/QUANG_BINH/2021/04CV233408TCHQGSQL[1].TIF,[],https://www.customs.gov.vn/index.jsp?pageId=3&id=43032&cid=1294,2008,05/2008,2026-10-08T10:01:01Z
16791,2268/TCHQ-GSQL.,16/05/2008,Tổng cục hải quan,Công văn số 2268/TCHQ-GSQL về việc thủ tục hải quan đối với hàng hóa XNK tại chỗ,42992,310,18,QUANG_BINH,null,null,https://files.customs.gov.vn/CustomsCMS/QUANG_BINH/2021/04CV226808TCHQGSQL[1].TIF,[],https://www.customs.gov.vn/index.jsp?pageId=3&id=42992&cid=1294,2008,05/2008,2026-10-08T10:01:01Z
16798,2127/TCHQ-GSQL.,09/05/2008,Tổng cục hải quan,Công văn số 2127/TCHQ-GSQL về việc vướng mắc về xử lý tờ khai xuất nhập khẩu tại chỗ quá hạn,42999,310,18,QUANG_BINH,null,null,https://files.customs.gov.vn/CustomsCMS/QUANG_BINH/2021/04CV212708TCHQKTTT[1].TIF,[],https://www.customs.gov.vn/index.jsp?pageId=3&id=42999&cid=1294,2008,05/2008,2026-10-08T10:01:01Z
16946,001/2007/TT-BCT,29/08/2007,null,"Hướng dẫn thực hiện một số điều của Nghị định số 119/2007/NĐ-CP
ngày 18 tháng 7 năm 2007 của Chính phủ
về sản xuất và kinh doanh thuốc lá",73150,310,4,DA_NANG,admin,29/08/2007,https://files.customs.gov.vnhttps://files.customs.gov.vn/DA_NANG/Uploads/65e32243-11bf-4695-985d-c1563e8c13ba/TTư số 001 năm 2007 của BỘ CÔNG THƯƠNG hướng dẫn NĐ 119 về sản xuất kinh doanh thuốc lá.doc,[],https://www.customs.gov.vn/index.jsp?pageId=3&id=73150&cid=1294,2007,08/2007,2026-10-08T10:01:06Z
16954,136/2007/NĐ-CP,17/08/2007,Chính phủ,"Nghị định số 136/2007/NĐ-CP của Chính phủ về xuất cảnh, nhập cảnh của công dân Việt Nam",42718,310,18,QUANG_BINH,null,null,https://files.customs.gov.vn/CustomsCMS/QUANG_BINH/2021/04/images/stories/files/ND13607CP.doc,[],https://www.customs.gov.vn/index.jsp?pageId=3&id=42718&cid=1294,2007,08/2007,2026-10-08T10:01:06Z
17077,31/2007/UBTVQH11,08/03/2007,null,"Pháp lệnh sửa đổi, bổ sung một số điều của Pháp lệnh xử lý vi phạm hành chính",73135,310,13,DA_NANG,admin,08/03/2007,"https://files.customs.gov.vnhttps://files.customs.gov.vn/DA_NANG/Uploads/65e32243-11bf-4695-985d-c1563e8c13ba/PHÁP LỆNH sửa đổi, bổ sung số 31 của UBTVQH.doc",[],https://www.customs.gov.vn/index.jsp?pageId=3&id=73135&cid=1294,2007,03/2007,2026-10-08T10:01:06Z
17080,13/2007/TT-BTC,06/03/2007,null,Sửa đổi và bổ sung thông tư 34/2005/TT-BTC ngày 12/5/2005 hướng dẫn việc xác định giá khởi điểm và chuyển giao tài sản nhà nước để bán đấu giá.,73134,310,4,DA_NANG,admin,06/03/2007,"https://files.customs.gov.vnhttps://files.customs.gov.vn/DA_NANG/Uploads/65e32243-11bf-4695-985d-c1563e8c13ba/TTư số 13 sửa đổi, bổ sung TTư số 34 hướng dẫn việc xđ giá khởi điểm.doc",[],https://www.customs.gov.vn/index.jsp?pageId=3&id=73134&cid=1294,2007,03/2007,2026-10-08T10:01:06Z
17084,31/2007/NĐ-CP,02/03/2007,null,"Về xử phạt vi phạm hành chính 
trong lĩnh vực quản lý hoá chất nguy hiểm",73133,310,8,DA_NANG,admin,02/03/2007,https://files.customs.gov.vnhttps://files.customs.gov.vn/DA_NANG/Uploads/65e32243-11bf-4695-985d-c1563e8c13ba/NĐ số 31 về xử phạt VPHC trong lĩnh vực qlý hoá chất.doc.doc,[],https://www.customs.gov.vn/index.jsp?pageId=3&id=73133&cid=1294,2007,03/2007,2026-10-08T10:01:06Z
17138,02/2007/NĐ-CP,05/01/2007,Chính phủ,Nghị định số 02/2007/NĐ-CP ngày 05/01/2007 của Chính phủ về kiểm dịch thực vật,42735,310,18,QUANG_BINH,null,null,https://files.customs.gov.vn/CustomsCMS/QUANG_BINH/2021/04/images/stories/files/ND0207CP.doc,[],https://www.customs.gov.vn/index.jsp?pageId=3&id=42735&cid=1294,2007,01/2007,2026-10-08T10:01:06Z
17339,46/2006/NĐ-CP,16/05/2006,null,Về xử lý hàng hoá do người vận chuyển lưu giữ tại cảng biển Việt Nam,73117,310,8,DA_NANG,admin,16/05/2006,https://files.customs.gov.vnhttps://files.customs.gov.vn/DA_NANG/Uploads/65e32243-11bf-4695-985d-c1563e8c13ba/NĐ 46 ngày 16.5.2006 về xử lý hàng hoá do người vận chuyển lưu giữ tại cảng biển Việt Nam.doc,[],https://www.customs.gov.vn/index.jsp?pageId=3&id=73117&cid=1294,2006,05/2006,2026-10-08T10:01:12Z
17526,34/2005/TT-BTC,12/05/2005,null,Hướng dẫn việc xác định giá khởi điểm và chuyển giao tài sản Nhà nước để bán đấu giá.,73102,310,4,DA_NANG,admin,12/05/2005,https://files.customs.gov.vnhttps://files.customs.gov.vn/DA_NANG/Uploads/65e32243-11bf-4695-985d-c1563e8c13ba/TTư số 34 của BTC hướng dẫn việc xác định giá khởi điểm.doc,[],https://www.customs.gov.vn/index.jsp?pageId=3&id=73102&cid=1294,2005,05/2005,2026-10-08T10:01:17Z
17592,05/2005/NĐ-CP,18/01/2005,null,Về bán đấu giá tài sản,73101,310,8,DA_NANG,admin,18/01/2005,https://files.customs.gov.vnhttps://files.customs.gov.vn/DA_NANG/Uploads/65e32243-11bf-4695-985d-c1563e8c13ba/Nđ số 05 về bán đấu giá tài sản.doc,[],https://www.customs.gov.vn/index.jsp?pageId=3&id=73101&cid=1294,2005,01/2005,2026-10-08T10:01:17Z
17609,185/2004/NĐ-CP,04/11/2004,null,Nghị định về xử lý vi phạm hành chính trong lĩnh vực kế toán.,73099,310,8,DA_NANG,admin,04/11/2004,https://files.customs.gov.vnhttps://files.customs.gov.vn/DA_NANG/Uploads/65e32243-11bf-4695-985d-c1563e8c13ba/Nghị định 185 về xử lý VPHC trong lĩnh vực kế toán.doc,[],https://www.customs.gov.vn/index.jsp?pageId=3&id=73099&cid=1294,2004,11/2004,2026-10-08T10:01:23Z
17611,169/2004/NĐ-CP,22/09/2004,null,Quy định về xử phạt vi phạm hành chính trong lĩnh vực giá,73097,310,8,DA_NANG,admin,22/09/2004,https://files.customs.gov.vnhttps://files.customs.gov.vn/DA_NANG/Uploads/65e32243-11bf-4695-985d-c1563e8c13ba/NĐ số 169 ngày 22.9.04 quy định vê việc XPVPHC trong lĩnh vực giá.doc,[],https://www.customs.gov.vn/index.jsp?pageId=3&id=73097&cid=1294,2004,09/2004,2026-10-08T10:01:23Z
17623,138/2004/NĐ-CP,17/06/2004,Chính phủ,Nghị định 138/2004/NĐ-CP của chính phủ Quy định việc xử phạt vi phạm hành chính trong lĩnh vực Hải quan,42959,310,18,QUANG_BINH,null,null,https://files.customs.gov.vnhttps://files.customs.gov.vn/CustomsCMS/QUANG_BINH/2021/04/images/stories/files/04138 - NDCP[1].rtf,[],https://www.customs.gov.vn/index.jsp?pageId=3&id=42959&cid=1294,2004,06/2004,2026-10-08T10:01:23Z
17651,29/2004/NĐ-CP,06/01/2004,Chính phủ,"Nghị định của Chính phủ số 29/2004/NĐ-CP ngày 16/01/2004 quy định chức năng, nhiệm vụ, quyền hạn và cơ cấu tổ chức của Bộ Thương mại.",42895,310,18,QUANG_BINH,null,null,https://files.customs.gov.vn/CustomsCMS/QUANG_BINH/2021/04/images/stories/files/04000028.DOC,[],https://www.customs.gov.vn/index.jsp?pageId=3&id=42895&cid=1294,2004,01/2004,2026-10-08T10:01:23Z
17717,11/2002/NĐ-CP,22/01/2002,Chính phủ,"Về việc quản lý hoạt động xuất khẩu, nhập khẩu và quá cảnh các loài động vật, thực vật hoang dã",42864,310,18,QUANG_BINH,null,null,https://files.customs.gov.vn/CustomsCMS/QUANG_BINH/2021/04/images/stories/files/02000101.DOC,[],https://www.customs.gov.vn/index.jsp?pageId=3&id=42864&cid=1294,2002,01/2002,2026-10-08T10:01:34Z
17723,67/2001/NĐ-CP,01/10/2001,Quốc hội,Ban hành các danh mục chất ma tuý và tiền chất,42866,310,18,QUANG_BINH,null,null,https://files.customs.gov.vn/CustomsCMS/QUANG_BINH/2021/04/images/stories/files/01000919.DOC,[],https://www.customs.gov.vn/index.jsp?pageId=3&id=42866&cid=1294,2001,10/2001,2026-10-08T10:01:39Z
17759,01/2000/TTLT-BNG-TCHQ,10/03/2000,Tổng cục hải quan,"Thông tư liên tịch của Bộ Ngoại giao - Tổng cục Hải quan hướng dẫn thi hành điều 21 Nghị định số 16/1999/NĐ-CP ngày 27/3/1999 của Chính phủ quy định về thủ tục Hải quan, giám sát Hải quan và lệ phí Hải quan",42858,310,18,QUANG_BINH,null,null,https://files.customs.gov.vn/CustomsCMS/QUANG_BINH/2021/04/images/stories/files/00000950.DOC,[],https://www.customs.gov.vn/index.jsp?pageId=3&id=42858&cid=1294,2000,03/2000,2026-10-08T10:01:44Z
17770,16/1999NĐ/CP,27/03/1999,Chính phủ,"Quy định về thủ tục Hải quan, giám sát Hải quan và lệ phí Hải quan",42982,310,18,QUANG_BINH,null,null,https://files.customs.gov.vnhttps://files.customs.gov.vn/CustomsCMS/QUANG_BINH/2021/04/images/stories/files/Nghi dinh 16 nam 1999 thu tuc le phi.rtf,[],https://www.customs.gov.vn/index.jsp?pageId=3&id=42982&cid=1294,1999,03/1999,2026-10-08T10:01:50Z
17784,14/1998/NĐ-CP,06/03/1998,null,Về quản lý tài sản nhà nước,73079,310,8,DA_NANG,admin,06/03/1998,https://files.customs.gov.vnhttps://files.customs.gov.vn/DA_NANG/Uploads/65e32243-11bf-4695-985d-c1563e8c13ba/NĐ số 14 năm 1998 về quản lý tài sản Nhà nước.doc,[],https://www.customs.gov.vn/index.jsp?pageId=3&id=73079&cid=1294,1998,03/1998,2026-10-08T10:01:55Z
17793,36/CP,24/04/1997,Chính phủ,"Nghị định của Chính phủ 36/CP về ban hành Quy chế khu công nghiệp, khu chế xuất,khu công nghệ cao",42978,310,13,QUANG_BINH,null,null,https://files.customs.gov.vn/CustomsCMS/QUANG_BINH/2021/04/images/stories/files/36_CP.DOC,[],https://www.customs.gov.vn/index.jsp?pageId=3&id=42978&cid=1294,1997,04/1997,2026-10-08T10:02:00Z
17798,47/CP,12/08/1996,Chính phủ,"Nghị định số 47/CP của Chính phủ về quản lý vũ khí, vật liệu nổ và công cụ hỗ trợ",42737,310,18,QUANG_BINH,null,null,https://files.customs.gov.vn/CustomsCMS/QUANG_BINH/2021/04/images/stories/files/ND4796CP.doc,[],https://www.customs.gov.vn/index.jsp?pageId=3&id=42737&cid=1294,1996,08/1996,2026-10-08T10:02:04Z
