stt,so_hieu,ngay_ban_hanh,co_quan_ban_hanh,noi_dung_tom_tat,ma_noi_bo,linh_vuc,loai_van_ban,chuyen_trang,nguoi_ky,ngay_hieu_luc,pdf_url,url_chi_tiet,nam,nam_thang,crawled_at
1,56/TB-KĐ3,30/01/2024,Tổng cục Hải qun,Về kết quả phân tích kèm mã số hàng hóa,92475,313,19,TONG_CUC,Nguyễn Thị Thanh Phượng,null,https://files.customs.gov.vn/CustomsCMS/TONG_CUC/2024/4/12/56.pdf,https://www.customs.gov.vn/index.jsp?pageId=3&id=92475&cid=1294,2024,01/2024,2026-10-08T09:33:41Z
2,57/TB-KĐ3,30/01/2024,Tổng cục Hải qun,Về kết quả phân tích kèm mã số hàng hóa,92476,313,19,TONG_CUC,Nguyễn Thị Thanh Phượng,null,https://files.customs.gov.vn/CustomsCMS/TONG_CUC/2024/4/12/57.pdf,https://www.customs.gov.vn/index.jsp?pageId=3&id=92476&cid=1294,2024,01/2024,2026-10-08T09:33:41Z
3,58/TB-KĐ3,30/01/2024,Tổng cục Hải qun,Về kết quả phân tích kèm mã số hàng hóa,92477,313,19,TONG_CUC,Nguyễn Thị Thanh Phượng,null,https://files.customs.gov.vn/CustomsCMS/TONG_CUC/2024/4/12/58.pdf,https://www.customs.gov.vn/index.jsp?pageId=3&id=92477&cid=1294,2024,01/2024,2026-10-08T09:33:41Z
4,59/TB-KĐ3,30/01/2024,Tổng cục Hải qun,Về kết quả phân tích kèm mã số hàng hóa,92478,313,19,TONG_CUC,Nguyễn Thị Thanh Phượng,null,https://files.customs.gov.vn/CustomsCMS/TONG_CUC/2024/4/12/59.pdf,https://www.customs.gov.vn/index.jsp?pageId=3&id=92478&cid=1294,2024,01/2024,2026-10-08T09:33:41Z
5,60/TB-KĐ3,30/01/2024,Tổng cục Hải qun,Về kết quả phân tích kèm mã số hàng hóa,92479,313,19,TONG_CUC,Nguyễn Thị Thanh Phượng,null,https://files.customs.gov.vn/CustomsCMS/TONG_CUC/2024/4/12/60.pdf,https://www.customs.gov.vn/index.jsp?pageId=3&id=92479&cid=1294,2024,01/2024,2026-10-08T09:33:41Z
6,61/TB-KĐ3,30/01/2024,Tổng cục Hải qun,Về kết quả phân tích kèm mã số hàng hóa,92463,313,19,TONG_CUC,Nguyễn Thị Thanh Phượng,null,,https://www.customs.gov.vn/index.jsp?pageId=3&id=92463&cid=1294,2024,01/2024,2026-10-08T09:33:41Z
7,62/TB-KĐ3,30/01/2024,Tổng cục Hải qun,Về kết quả phân tích kèm mã số hàng hóa,92480,313,19,TONG_CUC,Nguyễn Thị Thanh Phượng,null,https://files.customs.gov.vn/CustomsCMS/TONG_CUC/2024/4/12/62.pdf,https://www.customs.gov.vn/index.jsp?pageId=3&id=92480&cid=1294,2024,01/2024,2026-10-08T09:33:41Z
8,63/TB-KĐ3,30/01/2024,Tổng cục Hải qun,Về kết quả phân tích kèm mã số hàng hóa,92481,313,19,TONG_CUC,Nguyễn Thị Thanh Phượng,null,https://files.customs.gov.vn/CustomsCMS/TONG_CUC/2024/4/12/63.pdf,https://www.customs.gov.vn/index.jsp?pageId=3&id=92481&cid=1294,2024,01/2024,2026-10-08T09:33:41Z
9,388/TB-TCHQ,24/01/2024,Tổng cục Hải quan,Kết quả xác định trước mã số,90783,313,10,TONG_CUC,Hoàng Việt Cường,null,https://files.customs.gov.vn/CustomsCMS/TONG_CUC/2024/1/30/388.pdf,https://www.customs.gov.vn/index.jsp?pageId=3&id=90783&cid=1294,2024,01/2024,2026-10-08T09:33:41Z
10,14/TB-KĐ4,23/01/2024,Tổng cục Hải qun,"Về kết quả phân tích kèm mã số hàng hóa xuất khẩu, nhập khẩu",92424,313,19,TONG_CUC,Lê Ngọc Tấn,null,https://files.customs.gov.vn/CustomsCMS/TONG_CUC/2024/4/12/14-TB-KĐ4.pdf,https://www.customs.gov.vn/index.jsp?pageId=3&id=92424&cid=1294,2024,01/2024,2026-10-08T09:33:41Z
11,13/TB-KĐ4,22/01/2024,Tổng cục Hải qun,"Về kết quả phân tích kèm mã số hàng hóa xuất khẩu, nhập khẩu",92408,313,19,TONG_CUC,Lê Ngọc Tấn,null,https://files.customs.gov.vn/CustomsCMS/TONG_CUC/2024/4/12/13-TB-KĐ4.pdf,https://www.customs.gov.vn/index.jsp?pageId=3&id=92408&cid=1294,2024,01/2024,2026-10-08T09:33:41Z
12,328/TB-TCHQ,22/01/2024,Tổng cục Hải quan,Kết quả xác định trước mã số,90647,313,19,TONG_CUC,Hoàng Việt Cường,null,https://files.customs.gov.vn/CustomsCMS/TONG_CUC/2024/1/24/328.pdf,https://www.customs.gov.vn/index.jsp?pageId=3&id=90647&cid=1294,2024,01/2024,2026-10-08T09:33:41Z
13,329/TB-TCHQ,22/01/2024,Tổng cục Hải quan,Kết quả xác định trước mã số,90682,313,19,TONG_CUC,null,null,https://files.customs.gov.vn/CustomsCMS/TONG_CUC/2024/1/24/329.pdf,https://www.customs.gov.vn/index.jsp?pageId=3&id=90682&cid=1294,2024,01/2024,2026-10-08T09:33:41Z
14,330/TB-TCHQ,22/01/2024,Tổng cục Hải quan,Kết quả xác định trước mã số,90680,313,19,TONG_CUC,Hoàng Việt Cường,null,https://files.customs.gov.vn/CustomsCMS/TONG_CUC/2024/1/24/330.pdf,https://www.customs.gov.vn/index.jsp?pageId=3&id=90680&cid=1294,2024,01/2024,2026-10-08T09:33:41Z
15,12/TB-KĐ4,19/01/2024,Tổng cục Hải qun,"Về kết quả phân tích kèm mã số hàng hóa xuất khẩu, nhập khẩu",92423,313,19,TONG_CUC,Lê Ngọc Tấn,null,https://files.customs.gov.vn/CustomsCMS/TONG_CUC/2024/4/12/12-TB-KĐ4.pdf,https://www.customs.gov.vn/index.jsp?pageId=3&id=92423&cid=1294,2024,01/2024,2026-10-08T09:33:41Z
16,313/TB-TCHQ,19/01/2024,Tổng cục Hải quan,Kết quả xác định trước mã số,90681,313,19,TONG_CUC,Hoàng Việt Cường,null,https://files.customs.gov.vn/CustomsCMS/TONG_CUC/2024/1/24/313.pdf,https://www.customs.gov.vn/index.jsp?pageId=3&id=90681&cid=1294,2024,01/2024,2026-10-08T09:33:41Z
17,33/TB-KĐ3,19/01/2024,Tổng cục Hải qun,"Về kết quả phân tích kèm mã số hàng hóa xuất khẩu, nhập khẩu",92403,313,19,TONG_CUC,Nguyễn Thị Thanh Phượng,null,https://files.customs.gov.vn/CustomsCMS/TONG_CUC/2024/4/12/33.pdf,https://www.customs.gov.vn/index.jsp?pageId=3&id=92403&cid=1294,2024,01/2024,2026-10-08T09:33:41Z
18,09/TB-KĐ4,18/01/2024,Tổng cục Hải qun,"Về kết quả phân tích kèm mã số hàng hóa xuất khẩu, nhập khẩu",92420,313,19,TONG_CUC,Lê Ngọc Tấn,null,https://files.customs.gov.vn/CustomsCMS/TONG_CUC/2024/4/12/09-TB-KĐ4.pdf,https://www.customs.gov.vn/index.jsp?pageId=3&id=92420&cid=1294,2024,01/2024,2026-10-08T09:33:41Z
19,10/B-KĐ4,18/01/2024,Tổng cục Hải qun,"Về kết quả phân tích kèm mã số hàng hóa xuất khẩu, nhập khẩu",92421,313,19,TONG_CUC,Lê Ngọc Tấn,null,https://files.customs.gov.vn/CustomsCMS/TONG_CUC/2024/4/12/10-TB-KĐ4.pdf,https://www.customs.gov.vn/index.jsp?pageId=3&id=92421&cid=1294,2024,01/2024,2026-10-08T09:33:41Z
20,11/TB-LĐ4,18/01/2024,Tổng cục Hải qun,"Về kết quả phân tích kèm mã số hàng hóa xuất khẩu, nhập khẩu",92422,313,19,TONG_CUC,Trần Hương Giang,null,https://files.customs.gov.vn/CustomsCMS/TONG_CUC/2024/4/12/11-TB-KĐ4.pdf,https://www.customs.gov.vn/index.jsp?pageId=3&id=92422&cid=1294,2024,01/2024,2026-10-08T09:33:41Z
21,31/TB-KĐ3,18/01/2024,Tổng cục Hải qun,"Về kết quả phân tích kèm mã số hàng hóa xuất khẩu, nhập khẩu",92402,313,19,TONG_CUC,Nguyễn Thị Thanh Phượng,null,https://files.customs.gov.vn/CustomsCMS/TONG_CUC/2024/4/12/31.pdf,https://www.customs.gov.vn/index.jsp?pageId=3&id=92402&cid=1294,2024,01/2024,2026-10-08T09:33:41Z
22,06/TB-KĐ4,17/01/2024,Tổng cục Hải qun,"Về kết quả phân tích kèm mã số hàng hóa xuất khẩu, nhập khẩu",92404,313,19,TONG_CUC,Trần Hương Giang,null,https://files.customs.gov.vn/CustomsCMS/TONG_CUC/2024/4/12/06-TB-KĐ4.pdf,https://www.customs.gov.vn/index.jsp?pageId=3&id=92404&cid=1294,2024,01/2024,2026-10-08T09:33:41Z
23,07/TB-KĐ4,17/01/2024,Tổng cục Hải qun,"Về kết quả phân tích kèm mã số hàng hóa xuất khẩu, nhập khẩu",92405,313,19,TONG_CUC,Lê Ngọc Tấn,null,https://files.customs.gov.vn/CustomsCMS/TONG_CUC/2024/4/12/07-TB-KĐ4.pdf,https://www.customs.gov.vn/index.jsp?pageId=3&id=92405&cid=1294,2024,01/2024,2026-10-08T09:33:41Z
24,08/TB-KĐ4,17/01/2024,Tổng cục Hải qun,"Về kết quả phân tích kèm mã số hàng hóa xuất khẩu, nhập khẩu",92406,313,19,TONG_CUC,Trần Hương Giang,null,https://files.customs.gov.vn/CustomsCMS/TONG_CUC/2024/4/12/08-TB-KĐ4.pdf,https://www.customs.gov.vn/index.jsp?pageId=3&id=92406&cid=1294,2024,01/2024,2026-10-08T09:33:41Z
25,25/TB-KĐ3,17/01/2024,Tổng cục Hải qun,"Về kết quả phân tích kèm mã số hàng hóa xuất khẩu, nhập khẩu",92417,313,19,TONG_CUC,Nguyễn Thị Thanh Phượng,null,https://files.customs.gov.vn/CustomsCMS/TONG_CUC/2024/4/12/25.pdf,https://www.customs.gov.vn/index.jsp?pageId=3&id=92417&cid=1294,2024,01/2024,2026-10-08T09:33:41Z
26,26/TB-KĐ3,17/01/2024,Tổng cục Hải qun,"Về kết quả phân tích kèm mã số hàng hóa xuất khẩu, nhập khẩu",92400,313,19,TONG_CUC,Nguyễn Thị Thanh Phượng,null,https://files.customs.gov.vn/CustomsCMS/TONG_CUC/2024/4/12/26.pdf,https://www.customs.gov.vn/index.jsp?pageId=3&id=92400&cid=1294,2024,01/2024,2026-10-08T09:33:41Z
27,271/TB-TCHQ,17/01/2024,Tổng cục Hải quan,Kết quả xác định trước mã số,90558,313,19,TONG_CUC,Hoàng Việt Cường,null,https://files.customs.gov.vn/CustomsCMS/TONG_CUC/2024/1/18/271.pdf,https://www.customs.gov.vn/index.jsp?pageId=3&id=90558&cid=1294,2024,01/2024,2026-10-08T09:33:41Z
28,28/TB-KĐ3,17/01/2024,Tổng cục Hải qun,"Về kết quả phân tích kèm mã số hàng hóa xuất khẩu, nhập khẩu",92418,313,19,TONG_CUC,Nguyễn Thị Thanh Phượng,null,https://files.customs.gov.vn/CustomsCMS/TONG_CUC/2024/4/12/28.pdf,https://www.customs.gov.vn/index.jsp?pageId=3&id=92418&cid=1294,2024,01/2024,2026-10-08T09:33:41Z
29,29/TB-KĐ3,17/01/2024,Tổng cục Hải qun,"Về kết quả phân tích kèm mã số hàng hóa xuất khẩu, nhập khẩu",92401,313,19,TONG_CUC,Nguyễn Thị Thanh Phượng,null,https://files.customs.gov.vn/CustomsCMS/TONG_CUC/2024/4/12/29.pdf,https://www.customs.gov.vn/index.jsp?pageId=3&id=92401&cid=1294,2024,01/2024,2026-10-08T09:33:41Z
30,30/TB-KĐ3,17/01/2024,Tổng cục Hải qun,"Về kết quả phân tích kèm mã số hàng hóa xuất khẩu, nhập khẩu",92419,313,19,TONG_CUC,Nguyễn Thị Thanh Phượng,null,,https://www.customs.gov.vn/index.jsp?pageId=3&id=92419&cid=1294,2024,01/2024,2026-10-08T09:33:41Z
31,233/TB-TCHQ,16/01/2024,Tổng cục Hải quan,Đính chính Thông báo kết quả xác định trước mã số,90595,313,19,TONG_CUC,Đào Thu Hương,null,https://files.customs.gov.vn/CustomsCMS/TONG_CUC/2024/1/19/233.pdf,https://www.customs.gov.vn/index.jsp?pageId=3&id=90595&cid=1294,2024,01/2024,2026-10-08T09:33:41Z
32,24/TB-KĐ3,16/01/2024,Tổng cục Hải qun,"Về kết quả phân tích kèm mã số hàng hóa xuất khẩu, nhập khẩu",92416,313,19,TONG_CUC,Nguyễn Thị Thanh Phượng,null,https://files.customs.gov.vn/CustomsCMS/TONG_CUC/2024/4/12/24.pdf,https://www.customs.gov.vn/index.jsp?pageId=3&id=92416&cid=1294,2024,01/2024,2026-10-08T09:33:41Z
33,210/TB-TCHQ,15/01/2024,Tổng cục Hải quan,Kết quả xác định trước mã số,90583,313,19,TONG_CUC,Hoàng Việt Cường,15/01/2024,https://files.customs.gov.vn/CustomsCMS/TONG_CUC/2024/1/18/210.pdf,https://www.customs.gov.vn/index.jsp?pageId=3&id=90583&cid=1294,2024,01/2024,2026-10-08T09:33:41Z
34,211/TB-TCHQ,15/01/2024,Tổng cục Hải quan,Kết quả xác định trước mã số,90582,313,19,TONG_CUC,Hoàng Việt Cường,15/01/2024,https://files.customs.gov.vn/CustomsCMS/TONG_CUC/2024/1/18/211.pdf,https://www.customs.gov.vn/index.jsp?pageId=3&id=90582&cid=1294,2024,01/2024,2026-10-08T09:33:41Z
35,213/TB-TCHQ,15/01/2024,Tổng cục Hải quan,Kết quả xác định trước mã số,90581,313,19,TONG_CUC,Hoàng Việt Cường,15/01/2024,https://files.customs.gov.vn/CustomsCMS/TONG_CUC/2024/1/18/213.pdf,https://www.customs.gov.vn/index.jsp?pageId=3&id=90581&cid=1294,2024,01/2024,2026-10-08T09:33:41Z
36,185/TB-TCHQ,12/01/2024,Tổng cục Hải quan,Kết quả xác định trước mã số,90487,313,19,TONG_CUC,Hoàng Việt Cường,null,https://files.customs.gov.vn/CustomsCMS/TONG_CUC/2024/1/16/185.pdf,https://www.customs.gov.vn/index.jsp?pageId=3&id=90487&cid=1294,2024,01/2024,2026-10-08T09:33:41Z
37,191/TB-TCHQ,12/01/2024,Tổng cục Hải quan,Kết quả xác định trước mã số,90488,313,19,TONG_CUC,Hoàng Việt Cường,null,https://files.customs.gov.vn/CustomsCMS/TONG_CUC/2024/1/16/191.pdf,https://www.customs.gov.vn/index.jsp?pageId=3&id=90488&cid=1294,2024,01/2024,2026-10-08T09:33:41Z
38,192/TCHQ-TXNK,12/01/2024,Tổng cục Hải quan,Kết quả xác định trước mã số,90510,313,19,TONG_CUC,Hoàng Việt Cường,12/01/2024,https://files.customs.gov.vn/CustomsCMS/TONG_CUC/2024/1/17/192.pdf,https://www.customs.gov.vn/index.jsp?pageId=3&id=90510&cid=1294,2024,01/2024,2026-10-08T09:33:41Z
39,170/TB-TCHQ,11/01/2024,Tổng cục Hải quan,Kết quả xác định trước mã số,90500,313,19,TONG_CUC,Hoàng Việt Cường,null,https://files.customs.gov.vn/CustomsCMS/TONG_CUC/2024/1/16/170.pdf,https://www.customs.gov.vn/index.jsp?pageId=3&id=90500&cid=1294,2024,01/2024,2026-10-08T09:33:41Z
40,171/TB-TCHQ,11/01/2024,Tổng cục Hải quan,Kết quả xác định trước mã số,90485,313,19,TONG_CUC,Hoàng Việt Cường,null,https://files.customs.gov.vn/CustomsCMS/TONG_CUC/2024/1/16/171.pdf,https://www.customs.gov.vn/index.jsp?pageId=3&id=90485&cid=1294,2024,01/2024,2026-10-08T09:33:41Z
41,172/TB-TCHQ,11/01/2024,Tổng cục Hải quan,Kết quả xác định trước mã số,90486,313,19,TONG_CUC,Hoàng Việt Cường,null,https://files.customs.gov.vn/CustomsCMS/TONG_CUC/2024/1/16/172.pdf,https://www.customs.gov.vn/index.jsp?pageId=3&id=90486&cid=1294,2024,01/2024,2026-10-08T09:33:41Z
42,173/TB-TCHQ,11/01/2024,Tổng cục Hải quan,Kết quả xác định trước mã số,90501,313,19,TONG_CUC,Hoàng Việt Cường,null,https://files.customs.gov.vn/CustomsCMS/TONG_CUC/2024/1/16/173.pdf,https://www.customs.gov.vn/index.jsp?pageId=3&id=90501&cid=1294,2024,01/2024,2026-10-08T09:33:41Z
43,143/TB-TCHQ,10/01/2024,Tổng cục Hải quan,Kết quả xác định trước mã số,90418,313,19,TONG_CUC,Hoàng Việt Cường,10/01/2024,https://files.customs.gov.vn/CustomsCMS/TONG_CUC/2024/1/11/143.pdf,https://www.customs.gov.vn/index.jsp?pageId=3&id=90418&cid=1294,2024,01/2024,2026-10-08T09:33:41Z
44,144/TB-TCHQ,10/01/2024,Tổng cục Hải quan,Kết quả xác định trước mã số,90436,313,19,TONG_CUC,Hoàng Việt Cường,10/01/2024,https://files.customs.gov.vn/CustomsCMS/TONG_CUC/2024/1/11/144.pdf,https://www.customs.gov.vn/index.jsp?pageId=3&id=90436&cid=1294,2024,01/2024,2026-10-08T09:33:41Z
45,146/TB-TCHQ,10/01/2024,Tổng cục Hải quan,Kết quả xác định trước mã số,90417,313,19,TONG_CUC,Hoàng Việt Cường,10/01/2024,https://files.customs.gov.vn/CustomsCMS/TONG_CUC/2024/1/11/146.pdf,https://www.customs.gov.vn/index.jsp?pageId=3&id=90417&cid=1294,2024,01/2024,2026-10-08T09:33:41Z
46,150/TB-TCHQ,10/01/2024,Tổng cục Hải quan,Kết quả xác định trước mã số,90495,313,19,TONG_CUC,Hoàng Việt Cường,10/01/2024,https://files.customs.gov.vn/CustomsCMS/TONG_CUC/2024/1/15/150.pdf,https://www.customs.gov.vn/index.jsp?pageId=3&id=90495&cid=1294,2024,01/2024,2026-10-08T09:33:41Z
47,151/TB-TCHQ,10/01/2024,Tổng cục Hải quan,Kết quả xác định trước mã số,90496,313,19,TONG_CUC,Hoàng Việt Cường,10/01/2024,https://files.customs.gov.vn/CustomsCMS/TONG_CUC/2024/1/15/151.pdf,https://www.customs.gov.vn/index.jsp?pageId=3&id=90496&cid=1294,2024,01/2024,2026-10-08T09:33:41Z
48,103/TB-TCHQ,08/01/2024,Tổng cục Hải quan,Kết quả xác định trước mã số,90405,313,19,TONG_CUC,Hoàng Việt Cường,08/01/2024,https://files.customs.gov.vn/CustomsCMS/TONG_CUC/2024/1/10/103.pdf,https://www.customs.gov.vn/index.jsp?pageId=3&id=90405&cid=1294,2024,01/2024,2026-10-08T09:33:41Z
49,64/TB-TCHQ,04/01/2024,Tổng cục Hải quan,Kết quả xác định trước mã số,90403,313,19,TONG_CUC,Hoàng Việt Cường,04/01/2024,https://files.customs.gov.vn/CustomsCMS/TONG_CUC/2024/1/10/64.pdf,https://www.customs.gov.vn/index.jsp?pageId=3&id=90403&cid=1294,2024,01/2024,2026-10-08T09:33:41Z
50,65/TB-TCHQ,04/01/2024,Tổng cục Hải quan,Kết quả xác định trước mã số,90404,313,19,TONG_CUC,Hoàng Việt Cường,04/01/2024,https://files.customs.gov.vn/CustomsCMS/TONG_CUC/2024/1/10/65.pdf,https://www.customs.gov.vn/index.jsp?pageId=3&id=90404&cid=1294,2024,01/2024,2026-10-08T09:33:41Z
51,01/TB-KĐ3,03/01/2024,Tổng cục Hải qun,"Về kết quả phân tích kèm mã số hàng hóa xuất khẩu, nhập khẩu",90303,313,19,TONG_CUC,Nguyễn Thị Thanh Phượng,null,https://files.customs.gov.vn/CustomsCMS/TONG_CUC/2024/1/4/01.pdf,https://www.customs.gov.vn/index.jsp?pageId=3&id=90303&cid=1294,2024,01/2024,2026-10-08T09:33:41Z
52,02/TB-KĐ3,03/01/2024,Tổng cục Hải qun,"Về kết quả phân tích kèm mã số hàng hóa xuất khẩu, nhập khẩu",90326,313,19,TONG_CUC,Nguyễn Thị Thanh Phượng,null,https://files.customs.gov.vn/CustomsCMS/TONG_CUC/2024/1/4/02.pdf,https://www.customs.gov.vn/index.jsp?pageId=3&id=90326&cid=1294,2024,01/2024,2026-10-08T09:33:41Z
53,03/TB-KĐ3,03/01/2024,Tổng cục Hải qun,"Về kết quả phân tích kèm mã số hàng hóa xuất khẩu, nhập khẩu",90304,313,19,TONG_CUC,Nguyễn Phương Nhi,null,https://files.customs.gov.vn/CustomsCMS/TONG_CUC/2024/1/4/03.pdf,https://www.customs.gov.vn/index.jsp?pageId=3&id=90304&cid=1294,2024,01/2024,2026-10-08T09:33:41Z
54,04/TB-KĐ3,03/01/2024,Tổng cục Hải qun,"Về kết quả phân tích kèm mã số hàng hóa xuất khẩu, nhập khẩu",90327,313,19,TONG_CUC,Nguyễn Phương Nhi,null,https://files.customs.gov.vn/CustomsCMS/TONG_CUC/2024/1/4/04.pdf,https://www.customs.gov.vn/index.jsp?pageId=3&id=90327&cid=1294,2024,01/2024,2026-10-08T09:33:41Z
55,49/TB-TCHQ,03/01/2024,Tổng cục Hải quan,Kết quả xác định trước mã số,90347,313,19,TONG_CUC,Hoàng Việt Cường,03/01/2024,https://files.customs.gov.vn/CustomsCMS/TONG_CUC/2024/1/5/49.pdf,https://www.customs.gov.vn/index.jsp?pageId=3&id=90347&cid=1294,2024,01/2024,2026-10-08T09:33:41Z
56,51/TB-TCHQ,03/01/2024,Tổng cục Hải quan,Kết quả xác định trước mã số,90359,313,19,TONG_CUC,Hoàng Việt Cường,03/01/2024,https://files.customs.gov.vn/CustomsCMS/TONG_CUC/2024/1/5/51.pdf,https://www.customs.gov.vn/index.jsp?pageId=3&id=90359&cid=1294,2024,01/2024,2026-10-08T09:33:41Z
57,116/TB-KĐ3,29/02/2024,Tổng cục Hải qun,"Về kết quả phân tích kèm mã số hàng hóa xuất khẩu, nhập khẩu",92450,313,19,TONG_CUC,Nguyễn Thị Thanh Phượng,null,https://files.customs.gov.vn/CustomsCMS/TONG_CUC/2024/4/12/116.pdf,https://www.customs.gov.vn/index.jsp?pageId=3&id=92450&cid=1294,2024,02/2024,2026-10-08T09:33:41Z
58,117/TB-KĐ3,29/02/2024,Tổng cục Hải qun,"Về kết quả phân tích kèm mã số hàng hóa xuất khẩu, nhập khẩu",92459,313,19,TONG_CUC,Nguyễn Thị Thanh Phượng,null,https://files.customs.gov.vn/CustomsCMS/TONG_CUC/2024/4/12/117.pdf,https://www.customs.gov.vn/index.jsp?pageId=3&id=92459&cid=1294,2024,02/2024,2026-10-08T09:33:41Z
59,118/TB-KĐ3,29/02/2024,Tổng cục Hải qun,"Về kết quả phân tích kèm mã số hàng hóa xuất khẩu, nhập khẩu",92451,313,19,TONG_CUC,Nguyễn Thị Thanh Phượng,null,https://files.customs.gov.vn/CustomsCMS/TONG_CUC/2024/4/12/118.pdf,https://www.customs.gov.vn/index.jsp?pageId=3&id=92451&cid=1294,2024,02/2024,2026-10-08T09:33:41Z
60,119/TB-KĐ3,29/02/2024,Tổng cục Hải qun,"Về kết quả phân tích kèm mã số hàng hóa xuất khẩu, nhập khẩu",92448,313,19,TONG_CUC,Nguyễn Thị Thanh Phượng,null,https://files.customs.gov.vn/CustomsCMS/TONG_CUC/2024/4/12/119.pdf,https://www.customs.gov.vn/index.jsp?pageId=3&id=92448&cid=1294,2024,02/2024,2026-10-08T09:33:41Z
61,114/TB-KĐ3,28/02/2024,Tổng cục Hải qun,"Về kết quả phân tích kèm mã số hàng hóa xuất khẩu, nhập khẩu",92461,313,19,TONG_CUC,Nguyễn Thị Thanh Phượng,null,https://files.customs.gov.vn/CustomsCMS/TONG_CUC/2024/4/12/114.pdf,https://www.customs.gov.vn/index.jsp?pageId=3&id=92461&cid=1294,2024,02/2024,2026-10-08T09:33:41Z
62,115/TB-KĐ3,28/02/2024,Tổng cục Hải qun,"Về kết quả phân tích kèm mã số hàng hóa xuất khẩu, nhập khẩu",92452,313,19,TONG_CUC,Nguyễn Thị Thanh Phượng,null,https://files.customs.gov.vn/CustomsCMS/TONG_CUC/2024/4/12/115.pdf,https://www.customs.gov.vn/index.jsp?pageId=3&id=92452&cid=1294,2024,02/2024,2026-10-08T09:33:41Z
63,113/TB-KĐ3,26/02/2024,Tổng cục Hải qun,"Về kết quả phân tích kèm mã số hàng hóa xuất khẩu, nhập khẩu",92462,313,19,TONG_CUC,Nguyễn Thị Thanh Phượng,null,https://files.customs.gov.vn/CustomsCMS/TONG_CUC/2024/4/12/113.pdf,https://www.customs.gov.vn/index.jsp?pageId=3&id=92462&cid=1294,2024,02/2024,2026-10-08T09:33:41Z
64,105/TB-KĐ3,22/02/2024,Tổng cục Hải qun,"Về kết quả phân tích kèm mã số hàng hóa xuất khẩu, nhập khẩu",92496,313,19,TONG_CUC,Nguyễn Phương Nhi,null,https://files.customs.gov.vn/CustomsCMS/TONG_CUC/2024/4/12/105.pdf,https://www.customs.gov.vn/index.jsp?pageId=3&id=92496&cid=1294,2024,02/2024,2026-10-08T09:33:41Z
65,106/TB-KĐ3,22/02/2024,Tổng cục Hải qun,"Về kết quả phân tích kèm mã số hàng hóa xuất khẩu, nhập khẩu",92497,313,19,TONG_CUC,Nguyễn Phương Nhi,null,https://files.customs.gov.vn/CustomsCMS/TONG_CUC/2024/4/12/106 (1).pdf,https://www.customs.gov.vn/index.jsp?pageId=3&id=92497&cid=1294,2024,02/2024,2026-10-08T09:33:41Z
66,107/TB-KĐ3,22/02/2024,Tổng cục Hải qun,"Về kết quả phân tích kèm mã số hàng hóa xuất khẩu, nhập khẩu",92498,313,19,TONG_CUC,Nguyễn Phương Nhi,null,https://files.customs.gov.vn/CustomsCMS/TONG_CUC/2024/4/12/107 (1).pdf,https://www.customs.gov.vn/index.jsp?pageId=3&id=92498&cid=1294,2024,02/2024,2026-10-08T09:33:41Z
67,108/TB-KĐ3,22/02/2024,Tổng cục Hải qun,"Về kết quả phân tích kèm mã số hàng hóa xuất khẩu, nhập khẩu",92489,313,19,TONG_CUC,Nguyễn Phương Nhi,null,https://files.customs.gov.vn/CustomsCMS/TONG_CUC/2024/4/12/108.pdf,https://www.customs.gov.vn/index.jsp?pageId=3&id=92489&cid=1294,2024,02/2024,2026-10-08T09:33:41Z
68,100/TB-KĐ3,21/02/2024,Tổng cục Hải qun,"Về kết quả phân tích kèm mã số hàng hóa xuất khẩu, nhập khẩu",92473,313,19,TONG_CUC,Nguyễn Thị Thanh Phượng,null,https://files.customs.gov.vn/CustomsCMS/TONG_CUC/2024/4/12/100.pdf,https://www.customs.gov.vn/index.jsp?pageId=3&id=92473&cid=1294,2024,02/2024,2026-10-08T09:33:41Z
69,101/TB-KĐ3,21/02/2024,Tổng cục Hải qun,"Về kết quả phân tích kèm mã số hàng hóa xuất khẩu, nhập khẩu",92474,313,19,TONG_CUC,Nguyễn Phương Nhi,null,https://files.customs.gov.vn/CustomsCMS/TONG_CUC/2024/4/12/101.pdf,https://www.customs.gov.vn/index.jsp?pageId=3&id=92474&cid=1294,2024,02/2024,2026-10-08T09:33:41Z
70,102/TB-KĐ3,21/02/2024,Tổng cục Hải qun,"Về kết quả phân tích kèm mã số hàng hóa xuất khẩu, nhập khẩu",92488,313,19,TONG_CUC,Nguyễn Thị Thanh Phượng,null,https://files.customs.gov.vn/CustomsCMS/TONG_CUC/2024/4/12/102.pdf,https://www.customs.gov.vn/index.jsp?pageId=3&id=92488&cid=1294,2024,02/2024,2026-10-08T09:33:41Z
71,103/TB-KĐ3,21/02/2024,Tổng cục Hải qun,"Về kết quả phân tích kèm mã số hàng hóa xuất khẩu, nhập khẩu",92495,313,19,TONG_CUC,Nguyễn Thị Thanh Phượng,null,https://files.customs.gov.vn/CustomsCMS/TONG_CUC/2024/4/12/103.pdf,https://www.customs.gov.vn/index.jsp?pageId=3&id=92495&cid=1294,2024,02/2024,2026-10-08T09:33:41Z
72,681/TB-TCHQ,21/02/2024,Tổng cục Hải quan,Kết quả xác định trước mã số,91011,313,19,TONG_CUC,Hoàng Việt Cường,21/02/2024,https://files.customs.gov.vn/CustomsCMS/TONG_CUC/2024/2/22/681.pdf,https://www.customs.gov.vn/index.jsp?pageId=3&id=91011&cid=1294,2024,02/2024,2026-10-08T09:33:41Z
73,95/TB-KĐ3,21/02/2024,Tổng cục Hải qun,"Về kết quả phân tích kèm mã số hàng hóa xuất khẩu, nhập khẩu",92469,313,19,TONG_CUC,Nguyễn Thị Thanh Phượng,null,https://files.customs.gov.vn/CustomsCMS/TONG_CUC/2024/4/12/95.pdf,https://www.customs.gov.vn/index.jsp?pageId=3&id=92469&cid=1294,2024,02/2024,2026-10-08T09:33:41Z
74,96/TB-KĐ3,21/02/2024,Tổng cục Hải qun,"Về kết quả phân tích kèm mã số hàng hóa xuất khẩu, nhập khẩu",92470,313,19,TONG_CUC,Nguyễn Thị Thanh Phượng,null,https://files.customs.gov.vn/CustomsCMS/TONG_CUC/2024/4/12/96.pdf,https://www.customs.gov.vn/index.jsp?pageId=3&id=92470&cid=1294,2024,02/2024,2026-10-08T09:33:41Z
75,97/TB-KĐ3,21/02/2024,Tổng cục Hải qun,"Về kết quả phân tích kèm mã số hàng hóa xuất khẩu, nhập khẩu",92471,313,19,TONG_CUC,Nguyễn Thị Thanh Phượng,null,https://files.customs.gov.vn/CustomsCMS/TONG_CUC/2024/4/12/97.pdf,https://www.customs.gov.vn/index.jsp?pageId=3&id=92471&cid=1294,2024,02/2024,2026-10-08T09:33:41Z
76,98/TB-KĐ3,21/02/2024,Tổng cục Hải qun,"Về kết quả phân tích kèm mã số hàng hóa xuất khẩu, nhập khẩu",92472,313,19,TONG_CUC,Nguyễn Thị Thanh Phượng,null,https://files.customs.gov.vn/CustomsCMS/TONG_CUC/2024/4/12/98 (1).pdf,https://www.customs.gov.vn/index.jsp?pageId=3&id=92472&cid=1294,2024,02/2024,2026-10-08T09:33:41Z
77,99/TB-KĐ3,21/02/2024,Tổng cục Hải qun,"Về kết quả phân tích kèm mã số hàng hóa xuất khẩu, nhập khẩu",92487,313,19,TONG_CUC,Nguyễn Thị Thanh Phượng,null,,https://www.customs.gov.vn/index.jsp?pageId=3&id=92487&cid=1294,2024,02/2024,2026-10-08T09:33:41Z
78,90/TB-KĐ3,20/02/2024,Tổng cục Hải qun,"Về kết quả phân tích kèm mã số hàng hóa xuất khẩu, nhập khẩu",92486,313,19,TONG_CUC,Nguyễn Thị Thanh Phượng,null,https://files.customs.gov.vn/CustomsCMS/TONG_CUC/2024/4/12/90.pdf,https://www.customs.gov.vn/index.jsp?pageId=3&id=92486&cid=1294,2024,02/2024,2026-10-08T09:33:41Z
79,91/TB-KĐ3,20/02/2024,Tổng cục Hải qun,"Về kết quả phân tích kèm mã số hàng hóa xuất khẩu, nhập khẩu",92467,313,19,TONG_CUC,Nguyễn Thị Thanh Phượng,null,https://files.customs.gov.vn/CustomsCMS/TONG_CUC/2024/4/12/91.pdf,https://www.customs.gov.vn/index.jsp?pageId=3&id=92467&cid=1294,2024,02/2024,2026-10-08T09:33:41Z
80,92/TB-KĐ3,20/02/2024,Tổng cục Hải qun,"Về kết quả phân tích kèm mã số hàng hóa xuất khẩu, nhập khẩu",92468,313,19,TONG_CUC,Nguyễn Thị Thanh Phượng,null,https://files.customs.gov.vn/CustomsCMS/TONG_CUC/2024/4/12/92.pdf,https://www.customs.gov.vn/index.jsp?pageId=3&id=92468&cid=1294,2024,02/2024,2026-10-08T09:33:41Z
81,87/TB-KĐ3,07/02/2024,Tổng cục Hải qun,"Về kết quả phân tích kèm mã số hàng hóa xuất khẩu, nhập khẩu",92483,313,19,TONG_CUC,Nguyễn Thị Thanh Phượng,null,https://files.customs.gov.vn/CustomsCMS/TONG_CUC/2024/4/12/87.pdf,https://www.customs.gov.vn/index.jsp?pageId=3&id=92483&cid=1294,2024,02/2024,2026-10-08T09:33:41Z
82,88/TB-KĐ3,07/02/2024,Tổng cục Hải qun,"Về kết quả phân tích kèm mã số hàng hóa xuất khẩu, nhập khẩu",92484,313,19,TONG_CUC,Nguyễn Thị Thanh Phượng,null,https://files.customs.gov.vn/CustomsCMS/TONG_CUC/2024/4/12/88.pdf,https://www.customs.gov.vn/index.jsp?pageId=3&id=92484&cid=1294,2024,02/2024,2026-10-08T09:33:41Z
83,89/TB-KĐ3,07/02/2024,Tổng cục Hải qun,"Về kết quả phân tích kèm mã số hàng hóa xuất khẩu, nhập khẩu",92485,313,19,TONG_CUC,Nguyễn Thị Thanh Phượng,null,https://files.customs.gov.vn/CustomsCMS/TONG_CUC/2024/4/12/89.pdf,https://www.customs.gov.vn/index.jsp?pageId=3&id=92485&cid=1294,2024,02/2024,2026-10-08T09:33:41Z
84,622/TB-TCHQ,06/02/2024,Tổng cục Hải quan,Kết quả xác định trước mã số,90995,313,19,TONG_CUC,Hoàng Việt Cường,null,https://files.customs.gov.vn/CustomsCMS/TONG_CUC/2024/2/19/622.pdf,https://www.customs.gov.vn/index.jsp?pageId=3&id=90995&cid=1294,2024,02/2024,2026-10-08T09:33:41Z
85,83/TB-KĐ3,06/02/2024,Tổng cục Hải qun,"Về kết quả phân tích kèm mã số hàng hóa xuất khẩu, nhập khẩu",92465,313,19,TONG_CUC,Nguyễn Thị Thanh Phượng,null,https://files.customs.gov.vn/CustomsCMS/TONG_CUC/2024/4/12/83.pdf,https://www.customs.gov.vn/index.jsp?pageId=3&id=92465&cid=1294,2024,02/2024,2026-10-08T09:33:41Z
86,84/TB-KĐ3,06/02/2024,Tổng cục Hải qun,"Về kết quả phân tích kèm mã số hàng hóa xuất khẩu, nhập khẩu",92466,313,19,TONG_CUC,Nguyễn Thị Thanh Phượng,null,https://files.customs.gov.vn/CustomsCMS/TONG_CUC/2024/4/12/84.pdf,https://www.customs.gov.vn/index.jsp?pageId=3&id=92466&cid=1294,2024,02/2024,2026-10-08T09:33:41Z
87,01/2024/TT-BNNPTNT,02/02/2024,Bộ Nông nghiệp và Phát triển Nông thôn,"Ban hành bảng mã số HS đối với danh mục hàng hóa thuộc thẩm quyền quản lý nhà nước của Bộ Nông nghiệp và Phát triển nông thông và danh mục hàng hóa xuất, nhập khẩu phải kiểm tra chuyên ngành trong lĩnh vực nông nghiệp và phát triển nông thôn.",91046,"441, 313",4,TONG_CUC,Phùng Đức Tiến,20/03/2024,https://files.customs.gov.vn/CustomsCMS/TONG_CUC/2024/2/27/TT01 2024 BNNPTNT.pdf,https://www.customs.gov.vn/index.jsp?pageId=3&id=91046&cid=1294,2024,02/2024,2026-10-08T09:33:41Z
88,77/TB-KĐ3,02/02/2024,Tổng cục Hải qun,"Về kết quả phân tích kèm mã số hàng hóa xuất khẩu, nhập khẩu",92482,313,19,TONG_CUC,Nguyễn Thị Thanh Phượng,null,https://files.customs.gov.vn/CustomsCMS/TONG_CUC/2024/4/12/77.pdf,https://www.customs.gov.vn/index.jsp?pageId=3&id=92482&cid=1294,2024,02/2024,2026-10-08T09:33:41Z
89,75/TB-KĐ3,01/02/2024,Tổng cục Hải qun,Về kết quả phân tích kèm mã số hàng hóa,92464,313,19,TONG_CUC,Nguyễn Thị Thanh Phượng,null,https://files.customs.gov.vn/CustomsCMS/TONG_CUC/2024/4/12/75.pdf,https://www.customs.gov.vn/index.jsp?pageId=3&id=92464&cid=1294,2024,02/2024,2026-10-08T09:33:41Z
90,196/TB-KĐ3,29/03/2024,Tổng cục Hải qun,"Về kết quả phân tích kèm mã số hàng hóa xuất khẩu, nhập khẩu",95503,313,19,TONG_CUC,Nguyễn Phương Nhi,null,,https://www.customs.gov.vn/index.jsp?pageId=3&id=95503&cid=1294,2024,03/2024,2026-10-08T09:33:41Z
91,197/TB-KĐ3,29/03/2024,Tổng cục Hải qun,"Về kết quả phân tích kèm mã số hàng hóa xuất khẩu, nhập khẩu",95504,313,19,TONG_CUC,Nguyễn Phương Nhi,null,https://files.customs.gov.vn/CustomsCMS/TONG_CUC/2024/7/5/197.pdf,https://www.customs.gov.vn/index.jsp?pageId=3&id=95504&cid=1294,2024,03/2024,2026-10-08T09:33:41Z
92,201/TB-KĐ3,29/03/2024,Tổng cục Hải qun,"Về kết quả phân tích kèm mã số hàng hóa xuất khẩu, nhập khẩu",95505,313,19,TONG_CUC,Nguyễn Thị Thanh Phượng,null,https://files.customs.gov.vn/CustomsCMS/TONG_CUC/2024/7/5/201.pdf,https://www.customs.gov.vn/index.jsp?pageId=3&id=95505&cid=1294,2024,03/2024,2026-10-08T09:33:41Z
93,1327/TB-TCHQ,28/03/2024,Tổng cục Hải quan,Kết quả xác định trước mã số,92055,313,19,TONG_CUC,Hoàng Việt Cường,null,https://files.customs.gov.vn/CustomsCMS/TONG_CUC/2024/4/2/1327.pdf,https://www.customs.gov.vn/index.jsp?pageId=3&id=92055&cid=1294,2024,03/2024,2026-10-08T09:33:41Z
94,191/TB-KĐ3,28/03/2024,Tổng cục Hải qun,"Về kết quả phân tích kèm mã số hàng hóa xuất khẩu, nhập khẩu",95487,313,19,TONG_CUC,Nguyễn Thị Thanh Phượng,null,https://files.customs.gov.vn/CustomsCMS/TONG_CUC/2024/7/5/191.pdf,https://www.customs.gov.vn/index.jsp?pageId=3&id=95487&cid=1294,2024,03/2024,2026-10-08T09:33:41Z
95,192/Tb-KĐ3,28/03/2024,Tổng cục Hải qun,"Về kết quả phân tích kèm mã số hàng hóa xuất khẩu, nhập khẩu",95500,313,19,TONG_CUC,Nguyễn Thị Thanh Phượng,null,https://files.customs.gov.vn/CustomsCMS/TONG_CUC/2024/7/5/192.pdf,https://www.customs.gov.vn/index.jsp?pageId=3&id=95500&cid=1294,2024,03/2024,2026-10-08T09:33:41Z
96,193/TB-KĐ3,28/03/2024,Tổng cục Hải qun,"Về kết quả phân tích kèm mã số hàng hóa xuất khẩu, nhập khẩu",95501,313,19,TONG_CUC,Nguyễn Thị Thanh Phượng,null,https://files.customs.gov.vn/CustomsCMS/TONG_CUC/2024/7/5/193.pdf,https://www.customs.gov.vn/index.jsp?pageId=3&id=95501&cid=1294,2024,03/2024,2026-10-08T09:33:41Z
97,194/TB-KĐ3,28/03/2024,Tổng cục Hải qun,"Về kết quả phân tích kèm mã số hàng hóa xuất khẩu, nhập khẩu",95502,313,19,TONG_CUC,Nguyễn Thị Thanh Phượng,null,https://files.customs.gov.vn/CustomsCMS/TONG_CUC/2024/7/5/207.pdf,https://www.customs.gov.vn/index.jsp?pageId=3&id=95502&cid=1294,2024,03/2024,2026-10-08T09:33:41Z
98,195/TB-KĐ3,28/03/2024,Tổng cục Hải qun,"Về kết quả phân tích kèm mã số hàng hóa xuất khẩu, nhập khẩu",95488,313,19,TONG_CUC,Nguyễn Thị Thanh Phượng,null,https://files.customs.gov.vn/CustomsCMS/TONG_CUC/2024/7/5/195.pdf,https://www.customs.gov.vn/index.jsp?pageId=3&id=95488&cid=1294,2024,03/2024,2026-10-08T09:33:41Z
99,1309/TB-TCHQ,27/03/2024,Tổng cục Hải quan,Kết quả xác định trước mã số,92019,313,19,TONG_CUC,Hoàng Việt Cường,null,https://files.customs.gov.vn/CustomsCMS/TONG_CUC/2024/4/2/1309.pdf,https://www.customs.gov.vn/index.jsp?pageId=3&id=92019&cid=1294,2024,03/2024,2026-10-08T09:33:41Z
100,187/TB-KĐ3,26/03/2024,Tổng cục Hải qun,"Về kết quả phân tích kèm mã số hàng hóa xuất khẩu, nhập khẩu",95486,313,19,TONG_CUC,Nguyễn Phương Nhi,null,https://files.customs.gov.vn/CustomsCMS/TONG_CUC/2024/7/5/187.pdf,https://www.customs.gov.vn/index.jsp?pageId=3&id=95486&cid=1294,2024,03/2024,2026-10-08T09:33:41Z
101,190/TB-KĐ3,26/03/2024,Tổng cục Hải qun,"Về kết quả phân tích kèm mã số hàng hóa xuất khẩu, nhập khẩu",95499,313,19,TONG_CUC,Nguyễn Phương Nhi,null,https://files.customs.gov.vn/CustomsCMS/TONG_CUC/2024/7/5/190.pdf,https://www.customs.gov.vn/index.jsp?pageId=3&id=95499&cid=1294,2024,03/2024,2026-10-08T09:33:41Z
102,186/TB-KĐ3,25/03/2024,Tổng cục Hải qun,"Về kết quả phân tích kèm mã số hàng hóa xuất khẩu, nhập khẩu",95485,313,19,TONG_CUC,Nguyễn Thị Thanh Phượng,null,https://files.customs.gov.vn/CustomsCMS/TONG_CUC/2024/7/5/186.pdf,https://www.customs.gov.vn/index.jsp?pageId=3&id=95485&cid=1294,2024,03/2024,2026-10-08T09:33:41Z
103,185/TB-KĐ3,22/03/2024,Tổng cục Hải qun,"Về kết quả phân tích kèm mã số hàng hóa xuất khẩu, nhập khẩu",95498,313,19,TONG_CUC,Nguyễn Phương Nhi,null,https://files.customs.gov.vn/CustomsCMS/TONG_CUC/2024/7/5/185.pdf,https://www.customs.gov.vn/index.jsp?pageId=3&id=95498&cid=1294,2024,03/2024,2026-10-08T09:33:41Z
104,178/TB-KĐ3,21/03/2024,Tổng cục Hải qun,"Về kết quả phân tích kèm mã số hàng hóa xuất khẩu, nhập khẩu",95483,313,19,TONG_CUC,Nguyễn Thị Thanh Phượng,null,,https://www.customs.gov.vn/index.jsp?pageId=3&id=95483&cid=1294,2024,03/2024,2026-10-08T09:33:41Z
105,181/TB-KĐ3,21/03/2024,Tổng cục Hải qun,"Về kết quả phân tích kèm mã số hàng hóa xuất khẩu, nhập khẩu",95484,313,19,TONG_CUC,Nguyễn Phương Nhi,null,https://files.customs.gov.vn/CustomsCMS/TONG_CUC/2024/7/5/181.pdf,https://www.customs.gov.vn/index.jsp?pageId=3&id=95484&cid=1294,2024,03/2024,2026-10-08T09:33:41Z
106,182/TB-KĐ3,21/03/2024,Tổng cục Hải qun,"Về kết quả phân tích kèm mã số hàng hóa xuất khẩu, nhập khẩu",95497,313,19,TONG_CUC,Nguyễn Thị Thanh Phượng,null,,https://www.customs.gov.vn/index.jsp?pageId=3&id=95497&cid=1294,2024,03/2024,2026-10-08T09:33:41Z
107,1138/TB-TCHQ,20/03/2024,Tổng cục Hải quan,Kết quả xác định trước mã số,92018,313,19,TONG_CUC,Hoàng Việt Cường,null,https://files.customs.gov.vn/CustomsCMS/TONG_CUC/2024/4/2/1138.pdf,https://www.customs.gov.vn/index.jsp?pageId=3&id=92018&cid=1294,2024,03/2024,2026-10-08T09:33:41Z
108,176/TB-KĐ3,20/03/2024,Tổng cục Hải qun,"Về kết quả phân tích kèm mã số hàng hóa xuất khẩu, nhập khẩu",95496,313,19,TONG_CUC,Nguyễn Phương Nhi,null,https://files.customs.gov.vn/CustomsCMS/TONG_CUC/2024/7/5/176.pdf,https://www.customs.gov.vn/index.jsp?pageId=3&id=95496&cid=1294,2024,03/2024,2026-10-08T09:33:41Z
109,1112/TB-TCHQ,19/03/2024,Tổng cục Hải quan,Kết quả xác định trước mã số,91722,313,19,TONG_CUC,Hoàng Việt Cường,null,https://files.customs.gov.vn/CustomsCMS/TONG_CUC/2024/3/21/1112.pdf,https://www.customs.gov.vn/index.jsp?pageId=3&id=91722&cid=1294,2024,03/2024,2026-10-08T09:33:41Z
110,1113/TB-TCHQ,19/03/2024,Tổng cục Hải quan,Kết quả xác định trước mã số,91723,313,19,TONG_CUC,Hoàng Việt Cường,null,https://files.customs.gov.vn/CustomsCMS/TONG_CUC/2024/3/21/1113.pdf,https://www.customs.gov.vn/index.jsp?pageId=3&id=91723&cid=1294,2024,03/2024,2026-10-08T09:33:41Z
111,1114/TB-TCHQ,19/03/2024,Tổng cục Hải quan,Kết quả xác định trước mã số,91689,313,19,TONG_CUC,Hoàng Việt Cường,null,https://files.customs.gov.vn/CustomsCMS/TONG_CUC/2024/3/21/1114.pdf,https://www.customs.gov.vn/index.jsp?pageId=3&id=91689&cid=1294,2024,03/2024,2026-10-08T09:33:41Z
112,1127/TB-TCHQ,19/03/2024,Tổng cục Hải quan,Kết quả xác định trước mã số,91721,313,19,TONG_CUC,Hoàng Việt Cường,null,https://files.customs.gov.vn/CustomsCMS/TONG_CUC/2024/3/21/1127.pdf,https://www.customs.gov.vn/index.jsp?pageId=3&id=91721&cid=1294,2024,03/2024,2026-10-08T09:33:41Z
113,1128/TB-TCHQ,19/03/2024,Tổng cục Hải quan,Kết quả xác định trước mã số,91719,313,19,TONG_CUC,Hoàng Việt Cường,null,https://files.customs.gov.vn/CustomsCMS/TONG_CUC/2024/3/21/1128.pdf,https://www.customs.gov.vn/index.jsp?pageId=3&id=91719&cid=1294,2024,03/2024,2026-10-08T09:33:41Z
114,1129/TB-TCHQ,19/03/2024,Tổng cục Hải quan,Kết quả xác định trước mã số,91688,313,19,TONG_CUC,Hoàng Việt Cường,null,https://files.customs.gov.vn/CustomsCMS/TONG_CUC/2024/3/21/1129.pdf,https://www.customs.gov.vn/index.jsp?pageId=3&id=91688&cid=1294,2024,03/2024,2026-10-08T09:33:41Z
115,1130/TB-TCHQ,19/03/2024,Tổng cục Hải quan,Kết quả xác định trước mã số,91720,313,19,TONG_CUC,Hoàng Việt Cường,null,https://files.customs.gov.vn/CustomsCMS/TONG_CUC/2024/3/21/1130.pdf,https://www.customs.gov.vn/index.jsp?pageId=3&id=91720&cid=1294,2024,03/2024,2026-10-08T09:33:41Z
116,169/TB-KĐ3,19/03/2024,Tổng cục Hải qun,"Về kết quả phân tích kèm mã số hàng hóa xuất khẩu, nhập khẩu",95433,313,19,TONG_CUC,Nguyễn Thị Thanh Phượng,null,https://files.customs.gov.vn/CustomsCMS/TONG_CUC/2024/7/5/169.pdf,https://www.customs.gov.vn/index.jsp?pageId=3&id=95433&cid=1294,2024,03/2024,2026-10-08T09:33:41Z
117,172/TB-KĐ3,19/03/2024,Tổng cục Hải qun,"Về kết quả phân tích kèm mã số hàng hóa xuất khẩu, nhập khẩu",95482,313,19,TONG_CUC,Nguyễn Phương Nhi,null,https://files.customs.gov.vn/CustomsCMS/TONG_CUC/2024/7/5/172.pdf,https://www.customs.gov.vn/index.jsp?pageId=3&id=95482&cid=1294,2024,03/2024,2026-10-08T09:33:41Z
118,173/TB-KĐ3,19/03/2024,Tổng cục Hải qun,"Về kết quả phân tích kèm mã số hàng hóa xuất khẩu, nhập khẩu",95434,313,19,TONG_CUC,Nguyễn Thị Thanh Phượng,null,https://files.customs.gov.vn/CustomsCMS/TONG_CUC/2024/7/5/173.pdf,https://www.customs.gov.vn/index.jsp?pageId=3&id=95434&cid=1294,2024,03/2024,2026-10-08T09:33:41Z
119,174/TB-KĐ3,19/03/2024,Tổng cục Hải qun,"Về kết quả phân tích kèm mã số hàng hóa xuất khẩu, nhập khẩu",95435,313,19,TONG_CUC,Nguyễn Thị Thanh Phượng,null,https://files.customs.gov.vn/CustomsCMS/TONG_CUC/2024/7/5/174.pdf,https://www.customs.gov.vn/index.jsp?pageId=3&id=95435&cid=1294,2024,03/2024,2026-10-08T09:33:41Z
120,51/TB-KĐ4,19/03/2024,Tổng cục Hải qun,"Về kết quả phân tích kèm mã số hàng hóa xuất khẩu, nhập khẩu",92437,313,19,TONG_CUC,Trần Hương Giang,null,https://files.customs.gov.vn/CustomsCMS/TONG_CUC/2024/4/12/51-TB-KÐ4.pdf,https://www.customs.gov.vn/index.jsp?pageId=3&id=92437&cid=1294,2024,03/2024,2026-10-08T09:33:41Z
121,52/TB-KĐ4,19/03/2024,Tổng cục Hải qun,"Về kết quả phân tích kèm mã số hàng hóa xuất khẩu, nhập khẩu",92438,313,19,TONG_CUC,Trần Hương Giang,null,https://files.customs.gov.vn/CustomsCMS/TONG_CUC/2024/4/12/52-TB-KÐ4.pdf,https://www.customs.gov.vn/index.jsp?pageId=3&id=92438&cid=1294,2024,03/2024,2026-10-08T09:33:41Z
122,54/TB-KĐ4,19/03/2024,Tổng cục Hải qun,"Về kết quả phân tích kèm mã số hàng hóa xuất khẩu, nhập khẩu",92430,313,19,TONG_CUC,Trần Hương Giang,null,https://files.customs.gov.vn/CustomsCMS/TONG_CUC/2024/4/12/54-TB-KÐ4.pdf,https://www.customs.gov.vn/index.jsp?pageId=3&id=92430&cid=1294,2024,03/2024,2026-10-08T09:33:41Z
123,166/TB-KĐ3,18/03/2024,Tổng cục Hải qun,"Về kết quả phân tích kèm mã số hàng hóa xuất khẩu, nhập khẩu",95479,313,19,TONG_CUC,Nguyễn Thị Thanh Phượng,null,https://files.customs.gov.vn/CustomsCMS/TONG_CUC/2024/7/5/166.pdf,https://www.customs.gov.vn/index.jsp?pageId=3&id=95479&cid=1294,2024,03/2024,2026-10-08T09:33:41Z
124,167/TB-KĐ3,18/03/2024,Tổng cục Hải qun,"Về kết quả phân tích kèm mã số hàng hóa xuất khẩu, nhập khẩu",95480,313,19,TONG_CUC,Nguyễn Thị Thanh Phượng,null,https://files.customs.gov.vn/CustomsCMS/TONG_CUC/2024/7/5/167.pdf,https://www.customs.gov.vn/index.jsp?pageId=3&id=95480&cid=1294,2024,03/2024,2026-10-08T09:33:41Z
125,168/TB-KĐ3,18/03/2024,Tổng cục Hải qun,"Về kết quả phân tích kèm mã số hàng hóa xuất khẩu, nhập khẩu",95481,313,19,TONG_CUC,Nguyễn Thị Thanh Phượng,null,https://files.customs.gov.vn/CustomsCMS/TONG_CUC/2024/7/5/168.pdf,https://www.customs.gov.vn/index.jsp?pageId=3&id=95481&cid=1294,2024,03/2024,2026-10-08T09:33:41Z
126,50/TB-KĐ4,18/03/2024,Tổng cục Hải qun,"Về kết quả phân tích kèm mã số hàng hóa xuát khẩu, nhập khẩu",92436,313,19,TONG_CUC,Trần Hương Giang,null,https://files.customs.gov.vn/CustomsCMS/TONG_CUC/2024/4/12/50-TB-KÐ4.pdf,https://www.customs.gov.vn/index.jsp?pageId=3&id=92436&cid=1294,2024,03/2024,2026-10-08T09:33:41Z
127,163/TB-KĐ3,15/03/2024,Tổng cục Hải qun,"Về kết quả phân tích kèm mã số hàng hóa xuất khẩu, nhập khẩu",95478,313,19,TONG_CUC,Nguyễn Thị Thanh Phượng,null,https://files.customs.gov.vn/CustomsCMS/TONG_CUC/2024/7/5/163.pdf,https://www.customs.gov.vn/index.jsp?pageId=3&id=95478&cid=1294,2024,03/2024,2026-10-08T09:33:41Z
128,20/TB-CMTV,15/03/2024,Tổng cục Hải qun,"Về kết quả phân tích kèm mã số hàng hóa xuất khẩu, nhập khẩu",92453,313,19,TONG_CUC,Lâm Đại Tú,null,https://files.customs.gov.vn/CustomsCMS/TONG_CUC/2024/4/12/20.pdf,https://www.customs.gov.vn/index.jsp?pageId=3&id=92453&cid=1294,2024,03/2024,2026-10-08T09:33:41Z
129,1049/TB-TCHQ,14/03/2024,Tổng cục Hải quan,Kết quả xác định trước mã số,91724,313,19,TONG_CUC,Hoàng Việt Cường,null,https://files.customs.gov.vn/CustomsCMS/TONG_CUC/2024/3/21/1049.pdf,https://www.customs.gov.vn/index.jsp?pageId=3&id=91724&cid=1294,2024,03/2024,2026-10-08T09:33:41Z
130,153/TB-KĐ3,14/03/2024,Tổng cục Hải qun,"Về kết quả phân tích kèm mã số hàng hóa xuất khẩu, nhập khẩu",95476,313,19,TONG_CUC,Nguyễn Phương Nhi,null,https://files.customs.gov.vn/CustomsCMS/TONG_CUC/2024/7/5/153.pdf,https://www.customs.gov.vn/index.jsp?pageId=3&id=95476&cid=1294,2024,03/2024,2026-10-08T09:33:41Z
131,155/TB-KĐ3,14/03/2024,Tổng cục Hải qun,"Về kết quả phân tích kèm mã số hàng hóa xuất khẩu, nhập khẩu",95477,313,19,TONG_CUC,Nguyễn Thị Thanh Phượng,null,https://files.customs.gov.vn/CustomsCMS/TONG_CUC/2024/7/5/155.pdf,https://www.customs.gov.vn/index.jsp?pageId=3&id=95477&cid=1294,2024,03/2024,2026-10-08T09:33:41Z
132,156/TB-KĐ3,14/03/2024,Tổng cục Hải qun,"Về kết quả phân tích kèm mã số hàng hóa xuất khẩu, nhập khẩu",95429,313,19,TONG_CUC,Nguyễn Thị Thanh Phượng,null,https://files.customs.gov.vn/CustomsCMS/TONG_CUC/2024/7/5/156.pdf,https://www.customs.gov.vn/index.jsp?pageId=3&id=95429&cid=1294,2024,03/2024,2026-10-08T09:33:41Z
133,157/TB-KĐ3,14/03/2024,Tổng cục Hải qun,"Về kết quả phân tích kèm mã số hàng hóa xuất khẩu, nhập khẩu",95430,313,19,TONG_CUC,Nguyễn Thị Thanh Phượng,null,https://files.customs.gov.vn/CustomsCMS/TONG_CUC/2024/7/5/157.pdf,https://www.customs.gov.vn/index.jsp?pageId=3&id=95430&cid=1294,2024,03/2024,2026-10-08T09:33:41Z
134,159/TB-KĐ3,14/03/2024,Tổng cục Hải qun,"Về kết quả phân tích kèm mã số hàng hóa xuất khẩu, nhập khẩu",95427,313,19,TONG_CUC,Nguyễn Thị Thanh Phượng,null,,https://www.customs.gov.vn/index.jsp?pageId=3&id=95427&cid=1294,2024,03/2024,2026-10-08T09:33:41Z
135,160/TB-KĐ3,14/03/2024,Tổng cục Hải qun,"Về kết quả phân tích kèm mã số hàng hóa xuất khẩu, nhập khẩu",95431,313,19,TONG_CUC,Nguyễn Thị Thanh Phượng,null,https://files.customs.gov.vn/CustomsCMS/TONG_CUC/2024/7/5/160.pdf,https://www.customs.gov.vn/index.jsp?pageId=3&id=95431&cid=1294,2024,03/2024,2026-10-08T09:33:41Z
136,161/TB-KĐ3,14/03/2024,Tổng cục Hải qun,"Về kết quả phân tích kèm mã số hàng hóa xuất khẩu, nhập khẩu",95432,313,19,TONG_CUC,Nguyễn Thị Thanh Phượng,null,https://files.customs.gov.vn/CustomsCMS/TONG_CUC/2024/7/5/161.pdf,https://www.customs.gov.vn/index.jsp?pageId=3&id=95432&cid=1294,2024,03/2024,2026-10-08T09:33:41Z
137,152/TB-KĐ3,13/03/2024,Tổng cục Hải qun,"Về kết quả phân tích kèm mã số hàng hóa xuất khẩu, nhập khẩu",95428,313,19,TONG_CUC,Nguyễn Phương Nhi,null,,https://www.customs.gov.vn/index.jsp?pageId=3&id=95428&cid=1294,2024,03/2024,2026-10-08T09:33:41Z
138,49/TB-KĐ4,12/03/2024,Tổng cục Hải qun,"Về kết quả phân tích kèm mã số hàng hóa xuất khẩu, nhập khẩu",92431,313,19,TONG_CUC,Lê Ngọc Tấn,null,https://files.customs.gov.vn/CustomsCMS/TONG_CUC/2024/4/12/49-TB-KÐ4 (1).pdf,https://www.customs.gov.vn/index.jsp?pageId=3&id=92431&cid=1294,2024,03/2024,2026-10-08T09:33:41Z
139,141/TB-KĐ3,11/03/2024,Tổng cục Hải qun,"Về kết quả phân tích kèm mã số hàng hóa xuất khẩu, nhập khẩu",95425,313,19,TONG_CUC,Nguyễn Thị Thanh Phượng,null,https://files.customs.gov.vn/CustomsCMS/TONG_CUC/2024/7/5/141.pdf,https://www.customs.gov.vn/index.jsp?pageId=3&id=95425&cid=1294,2024,03/2024,2026-10-08T09:33:41Z
140,144/TB-KĐ3,11/03/2024,Tổng cục Hải qun,"Về kết quả phân tích kèm mã số hàng hóa xuất khẩu, nhập khẩu",95471,313,19,TONG_CUC,Nguyễn Thị Thanh Phượng,null,https://files.customs.gov.vn/CustomsCMS/TONG_CUC/2024/7/5/144.pdf,https://www.customs.gov.vn/index.jsp?pageId=3&id=95471&cid=1294,2024,03/2024,2026-10-08T09:33:41Z
141,145/TB-KĐ3,11/03/2024,Tổng cục Hải qun,"Về kết quả phân tích kèm mã số hàng hóa xuất khẩu, nhập khẩu",95472,313,19,TONG_CUC,Nguyễn Phương Nhi,null,,https://www.customs.gov.vn/index.jsp?pageId=3&id=95472&cid=1294,2024,03/2024,2026-10-08T09:33:41Z
142,146/TB-KĐ3,11/03/2024,Tổng cục Hải qun,"Về kết quả phân tích kèm mã số hàng hóa xuất khẩu, nhập khẩu",95473,313,19,TONG_CUC,Nguyễn Thị Thanh Phượng,null,https://files.customs.gov.vn/CustomsCMS/TONG_CUC/2024/7/5/146.pdf,https://www.customs.gov.vn/index.jsp?pageId=3&id=95473&cid=1294,2024,03/2024,2026-10-08T09:33:41Z
143,147/TB-KĐ3,11/03/2024,Tổng cục Hải qun,"Về kết quả phân tích kèm mã số hàng hóa xuất khẩu, nhập khẩu",95426,313,19,TONG_CUC,Nguyễn Thị Thanh Phượng,null,https://files.customs.gov.vn/CustomsCMS/TONG_CUC/2024/7/5/147.pdf,https://www.customs.gov.vn/index.jsp?pageId=3&id=95426&cid=1294,2024,03/2024,2026-10-08T09:33:41Z
144,148/TB-KĐ3,11/03/2024,Tổng cục Hải qun,"Về kết quả phân tích kèm mã số hàng hóa xuất khẩu, nhập khẩu",95474,313,19,TONG_CUC,Nguyễn Thị Thanh Phượng,null,https://files.customs.gov.vn/CustomsCMS/TONG_CUC/2024/7/5/3147.pdf,https://www.customs.gov.vn/index.jsp?pageId=3&id=95474&cid=1294,2024,03/2024,2026-10-08T09:33:41Z
145,138/TB-KĐ3,08/03/2024,Tổng cục Hải qun,"Về kết quả phân tích kèm mã số hàng hóa xuất khẩu, nhập khẩu",95468,313,19,TONG_CUC,Nguyễn Phương Nhi,null,https://files.customs.gov.vn/CustomsCMS/TONG_CUC/2024/7/5/138.pdf,https://www.customs.gov.vn/index.jsp?pageId=3&id=95468&cid=1294,2024,03/2024,2026-10-08T09:33:41Z
146,139/TB-KĐ3,08/03/2024,Tổng cục Hải qun,"Về kết quả phân tích kèm mã số hàng hóa xuất khẩu, nhập khẩu",95469,313,19,TONG_CUC,Nguyễn Phương Nhi,null,https://files.customs.gov.vn/CustomsCMS/TONG_CUC/2024/7/5/139.pdf,https://www.customs.gov.vn/index.jsp?pageId=3&id=95469&cid=1294,2024,03/2024,2026-10-08T09:33:41Z
147,140/TB-KĐ3,08/03/2024,Tổng cục Hải qun,"Về kết quả phân tích kèm mã số hàng hóa xuất khẩu, nhập khẩu",95470,313,19,TONG_CUC,Nguyễn Thị Thanh Phượng,null,,https://www.customs.gov.vn/index.jsp?pageId=3&id=95470&cid=1294,2024,03/2024,2026-10-08T09:33:41Z
148,971/TB-TCHQ,08/03/2024,Tổng cục Hải quan,Kết quả xác định trước mã số,91342,313,19,TONG_CUC,Hoàng Việt Cường,08/03/2024,https://files.customs.gov.vn/CustomsCMS/TONG_CUC/2024/3/12/971.pdf,https://www.customs.gov.vn/index.jsp?pageId=3&id=91342&cid=1294,2024,03/2024,2026-10-08T09:33:41Z
149,953/TB-TCHQ,07/03/2024,Tổng cục Hải quan,Kết quả xác định trước mã số,91435,313,19,TONG_CUC,Hoàng Việt Cường,07/03/2024,https://files.customs.gov.vn/CustomsCMS/TONG_CUC/2024/3/12/953.pdf,https://www.customs.gov.vn/index.jsp?pageId=3&id=91435&cid=1294,2024,03/2024,2026-10-08T09:33:41Z
150,133/TB-KĐ3,06/03/2024,Tổng cục Hải qun,"Về kết quả phân tích kèm mã số hàng hóa xuất khẩu, nhập khẩu",95465,313,19,TONG_CUC,Nguyễn Thị Thanh Phượng,null,https://files.customs.gov.vn/CustomsCMS/TONG_CUC/2024/7/5/133.pdf,https://www.customs.gov.vn/index.jsp?pageId=3&id=95465&cid=1294,2024,03/2024,2026-10-08T09:33:41Z
151,134/TB-KĐ3,06/03/2024,Tổng cục Hải qun,"Về kết quả phân tích kèm mã số hàng hóa xuất khẩu, nhập khẩu",95466,313,19,TONG_CUC,Nguyễn Thị Thanh Phượng,null,https://files.customs.gov.vn/CustomsCMS/TONG_CUC/2024/7/5/134.pdf,https://www.customs.gov.vn/index.jsp?pageId=3&id=95466&cid=1294,2024,03/2024,2026-10-08T09:33:41Z
152,135/TB-KĐ3,06/03/2024,Tổng cục Hải qun,"Về kết quả phân tích kèm mã số hàng hóa xuất khẩu, nhập khẩu",95467,313,19,TONG_CUC,Nguyễn Thị Thanh Phượng,null,https://files.customs.gov.vn/CustomsCMS/TONG_CUC/2024/7/5/135.pdf,https://www.customs.gov.vn/index.jsp?pageId=3&id=95467&cid=1294,2024,03/2024,2026-10-08T09:33:41Z
153,46/TB-KĐ4,06/03/2024,Tổng cục Hải qun,"Về kết quả phân tích kèm mã số hàng hóa xuất khẩu, nhập khẩu",92433,313,19,TONG_CUC,Lê Ngọc Tấn,null,https://files.customs.gov.vn/CustomsCMS/TONG_CUC/2024/4/12/46-TB-KÐ4.pdf,https://www.customs.gov.vn/index.jsp?pageId=3&id=92433&cid=1294,2024,03/2024,2026-10-08T09:33:41Z
154,47/TB-KĐ4,06/03/2024,Tổng cục Hải qun,"Về kết quả phân tích kèm mã số hàng hóa xuất khẩu, nhập khẩu",92445,313,19,TONG_CUC,Trần Hương Giang,null,https://files.customs.gov.vn/CustomsCMS/TONG_CUC/2024/4/12/47-TB-KÐ4.pdf,https://www.customs.gov.vn/index.jsp?pageId=3&id=92445&cid=1294,2024,03/2024,2026-10-08T09:33:41Z
155,131/TB-KĐ3,05/03/2024,Tổng cục Hải qun,"Về kết quả phân tích kèm mã số hàng hóa xuất khẩu, nhập khẩu",95423,313,19,TONG_CUC,Nguyễn Thị Thanh Phượng,null,https://files.customs.gov.vn/CustomsCMS/TONG_CUC/2024/7/5/131.pdf,https://www.customs.gov.vn/index.jsp?pageId=3&id=95423&cid=1294,2024,03/2024,2026-10-08T09:33:41Z
156,132/TB-KĐ3,05/03/2024,Tổng cục Hải qun,"Về kết quả phân tích kèm mã số hàng hóa xuất khẩu, nhập khẩu",95424,313,19,TONG_CUC,Nguyễn Thị Thanh Phượng,null,https://files.customs.gov.vn/CustomsCMS/TONG_CUC/2024/7/5/132.pdf,https://www.customs.gov.vn/index.jsp?pageId=3&id=95424&cid=1294,2024,03/2024,2026-10-08T09:33:41Z
157,43/TB-KĐ4,05/03/2024,Tổng cục Hải qun,"Về kết quả phân tích kèm mã số hàng hóa xuất khẩu, nhập khẩu",92444,313,19,TONG_CUC,Lê Ngọc Tấn,null,https://files.customs.gov.vn/CustomsCMS/TONG_CUC/2024/4/12/43-TB-KÐ4.pdf,https://www.customs.gov.vn/index.jsp?pageId=3&id=92444&cid=1294,2024,03/2024,2026-10-08T09:33:41Z
158,44/TB-KĐ4,05/03/2024,Tổng cục Hải qun,"Về kết quả phân tích kèm mã số hàng hóa xuất khẩu, nhập khẩu",92432,313,19,TONG_CUC,Lê Ngọc Tấn,null,https://files.customs.gov.vn/CustomsCMS/TONG_CUC/2024/4/12/44-TB-KÐ4.pdf,https://www.customs.gov.vn/index.jsp?pageId=3&id=92432&cid=1294,2024,03/2024,2026-10-08T09:33:41Z
159,128/TB-KĐ3,04/03/2024,Tổng cục Hải qun,"Về kết quả phân tích kèm mã số hàng hóa xuất khẩu, nhập khẩu",92446,313,19,TONG_CUC,Nguyễn Thị Thanh Phượng,null,https://files.customs.gov.vn/CustomsCMS/TONG_CUC/2024/4/12/128.pdf,https://www.customs.gov.vn/index.jsp?pageId=3&id=92446&cid=1294,2024,03/2024,2026-10-08T09:33:41Z
160,129/TB-KĐ3,04/03/2024,Tổng cục Hải qun,"Về kết quả phân tích kèm mã số hàng hóa xuất khẩu, nhập khẩu",92447,313,19,TONG_CUC,Nguyễn Thị Thanh Phượng,null,https://files.customs.gov.vn/CustomsCMS/TONG_CUC/2024/4/12/129.pdf,https://www.customs.gov.vn/index.jsp?pageId=3&id=92447&cid=1294,2024,03/2024,2026-10-08T09:33:41Z
161,130/TB-KĐ3,04/03/2024,Tổng cục Hải qun,"Về kết quả phân tích kèm mã số hàng hóa xuất khẩu, nhập khẩu",92434,313,19,TONG_CUC,Nguyễn Thị Thanh Phượng,null,https://files.customs.gov.vn/CustomsCMS/TONG_CUC/2024/4/12/130.pdf,https://www.customs.gov.vn/index.jsp?pageId=3&id=92434&cid=1294,2024,03/2024,2026-10-08T09:33:41Z
162,38/TB-KĐ4,04/03/2024,Tổng cục Hải qun,"Về kết quả phân tích kèm mã số hàng hóa xuất khẩu, nhập khẩu",92439,313,19,TONG_CUC,Lê Ngọc Tấn,null,https://files.customs.gov.vn/CustomsCMS/TONG_CUC/2024/4/12/38-TB-KÐ4.pdf,https://www.customs.gov.vn/index.jsp?pageId=3&id=92439&cid=1294,2024,03/2024,2026-10-08T09:33:41Z
163,39/TB-KĐ4,04/03/2024,Tổng cục Hải qun,"Về kết quả phân tích kèm mã số hàng hóa xuất khẩu, nhập khẩu",92440,313,19,TONG_CUC,Lê Ngọc Tấn,null,https://files.customs.gov.vn/CustomsCMS/TONG_CUC/2024/4/12/39-TB-KÐ4.pdf,https://www.customs.gov.vn/index.jsp?pageId=3&id=92440&cid=1294,2024,03/2024,2026-10-08T09:33:41Z
164,40/TB-KĐ4,04/03/2024,Tổng cục Hải qun,"Về kết quả phân tích kèm mã số hàng hóa xuất khẩu, nhập khẩu",92441,313,19,TONG_CUC,Lê Ngọc Tấn,null,,https://www.customs.gov.vn/index.jsp?pageId=3&id=92441&cid=1294,2024,03/2024,2026-10-08T09:33:41Z
165,41/TB-KĐ4,04/03/2024,Tổng cục Hải qun,"Về kết quả phân tích kèm mã số hàng hóa xuất khẩu, nhập khẩu",92442,313,19,TONG_CUC,Lê Ngọc Tấn,null,https://files.customs.gov.vn/CustomsCMS/TONG_CUC/2024/4/12/41-TB-KÐ4.pdf,https://www.customs.gov.vn/index.jsp?pageId=3&id=92442&cid=1294,2024,03/2024,2026-10-08T09:33:41Z
166,42/TB-KĐ4,04/03/2024,Tổng cục Hải qun,"Về kết quả phân tích kèm mã số hàng hóa xuất khẩu, nhập khẩu",92443,313,19,TONG_CUC,Lê Ngọc Tấn,null,https://files.customs.gov.vn/CustomsCMS/TONG_CUC/2024/4/12/42-TB-KÐ4.pdf,https://www.customs.gov.vn/index.jsp?pageId=3&id=92443&cid=1294,2024,03/2024,2026-10-08T09:33:41Z
167,121/TB-KĐ3,01/03/2024,Tổng cục Hải qun,"Về kết quả phân tích kèm mã số hàng hóa xuất khẩu, nhập khẩu",92449,313,19,TONG_CUC,Nguyễn Thị Thanh Phượng,null,https://files.customs.gov.vn/CustomsCMS/TONG_CUC/2024/4/12/121.pdf,https://www.customs.gov.vn/index.jsp?pageId=3&id=92449&cid=1294,2024,03/2024,2026-10-08T09:33:41Z
168,123/TB-KĐ3,01/03/2024,Tổng cục Hải qun,"Về kết quả phân tích kèm mã số hàng hóa xuất khẩu, nhập khẩu",92458,313,19,TONG_CUC,Nguyễn Thị Thanh Phượng,null,https://files.customs.gov.vn/CustomsCMS/TONG_CUC/2024/4/12/123.pdf,https://www.customs.gov.vn/index.jsp?pageId=3&id=92458&cid=1294,2024,03/2024,2026-10-08T09:33:41Z
169,124/TB-KĐ3,01/03/2024,Tổng cục Hải qun,"Về kết quả phân tích kèm mã số hàng hóa xuất khẩu, nhập khẩu",92455,313,19,TONG_CUC,Nguyễn Thị Thanh Phượng,null,https://files.customs.gov.vn/CustomsCMS/TONG_CUC/2024/4/12/124.pdf,https://www.customs.gov.vn/index.jsp?pageId=3&id=92455&cid=1294,2024,03/2024,2026-10-08T09:33:41Z
170,125/TB-KĐ3,01/03/2024,Tổng cục Hải qun,"Về kết quả phân tích kèm mã số hàng hóa xuất khẩu, nhập khẩu",92456,313,19,TONG_CUC,Nguyễn Thị Thanh Phượng,null,https://files.customs.gov.vn/CustomsCMS/TONG_CUC/2024/4/12/125.pdf,https://www.customs.gov.vn/index.jsp?pageId=3&id=92456&cid=1294,2024,03/2024,2026-10-08T09:33:41Z
171,126/TB-KĐ3,01/03/2024,Tổng cục Hải qun,"Về kết quả phân tích kèm mã số hàng hóa xuất khẩu, nhập khẩu",92457,313,19,TONG_CUC,Nguyễn Thị Thanh Phượng,null,https://files.customs.gov.vn/CustomsCMS/TONG_CUC/2024/4/12/126.pdf,https://www.customs.gov.vn/index.jsp?pageId=3&id=92457&cid=1294,2024,03/2024,2026-10-08T09:33:41Z
172,64/TB-KĐ4,26/04/2024,Tổng cục Hải qun,"Về kết quả phân tích kèm mã số hàng hóa xuất khảu, nhập khẩu",93728,313,19,TONG_CUC,Lê Ngọc Tấn,null,https://files.customs.gov.vn/CustomsCMS/TONG_CUC/2024/5/14/64-TB-KÐ4 (1).pdf,https://www.customs.gov.vn/index.jsp?pageId=3&id=93728&cid=1294,2024,04/2024,2026-10-08T09:33:41Z
173,39/TB-CMTV,25/04/2024,Tổng cục Hải qun,"Về kết quả phân tích kèm mã số hàng hóa xuất khảu, nhập khẩu",93721,313,19,TONG_CUC,Lâm Đại Tú,null,https://files.customs.gov.vn/CustomsCMS/TONG_CUC/2024/5/14/39.pdf,https://www.customs.gov.vn/index.jsp?pageId=3&id=93721&cid=1294,2024,04/2024,2026-10-08T09:33:41Z
174,40/TB-CMTV,25/04/2024,Tổng cục Hải qun,"Về kết quả phân tích kèm mã số hàng hóa xuất khảu, nhập khẩu",93722,313,19,TONG_CUC,Lâm Đại Tú,null,https://files.customs.gov.vn/CustomsCMS/TONG_CUC/2024/5/14/40.pdf,https://www.customs.gov.vn/index.jsp?pageId=3&id=93722&cid=1294,2024,04/2024,2026-10-08T09:33:41Z
175,294/TB-KĐ3,24/04/2024,Tổng cục Hải qun,"Về kết quả phân tích kèm mã số hàng hóa xuất khẩu, nhập khẩu",96345,313,19,TONG_CUC,Nguyễn Thị Thanh Phượng,null,https://files.customs.gov.vn/CustomsCMS/TONG_CUC/2024/8/13/294.pdf,https://www.customs.gov.vn/index.jsp?pageId=3&id=96345&cid=1294,2024,04/2024,2026-10-08T09:33:41Z
176,295/TB-KĐ3,24/04/2024,Tổng cục Hải qun,"Về kết quả phân tích kèm mã số hàng hóa xuất khẩu, nhập khẩu",96346,313,19,TONG_CUC,Nguyễn Phương Nhi,null,https://files.customs.gov.vn/CustomsCMS/TONG_CUC/2024/8/13/295.pdf,https://www.customs.gov.vn/index.jsp?pageId=3&id=96346&cid=1294,2024,04/2024,2026-10-08T09:33:41Z
177,296/TB-KĐ3,24/04/2024,Tổng cục Hải qun,"Về kết quả phân tích kèm mã số hàng hóa xuất khẩu, nhập khẩu",96347,313,19,TONG_CUC,Nguyễn Phương Nhi,null,https://files.customs.gov.vn/CustomsCMS/TONG_CUC/2024/8/13/296.pdf,https://www.customs.gov.vn/index.jsp?pageId=3&id=96347&cid=1294,2024,04/2024,2026-10-08T09:33:41Z
178,297/TB-KĐ3,24/04/2024,Tổng cục Hải qun,"Về kết quả phân tích kèm mã số hàng hóa xuất khẩu, nhập khẩu",96348,313,19,TONG_CUC,Nguyễn Phương Nhi,null,https://files.customs.gov.vn/CustomsCMS/TONG_CUC/2024/8/13/297.pdf,https://www.customs.gov.vn/index.jsp?pageId=3&id=96348&cid=1294,2024,04/2024,2026-10-08T09:33:41Z
179,298/TB-KĐ3,24/04/2024,Tổng cục Hải qun,"Về kết quả phân tích kèm mã số hàng hóa xuất khẩu, nhập khẩu",96349,313,19,TONG_CUC,Nguyễn Thị Thanh Phượng,null,https://files.customs.gov.vn/CustomsCMS/TONG_CUC/2024/8/13/298.pdf,https://www.customs.gov.vn/index.jsp?pageId=3&id=96349&cid=1294,2024,04/2024,2026-10-08T09:33:41Z
180,299/TB-KĐ3,24/04/2024,Tổng cục Hải qun,"Về kết quả phân tích kèm mã số hàng hóa xuất khẩu, nhập khẩu",96350,313,19,TONG_CUC,Nguyễn Thị Thanh Phượng,null,https://files.customs.gov.vn/CustomsCMS/TONG_CUC/2024/8/13/299.pdf,https://www.customs.gov.vn/index.jsp?pageId=3&id=96350&cid=1294,2024,04/2024,2026-10-08T09:33:41Z
181,36/TB-CMTV,24/04/2024,Tổng cục Hải qun,"Về kết quả phân tích kèm mã số hàng hóa xuất khảu, nhập khẩu",93719,313,19,TONG_CUC,Lâm Đại Tú,null,https://files.customs.gov.vn/CustomsCMS/TONG_CUC/2024/5/14/36.pdf,https://www.customs.gov.vn/index.jsp?pageId=3&id=93719&cid=1294,2024,04/2024,2026-10-08T09:33:41Z
182,37/TB-CMTV,24/04/2024,Tổng cục Hải qun,"Về kết quả phân tích kèm mã số hàng hóa xuất khảu, nhập khẩu",93720,313,19,TONG_CUC,Lâm Đại Tú,null,https://files.customs.gov.vn/CustomsCMS/TONG_CUC/2024/5/14/37.pdf,https://www.customs.gov.vn/index.jsp?pageId=3&id=93720&cid=1294,2024,04/2024,2026-10-08T09:33:41Z
183,38/TB-CMTV,24/04/2024,Tổng cục Hải qun,"Về kết quả phân tích kèm mã số hàng hóa xuất khảu, nhập khẩu",93708,313,19,TONG_CUC,Lâm Đại Tú,null,https://files.customs.gov.vn/CustomsCMS/TONG_CUC/2024/5/14/38.pdf,https://www.customs.gov.vn/index.jsp?pageId=3&id=93708&cid=1294,2024,04/2024,2026-10-08T09:33:41Z
184,286/TB-KĐ3,23/04/2024,Tổng cục Hải qun,"Về kết quả phân tích kèm mã số hàng hóa xuất khẩu, nhập khẩu",96340,313,19,TONG_CUC,Nguyễn Phương Nhi,null,https://files.customs.gov.vn/CustomsCMS/TONG_CUC/2024/8/13/286.pdf,https://www.customs.gov.vn/index.jsp?pageId=3&id=96340&cid=1294,2024,04/2024,2026-10-08T09:33:41Z
185,287/TB-KĐ3,23/04/2024,Tổng cục Hải qun,"Về kết quả phân tích kèm mã số hàng hóa xuất khẩu, nhập khẩu",96341,313,19,TONG_CUC,Nguyễn Phương Nhi,null,https://files.customs.gov.vn/CustomsCMS/TONG_CUC/2024/8/13/287.pdf,https://www.customs.gov.vn/index.jsp?pageId=3&id=96341&cid=1294,2024,04/2024,2026-10-08T09:33:41Z
186,288/TB-KĐ3,23/04/2024,Tổng cục Hải qun,"Về kết quả phân tích kèm mã số hàng hóa xuất khẩu, nhập khẩu",96342,313,19,TONG_CUC,Nguyễn Thị Thanh Phượng,null,https://files.customs.gov.vn/CustomsCMS/TONG_CUC/2024/8/13/288.pdf,https://www.customs.gov.vn/index.jsp?pageId=3&id=96342&cid=1294,2024,04/2024,2026-10-08T09:33:41Z
187,291/TB-KĐ3,23/04/2024,Tổng cục Hải qun,"Về kết quả phân tích kèm mã số hàng hóa xuất khẩu, nhập khẩu",96344,313,19,TONG_CUC,Nguyễn Thị Thanh Phượng,null,https://files.customs.gov.vn/CustomsCMS/TONG_CUC/2024/8/13/291.pdf,https://www.customs.gov.vn/index.jsp?pageId=3&id=96344&cid=1294,2024,04/2024,2026-10-08T09:33:41Z
188,283/TB-KĐ3,22/04/2024,Tổng cục Hải qun,"Về kết quả phân tích kèm mã số hàng hóa xuất khẩu, nhập khẩu",96337,313,19,TONG_CUC,Nguyễn Thị Thanh Phượng,null,https://files.customs.gov.vn/CustomsCMS/TONG_CUC/2024/8/13/283.pdf,https://www.customs.gov.vn/index.jsp?pageId=3&id=96337&cid=1294,2024,04/2024,2026-10-08T09:33:41Z
189,284/TB-KĐ3,22/04/2024,Tổng cục Hải qun,"Về kết quả phân tích kèm mã số hàng hóa xuất khẩu, nhập khẩu",96338,313,19,TONG_CUC,Nguyễn Thị Thanh Phượng,null,https://files.customs.gov.vn/CustomsCMS/TONG_CUC/2024/8/13/284.pdf,https://www.customs.gov.vn/index.jsp?pageId=3&id=96338&cid=1294,2024,04/2024,2026-10-08T09:33:41Z
190,285/TB-KĐ3,22/04/2024,Tổng cục Hải qun,"Về kết quả phân tích kèm mã số hàng hóa xuất khẩu, nhập khẩu",96339,313,19,TONG_CUC,Nguyễn Phương Nhi,null,https://files.customs.gov.vn/CustomsCMS/TONG_CUC/2024/8/13/285.pdf,https://www.customs.gov.vn/index.jsp?pageId=3&id=96339&cid=1294,2024,04/2024,2026-10-08T09:33:41Z
191,278/TB-KĐ3,19/04/2024,Tổng cục Hải qun,"Về kết quả phân tích kèm mã số hàng hóa xuất khẩu, nhập khẩu",96336,313,19,TONG_CUC,Nguyễn Thị Thanh Phượng,null,https://files.customs.gov.vn/CustomsCMS/TONG_CUC/2024/8/13/278.pdf,https://www.customs.gov.vn/index.jsp?pageId=3&id=96336&cid=1294,2024,04/2024,2026-10-08T09:33:41Z
192,33/TB-CMTV,19/04/2024,Tổng cục Hải qun,"Về kết quả phân tích kèm mã số hàng hóa xuất khảu, nhập khẩu",93717,313,19,TONG_CUC,Lâm Đại Tú,null,https://files.customs.gov.vn/CustomsCMS/TONG_CUC/2024/5/14/33.pdf,https://www.customs.gov.vn/index.jsp?pageId=3&id=93717&cid=1294,2024,04/2024,2026-10-08T09:33:41Z
193,34/TB-CMTV,19/04/2024,Tổng cục Hải qun,"Về kết quả phân tích kèm mã số hàng hóa xuất khảu, nhập khẩu",93718,313,19,TONG_CUC,Lâm Đại Tú,null,https://files.customs.gov.vn/CustomsCMS/TONG_CUC/2024/5/14/34.pdf,https://www.customs.gov.vn/index.jsp?pageId=3&id=93718&cid=1294,2024,04/2024,2026-10-08T09:33:41Z
194,270/TB-KĐ3,17/04/2024,Tổng cục Hải qun,"Về kết quả phân tích kèm mã số hàng hóa xuất khẩu, nhập khẩu",96332,313,19,TONG_CUC,Nguyễn Phương Nhi,null,https://files.customs.gov.vn/CustomsCMS/TONG_CUC/2024/8/13/270.pdf,https://www.customs.gov.vn/index.jsp?pageId=3&id=96332&cid=1294,2024,04/2024,2026-10-08T09:33:41Z
195,271/TB-KĐ3,17/04/2024,Tổng cục Hải qun,"Về kết quả phân tích kèm mã số hàng hóa xuất khẩu, nhập khẩu",96333,313,19,TONG_CUC,Nguyễn Thị Thanh Phượng,null,https://files.customs.gov.vn/CustomsCMS/TONG_CUC/2024/8/13/271.pdf,https://www.customs.gov.vn/index.jsp?pageId=3&id=96333&cid=1294,2024,04/2024,2026-10-08T09:33:41Z
196,273/TB-KĐ3,17/04/2024,Tổng cục Hải qun,"Về kết quả phân tích kèm mã số hàng hóa xuất khẩu, nhập khẩu",96334,313,19,TONG_CUC,Nguyễn Thị Thanh Phượng,null,https://files.customs.gov.vn/CustomsCMS/TONG_CUC/2024/8/13/273.pdf,https://www.customs.gov.vn/index.jsp?pageId=3&id=96334&cid=1294,2024,04/2024,2026-10-08T09:33:41Z
197,275/TB-KĐ3,17/04/2024,Tổng cục Hải qun,"Về kết quả phân tích kèm mã số hàng hóa xuất khẩu, nhập khẩu",96335,313,19,TONG_CUC,Nguyễn Thị Thanh Phượng,null,https://files.customs.gov.vn/CustomsCMS/TONG_CUC/2024/8/13/275.pdf,https://www.customs.gov.vn/index.jsp?pageId=3&id=96335&cid=1294,2024,04/2024,2026-10-08T09:33:41Z
198,1616/TB-TCHQ,16/04/2024,Tổng cục Hải quan,Kết quả xác định trước mã số,92802,313,19,TONG_CUC,Hoàng Việt Cường,null,https://files.customs.gov.vn/CustomsCMS/TONG_CUC/2024/4/23/1616.pdf,https://www.customs.gov.vn/index.jsp?pageId=3&id=92802&cid=1294,2024,04/2024,2026-10-08T09:33:41Z
199,265/TB-KĐ3,16/04/2024,Tổng cục Hải qun,"Về kết quả phân tích kèm mã số hàng hóa xuất khẩu, nhập khẩu",96329,313,19,TONG_CUC,Nguyễn Thị Thanh Phượng,null,https://files.customs.gov.vn/CustomsCMS/TONG_CUC/2024/8/13/265.pdf,https://www.customs.gov.vn/index.jsp?pageId=3&id=96329&cid=1294,2024,04/2024,2026-10-08T09:33:41Z
200,266/TB-KĐ3,16/04/2024,Tổng cục Hải qun,"Về kết quả phân tích kèm mã số hàng hóa xuất khẩu, nhập khẩu",96330,313,19,TONG_CUC,Nguyễn Thị Thanh Phượng,null,https://files.customs.gov.vn/CustomsCMS/TONG_CUC/2024/8/13/266.pdf,https://www.customs.gov.vn/index.jsp?pageId=3&id=96330&cid=1294,2024,04/2024,2026-10-08T09:33:41Z
201,268/TB-KĐ3,16/04/2024,Tổng cục Hải qun,"Về kết quả phân tích kèm mã số hàng hóa xuất khẩu, nhập khẩu",96331,313,19,TONG_CUC,Nguyễn Thị Thanh Phượng,null,https://files.customs.gov.vn/CustomsCMS/TONG_CUC/2024/8/13/268.pdf,https://www.customs.gov.vn/index.jsp?pageId=3&id=96331&cid=1294,2024,04/2024,2026-10-08T09:33:41Z
202,262/TB-KĐ3,15/04/2024,Tổng cục Hải qun,"Về kết quả phân tích kèm mã số hàng hóa xuất khẩu, nhập khẩu",96327,313,19,TONG_CUC,Nguyễn Phương Nhi,null,https://files.customs.gov.vn/CustomsCMS/TONG_CUC/2024/8/13/262.pdf,https://www.customs.gov.vn/index.jsp?pageId=3&id=96327&cid=1294,2024,04/2024,2026-10-08T09:33:41Z
203,264/TB-KĐ3,15/04/2024,Tổng cục Hải qun,"Về kết quả phân tích kèm mã số hàng hóa xuất khẩu, nhập khẩu",96328,313,19,TONG_CUC,Nguyễn Thị Thanh Phượng,null,https://files.customs.gov.vn/CustomsCMS/TONG_CUC/2024/8/13/264.pdf,https://www.customs.gov.vn/index.jsp?pageId=3&id=96328&cid=1294,2024,04/2024,2026-10-08T09:33:41Z
204,259/TB-KĐ3,12/04/2024,Tổng cục Hải qun,"Về kết quả phân tích kèm mã số hàng hóa xuất khẩu, nhập khẩu",96324,313,19,TONG_CUC,Nguyễn Thị Thanh Phượng,null,https://files.customs.gov.vn/CustomsCMS/TONG_CUC/2024/8/13/259.pdf,https://www.customs.gov.vn/index.jsp?pageId=3&id=96324&cid=1294,2024,04/2024,2026-10-08T09:33:41Z
205,260/TB-KĐ3,12/04/2024,Tổng cục Hải qun,"Về kết quả phân tích kèm mã số hàng hóa xuất khẩu, nhập khẩu",96325,313,19,TONG_CUC,Nguyễn Thị Thanh Phượng,null,https://files.customs.gov.vn/CustomsCMS/TONG_CUC/2024/8/13/260.pdf,https://www.customs.gov.vn/index.jsp?pageId=3&id=96325&cid=1294,2024,04/2024,2026-10-08T09:33:41Z
206,261/TB-KĐ3,12/04/2024,Tổng cục Hải qun,"Về kết quả phân tích kèm mã số hàng hóa xuất khẩu, nhập khẩu",96326,313,19,TONG_CUC,Nguyễn Thị Thanh Phượng,null,https://files.customs.gov.vn/CustomsCMS/TONG_CUC/2024/8/13/261.pdf,https://www.customs.gov.vn/index.jsp?pageId=3&id=96326&cid=1294,2024,04/2024,2026-10-08T09:33:41Z
207,1547/TB-TCHQ,11/04/2024,Tổng cục Hải quan,Kết quả xác định trước mã số,92537,313,19,TONG_CUC,Hoàng Việt Cường,null,https://files.customs.gov.vn/CustomsCMS/TONG_CUC/2024/4/15/1547.pdf,https://www.customs.gov.vn/index.jsp?pageId=3&id=92537&cid=1294,2024,04/2024,2026-10-08T09:33:41Z
208,1548/TB-TCHQ,11/04/2024,Tổng cục Hải quan,Kết quả xác định trước mã số,92505,313,19,TONG_CUC,Hoàng Việt Cường,null,https://files.customs.gov.vn/CustomsCMS/TONG_CUC/2024/4/15/1548.pdf,https://www.customs.gov.vn/index.jsp?pageId=3&id=92505&cid=1294,2024,04/2024,2026-10-08T09:33:41Z
209,256/TB-KĐ3,11/04/2024,Tổng cục Hải qun,"Về kết quả phân tích kèm mã số hàng hóa xuất khẩu, nhập khẩu",96322,313,19,TONG_CUC,Nguyễn Thị Thanh Phượng,null,https://files.customs.gov.vn/CustomsCMS/TONG_CUC/2024/8/13/256.pdf,https://www.customs.gov.vn/index.jsp?pageId=3&id=96322&cid=1294,2024,04/2024,2026-10-08T09:33:41Z
210,257/TB-KĐ3,11/04/2024,Tổng cục Hải qun,"Về kết quả phân tích kèm mã số hàng hóa xuất khẩu, nhập khẩu",96323,313,19,TONG_CUC,Nguyễn Thị Thanh Phượng,null,https://files.customs.gov.vn/CustomsCMS/TONG_CUC/2024/8/13/257.pdf,https://www.customs.gov.vn/index.jsp?pageId=3&id=96323&cid=1294,2024,04/2024,2026-10-08T09:33:41Z
211,29/TB-CMTV,11/04/2024,Tổng cục Hải qun,"Về kết quả phân tích kèm mã số hàng hóa xuất khảu, nhập khẩu",93716,313,19,TONG_CUC,Lâm Đại Tú,null,https://files.customs.gov.vn/CustomsCMS/TONG_CUC/2024/5/14/29.pdf,https://www.customs.gov.vn/index.jsp?pageId=3&id=93716&cid=1294,2024,04/2024,2026-10-08T09:33:41Z
212,251/TB-KĐ3,10/04/2024,Tổng cục Hải qun,"Về kết quả phân tích kèm mã số hàng hóa xuất khẩu, nhập khẩu",96319,313,19,TONG_CUC,Nguyễn Phương Nhi,null,https://files.customs.gov.vn/CustomsCMS/TONG_CUC/2024/8/13/251.pdf,https://www.customs.gov.vn/index.jsp?pageId=3&id=96319&cid=1294,2024,04/2024,2026-10-08T09:33:41Z
213,252/TB-KĐ3,10/04/2024,Tổng cục Hải qun,"Về kết quả phân tích kèm mã số hàng hóa xuất khẩu, nhập khẩu",96320,313,19,TONG_CUC,Nguyễn Thị Thanh Phượng,null,https://files.customs.gov.vn/CustomsCMS/TONG_CUC/2024/8/13/252.pdf,https://www.customs.gov.vn/index.jsp?pageId=3&id=96320&cid=1294,2024,04/2024,2026-10-08T09:33:41Z
214,253/TB-KĐ3,10/04/2024,Tổng cục Hải qun,"Về kết quả phân tích kèm mã số hàng hóa xuất khẩu, nhập khẩu",96321,313,19,TONG_CUC,Nguyễn Thị Thanh Phượng,null,https://files.customs.gov.vn/CustomsCMS/TONG_CUC/2024/8/13/253.pdf,https://www.customs.gov.vn/index.jsp?pageId=3&id=96321&cid=1294,2024,04/2024,2026-10-08T09:33:41Z
215,234/TB-KĐ3,09/04/2024,Tổng cục Hải qun,"Về kết quả phân tích kèm mã số hàng hóa xuất khẩu, nhập khẩu",96307,313,19,TONG_CUC,Nguyễn Thị Thanh Phượng,null,https://files.customs.gov.vn/CustomsCMS/TONG_CUC/2024/8/13/234.pdf,https://www.customs.gov.vn/index.jsp?pageId=3&id=96307&cid=1294,2024,04/2024,2026-10-08T09:33:41Z
216,238/TB-KĐ3,09/04/2024,Tổng cục Hải qun,"Về kết quả phân tích kèm mã số hàng hóa xuất khẩu, nhập khẩu",96308,313,19,TONG_CUC,Nguyễn Thị Thanh Phượng,null,https://files.customs.gov.vn/CustomsCMS/TONG_CUC/2024/8/13/238.pdf,https://www.customs.gov.vn/index.jsp?pageId=3&id=96308&cid=1294,2024,04/2024,2026-10-08T09:33:41Z
217,239/TB-KĐ3,09/04/2024,Tổng cục Hải qun,"Về kết quả phân tích kèm mã số hàng hóa xuất khẩu, nhập khẩu",96309,313,19,TONG_CUC,Nguyễn Phương Nhi,null,https://files.customs.gov.vn/CustomsCMS/TONG_CUC/2024/8/13/239.pdf,https://www.customs.gov.vn/index.jsp?pageId=3&id=96309&cid=1294,2024,04/2024,2026-10-08T09:33:41Z
218,24/TB-CMTV,09/04/2024,Tổng cục Hải qun,"Về kết quả phân tích kèm mã số hàng hóa xuất khảu, nhập khẩu",93705,313,19,TONG_CUC,Lâm Đại Tú,null,https://files.customs.gov.vn/CustomsCMS/TONG_CUC/2024/5/14/24.pdf,https://www.customs.gov.vn/index.jsp?pageId=3&id=93705&cid=1294,2024,04/2024,2026-10-08T09:33:41Z
219,240/TB-KĐ3,09/04/2024,Tổng cục Hải qun,"Về kết quả phân tích kèm mã số hàng hóa xuất khẩu, nhập khẩu",96310,313,19,TONG_CUC,Nguyễn Phương Nhi,null,https://files.customs.gov.vn/CustomsCMS/TONG_CUC/2024/8/13/240.pdf,https://www.customs.gov.vn/index.jsp?pageId=3&id=96310&cid=1294,2024,04/2024,2026-10-08T09:33:41Z
220,241/TB-KĐ3,09/04/2024,Tổng cục Hải qun,"Về kết quả phân tích kèm mã số hàng hóa xuất khẩu, nhập khẩu",96311,313,19,TONG_CUC,Nguyễn Phương Nhi,null,https://files.customs.gov.vn/CustomsCMS/TONG_CUC/2024/8/13/241.pdf,https://www.customs.gov.vn/index.jsp?pageId=3&id=96311&cid=1294,2024,04/2024,2026-10-08T09:33:41Z
221,242/TB-KĐ3,09/04/2024,Tổng cục Hải qun,"Về kết quả phân tích kèm mã số hàng hóa xuất khẩu, nhập khẩu",96312,313,19,TONG_CUC,Nguyễn Phương Nhi,null,https://files.customs.gov.vn/CustomsCMS/TONG_CUC/2024/8/13/242.pdf,https://www.customs.gov.vn/index.jsp?pageId=3&id=96312&cid=1294,2024,04/2024,2026-10-08T09:33:41Z
222,243/TB-KĐ3,09/04/2024,Tổng cục Hải qun,"Về kết quả phân tích kèm mã số hàng hóa xuất khẩu, nhập khẩu",96313,313,19,TONG_CUC,Nguyễn Phương Nhi,null,https://files.customs.gov.vn/CustomsCMS/TONG_CUC/2024/8/13/243.pdf,https://www.customs.gov.vn/index.jsp?pageId=3&id=96313&cid=1294,2024,04/2024,2026-10-08T09:33:41Z
223,244/TB-KĐ3,09/04/2024,Tổng cục Hải qun,"Về kết quả phân tích kèm mã số hàng hóa xuất khẩu, nhập khẩu",96314,313,19,TONG_CUC,Nguyễn Phương Nhi,null,https://files.customs.gov.vn/CustomsCMS/TONG_CUC/2024/8/13/244.pdf,https://www.customs.gov.vn/index.jsp?pageId=3&id=96314&cid=1294,2024,04/2024,2026-10-08T09:33:41Z
224,245/TB-KĐ3,09/04/2024,Tổng cục Hải qun,"Về kết quả phân tích kèm mã số hàng hóa xuất khẩu, nhập khẩu",96315,313,19,TONG_CUC,Nguyễn Phương Nhi,null,https://files.customs.gov.vn/CustomsCMS/TONG_CUC/2024/8/13/245.pdf,https://www.customs.gov.vn/index.jsp?pageId=3&id=96315&cid=1294,2024,04/2024,2026-10-08T09:33:41Z
225,248/TB-KĐ3,09/04/2024,Tổng cục Hải qun,"Về kết quả phân tích kèm mã số hàng hóa xuất khẩu, nhập khẩu",96316,313,19,TONG_CUC,Nguyễn Thị Thanh Phượng,null,https://files.customs.gov.vn/CustomsCMS/TONG_CUC/2024/8/13/248.pdf,https://www.customs.gov.vn/index.jsp?pageId=3&id=96316&cid=1294,2024,04/2024,2026-10-08T09:33:41Z
226,249/TB-KĐ3,09/04/2024,Tổng cục Hải qun,"Về kết quả phân tích kèm mã số hàng hóa xuất khẩu, nhập khẩu",96317,313,19,TONG_CUC,Nguyễn Thị Thanh Phượng,null,https://files.customs.gov.vn/CustomsCMS/TONG_CUC/2024/8/13/249.pdf,https://www.customs.gov.vn/index.jsp?pageId=3&id=96317&cid=1294,2024,04/2024,2026-10-08T09:33:41Z
227,25/TB-CMTV,09/04/2024,Tổng cục Hải qun,"Về kết quả phân tích kèm mã số hàng hóa xuất khảu, nhập khẩu",93715,313,19,TONG_CUC,Lâm Đại Tú,null,https://files.customs.gov.vn/CustomsCMS/TONG_CUC/2024/5/14/25.pdf,https://www.customs.gov.vn/index.jsp?pageId=3&id=93715&cid=1294,2024,04/2024,2026-10-08T09:33:41Z
228,250/TB-KĐ3,09/04/2024,Tổng cục Hải qun,"Về kết quả phân tích kèm mã số hàng hóa xuất khẩu, nhập khẩu",96318,313,19,TONG_CUC,Nguyễn Thị Thanh Phượng,null,https://files.customs.gov.vn/CustomsCMS/TONG_CUC/2024/8/13/250.pdf,https://www.customs.gov.vn/index.jsp?pageId=3&id=96318&cid=1294,2024,04/2024,2026-10-08T09:33:41Z
229,26/TB-CMTV,09/04/2024,Tổng cục Hải qun,"Về kết quả phân tích kèm mã số hàng hóa xuất khảu, nhập khẩu",93706,313,19,TONG_CUC,Lâm Đại Tú,null,https://files.customs.gov.vn/CustomsCMS/TONG_CUC/2024/5/14/26.pdf,https://www.customs.gov.vn/index.jsp?pageId=3&id=93706&cid=1294,2024,04/2024,2026-10-08T09:33:41Z
230,27/TB-CMTV,09/04/2024,Tổng cục Hải qun,"Về kết quả phân tích kèm mã số hàng hóa xuất khảu, nhập khẩu",93707,313,19,TONG_CUC,Lâm Đại Tú,null,https://files.customs.gov.vn/CustomsCMS/TONG_CUC/2024/5/14/27.pdf,https://www.customs.gov.vn/index.jsp?pageId=3&id=93707&cid=1294,2024,04/2024,2026-10-08T09:33:41Z
231,53/TB-KĐ5,09/04/2024,Tổng cục Hải qun,"Về kết quả phân tích kèm mã số hàng hóa xuất khảu, nhập khẩu",93713,313,19,TONG_CUC,Nguyễn Phú Quý,null,https://files.customs.gov.vn/CustomsCMS/TONG_CUC/2024/5/14/53.pdf,https://www.customs.gov.vn/index.jsp?pageId=3&id=93713&cid=1294,2024,04/2024,2026-10-08T09:33:41Z
232,229/TB-KĐ3,08/04/2024,Tổng cục Hải qun,"Về kết quả phân tích kèm mã số hàng hóa xuất khẩu, nhập khẩu",95862,313,19,TONG_CUC,Nguyễn Thị Thanh Phượng,null,https://files.customs.gov.vn/CustomsCMS/TONG_CUC/2024/7/18/229.pdf,https://www.customs.gov.vn/index.jsp?pageId=3&id=95862&cid=1294,2024,04/2024,2026-10-08T09:33:41Z
233,230/TB-KĐ3,08/04/2024,Tổng cục Hải qun,"Về kết quả phân tích kèm mã số hàng hóa xuất khẩu, nhập khẩu",95863,313,19,TONG_CUC,Nguyễn Thị Thanh Phượng,null,https://files.customs.gov.vn/CustomsCMS/TONG_CUC/2024/7/18/230.pdf,https://www.customs.gov.vn/index.jsp?pageId=3&id=95863&cid=1294,2024,04/2024,2026-10-08T09:33:41Z
234,231/TB-KĐ3,08/04/2024,Tổng cục Hải qun,"Về kết quả phân tích kèm mã số hàng hóa xuất khẩu, nhập khẩu",96305,313,19,TONG_CUC,Nguyễn Thị Thanh Phượng,null,https://files.customs.gov.vn/CustomsCMS/TONG_CUC/2024/8/13/231.pdf,https://www.customs.gov.vn/index.jsp?pageId=3&id=96305&cid=1294,2024,04/2024,2026-10-08T09:33:41Z
235,233/TB-KĐ3,08/04/2024,Tổng cục Hải qun,"Về kết quả phân tích kèm mã số hàng hóa xuất khẩu, nhập khẩu",96306,313,19,TONG_CUC,Nguyễn Thị Thanh Phượng,null,https://files.customs.gov.vn/CustomsCMS/TONG_CUC/2024/8/13/233.pdf,https://www.customs.gov.vn/index.jsp?pageId=3&id=96306&cid=1294,2024,04/2024,2026-10-08T09:33:41Z
236,22/TB-CMTV,05/04/2024,Tổng cục Hải qun,"Về kết quả phân tích kèm mã số hàng hóa xuất khảu, nhập khẩu",93703,313,19,TONG_CUC,Lâm Đại Tú,null,https://files.customs.gov.vn/CustomsCMS/TONG_CUC/2024/5/14/22.pdf,https://www.customs.gov.vn/index.jsp?pageId=3&id=93703&cid=1294,2024,04/2024,2026-10-08T09:33:41Z
237,224/TB-KĐ3,05/04/2024,Tổng cục Hải qun,"Về kết quả phân tích kèm mã số hàng hóa xuất khẩu, nhập khẩu",95882,313,19,TONG_CUC,Nguyễn Thị Thanh Phượng,null,https://files.customs.gov.vn/CustomsCMS/TONG_CUC/2024/7/18/224.pdf,https://www.customs.gov.vn/index.jsp?pageId=3&id=95882&cid=1294,2024,04/2024,2026-10-08T09:33:41Z
238,225/TB-KĐ3,05/04/2024,Tổng cục Hải qun,"Về kết quả phân tích kèm mã số hàng hóa xuất khẩu, nhập khẩu",95883,313,19,TONG_CUC,Nguyễn Thị Thanh Phượng,null,https://files.customs.gov.vn/CustomsCMS/TONG_CUC/2024/7/18/225.pdf,https://www.customs.gov.vn/index.jsp?pageId=3&id=95883&cid=1294,2024,04/2024,2026-10-08T09:33:41Z
239,226/TB-KĐ3,05/04/2024,Tổng cục Hải qun,"Về kết quả phân tích kèm mã số hàng hóa xuất khẩu, nhập khẩu",95884,313,19,TONG_CUC,Nguyễn Phương Nhi,null,https://files.customs.gov.vn/CustomsCMS/TONG_CUC/2024/7/18/226.pdf,https://www.customs.gov.vn/index.jsp?pageId=3&id=95884&cid=1294,2024,04/2024,2026-10-08T09:33:41Z
240,227/TB-KĐ3,05/04/2024,Tổng cục Hải qun,"Về kết quả phân tích kèm mã số hàng hóa xuất khẩu, nhập khẩu",95885,313,19,TONG_CUC,Nguyễn Phương Nhi,null,https://files.customs.gov.vn/CustomsCMS/TONG_CUC/2024/7/18/227.pdf,https://www.customs.gov.vn/index.jsp?pageId=3&id=95885&cid=1294,2024,04/2024,2026-10-08T09:33:41Z
241,23/TB-CMTV,05/04/2024,Tổng cục Hải qun,"Về kết quả phân tích kèm mã số hàng hóa xuất khảu, nhập khẩu",93704,313,19,TONG_CUC,Lâm Đại Tú,null,https://files.customs.gov.vn/CustomsCMS/TONG_CUC/2024/5/14/23.pdf,https://www.customs.gov.vn/index.jsp?pageId=3&id=93704&cid=1294,2024,04/2024,2026-10-08T09:33:41Z
242,217/TB-KĐ3,04/04/2024,Tổng cục Hải qun,"Về kết quả phân tích kèm mã số hàng hóa xuất khẩu, nhập khẩu",95860,313,19,TONG_CUC,Nguyễn Thị Thanh Phượng,null,https://files.customs.gov.vn/CustomsCMS/TONG_CUC/2024/7/17/217.pdf,https://www.customs.gov.vn/index.jsp?pageId=3&id=95860&cid=1294,2024,04/2024,2026-10-08T09:33:41Z
243,218/TB-KĐ3,04/04/2024,Tổng cục Hải qun,"Về kết quả phân tích kèm mã số hàng hóa xuất khẩu, nhập khẩu",95839,313,19,TONG_CUC,Nguyễn Thị Thanh Phượng,null,https://files.customs.gov.vn/CustomsCMS/TONG_CUC/2024/7/17/218.pdf,https://www.customs.gov.vn/index.jsp?pageId=3&id=95839&cid=1294,2024,04/2024,2026-10-08T09:33:41Z
244,219/TB-KĐ3,04/04/2024,Tổng cục Hải qun,"Về kết quả phân tích kèm mã số hàng hóa xuất khẩu, nhập khẩu",95840,313,19,TONG_CUC,Nguyễn Thị Thanh Phượng,null,https://files.customs.gov.vn/CustomsCMS/TONG_CUC/2024/7/17/219.pdf,https://www.customs.gov.vn/index.jsp?pageId=3&id=95840&cid=1294,2024,04/2024,2026-10-08T09:33:41Z
245,220/TB-KĐ3,04/04/2024,Tổng cục Hải qun,"Về kết quả phân tích kèm mã số hàng hóa xuất khẩu, nhập khẩu",95880,313,19,TONG_CUC,Nguyễn Phương Nhi,null,https://files.customs.gov.vn/CustomsCMS/TONG_CUC/2024/7/18/220.pdf,https://www.customs.gov.vn/index.jsp?pageId=3&id=95880&cid=1294,2024,04/2024,2026-10-08T09:33:41Z
246,221/TB-KĐ3,04/04/2024,Tổng cục Hải qun,"Về kết quả phân tích kèm mã số hàng hóa xuất khẩu, nhập khẩu",95861,313,19,TONG_CUC,Nguyễn Thị Thanh Phượng,null,https://files.customs.gov.vn/CustomsCMS/TONG_CUC/2024/7/18/221.pdf,https://www.customs.gov.vn/index.jsp?pageId=3&id=95861&cid=1294,2024,04/2024,2026-10-08T09:33:41Z
247,222/TB-KĐ3,04/04/2024,Tổng cục Hải qun,"Về kết quả phân tích kèm mã số hàng hóa xuất khẩu, nhập khẩu",95881,313,19,TONG_CUC,Nguyễn Thị Thanh Phượng,null,https://files.customs.gov.vn/CustomsCMS/TONG_CUC/2024/7/18/222.pdf,https://www.customs.gov.vn/index.jsp?pageId=3&id=95881&cid=1294,2024,04/2024,2026-10-08T09:33:41Z
248,213/TB-KĐ3,03/04/2024,Tổng cục Hải qun,"Về kết quả phân tích kèm mã số hàng hóa xuất khẩu, nhập khẩu",95857,313,19,TONG_CUC,Nguyễn Thị Thanh Phượng,null,https://files.customs.gov.vn/CustomsCMS/TONG_CUC/2024/7/17/213.pdf,https://www.customs.gov.vn/index.jsp?pageId=3&id=95857&cid=1294,2024,04/2024,2026-10-08T09:33:41Z
249,214/TB-KĐ3,03/04/2024,Tổng cục Hải qun,"Về kết quả phân tích kèm mã số hàng hóa xuất khẩu, nhập khẩu",95858,313,19,TONG_CUC,Nguyễn Thị Thanh Phượng,null,https://files.customs.gov.vn/CustomsCMS/TONG_CUC/2024/7/17/214.pdf,https://www.customs.gov.vn/index.jsp?pageId=3&id=95858&cid=1294,2024,04/2024,2026-10-08T09:33:41Z
250,215/TBKĐ3,03/04/2024,Tổng cục Hải qun,"Về kết quả phân tích kèm mã số hàng hóa xuất khẩu, nhập khẩu",95838,313,19,TONG_CUC,Nguyễn Thị Thanh Phượng,null,https://files.customs.gov.vn/CustomsCMS/TONG_CUC/2024/7/17/215.pdf,https://www.customs.gov.vn/index.jsp?pageId=3&id=95838&cid=1294,2024,04/2024,2026-10-08T09:33:41Z
251,216/TB-KĐ3,03/04/2024,Tổng cục Hải qun,"Về kết quả phân tích kèm mã số hàng hóa xuất khẩu, nhập khẩu",95859,313,19,TONG_CUC,Nguyễn Phương Nhi,null,https://files.customs.gov.vn/CustomsCMS/TONG_CUC/2024/7/17/216.pdf,https://www.customs.gov.vn/index.jsp?pageId=3&id=95859&cid=1294,2024,04/2024,2026-10-08T09:33:41Z
252,1395/TB-TCHQ,02/04/2024,Tổng cục Hải quan,Kết quả xác định trước mã số,92398,313,19,TONG_CUC,Hoàng Việt Cường,null,https://files.customs.gov.vn/CustomsCMS/TONG_CUC/2024/4/12/1395.pdf,https://www.customs.gov.vn/index.jsp?pageId=3&id=92398&cid=1294,2024,04/2024,2026-10-08T09:33:41Z
253,204/TB-KĐ3,02/04/2024,Tổng cục Hải qun,"Về kết quả phân tích kèm mã số hàng hóa xuất khẩu, nhập khẩu",95489,313,19,TONG_CUC,Nguyễn Phương Nhi,null,https://files.customs.gov.vn/CustomsCMS/TONG_CUC/2024/7/5/204.pdf,https://www.customs.gov.vn/index.jsp?pageId=3&id=95489&cid=1294,2024,04/2024,2026-10-08T09:33:41Z
254,205/TB-KĐ3,02/04/2024,Tổng cục Hải qun,"Về kết quả phân tích kèm mã số hàng hóa xuất khẩu, nhập khẩu",95490,313,19,TONG_CUC,Nguyễn Phương Nhi,null,https://files.customs.gov.vn/CustomsCMS/TONG_CUC/2024/7/5/205.pdf,https://www.customs.gov.vn/index.jsp?pageId=3&id=95490&cid=1294,2024,04/2024,2026-10-08T09:33:41Z
255,206/TB-KĐ3,02/04/2024,Tổng cục Hải qun,"Về kết quả phân tích kèm mã số hàng hóa xuất khẩu, nhập khẩu",95491,313,19,TONG_CUC,Nguyễn Phương Nhi,null,https://files.customs.gov.vn/CustomsCMS/TONG_CUC/2024/7/5/206.pdf,https://www.customs.gov.vn/index.jsp?pageId=3&id=95491&cid=1294,2024,04/2024,2026-10-08T09:33:41Z
256,207/TB-KĐ3,02/04/2024,Tổng cục Hải qun,"Về kết quả phân tích kèm mã số hàng hóa xuất khẩu, nhập khẩu",95506,313,19,TONG_CUC,Nguyễn Phương Nhi,null,https://files.customs.gov.vn/CustomsCMS/TONG_CUC/2024/7/5/207.pdf,https://www.customs.gov.vn/index.jsp?pageId=3&id=95506&cid=1294,2024,04/2024,2026-10-08T09:33:41Z
257,208/TB-KĐ3,02/04/2024,Tổng cục Hải qun,"Về kết quả phân tích kèm mã số hàng hóa xuất khẩu, nhập khẩu",95793,313,19,TONG_CUC,Nguyễn Thị Thanh Phượng,null,https://files.customs.gov.vn/CustomsCMS/TONG_CUC/2024/7/17/208.pdf,https://www.customs.gov.vn/index.jsp?pageId=3&id=95793&cid=1294,2024,04/2024,2026-10-08T09:33:41Z
258,209/TB-KĐ3,02/04/2024,Tổng cục Hải qun,"Về kết quả phân tích kèm mã số hàng hóa xuất khẩu, nhập khẩu",95794,313,19,TONG_CUC,Nguyễn Thị Thanh Phượng,null,https://files.customs.gov.vn/CustomsCMS/TONG_CUC/2024/7/17/495209.pdf,https://www.customs.gov.vn/index.jsp?pageId=3&id=95794&cid=1294,2024,04/2024,2026-10-08T09:33:41Z
259,210/TB-KĐ3,02/04/2024,Tổng cục Hải qun,"Về kết quả phân tích kèm mã số hàng hóa xuất khẩu, nhập khẩu",95795,313,19,TONG_CUC,Nguyễn Thị Thanh Phượng,null,https://files.customs.gov.vn/CustomsCMS/TONG_CUC/2024/7/17/210.pdf,https://www.customs.gov.vn/index.jsp?pageId=3&id=95795&cid=1294,2024,04/2024,2026-10-08T09:33:41Z
260,212/TB-KĐ3,02/04/2024,Tổng cục Hải qun,"Về kết quả phân tích kèm mã số hàng hóa xuất khẩu, nhập khẩu",95856,313,19,TONG_CUC,Nguyễn Thị Thanh Phượng,null,https://files.customs.gov.vn/CustomsCMS/TONG_CUC/2024/7/17/212.pdf,https://www.customs.gov.vn/index.jsp?pageId=3&id=95856&cid=1294,2024,04/2024,2026-10-08T09:33:41Z
261,59/TB-KĐCMTV,31/05/2024,Tổng cục Hải qun,"Về kết quả phân tích kèm mã số hàng hóa xuất khẩu, nhập khẩu",94740,313,19,TONG_CUC,Lâm Đại Tú,null,https://files.customs.gov.vn/CustomsCMS/TONG_CUC/2024/6/12/57.pdf,https://www.customs.gov.vn/index.jsp?pageId=3&id=94740&cid=1294,2024,05/2024,2026-10-08T09:33:41Z
262,76/TB-KĐ4,31/05/2024,Tổng cục Hải qun,"Về kết quả phân tích kèm mã số hàng hóa xuất khẩu, nhập khẩu",94749,313,19,TONG_CUC,Lê Ngọc Tấn,null,https://files.customs.gov.vn/CustomsCMS/TONG_CUC/2024/6/12/76-TB-KÐ4.pdf,https://www.customs.gov.vn/index.jsp?pageId=3&id=94749&cid=1294,2024,05/2024,2026-10-08T09:33:41Z
263,2387/TB-TCHQ,30/05/2024,Tổng cục Hải quan,Kết quả xác định trước mã số,94517,313,19,TONG_CUC,Hoàng Việt Cường,null,https://files.customs.gov.vn/CustomsCMS/TONG_CUC/2024/6/3/2387.pdf,https://www.customs.gov.vn/index.jsp?pageId=3&id=94517&cid=1294,2024,05/2024,2026-10-08T09:33:41Z
264,2388/TB-TCHQ,30/05/2024,Tổng cục Hải quan,Kết quả xác định trước mã số,94538,313,19,TONG_CUC,Hoàng Việt Cường,null,https://files.customs.gov.vn/CustomsCMS/TONG_CUC/2024/6/3/2388.pdf,https://www.customs.gov.vn/index.jsp?pageId=3&id=94538&cid=1294,2024,05/2024,2026-10-08T09:33:41Z
265,2389/TB-TCHQ,30/05/2024,Tổng cục Hải quan,Kết quả xác định trước mã số,94540,313,19,TONG_CUC,Hoàng Việt Cường,null,https://files.customs.gov.vn/CustomsCMS/TONG_CUC/2024/6/3/2389.pdf,https://www.customs.gov.vn/index.jsp?pageId=3&id=94540&cid=1294,2024,05/2024,2026-10-08T09:33:41Z
266,2390/TB-TCHQ,30/05/2024,Tổng cục Hải quan,Kết quả xác định trước mã số,94521,313,19,TONG_CUC,Hoàng Việt Cường,null,https://files.customs.gov.vn/CustomsCMS/TONG_CUC/2024/6/3/2390.pdf,https://www.customs.gov.vn/index.jsp?pageId=3&id=94521&cid=1294,2024,05/2024,2026-10-08T09:33:41Z
267,2391/TB-TCHQ,30/05/2024,Tổng cục Hải quan,Kết quả xác định trước mã số,94522,313,19,TONG_CUC,Hoàng Việt Cường,null,https://files.customs.gov.vn/CustomsCMS/TONG_CUC/2024/6/3/2391.pdf,https://www.customs.gov.vn/index.jsp?pageId=3&id=94522&cid=1294,2024,05/2024,2026-10-08T09:33:41Z
268,2392/TB-TCHQ,30/05/2024,Tổng cục Hải quan,Kết quả xác định trước mã số,94523,313,19,TONG_CUC,Hoàng Việt Cường,null,https://files.customs.gov.vn/CustomsCMS/TONG_CUC/2024/6/3/2392.pdf,https://www.customs.gov.vn/index.jsp?pageId=3&id=94523&cid=1294,2024,05/2024,2026-10-08T09:33:41Z
269,2373/TB-TCHQ,29/05/2024,Tổng cục Hải quan,Kết quả xác định trước mã số,94516,313,19,TONG_CUC,Hoàng Việt Cường,null,https://files.customs.gov.vn/CustomsCMS/TONG_CUC/2024/6/3/2373.pdf,https://www.customs.gov.vn/index.jsp?pageId=3&id=94516&cid=1294,2024,05/2024,2026-10-08T09:33:41Z
270,55/TB-KĐCMTV,29/05/2024,Tổng cục Hải qun,"Về kết quả phân tích kèm mã số hàng hóa xuất khẩu, nhập khẩu",94674,313,19,TONG_CUC,Lâm Đại Tú,null,https://files.customs.gov.vn/CustomsCMS/TONG_CUC/2024/6/12/55.pdf,https://www.customs.gov.vn/index.jsp?pageId=3&id=94674&cid=1294,2024,05/2024,2026-10-08T09:33:41Z
271,56/TB-KĐCMTV,29/05/2024,Tổng cục Hải qun,"Về kết quả phân tích kèm mã số hàng hóa xuất khẩu, nhập khẩu",94739,313,19,TONG_CUC,Lâm Đại Tú,null,https://files.customs.gov.vn/CustomsCMS/TONG_CUC/2024/6/12/56.pdf,https://www.customs.gov.vn/index.jsp?pageId=3&id=94739&cid=1294,2024,05/2024,2026-10-08T09:33:41Z
272,75/TB-KĐ4,29/05/2024,Tổng cục Hải qun,"Về kết quả phân tích kèm mã số hàng hóa xuất khẩu, nhập khẩu",94757,313,19,TONG_CUC,Trần Hương Giang,null,https://files.customs.gov.vn/CustomsCMS/TONG_CUC/2024/6/12/75-TB-KÐ4.pdf,https://www.customs.gov.vn/index.jsp?pageId=3&id=94757&cid=1294,2024,05/2024,2026-10-08T09:33:41Z
273,74/TB-KĐ4,28/05/2024,Tổng cục Hải qun,"Về kết quả phân tích kèm mã số hàng hóa xuất khẩu, nhập khẩu",94748,313,19,TONG_CUC,Trần Hương Giang,null,https://files.customs.gov.vn/CustomsCMS/TONG_CUC/2024/6/12/74-TB-KÐ4.pdf,https://www.customs.gov.vn/index.jsp?pageId=3&id=94748&cid=1294,2024,05/2024,2026-10-08T09:33:41Z
274,53/TB-KĐCMTV,27/05/2024,Tổng cục Hải qun,"Về kết quả phân tích kèm mã số hàng hóa xuất khẩu, nhập khẩu",94738,313,19,TONG_CUC,Lâm Đại Tú,null,https://files.customs.gov.vn/CustomsCMS/TONG_CUC/2024/6/12/53.pdf,https://www.customs.gov.vn/index.jsp?pageId=3&id=94738&cid=1294,2024,05/2024,2026-10-08T09:33:41Z
275,54/TB-KĐCMTV,27/05/2024,Tổng cục Hải qun,"Về kết quả phân tích kèm mã số hàng hóa xuất khẩu, nhập khẩu",94673,313,19,TONG_CUC,Lâm Đại Tú,null,https://files.customs.gov.vn/CustomsCMS/TONG_CUC/2024/6/12/54.pdf,https://www.customs.gov.vn/index.jsp?pageId=3&id=94673&cid=1294,2024,05/2024,2026-10-08T09:33:41Z
276,2306/TB-TCHQ,24/05/2024,Tổng cục Hải quan,Kết quả xác định trước mã số,94371,313,19,TONG_CUC,Hoàng Việt Cường,null,https://files.customs.gov.vn/CustomsCMS/TONG_CUC/2024/5/28/2306.pdf,https://www.customs.gov.vn/index.jsp?pageId=3&id=94371&cid=1294,2024,05/2024,2026-10-08T09:33:41Z
277,2307/TB-TCHQ,24/05/2024,Tổng cục Hải quan,Kết quả xác định trước mã số,94372,313,19,TONG_CUC,Hoàng Việt Cường,null,https://files.customs.gov.vn/CustomsCMS/TONG_CUC/2024/5/28/2307.pdf,https://www.customs.gov.vn/index.jsp?pageId=3&id=94372&cid=1294,2024,05/2024,2026-10-08T09:33:41Z
278,73/TB-KĐ4,24/05/2024,Tổng cục Hải qun,"Về kết quả phân tích kèm mã số hàng hóa xuất khẩu, nhập khẩu",94756,313,19,TONG_CUC,Trần Hương Giang,null,https://files.customs.gov.vn/CustomsCMS/TONG_CUC/2024/6/12/73-TB-KÐ4.pdf,https://www.customs.gov.vn/index.jsp?pageId=3&id=94756&cid=1294,2024,05/2024,2026-10-08T09:33:41Z
279,2276/TB-TCHQ,23/05/2024,Tổng cục Hải quan,Kết quả xác định trước mã số,94370,313,19,TONG_CUC,Hoàng Việt Cường,null,https://files.customs.gov.vn/CustomsCMS/TONG_CUC/2024/5/28/2276.pdf,https://www.customs.gov.vn/index.jsp?pageId=3&id=94370&cid=1294,2024,05/2024,2026-10-08T09:33:41Z
280,72/TB-KĐ4,23/05/2024,Tổng cục Hải qun,"Về kết quả phân tích kèm mã số hàng hóa xuất khẩu, nhập khẩu",94747,313,19,TONG_CUC,Trần Hương Giang,null,https://files.customs.gov.vn/CustomsCMS/TONG_CUC/2024/6/12/72-TB-KÐ4.pdf,https://www.customs.gov.vn/index.jsp?pageId=3&id=94747&cid=1294,2024,05/2024,2026-10-08T09:33:41Z
281,2258/TB-TCHQ,22/05/2024,Tổng cục Hải quan,Kết quả xác định trước mã số,94369,313,19,TONG_CUC,Hoàng Việt Cường,null,https://files.customs.gov.vn/CustomsCMS/TONG_CUC/2024/5/28/2258.pdf,https://www.customs.gov.vn/index.jsp?pageId=3&id=94369&cid=1294,2024,05/2024,2026-10-08T09:33:41Z
282,2222/TB-TCHQ,21/05/2024,Tổng cục Hải quan,Kết quả xác định trước mã số,94238,313,19,TONG_CUC,Hoàng Việt Cường,null,https://files.customs.gov.vn/CustomsCMS/TONG_CUC/2024/5/23/2222.pdf,https://www.customs.gov.vn/index.jsp?pageId=3&id=94238&cid=1294,2024,05/2024,2026-10-08T09:33:41Z
283,2223/TB-TCHQ,21/05/2024,Tổng cục Hải quan,Kết quả xác định trước mã số,94219,313,19,TONG_CUC,Hoàng Việt Cường,null,https://files.customs.gov.vn/CustomsCMS/TONG_CUC/2024/5/23/2223.pdf,https://www.customs.gov.vn/index.jsp?pageId=3&id=94219&cid=1294,2024,05/2024,2026-10-08T09:33:41Z
284,2224/TB-TCHQ,21/05/2024,Tổng cục Hải quan,Kết quả xác định trước mã số,94220,313,19,TONG_CUC,Hoàng Việt Cường,null,https://files.customs.gov.vn/CustomsCMS/TONG_CUC/2024/5/23/2224.pdf,https://www.customs.gov.vn/index.jsp?pageId=3&id=94220&cid=1294,2024,05/2024,2026-10-08T09:33:41Z
285,2225/TB-TCHQ,21/05/2024,Tổng cục Hải quan,Kết quả xác định trước mã số,94239,313,19,TONG_CUC,Hoàng Việt Cường,null,https://files.customs.gov.vn/CustomsCMS/TONG_CUC/2024/5/23/2225.pdf,https://www.customs.gov.vn/index.jsp?pageId=3&id=94239&cid=1294,2024,05/2024,2026-10-08T09:33:41Z
286,71/TB-KĐ4,20/05/2024,Tổng cục Hải qun,"Về kết quả phân tích kèm mã số hàng hóa xuất khẩu, nhập khẩu",94746,313,19,TONG_CUC,Trần Hương Giang,null,https://files.customs.gov.vn/CustomsCMS/TONG_CUC/2024/6/12/71-TB-KÐ4.pdf,https://www.customs.gov.vn/index.jsp?pageId=3&id=94746&cid=1294,2024,05/2024,2026-10-08T09:33:41Z
287,2131/TB-TCHQ,15/05/2024,Tổng cục Hải quan,Kết quả xác định trước mã số,93803,313,19,TONG_CUC,Hoàng Việt Cường,15/05/2024,https://files.customs.gov.vn/CustomsCMS/TONG_CUC/2024/5/15/2131.pdf,https://www.customs.gov.vn/index.jsp?pageId=3&id=93803&cid=1294,2024,05/2024,2026-10-08T09:33:41Z
288,70/TB-KĐ4,15/05/2024,Tổng cục Hải qun,"Về kết quả phân tích kèm mã số hàng hóa xuất khẩu, nhập khẩu",94745,313,19,TONG_CUC,Trần Hương Giang,null,https://files.customs.gov.vn/CustomsCMS/TONG_CUC/2024/6/12/70-TB-KÐ4.pdf,https://www.customs.gov.vn/index.jsp?pageId=3&id=94745&cid=1294,2024,05/2024,2026-10-08T09:33:41Z
289,2101/TB-TCHQ,14/05/2024,Tổng cục Hải quan,Kết quả xác định trước mã số,93804,313,19,TONG_CUC,Hoàng Việt Cường,14/05/2024,https://files.customs.gov.vn/CustomsCMS/TONG_CUC/2024/5/15/2101.pdf,https://www.customs.gov.vn/index.jsp?pageId=3&id=93804&cid=1294,2024,05/2024,2026-10-08T09:33:41Z
290,47/TB-CMTV,09/05/2024,Tổng cục Hải qun,"Về kết quả phân tích kèm mã số hàng hóa xuất khảu, nhập khẩu",93727,313,19,TONG_CUC,Lâm Đại Tú,null,https://files.customs.gov.vn/CustomsCMS/TONG_CUC/2024/5/14/47.pdf,https://www.customs.gov.vn/index.jsp?pageId=3&id=93727&cid=1294,2024,05/2024,2026-10-08T09:33:41Z
291,48/TB-CMTV,09/05/2024,Tổng cục Hải qun,"Về kết quả phân tích kèm mã số hàng hóa xuất khảu, nhập khẩu",93711,313,19,TONG_CUC,Lâm Đại Tú,null,https://files.customs.gov.vn/CustomsCMS/TONG_CUC/2024/5/14/48 (1).pdf,https://www.customs.gov.vn/index.jsp?pageId=3&id=93711&cid=1294,2024,05/2024,2026-10-08T09:33:41Z
292,1969/TB-TCHQ,08/05/2024,Tổng cục Hải quan,Kết quả xác định trước mã số,93816,313,19,TONG_CUC,Hoàng Việt Cường,null,https://files.customs.gov.vn/CustomsCMS/TONG_CUC/2024/5/15/1969.pdf,https://www.customs.gov.vn/index.jsp?pageId=3&id=93816&cid=1294,2024,05/2024,2026-10-08T09:33:41Z
293,1970/TB-TCHQ,08/05/2024,Tổng cục Hải quan,Kết quả xác định trước mã số,93817,313,19,TONG_CUC,Hoàng Việt Cường,null,https://files.customs.gov.vn/CustomsCMS/TONG_CUC/2024/5/15/1970.pdf,https://www.customs.gov.vn/index.jsp?pageId=3&id=93817&cid=1294,2024,05/2024,2026-10-08T09:33:41Z
294,67/TB-KĐ4,08/05/2024,Tổng cục Hải qun,"Về kết quả phân tích kèm mã số hàng hóa xuất khảu, nhập khẩu",93712,313,19,TONG_CUC,Lê Ngọc Tấn,null,https://files.customs.gov.vn/CustomsCMS/TONG_CUC/2024/5/14/67-TB-KÐ4.pdf,https://www.customs.gov.vn/index.jsp?pageId=3&id=93712&cid=1294,2024,05/2024,2026-10-08T09:33:41Z
295,1952/TB-TCHQ,07/05/2024,Tổng cục Hải quan,Kết quả xác định trước mã số,93338,313,19,TONG_CUC,Hoàng Việt Cường,07/05/2024,https://files.customs.gov.vn/CustomsCMS/TONG_CUC/2024/5/8/1952.pdf,https://www.customs.gov.vn/index.jsp?pageId=3&id=93338&cid=1294,2024,05/2024,2026-10-08T09:33:41Z
296,43/TB-CMTV,07/05/2024,Tổng cục Hải qun,"Về kết quả phân tích kèm mã số hàng hóa xuất khảu, nhập khẩu",93710,313,19,TONG_CUC,Lâm Đại Tú,null,https://files.customs.gov.vn/CustomsCMS/TONG_CUC/2024/5/14/43.pdf,https://www.customs.gov.vn/index.jsp?pageId=3&id=93710&cid=1294,2024,05/2024,2026-10-08T09:33:41Z
297,44/TB-CMTV,07/05/2024,Tổng cục Hải qun,"Về kết quả phân tích kèm mã số hàng hóa xuất khảu, nhập khẩu",93724,313,19,TONG_CUC,Lâm Đại Tú,null,https://files.customs.gov.vn/CustomsCMS/TONG_CUC/2024/5/14/44.pdf,https://www.customs.gov.vn/index.jsp?pageId=3&id=93724&cid=1294,2024,05/2024,2026-10-08T09:33:41Z
298,45/TB-CMTV,07/05/2024,Tổng cục Hải qun,"Về kết quả phân tích kèm mã số hàng hóa xuất khảu, nhập khẩu",93725,313,19,TONG_CUC,Lâm Đại Tú,null,https://files.customs.gov.vn/CustomsCMS/TONG_CUC/2024/5/14/45.pdf,https://www.customs.gov.vn/index.jsp?pageId=3&id=93725&cid=1294,2024,05/2024,2026-10-08T09:33:41Z
299,46/TB-CMTV,07/05/2024,Tổng cục Hải qun,"Về kết quả phân tích kèm mã số hàng hóa xuất khảu, nhập khẩu",93726,313,19,TONG_CUC,Lâm Đại Tú,null,https://files.customs.gov.vn/CustomsCMS/TONG_CUC/2024/5/14/46.pdf,https://www.customs.gov.vn/index.jsp?pageId=3&id=93726&cid=1294,2024,05/2024,2026-10-08T09:33:41Z
300,41/TB-CMTV,06/05/2024,Tổng cục Hải qun,"Về kết quả phân tích kèm mã số hàng hóa xuất khảu, nhập khẩu",93709,313,19,TONG_CUC,Lâm Đại Tú,null,https://files.customs.gov.vn/CustomsCMS/TONG_CUC/2024/5/14/41.pdf,https://www.customs.gov.vn/index.jsp?pageId=3&id=93709&cid=1294,2024,05/2024,2026-10-08T09:33:41Z
301,42/TB-CMTV,06/05/2024,Tổng cục Hải qun,"Về kết quả phân tích kèm mã số hàng hóa xuất khảu, nhập khẩu",93723,313,19,TONG_CUC,Lâm Đại Tú,null,https://files.customs.gov.vn/CustomsCMS/TONG_CUC/2024/5/14/42.pdf,https://www.customs.gov.vn/index.jsp?pageId=3&id=93723&cid=1294,2024,05/2024,2026-10-08T09:33:41Z
302,1893/TB-TCHQ,04/05/2024,Tổng cục Hải quan,Kết quả xác định trước mã số,93395,313,19,TONG_CUC,Hoàng Việt Cường,04/05/2024,https://files.customs.gov.vn/CustomsCMS/TONG_CUC/2024/5/8/1893.pdf,https://www.customs.gov.vn/index.jsp?pageId=3&id=93395&cid=1294,2024,05/2024,2026-10-08T09:33:41Z
303,1894/TB-TCHQ,04/05/2024,Tổng cục Hải quan,Kết quả xác định trước mã số,93396,313,19,TONG_CUC,Hoàng Việt Cường,04/05/2024,,https://www.customs.gov.vn/index.jsp?pageId=3&id=93396&cid=1294,2024,05/2024,2026-10-08T09:33:41Z
304,108/TB-KĐ4,26/06/2024,Tổng cục Hải qun,"Về kết quả phân tích kèm mã số hàng hóa xuất khẩu, nhập khẩu",96301,313,19,TONG_CUC,Trần Hương Giang,null,https://files.customs.gov.vn/CustomsCMS/TONG_CUC/2024/8/13/108_TB-KÐ4.pdf,https://www.customs.gov.vn/index.jsp?pageId=3&id=96301&cid=1294,2024,06/2024,2026-10-08T09:33:41Z
305,105/TB-KĐ4,25/06/2024,Tổng cục Hải qun,"Về kết quả phân tích kèm mã số hàng hóa xuất khẩu, nhập khẩu",96298,313,19,TONG_CUC,Trần Hương Giang,null,https://files.customs.gov.vn/CustomsCMS/TONG_CUC/2024/8/13/105_TB-KÐ4.pdf,https://www.customs.gov.vn/index.jsp?pageId=3&id=96298&cid=1294,2024,06/2024,2026-10-08T09:33:41Z
306,106/TB-KĐ4,25/06/2024,Tổng cục Hải qun,"Về kết quả phân tích kèm mã số hàng hóa xuất khẩu, nhập khẩu",96299,313,19,TONG_CUC,Trần Hương Giang,null,https://files.customs.gov.vn/CustomsCMS/TONG_CUC/2024/8/13/106_TB-KÐ4.pdf,https://www.customs.gov.vn/index.jsp?pageId=3&id=96299&cid=1294,2024,06/2024,2026-10-08T09:33:41Z
307,101/TB-KĐ4,24/06/2024,Tổng cục Hải qun,"Về kết quả phân tích kèm mã số hàng hóa xuất khẩu, nhập khẩu",96295,313,19,TONG_CUC,Lê Ngọc Tấn,null,https://files.customs.gov.vn/CustomsCMS/TONG_CUC/2024/8/13/101_TB-KÐ4.pdf,https://www.customs.gov.vn/index.jsp?pageId=3&id=96295&cid=1294,2024,06/2024,2026-10-08T09:33:41Z
308,102/TB-KĐ4,24/06/2024,Tổng cục Hải qun,"Về kết quả phân tích kèm mã số hàng hóa xuất khẩu, nhập khẩu",96296,313,19,TONG_CUC,Lê Ngọc Tấn,null,https://files.customs.gov.vn/CustomsCMS/TONG_CUC/2024/8/13/102_TB-KÐ4.pdf,https://www.customs.gov.vn/index.jsp?pageId=3&id=96296&cid=1294,2024,06/2024,2026-10-08T09:33:41Z
309,103/TB-KĐ4,24/06/2024,Tổng cục Hải qun,"Về kết quả phân tích kèm mã số hàng hóa xuất khẩu, nhập khẩu",96297,313,19,TONG_CUC,Trần Hương Giang,null,https://files.customs.gov.vn/CustomsCMS/TONG_CUC/2024/8/13/103_TB-KÐ4.pdf,https://www.customs.gov.vn/index.jsp?pageId=3&id=96297&cid=1294,2024,06/2024,2026-10-08T09:33:41Z
310,98/TB-KĐ4,19/06/2024,Tổng cục Hải qun,"Về kết quả phân tích kèm mã số hàng hóa xuất khẩu, nhập khẩu",96293,313,19,TONG_CUC,Lê Ngọc Tấn,null,https://files.customs.gov.vn/CustomsCMS/TONG_CUC/2024/8/13/98_TB-KÐ4.pdf,https://www.customs.gov.vn/index.jsp?pageId=3&id=96293&cid=1294,2024,06/2024,2026-10-08T09:33:41Z
311,99/TB-KĐ4,19/06/2024,Tổng cục Hải qun,"Về kết quả phân tích kèm mã số hàng hóa xuất khẩu, nhập khẩu",96294,313,19,TONG_CUC,Lê Ngọc Tấn,null,https://files.customs.gov.vn/CustomsCMS/TONG_CUC/2024/8/13/99_TB-KÐ4.pdf,https://www.customs.gov.vn/index.jsp?pageId=3&id=96294&cid=1294,2024,06/2024,2026-10-08T09:33:41Z
312,2817/TB-TCHQ,18/06/2024,Tổng cục Hải quan,Kết quả xác định trước mã số,95119,313,19,TONG_CUC,Hoàng Việt Cường,null,https://files.customs.gov.vn/CustomsCMS/TONG_CUC/2024/6/24/2817.pdf,https://www.customs.gov.vn/index.jsp?pageId=3&id=95119&cid=1294,2024,06/2024,2026-10-08T09:33:41Z
313,2818/TB-TCHQ,18/06/2024,Tổng cục Hải quan,Kết quả xác định trước mã số,95679,313,19,TONG_CUC,Hoàng Việt Cường,null,https://files.customs.gov.vn/CustomsCMS/TONG_CUC/2024/7/11/2818.pdf,https://www.customs.gov.vn/index.jsp?pageId=3&id=95679&cid=1294,2024,06/2024,2026-10-08T09:33:41Z
314,2819/TB-TCHQ,18/06/2024,Tổng cục Hải quan,Kết quả xác định trước mã số,95680,313,19,TONG_CUC,Hoàng Việt Cường,null,https://files.customs.gov.vn/CustomsCMS/TONG_CUC/2024/7/11/2819.pdf,https://www.customs.gov.vn/index.jsp?pageId=3&id=95680&cid=1294,2024,06/2024,2026-10-08T09:33:41Z
315,2820/TB-TCHQ,18/06/2024,Tổng cục Hải quan,Kết quả xác định trước mã số,95681,313,19,TONG_CUC,Hoàng Việt Cường,null,https://files.customs.gov.vn/CustomsCMS/TONG_CUC/2024/7/11/2820.pdf,https://www.customs.gov.vn/index.jsp?pageId=3&id=95681&cid=1294,2024,06/2024,2026-10-08T09:33:41Z
316,2821/TB-TCHQ,18/06/2024,Tổng cục Hải quan,Kết quả xác định trước mã số,95682,313,19,TONG_CUC,Hoàng Việt Cường,null,https://files.customs.gov.vn/CustomsCMS/TONG_CUC/2024/7/11/2821.pdf,https://www.customs.gov.vn/index.jsp?pageId=3&id=95682&cid=1294,2024,06/2024,2026-10-08T09:33:41Z
317,2822/TB-TCHQ,18/06/2024,Tổng cục Hải quan,Kết quả xác định trước mã số,95099,313,19,TONG_CUC,Hoàng Việt Cường,null,https://files.customs.gov.vn/CustomsCMS/TONG_CUC/2024/6/24/2822.pdf,https://www.customs.gov.vn/index.jsp?pageId=3&id=95099&cid=1294,2024,06/2024,2026-10-08T09:33:41Z
318,2765/TB-TCHQ,14/06/2024,Tổng cục Hải quan,Kết quả xác định trước mã số,95100,313,19,TONG_CUC,Hoàng Việt Cường,null,https://files.customs.gov.vn/CustomsCMS/TONG_CUC/2024/6/24/2765.pdf,https://www.customs.gov.vn/index.jsp?pageId=3&id=95100&cid=1294,2024,06/2024,2026-10-08T09:33:41Z
319,93/TB-KĐ4,14/06/2024,Tổng cục Hải qun,"Về kết quả phân tích kèm mã số hàng hóa xuất khẩu, nhập khẩu",96290,313,19,TONG_CUC,Lê Ngọc Tấn,null,https://files.customs.gov.vn/CustomsCMS/TONG_CUC/2024/8/13/93_TB-KÐ4.pdf,https://www.customs.gov.vn/index.jsp?pageId=3&id=96290&cid=1294,2024,06/2024,2026-10-08T09:33:41Z
320,94/TB-KĐ4,14/06/2024,Tổng cục Hải qun,"Về kết quả phân tích kèm mã số hàng hóa xuất khẩu, nhập khẩu",96291,313,19,TONG_CUC,Lê Ngọc Tấn,null,https://files.customs.gov.vn/CustomsCMS/TONG_CUC/2024/8/13/94_TB-KÐ4.pdf,https://www.customs.gov.vn/index.jsp?pageId=3&id=96291&cid=1294,2024,06/2024,2026-10-08T09:33:41Z
321,95/TB-KĐ3,14/06/2024,Tổng cục Hải qun,"Về kết quả phân tích kèm mã số hàng hóa xuất khẩu, nhập khẩu",96292,313,19,TONG_CUC,Lê Ngọc Tấn,null,https://files.customs.gov.vn/CustomsCMS/TONG_CUC/2024/8/13/95_TB-KÐ4.pdf,https://www.customs.gov.vn/index.jsp?pageId=3&id=96292&cid=1294,2024,06/2024,2026-10-08T09:33:41Z
322,2695/TB-TCHQ,12/06/2024,Tổng cục Hải quan,Kết quả xác định trước mã số,94779,313,19,TONG_CUC,Hoàng Việt Cường,null,https://files.customs.gov.vn/CustomsCMS/TONG_CUC/2024/6/14/2695.pdf,https://www.customs.gov.vn/index.jsp?pageId=3&id=94779&cid=1294,2024,06/2024,2026-10-08T09:33:41Z
323,2710/TB-TCHQ,12/06/2024,Tổng cục Hải quan,Kết quả xác định trước mã số,94778,313,19,TONG_CUC,Hoàng Việt Cường,null,https://files.customs.gov.vn/CustomsCMS/TONG_CUC/2024/6/14/2710.pdf,https://www.customs.gov.vn/index.jsp?pageId=3&id=94778&cid=1294,2024,06/2024,2026-10-08T09:33:41Z
324,88/TB-KĐ4,12/06/2024,Tổng cục Hải qun,"Về kết quả phân tích kèm mã số hàng hóa xuất khẩu, nhập khẩu",96286,313,19,TONG_CUC,Trần Hương Giang,null,https://files.customs.gov.vn/CustomsCMS/TONG_CUC/2024/8/13/88_TB-KÐ4.pdf,https://www.customs.gov.vn/index.jsp?pageId=3&id=96286&cid=1294,2024,06/2024,2026-10-08T09:33:41Z
325,89/TB-KĐ4,12/06/2024,Tổng cục Hải qun,"Về kết quả phân tích kèm mã số hàng hóa xuất khẩu, nhập khẩu",96287,313,19,TONG_CUC,Lê Ngọc Tấn,null,https://files.customs.gov.vn/CustomsCMS/TONG_CUC/2024/8/13/89_TB-KÐ4.pdf,https://www.customs.gov.vn/index.jsp?pageId=3&id=96287&cid=1294,2024,06/2024,2026-10-08T09:33:41Z
326,90/TB-KĐ4,12/06/2024,Tổng cục Hải qun,"Về kết quả phân tích kèm mã số hàng hóa xuất khẩu, nhập khẩu",96288,313,19,TONG_CUC,Lê Ngọc Tấn,null,https://files.customs.gov.vn/CustomsCMS/TONG_CUC/2024/8/13/90_TB-KÐ4.pdf,https://www.customs.gov.vn/index.jsp?pageId=3&id=96288&cid=1294,2024,06/2024,2026-10-08T09:33:41Z
327,91/TB-KĐ4,12/06/2024,Tổng cục Hải qun,"Về kết quả phân tích kèm mã số hàng hóa xuất khẩu, nhập khẩu",96289,313,19,TONG_CUC,Lê Ngọc Tấn,null,https://files.customs.gov.vn/CustomsCMS/TONG_CUC/2024/8/13/91_TB-KÐ4.pdf,https://www.customs.gov.vn/index.jsp?pageId=3&id=96289&cid=1294,2024,06/2024,2026-10-08T09:33:41Z
328,2681/TB-TCHQ,11/06/2024,Tổng cục Hải quan,Kết quả xác định trước mã số,95116,313,19,TONG_CUC,Hoàng Việt Cường,null,https://files.customs.gov.vn/CustomsCMS/TONG_CUC/2024/6/24/2681.pdf,https://www.customs.gov.vn/index.jsp?pageId=3&id=95116&cid=1294,2024,06/2024,2026-10-08T09:33:41Z
329,87/TB-KĐ4,11/06/2024,Tổng cục Hải qun,"Về kết quả phân tích kèm mã số hàng hóa xuất khẩu, nhập khẩu",96285,313,19,TONG_CUC,Lê Ngọc Tấn,null,https://files.customs.gov.vn/CustomsCMS/TONG_CUC/2024/8/13/87_TB-KÐ4.pdf,https://www.customs.gov.vn/index.jsp?pageId=3&id=96285&cid=1294,2024,06/2024,2026-10-08T09:33:41Z
330,85/TB-KĐ4,10/06/2024,Tổng cục Hải qun,"Về kết quả phân tích kèm mã số hàng hóa xuất khẩu, nhập khẩu",96283,313,19,TONG_CUC,Lê Ngọc Tấn,null,https://files.customs.gov.vn/CustomsCMS/TONG_CUC/2024/8/13/85_TB-KÐ4.pdf,https://www.customs.gov.vn/index.jsp?pageId=3&id=96283&cid=1294,2024,06/2024,2026-10-08T09:33:41Z
331,86/TB-KĐ4,10/06/2024,Tổng cục Hải qun,"Về kết quả phân tích kèm mã số hàng hóa xuất khẩu, nhập khẩu",96284,313,19,TONG_CUC,Lê Ngọc Tấn,null,https://files.customs.gov.vn/CustomsCMS/TONG_CUC/2024/8/13/86_TB-KÐ4.pdf,https://www.customs.gov.vn/index.jsp?pageId=3&id=96284&cid=1294,2024,06/2024,2026-10-08T09:33:41Z
332,60/TB-KĐCMTV,07/06/2024,Tổng cục Hải qun,"Về kết quả phân tích kèm mã số hàng hóa xuất khẩu, nhập khẩu",94742,313,19,TONG_CUC,Lâm Đại Tú,null,https://files.customs.gov.vn/CustomsCMS/TONG_CUC/2024/6/12/60.pdf,https://www.customs.gov.vn/index.jsp?pageId=3&id=94742&cid=1294,2024,06/2024,2026-10-08T09:33:41Z
333,61/TB-KĐCMTV,07/06/2024,Tổng cục Hải qun,"Về kết quả phân tích kèm mã số hàng hóa xuất khẩu, nhập khẩu",94755,313,19,TONG_CUC,Lâm Đại Tú,null,https://files.customs.gov.vn/CustomsCMS/TONG_CUC/2024/6/12/61.pdf,https://www.customs.gov.vn/index.jsp?pageId=3&id=94755&cid=1294,2024,06/2024,2026-10-08T09:33:41Z
334,62/TB-KĐCMTV,07/06/2024,Tổng cục Hải qun,"Về kết quả phân tích kèm mã số hàng hóa xuất khẩu, nhập khẩu",94743,313,19,TONG_CUC,Lâm Đại Tú,null,https://files.customs.gov.vn/CustomsCMS/TONG_CUC/2024/6/12/62.pdf,https://www.customs.gov.vn/index.jsp?pageId=3&id=94743&cid=1294,2024,06/2024,2026-10-08T09:33:41Z
335,83/TB-KĐ4,07/06/2024,Tổng cục Hải qun,"Về kết quả phân tích kèm mã số hàng hóa xuất khẩu, nhập khẩu",96281,313,19,TONG_CUC,Lê Ngọc Tấn,null,https://files.customs.gov.vn/CustomsCMS/TONG_CUC/2024/8/13/83_TB-KÐ4.pdf,https://www.customs.gov.vn/index.jsp?pageId=3&id=96281&cid=1294,2024,06/2024,2026-10-08T09:33:41Z
336,84/TB-KĐ4,07/06/2024,Tổng cục Hải qun,"Về kết quả phân tích kèm mã số hàng hóa xuất khẩu, nhập khẩu",96282,313,19,TONG_CUC,Lê Ngọc Tấn,null,https://files.customs.gov.vn/CustomsCMS/TONG_CUC/2024/8/13/84_TB-KÐ4.pdf,https://www.customs.gov.vn/index.jsp?pageId=3&id=96282&cid=1294,2024,06/2024,2026-10-08T09:33:41Z
337,82/TB-KĐ4,06/06/2024,Tổng cục Hải qun,"Về kết quả phân tích kèm mã số hàng hóa xuất khẩu, nhập khẩu",96280,313,19,TONG_CUC,Lê Ngọc Tấn,null,https://files.customs.gov.vn/CustomsCMS/TONG_CUC/2024/8/13/82_TB-KÐ4.pdf,https://www.customs.gov.vn/index.jsp?pageId=3&id=96280&cid=1294,2024,06/2024,2026-10-08T09:33:41Z
338,109/TB-KĐ5,05/06/2024,Tổng cục Hải qun,"Về kết quả phân tích kèm mã số hàng hóa xuất khẩu, nhập khẩu",94744,313,19,TONG_CUC,Nguyễn Phú Quý,null,https://files.customs.gov.vn/CustomsCMS/TONG_CUC/2024/6/12/109.pdf,https://www.customs.gov.vn/index.jsp?pageId=3&id=94744&cid=1294,2024,06/2024,2026-10-08T09:33:41Z
339,81/TB-KĐ4,05/06/2024,Tổng cục Hải qun,"Về kết quả phân tích kèm mã số hàng hóa xuất khẩu, nhập khẩu",96279,313,19,TONG_CUC,Lê Ngọc Tấn,null,https://files.customs.gov.vn/CustomsCMS/TONG_CUC/2024/8/13/81_TB-KÐ4.pdf,https://www.customs.gov.vn/index.jsp?pageId=3&id=96279&cid=1294,2024,06/2024,2026-10-08T09:33:41Z
340,59/TB-KĐCMTV,04/06/2024,Tổng cục Hải qun,"Về kết quả phân tích kèm mã số hàng hóa xuất khẩu, nhập khẩu",94741,313,19,TONG_CUC,Lâm Đại Tú,null,https://files.customs.gov.vn/CustomsCMS/TONG_CUC/2024/6/12/59.pdf,https://www.customs.gov.vn/index.jsp?pageId=3&id=94741&cid=1294,2024,06/2024,2026-10-08T09:33:41Z
341,2516/TB-TCHQ,03/06/2024,Tổng cục Hải quan,Kết quả xác định trước mã số,94637,313,19,TONG_CUC,Hoàng Việt Cường,null,https://files.customs.gov.vn/CustomsCMS/TONG_CUC/2024/6/6/2516.pdf,https://www.customs.gov.vn/index.jsp?pageId=3&id=94637&cid=1294,2024,06/2024,2026-10-08T09:33:41Z
342,2517/TB-TCHQ,03/06/2024,Tổng cục Hải quan,Kết quả xác định trước mã số,94656,313,19,TONG_CUC,Hoàng Việt Cường,null,https://files.customs.gov.vn/CustomsCMS/TONG_CUC/2024/6/6/2517.pdf,https://www.customs.gov.vn/index.jsp?pageId=3&id=94656&cid=1294,2024,06/2024,2026-10-08T09:33:41Z
343,2518/TB-TCHQ,03/06/2024,Tổng cục Hải quan,Kết quả xác định trước mã số,94636,313,19,TONG_CUC,Hoàng Việt Cường,null,https://files.customs.gov.vn/CustomsCMS/TONG_CUC/2024/6/6/2518.pdf,https://www.customs.gov.vn/index.jsp?pageId=3&id=94636&cid=1294,2024,06/2024,2026-10-08T09:33:41Z
344,2519/TB-TCHQ,03/06/2024,Tổng cục Hải quan,Kết quả xác định trước mã số,94655,313,19,TONG_CUC,Hoàng Việt Cường,null,https://files.customs.gov.vn/CustomsCMS/TONG_CUC/2024/6/6/2519.pdf,https://www.customs.gov.vn/index.jsp?pageId=3&id=94655&cid=1294,2024,06/2024,2026-10-08T09:33:41Z
345,3664/TB-TCHQ,29/07/2024,Tổng cục Hải quan,Kết quả xác định trước mã số,96032,313,19,TONG_CUC,Hoàng Việt Cường,null,https://files.customs.gov.vn/CustomsCMS/TONG_CUC/2024/7/30/3664.pdf,https://www.customs.gov.vn/index.jsp?pageId=3&id=96032&cid=1294,2024,07/2024,2026-10-08T09:33:41Z
346,3594/TB-TCHQ,25/07/2024,Tổng cục Hải quan,Kết quả xác định trước mã số,96045,313,19,TONG_CUC,Hoàng Việt Cường,null,https://files.customs.gov.vn/CustomsCMS/TONG_CUC/2024/7/29/3594.pdf,https://www.customs.gov.vn/index.jsp?pageId=3&id=96045&cid=1294,2024,07/2024,2026-10-08T09:33:41Z
347,3609/TB-TCHQ,25/07/2024,Tổng cục Hải quan,Kết quả xác định trước mã số,96028,313,19,TONG_CUC,Hoàng Việt Cường,null,https://files.customs.gov.vn/CustomsCMS/TONG_CUC/2024/7/29/3609.pdf,https://www.customs.gov.vn/index.jsp?pageId=3&id=96028&cid=1294,2024,07/2024,2026-10-08T09:33:41Z
348,3610/TB-TCHQ,25/07/2024,Tổng cục Hải quan,Kết quả xác định trước mã số,96061,313,19,TONG_CUC,Hoàng Việt Cường,null,https://files.customs.gov.vn/CustomsCMS/TONG_CUC/2024/7/30/3610.pdf,https://www.customs.gov.vn/index.jsp?pageId=3&id=96061&cid=1294,2024,07/2024,2026-10-08T09:33:41Z
349,3611/TB-TCHQ,25/07/2024,Tổng cục Hải quan,Kết quả xác định trước mã số,96062,313,10,TONG_CUC,Hoàng Việt Cường,null,https://files.customs.gov.vn/CustomsCMS/TONG_CUC/2024/7/30/3611.pdf,https://www.customs.gov.vn/index.jsp?pageId=3&id=96062&cid=1294,2024,07/2024,2026-10-08T09:33:41Z
350,3612/TB-TCHQ,25/07/2024,Tổng cục Hải quan,Kết quả xác định trước mã số,96063,313,19,TONG_CUC,Hoàng Việt Cường,null,https://files.customs.gov.vn/CustomsCMS/TONG_CUC/2024/7/30/3612.pdf,https://www.customs.gov.vn/index.jsp?pageId=3&id=96063&cid=1294,2024,07/2024,2026-10-08T09:33:41Z
351,3613/TB-TCHQ,25/07/2024,Tổng cục Hải quan,Kết quả xác định trước mã số,96027,313,19,TONG_CUC,Hoàng Việt Cường,null,https://files.customs.gov.vn/CustomsCMS/TONG_CUC/2024/7/29/3613.pdf,https://www.customs.gov.vn/index.jsp?pageId=3&id=96027&cid=1294,2024,07/2024,2026-10-08T09:33:41Z
352,3614/TB-TCHQ,25/07/2024,Tổng cục Hải quan,Kết quả xác định trước mã số,96046,313,19,TONG_CUC,Hoàng Việt Cường,null,https://files.customs.gov.vn/CustomsCMS/TONG_CUC/2024/7/29/3614.pdf,https://www.customs.gov.vn/index.jsp?pageId=3&id=96046&cid=1294,2024,07/2024,2026-10-08T09:33:41Z
353,3615/TB-TCHQ,25/07/2024,Tổng cục Hải quan,Kết quả xác định trước mã số,96026,313,19,TONG_CUC,Hoàng Việt Cường,null,https://files.customs.gov.vn/CustomsCMS/TONG_CUC/2024/7/29/3615.pdf,https://www.customs.gov.vn/index.jsp?pageId=3&id=96026&cid=1294,2024,07/2024,2026-10-08T09:33:41Z
354,3408/TB-TCHQ,12/07/2024,Tổng cục Hải quan,"Sửa đổi, thay thế Thông báo kết quả xác định trước mã số",95803,313,19,TONG_CUC,Hoàng Việt Cường,null,https://files.customs.gov.vn/CustomsCMS/TONG_CUC/2024/7/16/3408.pdf,https://www.customs.gov.vn/index.jsp?pageId=3&id=95803&cid=1294,2024,07/2024,2026-10-08T09:33:41Z
355,3409/TB-TCHQ,12/07/2024,Tổng cục Hải quan,Kết quả xác định trước mã số,95788,313,19,TONG_CUC,Hoàng Việt Cường,null,https://files.customs.gov.vn/CustomsCMS/TONG_CUC/2024/7/16/3409.pdf,https://www.customs.gov.vn/index.jsp?pageId=3&id=95788&cid=1294,2024,07/2024,2026-10-08T09:33:41Z
356,3387/TB-TCHQ,11/07/2024,Tổng cục Hải quan,Kết quả xác định trước mã số,95789,313,19,TONG_CUC,Hoàng Việt Cường,null,https://files.customs.gov.vn/CustomsCMS/TONG_CUC/2024/7/16/3387.pdf,https://www.customs.gov.vn/index.jsp?pageId=3&id=95789&cid=1294,2024,07/2024,2026-10-08T09:33:41Z
357,3398/TB-TCHQ,11/07/2024,Tổng cục Hải quan,Kết quả xác định trước mã số,95790,313,19,TONG_CUC,Hoàng Việt Cường,null,https://files.customs.gov.vn/CustomsCMS/TONG_CUC/2024/7/16/3398.pdf,https://www.customs.gov.vn/index.jsp?pageId=3&id=95790&cid=1294,2024,07/2024,2026-10-08T09:33:41Z
358,3399/TB-TCHQ,11/07/2024,Tổng cục Hải quan,Kết quả xác định trước mã số,95804,313,19,TONG_CUC,Hoàng Việt Cường,null,https://files.customs.gov.vn/CustomsCMS/TONG_CUC/2024/7/16/3399.pdf,https://www.customs.gov.vn/index.jsp?pageId=3&id=95804&cid=1294,2024,07/2024,2026-10-08T09:33:41Z
359,3347/TB-TCHQ,10/07/2024,Tổng cục Hải quan,Kết quả xác định trước mã số,95678,313,19,TONG_CUC,Hoàng Việt Cường,null,https://files.customs.gov.vn/CustomsCMS/TONG_CUC/2024/7/11/3347.pdf,https://www.customs.gov.vn/index.jsp?pageId=3&id=95678&cid=1294,2024,07/2024,2026-10-08T09:33:41Z
360,3348/TB-TCHQ,10/07/2024,Tổng cục Hải quan,Kết quả xác định trước mã số,95652,313,19,TONG_CUC,Hoàng Việt Cường,null,https://files.customs.gov.vn/CustomsCMS/TONG_CUC/2024/7/11/3348.pdf,https://www.customs.gov.vn/index.jsp?pageId=3&id=95652&cid=1294,2024,07/2024,2026-10-08T09:33:41Z
361,3349/TB-TCHQ,10/07/2024,Tổng cục Hải quan,Kết quả xác định trước mã số,95651,313,19,TONG_CUC,Hoàng Việt Cường,null,https://files.customs.gov.vn/CustomsCMS/TONG_CUC/2024/7/11/3349.pdf,https://www.customs.gov.vn/index.jsp?pageId=3&id=95651&cid=1294,2024,07/2024,2026-10-08T09:33:41Z
362,112/TB-KĐ4,09/07/2024,Tổng cục Hải qun,"Về kết quả phân tích kèm mã số hàng hóa xuất khẩu, nhập khẩu",96303,313,19,TONG_CUC,Trần Hương Giang,null,https://files.customs.gov.vn/CustomsCMS/TONG_CUC/2024/8/13/112_TB-KÐ4.pdf,https://www.customs.gov.vn/index.jsp?pageId=3&id=96303&cid=1294,2024,07/2024,2026-10-08T09:33:41Z
363,113/TB-KĐ4,09/07/2024,Tổng cục Hải qun,"Về kết quả phân tích kèm mã số hàng hóa xuất khẩu, nhập khẩu",96304,313,19,TONG_CUC,Trần Hương Giang,null,https://files.customs.gov.vn/CustomsCMS/TONG_CUC/2024/8/13/113_TB-KÐ4.pdf,https://www.customs.gov.vn/index.jsp?pageId=3&id=96304&cid=1294,2024,07/2024,2026-10-08T09:33:41Z
364,3299/TB-TCHQ,08/07/2024,Tổng cục Hải quan,Kết quả xác định trước mã số,95650,313,19,TONG_CUC,Hoàng Việt Cường,null,https://files.customs.gov.vn/CustomsCMS/TONG_CUC/2024/7/11/3299.pdf,https://www.customs.gov.vn/index.jsp?pageId=3&id=95650&cid=1294,2024,07/2024,2026-10-08T09:33:41Z
365,3300/TB-TCHQ,08/07/2024,Tổng cục Hải quan,Kết quả xác định trước mã số,95677,313,19,TONG_CUC,Hoàng Việt Cường,null,https://files.customs.gov.vn/CustomsCMS/TONG_CUC/2024/7/11/3300.pdf,https://www.customs.gov.vn/index.jsp?pageId=3&id=95677&cid=1294,2024,07/2024,2026-10-08T09:33:41Z
366,3301/TB-TCHQ,08/07/2024,Tổng cục Hải quan,Kết quả xác định trước mã số,95649,313,19,TONG_CUC,Hoàng Việt Cường,null,https://files.customs.gov.vn/CustomsCMS/TONG_CUC/2024/7/11/3301.pdf,https://www.customs.gov.vn/index.jsp?pageId=3&id=95649&cid=1294,2024,07/2024,2026-10-08T09:33:41Z
367,3312/TB-TCHQ,08/07/2024,Tổng cục Hải quan,Kết quả xác định trước mã số,95676,313,19,TONG_CUC,Hoàng Việt Cường,null,https://files.customs.gov.vn/CustomsCMS/TONG_CUC/2024/7/11/3312.pdf,https://www.customs.gov.vn/index.jsp?pageId=3&id=95676&cid=1294,2024,07/2024,2026-10-08T09:33:41Z
368,3313/TB-TCHQ,08/07/2024,Tổng cục Hải quan,Kết quả xác định trước mã số,95648,313,19,TONG_CUC,Hoàng Việt Cường,null,https://files.customs.gov.vn/CustomsCMS/TONG_CUC/2024/7/11/3313.pdf,https://www.customs.gov.vn/index.jsp?pageId=3&id=95648&cid=1294,2024,07/2024,2026-10-08T09:33:41Z
369,107/TB-KĐ4,07/07/2024,Tổng cục Hải qun,"Về kết quả phân tích kèm mã số hàng hóa xuất khẩu, nhập khẩu",96300,313,19,TONG_CUC,Trần Hương Giang,null,https://files.customs.gov.vn/CustomsCMS/TONG_CUC/2024/8/13/107_TB-KÐ4.pdf,https://www.customs.gov.vn/index.jsp?pageId=3&id=96300&cid=1294,2024,07/2024,2026-10-08T09:33:41Z
370,3245/TB-TCHQ,05/07/2024,Tổng cục Hải quan,"Sửa đổi, thay thế Thông báo kết quả xác định trước mã số",95619,313,19,TONG_CUC,Nguyễn Văn Thọ,null,https://files.customs.gov.vn/CustomsCMS/TONG_CUC/2024/7/8/3245.pdf,https://www.customs.gov.vn/index.jsp?pageId=3&id=95619&cid=1294,2024,07/2024,2026-10-08T09:33:41Z
371,3246/TB-TCHQ,05/07/2024,Tổng cục Hải quan,"Sửa đổi, thay thế Thông báo kết quả xác định trước mã số",95527,313,19,TONG_CUC,Nguyễn Văn Thọ,null,https://files.customs.gov.vn/CustomsCMS/TONG_CUC/2024/7/8/3246.pdf,https://www.customs.gov.vn/index.jsp?pageId=3&id=95527&cid=1294,2024,07/2024,2026-10-08T09:33:41Z
372,110/TB-KĐ4,01/07/2024,Tổng cục Hải qun,"Về kết quả phân tích kèm mã số hàng hóa xuất khẩu, nhập khẩu",96302,313,19,TONG_CUC,Trần Hương Giang,null,https://files.customs.gov.vn/CustomsCMS/TONG_CUC/2024/8/13/110_TB-KÐ4.pdf,https://www.customs.gov.vn/index.jsp?pageId=3&id=96302&cid=1294,2024,07/2024,2026-10-08T09:33:41Z
373,143/TB-KĐ5,30/08/2024,Tổng cục Hải qun,"Về kết quả phân tích kèm mã số hàng hóa xuất khẩu, nhập khẩu",96901,313,19,TONG_CUC,Nguyễn Phú Quý,null,https://files.customs.gov.vn/CustomsCMS/TONG_CUC/2024/10/3/143.pdf,https://www.customs.gov.vn/index.jsp?pageId=3&id=96901&cid=1294,2024,08/2024,2026-10-08T09:33:41Z
374,160/TB-KĐ4,30/08/2024,Tổng cục Hải qun,"Về kết quả phân tích kèm mã số hàng hóa xuất khẩu, nhập khẩu",96601,313,19,TONG_CUC,Trần Hương Giang,null,https://files.customs.gov.vn/CustomsCMS/TONG_CUC/2024/9/5/160_TB-KĐ4.pdf,https://www.customs.gov.vn/index.jsp?pageId=3&id=96601&cid=1294,2024,08/2024,2026-10-08T09:33:41Z
375,161/TB-KĐ4,30/08/2024,Tổng cục Hải qun,"Về kết quả phân tích kèm mã số hàng hóa xuất khẩu, nhập khẩu",96602,313,19,TONG_CUC,Trần Hương Giang,null,https://files.customs.gov.vn/CustomsCMS/TONG_CUC/2024/9/5/161_TB-KÐ4.pdf,https://www.customs.gov.vn/index.jsp?pageId=3&id=96602&cid=1294,2024,08/2024,2026-10-08T09:33:41Z
376,162/TB-KĐ4,30/08/2024,Tổng cục Hải qun,"Về kết quả phân tích kèm mã số hàng hóa xuất khẩu, nhập khẩu",96603,313,19,TONG_CUC,Trần Hương Giang,null,https://files.customs.gov.vn/CustomsCMS/TONG_CUC/2024/9/5/162_TB-KÐ4.pdf,https://www.customs.gov.vn/index.jsp?pageId=3&id=96603&cid=1294,2024,08/2024,2026-10-08T09:33:41Z
377,163/TB-KĐ4,30/08/2024,Tổng cục Hải qun,"Về kết quả phân tích kèm mã số hàng hóa xuất khẩu, nhập khẩu",96604,313,19,TONG_CUC,Trần Hương Giang,null,https://files.customs.gov.vn/CustomsCMS/TONG_CUC/2024/9/5/163_TB-KÐ4 (1).pdf,https://www.customs.gov.vn/index.jsp?pageId=3&id=96604&cid=1294,2024,08/2024,2026-10-08T09:33:41Z
378,4215/TB-TCHQ,30/08/2024,Tổng cục Hải quan,Kết quả xác định trước mã số,96678,313,19,TONG_CUC,Hoàng Việt Cường,null,https://files.customs.gov.vn/CustomsCMS/TONG_CUC/2024/9/11/4215.pdf,https://www.customs.gov.vn/index.jsp?pageId=3&id=96678&cid=1294,2024,08/2024,2026-10-08T09:33:41Z
379,115/TB-CMTV,29/08/2024,Tổng cục Hải qun,"Về kết quả phân tích kèm mã số hàng hóa xuất khẩu, nhập khẩu",96605,313,19,TONG_CUC,Lâm Đại Tú,null,https://files.customs.gov.vn/CustomsCMS/TONG_CUC/2024/9/5/115.pdf,https://www.customs.gov.vn/index.jsp?pageId=3&id=96605&cid=1294,2024,08/2024,2026-10-08T09:33:41Z
380,116/TB-CMTV,29/08/2024,Tổng cục Hải qun,"Về kết quả phân tích kèm mã số hàng hóa xuất khẩu, nhập khẩu",96606,313,19,TONG_CUC,Lâm Đại Tú,null,https://files.customs.gov.vn/CustomsCMS/TONG_CUC/2024/9/5/116.pdf,https://www.customs.gov.vn/index.jsp?pageId=3&id=96606&cid=1294,2024,08/2024,2026-10-08T09:33:41Z
381,117/TB-CMTV,29/08/2024,Tổng cục Hải qun,"Về kết quả phân tích kèm mã số hàng hóa xuất khẩu, nhập khẩu",96607,313,19,TONG_CUC,Lâm Đại Tú,null,https://files.customs.gov.vn/CustomsCMS/TONG_CUC/2024/9/5/117.pdf,https://www.customs.gov.vn/index.jsp?pageId=3&id=96607&cid=1294,2024,08/2024,2026-10-08T09:33:41Z
382,4164/TB-TCHQ,29/08/2024,Tổng cục Hải quan,Kết quả xác định trước mã số,96525,313,19,TONG_CUC,Hoàng Việt Cường,null,https://files.customs.gov.vn/CustomsCMS/TONG_CUC/2024/8/30/4164.pdf,https://www.customs.gov.vn/index.jsp?pageId=3&id=96525&cid=1294,2024,08/2024,2026-10-08T09:33:41Z
383,140/TB-KĐ5,28/08/2024,Tổng cục Hải qun,"Về kết quả phân tích kèm mã số hàng hóa xuất khẩu, nhập khẩu",96608,313,19,TONG_CUC,Nguyễn Phú Quý,null,https://files.customs.gov.vn/CustomsCMS/TONG_CUC/2024/9/5/140.pdf,https://www.customs.gov.vn/index.jsp?pageId=3&id=96608&cid=1294,2024,08/2024,2026-10-08T09:33:41Z
384,141/TB-KĐ5,28/08/2024,Tổng cục Hải qun,"Về kết quả phân tích kèm mã số hàng hóa xuất khẩu, nhập khẩu",96609,313,19,TONG_CUC,Nguyễn Phú Quý,null,https://files.customs.gov.vn/CustomsCMS/TONG_CUC/2024/9/5/141.pdf,https://www.customs.gov.vn/index.jsp?pageId=3&id=96609&cid=1294,2024,08/2024,2026-10-08T09:33:41Z
385,142/TB-KĐ5,28/08/2024,Tổng cục Hải qun,"Về kết quả phân tích kèm mã số hàng hóa xuất khẩu, nhập khẩu",96610,313,19,TONG_CUC,Nguyễn Phú Quý,null,https://files.customs.gov.vn/CustomsCMS/TONG_CUC/2024/9/5/649142.pdf,https://www.customs.gov.vn/index.jsp?pageId=3&id=96610&cid=1294,2024,08/2024,2026-10-08T09:33:41Z
386,155/TB-KĐ4,28/08/2024,Tổng cục Hải qun,"Về kết quả phân tích kèm mã số hàng hóa xuất khẩu, nhập khẩu",96596,313,19,TONG_CUC,Trần Hương Giang,null,https://files.customs.gov.vn/CustomsCMS/TONG_CUC/2024/9/5/155_TB-KĐ4.pdf,https://www.customs.gov.vn/index.jsp?pageId=3&id=96596&cid=1294,2024,08/2024,2026-10-08T09:33:41Z
387,156/TB-KĐ4,28/08/2024,Tổng cục Hải qun,"Về kết quả phân tích kèm mã số hàng hóa xuất khẩu, nhập khẩu",96597,313,19,TONG_CUC,Lê Ngọc Tấn,null,https://files.customs.gov.vn/CustomsCMS/TONG_CUC/2024/9/5/156_TB-KĐ4.pdf,https://www.customs.gov.vn/index.jsp?pageId=3&id=96597&cid=1294,2024,08/2024,2026-10-08T09:33:41Z
388,157/TB-KĐ4,28/08/2024,Tổng cục Hải qun,"Về kết quả phân tích kèm mã số hàng hóa xuất khẩu, nhập khẩu",96598,313,19,TONG_CUC,Lê Ngọc Tấn,null,https://files.customs.gov.vn/CustomsCMS/TONG_CUC/2024/9/5/157_TB-KĐ4.pdf,https://www.customs.gov.vn/index.jsp?pageId=3&id=96598&cid=1294,2024,08/2024,2026-10-08T09:33:41Z
389,158/TB-KĐ4,28/08/2024,Tổng cục Hải qun,"Về kết quả phân tích kèm mã số hàng hóa xuất khẩu, nhập khẩu",96599,313,19,TONG_CUC,Lê Ngọc Tấn,null,https://files.customs.gov.vn/CustomsCMS/TONG_CUC/2024/9/5/158_TB-KĐ4.pdf,https://www.customs.gov.vn/index.jsp?pageId=3&id=96599&cid=1294,2024,08/2024,2026-10-08T09:33:41Z
390,159/TB-KĐ4,28/08/2024,Tổng cục Hải qun,"Về kết quả phân tích kèm mã số hàng hóa xuất khẩu, nhập khẩu",96600,313,19,TONG_CUC,Lê Ngọc Tấn,null,https://files.customs.gov.vn/CustomsCMS/TONG_CUC/2024/9/5/159_TB-KĐ4.pdf,https://www.customs.gov.vn/index.jsp?pageId=3&id=96600&cid=1294,2024,08/2024,2026-10-08T09:33:41Z
391,154/TB-KĐ4,27/08/2024,Tổng cục Hải qun,"Về kết quả phân tích kèm mã số hàng hóa xuất khẩu, nhập khẩu",96595,313,19,TONG_CUC,Trần Hương Giang,null,https://files.customs.gov.vn/CustomsCMS/TONG_CUC/2024/9/5/154_TB-KĐ4.pdf,https://www.customs.gov.vn/index.jsp?pageId=3&id=96595&cid=1294,2024,08/2024,2026-10-08T09:33:41Z
392,4131/TB-TCHQ,27/08/2024,Tổng cục Hải quan,Kết quả xác định trước mã số,96588,313,19,TONG_CUC,Hoàng Việt Cường,null,https://files.customs.gov.vn/CustomsCMS/TONG_CUC/2024/9/4/4131.pdf,https://www.customs.gov.vn/index.jsp?pageId=3&id=96588&cid=1294,2024,08/2024,2026-10-08T09:33:41Z
393,153/TB-KĐ4,26/08/2024,Tổng cục Hải qun,"Về kết quả phân tích kèm mã số hàng hóa xuất khẩu, nhập khẩu",96594,313,19,TONG_CUC,Trần Hương Giang,null,https://files.customs.gov.vn/CustomsCMS/TONG_CUC/2024/9/5/153_TB-KĐ4.pdf,https://www.customs.gov.vn/index.jsp?pageId=3&id=96594&cid=1294,2024,08/2024,2026-10-08T09:33:41Z
394,4090/TB-TCHQ,26/08/2024,Tổng cục Hải quan,Kết quả xác định trước mã số,96521,313,19,TONG_CUC,Hoàng Việt Cường,null,https://files.customs.gov.vn/CustomsCMS/TONG_CUC/2024/8/29/4090.pdf,https://www.customs.gov.vn/index.jsp?pageId=3&id=96521&cid=1294,2024,08/2024,2026-10-08T09:33:41Z
395,4097/TB-TCHQ,26/08/2024,Tổng cục Hải quan,Kết quả xác định trước mã số,96518,313,19,TONG_CUC,Hoàng Việt Cường,null,https://files.customs.gov.vn/CustomsCMS/TONG_CUC/2024/8/29/7114097.pdf,https://www.customs.gov.vn/index.jsp?pageId=3&id=96518&cid=1294,2024,08/2024,2026-10-08T09:33:41Z
396,4098/TB-TCHQ,26/08/2024,Tổng cục Hải quan,Kết quả xác định trước mã số,96517,313,19,TONG_CUC,Hoàng Việt Cường,null,https://files.customs.gov.vn/CustomsCMS/TONG_CUC/2024/8/29/4098.pdf,https://www.customs.gov.vn/index.jsp?pageId=3&id=96517&cid=1294,2024,08/2024,2026-10-08T09:33:41Z
397,4099/TB-TCHQ,26/08/2024,Tổng cục Hải quan,Kết quả xác định trước mã số,96522,313,19,TONG_CUC,Hoàng Việt Cường,null,https://files.customs.gov.vn/CustomsCMS/TONG_CUC/2024/8/29/4099.pdf,https://www.customs.gov.vn/index.jsp?pageId=3&id=96522&cid=1294,2024,08/2024,2026-10-08T09:33:41Z
398,4100/TB-TCHQ,26/08/2024,Tổng cục Hải quan,Kết quả xác định trước mã số,96520,313,19,TONG_CUC,Hoàng Việt Cường,null,https://files.customs.gov.vn/CustomsCMS/TONG_CUC/2024/8/29/4100.pdf,https://www.customs.gov.vn/index.jsp?pageId=3&id=96520&cid=1294,2024,08/2024,2026-10-08T09:33:41Z
399,4101/TB-TCHQ,26/08/2024,Tổng cục Hải quan,Kết quả xác định trước mã số,96519,313,19,TONG_CUC,Hoàng Việt Cường,null,https://files.customs.gov.vn/CustomsCMS/TONG_CUC/2024/8/29/4101.pdf,https://www.customs.gov.vn/index.jsp?pageId=3&id=96519&cid=1294,2024,08/2024,2026-10-08T09:33:41Z
400,4051/TB-TCHQ,23/08/2024,Tổng cục Hải quan,Kết quả xác định trước mã số,96513,313,19,TONG_CUC,Hoàng Việt Cường,null,https://files.customs.gov.vn/CustomsCMS/TONG_CUC/2024/8/29/4051.pdf,https://www.customs.gov.vn/index.jsp?pageId=3&id=96513&cid=1294,2024,08/2024,2026-10-08T09:33:41Z
401,4053/TB-TCHQ,23/08/2024,Tổng cục Hải quan,Kết quả xác định trước mã số,96515,313,19,TONG_CUC,Hoàng Việt Cường,null,https://files.customs.gov.vn/CustomsCMS/TONG_CUC/2024/8/29/4053.pdf,https://www.customs.gov.vn/index.jsp?pageId=3&id=96515&cid=1294,2024,08/2024,2026-10-08T09:33:41Z
402,4054/TB-TCHQ,23/08/2024,Tổng cục Hải quan,Kết quả xác định trước mã số,96514,313,19,TONG_CUC,Hoàng Việt Cường,null,https://files.customs.gov.vn/CustomsCMS/TONG_CUC/2024/8/29/4054.pdf,https://www.customs.gov.vn/index.jsp?pageId=3&id=96514&cid=1294,2024,08/2024,2026-10-08T09:33:41Z
403,4055/TB-TCHQ,23/08/2024,Tổng cục Hải quan,Kết quả xác định trước mã số,96516,313,19,TONG_CUC,Hoàng Việt Cường,null,https://files.customs.gov.vn/CustomsCMS/TONG_CUC/2024/8/29/4055.pdf,https://www.customs.gov.vn/index.jsp?pageId=3&id=96516&cid=1294,2024,08/2024,2026-10-08T09:33:41Z
404,4008/TB-TCHQ,22/08/2024,Tổng cục Hải quan,Kết quả xác định trước mã số,96511,313,19,TONG_CUC,Hoàng Việt Cường,null,https://files.customs.gov.vn/CustomsCMS/TONG_CUC/2024/8/29/4008.pdf,https://www.customs.gov.vn/index.jsp?pageId=3&id=96511&cid=1294,2024,08/2024,2026-10-08T09:33:41Z
405,4009/TB-TCHQ,22/08/2024,Tổng cục Hải quan,Kết quả xác định trước mã số,96512,313,19,TONG_CUC,Hoàng Việt Cường,null,https://files.customs.gov.vn/CustomsCMS/TONG_CUC/2024/8/29/4009.pdf,https://www.customs.gov.vn/index.jsp?pageId=3&id=96512&cid=1294,2024,08/2024,2026-10-08T09:33:41Z
406,113/TB-CMTV,21/08/2024,Tổng cục Hải qun,"Về kết quả phân tích kèm mã số hàng hóa xuất khẩu, nhập khẩu",96495,313,19,TONG_CUC,Lâm Đại Tú,null,https://files.customs.gov.vn/CustomsCMS/TONG_CUC/2024/8/28/113.pdf,https://www.customs.gov.vn/index.jsp?pageId=3&id=96495&cid=1294,2024,08/2024,2026-10-08T09:33:41Z
407,114/TB-CMTV,21/08/2024,Tổng cục Hải qun,"Về kết quả phân tích kèm mã số hàng hóa xuất khẩu, nhập khẩu",96496,313,19,TONG_CUC,Lâm Đại Tú,null,https://files.customs.gov.vn/CustomsCMS/TONG_CUC/2024/8/28/114.pdf,https://www.customs.gov.vn/index.jsp?pageId=3&id=96496&cid=1294,2024,08/2024,2026-10-08T09:33:41Z
408,3964/TB-TCHQ,20/08/2024,Tổng cục Hải quan,Kết quả xác định trước mã số,96509,313,19,TONG_CUC,Hoàng Việt Cường,null,https://files.customs.gov.vn/CustomsCMS/TONG_CUC/2024/8/29/3964.pdf,https://www.customs.gov.vn/index.jsp?pageId=3&id=96509&cid=1294,2024,08/2024,2026-10-08T09:33:41Z
409,3965/TB-TCHQ,20/08/2024,Tổng cục Hải quan,Kết quả xác định trước mã số,96508,313,19,TONG_CUC,Hoàng Việt Cường,null,https://files.customs.gov.vn/CustomsCMS/TONG_CUC/2024/8/29/3965.pdf,https://www.customs.gov.vn/index.jsp?pageId=3&id=96508&cid=1294,2024,08/2024,2026-10-08T09:33:41Z
410,3966/TB-TCHQ,20/08/2024,Tổng cục Hải quan,Kết quả xác định trước mã số,96507,313,19,TONG_CUC,Hoàng Việt Cường,null,https://files.customs.gov.vn/CustomsCMS/TONG_CUC/2024/8/29/3966.pdf,https://www.customs.gov.vn/index.jsp?pageId=3&id=96507&cid=1294,2024,08/2024,2026-10-08T09:33:41Z
411,3969/TB-TCHQ,20/08/2024,Tổng cục Hải quan,Kết quả xác định trước mã số,96510,313,19,TONG_CUC,Hoàng Việt Cường,null,https://files.customs.gov.vn/CustomsCMS/TONG_CUC/2024/8/29/3969.pdf,https://www.customs.gov.vn/index.jsp?pageId=3&id=96510&cid=1294,2024,08/2024,2026-10-08T09:33:41Z
412,3925/TB-TCHQ,19/08/2024,Tổng cục Hải quan,Kết quả xác định trước mã số,96428,313,19,TONG_CUC,Hoàng Việt Cường,null,https://files.customs.gov.vn/CustomsCMS/TONG_CUC/2024/8/22/3925.pdf,https://www.customs.gov.vn/index.jsp?pageId=3&id=96428&cid=1294,2024,08/2024,2026-10-08T09:33:41Z
413,3926/TB-TCHQ,19/08/2024,Tổng cục Hải quan,Kết quả xác định trước mã số,96408,313,19,TONG_CUC,Hoàng Việt Cường,null,https://files.customs.gov.vn/CustomsCMS/TONG_CUC/2024/8/20/3926.pdf,https://www.customs.gov.vn/index.jsp?pageId=3&id=96408&cid=1294,2024,08/2024,2026-10-08T09:33:41Z
414,3927/TB-TCHQ,19/08/2024,Tổng cục Hải quan,Kết quả xác định trước mã số,96505,313,19,TONG_CUC,Hoàng Việt Cường,null,https://files.customs.gov.vn/CustomsCMS/TONG_CUC/2024/8/29/3927.pdf,https://www.customs.gov.vn/index.jsp?pageId=3&id=96505&cid=1294,2024,08/2024,2026-10-08T09:33:41Z
415,3928/TB-TCHQ,19/08/2024,Tổng cục Hải quan,Kết quả xác định trước mã số,96429,313,19,TONG_CUC,Hoàng Việt Cường,null,https://files.customs.gov.vn/CustomsCMS/TONG_CUC/2024/8/22/3928.pdf,https://www.customs.gov.vn/index.jsp?pageId=3&id=96429&cid=1294,2024,08/2024,2026-10-08T09:33:41Z
416,3929/TB-TCHQ,19/08/2024,Tổng cục Hải quan,Kết quả xác định trước mã số,96506,313,19,TONG_CUC,Hoàng Việt Cường,null,https://files.customs.gov.vn/CustomsCMS/TONG_CUC/2024/8/29/3929.pdf,https://www.customs.gov.vn/index.jsp?pageId=3&id=96506&cid=1294,2024,08/2024,2026-10-08T09:33:41Z
417,3930/TB-TCHQ,19/08/2024,Tổng cục Hải quan,Kết quả xác định trước mã số,96407,313,19,TONG_CUC,Hoàng Việt Cường,null,https://files.customs.gov.vn/CustomsCMS/TONG_CUC/2024/8/20/3930.pdf,https://www.customs.gov.vn/index.jsp?pageId=3&id=96407&cid=1294,2024,08/2024,2026-10-08T09:33:41Z
418,3903/TB-TCHQ,16/08/2024,Tổng cục Hải quan,Kết quả xác định trước mã số,96410,313,19,TONG_CUC,Hoàng Việt Cường,null,https://files.customs.gov.vn/CustomsCMS/TONG_CUC/2024/8/20/3903.pdf,https://www.customs.gov.vn/index.jsp?pageId=3&id=96410&cid=1294,2024,08/2024,2026-10-08T09:33:41Z
419,3904/TB-TCHQ,16/08/2024,Tổng cục Hải quan,Kết quả xác định trước mã số,96409,313,19,TONG_CUC,Hoàng Việt Cường,null,https://files.customs.gov.vn/CustomsCMS/TONG_CUC/2024/8/20/3904.pdf,https://www.customs.gov.vn/index.jsp?pageId=3&id=96409&cid=1294,2024,08/2024,2026-10-08T09:33:41Z
420,111/TB-CMTV,15/08/2024,Tổng cục Hải qun,"Về kết quả phân tích kèm mã số hàng hóa xuất khẩu, nhập khẩu",96493,313,19,TONG_CUC,Lâm Đại Tú,null,https://files.customs.gov.vn/CustomsCMS/TONG_CUC/2024/8/28/111.pdf,https://www.customs.gov.vn/index.jsp?pageId=3&id=96493&cid=1294,2024,08/2024,2026-10-08T09:33:41Z
421,112/TB-CMTV,15/08/2024,Tổng cục Hải qun,"Về kết quả phân tích kèm mã số hàng hóa xuất khẩu, nhập khẩu",96494,313,19,TONG_CUC,Lâm Đại Tú,null,https://files.customs.gov.vn/CustomsCMS/TONG_CUC/2024/8/28/112.pdf,https://www.customs.gov.vn/index.jsp?pageId=3&id=96494&cid=1294,2024,08/2024,2026-10-08T09:33:41Z
422,109/TB-CMTV,14/08/2024,Tổng cục Hải qun,"Về kết quả phân tích kèm mã số hàng hóa xuất khẩu, nhập khẩu",96491,313,19,TONG_CUC,Lâm Đại Tú,null,https://files.customs.gov.vn/CustomsCMS/TONG_CUC/2024/8/28/109.pdf,https://www.customs.gov.vn/index.jsp?pageId=3&id=96491&cid=1294,2024,08/2024,2026-10-08T09:33:41Z
423,110/TB-CMTV,14/08/2024,Tổng cục Hải qun,"Về kết quả phân tích kèm mã số hàng hóa xuất khẩu, nhập khẩu",96492,313,19,TONG_CUC,Lâm Đại Tú,null,https://files.customs.gov.vn/CustomsCMS/TONG_CUC/2024/8/28/110.pdf,https://www.customs.gov.vn/index.jsp?pageId=3&id=96492&cid=1294,2024,08/2024,2026-10-08T09:33:41Z
424,136/TB-KĐ5,14/08/2024,Tổng cục Hải qun,"Về kết quả phân tích kèm mã sô hàng hóa xuất khẩu, nhập khẩu",96488,313,19,TONG_CUC,Nguyễn Phú Quý,null,https://files.customs.gov.vn/CustomsCMS/TONG_CUC/2024/8/28/136.pdf,https://www.customs.gov.vn/index.jsp?pageId=3&id=96488&cid=1294,2024,08/2024,2026-10-08T09:33:41Z
425,137/TB-KĐ5,14/08/2024,Tổng cục Hải qun,"Về kết quả phân tích kèm mã số hàng hóa xuất khẩu, nhập khẩu",96489,313,19,TONG_CUC,Nguyễn Phú Quý,null,https://files.customs.gov.vn/CustomsCMS/TONG_CUC/2024/8/28/137.pdf,https://www.customs.gov.vn/index.jsp?pageId=3&id=96489&cid=1294,2024,08/2024,2026-10-08T09:33:41Z
426,150/TB-KĐ4,14/08/2024,Tổng cục Hải qun,"Về kết quả phân tích kèm mã số hàng hóa xuất khẩu, nhập khẩu",96593,313,19,TONG_CUC,Trần Hương Giang,null,https://files.customs.gov.vn/CustomsCMS/TONG_CUC/2024/9/5/150_TB-KÐ4.pdf,https://www.customs.gov.vn/index.jsp?pageId=3&id=96593&cid=1294,2024,08/2024,2026-10-08T09:33:41Z
427,108/TB-CMTV,13/08/2024,Tổng cục Hải qun,"Về kết quả phân tích kèm mã số hàng hóa xuất khẩu, nhập khẩu",96490,313,19,TONG_CUC,Lâm Đại Tú,null,https://files.customs.gov.vn/CustomsCMS/TONG_CUC/2024/8/28/108.pdf,https://www.customs.gov.vn/index.jsp?pageId=3&id=96490&cid=1294,2024,08/2024,2026-10-08T09:33:41Z
428,107/TB-CMTV,12/08/2024,Tổng cục Hải qun,"Về kết quả phân tích kèm mã số hàng hóa xuất khẩu, nhập khẩu",96355,313,19,TONG_CUC,Lâm Đại Tú,null,https://files.customs.gov.vn/CustomsCMS/TONG_CUC/2024/8/13/107 (1).pdf,https://www.customs.gov.vn/index.jsp?pageId=3&id=96355&cid=1294,2024,08/2024,2026-10-08T09:33:41Z
429,3828/TCHQ-TXNK,12/08/2024,Tổng cục Hải quan,Bổ sung Tuyển tập ý kiến phân loại của WCO tại phiên họp lần thứ 73,96372,313,16,TONG_CUC,Hoàng Việt Cường,null,https://files.customs.gov.vn/CustomsCMS/TONG_CUC/2024/8/16/3828.pdf,https://www.customs.gov.vn/index.jsp?pageId=3&id=96372&cid=1294,2024,08/2024,2026-10-08T09:33:41Z
430,3811/TB-TCHQ,09/08/2024,Tổng cục Hải quan,Kết quả xác định trước mã số,96369,313,19,TONG_CUC,Hoàng Việt Cường,null,https://files.customs.gov.vn/CustomsCMS/TONG_CUC/2024/8/15/3811.pdf,https://www.customs.gov.vn/index.jsp?pageId=3&id=96369&cid=1294,2024,08/2024,2026-10-08T09:33:41Z
431,104/TB-CMTV,07/08/2024,Tổng cục Hải qun,"Về kết quả phân tích kèm mã số hàng hóa xuất khẩu, nhập khẩu",96353,313,19,TONG_CUC,Lâm Đại Tú,null,https://files.customs.gov.vn/CustomsCMS/TONG_CUC/2024/8/13/104.pdf,https://www.customs.gov.vn/index.jsp?pageId=3&id=96353&cid=1294,2024,08/2024,2026-10-08T09:33:41Z
432,105/TB-CMTV,07/08/2024,Tổng cục Hải qun,"Về kết quả phân tích kèm mã số hàng hóa xuất khẩu, nhập khẩu",96354,313,19,TONG_CUC,Lâm Đại Tú,null,https://files.customs.gov.vn/CustomsCMS/TONG_CUC/2024/8/13/105.pdf,https://www.customs.gov.vn/index.jsp?pageId=3&id=96354&cid=1294,2024,08/2024,2026-10-08T09:33:41Z
433,102/TB-CMTV,06/08/2024,Tổng cục Hải qun,"Về kết quả phân tích kèm mã số hàng hóa xuất khẩu, nhập khẩu",96351,313,19,TONG_CUC,Lâm Đại Tú,null,https://files.customs.gov.vn/CustomsCMS/TONG_CUC/2024/8/13/102.pdf,https://www.customs.gov.vn/index.jsp?pageId=3&id=96351&cid=1294,2024,08/2024,2026-10-08T09:33:41Z
434,103/TB-CMTV,06/08/2024,Tổng cục Hải qun,"Về kết quả phân tích kèm mã số hàng hóa xuất khẩu, nhập khẩu",96352,313,19,TONG_CUC,Lâm Đại Tú,null,https://files.customs.gov.vn/CustomsCMS/TONG_CUC/2024/8/13/103.pdf,https://www.customs.gov.vn/index.jsp?pageId=3&id=96352&cid=1294,2024,08/2024,2026-10-08T09:33:41Z
435,142/TB-KĐ4,06/08/2024,Tổng cục Hải qun,"Về kết quả phân tích kèm mã số hàng hóa xuất khẩu, nhập khẩu",96592,313,19,TONG_CUC,Trần Hương Giang,null,https://files.customs.gov.vn/CustomsCMS/TONG_CUC/2024/9/5/142.pdf,https://www.customs.gov.vn/index.jsp?pageId=3&id=96592&cid=1294,2024,08/2024,2026-10-08T09:33:41Z
436,192/TB-KĐ4,30/09/2024,Tổng cục Hải qun,"Về kết quả phân tích kèm mã số hàng hóa xuất khẩu, nhập khẩu",97203,313,19,TONG_CUC,Trần Hương Giang,null,https://files.customs.gov.vn/CustomsCMS/TONG_CUC/2024/10/25/192_TB-KÐ4 (1).pdf,https://www.customs.gov.vn/index.jsp?pageId=3&id=97203&cid=1294,2024,09/2024,2026-10-08T09:33:41Z
437,146/TB-CMTV,26/09/2024,Tổng cục Hải qun,"Về kết quả phân tích kèm mã số hàng hóa xuất khẩu, nhập khẩu",97223,313,19,TONG_CUC,Lâm Đại Tú,null,https://files.customs.gov.vn/CustomsCMS/TONG_CUC/2024/10/25/146.pdf,https://www.customs.gov.vn/index.jsp?pageId=3&id=97223&cid=1294,2024,09/2024,2026-10-08T09:33:41Z
438,188/TB-KĐ4,26/09/2024,Tổng cục Hải qun,"Về kết quả phân tích kèm mã số hàng hóa xuất khẩu, nhập khẩu",96923,313,19,TONG_CUC,Trần Hương Giang,null,https://files.customs.gov.vn/CustomsCMS/TONG_CUC/2024/10/3/188_TB-KÐ4.pdf,https://www.customs.gov.vn/index.jsp?pageId=3&id=96923&cid=1294,2024,09/2024,2026-10-08T09:33:41Z
439,191/TB-KĐ4,26/09/2024,Tổng cục Hải qun,"Về kết quả phân tích kèm mã số hàng hóa xuất khẩu, nhập khẩu",96924,313,19,TONG_CUC,Trần Hương Giang,null,https://files.customs.gov.vn/CustomsCMS/TONG_CUC/2024/10/3/191_TB-KÐ4.pdf,https://www.customs.gov.vn/index.jsp?pageId=3&id=96924&cid=1294,2024,09/2024,2026-10-08T09:33:41Z
440,4611/TB-TCHQ,26/09/2024,Tổng cục Hải quan,Kết quả xác định trước mã số,97034,313,19,TONG_CUC,Âu Anh Tuấn,null,https://files.customs.gov.vn/CustomsCMS/TONG_CUC/2024/10/11/4611.pdf,https://www.customs.gov.vn/index.jsp?pageId=3&id=97034&cid=1294,2024,09/2024,2026-10-08T09:33:41Z
441,4612/TB-TCHQ,26/09/2024,Tổng cục Hải quan,Kết quả xác định trước mã số,97035,313,19,TONG_CUC,Âu Anh Tuấn,null,https://files.customs.gov.vn/CustomsCMS/TONG_CUC/2024/10/11/4612.pdf,https://www.customs.gov.vn/index.jsp?pageId=3&id=97035&cid=1294,2024,09/2024,2026-10-08T09:33:41Z
442,4613/TB-TCHQ,26/09/2024,Tổng cục Hải quan,Kết quả xác định trước mã số,97036,313,19,TONG_CUC,Âu Anh Tuấn,null,https://files.customs.gov.vn/CustomsCMS/TONG_CUC/2024/10/11/4613.pdf,https://www.customs.gov.vn/index.jsp?pageId=3&id=97036&cid=1294,2024,09/2024,2026-10-08T09:33:41Z
443,4614/TB-TCHQ,26/09/2024,Tổng cục Hải quan,Kết quả xác định trước mã số,97029,313,19,TONG_CUC,Âu Anh Tuấn,null,https://files.customs.gov.vn/CustomsCMS/TONG_CUC/2024/10/11/4614.pdf,https://www.customs.gov.vn/index.jsp?pageId=3&id=97029&cid=1294,2024,09/2024,2026-10-08T09:33:41Z
444,4615/TB-TCHQ,26/09/2024,Tổng cục Hải quan,Kết quả xác định trước mã số,97028,313,19,TONG_CUC,Âu Anh Tuấn,null,https://files.customs.gov.vn/CustomsCMS/TONG_CUC/2024/10/11/4615.pdf,https://www.customs.gov.vn/index.jsp?pageId=3&id=97028&cid=1294,2024,09/2024,2026-10-08T09:33:41Z
445,4616/TB-TCHQ,26/09/2024,Tổng cục Hải quan,Kết quả xác định trước mã số,97032,313,19,TONG_CUC,Âu Anh Tuấn,null,https://files.customs.gov.vn/CustomsCMS/TONG_CUC/2024/10/11/4616.pdf,https://www.customs.gov.vn/index.jsp?pageId=3&id=97032&cid=1294,2024,09/2024,2026-10-08T09:33:41Z
446,4617/TB-TCHQ,26/09/2024,Tổng cục Hải quan,Kết quả xác định trước mã số,97033,313,19,TONG_CUC,Âu Anh Tuấn,null,https://files.customs.gov.vn/CustomsCMS/TONG_CUC/2024/10/11/4617.pdf,https://www.customs.gov.vn/index.jsp?pageId=3&id=97033&cid=1294,2024,09/2024,2026-10-08T09:33:41Z
447,142/TB-CMTV,25/09/2024,Tổng cục Hải qun,"Về kết quả phân tích kèm mã số hàng hóa xuất khẩu, nhập khẩu",97221,313,19,TONG_CUC,Lâm Đại Tú,null,https://files.customs.gov.vn/CustomsCMS/TONG_CUC/2024/10/25/142.pdf,https://www.customs.gov.vn/index.jsp?pageId=3&id=97221&cid=1294,2024,09/2024,2026-10-08T09:33:41Z
448,143/TB-CMTV,25/09/2024,Tổng cục Hải qun,"Về kết quả phân tích kèm mã số hàng hóa xuất khẩu, nhập khẩu",97222,313,19,TONG_CUC,Lâm Đại Tú,null,https://files.customs.gov.vn/CustomsCMS/TONG_CUC/2024/10/25/143 (1).pdf,https://www.customs.gov.vn/index.jsp?pageId=3&id=97222&cid=1294,2024,09/2024,2026-10-08T09:33:41Z
449,157/TB-KĐ5,25/09/2024,Tổng cục Hải qun,"Về kết quả phân tích kèm mã số hàng hóa xuất khẩu, nhập khẩu",96905,313,19,TONG_CUC,Nguyễn Phú Quý,null,https://files.customs.gov.vn/CustomsCMS/TONG_CUC/2024/10/3/157.pdf,https://www.customs.gov.vn/index.jsp?pageId=3&id=96905&cid=1294,2024,09/2024,2026-10-08T09:33:41Z
450,186/TB-KĐ4,25/09/2024,Tổng cục Hải qun,"Về kết quả phân tích kèm mã số hàng hóa xuất khẩu, nhập khẩu",96921,313,19,TONG_CUC,Trần Hương Giang,null,https://files.customs.gov.vn/CustomsCMS/TONG_CUC/2024/10/3/186_TB-KÐ4.pdf,https://www.customs.gov.vn/index.jsp?pageId=3&id=96921&cid=1294,2024,09/2024,2026-10-08T09:33:41Z
451,187/TB-KĐ4,25/09/2024,Tổng cục Hải qun,"Về kết quả phân tích kèm mã số hàng hóa xuất khẩu, nhập khẩu",96922,313,19,TONG_CUC,Lê Ngọc Tấn,null,https://files.customs.gov.vn/CustomsCMS/TONG_CUC/2024/10/3/187_TB-KÐ4.pdf,https://www.customs.gov.vn/index.jsp?pageId=3&id=96922&cid=1294,2024,09/2024,2026-10-08T09:33:41Z
452,139/TB-CMTV,23/09/2024,Tổng cục Hải qun,"Về kết quả phân tích kèm mã số hàng hóa xuất khẩu, nhập khẩu",97219,313,19,TONG_CUC,Lâm Đại Tú,null,https://files.customs.gov.vn/CustomsCMS/TONG_CUC/2024/10/25/139.pdf,https://www.customs.gov.vn/index.jsp?pageId=3&id=97219&cid=1294,2024,09/2024,2026-10-08T09:33:41Z
453,140/TB-CMTV,23/09/2024,Tổng cục Hải qun,"Về kết quả phân tích kèm mã số hàng hóa xuất khẩu, nhập khẩu",97220,313,19,TONG_CUC,Lâm Đại Tú,null,https://files.customs.gov.vn/CustomsCMS/TONG_CUC/2024/10/25/140.pdf,https://www.customs.gov.vn/index.jsp?pageId=3&id=97220&cid=1294,2024,09/2024,2026-10-08T09:33:41Z
454,184/TB-KĐ4,23/09/2024,Tổng cục Hải qun,"Về kết quả phân tích kèm mã số hàng hóa xuất khẩu, nhập khẩu",96920,313,19,TONG_CUC,Trần Hương Giang,null,https://files.customs.gov.vn/CustomsCMS/TONG_CUC/2024/10/3/184_TB-KÐ4.pdf,https://www.customs.gov.vn/index.jsp?pageId=3&id=96920&cid=1294,2024,09/2024,2026-10-08T09:33:41Z
455,182/TB-KĐ4,20/09/2024,Tổng cục Hải qun,"Về kết quả phân tích kèm mã số hàng hóa xuất khẩu, nhập khẩu",96919,313,19,TONG_CUC,Lê Ngọc Tấn,null,https://files.customs.gov.vn/CustomsCMS/TONG_CUC/2024/10/3/182.pdf,https://www.customs.gov.vn/index.jsp?pageId=3&id=96919&cid=1294,2024,09/2024,2026-10-08T09:33:41Z
456,179/TB-KĐ4,19/09/2024,Tổng cục Hải qun,"Về kết quả phân tích kèm mã số hàng hóa xuất khẩu, nhập khẩu",96916,313,19,TONG_CUC,Lê Ngọc Tấn,null,https://files.customs.gov.vn/CustomsCMS/TONG_CUC/2024/10/3/179.pdf,https://www.customs.gov.vn/index.jsp?pageId=3&id=96916&cid=1294,2024,09/2024,2026-10-08T09:33:41Z
457,180/TB-KĐ4,19/09/2024,Tổng cục Hải qun,"Về kết quả phân tích kèm mã số hàng hóa xuất khẩu, nhập khẩu",96917,313,19,TONG_CUC,Trần Hương Giang,null,https://files.customs.gov.vn/CustomsCMS/TONG_CUC/2024/10/3/180.pdf,https://www.customs.gov.vn/index.jsp?pageId=3&id=96917&cid=1294,2024,09/2024,2026-10-08T09:33:41Z
458,181/TB-KĐ4,19/09/2024,Tổng cục Hải qun,"Về kết quả phân tích kèm mã số hàng hóa xuất khẩu, nhập khẩu",96918,313,19,TONG_CUC,Trần Hương Giang,null,https://files.customs.gov.vn/CustomsCMS/TONG_CUC/2024/10/3/181.pdf,https://www.customs.gov.vn/index.jsp?pageId=3&id=96918&cid=1294,2024,09/2024,2026-10-08T09:33:41Z
459,4466/TB-TCHQ,19/09/2024,Tổng cục Hải quan,Kết quả xác định trước mã số,96798,313,19,TONG_CUC,Âu Anh Tuấn,null,https://files.customs.gov.vn/CustomsCMS/TONG_CUC/2024/9/24/4466.pdf,https://www.customs.gov.vn/index.jsp?pageId=3&id=96798&cid=1294,2024,09/2024,2026-10-08T09:33:41Z
460,4475/TB-TCHQ,19/09/2024,Tổng cục Hải quan,Kết quả xác định trước mã số,96799,313,19,TONG_CUC,Âu Anh Tuấn,null,https://files.customs.gov.vn/CustomsCMS/TONG_CUC/2024/9/24/4475.pdf,https://www.customs.gov.vn/index.jsp?pageId=3&id=96799&cid=1294,2024,09/2024,2026-10-08T09:33:41Z
461,149/Tb-KĐ5,18/09/2024,Tổng cục Hải qun,"Về kết quả phân tích kèm mã số hàng hóa xuất khẩu, nhập khẩu",96902,313,19,TONG_CUC,Nguyễn Phú Quý,null,https://files.customs.gov.vn/CustomsCMS/TONG_CUC/2024/10/3/149.pdf,https://www.customs.gov.vn/index.jsp?pageId=3&id=96902&cid=1294,2024,09/2024,2026-10-08T09:33:41Z
462,152/TB-KĐ5,18/09/2024,Tổng cục Hải qun,"Về kết quả phân tích kèm mã số hàng hóa xuất khẩu, nhập khẩu",96903,313,19,TONG_CUC,Nguyễn Phú Quý,null,https://files.customs.gov.vn/CustomsCMS/TONG_CUC/2024/10/3/152.pdf,https://www.customs.gov.vn/index.jsp?pageId=3&id=96903&cid=1294,2024,09/2024,2026-10-08T09:33:41Z
463,153/TB-KĐ5,18/09/2024,Tổng cục Hải qun,"Về kết quả phân tích kèm mã số hàng hóa xuất khẩu, nhập khẩu",96904,313,19,TONG_CUC,Nguyễn Phú Quý,null,https://files.customs.gov.vn/CustomsCMS/TONG_CUC/2024/10/3/153.pdf,https://www.customs.gov.vn/index.jsp?pageId=3&id=96904&cid=1294,2024,09/2024,2026-10-08T09:33:41Z
464,178/TB-KĐ4,18/09/2024,Tổng cục Hải qun,"Về kết quả phân tích kèm mã số hàng hóa xuất khẩu, nhập khẩu",96915,313,19,TONG_CUC,Trần Hương Giang,null,https://files.customs.gov.vn/CustomsCMS/TONG_CUC/2024/10/3/178.pdf,https://www.customs.gov.vn/index.jsp?pageId=3&id=96915&cid=1294,2024,09/2024,2026-10-08T09:33:41Z
465,175/TB-KĐ4,17/09/2024,Tổng cục Hải qun,"Về kết quả phân tích kèm mã số hàng hóa xuất khẩu, nhập khẩu",96913,313,19,TONG_CUC,Lê Ngọc Tấn,null,https://files.customs.gov.vn/CustomsCMS/TONG_CUC/2024/10/3/175.pdf,https://www.customs.gov.vn/index.jsp?pageId=3&id=96913&cid=1294,2024,09/2024,2026-10-08T09:33:41Z
466,176/TB-KĐ4,17/09/2024,Tổng cục Hải qun,"Về kết quả phân tích kèm mã số hàng hóa xuất khẩu, nhập khẩu",96914,313,19,TONG_CUC,Lê Ngọc Tấn,null,https://files.customs.gov.vn/CustomsCMS/TONG_CUC/2024/10/3/176.pdf,https://www.customs.gov.vn/index.jsp?pageId=3&id=96914&cid=1294,2024,09/2024,2026-10-08T09:33:41Z
467,132/TB-CMTV,13/09/2024,Tổng cục Hải qun,"Về kết quả phân tích kèm mã số hàng hóa xuất khẩu, nhập khẩu",96899,313,19,TONG_CUC,Lâm Đại Tú,null,https://files.customs.gov.vn/CustomsCMS/TONG_CUC/2024/10/3/132.pdf,https://www.customs.gov.vn/index.jsp?pageId=3&id=96899&cid=1294,2024,09/2024,2026-10-08T09:33:41Z
468,133/TB-CMTV,13/09/2024,Tổng cục Hải qun,"Về kết quả phân tích kèm mã số hàng hóa xuất khẩu, nhập khẩu",96900,313,19,TONG_CUC,Lâm Đại Tú,null,https://files.customs.gov.vn/CustomsCMS/TONG_CUC/2024/10/3/133.pdf,https://www.customs.gov.vn/index.jsp?pageId=3&id=96900&cid=1294,2024,09/2024,2026-10-08T09:33:41Z
469,174/TB--KĐ4,13/09/2024,Tổng cục Hải qun,"Về kết quả phân tích kèm mã số hàng hóa xuất khẩu, nhập khẩu",96912,313,19,TONG_CUC,Lê Ngọc Tấn,null,https://files.customs.gov.vn/CustomsCMS/TONG_CUC/2024/10/3/174.pdf,https://www.customs.gov.vn/index.jsp?pageId=3&id=96912&cid=1294,2024,09/2024,2026-10-08T09:33:41Z
470,173/TB-KĐ4,12/09/2024,Tổng cục Hải qun,"Về kết quả phân tích kèm mã số hàng hóa xuất khẩu, nhập khẩu",96911,313,19,TONG_CUC,Trần Hương Giang,null,https://files.customs.gov.vn/CustomsCMS/TONG_CUC/2024/10/3/173.pdf,https://www.customs.gov.vn/index.jsp?pageId=3&id=96911&cid=1294,2024,09/2024,2026-10-08T09:33:41Z
471,171/TB-KĐ4,11/09/2024,Tổng cục Hải qun,"Về kết quả phân tích kèm mã số hàng hóa xuất khẩu, nhập khẩu",96910,313,19,TONG_CUC,Trần Hương Giang,null,https://files.customs.gov.vn/CustomsCMS/TONG_CUC/2024/10/3/171.pdf,https://www.customs.gov.vn/index.jsp?pageId=3&id=96910&cid=1294,2024,09/2024,2026-10-08T09:33:41Z
472,128/TB-CMTV,10/09/2024,Tổng cục Hải qun,"Về kết quả phân tích kèm mã số hàng hóa xuất khẩu, nhập khẩu",96896,313,19,TONG_CUC,Lâm Đại Tú,null,https://files.customs.gov.vn/CustomsCMS/TONG_CUC/2024/10/3/128.pdf,https://www.customs.gov.vn/index.jsp?pageId=3&id=96896&cid=1294,2024,09/2024,2026-10-08T09:33:41Z
473,129/TB-CMTV,10/09/2024,Tổng cục Hải qun,"Về kết quả phân tích kèm mã số hàng hóa xuất khẩu, nhập khẩu",96897,313,19,TONG_CUC,Lâm Đại Tú,null,https://files.customs.gov.vn/CustomsCMS/TONG_CUC/2024/10/3/129.pdf,https://www.customs.gov.vn/index.jsp?pageId=3&id=96897&cid=1294,2024,09/2024,2026-10-08T09:33:41Z
474,130/TB-CMTV,10/09/2024,Tổng cục Hải qun,"Về kết quả phân tích kèm mã số hàng hóa xuất khẩu, nhập khẩu",96898,313,19,TONG_CUC,Lâm Đại Tú,null,https://files.customs.gov.vn/CustomsCMS/TONG_CUC/2024/10/3/130.pdf,https://www.customs.gov.vn/index.jsp?pageId=3&id=96898&cid=1294,2024,09/2024,2026-10-08T09:33:41Z
475,169/TB-KĐ4,10/09/2024,Tổng cục Hải qun,"Về kết quả phân tích kèm mã số hàng hóa xuất khẩu, nhập khẩu",96908,313,19,TONG_CUC,Trần Hương Giang,null,https://files.customs.gov.vn/CustomsCMS/TONG_CUC/2024/10/3/169_TB-KÐ4.pdf,https://www.customs.gov.vn/index.jsp?pageId=3&id=96908&cid=1294,2024,09/2024,2026-10-08T09:33:41Z
476,170/TB-KĐ4,10/09/2024,Tổng cục Hải qun,"Về kết quả phân tích kèm mã số hàng hóa xuất khẩu, nhập khẩu",96909,313,19,TONG_CUC,Lê Ngọc Tấn,null,https://files.customs.gov.vn/CustomsCMS/TONG_CUC/2024/10/3/170_TB-KÐ4.pdf,https://www.customs.gov.vn/index.jsp?pageId=3&id=96909&cid=1294,2024,09/2024,2026-10-08T09:33:41Z
477,123/TB-CMTV,09/09/2024,Tổng cục Hải qun,"Về kết quả phân tích kèm mã số hàng hóa xuất khẩu, nhập khẩu",96893,313,19,TONG_CUC,Lâm Đại Tú,null,https://files.customs.gov.vn/CustomsCMS/TONG_CUC/2024/10/3/123.pdf,https://www.customs.gov.vn/index.jsp?pageId=3&id=96893&cid=1294,2024,09/2024,2026-10-08T09:33:41Z
478,124/TB-CMTV,09/09/2024,Tổng cục Hải qun,"Về kết quả phân tích kèm mã số hàng hóa xuất khẩu, nhập khẩu",96894,313,19,TONG_CUC,Lâm Đại Tú,null,https://files.customs.gov.vn/CustomsCMS/TONG_CUC/2024/10/3/124.pdf,https://www.customs.gov.vn/index.jsp?pageId=3&id=96894&cid=1294,2024,09/2024,2026-10-08T09:33:41Z
479,125/TB-CMTV,09/09/2024,Tổng cục Hải qun,"Về kết quả phân tích kèm mã số hàng hóa xuất khẩu, nhập khẩu",96895,313,19,TONG_CUC,Lâm Đại Tú,null,https://files.customs.gov.vn/CustomsCMS/TONG_CUC/2024/10/3/125.pdf,https://www.customs.gov.vn/index.jsp?pageId=3&id=96895&cid=1294,2024,09/2024,2026-10-08T09:33:41Z
480,121/TB-CMTV,06/09/2024,Tổng cục Hải qun,"Về kết quả phân tích kèm mã số hàng hóa xuất khẩu, nhập khẩu",96891,313,19,TONG_CUC,Lâm Đại Tú,null,https://files.customs.gov.vn/CustomsCMS/TONG_CUC/2024/10/3/121.pdf,https://www.customs.gov.vn/index.jsp?pageId=3&id=96891&cid=1294,2024,09/2024,2026-10-08T09:33:41Z
481,122/TB-CMTV,06/09/2024,Tổng cục Hải qun,"Về kết quả phân tích kèm mã số hàng hóa xuất khẩu, nhập khẩu",96892,313,19,TONG_CUC,Lâm Đại Tú,null,https://files.customs.gov.vn/CustomsCMS/TONG_CUC/2024/10/3/122.pdf,https://www.customs.gov.vn/index.jsp?pageId=3&id=96892&cid=1294,2024,09/2024,2026-10-08T09:33:41Z
482,167/TB-KĐ4,06/09/2024,Tổng cục Hải qun,"Về kết quả phân tích kèm mã số hàng hóa xuất khẩu, nhập khẩu",96907,313,19,TONG_CUC,Trần Hương Giang,null,https://files.customs.gov.vn/CustomsCMS/TONG_CUC/2024/10/3/167_TB_KÐ4001.pdf,https://www.customs.gov.vn/index.jsp?pageId=3&id=96907&cid=1294,2024,09/2024,2026-10-08T09:33:41Z
483,119/TB-CMTV,05/09/2024,Tổng cục Hải qun,"Về kết quả phân tích kèm mã số hàng hóa xuất khẩu, nhập khẩu",96889,313,19,TONG_CUC,Lâm Đại Tú,null,https://files.customs.gov.vn/CustomsCMS/TONG_CUC/2024/10/3/119.pdf,https://www.customs.gov.vn/index.jsp?pageId=3&id=96889&cid=1294,2024,09/2024,2026-10-08T09:33:41Z
484,120/TB-CMTV,05/09/2024,Tổng cục Hải qun,"Về kết quả phân tích kèm mã số hàng hóa xuất khẩu, nhập khẩu",96890,313,19,TONG_CUC,Lâm Đại Tú,null,https://files.customs.gov.vn/CustomsCMS/TONG_CUC/2024/10/3/120.pdf,https://www.customs.gov.vn/index.jsp?pageId=3&id=96890&cid=1294,2024,09/2024,2026-10-08T09:33:41Z
485,164/TB-KĐ4,05/09/2024,Tổng cục Hải qun,"Về kết quả phân tích kèm mã số hàng hóa xuất khẩu, nhập khẩu",96906,313,19,TONG_CUC,Lê Ngọc Tấn,null,https://files.customs.gov.vn/CustomsCMS/TONG_CUC/2024/10/3/164_TB-KÐ4.pdf,https://www.customs.gov.vn/index.jsp?pageId=3&id=96906&cid=1294,2024,09/2024,2026-10-08T09:33:41Z
486,179/TB-KĐ5,31/10/2024,Tổng cục Hải quan,"Về kết quả phân tích kèm mã số hàng hóa xuất khẩu, nhập khẩu",97443,313,19,TONG_CUC,Nguyễn Phú Quý,null,https://files.customs.gov.vn/CustomsCMS/TONG_CUC/2024/11/6/179.pdf,https://www.customs.gov.vn/index.jsp?pageId=3&id=97443&cid=1294,2024,10/2024,2026-10-08T09:33:41Z
487,180/TB-KĐ5,31/10/2024,Tổng cục Hải quan,"Về kết quả phân tích kèm mã số hàng hóa xuất khẩu, nhập khẩu",97444,313,19,TONG_CUC,Nguyễn Phú Quý,null,https://files.customs.gov.vn/CustomsCMS/TONG_CUC/2024/11/6/180.pdf,https://www.customs.gov.vn/index.jsp?pageId=3&id=97444&cid=1294,2024,10/2024,2026-10-08T09:33:41Z
488,5317/TB-TCHQ,31/10/2024,Tổng cục Hải quan,Kết quả xác định trước mã số,97423,313,19,TONG_CUC,Âu Anh Tuấn,null,https://files.customs.gov.vn/CustomsCMS/TONG_CUC/2024/11/6/5317.pdf,https://www.customs.gov.vn/index.jsp?pageId=3&id=97423&cid=1294,2024,10/2024,2026-10-08T09:33:41Z
489,234/TB-KĐ4,30/10/2024,Tổng cục Hải qun,"Về kết quả phân tích kèm mã số hàng hóa xuất khẩu, nhập khẩu",97447,313,19,TONG_CUC,Trần Hương Giang,null,https://files.customs.gov.vn/CustomsCMS/TONG_CUC/2024/11/6/234_TB-KÐ4.pdf,https://www.customs.gov.vn/index.jsp?pageId=3&id=97447&cid=1294,2024,10/2024,2026-10-08T09:33:41Z
490,235/TB-KĐ4,30/10/2024,Tổng cục Hải qun,"Về kết quả phân tích kèm mã số hàng hóa xuất khẩu, nhập khẩu",97448,313,19,TONG_CUC,Trần Hương Giang,null,https://files.customs.gov.vn/CustomsCMS/TONG_CUC/2024/11/6/235_TB-KÐ4.pdf,https://www.customs.gov.vn/index.jsp?pageId=3&id=97448&cid=1294,2024,10/2024,2026-10-08T09:33:41Z
491,236/TB-KĐ4,30/10/2024,Tổng cục Hải qun,"Về kết quả phân tích kèm mã số hàng hóa xuất khẩu, nhập khẩu",97449,313,19,TONG_CUC,Trần Hương Giang,null,https://files.customs.gov.vn/CustomsCMS/TONG_CUC/2024/11/6/236_TB-KÐ4.pdf,https://www.customs.gov.vn/index.jsp?pageId=3&id=97449&cid=1294,2024,10/2024,2026-10-08T09:33:41Z
492,5282/TB-TCHQ,30/10/2024,Tổng cục Hải quan,Kết quả xác định trước mã số,97337,313,19,TONG_CUC,Âu Anh Tuấn,null,https://files.customs.gov.vn/CustomsCMS/TONG_CUC/2024/11/4/5282.pdf,https://www.customs.gov.vn/index.jsp?pageId=3&id=97337&cid=1294,2024,10/2024,2026-10-08T09:33:41Z
493,5283/TB-TCHQ,30/10/2024,Tổng cục Hải quan,Kết quả xác định trước mã số,97341,313,19,TONG_CUC,Âu Anh Tuấn,null,https://files.customs.gov.vn/CustomsCMS/TONG_CUC/2024/11/4/5283.pdf,https://www.customs.gov.vn/index.jsp?pageId=3&id=97341&cid=1294,2024,10/2024,2026-10-08T09:33:41Z
494,5284/TB-TCHQ,30/10/2024,Tổng cục Hải quan,Kết quả xác định trước mã số,97338,313,19,TONG_CUC,Âu Anh Tuấn,null,https://files.customs.gov.vn/CustomsCMS/TONG_CUC/2024/11/4/5284.pdf,https://www.customs.gov.vn/index.jsp?pageId=3&id=97338&cid=1294,2024,10/2024,2026-10-08T09:33:41Z
495,5285/TB-TCHQ,30/10/2024,Tổng cục Hải quan,Kết quả xác định trước mã số,97344,313,19,TONG_CUC,Âu Anh Tuấn,null,https://files.customs.gov.vn/CustomsCMS/TONG_CUC/2024/11/5/5285.pdf,https://www.customs.gov.vn/index.jsp?pageId=3&id=97344&cid=1294,2024,10/2024,2026-10-08T09:33:41Z
496,175/TB-KĐ5,28/10/2024,Tổng cục Hải quan,"Về kết quả phân tích kèm mã số hàng hóa xuất khẩu, nhập khẩu",97294,313,19,TONG_CUC,Nguyễn Phú Quý,null,https://files.customs.gov.vn/CustomsCMS/TONG_CUC/2024/10/30/175.pdf,https://www.customs.gov.vn/index.jsp?pageId=3&id=97294&cid=1294,2024,10/2024,2026-10-08T09:33:41Z
497,176/TB-KĐ5,28/10/2024,Tổng cục Hải quan,"Về kết quả phân tích kèm mã số hàng hóa xuất khẩu, nhập khẩu",97295,313,19,TONG_CUC,Nguyễn Phú Quý,null,https://files.customs.gov.vn/CustomsCMS/TONG_CUC/2024/10/30/176.pdf,https://www.customs.gov.vn/index.jsp?pageId=3&id=97295&cid=1294,2024,10/2024,2026-10-08T09:33:41Z
498,177/TB-KĐ5,28/10/2024,Tổng cục Hải quan,"Về kết quả phân tích kèm mã số hàng hóa xuất khẩu, nhập khẩu",97296,313,19,TONG_CUC,Nguyễn Phú Quý,null,https://files.customs.gov.vn/CustomsCMS/TONG_CUC/2024/10/30/177.pdf,https://www.customs.gov.vn/index.jsp?pageId=3&id=97296&cid=1294,2024,10/2024,2026-10-08T09:33:41Z
499,178/TB-KĐ5,28/10/2024,Tổng cục Hải quan,"Về kết quả phân tích kèm mã số hàng hóa xuất khẩu, nhập khẩu",97297,313,19,TONG_CUC,Nguyễn Phú Quý,null,https://files.customs.gov.vn/CustomsCMS/TONG_CUC/2024/10/30/178.pdf,https://www.customs.gov.vn/index.jsp?pageId=3&id=97297&cid=1294,2024,10/2024,2026-10-08T09:33:41Z
500,5235/TB-TCHQ,28/10/2024,Tổng cục Hải quan,Kết quả xác định trước mã số,97336,313,19,TONG_CUC,Âu Anh Tuấn,null,https://files.customs.gov.vn/CustomsCMS/TONG_CUC/2024/11/4/5235.pdf,https://www.customs.gov.vn/index.jsp?pageId=3&id=97336&cid=1294,2024,10/2024,2026-10-08T09:33:41Z
501,5182/TB-TCHQ,25/10/2024,Tổng cục Hải quan,Kết quả xác định trước mã số,97313,313,19,TONG_CUC,Âu Anh Tuấn,null,https://files.customs.gov.vn/CustomsCMS/TONG_CUC/2024/10/31/5182.pdf,https://www.customs.gov.vn/index.jsp?pageId=3&id=97313&cid=1294,2024,10/2024,2026-10-08T09:33:41Z
502,5192/TB-TCHQ,25/10/2024,Tổng cục Hải quan,Kết quả xác định trước mã số,97339,313,19,TONG_CUC,Âu Anh Tuấn,null,https://files.customs.gov.vn/CustomsCMS/TONG_CUC/2024/11/4/5192.pdf,https://www.customs.gov.vn/index.jsp?pageId=3&id=97339&cid=1294,2024,10/2024,2026-10-08T09:33:41Z
503,5193/TB-TCHQ,25/10/2024,Tổng cục Hải quan,Kết quả xác định trước mã số,97340,313,19,TONG_CUC,Âu Anh Tuấn,null,https://files.customs.gov.vn/CustomsCMS/TONG_CUC/2024/11/4/5193.pdf,https://www.customs.gov.vn/index.jsp?pageId=3&id=97340&cid=1294,2024,10/2024,2026-10-08T09:33:41Z
504,5194/TB-TCHQ,25/10/2024,Tổng cục Hải quan,Kết quả xác định trước mã số,97345,313,19,TONG_CUC,Âu Anh Tuấn,null,https://files.customs.gov.vn/CustomsCMS/TONG_CUC/2024/11/5/5194.pdf,https://www.customs.gov.vn/index.jsp?pageId=3&id=97345&cid=1294,2024,10/2024,2026-10-08T09:33:41Z
505,5195/TB-TCHQ,25/10/2024,Tổng cục Hải quan,Kết quả xác định trước mã số,97312,313,19,TONG_CUC,Âu Anh Tuấn,null,https://files.customs.gov.vn/CustomsCMS/TONG_CUC/2024/10/31/5195.pdf,https://www.customs.gov.vn/index.jsp?pageId=3&id=97312&cid=1294,2024,10/2024,2026-10-08T09:33:41Z
506,5196/TB-TCHQ,25/10/2024,Tổng cục Hải quan,Kết quả xác định trước mã số,97335,313,19,TONG_CUC,Âu Anh Tuấn,null,https://files.customs.gov.vn/CustomsCMS/TONG_CUC/2024/11/4/5196.pdf,https://www.customs.gov.vn/index.jsp?pageId=3&id=97335&cid=1294,2024,10/2024,2026-10-08T09:33:41Z
507,5197/TB-TCHQ,25/10/2024,Tổng cục Hải quan,Kết quả xác định trước mã số,97314,313,19,TONG_CUC,Âu Anh Tuấn,null,https://files.customs.gov.vn/CustomsCMS/TONG_CUC/2024/10/31/5197.pdf,https://www.customs.gov.vn/index.jsp?pageId=3&id=97314&cid=1294,2024,10/2024,2026-10-08T09:33:41Z
508,5198/TB-TCHQ,25/10/2024,Tổng cục Hải quan,Kết quả xác định trước mã số,97315,313,19,TONG_CUC,Âu Anh Tuấn,null,https://files.customs.gov.vn/CustomsCMS/TONG_CUC/2024/10/31/5198.pdf,https://www.customs.gov.vn/index.jsp?pageId=3&id=97315&cid=1294,2024,10/2024,2026-10-08T09:33:41Z
509,233/TB-KĐ4,24/10/2024,Tổng cục Hải qun,"Về kết quả phân tích kèm mã số hàng hóa xuất khẩu, nhập khẩu",97446,313,19,TONG_CUC,Trần Hương Giang,null,https://files.customs.gov.vn/CustomsCMS/TONG_CUC/2024/11/6/233_TB-KÐ4.pdf,https://www.customs.gov.vn/index.jsp?pageId=3&id=97446&cid=1294,2024,10/2024,2026-10-08T09:33:41Z
510,158/TB-CMTV,22/10/2024,Tổng cục Hải qun,"Về kết quả phân tích kèm mã số hàng hóa xuất khẩu, nhập khẩu",97230,313,19,TONG_CUC,Lâm Đại Tú,null,https://files.customs.gov.vn/CustomsCMS/TONG_CUC/2024/10/25/158.pdf,https://www.customs.gov.vn/index.jsp?pageId=3&id=97230&cid=1294,2024,10/2024,2026-10-08T09:33:41Z
511,156/TB-CMTV,18/10/2024,Tổng cục Hải qun,"Về kết quả phân tích kèm mã số hàng hóa xuất khẩu, nhập khẩu",97228,313,19,TONG_CUC,Lâm Đại Tú,null,https://files.customs.gov.vn/CustomsCMS/TONG_CUC/2024/10/25/156.pdf,https://www.customs.gov.vn/index.jsp?pageId=3&id=97228&cid=1294,2024,10/2024,2026-10-08T09:33:41Z
512,157/TB-CMTV,18/10/2024,Tổng cục Hải qun,"Về kết quả phân tích kèm mã số hàng hóa xuất khẩu, nhập khẩu",97229,313,19,TONG_CUC,Lâm Đại Tú,null,https://files.customs.gov.vn/CustomsCMS/TONG_CUC/2024/10/25/157 (1).pdf,https://www.customs.gov.vn/index.jsp?pageId=3&id=97229&cid=1294,2024,10/2024,2026-10-08T09:33:41Z
513,230/TB-KĐ4,18/10/2024,Tổng cục Hải qun,"Về kết quả phân tích kèm mã số hàng hóa xuất khẩu, nhập khẩu",97211,313,19,TONG_CUC,Trần Hương Giang,null,https://files.customs.gov.vn/CustomsCMS/TONG_CUC/2024/10/25/230_TB-KÐ4.pdf,https://www.customs.gov.vn/index.jsp?pageId=3&id=97211&cid=1294,2024,10/2024,2026-10-08T09:33:41Z
514,169/TB-KĐ5,16/10/2024,Tổng cục Hải qun,"Về kết quả phân tích kèm mã số hàng hóa xuất khẩu, nhập khẩu",97212,313,19,TONG_CUC,Nguyễn Phú Quý,null,https://files.customs.gov.vn/CustomsCMS/TONG_CUC/2024/10/25/169.pdf,https://www.customs.gov.vn/index.jsp?pageId=3&id=97212&cid=1294,2024,10/2024,2026-10-08T09:33:41Z
515,170/TB-KĐ5,16/10/2024,Tổng cục Hải qun,"Về kết quả phân tích kèm mã số hàng hóa xuất khẩu, nhập khẩu",97213,313,19,TONG_CUC,Nguyễn Phú Quý,null,https://files.customs.gov.vn/CustomsCMS/TONG_CUC/2024/10/25/170.pdf,https://www.customs.gov.vn/index.jsp?pageId=3&id=97213&cid=1294,2024,10/2024,2026-10-08T09:33:41Z
516,171/TB-KĐ5,16/10/2024,Tổng cục Hải qun,"Về kết quả phân tích kèm mã số hàng hóa xuất khẩu, nhập khẩu",97214,313,19,TONG_CUC,Nguyễn Phú Quý,null,https://files.customs.gov.vn/CustomsCMS/TONG_CUC/2024/10/25/171.pdf,https://www.customs.gov.vn/index.jsp?pageId=3&id=97214&cid=1294,2024,10/2024,2026-10-08T09:33:41Z
517,172/TB-KĐ5,16/10/2024,Tổng cục Hải qun,"Về kết quả phân tích kèm mã số hàng hóa xuất khẩu, nhập khẩu",97216,313,19,TONG_CUC,Nguyễn Phú Quý,null,https://files.customs.gov.vn/CustomsCMS/TONG_CUC/2024/10/25/172.pdf,https://www.customs.gov.vn/index.jsp?pageId=3&id=97216&cid=1294,2024,10/2024,2026-10-08T09:33:41Z
518,173/TB-KĐ5,16/10/2024,Tổng cục Hải qun,"Về kết quả phân tích kèm mã số hàng hóa xuất khẩu, nhập khẩu",97217,313,19,TONG_CUC,Nguyễn Phú Quý,null,https://files.customs.gov.vn/CustomsCMS/TONG_CUC/2024/10/25/173.pdf,https://www.customs.gov.vn/index.jsp?pageId=3&id=97217&cid=1294,2024,10/2024,2026-10-08T09:33:41Z
519,174/TB-KĐ5,16/10/2024,Tổng cục Hải qun,"Về kết quả phân tích kèm mã số hàng hóa xuất khẩu, nhập khẩu",97218,313,19,TONG_CUC,Nguyễn Phú Quý,null,https://files.customs.gov.vn/CustomsCMS/TONG_CUC/2024/10/25/174.pdf,https://www.customs.gov.vn/index.jsp?pageId=3&id=97218&cid=1294,2024,10/2024,2026-10-08T09:33:41Z
520,226/TB-KĐ4,15/10/2024,Tổng cục Hải qun,"Về kết quả phân tích kèm mã số hàng hóa xuất khẩu, nhập khẩu",97210,313,19,TONG_CUC,Lê Ngọc Tấn,null,https://files.customs.gov.vn/CustomsCMS/TONG_CUC/2024/10/25/226_TB-KÐ4.pdf,https://www.customs.gov.vn/index.jsp?pageId=3&id=97210&cid=1294,2024,10/2024,2026-10-08T09:33:41Z
521,225/TB-KĐ4,14/10/2024,Tổng cục Hải qun,"Về kết quả phân tích kèm mã số hàng hóa xuất khẩu, nhập khẩu",97209,313,19,TONG_CUC,Trần Hương Giang,null,https://files.customs.gov.vn/CustomsCMS/TONG_CUC/2024/10/25/225_TB-KÐ4.pdf,https://www.customs.gov.vn/index.jsp?pageId=3&id=97209&cid=1294,2024,10/2024,2026-10-08T09:33:41Z
522,4967/TB-TCHQ,14/10/2024,Tổng cục Hải quan,Kết quả xác định trước mã số,97105,313,19,TONG_CUC,Âu Anh Tuấn,null,https://files.customs.gov.vn/CustomsCMS/TONG_CUC/2024/10/17/4967.pdf,https://www.customs.gov.vn/index.jsp?pageId=3&id=97105&cid=1294,2024,10/2024,2026-10-08T09:33:41Z
523,218/TB-KĐ4,10/10/2024,Tổng cục Hải qun,"Về kết quả phân tích kèm mã số hàng hóa xuất khẩu, nhập khẩu",97208,313,19,TONG_CUC,Trần Hương Giang,null,https://files.customs.gov.vn/CustomsCMS/TONG_CUC/2024/10/25/218_TB-KÐ4.pdf,https://www.customs.gov.vn/index.jsp?pageId=3&id=97208&cid=1294,2024,10/2024,2026-10-08T09:33:41Z
524,154/TB-CMTV,09/10/2024,Tổng cục Hải qun,"Về kết quả phân tích kèm mã số hàng hóa xuất khẩu, nhập khẩu",97226,313,19,TONG_CUC,Lâm Đại Tú,null,https://files.customs.gov.vn/CustomsCMS/TONG_CUC/2024/10/25/154.pdf,https://www.customs.gov.vn/index.jsp?pageId=3&id=97226&cid=1294,2024,10/2024,2026-10-08T09:33:41Z
525,155/TB-CMTV,09/10/2024,Tổng cục Hải qun,"Về kết quả phân tích kèm mã số hàng hóa xuất khẩu, nhập khẩu",97227,313,19,TONG_CUC,Lâm Đại Tú,null,https://files.customs.gov.vn/CustomsCMS/TONG_CUC/2024/10/25/155.pdf,https://www.customs.gov.vn/index.jsp?pageId=3&id=97227&cid=1294,2024,10/2024,2026-10-08T09:33:41Z
526,4856/TB-TCHQ,08/10/2024,Tổng cục Hải quan,Kết quả xác định trước mã số,97009,313,19,TONG_CUC,Âu Anh Tuấn,null,https://files.customs.gov.vn/CustomsCMS/TONG_CUC/2024/10/11/4856.pdf,https://www.customs.gov.vn/index.jsp?pageId=3&id=97009&cid=1294,2024,10/2024,2026-10-08T09:33:41Z
527,4874/TB-TCHQ,08/10/2024,Tổng cục Hải quan,Kết quả xác định trước mã số,97008,313,19,TONG_CUC,Âu Anh Tuấn,null,https://files.customs.gov.vn/CustomsCMS/TONG_CUC/2024/10/11/4874.pdf,https://www.customs.gov.vn/index.jsp?pageId=3&id=97008&cid=1294,2024,10/2024,2026-10-08T09:33:41Z
528,150/TB-CMTV,04/10/2024,Tổng cục Hải qun,"Về kết quả phân tích kèm mã số hàng hóa xuất khẩu, nhập khẩu",97225,313,19,TONG_CUC,Lâm Đại Tú,null,https://files.customs.gov.vn/CustomsCMS/TONG_CUC/2024/10/25/150.pdf,https://www.customs.gov.vn/index.jsp?pageId=3&id=97225&cid=1294,2024,10/2024,2026-10-08T09:33:41Z
529,197/TB-KĐ4,04/10/2024,Tổng cục Hải qun,"Về kết quả phân tích kèm mã số hàng hóa xuất khẩu, nhập khẩu",97206,313,19,TONG_CUC,Trần Hương Giang,null,https://files.customs.gov.vn/CustomsCMS/TONG_CUC/2024/10/25/197_TB-KÐ4.pdf,https://www.customs.gov.vn/index.jsp?pageId=3&id=97206&cid=1294,2024,10/2024,2026-10-08T09:33:41Z
530,198/TB-KĐ4,04/10/2024,Tổng cục Hải qun,"Về kết quả phân tích kèm mã số hàng hóa xuất khẩu, nhập khẩu",97207,313,19,TONG_CUC,Trần Hương Giang,null,https://files.customs.gov.vn/CustomsCMS/TONG_CUC/2024/10/25/198_TB-KÐ4.pdf,https://www.customs.gov.vn/index.jsp?pageId=3&id=97207&cid=1294,2024,10/2024,2026-10-08T09:33:41Z
531,4777/TB-TCHQ,04/10/2024,Tổng cục Hải quan,Kết quả xác định trước mã số,97022,313,19,TONG_CUC,Âu Anh Tuấn,null,https://files.customs.gov.vn/CustomsCMS/TONG_CUC/2024/10/11/4777.pdf,https://www.customs.gov.vn/index.jsp?pageId=3&id=97022&cid=1294,2024,10/2024,2026-10-08T09:33:41Z
532,4778/TB-TCHQ,04/10/2024,Tổng cục Hải quan,Kết quả xác định trước mã số,97021,313,19,TONG_CUC,Âu Anh Tuấn,null,https://files.customs.gov.vn/CustomsCMS/TONG_CUC/2024/10/11/4778.pdf,https://www.customs.gov.vn/index.jsp?pageId=3&id=97021&cid=1294,2024,10/2024,2026-10-08T09:33:41Z
533,4785/TB-TCHQ,04/10/2024,Tổng cục Hải quan,Kết quả xác định trước mã số,97014,313,19,TONG_CUC,Âu Anh Tuấn,null,https://files.customs.gov.vn/CustomsCMS/TONG_CUC/2024/10/11/4785.pdf,https://www.customs.gov.vn/index.jsp?pageId=3&id=97014&cid=1294,2024,10/2024,2026-10-08T09:33:41Z
534,4786/TB-TCHQ,04/10/2024,Tổng cục Hải quan,Kết quả xác định trước mã số,97015,313,19,TONG_CUC,Âu Anh Tuấn,null,https://files.customs.gov.vn/CustomsCMS/TONG_CUC/2024/10/11/4786.pdf,https://www.customs.gov.vn/index.jsp?pageId=3&id=97015&cid=1294,2024,10/2024,2026-10-08T09:33:41Z
535,4787/TB-TCHQ,04/10/2024,Tổng cục Hải quan,Kết quả xác định trước mã số,97016,313,19,TONG_CUC,Âu Anh Tuấn,null,https://files.customs.gov.vn/CustomsCMS/TONG_CUC/2024/10/11/4787.pdf,https://www.customs.gov.vn/index.jsp?pageId=3&id=97016&cid=1294,2024,10/2024,2026-10-08T09:33:41Z
536,4788/TB-TCHQ,04/10/2024,Tổng cục Hải quan,Kết quả xác định trước mã số,97017,313,19,TONG_CUC,Âu Anh Tuấn,null,https://files.customs.gov.vn/CustomsCMS/TONG_CUC/2024/10/11/4788.pdf,https://www.customs.gov.vn/index.jsp?pageId=3&id=97017&cid=1294,2024,10/2024,2026-10-08T09:33:41Z
537,4789/TB-TCHQ,04/10/2024,Tổng cục Hải quan,Kết quả xác định trước mã số,97013,313,19,TONG_CUC,Âu Anh Tuấn,null,https://files.customs.gov.vn/CustomsCMS/TONG_CUC/2024/10/11/4789.pdf,https://www.customs.gov.vn/index.jsp?pageId=3&id=97013&cid=1294,2024,10/2024,2026-10-08T09:33:41Z
538,4790/TB-TCHQ,04/10/2024,Tổng cục Hải quan,Kết quả xác định trước mã số,97012,313,19,TONG_CUC,Âu Anh Tuấn,null,https://files.customs.gov.vn/CustomsCMS/TONG_CUC/2024/10/11/4790.pdf,https://www.customs.gov.vn/index.jsp?pageId=3&id=97012&cid=1294,2024,10/2024,2026-10-08T09:33:41Z
539,4791/TB-TCHQ,04/10/2024,Tổng cục Hải quan,Kết quả xác định trước mã số,97018,313,19,TONG_CUC,Âu Anh Tuấn,null,https://files.customs.gov.vn/CustomsCMS/TONG_CUC/2024/10/11/4791.pdf,https://www.customs.gov.vn/index.jsp?pageId=3&id=97018&cid=1294,2024,10/2024,2026-10-08T09:33:41Z
540,4814/TB-TCHQ,04/10/2024,Tổng cục Hải quan,Kết quả xác định trước mã số,97007,313,19,TONG_CUC,Âu Anh Tuấn,null,https://files.customs.gov.vn/CustomsCMS/TONG_CUC/2024/10/11/4814.pdf,https://www.customs.gov.vn/index.jsp?pageId=3&id=97007&cid=1294,2024,10/2024,2026-10-08T09:33:41Z
541,4815/TB-TCHQ,04/10/2024,Tổng cục Hải quan,Kết quả xác định trước mã số,97006,313,19,TONG_CUC,Âu Anh Tuấn,null,https://files.customs.gov.vn/CustomsCMS/TONG_CUC/2024/10/11/4815.pdf,https://www.customs.gov.vn/index.jsp?pageId=3&id=97006&cid=1294,2024,10/2024,2026-10-08T09:33:41Z
542,4816/TB-TCHQ,04/10/2024,Tổng cục Hải quan,Kết quả xác định trước mã số,97011,313,19,TONG_CUC,Âu Anh Tuấn,null,https://files.customs.gov.vn/CustomsCMS/TONG_CUC/2024/10/11/4816.pdf,https://www.customs.gov.vn/index.jsp?pageId=3&id=97011&cid=1294,2024,10/2024,2026-10-08T09:33:41Z
543,4817/TB-TCHQ,04/10/2024,Tổng cục Hải quan,Kết quả xác định trước mã số,97003,313,19,TONG_CUC,Âu Anh Tuấn,null,https://files.customs.gov.vn/CustomsCMS/TONG_CUC/2024/10/11/4817.pdf,https://www.customs.gov.vn/index.jsp?pageId=3&id=97003&cid=1294,2024,10/2024,2026-10-08T09:33:41Z
544,4818/TB-TCHQ,04/10/2024,Tổng cục Hải quan,Kết quả xác định trước mã số,97004,313,19,TONG_CUC,Âu Anh Tuấn,null,https://files.customs.gov.vn/CustomsCMS/TONG_CUC/2024/10/11/4818.pdf,https://www.customs.gov.vn/index.jsp?pageId=3&id=97004&cid=1294,2024,10/2024,2026-10-08T09:33:41Z
545,196/TB-KĐ4,03/10/2024,Tổng cục Hải qun,"Về kết quả phân tích kèm mã số hàng hóa xuất khẩu, nhập khẩu",97205,313,19,TONG_CUC,Trần Hương Giang,null,https://files.customs.gov.vn/CustomsCMS/TONG_CUC/2024/10/25/196_TB-KÐ4.pdf,https://www.customs.gov.vn/index.jsp?pageId=3&id=97205&cid=1294,2024,10/2024,2026-10-08T09:33:41Z
546,4765/TB-TCHQ,03/10/2024,Tổng cục Hải quan,Kết quả xác định trước mã số,97019,313,19,TONG_CUC,Âu Anh Tuấn,null,https://files.customs.gov.vn/CustomsCMS/TONG_CUC/2024/10/11/4765.pdf,https://www.customs.gov.vn/index.jsp?pageId=3&id=97019&cid=1294,2024,10/2024,2026-10-08T09:33:41Z
547,4745/TB-TCHQ,02/10/2024,Tổng cục Hải quan,Kết quả xác định trước mã số,97024,313,19,TONG_CUC,Âu Anh Tuấn,null,https://files.customs.gov.vn/CustomsCMS/TONG_CUC/2024/10/11/4745.pdf,https://www.customs.gov.vn/index.jsp?pageId=3&id=97024&cid=1294,2024,10/2024,2026-10-08T09:33:41Z
548,4746/TB-TCHQ,02/10/2024,Tổng cục Hải quan,Kết quả xác định trước mã số,97025,313,19,TONG_CUC,Âu Anh Tuấn,null,https://files.customs.gov.vn/CustomsCMS/TONG_CUC/2024/10/11/4746.pdf,https://www.customs.gov.vn/index.jsp?pageId=3&id=97025&cid=1294,2024,10/2024,2026-10-08T09:33:41Z
549,149/TB-CMTV,01/10/2024,Tổng cục Hải qun,"Về kết quả phân tích kèm mã số hàng hóa xuất khẩu, nhập khẩu",97224,313,19,TONG_CUC,Lâm Đại Tú,null,https://files.customs.gov.vn/CustomsCMS/TONG_CUC/2024/10/25/149 (1).pdf,https://www.customs.gov.vn/index.jsp?pageId=3&id=97224&cid=1294,2024,10/2024,2026-10-08T09:33:41Z
550,193/TB-KĐ4,01/10/2024,Tổng cục Hải qun,"Về kết quả phân tích kèm mã số hàng hóa xuất khẩu, nhập khẩu",97204,313,19,TONG_CUC,Lê Ngọc Tấn,null,https://files.customs.gov.vn/CustomsCMS/TONG_CUC/2024/10/25/193_TB-KÐ4.pdf,https://www.customs.gov.vn/index.jsp?pageId=3&id=97204&cid=1294,2024,10/2024,2026-10-08T09:33:41Z
551,4706/TB-TCHQ,01/10/2024,Tổng cục Hải quan,Kết quả xác định trước mã số,97023,313,19,TONG_CUC,Âu Anh Tuấn,null,https://files.customs.gov.vn/CustomsCMS/TONG_CUC/2024/10/11/4706.pdf,https://www.customs.gov.vn/index.jsp?pageId=3&id=97023&cid=1294,2024,10/2024,2026-10-08T09:33:41Z
552,4707/TB-TCHQ,01/10/2024,Tổng cục Hải quan,Kết quả xác định trước mã số,97026,313,19,TONG_CUC,Âu Anh Tuấn,null,https://files.customs.gov.vn/CustomsCMS/TONG_CUC/2024/10/11/4707.pdf,https://www.customs.gov.vn/index.jsp?pageId=3&id=97026&cid=1294,2024,10/2024,2026-10-08T09:33:41Z
553,4708/TB-TCHQ,01/10/2024,Tổng cục Hải quan,Kết quả xác định trước mã số,97027,313,19,TONG_CUC,Âu Anh Tuấn,null,https://files.customs.gov.vn/CustomsCMS/TONG_CUC/2024/10/11/4708.pdf,https://www.customs.gov.vn/index.jsp?pageId=3&id=97027&cid=1294,2024,10/2024,2026-10-08T09:33:41Z
554,5950/TB-TCHQ,29/11/2024,Tổng cục Hải quan,Kết quả xác định trước mã số,97892,313,19,TONG_CUC,Âu Anh Tuấn,null,https://files.customs.gov.vn/CustomsCMS/TONG_CUC/2024/12/5/5950.pdf,https://www.customs.gov.vn/index.jsp?pageId=3&id=97892&cid=1294,2024,11/2024,2026-10-08T09:33:41Z
555,5951/TB-TCHQ,29/11/2024,Tổng cục Hải quan,Kết quả xác định trước mã số,97891,313,19,TONG_CUC,Âu Anh Tuấn,null,https://files.customs.gov.vn/CustomsCMS/TONG_CUC/2024/12/5/5951.pdf,https://www.customs.gov.vn/index.jsp?pageId=3&id=97891&cid=1294,2024,11/2024,2026-10-08T09:33:41Z
556,5967/TB-TCHQ,29/11/2024,Tổng cục Hải quan,Kết quả xác định trước mã số,97876,313,19,TONG_CUC,Âu Anh Tuấn,null,https://files.customs.gov.vn/CustomsCMS/TONG_CUC/2024/12/4/5967.pdf,https://www.customs.gov.vn/index.jsp?pageId=3&id=97876&cid=1294,2024,11/2024,2026-10-08T09:33:41Z
557,5968/TB-TCHQ,29/11/2024,Tổng cục Hải quan,Kết quả xác định trước mã số,97875,313,19,TONG_CUC,Âu Anh Tuấn,null,https://files.customs.gov.vn/CustomsCMS/TONG_CUC/2024/12/4/5968.pdf,https://www.customs.gov.vn/index.jsp?pageId=3&id=97875&cid=1294,2024,11/2024,2026-10-08T09:33:41Z
558,5969/TB-TCHQ,29/11/2024,Tổng cục Hải quan,Kết quả xác định trước mã số,97860,313,19,TONG_CUC,Âu Anh Tuấn,null,https://files.customs.gov.vn/CustomsCMS/TONG_CUC/2024/12/2/5969.pdf,https://www.customs.gov.vn/index.jsp?pageId=3&id=97860&cid=1294,2024,11/2024,2026-10-08T09:33:41Z
559,5970/TB-TCHQ,29/11/2024,Tổng cục Hải quan,Kết quả xác định trước mã số,97858,313,19,TONG_CUC,Âu Anh Tuấn,null,https://files.customs.gov.vn/CustomsCMS/TONG_CUC/2024/12/2/5970.pdf,https://www.customs.gov.vn/index.jsp?pageId=3&id=97858&cid=1294,2024,11/2024,2026-10-08T09:33:41Z
560,5971/TB-TCHQ,29/11/2024,Tổng cục Hải quan,Kết quả xác định trước mã số,97859,313,19,TONG_CUC,Âu Anh Tuấn,null,https://files.customs.gov.vn/CustomsCMS/TONG_CUC/2024/12/2/5971.pdf,https://www.customs.gov.vn/index.jsp?pageId=3&id=97859&cid=1294,2024,11/2024,2026-10-08T09:33:41Z
561,5973/TB-TCHQ,29/11/2024,Tổng cục Hải quan,Kết quả xác định trước mã số,97857,313,19,TONG_CUC,Âu Anh Tuấn,null,https://files.customs.gov.vn/CustomsCMS/TONG_CUC/2024/12/2/5973.pdf,https://www.customs.gov.vn/index.jsp?pageId=3&id=97857&cid=1294,2024,11/2024,2026-10-08T09:33:41Z
562,192/TB-KĐ5,28/11/2024,Tổng cục Hải qun,"Về kết quả phân tích kèm mã số hàng hóa xuất khẩu, nhập khẩu",97819,313,19,TONG_CUC,Nguyễn Phú Quý,null,https://files.customs.gov.vn/CustomsCMS/TONG_CUC/2024/11/29/192.pdf,https://www.customs.gov.vn/index.jsp?pageId=3&id=97819&cid=1294,2024,11/2024,2026-10-08T09:33:41Z
563,5919/TB-TCHQ,28/11/2024,Tổng cục Hải quan,Kết quả xác định trước mã số,97855,313,19,TONG_CUC,Âu Anh Tuấn,null,https://files.customs.gov.vn/CustomsCMS/TONG_CUC/2024/12/2/5919.pdf,https://www.customs.gov.vn/index.jsp?pageId=3&id=97855&cid=1294,2024,11/2024,2026-10-08T09:33:41Z
564,5920/TB-TCHQ,28/11/2024,Tổng cục Hải quan,Kết quả xác định trước mã số,97854,313,19,TONG_CUC,Âu Anh Tuấn,null,https://files.customs.gov.vn/CustomsCMS/TONG_CUC/2024/12/2/5920.pdf,https://www.customs.gov.vn/index.jsp?pageId=3&id=97854&cid=1294,2024,11/2024,2026-10-08T09:33:41Z
565,5921/TB-TCHQ,28/11/2024,Tổng cục Hải quan,Kết quả xác định trước mã số,97853,313,19,TONG_CUC,Âu Anh Tuấn,null,https://files.customs.gov.vn/CustomsCMS/TONG_CUC/2024/12/2/5921.pdf,https://www.customs.gov.vn/index.jsp?pageId=3&id=97853&cid=1294,2024,11/2024,2026-10-08T09:33:41Z
566,5922/TB-TCHQ,28/11/2024,Tổng cục Hải quan,Kết quả xác định trước mã số,97852,313,19,TONG_CUC,Âu Anh Tuấn,null,https://files.customs.gov.vn/CustomsCMS/TONG_CUC/2024/12/2/5922.pdf,https://www.customs.gov.vn/index.jsp?pageId=3&id=97852&cid=1294,2024,11/2024,2026-10-08T09:33:41Z
567,191/TB-KĐ5,27/11/2024,Tổng cục Hải qun,"Về kết quả phân tích kèm mã số hàng hóa xuất khẩu, nhập khẩu",97818,313,19,TONG_CUC,Nguyễn Phú Quý,null,https://files.customs.gov.vn/CustomsCMS/TONG_CUC/2024/11/29/191.pdf,https://www.customs.gov.vn/index.jsp?pageId=3&id=97818&cid=1294,2024,11/2024,2026-10-08T09:33:41Z
568,5875/TB-TCHQ,26/11/2024,Tổng cục Hải quan,Kết quả xác định trước mã số,97812,313,19,TONG_CUC,Âu Anh Tuấn,null,https://files.customs.gov.vn/CustomsCMS/TONG_CUC/2024/11/28/5875.pdf,https://www.customs.gov.vn/index.jsp?pageId=3&id=97812&cid=1294,2024,11/2024,2026-10-08T09:33:41Z
569,5876/TB-TCHQ,26/11/2024,Tổng cục Hải quan,Kết quả xác định trước mã số,97811,313,19,TONG_CUC,Âu Anh Tuấn,null,https://files.customs.gov.vn/CustomsCMS/TONG_CUC/2024/11/28/5876.pdf,https://www.customs.gov.vn/index.jsp?pageId=3&id=97811&cid=1294,2024,11/2024,2026-10-08T09:33:41Z
570,249/TB-KĐ4,22/11/2024,Tổng cục Hải qun,"Về kết quả phân tích kèm mã số hàng hóa xuất khẩu, nhập khẩu",97821,313,19,TONG_CUC,Trần Hương Giang,null,https://files.customs.gov.vn/CustomsCMS/TONG_CUC/2024/11/29/249_TB-KÐ4.pdf,https://www.customs.gov.vn/index.jsp?pageId=3&id=97821&cid=1294,2024,11/2024,2026-10-08T09:33:41Z
571,188/TB-KĐ5,21/11/2024,Tổng cục Hải qun,"Về kết quả phân tích kèm mã số hàng hóa xuất khẩu, nhập khẩu",97763,313,19,TONG_CUC,Nguyễn Phú Quý,null,https://files.customs.gov.vn/CustomsCMS/TONG_CUC/2024/11/21/188.pdf,https://www.customs.gov.vn/index.jsp?pageId=3&id=97763&cid=1294,2024,11/2024,2026-10-08T09:33:41Z
572,248/TB-KĐ4,20/11/2024,Tổng cục Hải qun,"Về kết quả phân tích kèm mã số hàng hóa xuất khẩu, nhập khẩu",97820,313,19,TONG_CUC,Lê Ngọc Tấn,null,https://files.customs.gov.vn/CustomsCMS/TONG_CUC/2024/11/29/248_TB-KÐ4.pdf,https://www.customs.gov.vn/index.jsp?pageId=3&id=97820&cid=1294,2024,11/2024,2026-10-08T09:33:41Z
573,247/TB-KĐ4,14/11/2024,Tổng cục Hải qun,"Về kết quả phân tích kèm mã số hàng hóa xuất khẩu, nhập khẩu",97760,313,19,TONG_CUC,Lê Ngọc Tấn,null,https://files.customs.gov.vn/CustomsCMS/TONG_CUC/2024/11/21/247_TB-KÐ4.pdf,https://www.customs.gov.vn/index.jsp?pageId=3&id=97760&cid=1294,2024,11/2024,2026-10-08T09:33:41Z
574,185/TB-KĐ5,13/11/2024,Tổng cục Hải qun,"Về kết quả phân tích kèm mã số hàng hóa xuất khẩu, nhập khẩu",97754,313,19,TONG_CUC,Nguyễn Phú Quý,null,https://files.customs.gov.vn/CustomsCMS/TONG_CUC/2024/11/21/185.pdf,https://www.customs.gov.vn/index.jsp?pageId=3&id=97754&cid=1294,2024,11/2024,2026-10-08T09:33:41Z
575,186/TB-KĐ5,13/11/2024,Tổng cục Hải qun,"Về kết quả phân tích kèm mã số hàng hóa xuất khẩu, nhập khẩu",97755,313,19,TONG_CUC,Nguyễn Phú Quý,null,https://files.customs.gov.vn/CustomsCMS/TONG_CUC/2024/11/21/186.pdf,https://www.customs.gov.vn/index.jsp?pageId=3&id=97755&cid=1294,2024,11/2024,2026-10-08T09:33:41Z
576,246/TB-KĐ4,13/11/2024,Tổng cục Hải qun,"Về kết quả phân tích kèm mã số hàng hóa xuất khẩu, nhập khẩu",97759,313,19,TONG_CUC,Trần Hương Giang,null,https://files.customs.gov.vn/CustomsCMS/TONG_CUC/2024/11/21/246_TB-KÐ4.pdf,https://www.customs.gov.vn/index.jsp?pageId=3&id=97759&cid=1294,2024,11/2024,2026-10-08T09:33:41Z
577,184/TB-KĐ5,12/11/2024,Tổng cục Hải quan,"Về kết quả phân tích kèm mã số hàng hóa xuất khẩu, nhập khẩu",97643,313,19,TONG_CUC,Nguyễn Phú Quý,null,https://files.customs.gov.vn/CustomsCMS/TONG_CUC/2024/11/13/184.pdf,https://www.customs.gov.vn/index.jsp?pageId=3&id=97643&cid=1294,2024,11/2024,2026-10-08T09:33:41Z
578,244/TB-KĐ4,12/11/2024,Tổng cục Hải qun,"Về kết quả phân tích kèm mã số hàng hóa xuất khẩu, nhập khẩu",97758,313,19,TONG_CUC,Trần Hương Giang,null,https://files.customs.gov.vn/CustomsCMS/TONG_CUC/2024/11/21/244_TB-KÐ4.pdf,https://www.customs.gov.vn/index.jsp?pageId=3&id=97758&cid=1294,2024,11/2024,2026-10-08T09:33:41Z
579,5510/TB-TCHQ,08/11/2024,Tổng cục Hải quan,Kết quả xác định trước mã số,97695,313,19,TONG_CUC,Âu Anh Tuấn,null,https://files.customs.gov.vn/CustomsCMS/TONG_CUC/2024/11/14/5510.pdf,https://www.customs.gov.vn/index.jsp?pageId=3&id=97695&cid=1294,2024,11/2024,2026-10-08T09:33:41Z
580,5523/TB-TCHQ,08/11/2024,Tổng cục Hải quan,Kết quả xác định trước mã số,97694,313,19,TONG_CUC,Âu Anh Tuấn,null,https://files.customs.gov.vn/CustomsCMS/TONG_CUC/2024/11/14/5523.pdf,https://www.customs.gov.vn/index.jsp?pageId=3&id=97694&cid=1294,2024,11/2024,2026-10-08T09:33:41Z
581,182/TB-KĐ5,06/11/2024,Tổng cục Hải qun,"Về kết quả phân tích kèm mã số hàng hóa xuất khẩu, nhập khẩu",97608,313,19,TONG_CUC,Nguyễn Phú Quý,null,https://files.customs.gov.vn/CustomsCMS/TONG_CUC/2024/11/8/182.pdf,https://www.customs.gov.vn/index.jsp?pageId=3&id=97608&cid=1294,2024,11/2024,2026-10-08T09:33:41Z
582,238/TB-KĐ4,06/11/2024,Tổng cục Hải qun,"Về kết quả phân tích kèm mã số hàng hóa xuất khẩu, nhập khẩu",97757,313,19,TONG_CUC,Trần Hương Giang,null,https://files.customs.gov.vn/CustomsCMS/TONG_CUC/2024/11/21/238_TB-KÐ4.pdf,https://www.customs.gov.vn/index.jsp?pageId=3&id=97757&cid=1294,2024,11/2024,2026-10-08T09:33:41Z
583,5432/TB-TCHQ,06/11/2024,Tổng cục Hải quan,Kết quả xác định trước mã số,97693,313,19,TONG_CUC,Âu Anh Tuấn,null,https://files.customs.gov.vn/CustomsCMS/TONG_CUC/2024/11/14/5432.pdf,https://www.customs.gov.vn/index.jsp?pageId=3&id=97693&cid=1294,2024,11/2024,2026-10-08T09:33:41Z
584,5433/TB-TCHQ,06/11/2024,Tổng cục Hải quan,Kết quả xác định trước mã số,97692,313,19,TONG_CUC,Âu Anh Tuấn,null,https://files.customs.gov.vn/CustomsCMS/TONG_CUC/2024/11/14/5433.pdf,https://www.customs.gov.vn/index.jsp?pageId=3&id=97692&cid=1294,2024,11/2024,2026-10-08T09:33:41Z
585,181/TB-KĐ5,01/11/2024,Tổng cục Hải quan,"Về kết quả phân tích kèm mã số hàng hóa xuất khẩu, nhập khẩu",97445,313,19,TONG_CUC,Nguyễn Phú Quý,null,https://files.customs.gov.vn/CustomsCMS/TONG_CUC/2024/11/6/181.pdf,https://www.customs.gov.vn/index.jsp?pageId=3&id=97445&cid=1294,2024,11/2024,2026-10-08T09:33:41Z
586,237/TB-KĐ4,01/11/2024,Tổng cục Hải qun,"Về kết quả phân tích kèm mã số hàng hóa xuất khẩu, nhập khẩu",97756,313,19,TONG_CUC,Trần Hương Giang,null,https://files.customs.gov.vn/CustomsCMS/TONG_CUC/2024/11/21/237_TB-KÐ4.pdf,https://www.customs.gov.vn/index.jsp?pageId=3&id=97756&cid=1294,2024,11/2024,2026-10-08T09:33:41Z
