stt,so_hieu,ngay_ban_hanh,co_quan_ban_hanh,noi_dung_tom_tat,ma_noi_bo,linh_vuc,loai_van_ban,chuyen_trang,nguoi_ky,ngay_hieu_luc,pdf_url,url_chi_tiet,nam,nam_thang,crawled_at
1,09/TB-KĐ4,31/01/2023,Tổng cục Hải quan,"Về kết quả phân tích kèm mã số hàng hóa xuất khẩu, nhập khẩu",83356,313,19,TONG_CUC,Trần Hương Giang,null,https://files.customs.gov.vn/CustomsCMS/TONG_CUC/2023/2/16/09-TB-KÐ4.pdf,https://www.customs.gov.vn/index.jsp?pageId=3&id=83356&cid=1294,2023,01/2023,2026-10-08T09:33:28Z
2,32/TB-KĐ3,31/01/2023,Tổng cục Hải quan,"Về kết quả phân tích kèm mã số hàng hóa xuất khẩu, nhập khẩu",83189,313,19,TONG_CUC,Nguyễn Thị Thanh Phượng,null,https://files.customs.gov.vn/CustomsCMS/TONG_CUC/2023/2/8/32.pdf,https://www.customs.gov.vn/index.jsp?pageId=3&id=83189&cid=1294,2023,01/2023,2026-10-08T09:33:28Z
3,28/TB-KĐ3,18/01/2023,Tổng cục Hải quan,"Về kết quả phân tích kèm mã số hàng hóa xuất khẩu, nhập khẩu",83193,313,19,TONG_CUC,Nguyễn Thị Thanh Phượng,null,https://files.customs.gov.vn/CustomsCMS/TONG_CUC/2023/2/8/28.pdf,https://www.customs.gov.vn/index.jsp?pageId=3&id=83193&cid=1294,2023,01/2023,2026-10-08T09:33:28Z
4,29/TB-KĐ3,18/01/2023,Tổng cục Hải quan,"Về kết quả phân tích kèm mã số hàng hóa xuất khẩu, nhập khẩu",83192,313,19,TONG_CUC,Nguyễn Thị Thanh Phượng,null,https://files.customs.gov.vn/CustomsCMS/TONG_CUC/2023/2/8/29.pdf,https://www.customs.gov.vn/index.jsp?pageId=3&id=83192&cid=1294,2023,01/2023,2026-10-08T09:33:28Z
5,30/TB-KĐ3,18/01/2023,Tổng cục Hải quan,"Về kết quả phân tích kèm mã số hàng hóa xuất khẩu, nhập khẩu",83191,313,19,TONG_CUC,Nguyễn Thị Thanh Phượng,null,https://files.customs.gov.vn/CustomsCMS/TONG_CUC/2023/2/8/30.pdf,https://www.customs.gov.vn/index.jsp?pageId=3&id=83191&cid=1294,2023,01/2023,2026-10-08T09:33:28Z
6,326/TB-TCHQ,18/01/2023,Tổng cục Hải quan,Kết quả xác định trước mã số,83094,313,19,TONG_CUC,Lưu Mạnh Tưởng,18/01/2023,https://files.customs.gov.vn/CustomsCMS/TONG_CUC/2023/1/27/Vanban_326.PDF,https://www.customs.gov.vn/index.jsp?pageId=3&id=83094&cid=1294,2023,01/2023,2026-10-08T09:33:28Z
7,327/TB-TCHQ,18/01/2023,Tổng cục Hải quan,Kết quả xác định trước mã số,83095,313,19,TONG_CUC,Lưu Mạnh Tưởng,18/01/2023,https://files.customs.gov.vn/CustomsCMS/TONG_CUC/2023/1/27/Vanban_327.PDF,https://www.customs.gov.vn/index.jsp?pageId=3&id=83095&cid=1294,2023,01/2023,2026-10-08T09:33:28Z
8,328/TB-TCHQ,18/01/2023,Tổng cục Hải quan,Kết quả xác định trước mã số,83096,313,19,TONG_CUC,Lưu Mạnh Tưởng,18/01/2023,https://files.customs.gov.vn/CustomsCMS/TONG_CUC/2023/1/27/Vanban_328.PDF,https://www.customs.gov.vn/index.jsp?pageId=3&id=83096&cid=1294,2023,01/2023,2026-10-08T09:33:28Z
9,15/TB-KĐ3,17/01/2023,Tổng cục Hải quan,"Về kết quả phân tích kèm mã số hàng hóa xuất khẩu, nhập khẩu",83200,313,19,TONG_CUC,Nguyễn Thị Thanh Phượng,null,https://files.customs.gov.vn/CustomsCMS/TONG_CUC/2023/2/8/15 (2).pdf,https://www.customs.gov.vn/index.jsp?pageId=3&id=83200&cid=1294,2023,01/2023,2026-10-08T09:33:28Z
10,16/TB-KĐ3,17/01/2023,Tổng cục Hải quan,"Về kết quả phân tích kèm mã số hàng hóa xuất khẩu, nhập khẩu",83199,313,19,TONG_CUC,Nguyễn Thị Thanh Phượng,null,https://files.customs.gov.vn/CustomsCMS/TONG_CUC/2023/2/8/16.pdf,https://www.customs.gov.vn/index.jsp?pageId=3&id=83199&cid=1294,2023,01/2023,2026-10-08T09:33:28Z
11,17/TB-KĐ3,17/01/2023,Tổng cục Hải quan,"Về kết quả phân tích kèm mã số hàng hóa xuất khẩu, nhập khẩu",83198,313,19,TONG_CUC,Nguyễn Thị Thanh Phượng,null,,https://www.customs.gov.vn/index.jsp?pageId=3&id=83198&cid=1294,2023,01/2023,2026-10-08T09:33:28Z
12,19/TB-KĐ3,17/01/2023,Tổng cục Hải quan,"Về kết quả phân tích kèm mã số hàng hóa xuất khẩu, nhập khẩu",83197,313,19,TONG_CUC,Nguyễn Thị Thanh Phượng,null,https://files.customs.gov.vn/CustomsCMS/TONG_CUC/2023/2/8/19.pdf,https://www.customs.gov.vn/index.jsp?pageId=3&id=83197&cid=1294,2023,01/2023,2026-10-08T09:33:28Z
13,20/TB-KĐ3,17/01/2023,Tổng cục Hải quan,"Về kết quả phân tích kèm mã số hàng hóa xuất khẩu, nhập khẩu",83196,313,19,TONG_CUC,Nguyễn Thị Thanh Phượng,null,https://files.customs.gov.vn/CustomsCMS/TONG_CUC/2023/2/8/20.pdf,https://www.customs.gov.vn/index.jsp?pageId=3&id=83196&cid=1294,2023,01/2023,2026-10-08T09:33:28Z
14,21/TB-KĐ3,17/01/2023,Tổng cục Hải quan,"Về kết quả phân tích kèm mã số hàng hóa xuất khẩu, nhập khẩu",83195,313,19,TONG_CUC,Nguyễn Thị Thanh Phượng,null,https://files.customs.gov.vn/CustomsCMS/TONG_CUC/2023/2/8/21.pdf,https://www.customs.gov.vn/index.jsp?pageId=3&id=83195&cid=1294,2023,01/2023,2026-10-08T09:33:28Z
15,22/TB-KĐ3,17/01/2023,Tổng cục Hải quan,"Về kết quả phân tích kèm mã số hàng hóa xuất khẩu, nhập khẩu",83194,313,19,TONG_CUC,Nguyễn Thị Thanh Phượng,null,https://files.customs.gov.vn/CustomsCMS/TONG_CUC/2023/2/8/22 (2).pdf,https://www.customs.gov.vn/index.jsp?pageId=3&id=83194&cid=1294,2023,01/2023,2026-10-08T09:33:28Z
16,06/TB-KĐ4,16/01/2023,Tổng cục Hải quan,"Về kết quả phân tích kèm mã số hàng hóa xuất khẩu, nhập khẩu",83184,313,19,TONG_CUC,Lê Ngọc Tấn,null,https://files.customs.gov.vn/CustomsCMS/TONG_CUC/2023/2/8/06-TB-KÐ4 (1).pdf,https://www.customs.gov.vn/index.jsp?pageId=3&id=83184&cid=1294,2023,01/2023,2026-10-08T09:33:28Z
17,07/TB-KĐ4,16/01/2023,Tổng cục Hải quan,"Về kết quả phân tích kèm mã số hàng hóa xuất khẩu, nhập khẩu",83185,313,19,TONG_CUC,Lê Ngọc Tấn,null,https://files.customs.gov.vn/CustomsCMS/TONG_CUC/2023/2/8/07-TB-KÐ4 (1).pdf,https://www.customs.gov.vn/index.jsp?pageId=3&id=83185&cid=1294,2023,01/2023,2026-10-08T09:33:28Z
18,08/TB-KĐ4,16/01/2023,Tổng cục Hải quan,"Về kết quả phân tích kèm mã số hàng hóa xuất khẩu, nhập khẩu",83186,313,19,TONG_CUC,Lê Ngọc Tấn,null,https://files.customs.gov.vn/CustomsCMS/TONG_CUC/2023/2/8/08-TB-KÐ4.pdf,https://www.customs.gov.vn/index.jsp?pageId=3&id=83186&cid=1294,2023,01/2023,2026-10-08T09:33:28Z
19,01/TB-KĐCMTV,13/01/2023,Tổng cục Hải qun,"Về kết quả phân tích kèm mã số hàng hóa xuất khẩu, nhập khẩu",84421,313,19,TONG_CUC,Lâm Đại Tú,null,,https://www.customs.gov.vn/index.jsp?pageId=3&id=84421&cid=1294,2023,01/2023,2026-10-08T09:33:28Z
20,02/TB-KĐCMTV,13/01/2023,Tổng cục Hải qun,"Về kết quả phân tích kèm mã số hàng hóa xuất khẩu, nhập khẩu",84422,313,19,TONG_CUC,Lâm Đại Tú,null,,https://www.customs.gov.vn/index.jsp?pageId=3&id=84422&cid=1294,2023,01/2023,2026-10-08T09:33:28Z
21,05/TB-KĐ4,13/01/2023,Tổng cục Hải quan,"Về kết quả phân tích kèm mã số hàng hóa xuất khẩu, nhập khẩu",83183,313,19,TONG_CUC,Trần Hương Giang,null,https://files.customs.gov.vn/CustomsCMS/TONG_CUC/2023/2/8/005-TB-KÐ4 (1).pdf,https://www.customs.gov.vn/index.jsp?pageId=3&id=83183&cid=1294,2023,01/2023,2026-10-08T09:33:28Z
22,187/TB-TCHQ,13/01/2023,Tổng cục Hải quan,Kết quả xác định trước mã số,83035,313,19,TONG_CUC,Lưu Mạnh Tưởng,13/01/2023,https://files.customs.gov.vn/CustomsCMS/TONG_CUC/2023/1/16/Vanban_187.PDF,https://www.customs.gov.vn/index.jsp?pageId=3&id=83035&cid=1294,2023,01/2023,2026-10-08T09:33:28Z
23,188/TB-TCHQ,13/01/2023,Tổng cục Hải quan,Kết quả xác định trước mã số,83034,313,19,TONG_CUC,Lưu Mạnh Tưởng,13/01/2023,https://files.customs.gov.vn/CustomsCMS/TONG_CUC/2023/1/16/Vanban_188.PDF,https://www.customs.gov.vn/index.jsp?pageId=3&id=83034&cid=1294,2023,01/2023,2026-10-08T09:33:28Z
24,189/TB-TCHQ,13/01/2023,Tổng cục Hải quan,Kết quả xác định trước mã số,83033,313,19,TONG_CUC,Lưu Mạnh Tưởng,13/01/2023,https://files.customs.gov.vn/CustomsCMS/TONG_CUC/2023/1/16/Vanban_189.PDF,https://www.customs.gov.vn/index.jsp?pageId=3&id=83033&cid=1294,2023,01/2023,2026-10-08T09:33:28Z
25,190/TB-TCHQ,13/01/2023,Tổng cục Hải quan,Kết quả xác định trước mã số,83032,313,19,TONG_CUC,Lưu Mạnh Tưởng,13/01/2023,https://files.customs.gov.vn/CustomsCMS/TONG_CUC/2023/1/16/Vanban_190.PDF,https://www.customs.gov.vn/index.jsp?pageId=3&id=83032&cid=1294,2023,01/2023,2026-10-08T09:33:28Z
26,214/TB-TCHQ,13/01/2023,Tổng cục Hải quan,Kết quả xác định trước mã số,83031,313,19,TONG_CUC,Lưu Mạnh Tưởng,13/01/2023,https://files.customs.gov.vn/CustomsCMS/TONG_CUC/2023/1/16/Vanban_214.PDF,https://www.customs.gov.vn/index.jsp?pageId=3&id=83031&cid=1294,2023,01/2023,2026-10-08T09:33:28Z
27,215/TB-TCHQ,13/01/2023,Tổng cục Hải quan,Kết quả xác định trước mã số,83030,313,19,TONG_CUC,Lưu Mạnh Tưởng,13/01/2023,https://files.customs.gov.vn/CustomsCMS/TONG_CUC/2023/1/16/Vanban_215.PDF,https://www.customs.gov.vn/index.jsp?pageId=3&id=83030&cid=1294,2023,01/2023,2026-10-08T09:33:28Z
28,03/TB-KĐ4,12/01/2023,Tổng cục Hải quan,"Về kết quả phân tích kèm mã số hàng hóa xuất khẩu, nhập khẩu",83181,313,19,TONG_CUC,Trần Hương Giang,null,https://files.customs.gov.vn/CustomsCMS/TONG_CUC/2023/2/8/003-TB-KÐ4.pdf,https://www.customs.gov.vn/index.jsp?pageId=3&id=83181&cid=1294,2023,01/2023,2026-10-08T09:33:28Z
29,04/TB-KĐ4,12/01/2023,Tổng cục Hải quan,"Về kết quả phân tích kèm mã số hàng hóa xuất khẩu, nhập khẩu",83182,313,19,TONG_CUC,Trần Hương Giang,null,https://files.customs.gov.vn/CustomsCMS/TONG_CUC/2023/2/8/04-TB-KÐ4.pdf,https://www.customs.gov.vn/index.jsp?pageId=3&id=83182&cid=1294,2023,01/2023,2026-10-08T09:33:28Z
30,149/TB-TCHQ,11/01/2023,Tổng cục Hải quan,Đính chính Thông báo kết quả xác định trước mã số,82982,313,19,TONG_CUC,Đàm Mạnh Hiếu,18/11/2022,https://files.customs.gov.vn/CustomsCMS/TONG_CUC/2023/1/11/Vanban_149.PDF,https://www.customs.gov.vn/index.jsp?pageId=3&id=82982&cid=1294,2023,01/2023,2026-10-08T09:33:28Z
31,09/TB-KĐ3,10/01/2023,Tổng cục Hải quan,"Về kết quả phân tích kèm mã số hàng hóa xuất khẩu, nhập khẩu",82992,313,19,TONG_CUC,Nguyễn Thị Thanh Phượng,null,https://files.customs.gov.vn/CustomsCMS/TONG_CUC/2023/1/12/09 (2).pdf,https://www.customs.gov.vn/index.jsp?pageId=3&id=82992&cid=1294,2023,01/2023,2026-10-08T09:33:28Z
32,10/TB-KĐ3,10/01/2023,Tổng cục Hải quan,"Về kết quả phân tích kèm mã số hàng hóa xuất khẩu, nhập khẩu",82993,313,19,TONG_CUC,Nguyễn Thị Thanh Phượng,null,https://files.customs.gov.vn/CustomsCMS/TONG_CUC/2023/1/12/10.pdf,https://www.customs.gov.vn/index.jsp?pageId=3&id=82993&cid=1294,2023,01/2023,2026-10-08T09:33:28Z
33,118/TB-TCHQ,09/01/2023,Tổng cục Hải quan,Kết quả xác định trước mã số,82948,313,19,TONG_CUC,Lưu Mạnh Tưởng,09/01/2023,https://files.customs.gov.vn/CustomsCMS/TONG_CUC/2023/1/9/Vanban_118.PDF,https://www.customs.gov.vn/index.jsp?pageId=3&id=82948&cid=1294,2023,01/2023,2026-10-08T09:33:28Z
34,101/TB-TCHQ,06/01/2023,Tổng cục Hải quan,Kết quả xác định trước mã số,82950,313,19,TONG_CUC,Lưu Mạnh Tưởng,06/01/2023,https://files.customs.gov.vn/CustomsCMS/TONG_CUC/2023/1/9/Vanban_101.PDF,https://www.customs.gov.vn/index.jsp?pageId=3&id=82950&cid=1294,2023,01/2023,2026-10-08T09:33:28Z
35,102/TB-TCHQ,06/01/2023,Tổng cục Hải quan,Kết quả xác định trước mã số,82949,313,19,TONG_CUC,Lưu Mạnh Tưởng,06/01/2023,https://files.customs.gov.vn/CustomsCMS/TONG_CUC/2023/1/9/Vanban_102.PDF,https://www.customs.gov.vn/index.jsp?pageId=3&id=82949&cid=1294,2023,01/2023,2026-10-08T09:33:28Z
36,99/TB-TCHQ,06/01/2023,Tổng cục Hải quan,Kết quả xác định trước mã số,82951,313,19,TONG_CUC,Lưu Mạnh Tưởng,06/01/2023,https://files.customs.gov.vn/CustomsCMS/TONG_CUC/2023/1/9/Vanban_99.PDF,https://www.customs.gov.vn/index.jsp?pageId=3&id=82951&cid=1294,2023,01/2023,2026-10-08T09:33:28Z
37,70/TB-TCHQ,05/01/2023,Tổng cục Hải quan,Kết quả xác định trước mã số,82953,313,19,TONG_CUC,Lưu Mạnh Tưởng,05/01/2023,https://files.customs.gov.vn/CustomsCMS/TONG_CUC/2023/1/9/Vanban_70.PDF,https://www.customs.gov.vn/index.jsp?pageId=3&id=82953&cid=1294,2023,01/2023,2026-10-08T09:33:28Z
38,71/TB-TCHQ,05/01/2023,Tổng cục Hải quan,Kết quả xác định trước mã số,82952,313,19,TONG_CUC,Lưu Mạnh Tưởng,05/01/2023,https://files.customs.gov.vn/CustomsCMS/TONG_CUC/2023/1/9/Vanban_71.PDF,https://www.customs.gov.vn/index.jsp?pageId=3&id=82952&cid=1294,2023,01/2023,2026-10-08T09:33:28Z
39,05/TB-KĐ3,04/01/2023,Tổng cục Hải quan,"Về kết quả phân tích kèm mã số hàng hóa xuất khẩu, nhập khẩu",82991,313,19,TONG_CUC,Nguyễn Thị Thanh Phượng,null,https://files.customs.gov.vn/CustomsCMS/TONG_CUC/2023/1/12/05.pdf,https://www.customs.gov.vn/index.jsp?pageId=3&id=82991&cid=1294,2023,01/2023,2026-10-08T09:33:28Z
40,4/TB-KĐ3,04/01/2023,Tổng cục Hải quan,"Về kết quả phân tích kèm mã số hàng hóa xuất khẩu, nhập khẩu",82990,313,19,TONG_CUC,Nguyễn Thị Thanh Phượng,null,,https://www.customs.gov.vn/index.jsp?pageId=3&id=82990&cid=1294,2023,01/2023,2026-10-08T09:33:28Z
41,57/TB-TCHQ,04/01/2023,Tổng cục Hải quan,Kết quả xác định trước mã số,82954,313,19,TONG_CUC,Lưu Mạnh Tưởng,04/01/2023,https://files.customs.gov.vn/CustomsCMS/TONG_CUC/2023/1/9/Vanban_57.PDF,https://www.customs.gov.vn/index.jsp?pageId=3&id=82954&cid=1294,2023,01/2023,2026-10-08T09:33:28Z
42,15/TB-KĐCMTV,28/02/2023,Tổng cục Hải qun,"Về kết quả phân tích kèm mã số hàng hóa xuất khẩu, nhập khẩu",84425,313,19,TONG_CUC,Lâm Đại Tú,null,https://files.customs.gov.vn/CustomsCMS/TONG_CUC/2023/4/11/15.pdf,https://www.customs.gov.vn/index.jsp?pageId=3&id=84425&cid=1294,2023,02/2023,2026-10-08T09:33:28Z
43,13/TB-KĐCMTV,27/02/2023,Tổng cục Hải qun,Về kết quả phân tích kèm mã số đề xuất,85659,313,19,TONG_CUC,Lâm Đại Tú,null,https://files.customs.gov.vn/CustomsCMS/TONG_CUC/2023/6/19/13.pdf,https://www.customs.gov.vn/index.jsp?pageId=3&id=85659&cid=1294,2023,02/2023,2026-10-08T09:33:28Z
44,14/TB-KĐCMTV,27/02/2023,Tổng cục Hải qun,Về kết quả phân tích kèm mã số đề xuất,85660,313,19,TONG_CUC,Lâm Đại Tú,null,https://files.customs.gov.vn/CustomsCMS/TONG_CUC/2023/6/19/14.pdf,https://www.customs.gov.vn/index.jsp?pageId=3&id=85660&cid=1294,2023,02/2023,2026-10-08T09:33:28Z
45,07/TB-KĐCMTV,24/02/2023,Tổng cục Hải qun,"Về kết quả phân tích kèm mã số hàng hóa xuất khẩu, nhập khẩu",84424,313,19,TONG_CUC,Lâm Đại Tú,null,https://files.customs.gov.vn/CustomsCMS/TONG_CUC/2023/4/11/07.pdf,https://www.customs.gov.vn/index.jsp?pageId=3&id=84424&cid=1294,2023,02/2023,2026-10-08T09:33:28Z
46,11/TB-KĐCMTV,24/02/2023,Tổng cục Hải qun,Về kết quả phân tích kèm mã số đề xuất,85658,313,19,TONG_CUC,Lâm Đại Tú,null,https://files.customs.gov.vn/CustomsCMS/TONG_CUC/2023/6/19/11.pdf,https://www.customs.gov.vn/index.jsp?pageId=3&id=85658&cid=1294,2023,02/2023,2026-10-08T09:33:28Z
47,29/TB-KĐ4,24/02/2023,Tổng cục Hải quan,"Về kết quả phân tích kèm mã số hàng hóa xuất khẩu, nhập khẩu",83811,313,19,TONG_CUC,Trần Hương Giang,null,https://files.customs.gov.vn/CustomsCMS/TONG_CUC/2023/3/15/29-TB-KÐ4.pdf,https://www.customs.gov.vn/index.jsp?pageId=3&id=83811&cid=1294,2023,02/2023,2026-10-08T09:33:28Z
48,30/TB-KĐ4,24/02/2023,Tổng cục Hải quan,"Về kết quả phân tích kèm mã số hàng hóa xuất khẩu, nhập khẩu",83810,313,19,TONG_CUC,Trần Hương Giang,null,https://files.customs.gov.vn/CustomsCMS/TONG_CUC/2023/3/15/30-TB-KÐ4.pdf,https://www.customs.gov.vn/index.jsp?pageId=3&id=83810&cid=1294,2023,02/2023,2026-10-08T09:33:28Z
49,89/TB-KĐ3,24/02/2023,Tổng cục Hải quan,"Về kết quả phân tích kèm mã số hàng hóa xuất khẩu, nhập khẩu",83795,313,19,TONG_CUC,Nguyễn Thị Thanh Phượng,null,https://files.customs.gov.vn/CustomsCMS/TONG_CUC/2023/3/15/89.pdf,https://www.customs.gov.vn/index.jsp?pageId=3&id=83795&cid=1294,2023,02/2023,2026-10-08T09:33:28Z
50,03/TB-KĐCMTV,23/02/2023,Tổng cục Hải qun,"Về kết quả phân tích kèm mã số hàng hóa xuất khẩu, nhập khẩu",84423,313,19,TONG_CUC,Lâm Đại Tú,null,https://files.customs.gov.vn/CustomsCMS/TONG_CUC/2023/4/11/03.pdf,https://www.customs.gov.vn/index.jsp?pageId=3&id=84423&cid=1294,2023,02/2023,2026-10-08T09:33:28Z
51,28/TB-KĐ4,23/02/2023,Tổng cục Hải quan,"Về kết quả phân tích kèm mã số hàng hóa xuất khẩu, nhập khẩu",83812,313,19,TONG_CUC,Trần Hương Giang,null,https://files.customs.gov.vn/CustomsCMS/TONG_CUC/2023/3/15/28-TB-KÐ4.pdf,https://www.customs.gov.vn/index.jsp?pageId=3&id=83812&cid=1294,2023,02/2023,2026-10-08T09:33:28Z
52,86/TB-KĐ3,23/02/2023,Tổng cục Hải quan,"Về kết quả phân tích kèm mã số hàng hóa xuất khẩu, nhập khẩu",83794,"321, 313",19,TONG_CUC,Nguyễn Thị Thanh Phượng,null,https://files.customs.gov.vn/CustomsCMS/TONG_CUC/2023/3/15/86.pdf,https://www.customs.gov.vn/index.jsp?pageId=3&id=83794&cid=1294,2023,02/2023,2026-10-08T09:33:28Z
53,87/TB-KĐ3,23/02/2023,Tổng cục Hải quan,"Về kết quả phân tích kèm mã số hàng hóa xuất khẩu, nhập khẩu",83792,313,19,TONG_CUC,Nguyễn Phương Nhi,null,https://files.customs.gov.vn/CustomsCMS/TONG_CUC/2023/3/15/87.pdf,https://www.customs.gov.vn/index.jsp?pageId=3&id=83792&cid=1294,2023,02/2023,2026-10-08T09:33:28Z
54,24/TB-KĐ4,22/02/2023,Tổng cục Hải quan,"Về kết quả phân tích kèm mã số hàng hóa xuất khẩu, nhập khẩu",83814,313,19,TONG_CUC,Trần Hương Giang,null,https://files.customs.gov.vn/CustomsCMS/TONG_CUC/2023/3/15/24-TB-KÐ4.pdf,https://www.customs.gov.vn/index.jsp?pageId=3&id=83814&cid=1294,2023,02/2023,2026-10-08T09:33:28Z
55,78/TB-KĐ3,22/02/2023,Tổng cục Hải quan,"Về kết quả phân tích kèm mã số hàng hóa xuất khẩu, nhập khẩu",83787,313,19,TONG_CUC,Nguyễn Phương Nhi,null,https://files.customs.gov.vn/CustomsCMS/TONG_CUC/2023/3/15/78.pdf,https://www.customs.gov.vn/index.jsp?pageId=3&id=83787&cid=1294,2023,02/2023,2026-10-08T09:33:28Z
56,79/TB-KĐ3,22/02/2023,Tổng cục Hải quan,"Về kết quả phân tích kèm mã số hàng hóa xuất khẩu, nhập khẩu",83788,313,19,TONG_CUC,Nguyễn Phương Nhi,null,https://files.customs.gov.vn/CustomsCMS/TONG_CUC/2023/3/15/79.pdf,https://www.customs.gov.vn/index.jsp?pageId=3&id=83788&cid=1294,2023,02/2023,2026-10-08T09:33:28Z
57,80/TB-KĐ3,22/02/2023,Tổng cục Hải quan,"Về kết quả phân tích kèm mã số hàng hóa xuất khẩu, nhập khẩu",83789,313,19,TONG_CUC,Nguyễn Phương Nhi,null,https://files.customs.gov.vn/CustomsCMS/TONG_CUC/2023/3/15/80.pdf,https://www.customs.gov.vn/index.jsp?pageId=3&id=83789&cid=1294,2023,02/2023,2026-10-08T09:33:28Z
58,81/TB-KĐ3,22/02/2023,Tổng cục Hải quan,"Về kết quả phân tích kèm mã số hàng hóa xuất khẩu, nhập khẩu",83790,313,19,TONG_CUC,Nguyễn Phương Nhi,null,https://files.customs.gov.vn/CustomsCMS/TONG_CUC/2023/3/15/81.pdf,https://www.customs.gov.vn/index.jsp?pageId=3&id=83790&cid=1294,2023,02/2023,2026-10-08T09:33:28Z
59,82/TB-KĐ3,22/02/2023,Tổng cục Hải quan,"Về kết quả phân tích kèm mã số hàng hóa xuất khẩu, nhập khẩu",83791,313,19,TONG_CUC,Nguyễn Phương Nhi,null,https://files.customs.gov.vn/CustomsCMS/TONG_CUC/2023/3/15/82.pdf,https://www.customs.gov.vn/index.jsp?pageId=3&id=83791&cid=1294,2023,02/2023,2026-10-08T09:33:28Z
60,730/TB-TCHQ,21/02/2023,Tổng cục Hải quan,Kết quả xác định trước mã số,83469,313,19,TONG_CUC,Hoàng Việt Cường,21/02/2023,https://files.customs.gov.vn/CustomsCMS/TONG_CUC/2023/2/23/Vanban_730.PDF,https://www.customs.gov.vn/index.jsp?pageId=3&id=83469&cid=1294,2023,02/2023,2026-10-08T09:33:28Z
61,731/TB-TCHQ,21/02/2023,Tổng cục Hải quan,Kết quả xác định trước mã số,83470,313,19,TONG_CUC,Hoàng Việt Cường,21/02/2023,https://files.customs.gov.vn/CustomsCMS/TONG_CUC/2023/2/23/Vanban_731.PDF,https://www.customs.gov.vn/index.jsp?pageId=3&id=83470&cid=1294,2023,02/2023,2026-10-08T09:33:28Z
62,732/TB-TCHQ,21/02/2023,Tổng cục Hải quan,Kết quả xác định trước mã số,83471,313,19,TONG_CUC,Hoàng Việt Cường,21/02/2023,https://files.customs.gov.vn/CustomsCMS/TONG_CUC/2023/2/23/Vanban_732.PDF,https://www.customs.gov.vn/index.jsp?pageId=3&id=83471&cid=1294,2023,02/2023,2026-10-08T09:33:28Z
63,74/TB-KĐ3,21/02/2023,Tổng cục Hải quan,"Về kết quả phân tích kèm mã số hàng hóa xuất khẩu, nhập khẩu",83783,313,19,TONG_CUC,Nguyễn Thị Thanh Phượng,null,,https://www.customs.gov.vn/index.jsp?pageId=3&id=83783&cid=1294,2023,02/2023,2026-10-08T09:33:28Z
64,75/TB-KĐ3,21/02/2023,Tổng cục Hải quan,"Về kết quả phân tích kèm mã số hàng hóa xuất khẩu, nhập khẩu",83784,313,19,TONG_CUC,Nguyễn Thị Thanh Phượng,null,https://files.customs.gov.vn/CustomsCMS/TONG_CUC/2023/3/15/75.pdf,https://www.customs.gov.vn/index.jsp?pageId=3&id=83784&cid=1294,2023,02/2023,2026-10-08T09:33:28Z
65,76/TB-KĐ3,21/02/2023,Tổng cục Hải quan,"Về kết quả phân tích kèm mã số hàng hóa xuất khẩu, nhập khẩu",83785,313,19,TONG_CUC,Nguyễn Thị Thanh Phượng,null,https://files.customs.gov.vn/CustomsCMS/TONG_CUC/2023/3/15/76.pdf,https://www.customs.gov.vn/index.jsp?pageId=3&id=83785&cid=1294,2023,02/2023,2026-10-08T09:33:28Z
66,77/TB-KĐ3,21/02/2023,Tổng cục Hải quan,"Về kết quả phân tích kèm mã số hàng hóa xuất khẩu, nhập khẩu",83786,313,19,TONG_CUC,Nguyễn Thị Thanh Phượng,null,https://files.customs.gov.vn/CustomsCMS/TONG_CUC/2023/3/15/77.pdf,https://www.customs.gov.vn/index.jsp?pageId=3&id=83786&cid=1294,2023,02/2023,2026-10-08T09:33:28Z
67,716/TB-TCHQ,20/02/2023,Tổng cục Hải quan,Kết quả xác định trước mã số,83472,313,19,TONG_CUC,Hoàng Việt Cường,20/02/2023,https://files.customs.gov.vn/CustomsCMS/TONG_CUC/2023/2/23/Vanban_716.PDF,https://www.customs.gov.vn/index.jsp?pageId=3&id=83472&cid=1294,2023,02/2023,2026-10-08T09:33:28Z
68,717/TB-TCHQ,20/02/2023,Tổng cục Hải quan,Kết quả xác định trước mã số,83473,313,19,TONG_CUC,Hoàng Việt Cường,20/02/2023,https://files.customs.gov.vn/CustomsCMS/TONG_CUC/2023/2/23/Vanban_717.PDF,https://www.customs.gov.vn/index.jsp?pageId=3&id=83473&cid=1294,2023,02/2023,2026-10-08T09:33:28Z
69,23/TB-KĐ4,17/02/2023,Tổng cục Hải quan,"Về kết quả phân tích kèm mã số hàng hóa xuất khẩu, nhập khẩu",83813,313,19,TONG_CUC,Trần Hương Giang,null,https://files.customs.gov.vn/CustomsCMS/TONG_CUC/2023/3/15/23-TB-KÐ4.pdf,https://www.customs.gov.vn/index.jsp?pageId=3&id=83813&cid=1294,2023,02/2023,2026-10-08T09:33:28Z
70,70/TB-KĐ3,16/02/2023,Tổng cục Hải quan,"Về kết quả phân tích kèm mã số hàng hóa xuất khẩu, nhập khẩu",83782,313,19,TONG_CUC,Nguyễn Phương Nhi,null,https://files.customs.gov.vn/CustomsCMS/TONG_CUC/2023/3/15/70.pdf,https://www.customs.gov.vn/index.jsp?pageId=3&id=83782&cid=1294,2023,02/2023,2026-10-08T09:33:28Z
71,68/TB-KĐ3,15/02/2023,Tổng cục Hải quan,"Về kết quả phân tích kèm mã số hàng hóa xuất khẩu, nhập khẩu",83355,313,19,TONG_CUC,Nguyễn Thị Thanh Phượng,null,https://files.customs.gov.vn/CustomsCMS/TONG_CUC/2023/2/16/68.pdf,https://www.customs.gov.vn/index.jsp?pageId=3&id=83355&cid=1294,2023,02/2023,2026-10-08T09:33:28Z
72,63/TB-KĐ3,14/02/2023,Tổng cục Hải quan,"Về kết quả phân tích kèm mã số hàng hóa xuất khẩu, nhập khẩu",83351,313,19,TONG_CUC,Nguyễn Thị Thanh Phượng,null,https://files.customs.gov.vn/CustomsCMS/TONG_CUC/2023/2/16/63.pdf,https://www.customs.gov.vn/index.jsp?pageId=3&id=83351&cid=1294,2023,02/2023,2026-10-08T09:33:28Z
73,64/TB-KĐ3,14/02/2023,Tổng cục Hải quan,"Về kết quả phân tích kèm mã số hàng hóa xuất khẩu, nhập khẩu",83352,313,19,TONG_CUC,Nguyễn Thị Thanh Phượng,null,https://files.customs.gov.vn/CustomsCMS/TONG_CUC/2023/2/16/64.pdf,https://www.customs.gov.vn/index.jsp?pageId=3&id=83352&cid=1294,2023,02/2023,2026-10-08T09:33:28Z
74,65/TB-KĐ3,14/02/2023,Tổng cục Hải quan,"Về kết quả phân tích kèm mã số hàng hóa xuất khẩu, nhập khẩu",83353,313,19,TONG_CUC,Nguyễn Thị Thanh Phượng,null,https://files.customs.gov.vn/CustomsCMS/TONG_CUC/2023/2/16/65.pdf,https://www.customs.gov.vn/index.jsp?pageId=3&id=83353&cid=1294,2023,02/2023,2026-10-08T09:33:28Z
75,587/TB-TCHQ,13/02/2023,Tổng cục Hải quan,Kết quả xác định trước mã số,83297,313,19,TONG_CUC,Lưu Mạnh Tưởng,13/02/2023,https://files.customs.gov.vn/CustomsCMS/TONG_CUC/2023/2/13/Vanban_587.PDF,https://www.customs.gov.vn/index.jsp?pageId=3&id=83297&cid=1294,2023,02/2023,2026-10-08T09:33:28Z
76,21/TB-KĐ4,10/02/2023,Tổng cục Hải quan,"Về kết quả phân tích kèm mã số hàng hóa xuất khẩu, nhập khẩu",83809,313,19,TONG_CUC,Trần Hương Giang,null,https://files.customs.gov.vn/CustomsCMS/TONG_CUC/2023/3/15/21-TB-KÐ4.pdf,https://www.customs.gov.vn/index.jsp?pageId=3&id=83809&cid=1294,2023,02/2023,2026-10-08T09:33:28Z
77,53/TB-KĐ3,10/02/2023,Tổng cục Hải quan,"Về kết quả phân tích kèm mã số hàng hóa xuất khẩu, nhập khẩu",83347,313,19,TONG_CUC,Nguyễn Thị Thanh Phượng,null,https://files.customs.gov.vn/CustomsCMS/TONG_CUC/2023/2/16/53.pdf,https://www.customs.gov.vn/index.jsp?pageId=3&id=83347&cid=1294,2023,02/2023,2026-10-08T09:33:28Z
78,54/TB-KĐ3,10/02/2023,Tổng cục Hải quan,"Về kết quả phân tích kèm mã số hàng hóa xuất khẩu, nhập khẩu",83348,313,19,TONG_CUC,Nguyễn Thị Thanh Phượng,null,https://files.customs.gov.vn/CustomsCMS/TONG_CUC/2023/2/16/54.pdf,https://www.customs.gov.vn/index.jsp?pageId=3&id=83348&cid=1294,2023,02/2023,2026-10-08T09:33:28Z
79,55/TB-KĐ3,10/02/2023,Tổng cục Hải quan,"Về kết quả phân tích kèm mã số hàng hóa xuất khẩu, nhập khẩu",83349,313,19,TONG_CUC,Nguyễn Thị Thanh Phượng,null,https://files.customs.gov.vn/CustomsCMS/TONG_CUC/2023/2/16/55.pdf,https://www.customs.gov.vn/index.jsp?pageId=3&id=83349&cid=1294,2023,02/2023,2026-10-08T09:33:28Z
80,56/TB-KĐ3,10/02/2023,Tổng cục Hải quan,"Về kết quả phân tích kèm mã số hàng hóa xuất khẩu, nhập khẩu",83350,313,19,TONG_CUC,Nguyễn Thị Thanh Phượng,null,https://files.customs.gov.vn/CustomsCMS/TONG_CUC/2023/2/16/56.pdf,https://www.customs.gov.vn/index.jsp?pageId=3&id=83350&cid=1294,2023,02/2023,2026-10-08T09:33:28Z
81,20/TB-KĐ4,09/02/2023,Tổng cục Hải quan,"Về kết quả phân tích kèm mã số hàng hóa xuất khẩu, nhập khẩu",83378,313,19,TONG_CUC,Lê Ngọc Tấn,null,https://files.customs.gov.vn/CustomsCMS/TONG_CUC/2023/2/16/20.pdf,https://www.customs.gov.vn/index.jsp?pageId=3&id=83378&cid=1294,2023,02/2023,2026-10-08T09:33:28Z
82,547/TB-TCHQ,09/02/2023,Tổng cục Hải quan,Kết quả xác định trước mã số,83291,313,19,TONG_CUC,Lưu Mạnh Tưởng,09/02/2023,https://files.customs.gov.vn/CustomsCMS/TONG_CUC/2023/2/13/Vanban_547.PDF,https://www.customs.gov.vn/index.jsp?pageId=3&id=83291&cid=1294,2023,02/2023,2026-10-08T09:33:28Z
83,17/TB-KĐ4,08/02/2023,Tổng cục Hải quan,"Về kết quả phân tích kèm mã số hàng hóa xuất khẩu, nhập khẩu",83366,313,19,TONG_CUC,Lê Ngọc Tấn,null,https://files.customs.gov.vn/CustomsCMS/TONG_CUC/2023/2/16/17-TB-KÐ4.pdf,https://www.customs.gov.vn/index.jsp?pageId=3&id=83366&cid=1294,2023,02/2023,2026-10-08T09:33:28Z
84,18/TB-KĐ4,08/02/2023,Tổng cục Hải quan,"Về kết quả phân tích kèm mã số hàng hóa xuất khẩu, nhập khẩu",83367,313,19,TONG_CUC,Lê Ngọc Tấn,null,https://files.customs.gov.vn/CustomsCMS/TONG_CUC/2023/2/16/43818-TB-KÐ4.pdf,https://www.customs.gov.vn/index.jsp?pageId=3&id=83367&cid=1294,2023,02/2023,2026-10-08T09:33:28Z
85,19/TB-KĐ4,08/02/2023,Tổng cục Hải quan,"Về kết quả phân tích kèm mã số hàng hóa xuất khẩu, nhập khẩu",83368,313,19,TONG_CUC,Lê Ngọc Tấn,null,,https://www.customs.gov.vn/index.jsp?pageId=3&id=83368&cid=1294,2023,02/2023,2026-10-08T09:33:28Z
86,49/TB-KĐ3,07/02/2023,Tổng cục Hải quan,"Về kết quả phân tích kèm mã số hàng hóa xuất khẩu, nhập khẩu",83346,313,19,TONG_CUC,Nguyễn Thị Thanh Phượng,null,https://files.customs.gov.vn/CustomsCMS/TONG_CUC/2023/2/16/49.pdf,https://www.customs.gov.vn/index.jsp?pageId=3&id=83346&cid=1294,2023,02/2023,2026-10-08T09:33:28Z
87,16/TB-KĐ4,06/02/2023,Tổng cục Hải quan,"Về kết quả phân tích kèm mã số hàng hóa xuất khẩu, nhập khẩu",83363,313,19,TONG_CUC,Lê Ngọc Tấn,null,https://files.customs.gov.vn/CustomsCMS/TONG_CUC/2023/2/16/40415 (2).pdf,https://www.customs.gov.vn/index.jsp?pageId=3&id=83363&cid=1294,2023,02/2023,2026-10-08T09:33:28Z
88,39/TB-KĐ3,03/02/2023,Tổng cục Hải quan,"Về kết quả phân tích kèm mã số hàng hóa xuất khẩu, nhập khẩu",83188,313,19,TONG_CUC,Nguyễn Thị Thanh Phượng,null,https://files.customs.gov.vn/CustomsCMS/TONG_CUC/2023/2/8/39.pdf,https://www.customs.gov.vn/index.jsp?pageId=3&id=83188&cid=1294,2023,02/2023,2026-10-08T09:33:28Z
89,449/TB-TCHQ,03/02/2023,Tổng cục Hải quan,Kết quả xác định trước mã số,83167,313,19,TONG_CUC,Lưu Mạnh Tưởng,03/02/2023,https://files.customs.gov.vn/CustomsCMS/TONG_CUC/2023/2/6/Vanban_449.PDF,https://www.customs.gov.vn/index.jsp?pageId=3&id=83167&cid=1294,2023,02/2023,2026-10-08T09:33:28Z
90,45/TB-KĐ3,03/02/2023,Tổng cục Hải quan,"Về kết quả phân tích kèm mã số hàng hóa xuất khẩu, nhập khẩu",83187,313,19,TONG_CUC,Nguyễn Thị Thanh Phượng,null,https://files.customs.gov.vn/CustomsCMS/TONG_CUC/2023/2/8/45.pdf,https://www.customs.gov.vn/index.jsp?pageId=3&id=83187&cid=1294,2023,02/2023,2026-10-08T09:33:28Z
91,13/TB-KĐ4,01/02/2023,Tổng cục Hải quan,"Về kết quả phân tích kèm mã số hàng hóa xuất khẩu, nhập khẩu",83358,313,19,TONG_CUC,Lê Ngọc Tấn,null,https://files.customs.gov.vn/CustomsCMS/TONG_CUC/2023/2/16/13-TB-KÐ4.pdf,https://www.customs.gov.vn/index.jsp?pageId=3&id=83358&cid=1294,2023,02/2023,2026-10-08T09:33:28Z
92,14/TB-KĐ$,01/02/2023,Tổng cục Hải quan,"Về kết quả phân tích kèm mã số hàng hóa xuất khẩu, nhập khẩu",83359,313,19,TONG_CUC,Lê Ngọc Tấn,null,https://files.customs.gov.vn/CustomsCMS/TONG_CUC/2023/2/16/14-TB-KÐ4.pdf,https://www.customs.gov.vn/index.jsp?pageId=3&id=83359&cid=1294,2023,02/2023,2026-10-08T09:33:28Z
93,15/TB-KĐ4,01/02/2023,Tổng cục Hải quan,"Về kết quả phân tích kèm mã số hàng hóa xuất khẩu, nhập khẩu",83361,313,19,TONG_CUC,Trần Hương Giang,null,https://files.customs.gov.vn/CustomsCMS/TONG_CUC/2023/2/16/15 (2).pdf,https://www.customs.gov.vn/index.jsp?pageId=3&id=83361&cid=1294,2023,02/2023,2026-10-08T09:33:28Z
94,33/TB-KĐ3,01/02/2023,Tổng cục Hải quan,"Về kết quả phân tích kèm mã số hàng hóa xuất khẩu, nhập khẩu",83190,313,19,TONG_CUC,Nguyễn Thị Thanh Phượng,null,https://files.customs.gov.vn/CustomsCMS/TONG_CUC/2023/2/8/33 (1).pdf,https://www.customs.gov.vn/index.jsp?pageId=3&id=83190&cid=1294,2023,02/2023,2026-10-08T09:33:28Z
95,156/TB-KĐ3,31/03/2023,Tổng cục Hải qun,"Về kết quả phân tích kèm mã số hàng hóa xuất khẩu, nhập khẩu",84432,313,19,TONG_CUC,Nguyễn Thị Thanh Phượng,null,https://files.customs.gov.vn/CustomsCMS/TONG_CUC/2023/4/11/156 (3).pdf,https://www.customs.gov.vn/index.jsp?pageId=3&id=84432&cid=1294,2023,03/2023,2026-10-08T09:33:28Z
96,149/TB-KĐ3,30/03/2023,Tổng cục Hải qun,"Về kết quả phân tích kèm mã số hàng hóa xuất khẩu, nhập khẩu",84414,313,19,TONG_CUC,Nguyễn Phương Nhi,null,https://files.customs.gov.vn/CustomsCMS/TONG_CUC/2023/4/11/149 (1).pdf,https://www.customs.gov.vn/index.jsp?pageId=3&id=84414&cid=1294,2023,03/2023,2026-10-08T09:33:28Z
97,147//TB-KĐ3,29/03/2023,Tổng cục Hải qun,"Về kết quả phân tích kèm mã số hàng hóa xuất khẩu, nhập khẩu",84413,313,19,TONG_CUC,Nguyễn Thị Thanh Phượng,null,https://files.customs.gov.vn/CustomsCMS/TONG_CUC/2023/4/11/147.pdf,https://www.customs.gov.vn/index.jsp?pageId=3&id=84413&cid=1294,2023,03/2023,2026-10-08T09:33:28Z
98,146/TB-KĐ3,28/03/2023,Tổng cục Hải qun,"Về kết quả phân tích kèm mã số hàng hóa xuất khẩu, nhập khẩu",84412,313,19,TONG_CUC,Nguyễn Phương Nhi,null,,https://www.customs.gov.vn/index.jsp?pageId=3&id=84412&cid=1294,2023,03/2023,2026-10-08T09:33:28Z
99,1311/TB-TCHQ,24/03/2023,Tổng cục Hải quan,Về kết quả xác định trước mã số,84088,313,19,TONG_CUC,Hoàng Việt Cường,24/03/2023,https://files.customs.gov.vn/CustomsCMS/TONG_CUC/2023/3/29/1311.PDF,https://www.customs.gov.vn/index.jsp?pageId=3&id=84088&cid=1294,2023,03/2023,2026-10-08T09:33:28Z
100,1322/TB-TCHQ,24/03/2023,Tổng cục Hải quan,Về kết quả xác định trước mã số,84087,313,19,TONG_CUC,Hoàng Việt Cường,24/03/2023,https://files.customs.gov.vn/CustomsCMS/TONG_CUC/2023/3/29/1322.PDFA.PDF,https://www.customs.gov.vn/index.jsp?pageId=3&id=84087&cid=1294,2023,03/2023,2026-10-08T09:33:28Z
101,1293/TB-TCHQ,23/03/2023,Tổng cục Hải quan,Về kết quả xác định trước mã số,84090,313,19,TONG_CUC,Hoàng Việt Cường,23/03/2023,https://files.customs.gov.vn/CustomsCMS/TONG_CUC/2023/3/29/1293.PDF,https://www.customs.gov.vn/index.jsp?pageId=3&id=84090&cid=1294,2023,03/2023,2026-10-08T09:33:28Z
102,1294/TB-TCHQ,23/03/2023,Tổng cục Hải quan,Về kết quả xác định trước mã số,84089,313,19,TONG_CUC,Hoàng Việt Cường,23/03/2023,https://files.customs.gov.vn/CustomsCMS/TONG_CUC/2023/3/29/1294.pdf,https://www.customs.gov.vn/index.jsp?pageId=3&id=84089&cid=1294,2023,03/2023,2026-10-08T09:33:28Z
103,141/TB-KĐ3,23/03/2023,Tổng cục Hải qun,"Về kết quả phân tích kèm mã số hàng hóa xuất khẩu, nhập khẩu",84411,313,19,TONG_CUC,Nguyễn Phương Nhi,null,,https://www.customs.gov.vn/index.jsp?pageId=3&id=84411&cid=1294,2023,03/2023,2026-10-08T09:33:28Z
104,1257/TB-TCHQ,22/03/2023,Tổng cục Hải quan,Về kết quả xác định trước mã số,84085,313,19,TONG_CUC,Hoàng Việt Cường,22/03/2023,https://files.customs.gov.vn/CustomsCMS/TONG_CUC/2023/3/29/1257.PDF,https://www.customs.gov.vn/index.jsp?pageId=3&id=84085&cid=1294,2023,03/2023,2026-10-08T09:33:28Z
105,1258/TB-TCHQ,22/03/2023,Tổng cục Hải quan,Về kết quả xác định trước mã số,84086,313,19,TONG_CUC,Hoàng Việt Cường,22/03/2023,https://files.customs.gov.vn/CustomsCMS/TONG_CUC/2023/3/29/1258.PDF,https://www.customs.gov.vn/index.jsp?pageId=3&id=84086&cid=1294,2023,03/2023,2026-10-08T09:33:28Z
106,1259/TB-TCHQ,22/03/2023,Tổng cục Hải quan,Về kết quả xác định trước mã số,84084,313,19,TONG_CUC,Hoàng Việt Cường,22/03/2023,https://files.customs.gov.vn/CustomsCMS/TONG_CUC/2023/3/29/1259.PDF,https://www.customs.gov.vn/index.jsp?pageId=3&id=84084&cid=1294,2023,03/2023,2026-10-08T09:33:28Z
107,33/TB-KĐCMTV,22/03/2023,Tổng cục Hải qun,"Về kết quả phân tích kèm mã số hàng hóa xuất khẩu, nhập khẩu",84431,313,19,TONG_CUC,Lâm Đại Tú,null,https://files.customs.gov.vn/CustomsCMS/TONG_CUC/2023/4/11/33 (1).pdf,https://www.customs.gov.vn/index.jsp?pageId=3&id=84431&cid=1294,2023,03/2023,2026-10-08T09:33:28Z
108,48/TB-KĐ4,22/03/2023,Tổng cục Hải qun,"Về kết quả phân tích kèm mã số hàng hóa xuất khẩu, nhập khẩu",84418,313,19,TONG_CUC,Lê Ngọc Tấn,null,https://files.customs.gov.vn/CustomsCMS/TONG_CUC/2023/4/11/48_TB-KÐ4.pdf,https://www.customs.gov.vn/index.jsp?pageId=3&id=84418&cid=1294,2023,03/2023,2026-10-08T09:33:28Z
109,49/TB-KĐ4,22/03/2023,Tổng cục Hải qun,"Về kết quả phân tích kèm mã số hàng hóa xuất khẩu, nhập khẩu",84419,313,19,TONG_CUC,Lê Ngọc Tấn,null,https://files.customs.gov.vn/CustomsCMS/TONG_CUC/2023/4/11/049_TB-KÐ4.pdf,https://www.customs.gov.vn/index.jsp?pageId=3&id=84419&cid=1294,2023,03/2023,2026-10-08T09:33:28Z
110,50/TB-KĐ4,22/03/2023,Tổng cục Hải qun,"Về kết quả phân tích kèm mã số hàng hóa xuất khẩu, nhập khẩu",84420,313,19,TONG_CUC,Lê Ngọc Tấn,null,https://files.customs.gov.vn/CustomsCMS/TONG_CUC/2023/4/11/050_TB-KÐ4.pdf,https://www.customs.gov.vn/index.jsp?pageId=3&id=84420&cid=1294,2023,03/2023,2026-10-08T09:33:28Z
111,47/TB-KĐ4,21/03/2023,Tổng cục Hải qun,"Về kết quả phân tích kèm mã số hàng hóa xuất khẩu, nhập khẩu",84417,313,19,TONG_CUC,Trần Hương Giang,null,,https://www.customs.gov.vn/index.jsp?pageId=3&id=84417&cid=1294,2023,03/2023,2026-10-08T09:33:28Z
112,1220/TB-TCHQ,20/03/2023,Tổng cục Hải quan,Kết quả xác định trước mã số,83927,313,19,TONG_CUC,Hoàng Việt Cường,20/03/2023,https://files.customs.gov.vn/CustomsCMS/TONG_CUC/2023/3/22/1220-TB.PDF,https://www.customs.gov.vn/index.jsp?pageId=3&id=83927&cid=1294,2023,03/2023,2026-10-08T09:33:28Z
113,125/TB-KĐ3,17/03/2023,Tổng cục Hải qun,"Về kết quả phân tích kèm mã số hàng hóa xuất khẩu, nhập khẩu",84410,313,19,TONG_CUC,Nguyễn Thị Thanh Phượng,null,https://files.customs.gov.vn/CustomsCMS/TONG_CUC/2023/4/11/125.pdf,https://www.customs.gov.vn/index.jsp?pageId=3&id=84410&cid=1294,2023,03/2023,2026-10-08T09:33:28Z
114,45/TB-KĐ4,17/03/2023,Tổng cục Hải qun,"Về kết quả phân tích kèm mã số hàng hóa xuất khẩu, nhập khẩu",84415,313,19,TONG_CUC,Trần Hương Giang,null,https://files.customs.gov.vn/CustomsCMS/TONG_CUC/2023/4/11/45_TB-KÐ4.pdf,https://www.customs.gov.vn/index.jsp?pageId=3&id=84415&cid=1294,2023,03/2023,2026-10-08T09:33:28Z
115,25/Tb-KĐCMTV,16/03/2023,Tổng cục Hải qun,Về kết quả phân tích kèm mã số đề xuất,85662,313,19,TONG_CUC,Lâm Đại Tú,null,https://files.customs.gov.vn/CustomsCMS/TONG_CUC/2023/6/19/25.pdf,https://www.customs.gov.vn/index.jsp?pageId=3&id=85662&cid=1294,2023,03/2023,2026-10-08T09:33:28Z
116,26/TB-KĐCMTV,16/03/2023,Tổng cục Hải qun,Về kết quả phân tích kèm mã số đề xuất,85663,313,19,TONG_CUC,Lâm Đại Tú,null,https://files.customs.gov.vn/CustomsCMS/TONG_CUC/2023/6/19/26.pdf,https://www.customs.gov.vn/index.jsp?pageId=3&id=85663&cid=1294,2023,03/2023,2026-10-08T09:33:28Z
117,27/TB-KĐCMTV,16/03/2023,Tổng cục Hải qun,Về kết quả phân tích kèm mã số đề xuất,85664,313,19,TONG_CUC,Lâm Đại Tú,null,https://files.customs.gov.vn/CustomsCMS/TONG_CUC/2023/6/19/27.pdf,https://www.customs.gov.vn/index.jsp?pageId=3&id=85664&cid=1294,2023,03/2023,2026-10-08T09:33:28Z
118,28/TB-KĐCMTV,16/03/2023,Tổng cục Hải qun,Về kết quả phân tích kèm mã số đề xuất,85665,313,19,TONG_CUC,Lâm Đại Tú,null,https://files.customs.gov.vn/CustomsCMS/TONG_CUC/2023/6/19/28.pdf,https://www.customs.gov.vn/index.jsp?pageId=3&id=85665&cid=1294,2023,03/2023,2026-10-08T09:33:28Z
119,29/TB-KĐCMTV,16/03/2023,Tổng cục Hải qun,Về kết quả phân tích kèm mã số đề xuất,85666,313,19,TONG_CUC,Lâm Đại Tú,null,https://files.customs.gov.vn/CustomsCMS/TONG_CUC/2023/6/19/29.pdf,https://www.customs.gov.vn/index.jsp?pageId=3&id=85666&cid=1294,2023,03/2023,2026-10-08T09:33:28Z
120,31/TB-KĐCMTV,16/03/2023,Tổng cục Hải qun,Về kết quả phân tích kèm mã số đề xuất,85668,313,19,TONG_CUC,Lâm Đại Tú,null,https://files.customs.gov.vn/CustomsCMS/TONG_CUC/2023/6/19/31.pdf,https://www.customs.gov.vn/index.jsp?pageId=3&id=85668&cid=1294,2023,03/2023,2026-10-08T09:33:28Z
121,32/TB-KĐCMTV,16/03/2023,Tổng cục Hải qun,Về kết quả phân tích kèm mã số đề xuất,85669,313,19,TONG_CUC,Lâm Đại Tú,null,https://files.customs.gov.vn/CustomsCMS/TONG_CUC/2023/6/19/32.pdf,https://www.customs.gov.vn/index.jsp?pageId=3&id=85669&cid=1294,2023,03/2023,2026-10-08T09:33:28Z
122,122/TB-KĐ5,15/03/2023,Tổng cục Hải qun,"Về kết quả phân tích kèm mã số hàng hóa xuất khẩu, nhập khẩu",84409,313,19,TONG_CUC,Nguyễn Phương Nhi,null,,https://www.customs.gov.vn/index.jsp?pageId=3&id=84409&cid=1294,2023,03/2023,2026-10-08T09:33:28Z
123,44/TB-KDD4,15/03/2023,Tổng cục Hải qun,"Về kết quả phân tích kèm mã số hàng hóa xuất khẩu, nhập khẩu",83902,313,19,TONG_CUC,Trần Hương Giang,null,https://files.customs.gov.vn/CustomsCMS/TONG_CUC/2023/3/20/44_TB-KÐ4.pdf,https://www.customs.gov.vn/index.jsp?pageId=3&id=83902&cid=1294,2023,03/2023,2026-10-08T09:33:28Z
124,1107/TB-TCHQ,14/03/2023,Tổng cục Hải quan,Kết quả xác định trước mã số,83830,313,19,TONG_CUC,Hoàng Việt Cường,14/03/2023,https://files.customs.gov.vn/CustomsCMS/TONG_CUC/2023/3/15/1107.TB.PDF,https://www.customs.gov.vn/index.jsp?pageId=3&id=83830&cid=1294,2023,03/2023,2026-10-08T09:33:28Z
125,42/TB-KĐ4,13/03/2023,Tổng cục Hải qun,"Về kết quả phân tích kèm mã số hàng hóa xuất khẩu, nhập khẩu",84416,313,19,TONG_CUC,Trần Hương Giang,null,https://files.customs.gov.vn/CustomsCMS/TONG_CUC/2023/4/11/42_TB-KÐ4.pdf,https://www.customs.gov.vn/index.jsp?pageId=3&id=84416&cid=1294,2023,03/2023,2026-10-08T09:33:28Z
126,109/TB-KĐ3,10/03/2023,Tổng cục Hải quan,"Về kết quả phân tích kèm mã số hàng hóa xuất khẩu, nhập khẩu",83804,313,19,TONG_CUC,Nguyễn Thị Thanh Phượng,null,https://files.customs.gov.vn/CustomsCMS/TONG_CUC/2023/3/15/109.pdf,https://www.customs.gov.vn/index.jsp?pageId=3&id=83804&cid=1294,2023,03/2023,2026-10-08T09:33:28Z
127,110/TB-KĐ3,10/03/2023,Tổng cục Hải quan,"Về kết quả phân tích kèm mã số hàng hóa xuất khẩu, nhập khẩu",83805,313,19,TONG_CUC,Nguyễn Thị Thanh Phượng,null,https://files.customs.gov.vn/CustomsCMS/TONG_CUC/2023/3/15/110.pdf,https://www.customs.gov.vn/index.jsp?pageId=3&id=83805&cid=1294,2023,03/2023,2026-10-08T09:33:28Z
128,111/TB-KĐ3,10/03/2023,Tổng cục Hải quan,"Về kết quả phân tích kèm mã số hàng hóa xuất khẩu, nhập khẩu",83806,313,19,TONG_CUC,Nguyễn Thị Thanh Phượng,null,https://files.customs.gov.vn/CustomsCMS/TONG_CUC/2023/3/15/111.pdf,https://www.customs.gov.vn/index.jsp?pageId=3&id=83806&cid=1294,2023,03/2023,2026-10-08T09:33:28Z
129,112/TB-KĐ3,10/03/2023,Tổng cục Hải quan,"Về kết quả phân tích kèm mã số hàng hóa xuất khẩu, nhập khẩu",83807,313,19,TONG_CUC,Nguyễn Thị Thanh Phượng,null,https://files.customs.gov.vn/CustomsCMS/TONG_CUC/2023/3/15/112.pdf,https://www.customs.gov.vn/index.jsp?pageId=3&id=83807&cid=1294,2023,03/2023,2026-10-08T09:33:28Z
130,113/TB-KĐ3,10/03/2023,Tổng cục Hải quan,"Về kết quả phân tích kèm mã số hàng hóa xuất khẩu, nhập khẩu",83808,313,19,TONG_CUC,Nguyễn Thị Thanh Phượng,null,https://files.customs.gov.vn/CustomsCMS/TONG_CUC/2023/3/15/113.pdf,https://www.customs.gov.vn/index.jsp?pageId=3&id=83808&cid=1294,2023,03/2023,2026-10-08T09:33:28Z
131,39/TB-KĐ4,10/03/2023,Tổng cục Hải quan,"Về kết quả phân tích kèm mã số hàng hóa xuất khẩu, nhập khẩu",83819,313,19,TONG_CUC,Trần Hương Giang,null,https://files.customs.gov.vn/CustomsCMS/TONG_CUC/2023/3/15/39_TB-KÐ4.pdf,https://www.customs.gov.vn/index.jsp?pageId=3&id=83819&cid=1294,2023,03/2023,2026-10-08T09:33:28Z
132,40/TB-KĐ4,10/03/2023,Tổng cục Hải quan,"Về kết quả phân tích kèm mã số hàng hóa xuất khẩu, nhập khẩu",83820,313,19,TONG_CUC,Trần Hương Giang,null,https://files.customs.gov.vn/CustomsCMS/TONG_CUC/2023/3/15/40_TB-KÐ4.pdf,https://www.customs.gov.vn/index.jsp?pageId=3&id=83820&cid=1294,2023,03/2023,2026-10-08T09:33:28Z
133,103/TB-KĐ3,09/03/2023,Tổng cục Hải quan,"Về kết quả phân tích kèm mã số hàng hóa xuất khẩu, nhập khẩu",83798,313,19,TONG_CUC,Nguyễn Thị Thanh Phượng,null,https://files.customs.gov.vn/CustomsCMS/TONG_CUC/2023/3/15/103.pdf,https://www.customs.gov.vn/index.jsp?pageId=3&id=83798&cid=1294,2023,03/2023,2026-10-08T09:33:28Z
134,982/TB-TCHQ,08/03/2023,Tổng cục Hải quan,Kết quả xác định trước mã số,83637,313,19,TONG_CUC,Hoàng Việt Cường,08/03/2023,https://files.customs.gov.vn/CustomsCMS/TONG_CUC/2023/3/8/Vanban_982.PDF,https://www.customs.gov.vn/index.jsp?pageId=3&id=83637&cid=1294,2023,03/2023,2026-10-08T09:33:28Z
135,38/TB-KĐ4,07/03/2023,Tổng cục Hải quan,"Về kết quả phân tích kèm mã số hàng hóa xuất khẩu, nhập khẩu",83818,313,19,TONG_CUC,Trần Hương Giang,null,https://files.customs.gov.vn/CustomsCMS/TONG_CUC/2023/3/15/038_TB-KÐ4.pdf,https://www.customs.gov.vn/index.jsp?pageId=3&id=83818&cid=1294,2023,03/2023,2026-10-08T09:33:28Z
136,22/TB-KĐCMTV,06/03/2023,Tổng cục Hải qun,"Về kết quả phân tích kèm mã số hàng hóa xuất khẩu, nhập khẩu",84430,313,19,TONG_CUC,Lâm Đại Tú,null,https://files.customs.gov.vn/CustomsCMS/TONG_CUC/2023/4/11/22.pdf,https://www.customs.gov.vn/index.jsp?pageId=3&id=84430&cid=1294,2023,03/2023,2026-10-08T09:33:28Z
137,920/TB-TCHQ,06/03/2023,Tổng cục Hải quan,Kết quả xác định trước mã số,83633,313,19,TONG_CUC,Hoàng Việt Cường,06/03/2023,https://files.customs.gov.vn/CustomsCMS/TONG_CUC/2023/3/7/Vanban_920.PDF,https://www.customs.gov.vn/index.jsp?pageId=3&id=83633&cid=1294,2023,03/2023,2026-10-08T09:33:28Z
138,924/TB-TCHQ,06/03/2023,Tổng cục Hải quan,Kết quả xác định trước mã số,83632,313,19,TONG_CUC,Hoàng Việt Cường,06/03/2023,https://files.customs.gov.vn/CustomsCMS/TONG_CUC/2023/3/7/Vanban_924.PDF,https://www.customs.gov.vn/index.jsp?pageId=3&id=83632&cid=1294,2023,03/2023,2026-10-08T09:33:28Z
139,97/TB-KĐ3,06/03/2023,Tổng cục Hải quan,"Về kết quả phân tích kèm mã số hàng hóa xuất khẩu, nhập khẩu",83797,313,19,TONG_CUC,Nguyễn Thị Thanh Phượng,null,https://files.customs.gov.vn/CustomsCMS/TONG_CUC/2023/3/15/97.pdf,https://www.customs.gov.vn/index.jsp?pageId=3&id=83797&cid=1294,2023,03/2023,2026-10-08T09:33:28Z
140,95/TB-KĐ3,03/03/2023,Tổng cục Hải quan,"Về kết quả phân tích kèm mã số hàng hóa xuất khẩu, nhập khẩu",83796,313,19,TONG_CUC,Nguyễn Thị Thanh Phượng,null,https://files.customs.gov.vn/CustomsCMS/TONG_CUC/2023/3/15/95.pdf,https://www.customs.gov.vn/index.jsp?pageId=3&id=83796&cid=1294,2023,03/2023,2026-10-08T09:33:28Z
141,19/TB-KĐCMTV,02/03/2023,Tổng cục Hải qun,"Về kết quả phân tích kèm mã số hàng hóa xuất khẩu, nhập khẩu",84427,313,19,TONG_CUC,Lâm Đại Tú,null,https://files.customs.gov.vn/CustomsCMS/TONG_CUC/2023/4/11/19.pdf,https://www.customs.gov.vn/index.jsp?pageId=3&id=84427&cid=1294,2023,03/2023,2026-10-08T09:33:28Z
142,20/TB-KĐCMTV,02/03/2023,Tổng cục Hải qun,"Về kết quả phân tích kèm mã số hàng hóa xuất khẩu, nhập khẩu",84428,313,19,TONG_CUC,Lâm Đại Tú,null,https://files.customs.gov.vn/CustomsCMS/TONG_CUC/2023/4/11/20.pdf,https://www.customs.gov.vn/index.jsp?pageId=3&id=84428&cid=1294,2023,03/2023,2026-10-08T09:33:28Z
143,21/TB-KĐCMTV,02/03/2023,Tổng cục Hải qun,"Về kết quả phân tích kèm mã số hàng hóa xuất khẩu, nhập khẩu",84429,313,19,TONG_CUC,Lâm Đại Tú,null,https://files.customs.gov.vn/CustomsCMS/TONG_CUC/2023/4/11/21.pdf,https://www.customs.gov.vn/index.jsp?pageId=3&id=84429&cid=1294,2023,03/2023,2026-10-08T09:33:28Z
144,34/TB-KĐ4,02/03/2023,Tổng cục Hải quan,"Về kết quả phân tích kèm mã số hàng hóa xuất khẩu, nhập khẩu",83815,313,19,TONG_CUC,Trần Hương Giang,null,https://files.customs.gov.vn/CustomsCMS/TONG_CUC/2023/3/15/34_TB-KÐ4.pdf,https://www.customs.gov.vn/index.jsp?pageId=3&id=83815&cid=1294,2023,03/2023,2026-10-08T09:33:28Z
145,35/TB-KĐ4,02/03/2023,Tổng cục Hải quan,"Về kết quả phân tích kèm mã số hàng hóa xuất khẩu, nhập khẩu",83816,313,19,TONG_CUC,Trần Hương Giang,null,https://files.customs.gov.vn/CustomsCMS/TONG_CUC/2023/3/15/35_TB-KÐ4.pdf,https://www.customs.gov.vn/index.jsp?pageId=3&id=83816&cid=1294,2023,03/2023,2026-10-08T09:33:28Z
146,36/TB-KĐ4,02/03/2023,Tổng cục Hải quan,"Về kết quả phân tích kèm mã số hàng hóa xuất khẩu, nhập khẩu",83817,313,19,TONG_CUC,Trần Hương Giang,null,https://files.customs.gov.vn/CustomsCMS/TONG_CUC/2023/3/15/36_TB-KÐ4.pdf,https://www.customs.gov.vn/index.jsp?pageId=3&id=83817&cid=1294,2023,03/2023,2026-10-08T09:33:28Z
147,879/TB-TCHQ,02/03/2023,Tổng cục Hải quan,Kết quả xác định trước mã số,83572,313,19,TONG_CUC,Hoàng Việt Cường,02/03/2023,https://files.customs.gov.vn/CustomsCMS/TONG_CUC/2023/3/3/Vanban_879.PDF,https://www.customs.gov.vn/index.jsp?pageId=3&id=83572&cid=1294,2023,03/2023,2026-10-08T09:33:28Z
148,18/TB-KĐCMTV,01/03/2023,Tổng cục Hải qun,"Về kết quả phân tích kèm mã số hàng hóa xuất khẩu, nhập khẩu",84426,313,19,TONG_CUC,Lâm Đại Tú,null,https://files.customs.gov.vn/CustomsCMS/TONG_CUC/2023/4/11/18.pdf,https://www.customs.gov.vn/index.jsp?pageId=3&id=84426&cid=1294,2023,03/2023,2026-10-08T09:33:28Z
149,2075/TB-TCHQ,28/04/2023,Tổng cục Hải quan,Kết quả xác định trước mã số,84961,313,19,TONG_CUC,Hoàng Việt Cường,28/04/2023,https://files.customs.gov.vn/CustomsCMS/TONG_CUC/2023/5/5/2075.PDF,https://www.customs.gov.vn/index.jsp?pageId=3&id=84961&cid=1294,2023,04/2023,2026-10-08T09:33:28Z
150,65/TB-KĐ4,28/04/2023,Tổng cục Hải qun,"Vè kết quả phân tích kèm mã só hàng hóa xuất khẩu, nhập khẩu",85190,313,19,TONG_CUC,Trần Hương Giang,null,https://files.customs.gov.vn/CustomsCMS/TONG_CUC/2023/5/19/65-TB-KÐ4.pdf,https://www.customs.gov.vn/index.jsp?pageId=3&id=85190&cid=1294,2023,04/2023,2026-10-08T09:33:28Z
151,226/TB-KĐ3,27/04/2023,Tổng cục Hải qun,"Về kết quả phân tích kèm mã số hàng hóa xuất khẩu, nhập khẩu",85207,313,19,TONG_CUC,Nguyễn Phương Nhi,null,https://files.customs.gov.vn/CustomsCMS/TONG_CUC/2023/5/19/226.pdf,https://www.customs.gov.vn/index.jsp?pageId=3&id=85207&cid=1294,2023,04/2023,2026-10-08T09:33:28Z
152,64/TB-KĐ4,27/04/2023,Tổng cục Hải qun,"Vè kết quả phân tích kèm mã só hàng hóa xuất khẩu, nhập khẩu",85191,313,19,TONG_CUC,Trần Hương Giang,null,https://files.customs.gov.vn/CustomsCMS/TONG_CUC/2023/5/19/64_TB-KÐ4.pdf,https://www.customs.gov.vn/index.jsp?pageId=3&id=85191&cid=1294,2023,04/2023,2026-10-08T09:33:28Z
153,2014/TB-TCHQ,26/04/2023,Tổng cục Hải quan,Kết quả xác định trước mã số,84854,313,19,TONG_CUC,Hoàng Việt Cường,26/04/2023,https://files.customs.gov.vn/CustomsCMS/TONG_CUC/2023/4/28/2014.PDF,https://www.customs.gov.vn/index.jsp?pageId=3&id=84854&cid=1294,2023,04/2023,2026-10-08T09:33:28Z
154,2015/TB-TCHQ,26/04/2023,Tổng cục Hải quan,Kết quả xác định trước mã số,84855,313,19,TONG_CUC,Hoàng Việt Cường,26/04/2023,https://files.customs.gov.vn/CustomsCMS/TONG_CUC/2023/4/28/2015.PDF,https://www.customs.gov.vn/index.jsp?pageId=3&id=84855&cid=1294,2023,04/2023,2026-10-08T09:33:28Z
155,2016/TB-TCHQ,26/04/2023,Tổng cục Hải quan,Kết quả xác định trước mã số,84856,313,19,TONG_CUC,Hoàng Việt Cường,26/04/2023,https://files.customs.gov.vn/CustomsCMS/TONG_CUC/2023/4/28/2016.PDF,https://www.customs.gov.vn/index.jsp?pageId=3&id=84856&cid=1294,2023,04/2023,2026-10-08T09:33:28Z
156,2017/TB-TCHQ,26/04/2023,Tổng cục Hải quan,Kết quả xác định trước mã số,84857,313,19,TONG_CUC,Hoàng Việt Cường,26/04/2023,https://files.customs.gov.vn/CustomsCMS/TONG_CUC/2023/4/28/2017.PDF,https://www.customs.gov.vn/index.jsp?pageId=3&id=84857&cid=1294,2023,04/2023,2026-10-08T09:33:28Z
157,225/TB-KĐ3,26/04/2023,Tổng cục Hải qun,"Về kết quả phân tích kèm mã số hàng hóa xuất khẩu, nhập khẩu",85209,313,19,TONG_CUC,Nguyễn Thị Thanh Phượng,null,https://files.customs.gov.vn/CustomsCMS/TONG_CUC/2023/5/19/225.pdf,https://www.customs.gov.vn/index.jsp?pageId=3&id=85209&cid=1294,2023,04/2023,2026-10-08T09:33:28Z
158,223/TB-KĐ3,24/04/2023,Tổng cục Hải qun,"Về kết quả phân tích kèm mã số hàng hóa xuất khẩu, nhập khẩu",85208,313,19,TONG_CUC,Nguyễn Thị Thanh Phượng,null,https://files.customs.gov.vn/CustomsCMS/TONG_CUC/2023/5/19/223.pdf,https://www.customs.gov.vn/index.jsp?pageId=3&id=85208&cid=1294,2023,04/2023,2026-10-08T09:33:28Z
159,61//TB-KĐ4,24/04/2023,Tổng cục Hải qun,"Vè kết quả phân tích kèm mã só hàng hóa xuất khẩu, nhập khẩu",85194,313,19,TONG_CUC,Trần Hương Giang,null,,https://www.customs.gov.vn/index.jsp?pageId=3&id=85194&cid=1294,2023,04/2023,2026-10-08T09:33:28Z
160,62/TB-KĐ4,24/04/2023,Tổng cục Hải qun,"Vè kết quả phân tích kèm mã só hàng hóa xuất khẩu, nhập khẩu",85193,313,19,TONG_CUC,Trần Hương Giang,null,https://files.customs.gov.vn/CustomsCMS/TONG_CUC/2023/5/19/62_TB-KÐ4.pdf,https://www.customs.gov.vn/index.jsp?pageId=3&id=85193&cid=1294,2023,04/2023,2026-10-08T09:33:28Z
161,63/TB-KĐ4,24/04/2023,Tổng cục Hải qun,"Vè kết quả phân tích kèm mã só hàng hóa xuất khẩu, nhập khẩu",85192,313,19,TONG_CUC,Trần Hương Giang,null,https://files.customs.gov.vn/CustomsCMS/TONG_CUC/2023/5/19/63_TB-KÐ4.pdf,https://www.customs.gov.vn/index.jsp?pageId=3&id=85192&cid=1294,2023,04/2023,2026-10-08T09:33:28Z
162,1883/TB-TCHQ,21/04/2023,Tổng cục Hải quan,Kết quả xác định trước mã số,84773,313,19,TONG_CUC,Hoàng Việt Cường,21/04/2023,https://files.customs.gov.vn/CustomsCMS/TONG_CUC/2023/4/25/1883.PDF,https://www.customs.gov.vn/index.jsp?pageId=3&id=84773&cid=1294,2023,04/2023,2026-10-08T09:33:28Z
163,1884/TB-TCHQ,21/04/2023,Tổng cục Hải quan,Kết quả xác định trước mã số,84774,313,19,TONG_CUC,Hoàng Việt Cường,21/04/2023,https://files.customs.gov.vn/CustomsCMS/TONG_CUC/2023/4/25/1884.PDF,https://www.customs.gov.vn/index.jsp?pageId=3&id=84774&cid=1294,2023,04/2023,2026-10-08T09:33:28Z
164,1885/TB-TCHQ,21/04/2023,Tổng cục Hải quan,Kết quả xác định trước mã số,84775,313,19,TONG_CUC,Hoàng Việt Cường,21/04/2023,https://files.customs.gov.vn/CustomsCMS/TONG_CUC/2023/4/25/1885.PDF,https://www.customs.gov.vn/index.jsp?pageId=3&id=84775&cid=1294,2023,04/2023,2026-10-08T09:33:28Z
165,1887/TB-TCHQ,21/04/2023,Tổng cục Hải quan,Kết quả xác định trước mã số,84777,313,19,TONG_CUC,Hoàng Việt Cường,21/04/2023,https://files.customs.gov.vn/CustomsCMS/TONG_CUC/2023/4/25/1887.PDF,https://www.customs.gov.vn/index.jsp?pageId=3&id=84777&cid=1294,2023,04/2023,2026-10-08T09:33:28Z
166,211/Tb-KĐ3,21/04/2023,Tổng cục Hải qun,"Về kết quả phân tích kèm mã số hàng hóa xuất khẩu, nhập khẩu",84714,313,19,TONG_CUC,Nguyễn Thị Thanh Phượng,null,https://files.customs.gov.vn/CustomsCMS/TONG_CUC/2023/4/24/211 (1).pdf,https://www.customs.gov.vn/index.jsp?pageId=3&id=84714&cid=1294,2023,04/2023,2026-10-08T09:33:28Z
167,212/TB-KĐ3,21/04/2023,Tổng cục Hải qun,"Về kết quả phân tích kèm mã số hàng hóa xuất khẩu, nhập khẩu",84715,313,19,TONG_CUC,Nguyễn Thị Thanh Phượng,null,https://files.customs.gov.vn/CustomsCMS/TONG_CUC/2023/4/24/212 (1) (1).pdf,https://www.customs.gov.vn/index.jsp?pageId=3&id=84715&cid=1294,2023,04/2023,2026-10-08T09:33:28Z
168,213/TB-KĐ3,21/04/2023,Tổng cục Hải qun,"Về kết quả phân tích kèm mã số hàng hóa xuất khẩu, nhập khẩu",84716,313,19,TONG_CUC,Nguyễn Thị Thanh Phượng,null,https://files.customs.gov.vn/CustomsCMS/TONG_CUC/2023/4/24/213.pdf,https://www.customs.gov.vn/index.jsp?pageId=3&id=84716&cid=1294,2023,04/2023,2026-10-08T09:33:28Z
169,214/TB-KĐ3,21/04/2023,Tổng cục Hải qun,"Về kết quả phân tích kèm mã số hàng hóa xuất khẩu, nhập khẩu",84717,313,19,TONG_CUC,Nguyễn Thị Thanh Phượng,null,https://files.customs.gov.vn/CustomsCMS/TONG_CUC/2023/4/24/214.pdf,https://www.customs.gov.vn/index.jsp?pageId=3&id=84717&cid=1294,2023,04/2023,2026-10-08T09:33:28Z
170,199/TB-KĐ3,19/04/2023,Tổng cục Hải qun,"Về kết quả phân tích kèm mã số hàng hóa xuất khẩu, nhập khẩu",84710,313,19,TONG_CUC,Nguyễn Thị Thanh Phượng,null,https://files.customs.gov.vn/CustomsCMS/TONG_CUC/2023/4/24/199 (1).pdf,https://www.customs.gov.vn/index.jsp?pageId=3&id=84710&cid=1294,2023,04/2023,2026-10-08T09:33:28Z
171,200/TB-KĐ3,19/04/2023,Tổng cục Hải qun,"Về kết quả phân tích kèm mã số hàng hóa xuất khẩu, nhập khẩu",84706,313,19,TONG_CUC,Nguyễn Thị Thanh Phượng,null,https://files.customs.gov.vn/CustomsCMS/TONG_CUC/2023/4/24/200 (1).pdf,https://www.customs.gov.vn/index.jsp?pageId=3&id=84706&cid=1294,2023,04/2023,2026-10-08T09:33:28Z
172,201/TB-KĐ3,19/04/2023,Tổng cục Hải qun,"Về kết quả phân tích kèm mã số hàng hóa xuất khẩu, nhập khẩu",84705,313,19,TONG_CUC,Nguyễn Thị Thanh Phượng,null,https://files.customs.gov.vn/CustomsCMS/TONG_CUC/2023/4/24/201 (1).pdf,https://www.customs.gov.vn/index.jsp?pageId=3&id=84705&cid=1294,2023,04/2023,2026-10-08T09:33:28Z
173,202/TB-KĐ3,19/04/2023,Tổng cục Hải qun,"Về kết quả phân tích kèm mã số hàng hóa xuất khẩu, nhập khẩu",84704,313,19,TONG_CUC,Nguyễn Thị Thanh Phượng,null,https://files.customs.gov.vn/CustomsCMS/TONG_CUC/2023/4/24/202.pdf,https://www.customs.gov.vn/index.jsp?pageId=3&id=84704&cid=1294,2023,04/2023,2026-10-08T09:33:28Z
174,203/TB-KĐ3,19/04/2023,Tổng cục Hải qun,"Về kết quả phân tích kèm mã số hàng hóa xuất khẩu, nhập khẩu",84703,313,19,TONG_CUC,Nguyễn Thị Thanh Phượng,null,https://files.customs.gov.vn/CustomsCMS/TONG_CUC/2023/4/24/203.pdf,https://www.customs.gov.vn/index.jsp?pageId=3&id=84703&cid=1294,2023,04/2023,2026-10-08T09:33:28Z
175,204/TB-KĐ3,19/04/2023,Tổng cục Hải qun,"Về kết quả phân tích kèm mã số hàng hóa xuất khẩu, nhập khẩu",84702,313,19,TONG_CUC,Nguyễn Thị Thanh Phượng,null,https://files.customs.gov.vn/CustomsCMS/TONG_CUC/2023/4/24/204.pdf,https://www.customs.gov.vn/index.jsp?pageId=3&id=84702&cid=1294,2023,04/2023,2026-10-08T09:33:28Z
176,205/TB-KĐ3,19/04/2023,Tổng cục Hải qun,"Về kết quả phân tích kèm mã số hàng hóa xuất khẩu, nhập khẩu",84712,313,19,TONG_CUC,Nguyễn Thị Thanh Phượng,null,https://files.customs.gov.vn/CustomsCMS/TONG_CUC/2023/4/24/205.pdf,https://www.customs.gov.vn/index.jsp?pageId=3&id=84712&cid=1294,2023,04/2023,2026-10-08T09:33:28Z
177,206/TB-KĐ3,19/04/2023,Tổng cục Hải qun,"Về kết quả phân tích kèm mã số hàng hóa xuất khẩu, nhập khẩu",84713,313,19,TONG_CUC,Nguyễn Thị Thanh Phượng,null,,https://www.customs.gov.vn/index.jsp?pageId=3&id=84713&cid=1294,2023,04/2023,2026-10-08T09:33:28Z
178,59/TB-KĐ4,19/04/2023,Tổng cục Hải qun,"Về kết quả phân tích kèm mã số hàng hóa xuất khẩu, nhập khẩu",84718,313,19,TONG_CUC,Trần Hương Giang,null,https://files.customs.gov.vn/CustomsCMS/TONG_CUC/2023/4/24/59_TB-KÐ4.pdf,https://www.customs.gov.vn/index.jsp?pageId=3&id=84718&cid=1294,2023,04/2023,2026-10-08T09:33:28Z
179,1800/TB-TCHQ,18/04/2023,Tổng cục Hải quan,Kết quả xác định trước mã số,84589,313,19,TONG_CUC,Hoàng Việt Cường,18/04/2023,https://files.customs.gov.vn/CustomsCMS/TONG_CUC/2023/4/20/1800.PDF,https://www.customs.gov.vn/index.jsp?pageId=3&id=84589&cid=1294,2023,04/2023,2026-10-08T09:33:28Z
180,1801/TB-TCHQ,18/04/2023,Tổng cục Hải quan,Kết quả xác định trước mã số,84590,313,19,TONG_CUC,Hoàng Việt Cường,18/04/2023,https://files.customs.gov.vn/CustomsCMS/TONG_CUC/2023/4/20/1801.PDF,https://www.customs.gov.vn/index.jsp?pageId=3&id=84590&cid=1294,2023,04/2023,2026-10-08T09:33:28Z
181,1802/TB-TCHQ,18/04/2023,Tổng cục Hải quan,Kết quả xác định trước mã số,84591,313,19,TONG_CUC,Hoàng Việt Cường,18/04/2023,https://files.customs.gov.vn/CustomsCMS/TONG_CUC/2023/4/20/1802.PDF,https://www.customs.gov.vn/index.jsp?pageId=3&id=84591&cid=1294,2023,04/2023,2026-10-08T09:33:28Z
182,1803/TB-TCHQ,18/04/2023,Tổng cục Hải quan,Kết quả xác định trước mã số,84593,313,19,TONG_CUC,Hoàng Việt Cường,18/04/2023,https://files.customs.gov.vn/CustomsCMS/TONG_CUC/2023/4/20/1803.PDF,https://www.customs.gov.vn/index.jsp?pageId=3&id=84593&cid=1294,2023,04/2023,2026-10-08T09:33:28Z
183,1804/TB-TCHQ,18/04/2023,Tổng cục Hải quan,Kết quả xác định trước mã số,84594,313,19,TONG_CUC,Hoàng Việt Cường,18/04/2023,https://files.customs.gov.vn/CustomsCMS/TONG_CUC/2023/4/20/1804.PDF,https://www.customs.gov.vn/index.jsp?pageId=3&id=84594&cid=1294,2023,04/2023,2026-10-08T09:33:28Z
184,194/TB-KĐ3,18/04/2023,Tổng cục Hải qun,"Về kết quả phân tích kèm mã số hàng hóa xuất khẩu, nhập khẩu",84707,313,19,TONG_CUC,Nguyễn Thị Thanh Phượng,null,https://files.customs.gov.vn/CustomsCMS/TONG_CUC/2023/4/24/194 (1).pdf,https://www.customs.gov.vn/index.jsp?pageId=3&id=84707&cid=1294,2023,04/2023,2026-10-08T09:33:28Z
185,195/TB-KĐ3,18/04/2023,Tổng cục Hải qun,"Về kết quả phân tích kèm mã số hàng hóa xuất khẩu, nhập khẩu",84708,313,19,TONG_CUC,Nguyễn Thị Thanh Phượng,null,https://files.customs.gov.vn/CustomsCMS/TONG_CUC/2023/4/24/195 (1).pdf,https://www.customs.gov.vn/index.jsp?pageId=3&id=84708&cid=1294,2023,04/2023,2026-10-08T09:33:28Z
186,198/TB-KĐ3,18/04/2023,Tổng cục Hải qun,"Về kết quả phân tích kèm mã số hàng hóa xuất khẩu, nhập khẩu",84709,313,19,TONG_CUC,Nguyễn Thị Thanh Phượng,null,https://files.customs.gov.vn/CustomsCMS/TONG_CUC/2023/4/24/198 (1).pdf,https://www.customs.gov.vn/index.jsp?pageId=3&id=84709&cid=1294,2023,04/2023,2026-10-08T09:33:28Z
187,1771/TB-TCHQ,14/04/2023,Tổng cục Hải quan,Kết quả xác định trước mã số,84585,313,19,TONG_CUC,Hoàng Việt Cường,14/04/2023,https://files.customs.gov.vn/CustomsCMS/TONG_CUC/2023/4/20/1771.PDF,https://www.customs.gov.vn/index.jsp?pageId=3&id=84585&cid=1294,2023,04/2023,2026-10-08T09:33:28Z
188,187/TB-KĐ3,13/04/2023,Tổng cục Hải qun,"Về kết quả phân tích kèm mã số hàng hóa xuất khẩu, nhập khẩu",84551,313,19,TONG_CUC,Nguyễn Thị Thanh Phượng,null,https://files.customs.gov.vn/CustomsCMS/TONG_CUC/2023/4/19/187.pdf,https://www.customs.gov.vn/index.jsp?pageId=3&id=84551&cid=1294,2023,04/2023,2026-10-08T09:33:28Z
189,188/TB-KĐ3,13/04/2023,Tổng cục Hải qun,"Về kết quả phân tích kèm mã số hàng hóa xuất khẩu, nhập khẩu",84552,313,19,TONG_CUC,Nguyễn Thị Thanh Phượng,null,https://files.customs.gov.vn/CustomsCMS/TONG_CUC/2023/4/19/188.pdf,https://www.customs.gov.vn/index.jsp?pageId=3&id=84552&cid=1294,2023,04/2023,2026-10-08T09:33:28Z
190,1703/TB-TCHQ,12/04/2023,Tổng cục Hải quan,Kết quả xác định trước mã số,84515,313,19,TONG_CUC,Hoàng Việt Cường,12/04/2023,https://files.customs.gov.vn/CustomsCMS/TONG_CUC/2023/4/14/1703.PDF,https://www.customs.gov.vn/index.jsp?pageId=3&id=84515&cid=1294,2023,04/2023,2026-10-08T09:33:28Z
191,1704/TB-TCHQ,12/04/2023,Tổng cục Hải quan,Kết quả xác định trước mã số,84493,313,19,TONG_CUC,Hoàng Việt Cường,12/04/2023,https://files.customs.gov.vn/CustomsCMS/TONG_CUC/2023/4/14/1704.PDF,https://www.customs.gov.vn/index.jsp?pageId=3&id=84493&cid=1294,2023,04/2023,2026-10-08T09:33:28Z
192,1705/TB-TCHQ,12/04/2023,Tổng cục Hải quan,Kết quả xác định trước mã số,84492,313,19,TONG_CUC,Hoàng Việt Cường,12/04/2023,https://files.customs.gov.vn/CustomsCMS/TONG_CUC/2023/4/14/1705.PDF,https://www.customs.gov.vn/index.jsp?pageId=3&id=84492&cid=1294,2023,04/2023,2026-10-08T09:33:28Z
193,1706/TB-TCHQ,12/04/2023,Tổng cục Hải quan,Kết quả xác định trước mã số,84513,313,19,TONG_CUC,Hoàng Việt Cường,12/04/2023,https://files.customs.gov.vn/CustomsCMS/TONG_CUC/2023/4/14/1706.PDF,https://www.customs.gov.vn/index.jsp?pageId=3&id=84513&cid=1294,2023,04/2023,2026-10-08T09:33:28Z
194,1714/TB-TCHQ,12/04/2023,Tổng cục Hải quan,Kết quả xác định trước mã số,84491,313,19,TONG_CUC,Hoàng Việt Cường,12/04/2023,https://files.customs.gov.vn/CustomsCMS/TONG_CUC/2023/4/14/1714.PDF,https://www.customs.gov.vn/index.jsp?pageId=3&id=84491&cid=1294,2023,04/2023,2026-10-08T09:33:28Z
195,1715/TB-TCHQ,12/04/2023,Tổng cục Hải quan,Kết quả xác định trước mã số,84494,313,19,TONG_CUC,Hoàng Việt Cường,12/04/2023,https://files.customs.gov.vn/CustomsCMS/TONG_CUC/2023/4/14/1715.PDF,https://www.customs.gov.vn/index.jsp?pageId=3&id=84494&cid=1294,2023,04/2023,2026-10-08T09:33:28Z
196,1572/TB-TCHQ,11/04/2023,Tổng cục Hải quan,Về kết quả xác định trước mã số,84472,313,19,TONG_CUC,Hoàng Việt Cường,11/04/2023,https://files.customs.gov.vn/CustomsCMS/TONG_CUC/2023/4/13/TB.1672TCHQ2023.PDF,https://www.customs.gov.vn/index.jsp?pageId=3&id=84472&cid=1294,2023,04/2023,2026-10-08T09:33:28Z
197,1663/TB-TCHQ,11/04/2023,Tổng cục Hải quan,Về kết quả xác định trước mã số,84473,313,19,TONG_CUC,Hoàng Việt Cường,11/04/2023,https://files.customs.gov.vn/CustomsCMS/TONG_CUC/2023/4/13/TB.1663TCHQ2023.PDF,https://www.customs.gov.vn/index.jsp?pageId=3&id=84473&cid=1294,2023,04/2023,2026-10-08T09:33:28Z
198,1572/TB-TCHQ,06/04/2023,Tổng cục Hải quan,Về kết quả xác định trước mã số,84323,313,19,TONG_CUC,Hoàng Việt Cường,06/04/2023,https://files.customs.gov.vn/CustomsCMS/TONG_CUC/2023/4/7/TB.1572TCHQ2023.PDF,https://www.customs.gov.vn/index.jsp?pageId=3&id=84323&cid=1294,2023,04/2023,2026-10-08T09:33:28Z
199,1538/TB-TCHQ,05/04/2023,Tổng cục Hải quan,Về kết quả xác định trước mã số,84322,313,19,TONG_CUC,Hoàng Việt Cường,05/04/2023,https://files.customs.gov.vn/CustomsCMS/TONG_CUC/2023/4/7/TB.1538TCHQ2023.PDF,https://www.customs.gov.vn/index.jsp?pageId=3&id=84322&cid=1294,2023,04/2023,2026-10-08T09:33:28Z
200,1553/TB-TCHQ,05/04/2023,Tổng cục Hải quan,Về kết quả xác định trước mã số,84351,313,19,TONG_CUC,Hoàng Việt Cường,05/04/2023,https://files.customs.gov.vn/CustomsCMS/TONG_CUC/2023/4/10/TB.1553.pdf,https://www.customs.gov.vn/index.jsp?pageId=3&id=84351&cid=1294,2023,04/2023,2026-10-08T09:33:28Z
201,1504/TB-TCHQ,04/04/2023,Tổng cục Hải quan,Về kết quả xác định trước mã số,84284,313,19,TONG_CUC,Hoàng Việt Cường,04/04/2023,https://files.customs.gov.vn/CustomsCMS/TONG_CUC/2023/4/5/TB.1504.PDF,https://www.customs.gov.vn/index.jsp?pageId=3&id=84284&cid=1294,2023,04/2023,2026-10-08T09:33:28Z
202,1505/TB-TCHQ,04/04/2023,Tổng cục Hải quan,Về kết quả xác định trước mã số,84285,313,19,TONG_CUC,Hoàng Việt Cường,04/04/2023,https://files.customs.gov.vn/CustomsCMS/TONG_CUC/2023/4/5/TB.1505.PDF,https://www.customs.gov.vn/index.jsp?pageId=3&id=84285&cid=1294,2023,04/2023,2026-10-08T09:33:28Z
203,1506/TB-TCHQ,04/04/2023,Tổng cục Hải quan,Về kết quả xác định trước mã số,84286,313,19,TONG_CUC,Hoàng Việt Cường,04/04/2023,https://files.customs.gov.vn/CustomsCMS/TONG_CUC/2023/4/5/TB.1506.PDF,https://www.customs.gov.vn/index.jsp?pageId=3&id=84286&cid=1294,2023,04/2023,2026-10-08T09:33:28Z
204,1507/TB-TCHQ,04/04/2023,Tổng cục Hải quan,Về kết quả xác định trước mã số,84287,313,19,TONG_CUC,Hoàng Việt Cường,04/04/2023,https://files.customs.gov.vn/CustomsCMS/TONG_CUC/2023/4/5/TB.1507.PDF,https://www.customs.gov.vn/index.jsp?pageId=3&id=84287&cid=1294,2023,04/2023,2026-10-08T09:33:28Z
205,2653/TB-TCHQ,31/05/2023,Tổng cục Hải quan,Kết quả xác định trước mã số,85625,313,19,TONG_CUC,Hoàng Việt Cường,31/05/2023,https://files.customs.gov.vn/CustomsCMS/TONG_CUC/2023/6/15/2653.PDF,https://www.customs.gov.vn/index.jsp?pageId=3&id=85625&cid=1294,2023,05/2023,2026-10-08T09:33:28Z
206,2653/TCHQ-TXNK,31/05/2023,Tổng cục Hải quan,Kết quả xác định trước mã số,85407,313,19,TONG_CUC,Hoàng Việt Cường,31/05/2023,,https://www.customs.gov.vn/index.jsp?pageId=3&id=85407&cid=1294,2023,05/2023,2026-10-08T09:33:28Z
207,2654/TB-TCHQ,31/05/2023,Tổng cục Hải quan,Kết quả xác định trước mã số,85408,313,19,TONG_CUC,Hoàng Việt Cường,31/05/2023,https://files.customs.gov.vn/CustomsCMS/TONG_CUC/2023/6/1/2654.PDF,https://www.customs.gov.vn/index.jsp?pageId=3&id=85408&cid=1294,2023,05/2023,2026-10-08T09:33:28Z
208,286/TB-KĐ3,31/05/2023,Tổng cục Hải qun,"Về kết quả phân tích kèm mã số hàng hóa xuất khẩu, nhập khẩu",85470,313,19,TONG_CUC,Nguyễn Thị Thanh Phượng,null,https://files.customs.gov.vn/CustomsCMS/TONG_CUC/2023/6/5/286.pdf,https://www.customs.gov.vn/index.jsp?pageId=3&id=85470&cid=1294,2023,05/2023,2026-10-08T09:33:28Z
209,287/TB-KĐ3,31/05/2023,Tổng cục Hải qun,"Về kết quả phân tích kèm mã số hàng hóa xuất khẩu, nhập khẩu",85471,313,19,TONG_CUC,Nguyễn Thị Thanh Phượng,null,https://files.customs.gov.vn/CustomsCMS/TONG_CUC/2023/6/5/287.pdf,https://www.customs.gov.vn/index.jsp?pageId=3&id=85471&cid=1294,2023,05/2023,2026-10-08T09:33:28Z
210,284/TB-KĐ3,30/05/2023,Tổng cục Hải qun,"Về kết quả phân tích kèm mã số hàng hóa xuất khẩu, nhập khẩu",85468,313,19,TONG_CUC,Nguyễn Thị Thanh Phượng,null,https://files.customs.gov.vn/CustomsCMS/TONG_CUC/2023/6/5/284.pdf,https://www.customs.gov.vn/index.jsp?pageId=3&id=85468&cid=1294,2023,05/2023,2026-10-08T09:33:28Z
211,285/TB-KĐ3,30/05/2023,Tổng cục Hải qun,"Về kết quả phân tích kèm mã số hàng hóa xuất khẩu, nhập khẩu",85469,313,19,TONG_CUC,Nguyễn Thị Thanh Phượng,null,https://files.customs.gov.vn/CustomsCMS/TONG_CUC/2023/6/5/285.pdf,https://www.customs.gov.vn/index.jsp?pageId=3&id=85469&cid=1294,2023,05/2023,2026-10-08T09:33:28Z
212,83/TB-KĐ4,30/05/2023,Tổng cục Hải qun,"Về kết quả phân tích kèm mã số hàng hóa xuất khẩu, nhập khẩu",85462,313,19,TONG_CUC,Trần Hương Giang,null,https://files.customs.gov.vn/CustomsCMS/TONG_CUC/2023/6/5/83_TB-KÐ4.pdf,https://www.customs.gov.vn/index.jsp?pageId=3&id=85462&cid=1294,2023,05/2023,2026-10-08T09:33:28Z
213,2614/TB-TCHQ,29/05/2023,Tổng cục Hải quan,Kết quả xác định trước mã số,85368,313,19,TONG_CUC,Hoàng Việt Cường,29/05/2023,https://files.customs.gov.vn/CustomsCMS/TONG_CUC/2023/5/30/2614.PDF,https://www.customs.gov.vn/index.jsp?pageId=3&id=85368&cid=1294,2023,05/2023,2026-10-08T09:33:28Z
214,2580/TB-TCHQ,26/05/2023,Tổng cục Hải quan,Kết quả xác định trước mã số,85350,313,19,TONG_CUC,Hoàng Việt Cường,26/05/2023,https://files.customs.gov.vn/CustomsCMS/TONG_CUC/2023/5/30/2580.PDF,https://www.customs.gov.vn/index.jsp?pageId=3&id=85350&cid=1294,2023,05/2023,2026-10-08T09:33:28Z
215,269/TB-KĐ3,26/05/2023,Tổng cục Hải qun,"Về kết quả phân tích kèm mã số hàng hóa xuất khẩu, nhập khẩu",85467,313,19,TONG_CUC,Nguyễn Thị Thanh Phượng,null,https://files.customs.gov.vn/CustomsCMS/TONG_CUC/2023/6/5/269.pdf,https://www.customs.gov.vn/index.jsp?pageId=3&id=85467&cid=1294,2023,05/2023,2026-10-08T09:33:28Z
216,2524/TB-TCHQ,25/05/2023,Tổng cục Hải quan,Kết quả xác định trước mã số,85339,313,19,TONG_CUC,Hoàng Việt Cường,25/05/2023,https://files.customs.gov.vn/CustomsCMS/TONG_CUC/2023/5/26/2524.PDF,https://www.customs.gov.vn/index.jsp?pageId=3&id=85339&cid=1294,2023,05/2023,2026-10-08T09:33:28Z
217,82/TB-KĐ4,25/05/2023,Tổng cục Hải qun,"Về kết quả phân tích kèm mã số hàng hóa xuất khẩu, nhập khẩu",85695,313,19,TONG_CUC,Trần Hương Giang,null,https://files.customs.gov.vn/CustomsCMS/TONG_CUC/2023/6/19/82_TB-KÐ4.pdf,https://www.customs.gov.vn/index.jsp?pageId=3&id=85695&cid=1294,2023,05/2023,2026-10-08T09:33:28Z
218,76/TB-KĐ4,24/05/2023,Tổng cục Hải qun,"Về kết quả phân tích kèm mã số hàng hóa xuất khẩu, nhập khẩu",85456,313,19,TONG_CUC,Lê Ngọc Tấn,null,https://files.customs.gov.vn/CustomsCMS/TONG_CUC/2023/6/5/76_TB-KÐ4 (1).pdf,https://www.customs.gov.vn/index.jsp?pageId=3&id=85456&cid=1294,2023,05/2023,2026-10-08T09:33:28Z
219,77/TB-KĐ4,24/05/2023,Tổng cục Hải qun,"Về kết quả phân tích kèm mã số hàng hóa xuất khẩu, nhập khẩu",85457,313,19,TONG_CUC,Lê Ngọc Tấn,null,,https://www.customs.gov.vn/index.jsp?pageId=3&id=85457&cid=1294,2023,05/2023,2026-10-08T09:33:28Z
220,78/TB-KĐ4,24/05/2023,Tổng cục Hải qun,"Về kết quả phân tích kèm mã số hàng hóa xuất khẩu, nhập khẩu",85458,313,19,TONG_CUC,Lê Ngọc Tấn,null,,https://www.customs.gov.vn/index.jsp?pageId=3&id=85458&cid=1294,2023,05/2023,2026-10-08T09:33:28Z
221,79//TB-KĐ4,24/05/2023,Tổng cục Hải qun,"Về kết quả phân tích kèm mã số hàng hóa xuất khẩu, nhập khẩu",85459,313,19,TONG_CUC,Lê Ngọc Tấn,null,https://files.customs.gov.vn/CustomsCMS/TONG_CUC/2023/6/5/79_TB-KÐ4 (1).pdf,https://www.customs.gov.vn/index.jsp?pageId=3&id=85459&cid=1294,2023,05/2023,2026-10-08T09:33:28Z
222,80/TB-KĐ4,24/05/2023,Tổng cục Hải qun,"Về kết quả phân tích kèm mã số hàng hóa xuất khẩu, nhập khẩu",85460,313,19,TONG_CUC,Lê Ngọc Tấn,null,https://files.customs.gov.vn/CustomsCMS/TONG_CUC/2023/6/5/80_TB-KÐ4.pdf,https://www.customs.gov.vn/index.jsp?pageId=3&id=85460&cid=1294,2023,05/2023,2026-10-08T09:33:28Z
223,81/TB-KĐ4,24/05/2023,Tổng cục Hải qun,"Về kết quả phân tích kèm mã số hàng hóa xuất khẩu, nhập khẩu",85461,313,19,TONG_CUC,Lê Ngọc Tấn,null,https://files.customs.gov.vn/CustomsCMS/TONG_CUC/2023/6/5/81_TB-KÐ4.pdf,https://www.customs.gov.vn/index.jsp?pageId=3&id=85461&cid=1294,2023,05/2023,2026-10-08T09:33:28Z
224,254/TB-KĐ3,19/05/2023,Tổng cục Hải qun,"Về kết quả phân tích kèm mã số hàng hóa xuất khẩu, nhập khẩu",85463,313,19,TONG_CUC,Nguyễn Thị Thanh Phượng,null,https://files.customs.gov.vn/CustomsCMS/TONG_CUC/2023/6/5/254.pdf,https://www.customs.gov.vn/index.jsp?pageId=3&id=85463&cid=1294,2023,05/2023,2026-10-08T09:33:28Z
225,255/TB-KĐ3,19/05/2023,Tổng cục Hải qun,"Về kết quả phân tích kèm mã số hàng hóa xuất khẩu, nhập khẩu",85464,313,19,TONG_CUC,Nguyễn Thị Thanh Phượng,null,https://files.customs.gov.vn/CustomsCMS/TONG_CUC/2023/6/5/255.pdf,https://www.customs.gov.vn/index.jsp?pageId=3&id=85464&cid=1294,2023,05/2023,2026-10-08T09:33:28Z
226,256/TB-KĐ3,19/05/2023,Tổng cục Hải qun,"Về kết quả phân tích kèm mã số hàng hóa xuất khẩu, nhập khẩu",85465,313,19,TONG_CUC,Nguyễn Thị Thanh Phượng,null,https://files.customs.gov.vn/CustomsCMS/TONG_CUC/2023/6/5/256.pdf,https://www.customs.gov.vn/index.jsp?pageId=3&id=85465&cid=1294,2023,05/2023,2026-10-08T09:33:28Z
227,257/TB-KĐ3,19/05/2023,Tổng cục Hải qun,"Về kết quả phân tích kèm mã số hàng hóa xuất khẩu, nhập khẩu",85466,313,19,TONG_CUC,Nguyễn Thị Thanh Phượng,null,https://files.customs.gov.vn/CustomsCMS/TONG_CUC/2023/6/5/257.pdf,https://www.customs.gov.vn/index.jsp?pageId=3&id=85466&cid=1294,2023,05/2023,2026-10-08T09:33:28Z
228,46/TB-KĐCMTV,18/05/2023,Tổng cục Hải qun,"Về kết quả phân tích kèm mã số hàng hóa xuất khẩu, nhập khẩu",85670,313,19,TONG_CUC,Lâm Đại Tú,null,https://files.customs.gov.vn/CustomsCMS/TONG_CUC/2023/6/19/46.pdf,https://www.customs.gov.vn/index.jsp?pageId=3&id=85670&cid=1294,2023,05/2023,2026-10-08T09:33:28Z
229,75/TB-KĐ4,18/05/2023,Tổng cục Hải qun,"Về kết quả phân tích kèm mã só hàng hóa xuất khẩu, nhập khẩu",85188,313,19,TONG_CUC,Trần Hương Giang,null,https://files.customs.gov.vn/CustomsCMS/TONG_CUC/2023/5/19/75-TB-KÐ4.pdf,https://www.customs.gov.vn/index.jsp?pageId=3&id=85188&cid=1294,2023,05/2023,2026-10-08T09:33:28Z
230,2350/TCHQ-TXNK,17/05/2023,Tổng cục Hải quan,Kết quả xác định trước mã số,85178,313,19,TONG_CUC,Hoàng Việt Cường,17/05/2023,https://files.customs.gov.vn/CustomsCMS/TONG_CUC/2023/5/18/2350.PDF,https://www.customs.gov.vn/index.jsp?pageId=3&id=85178&cid=1294,2023,05/2023,2026-10-08T09:33:28Z
231,2308/TB-TCHQ,16/05/2023,Tổng cục Hải quan,Kết quả xác định trước mã số,85146,313,19,TONG_CUC,Hoàng Việt Cường,16/05/2023,https://files.customs.gov.vn/CustomsCMS/TONG_CUC/2023/5/17/2308.PDF,https://www.customs.gov.vn/index.jsp?pageId=3&id=85146&cid=1294,2023,05/2023,2026-10-08T09:33:28Z
232,246/TB-KĐ3,16/05/2023,Tổng cục Hải qun,"Về kết quả phân tích kèm mã số hàng hóa xuất khẩu, nhập khẩu",85202,313,19,TONG_CUC,Nguyễn Thị Thanh Phượng,null,https://files.customs.gov.vn/CustomsCMS/TONG_CUC/2023/5/19/246.pdf,https://www.customs.gov.vn/index.jsp?pageId=3&id=85202&cid=1294,2023,05/2023,2026-10-08T09:33:28Z
233,247/TB-KĐ3,16/05/2023,Tổng cục Hải qun,"Về kết quả phân tích kèm mã số hàng hóa xuất khẩu, nhập khẩu",85201,313,19,TONG_CUC,Nguyễn Thị Thanh Phượng,null,https://files.customs.gov.vn/CustomsCMS/TONG_CUC/2023/5/19/247.pdf,https://www.customs.gov.vn/index.jsp?pageId=3&id=85201&cid=1294,2023,05/2023,2026-10-08T09:33:28Z
234,248/TB-KĐ3,16/05/2023,Tổng cục Hải qun,"Về kết quả phân tích kèm mã số hàng hóa xuất khẩu, nhập khẩu",85200,313,19,TONG_CUC,Nguyễn Thị Thanh Phượng,null,https://files.customs.gov.vn/CustomsCMS/TONG_CUC/2023/5/19/248.pdf,https://www.customs.gov.vn/index.jsp?pageId=3&id=85200&cid=1294,2023,05/2023,2026-10-08T09:33:28Z
235,249/TB-KĐ3,16/05/2023,Tổng cục Hải qun,"Về kết quả phân tích kèm mã số hàng hóa xuất khẩu, nhập khẩu",85199,313,19,TONG_CUC,Nguyễn Thị Thanh Phượng,null,https://files.customs.gov.vn/CustomsCMS/TONG_CUC/2023/5/19/249.pdf,https://www.customs.gov.vn/index.jsp?pageId=3&id=85199&cid=1294,2023,05/2023,2026-10-08T09:33:28Z
236,250/TB-KĐ3,16/05/2023,Tổng cục Hải qun,"Về kết quả phân tích kèm mã số hàng hóa xuất khẩu, nhập khẩu",85198,313,19,TONG_CUC,Nguyễn Thị Thanh Phượng,null,,https://www.customs.gov.vn/index.jsp?pageId=3&id=85198&cid=1294,2023,05/2023,2026-10-08T09:33:28Z
237,251/TB-KĐ3,16/05/2023,Tổng cục Hải qun,"Về kết quả phân tích kèm mã số hàng hóa xuất khẩu, nhập khẩu",85197,313,19,TONG_CUC,Nguyễn Thị Thanh Phượng,null,https://files.customs.gov.vn/CustomsCMS/TONG_CUC/2023/5/19/251.pdf,https://www.customs.gov.vn/index.jsp?pageId=3&id=85197&cid=1294,2023,05/2023,2026-10-08T09:33:28Z
238,252/TB-KĐ3,16/05/2023,Tổng cục Hải qun,"Vè kết quả phân tích kèm mã só hàng hóa xuất khẩu, nhập khẩu",85195,313,19,TONG_CUC,Nguyễn Thị Thanh Phượng,null,https://files.customs.gov.vn/CustomsCMS/TONG_CUC/2023/5/19/252.pdf,https://www.customs.gov.vn/index.jsp?pageId=3&id=85195&cid=1294,2023,05/2023,2026-10-08T09:33:28Z
239,74/TB-KĐ4,15/05/2023,Tổng cục Hải qun,"Kết quả phân tích kèm mã số hàng hóa xuất khẩu, nhập khẩu",85187,313,19,TONG_CUC,Trần Hương Giang,null,,https://www.customs.gov.vn/index.jsp?pageId=3&id=85187&cid=1294,2023,05/2023,2026-10-08T09:33:28Z
240,2232/TB-TCHQ,11/05/2023,Tổng cục Hải quan,Kết quả xác định trước mã số,85092,313,19,TONG_CUC,Hoàng Việt Cường,11/05/2023,https://files.customs.gov.vn/CustomsCMS/TONG_CUC/2023/5/13/2232.PDF,https://www.customs.gov.vn/index.jsp?pageId=3&id=85092&cid=1294,2023,05/2023,2026-10-08T09:33:28Z
241,236/TB-KĐ3,11/05/2023,Tổng cục Hải qun,"Về kết quả phân tích kèm mã số hàng hóa xuất khẩu, nhập khẩu",85205,313,19,TONG_CUC,Nguyễn Phương Nhi,null,https://files.customs.gov.vn/CustomsCMS/TONG_CUC/2023/5/19/236.pdf,https://www.customs.gov.vn/index.jsp?pageId=3&id=85205&cid=1294,2023,05/2023,2026-10-08T09:33:28Z
242,237/TB-KĐ3,11/05/2023,Tổng cục Hải qun,"Về kết quả phân tích kèm mã số hàng hóa xuất khẩu, nhập khẩu",85206,313,19,TONG_CUC,Nguyễn Phương Nhi,null,https://files.customs.gov.vn/CustomsCMS/TONG_CUC/2023/5/19/237.pdf,https://www.customs.gov.vn/index.jsp?pageId=3&id=85206&cid=1294,2023,05/2023,2026-10-08T09:33:28Z
243,72/TB-KĐ4,11/05/2023,Tổng cục Hải qun,"Vè kết quả phân tích kèm mã só hàng hóa xuất khẩu, nhập khẩu",85189,313,19,TONG_CUC,Trần Hương Giang,null,,https://www.customs.gov.vn/index.jsp?pageId=3&id=85189&cid=1294,2023,05/2023,2026-10-08T09:33:28Z
244,2194/TB-TCHQ,10/05/2023,Tổng cục Hải quan,Kết quả xác định trước mã số,85054,313,19,TONG_CUC,Hoàng Việt Cường,10/05/2023,https://files.customs.gov.vn/CustomsCMS/TONG_CUC/2023/5/11/2194.PDF,https://www.customs.gov.vn/index.jsp?pageId=3&id=85054&cid=1294,2023,05/2023,2026-10-08T09:33:28Z
245,2196/TB-TCHQ,10/05/2023,Tổng cục Hải quan,Kết quả xác định trước mã số,85055,313,19,TONG_CUC,Hoàng Việt Cường,10/05/2023,https://files.customs.gov.vn/CustomsCMS/TONG_CUC/2023/5/11/2196.PDF,https://www.customs.gov.vn/index.jsp?pageId=3&id=85055&cid=1294,2023,05/2023,2026-10-08T09:33:28Z
246,232/TB-KĐ3,09/05/2023,Tổng cục Hải qun,"Về kết quả phân tích kèm mã số hàng hóa xuất khẩu, nhập khẩu",85203,313,19,TONG_CUC,Nguyễn Thị Thanh Phượng,null,https://files.customs.gov.vn/CustomsCMS/TONG_CUC/2023/5/19/232.pdf,https://www.customs.gov.vn/index.jsp?pageId=3&id=85203&cid=1294,2023,05/2023,2026-10-08T09:33:28Z
247,235/TB-KĐ3,09/05/2023,Tổng cục Hải qun,"Về kết quả phân tích kèm mã số hàng hóa xuất khẩu, nhập khẩu",85204,313,19,TONG_CUC,Nguyễn Thị Thanh Phượng,null,https://files.customs.gov.vn/CustomsCMS/TONG_CUC/2023/5/19/235.pdf,https://www.customs.gov.vn/index.jsp?pageId=3&id=85204&cid=1294,2023,05/2023,2026-10-08T09:33:28Z
248,2145/TB-TCHQ,08/05/2023,Tổng cục Hải quan,Kết quả xác định trước mã số,84992,313,19,TONG_CUC,Hoàng Việt Cường,08/05/2023,https://files.customs.gov.vn/CustomsCMS/TONG_CUC/2023/5/9/2145.PDF,https://www.customs.gov.vn/index.jsp?pageId=3&id=84992&cid=1294,2023,05/2023,2026-10-08T09:33:28Z
249,2106/TB-TCHQ,04/05/2023,Tổng cục Hải quan,Kết quả xác định trước mã số,84960,313,19,TONG_CUC,Hoàng Việt Cường,04/05/2023,https://files.customs.gov.vn/CustomsCMS/TONG_CUC/2023/5/5/2106.PDF,https://www.customs.gov.vn/index.jsp?pageId=3&id=84960&cid=1294,2023,05/2023,2026-10-08T09:33:28Z
250,105/TB-KĐ4,30/06/2023,Tổng cục Hải qun,"Về kết quả phân tích kèm mã số hàng hóa xuất khẩu, nhập khẩu",86455,313,19,TONG_CUC,Lê Ngọc Tấn,null,https://files.customs.gov.vn/CustomsCMS/TONG_CUC/2023/7/19/105_TB-KÐ4.pdf,https://www.customs.gov.vn/index.jsp?pageId=3&id=86455&cid=1294,2023,06/2023,2026-10-08T09:33:28Z
251,106/TB-KĐ4,30/06/2023,Tổng cục Hải qun,"Về kết quả phân tích kèm mã số hàng hóa xuất khẩu, nhập khẩu",86456,313,19,TONG_CUC,Lê Ngọc Tấn,null,https://files.customs.gov.vn/CustomsCMS/TONG_CUC/2023/7/19/106_TB-KÐ4.pdf,https://www.customs.gov.vn/index.jsp?pageId=3&id=86456&cid=1294,2023,06/2023,2026-10-08T09:33:28Z
252,3345/TB-TCHQ,29/06/2023,Tổng cục Hải quan,Về kết quả xác định trước mã số,85912,313,19,TONG_CUC,Hoàng Việt Cường,29/06/2023,https://files.customs.gov.vn/CustomsCMS/TONG_CUC/2023/6/30/3345.PDF,https://www.customs.gov.vn/index.jsp?pageId=3&id=85912&cid=1294,2023,06/2023,2026-10-08T09:33:28Z
253,3346/TB-TCHQ,29/06/2023,Tổng cục Hải quan,Về kết quả xác định trước mã số,85911,313,19,TONG_CUC,Hoàng Việt Cường,29/06/2023,https://files.customs.gov.vn/CustomsCMS/TONG_CUC/2023/6/30/3346.PDF,https://www.customs.gov.vn/index.jsp?pageId=3&id=85911&cid=1294,2023,06/2023,2026-10-08T09:33:28Z
254,360/TB-KĐ3,29/06/2023,Tổng cục Hải qun,"Về kết quả phân tích kèm mã số hàng hóa xuất khẩu, nhập khẩu",86450,313,19,TONG_CUC,Nguyễn Thị Thanh Phượng,null,https://files.customs.gov.vn/CustomsCMS/TONG_CUC/2023/7/19/360.pdf,https://www.customs.gov.vn/index.jsp?pageId=3&id=86450&cid=1294,2023,06/2023,2026-10-08T09:33:28Z
255,361/TB-KĐ3,29/06/2023,Tổng cục Hải qun,"Về kết quả phân tích kèm mã số hàng hóa xuất khẩu, nhập khẩu",86451,313,19,TONG_CUC,Nguyễn Thị Thanh Phượng,null,https://files.customs.gov.vn/CustomsCMS/TONG_CUC/2023/7/19/361.pdf,https://www.customs.gov.vn/index.jsp?pageId=3&id=86451&cid=1294,2023,06/2023,2026-10-08T09:33:28Z
256,362/TB-KĐ3,29/06/2023,Tổng cục Hải qun,"Về kết quả phân tích kèm mã số hàng hóa xuất khẩu, nhập khẩu",86452,313,19,TONG_CUC,Nguyễn Thị Thanh Phượng,null,,https://www.customs.gov.vn/index.jsp?pageId=3&id=86452&cid=1294,2023,06/2023,2026-10-08T09:33:28Z
257,363/TB-KĐ3,29/06/2023,Tổng cục Hải qun,"Về kết quả phân tích kèm mã số hàng hóa xuất khẩu, nhập khẩu",86453,313,19,TONG_CUC,Nguyễn Thị Thanh Phượng,null,https://files.customs.gov.vn/CustomsCMS/TONG_CUC/2023/7/19/363.pdf,https://www.customs.gov.vn/index.jsp?pageId=3&id=86453&cid=1294,2023,06/2023,2026-10-08T09:33:28Z
258,364/TB-KĐ3,29/06/2023,Tổng cục Hải qun,"Về kết quả phân tích kèm mã số hàng hóa xuất khẩu, nhập khẩu",86454,313,19,TONG_CUC,Nguyễn Thị Thanh Phượng,null,https://files.customs.gov.vn/CustomsCMS/TONG_CUC/2023/7/19/364.pdf,https://www.customs.gov.vn/index.jsp?pageId=3&id=86454&cid=1294,2023,06/2023,2026-10-08T09:33:28Z
259,60/TB-KĐCMTV,29/06/2023,Tổng cục Hải qun,Về kết quả phân tích kèm mã số đề xuất,86464,313,19,TONG_CUC,Lâm Đại Tú,null,https://files.customs.gov.vn/CustomsCMS/TONG_CUC/2023/7/19/60.pdf,https://www.customs.gov.vn/index.jsp?pageId=3&id=86464&cid=1294,2023,06/2023,2026-10-08T09:33:28Z
260,104/TB-KĐ4,28/06/2023,Tổng cục Hải qun,"Về kết quả phân tích kèm mã số hàng hóa xuất khẩu, nhập khẩu",86462,313,19,TONG_CUC,Trần Hương Giang,null,https://files.customs.gov.vn/CustomsCMS/TONG_CUC/2023/7/19/104_TB-KÐ4.pdf,https://www.customs.gov.vn/index.jsp?pageId=3&id=86462&cid=1294,2023,06/2023,2026-10-08T09:33:28Z
261,358/TB-KĐ3,28/06/2023,Tổng cục Hải qun,"Về kết quả phân tích kèm mã số hàng hóa xuất khẩu, nhập khẩu",86449,313,19,TONG_CUC,Nguyễn Phương Nhi,null,https://files.customs.gov.vn/CustomsCMS/TONG_CUC/2023/7/19/358.pdf,https://www.customs.gov.vn/index.jsp?pageId=3&id=86449&cid=1294,2023,06/2023,2026-10-08T09:33:28Z
262,100/TB-KĐ4,27/06/2023,Tổng cục Hải qun,"Về kết quả phân tích kèm mã số hàng hóa xuất khẩu, nhập khẩu",86459,313,19,TONG_CUC,Trần Hương Giang,null,https://files.customs.gov.vn/CustomsCMS/TONG_CUC/2023/7/19/100_TB-KÐ4.pdf,https://www.customs.gov.vn/index.jsp?pageId=3&id=86459&cid=1294,2023,06/2023,2026-10-08T09:33:28Z
263,101/TB-KĐ4,27/06/2023,Tổng cục Hải qun,"Về kết quả phân tích kèm mã số hàng hóa xuất khẩu, nhập khẩu",86460,313,19,TONG_CUC,Lê Ngọc Tấn,null,https://files.customs.gov.vn/CustomsCMS/TONG_CUC/2023/7/19/101_TB-KÐ4.pdf,https://www.customs.gov.vn/index.jsp?pageId=3&id=86460&cid=1294,2023,06/2023,2026-10-08T09:33:28Z
264,103/TB-KĐ4,27/06/2023,Tổng cục Hải qun,"Về kết quả phân tích kèm mã số hàng hóa xuất khẩu, nhập khẩu",86461,313,19,TONG_CUC,Trần Hương Giang,null,https://files.customs.gov.vn/CustomsCMS/TONG_CUC/2023/7/19/103_TB-KÐ4.pdf,https://www.customs.gov.vn/index.jsp?pageId=3&id=86461&cid=1294,2023,06/2023,2026-10-08T09:33:28Z
265,351/TB-KĐ3,27/06/2023,Tổng cục Hải qun,"Về kết quả phân tích kèm mã số hàng hóa xuất khẩu, nhập khẩu",86446,313,19,TONG_CUC,Nguyễn Thị Thanh Phượng,null,https://files.customs.gov.vn/CustomsCMS/TONG_CUC/2023/7/19/351.pdf,https://www.customs.gov.vn/index.jsp?pageId=3&id=86446&cid=1294,2023,06/2023,2026-10-08T09:33:28Z
266,352/TB-KĐ3,27/06/2023,Tổng cục Hải qun,"Về kết quả phân tích kèm mã số hàng hóa xuất khẩu, nhập khẩu",86447,313,19,TONG_CUC,Nguyễn Thị Thanh Phượng,null,https://files.customs.gov.vn/CustomsCMS/TONG_CUC/2023/7/19/352.pdf,https://www.customs.gov.vn/index.jsp?pageId=3&id=86447&cid=1294,2023,06/2023,2026-10-08T09:33:28Z
267,353/TB-KĐ3,27/06/2023,Tổng cục Hải qun,"Về kết quả phân tích kèm mã số hàng hóa xuất khẩu, nhập khẩu",86448,313,19,TONG_CUC,Nguyễn Thị Thanh Phượng,null,https://files.customs.gov.vn/CustomsCMS/TONG_CUC/2023/7/19/353.pdf,https://www.customs.gov.vn/index.jsp?pageId=3&id=86448&cid=1294,2023,06/2023,2026-10-08T09:33:28Z
268,59/TB-KĐCMTV,27/06/2023,Tổng cục Hải qun,Về kết quả phân tích kèm mã số đề xuất,86465,313,19,TONG_CUC,Lâm Đại Tú,null,https://files.customs.gov.vn/CustomsCMS/TONG_CUC/2023/7/19/59.pdf,https://www.customs.gov.vn/index.jsp?pageId=3&id=86465&cid=1294,2023,06/2023,2026-10-08T09:33:28Z
269,347/TB-KĐ3,26/06/2023,Tổng cục Hải qun,"Về kết quả phân tích kèm mã số hàng hóa xuất khẩu, nhập khẩu",86444,313,19,TONG_CUC,Nguyễn Phương Nhi,null,https://files.customs.gov.vn/CustomsCMS/TONG_CUC/2023/7/19/347.pdf,https://www.customs.gov.vn/index.jsp?pageId=3&id=86444&cid=1294,2023,06/2023,2026-10-08T09:33:28Z
270,348/TB-KĐ3,26/06/2023,Tổng cục Hải qun,"Về kết quả phân tích kèm mã số hàng hóa xuất khẩu, nhập khẩu",86445,313,19,TONG_CUC,Nguyễn Phương Nhi,null,https://files.customs.gov.vn/CustomsCMS/TONG_CUC/2023/7/19/348.pdf,https://www.customs.gov.vn/index.jsp?pageId=3&id=86445&cid=1294,2023,06/2023,2026-10-08T09:33:28Z
271,99/TB-KĐ4,26/06/2023,Tổng cục Hải qun,"Về kết quả phân tích kèm mã số hàng hóa xuất khẩu, nhập khẩu",86458,313,19,TONG_CUC,Trần Hương Giang,null,https://files.customs.gov.vn/CustomsCMS/TONG_CUC/2023/7/19/99_TB-KÐ4 (1).pdf,https://www.customs.gov.vn/index.jsp?pageId=3&id=86458&cid=1294,2023,06/2023,2026-10-08T09:33:28Z
272,58/TB-KĐCMTV,23/06/2023,Tổng cục Hải qun,Về kết quả phân tích kèm mã số đề xuất,86466,313,19,TONG_CUC,Lâm Đại Tú,null,https://files.customs.gov.vn/CustomsCMS/TONG_CUC/2023/7/19/58.pdf,https://www.customs.gov.vn/index.jsp?pageId=3&id=86466&cid=1294,2023,06/2023,2026-10-08T09:33:28Z
273,98/TB-KĐ4,23/06/2023,Tổng cục Hải qun,"Về kết quả phân tích kèm mã số hàng hóa xuất khẩu, nhập khẩu",85806,313,19,TONG_CUC,Trần Hương Giang,null,https://files.customs.gov.vn/CustomsCMS/TONG_CUC/2023/6/27/98_TB-KĐ4.pdf,https://www.customs.gov.vn/index.jsp?pageId=3&id=85806&cid=1294,2023,06/2023,2026-10-08T09:33:28Z
274,346/TB-KĐ3,22/06/2023,Tổng cục Hải qun,"Về kết quả phân tích kèm mã số hàng hóa xuất khẩu, nhập khẩu",85804,313,19,TONG_CUC,Nguyễn Phương Nhi,null,https://files.customs.gov.vn/CustomsCMS/TONG_CUC/2023/6/27/346 (1).pdf,https://www.customs.gov.vn/index.jsp?pageId=3&id=85804&cid=1294,2023,06/2023,2026-10-08T09:33:28Z
275,97/TB-KĐ4,22/06/2023,Tổng cục Hải qun,"Về kết quả phân tích kèm mã số hàng hóa xuất khẩu, nhập khẩu",85805,313,19,TONG_CUC,Trần Hương Giang,null,https://files.customs.gov.vn/CustomsCMS/TONG_CUC/2023/6/27/97_TB-KĐ4.pdf,https://www.customs.gov.vn/index.jsp?pageId=3&id=85805&cid=1294,2023,06/2023,2026-10-08T09:33:28Z
276,3196/TB-TCHQ,21/06/2023,Tổng cục Hải quan,Kết quả xác định trước mã số,85764,313,19,TONG_CUC,Hoàng Việt Cường,21/06/2023,https://files.customs.gov.vn/CustomsCMS/TONG_CUC/2023/6/22/3196.PDF,https://www.customs.gov.vn/index.jsp?pageId=3&id=85764&cid=1294,2023,06/2023,2026-10-08T09:33:28Z
277,339/TB-KĐ3,21/06/2023,Tổng cục Hải qun,"về kết quả phân tích kèm mã số hàng hóa xuất khẩu, nhâp khẩu",85802,313,19,TONG_CUC,Nguyễn Thị Thanh Phượng,null,https://files.customs.gov.vn/CustomsCMS/TONG_CUC/2023/6/27/339 (1).pdf,https://www.customs.gov.vn/index.jsp?pageId=3&id=85802&cid=1294,2023,06/2023,2026-10-08T09:33:28Z
278,340//TB-KĐ3,21/06/2023,Tổng cục Hải qun,"Về kết quả phân tích kèm mã số hàng hóa xuất khẩu, nhập khẩu",85803,313,19,TONG_CUC,Nguyễn Thị Thanh Phượng,null,https://files.customs.gov.vn/CustomsCMS/TONG_CUC/2023/6/27/340 (1).pdf,https://www.customs.gov.vn/index.jsp?pageId=3&id=85803&cid=1294,2023,06/2023,2026-10-08T09:33:28Z
279,332/TB-KĐ3,16/06/2023,Tổng cục Hải qun,"Về kết quả  phân tích kèm mã số hàng hóa xuất khẩu, nhập khẩu",85801,313,19,TONG_CUC,Nguyễn Phương Nhi,null,https://files.customs.gov.vn/CustomsCMS/TONG_CUC/2023/6/27/332.pdf,https://www.customs.gov.vn/index.jsp?pageId=3&id=85801&cid=1294,2023,06/2023,2026-10-08T09:33:28Z
280,320/TB-KĐ3,15/06/2023,Tổng cục Hải qun,"Về kết quả phân tích kèm mã số hàng hóa xuất khẩu, nhập khẩu",85687,"313, 372",19,TONG_CUC,Nguyễn Thị Thanh Phượng,null,https://files.customs.gov.vn/CustomsCMS/TONG_CUC/2023/6/19/320 (1).pdf,https://www.customs.gov.vn/index.jsp?pageId=3&id=85687&cid=1294,2023,06/2023,2026-10-08T09:33:28Z
281,325/TB-KĐ3,15/06/2023,Tổng cục Hải qun,"Về kết quả phân tích kèm mã số hàng hóa xuất khẩu, nhập khẩu",85688,313,19,TONG_CUC,Nguyễn Thị Thanh Phượng,null,https://files.customs.gov.vn/CustomsCMS/TONG_CUC/2023/6/19/325.pdf,https://www.customs.gov.vn/index.jsp?pageId=3&id=85688&cid=1294,2023,06/2023,2026-10-08T09:33:28Z
282,326/TB-KĐ3,15/06/2023,Tổng cục Hải qun,"Về kết quả phân tích kèm mã số hàng hóa xuất khẩu, nhập khẩu",85689,313,19,TONG_CUC,Nguyễn Thị Thanh Phượng,null,https://files.customs.gov.vn/CustomsCMS/TONG_CUC/2023/6/19/326.pdf,https://www.customs.gov.vn/index.jsp?pageId=3&id=85689&cid=1294,2023,06/2023,2026-10-08T09:33:28Z
283,327/TB-KĐ3,15/06/2023,Tổng cục Hải qun,"Về kết quả phân tích kèm mã số hàng hóa xuất khẩu, nhập khẩu",85691,313,19,TONG_CUC,Nguyễn Thị Thanh Phượng,null,https://files.customs.gov.vn/CustomsCMS/TONG_CUC/2023/6/19/327.pdf,https://www.customs.gov.vn/index.jsp?pageId=3&id=85691&cid=1294,2023,06/2023,2026-10-08T09:33:28Z
284,328/TB-KĐ3,15/06/2023,Tổng cục Hải qun,"Về kết quả phân tích kèm mã số hàng hóa xuất khẩu, nhập khẩu",85690,313,19,TONG_CUC,Nguyễn Thị Thanh Phượng,null,https://files.customs.gov.vn/CustomsCMS/TONG_CUC/2023/6/19/328.pdf,https://www.customs.gov.vn/index.jsp?pageId=3&id=85690&cid=1294,2023,06/2023,2026-10-08T09:33:28Z
285,329/TB-KĐ3,15/06/2023,Tổng cục Hải qun,"Về kết quả phân tích kèm mã số hàng hóa xuất khẩu, nhập khẩu",85692,313,19,TONG_CUC,Nguyễn Thị Thanh Phượng,null,https://files.customs.gov.vn/CustomsCMS/TONG_CUC/2023/6/19/329.pdf,https://www.customs.gov.vn/index.jsp?pageId=3&id=85692&cid=1294,2023,06/2023,2026-10-08T09:33:28Z
286,330/TB-KĐ,15/06/2023,Tổng cục Hải qun,"Về kết quả phân tích kèm mã số hàng hóa xuất khẩu, nhập khẩu",85693,313,19,TONG_CUC,Nguyễn Thị Thanh Phượng,null,https://files.customs.gov.vn/CustomsCMS/TONG_CUC/2023/6/19/330.pdf,https://www.customs.gov.vn/index.jsp?pageId=3&id=85693&cid=1294,2023,06/2023,2026-10-08T09:33:28Z
287,331/TB-KĐ3,15/06/2023,Tổng cục Hải qun,"Về kết quả phân tích kèm mã số hàng hóa xuất khẩu, nhập khẩu",85694,313,19,TONG_CUC,Nguyễn Thị Thanh Phượng,null,https://files.customs.gov.vn/CustomsCMS/TONG_CUC/2023/6/19/331.pdf,https://www.customs.gov.vn/index.jsp?pageId=3&id=85694&cid=1294,2023,06/2023,2026-10-08T09:33:28Z
288,319/TB-KĐ3,14/06/2023,Tổng cục Hải qun,"Về kết quả phân tích kèm mã số hàng hóa xuất khẩu, nhập khẩu",85686,313,19,TONG_CUC,Nguyễn Thị Thanh Phượng,null,https://files.customs.gov.vn/CustomsCMS/TONG_CUC/2023/6/19/319 (2).pdf,https://www.customs.gov.vn/index.jsp?pageId=3&id=85686&cid=1294,2023,06/2023,2026-10-08T09:33:28Z
289,310/TB-KĐ3,13/06/2023,Tổng cục Hải qun,"Về kết quả phân tích kèm mã số hàng hóa xuất khẩu, nhập khẩu",85683,313,19,TONG_CUC,Nguyễn Thị Thanh Phượng,null,https://files.customs.gov.vn/CustomsCMS/TONG_CUC/2023/6/19/310 (1).pdf,https://www.customs.gov.vn/index.jsp?pageId=3&id=85683&cid=1294,2023,06/2023,2026-10-08T09:33:28Z
290,313/TB-KĐ3,13/06/2023,Tổng cục Hải qun,"Về kết quả phân tích kèm mã số hàng hóa xuất khẩu, nhập khẩu",85684,313,19,TONG_CUC,Nguyễn Thị Thanh Phượng,null,https://files.customs.gov.vn/CustomsCMS/TONG_CUC/2023/6/19/313 (2).pdf,https://www.customs.gov.vn/index.jsp?pageId=3&id=85684&cid=1294,2023,06/2023,2026-10-08T09:33:28Z
291,318/TB-KĐ3,13/06/2023,Tổng cục Hải qun,"Về kết quả phân tích kèm mã số hàng hóa xuất khẩu, nhập khẩu",85685,313,19,TONG_CUC,Nguyễn Thị Thanh Phượng,null,https://files.customs.gov.vn/CustomsCMS/TONG_CUC/2023/6/19/318 (2).pdf,https://www.customs.gov.vn/index.jsp?pageId=3&id=85685&cid=1294,2023,06/2023,2026-10-08T09:33:28Z
292,92/TB-KĐ4,13/06/2023,Tổng cục Hải qun,"Về kết quả phân tích kèm mã số hàng hóa xuất khẩu, nhập khẩu",85704,313,19,TONG_CUC,Trần Hương Giang,null,https://files.customs.gov.vn/CustomsCMS/TONG_CUC/2023/6/19/92_TB-KÐ4.pdf,https://www.customs.gov.vn/index.jsp?pageId=3&id=85704&cid=1294,2023,06/2023,2026-10-08T09:33:28Z
293,93/TB-KĐ4,13/06/2023,Tổng cục Hải qun,"Về kết quả phân tích kèm mã số hàng hóa xuất khẩu, nhập khẩu",85705,313,19,TONG_CUC,Trần Hương Giang,null,https://files.customs.gov.vn/CustomsCMS/TONG_CUC/2023/6/19/93_TB-KÐ4.pdf,https://www.customs.gov.vn/index.jsp?pageId=3&id=85705&cid=1294,2023,06/2023,2026-10-08T09:33:28Z
294,2905/TB-TCHQ,12/06/2023,Tổng cục Hải quan,Kết quả xác định trước mã số,85644,313,19,TONG_CUC,Hoàng Việt Cường,12/06/2023,https://files.customs.gov.vn/CustomsCMS/TONG_CUC/2023/6/16/2905.PDF,https://www.customs.gov.vn/index.jsp?pageId=3&id=85644&cid=1294,2023,06/2023,2026-10-08T09:33:28Z
295,2906/TB-TCHQ,12/06/2023,Tổng cục Hải quan,Kết quả xác định trước mã số,85645,313,19,TONG_CUC,Hoàng Việt Cường,12/06/2023,https://files.customs.gov.vn/CustomsCMS/TONG_CUC/2023/6/16/2906.PDF,https://www.customs.gov.vn/index.jsp?pageId=3&id=85645&cid=1294,2023,06/2023,2026-10-08T09:33:28Z
296,2907/TB-TCHQ,12/06/2023,Tổng cục Hải quan,Kết quả xác định trước mã số,85646,313,19,TONG_CUC,Hoàng Việt Cường,12/06/2023,https://files.customs.gov.vn/CustomsCMS/TONG_CUC/2023/6/16/2907.PDF,https://www.customs.gov.vn/index.jsp?pageId=3&id=85646&cid=1294,2023,06/2023,2026-10-08T09:33:28Z
297,2908/TB-TCHQ,12/06/2023,Tổng cục Hải quan,Kết quả xác định trước mã số,85647,313,19,TONG_CUC,Hoàng Việt Cường,12/06/2023,https://files.customs.gov.vn/CustomsCMS/TONG_CUC/2023/6/16/2908.PDF,https://www.customs.gov.vn/index.jsp?pageId=3&id=85647&cid=1294,2023,06/2023,2026-10-08T09:33:28Z
298,308/TB-KĐ3,12/06/2023,Tổng cục Hải qun,"Về kết quả phân tích kèm mã số hàng hóa xuất khẩu, nhập khẩu",85681,313,19,TONG_CUC,Nguyễn Thị Thanh Phượng,null,https://files.customs.gov.vn/CustomsCMS/TONG_CUC/2023/6/19/308 (1).pdf,https://www.customs.gov.vn/index.jsp?pageId=3&id=85681&cid=1294,2023,06/2023,2026-10-08T09:33:28Z
299,309/TB-KĐ3,12/06/2023,Tổng cục Hải qun,"Về kết quả phân tích kèm mã số hàng hóa xuất khẩu, nhập khẩu",85682,313,19,TONG_CUC,Nguyễn Thị Thanh Phượng,null,https://files.customs.gov.vn/CustomsCMS/TONG_CUC/2023/6/19/309.pdf,https://www.customs.gov.vn/index.jsp?pageId=3&id=85682&cid=1294,2023,06/2023,2026-10-08T09:33:28Z
300,57/TB-KĐCMTV,12/06/2023,Tổng cục Hải qun,"Về kết quả phân tích kèm mã số hàng hóa xuất khẩu, nhập khẩu",85673,313,19,TONG_CUC,Lâm Đại Tú,null,https://files.customs.gov.vn/CustomsCMS/TONG_CUC/2023/6/19/57 (1).pdf,https://www.customs.gov.vn/index.jsp?pageId=3&id=85673&cid=1294,2023,06/2023,2026-10-08T09:33:28Z
301,307/TB-KĐ3,09/06/2023,Tổng cục Hải qun,"Về kết quả phân tích kèm mã số hàng hóa xuất khẩu, nhập khẩu",85680,313,19,TONG_CUC,Nguyễn Thị Thanh Phượng,null,https://files.customs.gov.vn/CustomsCMS/TONG_CUC/2023/6/19/307.pdf,https://www.customs.gov.vn/index.jsp?pageId=3&id=85680&cid=1294,2023,06/2023,2026-10-08T09:33:28Z
302,91/TB-KĐ4,09/06/2023,Tổng cục Hải qun,"Về kết quả phân tích kèm mã số hàng hóa xuất khẩu, nhập khẩu",85703,313,19,TONG_CUC,Lê Ngọc Tấn,null,https://files.customs.gov.vn/CustomsCMS/TONG_CUC/2023/6/19/91_TB-KÐ4 (1).pdf,https://www.customs.gov.vn/index.jsp?pageId=3&id=85703&cid=1294,2023,06/2023,2026-10-08T09:33:28Z
303,306/TB-KĐ3,08/06/2023,Tổng cục Hải qun,"Về kết quả phân tích kèm mã số hàng hóa xuất khẩu, nhập khẩu",85679,313,19,TONG_CUC,Nguyễn Thị Thanh Phượng,null,https://files.customs.gov.vn/CustomsCMS/TONG_CUC/2023/6/19/306.pdf,https://www.customs.gov.vn/index.jsp?pageId=3&id=85679&cid=1294,2023,06/2023,2026-10-08T09:33:28Z
304,90/TB-KĐ4,08/06/2023,Tổng cục Hải qun,"Về kết quả phân tích kèm mã số hàng hóa xuất khẩu, nhập khẩu",85702,313,19,TONG_CUC,Lê Ngọc Tấn,null,https://files.customs.gov.vn/CustomsCMS/TONG_CUC/2023/6/19/90_TB-KÐ4.pdf,https://www.customs.gov.vn/index.jsp?pageId=3&id=85702&cid=1294,2023,06/2023,2026-10-08T09:33:28Z
305,89/TB-KĐ4,07/06/2023,Tổng cục Hải qun,"Về kết quả phân tích kèm mã số hàng hóa xuất khẩu, nhập khẩu",85701,313,19,TONG_CUC,Lê Ngọc Tấn,null,https://files.customs.gov.vn/CustomsCMS/TONG_CUC/2023/6/19/89_TB-KÐ4.pdf,https://www.customs.gov.vn/index.jsp?pageId=3&id=85701&cid=1294,2023,06/2023,2026-10-08T09:33:28Z
306,2790/TB-TCHQ,06/06/2023,Tổng cục Hải quan,Kết quả xác định trước mã số,85624,313,19,TONG_CUC,Hoàng Việt Cường,06/06/2023,https://files.customs.gov.vn/CustomsCMS/TONG_CUC/2023/6/15/2790.PDF,https://www.customs.gov.vn/index.jsp?pageId=3&id=85624&cid=1294,2023,06/2023,2026-10-08T09:33:28Z
307,2791/TB-TCHQ,06/06/2023,Tổng cục Hải quan,Kết quả xác định trước mã số,85623,313,19,TONG_CUC,Hoàng Việt Cường,06/06/2023,https://files.customs.gov.vn/CustomsCMS/TONG_CUC/2023/6/15/2791.PDF,https://www.customs.gov.vn/index.jsp?pageId=3&id=85623&cid=1294,2023,06/2023,2026-10-08T09:33:28Z
308,84/TB-KĐ4,06/06/2023,Tổng cục Hải qun,"Về kết quả phân tích kèm mã số hàng hóa xuất khẩu, nhập khẩu",85696,313,19,TONG_CUC,Lê Ngọc Tấn,null,https://files.customs.gov.vn/CustomsCMS/TONG_CUC/2023/6/19/84_TB-KÐ4.pdf,https://www.customs.gov.vn/index.jsp?pageId=3&id=85696&cid=1294,2023,06/2023,2026-10-08T09:33:28Z
309,85/TB-KĐ4,06/06/2023,Tổng cục Hải qun,"Về kết quả phân tích kèm mã số hàng hóa xuất khẩu, nhập khẩu",85697,313,19,TONG_CUC,Lê Ngọc Tấn,null,https://files.customs.gov.vn/CustomsCMS/TONG_CUC/2023/6/19/85_TB-KÐ4.pdf,https://www.customs.gov.vn/index.jsp?pageId=3&id=85697&cid=1294,2023,06/2023,2026-10-08T09:33:28Z
310,86/TB-KĐ4,06/06/2023,Tổng cục Hải qun,"Về kết quả phân tích kèm mã số hàng hóa xuất khẩu, nhập khẩu",85698,313,19,TONG_CUC,Lê Ngọc Tấn,null,https://files.customs.gov.vn/CustomsCMS/TONG_CUC/2023/6/19/86_TB-KÐ4.pdf,https://www.customs.gov.vn/index.jsp?pageId=3&id=85698&cid=1294,2023,06/2023,2026-10-08T09:33:28Z
311,87/TB-KĐ4,06/06/2023,Tổng cục Hải qun,"Về kết quả phân tích kèm mã số hàng hóa xuất khẩu, nhập khẩu",85699,313,19,TONG_CUC,Lê Ngọc Tấn,null,https://files.customs.gov.vn/CustomsCMS/TONG_CUC/2023/6/19/87_TB-KÐ4.pdf,https://www.customs.gov.vn/index.jsp?pageId=3&id=85699&cid=1294,2023,06/2023,2026-10-08T09:33:28Z
312,88/TB-KĐ4,06/06/2023,Tổng cục Hải qun,"Về kết quả phân tích kèm mã số hàng hóa xuất khẩu, nhập khẩu",85700,313,19,TONG_CUC,Lê Ngọc Tấn,null,https://files.customs.gov.vn/CustomsCMS/TONG_CUC/2023/6/19/88_TB-KÐ4.pdf,https://www.customs.gov.vn/index.jsp?pageId=3&id=85700&cid=1294,2023,06/2023,2026-10-08T09:33:28Z
313,2765/TB-TCHQ,05/06/2023,Tổng cục Hải quan,Kết quả xác định trước mã số,85626,313,19,TONG_CUC,Hoàng Việt Cường,05/06/2023,https://files.customs.gov.vn/CustomsCMS/TONG_CUC/2023/6/15/2765.PDF,https://www.customs.gov.vn/index.jsp?pageId=3&id=85626&cid=1294,2023,06/2023,2026-10-08T09:33:28Z
314,297/TB-KĐ3,05/06/2023,Tổng cục Hải qun,"Về kết quả phân tích kèm mã số hàng hóa xuất khẩu, nhập khẩu",85675,313,19,TONG_CUC,Nguyễn Thị Thanh Phượng,null,https://files.customs.gov.vn/CustomsCMS/TONG_CUC/2023/6/19/297.pdf,https://www.customs.gov.vn/index.jsp?pageId=3&id=85675&cid=1294,2023,06/2023,2026-10-08T09:33:28Z
315,298/TB-KĐ3,05/06/2023,Tổng cục Hải qun,"Về kết quả phân tích kèm mã số hàng hóa xuất khẩu, nhập khẩu",85676,313,19,TONG_CUC,Nguyễn Thị Thanh Phượng,null,https://files.customs.gov.vn/CustomsCMS/TONG_CUC/2023/6/19/298.pdf,https://www.customs.gov.vn/index.jsp?pageId=3&id=85676&cid=1294,2023,06/2023,2026-10-08T09:33:28Z
316,299/TB-KĐ3,05/06/2023,Tổng cục Hải qun,"Về kết quả phân tích kèm mã số hàng hóa xuất khẩu, nhập khẩu",85677,313,19,TONG_CUC,Nguyễn Thị Thanh Phượng,null,https://files.customs.gov.vn/CustomsCMS/TONG_CUC/2023/6/19/299.pdf,https://www.customs.gov.vn/index.jsp?pageId=3&id=85677&cid=1294,2023,06/2023,2026-10-08T09:33:28Z
317,300/TB-KĐ3,05/06/2023,Tổng cục Hải qun,"Về kết quả phân tích kèm mã số hàng hóa xuất khẩu, nhập khẩu",85678,313,19,TONG_CUC,Nguyễn Thị Thanh Phượng,null,https://files.customs.gov.vn/CustomsCMS/TONG_CUC/2023/6/19/300.pdf,https://www.customs.gov.vn/index.jsp?pageId=3&id=85678&cid=1294,2023,06/2023,2026-10-08T09:33:28Z
318,294/TB-KĐ3,02/06/2023,Tổng cục Hải qun,"Về kết quả phân tích kèm mã số hàng hóa xuất khẩu, nhập khẩu",85472,313,19,TONG_CUC,Nguyễn Thị Thanh Phượng,null,https://files.customs.gov.vn/CustomsCMS/TONG_CUC/2023/6/5/294 (1).pdf,https://www.customs.gov.vn/index.jsp?pageId=3&id=85472&cid=1294,2023,06/2023,2026-10-08T09:33:28Z
319,296/TB-KĐ3,02/06/2023,Tổng cục Hải qun,"Về kết quả phân tích kèm mã số hàng hóa xuất khẩu, nhập khẩu",85674,313,19,TONG_CUC,Nguyễn Phương Nhi,null,https://files.customs.gov.vn/CustomsCMS/TONG_CUC/2023/6/19/296 (1).pdf,https://www.customs.gov.vn/index.jsp?pageId=3&id=85674&cid=1294,2023,06/2023,2026-10-08T09:33:28Z
320,55/TB-KĐCMTV,02/06/2023,Tổng cục Hải qun,"Về kết quả phân tích kèm mã số hàng hóa xuất khẩu, nhập khẩu",85671,313,19,TONG_CUC,Lâm Đại Tú,null,https://files.customs.gov.vn/CustomsCMS/TONG_CUC/2023/6/19/55.pdf,https://www.customs.gov.vn/index.jsp?pageId=3&id=85671&cid=1294,2023,06/2023,2026-10-08T09:33:28Z
321,56/TB-KĐCMTV,02/06/2023,Tổng cục Hải qun,"Về kết quả phân tích kèm mã số hàng hóa xuất khẩu, nhập khẩu",85672,313,19,TONG_CUC,Lâm Đại Tú,null,https://files.customs.gov.vn/CustomsCMS/TONG_CUC/2023/6/19/56.pdf,https://www.customs.gov.vn/index.jsp?pageId=3&id=85672&cid=1294,2023,06/2023,2026-10-08T09:33:28Z
322,291/TB-KĐ3,01/06/2023,Tổng cục Hải qun,"Về kết quả phân tích kèm mã số hàng hóa xuất khẩu, nhập khẩu",85473,313,19,TONG_CUC,Nguyễn Thị Thanh Phượng,null,https://files.customs.gov.vn/CustomsCMS/TONG_CUC/2023/6/5/291.pdf,https://www.customs.gov.vn/index.jsp?pageId=3&id=85473&cid=1294,2023,06/2023,2026-10-08T09:33:28Z
323,410/TB-KĐ3,31/07/2023,Tổng cục Hải qun,"Về kết quả phân tích kèm mã số hàng hóa xuất khẩu, nhập khẩu",86805,313,19,TONG_CUC,Nguyễn Phương Nhi,null,https://files.customs.gov.vn/CustomsCMS/TONG_CUC/2023/8/3/410.pdf,https://www.customs.gov.vn/index.jsp?pageId=3&id=86805&cid=1294,2023,07/2023,2026-10-08T09:33:28Z
324,411/TB-KĐ3,31/07/2023,Tổng cục Hải qun,"Về kết quả phân tích kèm mã số hàng hóa xuất khẩu, nhập khẩu",86806,313,19,TONG_CUC,Nguyễn Phương Nhi,null,https://files.customs.gov.vn/CustomsCMS/TONG_CUC/2023/8/3/411.pdf,https://www.customs.gov.vn/index.jsp?pageId=3&id=86806&cid=1294,2023,07/2023,2026-10-08T09:33:28Z
325,412/TB-KĐ3,31/07/2023,Tổng cục Hải qun,"Về kết quả phân tích kèm mã số hàng hóa xuất khẩu, nhập khẩu",86807,313,19,TONG_CUC,Nguyễn Phương Nhi,null,https://files.customs.gov.vn/CustomsCMS/TONG_CUC/2023/8/3/412.pdf,https://www.customs.gov.vn/index.jsp?pageId=3&id=86807&cid=1294,2023,07/2023,2026-10-08T09:33:28Z
326,414/TB-KĐ3,31/07/2023,Tổng cục Hải qun,"Về kết quả phân tích kèm mã số hàng hóa xuất khẩu, nhập khẩu",86808,313,19,TONG_CUC,Nguyễn Thị Thanh Phượng,null,https://files.customs.gov.vn/CustomsCMS/TONG_CUC/2023/8/3/414.pdf,https://www.customs.gov.vn/index.jsp?pageId=3&id=86808&cid=1294,2023,07/2023,2026-10-08T09:33:28Z
327,400/TB-KĐ3,27/07/2023,Tổng cục Hải qun,"Về kết quả phân tích kèm mã số hàng hóa xuất khẩu, nhập khẩu",86798,313,19,TONG_CUC,Nguyễn Thị Thanh Phượng,null,https://files.customs.gov.vn/CustomsCMS/TONG_CUC/2023/8/3/400.pdf,https://www.customs.gov.vn/index.jsp?pageId=3&id=86798&cid=1294,2023,07/2023,2026-10-08T09:33:28Z
328,401/TB-KĐ3,27/07/2023,Tổng cục Hải qun,"Về kết quả phân tích kèm mã số hàng hóa xuất khẩu, nhập khẩu",86799,313,19,TONG_CUC,Nguyễn Thị Thanh Phượng,null,https://files.customs.gov.vn/CustomsCMS/TONG_CUC/2023/8/3/401.pdf,https://www.customs.gov.vn/index.jsp?pageId=3&id=86799&cid=1294,2023,07/2023,2026-10-08T09:33:28Z
329,402/TB-KĐ3,27/07/2023,Tổng cục Hải qun,"Về kết quả phân tích kèm mã số hàng hóa xuất khẩu, nhập khẩu",86800,313,19,TONG_CUC,Nguyễn Thị Thanh Phượng,null,https://files.customs.gov.vn/CustomsCMS/TONG_CUC/2023/8/3/402.pdf,https://www.customs.gov.vn/index.jsp?pageId=3&id=86800&cid=1294,2023,07/2023,2026-10-08T09:33:28Z
330,403/TB-KĐ3,27/07/2023,Tổng cục Hải qun,"Về kết quả phân tích kèm mã số hàng hóa xuất khẩu, nhập khẩu",86801,313,19,TONG_CUC,Nguyễn Thị Thanh Phượng,null,https://files.customs.gov.vn/CustomsCMS/TONG_CUC/2023/8/3/403.pdf,https://www.customs.gov.vn/index.jsp?pageId=3&id=86801&cid=1294,2023,07/2023,2026-10-08T09:33:28Z
331,404/TB-KĐ3,27/07/2023,Tổng cục Hải qun,"Về kết quả phân tích kèm mã số hàng hóa xuất khẩu, nhập khẩu",86802,313,19,TONG_CUC,Nguyễn Thị Thanh Phượng,null,https://files.customs.gov.vn/CustomsCMS/TONG_CUC/2023/8/3/404.pdf,https://www.customs.gov.vn/index.jsp?pageId=3&id=86802&cid=1294,2023,07/2023,2026-10-08T09:33:28Z
332,405/TB-KĐ3,27/07/2023,Tổng cục Hải qun,"Về kết quả phân tích kèm mã số hàng hóa xuất khẩu, nhập khẩu",86803,313,19,TONG_CUC,Nguyễn Thị Thanh Phượng,null,https://files.customs.gov.vn/CustomsCMS/TONG_CUC/2023/8/3/405.pdf,https://www.customs.gov.vn/index.jsp?pageId=3&id=86803&cid=1294,2023,07/2023,2026-10-08T09:33:28Z
333,406/TB-KĐ3,27/07/2023,Tổng cục Hải qun,"Về kết quả phân tích kèm mã số hàng hóa xuất khẩu, nhập khẩu",86804,313,19,TONG_CUC,Nguyễn Thị Thanh Phượng,null,https://files.customs.gov.vn/CustomsCMS/TONG_CUC/2023/8/3/406.pdf,https://www.customs.gov.vn/index.jsp?pageId=3&id=86804&cid=1294,2023,07/2023,2026-10-08T09:33:28Z
334,112/TB-KĐHQ,26/07/2023,Tổng cục Hải qun,"Về kết quả phân tích đối với mã số hàng hóa xuất khẩu, nhập khẩu",87959,313,19,TONG_CUC,Nguyễn Xuân Cường,null,https://files.customs.gov.vn/CustomsCMS/TONG_CUC/2023/8/31/112.pdf,https://www.customs.gov.vn/index.jsp?pageId=3&id=87959&cid=1294,2023,07/2023,2026-10-08T09:33:28Z
335,3893/TB-TCHQ,26/07/2023,Tổng cục Hải quan,Kết quả xác định trước mã số,86684,313,19,TONG_CUC,Hoàng Việt Cường,26/07/2023,https://files.customs.gov.vn/CustomsCMS/TONG_CUC/2023/7/27/3893.PDF,https://www.customs.gov.vn/index.jsp?pageId=3&id=86684&cid=1294,2023,07/2023,2026-10-08T09:33:28Z
336,3903/TB-TCHQ,26/07/2023,Tổng cục Hải quan,Kết quả xác định trước mã số,86693,313,19,TONG_CUC,Hoàng Việt Cường,26/07/2023,https://files.customs.gov.vn/CustomsCMS/TONG_CUC/2023/7/28/3903.PDF,https://www.customs.gov.vn/index.jsp?pageId=3&id=86693&cid=1294,2023,07/2023,2026-10-08T09:33:28Z
337,397/TB-KĐ3,26/07/2023,Tổng cục Hải qun,"Về kết quả phân tích kèm mã số hàng hóa xuất khẩu, nhập khẩu",86795,313,19,TONG_CUC,Nguyễn Thị Thanh Phượng,null,https://files.customs.gov.vn/CustomsCMS/TONG_CUC/2023/8/3/397.pdf,https://www.customs.gov.vn/index.jsp?pageId=3&id=86795&cid=1294,2023,07/2023,2026-10-08T09:33:28Z
338,398/TB-KĐ3,26/07/2023,Tổng cục Hải qun,"Về kết quả phân tích kèm mã số hàng hóa xuất khẩu, nhập khẩu",86796,313,19,TONG_CUC,Nguyễn Thị Thanh Phượng,null,https://files.customs.gov.vn/CustomsCMS/TONG_CUC/2023/8/3/398.pdf,https://www.customs.gov.vn/index.jsp?pageId=3&id=86796&cid=1294,2023,07/2023,2026-10-08T09:33:28Z
339,399/TB-KĐ3,26/07/2023,Tổng cục Hải qun,"Về kết quả phân tích kèm mã số hàng hóa xuất khẩu, nhập khẩu",86797,313,19,TONG_CUC,Nguyễn Thị Thanh Phượng,null,https://files.customs.gov.vn/CustomsCMS/TONG_CUC/2023/8/3/399.pdf,https://www.customs.gov.vn/index.jsp?pageId=3&id=86797&cid=1294,2023,07/2023,2026-10-08T09:33:28Z
340,126/TB-KĐ4,25/07/2023,Tổng cục Hải qun,"Về kết quả phân tích kèm mã số hàng hóa xuất khẩu, nhập khẩu",86818,313,19,TONG_CUC,Trần Hương Giang,null,https://files.customs.gov.vn/CustomsCMS/TONG_CUC/2023/8/3/126.pdf,https://www.customs.gov.vn/index.jsp?pageId=3&id=86818&cid=1294,2023,07/2023,2026-10-08T09:33:28Z
341,3873/TB-TCHQ,25/07/2023,Tổng cục Hải quan,Kết quả xác định trước mã số,86666,313,19,TONG_CUC,Hoàng Việt Cường,25/07/2023,https://files.customs.gov.vn/CustomsCMS/TONG_CUC/2023/7/26/3873.PDF,https://www.customs.gov.vn/index.jsp?pageId=3&id=86666&cid=1294,2023,07/2023,2026-10-08T09:33:28Z
342,3874/TB-TCHQ,25/07/2023,Tổng cục Hải quan,Kết quả xác định trước mã số,86664,313,19,TONG_CUC,Hoàng Việt Cường,25/07/2023,https://files.customs.gov.vn/CustomsCMS/TONG_CUC/2023/7/26/3874.PDF,https://www.customs.gov.vn/index.jsp?pageId=3&id=86664&cid=1294,2023,07/2023,2026-10-08T09:33:28Z
343,109/TB-KĐHQ,24/07/2023,Tổng cục Hải qun,"Về kết quả phân tích đối với mã số hàng hóa xuất khẩu, nhập khẩu",87956,313,19,TONG_CUC,Trần Quốc Định,null,https://files.customs.gov.vn/CustomsCMS/TONG_CUC/2023/8/31/899109.pdf,https://www.customs.gov.vn/index.jsp?pageId=3&id=87956&cid=1294,2023,07/2023,2026-10-08T09:33:28Z
344,110/TB-KĐHQ,24/07/2023,Tổng cục Hải qun,"Về kết quả phân tích đối với mã số hàng hóa xuất khẩu, nhập khẩu",87957,313,19,TONG_CUC,Nguyễn Xuân Cường,null,https://files.customs.gov.vn/CustomsCMS/TONG_CUC/2023/8/31/110.pdf,https://www.customs.gov.vn/index.jsp?pageId=3&id=87957&cid=1294,2023,07/2023,2026-10-08T09:33:28Z
345,111/TB-KĐHQ,24/07/2023,Tổng cục Hải qun,"Về kết quả phân tích đối với mã số hàng hóa xuất khẩu, nhập khẩu",87958,313,19,TONG_CUC,Nguyễn Xuân Cường,null,https://files.customs.gov.vn/CustomsCMS/TONG_CUC/2023/8/31/111.pdf,https://www.customs.gov.vn/index.jsp?pageId=3&id=87958&cid=1294,2023,07/2023,2026-10-08T09:33:28Z
346,124/TB-KĐ4,24/07/2023,Tổng cục Hải qun,"Về kết quả phân tích kèm mã số hàng hóa xuất khẩu, nhập khẩu",86816,313,19,TONG_CUC,Trần Hương Giang,null,https://files.customs.gov.vn/CustomsCMS/TONG_CUC/2023/8/3/124.pdf,https://www.customs.gov.vn/index.jsp?pageId=3&id=86816&cid=1294,2023,07/2023,2026-10-08T09:33:28Z
347,125/TB-KĐ4,24/07/2023,Tổng cục Hải qun,"Về kết quả phân tích kèm mã số hàng hóa xuất khẩu, nhập khẩu",86817,313,19,TONG_CUC,Trần Hương Giang,null,https://files.customs.gov.vn/CustomsCMS/TONG_CUC/2023/8/3/125 (1).pdf,https://www.customs.gov.vn/index.jsp?pageId=3&id=86817&cid=1294,2023,07/2023,2026-10-08T09:33:28Z
348,394/TB-KĐ3,24/07/2023,Tổng cục Hải qun,"Về kết quả phân tích kèm mã số hàng hóa xuất khẩu, nhập khẩu",86652,313,19,TONG_CUC,Nguyễn Thị Thanh Phượng,null,https://files.customs.gov.vn/CustomsCMS/TONG_CUC/2023/7/26/394.pdf,https://www.customs.gov.vn/index.jsp?pageId=3&id=86652&cid=1294,2023,07/2023,2026-10-08T09:33:28Z
349,395/TB-KĐ3,24/07/2023,Tổng cục Hải qun,"Về kết quả phân tích kèm mã số hàng hóa xuất khẩu, nhập khẩu",86794,313,19,TONG_CUC,Nguyễn Thị Thanh Phượng,null,https://files.customs.gov.vn/CustomsCMS/TONG_CUC/2023/8/3/395.pdf,https://www.customs.gov.vn/index.jsp?pageId=3&id=86794&cid=1294,2023,07/2023,2026-10-08T09:33:28Z
350,123/TB-KĐ4,22/07/2023,Tổng cục Hải qun,"Về kết quả phân tích kèm mã số hàng hóa xuất khẩu, nhập khẩu",86815,313,19,TONG_CUC,Lê Ngọc Tấn,null,,https://www.customs.gov.vn/index.jsp?pageId=3&id=86815&cid=1294,2023,07/2023,2026-10-08T09:33:28Z
351,118/TB-KĐ4,21/07/2023,Tổng cục Hải qun,"Về kết quả phân tích kèm mã số hàng hóa xuất khẩu, nhập khẩu",86810,313,19,TONG_CUC,Trần Hương Giang,null,https://files.customs.gov.vn/CustomsCMS/TONG_CUC/2023/8/3/118.pdf,https://www.customs.gov.vn/index.jsp?pageId=3&id=86810&cid=1294,2023,07/2023,2026-10-08T09:33:28Z
352,119/TB-KĐ4,21/07/2023,Tổng cục Hải qun,"Về kết quả phân tích kèm mã số hàng hóa xuất khẩu, nhập khẩu",86811,313,19,TONG_CUC,Lê Ngọc Tấn,null,https://files.customs.gov.vn/CustomsCMS/TONG_CUC/2023/8/3/119.pdf,https://www.customs.gov.vn/index.jsp?pageId=3&id=86811&cid=1294,2023,07/2023,2026-10-08T09:33:28Z
353,120/TB-KĐ4,21/07/2023,Tổng cục Hải qun,"Về kết quả phân tích kèm mã số hàng hóa xuất khẩu, nhập khẩu",86812,313,19,TONG_CUC,Lê Ngọc Tấn,null,https://files.customs.gov.vn/CustomsCMS/TONG_CUC/2023/8/3/120.pdf,https://www.customs.gov.vn/index.jsp?pageId=3&id=86812&cid=1294,2023,07/2023,2026-10-08T09:33:28Z
354,121/TB-KĐ4,21/07/2023,Tổng cục Hải qun,"Về kết quả phân tích kèm mã số hàng hóa xuất khẩu, nhập khẩu",86813,313,19,TONG_CUC,Lê Ngọc Tấn,null,https://files.customs.gov.vn/CustomsCMS/TONG_CUC/2023/8/3/121.pdf,https://www.customs.gov.vn/index.jsp?pageId=3&id=86813&cid=1294,2023,07/2023,2026-10-08T09:33:28Z
355,122/TB-KĐ4,21/07/2023,Tổng cục Hải qun,"Về kết quả phân tích kèm mã số hàng hóa xuất khẩu, nhập khẩu",86814,313,19,TONG_CUC,Lê Ngọc Tấn,null,https://files.customs.gov.vn/CustomsCMS/TONG_CUC/2023/8/3/122 (1).pdf,https://www.customs.gov.vn/index.jsp?pageId=3&id=86814&cid=1294,2023,07/2023,2026-10-08T09:33:28Z
356,3831/TB-TCHQ,21/07/2023,Tổng cục Hải quan,Kết quả xác định trước mã số,86611,313,19,TONG_CUC,Hoàng Việt Cường,21/07/2023,https://files.customs.gov.vn/CustomsCMS/TONG_CUC/2023/7/25/3831.PDF,https://www.customs.gov.vn/index.jsp?pageId=3&id=86611&cid=1294,2023,07/2023,2026-10-08T09:33:28Z
357,393/TB-KĐ3,21/07/2023,Tổng cục Hải qun,"Về kết quả phân tích kèm mã số hàng hóa xuất khẩu, nhập khẩu",86651,313,19,TONG_CUC,Nguyễn Thị Thanh Phượng,null,https://files.customs.gov.vn/CustomsCMS/TONG_CUC/2023/7/26/393.pdf,https://www.customs.gov.vn/index.jsp?pageId=3&id=86651&cid=1294,2023,07/2023,2026-10-08T09:33:28Z
358,3812/TB-TCHQ,20/07/2023,Tổng cục Hải quan,Kết quả xác định trước mã số,86533,313,19,TONG_CUC,Hoàng Việt Cường,20/07/2023,https://files.customs.gov.vn/CustomsCMS/TONG_CUC/2023/7/22/3812.PDF,https://www.customs.gov.vn/index.jsp?pageId=3&id=86533&cid=1294,2023,07/2023,2026-10-08T09:33:28Z
359,388/TB-KĐ3,20/07/2023,Tổng cục Hải qun,"Về kết quả phân tích kèm mã số hàng hóa xuất khẩu, nhập khẩu",86647,313,19,TONG_CUC,Nguyễn Thị Thanh Phượng,null,https://files.customs.gov.vn/CustomsCMS/TONG_CUC/2023/7/26/388.pdf,https://www.customs.gov.vn/index.jsp?pageId=3&id=86647&cid=1294,2023,07/2023,2026-10-08T09:33:28Z
360,389/TB-KĐ3,20/07/2023,Tổng cục Hải qun,"Về kết quả phân tích kèm mã số hàng hóa xuất khẩu, nhập khẩu",86648,313,19,TONG_CUC,Nguyễn Thị Thanh Phượng,null,https://files.customs.gov.vn/CustomsCMS/TONG_CUC/2023/7/26/162388.pdf,https://www.customs.gov.vn/index.jsp?pageId=3&id=86648&cid=1294,2023,07/2023,2026-10-08T09:33:28Z
361,390/TB-KĐ3,20/07/2023,Tổng cục Hải qun,"Về kết quả phân tích kèm mã số hàng hóa xuất khẩu, nhập khẩu",86649,313,19,TONG_CUC,Nguyễn Thị Thanh Phượng,null,https://files.customs.gov.vn/CustomsCMS/TONG_CUC/2023/7/26/390.pdf,https://www.customs.gov.vn/index.jsp?pageId=3&id=86649&cid=1294,2023,07/2023,2026-10-08T09:33:28Z
362,392/TB-KĐ3,20/07/2023,Tổng cục Hải qun,"Về kết quả phân tích kèm mã số hàng hóa xuất khẩu, nhập khẩu",86650,313,19,TONG_CUC,Nguyễn Thị Thanh Phượng,null,https://files.customs.gov.vn/CustomsCMS/TONG_CUC/2023/7/26/392.pdf,https://www.customs.gov.vn/index.jsp?pageId=3&id=86650&cid=1294,2023,07/2023,2026-10-08T09:33:28Z
363,108/TB-KĐHQ,19/07/2023,Tổng cục Hải qun,"Về kết quả phân tích đối với mã số hàng hóa xuất khẩu, nhập khẩu",87955,313,19,TONG_CUC,Nguyễn Xuân Cường,null,https://files.customs.gov.vn/CustomsCMS/TONG_CUC/2023/8/31/108.pdf,https://www.customs.gov.vn/index.jsp?pageId=3&id=87955&cid=1294,2023,07/2023,2026-10-08T09:33:28Z
364,387/TB-KĐ3,19/07/2023,Tổng cục Hải qun,"Về kết quả phân tích kèm mã số hàng hóa xuất khẩu, nhập khẩu",86646,313,19,TONG_CUC,Nguyễn Phương Nhi,null,https://files.customs.gov.vn/CustomsCMS/TONG_CUC/2023/7/26/387 (1).pdf,https://www.customs.gov.vn/index.jsp?pageId=3&id=86646&cid=1294,2023,07/2023,2026-10-08T09:33:28Z
365,107/TB-KĐHQ,18/07/2023,Tổng cục Hải qun,"Về kết quả phân tích đối với mã số hàng hóa xuất khẩu, nhập khẩu",87954,313,19,TONG_CUC,Nguyễn Xuân Cường,null,https://files.customs.gov.vn/CustomsCMS/TONG_CUC/2023/8/31/107.pdf,https://www.customs.gov.vn/index.jsp?pageId=3&id=87954&cid=1294,2023,07/2023,2026-10-08T09:33:28Z
366,115/TB-KĐ4,18/07/2023,Tổng cục Hải qun,"Về kết quả phân tích kèm mã số hàng hóa xuất khẩu, nhập khẩu",86643,313,19,TONG_CUC,Trần Hương Giang,null,https://files.customs.gov.vn/CustomsCMS/TONG_CUC/2023/7/26/115.pdf,https://www.customs.gov.vn/index.jsp?pageId=3&id=86643&cid=1294,2023,07/2023,2026-10-08T09:33:28Z
367,116/TB-KĐ4,18/07/2023,Tổng cục Hải qun,"Về kết quả phân tích kèm mã số hàng hóa xuất khẩu, nhập khẩu",86644,313,19,TONG_CUC,Trần Hương Giang,null,https://files.customs.gov.vn/CustomsCMS/TONG_CUC/2023/7/26/116.pdf,https://www.customs.gov.vn/index.jsp?pageId=3&id=86644&cid=1294,2023,07/2023,2026-10-08T09:33:28Z
368,117/TB-KĐ4,18/07/2023,Tổng cục Hải qun,"Về kết quả phân tích kèm mã số hàng hóa xuất khẩu, nhập khẩu",86645,313,19,TONG_CUC,Trần Hương Giang,null,https://files.customs.gov.vn/CustomsCMS/TONG_CUC/2023/7/26/117.pdf,https://www.customs.gov.vn/index.jsp?pageId=3&id=86645&cid=1294,2023,07/2023,2026-10-08T09:33:28Z
369,384/TB-KĐ3,18/07/2023,Tổng cục Hải qun,"Về kết quả phân tích kèm mã số hàng hóa xuất khẩu, nhập khẩu",86419,313,19,TONG_CUC,Nguyễn Thị Thanh Phượng,null,https://files.customs.gov.vn/CustomsCMS/TONG_CUC/2023/7/18/384.pdf,https://www.customs.gov.vn/index.jsp?pageId=3&id=86419&cid=1294,2023,07/2023,2026-10-08T09:33:28Z
370,385/TB-KĐ3,18/07/2023,Tổng cục Hải qun,"Về kết quả phân tích kèm mã số hàng hóa xuất khẩu, nhập khẩu",86420,313,19,TONG_CUC,Nguyễn Thị Thanh Phượng,null,https://files.customs.gov.vn/CustomsCMS/TONG_CUC/2023/7/18/385.pdf,https://www.customs.gov.vn/index.jsp?pageId=3&id=86420&cid=1294,2023,07/2023,2026-10-08T09:33:28Z
371,386/TB-KĐ3,18/07/2023,Tổng cục Hải qun,"Về kết quả phân tích kèm mã số hàng hóa xuất khẩu, nhập khẩu",86421,313,19,TONG_CUC,Nguyễn Thị Thanh Phượng,null,https://files.customs.gov.vn/CustomsCMS/TONG_CUC/2023/7/26/32386.pdf,https://www.customs.gov.vn/index.jsp?pageId=3&id=86421&cid=1294,2023,07/2023,2026-10-08T09:33:28Z
372,85/TB-KĐCMTV,17/07/2023,Tổng cục Hải qun,"Về kết quả phân tích kèm mã số hàng hóa xuất khẩu, nhập khẩu",86636,313,19,TONG_CUC,Lâm Đại Tú,null,https://files.customs.gov.vn/CustomsCMS/TONG_CUC/2023/7/26/85.pdf,https://www.customs.gov.vn/index.jsp?pageId=3&id=86636&cid=1294,2023,07/2023,2026-10-08T09:33:28Z
373,86/TB-KĐCMTV,17/07/2023,Tổng cục Hải qun,"Về kết quả phân tích kèm mã số hàng hóa xuất khẩu, nhập khẩu",86637,313,19,TONG_CUC,Lâm Đại Tú,null,https://files.customs.gov.vn/CustomsCMS/TONG_CUC/2023/7/26/86.pdf,https://www.customs.gov.vn/index.jsp?pageId=3&id=86637&cid=1294,2023,07/2023,2026-10-08T09:33:28Z
374,110/TB-KĐ4,14/07/2023,Tổng cục Hải qun,"Về kết quả phân tích kèm mã số hàng hóa xuất khẩu, nhập khẩu",86639,313,19,TONG_CUC,Lê Ngọc Tấn,null,https://files.customs.gov.vn/CustomsCMS/TONG_CUC/2023/7/26/110.pdf,https://www.customs.gov.vn/index.jsp?pageId=3&id=86639&cid=1294,2023,07/2023,2026-10-08T09:33:28Z
375,111/TB-KĐ4,14/07/2023,Tổng cục Hải qun,"Về kết quả phân tích kèm mã số hàng hóa xuất khẩu, nhập khẩu",86640,313,19,TONG_CUC,Lê Ngọc Tấn,null,https://files.customs.gov.vn/CustomsCMS/TONG_CUC/2023/7/26/111.pdf,https://www.customs.gov.vn/index.jsp?pageId=3&id=86640&cid=1294,2023,07/2023,2026-10-08T09:33:28Z
376,112/TB-KĐ4,14/07/2023,Tổng cục Hải qun,"Về kết quả phân tích kèm mã số hàng hóa xuất khẩu, nhập khẩu",86641,313,19,TONG_CUC,Trần Hương Giang,null,https://files.customs.gov.vn/CustomsCMS/TONG_CUC/2023/7/26/112.pdf,https://www.customs.gov.vn/index.jsp?pageId=3&id=86641&cid=1294,2023,07/2023,2026-10-08T09:33:28Z
377,113/TB-KĐ4,14/07/2023,Tổng cục Hải qun,"Về kết quả phân tích kèm mã số hàng hóa xuất khẩu, nhập khẩu",86642,313,19,TONG_CUC,Trần Hương Giang,null,https://files.customs.gov.vn/CustomsCMS/TONG_CUC/2023/7/26/113.pdf,https://www.customs.gov.vn/index.jsp?pageId=3&id=86642&cid=1294,2023,07/2023,2026-10-08T09:33:28Z
378,3668/TB-TCHQ,14/07/2023,Tổng cục Hải quan,Kết quả xác định trước mã số,86392,313,19,TONG_CUC,Hoàng Việt Cường,14/07/2023,https://files.customs.gov.vn/CustomsCMS/TONG_CUC/2023/7/17/3668.PDF,https://www.customs.gov.vn/index.jsp?pageId=3&id=86392&cid=1294,2023,07/2023,2026-10-08T09:33:28Z
379,109/TB-KĐ4,13/07/2023,Tổng cục Hải qun,"Về kết quả phân tích kèm mã số hàng hóa xuất khẩu, nhập khẩu",86638,313,19,TONG_CUC,Trần Hương Giang,null,https://files.customs.gov.vn/CustomsCMS/TONG_CUC/2023/7/26/109.pdf,https://www.customs.gov.vn/index.jsp?pageId=3&id=86638&cid=1294,2023,07/2023,2026-10-08T09:33:28Z
380,3647/TB-TCHQ,13/07/2023,Tổng cục Hải quan,Kết quả xác định trước mã số,86355,313,19,TONG_CUC,Hoàng Việt Cường,13/07/2023,https://files.customs.gov.vn/CustomsCMS/TONG_CUC/2023/7/14/3647.PDF,https://www.customs.gov.vn/index.jsp?pageId=3&id=86355&cid=1294,2023,07/2023,2026-10-08T09:33:28Z
381,3648/TB-TCHQ,13/07/2023,Tổng cục Hải quan,Kết quả xác định trước mã số,86354,313,19,TONG_CUC,Hoàng Việt Cường,13/07/2023,https://files.customs.gov.vn/CustomsCMS/TONG_CUC/2023/7/14/3648.PDF,https://www.customs.gov.vn/index.jsp?pageId=3&id=86354&cid=1294,2023,07/2023,2026-10-08T09:33:28Z
382,3649/TB-TCHQ,13/07/2023,Tổng cục Hải quan,Kết quả xác định trước mã số,86353,313,19,TONG_CUC,Hoàng Việt Cường,13/07/2023,https://files.customs.gov.vn/CustomsCMS/TONG_CUC/2023/7/14/3649.PDF,https://www.customs.gov.vn/index.jsp?pageId=3&id=86353&cid=1294,2023,07/2023,2026-10-08T09:33:28Z
383,3593/TB-TCHQ,11/07/2023,Tổng cục Hải quan,Kết quả xác định trước mã số,86293,313,19,TONG_CUC,Hoàng Việt Cường,11/07/2023,https://files.customs.gov.vn/CustomsCMS/TONG_CUC/2023/7/12/3593.PDF,https://www.customs.gov.vn/index.jsp?pageId=3&id=86293&cid=1294,2023,07/2023,2026-10-08T09:33:28Z
384,379/TB-KĐ3,11/07/2023,Tổng cục Hải qun,"Về kết quả phân tích kèm mã số hàng hóa xuất khẩu, nhập khẩu",86422,313,19,TONG_CUC,Nguyễn Thị Thanh Phượng,null,https://files.customs.gov.vn/CustomsCMS/TONG_CUC/2023/7/26/379.pdf,https://www.customs.gov.vn/index.jsp?pageId=3&id=86422&cid=1294,2023,07/2023,2026-10-08T09:33:28Z
385,377/TB-KĐ3,10/07/2023,Tổng cục Hải qun,"Về kết quả phân tích kèm mã số hàng hóa xuất khẩu, nhập khẩu",86433,313,19,TONG_CUC,Nguyễn Thị Thanh Phượng,null,,https://www.customs.gov.vn/index.jsp?pageId=3&id=86433&cid=1294,2023,07/2023,2026-10-08T09:33:28Z
386,378/Tb-KĐ3,10/07/2023,Tổng cục Hải qun,"Về kết quả phân tích kèm mã số hàng hóa xuất khẩu, nhập khẩu",86443,313,19,TONG_CUC,Nguyễn Thị Thanh Phượng,null,,https://www.customs.gov.vn/index.jsp?pageId=3&id=86443&cid=1294,2023,07/2023,2026-10-08T09:33:28Z
387,107/TB-KĐ4,07/07/2023,Tổng cục Hải qun,"Về kết quả phân tích kèm mã số hàng hóa xuất khẩu, nhập khẩu",86457,313,19,TONG_CUC,Trần Hương Giang,null,https://files.customs.gov.vn/CustomsCMS/TONG_CUC/2023/7/19/573107_TB-KÐ4.pdf,https://www.customs.gov.vn/index.jsp?pageId=3&id=86457&cid=1294,2023,07/2023,2026-10-08T09:33:28Z
388,372/TB-KĐ3,07/07/2023,Tổng cục Hải qun,"Về kết quả phân tích kèm mã số hàng hóa xuất khẩu, nhập khẩu",86429,313,19,TONG_CUC,Nguyễn Thị Thanh Phượng,null,https://files.customs.gov.vn/CustomsCMS/TONG_CUC/2023/7/18/372.pdf,https://www.customs.gov.vn/index.jsp?pageId=3&id=86429&cid=1294,2023,07/2023,2026-10-08T09:33:28Z
389,373/TB-KĐ3,07/07/2023,Tổng cục Hải qun,"Về kết quả phân tích kèm mã số hàng hóa xuất khẩu, nhập khẩu",86430,313,19,TONG_CUC,Nguyễn Thị Thanh Phượng,null,https://files.customs.gov.vn/CustomsCMS/TONG_CUC/2023/7/18/373.pdf,https://www.customs.gov.vn/index.jsp?pageId=3&id=86430&cid=1294,2023,07/2023,2026-10-08T09:33:28Z
390,374/TB-KĐ3,07/07/2023,Tổng cục Hải qun,"Về kết quả phân tích kèm mã số hàng hóa xuất khẩu, nhập khẩu",86431,313,19,TONG_CUC,Nguyễn Thị Thanh Phượng,null,https://files.customs.gov.vn/CustomsCMS/TONG_CUC/2023/7/18/374.pdf,https://www.customs.gov.vn/index.jsp?pageId=3&id=86431&cid=1294,2023,07/2023,2026-10-08T09:33:28Z
391,375/TB-KĐ3,07/07/2023,Tổng cục Hải qun,"Về kết quả phân tích kèm mã số hàng hóa xuất khẩu, nhập khẩu",86432,313,19,TONG_CUC,Nguyễn Thị Thanh Phượng,null,https://files.customs.gov.vn/CustomsCMS/TONG_CUC/2023/7/18/375.pdf,https://www.customs.gov.vn/index.jsp?pageId=3&id=86432&cid=1294,2023,07/2023,2026-10-08T09:33:28Z
392,3516/TCHQ-TXNK,06/07/2023,Tổng cục Hải quan,Kết quả xác định trước mã số,86214,313,19,TONG_CUC,Hoàng Việt Cường,06/07/2023,https://files.customs.gov.vn/CustomsCMS/TONG_CUC/2023/7/7/3516.PDF,https://www.customs.gov.vn/index.jsp?pageId=3&id=86214&cid=1294,2023,07/2023,2026-10-08T09:33:28Z
393,3517/TCHQ-TXNK,06/07/2023,Tổng cục Hải quan,Kết quả xác định trước mã số,86213,313,19,TONG_CUC,Hoàng Việt Cường,06/07/2023,https://files.customs.gov.vn/CustomsCMS/TONG_CUC/2023/7/7/3517.PDF,https://www.customs.gov.vn/index.jsp?pageId=3&id=86213&cid=1294,2023,07/2023,2026-10-08T09:33:28Z
394,366/TB-KĐ3,06/07/2023,Tổng cục Hải qun,"Về kết quả phân tích kèm mã số hàng hóa xuất khẩu, nhập khẩu",86425,313,19,TONG_CUC,Nguyễn Thị Thanh Phượng,null,https://files.customs.gov.vn/CustomsCMS/TONG_CUC/2023/7/18/366.pdf,https://www.customs.gov.vn/index.jsp?pageId=3&id=86425&cid=1294,2023,07/2023,2026-10-08T09:33:28Z
395,367/TB-KĐ3,06/07/2023,Tổng cục Hải qun,"Về kết quả phân tích kèm mã số hàng hóa xuất khẩu, nhập khẩu",86426,313,19,TONG_CUC,Nguyễn Thị Thanh Phượng,null,https://files.customs.gov.vn/CustomsCMS/TONG_CUC/2023/7/18/367.pdf,https://www.customs.gov.vn/index.jsp?pageId=3&id=86426&cid=1294,2023,07/2023,2026-10-08T09:33:28Z
396,368/TB-KĐ3,06/07/2023,Tổng cục Hải qun,"Về kết quả phân tích kèm mã số hàng hóa xuất khẩu, nhập khẩu",86428,313,19,TONG_CUC,Nguyễn Thị Thanh Phượng,null,https://files.customs.gov.vn/CustomsCMS/TONG_CUC/2023/7/18/368.pdf,https://www.customs.gov.vn/index.jsp?pageId=3&id=86428&cid=1294,2023,07/2023,2026-10-08T09:33:28Z
397,365/TB-KĐ3,05/07/2023,Tổng cục Hải qun,"Về kết quả phân tích kèm mã số hàng hóa xuất khẩu, nhập khẩu",86423,313,19,TONG_CUC,Nguyễn Phương Nhi,null,,https://www.customs.gov.vn/index.jsp?pageId=3&id=86423&cid=1294,2023,07/2023,2026-10-08T09:33:28Z
398,64/KĐ-KĐCMTV,05/07/2023,Tổng cục Hải qun,Về kết quả phân tích kèm mã số đề xuất,86463,313,19,TONG_CUC,Lâm Đại Tú,null,https://files.customs.gov.vn/CustomsCMS/TONG_CUC/2023/7/19/64 (1).pdf,https://www.customs.gov.vn/index.jsp?pageId=3&id=86463&cid=1294,2023,07/2023,2026-10-08T09:33:28Z
399,106/TB-KĐHQ,04/07/2023,Tổng cục Hải qun,"Về kết quả phân tích đối với mã số hàng hóa xuất khẩu, nhập khẩu",87953,313,19,TONG_CUC,Nguyễn Xuân Cường,null,https://files.customs.gov.vn/CustomsCMS/TONG_CUC/2023/8/31/106.pdf,https://www.customs.gov.vn/index.jsp?pageId=3&id=87953&cid=1294,2023,07/2023,2026-10-08T09:33:28Z
400,105/TB-KĐHQ,03/07/2023,Tổng cục Hải qun,"Về kết quả phân tích đối với hàng hóa xuất khẩu, nhập khẩu",87952,313,19,TONG_CUC,Trần Quốc Định,null,https://files.customs.gov.vn/CustomsCMS/TONG_CUC/2023/8/31/105.pdf,https://www.customs.gov.vn/index.jsp?pageId=3&id=87952&cid=1294,2023,07/2023,2026-10-08T09:33:28Z
401,153/TB-KĐ4,31/08/2023,Tổng cục Hải qun,"Về kết quả phân tích kèm mã số hàng hóa xuất khẩu, nhập khẩu",89158,313,19,TONG_CUC,Lê Ngọc Tấn,null,https://files.customs.gov.vn/CustomsCMS/TONG_CUC/2023/10/2/153_TB-KÐ4 (1).pdf,https://www.customs.gov.vn/index.jsp?pageId=3&id=89158&cid=1294,2023,08/2023,2026-10-08T09:33:28Z
402,154/TB-KĐ4,31/08/2023,Tổng cục Hải qun,"Về kết quả phân tích kèm mã số hàng hóa xuất khẩu, nhập khẩu",89159,313,19,TONG_CUC,Lê Ngọc Tấn,null,https://files.customs.gov.vn/CustomsCMS/TONG_CUC/2023/10/2/154_TB-KÐ4 (1).pdf,https://www.customs.gov.vn/index.jsp?pageId=3&id=89159&cid=1294,2023,08/2023,2026-10-08T09:33:28Z
403,155/TB-KĐ4,31/08/2023,Tổng cục Hải qun,"Về kết quả phân tích kèm mã số hàng hóa xuất khẩu, nhập khẩu",89160,313,19,TONG_CUC,Trần Hương Giang,null,https://files.customs.gov.vn/CustomsCMS/TONG_CUC/2023/10/2/155_TB-KÐ4.pdf,https://www.customs.gov.vn/index.jsp?pageId=3&id=89160&cid=1294,2023,08/2023,2026-10-08T09:33:28Z
404,156/TB-KĐ4,31/08/2023,Tổng cục Hải qun,"Về kết quả phân tích kèm mã số hàng hóa xuất khẩu, nhập khẩu",89161,313,19,TONG_CUC,Lê Ngọc Tấn,null,https://files.customs.gov.vn/CustomsCMS/TONG_CUC/2023/10/2/156_TB-KÐ4.pdf,https://www.customs.gov.vn/index.jsp?pageId=3&id=89161&cid=1294,2023,08/2023,2026-10-08T09:33:28Z
405,157/TB-KĐ4,31/08/2023,Tổng cục Hải qun,"Về kết quả phân tích kèm mã số hàng hóa xuất khẩu, nhập khẩu",89163,313,19,TONG_CUC,Lê Ngọc Tấn,null,https://files.customs.gov.vn/CustomsCMS/TONG_CUC/2023/10/2/157_TB-KÐ4.pdf,https://www.customs.gov.vn/index.jsp?pageId=3&id=89163&cid=1294,2023,08/2023,2026-10-08T09:33:28Z
406,158/TB-KĐ4,31/08/2023,Tổng cục Hải qun,"Về kết quả phân tích kèm mã số hàng hóa xuất khẩu, nhập khẩu",89164,313,19,TONG_CUC,Lê Ngọc Tấn,null,https://files.customs.gov.vn/CustomsCMS/TONG_CUC/2023/10/2/158_TB-KÐ4.pdf,https://www.customs.gov.vn/index.jsp?pageId=3&id=89164&cid=1294,2023,08/2023,2026-10-08T09:33:28Z
407,159/TB-KĐ4,31/08/2023,Tổng cục Hải qun,"Về kết quả phân tích kèm mã số hàng hóa xuất khẩu, nhập khẩu",89167,313,19,TONG_CUC,Lê Ngọc Tấn,null,https://files.customs.gov.vn/CustomsCMS/TONG_CUC/2023/10/2/159_TB-KÐ4.pdf,https://www.customs.gov.vn/index.jsp?pageId=3&id=89167&cid=1294,2023,08/2023,2026-10-08T09:33:28Z
408,4588/TB-TCHQ,31/08/2023,Tổng cục Hải quan,Kết quả xác định trước mã số,88173,313,19,TONG_CUC,Hoàng Việt Cường,31/08/2023,https://files.customs.gov.vn/CustomsCMS/TONG_CUC/2023/9/6/4588.PDF,https://www.customs.gov.vn/index.jsp?pageId=3&id=88173&cid=1294,2023,08/2023,2026-10-08T09:33:28Z
409,4589/TB-TCHQ,31/08/2023,Tổng cục Hải quan,Kết quả xác định trước mã số,88172,313,19,TONG_CUC,Hoàng Việt Cường,31/08/2023,https://files.customs.gov.vn/CustomsCMS/TONG_CUC/2023/9/6/4589.PDF,https://www.customs.gov.vn/index.jsp?pageId=3&id=88172&cid=1294,2023,08/2023,2026-10-08T09:33:28Z
410,4590/TB-TCHQ,31/08/2023,Tổng cục Hải quan,Kết quả xác định trước mã số,88174,313,19,TONG_CUC,Hoàng Việt Cường,31/08/2023,https://files.customs.gov.vn/CustomsCMS/TONG_CUC/2023/9/6/4590.PDF,https://www.customs.gov.vn/index.jsp?pageId=3&id=88174&cid=1294,2023,08/2023,2026-10-08T09:33:28Z
411,545/TB-KĐ3,31/08/2023,Tổng cục Hải qun,"Về kết quả phân tích kèm mã số hàng hóa xuất khẩu, nhập khẩu",89171,313,19,TONG_CUC,Nguyễn Thị Thanh Phượng,null,https://files.customs.gov.vn/CustomsCMS/TONG_CUC/2023/10/2/545.pdf,https://www.customs.gov.vn/index.jsp?pageId=3&id=89171&cid=1294,2023,08/2023,2026-10-08T09:33:28Z
412,546/TB-KĐ3,31/08/2023,Tổng cục Hải qun,"Về kết quả phân tích kèm mã số hàng hóa xuất khẩu, nhập khẩu",89172,313,19,TONG_CUC,Nguyễn Thị Thanh Phượng,null,https://files.customs.gov.vn/CustomsCMS/TONG_CUC/2023/10/2/546.pdf,https://www.customs.gov.vn/index.jsp?pageId=3&id=89172&cid=1294,2023,08/2023,2026-10-08T09:33:28Z
413,150/TB-KĐ4,30/08/2023,Tổng cục Hải qun,"Về kết quả phân tích kèm mã số hàng hóa xuất khẩu, nhập khẩu",89155,313,19,TONG_CUC,Lê Ngọc Tấn,null,https://files.customs.gov.vn/CustomsCMS/TONG_CUC/2023/10/2/150_TB-KÐ4.pdf,https://www.customs.gov.vn/index.jsp?pageId=3&id=89155&cid=1294,2023,08/2023,2026-10-08T09:33:28Z
414,151/TB-KĐ4,30/08/2023,Tổng cục Hải qun,"Về kết quả phân tích kèm mã số hàng hóa xuất khẩu, nhập khẩu",89156,313,19,TONG_CUC,Lê Ngọc Tấn,null,https://files.customs.gov.vn/CustomsCMS/TONG_CUC/2023/10/2/151_TB-KÐ4.pdf,https://www.customs.gov.vn/index.jsp?pageId=3&id=89156&cid=1294,2023,08/2023,2026-10-08T09:33:28Z
415,152/TB-KĐ4,30/08/2023,Tổng cục Hải qun,"Về kết quả phân tích kèm mã số hàng hóa xuất khẩu, nhập khẩu",89157,313,19,TONG_CUC,Lê Ngọc Tấn,null,https://files.customs.gov.vn/CustomsCMS/TONG_CUC/2023/10/2/152_TB-KÐ4.pdf,https://www.customs.gov.vn/index.jsp?pageId=3&id=89157&cid=1294,2023,08/2023,2026-10-08T09:33:28Z
416,4539/TB-TCHQ,30/08/2023,Tổng cục Hải quan,Kết quả xác định trước mã số,88017,313,19,TONG_CUC,Hoàng Việt Cường,30/08/2023,,https://www.customs.gov.vn/index.jsp?pageId=3&id=88017&cid=1294,2023,08/2023,2026-10-08T09:33:28Z
417,541/TB-KĐ3,30/08/2023,Tổng cục Hải qun,"Về kết quả phân tích kèm mã số hàng hóa xuất khẩu, nhập khẩu",89168,313,19,TONG_CUC,Nguyễn Thị Thanh Phượng,null,https://files.customs.gov.vn/CustomsCMS/TONG_CUC/2023/10/2/541.pdf,https://www.customs.gov.vn/index.jsp?pageId=3&id=89168&cid=1294,2023,08/2023,2026-10-08T09:33:28Z
418,542/TB-KĐ3,30/08/2023,Tổng cục Hải qun,"Về kết quả phân tích kèm mã số hàng hóa xuất khẩu, nhập khẩu",89169,313,19,TONG_CUC,Nguyễn Thị Thanh Phượng,null,https://files.customs.gov.vn/CustomsCMS/TONG_CUC/2023/10/2/542.pdf,https://www.customs.gov.vn/index.jsp?pageId=3&id=89169&cid=1294,2023,08/2023,2026-10-08T09:33:28Z
419,543/TB-KĐ3,30/08/2023,Tổng cục Hải qun,"Về kết quả phân tích kèm mã số hàng hóa xuất khẩu, nhập khẩu",89170,313,19,TONG_CUC,Nguyễn Thị Thanh Phượng,null,https://files.customs.gov.vn/CustomsCMS/TONG_CUC/2023/10/2/543.pdf,https://www.customs.gov.vn/index.jsp?pageId=3&id=89170&cid=1294,2023,08/2023,2026-10-08T09:33:28Z
420,4514/TB-TCHQ,29/08/2023,Tổng cục Hải quan,Kết quả xác định trước mã số,88013,313,19,TONG_CUC,Hoàng Việt Cường,29/08/2023,https://files.customs.gov.vn/CustomsCMS/TONG_CUC/2023/8/31/4514.PDF,https://www.customs.gov.vn/index.jsp?pageId=3&id=88013&cid=1294,2023,08/2023,2026-10-08T09:33:28Z
421,147/TB-KĐ4,25/08/2023,Tổng cục Hải qun,"Về kết quả phân tích kèm mã số hàng hóa xuất khẩu, nhập khẩu",89162,313,19,TONG_CUC,Trần Hương Giang,null,https://files.customs.gov.vn/CustomsCMS/TONG_CUC/2023/10/2/147_TB-KÐ4.pdf,https://www.customs.gov.vn/index.jsp?pageId=3&id=89162&cid=1294,2023,08/2023,2026-10-08T09:33:28Z
422,4466/TB-TCHQ,25/08/2023,Tổng cục Hải quan,Kết quả xác định trước mã số,88016,313,19,TONG_CUC,Hoàng Việt Cường,25/08/2023,https://files.customs.gov.vn/CustomsCMS/TONG_CUC/2023/8/31/4466.PDF,https://www.customs.gov.vn/index.jsp?pageId=3&id=88016&cid=1294,2023,08/2023,2026-10-08T09:33:28Z
423,4467/TB-TCHQ,25/08/2023,Tổng cục Hải quan,Kết quả xác định trước mã số,88015,313,19,TONG_CUC,Hoàng Việt Cường,25/08/2023,https://files.customs.gov.vn/CustomsCMS/TONG_CUC/2023/8/31/4467.PDF,https://www.customs.gov.vn/index.jsp?pageId=3&id=88015&cid=1294,2023,08/2023,2026-10-08T09:33:28Z
424,4468/TB-TCHQ,25/08/2023,Tổng cục Hải quan,Kết quả xác định trước mã số,88014,313,19,TONG_CUC,Hoàng Việt Cường,25/08/2023,https://files.customs.gov.vn/CustomsCMS/TONG_CUC/2023/8/31/4468.PDF,https://www.customs.gov.vn/index.jsp?pageId=3&id=88014&cid=1294,2023,08/2023,2026-10-08T09:33:28Z
425,533/TB-KĐ3,25/08/2023,Tổng cục Hải qun,"Về kết quả phân tích kèm mã số hàng hóa xuất khẩu, nhập khẩu",87733,313,19,TONG_CUC,Nguyễn Thị Thanh Phượng,null,https://files.customs.gov.vn/CustomsCMS/TONG_CUC/2023/8/29/533.pdf,https://www.customs.gov.vn/index.jsp?pageId=3&id=87733&cid=1294,2023,08/2023,2026-10-08T09:33:28Z
426,4418/TB-TCHQ,24/08/2023,Tổng cục Hải quan,Kết quả xác định trước mã số,87573,313,19,TONG_CUC,Hoàng Việt Cường,24/08/2023,https://files.customs.gov.vn/CustomsCMS/TONG_CUC/2023/8/25/4418.PDF,https://www.customs.gov.vn/index.jsp?pageId=3&id=87573&cid=1294,2023,08/2023,2026-10-08T09:33:28Z
427,531/B-KĐ3,24/08/2023,Tổng cục Hải qun,"Về kết quả phân tích kèm mã số hàng hóa xuất khẩu, nhập khẩu",87752,313,19,TONG_CUC,Nguyễn Thị Thanh Phượng,null,https://files.customs.gov.vn/CustomsCMS/TONG_CUC/2023/8/29/531.pdf,https://www.customs.gov.vn/index.jsp?pageId=3&id=87752&cid=1294,2023,08/2023,2026-10-08T09:33:28Z
428,4402/TB-TCHQ,23/08/2023,Tổng cục Hải quan,Kết quả xác định trước mã số,87425,313,19,TONG_CUC,Hoàng Việt Cường,23/08/2023,https://files.customs.gov.vn/CustomsCMS/TONG_CUC/2023/8/23/4402.PDF,https://www.customs.gov.vn/index.jsp?pageId=3&id=87425&cid=1294,2023,08/2023,2026-10-08T09:33:28Z
429,4403/TB-TCHQ,23/08/2023,Tổng cục Hải quan,Kết quả xác định trước mã số,87426,313,19,TONG_CUC,Hoàng Việt Cường,23/08/2023,https://files.customs.gov.vn/CustomsCMS/TONG_CUC/2023/8/23/4403.PDF,https://www.customs.gov.vn/index.jsp?pageId=3&id=87426&cid=1294,2023,08/2023,2026-10-08T09:33:28Z
430,526/TB-KĐ3,23/08/2023,Tổng cục Hải qun,"Về kết quả phân tích kèm mã số hàng hóa xuất khẩu, nhập khẩu",87754,313,19,TONG_CUC,Nguyễn Thị Thanh Phượng,null,https://files.customs.gov.vn/CustomsCMS/TONG_CUC/2023/8/29/526.pdf,https://www.customs.gov.vn/index.jsp?pageId=3&id=87754&cid=1294,2023,08/2023,2026-10-08T09:33:28Z
431,527/TB-KĐ3,23/08/2023,Tổng cục Hải qun,"Về kết quả phân tích kèm mã số hàng hóa xuất khẩu, nhập khẩu",87753,313,19,TONG_CUC,Nguyễn Thị Thanh Phượng,null,https://files.customs.gov.vn/CustomsCMS/TONG_CUC/2023/8/29/527.pdf,https://www.customs.gov.vn/index.jsp?pageId=3&id=87753&cid=1294,2023,08/2023,2026-10-08T09:33:28Z
432,4360/TCHQ-TXNK,21/08/2023,Tổng cục Hải quan,Kết quả xác định trước mã số,87212,313,19,TONG_CUC,Hoàng Việt Cường,21/08/2023,https://files.customs.gov.vn/CustomsCMS/TONG_CUC/2023/8/22/4360.PDF,https://www.customs.gov.vn/index.jsp?pageId=3&id=87212&cid=1294,2023,08/2023,2026-10-08T09:33:28Z
433,4361/TB-TCHQ,21/08/2023,Tổng cục Hải quan,Kết quả xác định trước mã số,87214,313,19,TONG_CUC,Hoàng Việt Cường,21/08/2023,https://files.customs.gov.vn/CustomsCMS/TONG_CUC/2023/8/24/4361.PDF,https://www.customs.gov.vn/index.jsp?pageId=3&id=87214&cid=1294,2023,08/2023,2026-10-08T09:33:28Z
434,4362/TB-TCHQ,21/08/2023,Tổng cục Hải quan,Kết quả xác định trước mã số,87213,313,19,TONG_CUC,Hoàng Việt Cường,21/08/2023,https://files.customs.gov.vn/CustomsCMS/TONG_CUC/2023/8/22/4362.PDF,https://www.customs.gov.vn/index.jsp?pageId=3&id=87213&cid=1294,2023,08/2023,2026-10-08T09:33:28Z
435,523/TB-KĐ3,21/08/2023,Tổng cục Hải qun,"Về kết quả phân tích kèm mã số hàng hóa xuất khẩu, nhập khẩu",87756,313,19,TONG_CUC,Nguyễn Thị Thanh Phượng,null,https://files.customs.gov.vn/CustomsCMS/TONG_CUC/2023/8/29/523.pdf,https://www.customs.gov.vn/index.jsp?pageId=3&id=87756&cid=1294,2023,08/2023,2026-10-08T09:33:28Z
436,524/TB-KĐ3,21/08/2023,Tổng cục Hải qun,"Về kết quả phân tích kèm mã số hàng hóa xuất khẩu, nhập khẩu",87755,313,19,TONG_CUC,Nguyễn Thị Thanh Phượng,null,https://files.customs.gov.vn/CustomsCMS/TONG_CUC/2023/8/29/524.pdf,https://www.customs.gov.vn/index.jsp?pageId=3&id=87755&cid=1294,2023,08/2023,2026-10-08T09:33:28Z
437,145/TB-KĐ4,18/08/2023,Tổng cục Hải qun,"Về kết quả phân tích kèm mã số hàng hóa xuất khẩu, nhập khẩu",89154,313,19,TONG_CUC,Trần Hương Giang,null,https://files.customs.gov.vn/CustomsCMS/TONG_CUC/2023/10/2/145_TB-KÐ4.pdf,https://www.customs.gov.vn/index.jsp?pageId=3&id=89154&cid=1294,2023,08/2023,2026-10-08T09:33:28Z
438,4341/TCHQ-TXNK,18/08/2023,Tổng cục Hải quan,Kết quả xác định trước mã số,87232,313,19,TONG_CUC,Hoàng Việt Cường,18/08/2023,https://files.customs.gov.vn/CustomsCMS/TONG_CUC/2023/8/24/4341.PDF,https://www.customs.gov.vn/index.jsp?pageId=3&id=87232&cid=1294,2023,08/2023,2026-10-08T09:33:28Z
439,521/TB-KĐ3,18/08/2023,Tổng cục Hải qun,"Về kết quả phân tích kèm mã số hàng hóa xuất khẩu, nhập khẩu",87757,313,19,TONG_CUC,Nguyễn Thị Thanh Phượng,null,https://files.customs.gov.vn/CustomsCMS/TONG_CUC/2023/8/29/521.pdf,https://www.customs.gov.vn/index.jsp?pageId=3&id=87757&cid=1294,2023,08/2023,2026-10-08T09:33:28Z
440,4283/TB-TCHQ,17/08/2023,Tổng cục Hải quan,Kết quả xác định trước mã số,87206,313,19,TONG_CUC,Hoàng Việt Cường,17/08/2023,https://files.customs.gov.vn/CustomsCMS/TONG_CUC/2023/8/21/4283.PDF,https://www.customs.gov.vn/index.jsp?pageId=3&id=87206&cid=1294,2023,08/2023,2026-10-08T09:33:28Z
441,4284/TB-TCHQ,17/08/2023,Tổng cục Hải quan,Kết quả xác định trước mã số,87205,313,19,TONG_CUC,Hoàng Việt Cường,17/08/2023,https://files.customs.gov.vn/CustomsCMS/TONG_CUC/2023/8/21/4284.PDF,https://www.customs.gov.vn/index.jsp?pageId=3&id=87205&cid=1294,2023,08/2023,2026-10-08T09:33:28Z
442,4287/TB-TCHQ,17/08/2023,Tổng cục Hải quan,Kết quả xác định trước mã số,87203,313,19,TONG_CUC,Hoàng Việt Cường,17/08/2023,https://files.customs.gov.vn/CustomsCMS/TONG_CUC/2023/8/21/4287.PDF,https://www.customs.gov.vn/index.jsp?pageId=3&id=87203&cid=1294,2023,08/2023,2026-10-08T09:33:28Z
443,4288/TB-TCHQ,17/08/2023,Tổng cục Hải quan,Kết quả xác định trước mã số,87204,313,19,TONG_CUC,Hoàng Việt Cường,17/08/2023,https://files.customs.gov.vn/CustomsCMS/TONG_CUC/2023/8/21/4288.PDF,https://www.customs.gov.vn/index.jsp?pageId=3&id=87204&cid=1294,2023,08/2023,2026-10-08T09:33:28Z
444,519/TB-KĐ3,17/08/2023,Tổng cục Hải qun,"Về kết quả phân tích kèm mã số hàng hóa xuất khẩu, nhập khẩu",87758,313,19,TONG_CUC,Nguyễn Thị Thanh Phượng,null,https://files.customs.gov.vn/CustomsCMS/TONG_CUC/2023/8/29/519.pdf,https://www.customs.gov.vn/index.jsp?pageId=3&id=87758&cid=1294,2023,08/2023,2026-10-08T09:33:28Z
445,4258/TB-TCHQ,16/08/2023,Tổng cục Hải quan,Kết quả xác định trước mã số,87175,313,19,TONG_CUC,Hoàng Việt Cường,16/08/2023,https://files.customs.gov.vn/CustomsCMS/TONG_CUC/2023/8/19/4258.PDF,https://www.customs.gov.vn/index.jsp?pageId=3&id=87175&cid=1294,2023,08/2023,2026-10-08T09:33:28Z
446,4270/TB-TCHQ,16/08/2023,Tổng cục Hải quan,Hủy Thông báo kết quả xác định trước mã số,87202,313,19,TONG_CUC,Hoàng Việt Cường,13/07/2023,https://files.customs.gov.vn/CustomsCMS/TONG_CUC/2023/8/21/4270.PDF,https://www.customs.gov.vn/index.jsp?pageId=3&id=87202&cid=1294,2023,08/2023,2026-10-08T09:33:28Z
447,142/TB-KĐ4,15/08/2023,Tổng cục Hải qun,"Về kết quả phân tích kèm mã số hàng hóa xuất khẩu, nhập khẩu",89152,313,19,TONG_CUC,Trần Hương Giang,null,https://files.customs.gov.vn/CustomsCMS/TONG_CUC/2023/10/2/142_TB-KÐ4.pdf,https://www.customs.gov.vn/index.jsp?pageId=3&id=89152&cid=1294,2023,08/2023,2026-10-08T09:33:28Z
448,143/TB-KĐ3,15/08/2023,Tổng cục Hải qun,"Về kết quả phân tích kèm mã số hàng hóa xuất khẩu, nhập khẩu",89153,313,19,TONG_CUC,Trần Hương Giang,null,https://files.customs.gov.vn/CustomsCMS/TONG_CUC/2023/10/2/143_TB-KÐ4.pdf,https://www.customs.gov.vn/index.jsp?pageId=3&id=89153&cid=1294,2023,08/2023,2026-10-08T09:33:28Z
449,480/TB-KĐ3,15/08/2023,Tổng cục Hải qun,"Về kết quả phân tích kèm mã số hàng hóa xuất khẩu, nhập khẩu",87761,313,19,TONG_CUC,Nguyễn Thị Thanh Phượng,null,https://files.customs.gov.vn/CustomsCMS/TONG_CUC/2023/8/29/480.pdf,https://www.customs.gov.vn/index.jsp?pageId=3&id=87761&cid=1294,2023,08/2023,2026-10-08T09:33:28Z
450,500/TB-KĐ3,15/08/2023,Tổng cục Hải qun,"Về kết quả phân tích kèm mã số hàng hóa xuất khẩu, nhập khẩu",87760,313,19,TONG_CUC,Nguyễn Thị Thanh Phượng,null,https://files.customs.gov.vn/CustomsCMS/TONG_CUC/2023/8/29/500.pdf,https://www.customs.gov.vn/index.jsp?pageId=3&id=87760&cid=1294,2023,08/2023,2026-10-08T09:33:28Z
451,501/TB-KĐ3,15/08/2023,Tổng cục Hải qun,"Về kết quả phân tích kèm mã số hàng hóa xuất khẩu, nhập khẩu",87759,313,19,TONG_CUC,Nguyễn Thị Thanh Phượng,null,https://files.customs.gov.vn/CustomsCMS/TONG_CUC/2023/8/29/501.pdf,https://www.customs.gov.vn/index.jsp?pageId=3&id=87759&cid=1294,2023,08/2023,2026-10-08T09:33:28Z
452,469/TB-KĐ3,14/08/2023,Tổng cục Hải qun,"Về kết quả phân tích kèm mã số hàng hóa xuất khẩu, nhập khẩu",87772,313,19,TONG_CUC,Nguyễn Thị Thanh Phượng,null,https://files.customs.gov.vn/CustomsCMS/TONG_CUC/2023/8/29/469.pdf,https://www.customs.gov.vn/index.jsp?pageId=3&id=87772&cid=1294,2023,08/2023,2026-10-08T09:33:28Z
453,470/TB-KĐ3,14/08/2023,Tổng cục Hải qun,"Về kết quả phân tích kèm mã số hàng hóa xuất khẩu, nhập khẩu",87771,313,19,TONG_CUC,Nguyễn Thị Thanh Phượng,null,https://files.customs.gov.vn/CustomsCMS/TONG_CUC/2023/8/29/470.pdf,https://www.customs.gov.vn/index.jsp?pageId=3&id=87771&cid=1294,2023,08/2023,2026-10-08T09:33:28Z
454,471/TB-KĐ3,14/08/2023,Tổng cục Hải qun,"Về kết quả phân tích kèm mã số hàng hóa xuất khẩu, nhập khẩu",87770,313,19,TONG_CUC,Nguyễn Thị Thanh Phượng,null,https://files.customs.gov.vn/CustomsCMS/TONG_CUC/2023/8/29/471.pdf,https://www.customs.gov.vn/index.jsp?pageId=3&id=87770&cid=1294,2023,08/2023,2026-10-08T09:33:28Z
455,472/TB-KĐ3,14/08/2023,Tổng cục Hải qun,"Về kết quả phân tích kèm mã số hàng hóa xuất khẩu, nhập khẩu",87769,313,19,TONG_CUC,Nguyễn Thị Thanh Phượng,null,https://files.customs.gov.vn/CustomsCMS/TONG_CUC/2023/8/29/472.pdf,https://www.customs.gov.vn/index.jsp?pageId=3&id=87769&cid=1294,2023,08/2023,2026-10-08T09:33:28Z
456,473/TB-KĐ3,14/08/2023,Tổng cục Hải qun,"Về kết quả phân tích kèm mã số hàng hóa xuất khẩu, nhập khẩu",87768,313,19,TONG_CUC,Nguyễn Thị Thanh Phượng,null,https://files.customs.gov.vn/CustomsCMS/TONG_CUC/2023/8/29/473.pdf,https://www.customs.gov.vn/index.jsp?pageId=3&id=87768&cid=1294,2023,08/2023,2026-10-08T09:33:28Z
457,474/TB-KĐ3,14/08/2023,Tổng cục Hải qun,"Về kết quả phân tích kèm mã số hàng hóa xuất khẩu, nhập khẩu",87767,313,19,TONG_CUC,Nguyễn Thị Thanh Phượng,null,https://files.customs.gov.vn/CustomsCMS/TONG_CUC/2023/8/29/474.pdf,https://www.customs.gov.vn/index.jsp?pageId=3&id=87767&cid=1294,2023,08/2023,2026-10-08T09:33:28Z
458,475/TB-KĐ3,14/08/2023,Tổng cục Hải qun,"Về kết quả phân tích kèm mã số hàng hóa xuất khẩu, nhập khẩu",87766,313,19,TONG_CUC,Nguyễn Thị Thanh Phượng,null,https://files.customs.gov.vn/CustomsCMS/TONG_CUC/2023/8/29/475.pdf,https://www.customs.gov.vn/index.jsp?pageId=3&id=87766&cid=1294,2023,08/2023,2026-10-08T09:33:28Z
459,476/TB-KĐ3,14/08/2023,Tổng cục Hải qun,"Về kết quả phân tích kèm mã số hàng hóa xuất khẩu, nhập khẩu",87765,313,19,TONG_CUC,Nguyễn Thị Thanh Phượng,null,https://files.customs.gov.vn/CustomsCMS/TONG_CUC/2023/8/29/476.pdf,https://www.customs.gov.vn/index.jsp?pageId=3&id=87765&cid=1294,2023,08/2023,2026-10-08T09:33:28Z
460,477/TB-KĐ3,14/08/2023,Tổng cục Hải qun,"Về kết quả phân tích kèm mã số hàng hóa xuất khẩu, nhập khẩu",87764,313,19,TONG_CUC,Nguyễn Thị Thanh Phượng,null,https://files.customs.gov.vn/CustomsCMS/TONG_CUC/2023/8/29/477.pdf,https://www.customs.gov.vn/index.jsp?pageId=3&id=87764&cid=1294,2023,08/2023,2026-10-08T09:33:28Z
461,478/TB-KĐ3,14/08/2023,Tổng cục Hải qun,"Về kết quả phân tích kèm mã số hàng hóa xuất khẩu, nhập khẩu",87763,313,19,TONG_CUC,Nguyễn Thị Thanh Phượng,null,https://files.customs.gov.vn/CustomsCMS/TONG_CUC/2023/8/29/478.pdf,https://www.customs.gov.vn/index.jsp?pageId=3&id=87763&cid=1294,2023,08/2023,2026-10-08T09:33:28Z
462,479/TB-KĐ3,14/08/2023,Tổng cục Hải qun,"Về kết quả phân tích kèm mã số hàng hóa xuất khẩu, nhập khẩu",87762,313,19,TONG_CUC,Nguyễn Thị Thanh Phượng,null,https://files.customs.gov.vn/CustomsCMS/TONG_CUC/2023/8/29/479.pdf,https://www.customs.gov.vn/index.jsp?pageId=3&id=87762&cid=1294,2023,08/2023,2026-10-08T09:33:28Z
463,451/TB-KĐ3,10/08/2023,Tổng cục Hải qun,"Về kết quả phân tích kèm mã số hàng hóa xuất khẩu, nhập khẩu",87777,313,19,TONG_CUC,Nguyễn Phương Nhi,null,https://files.customs.gov.vn/CustomsCMS/TONG_CUC/2023/8/29/451.pdf,https://www.customs.gov.vn/index.jsp?pageId=3&id=87777&cid=1294,2023,08/2023,2026-10-08T09:33:28Z
464,452/TB-KĐ3,10/08/2023,Tổng cục Hải qun,"Về kết quả phân tích kèm mã số hàng hóa xuất khẩu, nhập khẩu",87776,313,19,TONG_CUC,Nguyễn Phương Nhi,null,https://files.customs.gov.vn/CustomsCMS/TONG_CUC/2023/8/29/452.pdf,https://www.customs.gov.vn/index.jsp?pageId=3&id=87776&cid=1294,2023,08/2023,2026-10-08T09:33:28Z
465,453/TB-KĐ3,10/08/2023,Tổng cục Hải qun,"Về kết quả phân tích kèm mã số hàng hóa xuất khẩu, nhập khẩu",87775,313,19,TONG_CUC,Nguyễn Phương Nhi,null,https://files.customs.gov.vn/CustomsCMS/TONG_CUC/2023/8/29/453.pdf,https://www.customs.gov.vn/index.jsp?pageId=3&id=87775&cid=1294,2023,08/2023,2026-10-08T09:33:28Z
466,454/TB-KĐ3,10/08/2023,Tổng cục Hải qun,"Về kết quả phân tích kèm mã số hàng hóa xuất khẩu, nhập khẩu",87774,313,19,TONG_CUC,Nguyễn Phương Nhi,null,https://files.customs.gov.vn/CustomsCMS/TONG_CUC/2023/8/29/454.pdf,https://www.customs.gov.vn/index.jsp?pageId=3&id=87774&cid=1294,2023,08/2023,2026-10-08T09:33:28Z
467,455/TB-KĐ3,10/08/2023,Tổng cục Hải qun,"Về kết quả phân tích kèm mã số hàng hóa xuất khẩu, nhập khẩu",87773,313,19,TONG_CUC,Nguyễn Phương Nhi,null,https://files.customs.gov.vn/CustomsCMS/TONG_CUC/2023/8/29/455.pdf,https://www.customs.gov.vn/index.jsp?pageId=3&id=87773&cid=1294,2023,08/2023,2026-10-08T09:33:28Z
468,141/TB-KĐ4,08/08/2023,Tổng cục Hải qun,"Về kết quả phân tích kèm mã số hàng hóa xuất khẩu, nhập khẩu",89151,313,19,TONG_CUC,Trần Hương Giang,null,https://files.customs.gov.vn/CustomsCMS/TONG_CUC/2023/10/2/141_TB-KÐ4.pdf,https://www.customs.gov.vn/index.jsp?pageId=3&id=89151&cid=1294,2023,08/2023,2026-10-08T09:33:28Z
469,4141/TB-TCHQ,08/08/2023,Tổng cục Hải quan,Kết quả xác định trước mã số,86955,313,19,TONG_CUC,Hoàng Việt Cường,08/08/2023,https://files.customs.gov.vn/CustomsCMS/TONG_CUC/2023/8/10/4141.pdf,https://www.customs.gov.vn/index.jsp?pageId=3&id=86955&cid=1294,2023,08/2023,2026-10-08T09:33:28Z
470,4142/TB-TCHQ,08/08/2023,Tổng cục Hải quan,Kết quả xác định trước mã số,86956,313,19,TONG_CUC,Hoàng Việt Cường,08/08/2023,https://files.customs.gov.vn/CustomsCMS/TONG_CUC/2023/8/10/4142.pdf,https://www.customs.gov.vn/index.jsp?pageId=3&id=86956&cid=1294,2023,08/2023,2026-10-08T09:33:28Z
471,4110/TB-TCHQ,07/08/2023,Tổng cục Hải quan,Kết quả xác định trước mã số,86945,313,19,TONG_CUC,Hoàng Việt Cường,07/08/2023,https://files.customs.gov.vn/CustomsCMS/TONG_CUC/2023/8/9/4110.PDF,https://www.customs.gov.vn/index.jsp?pageId=3&id=86945&cid=1294,2023,08/2023,2026-10-08T09:33:28Z
472,4111/TB-TCHQ,07/08/2023,Tổng cục Hải quan,Kết quả xác định trước mã số,86944,313,19,TONG_CUC,Hoàng Việt Cường,07/08/2023,https://files.customs.gov.vn/CustomsCMS/TONG_CUC/2023/8/9/4111.PDF,https://www.customs.gov.vn/index.jsp?pageId=3&id=86944&cid=1294,2023,08/2023,2026-10-08T09:33:28Z
473,4127/TB-TCHQ,07/08/2023,Tổng cục Hải quan,Kết quả xác định trước mã số,86943,313,19,TONG_CUC,Hoàng Việt Cường,07/08/2023,https://files.customs.gov.vn/CustomsCMS/TONG_CUC/2023/8/9/4127.PDF,https://www.customs.gov.vn/index.jsp?pageId=3&id=86943&cid=1294,2023,08/2023,2026-10-08T09:33:28Z
474,4128/TB-TCHQ,07/08/2023,Tổng cục Hải quan,Kết quả xác định trước mã số,86942,313,19,TONG_CUC,Hoàng Việt Cường,07/08/2023,,https://www.customs.gov.vn/index.jsp?pageId=3&id=86942&cid=1294,2023,08/2023,2026-10-08T09:33:28Z
475,4129/TB-TCHQ,07/08/2023,Tổng cục Hải quan,Kết quả xác định trước mã số,86941,313,19,TONG_CUC,Hoàng Việt Cường,07/08/2023,https://files.customs.gov.vn/CustomsCMS/TONG_CUC/2023/8/9/4129.PDF,https://www.customs.gov.vn/index.jsp?pageId=3&id=86941&cid=1294,2023,08/2023,2026-10-08T09:33:28Z
476,4130/TB-TCHQ,07/08/2023,Tổng cục Hải quan,Kết quả xác định trước mã số,86940,313,19,TONG_CUC,Hoàng Việt Cường,07/08/2023,https://files.customs.gov.vn/CustomsCMS/TONG_CUC/2023/8/9/4130.PDF,https://www.customs.gov.vn/index.jsp?pageId=3&id=86940&cid=1294,2023,08/2023,2026-10-08T09:33:28Z
477,117/TB-KĐHQ,03/08/2023,Tổng cục Hải qun,"Về kết quả phân tích đối với mã số hàng hóa xuất khẩu, nhập khẩu",87964,313,19,TONG_CUC,Trần Quốc Định,null,https://files.customs.gov.vn/CustomsCMS/TONG_CUC/2023/8/31/117.pdf,https://www.customs.gov.vn/index.jsp?pageId=3&id=87964&cid=1294,2023,08/2023,2026-10-08T09:33:28Z
478,4065/TB-TCHQ,03/08/2023,Tổng cục Hải quan,Kết quả xác định trước mã số,86833,313,19,TONG_CUC,Hoàng Việt Cường,03/08/2023,https://files.customs.gov.vn/CustomsCMS/TONG_CUC/2023/8/4/4065.PDF,https://www.customs.gov.vn/index.jsp?pageId=3&id=86833&cid=1294,2023,08/2023,2026-10-08T09:33:28Z
479,4066/TB-TCHQ,03/08/2023,Tổng cục Hải quan,Kết quả xác định trước mã số,86832,313,19,TONG_CUC,Hoàng Việt Cường,03/08/2023,https://files.customs.gov.vn/CustomsCMS/TONG_CUC/2023/8/4/4066.PDF,https://www.customs.gov.vn/index.jsp?pageId=3&id=86832&cid=1294,2023,08/2023,2026-10-08T09:33:28Z
480,114/TB-KĐHQ,02/08/2023,Tổng cục Hải qun,"Về kết quả phân tích đối với mã số hàng hóa xuất khẩu, nhập khẩu",87961,313,19,TONG_CUC,Nguyễn Xuân Cường,null,https://files.customs.gov.vn/CustomsCMS/TONG_CUC/2023/8/31/114.pdf,https://www.customs.gov.vn/index.jsp?pageId=3&id=87961&cid=1294,2023,08/2023,2026-10-08T09:33:28Z
481,115/TB-KĐHQ,02/08/2023,Tổng cục Hải qun,"Về kết quả phân tích đối với mã số hàng hóa xuất khẩu, nhập khẩu",87962,313,19,TONG_CUC,Nguyễn Xuân Cường,null,https://files.customs.gov.vn/CustomsCMS/TONG_CUC/2023/8/31/115.pdf,https://www.customs.gov.vn/index.jsp?pageId=3&id=87962&cid=1294,2023,08/2023,2026-10-08T09:33:28Z
482,116/TB-KĐHQ,02/08/2023,Tổng cục Hải qun,"Về kết quả phân tích đối với mã số hàng hóa xuất khẩu, nhập khẩu",87963,313,19,TONG_CUC,Nguyễn Xuân Cường,null,https://files.customs.gov.vn/CustomsCMS/TONG_CUC/2023/8/31/116.pdf,https://www.customs.gov.vn/index.jsp?pageId=3&id=87963&cid=1294,2023,08/2023,2026-10-08T09:33:28Z
483,4031/TB-TCHQ,02/08/2023,Tổng cục Hải quan,Kết quả xác định trước mã số,86838,313,19,TONG_CUC,Hoàng Việt Cường,02/08/2023,https://files.customs.gov.vn/CustomsCMS/TONG_CUC/2023/8/4/4031.PDF,https://www.customs.gov.vn/index.jsp?pageId=3&id=86838&cid=1294,2023,08/2023,2026-10-08T09:33:28Z
484,4032/TB-TCHQ,02/08/2023,Tổng cục Hải quan,Kết quả xác định trước mã số,86837,313,19,TONG_CUC,Hoàng Việt Cường,02/08/2023,https://files.customs.gov.vn/CustomsCMS/TONG_CUC/2023/8/4/4032.PDF,https://www.customs.gov.vn/index.jsp?pageId=3&id=86837&cid=1294,2023,08/2023,2026-10-08T09:33:28Z
485,4033/TB-TCHQ,02/08/2023,Tổng cục Hải quan,Kết quả xác định trước mã số,86836,313,19,TONG_CUC,Hoàng Việt Cường,02/08/2023,https://files.customs.gov.vn/CustomsCMS/TONG_CUC/2023/8/4/4033.PDF,https://www.customs.gov.vn/index.jsp?pageId=3&id=86836&cid=1294,2023,08/2023,2026-10-08T09:33:28Z
486,4034/TB-TCHQ,02/08/2023,Tổng cục Hải quan,Kết quả xác định trước mã số,86835,313,19,TONG_CUC,Hoàng Việt Cường,02/08/2023,https://files.customs.gov.vn/CustomsCMS/TONG_CUC/2023/8/4/4034.PDF,https://www.customs.gov.vn/index.jsp?pageId=3&id=86835&cid=1294,2023,08/2023,2026-10-08T09:33:28Z
487,4035/TB-TCHQ,02/08/2023,Tổng cục Hải quan,Kết quả xác định trước mã số,86834,313,19,TONG_CUC,Hoàng Việt Cường,02/08/2023,https://files.customs.gov.vn/CustomsCMS/TONG_CUC/2023/8/4/4035.PDF,https://www.customs.gov.vn/index.jsp?pageId=3&id=86834&cid=1294,2023,08/2023,2026-10-08T09:33:28Z
488,113/TB-KĐHQ,01/08/2023,Tổng cục Hải qun,"Về kết quả phân tích đối với mã số hàng hóa xuất khẩu, nhập khẩu",87960,313,19,TONG_CUC,Trần Quốc Định,null,https://files.customs.gov.vn/CustomsCMS/TONG_CUC/2023/8/31/113.pdf,https://www.customs.gov.vn/index.jsp?pageId=3&id=87960&cid=1294,2023,08/2023,2026-10-08T09:33:28Z
489,4010/TB-TCHQ,01/08/2023,Tổng cục Hải quan,Kết quả xác định trước mã số,86842,313,19,TONG_CUC,Hoàng Việt Cường,01/08/2023,https://files.customs.gov.vn/CustomsCMS/TONG_CUC/2023/8/4/4010.PDF,https://www.customs.gov.vn/index.jsp?pageId=3&id=86842&cid=1294,2023,08/2023,2026-10-08T09:33:28Z
490,4011/TB-TCHQ,01/08/2023,Tổng cục Hải quan,Kết quả xác định trước mã số,86841,313,19,TONG_CUC,Hoàng Việt Cường,01/08/2023,https://files.customs.gov.vn/CustomsCMS/TONG_CUC/2023/8/4/4011.PDF,https://www.customs.gov.vn/index.jsp?pageId=3&id=86841&cid=1294,2023,08/2023,2026-10-08T09:33:28Z
491,4012/TB-TCHQ,01/08/2023,Tổng cục Hải quan,Kết quả xác định trước mã số,86843,313,19,TONG_CUC,Hoàng Việt Cường,01/08/2023,https://files.customs.gov.vn/CustomsCMS/TONG_CUC/2023/8/4/4012.PDF,https://www.customs.gov.vn/index.jsp?pageId=3&id=86843&cid=1294,2023,08/2023,2026-10-08T09:33:28Z
492,4013/TB-TCHQ,01/08/2023,Tổng cục Hải quan,Kết quả xác định trước mã số,86844,313,19,TONG_CUC,Hoàng Việt Cường,01/08/2023,https://files.customs.gov.vn/CustomsCMS/TONG_CUC/2023/8/4/4013.PDF,https://www.customs.gov.vn/index.jsp?pageId=3&id=86844&cid=1294,2023,08/2023,2026-10-08T09:33:28Z
493,4021/TB-TCHQ,01/08/2023,Tổng cục Hải quan,Kết quả xác định trước mã số,86840,313,19,TONG_CUC,Hoàng Việt Cường,01/08/2023,https://files.customs.gov.vn/CustomsCMS/TONG_CUC/2023/8/4/4021.PDF,https://www.customs.gov.vn/index.jsp?pageId=3&id=86840&cid=1294,2023,08/2023,2026-10-08T09:33:28Z
494,4022/TB-TCHQ,01/08/2023,Tổng cục Hải quan,Kết quả xác định trước mã số,86839,313,19,TONG_CUC,Hoàng Việt Cường,01/08/2023,https://files.customs.gov.vn/CustomsCMS/TONG_CUC/2023/8/4/4022.PDF,https://www.customs.gov.vn/index.jsp?pageId=3&id=86839&cid=1294,2023,08/2023,2026-10-08T09:33:28Z
495,5006/TB-TCHQ,27/09/2023,Tổng cục Hải quan,Kết quả xác định trước mã số,89098,313,19,TONG_CUC,Hoàng Việt Cường,27/09/2023,https://files.customs.gov.vn/CustomsCMS/TONG_CUC/2023/9/28/5006.PDF,https://www.customs.gov.vn/index.jsp?pageId=3&id=89098&cid=1294,2023,09/2023,2026-10-08T09:33:28Z
496,5007/TB-TCHQ,27/09/2023,Tổng cục Hải quan,Kết quả xác định trước mã số,89097,313,19,TONG_CUC,Hoàng Việt Cường,27/09/2023,https://files.customs.gov.vn/CustomsCMS/TONG_CUC/2023/9/28/5007.PDF,https://www.customs.gov.vn/index.jsp?pageId=3&id=89097&cid=1294,2023,09/2023,2026-10-08T09:33:28Z
497,4977/TCHQ-TXNK,26/09/2023,Tổng cục Hải quan,Kết quả xác định trước mã số,89033,313,19,TONG_CUC,Hoàng Việt Cường,26/09/2023,https://files.customs.gov.vn/CustomsCMS/TONG_CUC/2023/9/26/4977.PDF,https://www.customs.gov.vn/index.jsp?pageId=3&id=89033&cid=1294,2023,09/2023,2026-10-08T09:33:28Z
498,4978/TCHQ-TXNK,26/09/2023,Tổng cục Hải quan,Kết quả xác định trước mã số,89030,313,19,TONG_CUC,Hoàng Việt Cường,26/09/2023,https://files.customs.gov.vn/CustomsCMS/TONG_CUC/2023/9/26/4978.PDF,https://www.customs.gov.vn/index.jsp?pageId=3&id=89030&cid=1294,2023,09/2023,2026-10-08T09:33:28Z
499,4931/TB-TCHQ,22/09/2023,Tổng cục Hải quan,Kết quả xác định trước mã số,89018,313,19,TONG_CUC,Hoàng Việt Cường,22/09/2023,https://files.customs.gov.vn/CustomsCMS/TONG_CUC/2023/9/26/4931.PDF,https://www.customs.gov.vn/index.jsp?pageId=3&id=89018&cid=1294,2023,09/2023,2026-10-08T09:33:28Z
500,4945/TB-TCHQ,22/09/2023,Tổng cục Hải quan,Kết quả xác định trước mã số,89099,313,19,TONG_CUC,Hoàng Việt Cường,22/09/2023,https://files.customs.gov.vn/CustomsCMS/TONG_CUC/2023/9/28/4945-TB-TCHQ.pdf,https://www.customs.gov.vn/index.jsp?pageId=3&id=89099&cid=1294,2023,09/2023,2026-10-08T09:33:28Z
501,4794/TB-TCHQ,15/09/2023,Tổng cục Hải quan,Kết quả xác định trước mã số,88842,313,19,TONG_CUC,Hoàng Việt Cường,15/09/2023,https://files.customs.gov.vn/CustomsCMS/TONG_CUC/2023/9/18/4794.PDF,https://www.customs.gov.vn/index.jsp?pageId=3&id=88842&cid=1294,2023,09/2023,2026-10-08T09:33:28Z
502,162/TB-KĐ4,13/09/2023,Tổng cục Hải qun,"Về kết quả phân tích kèm mã số hàng hóa xuất khẩu, nhập khẩu",89166,313,19,TONG_CUC,Trần Hương Giang,null,https://files.customs.gov.vn/CustomsCMS/TONG_CUC/2023/10/2/162_TB-KÐ4.pdf,https://www.customs.gov.vn/index.jsp?pageId=3&id=89166&cid=1294,2023,09/2023,2026-10-08T09:33:28Z
503,563/TB-KĐ3,13/09/2023,Tổng cục Hải qun,"Về kết quả phân tích kèm mã số hàng hóa xuất khẩu, nhập khẩu",89180,313,19,TONG_CUC,Nguyễn Thị Thanh Phượng,null,https://files.customs.gov.vn/CustomsCMS/TONG_CUC/2023/10/2/563.pdf,https://www.customs.gov.vn/index.jsp?pageId=3&id=89180&cid=1294,2023,09/2023,2026-10-08T09:33:28Z
504,564/TB-KĐ3,13/09/2023,Tổng cục Hải qun,"Về kết quả phân tích kèm mã số hàng hóa xuất khẩu, nhập khẩu",89179,313,19,TONG_CUC,Nguyễn Phương Nhi,null,https://files.customs.gov.vn/CustomsCMS/TONG_CUC/2023/10/2/564.pdf,https://www.customs.gov.vn/index.jsp?pageId=3&id=89179&cid=1294,2023,09/2023,2026-10-08T09:33:28Z
505,565/TB-KĐ3,13/09/2023,Tổng cục Hải qun,"Về kết quả phân tích kèm mã số hàng hóa xuất khẩu, nhập khẩu",89178,313,19,TONG_CUC,Nguyễn Phương Nhi,null,https://files.customs.gov.vn/CustomsCMS/TONG_CUC/2023/10/2/565.pdf,https://www.customs.gov.vn/index.jsp?pageId=3&id=89178&cid=1294,2023,09/2023,2026-10-08T09:33:28Z
506,566/TB-KĐ3,13/09/2023,Tổng cục Hải qun,"Về kết quả phân tích kèm mã số hàng hóa xuất khẩu, nhập khẩu",89181,313,19,TONG_CUC,Nguyễn Thị Thanh Phượng,null,https://files.customs.gov.vn/CustomsCMS/TONG_CUC/2023/10/2/566.pdf,https://www.customs.gov.vn/index.jsp?pageId=3&id=89181&cid=1294,2023,09/2023,2026-10-08T09:33:28Z
507,4738/TB-TCHQ,12/09/2023,Tổng cục Hải quan,Kết quả xác định trước mã số,88832,313,19,TONG_CUC,Hoàng Việt Cường,12/09/2023,https://files.customs.gov.vn/CustomsCMS/TONG_CUC/2023/9/18/4738.PDF,https://www.customs.gov.vn/index.jsp?pageId=3&id=88832&cid=1294,2023,09/2023,2026-10-08T09:33:28Z
508,4710/TB-TCHQ,11/09/2023,Tổng cục Hải quan,Kết quả xác định trước mã số,88777,313,19,TONG_CUC,Hoàng Việt Cường,11/09/2023,https://files.customs.gov.vn/CustomsCMS/TONG_CUC/2023/9/13/4710.PDF,https://www.customs.gov.vn/index.jsp?pageId=3&id=88777&cid=1294,2023,09/2023,2026-10-08T09:33:28Z
509,160/TB-KĐ4,08/09/2023,Tổng cục Hải qun,"Về kết quả phân tích kèm mã số hàng hóa xuất khẩu, nhập khẩu",89165,313,19,TONG_CUC,Lê Ngọc Tấn,null,https://files.customs.gov.vn/CustomsCMS/TONG_CUC/2023/10/2/160_TB-KÐ4 (1).pdf,https://www.customs.gov.vn/index.jsp?pageId=3&id=89165&cid=1294,2023,09/2023,2026-10-08T09:33:28Z
510,4667/TB-TCHQ,08/09/2023,Tổng cục Hải quan,Kết quả xác định trước mã số,88633,313,19,TONG_CUC,Hoàng Việt Cường,08/09/2023,https://files.customs.gov.vn/CustomsCMS/TONG_CUC/2023/9/12/4667.PDF,https://www.customs.gov.vn/index.jsp?pageId=3&id=88633&cid=1294,2023,09/2023,2026-10-08T09:33:28Z
511,4640/TB-TCHQ,07/09/2023,Tổng cục Hải quan,Kết quả xác định trước mã số,88412,313,19,TONG_CUC,Hoàng Việt Cường,07/09/2023,https://files.customs.gov.vn/CustomsCMS/TONG_CUC/2023/9/11/4640.PDF,https://www.customs.gov.vn/index.jsp?pageId=3&id=88412&cid=1294,2023,09/2023,2026-10-08T09:33:28Z
512,547/TB-KĐ3,06/09/2023,Tổng cục Hải qun,"Về kết quả phân tích kèm mã số hàng hóa xuất khẩu, nhập khẩu",89173,313,19,TONG_CUC,Nguyễn Thị Thanh Phượng,null,https://files.customs.gov.vn/CustomsCMS/TONG_CUC/2023/10/2/547.pdf,https://www.customs.gov.vn/index.jsp?pageId=3&id=89173&cid=1294,2023,09/2023,2026-10-08T09:33:28Z
513,548/TB-KĐ3,06/09/2023,Tổng cục Hải qun,"Về kết quả phân tích kèm mã số hàng hóa xuất khẩu, nhập khẩu",89174,313,19,TONG_CUC,Nguyễn Thị Thanh Phượng,null,https://files.customs.gov.vn/CustomsCMS/TONG_CUC/2023/10/2/548.pdf,https://www.customs.gov.vn/index.jsp?pageId=3&id=89174&cid=1294,2023,09/2023,2026-10-08T09:33:28Z
514,549/TB-KĐ3,06/09/2023,Tổng cục Hải qun,"Về kết quả phân tích kèm mã số hàng hóa xuất khẩu, nhập khẩu",89175,313,19,TONG_CUC,Nguyễn Thị Thanh Phượng,null,https://files.customs.gov.vn/CustomsCMS/TONG_CUC/2023/10/2/549.pdf,https://www.customs.gov.vn/index.jsp?pageId=3&id=89175&cid=1294,2023,09/2023,2026-10-08T09:33:28Z
515,550/TB-KĐ3,06/09/2023,Tổng cục Hải qun,"Về kết quả phân tích kèm mã số hàng hóa xuất khẩu, nhập khẩu",89176,313,19,TONG_CUC,Nguyễn Thị Thanh Phượng,null,https://files.customs.gov.vn/CustomsCMS/TONG_CUC/2023/10/2/550.pdf,https://www.customs.gov.vn/index.jsp?pageId=3&id=89176&cid=1294,2023,09/2023,2026-10-08T09:33:28Z
516,552/TB-KĐ3,06/09/2023,Tổng cục Hải qun,"Về kết quả phân tích kèm mã số hàng hóa xuất khẩu, nhập khẩu",89177,313,19,TONG_CUC,Nguyễn Thị Thanh Phượng,null,https://files.customs.gov.vn/CustomsCMS/TONG_CUC/2023/10/2/552.pdf,https://www.customs.gov.vn/index.jsp?pageId=3&id=89177&cid=1294,2023,09/2023,2026-10-08T09:33:28Z
517,5524/TB-TCHQ,26/10/2023,Tổng cục Hải quan,Kết quả xác định trước mã số,89457,313,19,TONG_CUC,Hoàng Việt Cường,26/10/2023,https://files.customs.gov.vn/CustomsCMS/TONG_CUC/2023/10/27/5524.PDF,https://www.customs.gov.vn/index.jsp?pageId=3&id=89457&cid=1294,2023,10/2023,2026-10-08T09:33:28Z
518,5525/TB-TCHQ,26/10/2023,Tổng cục Hải quan,Kết quả xác định trước mã số,89456,313,19,TONG_CUC,Hoàng Việt Cường,26/10/2023,https://files.customs.gov.vn/CustomsCMS/TONG_CUC/2023/10/27/5525.PDF,https://www.customs.gov.vn/index.jsp?pageId=3&id=89456&cid=1294,2023,10/2023,2026-10-08T09:33:28Z
519,5501/TB-TCHQ,25/10/2023,Tổng cục Hải quan,Kết quả xác định trước mã số,89458,313,19,TONG_CUC,Hoàng Việt Cường,25/10/2023,https://files.customs.gov.vn/CustomsCMS/TONG_CUC/2023/10/27/5501.PDF,https://www.customs.gov.vn/index.jsp?pageId=3&id=89458&cid=1294,2023,10/2023,2026-10-08T09:33:28Z
520,5340/TB-TCHQ,16/10/2023,Tổng cục Hải quan,Kết quả xác định trước mã số,89345,313,19,TONG_CUC,Hoàng Việt Cường,16/10/2023,https://files.customs.gov.vn/CustomsCMS/TONG_CUC/2023/10/18/5340.PDF,https://www.customs.gov.vn/index.jsp?pageId=3&id=89345&cid=1294,2023,10/2023,2026-10-08T09:33:28Z
521,5341/TB-TCHQ,16/10/2023,Tổng cục Hải quan,Kết quả xác định trước mã số,89346,313,19,TONG_CUC,Hoàng Việt Cường,16/10/2023,https://files.customs.gov.vn/CustomsCMS/TONG_CUC/2023/10/18/5341.PDF,https://www.customs.gov.vn/index.jsp?pageId=3&id=89346&cid=1294,2023,10/2023,2026-10-08T09:33:28Z
522,5342/TB-TCHQ,16/10/2023,Tổng cục Hải quan,Kết quả xác định trước mã số,89347,313,19,TONG_CUC,Hoàng Việt Cường,16/10/2023,https://files.customs.gov.vn/CustomsCMS/TONG_CUC/2023/10/18/5342.PDF,https://www.customs.gov.vn/index.jsp?pageId=3&id=89347&cid=1294,2023,10/2023,2026-10-08T09:33:28Z
523,5343/TB-TCHQ,16/10/2023,Tổng cục Hải quan,Kết quả xác định trước mã số,89348,313,19,TONG_CUC,Hoàng Việt Cường,16/10/2023,https://files.customs.gov.vn/CustomsCMS/TONG_CUC/2023/10/18/5343.PDF,https://www.customs.gov.vn/index.jsp?pageId=3&id=89348&cid=1294,2023,10/2023,2026-10-08T09:33:28Z
524,5344/TB-TCHQ,16/10/2023,Tổng cục Hải quan,Kết quả xác định trước mã số,89349,313,19,TONG_CUC,Hoàng Việt Cường,16/10/2023,https://files.customs.gov.vn/CustomsCMS/TONG_CUC/2023/10/18/5344.PDF,https://www.customs.gov.vn/index.jsp?pageId=3&id=89349&cid=1294,2023,10/2023,2026-10-08T09:33:28Z
525,5293/TB-TCHQ,12/10/2023,Tổng cục Hải quan,Kết quả xác định trước mã số,89316,313,19,TONG_CUC,Hoàng Việt Cường,12/10/2023,https://files.customs.gov.vn/CustomsCMS/TONG_CUC/2023/10/16/5293.PDF,https://www.customs.gov.vn/index.jsp?pageId=3&id=89316&cid=1294,2023,10/2023,2026-10-08T09:33:28Z
526,5294/TB-TCHQ,12/10/2023,Tổng cục Hải quan,Kết quả xác định trước mã số,89315,313,19,TONG_CUC,Hoàng Việt Cường,12/10/2023,https://files.customs.gov.vn/CustomsCMS/TONG_CUC/2023/10/16/5294.PDF,https://www.customs.gov.vn/index.jsp?pageId=3&id=89315&cid=1294,2023,10/2023,2026-10-08T09:33:28Z
527,5295/TB-TCHQ,12/10/2023,Tổng cục Hải quan,Kết quả xác định trước mã số,89314,313,19,TONG_CUC,Hoàng Việt Cường,12/10/2023,https://files.customs.gov.vn/CustomsCMS/TONG_CUC/2023/10/16/5295.PDF,https://www.customs.gov.vn/index.jsp?pageId=3&id=89314&cid=1294,2023,10/2023,2026-10-08T09:33:28Z
528,5252/TB-TCHQ,11/10/2023,Tổng cục Hải quan,Kết quả xác định trước mã số,89308,313,19,TONG_CUC,Hoàng Việt Cường,11/10/2023,https://files.customs.gov.vn/CustomsCMS/TONG_CUC/2023/10/12/5252.PDF,https://www.customs.gov.vn/index.jsp?pageId=3&id=89308&cid=1294,2023,10/2023,2026-10-08T09:33:28Z
529,5227/TB-TCHQ,09/10/2023,Tổng cục Hải quan,Kết quả xác định trước mã số,89304,313,19,TONG_CUC,Hoàng Việt Cường,09/10/2023,https://files.customs.gov.vn/CustomsCMS/TONG_CUC/2023/10/11/5227.PDF,https://www.customs.gov.vn/index.jsp?pageId=3&id=89304&cid=1294,2023,10/2023,2026-10-08T09:33:28Z
530,5228/TB-TCHQ,09/10/2023,Tổng cục Hải quan,Kết quả xác định trước mã số,89303,313,19,TONG_CUC,Hoàng Việt Cường,09/10/2023,https://files.customs.gov.vn/CustomsCMS/TONG_CUC/2023/10/11/5228.PDF,https://www.customs.gov.vn/index.jsp?pageId=3&id=89303&cid=1294,2023,10/2023,2026-10-08T09:33:28Z
531,5146/TB-TCHQ,05/10/2023,Tổng cục Hải quan,Kết quả xác định trước mã số,89217,313,19,TONG_CUC,Hoàng Việt Cường,05/10/2023,https://files.customs.gov.vn/CustomsCMS/TONG_CUC/2023/10/6/5146.PDF,https://www.customs.gov.vn/index.jsp?pageId=3&id=89217&cid=1294,2023,10/2023,2026-10-08T09:33:28Z
532,5147/TB-TCHQ,05/10/2023,Tổng cục Hải quan,Kết quả xác định trước mã số,89218,313,19,TONG_CUC,Hoàng Việt Cường,05/10/2023,https://files.customs.gov.vn/CustomsCMS/TONG_CUC/2023/10/6/5147.PDF,https://www.customs.gov.vn/index.jsp?pageId=3&id=89218&cid=1294,2023,10/2023,2026-10-08T09:33:28Z
533,5075/TB-TCHQ,02/10/2023,Tổng cục Hải quan,Kết quả xác định trước mã số,89199,313,19,TONG_CUC,Hoàng Việt Cường,02/10/2023,https://files.customs.gov.vn/CustomsCMS/TONG_CUC/2023/10/3/5075.PDF,https://www.customs.gov.vn/index.jsp?pageId=3&id=89199&cid=1294,2023,10/2023,2026-10-08T09:33:28Z
534,5076/TB-TCHQ,02/10/2023,Tổng cục Hải quan,Kết quả xác định trước mã số,89200,313,19,TONG_CUC,Hoàng Việt Cường,02/10/2023,https://files.customs.gov.vn/CustomsCMS/TONG_CUC/2023/10/3/5076.PDF,https://www.customs.gov.vn/index.jsp?pageId=3&id=89200&cid=1294,2023,10/2023,2026-10-08T09:33:28Z
535,5077/TB-TCHQ,02/10/2023,Tổng cục Hải quan,Kết quả xác định trước mã số,89201,313,19,TONG_CUC,Hoàng Việt Cường,02/10/2023,https://files.customs.gov.vn/CustomsCMS/TONG_CUC/2023/10/3/5077.PDF,https://www.customs.gov.vn/index.jsp?pageId=3&id=89201&cid=1294,2023,10/2023,2026-10-08T09:33:28Z
536,752/TB-KĐ3,30/11/2023,Tổng cục Hải qun,"Về kết quả phân tích kèm mã số hàng hóa xuất khẩu, nhập khẩu",90060,313,19,TONG_CUC,Nguyễn Phương Nhi,null,https://files.customs.gov.vn/CustomsCMS/TONG_CUC/2023/12/19/752.pdf,https://www.customs.gov.vn/index.jsp?pageId=3&id=90060&cid=1294,2023,11/2023,2026-10-08T09:33:28Z
537,191/TB-KĐ4,29/11/2023,Tổng cục Hải qun,"Về kết quả phân tích kèm mã số hàng hóa xuất khẩu, nhập khẩu",90127,313,19,TONG_CUC,Lê Ngọc Tấn,null,https://files.customs.gov.vn/CustomsCMS/TONG_CUC/2023/12/22/191_TB-KÐ4.pdf,https://www.customs.gov.vn/index.jsp?pageId=3&id=90127&cid=1294,2023,11/2023,2026-10-08T09:33:28Z
538,192/TB-KĐ4,29/11/2023,Tổng cục Hải qun,"Về kết quả phân tích kèm mã số hàng hóa xuất khẩu, nhập khẩu",90108,313,19,TONG_CUC,Lê Ngọc Tấn,null,https://files.customs.gov.vn/CustomsCMS/TONG_CUC/2023/12/22/192_TB-KÐ4 (1).pdf,https://www.customs.gov.vn/index.jsp?pageId=3&id=90108&cid=1294,2023,11/2023,2026-10-08T09:33:28Z
539,746/TB-KĐ3,29/11/2023,Tổng cục Hải qun,"Về kết quả phân tích kèm mã số hàng hóa xuất khẩu, nhập khẩu",90046,313,19,TONG_CUC,Nguyễn Thị Thanh Phượng,null,https://files.customs.gov.vn/CustomsCMS/TONG_CUC/2023/12/19/746.pdf,https://www.customs.gov.vn/index.jsp?pageId=3&id=90046&cid=1294,2023,11/2023,2026-10-08T09:33:28Z
540,747/TB-KĐ3,29/11/2023,Tổng cục Hải qun,"Về kết quả phân tích kèm mã số hàng hóa xuất khẩu, nhập khẩu",90056,313,19,TONG_CUC,Nguyễn Thị Thanh Phượng,null,https://files.customs.gov.vn/CustomsCMS/TONG_CUC/2023/12/19/747.pdf,https://www.customs.gov.vn/index.jsp?pageId=3&id=90056&cid=1294,2023,11/2023,2026-10-08T09:33:28Z
541,748/TB-KĐ3,29/11/2023,Tổng cục Hải qun,"Về kết quả phân tích kèm mã số hàng hóa xuất khẩu, nhập khẩu",90057,313,19,TONG_CUC,Nguyễn Thị Thanh Phượng,null,https://files.customs.gov.vn/CustomsCMS/TONG_CUC/2023/12/19/748.pdf,https://www.customs.gov.vn/index.jsp?pageId=3&id=90057&cid=1294,2023,11/2023,2026-10-08T09:33:28Z
542,749/TB-KĐ3,29/11/2023,Tổng cục Hải qun,"Về kết quả phân tích kèm mã số hàng hóa xuất khẩu, nhập khẩu",90058,313,19,TONG_CUC,Nguyễn Thị Thanh Phượng,null,https://files.customs.gov.vn/CustomsCMS/TONG_CUC/2023/12/19/594748.pdf,https://www.customs.gov.vn/index.jsp?pageId=3&id=90058&cid=1294,2023,11/2023,2026-10-08T09:33:28Z
543,750/TB-KĐ3,29/11/2023,Tổng cục Hải qun,"Về kết quả phân tích kèm mã số hàng hóa xuất khẩu, nhập khẩu",90059,313,19,TONG_CUC,Nguyễn Thị Thanh Phượng,null,https://files.customs.gov.vn/CustomsCMS/TONG_CUC/2023/12/19/750.pdf,https://www.customs.gov.vn/index.jsp?pageId=3&id=90059&cid=1294,2023,11/2023,2026-10-08T09:33:28Z
544,187/TB-KĐ4,28/11/2023,Tổng cục Hải qun,"Về kết quả phân tích kèm mã số hàng hóa xuất khẩu, nhập khẩu",90128,313,19,TONG_CUC,Lê Ngọc Tấn,null,https://files.customs.gov.vn/CustomsCMS/TONG_CUC/2023/12/22/187_TB-KÐ4.pdf,https://www.customs.gov.vn/index.jsp?pageId=3&id=90128&cid=1294,2023,11/2023,2026-10-08T09:33:28Z
545,742/TB-KĐ3,28/11/2023,Tổng cục Hải qun,"Về kết quả phân tích kèm mã số hàng hóa xuất khẩu, nhập khẩu",90055,313,19,TONG_CUC,Nguyễn Thị Thanh Phượng,null,https://files.customs.gov.vn/CustomsCMS/TONG_CUC/2023/12/19/742.pdf,https://www.customs.gov.vn/index.jsp?pageId=3&id=90055&cid=1294,2023,11/2023,2026-10-08T09:33:28Z
546,185/TB-KĐ4,27/11/2023,Tổng cục Hải qun,"Về kết quả phân tích kèm mã số hàng hóa xuất khẩu, nhập khẩu",90130,313,19,TONG_CUC,Lê Ngọc Tấn,null,https://files.customs.gov.vn/CustomsCMS/TONG_CUC/2023/12/22/185_TB-KÐ4.pdf,https://www.customs.gov.vn/index.jsp?pageId=3&id=90130&cid=1294,2023,11/2023,2026-10-08T09:33:28Z
547,186/TB-KĐ4,27/11/2023,Tổng cục Hải qun,"Về kết quả phân tích kèm mã số hàng hóa xuất khẩu, nhập khẩu",90129,313,19,TONG_CUC,Trần Hương Giang,null,https://files.customs.gov.vn/CustomsCMS/TONG_CUC/2023/12/22/186_TB-KÐ4.pdf,https://www.customs.gov.vn/index.jsp?pageId=3&id=90129&cid=1294,2023,11/2023,2026-10-08T09:33:28Z
548,737/TB-KĐ3,23/11/2023,Tổng cục Hải qun,"Về kết quả phân tích kèm mã số hàng hóa xuất khẩu, nhập khẩu",90014,313,19,TONG_CUC,Nguyễn Thị Thanh Phượng,null,https://files.customs.gov.vn/CustomsCMS/TONG_CUC/2023/12/19/737.pdf,https://www.customs.gov.vn/index.jsp?pageId=3&id=90014&cid=1294,2023,11/2023,2026-10-08T09:33:28Z
549,732/TB-KĐ3,22/11/2023,Tổng cục Hải qun,"Về kết quả phân tích kèm mã số hàng hóa xuất khẩu, nhập khẩu",90044,313,19,TONG_CUC,Nguyễn Phương Nhi,null,https://files.customs.gov.vn/CustomsCMS/TONG_CUC/2023/12/19/732 (1).pdf,https://www.customs.gov.vn/index.jsp?pageId=3&id=90044&cid=1294,2023,11/2023,2026-10-08T09:33:28Z
550,5750/TB-TCHQ,08/11/2023,Tổng cục Hải quan,Kết quả xác định trước mã số,89567,313,19,TONG_CUC,Hoàng Việt Cường,08/11/2023,https://files.customs.gov.vn/CustomsCMS/TONG_CUC/2023/11/10/5750.PDF,https://www.customs.gov.vn/index.jsp?pageId=3&id=89567&cid=1294,2023,11/2023,2026-10-08T09:33:28Z
551,5751/TB-TCHQ,08/11/2023,Tổng cục Hải quan,Kết quả xác định trước mã số,89568,313,19,TONG_CUC,Hoàng Việt Cường,08/11/2023,https://files.customs.gov.vn/CustomsCMS/TONG_CUC/2023/11/10/5751.PDF,https://www.customs.gov.vn/index.jsp?pageId=3&id=89568&cid=1294,2023,11/2023,2026-10-08T09:33:28Z
552,5737/TB-TCHQ,07/11/2023,Tổng cục Hải quan,Kết quả xác định trước mã số,89566,313,19,TONG_CUC,Hoàng Việt Cường,07/11/2023,https://files.customs.gov.vn/CustomsCMS/TONG_CUC/2023/11/10/5737.PDF,https://www.customs.gov.vn/index.jsp?pageId=3&id=89566&cid=1294,2023,11/2023,2026-10-08T09:33:28Z
553,5682/TB-TCHQ,03/11/2023,Tổng cục Hải quan,Kết quả xác định trước mã số,89529,313,19,TONG_CUC,Hoàng Việt Cường,03/11/2023,https://files.customs.gov.vn/CustomsCMS/TONG_CUC/2023/11/6/5682.PDF,https://www.customs.gov.vn/index.jsp?pageId=3&id=89529&cid=1294,2023,11/2023,2026-10-08T09:33:28Z
554,5655/TB-TCHQ,02/11/2023,Tổng cục Hải quan,Kết quả xác định trước mã số,89530,313,19,TONG_CUC,Hoàng Việt Cường,02/11/2023,https://files.customs.gov.vn/CustomsCMS/TONG_CUC/2023/11/6/5655.PDF,https://www.customs.gov.vn/index.jsp?pageId=3&id=89530&cid=1294,2023,11/2023,2026-10-08T09:33:28Z
555,5628/TB-TCHQ,01/11/2023,Tổng cục Hải quan,Kết quả xác định trước mã số,89531,313,19,TONG_CUC,Hoàng Việt Cường,01/11/2023,https://files.customs.gov.vn/CustomsCMS/TONG_CUC/2023/11/6/5628.PDF,https://www.customs.gov.vn/index.jsp?pageId=3&id=89531&cid=1294,2023,11/2023,2026-10-08T09:33:28Z
