stt,so_hieu,ngay_ban_hanh,co_quan_ban_hanh,noi_dung_tom_tat,ma_noi_bo,linh_vuc,loai_van_ban,chuyen_trang,nguoi_ky,ngay_hieu_luc,pdf_url,url_chi_tiet,nam,nam_thang,crawled_at
1,05/2014/TT-BTC,27/01/2014,null,"Thông tư quy định về hoạt động tạm nhập, tái xuất, tạm xuất, tái nhập chuyển khẩu hàng hóa",74561,305,4,DA_NANG,Trần Tuấn Anh,20/02/2014,https://files.customs.gov.vn/DA_NANG/Uploads/65e32243-11bf-4695-985d-c1563e8c13ba/TT05-2014-BCT qdinh TNTX TXTN CKhau.tif,https://www.customs.gov.vn/index.jsp?pageId=3&id=74561&cid=1294,2014,01/2014,2026-10-08T09:19:48Z
2,1047/TCHQ-GSQL,27/01/2014,null,Thực hiện Nghị định số 164/2013/NĐ-CP của Chính phủ,74540,305,16,DA_NANG,PTCT Vũ Ngọc Anh,27/01/2014,https://files.customs.gov.vn/DA_NANG/Uploads/65e32243-11bf-4695-985d-c1563e8c13ba/1047.pdf,https://www.customs.gov.vn/index.jsp?pageId=3&id=74540&cid=1294,2014,01/2014,2026-10-08T09:19:48Z
3,1049/TCHQ-GSQL,27/01/2014,null,Thông báo định mức đối với nguyên vật liệu NSXXK,74539,305,16,DA_NANG,PTCT Vũ Ngọc Anh,27/01/2014,https://files.customs.gov.vn/DA_NANG/Uploads/65e32243-11bf-4695-985d-c1563e8c13ba/1049.pdf,https://www.customs.gov.vn/index.jsp?pageId=3&id=74539&cid=1294,2014,01/2014,2026-10-08T09:19:48Z
4,1084/TCHQ-GSQL,27/01/2014,null,Xác nhận hàng đã qua khu vực giám sát trên tờ khai hải quan,74541,305,16,DA_NANG,PTCT Vũ Ngọc Anh,27/01/2014,https://files.customs.gov.vn/DA_NANG/Uploads/65e32243-11bf-4695-985d-c1563e8c13ba/1084.pdf,https://www.customs.gov.vn/index.jsp?pageId=3&id=74541&cid=1294,2014,01/2014,2026-10-08T09:19:48Z
5,15/2014/TT-BTC,27/01/2014,null,Thông tư Hướng dẫn xử lý hàng hóa tồn đọng trong khu vực giám sát hải quan,74605,305,4,DA_NANG,Nguyễn Hữu Chí,15/03/2014,https://files.customs.gov.vn/DA_NANG/Uploads/65e32243-11bf-4695-985d-c1563e8c13ba/TT15-2014-BTC xly hang ton dong.pdf,https://www.customs.gov.vn/index.jsp?pageId=3&id=74605&cid=1294,2014,01/2014,2026-10-08T09:19:48Z
6,08/2014/NĐ-CP,27/01/2014,null,Nghị định 08/2014/NĐ-CP ng&#224;y 27/01/2014 của Ch&#237;nh phủ hướng dẫn Luật Khoa học v&#224; C&#244;ng nghệ,67584,305,8,LANG_SON,null,15/03/2014,https://files.customs.gov.vn/LANG_SON/uploads/document/502/08-2014_ND-CP_27-01-2014.doc,https://www.customs.gov.vn/index.jsp?pageId=3&id=67584&cid=1294,2014,01/2014,2026-10-08T09:19:48Z
7,1126/TCHQ-TXNK,27/01/2014,Tổng cục hải quan,V/v Phân loại mặt hàng bộ nhớ trong của USB 3G (HQ Hà Nội),63048,305,18,DONG_NAI,null,null,,https://www.customs.gov.vn/index.jsp?pageId=3&id=63048&cid=1294,2014,01/2014,2026-10-08T09:19:48Z
8,1126/TCHQ-TXNK,27/01/2014,null,Về việc phân loại mặt hàng bộ nhớ trong của usb 3G,74542,305,16,DA_NANG,Hoàng Việt Cường,27/01/2014,https://files.customs.gov.vn/DA_NANG/Uploads/65e32243-11bf-4695-985d-c1563e8c13ba/27.tif,https://www.customs.gov.vn/index.jsp?pageId=3&id=74542&cid=1294,2014,01/2014,2026-10-08T09:19:48Z
9,200/HQĐNa-GSQL,27/01/2014,Cục Hải Quan tỉnh Đồng Nai,V/v Nhập khẩu móc treo quần áo bằng nhựa đã qua sử dụng để thực hiện dự án RTS của Công ty TNHH Mainetti Việt Nam,65064,305,18,DONG_NAI,null,null,https://files.customs.gov.vn/DONG_NAI//Data/Cv_Hqdn/200_HQDNa_GSQ_24_01_2014.pdf,https://www.customs.gov.vn/index.jsp?pageId=3&id=65064&cid=1294,2014,01/2014,2026-10-08T09:19:48Z
10,1029/TCHQ-TXNK,25/01/2014,null,Trả lời vướng mắc Thông tư 128,74535,305,16,DA_NANG,PTCT Hoàng Việt Cường,25/01/2014,https://files.customs.gov.vn/DA_NANG/Uploads/65e32243-11bf-4695-985d-c1563e8c13ba/1029.pdf,https://www.customs.gov.vn/index.jsp?pageId=3&id=74535&cid=1294,2014,01/2014,2026-10-08T09:19:48Z
11,27/TB-VP,25/01/2014,null,"Thông báo kết luận của Phó Chủ tịch Thường trực UBND thành phố Võ Duy Khương tại cuộc họp Ban Chỉ đạo thực hiện ""Năm doanh nghiệp Đà Nẵng 2014""",74537,305,18,DA_NANG,Lê Tùng,25/01/2014,https://files.customs.gov.vn/DA_NANG/Uploads/65e32243-11bf-4695-985d-c1563e8c13ba/1_27.tif,https://www.customs.gov.vn/index.jsp?pageId=3&id=74537&cid=1294,2014,01/2014,2026-10-08T09:19:48Z
12,791/BCT-XNK,25/01/2014,Bộ Công thương,V/v Nhập khẩu dầu tẩm sợi phục vụ sản xuất (Công ty Hualon Corporation Việt Nam),63049,305,18,DONG_NAI,null,null,,https://www.customs.gov.vn/index.jsp?pageId=3&id=63049&cid=1294,2014,01/2014,2026-10-08T09:19:48Z
13,13/2014/TT-BTC,24/01/2014,null,Thông tư quy định thủ tục hải quan đối với hàng hóa gia công với thương nhân nước ngoài,74587,305,4,DA_NANG,Đỗ Hoàng Anh Tuấn,10/03/2014,https://files.customs.gov.vn/DA_NANG/Uploads/65e32243-11bf-4695-985d-c1563e8c13ba/TT13.pdf,https://www.customs.gov.vn/index.jsp?pageId=3&id=74587&cid=1294,2014,01/2014,2026-10-08T09:19:48Z
14,07/GM-HQĐNa,24/01/2014,Cục Hải Quan tỉnh Đồng Nai,"V/v Tham dự Hội nghị tập huấn, triển khai Nghị định 127/2013/NĐ-CP, Thông tư số 190/2013/TT-BTC và các văn bản mới về xử phạt VPHC trong lĩnh vực Hải quan",65068,305,18,DONG_NAI,null,null,https://files.customs.gov.vn/DONG_NAI//Data/Cv_Hqdn/07_GM_HQDNa_24_01_2014.pdf,https://www.customs.gov.vn/index.jsp?pageId=3&id=65068&cid=1294,2014,01/2014,2026-10-08T09:19:48Z
15,12/2014/TTLT-BTC-BNNPTNT,24/01/2014,Liên bộ,"Thông tư liên tịch 12/2014/TTLT-BTC-BNNPTNT ngày 24/1/2014 của Bộ Tài chính, Bộ nông nghiệp và phát triển nông thônhướng dẫn cơ chế quản lý, sử dụng kinh phí NSNN thực hiện dự án ""Tổng điều tra, kiểm kê rừng toàn quốc giai đoạn 2013-2016""",59549,305,4,TONG_CUC,"Hà Công Tuấn, Nguyễn Thị Minh",20/03/2014,https://files.customs.gov.vn/van_ban_phap_luat/Lists/VanBanPhapLuat/Attachments/7312/TTLT122014BTCBNNPTNT.tif,https://www.customs.gov.vn/index.jsp?pageId=3&id=59549&cid=1294,2014,01/2014,2026-10-08T09:19:48Z
16,14/2014/TTLT-BTC-BTP,24/01/2014,Bộ Tài chính,"TTLT Quy định việc lập dự toán, quản lý, sử dụng và quyết toán kinh phí ngân sách nhà nước bảo đảm cho công tác phổ biến, giáo dục pháp luật và chuẩn tiếp cận pháp luật của người dân tại cơ sở",67356,305,18,CAN_THO,null,14/03/2014,https://files.customs.gov.vn/CAN_THO/14.2014.TTLT.BTC.BTP.doc,https://www.customs.gov.vn/index.jsp?pageId=3&id=67356&cid=1294,2014,01/2014,2026-10-08T09:19:48Z
17,191/HQĐNa-GSQL,24/01/2014,Cục Hải Quan tỉnh Đồng Nai,Trả lời Công ty TNHH Great Veca Việt Nam v/v khó khăn khi thực hiện công văn 4332/BNN-BVTV của Bộ Nông nghiệp và Phát triển nông thôn,65067,305,18,DONG_NAI,null,null,https://files.customs.gov.vn/DONG_NAI//Data/Cv_Hqdn/191_HQDNa_GSQL_24_01_2014.pdf,https://www.customs.gov.vn/index.jsp?pageId=3&id=65067&cid=1294,2014,01/2014,2026-10-08T09:19:48Z
18,196/HQĐNa-TXNK,24/01/2014,Cục Hải Quan tỉnh Đồng Nai,V/v Sách Biểu thuế năm 2014,65066,305,18,DONG_NAI,null,null,https://files.customs.gov.vn/DONG_NAI//Data/Cv_Hqdn/196_HQDNa_TXNK_24_01_2014.pdf,https://www.customs.gov.vn/index.jsp?pageId=3&id=65066&cid=1294,2014,01/2014,2026-10-08T09:19:48Z
19,197/HQĐNa-TXNK,24/01/2014,Cục Hải Quan tỉnh Đồng Nai,V/v Gia hạn Danh mục hàng hóa nhập khẩu miễn thuế tạo TSCĐ (Công ty TNHH Bao bì nước giải khát Crown Việt Nam),65065,305,18,DONG_NAI,null,null,https://files.customs.gov.vn/DONG_NAI//Data/Cv_Hqdn/197_HQDNa_TXNK_24_01_2014.pdf,https://www.customs.gov.vn/index.jsp?pageId=3&id=65065&cid=1294,2014,01/2014,2026-10-08T09:19:48Z
20,04/VBHN-BCT,23/01/2014,Bộ Công thương,Thông tư hướng dẫn việc nhập khẩu xe gắn máy phân khối lớn từ 175 cm3 trở lên,55788,305,4,TP_HO_CHI_MINH,Vũ Huy Hoàng,07/02/2014,https://files.customs.gov.vn/CustomsCMS/TP_HO_CHI_MINH/2020/Web/Data/DocumentAttachments/04_VBHN-BCT_220588.doc,https://www.customs.gov.vn/index.jsp?pageId=3&id=55788&cid=1294,2014,01/2014,2026-10-08T09:19:48Z
21,912/TCHQ-GSQL,23/01/2014,null,Thực hiện Thông tư 01/2014/TT-BCT,74533,305,16,DA_NANG,912/TCHQ-GSQL,23/01/2014,https://files.customs.gov.vn/DA_NANG/Uploads/65e32243-11bf-4695-985d-c1563e8c13ba/912.pdf,https://www.customs.gov.vn/index.jsp?pageId=3&id=74533&cid=1294,2014,01/2014,2026-10-08T09:19:48Z
22,841/TCHQ-GSQL,22/01/2014,null,Dừng xuất khẩu gỗ có nguồn gốc Camphuchia từ kho ngoại quan,74531,305,16,DA_NANG,PTCT Vũ Ngọc Anh,22/01/2014,https://files.customs.gov.vn/DA_NANG/Uploads/65e32243-11bf-4695-985d-c1563e8c13ba/841.pdf,https://www.customs.gov.vn/index.jsp?pageId=3&id=74531&cid=1294,2014,01/2014,2026-10-08T09:19:48Z
23,843/TCHQ-GSQL,22/01/2014,null,Thời điểm nộp giấy chứng nhận kiểm dịch hàng hóa xuất khẩu,74532,305,16,DA_NANG,PTCT Vũ Ngọc Anh,22/01/2014,https://files.customs.gov.vn/DA_NANG/Uploads/65e32243-11bf-4695-985d-c1563e8c13ba/843.pdf,https://www.customs.gov.vn/index.jsp?pageId=3&id=74532&cid=1294,2014,01/2014,2026-10-08T09:19:48Z
24,01/KH-HQĐNa,22/01/2014,Cục Hải Quan tỉnh Đồng Nai,V/v Đào tạo thao tác thực tế trên Hệ thống VNACCS/VCIS,65069,305,18,DONG_NAI,null,null,https://files.customs.gov.vn/DONG_NAI//Data/Cv_Hqdn/01_KH_HQDNa_22_01_2014.pdf,https://www.customs.gov.vn/index.jsp?pageId=3&id=65069&cid=1294,2014,01/2014,2026-10-08T09:19:48Z
25,776/TCHQ-GSQL,21/01/2014,null,Gia hạn thời hạn quá cảnh hàng hóa,74529,305,16,DA_NANG,PTCT Vũ Ngọc Anh,21/01/2014,https://files.customs.gov.vn/DA_NANG/Uploads/65e32243-11bf-4695-985d-c1563e8c13ba/776.pdf,https://www.customs.gov.vn/index.jsp?pageId=3&id=74529&cid=1294,2014,01/2014,2026-10-08T09:19:48Z
26,06/2014/NĐ-CP,21/01/2014,null,"Nghị định 06/2014/NĐ-CP ng&#224;y 21/01/2014 của Ch&#237;nh phủ về biện ph&#225;p vận động quần ch&#250;ng bảo vệ an ninh quốc gia, giữ g&#236;n trật tự, an to&#224;n x&#227; hội",67585,305,8,LANG_SON,null,08/03/2014,https://files.customs.gov.vn/LANG_SON/uploads/document/503/06-2014_ND-CP_21-01-2014.doc,https://www.customs.gov.vn/index.jsp?pageId=3&id=67585&cid=1294,2014,01/2014,2026-10-08T09:19:48Z
27,168/HQĐNa-GSQL,21/01/2014,Cục Hải Quan tỉnh Đồng Nai,"Thanh lý máy móc, thiết bị nhập khẩu tạo tài sản cố định (Công ty TNHH Giày Đồng Nai Việt Vinh)",65070,305,18,DONG_NAI,null,null,https://files.customs.gov.vn/DONG_NAI//Data/Cv_Hqdn/168_HQDNa_GSQL_21_01_2014.pdf,https://www.customs.gov.vn/index.jsp?pageId=3&id=65070&cid=1294,2014,01/2014,2026-10-08T09:19:48Z
28,746/TCHQ-TXNK,21/01/2014,Tổng cục hải quan,V/v Phân loại máy chọn màu nông sản theo QĐ số 107/2007/QĐ-BTC (Công ty TNHH Hồ Phượng),63050,305,18,DONG_NAI,null,null,,https://www.customs.gov.vn/index.jsp?pageId=3&id=63050&cid=1294,2014,01/2014,2026-10-08T09:19:48Z
29,723/TCHQ-GSQL,20/01/2014,null,Vướng mắc khi thực hiện Quyết định 72/2013/QĐ-TTg,74527,305,16,DA_NANG,PTCT Vũ Ngọc Anh,20/01/2014,https://files.customs.gov.vn/DA_NANG/Uploads/65e32243-11bf-4695-985d-c1563e8c13ba/723.pdf,https://www.customs.gov.vn/index.jsp?pageId=3&id=74527&cid=1294,2014,01/2014,2026-10-08T09:19:48Z
30,725/TCHQ-GSQL,20/01/2014,null,Nhập khẩu cây cảnh kèm theo đất,74528,305,16,DA_NANG,PTCT Vũ Ngọc Anh,20/01/2014,https://files.customs.gov.vn/DA_NANG/Uploads/65e32243-11bf-4695-985d-c1563e8c13ba/725.pdf,https://www.customs.gov.vn/index.jsp?pageId=3&id=74528&cid=1294,2014,01/2014,2026-10-08T09:19:48Z
31,127/HQĐNa-VP,20/01/2014,Cục Hải Quan tỉnh Đồng Nai,V/v Nghỉ Tết Nguyên đán năm 2014,65072,305,18,DONG_NAI,null,null,https://files.customs.gov.vn/DONG_NAI//Data/Cv_Hqdn/127_HQDNa_VP_20_01_2014.pdf,https://www.customs.gov.vn/index.jsp?pageId=3&id=65072&cid=1294,2014,01/2014,2026-10-08T09:19:48Z
32,135/HQĐNa-GSQL,20/01/2014,Cục Hải Quan tỉnh Đồng Nai,Trả lời Công ty TNHH Khí hóa lỏng Vĩnh Phú v/v thủ tục xuất khẩu khí CNG,65071,305,18,DONG_NAI,null,null,https://files.customs.gov.vn/DONG_NAI//Data/Cv_Hqdn/135_HQDNa_GSQL_20_01_2014.pdf,https://www.customs.gov.vn/index.jsp?pageId=3&id=65071&cid=1294,2014,01/2014,2026-10-08T09:19:48Z
33,139/HQĐNa-CCHĐH,20/01/2014,Cục Hải Quan tỉnh Đồng Nai,Trả lời công văn của Sở Thông tin và truyền thông,64776,305,18,DONG_NAI,null,null,https://files.customs.gov.vn/DONG_NAI//Data/Cv_Hqdn/139_HQDNa_CCHDH_20_01_2014.pdf,https://www.customs.gov.vn/index.jsp?pageId=3&id=64776&cid=1294,2014,01/2014,2026-10-08T09:19:48Z
34,622/TCHQ-GSQL,17/01/2014,null,Nộp thông báo tiếp nhận hàng viện trợ,74522,305,16,DA_NANG,PTCT Vũ Ngọc Anh,17/01/2014,https://files.customs.gov.vn/DA_NANG/Uploads/65e32243-11bf-4695-985d-c1563e8c13ba/622.pdf,https://www.customs.gov.vn/index.jsp?pageId=3&id=74522&cid=1294,2014,01/2014,2026-10-08T09:19:48Z
35,04/2014/NÐ-CP,17/01/2014,Chính phủ,"Nghị định sửa đổi, bổ sung một số điều của nghị định số 51/2010/NĐ-CP ngày 14 tháng 5 năm 2010 của chính phủ quy định về hóa đơn bán hàng hóa, cung ứng dịch vụ",56193,305,8,TP_HO_CHI_MINH,Nguyễn Tấn Dũng,01/03/2014,https://files.customs.gov.vn/CustomsCMS/TP_HO_CHI_MINH/2020/Web/Data/DocumentAttachments/04_2014_ND-CP_219728.doc,https://www.customs.gov.vn/index.jsp?pageId=3&id=56193&cid=1294,2014,01/2014,2026-10-08T09:19:48Z
36,569/TCHQ-GSQL,16/01/2014,null,Đơn vị tính khi nhập khẩu mặt hàng là sản phẩm thuốc lá,74519,305,16,DA_NANG,PTCT Vũ Ngọc Anh,16/01/2014,https://files.customs.gov.vn/DA_NANG/Uploads/65e32243-11bf-4695-985d-c1563e8c13ba/569.pdf,https://www.customs.gov.vn/index.jsp?pageId=3&id=74519&cid=1294,2014,01/2014,2026-10-08T09:19:48Z
37,570/TCHQ-GSQL,16/01/2014,null,Trả lời vướng mắc thực hiện Quyết định số 53/2013/QDD-TTg ngày 13/9/2013 của Thủ tướng Chính phủ,74521,305,16,DA_NANG,PTCT Vũ Ngọc Anh,16/01/2014,https://files.customs.gov.vn/DA_NANG/Uploads/65e32243-11bf-4695-985d-c1563e8c13ba/570.pdf,https://www.customs.gov.vn/index.jsp?pageId=3&id=74521&cid=1294,2014,01/2014,2026-10-08T09:19:48Z
38,107/HQĐNa-TXNK,16/01/2014,Cục Hải Quan tỉnh Đồng Nai,V/v Đăng ký danh mục hàng hóa nhập khẩu miễn thuế tạo TSCĐ (Công ty TNHH Sợi Long Thái Tử),65075,305,18,DONG_NAI,null,null,https://files.customs.gov.vn/DONG_NAI//Data/Cv_Hqdn/107_HQDNa_TXNK_16_01_2014.pdf,https://www.customs.gov.vn/index.jsp?pageId=3&id=65075&cid=1294,2014,01/2014,2026-10-08T09:19:48Z
39,110/HQĐNa-GSQL,16/01/2014,Cục Hải Quan tỉnh Đồng Nai,"Trả lời Công ty TNHH Olympus Việt Nam v/v nhập khẩu linh kiện từ nước ngoài với dòng chữ ""Made in Việt Nam""",65074,305,18,DONG_NAI,null,null,https://files.customs.gov.vn/DONG_NAI//Data/Cv_Hqdn/110_HQDNa_GSQL_16_01_2014.pdf,https://www.customs.gov.vn/index.jsp?pageId=3&id=65074&cid=1294,2014,01/2014,2026-10-08T09:19:48Z
40,114/HQĐNa-GSQL,16/01/2014,Cục Hải Quan tỉnh Đồng Nai,Trả lời Công ty TNHH Thương mại dịch vụ Minh Phương v/v hướng dẫn thủ tục hải quan,65073,305,18,DONG_NAI,null,null,https://files.customs.gov.vn/DONG_NAI//Data/Cv_Hqdn/114_HQDNa_GSQL_16_01_2014.pdf,https://www.customs.gov.vn/index.jsp?pageId=3&id=65073&cid=1294,2014,01/2014,2026-10-08T09:19:48Z
41,571/TCHQ-TXNK,16/01/2014,Tổng cục hải quan,V/v Trả lời vướng mắc TT 128 (HQ Bình Dương),63051,305,18,DONG_NAI,null,null,,https://www.customs.gov.vn/index.jsp?pageId=3&id=63051&cid=1294,2014,01/2014,2026-10-08T09:19:48Z
42,01/2014/TT-BTC,15/01/2014,null,Thông tư quy định về việc nhập khẩu gỗ nguyên liệu từ Campuchia,74518,305,4,DA_NANG,Trần Tuấn Anh,15/01/2014,https://files.customs.gov.vn/DA_NANG/Uploads/65e32243-11bf-4695-985d-c1563e8c13ba/TT01.pdf,https://www.customs.gov.vn/index.jsp?pageId=3&id=74518&cid=1294,2014,01/2014,2026-10-08T09:19:48Z
43,109/QĐ-TTg,15/01/2014,Thủ tướng Chính phủ,Quyết định 109/QĐ-TTg ngày 15/01/2014 của Thủ tướng Chính phủ về việc thành lập Ủy ban Quốc gia về ứng dụng công nghệ thông tin,59542,305,10,TONG_CUC,Nguyễn Tấn Dũng,15/01/2014,,https://www.customs.gov.vn/index.jsp?pageId=3&id=59542&cid=1294,2014,01/2014,2026-10-08T09:19:48Z
44,88/HQĐNa-CCHĐH,15/01/2014,Cục Hải Quan tỉnh Đồng Nai,Trả lời Công ty TNHH MTV Thuộc da Rostaing (Việt Nam) v/v vướng mắc việc áp mã loại hình xuất khẩu của DNCX,65076,305,18,DONG_NAI,null,null,https://files.customs.gov.vn/DONG_NAI//Data/Cv_Hqdn/88_HQDNa_CCHDH_15_01_2014.pdf,https://www.customs.gov.vn/index.jsp?pageId=3&id=65076&cid=1294,2014,01/2014,2026-10-08T09:19:48Z
45,402/TCHQ-GSQL,14/01/2014,null,"Về việc xác nhận TKNG xe phục vụ an ninh, quốc phòng",74516,305,16,DA_NANG,Vũ Ngọc Anh,14/01/2014,https://files.customs.gov.vn/DA_NANG/Uploads/65e32243-11bf-4695-985d-c1563e8c13ba/402.pdf,https://www.customs.gov.vn/index.jsp?pageId=3&id=74516&cid=1294,2014,01/2014,2026-10-08T09:19:48Z
46,403/TCHQ-GSQL,14/01/2014,null,Hướng dẫn thủ tục hải quan đối với hàng hóa chuyển cửa khẩu,74514,305,16,DA_NANG,PTCT Vũ Ngọc Anh,14/01/2014,https://files.customs.gov.vn/DA_NANG/Uploads/65e32243-11bf-4695-985d-c1563e8c13ba/403.pdf,https://www.customs.gov.vn/index.jsp?pageId=3&id=74514&cid=1294,2014,01/2014,2026-10-08T09:19:48Z
47,406/TCHQ-GSQL,14/01/2014,null,Vướng mắc khi thực hiện Thông tư 128/2013/TT-BTC,74515,305,16,DA_NANG,PTCT Vũ Ngọc Anh,14/01/2014,https://files.customs.gov.vn/DA_NANG/Uploads/65e32243-11bf-4695-985d-c1563e8c13ba/406.pdf,https://www.customs.gov.vn/index.jsp?pageId=3&id=74515&cid=1294,2014,01/2014,2026-10-08T09:19:48Z
48,07/2014/TT-BTC,14/01/2014,null,"Th&#244;ng tư 07/2014/TT-BTC Hướng dẫn xử phạt vi phạm h&#224;nh ch&#237;nh lĩnh vực quản l&#253;, sử dụng t&#224;i sản nh&#224; nước theo Nghị định 192/2013/NĐ-CP do Bộ T&#224;i ch&#237;nh ban h&#224;nh",67586,305,4,LANG_SON,null,01/03/2014,https://files.customs.gov.vn/LANG_SON/uploads/document/575/07_2014_TT-BTC_14-1-2014.doc,https://www.customs.gov.vn/index.jsp?pageId=3&id=67586&cid=1294,2014,01/2014,2026-10-08T09:19:48Z
49,406/TCHQ-GSQL,14/01/2014,Tổng cục hải quan,V/v Vướng mắc khi thực hiện Thông tư số 128/2013/TT-BTC (HQ Hải Phòng),63052,305,18,DONG_NAI,null,null,,https://www.customs.gov.vn/index.jsp?pageId=3&id=63052&cid=1294,2014,01/2014,2026-10-08T09:19:48Z
50,260/QĐ-UBND,13/01/2014,null,"Quyết định v/v thành lập Ban chỉ đạo thực hiện ""Năm Doanh nghiệp Đà Nẵng 2014""",74512,305,10,DA_NANG,Văn Hữu Chiến,13/01/2014,https://files.customs.gov.vn/DA_NANG/Uploads/65e32243-11bf-4695-985d-c1563e8c13ba/260.tif,https://www.customs.gov.vn/index.jsp?pageId=3&id=74512&cid=1294,2014,01/2014,2026-10-08T09:19:48Z
51,521/BTC-TCHQ,13/01/2014,null,Dán tem rượu nhập khẩu về đóng chai tại trong nước,74513,305,16,DA_NANG,Đỗ Hoàng Anh Tuấn,13/01/2014,https://files.customs.gov.vn/DA_NANG/Uploads/65e32243-11bf-4695-985d-c1563e8c13ba/521.pdf,https://www.customs.gov.vn/index.jsp?pageId=3&id=74513&cid=1294,2014,01/2014,2026-10-08T09:19:48Z
52,294/TCHQ-TXNK,13/01/2014,Tổng cục hải quan,"V/v Xử lý vướng mắc thuế (HQ các tỉnh, thành phố)",63053,305,18,DONG_NAI,null,null,,https://www.customs.gov.vn/index.jsp?pageId=3&id=63053&cid=1294,2014,01/2014,2026-10-08T09:19:48Z
53,520/BTC-TCHQ,13/01/2014,Bộ Tài chính,V/v Thuế TTĐB đối với ô tô điện không tham gia giao thông (Công ty cổ phần Đầu tư Thương mại Nội Bài),63055,305,18,DONG_NAI,null,null,https://files.customs.gov.vn/DONG_NAI//Data/CV_BTC/520_BTC_TCHQ_13_01_2014.pdf,https://www.customs.gov.vn/index.jsp?pageId=3&id=63055&cid=1294,2014,01/2014,2026-10-08T09:19:48Z
54,521/BTC-TCHQ,13/01/2014,Bộ Tài chính,"V/v Dán tem rượu nhập khẩu về đóng chai tại trong nước (HQ các tỉnh, thành phố; Công ty CP rượu bia Đà Lạt, Công ty TNHH Tri VinSa)",63054,305,18,DONG_NAI,null,null,https://files.customs.gov.vn/DONG_NAI//Data/CV_BTC/521_BTC_TCHQ_13_01_2014.pdf,https://www.customs.gov.vn/index.jsp?pageId=3&id=63054&cid=1294,2014,01/2014,2026-10-08T09:19:48Z
55,60/HQĐNa-GSQL,13/01/2014,Cục Hải Quan tỉnh Đồng Nai,V/v Kiểm tra cơ sở hạ tầng xin thành lập kho ngoại quan của Công ty cổ phần Cảng Đồng Nai,65078,305,18,DONG_NAI,null,null,https://files.customs.gov.vn/DONG_NAI//Data/Cv_Hqdn/60_HQDNa_GSQL_13_01_2014.pdf,https://www.customs.gov.vn/index.jsp?pageId=3&id=65078&cid=1294,2014,01/2014,2026-10-08T09:19:48Z
56,61/HQĐNa-GSQL,13/01/2014,Cục Hải Quan tỉnh Đồng Nai,V/v Hướng dẫn thực hiện một số điều của Thông tư 128/2013/TT-BTC,65077,305,18,DONG_NAI,null,null,https://files.customs.gov.vn/DONG_NAI//Data/Cv_Hqdn/61_HQDNa_GSQL_13_01_2014.pdf,https://www.customs.gov.vn/index.jsp?pageId=3&id=65077&cid=1294,2014,01/2014,2026-10-08T09:19:48Z
57,438/BTC-TCHQ,10/01/2014,null,Vướng mắc Điều 56 Thông tư số 128/2013/TT-BTC,74509,305,16,DA_NANG,TT Đỗ Hoàng Anh Tuấn,10/01/2014,https://files.customs.gov.vn/DA_NANG/Uploads/65e32243-11bf-4695-985d-c1563e8c13ba/438.pdf,https://www.customs.gov.vn/index.jsp?pageId=3&id=74509&cid=1294,2014,01/2014,2026-10-08T09:19:48Z
58,51/GSQL-GQ1,10/01/2014,null,Xuất khẩu dăm gỗ rừng trồng,74511,305,16,DA_NANG,Nguyễn Nhất Kha,10/01/2014,https://files.customs.gov.vn/DA_NANG/Uploads/65e32243-11bf-4695-985d-c1563e8c13ba/51.pdf,https://www.customs.gov.vn/index.jsp?pageId=3&id=74511&cid=1294,2014,01/2014,2026-10-08T09:19:48Z
59,437/BTC-TCHQ,10/01/2014,null,"Về việc thực hiện kiểm tra cơ sở sản xuất theo qui định tại Điều 20.,Điều 36 Thông tư số 128/2013/TT-BTC",74508,305,16,DA_NANG,Đỗ Hoàng Anh Tuấn,10/01/2014,https://files.customs.gov.vn/DA_NANG/Uploads/65e32243-11bf-4695-985d-c1563e8c13ba/437.pdf,https://www.customs.gov.vn/index.jsp?pageId=3&id=74508&cid=1294,2014,01/2014,2026-10-08T09:19:48Z
60,256/TCHQ-GSQL,09/01/2014,null,Vướng mắc khi thực hiện Thông tư số 128/2013/TT-BTC,74506,305,16,DA_NANG,PTCT Vũ Ngọc Anh,09/01/2014,https://files.customs.gov.vn/DA_NANG/Uploads/65e32243-11bf-4695-985d-c1563e8c13ba/256.pdf,https://www.customs.gov.vn/index.jsp?pageId=3&id=74506&cid=1294,2014,01/2014,2026-10-08T09:19:48Z
61,242/TCHQ-GSQL,09/01/2014,Tổng cục hải quan,V/v Hướng dẫn thủ tục hải quan (Công ty cổ phần công nghệ tương lai Đất Việt),63057,305,18,DONG_NAI,null,null,,https://www.customs.gov.vn/index.jsp?pageId=3&id=63057&cid=1294,2014,01/2014,2026-10-08T09:19:48Z
62,51/GSQL-GQ1,09/01/2014,Tổng cục hải quan,"V/v Xuất khẩu dăm gỗ rừng trồng (HQ các tỉnh, thành phố)",63056,305,18,DONG_NAI,null,null,,https://www.customs.gov.vn/index.jsp?pageId=3&id=63056&cid=1294,2014,01/2014,2026-10-08T09:19:48Z
63,226/TCHQ-TXNK,08/01/2014,Tổng cục hải quan,V/v Trị giá tính thuế hàng xuất khẩu (Công ty TNHH TM Hoàng Lan),63058,305,18,DONG_NAI,null,null,,https://www.customs.gov.vn/index.jsp?pageId=3&id=63058&cid=1294,2014,01/2014,2026-10-08T09:19:48Z
64,35/HQĐNa-TXNK,08/01/2014,Cục Hải Quan tỉnh Đồng Nai,V/v Đăng ký danh mục hàng hóa nhập khẩu miễn thuế tạo TSCĐ (Công ty cổ phần hữu hạn Vedan Việt Nam),65080,305,18,DONG_NAI,null,null,https://files.customs.gov.vn/DONG_NAI//Data/Cv_Hqdn/35_HQDNa_TXNK_08_01_2014.pdf,https://www.customs.gov.vn/index.jsp?pageId=3&id=65080&cid=1294,2014,01/2014,2026-10-08T09:19:48Z
65,40/HQĐNa-GSQL,08/01/2014,Cục Hải Quan tỉnh Đồng Nai,V/v Đào tạo thực hành thực tế trên hệ thống VNACCS/VCIS,65079,305,18,DONG_NAI,null,null,https://files.customs.gov.vn/DONG_NAI//Data/Cv_Hqdn/40_HQDNa_GSQL_08_01_2014.pdf,https://www.customs.gov.vn/index.jsp?pageId=3&id=65079&cid=1294,2014,01/2014,2026-10-08T09:19:48Z
66,139/TCHQ-GSQL,07/01/2014,null,Hướng dẫn thực hiện quy định mới về C/O mẫu D,74503,305,16,DA_NANG,PTCT Vũ Ngọc Anh,07/01/2014,https://files.customs.gov.vn/DA_NANG/Uploads/65e32243-11bf-4695-985d-c1563e8c13ba/139.pdf,https://www.customs.gov.vn/index.jsp?pageId=3&id=74503&cid=1294,2014,01/2014,2026-10-08T09:19:48Z
67,139/TCHQ-GSQL,07/01/2014,Tổng cục hải quan,V/v hướng dẫn thực hiện quy định mới về C/O mẫu D.,53268,305,16,TP_HO_CHI_MINH,Vũ Ngọc Anh,07/01/2014,https://files.customs.gov.vn/CustomsCMS/TP_HO_CHI_MINH/2020/Web/Data/DocumentAttachments/139-TCHQ-GSQL.tif,https://www.customs.gov.vn/index.jsp?pageId=3&id=53268&cid=1294,2014,01/2014,2026-10-08T09:19:48Z
68,141/TCHQ-GSQL,07/01/2014,Tổng cục hải quan,"V/v Vướng mắc khi thực hiện Thông tư 128/2013/TT-BTC (HQ các tỉnh, thành phố)",63063,305,18,DONG_NAI,null,null,,https://www.customs.gov.vn/index.jsp?pageId=3&id=63063&cid=1294,2014,01/2014,2026-10-08T09:19:48Z
69,142/TCHQ-GSQL,07/01/2014,null,Lấy mẫu hàng hóa phục vụ kiểm tra chuyên ngành,74499,305,16,DA_NANG,PTCT Vũ Ngọc Anh,07/01/2014,https://files.customs.gov.vn/DA_NANG/Uploads/65e32243-11bf-4695-985d-c1563e8c13ba/142.pdf,https://www.customs.gov.vn/index.jsp?pageId=3&id=74499&cid=1294,2014,01/2014,2026-10-08T09:19:48Z
70,147/TCHQ-TXNK,07/01/2014,Tổng cục hải quan,V/v Phân loại máy biến điện sử dụng điện môi lỏng (Tập đoàn Việt Á; Công ty cổ phần Telematic; HQ Đà Nẵng),63062,305,18,DONG_NAI,null,null,,https://www.customs.gov.vn/index.jsp?pageId=3&id=63062&cid=1294,2014,01/2014,2026-10-08T09:19:48Z
71,149/TCHQ-TXNK,07/01/2014,Tổng cục hải quan,V/v Hướng dẫn thủ tục hoàn thuế (Công ty TNHH Công nghiệp Chiến Thắng),63061,305,18,DONG_NAI,null,null,,https://www.customs.gov.vn/index.jsp?pageId=3&id=63061&cid=1294,2014,01/2014,2026-10-08T09:19:48Z
72,164-184/TXNK-QLN,07/01/2014,null,"Thông báo về kết quả phân loại đối với hàng hóa xuất khẩu, nhập khẩu",74502,305,16,DA_NANG,Hoàng Việt Cường,07/01/2014,https://files.customs.gov.vn/DA_NANG/Uploads/65e32243-11bf-4695-985d-c1563e8c13ba/164.tif,https://www.customs.gov.vn/index.jsp?pageId=3&id=74502&cid=1294,2014,01/2014,2026-10-08T09:19:48Z
73,171/TCHQ-GSQL,07/01/2014,null,"NK thuốc lá điện tử, thuốc lá điếu làm từ chất thay thế thuốc lá",74504,305,16,DA_NANG,PTCT Vũ Ngọc Anh,07/01/2014,https://files.customs.gov.vn/DA_NANG/Uploads/65e32243-11bf-4695-985d-c1563e8c13ba/171.pdf,https://www.customs.gov.vn/index.jsp?pageId=3&id=74504&cid=1294,2014,01/2014,2026-10-08T09:19:48Z
74,271/BTC-TCHQ,07/01/2014,Bộ Tài chính,V/v Điều kiện xác định trước mã số (Công ty TNHH Hansol Việt Nam),63060,305,18,DONG_NAI,null,null,,https://www.customs.gov.vn/index.jsp?pageId=3&id=63060&cid=1294,2014,01/2014,2026-10-08T09:19:48Z
75,272/BTC-TCHQ,07/01/2014,Bộ Tài chính,"V/v Áp dụng bảo lãnh chung (HQ các tỉnh, thành phố)",63059,305,18,DONG_NAI,null,null,,https://www.customs.gov.vn/index.jsp?pageId=3&id=63059&cid=1294,2014,01/2014,2026-10-08T09:19:48Z
76,176/BTC-TCT,06/01/2014,null,"Về việc sử dụng hóa đơn cho hàng hóa xuất khẩu tại chỗ, gia công chuyển tiếp hoặc các trường hợp khác được coi như xuất khẩu",74498,305,16,DA_NANG,Đỗ Hoàng Anh Tuấn,06/01/2014,https://files.customs.gov.vn/DA_NANG/Uploads/65e32243-11bf-4695-985d-c1563e8c13ba/176.pdf,https://www.customs.gov.vn/index.jsp?pageId=3&id=74498&cid=1294,2014,01/2014,2026-10-08T09:19:48Z
77,176/BTC-TCT,06/01/2014,Bộ Tài chính,"V/v Sử dụng hóa đơn cho hàng hóa xuất khẩu tại chỗ, gia công chuyển tiếp hoặc các trường hợp khác được coi như xuất khẩu (Cục Thuế, Cục Hải quan)",63064,305,18,DONG_NAI,null,null,,https://www.customs.gov.vn/index.jsp?pageId=3&id=63064&cid=1294,2014,01/2014,2026-10-08T09:19:48Z
78,67/TCHQ-TXNK,06/01/2014,Tổng cục hải quan,V/v Thuế GTGT thuốc trừ cỏ (Hội Khoa học kỹ thuật bảo vệ thực vật Việt Nam),63066,305,18,DONG_NAI,null,null,,https://www.customs.gov.vn/index.jsp?pageId=3&id=63066&cid=1294,2014,01/2014,2026-10-08T09:19:48Z
79,70-83/TB-TCHQ,06/01/2014,Tổng cục hải quan,V/v Kết quả phân loại đối với hàng hóa xuất khẩu nhập khẩu,63065,305,19,DONG_NAI,null,null,https://files.customs.gov.vn/DONG_NAI//Data/CV_TCHQ/70_83_TB_TCHQ_06_01_2014.pdf,https://www.customs.gov.vn/index.jsp?pageId=3&id=63065&cid=1294,2014,01/2014,2026-10-08T09:19:48Z
80,89/BTC-TCHQ,03/01/2014,Bộ Tài chính,"V/v Thủ tục XK hàng hóa có hợp đồng yêu cầu phải kiểm dịch (HQ các tỉnh, thành phố)",63067,305,18,DONG_NAI,null,null,,https://www.customs.gov.vn/index.jsp?pageId=3&id=63067&cid=1294,2014,01/2014,2026-10-08T09:19:48Z
81,10/GSQL-GQ3,02/01/2014,null,Về việc vướng mắc về khai báo giá tạm tính khi làm thủ tục tái xuất xăng dầu,74493,305,16,DA_NANG,Âu Anh Tuấn,02/01/2014,https://files.customs.gov.vn/DA_NANG/Uploads/65e32243-11bf-4695-985d-c1563e8c13ba/10.pdf,https://www.customs.gov.vn/index.jsp?pageId=3&id=74493&cid=1294,2014,01/2014,2026-10-08T09:19:48Z
82,05/TCHQ-TXNK,02/01/2014,Tổng cục hải quan,V/v Xử lý vướng mắc thuế (Công ty CP Kim Tín),62754,305,18,DONG_NAI,null,null,,https://www.customs.gov.vn/index.jsp?pageId=3&id=62754&cid=1294,2014,01/2014,2026-10-08T09:19:48Z
83,10/GSQL-GQ3,02/01/2014,Tổng cục hải quan,V/v Vướng mắc về khai báo giá tạm tính khi làm thủ tục xuất xăng dầu (Công ty cổ phần nhiên liệu bay Petrolimex),62753,305,18,DONG_NAI,null,null,,https://www.customs.gov.vn/index.jsp?pageId=3&id=62753&cid=1294,2014,01/2014,2026-10-08T09:19:48Z
84,170/2013/NĐ-CP,01/01/2014,Chính phủ,"Nghị định 170/2013/NĐ-CP của Chính phủ về việc sửa đổi, bổ sung một số điều của Nghị định 26/2007/NĐ-CP ngày 15/02/2007 của Chính phủ quy định chi tiết thi hành Luật Giao dịch điện tử về chữ ký số và dịch vụ chứng thực chữ ký số và Nghị định 106/2011/NĐ-CP ngày 23/11/2011 của Chính phủ sửa đổi, bổ sung một số điều của Nghị định 26/2007/NĐ-CP ngày 15/02/2007",61852,305,8,QUANG_NGAI,Nguyễn Tấn Dũng,01/01/1900,https://files.customs.gov.vn/QUANG_NGAI/20131113_170_2013_NĐ-CP.pdf,https://www.customs.gov.vn/index.jsp?pageId=3&id=61852&cid=1294,2014,01/2014,2026-10-08T09:19:48Z
85,244/GSQL-GQ1,28/02/2014,null,Thực hiện Thông tư số 05/2014/TT-BCT,74575,305,16,DA_NANG,Âu Anh Tuấn,28/02/2014,https://files.customs.gov.vn/DA_NANG/Uploads/65e32243-11bf-4695-985d-c1563e8c13ba/244 CK TNTX theo TT05-2014-BCT.tif,https://www.customs.gov.vn/index.jsp?pageId=3&id=74575&cid=1294,2014,02/2014,2026-10-08T09:19:48Z
86,2017/TCHQ-TXNK,28/02/2014,Tổng cục hải quan,V/v Hướng dẫn thực hiện Biểu thuế XK (Công ty TNHH Trái Đất Xanh),62698,305,18,DONG_NAI,null,null,,https://www.customs.gov.vn/index.jsp?pageId=3&id=62698&cid=1294,2014,02/2014,2026-10-08T09:19:48Z
87,2091/TCHQ-GSQL,28/02/2014,null,Nhập khẩu thuốc lá điếu điện tử,74574,305,16,DA_NANG,PTCT Vũ Ngọc Anh,28/02/2014,https://files.customs.gov.vn/DA_NANG/Uploads/65e32243-11bf-4695-985d-c1563e8c13ba/2091 NK thuoc la dieu dien tu thang 2-14.tif,https://www.customs.gov.vn/index.jsp?pageId=3&id=74574&cid=1294,2014,02/2014,2026-10-08T09:19:48Z
88,336/HQĐNa-GSQL,28/02/2014,Cục Hải Quan tỉnh Đồng Nai,Trả lời Công ty TNHH Sản phẩm công nghiệp Toshiba Asia v/v sử dụng kết quả thành phần thép 845C từ nhà cung cấp,64834,305,18,DONG_NAI,null,null,https://files.customs.gov.vn/DONG_NAI//Data/Cv_Hqdn/336_HQDNa_GSQL_28_02_2014.pdf,https://www.customs.gov.vn/index.jsp?pageId=3&id=64834&cid=1294,2014,02/2014,2026-10-08T09:19:48Z
89,1976/TCHQ-GSQL,27/02/2014,null,Về việc triển khai Quyết định số 53/2013/QĐ-TTg ngày 13/9/2013 của TTg Chính phủ,74573,305,16,DA_NANG,Vũ Ngọc Anh,27/02/2014,https://files.customs.gov.vn/DA_NANG/Uploads/65e32243-11bf-4695-985d-c1563e8c13ba/1976 cap GGT de doi tuong 73 TX tieu huy Cn xe thang 2-14.tif,https://www.customs.gov.vn/index.jsp?pageId=3&id=74573&cid=1294,2014,02/2014,2026-10-08T09:19:48Z
90,1972/TCHQ-TXNK,27/02/2014,Tổng cục hải quan,V/v Hướng dẫn thủ tục hải quan và chính sách thuế (Công ty cổ phần Cơ điện Miền Trung),62700,305,18,DONG_NAI,null,null,,https://www.customs.gov.vn/index.jsp?pageId=3&id=62700&cid=1294,2014,02/2014,2026-10-08T09:19:48Z
91,605/TCT-KK,27/02/2014,Tổng Cục Thuế,V/v Kê khai nộp thuế bảo vệ môi trường (Công ty Cổ phần AP SAIGON PETRO),62699,305,18,DONG_NAI,null,null,,https://www.customs.gov.vn/index.jsp?pageId=3&id=62699&cid=1294,2014,02/2014,2026-10-08T09:19:48Z
92,14/2014/NÐ-CP,26/02/2014,Chính phủ,Quy định chi tiết thi hành Luật Điện lực về an toàn điện,56364,305,8,TP_HO_CHI_MINH,Nguyễn Tấn Dũng,15/04/2014,https://files.customs.gov.vn/CustomsCMS/TP_HO_CHI_MINH/2020/Web/Data/DocumentAttachments/14_2014_ND_CP_Quy_dinh_chi_tiet_thi_hanh_Luat_Dien_luc_ve_an_toan_dien_.doc,https://www.customs.gov.vn/index.jsp?pageId=3&id=56364&cid=1294,2014,02/2014,2026-10-08T09:19:48Z
93,1946-2033/TB-TCHQ,26/02/2014,null,"Thông báo về kết quả phân loại đối với hàng hóa xuất khẩu, nhập khẩu",74571,305,18,DA_NANG,Hoàng Việt Cường,26/02/2014,https://files.customs.gov.vn/DA_NANG/Uploads/65e32243-11bf-4695-985d-c1563e8c13ba/1946-2033.tif,https://www.customs.gov.vn/index.jsp?pageId=3&id=74571&cid=1294,2014,02/2014,2026-10-08T09:19:48Z
94,1957/TCHQ-GSQL,26/02/2014,null,"Về việc sử dụng mã loại hình khi xuất trả hàng hóa cho khách hàng nước ngoài, xuất khẩu sang nước thứ 3, xuất khẩu vào khu phi thuế quan",74570,305,16,DA_NANG,Vũ Ngọc Anh,26/02/2014,https://files.customs.gov.vn/DA_NANG/Uploads/65e32243-11bf-4695-985d-c1563e8c13ba/1957 ma loai hinh hang XK tra cho nuoc ngoai Dieu 56TT128 thang 2-14.tif,https://www.customs.gov.vn/index.jsp?pageId=3&id=74570&cid=1294,2014,02/2014,2026-10-08T09:19:48Z
95,14/VBHN-BNNPTNT,25/02/2014,null,"Quy định Thủ tục đăng ký sản xuất, nhập khẩu, lưu hành thuốc thú y, nguyên liệu làm thuốc thú y, chế phẩm sinh học, vi sinh vật, hóa chất dùng trong thú y",67364,305,18,CAN_THO,null,15/03/2014,https://files.customs.gov.vn/CAN_THO/14_VBHN-BNNPTNT.pdf,https://www.customs.gov.vn/index.jsp?pageId=3&id=67364&cid=1294,2014,02/2014,2026-10-08T09:19:48Z
96,1830/TCHQ-GSQL,25/02/2014,null,Thủ tục nhập khẩu gỗ từ Campuchia,74569,305,16,DA_NANG,PTCT Vũ Ngọc Anh,25/02/2014,https://files.customs.gov.vn/DA_NANG/Uploads/65e32243-11bf-4695-985d-c1563e8c13ba/1830.pdf,https://www.customs.gov.vn/index.jsp?pageId=3&id=74569&cid=1294,2014,02/2014,2026-10-08T09:19:48Z
97,266/QLCL-CL1,25/02/2014,Bộ nông nghiệp và phát triển nông thôn,V/v phối hợp kiểm soát thủy sản xuất khẩu,58371,305,16,TP_HO_CHI_MINH,Trần Bích Nga,25/02/2014,https://files.customs.gov.vn/CustomsCMS/TP_HO_CHI_MINH/2020/Web/Data/DocumentAttachments/266_QLCL-CL1_222328.doc,https://www.customs.gov.vn/index.jsp?pageId=3&id=58371&cid=1294,2014,02/2014,2026-10-08T09:19:48Z
98,308/HQĐNa-GSQL,25/02/2014,Cục Hải Quan tỉnh Đồng Nai,"V/v Sửa đổi, bổ sung Công văn số 342/HQĐNa-GSQL ngày 27/12/2013",64835,305,18,DONG_NAI,null,null,https://files.customs.gov.vn/DONG_NAI//Data/Cv_Hqdn/308_HQDNa_GSQL_25_02_2014.pdf,https://www.customs.gov.vn/index.jsp?pageId=3&id=64835&cid=1294,2014,02/2014,2026-10-08T09:19:48Z
99,339/KH-HQĐNg,25/02/2014,null,"Kế hoạch thưc hiện ""Năm Doanh nghiệp Đà Nẵng 2014"" của Cục Hải quan TP Đà Nẵng",74568,305,18,DA_NANG,Nguyễn Tiến Thọ,25/02/2014,https://files.customs.gov.vn/DA_NANG/Uploads/65e32243-11bf-4695-985d-c1563e8c13ba/339.tif,https://www.customs.gov.vn/index.jsp?pageId=3&id=74568&cid=1294,2014,02/2014,2026-10-08T09:19:48Z
100,72/TT.KDYTQT,25/02/2014,Khác,"V/v Điều chỉnh mức thu, nộp phí Kiểm dịch Y tế",62701,305,18,DONG_NAI,null,null,https://files.customs.gov.vn/DONG_NAI//Data/CV_nganh_khac/72_TTKDYTQT_25_02_2014.pdf,https://www.customs.gov.vn/index.jsp?pageId=3&id=62701&cid=1294,2014,02/2014,2026-10-08T09:19:48Z
101,1136/QĐ-UBND,24/02/2014,null,"Quyết định về việc ban hành Chương trình hoạt động ""Năm Doanh nghiệp Đà Nẵng 2014""",74567,305,10,DA_NANG,Văn Hữu Chiến,24/02/2014,https://files.customs.gov.vn/DA_NANG/Uploads/65e32243-11bf-4695-985d-c1563e8c13ba/1136.tif,https://www.customs.gov.vn/index.jsp?pageId=3&id=74567&cid=1294,2014,02/2014,2026-10-08T09:19:48Z
102,01/2014/TT-BCT,24/02/2014,Bộ Công thương,Thông tư 01/2014/TT-BCT quy định về nhập khẩu gỗ nguyên liệu từ Campuchia,61363,305,4,BA_RIA_VUNG_TAU,Trần Tuấn Anh,15/01/2014,https://files.customs.gov.vn/BA_RIA_VUNG_TAU/uploads/document/509/01-2014_TT-BCT_15-01-2014.doc,https://www.customs.gov.vn/index.jsp?pageId=3&id=61363&cid=1294,2014,02/2014,2026-10-08T09:19:48Z
103,06/2014/TT-BCT,24/02/2014,Bộ Công thương,Thông tư 06/2014/TT-BCT quy định việc nhập khẩu theo hạn ngạch thuế quan năm 2014 với thuế suất thuế nhập khẩu 0% đối với hàng hóa có xuất xứ từ Lào,61364,305,4,BA_RIA_VUNG_TAU,Trần Tuấn Anh,11/02/2014,https://files.customs.gov.vn/BA_RIA_VUNG_TAU/uploads/document/518/06_2014_TT-BCT_11-02-2014.doc,https://www.customs.gov.vn/index.jsp?pageId=3&id=61364&cid=1294,2014,02/2014,2026-10-08T09:19:48Z
104,214/GSQL-TH,24/02/2014,Tổng cục hải quan,V/v Vướng mắc C/O mẫu E (Công ty CP Đầu tư và Thương mại - HK),62703,305,18,DONG_NAI,null,null,,https://www.customs.gov.vn/index.jsp?pageId=3&id=62703&cid=1294,2014,02/2014,2026-10-08T09:19:48Z
105,215/GSQL-TH,24/02/2014,Tổng cục hải quan,"V/v Hướng dẫn thủ tục nhập, xuất hàng hóa kho ngoại quan (Công ty TNHH Mascot Việt Nam)",62702,305,18,DONG_NAI,null,null,,https://www.customs.gov.vn/index.jsp?pageId=3&id=62702&cid=1294,2014,02/2014,2026-10-08T09:19:48Z
106,292/HQĐNa-GSQL,24/02/2014,Cục Hải Quan tỉnh Đồng Nai,V/v Hướng dẫn hủy tờ khai hải quan khi thực hiện thủ tục hải quan điện tử,64838,305,18,DONG_NAI,null,null,https://files.customs.gov.vn/DONG_NAI//Data/Cv_Hqdn/292_HQDNa_GSQL_24_02_2014.pdf,https://www.customs.gov.vn/index.jsp?pageId=3&id=64838&cid=1294,2014,02/2014,2026-10-08T09:19:48Z
107,295/HQĐNa-GSQL,24/02/2014,Cục Hải Quan tỉnh Đồng Nai,Trả lời Công ty TNHH HD Resist-All Việt Nam v/v xin hướng dẫn thủ tục tạm nhập tái xuất dành cho xe ô tô dưới 09 chỗ ngồi,64837,305,18,DONG_NAI,null,null,https://files.customs.gov.vn/DONG_NAI//Data/Cv_Hqdn/295_HQDNa_GSQL_24_02_2014.pdf,https://www.customs.gov.vn/index.jsp?pageId=3&id=64837&cid=1294,2014,02/2014,2026-10-08T09:19:48Z
108,300/HQĐNa-GSQL,24/02/2014,Cục Hải Quan tỉnh Đồng Nai,Trả lời Công ty TNHH Great Veca Việt Nam v/v kiểm dịch thực vật đối với sản phẩm gỗ xuất khẩu,64836,305,18,DONG_NAI,null,null,https://files.customs.gov.vn/DONG_NAI//Data/Cv_Hqdn/300_HQDNa_GSQL_24_02_2014.pdf,https://www.customs.gov.vn/index.jsp?pageId=3&id=64836&cid=1294,2014,02/2014,2026-10-08T09:19:48Z
109,1717/TCHQ-GSQL,21/02/2014,Tổng cục hải quan,V/v Hướng dẫn thủ tục hải quan (Công ty TNHH MTV TP & TM Korea VN),62462,305,18,DONG_NAI,null,null,,https://www.customs.gov.vn/index.jsp?pageId=3&id=62462&cid=1294,2014,02/2014,2026-10-08T09:19:48Z
110,1747/TCHQ-TXNK,21/02/2014,Tổng cục hải quan,V/v Gia hạn nộp thuế GTGT (Công ty cổ phần Tứ Đỉnh),62524,305,18,DONG_NAI,null,null,,https://www.customs.gov.vn/index.jsp?pageId=3&id=62524&cid=1294,2014,02/2014,2026-10-08T09:19:48Z
111,209/GSQL-GQ2,21/02/2014,Tổng cục hải quan,V/v Vật liệu xây dựng cho DNCX (Công ty TNHH Hansol Electronics Việt Nam),62704,305,18,DONG_NAI,null,null,,https://www.customs.gov.vn/index.jsp?pageId=3&id=62704&cid=1294,2014,02/2014,2026-10-08T09:19:48Z
112,210/GSQL-GQ2,21/02/2014,Tổng cục hải quan,V/v Hướng dẫn thủ tục hải quan (Công ty TNHH Bao bì Giấy Hong Chang),62479,305,18,DONG_NAI,null,null,,https://www.customs.gov.vn/index.jsp?pageId=3&id=62479&cid=1294,2014,02/2014,2026-10-08T09:19:48Z
113,1600/TCHQ-TXNK,19/02/2014,Tổng cục hải quan,V/v Miễn thuế hàng nhập khẩu (Văn phòng FHI 360/Việt Nam),62705,305,18,DONG_NAI,null,null,,https://www.customs.gov.vn/index.jsp?pageId=3&id=62705&cid=1294,2014,02/2014,2026-10-08T09:19:48Z
114,272/HQĐNa-TXNK,19/02/2014,Cục Hải Quan tỉnh Đồng Nai,V/v Điều chỉnh Danh mục hàng hóa nhập khẩu miễn thuế tạo TSCĐ,64840,305,18,DONG_NAI,null,null,https://files.customs.gov.vn/DONG_NAI//Data/Cv_Hqdn/272_HQDNa_TXNK_19_02_2014.pdf,https://www.customs.gov.vn/index.jsp?pageId=3&id=64840&cid=1294,2014,02/2014,2026-10-08T09:19:48Z
115,276/HQĐNa-GSQL,19/02/2014,Cục Hải Quan tỉnh Đồng Nai,Trả lời Công ty TNHH TM DV Minh Phương về thủ tục hải quan đối với hàng hóa là máy móc thiết bị tạm nhập tái xuất,64839,305,18,DONG_NAI,null,null,https://files.customs.gov.vn/DONG_NAI//Data/Cv_Hqdn/276_HQDNa_GSQL_19_02_2014.pdf,https://www.customs.gov.vn/index.jsp?pageId=3&id=64839&cid=1294,2014,02/2014,2026-10-08T09:19:48Z
116,1527/TCHQ-GSQL,18/02/2014,null,"Theo dõi, trừ lùi vật dụng nhập khẩu miễn thuế theo QĐ số 119/2009/QĐ-TTg ngày 01/10/2009",74560,305,16,DA_NANG,PTCT Vũ Ngọc Anh,18/02/2014,https://files.customs.gov.vn/DA_NANG/Uploads/65e32243-11bf-4695-985d-c1563e8c13ba/1527.pdf,https://www.customs.gov.vn/index.jsp?pageId=3&id=74560&cid=1294,2014,02/2014,2026-10-08T09:19:48Z
117,1529/TCHQ-GSQL,18/02/2014,Tổng cục hải quan,Công văn số 1529/TCHQ-GSQL V/v vướng mắc công văn số 12485/BTC-TCT và công văn số 17804/BTC-TCHQ,52376,305,16,TP_HO_CHI_MINH,Vũ Ngọc Anh,18/02/2014,https://files.customs.gov.vn/CustomsCMS/TP_HO_CHI_MINH/2020/Web/Data/DocumentAttachments/1529_TCHQ-GSQL_221407.doc,https://www.customs.gov.vn/index.jsp?pageId=3&id=52376&cid=1294,2014,02/2014,2026-10-08T09:19:48Z
118,259/HQĐNa-GSQL,18/02/2014,Cục Hải Quan tỉnh Đồng Nai,Đăng ký danh mục hàng hóa nhập khẩu miễn thuế tạo TSCĐ (Công ty cổ phần hữu hạn Vedan Việt Nam),64843,305,18,DONG_NAI,null,null,https://files.customs.gov.vn/DONG_NAI//Data/Cv_Hqdn/259_HQDNa_GSQL_18_02_2014.pdf,https://www.customs.gov.vn/index.jsp?pageId=3&id=64843&cid=1294,2014,02/2014,2026-10-08T09:19:48Z
119,260/HQĐNa-GSQL,18/02/2014,Cục Hải Quan tỉnh Đồng Nai,Đăng ký danh mục hàng hóa nhập khẩu miễn thuế tạo TSCĐ (Công ty TNHH Jung Woo),64842,305,18,DONG_NAI,null,null,https://files.customs.gov.vn/DONG_NAI//Data/Cv_Hqdn/260_HQDNa_GSQL_18_02_2014.pdf,https://www.customs.gov.vn/index.jsp?pageId=3&id=64842&cid=1294,2014,02/2014,2026-10-08T09:19:48Z
120,262/HQĐNa-GSQL,18/02/2014,Cục Hải Quan tỉnh Đồng Nai,Trả lời Công ty TNHH TM-DV Thành Đạt về chức năng thu mua phế liệu,64841,305,18,DONG_NAI,null,null,https://files.customs.gov.vn/DONG_NAI//Data/Cv_Hqdn/262_HQDNa_GSQL_18_02_2014.pdf,https://www.customs.gov.vn/index.jsp?pageId=3&id=64841&cid=1294,2014,02/2014,2026-10-08T09:19:48Z
121,1483/TCHQ-GSQL,17/02/2014,null,Thủ tục nhập khẩu gỗ từ Campuchia,74556,305,16,DA_NANG,PTCT Vũ Ngọc Anh,17/02/2014,https://files.customs.gov.vn/DA_NANG/Uploads/65e32243-11bf-4695-985d-c1563e8c13ba/1483.pdf,https://www.customs.gov.vn/index.jsp?pageId=3&id=74556&cid=1294,2014,02/2014,2026-10-08T09:19:48Z
122,1978/BTC-TCHQ,17/02/2014,Bộ Tài chính,V/v Phân loại ống thủy tinh để s/x đèn quỳnh quang compact (Công ty Cổ phần Bóng đèn Điện Quang),63039,305,18,DONG_NAI,null,null,,https://www.customs.gov.vn/index.jsp?pageId=3&id=63039&cid=1294,2014,02/2014,2026-10-08T09:19:48Z
123,22/KD2,17/02/2014,Khác,V/v Kiểm dịch thực vật xuất khẩu,63040,305,18,DONG_NAI,null,null,https://files.customs.gov.vn/DONG_NAI//Data/CV_nganh_khac/22_KD_17_02_2014.pdf,https://www.customs.gov.vn/index.jsp?pageId=3&id=63040&cid=1294,2014,02/2014,2026-10-08T09:19:48Z
124,246/HQĐNa-GSQL,17/02/2014,Cục Hải Quan tỉnh Đồng Nai,Trả lời Công ty cổ phần ICD Tân Cảng Long Bình v/v đề nghị mở rộng ICD Tân Cảng Long Bình,64844,305,18,DONG_NAI,null,null,https://files.customs.gov.vn/DONG_NAI//Data/Cv_Hqdn/246_HQDNa_GSQL_17_02_2014.pdf,https://www.customs.gov.vn/index.jsp?pageId=3&id=64844&cid=1294,2014,02/2014,2026-10-08T09:19:48Z
125,1412/TCHQ-GSQL,14/02/2014,null,Vướng mắc thực hiện Thông tư số 128/2013/TT-BTC,74555,305,16,DA_NANG,PTCT Vũ Ngọc Anh,14/02/2014,https://files.customs.gov.vn/DA_NANG/Uploads/65e32243-11bf-4695-985d-c1563e8c13ba/1412.pdf,https://www.customs.gov.vn/index.jsp?pageId=3&id=74555&cid=1294,2014,02/2014,2026-10-08T09:19:48Z
126,1363/TCHQ-GSQL,13/02/2014,null,Giấy chứng nhận kim cương thô nhập khẩu,74554,305,16,DA_NANG,PTCT Vũ Ngọc Anh,13/02/2014,https://files.customs.gov.vn/DA_NANG/Uploads/65e32243-11bf-4695-985d-c1563e8c13ba/1363.pdf,https://www.customs.gov.vn/index.jsp?pageId=3&id=74554&cid=1294,2014,02/2014,2026-10-08T09:19:48Z
127,1881/BTC-TCHQ,13/02/2014,null,"Hồ sơ hoàn thuế, thủ tục hải quan và chính sách thuế đối với hàng hóa nhập khẩu không nhằm mục đích thương mại cung ứng cho tàu biển nước ngoài",74552,305,16,DA_NANG,PTCT Vũ Ngọc Anh,13/02/2014,https://files.customs.gov.vn/DA_NANG/Uploads/65e32243-11bf-4695-985d-c1563e8c13ba/1881.pdf,https://www.customs.gov.vn/index.jsp?pageId=3&id=74552&cid=1294,2014,02/2014,2026-10-08T09:19:48Z
128,09/GM-HQĐNa,13/02/2014,Cục Hải Quan tỉnh Đồng Nai,V/v Đào tạo thao tác trực tiếp Hệ thống thông quan VNACCS/VCIS (Lớp 2),64845,305,18,DONG_NAI,null,null,https://files.customs.gov.vn/DONG_NAI//Data/Cv_Hqdn/09_GM_HQDNa_12_02_2014.pdf,https://www.customs.gov.vn/index.jsp?pageId=3&id=64845&cid=1294,2014,02/2014,2026-10-08T09:19:48Z
129,1365/TCHQ-GSQL,13/02/2014,Tổng cục hải quan,V/v Vướng mắc áp dụng công văn 437/BTC-TCHQ ngày 14/01/2014 của Bộ Tài chính (Công ty TNHH Giai Việt Thành),63043,305,18,DONG_NAI,null,null,,https://www.customs.gov.vn/index.jsp?pageId=3&id=63043&cid=1294,2014,02/2014,2026-10-08T09:19:48Z
130,1366/TCHQ-QLRR,13/02/2014,Tổng cục hải quan,V/v Phân luồng tờ khai hải quan (Tổng Công ty CP Vật nuôi Nông nghiệp Nghệ An),63042,305,18,DONG_NAI,null,null,,https://www.customs.gov.vn/index.jsp?pageId=3&id=63042&cid=1294,2014,02/2014,2026-10-08T09:19:48Z
131,1882/BTC-TCHQ,13/02/2014,Bộ Tài chính,V/v Hồ sơ hoàn thuế của DNCX thực hiện quyền nhập khẩu (HQ Hải Phòng; Công ty TNHH Atarih Precission (Việt Nam)),63041,305,18,DONG_NAI,null,null,,https://www.customs.gov.vn/index.jsp?pageId=3&id=63041&cid=1294,2014,02/2014,2026-10-08T09:19:48Z
132,228/HQĐNa-GSQL,13/02/2014,Cục Hải Quan tỉnh Đồng Nai,"V/v Thực hiện quyền nhập khẩu, quyền xuất khẩu theo Nghị định số 164/2013/NĐ-CP",65060,305,18,DONG_NAI,null,null,https://files.customs.gov.vn/DONG_NAI//Data/Cv_Hqdn/228_HQDNa_GSQL_13_02_2014.pdf,https://www.customs.gov.vn/index.jsp?pageId=3&id=65060&cid=1294,2014,02/2014,2026-10-08T09:19:48Z
133,229/HQĐNa-GSQL,13/02/2014,Cục Hải Quan tỉnh Đồng Nai,Trả lời Công ty TNHH Platz Việt Nam v/v đề nghị hướng dẫn về loại hình xuất nhập khẩu,64847,305,18,DONG_NAI,null,null,https://files.customs.gov.vn/DONG_NAI//Data/Cv_Hqdn/229_HQDNa_GSQL_13_02_2014.pdf,https://www.customs.gov.vn/index.jsp?pageId=3&id=64847&cid=1294,2014,02/2014,2026-10-08T09:19:48Z
134,230/HQĐNa-GSQL,13/02/2014,Cục Hải Quan tỉnh Đồng Nai,Trả lời Công ty TNHH Olympus Việt Nam v/v nhập khẩu linh kiện từ nước ngoài với dòng chữ Made in Vietnam,64846,305,18,DONG_NAI,null,null,https://files.customs.gov.vn/DONG_NAI//Data/Cv_Hqdn/230_HQDNa_GSQL_13_02_2014.pdf,https://www.customs.gov.vn/index.jsp?pageId=3&id=64846&cid=1294,2014,02/2014,2026-10-08T09:19:48Z
135,165/GSQL-GQ2,12/02/2014,Tổng cục hải quan,V/v Hướng dẫn thủ tục hải quan đối với hàng hóa gia công (Công ty TNHH May Tĩnh Lợi),63044,305,18,DONG_NAI,null,null,,https://www.customs.gov.vn/index.jsp?pageId=3&id=63044&cid=1294,2014,02/2014,2026-10-08T09:19:48Z
136,227/HQĐNa-TXNK,12/02/2014,Cục Hải Quan tỉnh Đồng Nai,V/v Đăng ký Danh mục hàng hóa nhập khẩu miễn thuế tạo TSCĐ (Công ty TNHH VFC Farms),65061,305,18,DONG_NAI,null,null,https://files.customs.gov.vn/DONG_NAI//Data/Cv_Hqdn/227_HQDNa_TXNK_12_02_2014.pdf,https://www.customs.gov.vn/index.jsp?pageId=3&id=65061&cid=1294,2014,02/2014,2026-10-08T09:19:48Z
137,19/2014/TT-BTC,11/02/2014,null,"Thông tư quy định thủ tục tạm nhập khẩu, tái xuất khẩu, tiêu hủy, chuyển nhượng xe ô tô, xe hai bánh gắn máy của đối tượng được hưởng quyền ưu đãi, miễn trừ tại Việt Nam",74628,305,4,DA_NANG,Đỗ Hoàng Anh Tuấn,28/03/2014,https://files.customs.gov.vn/DA_NANG/Uploads/65e32243-11bf-4695-985d-c1563e8c13ba/TT19.pdf,https://www.customs.gov.vn/index.jsp?pageId=3&id=74628&cid=1294,2014,02/2014,2026-10-08T09:19:48Z
138,1299/TCHQ-TXNK,11/02/2014,Tổng cục hải quan,"V/v Thuế GTGT mặt hàng bắp hạt, đậu tương hạt nhập khẩu (HQ Đồng Nai; Công ty TNHH dinh dưỡng Á Châu)",63045,305,18,DONG_NAI,null,null,,https://www.customs.gov.vn/index.jsp?pageId=3&id=63045&cid=1294,2014,02/2014,2026-10-08T09:19:48Z
139,215/HQĐNa-CNTT,11/02/2014,Cục Hải Quan tỉnh Đồng Nai,V/v Đăng ký trực tuyến người sử dụng trong hệ thống VNACCS,65062,305,18,DONG_NAI,null,null,https://files.customs.gov.vn/DONG_NAI//Data/Cv_Hqdn/215_HQDNa_CNTT_11_02_2014.pdf,https://www.customs.gov.vn/index.jsp?pageId=3&id=65062&cid=1294,2014,02/2014,2026-10-08T09:19:48Z
140,08/GM-HQĐNa,10/02/2014,Cục Hải Quan tỉnh Đồng Nai,V/v Đào tạo thao tác trực tiếp Hệ thống thông quan VNACCS/VCIS,65063,305,18,DONG_NAI,null,null,https://files.customs.gov.vn/DONG_NAI//Data/Cv_Hqdn/08_GM_HQDNa_10_02_2014.pdf,https://www.customs.gov.vn/index.jsp?pageId=3&id=65063&cid=1294,2014,02/2014,2026-10-08T09:19:48Z
141,1216/TCHQ-CCHĐH,10/02/2014,Tổng cục hải quan,"V/v Cho hình thức Tạm nhập tái xuất tài sản đi thuê, cho thuê được làm TTHQĐT (Công ty TNHH Panasonic R&D Center Việt Nam)",63046,305,18,DONG_NAI,null,null,,https://www.customs.gov.vn/index.jsp?pageId=3&id=63046&cid=1294,2014,02/2014,2026-10-08T09:19:48Z
142,1193/TCHQ-GSQL,08/02/2014,null,Hướng dẫn thủ tục NK xe ô tô,74547,305,16,DA_NANG,PTCT Vũ Ngọc Anh,08/02/2014,https://files.customs.gov.vn/DA_NANG/Uploads/65e32243-11bf-4695-985d-c1563e8c13ba/1193.pdf,https://www.customs.gov.vn/index.jsp?pageId=3&id=74547&cid=1294,2014,02/2014,2026-10-08T09:19:48Z
143,1697/BTC-TCHQ,08/02/2014,Bộ Tài chính,V/v Chính sách thuế và thủ tục hải quan với hàng hóa của DNCX (Công ty TNHH Samsung Electro-Mechanics Việt Nam),63047,305,18,DONG_NAI,null,null,,https://www.customs.gov.vn/index.jsp?pageId=3&id=63047&cid=1294,2014,02/2014,2026-10-08T09:19:48Z
144,1179/TCHQ-VNACCS,06/02/2014,Tổng cục hải quan,Công văn số 1179/TCHQ-VNACCS ngày 06/02/2014 của Tổng cục Hải quan về việc thúc đẩy doanh nghiệp tham gia Hệ thống VNACCS/VCIS,59543,305,16,TONG_CUC,Nguyễn Ngọc Túc,06/02/2014,,https://www.customs.gov.vn/index.jsp?pageId=3&id=59543&cid=1294,2014,02/2014,2026-10-08T09:19:48Z
145,3301/TCHQ-GSQL,31/03/2014,null,Về việc áp dụng văn bản pháp quy,74635,305,16,DA_NANG,Vũ Ngọc Anh,31/03/2014,https://files.customs.gov.vn/DA_NANG/Uploads/65e32243-11bf-4695-985d-c1563e8c13ba/3301 NK phan bon va ap dung VB phap quy khi chua co TT hdan ND 187 thang 3-14.tif,https://www.customs.gov.vn/index.jsp?pageId=3&id=74635&cid=1294,2014,03/2014,2026-10-08T09:19:48Z
146,512/TT-QLCL,31/03/2014,null,Thực hiện chứng nhận công bố hợp quy phân bón hữu cơ và phân bón khác theo quy định của Nghị định số 202/2013/NĐ-CP,74641,305,16,DA_NANG,Phạm Đồng Quảng,31/03/2014,https://files.customs.gov.vn/DA_NANG/Uploads/65e32243-11bf-4695-985d-c1563e8c13ba/512 chung nhan hop quy phan bon thang 3-14.tif,https://www.customs.gov.vn/index.jsp?pageId=3&id=74641&cid=1294,2014,03/2014,2026-10-08T09:19:48Z
147,02/2014/TT-BKHCN,31/03/2014,null,"Thông tư sửa đổi Điều 2 Quyết định số 04/2008/QĐ-BKHCN ngày 28 tháng 4 năm 2008 của Bộ trưởng Bộ Khoa học và Công nghệ về việc ban hành và thực hiện “Quy chuẩn kỹ thuật quốc gia về mũ bảo hiểm cho người đi mô tô, xe máy”.",67377,305,18,CAN_THO,null,01/06/2014,https://files.customs.gov.vn/CAN_THO/022014bkhcn.PDF,https://www.customs.gov.vn/index.jsp?pageId=3&id=67377&cid=1294,2014,03/2014,2026-10-08T09:19:48Z
148,177/QĐ-HQĐNa,31/03/2014,Cục Hải Quan tỉnh Đồng Nai,"V/v Áp dụng biện pháp cưỡng chế dừng làm thủ tục hải quan đối với hàng hóa xuất khẩu, nhập khẩu (Công ty TNHH Green Chemical)",64818,305,10,DONG_NAI,null,null,https://files.customs.gov.vn/DONG_NAI//Data/Cv_Hqdn/177_QD_HQDNa_31_03_2014.pdf,https://www.customs.gov.vn/index.jsp?pageId=3&id=64818&cid=1294,2014,03/2014,2026-10-08T09:19:48Z
149,2502/BCT-KHCN,31/03/2014,Bộ Công thương,V/v Chỉ định tạm thời hoạt động thử nghiệm chứng nhận phân bón vô cơ (Tổng cục Hải quan),62654,305,18,DONG_NAI,null,null,https://files.customs.gov.vn/DONG_NAI//Data/CV_BCT/2502_BCT_KHCN_31_03_2014.pdf,https://www.customs.gov.vn/index.jsp?pageId=3&id=62654&cid=1294,2014,03/2014,2026-10-08T09:19:48Z
150,3283/TCHQ-GSQL,31/03/2014,Tổng cục hải quan,Công văn số 3283/TCHQ-GSQL V/v mã loại hình XNK trên hệ thống VNACCS,53434,305,16,TP_HO_CHI_MINH,Vũ Ngọc Anh,31/03/2014,"https://files.customs.gov.vn/CustomsCMS/TP_HO_CHI_MINH/2020/Web/Data/DocumentAttachments/3283.doc,/CustomsCMS/TP_HO_CHI_MINH/2020/Web/Data/DocumentAttachments/Ma_tai_khoan_thu_nop_ngan_sach_tuong_ung_ma_loai_hinh_tren_he_thong_VNACCS.doc",https://www.customs.gov.vn/index.jsp?pageId=3&id=53434&cid=1294,2014,03/2014,2026-10-08T09:19:48Z
151,3288-3296/TB-TCHQ,31/03/2014,null,"Thông báo về kết quả phân loại đối với hàng hóa xuất khẩu, nhập khẩu",74638,305,18,DA_NANG,Hoàng Việt Cường,31/03/2014,https://files.customs.gov.vn/DA_NANG/Uploads/65e32243-11bf-4695-985d-c1563e8c13ba/3288-3296.tif,https://www.customs.gov.vn/index.jsp?pageId=3&id=74638&cid=1294,2014,03/2014,2026-10-08T09:19:48Z
152,3303/TCHQ-GSQL,31/03/2014,Tổng cục hải quan,"V/v Kiểm tra thực tế hàng hóa tại cửa khẩu (HQ các tỉnh, thành phố)",62656,305,18,DONG_NAI,null,null,,https://www.customs.gov.vn/index.jsp?pageId=3&id=62656&cid=1294,2014,03/2014,2026-10-08T09:19:48Z
153,3322-3422/TB-TCHQ,31/03/2014,null,"Thông báo về kết quả phân loại đối với hàng hóa xuất khẩu, nhập khẩu",74640,305,18,DA_NANG,Hoàng Việt Cường,31/03/2014,https://files.customs.gov.vn/DA_NANG/Uploads/65e32243-11bf-4695-985d-c1563e8c13ba/3322-3422.tif,https://www.customs.gov.vn/index.jsp?pageId=3&id=74640&cid=1294,2014,03/2014,2026-10-08T09:19:48Z
154,39/2014/TT-BTC,31/03/2014,null,"Hướng dẫn thi hành Nghị định số 51/2010/NĐ-CP ngày 14/5/2010 và Nghị định 04/2014/NĐ-CP ngày 17/01/2014 của Chính phủ quy định về hóa đơn bán hàng hóa, cung ứng dịch vụ",74773,305,4,DA_NANG,Đỗ Hoàng Anh Tuấn,01/06/2014,https://files.customs.gov.vn/DA_NANG/Uploads/65e32243-11bf-4695-985d-c1563e8c13ba/TT39.tif,https://www.customs.gov.vn/index.jsp?pageId=3&id=74773&cid=1294,2014,03/2014,2026-10-08T09:19:48Z
155,3995/BTC-TCHQ,31/03/2014,Bộ Tài chính,V/v Thủ tục hoàn thuế nhập khẩu (HQ Hà Nội; Công ty TNHH thiết bị KHKT Đức Minh),62657,305,18,DONG_NAI,null,null,,https://www.customs.gov.vn/index.jsp?pageId=3&id=62657&cid=1294,2014,03/2014,2026-10-08T09:19:48Z
156,512/TT-QLCL,31/03/2014,Khác,"V/v Thực hiện chứng nhận, công bố hợp quy phân bón hữu cơ và phân bón khác theo quy định của Nghị định số 202/2012/NĐ-CP",62655,305,4,DONG_NAI,null,null,https://files.customs.gov.vn/DONG_NAI//Data/BO_NN_PTNN/512_TT_QLCL_31_03_2014.pdf,https://www.customs.gov.vn/index.jsp?pageId=3&id=62655&cid=1294,2014,03/2014,2026-10-08T09:19:48Z
157,599/HQĐNa-CNTT,31/03/2014,Cục Hải Quan tỉnh Đồng Nai,V/v Tạm dừng hệ thống TQĐT phục vụ chuyển đổi Hệ thống VNACCS,64817,305,18,DONG_NAI,null,null,https://files.customs.gov.vn/DONG_NAI//Data/Cv_Hqdn/599_HQDNa_CNTT_31_03_2014.pdf,https://www.customs.gov.vn/index.jsp?pageId=3&id=64817&cid=1294,2014,03/2014,2026-10-08T09:19:48Z
158,601/HQĐNa-TXNK,31/03/2014,Cục Hải Quan tỉnh Đồng Nai,V/v Đăng ký danh mục hàng hóa nhập khẩu miễn thuế tạo TSCĐ (Công ty TNHH ChaoYang (Việt Nam)),64816,305,18,DONG_NAI,null,null,https://files.customs.gov.vn/DONG_NAI//Data/Cv_Hqdn/601_HQDNa_TXNK_31_03_2014.pdf,https://www.customs.gov.vn/index.jsp?pageId=3&id=64816&cid=1294,2014,03/2014,2026-10-08T09:19:48Z
159,3177/TCHQ-GSQL,28/03/2014,Tổng cục hải quan,V/v Thủ tục xuất nhập khẩu tại chỗ (Công ty TNHH Lite-on Việt Nam),62659,305,18,DONG_NAI,null,null,,https://www.customs.gov.vn/index.jsp?pageId=3&id=62659&cid=1294,2014,03/2014,2026-10-08T09:19:48Z
160,3966/BTC-TCHQ,28/03/2014,Bộ Tài chính,"V/v Trả lời kiến nghị của hiệp hội dệt may Việt Nam (Hiệp hội dệt may Việt Nam; HQ các tỉnh, thành phố)",62658,305,18,DONG_NAI,null,null,,https://www.customs.gov.vn/index.jsp?pageId=3&id=62658&cid=1294,2014,03/2014,2026-10-08T09:19:48Z
161,988/QÐ-TCHQ,28/03/2014,Tổng cục hải quan,"Quyết định về việc ban hành quy trình thủ tục hải quan điện tử đối với hàng hóa xuất khẩu, nhập khẩu thương mại",55343,305,10,TP_HO_CHI_MINH,Vũ Ngọc Anh,01/04/2014,https://files.customs.gov.vn/CustomsCMS/TP_HO_CHI_MINH/2020/Web/Data/DocumentAttachments/988_QD-TCHQ_224896.doc,https://www.customs.gov.vn/index.jsp?pageId=3&id=55343&cid=1294,2014,03/2014,2026-10-08T09:19:48Z
162,3161/TCHQ-GSQL,27/03/2014,null,"Về việc nhập khẩu dầu, mỡ bôi trơn phục vụ sản xuất của doanh nghiệp FDI",74626,305,16,DA_NANG,Vũ Ngọc Anh,27/03/2014,https://files.customs.gov.vn/DA_NANG/Uploads/65e32243-11bf-4695-985d-c1563e8c13ba/3161 NK dau mo boi tron phuc vu hdong sx cua DN FDI thang 3-14.tif,https://www.customs.gov.vn/index.jsp?pageId=3&id=74626&cid=1294,2014,03/2014,2026-10-08T09:19:48Z
163,343/GSQL-GQ3,27/03/2014,null,Về việc thủ tục hải quan đối với mặt hàng dầu bôi trơn xuất khẩu,74624,305,16,DA_NANG,Nguyễn Nhất Kha,27/03/2014,https://files.customs.gov.vn/DA_NANG/Uploads/65e32243-11bf-4695-985d-c1563e8c13ba/343 TTHQ dau boi tron XK thang 3-14.tif,https://www.customs.gov.vn/index.jsp?pageId=3&id=74624&cid=1294,2014,03/2014,2026-10-08T09:19:48Z
164,3126-3256/TB-TCHQ,27/03/2014,null,"Thông báo về kết quả phân loại đối với hàng hóa xuất khẩu, nhập khẩu",74627,305,18,DA_NANG,Hoàng Việt Cường,27/03/2014,https://files.customs.gov.vn/DA_NANG/Uploads/65e32243-11bf-4695-985d-c1563e8c13ba/3126-3256.tif,https://www.customs.gov.vn/index.jsp?pageId=3&id=74627&cid=1294,2014,03/2014,2026-10-08T09:19:48Z
165,3159/TCHQ-GSQL,27/03/2014,null,Về việc vướng mắc khi thực hiện công văn số 1957/TCHQ-GSQl,74625,305,16,DA_NANG,Vũ Ngọc Anh,27/03/2014,https://files.customs.gov.vn/DA_NANG/Uploads/65e32243-11bf-4695-985d-c1563e8c13ba/3159 vuong thuc hien cv 1957 thang 3-14.tif,https://www.customs.gov.vn/index.jsp?pageId=3&id=74625&cid=1294,2014,03/2014,2026-10-08T09:19:48Z
166,3161/TCHQ-GSQL,27/03/2014,Tổng cục hải quan,"V/v Nhập khẩu dầu, mỡ bôi trơn phục vụ sản xuất của doanh nghiệp FDI (HQ các tỉnh, thành phố)",62660,305,18,DONG_NAI,null,null,,https://www.customs.gov.vn/index.jsp?pageId=3&id=62660&cid=1294,2014,03/2014,2026-10-08T09:19:48Z
167,3087/TCHQ-VNACCS,26/03/2014,Tổng cục hải quan,V/v Vướng mắc phần mềm VNACCS (Công ty TNHH Le Long Việt Nam),62662,305,18,DONG_NAI,null,null,,https://www.customs.gov.vn/index.jsp?pageId=3&id=62662&cid=1294,2014,03/2014,2026-10-08T09:19:48Z
168,3091/TCHQ-TXNK,26/03/2014,Tổng cục hải quan,V/v Phân loại mặt hàng dây hàn bằng hợp kim bạc (Công ty TNHH Datalogic Scanning Việt Nam),62661,305,18,DONG_NAI,null,null,,https://www.customs.gov.vn/index.jsp?pageId=3&id=62661&cid=1294,2014,03/2014,2026-10-08T09:19:48Z
169,3006-3071/TB-TCHQ,25/03/2014,null,"Thông báo kết quả phân loại  đối với hàng hóa xuất khẩu, nhập khẩu",74622,305,18,DA_NANG,Hoàng Việt Cường,25/03/2014,https://files.customs.gov.vn/DA_NANG/Uploads/65e32243-11bf-4695-985d-c1563e8c13ba/3006-3071.tif,https://www.customs.gov.vn/index.jsp?pageId=3&id=74622&cid=1294,2014,03/2014,2026-10-08T09:19:48Z
170,3028/TCHQ-KTSTQ,25/03/2014,Tổng cục hải quan,"V/v Phân loại, áp mã HS (Công ty TNHH Proter & Gamble Đông Dương)",62664,305,18,DONG_NAI,null,null,,https://www.customs.gov.vn/index.jsp?pageId=3&id=62664&cid=1294,2014,03/2014,2026-10-08T09:19:48Z
171,3079/TCHQ-TXNK,25/03/2014,Tổng cục hải quan,V/v Thuế suất hàng xuất khẩu (Tổng Công ty Thăm dò Khai thác Dầu khí (PVEP)),62663,305,16,DONG_NAI,null,null,,https://www.customs.gov.vn/index.jsp?pageId=3&id=62663&cid=1294,2014,03/2014,2026-10-08T09:19:48Z
172,555/HQĐNa-TXNK,25/03/2014,Cục Hải Quan tỉnh Đồng Nai,V/v Điều chỉnh danh mục hàng hóa nhập khẩu miễn thuế tạo TSCĐ (Công ty TNHH Sợi Long Thái Tử),64819,305,18,DONG_NAI,null,null,https://files.customs.gov.vn/DONG_NAI//Data/Cv_Hqdn/555_HQDNa_TXNK_25_03_2014.pdf,https://www.customs.gov.vn/index.jsp?pageId=3&id=64819&cid=1294,2014,03/2014,2026-10-08T09:19:48Z
173,2279/BCT-KHCN,24/03/2014,Bộ Công thương,V/v Chỉ định tạm thời hoạt động thử nghiệm/ chứng nhận phân bón vô cơ (đợt 2),62665,305,18,DONG_NAI,null,null,https://files.customs.gov.vn/DONG_NAI//Data/CV_BCT/2279_BCT_KHCN_24_03_2014.pdf,https://www.customs.gov.vn/index.jsp?pageId=3&id=62665&cid=1294,2014,03/2014,2026-10-08T09:19:48Z
174,24/2014/QĐ-TTg,24/03/2014,Chính phủ,Về cơ chế hỗ trợ phát triển các dự án điện sinh khối tại Việt Nam,67373,305,18,CAN_THO,null,10/05/2014,https://files.customs.gov.vn/CAN_THO/24-2014-QĐ-TTg.pdf,https://www.customs.gov.vn/index.jsp?pageId=3&id=67373&cid=1294,2014,03/2014,2026-10-08T09:19:48Z
175,2957-3003/TB-TCHQ,24/03/2014,null,"Thông báo về kết quả phân loại đối với hàng hóa xuất khẩu, nhập khẩu",74621,305,18,DA_NANG,Hoàng Việt Cường,24/03/2014,https://files.customs.gov.vn/DA_NANG/Uploads/65e32243-11bf-4695-985d-c1563e8c13ba/2957-3003.tif,https://www.customs.gov.vn/index.jsp?pageId=3&id=74621&cid=1294,2014,03/2014,2026-10-08T09:19:48Z
176,2961/TCHQ-TXNK,24/03/2014,Tổng cục hải quan,V/v Kiến nghị hoàn thuế tự vệ (Công ty Dầu ăn Golden Hope Nhà Bè),62666,305,18,DONG_NAI,null,null,,https://www.customs.gov.vn/index.jsp?pageId=3&id=62666&cid=1294,2014,03/2014,2026-10-08T09:19:48Z
177,2941/TCHQ-GSQL,21/03/2014,null,"Về việc tạm nhập, tái xuất hàng hóa để cung ứng cho tàu biển, tàu bay nước ngoài",74618,305,16,DA_NANG,Vũ Ngọc Anh,21/03/2014,https://files.customs.gov.vn/DA_NANG/Uploads/65e32243-11bf-4695-985d-c1563e8c13ba/2941 TNTX hang cung ung cho tau bien tai bay nuoc ngoai thang 3-14.tif,https://www.customs.gov.vn/index.jsp?pageId=3&id=74618&cid=1294,2014,03/2014,2026-10-08T09:19:48Z
178,2942/TCHQ-GSQL,21/03/2014,null,Hoạt động của CFS trong cảng,74616,305,16,DA_NANG,PTCT Vũ Ngọc Anh,21/03/2014,https://files.customs.gov.vn/DA_NANG/Uploads/65e32243-11bf-4695-985d-c1563e8c13ba/2942.tif,https://www.customs.gov.vn/index.jsp?pageId=3&id=74616&cid=1294,2014,03/2014,2026-10-08T09:19:48Z
179,2592/TCHQ-TXNK,21/03/2014,Tổng cục hải quan,Thời hạn nộp thuế tự vệ (Công văn này thay thế nội dung về thời hạn nộp thuế tại công văn số 8246/TCHQ-TXNK và thay thế điểm 3 công văn số 8249/TCHQ-TXNK ngày 31/12/2013),61366,305,16,BA_RIA_VUNG_TAU,Hoàng Việt Cường,13/03/2014,https://files.customs.gov.vn/BA_RIA_VUNG_TAU/uploads/document/590/2592_TCHQ-TXNK_Han nop thue CPG-TV.doc,https://www.customs.gov.vn/index.jsp?pageId=3&id=61366&cid=1294,2014,03/2014,2026-10-08T09:19:48Z
180,2849-2863/TB-TCHQ,21/03/2014,null,"Thông báo về kết quả phân loại đối với hàng hóa xuất khẩu, nhập khẩu",74619,305,18,DA_NANG,Hoàng Việt Cường,21/03/2014,https://files.customs.gov.vn/DA_NANG/Uploads/65e32243-11bf-4695-985d-c1563e8c13ba/2849-2863.tif,https://www.customs.gov.vn/index.jsp?pageId=3&id=74619&cid=1294,2014,03/2014,2026-10-08T09:19:48Z
181,2928/TB-TCHQ,21/03/2014,Tổng cục hải quan,Chế phẩm chống mốc có chứa hỗn hợp hợp chất của axit propionic và ammoniumpropionate dùng bổ sung trong thức ăn chăn nuôi (Prosid MI523).,54783,305,16,TP_HO_CHI_MINH,Hoàng Việt Cường,21/03/2014,https://files.customs.gov.vn/CustomsCMS/TP_HO_CHI_MINH/2020/Web/Data/DocumentAttachments/2928-TB-TCHQ.tif,https://www.customs.gov.vn/index.jsp?pageId=3&id=54783&cid=1294,2014,03/2014,2026-10-08T09:19:48Z
182,2938/TCHQ-GSQL,21/03/2014,Tổng cục hải quan,V/v Xuất cứ hàng nhập khẩu và xác nhận hàng XK vào CFS (Công ty CP may Sơn Hà),62667,305,18,DONG_NAI,null,null,,https://www.customs.gov.vn/index.jsp?pageId=3&id=62667&cid=1294,2014,03/2014,2026-10-08T09:19:48Z
183,510/HQĐNa-GSQL,21/03/2014,Cục Hải Quan tỉnh Đồng Nai,Trả lời Công ty TNHH KCTC Vina v/v bổ sung hồ sơ xin hoạt động đại lý hải quan,64824,305,18,DONG_NAI,null,null,https://files.customs.gov.vn/DONG_NAI//Data/Cv_Hqdn/510_HQDNa_GSQL_21_03_2014.pdf,https://www.customs.gov.vn/index.jsp?pageId=3&id=64824&cid=1294,2014,03/2014,2026-10-08T09:19:48Z
184,511/HQĐNa-GSQL,21/03/2014,Cục Hải Quan tỉnh Đồng Nai,Trả lời Công ty TNHH Great Veca Việt Nam v/v xin sử dụng FCR thay cho vận đơn xếp hàng lên phương tiện vận tải xuất cảnh,64823,305,18,DONG_NAI,null,null,https://files.customs.gov.vn/DONG_NAI//Data/Cv_Hqdn/511_HQDNa_GSQL_21_03_2014.pdf,https://www.customs.gov.vn/index.jsp?pageId=3&id=64823&cid=1294,2014,03/2014,2026-10-08T09:19:48Z
185,516/HQĐNa-TXNK,21/03/2014,Cục Hải Quan tỉnh Đồng Nai,V/v Điều chỉnh Danh mục hàng hóa nhập khẩu miễn thuế tạo TSCĐ,64822,305,18,DONG_NAI,null,null,https://files.customs.gov.vn/DONG_NAI//Data/Cv_Hqdn/516_HQDNa_TXNK_21_03_2014.pdf,https://www.customs.gov.vn/index.jsp?pageId=3&id=64822&cid=1294,2014,03/2014,2026-10-08T09:19:48Z
186,517/HQĐNa-TXNK,21/03/2014,Cục Hải Quan tỉnh Đồng Nai,V/v Đăng ký danh mục hàng hóa nhập khẩu miễn thuế tạo TSCĐ (Công ty TNHH Hyosung Việt Nam),64821,305,18,DONG_NAI,null,null,https://files.customs.gov.vn/DONG_NAI//Data/Cv_Hqdn/517_HQDNa_TXNK_21_03_2014.pdf,https://www.customs.gov.vn/index.jsp?pageId=3&id=64821&cid=1294,2014,03/2014,2026-10-08T09:19:48Z
187,520/HQĐNa-ĐKS,21/03/2014,Cục Hải Quan tỉnh Đồng Nai,Trả lời Công ty TNHH Thành Hương v/v xin đăng ký địa điểm kiểm tra hàng hóa xuất nhập khẩu tại kho riêng,64820,305,18,DONG_NAI,null,null,https://files.customs.gov.vn/DONG_NAI//Data/Cv_Hqdn/520_HQDNa_DKS_21_03_2014.pdf,https://www.customs.gov.vn/index.jsp?pageId=3&id=64820&cid=1294,2014,03/2014,2026-10-08T09:19:48Z
188,2829/TCHQ-GSQL,20/03/2014,null,"Về việc thủ tục hải quan đối với hàng hóa có xuất xứ từ Campuchia NK theo hạn ngạch thuế quan năm 2014,2015",74615,305,16,DA_NANG,Vũ Ngọc Anh,20/03/2014,https://files.customs.gov.vn/DA_NANG/Uploads/65e32243-11bf-4695-985d-c1563e8c13ba/2829 TTHQ hang NK tu Campuchia theo HNTQ 2014 2015.tif,https://www.customs.gov.vn/index.jsp?pageId=3&id=74615&cid=1294,2014,03/2014,2026-10-08T09:19:48Z
189,442/QLCL-CL1,20/03/2014,null,Vướng mắc liên quan đến Nghị định 187/2013/NĐ-CP,74613,305,16,DA_NANG,Trần Bích Nga,20/03/2014,https://files.customs.gov.vn/DA_NANG/Uploads/65e32243-11bf-4695-985d-c1563e8c13ba/442 KD thuy san thang 3-14.tif,https://www.customs.gov.vn/index.jsp?pageId=3&id=74613&cid=1294,2014,03/2014,2026-10-08T09:19:48Z
190,08/2014/TT-BNNPTNT,20/03/2014,null,Hướng dẫn thực hiện một số điều của Quyết định số 68/2013/QĐ-TTg ngày 14/11/2013 của Thủ tướng Chính phủ về chính sách hỗ trợ nhằm giảm tổn thất trong nông nghiệp.,67371,305,18,CAN_THO,null,12/05/2014,https://files.customs.gov.vn/CAN_THO/08_2014_TT-BNNPTNT.pdf,https://www.customs.gov.vn/index.jsp?pageId=3&id=67371&cid=1294,2014,03/2014,2026-10-08T09:19:48Z
191,2828/TCHQ-TXNK,20/03/2014,null,V/v thuế BVMT đối với xăng dầu,74614,305,16,DA_NANG,Hoàng Việt Cường,20/03/2014,https://files.customs.gov.vn/DA_NANG/Uploads/65e32243-11bf-4695-985d-c1563e8c13ba/2828.tif,https://www.customs.gov.vn/index.jsp?pageId=3&id=74614&cid=1294,2014,03/2014,2026-10-08T09:19:48Z
192,2833/TCHQ-CCHDH,20/03/2014,Tổng cục hải quan,V/v Khai báo hải quan điện tử ( Công ty TNHH phân phối FPT),62668,305,18,DONG_NAI,null,null,,https://www.customs.gov.vn/index.jsp?pageId=3&id=62668&cid=1294,2014,03/2014,2026-10-08T09:19:48Z
193,2114/BCT-HC,19/03/2014,Bộ Công thương,Công văn 2114/BCT-HC năm 2014 triển khai thực hiện nghị định 202/2013/NĐ-CP về quản lý phân bón do Bộ Công thương ban hành,52288,305,16,TP_HO_CHI_MINH,Cao Quốc Hưng,19/03/2014,https://files.customs.gov.vn/CustomsCMS/TP_HO_CHI_MINH/2020/Web/Data/DocumentAttachments/2114_BCT-HC_224341.doc,https://www.customs.gov.vn/index.jsp?pageId=3&id=52288&cid=1294,2014,03/2014,2026-10-08T09:19:48Z
194,2771-2805/TB-TCHQ,19/03/2014,null,"Thông báo về kết quả phân loại đối với hàng hóa xuất khẩu, nhập khẩu",74612,305,18,DA_NANG,Hoàng Việt Cường,19/03/2014,https://files.customs.gov.vn/DA_NANG/Uploads/65e32243-11bf-4695-985d-c1563e8c13ba/2771-2805.tif,https://www.customs.gov.vn/index.jsp?pageId=3&id=74612&cid=1294,2014,03/2014,2026-10-08T09:19:48Z
195,2811/TCHQ-TXNK,19/03/2014,Tổng cục hải quan,V/v Thuế XK của hàng hóa NK tái xuất sang nước thứ ba (Công ty Cổ phần Quốc Huy),62670,305,18,DONG_NAI,null,null,,https://www.customs.gov.vn/index.jsp?pageId=3&id=62670&cid=1294,2014,03/2014,2026-10-08T09:19:48Z
196,2814/TCHQ-TXNK,19/03/2014,Tổng cục hải quan,V/v Vướng mắc nộp thuế tại thời điểm khai báo Hải quan (Công ty CP Cáp điện LS-VINA),62669,305,18,DONG_NAI,null,null,,https://www.customs.gov.vn/index.jsp?pageId=3&id=62669&cid=1294,2014,03/2014,2026-10-08T09:19:48Z
197,471/HQĐNa-GSQL,19/03/2014,Cục Hải Quan tỉnh Đồng Nai,"V/v Thanh lý máy móc, thiết bị nhập đầu tư miễn thuế (Công ty TNHH AB Mauri Việt Nam)",64826,305,18,DONG_NAI,null,null,https://files.customs.gov.vn/DONG_NAI//Data/Cv_Hqdn/471_HQDNa_GSQL_19_03_2014.pdf,https://www.customs.gov.vn/index.jsp?pageId=3&id=64826&cid=1294,2014,03/2014,2026-10-08T09:19:48Z
198,488/HQĐNa-GSQL,19/03/2014,Cục Hải Quan tỉnh Đồng Nai,Trả lời Công ty TNHH Hòa Bình v/v chứng từ vận tải trong hồ sơ thanh lý hoàn thuế,64825,305,18,DONG_NAI,null,null,https://files.customs.gov.vn/DONG_NAI//Data/Cv_Hqdn/488_HQDNa_GSQL_19_03_2014.pdf,https://www.customs.gov.vn/index.jsp?pageId=3&id=64825&cid=1294,2014,03/2014,2026-10-08T09:19:48Z
199,19/NQ-CP,18/03/2014,Chính phủ,"Nghị quyết về những nhiệm vụ, giải pháp chủ yếu cải thiện môi trường kinh doanh, nâng cao năng lực cạnh tranh quốc gia",52403,305,7,TP_HO_CHI_MINH,Nguyễn Tấn Dũng,18/03/2014,https://files.customs.gov.vn/CustomsCMS/TP_HO_CHI_MINH/2020/Web/Data/DocumentAttachments/19_NQ-CP_223738.pdf,https://www.customs.gov.vn/index.jsp?pageId=3&id=52403&cid=1294,2014,03/2014,2026-10-08T09:19:48Z
200,2717/TCHQ-TXNK,18/03/2014,null,Bù trừ tiền thuế,74611,305,16,DA_NANG,Hoàng Việt Cường,18/03/2014,https://files.customs.gov.vn/DA_NANG/Uploads/65e32243-11bf-4695-985d-c1563e8c13ba/2717 bu tru tien thue.tif,https://www.customs.gov.vn/index.jsp?pageId=3&id=74611&cid=1294,2014,03/2014,2026-10-08T09:19:48Z
201,2719/TCHQ-GSQL,18/03/2014,Tổng cục hải quan,V/v Thủ tục hải quan trường hợp DNCX thuê gia công trong nội địa (Công ty TNHH Nidec Tosok Việt Nam),62672,305,18,DONG_NAI,null,null,,https://www.customs.gov.vn/index.jsp?pageId=3&id=62672&cid=1294,2014,03/2014,2026-10-08T09:19:48Z
202,"2724, 2740-2741/TB-TCHQ",18/03/2014,null,"Thông báo kết quả phân loại đối với hàng hóa xuất khẩu, nhập khẩu",74609,305,18,DA_NANG,Hoàng Việt Cường,18/03/2014,"https://files.customs.gov.vn/DA_NANG/Uploads/65e32243-11bf-4695-985d-c1563e8c13ba/2724, 2740-2741.tif",https://www.customs.gov.vn/index.jsp?pageId=3&id=74609&cid=1294,2014,03/2014,2026-10-08T09:19:48Z
203,2724-2759/TB-TCHQ,18/03/2014,null,"Thông báo về kết quả phân loại đối với hàng hóa xuất khẩu, nhập khẩu",74610,305,18,DA_NANG,Hoàng Việt Cường,18/03/2014,https://files.customs.gov.vn/DA_NANG/Uploads/65e32243-11bf-4695-985d-c1563e8c13ba/2724-2759.tif,https://www.customs.gov.vn/index.jsp?pageId=3&id=74610&cid=1294,2014,03/2014,2026-10-08T09:19:48Z
204,2761/TCHQ-TXNK,18/03/2014,Tổng cục hải quan,V/v Hoàn thuế tự vệ (Tổng Công ty Công nghiệp Dầu thực vật Việt Nam),62671,305,18,DONG_NAI,null,null,,https://www.customs.gov.vn/index.jsp?pageId=3&id=62671&cid=1294,2014,03/2014,2026-10-08T09:19:48Z
205,2692/TCHQ-TXNK,17/03/2014,Tổng cục hải quan,V/v Hướng dẫn chính sách thuế (Công ty TNHH Swisstec Sourcing Việt Nam),62674,305,18,DONG_NAI,null,null,,https://www.customs.gov.vn/index.jsp?pageId=3&id=62674&cid=1294,2014,03/2014,2026-10-08T09:19:48Z
206,2696/TCHQ-GSQL,17/03/2014,null,Về việc đưa hàng về kho bảo quản,74607,305,16,DA_NANG,Vũ Ngọc Anh,17/03/2014,https://files.customs.gov.vn/DA_NANG/Uploads/65e32243-11bf-4695-985d-c1563e8c13ba/2696.tif,https://www.customs.gov.vn/index.jsp?pageId=3&id=74607&cid=1294,2014,03/2014,2026-10-08T09:19:48Z
207,2699/TCHQ-GSQL,17/03/2014,Tổng cục hải quan,V/v Thủ tục xuất nhập khẩu tại chỗ (Công ty TNHH MTV Vimedimex Bình Dương),62673,305,18,DONG_NAI,null,null,,https://www.customs.gov.vn/index.jsp?pageId=3&id=62673&cid=1294,2014,03/2014,2026-10-08T09:19:48Z
208,2707-2712/TB-TCHQ,17/03/2014,null,"Thông báo kết quả phân loại đối với hàng hóa xuất khẩu, nhập khẩu",74608,305,18,DA_NANG,Hoàng Việt Cường,17/03/2014,https://files.customs.gov.vn/DA_NANG/Uploads/65e32243-11bf-4695-985d-c1563e8c13ba/2707-2712.tif,https://www.customs.gov.vn/index.jsp?pageId=3&id=74608&cid=1294,2014,03/2014,2026-10-08T09:19:48Z
209,457/HQĐNa-TXNK,14/03/2014,Cục Hải Quan tỉnh Đồng Nai,V/v Điều chỉnh danh mục hàng hóa nhập khẩu miễn thuế,64827,305,18,DONG_NAI,null,null,https://files.customs.gov.vn/DONG_NAI//Data/Cv_Hqdn/457_HQDNa_TXNK_14_03_2014.pdf,https://www.customs.gov.vn/index.jsp?pageId=3&id=64827&cid=1294,2014,03/2014,2026-10-08T09:19:48Z
210,07/VBHN-BTC,13/03/2014,Bộ Tài chính,"Văn bản hợp nhất của Bộ Công Thương hợp nhất Thông tư liên tịch hướng dẫn việc cấp chứng nhận và thủ tục nhập khẩu, xuất khẩu kim cương thô nhằm thực thi các quy định của Quy chế Chứng nhận Quy trình Kimberley (07/VBHN-BCT - 13/03/2014)",67357,305,18,CAN_THO,null,28/04/2014,https://files.customs.gov.vn/CAN_THO/O7.VBHN-BTC.pdf,https://www.customs.gov.vn/index.jsp?pageId=3&id=67357&cid=1294,2014,03/2014,2026-10-08T09:19:48Z
211,2592/TCHQ-TXNK,13/03/2014,null,Thời hạn nộp thuế tự vệ,74604,305,16,DA_NANG,Hoàng Việt Cường,13/03/2014,https://files.customs.gov.vn/DA_NANG/Uploads/65e32243-11bf-4695-985d-c1563e8c13ba/2592 thue tu ve.tif,https://www.customs.gov.vn/index.jsp?pageId=3&id=74604&cid=1294,2014,03/2014,2026-10-08T09:19:48Z
212,2481/TCHQ-GSQL,12/03/2014,null,"Về việc thủ tục tái nhập khẩu sản phẩm CNTT đã qua sử dụng sau khi sửa chữa, bảo hành ở nước ngoài",74597,305,16,DA_NANG,Vũ Ngọc Anh,12/03/2014,https://files.customs.gov.vn/DA_NANG/Uploads/65e32243-11bf-4695-985d-c1563e8c13ba/2481 TN sp CNTT dqsd sau khi bao hanh sua chua o nuoc ngoai thang 3-14.tif,https://www.customs.gov.vn/index.jsp?pageId=3&id=74597&cid=1294,2014,03/2014,2026-10-08T09:19:48Z
213,289/GSQL-TH,12/03/2014,null,Về việc triển khai kết quả cuộc họp nhóm Quy tắc xuất xứ trong ACFTA,74599,305,16,DA_NANG,Âu Anh Tuấn,12/03/2014,https://files.customs.gov.vn/DA_NANG/Uploads/65e32243-11bf-4695-985d-c1563e8c13ba/289 ktra CO mau E thang 3-14.tif,https://www.customs.gov.vn/index.jsp?pageId=3&id=74599&cid=1294,2014,03/2014,2026-10-08T09:19:48Z
214,292/GSQL-TH,12/03/2014,null,Về việc vướng mắc C/O,74598,305,16,DA_NANG,Âu Anh Tuấn,12/03/2014,https://files.customs.gov.vn/DA_NANG/Uploads/65e32243-11bf-4695-985d-c1563e8c13ba/292 CO AK sua doi thang 3-14.tif,https://www.customs.gov.vn/index.jsp?pageId=3&id=74598&cid=1294,2014,03/2014,2026-10-08T09:19:48Z
215,1908/BCT-KHCN,12/03/2014,null,Về việc chỉ định tạm thời hoạt động thử nghiệm/chứng nhận phân bón vô cơ,74601,305,16,DA_NANG,Nguyễn Đình Hiệp,12/03/2014,https://files.customs.gov.vn/DA_NANG/Uploads/65e32243-11bf-4695-985d-c1563e8c13ba/1908 BCT chi dinh tam thoi thu nghiem - CNhan phan bon vo co 2014.tif,https://www.customs.gov.vn/index.jsp?pageId=3&id=74601&cid=1294,2014,03/2014,2026-10-08T09:19:48Z
216,2482/TCHQ-GSQL,12/03/2014,null,Về việc thực hiện công văn số 875/BTC-TCT ngày 17/01/2014,74600,305,16,DA_NANG,Vũ Ngọc Anh,12/03/2014,https://files.customs.gov.vn/DA_NANG/Uploads/65e32243-11bf-4695-985d-c1563e8c13ba/2482 hoan thue GTGT theo cv 875BTC-TCT thang 1-14.tif,https://www.customs.gov.vn/index.jsp?pageId=3&id=74600&cid=1294,2014,03/2014,2026-10-08T09:19:48Z
217,2500-2542/TB-TCHQ,12/03/2014,null,"Thông báo về kết quả phân loại đối với hàng hóa xuất khẩu, nhập khẩu",74603,305,18,DA_NANG,Hoàng Việt Cường,12/03/2014,https://files.customs.gov.vn/DA_NANG/Uploads/65e32243-11bf-4695-985d-c1563e8c13ba/2500-2542.tif,https://www.customs.gov.vn/index.jsp?pageId=3&id=74603&cid=1294,2014,03/2014,2026-10-08T09:19:48Z
218,2505- 2673/TB-TCHQ,12/03/2014,null,"Thông báo kết quả phân loại đối với hàng hóa xuất khẩu, nhập khẩu",74596,305,18,DA_NANG,Hoàng Việt Cường,12/03/2014,https://files.customs.gov.vn/DA_NANG/Uploads/65e32243-11bf-4695-985d-c1563e8c13ba/2505-2673.tif,https://www.customs.gov.vn/index.jsp?pageId=3&id=74596&cid=1294,2014,03/2014,2026-10-08T09:19:48Z
219,3131/BTC-CST,12/03/2014,null,Về việc giải quyết hàng tồn kho các mặt hàng nhập khẩu từ nước ngoài theo chính sách của khu phi thuế quan,74602,305,16,DA_NANG,Vũ Thị Mai,12/03/2014,https://files.customs.gov.vn/DA_NANG/Uploads/65e32243-11bf-4695-985d-c1563e8c13ba/3131 ban hang mien thue trong khu PTQ thang 4-14.tif,https://www.customs.gov.vn/index.jsp?pageId=3&id=74602&cid=1294,2014,03/2014,2026-10-08T09:19:48Z
220,2443/TCHQ-GSQL,11/03/2014,null,"Về việc xác nhận, giám sát việc xuất khẩu, nhập khẩu, tái xuất mẫu vật thuộc Cites",74594,305,16,DA_NANG,Vũ Ngọc Anh,11/03/2014,https://files.customs.gov.vn/DA_NANG/Uploads/65e32243-11bf-4695-985d-c1563e8c13ba/2443 xac nhan GS viec XK NK TX mau vat tren GP Cites thang 3-14.tif,https://www.customs.gov.vn/index.jsp?pageId=3&id=74594&cid=1294,2014,03/2014,2026-10-08T09:19:48Z
221,2399-2440/TB-TCHQ,11/03/2014,null,"Thông báo về kết quả phân loại đối với hàng hóa XK, Nk",74595,305,18,DA_NANG,Hoàng Việt Cường,11/03/2014,https://files.customs.gov.vn/DA_NANG/Uploads/65e32243-11bf-4695-985d-c1563e8c13ba/2399-2440.tif,https://www.customs.gov.vn/index.jsp?pageId=3&id=74595&cid=1294,2014,03/2014,2026-10-08T09:19:48Z
222,2441/TCHQ-GSQL,11/03/2014,Tổng cục hải quan,"V/v Gia hạn thời hạn tạm nhập - tái xuất, tạm xuất - tái nhập (HQ các tỉnh, thành phố)",62675,305,18,DONG_NAI,null,null,,https://www.customs.gov.vn/index.jsp?pageId=3&id=62675&cid=1294,2014,03/2014,2026-10-08T09:19:48Z
223,2442/TCHQ-GSQL,11/03/2014,null,"Về việc vướng mắc về địa điểm đăng ký danh mục và địa điểm làm thủ tục hải quan đối với hàng hóa NK, TN-TX phục vụ hoạt động dầu khí quy định tại Thông tư 128/2013/TT-BTC",74592,305,16,DA_NANG,Vũ Ngọc Anh,11/03/2014,https://files.customs.gov.vn/DA_NANG/Uploads/65e32243-11bf-4695-985d-c1563e8c13ba/2442 vuong mac dia diem lam TTHQ hang dau khi thang 3-14.tif,https://www.customs.gov.vn/index.jsp?pageId=3&id=74592&cid=1294,2014,03/2014,2026-10-08T09:19:48Z
224,411/HQĐNa-GSQL,11/03/2014,Cục Hải Quan tỉnh Đồng Nai,V/v Khảo sát thực tế điều kiện kho bãi xin chủ trương thành lập kho ngoại quan (Công ty TNHH Logistics Sojitz Việt Nam),64830,305,18,DONG_NAI,null,null,https://files.customs.gov.vn/DONG_NAI//Data/Cv_Hqdn/411_HQDNa_GSQL_11_03_2014.pdf,https://www.customs.gov.vn/index.jsp?pageId=3&id=64830&cid=1294,2014,03/2014,2026-10-08T09:19:48Z
225,413/HQĐNa-CCHĐH,11/03/2014,Cục Hải Quan tỉnh Đồng Nai,V/v Hướng dẫn sử dụng mã loại hình hàng hóa xuất khẩu trả lại cho khách hàng nước ngoài,64829,305,18,DONG_NAI,null,null,https://files.customs.gov.vn/DONG_NAI//Data/Cv_Hqdn/413_HQDNa_CCHDH_11_03_2014.pdf,https://www.customs.gov.vn/index.jsp?pageId=3&id=64829&cid=1294,2014,03/2014,2026-10-08T09:19:48Z
226,417/HQĐNa-GSQL,11/03/2014,Cục Hải Quan tỉnh Đồng Nai,V/v Hướng dẫn xử lý hàng hóa tồn đọng trong khu vực giám sát hải quan theo Thông tư số 15/2014/TT-BTC,64828,305,18,DONG_NAI,null,null,https://files.customs.gov.vn/DONG_NAI//Data/Cv_Hqdn/417_HQDNa_GSQL_11_03_2014.pdf,https://www.customs.gov.vn/index.jsp?pageId=3&id=64828&cid=1294,2014,03/2014,2026-10-08T09:19:48Z
227,276/GSQL-GQ1,10/03/2014,null,Về việc cửa khẩu nhập gỗ nguyên liệu từ Campuchia,74590,305,16,DA_NANG,Nguyễn Đức Nga,10/03/2014,https://files.customs.gov.vn/DA_NANG/Uploads/65e32243-11bf-4695-985d-c1563e8c13ba/276 CK NK go tu Campuchia.tif,https://www.customs.gov.vn/index.jsp?pageId=3&id=74590&cid=1294,2014,03/2014,2026-10-08T09:19:48Z
228,2342-2377/TB-TCHQ,10/03/2014,null,"Thông báo về kết quả phân loại đối với hàng hóa xuất khẩu, nhập khẩu",74588,305,18,DA_NANG,Hoàng Việt Cường,10/03/2014,https://files.customs.gov.vn/DA_NANG/Uploads/65e32243-11bf-4695-985d-c1563e8c13ba/2342-2377.tif,https://www.customs.gov.vn/index.jsp?pageId=3&id=74588&cid=1294,2014,03/2014,2026-10-08T09:19:48Z
229,2380/TCHQ-GSQL,10/03/2014,null,Về việc sử dụng danh mục hàng hóa XK chuyển cửa khẩu từ CFS,74589,305,16,DA_NANG,Vũ Ngọc Anh,10/03/2014,https://files.customs.gov.vn/DA_NANG/Uploads/65e32243-11bf-4695-985d-c1563e8c13ba/2380 sd bang ke HH XK CCK tu CFS.tif,https://www.customs.gov.vn/index.jsp?pageId=3&id=74589&cid=1294,2014,03/2014,2026-10-08T09:19:48Z
230,279/GSQL-TH,10/03/2014,Tổng cục hải quan,V/v Thủ tục nhập khẩu bao bì có in sẵn nhãn hiệu hàng hóa (Công ty Cổ phần Sản xuất hàng Gia dụng Quốc tế),62677,305,18,DONG_NAI,null,null,,https://www.customs.gov.vn/index.jsp?pageId=3&id=62677&cid=1294,2014,03/2014,2026-10-08T09:19:48Z
231,2953/BTC-TCT,10/03/2014,Bộ Tài chính,V/v Thuế GTGT đối với mủ cao su (Hiệp hội cao su Việt Nam),62676,305,16,DONG_NAI,null,null,,https://www.customs.gov.vn/index.jsp?pageId=3&id=62676&cid=1294,2014,03/2014,2026-10-08T09:19:48Z
232,2316/TCHQ-GSQL,07/03/2014,null,Về việc kiểm dịch thực vật hàng hóa xuất khẩu,74586,305,16,DA_NANG,Nguyễn Công Bình,07/03/2014,https://files.customs.gov.vn/DA_NANG/Uploads/65e32243-11bf-4695-985d-c1563e8c13ba/2316 KDTV hang XK - TNTX cay canh kem bau dat thang 3-14.tif,https://www.customs.gov.vn/index.jsp?pageId=3&id=74586&cid=1294,2014,03/2014,2026-10-08T09:19:48Z
233,2297/TCHQ-TXNK,07/03/2014,Tổng cục hải quan,V/v Giá tính thuế hàng nhập khẩu (Công ty TNHH MTV SX XNK Vương Quán),62681,305,18,DONG_NAI,null,null,,https://www.customs.gov.vn/index.jsp?pageId=3&id=62681&cid=1294,2014,03/2014,2026-10-08T09:19:48Z
234,2304/TCHQ-TXNK,07/03/2014,Tổng cục hải quan,V/v Thanh lý TSCĐ đầu tư (Công ty TNHH Shin Myung Vina),62680,305,18,DONG_NAI,null,null,,https://www.customs.gov.vn/index.jsp?pageId=3&id=62680&cid=1294,2014,03/2014,2026-10-08T09:19:48Z
235,2316/TCHQ-GSQL,07/03/2014,Tổng cục hải quan,"V/v Kiểm dịch thực vật hàng hóa xuất khẩu (HQ các tỉnh, thành phố)",62679,305,18,DONG_NAI,null,null,,https://www.customs.gov.vn/index.jsp?pageId=3&id=62679&cid=1294,2014,03/2014,2026-10-08T09:19:48Z
236,268/GSQL-GQ2,07/03/2014,Tổng cục hải quan,V/v Vật liệu xây dựng cho DNCX (Công ty TNHH Samsung Electro-Mechanics Việt Nam),62685,305,18,DONG_NAI,null,null,,https://www.customs.gov.vn/index.jsp?pageId=3&id=62685&cid=1294,2014,03/2014,2026-10-08T09:19:48Z
237,269/GSQL-GQ2,07/03/2014,Tổng cục hải quan,V/v Nhập khẩu hàng hóa (Công ty TNHH Fuji Seiko Việt Nam),62684,305,18,DONG_NAI,null,null,,https://www.customs.gov.vn/index.jsp?pageId=3&id=62684&cid=1294,2014,03/2014,2026-10-08T09:19:48Z
238,270/GSQL-GQ1,07/03/2014,Tổng cục hải quan,V/v Giám định vàng nguyên liệu nhập khẩu (Công ty TNHH Vàng Phước Sơn),62683,305,18,DONG_NAI,null,null,,https://www.customs.gov.vn/index.jsp?pageId=3&id=62683&cid=1294,2014,03/2014,2026-10-08T09:19:48Z
239,274/GSQL-TH,07/03/2014,Tổng cục hải quan,V/v Ghi nhãn hàng hóa nhập khẩu (Công ty CP Viễn thông điện tử VINACAP),62682,305,18,DONG_NAI,null,null,,https://www.customs.gov.vn/index.jsp?pageId=3&id=62682&cid=1294,2014,03/2014,2026-10-08T09:19:48Z
240,2877/BTC-TCHQ,07/03/2014,Bộ Tài chính,"V/v Hoàn thuế nguyên liệu nhập khẩu để sản xuất hàng xuất khẩu (HQ các tỉnh, thành phố; Công ty TNHH Samsung Electronics Việt Nam)",62678,305,18,DONG_NAI,null,null,,https://www.customs.gov.vn/index.jsp?pageId=3&id=62678&cid=1294,2014,03/2014,2026-10-08T09:19:48Z
241,2241-2325/TB-TCHQ,06/03/2014,null,"Thông báo về kết quả phân loại đối với hàng hóa xuất khẩu, nhập khẩu",74585,305,18,DA_NANG,Hoàng Việt Cường,06/03/2014,https://files.customs.gov.vn/DA_NANG/Uploads/65e32243-11bf-4695-985d-c1563e8c13ba/2241-2325.tif,https://www.customs.gov.vn/index.jsp?pageId=3&id=74585&cid=1294,2014,03/2014,2026-10-08T09:19:48Z
242,2254/TCHQ-GSQL,06/03/2014,null,Về việc hướng dẫn thủ tục hải quan,74584,305,16,DA_NANG,Nguyễn Công Bình,06/03/2014,https://files.customs.gov.vn/DA_NANG/Uploads/65e32243-11bf-4695-985d-c1563e8c13ba/2254 phu tung may bay TNTTX sua chua thang 3-14.tif,https://www.customs.gov.vn/index.jsp?pageId=3&id=74584&cid=1294,2014,03/2014,2026-10-08T09:19:48Z
243,2259/TCHQ-TXNK,06/03/2014,Tổng cục hải quan,V/v Phân loại mặt hàng bột cát nghiền (Công ty TNHH Hoằng Tiệp Việt Nam),62689,305,18,DONG_NAI,null,null,,https://www.customs.gov.vn/index.jsp?pageId=3&id=62689&cid=1294,2014,03/2014,2026-10-08T09:19:48Z
244,2284/TCHQ-QLRR,06/03/2014,Tổng cục hải quan,V/v Phân luồng đối với các lô hàng gỗ xuất khẩu (Hiệp hội Gỗ và Lâm sản Bình Định),62688,305,18,DONG_NAI,null,null,,https://www.customs.gov.vn/index.jsp?pageId=3&id=62688&cid=1294,2014,03/2014,2026-10-08T09:19:48Z
245,2285/TCHQ-QLRR,06/03/2014,Tổng cục hải quan,V/v Phân luồng đỏ đối với các lô hàng xuất khẩu (Công ty cổ phần thương mại Việt Á),62687,305,18,DONG_NAI,null,null,,https://www.customs.gov.vn/index.jsp?pageId=3&id=62687&cid=1294,2014,03/2014,2026-10-08T09:19:48Z
246,2826/BTC-TCHQ,06/03/2014,Bộ Tài chính,V/v Phân loại mặt hàng giấy làn sóng để làm mát (HQ Hải Phòng; Công ty TNHH Sản xuất và Dịch vụ Gia Linh),62686,305,16,DONG_NAI,null,null,,https://www.customs.gov.vn/index.jsp?pageId=3&id=62686&cid=1294,2014,03/2014,2026-10-08T09:19:48Z
247,Hiếnpháp2013,06/03/2014,Quốc hội,Hiến pháp 2013,61365,305,18,BA_RIA_VUNG_TAU,Nguyễn Sinh Hùng,01/01/2014,https://files.customs.gov.vn/BA_RIA_VUNG_TAU/uploads/document/587/Hien phap 2013.doc,https://www.customs.gov.vn/index.jsp?pageId=3&id=61365&cid=1294,2014,03/2014,2026-10-08T09:19:48Z
248,259/GSQL-GQ1,05/03/2014,null,"Về việc sửa chữa tờ khai, khai bổ sung hồ sơ hải quan",74582,305,16,DA_NANG,Âu Anh Tuấn,05/03/2014,https://files.customs.gov.vn/DA_NANG/Uploads/65e32243-11bf-4695-985d-c1563e8c13ba/259 sua chua TK - Khai bo sung thang 3-14.tif,https://www.customs.gov.vn/index.jsp?pageId=3&id=74582&cid=1294,2014,03/2014,2026-10-08T09:19:48Z
249,2196-2232/TB-TCHQ,05/03/2014,null,"Thông báo về kết quả phân loại đối với hàng hóa xuất khẩu, nhập khẩu",74583,305,18,DA_NANG,Hoàng Việt Cường,05/03/2014,https://files.customs.gov.vn/DA_NANG/Uploads/65e32243-11bf-4695-985d-c1563e8c13ba/2196-2232.tif,https://www.customs.gov.vn/index.jsp?pageId=3&id=74583&cid=1294,2014,03/2014,2026-10-08T09:19:48Z
250,253/GSQL-TH,05/03/2014,Tổng cục hải quan,V/v Hướng dẫn thủ tục đối với hàng hóa kho ngoại quan (Công ty cổ phần Vinalines Logistics Việt Nam),62690,305,18,DONG_NAI,null,null,,https://www.customs.gov.vn/index.jsp?pageId=3&id=62690&cid=1294,2014,03/2014,2026-10-08T09:19:48Z
251,367/HQĐNa-GSQL,05/03/2014,Cục Hải Quan tỉnh Đồng Nai,"V/v Nhập khẩu linh kiện từ nước ngoài có dập, đúc sẵn dòng chữ ""Made in Vietnam""",64832,305,18,DONG_NAI,null,null,https://files.customs.gov.vn/DONG_NAI//Data/Cv_Hqdn/367_HQDNa_GSQL_03_03_2014.pdf,https://www.customs.gov.vn/index.jsp?pageId=3&id=64832&cid=1294,2014,03/2014,2026-10-08T09:19:48Z
252,370/HQĐNa-GSQL,05/03/2014,Cục Hải Quan tỉnh Đồng Nai,Trả lời Công ty TNHH Yusen Logistics International VN về việc niêm seal chung một xe tải cho nhiều lô hàng,64831,305,18,DONG_NAI,null,null,https://files.customs.gov.vn/DONG_NAI//Data/Cv_Hqdn/370_HQDNa_GSQL_03_03_2014.pdf,https://www.customs.gov.vn/index.jsp?pageId=3&id=64831&cid=1294,2014,03/2014,2026-10-08T09:19:48Z
253,131/QĐ-HQĐNa,04/03/2014,Cục Hải Quan tỉnh Đồng Nai,"V/v Áp dụng biện pháp cưỡng chế dừng làm thủ tục hải quan đối với hàng hóa xuất khẩu, nhập khẩu",64833,305,10,DONG_NAI,null,null,https://files.customs.gov.vn/DONG_NAI//Data/Cv_Hqdn/131_QD_HQDNa_04_03_2014.pdf,https://www.customs.gov.vn/index.jsp?pageId=3&id=64833&cid=1294,2014,03/2014,2026-10-08T09:19:48Z
254,2154-2189/TB-TCHQ,04/03/2014,null,"Thông báo về kết quả phân loại đối với hàng hóa xuất khẩu, nhập khẩu",74579,305,18,DA_NANG,Hoàng Việt Cường,04/03/2014,https://files.customs.gov.vn/DA_NANG/Uploads/65e32243-11bf-4695-985d-c1563e8c13ba/2154-2189.tif,https://www.customs.gov.vn/index.jsp?pageId=3&id=74579&cid=1294,2014,03/2014,2026-10-08T09:19:48Z
255,2167/TCHQ-CNTT,04/03/2014,Tổng cục hải quan,V/v Sử dụng phần mềm báo cáo nhập - xuất tồn hàng SXXK của doanh nghiệp (Công ty TNHH Samsung Electronics Việt Nam),62694,305,18,DONG_NAI,null,null,https://files.customs.gov.vn/DONG_NAI//Data/CV_TCHQ/2167_TCHQ_CNTT_04_03_2014.pdf,https://www.customs.gov.vn/index.jsp?pageId=3&id=62694&cid=1294,2014,03/2014,2026-10-08T09:19:48Z
256,2173/TCHQ-TXNK,04/03/2014,Tổng cục hải quan,V/v Vướng mắc chứng từ thanh toán qua ngân hàng của nguyên liệu nhập khẩu để sản xuất hàng xuất khẩu (Công ty TNHH Estelle Việt Nam),62693,305,18,DONG_NAI,null,null,,https://www.customs.gov.vn/index.jsp?pageId=3&id=62693&cid=1294,2014,03/2014,2026-10-08T09:19:48Z
257,2178/TCHQ-GSQL,04/03/2014,Tổng cục hải quan,V/v Sử dụng hóa đơn đối với hình thức XNK tại chỗ của DNCX (Công ty TNHH Nidec Sankyo Việt Nam),62692,305,18,DONG_NAI,null,null,,https://www.customs.gov.vn/index.jsp?pageId=3&id=62692&cid=1294,2014,03/2014,2026-10-08T09:19:48Z
258,251/GSQL-GQ1,04/03/2014,Tổng cục hải quan,V/v Kiểm tra an toàn thực phẩm thủy sản xuất khẩu (HQ Bà Rịa Vũng Tàu),62691,305,18,DONG_NAI,null,null,https://files.customs.gov.vn/DONG_NAI//Data/CV_TCHQ/251_GSQL_GQ1_04_03_2014.pdf,https://www.customs.gov.vn/index.jsp?pageId=3&id=62691&cid=1294,2014,03/2014,2026-10-08T09:19:48Z
259,17/2014/TB-LPQT,03/03/2014,null,Thông báo Điều ước quốc tế có hiệu lực,67367,305,18,CAN_THO,null,01/01/2014,https://files.customs.gov.vn/CAN_THO/17_2014_TB-LPQT.pdf,https://www.customs.gov.vn/index.jsp?pageId=3&id=67367&cid=1294,2014,03/2014,2026-10-08T09:19:48Z
260,2098/TCHQ-TXNK,03/03/2014,Tổng cục hải quan,V/v Giá tính thuế nhựa nhập khẩu ( Công ty cổ phần Vicostone),62697,305,18,DONG_NAI,null,null,,https://www.customs.gov.vn/index.jsp?pageId=3&id=62697&cid=1294,2014,03/2014,2026-10-08T09:19:48Z
261,2099-2136/TB-TCHQ,03/03/2014,null,"Thông báo về kết quả phân loại đối với hàng hóa xuất khẩu, nhập khẩu",74577,305,18,DA_NANG,Hoàng Việt Cường,03/03/2014,https://files.customs.gov.vn/DA_NANG/Uploads/65e32243-11bf-4695-985d-c1563e8c13ba/2099-2136.tif,https://www.customs.gov.vn/index.jsp?pageId=3&id=74577&cid=1294,2014,03/2014,2026-10-08T09:19:48Z
262,2139/TCHQ-GSQL,03/03/2014,Tổng cục hải quan,V/v Hướng dẫn thủ tục hải quan (Công ty cổ phần công nghệ tương lai Đất Việt),62696,305,18,DONG_NAI,null,null,,https://www.customs.gov.vn/index.jsp?pageId=3&id=62696&cid=1294,2014,03/2014,2026-10-08T09:19:48Z
263,2629/BTC-TCHQ,03/03/2014,Bộ Tài chính,"V/v Hoàn tiền chậm nộp thuế GTGT (HQ các tỉnh, thành phố)",62695,305,16,DONG_NAI,null,null,,https://www.customs.gov.vn/index.jsp?pageId=3&id=62695&cid=1294,2014,03/2014,2026-10-08T09:19:48Z
264,4793/TCHQ-GSQL,29/04/2014,null,Vướng mắc thủ tục thông báo định mức loại hình NSXXK,74704,305,16,DA_NANG,Nguyễn Dương Thái,29/04/2014,https://files.customs.gov.vn/DA_NANG/Uploads/65e32243-11bf-4695-985d-c1563e8c13ba/4793 thu tuc TB dinh muc hang NSXXK thang 4-14.tif,https://www.customs.gov.vn/index.jsp?pageId=3&id=74704&cid=1294,2014,04/2014,2026-10-08T09:19:48Z
265,510/GSQL-GQ1,29/04/2014,null,Xác nhận hàng đã qua khu vực giám sát trên tờ khai hải quan,74709,305,16,DA_NANG,Âu Anh Tuấn,29/04/2014,https://files.customs.gov.vn/DA_NANG/Uploads/65e32243-11bf-4695-985d-c1563e8c13ba/510 xac nhan hang da qua KVGS thang 4-14.tif,https://www.customs.gov.vn/index.jsp?pageId=3&id=74709&cid=1294,2014,04/2014,2026-10-08T09:19:48Z
266,34/2014/NÐ-CP,29/04/2014,Chính phủ,Về Quy chế khu vực biên giới đất liền nước Cộng hòa xã hội chủ nghĩa Việt Nam,56930,305,8,TP_HO_CHI_MINH,Nguyễn Tấn Dũng,15/06/2014,"https://files.customs.gov.vn/CustomsCMS/TP_HO_CHI_MINH/2020/Web/Data/DocumentAttachments/34_2014_ND_CP_Quy_che_khu_vuc_bien_gioi_dat_lien_nuoc_CHXHCNVN.doc,/CustomsCMS/TP_HO_CHI_MINH/2020/Web/Data/DocumentAttachments/34_2014_ND_CP_Phu_Luc.doc",https://www.customs.gov.vn/index.jsp?pageId=3&id=56930&cid=1294,2014,04/2014,2026-10-08T09:19:48Z
267,36/2014/NÐ-CP,29/04/2014,Chính phủ,"Nghị định về nuôi, chế biến và xuất khẩu sản phẩm cá tra",54257,305,8,TP_HO_CHI_MINH,Nguyễn Tấn Dũng,20/06/2014,https://files.customs.gov.vn/CustomsCMS/TP_HO_CHI_MINH/2020/Web/Data/DocumentAttachments/36_2014_ND-CP_228214.doc,https://www.customs.gov.vn/index.jsp?pageId=3&id=54257&cid=1294,2014,04/2014,2026-10-08T09:19:48Z
268,"4707-4719,4740-4750,4769-4770,.../TB-TCHQ",29/04/2014,null,"Thông báo về kết quả phân loại đối với hàng hóa XK, nk",74707,305,18,DA_NANG,Hoàng Việt Cường,29/04/2014,"https://files.customs.gov.vn/DA_NANG/Uploads/65e32243-11bf-4695-985d-c1563e8c13ba/4707-4719, 4740-4750, ....tif",https://www.customs.gov.vn/index.jsp?pageId=3&id=74707&cid=1294,2014,04/2014,2026-10-08T09:19:48Z
269,"4759-4768; 4771-4777; 4779-4783; 4795, 4798-4811; 4831-4837/TB-TCHQ",29/04/2014,null,"Thông báo về kết quả phân loại đối với hàng hóa xuất khẩu, nhập khẩu",74708,305,18,DA_NANG,Hoàng Việt Cường,29/04/2014,https://files.customs.gov.vn/DA_NANG/Uploads/65e32243-11bf-4695-985d-c1563e8c13ba/4759-4768; 4771-4777; 4779-4783; 4795; 4798-4811; 4831-4837.tif,https://www.customs.gov.vn/index.jsp?pageId=3&id=74708&cid=1294,2014,04/2014,2026-10-08T09:19:48Z
270,508/GSQL-TH,29/04/2014,Tổng cục hải quan,V/v Thời hạn hàng hóa gửi kho ngoại quan (Công ty Powepul Trading Limited (HK)),62628,305,18,DONG_NAI,null,null,,https://www.customs.gov.vn/index.jsp?pageId=3&id=62628&cid=1294,2014,04/2014,2026-10-08T09:19:48Z
271,510/GSQL-GQ1,29/04/2014,Tổng cục hải quan,"V/v Xác nhận hàng đã qua khu vực giám sát trên tờ khai hải quan (HQ Đồng Tháp, HQ Quảng Ninh)",62627,305,18,DONG_NAI,null,null,,https://www.customs.gov.vn/index.jsp?pageId=3&id=62627&cid=1294,2014,04/2014,2026-10-08T09:19:48Z
272,5628/BTC-TCHQ,29/04/2014,Bộ Tài chính,"V/v Hoàn thuế, không thu thuế loại hình tạm nhập tái chế (Công ty TNHH thủ công mỹ nghệ và nội thất Ngọc Sơn;HQ các tỉnh, thành phố)",62629,305,18,DONG_NAI,null,null,,https://www.customs.gov.vn/index.jsp?pageId=3&id=62629&cid=1294,2014,04/2014,2026-10-08T09:19:48Z
273,848/HQĐNa-TXNK,29/04/2014,Cục Hải Quan tỉnh Đồng Nai,V/v Điều chỉnh danh mục hàng hóa nhập khẩu miễn thuế (Công ty CP Việt Pháp SXTAGS Proconco),64789,305,18,DONG_NAI,null,null,https://files.customs.gov.vn/DONG_NAI//Data/Cv_Hqdn/848_HQDNa_TXNK_29_04_2014.pdf,https://www.customs.gov.vn/index.jsp?pageId=3&id=64789&cid=1294,2014,04/2014,2026-10-08T09:19:48Z
274,5564/BTC-TCHQ,28/04/2014,null,Thực hiện Quyết định số 53/2013/QĐ-TTg ngày 13/9/2013 của Thủ tướng Chính phủ,74700,305,16,DA_NANG,Đỗ Hoàng Anh Tuấn,28/04/2014,https://files.customs.gov.vn/DA_NANG/Uploads/65e32243-11bf-4695-985d-c1563e8c13ba/1_5564 de nghi Bo TNMT hdan tieu huy xe thang 4-14.tif,https://www.customs.gov.vn/index.jsp?pageId=3&id=74700&cid=1294,2014,04/2014,2026-10-08T09:19:48Z
275,5565/BTC-TCHQ,28/04/2014,null,"Thủ tục xuất khẩu, nhập khẩu mặt hàng điện năng",74701,305,16,DA_NANG,Đỗ Hoàng Anh Tuấn,28/04/2014,https://files.customs.gov.vn/DA_NANG/Uploads/65e32243-11bf-4695-985d-c1563e8c13ba/5565 thu tuc Xk - NK dien thang 4-14.tif,https://www.customs.gov.vn/index.jsp?pageId=3&id=74701&cid=1294,2014,04/2014,2026-10-08T09:19:48Z
276,5565/BTC-TCHQ,28/04/2014,Bộ Tài chính,"V/v Thủ tục xuất khẩu, nhập khẩu mặt hàng điện năng (HQ các tỉnh, thành phố)",62631,305,18,DONG_NAI,null,null,,https://www.customs.gov.vn/index.jsp?pageId=3&id=62631&cid=1294,2014,04/2014,2026-10-08T09:19:48Z
277,5566/BTC-TCHQ,28/04/2014,Bộ Tài chính,"V/v Vướng mắc thủ tục hải quan của các doanh nghiệp ưu tiên (HQ các tỉnh, thành phố)",62630,305,18,DONG_NAI,null,null,,https://www.customs.gov.vn/index.jsp?pageId=3&id=62630&cid=1294,2014,04/2014,2026-10-08T09:19:48Z
278,4746/BGTVT-VT,26/04/2014,null,"Tiếp tục triển khai quyết liệt và hiệu quả công tác kiểm soát tải trọng phương tiện cũng nhưu công tác phối hợp trong tuần tra, kiểm soát xử lý vi phạm và thực hiện các nhiệm vụ bảo đảm trật tự an toàn giao thông giữa các Bộ ngành, địa phương trong thời gian tới",74699,305,16,DA_NANG,Đinh La Thăng,26/04/2014,https://files.customs.gov.vn/DA_NANG/Uploads/65e32243-11bf-4695-985d-c1563e8c13ba/4746 ko thong quan o to cho qua tai thang 5-14.tif,https://www.customs.gov.vn/index.jsp?pageId=3&id=74699&cid=1294,2014,04/2014,2026-10-08T09:19:48Z
279,4589--4628/TB-TCHQ,26/04/2014,null,"Thông báo về kết quả phân loại đối với hàng hóa xuất khẩu, nhập khẩu",74697,305,18,DA_NANG,Hoàng Việt Cường,26/04/2014,https://files.customs.gov.vn/DA_NANG/Uploads/65e32243-11bf-4695-985d-c1563e8c13ba/4589-4628.tif,https://www.customs.gov.vn/index.jsp?pageId=3&id=74697&cid=1294,2014,04/2014,2026-10-08T09:19:48Z
280,5495/BTC-TCHQ,26/04/2014,Bộ Tài chính,"V/v Xác định cơ sở sản xuất theo quy định tại Điều 28 (HQ các tỉnh, thành phố; Công ty TNHH Việt Giai Thành)",62632,305,18,DONG_NAI,null,null,,https://www.customs.gov.vn/index.jsp?pageId=3&id=62632&cid=1294,2014,04/2014,2026-10-08T09:19:48Z
281,478/GSQL-GQ1,25/04/2014,null,Về việc nhập khẩu thiết bị phát tia X,74693,305,16,DA_NANG,Ngô Minh Hải,25/04/2014,https://files.customs.gov.vn/DA_NANG/Uploads/65e32243-11bf-4695-985d-c1563e8c13ba/478 NK thiet bi phat tia X thang 4-14.tif,https://www.customs.gov.vn/index.jsp?pageId=3&id=74693&cid=1294,2014,04/2014,2026-10-08T09:19:48Z
282,236/QĐ-HQĐNa,25/04/2014,Cục Hải Quan tỉnh Đồng Nai,V/v Công nhận địa điểm bảo quản hàng hóa chờ kiểm tra của cơ quan quản lý chuyên ngành (Công ty TNHH VINA),64793,305,10,DONG_NAI,null,null,https://files.customs.gov.vn/DONG_NAI//Data/Cv_Hqdn/236_QD_HQDNa_25_04_2014.pdf,https://www.customs.gov.vn/index.jsp?pageId=3&id=64793&cid=1294,2014,04/2014,2026-10-08T09:19:48Z
283,4522-4566/TB-TCHQ,25/04/2014,null,"Thông báo về kết quả phân loại đối với hàng hóa xuất khẩu, nhập khẩu",74691,305,18,DA_NANG,Hoàng Việt Cường,25/04/2014,https://files.customs.gov.vn/DA_NANG/Uploads/65e32243-11bf-4695-985d-c1563e8c13ba/4522-4566.tif,https://www.customs.gov.vn/index.jsp?pageId=3&id=74691&cid=1294,2014,04/2014,2026-10-08T09:19:48Z
284,472/GSQL-GQ1,25/04/2014,Tổng cục hải quan,V/v Nhập khẩu máy in đã qua sử dụng (Công ty TNHh MTV TM Đức An),62634,305,18,DONG_NAI,null,null,,https://www.customs.gov.vn/index.jsp?pageId=3&id=62634&cid=1294,2014,04/2014,2026-10-08T09:19:48Z
285,474/GSQL-TH,25/04/2014,Tổng cục hải quan,V/v Hướng dẫn thủ tục cấp mã địa điểm lưu kho hàng chờ thông quan (Các Công ty),62633,305,18,DONG_NAI,null,null,,https://www.customs.gov.vn/index.jsp?pageId=3&id=62633&cid=1294,2014,04/2014,2026-10-08T09:19:48Z
286,5427/BTC-CST,25/04/2014,null,V/v Hoàn lại tiền thuế BVMT,74694,305,16,DA_NANG,Đỗ Hoàng Anh Tuấn,25/04/2014,https://files.customs.gov.vn/DA_NANG/Uploads/65e32243-11bf-4695-985d-c1563e8c13ba/5427.tif,https://www.customs.gov.vn/index.jsp?pageId=3&id=74694&cid=1294,2014,04/2014,2026-10-08T09:19:48Z
287,69/TB-HQCT,25/04/2014,null,TB v/v mở lớp bồi dưỡng Nghiệp vụ Khai HQ tại Cần Thơ,67369,305,18,CAN_THO,null,25/04/2014,https://files.customs.gov.vn/CAN_THO/TB mo lop NV khai HQ.pdf,https://www.customs.gov.vn/index.jsp?pageId=3&id=67369&cid=1294,2014,04/2014,2026-10-08T09:19:48Z
288,806/HQĐNa-ĐKS,25/04/2014,Cục Hải Quan tỉnh Đồng Nai,"V/v Chưa công nhận địa điểm kiểm tra hàng hóa xuất khẩu, nhập khẩu tại nơi sản xuất (Công ty TNHH Daikan Việt Nam)",64792,305,18,DONG_NAI,null,null,https://files.customs.gov.vn/DONG_NAI//Data/Cv_Hqdn/806_HQDNa_DKS_25_04_2014.pdf,https://www.customs.gov.vn/index.jsp?pageId=3&id=64792&cid=1294,2014,04/2014,2026-10-08T09:19:48Z
289,808/HQĐNa-ĐKS,25/04/2014,Cục Hải Quan tỉnh Đồng Nai,V/v Xin công nhận địa điểm kiểm tra tại kho công ty (Công ty TNHH Đại Thành),64791,305,18,DONG_NAI,null,null,https://files.customs.gov.vn/DONG_NAI//Data/Cv_Hqdn/808_HQDNa_DKS_25_04_2014.pdf,https://www.customs.gov.vn/index.jsp?pageId=3&id=64791&cid=1294,2014,04/2014,2026-10-08T09:19:48Z
290,809/HQĐNa-ĐKS,25/04/2014,Cục Hải Quan tỉnh Đồng Nai,"V/v Không công nhận địa điểm kiểm tra hàng hóa xuất khẩu, nhập khẩu tại nơi sản xuất (Công ty TNHH Bình Thắng)",64790,305,18,DONG_NAI,null,null,https://files.customs.gov.vn/DONG_NAI//Data/Cv_Hqdn/809_HQDNa_DKS_25_04_2014.pdf,https://www.customs.gov.vn/index.jsp?pageId=3&id=64790&cid=1294,2014,04/2014,2026-10-08T09:19:48Z
291,5345/BTC-TCDN,24/04/2014,null,Mức thu lệ phí cà phê Hội viên năm 2014,74690,305,16,DA_NANG,Trần Văn Hiếu,24/04/2014,https://files.customs.gov.vn/DA_NANG/Uploads/65e32243-11bf-4695-985d-c1563e8c13ba/de2014_10996s1.tif,https://www.customs.gov.vn/index.jsp?pageId=3&id=74690&cid=1294,2014,04/2014,2026-10-08T09:19:48Z
292,773/HQĐNa-TXNK,24/04/2014,Cục Hải Quan tỉnh Đồng Nai,Hướng dẫn thủ tục hải quan (Bệnh viện Đồng Nai),64795,305,18,DONG_NAI,null,null,https://files.customs.gov.vn/DONG_NAI//Data/Cv_Hqdn/773_HQDNa_TXNK_24_04_2014.pdf,https://www.customs.gov.vn/index.jsp?pageId=3&id=64795&cid=1294,2014,04/2014,2026-10-08T09:19:48Z
293,784/HQĐNa-TXNK,24/04/2014,Cục Hải Quan tỉnh Đồng Nai,V/v Cấp bổ sung phiếu theo dõi trừ lùi (Công ty TNHH San Lim Furniture),64794,305,18,DONG_NAI,null,null,https://files.customs.gov.vn/DONG_NAI//Data/Cv_Hqdn/784_HQDNa_TXNK_24_04_2014.pdf,https://www.customs.gov.vn/index.jsp?pageId=3&id=64794&cid=1294,2014,04/2014,2026-10-08T09:19:48Z
294,4439/TCHQ-GSQL,23/04/2014,null,Về việc thực hiện Thông tư số 19/2014/TT-BTC ngày 11/2/2014 của Bộ Tài chính,74686,305,16,DA_NANG,Vũ Ngọc Anh,23/04/2014,https://files.customs.gov.vn/DA_NANG/Uploads/65e32243-11bf-4695-985d-c1563e8c13ba/4439 hd TT19-2014-BTC thang 4-14.tif,https://www.customs.gov.vn/index.jsp?pageId=3&id=74686&cid=1294,2014,04/2014,2026-10-08T09:19:48Z
295,4440/TCHQ-GSQL,23/04/2014,null,Về việc trả lời kiến nghị của Hiệp hội Chè Việt Nam,74688,305,16,DA_NANG,Vũ Ngọc Anh,23/04/2014,https://files.customs.gov.vn/DA_NANG/Uploads/65e32243-11bf-4695-985d-c1563e8c13ba/1_4440 nhan mac xuat xu hang XK thang 4-14.tif,https://www.customs.gov.vn/index.jsp?pageId=3&id=74688&cid=1294,2014,04/2014,2026-10-08T09:19:48Z
296,10/2014/TT-BGTVT,23/04/2014,null,"Bộ trưởng Bộ Giao thông vận tải ban hành Thông tư sửa đổi, bổ sung một số điều của Thông tư số 56/2012/TT-BGTVT ngày 27/12/2012 của Bộ trưởng Bộ Giao thông vận tải quy định về kiểm định an toàn kỹ thuật và bảo vệ môi trường phương tiện giao thông cơ",67379,305,18,CAN_THO,null,15/06/2014,https://files.customs.gov.vn/CAN_THO/TT_10.signed.pdf,https://www.customs.gov.vn/index.jsp?pageId=3&id=67379&cid=1294,2014,04/2014,2026-10-08T09:19:48Z
297,1350/TCT-KK,23/04/2014,Liên Hợp Quốc,Công văn số 1350/TCT-KK V/v: hoàn thuế GTGT khâu nhập khẩu nộp thừa,58365,305,16,TP_HO_CHI_MINH,Trần Văn Phu,23/04/2014,https://files.customs.gov.vn/CustomsCMS/TP_HO_CHI_MINH/2020/Web/Data/DocumentAttachments/1350_TCT-KK_227356.pdf,https://www.customs.gov.vn/index.jsp?pageId=3&id=58365&cid=1294,2014,04/2014,2026-10-08T09:19:48Z
298,4412/TCHQ-GSQL,23/04/2014,null,Dán tem rượu nhập khẩu từ nước ngoài vào Khu phi thuế quan,74689,305,16,DA_NANG,Vũ Ngọc Anh,23/04/2014,https://files.customs.gov.vn/DA_NANG/Uploads/65e32243-11bf-4695-985d-c1563e8c13ba/4412 dan tem ruou tu nuoc ngoai NK vao KPTQ thang 4-14.tif,https://www.customs.gov.vn/index.jsp?pageId=3&id=74689&cid=1294,2014,04/2014,2026-10-08T09:19:48Z
299,4440/TCHQ-GSQL,23/04/2014,Tổng cục hải quan,V/v Trả lời kiến nghị của Hiệp hội Chè Việt Nam (Hiệp hội Chè Việt Nam),62635,305,18,DONG_NAI,null,null,https://files.customs.gov.vn/DONG_NAI//Data/CV_TCHQ/4440_TCHQ_GSQL_23_04_2014.pdf,https://www.customs.gov.vn/index.jsp?pageId=3&id=62635&cid=1294,2014,04/2014,2026-10-08T09:19:48Z
300,4442-4498/TB-TCHQ,23/04/2014,null,"Thông báo về kết quả phân loại đối với hàng hóa xuất khẩu, nhập khẩu",74687,305,18,DA_NANG,Hoàng Việt Cường,23/04/2014,https://files.customs.gov.vn/DA_NANG/Uploads/65e32243-11bf-4695-985d-c1563e8c13ba/4442-4498.tif,https://www.customs.gov.vn/index.jsp?pageId=3&id=74687&cid=1294,2014,04/2014,2026-10-08T09:19:48Z
301,386/TB-HQĐNa(HủytheoQĐ3899/QĐ-TCHQngày10/11/2016),22/04/2014,Cục Hải Quan tỉnh Đồng Nai,Đường dây nóng tiếp nhận các vướng mắc trong quá trình triển khai Hệ thống VNACCS/VCIS tại Cục Hải quan Đồng Nai,64796,305,19,DONG_NAI,null,null,https://files.customs.gov.vn/DONG_NAI//Data/Cv_Hqdn/386_TB_HQDNa_22_04_2014.pdf,https://www.customs.gov.vn/index.jsp?pageId=3&id=64796&cid=1294,2014,04/2014,2026-10-08T09:19:48Z
302,4356-4397/TB-TCHQ,22/04/2014,null,"Thông báo kết quả phân loại đối với hàng hóa xuất khẩu, nhập khẩu",74683,305,18,DA_NANG,Hoàng Việt Cường,22/04/2014,https://files.customs.gov.vn/DA_NANG/Uploads/65e32243-11bf-4695-985d-c1563e8c13ba/4356-4397.tif,https://www.customs.gov.vn/index.jsp?pageId=3&id=74683&cid=1294,2014,04/2014,2026-10-08T09:19:48Z
303,"4407, 4422-4424/TB-TCHQ",22/04/2014,null,"Thông báo về kết quả phân loại đối với hàng hóa xuất khẩu, nhập khẩu",74685,305,18,DA_NANG,Hoàng Việt Cường,22/04/2014,"https://files.customs.gov.vn/DA_NANG/Uploads/65e32243-11bf-4695-985d-c1563e8c13ba/4407,4422-4424.tif",https://www.customs.gov.vn/index.jsp?pageId=3&id=74685&cid=1294,2014,04/2014,2026-10-08T09:19:48Z
304,770/HQĐNa-ĐKS,22/04/2014,Cục Hải Quan tỉnh Đồng Nai,Trả lời Công ty TNHH Major Craft Việt Nam v/v xin được tập kết và kiểm tra hàng hóa tại kho Công ty,64798,305,18,DONG_NAI,null,null,https://files.customs.gov.vn/DONG_NAI//Data/Cv_Hqdn/770_HQDNa_DKS_22_04_2014.pdf,https://www.customs.gov.vn/index.jsp?pageId=3&id=64798&cid=1294,2014,04/2014,2026-10-08T09:19:48Z
305,771/HQĐNa-ĐKS,22/04/2014,Cục Hải Quan tỉnh Đồng Nai,Trả lời Công ty TNHH Hưng Nguyên Phát v/v chưa công nhận địa điểm kiểm tra tại nơi sản xuất,64797,305,18,DONG_NAI,null,null,https://files.customs.gov.vn/DONG_NAI//Data/Cv_Hqdn/771_HQDNa_DKS_22_04_2014.pdf,https://www.customs.gov.vn/index.jsp?pageId=3&id=64797&cid=1294,2014,04/2014,2026-10-08T09:19:48Z
306,4308-4340/TB-TCHQ,21/04/2014,null,"Thông báo kết quả phân loại đối với hàng hóa xuất khẩu, nhập khảu",74680,305,18,DA_NANG,Hoàng Việt Cường,21/04/2014,https://files.customs.gov.vn/DA_NANG/Uploads/65e32243-11bf-4695-985d-c1563e8c13ba/4308-4340.tif,https://www.customs.gov.vn/index.jsp?pageId=3&id=74680&cid=1294,2014,04/2014,2026-10-08T09:19:48Z
307,454/GSQL-TH,21/04/2014,null,Về việc vướng mắc C/O mẫu E,74681,305,16,DA_NANG,Âu Anh Tuấn,21/04/2014,https://files.customs.gov.vn/DA_NANG/Uploads/65e32243-11bf-4695-985d-c1563e8c13ba/454 ten tren o so 1 CO thang 4-14.tif,https://www.customs.gov.vn/index.jsp?pageId=3&id=74681&cid=1294,2014,04/2014,2026-10-08T09:19:48Z
308,5165/BTC-TCHQ,21/04/2014,Bộ Tài chính,V/v thuế GTGT đối với thức ăn chăn nuôi,52948,305,16,TP_HO_CHI_MINH,Đỗ Hoàng Anh Tuấn,21/04/2014,https://files.customs.gov.vn/CustomsCMS/TP_HO_CHI_MINH/2020/Web/Data/DocumentAttachments/5165-BTC-TCHQ.tif,https://www.customs.gov.vn/index.jsp?pageId=3&id=52948&cid=1294,2014,04/2014,2026-10-08T09:19:48Z
309,752/HQĐNa-GSQL,21/04/2014,Cục Hải Quan tỉnh Đồng Nai,V/v Triển khai hệ thống VNACCS/VCIS,64800,305,18,DONG_NAI,null,null,https://files.customs.gov.vn/DONG_NAI//Data/Cv_Hqdn/752_HQDNa_GSQL_21_04_2014.pdf,https://www.customs.gov.vn/index.jsp?pageId=3&id=64800&cid=1294,2014,04/2014,2026-10-08T09:19:48Z
310,753/HQĐNa-CCHĐH,21/04/2014,Cục Hải Quan tỉnh Đồng Nai,V/v Đăng ký tờ khai đối với trường hợp DN nợ thuế quá hạn cưỡng chế,64799,305,18,DONG_NAI,null,null,https://files.customs.gov.vn/DONG_NAI//Data/Cv_Hqdn/753_HQDNa_CCHDH_21_04_2014.pdf,https://www.customs.gov.vn/index.jsp?pageId=3&id=64799&cid=1294,2014,04/2014,2026-10-08T09:19:48Z
311,4184/TCHQ-GSQL,18/04/2014,null,Về việc thực hiện quy định tại khoản 9 Điều 1 Nghị định số 164/2013/NĐ-CP ngày 12/11/2013 của Chính phủ,74677,305,16,DA_NANG,Vũ Ngọc Anh,18/04/2014,https://files.customs.gov.vn/DA_NANG/Uploads/65e32243-11bf-4695-985d-c1563e8c13ba/4184 thuc hien k9 Dieu 1 ND 164 thang 4-14.tif,https://www.customs.gov.vn/index.jsp?pageId=3&id=74677&cid=1294,2014,04/2014,2026-10-08T09:19:48Z
312,4184/TCHQ-GSQL,18/04/2014,Tổng cục hải quan,"V/v Thực hiện quy định tại khoản 9 Điều 1 Nghị định số 164/2013/NĐ-CP ngày 12/11/2013 của Chính phủ (HQ các tỉnh, thành phố)",62636,305,18,DONG_NAI,null,null,,https://www.customs.gov.vn/index.jsp?pageId=3&id=62636&cid=1294,2014,04/2014,2026-10-08T09:19:48Z
313,742/HQĐNa-VP,18/04/2014,Cục Hải Quan tỉnh Đồng Nai,V/v Nghỉ Lễ 30/04 và 01/05,64801,305,18,DONG_NAI,null,null,https://files.customs.gov.vn/DONG_NAI//Data/Cv_Hqdn/742_HQDNa_VP_18_04_2014.pdf,https://www.customs.gov.vn/index.jsp?pageId=3&id=64801&cid=1294,2014,04/2014,2026-10-08T09:19:48Z
314,4174/TCHQ-GSQL,17/04/2014,null,Về việc vướng mắc kho bãi,74676,305,16,DA_NANG,Vũ Ngọc Anh,17/04/2014,https://files.customs.gov.vn/DA_NANG/Uploads/65e32243-11bf-4695-985d-c1563e8c13ba/4174 kho bai tap ket hang XK thang 4-14.tif,https://www.customs.gov.vn/index.jsp?pageId=3&id=74676&cid=1294,2014,04/2014,2026-10-08T09:19:48Z
315,3167/BCT-KHCN,17/04/2014,null,Chỉ định tạm thời hoạt đông thử nghiệm phân bón vô cơ,74675,305,16,DA_NANG,Nguyễn Đình Hiệp,17/04/2014,https://files.customs.gov.vn/DA_NANG/Uploads/65e32243-11bf-4695-985d-c1563e8c13ba/3167-17.4.2014 chi dinh tam thoi hd thu nghiem pb vc.tif,https://www.customs.gov.vn/index.jsp?pageId=3&id=74675&cid=1294,2014,04/2014,2026-10-08T09:19:48Z
316,4114/TCHQ-GSQL,17/04/2014,Tổng cục hải quan,V/v Thủ tục hải quan đối với hàng đóng chung cont XK (Công ty TNHH Trung Hùng Hà Nội),62638,305,18,DONG_NAI,null,null,,https://www.customs.gov.vn/index.jsp?pageId=3&id=62638&cid=1294,2014,04/2014,2026-10-08T09:19:48Z
317,4129/TCHQ-TXNK,17/04/2014,Tổng cục hải quan,"V/v Mã HS mặt hàng ""sản phẩm không dệt đi từ sợi thủy tinh"" (Công ty Cổ phần đầu tư và cung ứng thiết bị điện lực Việt Nam)",62637,305,18,DONG_NAI,null,null,,https://www.customs.gov.vn/index.jsp?pageId=3&id=62637&cid=1294,2014,04/2014,2026-10-08T09:19:48Z
318,4140-4272/TB-TCHQ,17/04/2014,null,"Thông báo kết quả phân loại đối với hàng hóa xuất khẩu, nhập khảu",74673,305,18,DA_NANG,Hoàng Việt Cường,17/04/2014,,https://www.customs.gov.vn/index.jsp?pageId=3&id=74673&cid=1294,2014,04/2014,2026-10-08T09:19:48Z
319,4174/TCHQ-GSQL,17/04/2014,null,V/v Vướng mắc kho bãi,67370,305,18,CAN_THO,null,17/04/2014,https://files.customs.gov.vn/CAN_THO/4174 kho bai tap ket hang XK thang 4-14.tiff,https://www.customs.gov.vn/index.jsp?pageId=3&id=67370&cid=1294,2014,04/2014,2026-10-08T09:19:48Z
320,4019-4092/TB-TCHQ,16/04/2014,null,"Thông báo kết quả phân loại đối với hàng hóa xuất khẩu, nhập khẩu",74671,305,18,DA_NANG,Hoàng Việt Cường,16/04/2014,https://files.customs.gov.vn/DA_NANG/Uploads/65e32243-11bf-4695-985d-c1563e8c13ba/4019-4092.tif,https://www.customs.gov.vn/index.jsp?pageId=3&id=74671&cid=1294,2014,04/2014,2026-10-08T09:19:48Z
321,4093/TCHQ-TXNK,16/04/2014,Tổng cục hải quan,"V/v Tạm nhập - tái xuất hàng hóa để phục vụ thay thế, sửa chữa và sử dụng cho tàu biển nước ngoài (Công ty Cổ phần Á vận Asiatrans Việt Nam)",62640,305,18,DONG_NAI,null,null,,https://www.customs.gov.vn/index.jsp?pageId=3&id=62640&cid=1294,2014,04/2014,2026-10-08T09:19:48Z
322,4099/TCHQ-TXNK,16/04/2014,Tổng cục hải quan,V/v Phạt chậm nộp thuế (Công ty TNHH sản xuất dịch vụ thương mại Đức Tiến),62639,305,18,DONG_NAI,null,null,,https://www.customs.gov.vn/index.jsp?pageId=3&id=62639&cid=1294,2014,04/2014,2026-10-08T09:19:48Z
323,717/HQĐNa-GSQL,16/04/2014,Cục Hải Quan tỉnh Đồng Nai,Trả lời Công ty TNHH Logistics Sojitz v.v khảo sát thực tế điều kiện kho bãi xin thành lập kho ngoại quan,64802,305,18,DONG_NAI,null,null,https://files.customs.gov.vn/DONG_NAI//Data/Cv_Hqdn/717_HQDNa_GSQL_16_04_2014.pdf,https://www.customs.gov.vn/index.jsp?pageId=3&id=64802&cid=1294,2014,04/2014,2026-10-08T09:19:48Z
324,16/VBHN-BNNPTNT,15/04/2014,null,Thông tư về việc Quản lý giống Thủy Sản,67374,305,18,CAN_THO,null,14/05/2014,https://files.customs.gov.vn/CAN_THO/16_VBHN-BNNPTNT.pdf,https://www.customs.gov.vn/index.jsp?pageId=3&id=67374&cid=1294,2014,04/2014,2026-10-08T09:19:48Z
325,3929-3991/TB-TCHQ,15/04/2014,null,"Thông báo kết quả phân loại đối với hàng hóa xuất khẩu, nhập khẩu",74668,305,18,DA_NANG,Hoàng Việt Cường,15/04/2014,https://files.customs.gov.vn/DA_NANG/Uploads/65e32243-11bf-4695-985d-c1563e8c13ba/3929-3991.tif,https://www.customs.gov.vn/index.jsp?pageId=3&id=74668&cid=1294,2014,04/2014,2026-10-08T09:19:48Z
326,436/GSQL-GQ2,15/04/2014,Tổng cục hải quan,V/v Hướng dẫn thủ tục hải quan (Viện nghiên cứu cơ khí - Bộ Công Thương),62641,305,18,DONG_NAI,null,null,,https://www.customs.gov.vn/index.jsp?pageId=3&id=62641&cid=1294,2014,04/2014,2026-10-08T09:19:48Z
327,703/HQĐNa-GSQL,15/04/2014,Cục Hải Quan tỉnh Đồng Nai,Trả lời Công ty cổ phần Tiếp vận Thành Long về việc thành lập kho CFS,64803,305,18,DONG_NAI,null,null,https://files.customs.gov.vn/DONG_NAI//Data/Cv_Hqdn/703_HQDNa_GSQL_15_04_2014.pdf,https://www.customs.gov.vn/index.jsp?pageId=3&id=64803&cid=1294,2014,04/2014,2026-10-08T09:19:48Z
328,2995/BCT-KHCN,14/04/2014,null,Tổ chức được chứng nhận đối với phân bón vô cơ,74666,305,16,DA_NANG,Phạm Thu Giang,14/04/2014,https://files.customs.gov.vn/DA_NANG/Uploads/65e32243-11bf-4695-985d-c1563e8c13ba/2995 to chuc chung nhan phan bon vo co thang 4-14.tif,https://www.customs.gov.vn/index.jsp?pageId=3&id=74666&cid=1294,2014,04/2014,2026-10-08T09:19:48Z
329,3892/TCHQ-GSQL,14/04/2014,null,"Về việc tạm xuất-tái nhập sản phẩm CNTT để sửa chữa, bảo hành",74667,305,16,DA_NANG,Vũ Ngọc Anh,14/04/2014,https://files.customs.gov.vn/DA_NANG/Uploads/65e32243-11bf-4695-985d-c1563e8c13ba/3892 TXTN sp CNTT dqsd de bao hanh sua chua thang 4-14.tif,https://www.customs.gov.vn/index.jsp?pageId=3&id=74667&cid=1294,2014,04/2014,2026-10-08T09:19:48Z
330,14/VBHN-BCA,14/04/2014,Bộ Công an,Nghị Định về quản lý và sử dụng con dấu,53961,305,8,TP_HO_CHI_MINH,Đại tướng Trần Đại Quang,14/04/2014,https://files.customs.gov.vn/CustomsCMS/TP_HO_CHI_MINH/2020/Web/Data/DocumentAttachments/14_VBHN-BCA_227252.doc,https://www.customs.gov.vn/index.jsp?pageId=3&id=53961&cid=1294,2014,04/2014,2026-10-08T09:19:48Z
331,2995/BCT-KHCN,14/04/2014,Bộ Công thương,V/v Tổ chức được chứng nhận đối với phân bón vô cơ (Cục Hóa chất),62642,305,18,DONG_NAI,null,null,https://files.customs.gov.vn/DONG_NAI//Data/CV_BCT/2995_BCT_KHCN_14_04_2014.pdf,https://www.customs.gov.vn/index.jsp?pageId=3&id=62642&cid=1294,2014,04/2014,2026-10-08T09:19:48Z
332,3857-3920/TB-TCHQ,14/04/2014,null,"Thông báo kết quả phân loại đối với hàng hóa xuất khẩu, nhập khảu",74665,305,18,DA_NANG,Hoàng Việt Cường,14/04/2014,https://files.customs.gov.vn/DA_NANG/Uploads/65e32243-11bf-4695-985d-c1563e8c13ba/3857-3920.tif,https://www.customs.gov.vn/index.jsp?pageId=3&id=74665&cid=1294,2014,04/2014,2026-10-08T09:19:48Z
333,421/GSQL-TH,14/04/2014,Tổng cục hải quan,V/v Ghi nhãn hàng hóa nhập khẩu (Công ty TNHH Ford Việt Nam),62643,305,18,DONG_NAI,null,null,,https://www.customs.gov.vn/index.jsp?pageId=3&id=62643&cid=1294,2014,04/2014,2026-10-08T09:19:48Z
334,424/GSQL-TH,14/04/2014,Bộ Công nghiệp,V/v xác minh tính hợp lệ của C/O (công văn số 424/GSQL-TH ngày 14/4/2014) - Cục Hải quan TP. Hồ Chí Minh.,58003,305,16,TP_HO_CHI_MINH,Âu Anh Tuấn,14/04/2014,https://files.customs.gov.vn/CustomsCMS/TP_HO_CHI_MINH/2020/Web/Data/DocumentAttachments/424-GSQL-TH.tif,https://www.customs.gov.vn/index.jsp?pageId=3&id=58003&cid=1294,2014,04/2014,2026-10-08T09:19:48Z
335,556/GSQL-GQ1,14/04/2014,Tổng cục hải quan,V/v Hướng dẫn khai báo mã loại hình (Công ty TNHH Đầu tư Phát triển và dịch vụ Hà Linh),62615,305,18,DONG_NAI,null,null,,https://www.customs.gov.vn/index.jsp?pageId=3&id=62615&cid=1294,2014,04/2014,2026-10-08T09:19:48Z
336,686/HQĐNa-GSQL,14/04/2014,Cục Hải Quan tỉnh Đồng Nai,Trả lời Công ty TNHH VN Nisshin Seifun v/v xin lưu giữ hàng tại kho trong KCN Amata,64805,305,18,DONG_NAI,null,null,https://files.customs.gov.vn/DONG_NAI//Data/Cv_Hqdn/686_HQDNa_GSQL_14_04_2014.pdf,https://www.customs.gov.vn/index.jsp?pageId=3&id=64805&cid=1294,2014,04/2014,2026-10-08T09:19:48Z
337,697/HQĐNa-TXNK,14/04/2014,Cục Hải Quan tỉnh Đồng Nai,V/v Điều chỉnh danh mục hàng hóa nhập khẩu miễn thuế tạo TSCĐ (Công ty TNHH Sợi Long Thái Tử),64804,305,18,DONG_NAI,null,null,https://files.customs.gov.vn/DONG_NAI//Data/Cv_Hqdn/697_HQDNa_TXNK_14_04_2014.pdf,https://www.customs.gov.vn/index.jsp?pageId=3&id=64804&cid=1294,2014,04/2014,2026-10-08T09:19:48Z
338,15/VBHN-BNNPTNT,11/04/2014,null,"Quyết định Quy định mẫu hồ sơ kiểm dịch động vật, sản phẩm động vật; kiểm tra vệ sinh thú y",67375,305,18,CAN_THO,null,12/05/2014,https://files.customs.gov.vn/CAN_THO/15_VBHN-BNNPTNT.pdf,https://www.customs.gov.vn/index.jsp?pageId=3&id=67375&cid=1294,2014,04/2014,2026-10-08T09:19:48Z
339,413/GSQL-GQ1,11/04/2014,Tổng cục hải quan,V/v Nơi làm thủ tục hải quan (Công ty TNHH MTV Seshin VN2),62645,305,18,DONG_NAI,null,null,,https://www.customs.gov.vn/index.jsp?pageId=3&id=62645&cid=1294,2014,04/2014,2026-10-08T09:19:48Z
340,415/GSQL-TH,11/04/2014,Tổng cục hải quan,V/v Quy định về dán nhãn năng lượng (Công ty TNHH Mai Nam),62644,305,18,DONG_NAI,null,null,,https://www.customs.gov.vn/index.jsp?pageId=3&id=62644&cid=1294,2014,04/2014,2026-10-08T09:19:48Z
341,680/HQĐNa-ĐKS,11/04/2014,Cục Hải Quan tỉnh Đồng Nai,Trả lời Công ty TNHH Fuji Impulse Long Đức v/v đăng ký địa điểm kiểm tra hàng hóa tại kho đối với hình thức gia công,64807,305,18,DONG_NAI,null,null,https://files.customs.gov.vn/DONG_NAI//Data/Cv_Hqdn/680_HQDNa_DKS_11_04_2014.pdf,https://www.customs.gov.vn/index.jsp?pageId=3&id=64807&cid=1294,2014,04/2014,2026-10-08T09:19:48Z
342,681/HQĐNa-ĐKS,11/04/2014,Cục Hải Quan tỉnh Đồng Nai,Trả lời Công ty TNHH Kimura Seal Việt Nam v/v đăng ký địa điểm kiểm tra hàng hóa tại kho đối với hình thức gia công,64806,305,18,DONG_NAI,null,null,https://files.customs.gov.vn/DONG_NAI//Data/Cv_Hqdn/681_HQDNa_DKS_11_04_2014.pdf,https://www.customs.gov.vn/index.jsp?pageId=3&id=64806&cid=1294,2014,04/2014,2026-10-08T09:19:48Z
343,206/QĐ-HQĐNa,10/04/2014,Cục Hải Quan tỉnh Đồng Nai,V/v Thành lập Tổ giải quyết vướng mắc và hỗ trợ pháp lý cấp Cục,64809,305,10,DONG_NAI,null,null,https://files.customs.gov.vn/DONG_NAI//Data/Cv_Hqdn/206_QD_HQDNa_10_04_2014.pdf,https://www.customs.gov.vn/index.jsp?pageId=3&id=64809&cid=1294,2014,04/2014,2026-10-08T09:19:48Z
344,207/QĐ-HQĐNa,10/04/2014,Cục Hải Quan tỉnh Đồng Nai,V/v Thành lập Tổ giải quyết vướng mắc và hỗ trợ pháp lý cấp Chi Cục,64808,305,10,DONG_NAI,null,null,https://files.customs.gov.vn/DONG_NAI//Data/Cv_Hqdn/207_QD_HQDNa_10_04_2014.pdf,https://www.customs.gov.vn/index.jsp?pageId=3&id=64808&cid=1294,2014,04/2014,2026-10-08T09:19:48Z
345,29/2014/NĐ-CP,10/04/2014,Chính phủ,"Nghị định 29/2014/NĐ-CP ngày 10/4/2014 của Chính phủ quy định về thẩm quyền, thủ tục xác lập quyền sở hữu của Nhà nước về tài sản và quản lý, xử lý tài sản được xác lập quyền sở hữu của Nhà nước",59553,305,8,TONG_CUC,Nguyễn Tấn Dũng,01/06/2014,https://files.customs.gov.vn/van_ban_phap_luat/Lists/VanBanPhapLuat/Attachments/7387/ND292014CP.pdf,https://www.customs.gov.vn/index.jsp?pageId=3&id=59553&cid=1294,2014,04/2014,2026-10-08T09:19:48Z
346,3720-3826/TB-TCHQ,10/04/2014,null,"Thông báo kết quả phân loại đối với hàng hóa xuất khẩu, nhập khẩu",74661,305,18,DA_NANG,Hoàng Việt Cường,10/04/2014,https://files.customs.gov.vn/DA_NANG/Uploads/65e32243-11bf-4695-985d-c1563e8c13ba/3720-3826.tif,https://www.customs.gov.vn/index.jsp?pageId=3&id=74661&cid=1294,2014,04/2014,2026-10-08T09:19:48Z
347,3759/TCHQ-TXNK,10/04/2014,Tổng cục hải quan,V/v Vướng mắc thực hiện Thông tư 04/2012/TT-BKHĐT (Công ty TNHH Vitto),62646,305,18,DONG_NAI,null,null,,https://www.customs.gov.vn/index.jsp?pageId=3&id=62646&cid=1294,2014,04/2014,2026-10-08T09:19:48Z
348,655/HQĐNa-TCCB,10/04/2014,Cục Hải Quan tỉnh Đồng Nai,"V/v Hỗ trợ pháp lý cho tổ chức, cá nhân và doanh nghiệp",64810,305,18,DONG_NAI,null,null,https://files.customs.gov.vn/DONG_NAI//Data/Cv_Hqdn/655_HQDNa_TCCB_10_04_2014.pdf,https://www.customs.gov.vn/index.jsp?pageId=3&id=64810&cid=1294,2014,04/2014,2026-10-08T09:19:48Z
349,13/2014/TTLT-BYT-BNN,09/04/2014,null,"Thông tư liên tịch hướng dẫn việc phân công, phối hợp trong quản lý nhà nước về an toàn thực phẩm",67406,305,18,CAN_THO,null,26/05/2014,https://files.customs.gov.vn/CAN_THO/_TTLT13-2014-BYT-BNNPTNT-BCT.pdf,https://www.customs.gov.vn/index.jsp?pageId=3&id=67406&cid=1294,2014,04/2014,2026-10-08T09:19:48Z
350,398/GSQL-GQ3,08/04/2014,null,Về việc thời điểm thực hiện cấp phép nhập khẩu xe ô tô Việt kiều hồi hương theo TT20/2014/TT-BTC,74660,305,16,DA_NANG,Nguyễn Đức Nga,08/04/2014,https://files.customs.gov.vn/DA_NANG/Uploads/65e32243-11bf-4695-985d-c1563e8c13ba/398 thoi diem cap phep xe TSDC theo TT 20-2014-BTC.tif,https://www.customs.gov.vn/index.jsp?pageId=3&id=74660&cid=1294,2014,04/2014,2026-10-08T09:19:48Z
351,393/GSQL-TH,08/04/2014,Tổng cục hải quan,V/v Sử dụng danh mục hàng hóa XK chuyển cửa khẩu từ CFS (Công ty cổ phần May Hồ Gươm),62647,305,18,DONG_NAI,null,null,,https://www.customs.gov.vn/index.jsp?pageId=3&id=62647&cid=1294,2014,04/2014,2026-10-08T09:19:48Z
352,639/HQĐNa-VP,08/04/2014,Cục Hải Quan tỉnh Đồng Nai,V/v Nghỉ Giỗ Tổ Hùng Vương năm 2014,64811,305,18,DONG_NAI,null,null,https://files.customs.gov.vn/DONG_NAI//Data/Cv_Hqdn/639_HQDNa_VP_08_04_2014.pdf,https://www.customs.gov.vn/index.jsp?pageId=3&id=64811&cid=1294,2014,04/2014,2026-10-08T09:19:48Z
353,24/NQ-CP,07/04/2014,Chính phủ,Nghị quyết 24/NQ-CP ngày 7/4/2014 của Chính phủ phê duyệt Hiệp định Vận chuyển hàng không giữa Chính phủ nước Cộng hòa xã hội chủ nghĩa Việt Nam và Chính phủ nước Cộng hòa Ấn Độ,59554,305,7,TONG_CUC,Nguyễn Tấn Dũng,07/04/2014,https://files.customs.gov.vn/van_ban_phap_luat/Lists/VanBanPhapLuat/Attachments/7397/NQ242014CP.tif,https://www.customs.gov.vn/index.jsp?pageId=3&id=59554&cid=1294,2014,04/2014,2026-10-08T09:19:48Z
354,25/2014/NĐ-CP,07/04/2014,Chính phủ,"Nghị định 25/2014/NĐ-CP ngày 7/4/2014 của Chính phủ về phòng, chống tội phạm và vi phạm pháp luật khác có sử dụng công nghệ cao",59552,305,8,TONG_CUC,Nguyễn Tấn Dũng,22/05/2014,https://files.customs.gov.vn/van_ban_phap_luat/Lists/VanBanPhapLuat/Attachments/7383/ND252014CP.doc,https://www.customs.gov.vn/index.jsp?pageId=3&id=59552&cid=1294,2014,04/2014,2026-10-08T09:19:48Z
355,2731/BCT-KHCN,07/04/2014,null,Chỉ định tạm thời hoạt động thử nghiệm/ chứng nhận phân bón vô cơ,74656,305,16,DA_NANG,Nguyễn Đình Hiệp,07/04/2014,https://files.customs.gov.vn/DA_NANG/Uploads/65e32243-11bf-4695-985d-c1563e8c13ba/1_2731-07.4.2014 chi dinh hd thu nghiem phan bon.tif,https://www.customs.gov.vn/index.jsp?pageId=3&id=74656&cid=1294,2014,04/2014,2026-10-08T09:19:48Z
356,3616-3693/TB-TCHQ,07/04/2014,null,"Thông báo kết quả phân loại đối với hàng hóa xuất khẩu, nhập khẩu",74657,305,18,DA_NANG,Hoàng Việt Cường,07/04/2014,https://files.customs.gov.vn/DA_NANG/Uploads/65e32243-11bf-4695-985d-c1563e8c13ba/3616-3693.tif,https://www.customs.gov.vn/index.jsp?pageId=3&id=74657&cid=1294,2014,04/2014,2026-10-08T09:19:48Z
357,3622/TCHQ-GSQL,07/04/2014,null,Về việc thủ tục hải quan đối với hàng hóa có xuất xứ từ Lào NK theo hạn ngạch thuế quan năm 2014,74658,305,16,DA_NANG,Nguyễn Dương Thái,07/04/2014,https://files.customs.gov.vn/DA_NANG/Uploads/65e32243-11bf-4695-985d-c1563e8c13ba/3622 TTHQ hang NK tu Lao theo HNTQ 2014.tif,https://www.customs.gov.vn/index.jsp?pageId=3&id=74658&cid=1294,2014,04/2014,2026-10-08T09:19:48Z
358,3668/TCHQ-KTSTQ,07/04/2014,Tổng cục hải quan,V/v Hoàn thuế nhập khẩu (Công ty TNHH Đầu tư và phát triển Silver Shores),62648,305,16,DONG_NAI,null,null,,https://www.customs.gov.vn/index.jsp?pageId=3&id=62648&cid=1294,2014,04/2014,2026-10-08T09:19:48Z
359,15/2014/TT-BCA,04/04/2014,Bộ Công an,Thông tư quy định về đăng ký xe.,53390,305,4,TP_HO_CHI_MINH,Trần Đại Quang,04/04/2014,https://files.customs.gov.vn/CustomsCMS/TP_HO_CHI_MINH/2020/Web/Data/DocumentAttachments/15_2014_TT-BCA_229224.doc,https://www.customs.gov.vn/index.jsp?pageId=3&id=53390&cid=1294,2014,04/2014,2026-10-08T09:19:48Z
360,23/NQ-CP,04/04/2014,Chính phủ,Nghị quyết 23/NQ-CP ngày 04/04/2014 của Chính Phủ về phiên họp Chính phủ thường ký tháng 3 năm 2014,59550,305,7,TONG_CUC,Nguyễn Tấn Dũng,04/04/2014,https://files.customs.gov.vn/van_ban_phap_luat/Lists/VanBanPhapLuat/Attachments/7375/NQ232014CP.doc,https://www.customs.gov.vn/index.jsp?pageId=3&id=59550&cid=1294,2014,04/2014,2026-10-08T09:19:48Z
361,24/2014/NĐ-CP,04/04/2014,Chính phủ,"Nghị quyết 24/2014/NĐ-CP ngày 4/4/2014 của Chính phủ quy định tổ chức cơ quan chuyên môn thuộc Ủy ban nhân dân tỉnh, thành phố trực thuộc Trung ương",59551,305,7,TONG_CUC,Nguyễn Tấn Dũng,20/05/2014,https://files.customs.gov.vn/van_ban_phap_luat/Lists/VanBanPhapLuat/Attachments/7380/NQ242014CP.pdf,https://www.customs.gov.vn/index.jsp?pageId=3&id=59551&cid=1294,2014,04/2014,2026-10-08T09:19:48Z
362,386/GSQL-GQ1,04/04/2014,null,Về việc thực hiện công văn số 1375/VPCP-KTTH,74653,305,16,DA_NANG,Ngô Minh Hải,04/04/2014,https://files.customs.gov.vn/DA_NANG/Uploads/65e32243-11bf-4695-985d-c1563e8c13ba/386 tang cuong KTKS XK gao 2014.tif,https://www.customs.gov.vn/index.jsp?pageId=3&id=74653&cid=1294,2014,04/2014,2026-10-08T09:19:48Z
363,629/HQĐNa-GSQL,04/04/2014,Cục Hải Quan tỉnh Đồng Nai,Trả lời Công ty TNHH Fujiya Manufacturing Việt Nam v/v nhập khẩu mặt hàng dầu mã HS 2710 1943,64812,305,18,DONG_NAI,null,null,https://files.customs.gov.vn/DONG_NAI//Data/Cv_Hqdn/629_HQDNa_GSQL_04_04_2014.pdf,https://www.customs.gov.vn/index.jsp?pageId=3&id=64812&cid=1294,2014,04/2014,2026-10-08T09:19:48Z
364,3512/TCHQ-GSQL,03/04/2014,null,Cấp giấy phép CITES tái xuất khẩu,74652,305,16,DA_NANG,Nguyễn Dương Thái,03/04/2014,https://files.customs.gov.vn/DA_NANG/Uploads/65e32243-11bf-4695-985d-c1563e8c13ba/3512 cap GP Cites tai XK go trac thang 4-14.tif,https://www.customs.gov.vn/index.jsp?pageId=3&id=74652&cid=1294,2014,04/2014,2026-10-08T09:19:48Z
365,3521/TCHQ-TXNK,03/04/2014,Tổng cục hải quan,V/v Thời hạn nộp thuế và chứng từ thanh toán NLVT NK SXXK (HQ Hải Phòng; Công ty TNHH Nữ Trang D&Q),62650,305,18,DONG_NAI,null,null,,https://www.customs.gov.vn/index.jsp?pageId=3&id=62650&cid=1294,2014,04/2014,2026-10-08T09:19:48Z
366,3523/TCHQ-TXNK,03/04/2014,Tổng cục hải quan,V/v Hoàn thuế NK đối với hàng hóa nhập khẩu bán cho DNCX (Công ty TNHH Thiết bị KHKT Đức Minh),62649,305,18,DONG_NAI,null,null,,https://www.customs.gov.vn/index.jsp?pageId=3&id=62649&cid=1294,2014,04/2014,2026-10-08T09:19:48Z
367,3530-3603/TB-TCHQ,03/04/2014,null,"Thông báo kết quả phân loại đối với hàng hóa XK, NK",74651,305,18,DA_NANG,Hoàng Việt Cường,03/04/2014,https://files.customs.gov.vn/DA_NANG/Uploads/65e32243-11bf-4695-985d-c1563e8c13ba/3530-3603.tif,https://www.customs.gov.vn/index.jsp?pageId=3&id=74651&cid=1294,2014,04/2014,2026-10-08T09:19:48Z
368,502/TB-HQCT,03/04/2014,null,"THÔNG BÁO
Tiếp nhận công chức xin chuyển ngành vào Cục Hải quan thành phố Cần Thơ năm 2014",67358,305,18,CAN_THO,null,03/04/2014,https://files.customs.gov.vn/CAN_THO/di2014_12_502_tb-hqct.PDF,https://www.customs.gov.vn/index.jsp?pageId=3&id=67358&cid=1294,2014,04/2014,2026-10-08T09:19:48Z
369,610/HQĐNa-GSQL,03/04/2014,Cục Hải Quan tỉnh Đồng Nai,Trả lời Công ty TNHH Vopak VN về thủ tục hải quan trong kho ngoại quan,64813,305,18,DONG_NAI,null,null,https://files.customs.gov.vn/DONG_NAI//Data/Cv_Hqdn/610_HQDNa_GSQL_03_04_2014.pdf,https://www.customs.gov.vn/index.jsp?pageId=3&id=64813&cid=1294,2014,04/2014,2026-10-08T09:19:48Z
370,3442/TCHQ-GSQL,02/04/2014,null,Về việc vướng mắc khi thực hiện công văn số 1881/BTC-TCHQ ngày 13/02/2014,74648,305,16,DA_NANG,Vũ Ngọc Anh,02/04/2014,https://files.customs.gov.vn/DA_NANG/Uploads/65e32243-11bf-4695-985d-c1563e8c13ba/3442 vuong mac CV 1881BTC hang cung ung cho tau bien TNTX thang 4-14.tif,https://www.customs.gov.vn/index.jsp?pageId=3&id=74648&cid=1294,2014,04/2014,2026-10-08T09:19:48Z
371,1074/QÐ-TCHQ,02/04/2014,Tổng cục hải quan,"Quyết định 1074/QĐ-TCHQ năm 2014 về Quy trình quản lý nợ thuế, nợ tiền chậm nộp, nợ phạt đối với hàng hóa xuất, nhập khẩu do Tổng cục trưởng Tổng cục Hải quan ban hành",56296,305,10,TP_HO_CHI_MINH,Hoàng Việt Cường,02/04/2014,https://files.customs.gov.vn/CustomsCMS/TP_HO_CHI_MINH/2020/Web/Data/DocumentAttachments/1074_QD-TCHQ_225254.doc,https://www.customs.gov.vn/index.jsp?pageId=3&id=56296&cid=1294,2014,04/2014,2026-10-08T09:19:48Z
372,3443/TCHQ-GSQL,02/04/2014,Tổng cục hải quan,V/v Thủ tục tái xuất và nhập khẩu tại chỗ lô hàng thử nghiệm (Công ty TNHH TM và ĐT Minh Giang),62651,305,18,DONG_NAI,null,null,,https://www.customs.gov.vn/index.jsp?pageId=3&id=62651&cid=1294,2014,04/2014,2026-10-08T09:19:48Z
373,3445-3493/TB-TCHQ,02/04/2014,null,"Thông báo kết quả phân loại đối với hàng hóa XK, NK",74650,305,18,DA_NANG,Hoàng Việt Cường,02/04/2014,https://files.customs.gov.vn/DA_NANG/Uploads/65e32243-11bf-4695-985d-c1563e8c13ba/3445-3493.tif,https://www.customs.gov.vn/index.jsp?pageId=3&id=74650&cid=1294,2014,04/2014,2026-10-08T09:19:48Z
374,3503/TCHQ-VNACCS,02/04/2014,Tổng cục hải quan,Công văn số 3503/TCHQ-VNACCS ngày 2/4/2014 của Tổng cục Hải quan về việc Hướng dẫn thực hiện triển khai hệ thống VNACCS/VCIS,59555,305,16,TONG_CUC,Nguyễn Ngọc Túc,02/04/2014,https://files.customs.gov.vn/van_ban_phap_luat/Lists/VanBanPhapLuat/Attachments/7409/CV3503TCHQ-VNACCS.tif,https://www.customs.gov.vn/index.jsp?pageId=3&id=59555&cid=1294,2014,04/2014,2026-10-08T09:19:48Z
375,372/GSQL-GQ2,02/04/2014,Tổng cục hải quan,V/v Địa điểm làm thủ tục hải quan (Công ty CP Phân bón và Hóa chất Cần Thơ),62652,305,18,DONG_NAI,null,null,,https://www.customs.gov.vn/index.jsp?pageId=3&id=62652&cid=1294,2014,04/2014,2026-10-08T09:19:48Z
376,4126/BTC-CST,02/04/2014,null,Về việc gia hạn thực hiện Thông tư 207/2012/TT-BTC,74649,305,16,DA_NANG,Vũ Thị Mai,02/04/2014,https://files.customs.gov.vn/DA_NANG/Uploads/65e32243-11bf-4695-985d-c1563e8c13ba/4126 gia han thuc hien TT 207-2012-BTC thang 4-14.tif,https://www.customs.gov.vn/index.jsp?pageId=3&id=74649&cid=1294,2014,04/2014,2026-10-08T09:19:48Z
377,603/HQĐNa-GSQL,02/04/2014,Cục Hải Quan tỉnh Đồng Nai,"V/v Nhập khẩu dầu, mỡ bôi trơn phục vụ sản xuất của doanh nghiệp FDI",64815,305,18,DONG_NAI,null,null,https://files.customs.gov.vn/DONG_NAI//Data/Cv_Hqdn/603_HQDNa_GSQL_02_04_2014.pdf,https://www.customs.gov.vn/index.jsp?pageId=3&id=64815&cid=1294,2014,04/2014,2026-10-08T09:19:48Z
378,606/HQĐNa-GSQL,02/04/2014,Cục Hải Quan tỉnh Đồng Nai,"V/v Hoàn thiện cơ sở hạ tầng, vật chất, kỹ thuật, hoàn chỉnh hồ sơ thành lập KNQ (Công ty TNHH Logistics Sojitz Việt Nam)",64814,305,18,DONG_NAI,null,null,https://files.customs.gov.vn/DONG_NAI//Data/Cv_Hqdn/606_HQDNa_GSQL_02_04_2014.pdf,https://www.customs.gov.vn/index.jsp?pageId=3&id=64814&cid=1294,2014,04/2014,2026-10-08T09:19:48Z
379,3390/TCHQ-TXNK,01/04/2014,null,"V/v phân loại cục nóng, cục lạnh máy điều hòa không khí",74643,305,16,DA_NANG,Hoàng Việt Cường,01/04/2014,https://files.customs.gov.vn/DA_NANG/Uploads/65e32243-11bf-4695-985d-c1563e8c13ba/3390.tif,https://www.customs.gov.vn/index.jsp?pageId=3&id=74643&cid=1294,2014,04/2014,2026-10-08T09:19:48Z
380,3391/TCHQ-TXNK,01/04/2014,Tổng cục hải quan,V/v Vướng mắc về chính sách thuế (HQ Hải Phòng; Công ty TNHH Phát triển nhà Bình Lương),62653,305,18,DONG_NAI,null,null,,https://www.customs.gov.vn/index.jsp?pageId=3&id=62653&cid=1294,2014,04/2014,2026-10-08T09:19:48Z
381,3424/TB-TCHQ,01/04/2014,null,"V/v đính chính một số Thông báo kết quả phân loại đối với hàng hóa XK, NK",74645,305,18,DA_NANG,Hoàng Việt Cường,01/04/2014,https://files.customs.gov.vn/DA_NANG/Uploads/65e32243-11bf-4695-985d-c1563e8c13ba/3424.tif,https://www.customs.gov.vn/index.jsp?pageId=3&id=74645&cid=1294,2014,04/2014,2026-10-08T09:19:48Z
382,4719/BCT-KHCN,30/05/2014,null,Chuẩn bị triển khai Thông tư liên tịch 44/2013/TTLT-BCT-BKHCN,74769,305,16,DA_NANG,Cao Quốc Hưng,30/05/2014,https://files.customs.gov.vn/DA_NANG/Uploads/65e32243-11bf-4695-985d-c1563e8c13ba/4719 trien khai TTLT 44-2013-BCT-BKHCN thang 5-14.tif,https://www.customs.gov.vn/index.jsp?pageId=3&id=74769&cid=1294,2014,05/2014,2026-10-08T09:19:48Z
383,6278/TCHQ-GSQL,30/05/2014,null,Về việc thực hiện thông tư 19/2014/TT-BTC,74767,305,16,DA_NANG,Vũ Ngọc Anh,30/05/2014,https://files.customs.gov.vn/DA_NANG/Uploads/65e32243-11bf-4695-985d-c1563e8c13ba/6278 thu tuc CN xe theo TT19-2014 thang 5-14.tif,https://www.customs.gov.vn/index.jsp?pageId=3&id=74767&cid=1294,2014,05/2014,2026-10-08T09:19:48Z
384,4719/BCT-KHCN,30/05/2014,Bộ Công thương,V/v Chuẩn bị triển khai Thông tư liên tịch 44/2013/TTLT-BCT-BKHCN,63029,305,18,DONG_NAI,null,null,https://files.customs.gov.vn/DONG_NAI//Data/CV_BCT/4719_BCT_KHCN_30_05_2014.pdf,https://www.customs.gov.vn/index.jsp?pageId=3&id=63029&cid=1294,2014,05/2014,2026-10-08T09:19:48Z
385,6190/TCHQ-GSQL,30/05/2014,Tổng cục hải quan,"V/v Mua phế liệu, phế thải của DNCX để xuất khẩu (Công ty TNHH Tes-Amm (Việt Nam))",63033,305,18,DONG_NAI,null,null,,https://www.customs.gov.vn/index.jsp?pageId=3&id=63033&cid=1294,2014,05/2014,2026-10-08T09:19:48Z
386,6255-6355/TB-TCHQ,30/05/2014,null,"Thông báo kết quả phân loại đối với hàng hóa XK, NK",74766,305,18,DA_NANG,Hoàng Việt Cường,30/05/2014,https://files.customs.gov.vn/DA_NANG/Uploads/65e32243-11bf-4695-985d-c1563e8c13ba/6255-6355.tif,https://www.customs.gov.vn/index.jsp?pageId=3&id=74766&cid=1294,2014,05/2014,2026-10-08T09:19:48Z
387,6275/TCHQ-VP,30/05/2014,Tổng cục hải quan,Công văn số 6275/TCHQ-VP V/v đính chính công văn,58546,305,16,TP_HO_CHI_MINH,Lê Xuân Huế,30/05/2014,"https://files.customs.gov.vn/CustomsCMS/TP_HO_CHI_MINH/2020/Web/Data/DocumentAttachments/6275_TCHQ-VP_232534.pdf,/CustomsCMS/TP_HO_CHI_MINH/2020/Web/Data/DocumentAttachments/Mau_01-LHT_Lenh_hoan_tra_khoan_thu_NSNN.doc,/CustomsCMS/TP_HO_CHI_MINH/2020/Web/Data/DocumentAttachments/Mau_C1-04-Lenh_hoan_tra.doc",https://www.customs.gov.vn/index.jsp?pageId=3&id=58546&cid=1294,2014,05/2014,2026-10-08T09:19:48Z
388,6325/TCHQ-TXNK,30/05/2014,Tổng cục hải quan,V/v Phân loại hàng hóa (Công ty TNHH TMDP Đông Á),63031,305,18,DONG_NAI,null,null,,https://www.customs.gov.vn/index.jsp?pageId=3&id=63031&cid=1294,2014,05/2014,2026-10-08T09:19:48Z
389,659/GSQL-GQ2,30/05/2014,Tổng cục hải quan,V/v Vướng mắc về hồ sơ thanh khoản NVL (Công ty TNHH Jin Sung Việt Nam),63032,305,18,DONG_NAI,null,null,,https://www.customs.gov.vn/index.jsp?pageId=3&id=63032&cid=1294,2014,05/2014,2026-10-08T09:19:48Z
390,671/GSQL-GQ1,30/05/2014,null,Thông báo hướng dẫn của Bộ Công thương đối với trường hợp các DN nhập khẩu ô tô không có giấy ủy quyền,74770,305,16,DA_NANG,Âu Anh Tuấn,30/05/2014,https://files.customs.gov.vn/DA_NANG/Uploads/65e32243-11bf-4695-985d-c1563e8c13ba/671 DN NK o to ko co uy quyen theo TT 20BCT thang 5-14.tif,https://www.customs.gov.vn/index.jsp?pageId=3&id=74770&cid=1294,2014,05/2014,2026-10-08T09:19:48Z
391,7185/BTC-TCHQ,30/05/2014,Bộ Tài chính,V/v Vướng mắc hoàn thuế GTGT (Công ty cổ phần Trí Nguyên Vina),63030,305,18,DONG_NAI,null,null,,https://www.customs.gov.vn/index.jsp?pageId=3&id=63030&cid=1294,2014,05/2014,2026-10-08T09:19:48Z
392,6148/TCHQ-VP,29/05/2014,null,"Về việc triển khai các biện pháp hỗ trợ, tạo thuận lợi thủ tục hải quan, quản lý thuế đối với các doanh nghiệp bị thiệt hại",74763,305,16,DA_NANG,Lê Xuân Huế,29/05/2014,https://files.customs.gov.vn/DA_NANG/Uploads/65e32243-11bf-4695-985d-c1563e8c13ba/6148.tif,https://www.customs.gov.vn/index.jsp?pageId=3&id=74763&cid=1294,2014,05/2014,2026-10-08T09:19:48Z
393,6122/TCHQ-TXNK,29/05/2014,Tổng cục hải quan,"V/v Thời hạn nộp hồ sơ hoàn thuế, không thu thuế (Công ty TNHH Thủy sản Phát triển)",63034,305,18,DONG_NAI,null,null,,https://www.customs.gov.vn/index.jsp?pageId=3&id=63034&cid=1294,2014,05/2014,2026-10-08T09:19:48Z
394,6129-6145;6156-6173;6175;6216-6254;6259-6261/TB-TCHQ,29/05/2014,null,"Thông báo kết quả phân loại hàng hóa XK, NK",74759,305,18,DA_NANG,Hoàng Việt Cường,29/05/2014,https://files.customs.gov.vn/DA_NANG/Uploads/65e32243-11bf-4695-985d-c1563e8c13ba/6129-6145;6156-6173;6175;6216-6254;6259-6261.tif,https://www.customs.gov.vn/index.jsp?pageId=3&id=74759&cid=1294,2014,05/2014,2026-10-08T09:19:48Z
395,6176/TCHQ-TXNK,29/05/2014,null,V/v hướng dẫn phân loại mặt hàng Đại táo,74760,305,18,DA_NANG,Hoàng Việt Cường,29/05/2014,https://files.customs.gov.vn/DA_NANG/Uploads/65e32243-11bf-4695-985d-c1563e8c13ba/6176.tif,https://www.customs.gov.vn/index.jsp?pageId=3&id=74760&cid=1294,2014,05/2014,2026-10-08T09:19:48Z
396,6007/TCHQ-GSQL,28/05/2014,null,NK mặt hàng thuốc lào Ả Rập (Shisha),74757,305,16,DA_NANG,Vũ Ngọc Anh,28/05/2014,https://files.customs.gov.vn/DA_NANG/Uploads/65e32243-11bf-4695-985d-c1563e8c13ba/6007 NK thuoc lao Arap - shisa thang 5-14.tif,https://www.customs.gov.vn/index.jsp?pageId=3&id=74757&cid=1294,2014,05/2014,2026-10-08T09:19:48Z
397,813/QĐ-TTG,28/05/2014,null,"Quyết định v/v nâng cấp cửa khẩu La Lay, tỉnh Quảng Trị từ cửa khẩu quốc gia lên cửa khẩu quốc tế",74754,305,10,DA_NANG,Nguyễn Tấn Dũng,28/05/2014,https://files.customs.gov.vn/DA_NANG/Uploads/65e32243-11bf-4695-985d-c1563e8c13ba/QD 813-2014-TTg CK La Lay len CK QTe.tif,https://www.customs.gov.vn/index.jsp?pageId=3&id=74754&cid=1294,2014,05/2014,2026-10-08T09:19:48Z
398,1050/HQĐNa-GSQL,28/05/2014,Cục Hải Quan tỉnh Đồng Nai,V/v Mất dữ liệu phần mềm khai báo hải quan (Công ty TNHH Chi Well Fasteners),64767,305,18,DONG_NAI,null,null,https://files.customs.gov.vn/DONG_NAI//Data/Cv_Hqdn/1050_HQDNa_GSQL_28_05_2014.pdf,https://www.customs.gov.vn/index.jsp?pageId=3&id=64767&cid=1294,2014,05/2014,2026-10-08T09:19:48Z
399,1059/HQĐNa-ĐKS,28/05/2014,Cục Hải Quan tỉnh Đồng Nai,V/v Cấp mã địa điểm,64766,305,18,DONG_NAI,null,null,https://files.customs.gov.vn/DONG_NAI//Data/Cv_Hqdn/1059_HQDNa_DKS_28_05_2014.pdf,https://www.customs.gov.vn/index.jsp?pageId=3&id=64766&cid=1294,2014,05/2014,2026-10-08T09:19:48Z
400,1070/HQĐNa-GSQL,28/05/2014,Cục Hải Quan tỉnh Đồng Nai,Trả lời Công ty TNHH GSK Việt Nam v/v vướng mắc khi thực hiện Thông tư liên tịch 44/2013/TTLT-BCT-BKHCN,64763,305,18,DONG_NAI,null,null,https://files.customs.gov.vn/DONG_NAI//Data/Cv_Hqdn/1070_HQDNa_GSQL_28_05_2014.pdf,https://www.customs.gov.vn/index.jsp?pageId=3&id=64763&cid=1294,2014,05/2014,2026-10-08T09:19:48Z
401,347/QĐ-HQĐNa,28/05/2014,Cục Hải Quan tỉnh Đồng Nai,"V/v Áp dụng biện pháp cưỡng chế dừng làm thủ tục hải quan đối với hàng hóa xuất khẩu, nhập khẩu",64765,305,10,DONG_NAI,null,null,https://files.customs.gov.vn/DONG_NAI//Data/Cv_Hqdn/347_QD_HQDNa_28_05_2014.pdf,https://www.customs.gov.vn/index.jsp?pageId=3&id=64765&cid=1294,2014,05/2014,2026-10-08T09:19:48Z
402,348/QĐ-HQĐNa,28/05/2014,Cục Hải Quan tỉnh Đồng Nai,"V/v Áp dụng biện pháp cưỡng chế dừng làm thủ tục hải quan đối với hàng hóa xuất khẩu, nhập khẩu",64764,305,10,DONG_NAI,null,null,https://files.customs.gov.vn/DONG_NAI//Data/Cv_Hqdn/348_QD_HQDNa_28_05_2014.pdf,https://www.customs.gov.vn/index.jsp?pageId=3&id=64764&cid=1294,2014,05/2014,2026-10-08T09:19:48Z
403,4582/BCT-XNK,28/05/2014,Bộ Công thương,"Công văn số 4582/BCT-XNK V/v tháo gỡ khó khăn, vướng mắc của doanh nghiệp nhập khẩu ô tô không có giấy ủy quyền",52483,305,16,TP_HO_CHI_MINH,Trần Tuấn Anh,28/05/2014,https://files.customs.gov.vn/CustomsCMS/TP_HO_CHI_MINH/2020/Web/Data/DocumentAttachments/4582_BCT-XNK_232517.doc,https://www.customs.gov.vn/index.jsp?pageId=3&id=52483&cid=1294,2014,05/2014,2026-10-08T09:19:48Z
404,6006/TCHQ-GSQL,28/05/2014,Tổng cục hải quan,Công văn số 6006/TCHQ-GSQL V/v hướng dẫn xác nhận trên tờ khai VNACCS,55526,305,16,TP_HO_CHI_MINH,Vũ Ngọc Anh,28/05/2014,https://files.customs.gov.vn/CustomsCMS/TP_HO_CHI_MINH/2020/Web/Data/DocumentAttachments/6006_TCHQ-GSQL_232064.doc,https://www.customs.gov.vn/index.jsp?pageId=3&id=55526&cid=1294,2014,05/2014,2026-10-08T09:19:48Z
405,6014-6058/TB-TCHQ,28/05/2014,null,"Thông báo kết quả phân loại hàng hóa XK, NK",74758,305,18,DA_NANG,Hoàng Việt Cường,28/05/2014,https://files.customs.gov.vn/DA_NANG/Uploads/65e32243-11bf-4695-985d-c1563e8c13ba/6014-6058.tif,https://www.customs.gov.vn/index.jsp?pageId=3&id=74758&cid=1294,2014,05/2014,2026-10-08T09:19:48Z
406,6111/TCHQ-TXNK,28/05/2014,Tổng cục hải quan,V/v Thuế GTGT đã nộp với mặt hàng ngô hạt nhập khẩu (Công ty cổ phần đầu tư SPG),63035,305,18,DONG_NAI,null,null,,https://www.customs.gov.vn/index.jsp?pageId=3&id=63035&cid=1294,2014,05/2014,2026-10-08T09:19:48Z
407,5992/TCHQ-GSQL,27/05/2014,null,"Hóa chất NK kèm theo trang thiết bị y tế là các chất ma túy, tiền chất dùng trong phòng thí nghiệm",74751,305,16,DA_NANG,Vũ Ngọc Anh,27/05/2014,https://files.customs.gov.vn/DA_NANG/Uploads/65e32243-11bf-4695-985d-c1563e8c13ba/5992 NH hoa chat kem theo trang thiet bi y te la ma tuy - tien chat thang 5-14.tif,https://www.customs.gov.vn/index.jsp?pageId=3&id=74751&cid=1294,2014,05/2014,2026-10-08T09:19:48Z
408,5993/TCHQ-GSQL,27/05/2014,null,Thanh lý tài sản của DNCX,74752,305,16,DA_NANG,Vũ Ngọc Anh,27/05/2014,https://files.customs.gov.vn/DA_NANG/Uploads/65e32243-11bf-4695-985d-c1563e8c13ba/5993 thanh ly tai san -DNCX ban cho DNCX khac thang 5-14.tif,https://www.customs.gov.vn/index.jsp?pageId=3&id=74752&cid=1294,2014,05/2014,2026-10-08T09:19:48Z
409,1042/HQĐNa-ĐKS,27/05/2014,Cục Hải Quan tỉnh Đồng Nai,V/v Cấp mã địa điểm,64768,305,18,DONG_NAI,null,null,https://files.customs.gov.vn/DONG_NAI//Data/Cv_Hqdn/1042_HQDNa_DKS_27_05_2014.pdf,https://www.customs.gov.vn/index.jsp?pageId=3&id=64768&cid=1294,2014,05/2014,2026-10-08T09:19:48Z
410,6862/BTC-TCHQ,26/05/2014,null,"Xử lý xe mang biển số nước ngoài, biển số ngoại giao đã chuyển nhượng, sử dụng không đúng quy định",74750,305,16,DA_NANG,Đỗ Hoàng Anh Tuấn,26/05/2014,https://files.customs.gov.vn/DA_NANG/Uploads/65e32243-11bf-4695-985d-c1563e8c13ba/6862 xu ly xe NG CN ko dung quy dinh thang 5-14.tif,https://www.customs.gov.vn/index.jsp?pageId=3&id=74750&cid=1294,2014,05/2014,2026-10-08T09:19:48Z
411,6863/BTC-TCHQ,26/05/2014,null,"Xử ký xe ô tô, xe hai bánh gắn máy của đối tượng được hưởng quyền ưu đãi miễn trừ tại VN đã tạm nhập khẩu trước ngày 01/11/2013",74749,305,16,DA_NANG,Đỗ Hoàng Anh Tuấn,26/05/2014,https://files.customs.gov.vn/DA_NANG/Uploads/65e32243-11bf-4695-985d-c1563e8c13ba/6863 xu ly xe o to xe may TN truoc 01-11-2013 thang 5-14.tif,https://www.customs.gov.vn/index.jsp?pageId=3&id=74749&cid=1294,2014,05/2014,2026-10-08T09:19:48Z
412,5935/TCHQ-GSQL,26/05/2014,null,Chấn chỉnh việc làm thủ tục NK gỗ và công tác quản lý hải quan hàng hóa XK liên quan đén hoàn thuế GTGT,74747,305,16,DA_NANG,Nguyễn Đức Nga,26/05/2014,https://files.customs.gov.vn/DA_NANG/Uploads/65e32243-11bf-4695-985d-c1563e8c13ba/5935 chan chinh lam TTNK go va qly hang XK thang 5-14.tif,https://www.customs.gov.vn/index.jsp?pageId=3&id=74747&cid=1294,2014,05/2014,2026-10-08T09:19:48Z
413,604/GSQL-GQ3,23/05/2014,null,Triển khai sử dụng Hệ thống E.manifest,74746,305,16,DA_NANG,Nguyễn Anh Tuấn,23/05/2014,https://files.customs.gov.vn/DA_NANG/Uploads/65e32243-11bf-4695-985d-c1563e8c13ba/604 trien khai e-manifest thang 5-14.tif,https://www.customs.gov.vn/index.jsp?pageId=3&id=74746&cid=1294,2014,05/2014,2026-10-08T09:19:48Z
414,23/VBHN-BCT,23/05/2014,null,Thông tư quy định thủ tục cấp Giấy chứng nhận xuất xứ hàng hóa ưu đãi,67380,305,18,CAN_THO,null,23/05/2014,https://files.customs.gov.vn/CAN_THO/_VBHN23BCT[1].pdf,https://www.customs.gov.vn/index.jsp?pageId=3&id=67380&cid=1294,2014,05/2014,2026-10-08T09:19:48Z
415,5856/TCHQ-GSQL,23/05/2014,Tổng cục hải quan,V/v Tái xuất trả nguyên vật liệu gia công (Công ty Giày Rieker Việt Nam),63036,305,18,DONG_NAI,null,null,,https://www.customs.gov.vn/index.jsp?pageId=3&id=63036&cid=1294,2014,05/2014,2026-10-08T09:19:48Z
416,1014/HQĐNa-ĐKS,22/05/2014,Cục Hải Quan tỉnh Đồng Nai,V/v Cấp mã địa điểm,64769,305,18,DONG_NAI,null,null,https://files.customs.gov.vn/DONG_NAI//Data/Cv_Hqdn/1014_HQDNa_DKS_22_05_2014.pdf,https://www.customs.gov.vn/index.jsp?pageId=3&id=64769&cid=1294,2014,05/2014,2026-10-08T09:19:48Z
417,5759-5907/TB-TCHQ,22/05/2014,null,"Thông báo kết quả phân loại đối với hàng hóa xuất khẩu, nhập khẩu",74745,305,18,DA_NANG,Hoàng Việt Cường,22/05/2014,https://files.customs.gov.vn/DA_NANG/Uploads/65e32243-11bf-4695-985d-c1563e8c13ba/5759-5907.tif,https://www.customs.gov.vn/index.jsp?pageId=3&id=74745&cid=1294,2014,05/2014,2026-10-08T09:19:48Z
418,5764/TB-TCHQ,22/05/2014,null,Thông báo về kết quả xác định trước mã số,74744,305,18,DA_NANG,Hoàng Việt Cường,22/05/2014,https://files.customs.gov.vn/DA_NANG/Uploads/65e32243-11bf-4695-985d-c1563e8c13ba/5764.tif,https://www.customs.gov.vn/index.jsp?pageId=3&id=74744&cid=1294,2014,05/2014,2026-10-08T09:19:48Z
419,1010/HQĐNa-ĐKS,21/05/2014,Cục Hải Quan tỉnh Đồng Nai,V/v Cấp mã địa điểm tập kết hàng xuất khẩu,64770,305,18,DONG_NAI,null,null,https://files.customs.gov.vn/DONG_NAI//Data/Cv_Hqdn/1010_HQDNa_DKS_21_05_2014.pdf,https://www.customs.gov.vn/index.jsp?pageId=3&id=64770&cid=1294,2014,05/2014,2026-10-08T09:19:48Z
420,5659-5725/TB-TCHQ,21/05/2014,null,"Thông báo kết quả phân loại đối với hàng hóa xuất khẩu, nhập khẩu",74741,305,18,DA_NANG,Hoàng Việt Cường,21/05/2014,https://files.customs.gov.vn/DA_NANG/Uploads/65e32243-11bf-4695-985d-c1563e8c13ba/5659-5725.tif,https://www.customs.gov.vn/index.jsp?pageId=3&id=74741&cid=1294,2014,05/2014,2026-10-08T09:19:48Z
421,5717/TCHQ-VNACCS,21/05/2014,Tổng cục hải quan,V/v Giải đáp vướng mắc hệ thống VNACCS/VCIS  (Công ty TNHH hệ thống thiết bị UMW (Việt Nam)),62610,305,18,DONG_NAI,null,null,,https://www.customs.gov.vn/index.jsp?pageId=3&id=62610&cid=1294,2014,05/2014,2026-10-08T09:19:48Z
422,5720/TCHQ-TXNK,21/05/2014,Tổng cục hải quan,V/v Cung cấp thông tin thuế suất mặt hàng tấm trải sàn (Công ty TNHH TM & DV Tiến Phát Hưng),63038,305,18,DONG_NAI,null,null,,https://www.customs.gov.vn/index.jsp?pageId=3&id=63038&cid=1294,2014,05/2014,2026-10-08T09:19:48Z
423,5721/TCHQ-TXNK,21/05/2014,Tổng cục hải quan,V/v Phân loại máy chiếu hình  (HQ TP Hồ Chí Minh; Công ty Cổ phần Nguyễn Quân),63037,305,18,DONG_NAI,null,null,,https://www.customs.gov.vn/index.jsp?pageId=3&id=63037&cid=1294,2014,05/2014,2026-10-08T09:19:48Z
424,1002/HQĐNa-GSQL,20/05/2014,Cục Hải Quan tỉnh Đồng Nai,V/v Nhập khẩu vải mộc để sản xuất vải thành phẩm xuất khẩu (Công ty TNHH ULHWA Việt Nam),64773,305,18,DONG_NAI,null,null,https://files.customs.gov.vn/DONG_NAI//Data/Cv_Hqdn/1002_HQDNa_GSQL_20_05_2014.pdf,https://www.customs.gov.vn/index.jsp?pageId=3&id=64773&cid=1294,2014,05/2014,2026-10-08T09:19:48Z
425,1003/HQĐNa-GSQL,20/05/2014,Cục Hải Quan tỉnh Đồng Nai,V/v Thủ tục hỗ trợ doanh nghiệp trên địa bàn Đồng Nai,64772,305,18,DONG_NAI,null,null,https://files.customs.gov.vn/DONG_NAI//Data/Cv_Hqdn/1003_HQDNa_GSQL_20_05_2014.pdf,https://www.customs.gov.vn/index.jsp?pageId=3&id=64772&cid=1294,2014,05/2014,2026-10-08T09:19:48Z
426,1006/HQĐNa-GSQL,20/05/2014,Cục Hải Quan tỉnh Đồng Nai,Trả lời Công ty CP Cảng Đồng Nai v/v xin được sử dụng Forwarder Cargo Receipt làm chứng từ thực xuất,64771,305,18,DONG_NAI,null,null,https://files.customs.gov.vn/DONG_NAI//Data/Cv_Hqdn/1006_HQDNa_GSQL_20_05_2014.pdf,https://www.customs.gov.vn/index.jsp?pageId=3&id=64771&cid=1294,2014,05/2014,2026-10-08T09:19:48Z
427,207/TB-VPCP,20/05/2014,Chính phủ,"V/v Kết luận của Thủ tướng Chính phủ Nguyễn Tấn Dũng về việc giúp đỡ, hỗ trợ các doanh nghiệp khắc phục thiệt hại, sớm trở lại sản xuất kinh doanh",62611,305,19,DONG_NAI,null,null,https://files.customs.gov.vn/DONG_NAI//Data/Nghi_dinh/207_TB_VPCP_20_05_2014.pdf,https://www.customs.gov.vn/index.jsp?pageId=3&id=62611&cid=1294,2014,05/2014,2026-10-08T09:19:48Z
428,5622/TCHQ-TXNK,20/05/2014,null,V/v vướng mắc Thông tư 128/2013/TT-BTC,74737,305,16,DA_NANG,Hoàng Việt Cường,20/05/2014,https://files.customs.gov.vn/DA_NANG/Uploads/65e32243-11bf-4695-985d-c1563e8c13ba/5622.tif,https://www.customs.gov.vn/index.jsp?pageId=3&id=74737&cid=1294,2014,05/2014,2026-10-08T09:19:48Z
429,5630/TCHQ-QLRR,20/05/2014,Tổng cục hải quan,V/v Vướng mắc về thời hạn nộp thuế (Công ty TNHH phụ tùng xe mát ô tô Showa Việt Nam),62612,305,18,DONG_NAI,null,null,,https://www.customs.gov.vn/index.jsp?pageId=3&id=62612&cid=1294,2014,05/2014,2026-10-08T09:19:48Z
430,5644/TB-TCHQ,20/05/2014,null,"Thông báo đính chính Thông báo kết quả phân loại đối với hàng hóa xuất khẩu, nhập khẩu",74738,305,18,DA_NANG,Hoàng Việt Cường,20/05/2014,https://files.customs.gov.vn/DA_NANG/Uploads/65e32243-11bf-4695-985d-c1563e8c13ba/5644.tif,https://www.customs.gov.vn/index.jsp?pageId=3&id=74738&cid=1294,2014,05/2014,2026-10-08T09:19:48Z
431,4937/TCHQ-CCHĐH,19/05/2014,Tổng cục hải quan,Vướng mắc thực hiện TTHQ điện tử,61368,305,16,BA_RIA_VUNG_TAU,Vũ Ngọc Anh,19/05/2014,https://files.customs.gov.vn/BA_RIA_VUNG_TAU/uploads/document/618/4937 TCHQ-CCHDH Vuong mac thuc hien TTHQDT.tif,https://www.customs.gov.vn/index.jsp?pageId=3&id=61368&cid=1294,2014,05/2014,2026-10-08T09:19:48Z
432,5361-5456/TB-TCHQ,19/05/2014,null,"Thông báo kết quả phân loại đối với hàng hóa xuất khẩu, nhập khẩu",74735,305,18,DA_NANG,Hoàng Việt Cường,19/05/2014,https://files.customs.gov.vn/DA_NANG/Uploads/65e32243-11bf-4695-985d-c1563e8c13ba/5361-5456.tif,https://www.customs.gov.vn/index.jsp?pageId=3&id=74735&cid=1294,2014,05/2014,2026-10-08T09:19:48Z
433,5457-5621/TB-TCHQ,19/05/2014,null,"Thông báo kết quả phân loại đối với hàng hóa xuất khẩu, nhập khẩu",74734,305,18,DA_NANG,Hoàng Việt Cường,19/05/2014,https://files.customs.gov.vn/DA_NANG/Uploads/65e32243-11bf-4695-985d-c1563e8c13ba/5457-5621.tif,https://www.customs.gov.vn/index.jsp?pageId=3&id=74734&cid=1294,2014,05/2014,2026-10-08T09:19:48Z
434,5549/TCHQ-TXNK,19/05/2014,null,V/v xử lý thuế hàng NSXXK chuyển tiêu thụ nội địa,74733,305,16,DA_NANG,Hoàng Việt Cường,19/05/2014,https://files.customs.gov.vn/DA_NANG/Uploads/65e32243-11bf-4695-985d-c1563e8c13ba/5549.tif,https://www.customs.gov.vn/index.jsp?pageId=3&id=74733&cid=1294,2014,05/2014,2026-10-08T09:19:48Z
435,969/HQĐNa-ĐKS,16/05/2014,Cục Hải Quan tỉnh Đồng Nai,V/v Cấp mã địa điểm,64774,305,18,DONG_NAI,null,null,https://files.customs.gov.vn/DONG_NAI//Data/Cv_Hqdn/969_HQDNa_DKS_16_05_2014.pdf,https://www.customs.gov.vn/index.jsp?pageId=3&id=64774&cid=1294,2014,05/2014,2026-10-08T09:19:48Z
436,729/SCT-QLTM,15/05/2014,null,"Về việc thực hiện các quy định về thiết bị phát, thu truyền hình số mặt đất",74731,305,16,DA_NANG,Phan Văn Kha,15/05/2014,https://files.customs.gov.vn/DA_NANG/Uploads/65e32243-11bf-4695-985d-c1563e8c13ba/NK thiet bi thu - phat truyen hinh so mat dat thang 5-14.tif,https://www.customs.gov.vn/index.jsp?pageId=3&id=74731&cid=1294,2014,05/2014,2026-10-08T09:19:48Z
437,1010/QD-BTC,15/05/2014,null,Quyết định v/v sửa đổi mẫu tem xì gà NK,74847,305,16,DA_NANG,Đỗ Hoàng Anh Tuấn,01/07/2014,https://files.customs.gov.vn/DA_NANG/Uploads/65e32243-11bf-4695-985d-c1563e8c13ba/QD 1010 2014 BTC sua doi mau tem xi ga NK.tif,https://www.customs.gov.vn/index.jsp?pageId=3&id=74847&cid=1294,2014,05/2014,2026-10-08T09:19:48Z
438,1010/QÐ-BTC,15/05/2014,Bộ Tài chính,Quyết định về việc sửa đổi mẫu tem xì gà nhập khẩu,55106,305,10,TP_HO_CHI_MINH,Đỗ Hoàng Anh Tuấn,01/07/2014,"https://files.customs.gov.vn/CustomsCMS/TP_HO_CHI_MINH/2020/Web/Data/DocumentAttachments/1010_QD-BTC_230144.doc,/CustomsCMS/TP_HO_CHI_MINH/2020/Web/Data/DocumentAttachments/Mau_tem_xi_ga_nhap_khau_.doc",https://www.customs.gov.vn/index.jsp?pageId=3&id=55106&cid=1294,2014,05/2014,2026-10-08T09:19:48Z
439,6394/BTC-TCHQ,15/05/2014,null,"V/v thời hạn nộp hồ sơ hoàn thuế, không thu thuế",74732,305,16,DA_NANG,Đỗ Hoàng Anh Tuấn,15/05/2014,https://files.customs.gov.vn/DA_NANG/Uploads/65e32243-11bf-4695-985d-c1563e8c13ba/6394.tif,https://www.customs.gov.vn/index.jsp?pageId=3&id=74732&cid=1294,2014,05/2014,2026-10-08T09:19:48Z
440,947/HQĐNa-GSQL,15/05/2014,Cục Hải Quan tỉnh Đồng Nai,Trả lời Công ty TNHH Hưng Nghiệp Formosa v/v cách tính tỷ lệ hao hụt khi thông báo định mức của sản phẩm xuất khẩu,64778,305,18,DONG_NAI,null,null,https://files.customs.gov.vn/DONG_NAI//Data/Cv_Hqdn/947_HQDNa_GSQL_15_05_2014.pdf,https://www.customs.gov.vn/index.jsp?pageId=3&id=64778&cid=1294,2014,05/2014,2026-10-08T09:19:48Z
441,952/HQĐNa-GSQL,15/05/2014,Cục Hải Quan tỉnh Đồng Nai,Trả lời Công ty TNHH Hưng Nghiệp Formosa v/v vướng mắc khi thực hiện Thông tư liên tịch số 44/2013/TTLT-BCT-BKHCN,64777,305,18,DONG_NAI,null,null,https://files.customs.gov.vn/DONG_NAI//Data/Cv_Hqdn/952_HQDNa_GSQL_15_05_2014.pdf,https://www.customs.gov.vn/index.jsp?pageId=3&id=64777&cid=1294,2014,05/2014,2026-10-08T09:19:48Z
442,953/HQĐNa-GSQL,15/05/2014,Cục Hải Quan tỉnh Đồng Nai,Trả lời Công ty TNHH APL-NOL Việt Nam về việc xuất trình Bảng kê hàng hóa chuyển cửa khẩu từ CFS ra cửa khẩu xuất,64775,305,18,DONG_NAI,null,null,https://files.customs.gov.vn/DONG_NAI//Data/Cv_Hqdn/953_HQDNa_GSQL_15_05_2014.pdf,https://www.customs.gov.vn/index.jsp?pageId=3&id=64775&cid=1294,2014,05/2014,2026-10-08T09:19:48Z
443,5232/TCHQ-VNACCS,14/05/2014,Tổng cục hải quan,V/v Hướng dẫn khai báo trên hệ thống VNACCS (Tổng Công ty Đức Giang - CTCP),62614,305,18,DONG_NAI,null,null,https://files.customs.gov.vn/DONG_NAI//Data/CV_TCHQ/5232_TCHQ_VNACCS_14_05_2014.pdf,https://www.customs.gov.vn/index.jsp?pageId=3&id=62614&cid=1294,2014,05/2014,2026-10-08T09:19:48Z
444,5236/TCHQ-GSQL,14/05/2014,Tổng cục hải quan,"V/v Giám định, phân tích phân loại khoáng sản xuất khẩu (Công ty TNHH TM Tân Quang Cường)",62613,305,16,DONG_NAI,null,null,,https://www.customs.gov.vn/index.jsp?pageId=3&id=62613&cid=1294,2014,05/2014,2026-10-08T09:19:48Z
445,5237-5254/TB-TCHQ,14/05/2014,null,"Thông báo về kết quả phân loại đối với hàng hóa xuất khẩu, nhập khẩu",74728,305,18,DA_NANG,Hoàng Việt Cường,14/05/2014,https://files.customs.gov.vn/DA_NANG/Uploads/65e32243-11bf-4695-985d-c1563e8c13ba/5237-5254.tif,https://www.customs.gov.vn/index.jsp?pageId=3&id=74728&cid=1294,2014,05/2014,2026-10-08T09:19:48Z
446,5279/TCHQ-PC,14/05/2014,Tổng cục hải quan,Công văn số 5279/TCHQ-PC ngày 14/5/2014 của Tổng cục Hải quan Rà soát các văn bản QPPL về hải quan để thi hành Hiến pháp 2013,59557,305,16,TONG_CUC,Hoàng Việt Cường,14/05/2014,,https://www.customs.gov.vn/index.jsp?pageId=3&id=59557&cid=1294,2014,05/2014,2026-10-08T09:19:48Z
447,932/HQĐNa-ĐKS,14/05/2014,Cục Hải Quan tỉnh Đồng Nai,Trả lời Công ty TNHH Winfield Chemical v/v xin kiểm hàng hóa tại kho riêng công ty,64780,305,18,DONG_NAI,null,null,https://files.customs.gov.vn/DONG_NAI//Data/Cv_Hqdn/932_HQDNa_DKS_14_05_2014.pdf,https://www.customs.gov.vn/index.jsp?pageId=3&id=64780&cid=1294,2014,05/2014,2026-10-08T09:19:48Z
448,939/HQĐNa-ĐKS,14/05/2014,Cục Hải Quan tỉnh Đồng Nai,V/v Cấp mã địa điểm,64779,305,18,DONG_NAI,null,null,https://files.customs.gov.vn/DONG_NAI//Data/Cv_Hqdn/939_HQDNa_DKS_14_05_2014.pdf,https://www.customs.gov.vn/index.jsp?pageId=3&id=64779&cid=1294,2014,05/2014,2026-10-08T09:19:48Z
449,15/2014/TT-BGTVT,13/05/2014,null,Thông tư  hướng dẫn về tuyến đường vận chuyển quá cảnh hàng hóa qua lãnh thổ VN,75022,305,4,DA_NANG,Đinh La Thăng,01/08/2014,https://files.customs.gov.vn/DA_NANG/Uploads/65e32243-11bf-4695-985d-c1563e8c13ba/TT 15-2014- tuyen duong van chuyen qua canh HH qua lanh tho VN.tif,https://www.customs.gov.vn/index.jsp?pageId=3&id=75022&cid=1294,2014,05/2014,2026-10-08T09:19:48Z
450,5145-5212/TB-TCHQ,13/05/2014,null,"Thông báo kết quả phân loại hàng hóa xuất khẩu, nhập khẩu",74726,305,18,DA_NANG,Hoàng Việt Cường,13/05/2014,https://files.customs.gov.vn/DA_NANG/Uploads/65e32243-11bf-4695-985d-c1563e8c13ba/5145-5212.tif,https://www.customs.gov.vn/index.jsp?pageId=3&id=74726&cid=1294,2014,05/2014,2026-10-08T09:19:48Z
451,5192/TCHQ-TXNK,13/05/2014,Tổng cục hải quan,Công văn số 5192/TCHQ-TXNK V/v phân loại mặt hàng nước hồng sâm Korean Red Ginseng,54823,305,16,TP_HO_CHI_MINH,Hoàng Việt Cường,13/05/2014,https://files.customs.gov.vn/CustomsCMS/TP_HO_CHI_MINH/2020/Web/Data/DocumentAttachments/5192_TCHQ-TXNK_229607.doc,https://www.customs.gov.vn/index.jsp?pageId=3&id=54823&cid=1294,2014,05/2014,2026-10-08T09:19:48Z
452,5077/TCHQ-VNACCS,12/05/2014,Tổng cục hải quan,V/v Khai báo hải quan điện tử (Công ty TNHH Coats Phong Phú),62617,305,18,DONG_NAI,null,null,,https://www.customs.gov.vn/index.jsp?pageId=3&id=62617&cid=1294,2014,05/2014,2026-10-08T09:19:48Z
453,5107-5133/TB-TCHQ,12/05/2014,null,"Thông báo kết quả phân loại hàng hóa xuất khẩu, nhập khẩu",74725,305,18,DA_NANG,Hoàng Việt Cường,12/05/2014,https://files.customs.gov.vn/DA_NANG/Uploads/65e32243-11bf-4695-985d-c1563e8c13ba/5107-5133.tif,https://www.customs.gov.vn/index.jsp?pageId=3&id=74725&cid=1294,2014,05/2014,2026-10-08T09:19:48Z
454,5134/TCHQ-TXNK,12/05/2014,Tổng cục hải quan,V/v Vướng mắc không thu thuế XK (Công ty TNHH TMDV KT Hồng Ngọc),62616,305,18,DONG_NAI,null,null,,https://www.customs.gov.vn/index.jsp?pageId=3&id=62616&cid=1294,2014,05/2014,2026-10-08T09:19:48Z
455,910/HQĐNa-CCHĐH,12/05/2014,Cục Hải Quan tỉnh Đồng Nai,"V/v Hướng dẫn quy trình tiếp nhận, xử lý thông tin hỗ trợ người sử dụng các Hệ thống ứng dụng công nghệ thông tin tập trung của ngành Hải quan",64781,305,18,DONG_NAI,null,null,https://files.customs.gov.vn/DONG_NAI//Data/Cv_Hqdn/910_HQDNa_CCHDH_12_05_2014.pdf,https://www.customs.gov.vn/index.jsp?pageId=3&id=64781&cid=1294,2014,05/2014,2026-10-08T09:19:48Z
456,5061/TCHQ-TXNK,09/05/2014,Tổng cục hải quan,V/v Vướng mắc về thuế tự vệ (Công ty Cổ phần Quốc tế Đại Dương OSS),62619,305,18,DONG_NAI,null,null,,https://www.customs.gov.vn/index.jsp?pageId=3&id=62619&cid=1294,2014,05/2014,2026-10-08T09:19:48Z
457,5068/TCHQ-TXNK,09/05/2014,Tổng cục hải quan,V/v Vướng mắc xử lý nợ thuế khi chuyển sang chương trình VNACCS đối với hàng tạm giữ (HQ Hải Phòng; HQ Quảng Ninh; Công ty TNHH Trường Giang Móng Cái),62618,305,18,DONG_NAI,null,null,,https://www.customs.gov.vn/index.jsp?pageId=3&id=62618&cid=1294,2014,05/2014,2026-10-08T09:19:48Z
458,899/HQĐNa-ĐKS,09/05/2014,Cục Hải Quan tỉnh Đồng Nai,Trả lời Công ty TNHH Hải Nam v/v đề nghị cấp mã địa điểm lưu kho bảo quản hàng hóa tại kho riêng,64783,305,18,DONG_NAI,null,null,https://files.customs.gov.vn/DONG_NAI//Data/Cv_Hqdn/899_HQDNa_DKS_09_05_2014.pdf,https://www.customs.gov.vn/index.jsp?pageId=3&id=64783&cid=1294,2014,05/2014,2026-10-08T09:19:48Z
459,903/HQĐNa-ĐKS,09/05/2014,Cục Hải Quan tỉnh Đồng Nai,V/v Cấp mã địa điểm,64782,305,18,DONG_NAI,null,null,https://files.customs.gov.vn/DONG_NAI//Data/Cv_Hqdn/903_HQDNa_DKS_09_05_2014.pdf,https://www.customs.gov.vn/index.jsp?pageId=3&id=64782&cid=1294,2014,05/2014,2026-10-08T09:19:48Z
460,4980/TCHQ-GSQL,08/05/2014,null,Đưa hàng rời NK về bảo quản,74720,305,16,DA_NANG,Vũ Ngọc Anh,08/05/2014,https://files.customs.gov.vn/DA_NANG/Uploads/65e32243-11bf-4695-985d-c1563e8c13ba/4980 dua hang roi ve bao quan thang 5-14.tif,https://www.customs.gov.vn/index.jsp?pageId=3&id=74720&cid=1294,2014,05/2014,2026-10-08T09:19:48Z
461,4960/TCHQ-GSQL,08/05/2014,null,Triển khai kết quả phiên họp Tiểu ban QTXX trong khuôn khổ Hiệp định AJCEP,74719,305,16,DA_NANG,Vũ Ngọc Anh,08/05/2014,https://files.customs.gov.vn/DA_NANG/Uploads/65e32243-11bf-4695-985d-c1563e8c13ba/4960 CO Ạ cap sau thang 5-14.tif,https://www.customs.gov.vn/index.jsp?pageId=3&id=74719&cid=1294,2014,05/2014,2026-10-08T09:19:48Z
462,4962/TCHQ-VNACCS,08/05/2014,Tổng cục hải quan,Công văn số 4962/TCHQ-VNACCS V/v xác nhận hàng hóa qua khu vực giám sát,55685,305,16,TP_HO_CHI_MINH,Vũ Ngọc Anh,08/05/2014,https://files.customs.gov.vn/CustomsCMS/TP_HO_CHI_MINH/2020/Web/Data/DocumentAttachments/4962_TCHQ-VNACCS_228937.doc,https://www.customs.gov.vn/index.jsp?pageId=3&id=55685&cid=1294,2014,05/2014,2026-10-08T09:19:48Z
463,4996-5060/TB-TCHQ,08/05/2014,null,"Thông báo kết quả phân loại hàng hóa xuất khẩu, nhập khẩu",74718,305,18,DA_NANG,Hoàng Việt Cường,08/05/2014,https://files.customs.gov.vn/DA_NANG/Uploads/65e32243-11bf-4695-985d-c1563e8c13ba/4946-5060.tif,https://www.customs.gov.vn/index.jsp?pageId=3&id=74718&cid=1294,2014,05/2014,2026-10-08T09:19:48Z
464,891/HQĐNa-ĐKS,08/05/2014,Cục Hải Quan tỉnh Đồng Nai,Trả lời Công ty CP thép Biên Hòa v/v đề nghị công nhận địa điểm kiểm tra hàng hóa tại nơi sản xuất,64784,305,18,DONG_NAI,null,null,https://files.customs.gov.vn/DONG_NAI//Data/Cv_Hqdn/891_HQDNa_DKS_08_05_2014.pdf,https://www.customs.gov.vn/index.jsp?pageId=3&id=64784&cid=1294,2014,05/2014,2026-10-08T09:19:48Z
465,3792/BCT-KHCN,07/05/2014,null,Chỉ định tạm thời hoạt động thử nghiệm phân bón vô cơ,74717,305,16,DA_NANG,Nguyễn Đình Hiệp,07/05/2014,https://files.customs.gov.vn/DA_NANG/Uploads/65e32243-11bf-4695-985d-c1563e8c13ba/3792-BCT-KHCN-07.5.2014 chi dinh tam thoi hd thu nghiem phan bon vc.tif,https://www.customs.gov.vn/index.jsp?pageId=3&id=74717&cid=1294,2014,05/2014,2026-10-08T09:19:48Z
466,39/2014/NÐ-CP,07/05/2014,Chính phủ,Nghị định 39/2014/NĐ-CP về hoạt động của công ty tài chính và công ty cho thuê tài chính,53722,305,8,TP_HO_CHI_MINH,Nguyễn Tấn Dũng,25/06/2014,https://files.customs.gov.vn/CustomsCMS/TP_HO_CHI_MINH/2020/Web/Data/DocumentAttachments/39_2014_ND-CP_228676.doc,https://www.customs.gov.vn/index.jsp?pageId=3&id=53722&cid=1294,2014,05/2014,2026-10-08T09:19:48Z
467,4884-4909/TB-TCHQ,07/05/2014,null,"Thông báo về kết quả phân loại đối với hàng hóa xuất khẩu, nhập khẩu",74714,305,18,DA_NANG,Hoàng Việt Cường,07/05/2014,https://files.customs.gov.vn/DA_NANG/Uploads/65e32243-11bf-4695-985d-c1563e8c13ba/4884-4909.tif,https://www.customs.gov.vn/index.jsp?pageId=3&id=74714&cid=1294,2014,05/2014,2026-10-08T09:19:48Z
468,4912/TCHQ-TXNK,07/05/2014,Tổng cục hải quan,V/v Phân loại hàng hóa mặt hàng muối công nghiệp (Công ty Cổ phần Đầu tư và xuất nhập khẩu Viglacera),62622,305,18,DONG_NAI,null,null,,https://www.customs.gov.vn/index.jsp?pageId=3&id=62622&cid=1294,2014,05/2014,2026-10-08T09:19:48Z
469,4933/TCHQ-TXNK,07/05/2014,Tổng cục hải quan,V/v Phân loại hàng hóa linh kiện lắp ráp tivi (Công ty TNHH Panasonic AVC Việt Nam),62621,305,18,DONG_NAI,null,null,,https://www.customs.gov.vn/index.jsp?pageId=3&id=62621&cid=1294,2014,05/2014,2026-10-08T09:19:48Z
470,4936/TCHQ-TXNK,07/05/2014,Tổng cục hải quan,V/v Mã HS và thuế suất thuế nhập khẩu Cá Tầm Trung Hoa (Công ty Cổ phần Thương mại và Đầu tư Xây dựng Giao thông vận tải),62620,305,18,DONG_NAI,null,null,,https://www.customs.gov.vn/index.jsp?pageId=3&id=62620&cid=1294,2014,05/2014,2026-10-08T09:19:48Z
471,883/HQĐNa-TXNK,07/05/2014,Cục Hải Quan tỉnh Đồng Nai,"V/v Hướng dẫn thủ tục Hải quan và thuế XNK, thuế VAT",64786,305,18,DONG_NAI,null,null,https://files.customs.gov.vn/DONG_NAI//Data/Cv_Hqdn/883_HQDNa_TXNK_07_05_2014.pdf,https://www.customs.gov.vn/index.jsp?pageId=3&id=64786&cid=1294,2014,05/2014,2026-10-08T09:19:48Z
472,889/HQĐNa-ĐKS,07/05/2014,Cục Hải Quan tỉnh Đồng Nai,V/v Hướng dẫn việc cấp mã địa điểm tập kết hàng hóa xuất khẩu,64785,305,18,DONG_NAI,null,null,https://files.customs.gov.vn/DONG_NAI//Data/Cv_Hqdn/889_HQDNa_DKS_07_05_2014.pdf,https://www.customs.gov.vn/index.jsp?pageId=3&id=64785&cid=1294,2014,05/2014,2026-10-08T09:19:48Z
473,38/2014/NĐ-CP,06/05/2014,null,"Nghị định về quản lý hóa chất thuộc diện kiểm soát của Công ước cấm phát triển, sản xuất, tàng trữ, sử dụng và phá hủy vũ khí hóa học",74846,305,8,DA_NANG,Nguyễn Tấn Dũng,01/07/2014,https://files.customs.gov.vn/DA_NANG/Uploads/65e32243-11bf-4695-985d-c1563e8c13ba/ND 38-2014 qly Hoa chat thuoc dien kiem soat cua Cong uoc.tif,https://www.customs.gov.vn/index.jsp?pageId=3&id=74846&cid=1294,2014,05/2014,2026-10-08T09:19:48Z
474,25/VBHN-BNNPTNT,06/05/2014,null,Hợp nhất Thông tư quy định hồ sơ lâm sản hợp pháp và kiểm tra nguồn gốc lâm sản.,67378,305,18,CAN_THO,null,20/06/2014,https://files.customs.gov.vn/CAN_THO/25_VBHN-BNNPTNT.pdf,https://www.customs.gov.vn/index.jsp?pageId=3&id=67378&cid=1294,2014,05/2014,2026-10-08T09:19:48Z
475,29/VBHN-BNNPTNT,06/05/2014,null,"Về việc ban hành quy chế quản lý và đóng búa bài cây, búa kiểm lâm",67376,305,18,CAN_THO,null,06/05/2014,https://files.customs.gov.vn/CAN_THO/29_VBHN-BNNPTNT.pdf,https://www.customs.gov.vn/index.jsp?pageId=3&id=67376&cid=1294,2014,05/2014,2026-10-08T09:19:48Z
476,38/2014/NÐ-CP,06/05/2014,Chính phủ,"Về quản lý hóa chất thuộc diện kiểm soát của Công ước Cấm phát triển, sản xuất, tàng trữ, sử dụng và phá hủy vũ khí hóa học",52700,305,8,TP_HO_CHI_MINH,Nguyễn Tấn Dũng,01/07/2014,"https://files.customs.gov.vn/CustomsCMS/TP_HO_CHI_MINH/2020/Web/Data/DocumentAttachments/38_2014_ND_CP_Ve_quan_ly_hoa_chat_thuoc_dien_kiem_soat_cua_Cong_uoc_Cam_phat_trien__san_xuat__tang_tru__su_dung_va_pha_huy_vu_khi_hoa_hoc.doc,/CustomsCMS/TP_HO_CHI_MINH/2020/Web/Data/DocumentAttachments/38_2014_ND_CP_Phuluc.doc",https://www.customs.gov.vn/index.jsp?pageId=3&id=52700&cid=1294,2014,05/2014,2026-10-08T09:19:48Z
477,4163/TCHQ-VNACCS,06/05/2014,Tổng cục hải quan,Xử lý vướng mắc khi thực hiện Thông tư 22/2014/TT-BTC,61367,305,16,BA_RIA_VUNG_TAU,Vũ Ngọc Anh,26/04/2014,https://files.customs.gov.vn/BA_RIA_VUNG_TAU/uploads/document/609/4613 TCHQ-VNACCS Xu ly vuong mac thuc hien TT22.tif,https://www.customs.gov.vn/index.jsp?pageId=3&id=61367&cid=1294,2014,05/2014,2026-10-08T09:19:48Z
478,4846/TCHQ-KTSTQ,06/05/2014,Tổng cục hải quan,V/v Vướng mắc của doanh nghiệp ưu tiên (Công ty Cổ phần tập đoàn thủy sản Minh Phú),62624,305,18,DONG_NAI,null,null,,https://www.customs.gov.vn/index.jsp?pageId=3&id=62624&cid=1294,2014,05/2014,2026-10-08T09:19:48Z
479,4848-4850/TB-TCHQ,06/05/2014,null,"Thông báo về kết quả phân loại đối với hàng hóa xuất khẩu, nhập khẩu",74713,305,18,DA_NANG,Hoàng Việt Cường,06/05/2014,https://files.customs.gov.vn/DA_NANG/Uploads/65e32243-11bf-4695-985d-c1563e8c13ba/4848-4850.tif,https://www.customs.gov.vn/index.jsp?pageId=3&id=74713&cid=1294,2014,05/2014,2026-10-08T09:19:48Z
480,5797/BTC-TCHQ,06/05/2014,Bộ Tài chính,"V/v Thuế GTGT đối với dụng cụ, thiết bị chuyên dùng cho y tế (HQ Hải Phòng; Công ty TNHH Phi Long)",62623,305,18,DONG_NAI,null,null,,https://www.customs.gov.vn/index.jsp?pageId=3&id=62623&cid=1294,2014,05/2014,2026-10-08T09:19:48Z
481,871/HQĐNa-CCHĐH,06/05/2014,Cục Hải Quan tỉnh Đồng Nai,Trả lời Ban Quản lý dự án Nhiệt điện Vĩnh Tân v/v hướng dẫn mở tờ khai lại,64787,305,18,DONG_NAI,null,null,https://files.customs.gov.vn/DONG_NAI//Data/Cv_Hqdn/871_HQDNa_CCHDH_06_05_2014.pdf,https://www.customs.gov.vn/index.jsp?pageId=3&id=64787&cid=1294,2014,05/2014,2026-10-08T09:19:48Z
482,4817/TCHQ-GSQL,05/05/2014,null,Thực hiện CV 2114/BCT-HC của BTC,74711,305,16,DA_NANG,Nguyễn Dương Thái,05/05/2014,https://files.customs.gov.vn/DA_NANG/Uploads/65e32243-11bf-4695-985d-c1563e8c13ba/4817 NK phan bon - thuc hien cv 2114-BCT thang 5-14.tif,https://www.customs.gov.vn/index.jsp?pageId=3&id=74711&cid=1294,2014,05/2014,2026-10-08T09:19:48Z
483,4830/TCHQ-TXNK,05/05/2014,Tổng cục hải quan,"V/v Phân loại mặt hàng khai báo là bảng mạch điốt phát quang (HQ các tỉnh, thành phố)",62626,305,16,DONG_NAI,null,null,,https://www.customs.gov.vn/index.jsp?pageId=3&id=62626&cid=1294,2014,05/2014,2026-10-08T09:19:48Z
484,5767/BTC-TCHQ,05/05/2014,Bộ Tài chính,V/v Nộp thuế đối với hàng hóa miễn thuế thay đổi mục đích sử dụng (HQ Hà Nội; Trường Đại học dân lập Đông Đô),62625,305,18,DONG_NAI,null,null,,https://www.customs.gov.vn/index.jsp?pageId=3&id=62625&cid=1294,2014,05/2014,2026-10-08T09:19:48Z
485,860/HQĐNa-GSQL,05/05/2014,Cục Hải Quan tỉnh Đồng Nai,Trả lời Công ty TNHH Olympus Việt Nam v/v nhập khẩu thiết bị phát tia X dùng kiểm tra bo mạch điện tử,64788,305,18,DONG_NAI,null,null,https://files.customs.gov.vn/DONG_NAI//Data/Cv_Hqdn/860_HQDNa_GSQL_05_05_2014.pdf,https://www.customs.gov.vn/index.jsp?pageId=3&id=64788&cid=1294,2014,05/2014,2026-10-08T09:19:48Z
486,29/NQ-CP,02/05/2014,Chính phủ,Nghị quyết 29/NQ-CP ngày 2/5/2014 của Chính phủ về phiên họp Chính phủ thường kỳ tháng 4 năm 2014,59556,305,7,TONG_CUC,Nguyễn Tấn Dũng,02/05/2014,https://files.customs.gov.vn/van_ban_phap_luat/Lists/VanBanPhapLuat/Attachments/7434/NQ292014CP.pdf,https://www.customs.gov.vn/index.jsp?pageId=3&id=59556&cid=1294,2014,05/2014,2026-10-08T09:19:48Z
487,22/2014/TT-BCT,30/06/2014,null,Thông tư quy định chi tiết một số nội dung của Quy chế điều hành hoạt động tại các cửa khẩu biên giới đát liền ban hành kèm theo Quyết định số 45/2013/QĐ-TTG ngày 25 tháng 7 năm 2013 của Thủ tướng Chính phủ,74843,305,4,DA_NANG,Vũ Huy Hoàng,30/06/2014,https://files.customs.gov.vn/DA_NANG/Uploads/65e32243-11bf-4695-985d-c1563e8c13ba/TT 22-2014-BCT hoat dong CK bien gioi dat lien thang 6-14.tif,https://www.customs.gov.vn/index.jsp?pageId=3&id=74843&cid=1294,2014,06/2014,2026-10-08T09:19:48Z
488,1337/HQĐNa-GSQL,30/06/2014,Cục Hải Quan tỉnh Đồng Nai,"V/v Người khai hải quan đối với hàng hóa xuất, nhập kho ngoại quan (Công ty CP Cảng Đồng Nai)",64733,305,18,DONG_NAI,null,null,https://files.customs.gov.vn/DONG_NAI//Data/Cv_Hqdn/1337_HQDNa_GSQL_30_06_2014.pdf,https://www.customs.gov.vn/index.jsp?pageId=3&id=64733&cid=1294,2014,06/2014,2026-10-08T09:19:48Z
489,23/2014/TT-BYT,30/06/2014,null,Ban hành Danh mục thuốc không kê đơn,67386,305,18,CAN_THO,null,15/08/2014,https://files.customs.gov.vn/CAN_THO/23_2014_TT-BYT.pdf,https://www.customs.gov.vn/index.jsp?pageId=3&id=67386&cid=1294,2014,06/2014,2026-10-08T09:19:48Z
490,6394/BTC-TCHQ,30/06/2014,Tổng cục hải quan,"Thời hạn nộp hồ sơ hoàn thuế, không thu thuế",61369,305,16,BA_RIA_VUNG_TAU,Đỗ Hoàng Anh Tuấn,15/05/2014,"https://files.customs.gov.vn/BA_RIA_VUNG_TAU/uploads/document/631/6394_BTC-TCHQ_15-5-2014_Thoi han nop HS hoan thue, khong thu thue.tif",https://www.customs.gov.vn/index.jsp?pageId=3&id=61369&cid=1294,2014,06/2014,2026-10-08T09:19:48Z
491,8149/TCHQ-GSQL,30/06/2014,null,Triển khai thực hiện Thông tư số 20/2014/TT-BTC,74842,305,16,DA_NANG,Vũ Ngọc Anh,30/06/2014,https://files.customs.gov.vn/DA_NANG/Uploads/65e32243-11bf-4695-985d-c1563e8c13ba/8149 trien khai thuc hien TT20-2014-BTC thang 6-14.tif,https://www.customs.gov.vn/index.jsp?pageId=3&id=74842&cid=1294,2014,06/2014,2026-10-08T09:19:48Z
492,8120-8180/TB-TCHQ,27/06/2014,null,"Thông báo kết quả phân loại đối với hàng hóa XK, NK",74838,305,18,DA_NANG,Nguyễn Dương Thái,27/06/2014,https://files.customs.gov.vn/DA_NANG/Uploads/65e32243-11bf-4695-985d-c1563e8c13ba/8120-8180.tif,https://www.customs.gov.vn/index.jsp?pageId=3&id=74838&cid=1294,2014,06/2014,2026-10-08T09:19:48Z
493,8688/BTC-CST,27/06/2014,null,V/v Thuế nhập khẩu xe lu rung,74837,305,16,DA_NANG,Đỗ Hoàng Anh Tuấn,27/06/2014,https://files.customs.gov.vn/DA_NANG/Uploads/65e32243-11bf-4695-985d-c1563e8c13ba/8688.tif,https://www.customs.gov.vn/index.jsp?pageId=3&id=74837&cid=1294,2014,06/2014,2026-10-08T09:19:48Z
494,7963/TCHQ-TXNK,26/06/2014,null,Thu hộ lệ phí thu hộ các Hiệp hội,74835,305,16,DA_NANG,Nguyễn Dương Thái,26/06/2014,https://files.customs.gov.vn/DA_NANG/Uploads/65e32243-11bf-4695-985d-c1563e8c13ba/de2014_14909s1.tif,https://www.customs.gov.vn/index.jsp?pageId=3&id=74835&cid=1294,2014,06/2014,2026-10-08T09:19:48Z
495,1313/HQĐNa-GSQL,26/06/2014,Cục Hải Quan tỉnh Đồng Nai,V/v Hướng dẫn thực hiện đối với các doanh nghiệp khai báo thủ tục hải quan điện tử theo VNACCS,64734,305,18,DONG_NAI,null,null,https://files.customs.gov.vn/DONG_NAI//Data/Cv_Hqdn/1313_HQDNa_GSQL_26_06_2014.pdf,https://www.customs.gov.vn/index.jsp?pageId=3&id=64734&cid=1294,2014,06/2014,2026-10-08T09:19:48Z
496,63/2014/NĐ-CP,26/06/2014,Chính phủ,Nghị định 63/2014/NĐ-CP ngày 26/6/2014 của Chính phủ hướng dẫn Luật Đấu thầu về lựa chọn nhà thầu,59559,305,8,TONG_CUC,Nguyễn Tấn Dũng,15/08/2014,https://files.customs.gov.vn/van_ban_phap_luat/Lists/VanBanPhapLuat/Attachments/7628/ND632014CP.pdf,https://www.customs.gov.vn/index.jsp?pageId=3&id=59559&cid=1294,2014,06/2014,2026-10-08T09:19:48Z
497,7961/TCHQ-TXNK,26/06/2014,Tổng cục hải quan,V/v Phân loại máy biến điện sử dụng điện môi lỏng (Công ty CP phát triển KT CN EDH; Công ty CP ENTEC kỹ thuật năng lượng; Hiệp Hội CN kỹ thuật điện Việt Nam),63009,305,18,DONG_NAI,null,null,,https://www.customs.gov.vn/index.jsp?pageId=3&id=63009&cid=1294,2014,06/2014,2026-10-08T09:19:48Z
498,7963/TCHQ-TXNK,26/06/2014,Tổng cục hải quan,Công văn số 7963/TCHQ-TXNK V/v thu lệ phí thu hộ các Hiệp hội,57465,305,16,TP_HO_CHI_MINH,Nguyễn Dương Thái,26/06/2014,https://files.customs.gov.vn/CustomsCMS/TP_HO_CHI_MINH/2020/Web/Data/DocumentAttachments/7963_TCHQ-TXNK_237362.doc,https://www.customs.gov.vn/index.jsp?pageId=3&id=57465&cid=1294,2014,06/2014,2026-10-08T09:19:48Z
499,21/2014/TT-BCT,25/06/2014,null,"Thông tư sửa đổi, bổ sung Quy tắc cụ thể mặt hàng ban hành kèm theo Thông tư 36/2010/TT-BCT ngày 15/11/2010 của Bộ trưởng Bộ Công thương thực hiên Quy tắc thủ tục cấp và kiểm tra xuất xứ sửa đổi và Quy tắc cụ thể mặt hàng theo hệ thống hài hòa phiên bản 2007 trong Hiệp thương mại hàng hóa...",74851,305,4,DA_NANG,Trần Tuấn Anh,01/07/2014,https://files.customs.gov.vn/DA_NANG/Uploads/65e32243-11bf-4695-985d-c1563e8c13ba/TT 21-2014-BCT sua doi TT 36-2010.tif,https://www.customs.gov.vn/index.jsp?pageId=3&id=74851&cid=1294,2014,06/2014,2026-10-08T09:19:48Z
500,854/GSQL-TH,25/06/2014,null,Cấp mã địa điểm tập kết hàng hóa XK,74832,305,16,DA_NANG,Âu Anh Tuấn,25/06/2014,https://files.customs.gov.vn/DA_NANG/Uploads/65e32243-11bf-4695-985d-c1563e8c13ba/854 cac ky tu trong ma dia diem tren VN thang 6-14.tif,https://www.customs.gov.vn/index.jsp?pageId=3&id=74832&cid=1294,2014,06/2014,2026-10-08T09:19:48Z
501,7755-7908/TB-TCHQ,25/06/2014,null,"Thông báo kết quả phân loại đối với hàng hóa XK, NK",74833,305,18,DA_NANG,Nguyễn Dương Thái,25/06/2014,https://files.customs.gov.vn/DA_NANG/Uploads/65e32243-11bf-4695-985d-c1563e8c13ba/7755-7908.tif,https://www.customs.gov.vn/index.jsp?pageId=3&id=74833&cid=1294,2014,06/2014,2026-10-08T09:19:48Z
502,7784/TB-TCHQ,25/06/2014,Tổng cục hải quan,"Nhôm hợp kim, chưa gia công, dạng thanh, mặt cắt ngang hình tròn, đặc, đều, dọc theo chiều dài; bề mặt không phủ mạ hoặc tráng. Kích cỡ: Ø178mm x 5800mm (Aluminum Billet Alloy).",55619,305,16,TP_HO_CHI_MINH,Nguyễn Dương Thái,25/06/2014,https://files.customs.gov.vn/CustomsCMS/TP_HO_CHI_MINH/2020/Web/Data/DocumentAttachments/7784-TB-TCHQ.tif,https://www.customs.gov.vn/index.jsp?pageId=3&id=55619&cid=1294,2014,06/2014,2026-10-08T09:19:48Z
503,7875/TCHQ-GSQL,25/06/2014,Tổng cục hải quan,V/v Không ghi xuất xứ hàng hóa (Công ty CP Thực phẩm Dinh dưỡng Kim Linh),63010,305,18,DONG_NAI,null,null,,https://www.customs.gov.vn/index.jsp?pageId=3&id=63010&cid=1294,2014,06/2014,2026-10-08T09:19:48Z
504,7915-8108/TB-TCHQ,25/06/2014,null,"Thông báo kết quả phân loại đối với hàng hóa XK, NK",74834,305,18,DA_NANG,Nguyễn Dương Thái,25/06/2014,https://files.customs.gov.vn/DA_NANG/Uploads/65e32243-11bf-4695-985d-c1563e8c13ba/7915-8108.tif,https://www.customs.gov.vn/index.jsp?pageId=3&id=74834&cid=1294,2014,06/2014,2026-10-08T09:19:48Z
505,1288/HQĐNa-ĐKS,24/06/2014,Cục Hải Quan tỉnh Đồng Nai,V/v Cấp mã địa điểm,64736,305,18,DONG_NAI,null,null,https://files.customs.gov.vn/DONG_NAI//Data/Cv_Hqdn/1288_HQDNa_DKS_24_06_2014.pdf,https://www.customs.gov.vn/index.jsp?pageId=3&id=64736&cid=1294,2014,06/2014,2026-10-08T09:19:48Z
506,1290/HQĐNa-ĐKS,24/06/2014,Cục Hải Quan tỉnh Đồng Nai,V/v Cấp mã địa điểm,64735,305,18,DONG_NAI,null,null,https://files.customs.gov.vn/DONG_NAI//Data/Cv_Hqdn/1290_HQDNa_DKS_24_06_2014.pdf,https://www.customs.gov.vn/index.jsp?pageId=3&id=64735&cid=1294,2014,06/2014,2026-10-08T09:19:48Z
507,56/2014/QH13,24/06/2014,Quốc hội,Luật Quốc tịch Việt Nam sửa đổi 2014,40042,305,13,HA_TINH,Nguyễn Sinh Hùng,null,https://files.customs.gov.vn/CustomsCMS/HA_TINH/2020file/LQT2014.pdf,https://www.customs.gov.vn/index.jsp?pageId=3&id=40042&cid=1294,2014,06/2014,2026-10-08T09:19:48Z
508,7642/TCHQ-GSQL,23/06/2014,null,NK diều lướt ván,74818,305,16,DA_NANG,Vũ Ngọc Anh,23/06/2014,https://files.customs.gov.vn/DA_NANG/Uploads/65e32243-11bf-4695-985d-c1563e8c13ba/7642 NK dieu luot van thang 6-14.tif,https://www.customs.gov.vn/index.jsp?pageId=3&id=74818&cid=1294,2014,06/2014,2026-10-08T09:19:48Z
509,1273/HQĐNa-TXNK,23/06/2014,Cục Hải Quan tỉnh Đồng Nai,V/v Đăng ký Danh mục hàng hóa nhập khẩu miễn thuế tạo TSCĐ (Công ty TNHH Hưng Nghiệp Formosa),64738,305,18,DONG_NAI,null,null,https://files.customs.gov.vn/DONG_NAI//Data/Cv_Hqdn/1273_HQDNa_TXNK_23_06_2014.pdf,https://www.customs.gov.vn/index.jsp?pageId=3&id=64738&cid=1294,2014,06/2014,2026-10-08T09:19:48Z
510,1279/HQĐNa-ĐKS,23/06/2014,Cục Hải Quan tỉnh Đồng Nai,V/v Cấp mã địa điểm,64737,305,18,DONG_NAI,null,null,https://files.customs.gov.vn/DONG_NAI//Data/Cv_Hqdn/1279_HQDNa_DKS_23_06_2014.pdf,https://www.customs.gov.vn/index.jsp?pageId=3&id=64737&cid=1294,2014,06/2014,2026-10-08T09:19:48Z
511,53/2014/QH13,23/06/2014,Quốc hội,Luật Công chứng 2014,40031,305,13,HA_TINH,Nguyễn Sinh Hùng,null,https://files.customs.gov.vn/CustomsCMS/HA_TINH/2020file/LCC2014.pdf,https://www.customs.gov.vn/index.jsp?pageId=3&id=40031&cid=1294,2014,06/2014,2026-10-08T09:19:48Z
512,55/2014/QH13,23/06/2014,Quốc hội,Luật bảo vệ môi trường 2014,40030,305,13,HA_TINH,Nguyễn Sinh Hùng,null,https://files.customs.gov.vn/CustomsCMS/HA_TINH/2020file/LBVNT2014.pdf,https://www.customs.gov.vn/index.jsp?pageId=3&id=40030&cid=1294,2014,06/2014,2026-10-08T09:19:48Z
513,7654/TCHQ-TXNK,23/06/2014,Tổng cục hải quan,"V/v Thuế nhập khẩu, thuế GTGT giàn khoan dầu khí (Tổng Công ty Cổ phần Khoan và Dịch vụ Khoan Dầu khí Việt Nam)",63011,305,18,DONG_NAI,null,null,,https://www.customs.gov.vn/index.jsp?pageId=3&id=63011&cid=1294,2014,06/2014,2026-10-08T09:19:48Z
514,7659-7714/TB-TCHQ,23/06/2014,null,"Thông báo kết quả phân loại đối với hàng hóa XK, NK",74825,305,18,DA_NANG,Nguyễn Dương Thái,23/06/2014,https://files.customs.gov.vn/DA_NANG/Uploads/65e32243-11bf-4695-985d-c1563e8c13ba/1_7659-7714.tif,https://www.customs.gov.vn/index.jsp?pageId=3&id=74825&cid=1294,2014,06/2014,2026-10-08T09:19:48Z
515,7660/TB-TCHQ,23/06/2014,null,"Thông báo đính chính Thông báo kết quả phân loại đối với hàng hóa XK, NK",74823,305,18,DA_NANG,Nguyễn Dương Thái,23/06/2014,https://files.customs.gov.vn/DA_NANG/Uploads/65e32243-11bf-4695-985d-c1563e8c13ba/7660.tif,https://www.customs.gov.vn/index.jsp?pageId=3&id=74823&cid=1294,2014,06/2014,2026-10-08T09:19:48Z
516,8267/BTC-TCHQ,23/06/2014,Bộ Tài chính,V/v Thanh khoản NLSXXK (HQ Đồng Nai; Công ty CP Bao bì kim loại Vina Can Sài Gòn),63012,305,18,DONG_NAI,null,null,,https://www.customs.gov.vn/index.jsp?pageId=3&id=63012&cid=1294,2014,06/2014,2026-10-08T09:19:48Z
517,838/GSQL-GQ1,23/06/2014,null,Thực hiện Nghị định số 36/2014/NĐ-CP,74819,305,16,DA_NANG,Ngô Minh Hải,23/06/2014,https://files.customs.gov.vn/DA_NANG/Uploads/65e32243-11bf-4695-985d-c1563e8c13ba/838 thuc hien ND 36-2014 ve Xk ca tra thang 6-14.tif,https://www.customs.gov.vn/index.jsp?pageId=3&id=74819&cid=1294,2014,06/2014,2026-10-08T09:19:48Z
518,Law No. 54/2014/QH13,22/06/2014,null,"Law No. 54/2014/QH13 dated June 22, 2014 of the National Assembly on Customs",75262,305,13,DA_NANG,Nguyễn Sinh Hùng,01/01/2015,https://files.customs.gov.vn/DA_NANG/Uploads/65e32243-11bf-4695-985d-c1563e8c13ba/54_2014_QH13_English.doc,https://www.customs.gov.vn/index.jsp?pageId=3&id=75262&cid=1294,2014,06/2014,2026-10-08T09:19:48Z
519,1246/HQĐNa-ĐKS,20/06/2014,Cục Hải Quan tỉnh Đồng Nai,V/v Hướng dẫn địa điểm bảo quản hàng hóa chờ kết quả kiểm tra của cơ quan quản lý chuyên ngành,64740,305,18,DONG_NAI,null,null,https://files.customs.gov.vn/DONG_NAI//Data/Cv_Hqdn/1246_HQDNa_DKS_20_06_2014.pdf,https://www.customs.gov.vn/index.jsp?pageId=3&id=64740&cid=1294,2014,06/2014,2026-10-08T09:19:48Z
520,1264/HQĐNa-TXNK,20/06/2014,Cục Hải Quan tỉnh Đồng Nai,Trả lời Công ty TNHH Jeongsan Vina v/v xin hoàn thuế nhập khẩu,64739,305,18,DONG_NAI,null,null,https://files.customs.gov.vn/DONG_NAI//Data/Cv_Hqdn/1264_HQDNa_TXNK_20_06_2014.pdf,https://www.customs.gov.vn/index.jsp?pageId=3&id=64739&cid=1294,2014,06/2014,2026-10-08T09:19:48Z
521,7501/TCHQ-TXNK,20/06/2014,Tổng cục hải quan,V/v Hướng dẫn về thuế nhập khẩu và thuế giá trị gia tăng (Công ty CP Vận tải xăng dầu VITACO),63014,305,18,DONG_NAI,null,null,,https://www.customs.gov.vn/index.jsp?pageId=3&id=63014&cid=1294,2014,06/2014,2026-10-08T09:19:48Z
522,7537-7641/TB-TCHQ,20/06/2014,null,"Thông báo kết quả phân loại đối với hàng hóa XK, NK",74811,305,18,DA_NANG,Nguyễn Dương Thái,20/06/2014,https://files.customs.gov.vn/DA_NANG/Uploads/65e32243-11bf-4695-985d-c1563e8c13ba/7537-7641.tif,https://www.customs.gov.vn/index.jsp?pageId=3&id=74811&cid=1294,2014,06/2014,2026-10-08T09:19:48Z
523,7559/TCHQ-GSQL,20/06/2014,null,Khai báo xuất xứ lô hàng xăng dầu pha chế tại kho ngoại quan,74814,305,16,DA_NANG,Vũ Ngọc Anh,20/06/2014,https://files.customs.gov.vn/DA_NANG/Uploads/65e32243-11bf-4695-985d-c1563e8c13ba/7559 xuat xu xang dau sau pha che tai KNQ Van Phong thang 6-14.tif,https://www.customs.gov.vn/index.jsp?pageId=3&id=74814&cid=1294,2014,06/2014,2026-10-08T09:19:48Z
524,8102/QUACERT-KT,20/06/2014,null,Đánh giá sự phù hợp sản phẩm thép NK theo quy định tại Thông tư liên tịch số 44/2013/TTLT-BCT-BKHCN,74815,305,16,DA_NANG,Nguyễn Nam Hải,20/06/2014,https://files.customs.gov.vn/DA_NANG/Uploads/65e32243-11bf-4695-985d-c1563e8c13ba/8102 danh gia su phu hop thep NK thang 6-14.tif,https://www.customs.gov.vn/index.jsp?pageId=3&id=74815&cid=1294,2014,06/2014,2026-10-08T09:19:48Z
525,8208/BTC-TCHQ,20/06/2014,Bộ Tài chính,V/v Thuế đối với nguyên liệu gia công bị hỏa hoạn (HQ Bình Dương; Công ty TNHH Yen Yue Việt Nam),63013,305,18,DONG_NAI,null,null,,https://www.customs.gov.vn/index.jsp?pageId=3&id=63013&cid=1294,2014,06/2014,2026-10-08T09:19:48Z
526,1233/HQĐNa-GSQL,19/06/2014,Cục Hải Quan tỉnh Đồng Nai,Trả lời Công ty TNHH DNS Global v/v đề nghị điều chỉnh tên doanh nghiệp trong cơ sở dữ liệu của cơ quan Hải quan,64741,305,18,DONG_NAI,null,null,https://files.customs.gov.vn/DONG_NAI//Data/Cv_Hqdn/1233_HQDNa_GSQL_19_06_2014.pdf,https://www.customs.gov.vn/index.jsp?pageId=3&id=64741&cid=1294,2014,06/2014,2026-10-08T09:19:48Z
527,51/2014/QH13,19/06/2014,Quốc hội,Luật phá sản 2014,55668,305,13,TP_HO_CHI_MINH,null,01/01/2015,https://files.customs.gov.vn/CustomsCMS/TP_HO_CHI_MINH/2020/Web/Data/DocumentAttachments/51_2014_QH13_Luat_pha_san_2014.doc,https://www.customs.gov.vn/index.jsp?pageId=3&id=55668&cid=1294,2014,06/2014,2026-10-08T09:19:48Z
528,52/2014/QH13,19/06/2014,Quốc hội,Luật Hôn nhân và gia đình 2014,40032,305,13,HA_TINH,Nguyễn Sinh Hùng,null,https://files.customs.gov.vn/CustomsCMS/HA_TINH/2020file/LHNGD2014.pdf,https://www.customs.gov.vn/index.jsp?pageId=3&id=40032&cid=1294,2014,06/2014,2026-10-08T09:19:48Z
529,60/2014/NÐ-CP,19/06/2014,Chính phủ,Quy định về hoạt động in,54613,305,8,TP_HO_CHI_MINH,Nguyễn Tấn Dũng,01/11/2014,https://files.customs.gov.vn/CustomsCMS/TP_HO_CHI_MINH/2020/Web/Data/DocumentAttachments/60_2014_ND_CP_Quy_dinh_ve_hoat_dong_in.doc,https://www.customs.gov.vn/index.jsp?pageId=3&id=54613&cid=1294,2014,06/2014,2026-10-08T09:19:48Z
530,7424-7554/TB-TCHQ,19/06/2014,null,"Thông báo kết quả phân loại đối với hàng hóa XK, NK",74810,305,18,DA_NANG,Nguyễn Dương Thái,19/06/2014,https://files.customs.gov.vn/DA_NANG/Uploads/65e32243-11bf-4695-985d-c1563e8c13ba/7424-7554.tif,https://www.customs.gov.vn/index.jsp?pageId=3&id=74810&cid=1294,2014,06/2014,2026-10-08T09:19:48Z
531,7483/TCHQ-TXNK,19/06/2014,null,"V/v hoàn thuế GTGT nộp nhầm, nộp thừa",74809,305,16,DA_NANG,Nguyễn Dương Thái,19/06/2014,https://files.customs.gov.vn/DA_NANG/Uploads/65e32243-11bf-4695-985d-c1563e8c13ba/7483.tif,https://www.customs.gov.vn/index.jsp?pageId=3&id=74809&cid=1294,2014,06/2014,2026-10-08T09:19:48Z
532,998/QĐ-TTg,19/06/2014,Thủ tướng Chính phủ,"Quyết định 998/QĐ-TTg ngày 19/6/2014 của Thủ tướng Chính phủ phê duyệt Quy hoạch chung xây dựng Khu kinh tế cửa khẩu Hoành Mô - Đồng Văn, tỉnh Quảng Ninh đến năm 2030",59558,305,10,TONG_CUC,Hoàng Trung Hải,19/06/2014,,https://www.customs.gov.vn/index.jsp?pageId=3&id=59558&cid=1294,2014,06/2014,2026-10-08T09:19:48Z
533,1225/HQĐNa-GSQL,18/06/2014,Cục Hải Quan tỉnh Đồng Nai,Trả lời Công ty TNHH Chinwell Fasteners VN v/v vướng mắc Thông tư liên tịch số 44/2013/TTLT-BCT-BKHCN ngày 31/12/2013 của Bộ Khoa học Công nghệ,64743,305,18,DONG_NAI,null,null,https://files.customs.gov.vn/DONG_NAI//Data/Cv_Hqdn/1225_HQDNa_GSQL_18_06_2014.pdf,https://www.customs.gov.vn/index.jsp?pageId=3&id=64743&cid=1294,2014,06/2014,2026-10-08T09:19:48Z
534,1227/HQĐNa-GSQL,18/06/2014,Cục Hải Quan tỉnh Đồng Nai,Trả lời Công ty TNHH Chin Well Fasteners Việt Nam v/v thời gian giám định,64742,305,18,DONG_NAI,null,null,https://files.customs.gov.vn/DONG_NAI//Data/Cv_Hqdn/1227_HQDNa_GSQL_18_06_2014.pdf,https://www.customs.gov.vn/index.jsp?pageId=3&id=64742&cid=1294,2014,06/2014,2026-10-08T09:19:48Z
535,7343-7410/TB-TCHQ,18/06/2014,null,"Thông báo kết quả phân loại đối với hàng hóa XK, NK",74808,305,18,DA_NANG,Nguyễn Dương Thái,18/06/2014,https://files.customs.gov.vn/DA_NANG/Uploads/65e32243-11bf-4695-985d-c1563e8c13ba/7343-7410.tif,https://www.customs.gov.vn/index.jsp?pageId=3&id=74808&cid=1294,2014,06/2014,2026-10-08T09:19:48Z
536,7417/TCHQ-TXNK,18/06/2014,Tổng cục hải quan,V/v Quyết định ấn định thuế và làm thủ tục XNK (Công ty TNHH Đức Thành II),63015,305,18,DONG_NAI,null,null,,https://www.customs.gov.vn/index.jsp?pageId=3&id=63015&cid=1294,2014,06/2014,2026-10-08T09:19:48Z
537,1204/HQĐNa-TXNK,17/06/2014,Cục Hải Quan tỉnh Đồng Nai,V/v Đăng ký danh mục hàng hóa nhập khẩu miễn thuế bổ sung (Công ty Tôn Phương Nam),64745,305,18,DONG_NAI,null,null,https://files.customs.gov.vn/DONG_NAI//Data/Cv_Hqdn/1204_HQDNa_TXNK_17_06_2014.pdf,https://www.customs.gov.vn/index.jsp?pageId=3&id=64745&cid=1294,2014,06/2014,2026-10-08T09:19:48Z
538,1212/HQĐNa-ĐKS,17/06/2014,Cục Hải Quan tỉnh Đồng Nai,V/v Cấp mã địa điểm tập kết hàng xuất khẩu,64744,305,18,DONG_NAI,null,null,https://files.customs.gov.vn/DONG_NAI//Data/Cv_Hqdn/1212_HQDNa_DKS_17_06_2014.pdf,https://www.customs.gov.vn/index.jsp?pageId=3&id=64744&cid=1294,2014,06/2014,2026-10-08T09:19:48Z
539,48/2014/QH13,17/06/2014,Quốc hội,"Luật Sửa đổi, bổ sung một số điều của Luật Giao thông đường thủy nội địa",53377,305,13,TP_HO_CHI_MINH,Nguyễn Sinh Hùng,01/01/2015,https://files.customs.gov.vn/CustomsCMS/TP_HO_CHI_MINH/2020/Web/Data/DocumentAttachments/48_2014_QH13_Luat_Sua_doi__bo_sung_mot_so_dieu_cua_Luat_Giao_thong_duong_thuy_noi_dia.doc,https://www.customs.gov.vn/index.jsp?pageId=3&id=53377&cid=1294,2014,06/2014,2026-10-08T09:19:48Z
540,7234-7330/TB-TCHQ,17/06/2014,null,"Thông báo kết quả phân loại đối với hàng hóa XK, NK",74806,305,18,DA_NANG,Nguyễn Dương Thái,17/06/2014,https://files.customs.gov.vn/DA_NANG/Uploads/65e32243-11bf-4695-985d-c1563e8c13ba/7234-7330.tif,https://www.customs.gov.vn/index.jsp?pageId=3&id=74806&cid=1294,2014,06/2014,2026-10-08T09:19:48Z
541,7263/TCHQ-VNACCS,17/06/2014,Tổng cục hải quan,V/v Giải đáp vướng mắc liên quan đến VNACCS (Công ty Intel Products Việt Nam),63017,305,18,DONG_NAI,null,null,https://files.customs.gov.vn/DONG_NAI//Data/CV_TCHQ/7263_TCHQ_VNACCS_17_06_2014.pdf,https://www.customs.gov.vn/index.jsp?pageId=3&id=63017&cid=1294,2014,06/2014,2026-10-08T09:19:48Z
542,7331/TCHQ-TXNK,17/06/2014,Tổng cục hải quan,"V/v Phân loại mặt hàng phế liệu dây, cáp cách điện (Công ty TNHH Canon Việt Nam)",63016,305,18,DONG_NAI,null,null,,https://www.customs.gov.vn/index.jsp?pageId=3&id=63016&cid=1294,2014,06/2014,2026-10-08T09:19:48Z
543,1189/HQĐNa-GSQL,16/06/2014,Cục Hải Quan tỉnh Đồng Nai,"V/v Người khai hải quan đối với hàng hóa nhập, xuất kho ngoại quan",64747,305,18,DONG_NAI,null,null,https://files.customs.gov.vn/DONG_NAI//Data/Cv_Hqdn/1189_HQDNa_GSQL_16_06_2014.pdf,https://www.customs.gov.vn/index.jsp?pageId=3&id=64747&cid=1294,2014,06/2014,2026-10-08T09:19:48Z
544,1193/HQĐNa-GSQL,16/06/2014,Cục Hải Quan tỉnh Đồng Nai,V/v Cập nhật và định dạng file HYS trước khi khai báo vào hệ thống VNACCS,64746,305,18,DONG_NAI,null,null,https://files.customs.gov.vn/DONG_NAI//Data/Cv_Hqdn/1193_HQDNa_GSQL_16_06_2014.pdf,https://www.customs.gov.vn/index.jsp?pageId=3&id=64746&cid=1294,2014,06/2014,2026-10-08T09:19:48Z
545,47/2014/QH13,16/06/2014,Quốc hội,"Luật Nhập cảnh, xuất cảnh, quá cảnh, cư trú của người nước ngoài tại Việt Nam 2014",40033,305,13,HA_TINH,Nguyễn Sinh Hùng,null,https://files.customs.gov.vn/CustomsCMS/HA_TINH/2020file/L472014QH.doc,https://www.customs.gov.vn/index.jsp?pageId=3&id=40033&cid=1294,2014,06/2014,2026-10-08T09:19:48Z
546,7155-7217/TB-TCHQ,16/06/2014,null,"Thông báo kết quả phân loại đối với hàng hóa XK, NK",74804,305,18,DA_NANG,Nguyễn Dương Thái,16/06/2014,https://files.customs.gov.vn/DA_NANG/Uploads/65e32243-11bf-4695-985d-c1563e8c13ba/7155-7217.tif,https://www.customs.gov.vn/index.jsp?pageId=3&id=74804&cid=1294,2014,06/2014,2026-10-08T09:19:48Z
547,7200/TB-TCHQ,16/06/2014,Tổng cục hải quan,Ma tít - Penguin Cement #2230-T.,52242,305,16,TP_HO_CHI_MINH,Nguyễn Dương Thái,16/06/2014,https://files.customs.gov.vn/CustomsCMS/TP_HO_CHI_MINH/2020/Web/Data/DocumentAttachments/7200-TB-TCHQ.tif,https://www.customs.gov.vn/index.jsp?pageId=3&id=52242&cid=1294,2014,06/2014,2026-10-08T09:19:48Z
548,1177/HQĐNa-ĐKS,13/06/2014,Cục Hải Quan tỉnh Đồng Nai,V/v Cấp mã địa điểm,64751,305,18,DONG_NAI,null,null,https://files.customs.gov.vn/DONG_NAI//Data/Cv_Hqdn/1177_HQDNa_DKS_13_06_2014.pdf,https://www.customs.gov.vn/index.jsp?pageId=3&id=64751&cid=1294,2014,06/2014,2026-10-08T09:19:48Z
549,1179/HQĐNa-TXNK,13/06/2014,Cục Hải Quan tỉnh Đồng Nai,V/v Gia hạn tiến độ thực hiện dự án cho danh mục hàng hóa nhập khẩu miễn thuế tạo TSCĐ,64750,305,18,DONG_NAI,null,null,https://files.customs.gov.vn/DONG_NAI//Data/Cv_Hqdn/1179_HQDNa_TXNK_13_06_2014.pdf,https://www.customs.gov.vn/index.jsp?pageId=3&id=64750&cid=1294,2014,06/2014,2026-10-08T09:19:48Z
550,1180/HQĐNa-TXNK,13/06/2014,Cục Hải Quan tỉnh Đồng Nai,V/v Đăng ký Danh mục hàng hóa được miễn thuế nhập khẩu để thay thế máy móc bị hư hại (Công ty Cổ phần Johnson Wood),64749,305,18,DONG_NAI,null,null,https://files.customs.gov.vn/DONG_NAI//Data/Cv_Hqdn/1180_HQDNa_TXNK_13_06_2014.pdf,https://www.customs.gov.vn/index.jsp?pageId=3&id=64749&cid=1294,2014,06/2014,2026-10-08T09:19:48Z
551,1181/HQĐNa-TXNK,13/06/2014,Cục Hải Quan tỉnh Đồng Nai,V/v Đăng ký Danh mục hàng hóa được miễn thuế nhập khẩu để thay thế MMTB bị hư hại (Công ty Cổ phần Johnson Wood),64748,305,18,DONG_NAI,null,null,https://files.customs.gov.vn/DONG_NAI//Data/Cv_Hqdn/1181_HQDNa_TXNK_13_06_2014.pdf,https://www.customs.gov.vn/index.jsp?pageId=3&id=64748&cid=1294,2014,06/2014,2026-10-08T09:19:48Z
552,46/2014/QH13,13/06/2014,Quốc hội,"Luật Sửa đổi, bổ sung một số điều của Luật Bảo hiểm y tế",53437,305,13,TP_HO_CHI_MINH,Nguyễn Sinh Hùng,01/01/2015,https://files.customs.gov.vn/CustomsCMS/TP_HO_CHI_MINH/2020/Web/Data/DocumentAttachments/46_2014_QH13_Luat_Sua_doi__bo_sung_mot_so_dieu_cua_Luat_Bao_hiem_y_te.doc,https://www.customs.gov.vn/index.jsp?pageId=3&id=53437&cid=1294,2014,06/2014,2026-10-08T09:19:48Z
553,7020/TCHQ-TXNK,13/06/2014,Tổng cục hải quan,V/v Vướng mắc thuế tự vệ (Tổng Công ty CN Dầu thực vật Việt Nam; Công ty TNHH 1 TV Satra Tây Nam và Công ty Dầu ăn Gloden Hope Nhà Bè),63018,305,18,DONG_NAI,null,null,,https://www.customs.gov.vn/index.jsp?pageId=3&id=63018&cid=1294,2014,06/2014,2026-10-08T09:19:48Z
554,7033-7148/TB-TCHQ,13/06/2014,null,"Thông báo kết quả phân loại đối với hàng hóa xuất khẩu, nhập khẩu",74799,305,18,DA_NANG,Nguyễn Dương Thái,13/06/2014,https://files.customs.gov.vn/DA_NANG/Uploads/65e32243-11bf-4695-985d-c1563e8c13ba/7033-7148.tif,https://www.customs.gov.vn/index.jsp?pageId=3&id=74799&cid=1294,2014,06/2014,2026-10-08T09:19:48Z
555,7877/BTC-TCHQ,13/06/2014,Bộ Tài chính,Công văn số 7877/BTC-TCHQ V/v không cho hàng hóa từ nước ngoài gửi kho ngoại quan để xuất đi nước khác,55115,305,16,TP_HO_CHI_MINH,Đỗ Hoàng Anh Tuấn,13/06/2014,https://files.customs.gov.vn/CustomsCMS/TP_HO_CHI_MINH/2020/Web/Data/DocumentAttachments/7877_BTC-TCHQ_235941.doc,https://www.customs.gov.vn/index.jsp?pageId=3&id=55115&cid=1294,2014,06/2014,2026-10-08T09:19:48Z
556,7879/BTC-TCHQ,13/06/2014,null,V/v thuế nhập khẩu xăng dầu trong phương tiện tự hành,74798,305,16,DA_NANG,Nguyễn Dương Thái,13/06/2014,https://files.customs.gov.vn/DA_NANG/Uploads/65e32243-11bf-4695-985d-c1563e8c13ba/7879.tif,https://www.customs.gov.vn/index.jsp?pageId=3&id=74798&cid=1294,2014,06/2014,2026-10-08T09:19:48Z
557,1162/HQĐNa-ĐKS,12/06/2014,Cục Hải Quan tỉnh Đồng Nai,v/v Cấp mã địa điểm,64755,305,18,DONG_NAI,null,null,https://files.customs.gov.vn/DONG_NAI//Data/Cv_Hqdn/1162_HQDNa_DKS_12_06_2014.pdf,https://www.customs.gov.vn/index.jsp?pageId=3&id=64755&cid=1294,2014,06/2014,2026-10-08T09:19:48Z
558,1163/HQĐNa-ĐKS,12/06/2014,Cục Hải Quan tỉnh Đồng Nai,v/v Cấp mã địa điểm,64754,305,18,DONG_NAI,null,null,https://files.customs.gov.vn/DONG_NAI//Data/Cv_Hqdn/1163_HQDNa_DKS_12_06_2014.pdf,https://www.customs.gov.vn/index.jsp?pageId=3&id=64754&cid=1294,2014,06/2014,2026-10-08T09:19:48Z
559,1169/HQĐNa-TXNK,12/06/2014,Cục Hải Quan tỉnh Đồng Nai,"V/v Hướng dẫn thủ tục miễn thuế NK, không thu thuế GTGT hàng nhập khẩu để sửa chữa, thay thế",64752,305,18,DONG_NAI,null,null,https://files.customs.gov.vn/DONG_NAI//Data/Cv_Hqdn/1169_HQDNa_TXNK_12_06_2014.pdf,https://www.customs.gov.vn/index.jsp?pageId=3&id=64752&cid=1294,2014,06/2014,2026-10-08T09:19:48Z
560,1172/HQĐNa-ĐKS,12/06/2014,Cục Hải Quan tỉnh Đồng Nai,Trả lời Công ty TNHH Thành Hương v/v đăng ký địa điểm kiểm tra tại nơi sản xuất,64753,305,18,DONG_NAI,null,null,https://files.customs.gov.vn/DONG_NAI//Data/Cv_Hqdn/1172_HQDNa_DKS_12_06_2014.pdf,https://www.customs.gov.vn/index.jsp?pageId=3&id=64753&cid=1294,2014,06/2014,2026-10-08T09:19:48Z
561,6929/TCHQ-GSQL,12/06/2014,Tổng cục hải quan,V/v vướng mắc C/O (công văn số 6929/TCHQ-GSQL ngày 12/6/2014) - Cục Hải quan TP. Hồ Chí Minh.,55196,305,16,TP_HO_CHI_MINH,Vũ Ngọc Anh,12/06/2014,https://files.customs.gov.vn/CustomsCMS/TP_HO_CHI_MINH/2020/Web/Data/DocumentAttachments/6929-TCHQ-GSQL.tif,https://www.customs.gov.vn/index.jsp?pageId=3&id=55196&cid=1294,2014,06/2014,2026-10-08T09:19:48Z
562,6931/TCHQ-GSQL,12/06/2014,Tổng cục hải quan,V/v bổ sung C/O mẫu E (công văn số 6931/TCHQ-GSQL ngày 12/6/2014) - Cục Hải quan TP. Hà Nội.,54059,305,16,TP_HO_CHI_MINH,Vũ Ngọc Anh,12/06/2014,https://files.customs.gov.vn/CustomsCMS/TP_HO_CHI_MINH/2020/Web/Data/DocumentAttachments/6931-TCHQ-GSQL.tif,https://www.customs.gov.vn/index.jsp?pageId=3&id=54059&cid=1294,2014,06/2014,2026-10-08T09:19:48Z
563,"6932,6967-7019/TB-TCHQ",12/06/2014,null,"Thông báo kết quả phân loại đối với hàng hóa xuất nhập, nhập khẩu",74797,305,18,DA_NANG,Nguyễn Dương Thái,12/06/2014,"https://files.customs.gov.vn/DA_NANG/Uploads/65e32243-11bf-4695-985d-c1563e8c13ba/6932,6967-7019.tif",https://www.customs.gov.vn/index.jsp?pageId=3&id=74797&cid=1294,2014,06/2014,2026-10-08T09:19:48Z
564,6856-6887/TB-TCHQ,11/06/2014,null,"Thông báo kết quả phân loại đối với hàng hóa XK, NK",74795,305,18,DA_NANG,Nguyễn Dương Thái,11/06/2014,https://files.customs.gov.vn/DA_NANG/Uploads/65e32243-11bf-4695-985d-c1563e8c13ba/6856-6887.tif,https://www.customs.gov.vn/index.jsp?pageId=3&id=74795&cid=1294,2014,06/2014,2026-10-08T09:19:48Z
565,6890/TCHQ-GSQL,11/06/2014,Tổng cục hải quan,V/v Hóa chất nhập khẩu phục vụ hợp đồng gia công (Công ty TNHH Panasonic Industrial Devices Việt Nam),63019,305,18,DONG_NAI,null,null,,https://www.customs.gov.vn/index.jsp?pageId=3&id=63019&cid=1294,2014,06/2014,2026-10-08T09:19:48Z
566,6891/TCHQ-GSQL,11/06/2014,Tổng cục hải quan,V/v xử lý vướng mắc khi khai báo trên Hệ thống E.manifest,52977,305,16,TP_HO_CHI_MINH,Vũ Ngọc Anh,11/06/2014,https://files.customs.gov.vn/CustomsCMS/TP_HO_CHI_MINH/2020/Web/Data/DocumentAttachments/2014_6891_TCHQ_GSQL_Xu_ly_vuong_mac_khi_khai_bao_tren_He_thong_E.manifest.tif,https://www.customs.gov.vn/index.jsp?pageId=3&id=52977&cid=1294,2014,06/2014,2026-10-08T09:19:48Z
567,6842/TCHQ-GSQL,10/06/2014,null,"Người khai hải quan đối với hàng hóa nhập, xuất kho ngoại quan",74788,305,16,DA_NANG,Vũ Ngọc Anh,10/06/2014,https://files.customs.gov.vn/DA_NANG/Uploads/65e32243-11bf-4695-985d-c1563e8c13ba/6842 nguoi khai HQ dvoi hh XNK.tif,https://www.customs.gov.vn/index.jsp?pageId=3&id=74788&cid=1294,2014,06/2014,2026-10-08T09:19:48Z
568,6843/TCHQ-GSQL,10/06/2014,null,"Tổng hợp, giải đáp vướng mắc tại Thông tư 139/2013/TT-BTC",74789,305,16,DA_NANG,Vũ Ngọc Anh,10/06/2014,https://files.customs.gov.vn/DA_NANG/Uploads/65e32243-11bf-4695-985d-c1563e8c13ba/6843 giai dap vuong TT 139-2013 thang 6-14.tif,https://www.customs.gov.vn/index.jsp?pageId=3&id=74789&cid=1294,2014,06/2014,2026-10-08T09:19:48Z
569,6832/TCHQ-GSQL,10/06/2014,null,Thủ tục hải quan đối với mặt hàng nhựa đường NK,74793,305,16,DA_NANG,Vũ Ngọc Anh,10/06/2014,https://files.customs.gov.vn/DA_NANG/Uploads/65e32243-11bf-4695-985d-c1563e8c13ba/6832 TTHQ nhua duong NK thang 6-14.tif,https://www.customs.gov.vn/index.jsp?pageId=3&id=74793&cid=1294,2014,06/2014,2026-10-08T09:19:48Z
570,6833/TCHQ-GSQL,10/06/2014,Tổng cục hải quan,"V/v C/O mẫu JV cấp sau (công văn số 6833/TCHQ-GSQL ngày 10/06/2014) - Cục Hải quan các tỉnh, thành phố.",56121,305,16,TP_HO_CHI_MINH,Vũ Ngọc Anh,10/06/2014,https://files.customs.gov.vn/CustomsCMS/TP_HO_CHI_MINH/2020/Web/Data/DocumentAttachments/6833-TCHQ-GSQL.tif,https://www.customs.gov.vn/index.jsp?pageId=3&id=56121&cid=1294,2014,06/2014,2026-10-08T09:19:48Z
571,6839/TCHQ-GSQL,10/06/2014,Tổng cục hải quan,V/v Thủ tục hải quan (Tập đoàn Viễn thông Quân đội),63020,305,18,DONG_NAI,null,null,,https://www.customs.gov.vn/index.jsp?pageId=3&id=63020&cid=1294,2014,06/2014,2026-10-08T09:19:48Z
572,1135/HQĐNa-ĐKS,09/06/2014,Cục Hải Quan tỉnh Đồng Nai,v/v Cấp mã địa điểm,64757,305,18,DONG_NAI,null,null,https://files.customs.gov.vn/DONG_NAI//Data/Cv_Hqdn/1135_HQDNa_DKS_09_06_2014.pdf,https://www.customs.gov.vn/index.jsp?pageId=3&id=64757&cid=1294,2014,06/2014,2026-10-08T09:19:48Z
573,1136/HQĐNa-TXNK,09/06/2014,Cục Hải Quan tỉnh Đồng Nai,v/v Hướng dẫn thủ tục gia hạn nợ thuế các trường hợp bị thiệt hại trong 02 ngày 13-14/05/2014,64756,305,18,DONG_NAI,null,null,https://files.customs.gov.vn/DONG_NAI//Data/Cv_Hqdn/1136_HQDNa_TXNK_09_06_2014.pdf,https://www.customs.gov.vn/index.jsp?pageId=3&id=64756&cid=1294,2014,06/2014,2026-10-08T09:19:48Z
574,"6711-6717,6722-6723/TB-TCHQ",09/06/2014,null,"V/v Thông báo kết quả phân loại đối với hàng hóa XK, NK",74784,305,18,DA_NANG,Hoàng Việt Cường,09/06/2014,"https://files.customs.gov.vn/DA_NANG/Uploads/65e32243-11bf-4695-985d-c1563e8c13ba/6711-6717,6722-6723.tif",https://www.customs.gov.vn/index.jsp?pageId=3&id=74784&cid=1294,2014,06/2014,2026-10-08T09:19:48Z
575,6724-6838/TB-TCHQ,09/06/2014,null,"V/v Thông báo kết quả phân loại đối với hàng hóa XK, NK",74785,305,18,DA_NANG,Hoàng Việt Cường,09/06/2014,https://files.customs.gov.vn/DA_NANG/Uploads/65e32243-11bf-4695-985d-c1563e8c13ba/6724-6838.tif,https://www.customs.gov.vn/index.jsp?pageId=3&id=74785&cid=1294,2014,06/2014,2026-10-08T09:19:48Z
576,6676/TCHQ-GSQL,06/06/2014,null,Thủ tục hải quan hàng hóa tạm nhập-tái xuất,74782,305,16,DA_NANG,Nguyễn Dương Thái,06/06/2014,https://files.customs.gov.vn/DA_NANG/Uploads/65e32243-11bf-4695-985d-c1563e8c13ba/6676 TTHQ xa lan tam xuat - chuyen quyen so huu o nuoc ngoai thang 6-14.tif,https://www.customs.gov.vn/index.jsp?pageId=3&id=74782&cid=1294,2014,06/2014,2026-10-08T09:19:48Z
577,6700/TCHQ-TXNK,06/06/2014,Tổng cục hải quan,V/v Thuế chống bán phá giá mặt hàng thép không gỉ (HQ Long An; Công ty TNHH Thép không gỉ Quảng Thượng),63021,305,18,DONG_NAI,null,null,,https://www.customs.gov.vn/index.jsp?pageId=3&id=63021&cid=1294,2014,06/2014,2026-10-08T09:19:48Z
578,712/GSQL-GQ2,06/06/2014,Tổng cục hải quan,V/v Hướng dẫn thủ tục hải quan (Công ty TNHH sản xuất & thương mại C.I.P),63022,305,18,DONG_NAI,null,null,,https://www.customs.gov.vn/index.jsp?pageId=3&id=63022&cid=1294,2014,06/2014,2026-10-08T09:19:48Z
579,1127/HQĐNa-CCHĐH,05/06/2014,Cục Hải Quan tỉnh Đồng Nai,"Trả lời Xí nghiệp Epic Designers Việt Nam v/v xin thanh lý máy móc hư hỏng, không còn sử dụng",64760,305,18,DONG_NAI,null,null,https://files.customs.gov.vn/DONG_NAI//Data/Cv_Hqdn/1127_HQDNa_CCHDH_05_06_2014.pdf,https://www.customs.gov.vn/index.jsp?pageId=3&id=64760&cid=1294,2014,06/2014,2026-10-08T09:19:48Z
580,1128/HQĐNa-ĐKS,05/06/2014,Cục Hải Quan tỉnh Đồng Nai,v/v Cấp mã địa điểm tập kết hàng xuất khẩu,64759,305,18,DONG_NAI,null,null,https://files.customs.gov.vn/DONG_NAI//Data/Cv_Hqdn/1128_HQDNa_DKS_05_06_2014.pdf,https://www.customs.gov.vn/index.jsp?pageId=3&id=64759&cid=1294,2014,06/2014,2026-10-08T09:19:48Z
581,1130/HQĐNa-ĐKS,05/06/2014,Cục Hải Quan tỉnh Đồng Nai,v/v Cấp mã địa điểm,64758,305,18,DONG_NAI,null,null,https://files.customs.gov.vn/DONG_NAI//Data/Cv_Hqdn/1130_HQDNa_DKS_05_06_2014.pdf,https://www.customs.gov.vn/index.jsp?pageId=3&id=64758&cid=1294,2014,06/2014,2026-10-08T09:19:48Z
582,1131/HQĐNa-ĐKS,05/06/2014,Cục Hải Quan tỉnh Đồng Nai,v/v Cấp mã địa điểm,65058,305,18,DONG_NAI,null,null,https://files.customs.gov.vn/DONG_NAI//Data/Cv_Hqdn/1131_HQDNa_DKS_05_06_2014.pdf,https://www.customs.gov.vn/index.jsp?pageId=3&id=65058&cid=1294,2014,06/2014,2026-10-08T09:19:48Z
583,6560-6675/TB-TCHQ,05/06/2014,null,"V/v Thông báo kết quả phân loại đối với hàng hóa XK, NK",74781,305,18,DA_NANG,Nguyễn Dương Thái,05/06/2014,https://files.customs.gov.vn/DA_NANG/Uploads/65e32243-11bf-4695-985d-c1563e8c13ba/6560-6675.tif,https://www.customs.gov.vn/index.jsp?pageId=3&id=74781&cid=1294,2014,06/2014,2026-10-08T09:19:48Z
584,6606/TB-TCHQ,05/06/2014,null,"V/v Đính chính Thông báo kết quả phân loại đối với hàng hóa XK, NK",74780,305,18,DA_NANG,Nguyễn Duy Thuận,05/06/2014,https://files.customs.gov.vn/DA_NANG/Uploads/65e32243-11bf-4695-985d-c1563e8c13ba/6606.tif,https://www.customs.gov.vn/index.jsp?pageId=3&id=74780&cid=1294,2014,06/2014,2026-10-08T09:19:48Z
585,1121/HQĐNa-GSQL,04/06/2014,Cục Hải Quan tỉnh Đồng Nai,V/v Hỗ trợ doanh nghiệp,64761,305,18,DONG_NAI,null,null,https://files.customs.gov.vn/DONG_NAI//Data/Cv_Hqdn/1121_HQDNa_GSQL_04_06_2014.pdf,https://www.customs.gov.vn/index.jsp?pageId=3&id=64761&cid=1294,2014,06/2014,2026-10-08T09:19:48Z
586,1971/QÐ-BYT,04/06/2014,Bộ Y tế,Quyết Định về việc thực hiện kiểm tra nhà nước về an toàn thực phẩm nhập khẩu thuộc phạm vi quản lý của Bộ y tế,55503,305,10,TP_HO_CHI_MINH,Nguyễn Thanh Long,04/06/2014,https://files.customs.gov.vn/CustomsCMS/TP_HO_CHI_MINH/2020/Web/Data/DocumentAttachments/1971_QD-BYT_233769.doc,https://www.customs.gov.vn/index.jsp?pageId=3&id=55503&cid=1294,2014,06/2014,2026-10-08T09:19:48Z
587,4013/VPCP-KTTH,04/06/2014,Bộ Ngoại Giao,"V/v cấp tín dụng của Vietinbank đối với PVOil, PV Gas, PVCFC và người có liên quan",54869,305,16,TP_HO_CHI_MINH,Nguyễn Văn Tùng,04/06/2014,https://files.customs.gov.vn/CustomsCMS/TP_HO_CHI_MINH/2020/Web/Data/DocumentAttachments/4013_VPCP-KTTH_233629.doc,https://www.customs.gov.vn/index.jsp?pageId=3&id=54869&cid=1294,2014,06/2014,2026-10-08T09:19:48Z
588,695/GSQL-GQ2,04/06/2014,Tổng cục hải quan,V/v Bán hàng hóa cho DNCX khác (Công ty TNHH Panasonic Việt Nam),63023,305,18,DONG_NAI,null,null,,https://www.customs.gov.vn/index.jsp?pageId=3&id=63023&cid=1294,2014,06/2014,2026-10-08T09:19:48Z
589,7382/BTC-TCHQ,04/06/2014,Bộ Tài chính,Công văn số 7382/BTC-TCHQ V/v xử lý thuế hàng NK thay đổi mục đích sử dụng,58399,305,16,TP_HO_CHI_MINH,Đỗ Hoàng Anh Tuấn,04/06/2014,https://files.customs.gov.vn/CustomsCMS/TP_HO_CHI_MINH/2020/Web/Data/DocumentAttachments/7382_BTC-TCHQ_234827.doc,https://www.customs.gov.vn/index.jsp?pageId=3&id=58399&cid=1294,2014,06/2014,2026-10-08T09:19:48Z
590,7382/BTC-TCT,04/06/2014,null,V/v xử lý thuế hàng nhập khẩu thay đổi mục đích sử dụng,74779,305,16,DA_NANG,Đỗ Hoàng Anh Tuấn,04/06/2014,https://files.customs.gov.vn/DA_NANG/Uploads/65e32243-11bf-4695-985d-c1563e8c13ba/7382.tif,https://www.customs.gov.vn/index.jsp?pageId=3&id=74779&cid=1294,2014,06/2014,2026-10-08T09:19:48Z
591,7310/BTC-TCT,03/06/2014,null,"Sử dụng hóa đơn GTGT, hóa đơn XK",74777,305,16,DA_NANG,Đỗ Hoàng Anh Tuấn,03/06/2014,https://files.customs.gov.vn/DA_NANG/Uploads/65e32243-11bf-4695-985d-c1563e8c13ba/7310 Hoa don GTGT- HDon XK TX hang tai nhap thang 6-14.tif,https://www.customs.gov.vn/index.jsp?pageId=3&id=74777&cid=1294,2014,06/2014,2026-10-08T09:19:48Z
592,6390/TCHQ-TXNK,03/06/2014,Tổng cục hải quan,V/v Vướng mắc về thuế chống bán phá giá (Công ty TNHH Công nghiệp Ever Force),63028,305,18,DONG_NAI,null,null,,https://www.customs.gov.vn/index.jsp?pageId=3&id=63028&cid=1294,2014,06/2014,2026-10-08T09:19:48Z
593,6391-6519T/TB- TCHQ,03/06/2014,null,"Thông báo kết quả phân loại hàng hóa XK, NK",74778,305,18,DA_NANG,Hoàng Việt Cường,03/06/2014,https://files.customs.gov.vn/DA_NANG/Uploads/65e32243-11bf-4695-985d-c1563e8c13ba/6391-6519.tif,https://www.customs.gov.vn/index.jsp?pageId=3&id=74778&cid=1294,2014,06/2014,2026-10-08T09:19:48Z
594,6501/TCHQ-TXNK,03/06/2014,Tổng cục hải quan,V/v Trị giá tính thuế hàng xuất khẩu (Công ty CP Khai khoáng Minh Đức),63027,305,18,DONG_NAI,null,null,,https://www.customs.gov.vn/index.jsp?pageId=3&id=63027&cid=1294,2014,06/2014,2026-10-08T09:19:48Z
595,"6523-6530,6538/TB-TCHQ",03/06/2014,null,"V/v Thông báo kết quả phân loại đối với hàng hóa XK, NK",74776,305,18,DA_NANG,Nguyễn Dương Thái,03/06/2014,"https://files.customs.gov.vn/DA_NANG/Uploads/65e32243-11bf-4695-985d-c1563e8c13ba/6523-6530, 6538.tif",https://www.customs.gov.vn/index.jsp?pageId=3&id=74776&cid=1294,2014,06/2014,2026-10-08T09:19:48Z
596,7287/BTC-TCHQ,03/06/2014,Bộ Tài chính,V/v Thuế NK hàng hóa TN-TX phục vụ hợp đồng gia công (UBND tỉnh Quảng Ngãi; Công ty TNHH Công nghiệp nặng Doosan Việt Nam; HQ Quảng Ngãi),63026,305,18,DONG_NAI,null,null,,https://www.customs.gov.vn/index.jsp?pageId=3&id=63026&cid=1294,2014,06/2014,2026-10-08T09:19:48Z
597,7310/BTC-TCT,03/06/2014,Bộ Tài chính,"V/v Sử dụng hóa đơn GTGT, hóa đơn xuất khẩu (HQ các tỉnh, thành phố; Cục Thuế các tỉnh, thành phố)",63024,305,18,DONG_NAI,null,null,,https://www.customs.gov.vn/index.jsp?pageId=3&id=63024&cid=1294,2014,06/2014,2026-10-08T09:19:48Z
598,19/2014/TT-BYT,02/06/2014,null,"Thông tư quy định quản lý thuốc gây nghiện, thuốc hướng tâm thần và tiền chất dùng làm thuốc",74868,305,4,DA_NANG,Nguyễn Thị Kim Tiến,15/07/2014,"https://files.customs.gov.vn/DA_NANG/Uploads/65e32243-11bf-4695-985d-c1563e8c13ba/TT-BYT-19-02.6.2014 QL thuoc gay nghien, huong tam than va tien chat dung lam thuoc.tif",https://www.customs.gov.vn/index.jsp?pageId=3&id=74868&cid=1294,2014,06/2014,2026-10-08T09:19:48Z
599,1097/HQĐNa-TXNK,02/06/2014,Cục Hải Quan tỉnh Đồng Nai,V/v Cấp lại Danh mục hàng hóa nhập khẩu miễn thuế tạo TSCĐ (Công ty TNHH Pou sung Việt Nam),64762,305,18,DONG_NAI,null,null,https://files.customs.gov.vn/DONG_NAI//Data/Cv_Hqdn/1097_HQDNa_TXNK_02_06_2014.pdf,https://www.customs.gov.vn/index.jsp?pageId=3&id=64762&cid=1294,2014,06/2014,2026-10-08T09:19:48Z
600,79/2014/NÐ-CP,31/07/2014,Chính phủ,"Quy định chi tiết thi hành một số điều của Luật Phòng cháy và chữa cháy và Luật sửa đổi, bổ sung một số điều của Luật Phòng cháy và chữa cháy",56988,305,8,TP_HO_CHI_MINH,Nguyễn Tấn Dũng,15/09/2014,"https://files.customs.gov.vn/CustomsCMS/TP_HO_CHI_MINH/2020/Web/Data/DocumentAttachments/79_2014_ND_CP_Quy_dinh_chi_tiet_thi_hanh_mot_so_dieu_cua_Luat_Phong_chay_va_chua_chay_va_Luat_sua_doi__bo_sung_mot_so_dieu_cua_Luat_Phong_chay_va_chua_chay.doc,/CustomsCMS/TP_HO_CHI_MINH/2020/Web/Data/DocumentAttachments/79_2014_ND_CP_Phuluc.doc",https://www.customs.gov.vn/index.jsp?pageId=3&id=56988&cid=1294,2014,07/2014,2026-10-08T09:19:48Z
601,9562-9700/TB-TCHQ,31/07/2014,null,"Thông báo kết quả phân loại hàng hóa XK, NK",75021,305,18,DA_NANG,Nguyễn Dương Thái,31/07/2014,https://files.customs.gov.vn/DA_NANG/Uploads/65e32243-11bf-4695-985d-c1563e8c13ba/9562-9700.tif,https://www.customs.gov.vn/index.jsp?pageId=3&id=75021&cid=1294,2014,07/2014,2026-10-08T09:19:48Z
602,1842/QĐ-BTC,30/07/2014,null,"Quyết định công bố TTHC mới/TTHC được sửa đổi, bổ sung hoặc thay thế/TTHC bị hủy bỏ hoặc bãi bỏ trong lĩnh vực hải quan thuộc phạm vị chức năng quản lý nhà nước của Bộ Tài chính",74997,305,10,DA_NANG,Đỗ Hoàng Anh Tuấn,30/07/2014,https://files.customs.gov.vn/DA_NANG/Uploads/65e32243-11bf-4695-985d-c1563e8c13ba/QD 1842-BTC DM TTHC ngay 30-7-2014.tif,https://www.customs.gov.vn/index.jsp?pageId=3&id=74997&cid=1294,2014,07/2014,2026-10-08T09:19:48Z
603,10496/BTC-TCHQ,30/07/2014,null,Thực hiện thông quan nhanh đối với các hàng hóa NK để lắp đặt công trình Nhà Quốc hội,75002,305,16,DA_NANG,Đỗ Hoàng Anh Tuấn,30/07/2014,https://files.customs.gov.vn/DA_NANG/Uploads/65e32243-11bf-4695-985d-c1563e8c13ba/10496.tif,https://www.customs.gov.vn/index.jsp?pageId=3&id=75002&cid=1294,2014,07/2014,2026-10-08T09:19:48Z
604,1691/HQĐNa-ĐKS,30/07/2014,Cục Hải Quan tỉnh Đồng Nai,V/v Cấp mã địa điểm,64714,305,18,DONG_NAI,null,null,https://files.customs.gov.vn/DONG_NAI//Data/Cv_Hqdn/1691_HQDNa_DKS_30_07_2014.pdf,https://www.customs.gov.vn/index.jsp?pageId=3&id=64714&cid=1294,2014,07/2014,2026-10-08T09:19:48Z
605,1693/HQĐNa-ĐKS,30/07/2014,Cục Hải Quan tỉnh Đồng Nai,V/v Cấp mã địa điểm tập kết hàng hóa xuất khẩu,64713,305,18,DONG_NAI,null,null,https://files.customs.gov.vn/DONG_NAI//Data/Cv_Hqdn/1693_HQDNa_DKS_30_07_2014.pdf,https://www.customs.gov.vn/index.jsp?pageId=3&id=64713&cid=1294,2014,07/2014,2026-10-08T09:19:48Z
606,1694/HQĐNa-ĐKS,30/07/2014,Cục Hải Quan tỉnh Đồng Nai,V/v Cấp mã địa điểm tập kết hàng hóa xuất khẩu,64712,305,18,DONG_NAI,null,null,https://files.customs.gov.vn/DONG_NAI//Data/Cv_Hqdn/1694_HQDNa_DKS_30_07_2014.pdf,https://www.customs.gov.vn/index.jsp?pageId=3&id=64712&cid=1294,2014,07/2014,2026-10-08T09:19:48Z
607,9518-9547/TB-TCHQ,30/07/2014,null,"Thông báo kết quả phân loại hàng hóa xuất khẩu, nhập khẩu",75001,305,18,DA_NANG,Nguyễn Dương Thái,30/07/2014,https://files.customs.gov.vn/DA_NANG/Uploads/65e32243-11bf-4695-985d-c1563e8c13ba/9518-9547.tif,https://www.customs.gov.vn/index.jsp?pageId=3&id=75001&cid=1294,2014,07/2014,2026-10-08T09:19:48Z
608,9548/TCHQ-GSQL,30/07/2014,null,Thực hiện Thông tư 20/2014/TT-BTC,75015,305,16,DA_NANG,PTCT Vũ Ngọc Anh,30/07/2014,https://files.customs.gov.vn/DA_NANG/Uploads/65e32243-11bf-4695-985d-c1563e8c13ba/9548 thuc hien TT 20-2014-BTC thang 7-14.tif,https://www.customs.gov.vn/index.jsp?pageId=3&id=75015&cid=1294,2014,07/2014,2026-10-08T09:19:48Z
609,76/2014/NĐ-CP,29/07/2014,null,"Nghị định quy định chi tiết một số điều của Pháp lệnh sửa đổi, bổ sung một số điều của Pháp lệnh quản lý, sử dụng vũ khí, vật liệu nổ và công cụ hỗ trợ",75101,305,8,DA_NANG,Nguyễn Tấn Dũng,15/09/2014,https://files.customs.gov.vn/DA_NANG/Uploads/65e32243-11bf-4695-985d-c1563e8c13ba/ND76.tif,https://www.customs.gov.vn/index.jsp?pageId=3&id=75101&cid=1294,2014,07/2014,2026-10-08T09:19:48Z
610,23/2014/TT-BNNPTTNT,29/07/2014,null,"Hướng dẫn thực hiện Nghị định số 36/2014/NĐ-CP ngỳ 29/4/2014 của Chính phủ về nuôi, chế biến và xuất khảu sản phẩm cá Tra",75095,305,4,DA_NANG,Cao Đức Phát,12/09/2014,https://files.customs.gov.vn/DA_NANG/Uploads/65e32243-11bf-4695-985d-c1563e8c13ba/TT 23-2014-BNN hdan ND 36-2014 ve XK ca tra.tif,https://www.customs.gov.vn/index.jsp?pageId=3&id=75095&cid=1294,2014,07/2014,2026-10-08T09:19:48Z
611,76/2014/NÐ-CP,29/07/2014,Chính phủ,"Nghị định Quy định chi tiết một số điều của pháp lệnh sửa đổi, bổ sung một số điều của pháp lệnh quản lý, sử dụng vũ khí vật liệu nổ và công cụ hỗ trợ.",53971,305,8,TP_HO_CHI_MINH,Nguyễn Tấn Dũng,15/09/2014,https://files.customs.gov.vn/CustomsCMS/TP_HO_CHI_MINH/2020/Web/Data/DocumentAttachments/76_2014_ND-CP_241780.doc,https://www.customs.gov.vn/index.jsp?pageId=3&id=53971&cid=1294,2014,07/2014,2026-10-08T09:19:48Z
612,76/2014/NĐ-CP,29/07/2014,Chính phủ,"Nghị định 76/2014/NĐ-CP ngày 29/07/2014 của Chính phủ hướng dẫn Pháp lệnh quản lý, sử dụng vũ khí, vật liệu nổ và công cụ hỗ trợ sửa đổi",40050,305,8,HA_TINH,null,null,https://files.customs.gov.vn/CustomsCMS/HA_TINH/2020/Aparea/news/2015/08/243/file/ND762014CP.doc,https://www.customs.gov.vn/index.jsp?pageId=3&id=40050&cid=1294,2014,07/2014,2026-10-08T09:19:48Z
613,9457-9499/TB-TCHQ,29/07/2014,null,"Thông báo kết quả phân loại đối với hàng hóa xuất khẩu, nhập khẩu",74996,305,18,DA_NANG,Nguyễn Dương Thái,29/07/2014,https://files.customs.gov.vn/DA_NANG/Uploads/65e32243-11bf-4695-985d-c1563e8c13ba/9457-9499.tif,https://www.customs.gov.vn/index.jsp?pageId=3&id=74996&cid=1294,2014,07/2014,2026-10-08T09:19:48Z
614,1662/HQĐNa-ĐKS,28/07/2014,Cục Hải Quan tỉnh Đồng Nai,V/v Chỉnh sửa mã địa điểm tập kết hàng xuất khẩu,64715,305,18,DONG_NAI,null,null,https://files.customs.gov.vn/DONG_NAI//Data/Cv_Hqdn/1662_HQDNa_DKS_28_07_2014.pdf,https://www.customs.gov.vn/index.jsp?pageId=3&id=64715&cid=1294,2014,07/2014,2026-10-08T09:19:48Z
615,9378/TB-TCHQ,28/07/2014,null,"Thông báo kết quả phân loại đối với hàng hóa xuất khẩu, nhập khẩu",74970,305,18,DA_NANG,Nguyễn Dương Thái,28/07/2014,https://files.customs.gov.vn/DA_NANG/Uploads/65e32243-11bf-4695-985d-c1563e8c13ba/9378.tif,https://www.customs.gov.vn/index.jsp?pageId=3&id=74970&cid=1294,2014,07/2014,2026-10-08T09:19:48Z
616,9379/TB-TCHQ,28/07/2014,null,"Thông báo kết quả phân loại đối với hàng hóa xuất khẩu, nhập khẩu",74973,305,18,DA_NANG,Nguyễn Dương Thái,28/07/2014,https://files.customs.gov.vn/DA_NANG/Uploads/65e32243-11bf-4695-985d-c1563e8c13ba/9379.tif,https://www.customs.gov.vn/index.jsp?pageId=3&id=74973&cid=1294,2014,07/2014,2026-10-08T09:19:48Z
617,9380/TB-TCHQ,28/07/2014,null,"Thông báo kết quả phân loại đối với hàng hóa xuất khẩu, nhập khẩu",74968,305,18,DA_NANG,Nguyễn Dương Thái,28/07/2014,https://files.customs.gov.vn/DA_NANG/Uploads/65e32243-11bf-4695-985d-c1563e8c13ba/9380.tif,https://www.customs.gov.vn/index.jsp?pageId=3&id=74968&cid=1294,2014,07/2014,2026-10-08T09:19:48Z
618,9381/TB-TCHQ,28/07/2014,null,"Thông báo kết quả phân loại đối với hàng hóa xuất khẩu, nhập khẩu",74967,305,18,DA_NANG,Nguyễn Dương Thái,28/07/2014,https://files.customs.gov.vn/DA_NANG/Uploads/65e32243-11bf-4695-985d-c1563e8c13ba/9381.tif,https://www.customs.gov.vn/index.jsp?pageId=3&id=74967&cid=1294,2014,07/2014,2026-10-08T09:19:48Z
619,9382/TB-TCHQ,28/07/2014,null,"Thông báo kết quả phân loại đối với hàng hóa xuất khẩu, nhập khẩu",74966,305,18,DA_NANG,Nguyễn Dương Thái,28/07/2014,https://files.customs.gov.vn/DA_NANG/Uploads/65e32243-11bf-4695-985d-c1563e8c13ba/9382.tif,https://www.customs.gov.vn/index.jsp?pageId=3&id=74966&cid=1294,2014,07/2014,2026-10-08T09:19:48Z
620,9383/TB-TCHQ,28/07/2014,null,"Thông báo kết quả phân loại đối với hàng hóa xuất khẩu, nhập khẩu",74965,305,18,DA_NANG,Nguyễn Dương Thái,28/07/2014,https://files.customs.gov.vn/DA_NANG/Uploads/65e32243-11bf-4695-985d-c1563e8c13ba/9383.tif,https://www.customs.gov.vn/index.jsp?pageId=3&id=74965&cid=1294,2014,07/2014,2026-10-08T09:19:48Z
621,9384/TB-TCHQ,28/07/2014,null,"Thông báo kết quả phân loại đối với hàng hóa xuất khẩu, nhập khẩu",74964,305,18,DA_NANG,Nguyễn Dương Thái,28/07/2014,https://files.customs.gov.vn/DA_NANG/Uploads/65e32243-11bf-4695-985d-c1563e8c13ba/9384.tif,https://www.customs.gov.vn/index.jsp?pageId=3&id=74964&cid=1294,2014,07/2014,2026-10-08T09:19:48Z
622,9385/TB-TCHQ,28/07/2014,null,"Thông báo kết quả phân loại đối với hàng hóa xuất khẩu, nhập khẩu",74971,305,18,DA_NANG,Nguyễn Dương Thái,28/07/2014,https://files.customs.gov.vn/DA_NANG/Uploads/65e32243-11bf-4695-985d-c1563e8c13ba/9385.tif,https://www.customs.gov.vn/index.jsp?pageId=3&id=74971&cid=1294,2014,07/2014,2026-10-08T09:19:48Z
623,9386/TB-TCHQ,28/07/2014,null,"Thông báo kết quả phân loại đối với hàng hóa xuất khẩu, nhập khẩu",74976,305,18,DA_NANG,Nguyễn Dương Thái,28/07/2014,https://files.customs.gov.vn/DA_NANG/Uploads/65e32243-11bf-4695-985d-c1563e8c13ba/9386.tif,https://www.customs.gov.vn/index.jsp?pageId=3&id=74976&cid=1294,2014,07/2014,2026-10-08T09:19:48Z
624,9387/TB-TCHQ,28/07/2014,null,"Thông báo kết quả phân loại đối với hàng hóa xuất khẩu, nhập khẩu",74975,305,18,DA_NANG,Nguyễn Dương Thái,28/07/2014,https://files.customs.gov.vn/DA_NANG/Uploads/65e32243-11bf-4695-985d-c1563e8c13ba/9387.tif,https://www.customs.gov.vn/index.jsp?pageId=3&id=74975&cid=1294,2014,07/2014,2026-10-08T09:19:48Z
625,9388/TB-TCHQ,28/07/2014,null,"Thông báo kết quả phân loại đối với hàng hóa xuất khẩu, nhập khẩu",74985,305,18,DA_NANG,Nguyễn Dương Thái,28/07/2014,https://files.customs.gov.vn/DA_NANG/Uploads/65e32243-11bf-4695-985d-c1563e8c13ba/9388.tif,https://www.customs.gov.vn/index.jsp?pageId=3&id=74985&cid=1294,2014,07/2014,2026-10-08T09:19:48Z
626,9389/TB-TCHQ,28/07/2014,null,"Thông báo kết quả phân loại đối với hàng hóa xuất khẩu, nhập khẩu",74983,305,18,DA_NANG,Nguyễn Dương Thái,28/07/2014,https://files.customs.gov.vn/DA_NANG/Uploads/65e32243-11bf-4695-985d-c1563e8c13ba/9389.tif,https://www.customs.gov.vn/index.jsp?pageId=3&id=74983&cid=1294,2014,07/2014,2026-10-08T09:19:48Z
627,9390/TB-TCHQ,28/07/2014,null,"Thông báo kết quả phân loại đối với hàng hóa xuất khẩu, nhập khẩu",74982,305,18,DA_NANG,Nguyễn Dương Thái,28/07/2014,https://files.customs.gov.vn/DA_NANG/Uploads/65e32243-11bf-4695-985d-c1563e8c13ba/9390.tif,https://www.customs.gov.vn/index.jsp?pageId=3&id=74982&cid=1294,2014,07/2014,2026-10-08T09:19:48Z
628,9391/TB-TCHQ,28/07/2014,null,"Thông báo kết quả phân loại đối với hàng hóa xuất khẩu, nhập khẩu",74978,305,18,DA_NANG,Nguyễn Dương Thái,28/07/2014,https://files.customs.gov.vn/DA_NANG/Uploads/65e32243-11bf-4695-985d-c1563e8c13ba/9391.tif,https://www.customs.gov.vn/index.jsp?pageId=3&id=74978&cid=1294,2014,07/2014,2026-10-08T09:19:48Z
629,9392/TB-TCHQ,28/07/2014,null,"Thông báo kết quả phân loại đối với hàng hóa xuất khẩu, nhập khẩu",74974,305,18,DA_NANG,Nguyễn Dương Thái,28/07/2014,https://files.customs.gov.vn/DA_NANG/Uploads/65e32243-11bf-4695-985d-c1563e8c13ba/9392.tif,https://www.customs.gov.vn/index.jsp?pageId=3&id=74974&cid=1294,2014,07/2014,2026-10-08T09:19:48Z
630,9393/TB-TCHQ,28/07/2014,null,"Thông báo kết quả phân loại đối với hàng hóa xuất khẩu, nhập khẩu",74969,305,18,DA_NANG,Nguyễn Dương Thái,28/07/2014,https://files.customs.gov.vn/DA_NANG/Uploads/65e32243-11bf-4695-985d-c1563e8c13ba/9393.tif,https://www.customs.gov.vn/index.jsp?pageId=3&id=74969&cid=1294,2014,07/2014,2026-10-08T09:19:48Z
631,9394/TB-TCHQ,28/07/2014,null,"Thông báo kết quả phân loại đối với hàng hóa xuất khẩu, nhập khẩu",74979,305,18,DA_NANG,Nguyễn Dương Thái,28/07/2014,https://files.customs.gov.vn/DA_NANG/Uploads/65e32243-11bf-4695-985d-c1563e8c13ba/9394.tif,https://www.customs.gov.vn/index.jsp?pageId=3&id=74979&cid=1294,2014,07/2014,2026-10-08T09:19:48Z
632,9395/TB-TCHQ,28/07/2014,null,"Thông báo kết quả phân loại đối với hàng hóa xuất khẩu, nhập khẩu",74980,305,18,DA_NANG,Nguyễn Dương Thái,28/07/2014,https://files.customs.gov.vn/DA_NANG/Uploads/65e32243-11bf-4695-985d-c1563e8c13ba/9395.tif,https://www.customs.gov.vn/index.jsp?pageId=3&id=74980&cid=1294,2014,07/2014,2026-10-08T09:19:48Z
633,9396/TB-TCHQ,28/07/2014,null,"Thông báo kết quả phân loại đối với hàng hóa xuất khẩu, nhập khẩu",74981,305,18,DA_NANG,Nguyễn Dương Thái,28/07/2014,https://files.customs.gov.vn/DA_NANG/Uploads/65e32243-11bf-4695-985d-c1563e8c13ba/9396.tif,https://www.customs.gov.vn/index.jsp?pageId=3&id=74981&cid=1294,2014,07/2014,2026-10-08T09:19:48Z
634,9412/TB-TCHQ,28/07/2014,null,"Thông báo kết quả phân loại đối với hàng hóa xuất khẩu, nhập khẩu",74995,305,18,DA_NANG,Nguyễn Dương Thái,28/07/2014,https://files.customs.gov.vn/DA_NANG/Uploads/65e32243-11bf-4695-985d-c1563e8c13ba/9412.tif,https://www.customs.gov.vn/index.jsp?pageId=3&id=74995&cid=1294,2014,07/2014,2026-10-08T09:19:48Z
635,9413/TB-TCHQ,28/07/2014,null,"Thông báo kết quả phân loại đối với hàng hóa xuất khẩu, nhập khẩu",74984,305,18,DA_NANG,Nguyễn Dương Thái,28/07/2014,https://files.customs.gov.vn/DA_NANG/Uploads/65e32243-11bf-4695-985d-c1563e8c13ba/9413.tif,https://www.customs.gov.vn/index.jsp?pageId=3&id=74984&cid=1294,2014,07/2014,2026-10-08T09:19:48Z
636,9414/TB-TCHQ,28/07/2014,null,"Thông báo kết quả phân loại đối với hàng hóa xuất khẩu, nhập khẩu",74986,305,18,DA_NANG,Nguyễn Dương Thái,28/07/2014,https://files.customs.gov.vn/DA_NANG/Uploads/65e32243-11bf-4695-985d-c1563e8c13ba/9414.tif,https://www.customs.gov.vn/index.jsp?pageId=3&id=74986&cid=1294,2014,07/2014,2026-10-08T09:19:48Z
637,9415/TB-TCHQ,28/07/2014,null,"Thông báo kết quả phân loại đối với hàng hóa xuất khẩu, nhập khẩu",74994,305,18,DA_NANG,Nguyễn Dương Thái,28/07/2014,https://files.customs.gov.vn/DA_NANG/Uploads/65e32243-11bf-4695-985d-c1563e8c13ba/9415.tif,https://www.customs.gov.vn/index.jsp?pageId=3&id=74994&cid=1294,2014,07/2014,2026-10-08T09:19:48Z
638,9416/TB-TCHQ,28/07/2014,null,"Thông báo kết quả phân loại đối với hàng hóa xuất khẩu, nhập khẩu",74987,305,18,DA_NANG,Nguyễn Dương Thái,28/07/2014,https://files.customs.gov.vn/DA_NANG/Uploads/65e32243-11bf-4695-985d-c1563e8c13ba/9416.tif,https://www.customs.gov.vn/index.jsp?pageId=3&id=74987&cid=1294,2014,07/2014,2026-10-08T09:19:48Z
639,9417/TB-TCHQ,28/07/2014,null,"Thông báo kết quả phân loại đối với hàng hóa XK, NK",74988,305,18,DA_NANG,Nguyễn Dương Thái,28/07/2014,https://files.customs.gov.vn/DA_NANG/Uploads/65e32243-11bf-4695-985d-c1563e8c13ba/9417.tif,https://www.customs.gov.vn/index.jsp?pageId=3&id=74988&cid=1294,2014,07/2014,2026-10-08T09:19:48Z
640,9418/TB-TCHQ,28/07/2014,null,"Thông báo kết quả phân loại đối với hàng hóa XK, NK",74989,305,18,DA_NANG,Nguyễn Dương Thái,28/07/2014,https://files.customs.gov.vn/DA_NANG/Uploads/65e32243-11bf-4695-985d-c1563e8c13ba/9418.tif,https://www.customs.gov.vn/index.jsp?pageId=3&id=74989&cid=1294,2014,07/2014,2026-10-08T09:19:48Z
641,9419/TB-TCHQ,28/07/2014,null,"Thông báo kết quả phân loại đối với hàng hóa XK, NK",74990,305,18,DA_NANG,Nguyễn Dương Thái,28/07/2014,https://files.customs.gov.vn/DA_NANG/Uploads/65e32243-11bf-4695-985d-c1563e8c13ba/9419.tif,https://www.customs.gov.vn/index.jsp?pageId=3&id=74990&cid=1294,2014,07/2014,2026-10-08T09:19:48Z
642,9420/TB-TCHQ,28/07/2014,null,"Thông báo kết quả phân loại đối với hàng hóa XK, NK",74991,305,18,DA_NANG,Nguyễn Dương Thái,28/07/2014,https://files.customs.gov.vn/DA_NANG/Uploads/65e32243-11bf-4695-985d-c1563e8c13ba/9420.tif,https://www.customs.gov.vn/index.jsp?pageId=3&id=74991&cid=1294,2014,07/2014,2026-10-08T09:19:48Z
643,9421/TB-TCHQ,28/07/2014,null,"Thông báo kết quả phân loại đối với hàng hóa XK, NK",74992,305,18,DA_NANG,Nguyễn Dương Thái,28/07/2014,https://files.customs.gov.vn/DA_NANG/Uploads/65e32243-11bf-4695-985d-c1563e8c13ba/9421.tif,https://www.customs.gov.vn/index.jsp?pageId=3&id=74992&cid=1294,2014,07/2014,2026-10-08T09:19:48Z
644,9422/TB-TCHQ,28/07/2014,null,"Thông báo kết quả phân loại đối với hàng hóa XK, NK",74993,305,18,DA_NANG,Nguyễn Dương Thái,28/07/2014,https://files.customs.gov.vn/DA_NANG/Uploads/65e32243-11bf-4695-985d-c1563e8c13ba/9422.tif,https://www.customs.gov.vn/index.jsp?pageId=3&id=74993&cid=1294,2014,07/2014,2026-10-08T09:19:48Z
645,9423/TB-TCHQ,28/07/2014,null,"Thông báo kết quả phân loại đối với hàng hóa XK, NK",74977,305,18,DA_NANG,Nguyễn Dương Thái,28/07/2014,https://files.customs.gov.vn/DA_NANG/Uploads/65e32243-11bf-4695-985d-c1563e8c13ba/9423.tif,https://www.customs.gov.vn/index.jsp?pageId=3&id=74977&cid=1294,2014,07/2014,2026-10-08T09:19:48Z
646,1642/HQĐNa-ĐKS,25/07/2014,Cục Hải Quan tỉnh Đồng Nai,V/v Cấp mã địa điểm,64717,305,18,DONG_NAI,null,null,https://files.customs.gov.vn/DONG_NAI//Data/Cv_Hqdn/1642_HQDNa_DKS_25_07_2014.pdf,https://www.customs.gov.vn/index.jsp?pageId=3&id=64717&cid=1294,2014,07/2014,2026-10-08T09:19:48Z
647,1654/HQĐNa-TXNK,25/07/2014,Cục Hải Quan tỉnh Đồng Nai,V/v Cấp lại danh mục hàng hóa nhập khẩu miễn thuế tại TSCĐ (Công ty TNHH Shing Mark Vina),64716,305,18,DONG_NAI,null,null,https://files.customs.gov.vn/DONG_NAI//Data/Cv_Hqdn/1654_HQDNa_TXNK_25_07_2014.pdf,https://www.customs.gov.vn/index.jsp?pageId=3&id=64716&cid=1294,2014,07/2014,2026-10-08T09:19:48Z
648,9295/TCHQ-VNACCS,25/07/2014,Tổng cục hải quan,Công văn số 9295/TCHQ-VNACCS V/v vướng mắc khi triển khai Hệ thống VNACCS,58411,305,16,TP_HO_CHI_MINH,Vũ Ngọc Anh,25/07/2014,https://files.customs.gov.vn/CustomsCMS/TP_HO_CHI_MINH/2020/Web/Data/DocumentAttachments/9295_TCHQ-VNACCS_241161.doc,https://www.customs.gov.vn/index.jsp?pageId=3&id=58411&cid=1294,2014,07/2014,2026-10-08T09:19:48Z
649,9321/TB-TCHQ,25/07/2014,null,"Thông báo kết quả phân loại đối với hàng hóa xuất khẩu, nhập khẩu",74933,305,18,DA_NANG,Nguyễn Dương Thái,25/07/2014,https://files.customs.gov.vn/DA_NANG/Uploads/65e32243-11bf-4695-985d-c1563e8c13ba/9321.tif,https://www.customs.gov.vn/index.jsp?pageId=3&id=74933&cid=1294,2014,07/2014,2026-10-08T09:19:48Z
650,9322/TB-TCHQ,25/07/2014,null,"Thông báo kết quả phân loại đối với hàng hóa xuất khẩu, nhập khẩu",74934,305,18,DA_NANG,Nguyễn Dương Thái,25/07/2014,https://files.customs.gov.vn/DA_NANG/Uploads/65e32243-11bf-4695-985d-c1563e8c13ba/9322.tif,https://www.customs.gov.vn/index.jsp?pageId=3&id=74934&cid=1294,2014,07/2014,2026-10-08T09:19:48Z
651,9323/TB-TCHQ,25/07/2014,null,"Thông báo kết quả phân loại đối với hàng hóa xuất khẩu, nhập khẩu",74935,305,18,DA_NANG,Nguyễn Dương Thái,25/07/2014,https://files.customs.gov.vn/DA_NANG/Uploads/65e32243-11bf-4695-985d-c1563e8c13ba/9323.tif,https://www.customs.gov.vn/index.jsp?pageId=3&id=74935&cid=1294,2014,07/2014,2026-10-08T09:19:48Z
652,9324/TB-TCHQ,25/07/2014,null,"Thông báo kết quả phân loại đối với hàng hóa xuất khẩu, nhập khẩu",74936,305,18,DA_NANG,Nguyễn Dương Thái,25/07/2014,https://files.customs.gov.vn/DA_NANG/Uploads/65e32243-11bf-4695-985d-c1563e8c13ba/9324.tif,https://www.customs.gov.vn/index.jsp?pageId=3&id=74936&cid=1294,2014,07/2014,2026-10-08T09:19:48Z
653,9325/TB-TCHQ,25/07/2014,null,"Thông báo kết quả phân loại đối với hàng hóa xuất khẩu, nhập khẩu",74937,305,18,DA_NANG,Nguyễn Dương Thái,25/07/2014,https://files.customs.gov.vn/DA_NANG/Uploads/65e32243-11bf-4695-985d-c1563e8c13ba/9325.tif,https://www.customs.gov.vn/index.jsp?pageId=3&id=74937&cid=1294,2014,07/2014,2026-10-08T09:19:48Z
654,9326/TB-TCHQ,25/07/2014,null,"Thông báo kết quả phân loại đối với hàng hóa xuất khẩu, nhập khẩu",74938,305,18,DA_NANG,Nguyễn Dương Thái,25/07/2014,https://files.customs.gov.vn/DA_NANG/Uploads/65e32243-11bf-4695-985d-c1563e8c13ba/9326.tif,https://www.customs.gov.vn/index.jsp?pageId=3&id=74938&cid=1294,2014,07/2014,2026-10-08T09:19:48Z
655,9327/TB-TCHQ,25/07/2014,null,"Thông báo kết quả phân loại đối với hàng hóa xuất khẩu, nhập khẩu",74939,305,18,DA_NANG,Nguyễn Dương Thái,25/07/2014,https://files.customs.gov.vn/DA_NANG/Uploads/65e32243-11bf-4695-985d-c1563e8c13ba/9327.tif,https://www.customs.gov.vn/index.jsp?pageId=3&id=74939&cid=1294,2014,07/2014,2026-10-08T09:19:48Z
656,9328/TB-TCHQ,25/07/2014,null,"Thông báo kết quả phân loại đối với hàng hóa xuất khẩu, nhập khẩu",74940,305,18,DA_NANG,Nguyễn Dương Thái,25/07/2014,https://files.customs.gov.vn/DA_NANG/Uploads/65e32243-11bf-4695-985d-c1563e8c13ba/9328.tif,https://www.customs.gov.vn/index.jsp?pageId=3&id=74940&cid=1294,2014,07/2014,2026-10-08T09:19:48Z
657,9329/TB-TCHQ,25/07/2014,null,"Thông báo kết quả phân loại đối với hàng hóa xuất khẩu, nhập khẩu",74941,305,18,DA_NANG,Nguyễn Dương Thái,25/07/2014,https://files.customs.gov.vn/DA_NANG/Uploads/65e32243-11bf-4695-985d-c1563e8c13ba/9329.tif,https://www.customs.gov.vn/index.jsp?pageId=3&id=74941&cid=1294,2014,07/2014,2026-10-08T09:19:48Z
658,9330/TB-TCHQ,25/07/2014,null,"Thông báo kết quả phân loại đối với hàng hóa xuất khẩu, nhập khẩu",74953,305,18,DA_NANG,Nguyễn Dương Thái,25/07/2014,https://files.customs.gov.vn/DA_NANG/Uploads/65e32243-11bf-4695-985d-c1563e8c13ba/9330.tif,https://www.customs.gov.vn/index.jsp?pageId=3&id=74953&cid=1294,2014,07/2014,2026-10-08T09:19:48Z
659,9331/TB-TCHQ,25/07/2014,null,"Thông báo kết quả phân loại đối với hàng hóa xuất khẩu, nhập khẩu",74942,305,18,DA_NANG,Nguyễn Dương Thái,25/07/2014,https://files.customs.gov.vn/DA_NANG/Uploads/65e32243-11bf-4695-985d-c1563e8c13ba/9331.tif,https://www.customs.gov.vn/index.jsp?pageId=3&id=74942&cid=1294,2014,07/2014,2026-10-08T09:19:48Z
660,9332/TB-TCHQ,25/07/2014,null,"Thông báo kết quả phân loại đối với hàng hóa xuất khẩu, nhập khẩu",74944,305,18,DA_NANG,Nguyễn Dương Thái,25/07/2014,https://files.customs.gov.vn/DA_NANG/Uploads/65e32243-11bf-4695-985d-c1563e8c13ba/9332.tif,https://www.customs.gov.vn/index.jsp?pageId=3&id=74944&cid=1294,2014,07/2014,2026-10-08T09:19:48Z
661,9333/TB-TCHQ,25/07/2014,null,"Thông báo kết quả phân loại đối với hàng hóa xuất khẩu, nhập khẩu",74945,305,18,DA_NANG,Nguyễn Dương Thái,25/07/2014,https://files.customs.gov.vn/DA_NANG/Uploads/65e32243-11bf-4695-985d-c1563e8c13ba/9333.tif,https://www.customs.gov.vn/index.jsp?pageId=3&id=74945&cid=1294,2014,07/2014,2026-10-08T09:19:48Z
662,9334/TB-TCHQ,25/07/2014,null,"Thông báo kết quả phân loại đối với hàng hóa xuất khẩu, nhập khẩu",74946,305,18,DA_NANG,Nguyễn Dương Thái,25/07/2014,https://files.customs.gov.vn/DA_NANG/Uploads/65e32243-11bf-4695-985d-c1563e8c13ba/9334.tif,https://www.customs.gov.vn/index.jsp?pageId=3&id=74946&cid=1294,2014,07/2014,2026-10-08T09:19:48Z
663,9335/TB-TCHQ,25/07/2014,null,"Thông báo kết quả phân loại đối với hàng hóa xuất khẩu, nhập khẩu",74947,305,18,DA_NANG,Nguyễn Dương Thái,25/07/2014,https://files.customs.gov.vn/DA_NANG/Uploads/65e32243-11bf-4695-985d-c1563e8c13ba/9335.tif,https://www.customs.gov.vn/index.jsp?pageId=3&id=74947&cid=1294,2014,07/2014,2026-10-08T09:19:48Z
664,9336/TB-TCHQ,25/07/2014,null,"Thông báo kết quả phân loại đối với hàng hóa xuất khẩu, nhập khẩu",74948,305,18,DA_NANG,Nguyễn Dương Thái,25/07/2014,https://files.customs.gov.vn/DA_NANG/Uploads/65e32243-11bf-4695-985d-c1563e8c13ba/9336.tif,https://www.customs.gov.vn/index.jsp?pageId=3&id=74948&cid=1294,2014,07/2014,2026-10-08T09:19:48Z
665,9337/TB-TCHQ,25/07/2014,null,"Thông báo kết quả phân loại đối với hàng hóa xuất khẩu, nhập khẩu",74949,305,18,DA_NANG,Nguyễn Dương Thái,25/07/2014,https://files.customs.gov.vn/DA_NANG/Uploads/65e32243-11bf-4695-985d-c1563e8c13ba/9337.tif,https://www.customs.gov.vn/index.jsp?pageId=3&id=74949&cid=1294,2014,07/2014,2026-10-08T09:19:48Z
666,9338/TB-TCHQ,25/07/2014,null,"Thông báo kết quả phân loại đối với hàng hóa xuất khẩu, nhập khẩu",74950,305,18,DA_NANG,Nguyễn Dương Thái,25/07/2014,https://files.customs.gov.vn/DA_NANG/Uploads/65e32243-11bf-4695-985d-c1563e8c13ba/9338.tif,https://www.customs.gov.vn/index.jsp?pageId=3&id=74950&cid=1294,2014,07/2014,2026-10-08T09:19:48Z
667,9339/TB-TCHQ,25/07/2014,null,"Thông báo kết quả phân loại đối với hàng hóa xuất khẩu, nhập khẩu",74951,305,18,DA_NANG,Nguyễn Dương Thái,25/07/2014,https://files.customs.gov.vn/DA_NANG/Uploads/65e32243-11bf-4695-985d-c1563e8c13ba/9339.tif,https://www.customs.gov.vn/index.jsp?pageId=3&id=74951&cid=1294,2014,07/2014,2026-10-08T09:19:48Z
668,9340/TB-TCHQ,25/07/2014,null,"Thông báo kết quả phân loại đối với hàng hóa xuất khẩu, nhập khẩu",74952,305,18,DA_NANG,Nguyễn Dương Thái,25/07/2014,https://files.customs.gov.vn/DA_NANG/Uploads/65e32243-11bf-4695-985d-c1563e8c13ba/9340.tif,https://www.customs.gov.vn/index.jsp?pageId=3&id=74952&cid=1294,2014,07/2014,2026-10-08T09:19:48Z
669,9341/TB-TCHQ,25/07/2014,null,"Thông báo kết quả phân loại đối với hàng hóa xuất khẩu, nhập khẩu",74958,305,18,DA_NANG,Nguyễn Dương Thái,25/07/2014,https://files.customs.gov.vn/DA_NANG/Uploads/65e32243-11bf-4695-985d-c1563e8c13ba/9341.tif,https://www.customs.gov.vn/index.jsp?pageId=3&id=74958&cid=1294,2014,07/2014,2026-10-08T09:19:48Z
670,9342/TB-TCHQ,25/07/2014,null,"Thông báo kết quả phân loại đối với hàng hóa xuất khẩu, nhập khẩu",74931,305,18,DA_NANG,Nguyễn Dương Thái,25/07/2014,https://files.customs.gov.vn/DA_NANG/Uploads/65e32243-11bf-4695-985d-c1563e8c13ba/9342.tif,https://www.customs.gov.vn/index.jsp?pageId=3&id=74931&cid=1294,2014,07/2014,2026-10-08T09:19:48Z
671,9343/TB-TCHQ,25/07/2014,null,"Thông báo kết quả phân loại đối với hàng hóa xuất khẩu, nhập khẩu",74954,305,18,DA_NANG,Nguyễn Dương Thái,25/07/2014,https://files.customs.gov.vn/DA_NANG/Uploads/65e32243-11bf-4695-985d-c1563e8c13ba/9343.tif,https://www.customs.gov.vn/index.jsp?pageId=3&id=74954&cid=1294,2014,07/2014,2026-10-08T09:19:48Z
672,9344/TB-TCHQ,25/07/2014,null,"Thông báo kết quả phân loại đối với hàng hóa xuất khẩu, nhập khẩu",74943,305,18,DA_NANG,Nguyễn Dương Thái,25/07/2014,https://files.customs.gov.vn/DA_NANG/Uploads/65e32243-11bf-4695-985d-c1563e8c13ba/9344.tif,https://www.customs.gov.vn/index.jsp?pageId=3&id=74943&cid=1294,2014,07/2014,2026-10-08T09:19:48Z
673,9345/TB-TCHQ,25/07/2014,null,"Thông báo kết quả phân loại đối với hàng hóa xuất khẩu, nhập khẩu",74930,305,18,DA_NANG,Nguyễn Dương Thái,25/07/2014,https://files.customs.gov.vn/DA_NANG/Uploads/65e32243-11bf-4695-985d-c1563e8c13ba/9345.tif,https://www.customs.gov.vn/index.jsp?pageId=3&id=74930&cid=1294,2014,07/2014,2026-10-08T09:19:48Z
674,9346/TB-TCHQ,25/07/2014,null,"Thông báo kết quả phân loại đối với hàng hóa xuất khẩu, nhập khẩu",74959,305,18,DA_NANG,Nguyễn Dương Thái,25/07/2014,https://files.customs.gov.vn/DA_NANG/Uploads/65e32243-11bf-4695-985d-c1563e8c13ba/9346.tif,https://www.customs.gov.vn/index.jsp?pageId=3&id=74959&cid=1294,2014,07/2014,2026-10-08T09:19:48Z
675,9347/TB-TCHQ,25/07/2014,null,"Thông báo kết quả phân loại đối với hàng hóa xuất khẩu, nhập khẩu",74960,305,18,DA_NANG,Nguyễn Dương Thái,25/07/2014,https://files.customs.gov.vn/DA_NANG/Uploads/65e32243-11bf-4695-985d-c1563e8c13ba/9347.tif,https://www.customs.gov.vn/index.jsp?pageId=3&id=74960&cid=1294,2014,07/2014,2026-10-08T09:19:48Z
676,9348/TB-TCHQ,25/07/2014,null,"Thông báo kết quả phân loại đối với hàng hóa xuất khẩu, nhập khẩu",74961,305,18,DA_NANG,Nguyễn Dương Thái,25/07/2014,https://files.customs.gov.vn/DA_NANG/Uploads/65e32243-11bf-4695-985d-c1563e8c13ba/9348.tif,https://www.customs.gov.vn/index.jsp?pageId=3&id=74961&cid=1294,2014,07/2014,2026-10-08T09:19:48Z
677,9349/TB-TCHQ,25/07/2014,null,"Thông báo kết quả phân loại đối với hàng hóa xuất khẩu, nhập khẩu",74962,305,18,DA_NANG,Nguyễn Dương Thái,25/07/2014,https://files.customs.gov.vn/DA_NANG/Uploads/65e32243-11bf-4695-985d-c1563e8c13ba/9349.tif,https://www.customs.gov.vn/index.jsp?pageId=3&id=74962&cid=1294,2014,07/2014,2026-10-08T09:19:48Z
678,9350/TB-TCHQ,25/07/2014,null,"Thông báo kết quả phân loại đối với hàng hóa xuất khẩu, nhập khẩu",74963,305,18,DA_NANG,Nguyễn Dương Thái,25/07/2014,https://files.customs.gov.vn/DA_NANG/Uploads/65e32243-11bf-4695-985d-c1563e8c13ba/9350.tif,https://www.customs.gov.vn/index.jsp?pageId=3&id=74963&cid=1294,2014,07/2014,2026-10-08T09:19:48Z
679,9366/TB-TCHQ,25/07/2014,null,"Thông báo kết quả phân loại đối với hàng hóa xuất khẩu, nhập khẩu",74956,305,18,DA_NANG,Nguyễn Dương Thái,25/07/2014,https://files.customs.gov.vn/DA_NANG/Uploads/65e32243-11bf-4695-985d-c1563e8c13ba/9366.tif,https://www.customs.gov.vn/index.jsp?pageId=3&id=74956&cid=1294,2014,07/2014,2026-10-08T09:19:48Z
680,9215/TCHQ-VNACCS,24/07/2014,Tổng cục hải quan,V/v Chữ ký số trong khai báo phần mềm VNACCS/VCIS và bảo lãnh nộp thuế của ngân hàng (Chi nhánh Công ty CP Đại lý hàng hải Việt Nam),62603,305,16,DONG_NAI,null,null,,https://www.customs.gov.vn/index.jsp?pageId=3&id=62603&cid=1294,2014,07/2014,2026-10-08T09:19:48Z
681,9234/TB-TCHQ,24/07/2014,null,"Thông báo kết quả phân loại đối với hàng hóa xuất khẩu, nhập khẩu",74929,305,18,DA_NANG,Nguyễn Dương Thái,24/07/2014,https://files.customs.gov.vn/DA_NANG/Uploads/65e32243-11bf-4695-985d-c1563e8c13ba/9234.tif,https://www.customs.gov.vn/index.jsp?pageId=3&id=74929&cid=1294,2014,07/2014,2026-10-08T09:19:48Z
682,9235/TB-TCHQ,24/07/2014,null,"Thông báo kết quả phân loại đối với hàng hóa xuất khẩu, nhập khẩu",74928,305,18,DA_NANG,Nguyễn Dương Thái,24/07/2014,https://files.customs.gov.vn/DA_NANG/Uploads/65e32243-11bf-4695-985d-c1563e8c13ba/9235.tif,https://www.customs.gov.vn/index.jsp?pageId=3&id=74928&cid=1294,2014,07/2014,2026-10-08T09:19:48Z
683,9236/TB-TCHQ,24/07/2014,null,"Thông báo kết quả phân loại đối với hàng hóa xuất khẩu, nhập khẩu",74927,305,18,DA_NANG,Nguyễn Dương Thái,24/07/2014,https://files.customs.gov.vn/DA_NANG/Uploads/65e32243-11bf-4695-985d-c1563e8c13ba/9236.tif,https://www.customs.gov.vn/index.jsp?pageId=3&id=74927&cid=1294,2014,07/2014,2026-10-08T09:19:48Z
684,9237/TB-TCHQ,24/07/2014,null,"Thông báo kết quả phân loại đối với hàng hóa xuất khẩu, nhập khẩu",74926,305,18,DA_NANG,Nguyễn Dương Thái,24/07/2014,https://files.customs.gov.vn/DA_NANG/Uploads/65e32243-11bf-4695-985d-c1563e8c13ba/9237.tif,https://www.customs.gov.vn/index.jsp?pageId=3&id=74926&cid=1294,2014,07/2014,2026-10-08T09:19:48Z
685,9238/TB-TCHQ,24/07/2014,null,"Thông báo kết quả phân loại đối với hàng hóa xuất khẩu, nhập khẩu",74924,305,18,DA_NANG,Nguyễn Dương Thái,24/07/2014,https://files.customs.gov.vn/DA_NANG/Uploads/65e32243-11bf-4695-985d-c1563e8c13ba/9238.tif,https://www.customs.gov.vn/index.jsp?pageId=3&id=74924&cid=1294,2014,07/2014,2026-10-08T09:19:48Z
686,9239/TB-TCHQ,24/07/2014,null,"Thông báo kết quả phân loại đối với hàng hóa xuất khẩu, nhập khẩu",74923,305,18,DA_NANG,Nguyễn Dương Thái,24/07/2014,https://files.customs.gov.vn/DA_NANG/Uploads/65e32243-11bf-4695-985d-c1563e8c13ba/9239.tif,https://www.customs.gov.vn/index.jsp?pageId=3&id=74923&cid=1294,2014,07/2014,2026-10-08T09:19:48Z
687,9240/TB-TCHQ,24/07/2014,null,"Thông báo kết quả phân loại đối với hàng hóa xuất khẩu, nhập khẩu",74901,305,18,DA_NANG,Nguyễn Dương Thái,24/07/2014,https://files.customs.gov.vn/DA_NANG/Uploads/65e32243-11bf-4695-985d-c1563e8c13ba/9240.tif,https://www.customs.gov.vn/index.jsp?pageId=3&id=74901&cid=1294,2014,07/2014,2026-10-08T09:19:48Z
688,9241/TB-TCHQ,24/07/2014,null,"Thông báo kết quả phân loại đối với hàng hóa xuất khẩu, nhập khẩu",74896,305,18,DA_NANG,Nguyễn Dương Thái,24/07/2014,https://files.customs.gov.vn/DA_NANG/Uploads/65e32243-11bf-4695-985d-c1563e8c13ba/9241.tif,https://www.customs.gov.vn/index.jsp?pageId=3&id=74896&cid=1294,2014,07/2014,2026-10-08T09:19:48Z
689,9242/TB-TCHQ,24/07/2014,null,"Thông báo kết quả phân loại đối với hàng hóa xuất khẩu, nhập khẩu",74895,305,18,DA_NANG,Nguyễn Dương Thái,24/07/2014,https://files.customs.gov.vn/DA_NANG/Uploads/65e32243-11bf-4695-985d-c1563e8c13ba/9242.tif,https://www.customs.gov.vn/index.jsp?pageId=3&id=74895&cid=1294,2014,07/2014,2026-10-08T09:19:48Z
690,9243/TB-TCHQ,24/07/2014,null,"Thông báo kết quả phân loại đối với hàng hóa xuất khẩu, nhập khẩu",74894,305,18,DA_NANG,Nguyễn Dương Thái,24/07/2014,https://files.customs.gov.vn/DA_NANG/Uploads/65e32243-11bf-4695-985d-c1563e8c13ba/9243.tif,https://www.customs.gov.vn/index.jsp?pageId=3&id=74894&cid=1294,2014,07/2014,2026-10-08T09:19:48Z
691,9244/TB-TCHQ,24/07/2014,null,"Thông báo kết quả phân loại đối với hàng hóa xuất khẩu, nhập khẩu",74893,305,18,DA_NANG,Nguyễn Dương Thái,24/07/2014,https://files.customs.gov.vn/DA_NANG/Uploads/65e32243-11bf-4695-985d-c1563e8c13ba/9244.tif,https://www.customs.gov.vn/index.jsp?pageId=3&id=74893&cid=1294,2014,07/2014,2026-10-08T09:19:48Z
692,9245/TB-TCHQ,24/07/2014,null,"Thông báo kết quả phân loại đối với hàng hóa xuất khẩu, nhập khẩu",74892,305,18,DA_NANG,Nguyễn Dương Thái,24/07/2014,https://files.customs.gov.vn/DA_NANG/Uploads/65e32243-11bf-4695-985d-c1563e8c13ba/9245.tif,https://www.customs.gov.vn/index.jsp?pageId=3&id=74892&cid=1294,2014,07/2014,2026-10-08T09:19:48Z
693,9246/TB-TCHQ,24/07/2014,null,"Thông báo kết quả phân loại đối với hàng hóa xuất khẩu, nhập khẩu",74891,305,18,DA_NANG,Nguyễn Dương Thái,24/07/2014,https://files.customs.gov.vn/DA_NANG/Uploads/65e32243-11bf-4695-985d-c1563e8c13ba/9246.tif,https://www.customs.gov.vn/index.jsp?pageId=3&id=74891&cid=1294,2014,07/2014,2026-10-08T09:19:48Z
694,9247/TB-TCHQ,24/07/2014,null,"Thông báo kết quả phân loại đối với hàng hóa xuất khẩu, nhập khẩu",74925,305,18,DA_NANG,Nguyễn Dương Thái,24/07/2014,https://files.customs.gov.vn/DA_NANG/Uploads/65e32243-11bf-4695-985d-c1563e8c13ba/9247.tif,https://www.customs.gov.vn/index.jsp?pageId=3&id=74925&cid=1294,2014,07/2014,2026-10-08T09:19:48Z
695,9248/TB-TCHQ,24/07/2014,null,"Thông báo kết quả phân loại đối với hàng hóa xuất khẩu, nhập khẩu",74890,305,18,DA_NANG,Nguyễn Dương Thái,24/07/2014,https://files.customs.gov.vn/DA_NANG/Uploads/65e32243-11bf-4695-985d-c1563e8c13ba/9248.tif,https://www.customs.gov.vn/index.jsp?pageId=3&id=74890&cid=1294,2014,07/2014,2026-10-08T09:19:48Z
696,9249/TB-TCHQ,24/07/2014,null,"Thông báo kết quả phân loại đối với hàng hóa xuất khẩu, nhập khẩu",74889,305,18,DA_NANG,Nguyễn Dương Thái,24/07/2014,https://files.customs.gov.vn/DA_NANG/Uploads/65e32243-11bf-4695-985d-c1563e8c13ba/9249.tif,https://www.customs.gov.vn/index.jsp?pageId=3&id=74889&cid=1294,2014,07/2014,2026-10-08T09:19:48Z
697,9250/TB-TCHQ,24/07/2014,null,"Thông báo kết quả phân loại đối với hàng hóa xuất khẩu, nhập khẩu",74887,305,18,DA_NANG,Nguyễn Dương Thái,24/07/2014,https://files.customs.gov.vn/DA_NANG/Uploads/65e32243-11bf-4695-985d-c1563e8c13ba/9250.tif,https://www.customs.gov.vn/index.jsp?pageId=3&id=74887&cid=1294,2014,07/2014,2026-10-08T09:19:48Z
698,9251/TB-TCHQ,24/07/2014,null,"Thông báo kết quả phân loại đối với hàng hóa xuất khẩu, nhập khẩu",74897,305,18,DA_NANG,Nguyễn Dương Thái,24/07/2014,https://files.customs.gov.vn/DA_NANG/Uploads/65e32243-11bf-4695-985d-c1563e8c13ba/9251.tif,https://www.customs.gov.vn/index.jsp?pageId=3&id=74897&cid=1294,2014,07/2014,2026-10-08T09:19:48Z
699,9252/TB-TCHQ,24/07/2014,null,"Thông báo kết quả phân loại đối với hàng hóa xuất khẩu, nhập khẩu",74886,305,18,DA_NANG,Nguyễn Dương Thái,24/07/2014,https://files.customs.gov.vn/DA_NANG/Uploads/65e32243-11bf-4695-985d-c1563e8c13ba/9252.tif,https://www.customs.gov.vn/index.jsp?pageId=3&id=74886&cid=1294,2014,07/2014,2026-10-08T09:19:48Z
700,9253/TB-TCHQ,24/07/2014,null,"Thông báo kết quả phân loại đối với hàng hóa xuất khẩu, nhập khẩu",74885,305,18,DA_NANG,Nguyễn Dương Thái,24/07/2014,https://files.customs.gov.vn/DA_NANG/Uploads/65e32243-11bf-4695-985d-c1563e8c13ba/9253.tif,https://www.customs.gov.vn/index.jsp?pageId=3&id=74885&cid=1294,2014,07/2014,2026-10-08T09:19:48Z
701,9254/TB-TCHQ,24/07/2014,null,"Thông báo kết quả phân loại đối với hàng hóa xuất khẩu, nhập khẩu",74884,305,18,DA_NANG,Nguyễn Dương Thái,24/07/2014,https://files.customs.gov.vn/DA_NANG/Uploads/65e32243-11bf-4695-985d-c1563e8c13ba/9254.tif,https://www.customs.gov.vn/index.jsp?pageId=3&id=74884&cid=1294,2014,07/2014,2026-10-08T09:19:48Z
702,9255/TB-TCHQ,24/07/2014,null,"Thông báo kết quả phân loại đối với hàng hóa xuất khẩu, nhập khẩu",74883,305,18,DA_NANG,Nguyễn Dương Thái,24/07/2014,https://files.customs.gov.vn/DA_NANG/Uploads/65e32243-11bf-4695-985d-c1563e8c13ba/9255.tif,https://www.customs.gov.vn/index.jsp?pageId=3&id=74883&cid=1294,2014,07/2014,2026-10-08T09:19:48Z
703,9256/TB-TCHQ,24/07/2014,null,"Thông báo kết quả phân loại đối với hàng hóa xuất khẩu, nhập khẩu",74882,305,18,DA_NANG,Nguyễn Dương Thái,24/07/2014,https://files.customs.gov.vn/DA_NANG/Uploads/65e32243-11bf-4695-985d-c1563e8c13ba/9256.tif,https://www.customs.gov.vn/index.jsp?pageId=3&id=74882&cid=1294,2014,07/2014,2026-10-08T09:19:48Z
704,9257/TB-TCHQ,24/07/2014,null,"Thông báo kết quả phân loại đối với hàng hóa xuất khẩu, nhập khẩu",74881,305,18,DA_NANG,Nguyễn Dương Thái,24/07/2014,https://files.customs.gov.vn/DA_NANG/Uploads/65e32243-11bf-4695-985d-c1563e8c13ba/9257.tif,https://www.customs.gov.vn/index.jsp?pageId=3&id=74881&cid=1294,2014,07/2014,2026-10-08T09:19:48Z
705,9258/TB-TCHQ,24/07/2014,null,"Thông báo kết quả phân loại đối với hàng hóa xuất khẩu, nhập khẩu",74879,305,18,DA_NANG,Nguyễn Dương Thái,24/07/2014,https://files.customs.gov.vn/DA_NANG/Uploads/65e32243-11bf-4695-985d-c1563e8c13ba/1_9259.tif,https://www.customs.gov.vn/index.jsp?pageId=3&id=74879&cid=1294,2014,07/2014,2026-10-08T09:19:48Z
706,9259/TB-TCHQ,24/07/2014,null,"Thông báo kết quả phân loại đối với hàng hóa xuất khẩu, nhập khẩu",74878,305,18,DA_NANG,Nguyễn Dương Thái,24/07/2014,https://files.customs.gov.vn/DA_NANG/Uploads/65e32243-11bf-4695-985d-c1563e8c13ba/9259.tif,https://www.customs.gov.vn/index.jsp?pageId=3&id=74878&cid=1294,2014,07/2014,2026-10-08T09:19:48Z
707,9260/TB-TCHQ,24/07/2014,null,"Thông báo kết quả phân loại đối với hàng hóa xuất khẩu, nhập khẩu",74877,305,18,DA_NANG,Nguyễn Dương Thái,24/07/2014,https://files.customs.gov.vn/DA_NANG/Uploads/65e32243-11bf-4695-985d-c1563e8c13ba/9260.tif,https://www.customs.gov.vn/index.jsp?pageId=3&id=74877&cid=1294,2014,07/2014,2026-10-08T09:19:48Z
708,9261/TB-TCHQ,24/07/2014,null,"Thông báo kết quả phân loại đối với hàng hóa xuất khẩu, nhập khẩu",74888,305,18,DA_NANG,Nguyễn Dương Thái,24/07/2014,https://files.customs.gov.vn/DA_NANG/Uploads/65e32243-11bf-4695-985d-c1563e8c13ba/9261.tif,https://www.customs.gov.vn/index.jsp?pageId=3&id=74888&cid=1294,2014,07/2014,2026-10-08T09:19:48Z
709,9262/TB-TCHQ,24/07/2014,null,"Thông báo kết quả phân loại đối với hàng hóa xuất khẩu, nhập khẩu",74898,305,18,DA_NANG,Nguyễn Dương Thái,24/07/2014,https://files.customs.gov.vn/DA_NANG/Uploads/65e32243-11bf-4695-985d-c1563e8c13ba/9262.tif,https://www.customs.gov.vn/index.jsp?pageId=3&id=74898&cid=1294,2014,07/2014,2026-10-08T09:19:48Z
710,9263/TB-TCHQ,24/07/2014,null,"Thông báo kết quả phân loại đối với hàng hóa xuất khẩu, nhập khẩu",74899,305,18,DA_NANG,Nguyễn Dương Thái,24/07/2014,https://files.customs.gov.vn/DA_NANG/Uploads/65e32243-11bf-4695-985d-c1563e8c13ba/9263.tif,https://www.customs.gov.vn/index.jsp?pageId=3&id=74899&cid=1294,2014,07/2014,2026-10-08T09:19:48Z
711,9264/TB-TCHQ,24/07/2014,null,"Thông báo kết quả phân loại đối với hàng hóa xuất khẩu, nhập khẩu",74911,305,18,DA_NANG,Nguyễn Dương Thái,24/07/2014,https://files.customs.gov.vn/DA_NANG/Uploads/65e32243-11bf-4695-985d-c1563e8c13ba/9264.tif,https://www.customs.gov.vn/index.jsp?pageId=3&id=74911&cid=1294,2014,07/2014,2026-10-08T09:19:48Z
712,9265/TB-TCHQ,24/07/2014,null,"Thông báo kết quả phân loại đối với hàng hóa xuất khẩu, nhập khẩu",74900,305,18,DA_NANG,Nguyễn Dương Thái,24/07/2014,https://files.customs.gov.vn/DA_NANG/Uploads/65e32243-11bf-4695-985d-c1563e8c13ba/9265.tif,https://www.customs.gov.vn/index.jsp?pageId=3&id=74900&cid=1294,2014,07/2014,2026-10-08T09:19:48Z
713,9266/TB-TCHQ,24/07/2014,null,"Thông báo kết quả phân loại đối với hàng hóa xuất khẩu, nhập khẩu",74921,305,18,DA_NANG,Nguyễn Dương Thái,24/07/2014,https://files.customs.gov.vn/DA_NANG/Uploads/65e32243-11bf-4695-985d-c1563e8c13ba/9266.tif,https://www.customs.gov.vn/index.jsp?pageId=3&id=74921&cid=1294,2014,07/2014,2026-10-08T09:19:48Z
714,9267/TB-TCHQ,24/07/2014,null,"Thông báo kết quả phân loại đối với hàng hóa xuất khẩu, nhập khẩu",74920,305,18,DA_NANG,Nguyễn Dương Thái,24/07/2014,https://files.customs.gov.vn/DA_NANG/Uploads/65e32243-11bf-4695-985d-c1563e8c13ba/9267.tif,https://www.customs.gov.vn/index.jsp?pageId=3&id=74920&cid=1294,2014,07/2014,2026-10-08T09:19:48Z
715,9268/TB-TCHQ,24/07/2014,null,"Thông báo kết quả phân loại đối với hàng hóa xuất khẩu, nhập khẩu",74919,305,18,DA_NANG,Nguyễn Dương Thái,24/07/2014,https://files.customs.gov.vn/DA_NANG/Uploads/65e32243-11bf-4695-985d-c1563e8c13ba/9268.tif,https://www.customs.gov.vn/index.jsp?pageId=3&id=74919&cid=1294,2014,07/2014,2026-10-08T09:19:48Z
716,9269/TB-TCHQ,24/07/2014,null,"Thông báo kết quả phân loại đối với hàng hóa xuất khẩu, nhập khẩu",74918,305,18,DA_NANG,Nguyễn Dương Thái,24/07/2014,https://files.customs.gov.vn/DA_NANG/Uploads/65e32243-11bf-4695-985d-c1563e8c13ba/9269.tif,https://www.customs.gov.vn/index.jsp?pageId=3&id=74918&cid=1294,2014,07/2014,2026-10-08T09:19:48Z
717,9270/TB-TCHQ,24/07/2014,null,"Thông báo kết quả phân loại đối với hàng hóa xuất khẩu, nhập khẩu",74876,305,18,DA_NANG,Nguyễn Dương Thái,24/07/2014,https://files.customs.gov.vn/DA_NANG/Uploads/65e32243-11bf-4695-985d-c1563e8c13ba/9270.tif,https://www.customs.gov.vn/index.jsp?pageId=3&id=74876&cid=1294,2014,07/2014,2026-10-08T09:19:48Z
718,9271/TB-TCHQ,24/07/2014,null,"Thông báo kết quả phân loại đối với hàng hóa xuất khẩu, nhập khẩu",74917,305,18,DA_NANG,Nguyễn Dương Thái,24/07/2014,https://files.customs.gov.vn/DA_NANG/Uploads/65e32243-11bf-4695-985d-c1563e8c13ba/9271.tif,https://www.customs.gov.vn/index.jsp?pageId=3&id=74917&cid=1294,2014,07/2014,2026-10-08T09:19:48Z
719,9272/TB-TCHQ,24/07/2014,null,"Thông báo kết quả phân loại đối với hàng hóa xuất khẩu, nhập khẩu",74916,305,18,DA_NANG,Nguyễn Dương Thái,24/07/2014,https://files.customs.gov.vn/DA_NANG/Uploads/65e32243-11bf-4695-985d-c1563e8c13ba/9272.tif,https://www.customs.gov.vn/index.jsp?pageId=3&id=74916&cid=1294,2014,07/2014,2026-10-08T09:19:48Z
720,10710/TCHQ-GSQL,29/08/2014,null,Hướng dẫn thực hiện công văn số 17862/BTC-TCHQ,75065,305,16,DA_NANG,Vũ Ngọc Anh,29/08/2014,https://files.customs.gov.vn/DA_NANG/Uploads/65e32243-11bf-4695-985d-c1563e8c13ba/10710.tif,https://www.customs.gov.vn/index.jsp?pageId=3&id=75065&cid=1294,2014,08/2014,2026-10-08T09:19:48Z
721,10712/TB-TCHQ,29/08/2014,null,"Thông báo về kết quả phân loại đối với hàng hóa xuất khẩu, nhập khẩu",75067,305,16,DA_NANG,Nguyễn Dương Thái,29/08/2014,https://files.customs.gov.vn/DA_NANG/Uploads/65e32243-11bf-4695-985d-c1563e8c13ba/10712.tif,https://www.customs.gov.vn/index.jsp?pageId=3&id=75067&cid=1294,2014,08/2014,2026-10-08T09:19:48Z
722,2279/QĐ-BKHCN,29/08/2014,null,"Quyết định về việc ngưng hiệu lực thi hành đối với Thông tư số 20/2014/TT-BKHCN ngày 15/7/2014 quy định việc nhập khẩu máy móc, thiết bị, dây chuyền công nghệ đã qua sử dụng",75073,305,10,DA_NANG,Nguyễn Quân,01/09/2014,https://files.customs.gov.vn/DA_NANG/Uploads/65e32243-11bf-4695-985d-c1563e8c13ba/QD BKHCN ngung hieu luc TT 20-2014 thang 8-14.tif,https://www.customs.gov.vn/index.jsp?pageId=3&id=75073&cid=1294,2014,08/2014,2026-10-08T09:19:48Z
723,10700/TCHQ-TXNK,29/08/2014,Tổng cục hải quan,"V/v Phí bản quyền, phí giấy phép (Công ty TNHH Giovanni Việt Nam)",62589,305,18,DONG_NAI,null,null,,https://www.customs.gov.vn/index.jsp?pageId=3&id=62589&cid=1294,2014,08/2014,2026-10-08T09:19:48Z
724,2575/QÐ-TCHQ,29/08/2014,Tổng cục hải quan,Quyết định ban hành quy trình giám sát hải quan tại khu vực cảng biển,57271,305,10,TP_HO_CHI_MINH,Vũ Ngọc Anh,05/09/2014,https://files.customs.gov.vn/CustomsCMS/TP_HO_CHI_MINH/2020/Web/Data/DocumentAttachments/2575_QD-TCHQ_247396.doc,https://www.customs.gov.vn/index.jsp?pageId=3&id=57271&cid=1294,2014,08/2014,2026-10-08T09:19:48Z
725,12079/BTC-TCHQ,28/08/2014,null,"Chia tách, đóng gói hàng hóa vận chuyển chung container ngoài CFS",75063,305,16,DA_NANG,Đỗ Hoàng Anh Tuấn,28/08/2014,https://files.customs.gov.vn/DA_NANG/Uploads/65e32243-11bf-4695-985d-c1563e8c13ba/12079.tif,https://www.customs.gov.vn/index.jsp?pageId=3&id=75063&cid=1294,2014,08/2014,2026-10-08T09:19:48Z
726,126/2014/TT-BTC,28/08/2014,null,"Thông tư quy định một số thủ tục về kê khai, thu nộp thuế, tiền chậm nộp, tiền phạt và các khoản thu khác đối với hàng hóa xuất khẩu, nhập khẩu",75113,305,4,DA_NANG,Đỗ Hoàng Anh Tuấn,01/10/2014,https://files.customs.gov.vn/DA_NANG/Uploads/65e32243-11bf-4695-985d-c1563e8c13ba/TT 126-2014-BTC ke khai thu nop tien thue tien cham nop tien phat XK NK.tif,https://www.customs.gov.vn/index.jsp?pageId=3&id=75113&cid=1294,2014,08/2014,2026-10-08T09:19:48Z
727,12098/BTC-CST,28/08/2014,Bộ Tài chính,V/V phân loại đèn LED,56547,305,16,TP_HO_CHI_MINH,Hoàng Mạnh Tuấn,28/08/2014,https://files.customs.gov.vn/CustomsCMS/TP_HO_CHI_MINH/2020/Web/Data/DocumentAttachments/55581s1.tif,https://www.customs.gov.vn/index.jsp?pageId=3&id=56547&cid=1294,2014,08/2014,2026-10-08T09:19:48Z
728,12098/BTC-CSTT,28/08/2014,Bộ Tài chính,"V/v Phân loại đèn Led (Công ty cổ phần thiết bị chiếu sáng NCT Việt Nam; HQ các tỉnh, thành phố)",62590,305,18,DONG_NAI,null,null,,https://www.customs.gov.vn/index.jsp?pageId=3&id=62590&cid=1294,2014,08/2014,2026-10-08T09:19:48Z
729,10610/TCHQ-QLRR,27/08/2014,Tổng cục hải quan,Công văn số 10610/TCHQ-QLRR ngày 27/8/2014 của Tổng cục Hải quan về trả lời các vướng mắc trong thực hiện cập nhật tiêu chí lựa chọn trên hệ thống VCIS,59566,305,16,TONG_CUC,Quách Đăng Hòa,27/08/2014,,https://www.customs.gov.vn/index.jsp?pageId=3&id=59566&cid=1294,2014,08/2014,2026-10-08T09:19:48Z
730,1954/HQĐNa-ĐKS,27/08/2014,Cục Hải Quan tỉnh Đồng Nai,Trả lời Công ty Hữu hạn Điện cơ Shihlin Việt Nam v/v cấp mã địa điểm tập kết hàng hóa xuất khẩu,65039,305,18,DONG_NAI,null,null,https://files.customs.gov.vn/DONG_NAI//Data/Cv_Hqdn/1954_HQDNa_DKS_27_08_2014.pdf,https://www.customs.gov.vn/index.jsp?pageId=3&id=65039&cid=1294,2014,08/2014,2026-10-08T09:19:48Z
731,1959/HQĐNa-GSQL,27/08/2014,Cục Hải Quan tỉnh Đồng Nai,"V/v Sao y, cấp lại tờ khai VNACCS",65038,305,18,DONG_NAI,null,null,https://files.customs.gov.vn/DONG_NAI//Data/Cv_Hqdn/1959_HQDNa_GSQL_27_08_2014.pdf,https://www.customs.gov.vn/index.jsp?pageId=3&id=65038&cid=1294,2014,08/2014,2026-10-08T09:19:48Z
732,264/QĐ-HQCT,27/08/2014,null,Công bố Hệ thong quản lý chất lượng phù hợp tiêu chuẩn quốc gia TCVN ISO 9001:2008,67383,305,18,CAN_THO,null,27/08/2014,https://files.customs.gov.vn/CAN_THO/QÐ_264_HQCT_27082014.PDF,https://www.customs.gov.vn/index.jsp?pageId=3&id=67383&cid=1294,2014,08/2014,2026-10-08T09:19:48Z
733,47/2014/QĐ-TTg,27/08/2014,Chính phủ,V/v Ban hành Quy chế quản lý hoạt động của cảng cạn,62591,305,10,DONG_NAI,null,null,,https://www.customs.gov.vn/index.jsp?pageId=3&id=62591&cid=1294,2014,08/2014,2026-10-08T09:19:48Z
734,1143/GSQL-GQ2,26/08/2014,Tổng cục hải quan,V/v Khai báo đơn vị tính của mặt hàng vải thun theo loại hình gia công (Công ty TNHH Quốc tế Chutex),62592,305,18,DONG_NAI,null,null,,https://www.customs.gov.vn/index.jsp?pageId=3&id=62592&cid=1294,2014,08/2014,2026-10-08T09:19:48Z
735,1934/HQĐNa-ĐKS,26/08/2014,Cục Hải Quan tỉnh Đồng Nai,V/v Cấp mã địa điểm,65040,305,18,DONG_NAI,null,null,https://files.customs.gov.vn/DONG_NAI//Data/Cv_Hqdn/1934_HQDNa_DKS_26_08_2014.pdf,https://www.customs.gov.vn/index.jsp?pageId=3&id=65040&cid=1294,2014,08/2014,2026-10-08T09:19:48Z
736,10498/TB-TCHQ,25/08/2014,null,"Đính chính Thông báo kết quả phân loại hàng hóa XK, NK",75060,305,18,DA_NANG,Lê Xuân Huế,25/08/2014,https://files.customs.gov.vn/DA_NANG/Uploads/65e32243-11bf-4695-985d-c1563e8c13ba/10498.tif,https://www.customs.gov.vn/index.jsp?pageId=3&id=75060&cid=1294,2014,08/2014,2026-10-08T09:19:48Z
737,1050-10215/TB-TCHQ,25/08/2014,null,"hông báo kết quả phân loại hàng hóa XK, NK",75059,305,18,DA_NANG,NGuyễn Dương Thái,25/08/2014,https://files.customs.gov.vn/DA_NANG/Uploads/65e32243-11bf-4695-985d-c1563e8c13ba/10500-10521.tif,https://www.customs.gov.vn/index.jsp?pageId=3&id=75059&cid=1294,2014,08/2014,2026-10-08T09:19:48Z
738,11880/BTC-QLCS,25/08/2014,null,Phối hợp thực hiện xử lý hàng hóa tồn đọng trong khu vục giám sát hải quan,75058,305,16,DA_NANG,Nguyễn Hữu Chí,25/08/2014,https://files.customs.gov.vn/DA_NANG/Uploads/65e32243-11bf-4695-985d-c1563e8c13ba/11880.tif,https://www.customs.gov.vn/index.jsp?pageId=3&id=75058&cid=1294,2014,08/2014,2026-10-08T09:19:48Z
739,1922/HQĐNa-ĐKS,25/08/2014,Cục Hải Quan tỉnh Đồng Nai,Trả lời Công ty Công nghiệp Hung Cheng v/v cấp mã địa điểm tập kết hàng hóa xuất khẩu,65042,305,18,DONG_NAI,null,null,https://files.customs.gov.vn/DONG_NAI//Data/Cv_Hqdn/1922_HQDNa_DKS_25_08_2014.pdf,https://www.customs.gov.vn/index.jsp?pageId=3&id=65042&cid=1294,2014,08/2014,2026-10-08T09:19:48Z
740,1926/HQĐNa-VP,25/08/2014,Cục Hải Quan tỉnh Đồng Nai,V/v Nghỉ lễ kỷ niệm 69 năm ngày Quốc khánh nước Cộng hòa xã hội chủ nghĩa Việt Nam 02/09/2014,65041,305,18,DONG_NAI,null,null,https://files.customs.gov.vn/DONG_NAI//Data/Cv_Hqdn/1926_HQDNa_VP_25_08_2014.pdf,https://www.customs.gov.vn/index.jsp?pageId=3&id=65041&cid=1294,2014,08/2014,2026-10-08T09:19:48Z
741,1136/GSQL-GQ1,22/08/2014,Tổng cục hải quan,V/v Thực hiện Thông tư số 20/2014/TT-BKHCN (Công ty TNHH Công nghiệp Brother Việt Nam),62593,305,18,DONG_NAI,null,null,,https://www.customs.gov.vn/index.jsp?pageId=3&id=62593&cid=1294,2014,08/2014,2026-10-08T09:19:48Z
742,1910/HQĐNa-TXNK,22/08/2014,Cục Hải Quan tỉnh Đồng Nai,Trả lời Công ty TNHH Thép DongBang v/v Thuế GTGT hàng tạm xuất ra nước ngoài để sửa chữa sau đó tái nhập về VN,65044,305,18,DONG_NAI,null,null,https://files.customs.gov.vn/DONG_NAI//Data/Cv_Hqdn/1910_HQDNa_TXNK_22_08_2014.pdf,https://www.customs.gov.vn/index.jsp?pageId=3&id=65044&cid=1294,2014,08/2014,2026-10-08T09:19:48Z
743,1911/HQĐNa-TXNK,22/08/2014,Cục Hải Quan tỉnh Đồng Nai,Trả lời Công ty TNHH Jungwoo Vina v/v Điều chỉnh Danh mục hàng hóa NK miễn thuế tạo TSCĐ,65043,305,18,DONG_NAI,null,null,https://files.customs.gov.vn/DONG_NAI//Data/Cv_Hqdn/1911_HQDNa_TXNK_22_08_2014.pdf,https://www.customs.gov.vn/index.jsp?pageId=3&id=65043&cid=1294,2014,08/2014,2026-10-08T09:19:48Z
744,212/QĐ-HKLC,22/08/2014,null,"Quyết định về việc áp dụng biện pháp cưỡng chế dừng làm thủ tục hải quan đối với hàng hóa xuất khẩu, nhập khẩu",75062,305,10,DA_NANG,Trần Minh Tâm,27/08/2014,https://files.customs.gov.vn/DA_NANG/Uploads/65e32243-11bf-4695-985d-c1563e8c13ba/Quyet dinh cuong che Toan Ni.tif,https://www.customs.gov.vn/index.jsp?pageId=3&id=75062&cid=1294,2014,08/2014,2026-10-08T09:19:48Z
745,10463/TCHQ-GSQL,21/08/2014,Tổng cục hải quan,V/v quản lý XNK hóa chất tiền chất,57552,305,16,TP_HO_CHI_MINH,Hoàng Việt Cường,21/08/2014,https://files.customs.gov.vn/CustomsCMS/TP_HO_CHI_MINH/2020/Web/Data/DocumentAttachments/10463-TCHQ-GSQL.tif,https://www.customs.gov.vn/index.jsp?pageId=3&id=57552&cid=1294,2014,08/2014,2026-10-08T09:19:48Z
746,1900/HQĐNa-ĐKS,21/08/2014,Cục Hải Quan tỉnh Đồng Nai,V/v Cấp mã địa điểm,65047,305,18,DONG_NAI,null,null,https://files.customs.gov.vn/DONG_NAI//Data/Cv_Hqdn/1900_HQDNa_DKS_21_08_2014.pdf,https://www.customs.gov.vn/index.jsp?pageId=3&id=65047&cid=1294,2014,08/2014,2026-10-08T09:19:48Z
747,1901/HQĐNa-ĐKS,21/08/2014,Cục Hải Quan tỉnh Đồng Nai,Trả lời Công ty TNHH Minh Huy v/v cam kết kho bãi đủ điều kiện bảo quản hàng hóa chờ kết quả kiểm tra chuyên ngành,65046,305,18,DONG_NAI,null,null,https://files.customs.gov.vn/DONG_NAI//Data/Cv_Hqdn/1901_HQDNa_DKS_21_08_2014.pdf,https://www.customs.gov.vn/index.jsp?pageId=3&id=65046&cid=1294,2014,08/2014,2026-10-08T09:19:48Z
748,1903/HQĐNa-GSQL,21/08/2014,Cục Hải Quan tỉnh Đồng Nai,Trả lời Công ty TNHH Yusen Logistics VN v/v Thủ tục nhập khẩu đối với nhà thầu nước ngoài trong lĩnh vực xây dựng,65045,305,18,DONG_NAI,null,null,https://files.customs.gov.vn/DONG_NAI//Data/Cv_Hqdn/1903_HQDNa_GSQL_21_08_2014.pdf,https://www.customs.gov.vn/index.jsp?pageId=3&id=65045&cid=1294,2014,08/2014,2026-10-08T09:19:48Z
749,10405/TCHQ-TXNK,20/08/2014,Tổng cục hải quan,V/v Sử dụng bản sao giấy nộp tiền vào NSNN (Công ty TNHH Bayer Việt Nam),62595,305,18,DONG_NAI,null,null,,https://www.customs.gov.vn/index.jsp?pageId=3&id=62595&cid=1294,2014,08/2014,2026-10-08T09:19:48Z
750,10423-10486/TB-TCHQ,20/08/2014,null,"Thông báo kết quả phân loại đối với hàng hóa xuất khẩu, nhập khẩu",75052,305,18,DA_NANG,Nguyễn Dương Thái,20/08/2014,https://files.customs.gov.vn/DA_NANG/Uploads/65e32243-11bf-4695-985d-c1563e8c13ba/10423-10486.tif,https://www.customs.gov.vn/index.jsp?pageId=3&id=75052&cid=1294,2014,08/2014,2026-10-08T09:19:48Z
751,1131/GSQL-GQ1,20/08/2014,Tổng cục hải quan,"V/v Xin sửa chữa, bổ sung tờ khai sau thông quan (Công ty TNHH ABB - Chi nhánh Bắc Ninh)",62596,305,18,DONG_NAI,null,null,,https://www.customs.gov.vn/index.jsp?pageId=3&id=62596&cid=1294,2014,08/2014,2026-10-08T09:19:48Z
752,11674/BTC-TCHQ,20/08/2014,Bộ Tài chính,V/v Thủ tục khai báo hải quan (Công ty TNHH MTV Giái pháp công nghệ truyền thông VTC (VTC Comtech)),62594,305,18,DONG_NAI,null,null,,https://www.customs.gov.vn/index.jsp?pageId=3&id=62594&cid=1294,2014,08/2014,2026-10-08T09:19:48Z
753,10318-10360/TB-TCHQ,19/08/2014,null,"Thông báo kết quả phân loại đối với hàng hóa xuất khẩu, nhập khẩu",75048,305,18,DA_NANG,Nguyễn Dương Thái,19/08/2014,https://files.customs.gov.vn/DA_NANG/Uploads/65e32243-11bf-4695-985d-c1563e8c13ba/10318-10360.tif,https://www.customs.gov.vn/index.jsp?pageId=3&id=75048&cid=1294,2014,08/2014,2026-10-08T09:19:48Z
754,11613/BTC-TCT,19/08/2014,Bộ Tài chính,V/v chính sách thuế GTGT đối với mặt hàng bông,58594,305,16,TP_HO_CHI_MINH,Đỗ Hoàng Anh Tuấn,19/08/2014,https://files.customs.gov.vn/CustomsCMS/TP_HO_CHI_MINH/2020/Web/Data/DocumentAttachments/11613-BTC-TCT.tif,https://www.customs.gov.vn/index.jsp?pageId=3&id=58594&cid=1294,2014,08/2014,2026-10-08T09:19:48Z
755,111/2014/TT-BTC,18/08/2014,null,"Thông tư sửa đổi mức thuế suất thuế xuất khẩu mặt hàng cao su thuộc nhóm 40.01, 40.02, 40.05 quy định tại Biểu thuế xuất khẩu ban hành kèm theo Thông tư số 164/2013/TT-BTC ngày 15/11/2013",75116,305,4,DA_NANG,Đỗ Hoàng Anh Tuấn,02/10/2014,https://files.customs.gov.vn/DA_NANG/Uploads/65e32243-11bf-4695-985d-c1563e8c13ba/tt111.tif,https://www.customs.gov.vn/index.jsp?pageId=3&id=75116&cid=1294,2014,08/2014,2026-10-08T09:19:48Z
756,10291-10295/TB-TCHQ,18/08/2014,null,"Thông báo kết quả phân loại đối với hàng hóa xuất khẩu, nhập khẩu",75047,305,18,DA_NANG,Nguyễn Dương Thái,18/08/2014,https://files.customs.gov.vn/DA_NANG/Uploads/65e32243-11bf-4695-985d-c1563e8c13ba/10291-10295.tif,https://www.customs.gov.vn/index.jsp?pageId=3&id=75047&cid=1294,2014,08/2014,2026-10-08T09:19:48Z
757,1861/HQĐNa-TXNK,18/08/2014,Cục Hải Quan tỉnh Đồng Nai,V/v Điều chỉnh Danh mục hàng hóa nhập khẩu miễn thuế (Công ty TNHH Bao bì nước giải khát Crown Đồng Nai),65049,305,18,DONG_NAI,null,null,https://files.customs.gov.vn/DONG_NAI//Data/Cv_Hqdn/1861_HQDNa_TXNK_18_08_2014.pdf,https://www.customs.gov.vn/index.jsp?pageId=3&id=65049&cid=1294,2014,08/2014,2026-10-08T09:19:48Z
758,1863/HQĐNa-TXNK,18/08/2014,Cục Hải Quan tỉnh Đồng Nai,V/v Thủ tục và thuế suất xuất khẩu khí CNG của Công ty TNHH Khí hóa lỏng Vĩnh Phú,65048,305,18,DONG_NAI,null,null,https://files.customs.gov.vn/DONG_NAI//Data/Cv_Hqdn/1863_HQDNa_TXNK_18_08_2014.pdf,https://www.customs.gov.vn/index.jsp?pageId=3&id=65048&cid=1294,2014,08/2014,2026-10-08T09:19:48Z
759,10248/TCHQ-GSQL,15/08/2014,null,C/O mẫu AJ sửa đổi,75046,305,16,DA_NANG,Vũ Ngọc Anh,15/08/2014,https://files.customs.gov.vn/DA_NANG/Uploads/65e32243-11bf-4695-985d-c1563e8c13ba/10248.tif,https://www.customs.gov.vn/index.jsp?pageId=3&id=75046&cid=1294,2014,08/2014,2026-10-08T09:19:48Z
760,109/2014/TT-BTC,15/08/2014,null,"Thông tư hướng dẫn thực hiện một số điều của Quyết định số 72/2013/QĐ-TTg ngày 26/11/2013 của Thủ tướng Chính phủ quy định cơ chế, chính sách tài chính đối với khu kinh tế cửa khẩu",75114,305,4,DA_NANG,Đỗ Hoàng Anh Tuấn,01/10/2014,https://files.customs.gov.vn/DA_NANG/Uploads/65e32243-11bf-4695-985d-c1563e8c13ba/TT 109-2014-BTC KKT cua khau.tif,https://www.customs.gov.vn/index.jsp?pageId=3&id=75114&cid=1294,2014,08/2014,2026-10-08T09:19:48Z
761,1837/HQĐNa-TXNK,15/08/2014,Cục Hải Quan tỉnh Đồng Nai,Trả lời Công ty TNHH Hưng Nghiệp Formosa v/v đề nghị hướng dẫn hàng phế phẩm và phế liệu có được tính vào định mức của sản phẩm xuất khẩu,65052,305,18,DONG_NAI,null,null,https://files.customs.gov.vn/DONG_NAI//Data/Cv_Hqdn/1837_HQDNa_TXNK_15_08_2014.pdf,https://www.customs.gov.vn/index.jsp?pageId=3&id=65052&cid=1294,2014,08/2014,2026-10-08T09:19:48Z
762,1838/HQĐNa-TXNK,15/08/2014,Cục Hải Quan tỉnh Đồng Nai,V/v Hàng hóa nhập khẩu đưa về kho bảo quản chờ kết quả kiểm dịch,65051,305,18,DONG_NAI,null,null,https://files.customs.gov.vn/DONG_NAI//Data/Cv_Hqdn/1838_HQDNa_TXNK_15_08_2014.pdf,https://www.customs.gov.vn/index.jsp?pageId=3&id=65051&cid=1294,2014,08/2014,2026-10-08T09:19:48Z
763,1854/HQĐNa-TXNK,15/08/2014,Cục Hải Quan tỉnh Đồng Nai,V/v Xử lý thuế GTGT và thuế thu nhập doanh nghiệp đối với Công ty TNHH Muto VN,65050,305,18,DONG_NAI,null,null,https://files.customs.gov.vn/DONG_NAI//Data/Cv_Hqdn/1854_HQDNa_TXNK_15_08_2014.pdf,https://www.customs.gov.vn/index.jsp?pageId=3&id=65050&cid=1294,2014,08/2014,2026-10-08T09:19:48Z
764,11352/BTC-TCHQ,14/08/2014,null,Hóa đơn hàng XK,75044,305,16,DA_NANG,Đỗ Hoàng Anh Tuấn,14/08/2014,https://files.customs.gov.vn/DA_NANG/Uploads/65e32243-11bf-4695-985d-c1563e8c13ba/11352.tif,https://www.customs.gov.vn/index.jsp?pageId=3&id=75044&cid=1294,2014,08/2014,2026-10-08T09:19:48Z
765,1831/HQĐNa-ĐKS,14/08/2014,Cục Hải Quan tỉnh Đồng Nai,V/v Cấp mã địa điểm,65053,305,18,DONG_NAI,null,null,https://files.customs.gov.vn/DONG_NAI//Data/Cv_Hqdn/1831_HQDNa_DKS_14_08_2014.pdf,https://www.customs.gov.vn/index.jsp?pageId=3&id=65053&cid=1294,2014,08/2014,2026-10-08T09:19:48Z
766,10161/TCHQ-GSQL,13/08/2014,Tổng cục hải quan,V/v Giấy chứng nhận hợp quy (Công ty TNHH LG Electronics Việt Nam; Công ty Cổ phần truyền thông số 1),62597,305,18,DONG_NAI,null,null,https://files.customs.gov.vn/DONG_NAI//Data/CV_TCHQ/10161_TCHQ_GSQL_13_08_2014.pdf,https://www.customs.gov.vn/index.jsp?pageId=3&id=62597&cid=1294,2014,08/2014,2026-10-08T09:19:48Z
767,10183-10230/TB-TCHQ,13/08/2014,null,"Thông báo kết quả phân loại đối với hàng hóa xuất khẩu, nhập khẩu",75042,305,18,DA_NANG,Nguyễn Dương Thái,13/08/2014,https://files.customs.gov.vn/DA_NANG/Uploads/65e32243-11bf-4695-985d-c1563e8c13ba/10183-10230.tif,https://www.customs.gov.vn/index.jsp?pageId=3&id=75042&cid=1294,2014,08/2014,2026-10-08T09:19:48Z
768,1816/HQĐNa-ĐKS,13/08/2014,Cục Hải Quan tỉnh Đồng Nai,V/v Cấp mã địa điểm,65054,305,18,DONG_NAI,null,null,https://files.customs.gov.vn/DONG_NAI//Data/Cv_Hqdn/1816_HQDNa_DKS_13_08_2014.pdf,https://www.customs.gov.vn/index.jsp?pageId=3&id=65054&cid=1294,2014,08/2014,2026-10-08T09:19:48Z
769,10090-10158/TB-TCHQ,12/08/2014,null,"V/v Thông báo kết quả phân loại hàng hóa XK, NK",75039,305,18,DA_NANG,Nguyễn Dương Thái,12/08/2014,https://files.customs.gov.vn/DA_NANG/Uploads/65e32243-11bf-4695-985d-c1563e8c13ba/10090-10158.tif,https://www.customs.gov.vn/index.jsp?pageId=3&id=75039&cid=1294,2014,08/2014,2026-10-08T09:19:48Z
770,10015/TCHQ-GSQL,11/08/2014,null,Chấn chỉnh việc thực hiện thủ tục hải quan,75036,305,16,DA_NANG,PTCT Vũ Ngọc Anh,11/08/2014,https://files.customs.gov.vn/DA_NANG/Uploads/65e32243-11bf-4695-985d-c1563e8c13ba/10015.tif,https://www.customs.gov.vn/index.jsp?pageId=3&id=75036&cid=1294,2014,08/2014,2026-10-08T09:19:48Z
771,1093/GSQL-GQ3,11/08/2014,null,Mua bán hơi nước bão hòa khô,75035,305,16,DA_NANG,Nguyễn Nhất Kha,11/08/2014,https://files.customs.gov.vn/DA_NANG/Uploads/65e32243-11bf-4695-985d-c1563e8c13ba/1093.tif,https://www.customs.gov.vn/index.jsp?pageId=3&id=75035&cid=1294,2014,08/2014,2026-10-08T09:19:48Z
772,10020-10073/TB-TCHQ,11/08/2014,null,"Thông báo kết quả phân loại hàng hóa xuát khảu, nhập khẩu",75037,305,18,DA_NANG,Nguyễn Dương Thái,11/08/2014,https://files.customs.gov.vn/DA_NANG/Uploads/65e32243-11bf-4695-985d-c1563e8c13ba/10020-10073.tif,https://www.customs.gov.vn/index.jsp?pageId=3&id=75037&cid=1294,2014,08/2014,2026-10-08T09:19:48Z
773,1094/GSQL-TH,11/08/2014,Bộ Công nghiệp,V/v vướng mắc C/O mẫu E (công văn số 1094/GSQL-TH ngày 11/8/2014) - Công ty TNHH Loreal Việt Nam.,58724,305,16,TP_HO_CHI_MINH,Âu Anh Tuấn,11/08/2014,https://files.customs.gov.vn/CustomsCMS/TP_HO_CHI_MINH/2020/Web/Data/DocumentAttachments/1094-GSQL-TH.tif,https://www.customs.gov.vn/index.jsp?pageId=3&id=58724&cid=1294,2014,08/2014,2026-10-08T09:19:48Z
774,9992/TCHQ-VNACCS,11/08/2014,Chính phủ,Công văn số 9992/TCHQ-VNACCS ngày 11/8/2014 của Tổng cục Hải quan về không gửi báo cáo về triển khai Hệ thống VNACCS/VCIS,59564,305,16,TONG_CUC,Vũ Ngọc Anh,11/08/2014,https://files.customs.gov.vn/van_ban_phap_luat/Lists/VanBanPhapLuat/Attachments/7736/CV99922014TCHQ.tif,https://www.customs.gov.vn/index.jsp?pageId=3&id=59564&cid=1294,2014,08/2014,2026-10-08T09:19:48Z
775,1756/HQĐNa-ĐKS,08/08/2014,Cục Hải Quan tỉnh Đồng Nai,V/v Cấp mã địa điểm,65055,305,18,DONG_NAI,null,null,https://files.customs.gov.vn/DONG_NAI//Data/Cv_Hqdn/1756_HQDNa_DKS_08_08_2014.pdf,https://www.customs.gov.vn/index.jsp?pageId=3&id=65055&cid=1294,2014,08/2014,2026-10-08T09:19:48Z
776,9969/TCHQ-TXNK,08/08/2014,Tổng cục hải quan,V/v Hoàn thuế kiêm bù trừ (Công ty TNHH Đức Trà; HQ Lạng Sơn),62598,305,18,DONG_NAI,null,null,,https://www.customs.gov.vn/index.jsp?pageId=3&id=62598&cid=1294,2014,08/2014,2026-10-08T09:19:48Z
777,2344/QĐ-TCHQ,07/08/2014,null,Quyết định ban hành quy trình về giám sát hải quan tại khu vực cửa khẩu biên giới đường bộ và biên giới đường sông,75057,305,10,DA_NANG,PTCT Vũ Ngọc Anh,25/08/2014,https://files.customs.gov.vn/DA_NANG/Uploads/65e32243-11bf-4695-985d-c1563e8c13ba/QD 2344-TCHQ -2014 GSHQ tai CK bien gioi duong bo - duong song.tif,https://www.customs.gov.vn/index.jsp?pageId=3&id=75057&cid=1294,2014,08/2014,2026-10-08T09:19:48Z
778,1083/GSQL-TH,07/08/2014,Bộ Công nghiệp,V/v ghi nhãn hàng hóa (công văn số 1083/GSQL-TH ngày 07/8/2014) - Cục Hải quan TP. Hồ Chí Minh.,53588,305,16,TP_HO_CHI_MINH,Âu Anh Tuấn,07/08/2014,https://files.customs.gov.vn/CustomsCMS/TP_HO_CHI_MINH/2020/Web/Data/DocumentAttachments/1083-GSQL-TH.tif,https://www.customs.gov.vn/index.jsp?pageId=3&id=53588&cid=1294,2014,08/2014,2026-10-08T09:19:48Z
779,1749/HQĐNa-TXNK,07/08/2014,Cục Hải Quan tỉnh Đồng Nai,V/v Đăng ký danh mục hàng hóa nhập khẩu miễn thuế tạo TSCĐ (Nhà máy ấp trứng - Chi nhánh Công ty TNHH Sunjin Vina),65056,305,18,DONG_NAI,null,null,https://files.customs.gov.vn/DONG_NAI//Data/Cv_Hqdn/1749_HQDNa_TXNK_07_08_2014.pdf,https://www.customs.gov.vn/index.jsp?pageId=3&id=65056&cid=1294,2014,08/2014,2026-10-08T09:19:48Z
780,9895-9977/TB-TCHQ,07/08/2014,null,"Thông báo kết quả phân loại hàng hóa xuát khảu, nhập khẩu",75029,305,18,DA_NANG,Nguyễn Dương Thái,07/08/2014,https://files.customs.gov.vn/DA_NANG/Uploads/65e32243-11bf-4695-985d-c1563e8c13ba/9895-9977.tif,https://www.customs.gov.vn/index.jsp?pageId=3&id=75029&cid=1294,2014,08/2014,2026-10-08T09:19:48Z
781,9874/TCHQ-GSQL,06/08/2014,null,Xác nhận hàng hóa đã XK trên tờ khai cung ứng (tái xuất) xăng dầu cho tàu biển chạy tuyến quốc tế xuất cảnh,75028,305,16,DA_NANG,PTCT Vũ Ngọc Anh,06/08/2014,https://files.customs.gov.vn/DA_NANG/Uploads/65e32243-11bf-4695-985d-c1563e8c13ba/9874 xac nhan hang da XK tren TK cung ung - TX xang dau cho tau bien QT XC thang 8-14.tif,https://www.customs.gov.vn/index.jsp?pageId=3&id=75028&cid=1294,2014,08/2014,2026-10-08T09:19:48Z
782,9876/TCHQ-GSQL,06/08/2014,null,"Thủ tục TN-TX hàng để trưng bày, giới thiệu sản phẩm",75027,305,16,DA_NANG,PTCT Vũ Ngọc Anh,06/08/2014,https://files.customs.gov.vn/DA_NANG/Uploads/65e32243-11bf-4695-985d-c1563e8c13ba/9876 TNTX hang trung bay - gioi thieu sp thang 8-14.tif,https://www.customs.gov.vn/index.jsp?pageId=3&id=75027&cid=1294,2014,08/2014,2026-10-08T09:19:48Z
783,1735/HQĐNa-TCCB,06/08/2014,Cục Hải Quan tỉnh Đồng Nai,V/v Tiếp nhận hồ sơ của doanh nghiệp tại Cục Hải quan Đồng Nai,64705,305,18,DONG_NAI,null,null,https://files.customs.gov.vn/DONG_NAI//Data/Cv_Hqdn/1735_HQDNa_TCCB_06_08_2014.pdf,https://www.customs.gov.vn/index.jsp?pageId=3&id=64705&cid=1294,2014,08/2014,2026-10-08T09:19:48Z
784,1740/HQĐNa-GSQL,06/08/2014,Cục Hải Quan tỉnh Đồng Nai,Trả lời Công ty TNHH FC Việt Nam v/v Hướng dẫn thủ tục nhập khẩu máy móc thiết bị đã qua sử dụng,65059,305,18,DONG_NAI,null,null,https://files.customs.gov.vn/DONG_NAI//Data/Cv_Hqdn/1740_HQDNa_GSQL_06_08_2014.pdf,https://www.customs.gov.vn/index.jsp?pageId=3&id=65059&cid=1294,2014,08/2014,2026-10-08T09:19:48Z
785,1741/HQĐNa-ĐKS,06/08/2014,Cục Hải Quan tỉnh Đồng Nai,V/v Cấp mã địa điểm,65057,305,18,DONG_NAI,null,null,https://files.customs.gov.vn/DONG_NAI//Data/Cv_Hqdn/1741_HQDNa_DKS_06_08_2014.pdf,https://www.customs.gov.vn/index.jsp?pageId=3&id=65057&cid=1294,2014,08/2014,2026-10-08T09:19:48Z
786,5212/BYT-DP,06/08/2014,Chính phủ,Công văn số 5212/BYT-DP ngày 06/8/2014 của Bộ Y tế Về việc áp dụng tờ khai y tế đối với người nhập cảnh,59565,305,16,TONG_CUC,Nguyễn Thanh Long,06/08/2014,https://files.customs.gov.vn/van_ban_phap_luat/Lists/VanBanPhapLuat/Attachments/7737/cong van 5212.pdf,https://www.customs.gov.vn/index.jsp?pageId=3&id=59565&cid=1294,2014,08/2014,2026-10-08T09:19:48Z
787,9871/TCHQ-GSQL,06/08/2014,Tổng cục hải quan,V/v Thủ tục hải quan đối với hàng hóa GC của DNCX (Công ty TNHH Osawa Việt Nam),62599,305,18,DONG_NAI,null,null,,https://www.customs.gov.vn/index.jsp?pageId=3&id=62599&cid=1294,2014,08/2014,2026-10-08T09:19:48Z
788,1725/HQĐNa-TXNK,05/08/2014,Cục Hải Quan tỉnh Đồng Nai,V/v Đăng ký danh mục hàng hóa nhập khẩu miễn thuế tạo TSCĐ (Công ty TNHH CJ Vina Agri - Chi nhánh Đồng Nai),64706,305,18,DONG_NAI,null,null,https://files.customs.gov.vn/DONG_NAI//Data/Cv_Hqdn/1725_HQDNa_TXNK_05_08_2014.pdf,https://www.customs.gov.vn/index.jsp?pageId=3&id=64706&cid=1294,2014,08/2014,2026-10-08T09:19:48Z
789,9773-9858/TB-TCHQ,05/08/2014,null,"Thông báo két quả phân loại đối với hàng hóa XK, NK",75026,305,18,DA_NANG,Nguyễn Dương Thái,05/08/2014,https://files.customs.gov.vn/DA_NANG/Uploads/65e32243-11bf-4695-985d-c1563e8c13ba/9773-9858.tif,https://www.customs.gov.vn/index.jsp?pageId=3&id=75026&cid=1294,2014,08/2014,2026-10-08T09:19:48Z
790,9807/TCHQ-TXNK,05/08/2014,Tổng cục hải quan,V/v Thuế giá trị gia tăng (Công ty TNHH TM DV Quý Thị),62600,305,18,DONG_NAI,null,null,,https://www.customs.gov.vn/index.jsp?pageId=3&id=62600&cid=1294,2014,08/2014,2026-10-08T09:19:48Z
791,1716/HQĐNa-CCHĐH,04/08/2014,Cục Hải Quan tỉnh Đồng Nai,Trả lời Công ty TNHH Yuan Chang v/v hoàn thuế xuất khẩu từ nguyên liệu nhập khẩu,64707,305,18,DONG_NAI,null,null,https://files.customs.gov.vn/DONG_NAI//Data/Cv_Hqdn/1716_HQDNa_CCHDH_04_08_2014.pdf,https://www.customs.gov.vn/index.jsp?pageId=3&id=64707&cid=1294,2014,08/2014,2026-10-08T09:19:48Z
792,56/NQ-CP,04/08/2014,Chính phủ,Nghị quyết 56/NQ-CP về phiên họp Chính phủ thường kỳ tháng 7 năm 2014,59563,305,7,TONG_CUC,Nguyễn Tấn Dũng,04/08/2014,https://files.customs.gov.vn/van_ban_phap_luat/Lists/VanBanPhapLuat/Attachments/7726/NQ562014CP.doc,https://www.customs.gov.vn/index.jsp?pageId=3&id=59563&cid=1294,2014,08/2014,2026-10-08T09:19:48Z
793,9728-9758/TB-TCHQ,04/08/2014,null,"Thông báo kết quả phân loại đối với hàng hóa xuất khẩu, nhập khẩu",75024,305,18,DA_NANG,Nguyễn Dương Thái,04/08/2014,https://files.customs.gov.vn/DA_NANG/Uploads/65e32243-11bf-4695-985d-c1563e8c13ba/9728-9758.tif,https://www.customs.gov.vn/index.jsp?pageId=3&id=75024&cid=1294,2014,08/2014,2026-10-08T09:19:48Z
794,9731-9739/TB-TCHQ,04/08/2014,null,"Thông báo kết quả phân loại đối với hàng hóa xuất khẩu, nhập khẩu",75023,305,18,DA_NANG,Nguyễn Dương Thái,04/08/2014,https://files.customs.gov.vn/DA_NANG/Uploads/65e32243-11bf-4695-985d-c1563e8c13ba/9731-9739.tif,https://www.customs.gov.vn/index.jsp?pageId=3&id=75023&cid=1294,2014,08/2014,2026-10-08T09:19:48Z
795,9744/TCHQ-TXNK,04/08/2014,null,V/v phân loại ổ cứng di động,75025,305,18,DA_NANG,Nguyễn Dương Thái,04/08/2014,https://files.customs.gov.vn/DA_NANG/Uploads/65e32243-11bf-4695-985d-c1563e8c13ba/9744.tif,https://www.customs.gov.vn/index.jsp?pageId=3&id=75025&cid=1294,2014,08/2014,2026-10-08T09:19:48Z
796,1709/HQĐNa-TXNK,01/08/2014,Cục Hải Quan tỉnh Đồng Nai,V/v Đăng ký Danh mục hàng hóa nhập khẩu miễn thuế thay thế MMTB bị hư hại (Công ty TNHH Noroo-Nanpao Paints & Coatings Việt Nam),64711,305,18,DONG_NAI,null,null,https://files.customs.gov.vn/DONG_NAI//Data/Cv_Hqdn/1709_HQDNa_TXNK_01_08_2014.pdf,https://www.customs.gov.vn/index.jsp?pageId=3&id=64711&cid=1294,2014,08/2014,2026-10-08T09:19:48Z
797,1710/HQĐNa-TXNK,01/08/2014,Cục Hải Quan tỉnh Đồng Nai,V/v Xác định lĩnh vực ưu đãi về thuế nhập khẩu,64710,305,18,DONG_NAI,null,null,https://files.customs.gov.vn/DONG_NAI//Data/Cv_Hqdn/1710_HQDNa_TXNK_01_08_2014.pdf,https://www.customs.gov.vn/index.jsp?pageId=3&id=64710&cid=1294,2014,08/2014,2026-10-08T09:19:48Z
798,1713/HQĐNa-ĐKS,01/08/2014,Cục Hải Quan tỉnh Đồng Nai,V/v Cấp mã địa điểm,64709,305,18,DONG_NAI,null,null,https://files.customs.gov.vn/DONG_NAI//Data/Cv_Hqdn/1713_HQDNa_DKS_01_08_2014.pdf,https://www.customs.gov.vn/index.jsp?pageId=3&id=64709&cid=1294,2014,08/2014,2026-10-08T09:19:48Z
799,1714/HQĐNa-ĐKS,01/08/2014,Cục Hải Quan tỉnh Đồng Nai,V/v Cấp mã địa điểm,64708,305,18,DONG_NAI,null,null,https://files.customs.gov.vn/DONG_NAI//Data/Cv_Hqdn/1714_HQDNa_DKS_01_08_2014.pdf,https://www.customs.gov.vn/index.jsp?pageId=3&id=64708&cid=1294,2014,08/2014,2026-10-08T09:19:48Z
800,18/2014/TT-NHNNVN,01/08/2014,null,Thông tư Hướng dẫn hoạt động NK hàng hóa thuộc diện quản lý chuyên ngành của Ngân hàng Nhà nước VN,75099,305,4,DA_NANG,Đàm Minh Tú,15/09/2014,https://files.customs.gov.vn/DA_NANG/Uploads/65e32243-11bf-4695-985d-c1563e8c13ba/TT 18-2014-NHNN hdan NK hh qly chuyen nganh.tif,https://www.customs.gov.vn/index.jsp?pageId=3&id=75099&cid=1294,2014,08/2014,2026-10-08T09:19:48Z
801,9619/TCHQ-GSQL,01/08/2014,Tổng cục hải quan,V/v C/O mẫu AK cấp sau (công văn số 9619/TCHQ-GSQL ngày 01/8/2014) - Cục Hải quan TP. Hải Phòng.,57416,305,16,TP_HO_CHI_MINH,Vũ Ngọc Anh,01/08/2014,https://files.customs.gov.vn/CustomsCMS/TP_HO_CHI_MINH/2020/Web/Data/DocumentAttachments/9619-TCHQ-GSQL.tif,https://www.customs.gov.vn/index.jsp?pageId=3&id=57416&cid=1294,2014,08/2014,2026-10-08T09:19:48Z
802,9621/TCHQ-GSQL,01/08/2014,Tổng cục hải quan,V/v Thủ tục hải quan đối với hàng hóa của DNCX (Công ty TNHH Xây dựng Mirae),62601,305,18,DONG_NAI,null,null,,https://www.customs.gov.vn/index.jsp?pageId=3&id=62601&cid=1294,2014,08/2014,2026-10-08T09:19:48Z
803,"11819-11833,11844/TB-TCHQ",30/09/2014,null,"Thông báo về kết quả phân loại đối với hàng hóa xuất khẩu, nhập khẩu",75112,305,18,DA_NANG,Nguyễn Dương Thái,30/09/2014,https://files.customs.gov.vn/DA_NANG/Uploads/65e32243-11bf-4695-985d-c1563e8c13ba/11819.tif,https://www.customs.gov.vn/index.jsp?pageId=3&id=75112&cid=1294,2014,09/2014,2026-10-08T09:19:48Z
804,11848/TCHQ-TXNK,30/09/2014,Tổng cục hải quan,V/v Phân loại hàng hóa và thuế GTGT sinh phẩm y tế (Công ty TNHH Thương mại dịch vụ kỹ thuật Lục Tinh),62577,305,18,DONG_NAI,null,null,https://files.customs.gov.vn/DONG_NAI//Data/CV_TCHQ/11848_TCHQ_TXNK_30_09_2014.pdf,https://www.customs.gov.vn/index.jsp?pageId=3&id=62577&cid=1294,2014,09/2014,2026-10-08T09:19:48Z
805,2221/HQĐNa-ĐKS,30/09/2014,Cục Hải Quan tỉnh Đồng Nai,V/v Cấp mã địa điểm tập kết hàng hóa xuất khẩu (Công ty CP Vedan Việt Nam),65012,305,18,DONG_NAI,null,null,https://files.customs.gov.vn/DONG_NAI//Data/Cv_Hqdn/2221_HQDNa_DKS_30_09_2014.pdf,https://www.customs.gov.vn/index.jsp?pageId=3&id=65012&cid=1294,2014,09/2014,2026-10-08T09:19:48Z
806,2222/HQĐNa-ĐKS,30/09/2014,Cục Hải Quan tỉnh Đồng Nai,V/v Cấp mã địa điểm tập kết hàng hóa xuất khẩu (Công ty cơ khí và xây dựng Posco E&C Việt Nam),65011,305,18,DONG_NAI,null,null,https://files.customs.gov.vn/DONG_NAI//Data/Cv_Hqdn/2222_HQDNa_DKS_30_09_2014.pdf,https://www.customs.gov.vn/index.jsp?pageId=3&id=65011&cid=1294,2014,09/2014,2026-10-08T09:19:48Z
807,2225/HQĐNa-GSQL,30/09/2014,Cục Hải Quan tỉnh Đồng Nai,V/v Hướng dẫn thủ tục hải quan (Tổng Công ty Tín Nghĩa),65010,305,18,DONG_NAI,null,null,https://files.customs.gov.vn/DONG_NAI//Data/Cv_Hqdn/2225_HQDNa_GSQL_30_09_2014.pdf,https://www.customs.gov.vn/index.jsp?pageId=3&id=65010&cid=1294,2014,09/2014,2026-10-08T09:19:48Z
808,2231/HQĐNa-GSQL,30/09/2014,Cục Hải Quan tỉnh Đồng Nai,V/v Ngày thanh khoản trên hệ thống (Công ty TNHH Đông Phương Đồng Nai Việt Nam),65009,305,18,DONG_NAI,null,null,https://files.customs.gov.vn/DONG_NAI//Data/Cv_Hqdn/2231_HQDNa_GSQL_30_09_2014.pdf,https://www.customs.gov.vn/index.jsp?pageId=3&id=65009&cid=1294,2014,09/2014,2026-10-08T09:19:48Z
809,2232/HQĐNa-GSQL,30/09/2014,Cục Hải Quan tỉnh Đồng Nai,V/v Hướng dẫn thủ tục hải quan (Công ty TNHH Muto Việt Nam),65008,305,18,DONG_NAI,null,null,https://files.customs.gov.vn/DONG_NAI//Data/Cv_Hqdn/2232_HQDNa_GSQL_30_09_2014.pdf,https://www.customs.gov.vn/index.jsp?pageId=3&id=65008&cid=1294,2014,09/2014,2026-10-08T09:19:48Z
810,29/2014/TT-BCT,30/09/2014,Bộ Công thương,"Thông tư quy định cụ thể và hướng dẫn thực hiện một số điều về phân bón vô cơ, hướng dẫn việc cấp phép sản xuất phân bón vô cơ đồng thời sản xuất phân bón hữu cơ và phân bón khác tại nghị định số 202/2013/NĐ-CP ngày 27 tháng 11 năm 2013 của Chính phủ về quản lý phân bón",57354,305,4,TP_HO_CHI_MINH,Cao Quốc Hưng,27/11/2014,https://files.customs.gov.vn/CustomsCMS/TP_HO_CHI_MINH/2020/Web/Data/DocumentAttachments/29_2014_TT-BCT_251693.doc,https://www.customs.gov.vn/index.jsp?pageId=3&id=57354&cid=1294,2014,09/2014,2026-10-08T09:19:48Z
811,11784/TCHQ-TXNK,29/09/2014,Tổng cục hải quan,V/v Nhập khẩu phân bón vi sinh (Công ty CP Đầu tư và phát triển công nghệ Việt Nam),62579,305,18,DONG_NAI,null,null,https://files.customs.gov.vn/DONG_NAI//Data/CV_TCHQ/11784_TCHQ_TXNK_29_09_2014.pdf,https://www.customs.gov.vn/index.jsp?pageId=3&id=62579&cid=1294,2014,09/2014,2026-10-08T09:19:48Z
812,13738/BTC-CST,29/09/2014,Bộ Tài chính,V/v Chính sách thuế GTGT và thuế BVMT,62578,305,18,DONG_NAI,null,null,,https://www.customs.gov.vn/index.jsp?pageId=3&id=62578&cid=1294,2014,09/2014,2026-10-08T09:19:48Z
813,13742/BTC-CST,29/09/2014,Bộ Tài chính,"Công văn số 13742/BTC-CST về việc hướng dẫn về thuế GTGT đối với mặt hàng dây giềng đan lưới đánh cá, sợi đan lưới đánh cá.",57804,305,16,TP_HO_CHI_MINH,Đỗ Hoàng Anh Tuấn,29/09/2014,https://files.customs.gov.vn/CustomsCMS/TP_HO_CHI_MINH/2020/Web/Data/DocumentAttachments/13742.tif,https://www.customs.gov.vn/index.jsp?pageId=3&id=57804&cid=1294,2014,09/2014,2026-10-08T09:19:48Z
814,2210/HQĐNa-TXNK,29/09/2014,Cục Hải Quan tỉnh Đồng Nai,V/v Nộp phạt vi phạm hành chính trong lĩnh vực hải quan theo Thông tư số 105/2014/TT-BTC,65013,305,18,DONG_NAI,null,null,https://files.customs.gov.vn/DONG_NAI//Data/Cv_Hqdn/2210_HQDNa_TXNK_29_09_2014.pdf,https://www.customs.gov.vn/index.jsp?pageId=3&id=65013&cid=1294,2014,09/2014,2026-10-08T09:19:48Z
815,11765/TB-TCHQ,26/09/2014,null,"Thông báo về kết quả phân loại đối với hàng hóa xuất khẩu, nhập khẩu",75110,305,18,DA_NANG,Nguyễn Dương Thái,26/09/2014,https://files.customs.gov.vn/DA_NANG/Uploads/65e32243-11bf-4695-985d-c1563e8c13ba/11765.tif,https://www.customs.gov.vn/index.jsp?pageId=3&id=75110&cid=1294,2014,09/2014,2026-10-08T09:19:48Z
816,2207/HQĐNa-ĐKS,26/09/2014,Cục Hải Quan tỉnh Đồng Nai,V/v Cấp mã địa điểm,65014,305,18,DONG_NAI,null,null,https://files.customs.gov.vn/DONG_NAI//Data/Cv_Hqdn/2207_HQDNa_DKS_29_09_2014.pdf,https://www.customs.gov.vn/index.jsp?pageId=3&id=65014&cid=1294,2014,09/2014,2026-10-08T09:19:48Z
817,7521/VPCP-KTTH,26/09/2014,Bộ Ngoại Giao,"Công văn số 7521/VPCP-KTTH V/v ưu đã thuế nhập khẩu đối với máy móc, thiết bị cho thuê tài chính",57024,305,16,TP_HO_CHI_MINH,Nguyễn Sỹ Hiệp,26/09/2014,https://files.customs.gov.vn/CustomsCMS/TP_HO_CHI_MINH/2020/Web/Data/DocumentAttachments/7521_VPCP-KTTH_251151.pdf,https://www.customs.gov.vn/index.jsp?pageId=3&id=57024&cid=1294,2014,09/2014,2026-10-08T09:19:48Z
818,11640/TCHQ-TXNK,25/09/2014,Tổng cục hải quan,V/v Cưỡng chế thuế (Công ty Cổ phần ĐT và PT CN Việt Nam),62581,305,18,DONG_NAI,null,null,,https://www.customs.gov.vn/index.jsp?pageId=3&id=62581&cid=1294,2014,09/2014,2026-10-08T09:19:48Z
819,11641/TCHQ-TXNK,25/09/2014,Tổng cục hải quan,V/v Quặng minazite xuất khẩu (HQ Bà Rịa Vũng Tàu; Công ty TNHH Tân Quang Cường),62580,305,18,DONG_NAI,null,null,,https://www.customs.gov.vn/index.jsp?pageId=3&id=62580&cid=1294,2014,09/2014,2026-10-08T09:19:48Z
820,1284/GSQL-TH,25/09/2014,Bộ Công nghiệp,V/v vướng mắc C/O (công văn số 1284/GSQL-TH ngày 25/9/2014) - Cục Hải quan tỉnh Đắk Lắk.,56590,305,16,TP_HO_CHI_MINH,Âu Anh Tuấn,25/09/2014,https://files.customs.gov.vn/CustomsCMS/TP_HO_CHI_MINH/2020/Web/Data/DocumentAttachments/1284-GSQL-TH.tif,https://www.customs.gov.vn/index.jsp?pageId=3&id=56590&cid=1294,2014,09/2014,2026-10-08T09:19:48Z
821,13526/BTC-CST,25/09/2014,Bộ Tài chính,Công văn số 13526/BTC-CST V/v thuế nhập khẩu đối với nguyên vật liệu sản xuất ống chống khoan dầu khí,52750,305,16,TP_HO_CHI_MINH,Lưu Đức Huy,25/09/2014,https://files.customs.gov.vn/CustomsCMS/TP_HO_CHI_MINH/2020/Web/Data/DocumentAttachments/13526_BTC-CST_251165.doc,https://www.customs.gov.vn/index.jsp?pageId=3&id=52750&cid=1294,2014,09/2014,2026-10-08T09:19:48Z
822,2188/HQĐNa-TXNK,25/09/2014,Cục Hải Quan tỉnh Đồng Nai,V/v Thay đổi số hiệu tài khoản tạm gửi của các đơn vị,65015,305,18,DONG_NAI,null,null,https://files.customs.gov.vn/DONG_NAI//Data/Cv_Hqdn/2188_HQDNa_TXNK_25_09_2014.pdf,https://www.customs.gov.vn/index.jsp?pageId=3&id=65015&cid=1294,2014,09/2014,2026-10-08T09:19:48Z
823,11569-11602/TB-TCHQ,24/09/2014,null,"Thông báo về kết quả phân loại đối với hàng hóa xuất khẩu, nhập khẩu",75107,305,18,DA_NANG,Nguyễn Dương Thái,24/09/2014,https://files.customs.gov.vn/DA_NANG/Uploads/65e32243-11bf-4695-985d-c1563e8c13ba/11569.tif,https://www.customs.gov.vn/index.jsp?pageId=3&id=75107&cid=1294,2014,09/2014,2026-10-08T09:19:48Z
824,11612-11751/TB-TCHQ,24/09/2014,null,"Thông báo về kết quả phân loại đối với hàng hóa xuất khẩu, nhập khẩu",75108,305,18,DA_NANG,Nguyễn Dương Thái,24/09/2014,https://files.customs.gov.vn/DA_NANG/Uploads/65e32243-11bf-4695-985d-c1563e8c13ba/11612.tif,https://www.customs.gov.vn/index.jsp?pageId=3&id=75108&cid=1294,2014,09/2014,2026-10-08T09:19:48Z
825,11572/TCHQ-TXNK,24/09/2014,Tổng cục hải quan,V/v Mã HS một số mặt hàng thủy sản (Hiệp hội Chế biến và xuất khẩu thủy sản Việt Nam),62582,305,18,DONG_NAI,null,null,,https://www.customs.gov.vn/index.jsp?pageId=3&id=62582&cid=1294,2014,09/2014,2026-10-08T09:19:48Z
826,11595/TCHQ-GSQL,24/09/2014,Tổng cục hải quan,V/v thủ tục xuất khẩu cá tra,57356,305,16,TP_HO_CHI_MINH,Vũ Ngọc Anh,24/09/2014,https://files.customs.gov.vn/CustomsCMS/TP_HO_CHI_MINH/2020/Web/Data/DocumentAttachments/11595_TCHQ-GSQL_250704.doc,https://www.customs.gov.vn/index.jsp?pageId=3&id=57356&cid=1294,2014,09/2014,2026-10-08T09:19:48Z
827,2170/HQĐNa-ĐKS,24/09/2014,Cục Hải Quan tỉnh Đồng Nai,V/v Cấp mã địa điểm tập kết hàng hóa xuất khẩu (Công ty TNHH Kimura Việt Nam),65018,305,18,DONG_NAI,null,null,https://files.customs.gov.vn/DONG_NAI//Data/Cv_Hqdn/2170_HQDNa_DKS_24_09_2014.pdf,https://www.customs.gov.vn/index.jsp?pageId=3&id=65018&cid=1294,2014,09/2014,2026-10-08T09:19:48Z
828,2171/HQĐNa-ĐKS,24/09/2014,Cục Hải Quan tỉnh Đồng Nai,V/v Cấp mã địa điểm tập kết hàng hóa xuất khẩu (Công ty TNHH Fuji Impulse Long Đức),65017,305,18,DONG_NAI,null,null,https://files.customs.gov.vn/DONG_NAI//Data/Cv_Hqdn/2171_HQDNa_DKS_24_09_2014.pdf,https://www.customs.gov.vn/index.jsp?pageId=3&id=65017&cid=1294,2014,09/2014,2026-10-08T09:19:48Z
829,2172-2174/HQĐNa-ĐKS,24/09/2014,Cục Hải Quan tỉnh Đồng Nai,V/v Cấp mã địa điểm tập kết hàng hóa xuất khẩu,65016,305,18,DONG_NAI,null,null,https://files.customs.gov.vn/DONG_NAI//Data/Cv_Hqdn/2172_2174_HQDNa_DKS_24_09_2014.pdf,https://www.customs.gov.vn/index.jsp?pageId=3&id=65016&cid=1294,2014,09/2014,2026-10-08T09:19:48Z
830,6812/QĐ-UBND,24/09/2014,null,"VVề việc Xóa nợ tiền thuế, tiền phạt chậm nộp thuế cho Công ty TNHH Thương mại Nguyễn Vinh",75106,305,10,DA_NANG,Võ Duy Khương,24/09/2014,https://files.customs.gov.vn/DA_NANG/Uploads/65e32243-11bf-4695-985d-c1563e8c13ba/QĐ xóa nợ.tif,https://www.customs.gov.vn/index.jsp?pageId=3&id=75106&cid=1294,2014,09/2014,2026-10-08T09:19:48Z
831,11534/TB-TCHQ,23/09/2014,null,"Thông báo về kết quả phân loại đối với hàng hóa xuất khẩu, nhập khẩu",75105,305,18,DA_NANG,Nguyễn Dương Thái,23/09/2014,https://files.customs.gov.vn/DA_NANG/Uploads/65e32243-11bf-4695-985d-c1563e8c13ba/1_11534.tif,https://www.customs.gov.vn/index.jsp?pageId=3&id=75105&cid=1294,2014,09/2014,2026-10-08T09:19:48Z
832,2162/HQĐNa-ĐKS,23/09/2014,Cục Hải Quan tỉnh Đồng Nai,V/v Cấp mã địa điểm,65019,305,18,DONG_NAI,null,null,https://files.customs.gov.vn/DONG_NAI//Data/Cv_Hqdn/2162_HQDNa_DKS_23_09_2014.pdf,https://www.customs.gov.vn/index.jsp?pageId=3&id=65019&cid=1294,2014,09/2014,2026-10-08T09:19:48Z
833,481/KL-TTPC,23/09/2014,Cục Thuế tỉnh BR-VT,Công văn số  481/KL-TTPC V/v phúc đáp văn bản số 1249/GSQL-GQ1 của Cục GSQL về Hải quan,54117,305,16,TP_HO_CHI_MINH,null,23/09/2014,https://files.customs.gov.vn/CustomsCMS/TP_HO_CHI_MINH/2020/Web/Data/DocumentAttachments/481_KL-TTPC_251413.doc,https://www.customs.gov.vn/index.jsp?pageId=3&id=54117&cid=1294,2014,09/2014,2026-10-08T09:19:48Z
834,7415/VPCP-KTTH,23/09/2014,Bộ Ngoại Giao,Công văn số 7415/VPCP-KTTH V/v chính sách đối với hàng hóa gửi kho ngoại quan,54799,305,16,TP_HO_CHI_MINH,Nguyễn Văn Tùng,23/09/2014,https://files.customs.gov.vn/CustomsCMS/TP_HO_CHI_MINH/2020/Web/Data/DocumentAttachments/7415_VPCP-KTTH_250295.pdf,https://www.customs.gov.vn/index.jsp?pageId=3&id=54799&cid=1294,2014,09/2014,2026-10-08T09:19:48Z
835,2158/HQĐNa-TXNK,22/09/2014,Cục Hải Quan tỉnh Đồng Nai,V/v Phân loại bộ linh kiện lắp ráp xe máy của Công ty TNHH Suzuki Việt Nam,65020,305,18,DONG_NAI,null,null,https://files.customs.gov.vn/DONG_NAI//Data/Cv_Hqdn/2158_HQDNa_TXNK_22_09_2014.pdf,https://www.customs.gov.vn/index.jsp?pageId=3&id=65020&cid=1294,2014,09/2014,2026-10-08T09:19:48Z
836,11446-11499/TB-TCHQ,19/09/2014,null,"Thông báo về kết quả phân loại đối với hàng hóa xuất khẩu, nhập khẩu",75104,305,18,DA_NANG,Nguyễn Dương Thái,19/09/2014,https://files.customs.gov.vn/DA_NANG/Uploads/65e32243-11bf-4695-985d-c1563e8c13ba/11446.tif,https://www.customs.gov.vn/index.jsp?pageId=3&id=75104&cid=1294,2014,09/2014,2026-10-08T09:19:48Z
837,2147/HQĐNa-GSQL,19/09/2014,Cục Hải Quan tỉnh Đồng Nai,V/v Thủ tục đóng ghép hàng tại Cảng (Công ty CP Cảng Đồng Nai),65021,305,18,DONG_NAI,null,null,https://files.customs.gov.vn/DONG_NAI//Data/Cv_Hqdn/2147_HQDNa_GSQL_19_09_2014.pdf,https://www.customs.gov.vn/index.jsp?pageId=3&id=65021&cid=1294,2014,09/2014,2026-10-08T09:19:48Z
838,54/2014/QÐ-TTG,19/09/2014,Thủ tướng Chính phủ,"Quyết định về việc miễn thuế nhập khẩu đối với linh kiện nhập khẩu để sản xuất, lắp ráp sản phẩm trang thiết bị y tế cần được ưu tiên nghiên cứu, chế tạo",58668,305,10,TP_HO_CHI_MINH,Nguyễn Tấn Dũng,15/11/2014,https://files.customs.gov.vn/CustomsCMS/TP_HO_CHI_MINH/2020/Web/Data/DocumentAttachments/54_2014_QD-TTg_250044.doc,https://www.customs.gov.vn/index.jsp?pageId=3&id=58668&cid=1294,2014,09/2014,2026-10-08T09:19:48Z
839,11362-11462/TB-TCHQ,18/09/2014,null,"Thông báo về kết quả phân loại đối với hàng hóa xuất khẩu, nhập khẩu",75103,305,18,DA_NANG,Nguyễn Dương Thái,18/09/2014,https://files.customs.gov.vn/DA_NANG/Uploads/65e32243-11bf-4695-985d-c1563e8c13ba/11362.tif,https://www.customs.gov.vn/index.jsp?pageId=3&id=75103&cid=1294,2014,09/2014,2026-10-08T09:19:48Z
840,11375/TCHQ-TXNK,18/09/2014,Bộ Thương Mại,V/v xử lý thuế hàng NK thay đổi mục đích sử dụng,54102,305,16,TP_HO_CHI_MINH,Nguyễn Dương Thái,18/09/2014,https://files.customs.gov.vn/CustomsCMS/TP_HO_CHI_MINH/2020/Web/Data/DocumentAttachments/11375_TCHQ-TXNK_250030.doc,https://www.customs.gov.vn/index.jsp?pageId=3&id=54102&cid=1294,2014,09/2014,2026-10-08T09:19:48Z
841,2129/HQĐNa-ĐKS,18/09/2014,Cục Hải Quan tỉnh Đồng Nai,Trả lời Công ty CP Quốc tế Pancera v/v cấp mã địa điểm tập kết hàng hóa xuất khẩu,65023,305,18,DONG_NAI,null,null,https://files.customs.gov.vn/DONG_NAI//Data/Cv_Hqdn/2129_HQDNa_DKS_18_09_2014.pdf,https://www.customs.gov.vn/index.jsp?pageId=3&id=65023&cid=1294,2014,09/2014,2026-10-08T09:19:48Z
842,2130/HQĐNa-ĐKS,18/09/2014,Cục Hải Quan tỉnh Đồng Nai,Trả lời Công ty CP Công nghiệp Gốm sứ Taicera v/v cấp mã địa điểm tập kết hàng hóa xuất khẩu,65022,305,18,DONG_NAI,null,null,https://files.customs.gov.vn/DONG_NAI//Data/Cv_Hqdn/2130_HQDNa_DKS_18_09_2014.pdf,https://www.customs.gov.vn/index.jsp?pageId=3&id=65022&cid=1294,2014,09/2014,2026-10-08T09:19:48Z
843,1242/GSQL-GQ3,17/09/2014,Bộ Công nghiệp,Công văn số 1242/GSQL-GQ3 V/v thủ tục hải quan hàng hóa tạm nhập – tái xuất,53672,305,16,TP_HO_CHI_MINH,Nguyễn Đức Nga,17/09/2014,https://files.customs.gov.vn/CustomsCMS/TP_HO_CHI_MINH/2020/Web/Data/DocumentAttachments/1242_GSQL-GQ3_250034.pdf,https://www.customs.gov.vn/index.jsp?pageId=3&id=53672&cid=1294,2014,09/2014,2026-10-08T09:19:48Z
844,13062/BTC-CST,17/09/2014,Bộ Tài chính,"Công văn 13062/BTC-CST của Bộ Tài chính về việc khai, nộp thuế bảo vệ môi trường",61853,305,16,QUANG_NGAI,Phạm Đình Thi,01/01/1900,https://files.customs.gov.vn/QUANG_NGAI/20140917_13062_BTC-CST.tif,https://www.customs.gov.vn/index.jsp?pageId=3&id=61853&cid=1294,2014,09/2014,2026-10-08T09:19:48Z
845,2118/HQĐNa-ĐKS,17/09/2014,Cục Hải Quan tỉnh Đồng Nai,V/v Cấp mã địa điểm,65026,305,18,DONG_NAI,null,null,https://files.customs.gov.vn/DONG_NAI//Data/Cv_Hqdn/2118_HQDNa_DKS_17_09_2014.pdf,https://www.customs.gov.vn/index.jsp?pageId=3&id=65026&cid=1294,2014,09/2014,2026-10-08T09:19:48Z
846,2122/HQĐNa-TXNK,17/09/2014,Cục Hải Quan tỉnh Đồng Nai,V/v Vướng mắc về mã số thuế mặt hàng Eco 100 Magenta V1LT của Công ty TNHH Nippon Paint Việt Nam,65025,305,18,DONG_NAI,null,null,https://files.customs.gov.vn/DONG_NAI//Data/Cv_Hqdn/2122_HQDNa_TXNK_17_09_2014.pdf,https://www.customs.gov.vn/index.jsp?pageId=3&id=65025&cid=1294,2014,09/2014,2026-10-08T09:19:48Z
847,2123/HQĐNa-TXNK,17/09/2014,Cục Hải Quan tỉnh Đồng Nai,V/v Đăng ký danh mục hàng hóa nhập khẩu miễn thuế tạo TSCĐ,65024,305,18,DONG_NAI,null,null,https://files.customs.gov.vn/DONG_NAI//Data/Cv_Hqdn/2123_HQDNa_TXNK_17_09_2014.pdf,https://www.customs.gov.vn/index.jsp?pageId=3&id=65024&cid=1294,2014,09/2014,2026-10-08T09:19:48Z
848,11294-11340/TB-TCHQ,16/09/2014,null,"Thông báo về kết quả phân loại đối với hàng hóa xuất khẩu, nhập khẩu",75102,305,18,DA_NANG,Nguyễn Dương Thái,16/09/2014,https://files.customs.gov.vn/DA_NANG/Uploads/65e32243-11bf-4695-985d-c1563e8c13ba/11294.tif,https://www.customs.gov.vn/index.jsp?pageId=3&id=75102&cid=1294,2014,09/2014,2026-10-08T09:19:48Z
849,13035/BTC-CST,16/09/2014,Bộ Tài chính,"V/v Thuế xuất khẩu đối với vật liệu xây dựng đưa vào doanh nghiệp chế xuất (HQ các tỉnh, thành phố; Công ty Obayashi Việt Nam )",62583,305,18,DONG_NAI,null,null,,https://www.customs.gov.vn/index.jsp?pageId=3&id=62583&cid=1294,2014,09/2014,2026-10-08T09:19:48Z
850,1380/QD-BCT,16/09/2014,Bộ Công thương,Decision 1380/QD-BCT dated March.25th.2011 promulgating list of goods discouraged for import,52901,305,10,TP_HO_CHI_MINH,Nguyen Thanh Bien,25/09/2014,https://files.customs.gov.vn/CustomsCMS/TP_HO_CHI_MINH/2020/Web/Data/DocumentAttachments/Decision_1380.11.BCT.doc,https://www.customs.gov.vn/index.jsp?pageId=3&id=52901&cid=1294,2014,09/2014,2026-10-08T09:19:48Z
851,2103/HQĐNa-ĐKS,16/09/2014,Cục Hải Quan tỉnh Đồng Nai,V/v Cấp mã địa điểm tập kết hàng hóa xuất khẩu (Công ty TNHH T.I.C),65028,305,18,DONG_NAI,null,null,https://files.customs.gov.vn/DONG_NAI//Data/Cv_Hqdn/2103_HQDNa_DKS_16_09_2014.pdf,https://www.customs.gov.vn/index.jsp?pageId=3&id=65028&cid=1294,2014,09/2014,2026-10-08T09:19:48Z
852,2104/HQĐNa-ĐKS,16/09/2014,Cục Hải Quan tỉnh Đồng Nai,V/v Cấp mã địa điểm tập kết hàng hóa xuất khẩu (Công ty TNHH Mao Bảo Việt Nam),65027,305,18,DONG_NAI,null,null,https://files.customs.gov.vn/DONG_NAI//Data/Cv_Hqdn/2104_HQDNa_DKS_16_09_2014.pdf,https://www.customs.gov.vn/index.jsp?pageId=3&id=65027&cid=1294,2014,09/2014,2026-10-08T09:19:48Z
853,87/2012/ND-CP,16/09/2014,Chính phủ,"Decree No. 87/2012/ND-CP of October 23, 2012, detailing a number of articles of the Customs Law regarding e-customs procedures for commercial imports and exports",57949,305,8,TP_HO_CHI_MINH,Prime Minister Nguyen Tan Dung,19/09/2014,https://files.customs.gov.vn/CustomsCMS/TP_HO_CHI_MINH/2020/Web/Data/DocumentAttachments/Decree_No.87'12_CP.doc,https://www.customs.gov.vn/index.jsp?pageId=3&id=57949&cid=1294,2014,09/2014,2026-10-08T09:19:48Z
854,11235-11269/TB-TCHQ,15/09/2014,null,"Thông báo về kết quả phân loại đối với hàng hóa xuất khẩu, nhập khẩu",75096,305,18,DA_NANG,Nguyễn Dương Thái,15/09/2014,https://files.customs.gov.vn/DA_NANG/Uploads/65e32243-11bf-4695-985d-c1563e8c13ba/11235.tif,https://www.customs.gov.vn/index.jsp?pageId=3&id=75096&cid=1294,2014,09/2014,2026-10-08T09:19:48Z
855,11066/TB-TCHQ,15/09/2014,null,"Thông báo kết quả phân loại đối với hàng hóa xuất khẩu, nhập khẩu",75098,305,18,DA_NANG,Nguyễn Dương Thái,15/09/2014,https://files.customs.gov.vn/DA_NANG/Uploads/65e32243-11bf-4695-985d-c1563e8c13ba/11066.tif,https://www.customs.gov.vn/index.jsp?pageId=3&id=75098&cid=1294,2014,09/2014,2026-10-08T09:19:48Z
856,11218/TCHQ-GSQL,15/09/2014,Tổng cục hải quan,"Công văn số 11218/TCHQ-GSQL V/v quản lý hoạt động kinh doanh tạm nhập tái xuất, gửi kho ngoại quan",58208,305,16,TP_HO_CHI_MINH,Vũ Ngọc Anh,15/09/2014,https://files.customs.gov.vn/CustomsCMS/TP_HO_CHI_MINH/2020/Web/Data/DocumentAttachments/11218_TCHQ-GSQL_249424.pdf,https://www.customs.gov.vn/index.jsp?pageId=3&id=58208&cid=1294,2014,09/2014,2026-10-08T09:19:48Z
857,12898/BTC-TCT,15/09/2014,null,Thuế GTGT đối với mặt thú nhồi bông,75097,305,16,DA_NANG,Đỗ Hoàng Anh Tuấn,15/09/2014,https://files.customs.gov.vn/DA_NANG/Uploads/65e32243-11bf-4695-985d-c1563e8c13ba/1_12898.tif,https://www.customs.gov.vn/index.jsp?pageId=3&id=75097&cid=1294,2014,09/2014,2026-10-08T09:19:48Z
858,2092/HQĐNa-TXNK,15/09/2014,Cục Hải Quan tỉnh Đồng Nai,V/v Điều chỉnh Danh mục hàng hóa NK miễn thuế tạo TSCĐ,65029,305,18,DONG_NAI,null,null,https://files.customs.gov.vn/DONG_NAI//Data/Cv_Hqdn/2092_HQDNa_TXNK_15_09_2014.pdf,https://www.customs.gov.vn/index.jsp?pageId=3&id=65029&cid=1294,2014,09/2014,2026-10-08T09:19:48Z
859,2680/QÐ-TCHQ,15/09/2014,Tổng cục hải quan,"Quyết định số 2680/QĐ-TCHQ ngày 15/9/2014 ban hành quy chế tạm thời về tổ chức và hoạt động của Hội đồng tư vấn về phân loại hàng hóa XK, NK",56670,305,10,TP_HO_CHI_MINH,Nguyễn Dương Thái,30/11/2014,https://files.customs.gov.vn/CustomsCMS/TP_HO_CHI_MINH/2020/Web/Data/DocumentAttachments/2680_QD-TCHQ_249398.pdf,https://www.customs.gov.vn/index.jsp?pageId=3&id=56670&cid=1294,2014,09/2014,2026-10-08T09:19:48Z
860,11141/TCHQ-GSQL,12/09/2014,null,Về việc ghi trị giá FOB,75093,305,16,DA_NANG,Vũ Ngọc Anh,12/09/2014,https://files.customs.gov.vn/DA_NANG/Uploads/65e32243-11bf-4695-985d-c1563e8c13ba/11141.tif,https://www.customs.gov.vn/index.jsp?pageId=3&id=75093&cid=1294,2014,09/2014,2026-10-08T09:19:48Z
861,11124/TCHQ-PC,12/09/2014,null,Về việc trả lời vướng mắc vượt thẩm quyền của các Cục Hải quan địa phương,75094,305,16,DA_NANG,Vũ Ngọc Anh,12/09/2014,https://files.customs.gov.vn/DA_NANG/Uploads/65e32243-11bf-4695-985d-c1563e8c13ba/11124.tif,https://www.customs.gov.vn/index.jsp?pageId=3&id=75094&cid=1294,2014,09/2014,2026-10-08T09:19:48Z
862,11141/TCHQ-GSQL,12/09/2014,Tổng cục hải quan,V/v ghi trị giá FOB.,57147,305,16,TP_HO_CHI_MINH,Vũ Ngọc Anh,12/09/2014,https://files.customs.gov.vn/CustomsCMS/TP_HO_CHI_MINH/2020/Web/Data/DocumentAttachments/11141-TCHQ-GSQL.tif,https://www.customs.gov.vn/index.jsp?pageId=3&id=57147&cid=1294,2014,09/2014,2026-10-08T09:19:48Z
863,2082/HQĐNa-ĐKS,12/09/2014,Cục Hải Quan tỉnh Đồng Nai,V/v Cấp mã địa điểm,65031,305,18,DONG_NAI,null,null,https://files.customs.gov.vn/DONG_NAI//Data/Cv_Hqdn/2082_HQDNa_DKS_12_09_2014.pdf,https://www.customs.gov.vn/index.jsp?pageId=3&id=65031&cid=1294,2014,09/2014,2026-10-08T09:19:48Z
864,2083/HQĐNa-ĐKS,12/09/2014,Cục Hải Quan tỉnh Đồng Nai,V/v Cấp mã địa điểm hàng hóa tập kết hàng hóa xuất khẩu (Công ty TNHH Sanor Electronics Việt Nam),65030,305,18,DONG_NAI,null,null,https://files.customs.gov.vn/DONG_NAI//Data/Cv_Hqdn/2083_HQDNa_DKS_12_09_2014.pdf,https://www.customs.gov.vn/index.jsp?pageId=3&id=65030&cid=1294,2014,09/2014,2026-10-08T09:19:48Z
865,8882/BCT-XNK,12/09/2014,Bộ Công thương,"Công văn số 8882/BCT-XNK V/v Kinh doanh tạm nhập, tái xuất, chuyển khẩu mặt hàng khoáng sản",54479,305,16,TP_HO_CHI_MINH,Trần Tuấn Anh,12/09/2014,https://files.customs.gov.vn/CustomsCMS/TP_HO_CHI_MINH/2020/Web/Data/DocumentAttachments/8882.tif,https://www.customs.gov.vn/index.jsp?pageId=3&id=54479&cid=1294,2014,09/2014,2026-10-08T09:19:48Z
866,11067/TCHQ-TXNK,11/09/2014,null,Về việc sửa đổi công văn số 10671/TCHQ-TXNK,75092,305,16,DA_NANG,Nguyễn Dương Thái,11/09/2014,https://files.customs.gov.vn/DA_NANG/Uploads/65e32243-11bf-4695-985d-c1563e8c13ba/11067.tif,https://www.customs.gov.vn/index.jsp?pageId=3&id=75092&cid=1294,2014,09/2014,2026-10-08T09:19:48Z
867,11051/TCHQ-TXNK,11/09/2014,null,V/v hoàn thuế GTGT nhập khẩu nộp nhầm nộp thừa,75091,305,16,DA_NANG,Nguyễn Ngọc Hưng,11/09/2014,https://files.customs.gov.vn/DA_NANG/Uploads/65e32243-11bf-4695-985d-c1563e8c13ba/11051.tif,https://www.customs.gov.vn/index.jsp?pageId=3&id=75091&cid=1294,2014,09/2014,2026-10-08T09:19:48Z
868,11063/TCHQ-TXNK,11/09/2014,null,Xử lý thông tin nộp thuế,75090,305,16,DA_NANG,Nguyễn Dương Thái,11/09/2014,https://files.customs.gov.vn/DA_NANG/Uploads/65e32243-11bf-4695-985d-c1563e8c13ba/11063 xu ly thong tin nop thue thang 9-14.tif,https://www.customs.gov.vn/index.jsp?pageId=3&id=75090&cid=1294,2014,09/2014,2026-10-08T09:19:48Z
869,2077/HQĐNa-ĐKS,11/09/2014,Cục Hải Quan tỉnh Đồng Nai,V/v Cấp mã địa điểm,65032,305,18,DONG_NAI,null,null,https://files.customs.gov.vn/DONG_NAI//Data/Cv_Hqdn/2077_HQDNa_DKS_11_09_2014.pdf,https://www.customs.gov.vn/index.jsp?pageId=3&id=65032&cid=1294,2014,09/2014,2026-10-08T09:19:48Z
870,11030/TCHQ-GSQL,10/09/2014,Tổng cục hải quan,V/v Thanh khoản loại hình SXXK (Công ty TNHH CN Đinh Ốc Evergreen Việt Nam),62584,305,18,DONG_NAI,null,null,,https://www.customs.gov.vn/index.jsp?pageId=3&id=62584&cid=1294,2014,09/2014,2026-10-08T09:19:48Z
871,20/2012//TT-BTC,10/09/2014,Bộ Tài chính,Circular no. 20/2012/TT-BTC dated Feb.15th.2012 on issuing Vietnam&#39;s special preferential import tariff for implementation of the Asian-Japan comprehensive economic partnership agreement in the 2012-2015 period,57050,305,3,TP_HO_CHI_MINH,Truong Chi Trung,10/09/2014,"https://files.customs.gov.vn/CustomsCMS/TP_HO_CHI_MINH/2020/Web/Data/DocumentAttachments/Circular_20.12.BTC.doc,/CustomsCMS/TP_HO_CHI_MINH/2020/Web/Data/DocumentAttachments/851kv4.tif",https://www.customs.gov.vn/index.jsp?pageId=3&id=57050&cid=1294,2014,09/2014,2026-10-08T09:19:48Z
872,2062/HQĐNa-GSQL,10/09/2014,Cục Hải Quan tỉnh Đồng Nai,V/v Di dời trụ sở Công ty (Công ty TNHH Penflex Việt Nam),65033,305,18,DONG_NAI,null,null,https://files.customs.gov.vn/DONG_NAI//Data/Cv_Hqdn/2062_HQDNa_GSQL_10_09_2014.pdf,https://www.customs.gov.vn/index.jsp?pageId=3&id=65033&cid=1294,2014,09/2014,2026-10-08T09:19:48Z
873,5737/QD-BCT,10/09/2014,Chính phủ,"Decision no.5737/QD-BCT dated Sep.28th.2012 on temporarily proclaiming list of goods temporarily imported for re-exported, transmitted and in bonded warehouses",58068,305,8,TP_HO_CHI_MINH,Nguyen Thanh Bien,17/09/2014,,https://www.customs.gov.vn/index.jsp?pageId=3&id=58068&cid=1294,2014,09/2014,2026-10-08T09:19:48Z
874,2629/QĐ-TCHQ,09/09/2014,null,Quyết định phê duyệt đề án áp dụng mã vạch trong quy trình giám sát hải quan,75088,305,10,DA_NANG,Nguyễn Công Bình,09/09/2014,https://files.customs.gov.vn/DA_NANG/Uploads/65e32243-11bf-4695-985d-c1563e8c13ba/2629.tif,https://www.customs.gov.vn/index.jsp?pageId=3&id=75088&cid=1294,2014,09/2014,2026-10-08T09:19:48Z
875,1196/GSQL-TH,09/09/2014,Bộ Công nghiệp,V/v vướng mắc C/O mẫu E (công văn số 1196/GSQL-TH ngày 09/9/2014) - Công ty Cổ phần Bao bì và In Nông Nghiệp.,58925,305,16,TP_HO_CHI_MINH,Âu Anh Tuấn,09/09/2014,https://files.customs.gov.vn/CustomsCMS/TP_HO_CHI_MINH/2020/Web/Data/DocumentAttachments/1196-GSQL-TH.tif,https://www.customs.gov.vn/index.jsp?pageId=3&id=58925&cid=1294,2014,09/2014,2026-10-08T09:19:48Z
876,1202/GSQL-TH,09/09/2014,Bộ Công nghiệp,V/v vướng mắc trên C/O mẫu E (công văn số 1202/GSQL-TH ngày 09/9/2014) - Cục Hải quan TP. Hải Phòng.,54888,305,16,TP_HO_CHI_MINH,Âu Anh Tuấn,09/09/2014,https://files.customs.gov.vn/CustomsCMS/TP_HO_CHI_MINH/2020/Web/Data/DocumentAttachments/1202-GSQL-TH.tif,https://www.customs.gov.vn/index.jsp?pageId=3&id=54888&cid=1294,2014,09/2014,2026-10-08T09:19:48Z
877,2045/HQĐNa-GSQL,09/09/2014,Cục Hải Quan tỉnh Đồng Nai,V/v Tờ khai XK chưa được xác nhận đã qua khu vực giám sát trên Hệ thống V4,65034,305,18,DONG_NAI,null,null,https://files.customs.gov.vn/DONG_NAI//Data/Cv_Hqdn/2045_HQDNa_GSQL_09_09_2014.pdf,https://www.customs.gov.vn/index.jsp?pageId=3&id=65034&cid=1294,2014,09/2014,2026-10-08T09:19:48Z
878,2625/QÐ-TCHQ,09/09/2014,Tổng cục hải quan,"Quyết định ban hành quy trình giám sát hải quan đối với hàng bưu chính thu gom ngoài lãnh thổ đưa vào Việt Nam thực hiện phân loại, chia chọn chuyển tiếp đi quốc tế",52622,305,10,TP_HO_CHI_MINH,null,09/09/2014,https://files.customs.gov.vn/CustomsCMS/TP_HO_CHI_MINH/2020/Web/Data/DocumentAttachments/2625_QD-TCHQ_248621.pdf,https://www.customs.gov.vn/index.jsp?pageId=3&id=52622&cid=1294,2014,09/2014,2026-10-08T09:19:48Z
879,8003/UBND-KTTH,09/09/2014,null,"Về việc hỗ trợ các doanh nghiệp nước ngoài làm thủ tục Hải quan hàng hóa tạm nhập, tái xuất tham dự Hội chợ, triển lãm",75074,305,16,DA_NANG,Võ Duy Khương,02/09/2014,https://files.customs.gov.vn/DA_NANG/Uploads/65e32243-11bf-4695-985d-c1563e8c13ba/8003 CV UBND hdan TTHQ hoi cho trien lam thang 9-14.tif,https://www.customs.gov.vn/index.jsp?pageId=3&id=75074&cid=1294,2014,09/2014,2026-10-08T09:19:48Z
880,10947-10952/TB-TCHQ,08/09/2014,null,"Thông báo về kết quả phân loại đối với hàng hóa xuất khẩu, nhập khẩu",75087,305,16,DA_NANG,Nguyễn Dương Thái,08/09/2014,https://files.customs.gov.vn/DA_NANG/Uploads/65e32243-11bf-4695-985d-c1563e8c13ba/10947.tif,https://www.customs.gov.vn/index.jsp?pageId=3&id=75087&cid=1294,2014,09/2014,2026-10-08T09:19:48Z
881,10906/TB-TCHQ,06/09/2014,null,Thông báo về kết quả xác định trước mã số,75085,305,16,DA_NANG,Nguyễn Dương Thái,06/09/2014,https://files.customs.gov.vn/DA_NANG/Uploads/65e32243-11bf-4695-985d-c1563e8c13ba/10906.tif,https://www.customs.gov.vn/index.jsp?pageId=3&id=75085&cid=1294,2014,09/2014,2026-10-08T09:19:48Z
882,10932/TB-TCHQ,06/09/2014,null,Thông báo đính chính Thông báo kết quả xác định trước mã số,75086,305,16,DA_NANG,Nguyễn Duy Thuận,06/09/2014,https://files.customs.gov.vn/DA_NANG/Uploads/65e32243-11bf-4695-985d-c1563e8c13ba/10932.tif,https://www.customs.gov.vn/index.jsp?pageId=3&id=75086&cid=1294,2014,09/2014,2026-10-08T09:19:48Z
883,10890-10926/TB-TCHQ,06/09/2014,null,"Thông báo về kết quả phân loại hàng hóa xuất khẩu, nhập khẩu",75084,305,16,DA_NANG,Nguyễn Dương Thái,06/09/2014,https://files.customs.gov.vn/DA_NANG/Uploads/65e32243-11bf-4695-985d-c1563e8c13ba/1_10890.tif,https://www.customs.gov.vn/index.jsp?pageId=3&id=75084&cid=1294,2014,09/2014,2026-10-08T09:19:48Z
884,10853/TCHQ-GSQL,05/09/2014,null,Về việc thực hiện xác lập quyền sở hữu nhà nước đối với hàng hóa tồn đọng và thực hiện Thông tư số 15/2014/TT-BTC,75081,305,16,DA_NANG,Vũ Ngọc Anh,05/09/2014,https://files.customs.gov.vn/DA_NANG/Uploads/65e32243-11bf-4695-985d-c1563e8c13ba/10853.tif,https://www.customs.gov.vn/index.jsp?pageId=3&id=75081&cid=1294,2014,09/2014,2026-10-08T09:19:48Z
885,10855-10868/TB-TCHQ,05/09/2014,null,"Thông báo về kết quả phân loại đối với hàng hóa xuất khẩu, nhập khẩu",75080,305,16,DA_NANG,Nguyễn Dương Thái,05/09/2014,https://files.customs.gov.vn/DA_NANG/Uploads/65e32243-11bf-4695-985d-c1563e8c13ba/10855.tif,https://www.customs.gov.vn/index.jsp?pageId=3&id=75080&cid=1294,2014,09/2014,2026-10-08T09:19:48Z
886,10888/TCHQ-TXNK,05/09/2014,null,Về việc xử lý thuế nội địa hóa năm 2001,75079,305,16,DA_NANG,Nguyễn Dương Thái,05/09/2014,https://files.customs.gov.vn/DA_NANG/Uploads/65e32243-11bf-4695-985d-c1563e8c13ba/10888.tif,https://www.customs.gov.vn/index.jsp?pageId=3&id=75079&cid=1294,2014,09/2014,2026-10-08T09:19:48Z
887,2428/TXNK-CS,05/09/2014,Tổng cục hải quan,"V/v Thuế GTGT thiết bị, dụng cụ y tế (Công ty TNHH Phát triển)",62585,305,18,DONG_NAI,null,null,,https://www.customs.gov.vn/index.jsp?pageId=3&id=62585&cid=1294,2014,09/2014,2026-10-08T09:19:48Z
888,7869/QÐ-BCT,05/09/2014,Bộ Công thương,"Quyết Định về việc chỉ định tổ chức thực hiện kiểm tra nhà nước về chất lượng, vệ sinh, an toàn thực phẩm nhập khẩu thuộc trách nhiệm quản lý của Bộ Công thương",55432,305,10,TP_HO_CHI_MINH,Đỗ Thắng Hải,05/09/2014,https://files.customs.gov.vn/CustomsCMS/TP_HO_CHI_MINH/2020/Web/Data/DocumentAttachments/7869_QD-BCT_248853.doc,https://www.customs.gov.vn/index.jsp?pageId=3&id=55432&cid=1294,2014,09/2014,2026-10-08T09:19:48Z
889,7896/QÐ-BCT,05/09/2014,Bộ Công thương,Quyết định áp dụng biện pháp chống bán phá giá,54927,305,10,TP_HO_CHI_MINH,Trần Quốc Khánh,05/10/2014,https://files.customs.gov.vn/CustomsCMS/TP_HO_CHI_MINH/2020/Web/Data/DocumentAttachments/7896_QD-BCT_248455.doc,https://www.customs.gov.vn/index.jsp?pageId=3&id=54927&cid=1294,2014,09/2014,2026-10-08T09:19:48Z
890,12346/BTC-TCHQ,04/09/2014,null,Về việc hoàn thuế nhập khẩu,75077,305,16,DA_NANG,Đỗ Hoàng Anh Tuấn,04/09/2014,https://files.customs.gov.vn/DA_NANG/Uploads/65e32243-11bf-4695-985d-c1563e8c13ba/12346 hoan thue NK thang 9-14.tif,https://www.customs.gov.vn/index.jsp?pageId=3&id=75077&cid=1294,2014,09/2014,2026-10-08T09:19:48Z
891,10847/TCHQ-GSQL,04/09/2014,Tổng cục hải quan,"V/v Áp dụng thời hạn nộp thuế 275 ngày đối với nguyên liệu, vật tư NK để sản xuất hàng xuất khẩu (Hợp tác xã Cơ khí & Thương mại 2-9)",62587,305,18,DONG_NAI,null,null,,https://www.customs.gov.vn/index.jsp?pageId=3&id=62587&cid=1294,2014,09/2014,2026-10-08T09:19:48Z
892,10852/TCHQ-TXNK,04/09/2014,Tổng cục hải quan,V/v Phạt chậm nộp thuế (Công ty TNHH sản xuất dịch vụ thương mại Đức Tiến),62586,305,18,DONG_NAI,null,null,,https://www.customs.gov.vn/index.jsp?pageId=3&id=62586&cid=1294,2014,09/2014,2026-10-08T09:19:48Z
893,1179/GSQL-TH,04/09/2014,Bộ Công nghiệp,V/v vướng mắc C/O mẫu E (công văn số 1179/GSQL-TH ngày 04/9/2014) - Công ty CP Đầu tư và Phát triển Địa ốc Hoàng Gia.,54846,305,16,TP_HO_CHI_MINH,Nguyễn Nhất Kha,04/09/2014,https://files.customs.gov.vn/CustomsCMS/TP_HO_CHI_MINH/2020/Web/Data/DocumentAttachments/1179-GSQL-TH.tif,https://www.customs.gov.vn/index.jsp?pageId=3&id=54846&cid=1294,2014,09/2014,2026-10-08T09:19:48Z
894,12346/BTC-TCHQ,04/09/2014,Bộ Tài chính,V/v: hoàn thuế nhập khẩu,53106,305,16,TP_HO_CHI_MINH,Đỗ Hoàng Anh Tuấn,04/09/2014,https://files.customs.gov.vn/CustomsCMS/TP_HO_CHI_MINH/2020/Web/Data/DocumentAttachments/12346_BTC-TCHQ_248445.doc,https://www.customs.gov.vn/index.jsp?pageId=3&id=53106&cid=1294,2014,09/2014,2026-10-08T09:19:48Z
895,1169/GSQL-GQ1,03/09/2014,null,Về việc ngưng hiệu lực Thông tư số 20/2014/TT-BKHCN,75075,305,16,DA_NANG,Ngô Minh Hải,03/09/2014,https://files.customs.gov.vn/DA_NANG/Uploads/65e32243-11bf-4695-985d-c1563e8c13ba/1169 ngung hieu luc TT 20-2014-BKHCN.tif,https://www.customs.gov.vn/index.jsp?pageId=3&id=75075&cid=1294,2014,09/2014,2026-10-08T09:19:48Z
896,10796/TCHQ-TXNK,03/09/2014,Tổng cục hải quan,V/v Miễn thuế hàng quà tặng (Ủy ban nhân dân thành phố Hồ Chí Minh),62588,305,18,DONG_NAI,null,null,https://files.customs.gov.vn/DONG_NAI//Data/CV_TCHQ/10796_TCHQ_TXNK_03_09_2014.pdf,https://www.customs.gov.vn/index.jsp?pageId=3&id=62588&cid=1294,2014,09/2014,2026-10-08T09:19:48Z
897,10803-1804;1825-1827/TB-TXNK,03/09/2014,null,"Thông báo kết quả phân loại đối với hàng hóa xuất khẩu, nhập khẩu",75076,305,16,DA_NANG,Nguyễn Dương Thái,03/09/2014,https://files.customs.gov.vn/DA_NANG/Uploads/65e32243-11bf-4695-985d-c1563e8c13ba/10803.tif,https://www.customs.gov.vn/index.jsp?pageId=3&id=75076&cid=1294,2014,09/2014,2026-10-08T09:19:48Z
898,2005/HQĐNa-TXNK,03/09/2014,Cục Hải Quan tỉnh Đồng Nai,V/v Bổ sung hệ thống mục lục Ngân sách Nhà nước,65037,305,18,DONG_NAI,null,null,https://files.customs.gov.vn/DONG_NAI//Data/Cv_Hqdn/2005_HQDNa_TXNK_03_09_2014.pdf,https://www.customs.gov.vn/index.jsp?pageId=3&id=65037&cid=1294,2014,09/2014,2026-10-08T09:19:48Z
899,2009/HQĐNa-GSQL,03/09/2014,Cục Hải Quan tỉnh Đồng Nai,Trả lời Công ty TNHH On Semiconductor VN v/v Nhập khẩu máy móc thiết bị đã qua sử dụng,65036,305,18,DONG_NAI,null,null,https://files.customs.gov.vn/DONG_NAI//Data/Cv_Hqdn/2009_HQDNa_GSQL_03_09_2014.pdf,https://www.customs.gov.vn/index.jsp?pageId=3&id=65036&cid=1294,2014,09/2014,2026-10-08T09:19:48Z
900,2010/HQĐNa-GSQL,03/09/2014,Cục Hải Quan tỉnh Đồng Nai,V/v Ngưng hiệu lực thi hành đối với Thông tư 20/2014/TT-BKHCN,65035,305,18,DONG_NAI,null,null,https://files.customs.gov.vn/DONG_NAI//Data/Cv_Hqdn/2010_HQDNa_GSQL_03_09_2014.pdf,https://www.customs.gov.vn/index.jsp?pageId=3&id=65035&cid=1294,2014,09/2014,2026-10-08T09:19:48Z
901,83/2014/NÐ-CP,03/09/2014,Chính phủ,Nghị định 83/2014/NĐ-CP về kinh doanh xăng dầu,54418,305,8,TP_HO_CHI_MINH,Nguyễn Tấn Dũng,01/11/2014,https://files.customs.gov.vn/CustomsCMS/TP_HO_CHI_MINH/2020/Web/Data/DocumentAttachments/83_2014_ND-CP_248283.doc,https://www.customs.gov.vn/index.jsp?pageId=3&id=54418&cid=1294,2014,09/2014,2026-10-08T09:19:48Z
902,13244/TCHQ-TXNK,31/10/2014,Tổng cục hải quan,"Công văn số 13244/TCHQ-TXNK V/v hoàn thuế GTGT hàng nhập khẩu nộp nhầm, nộp thừa",53921,305,16,TP_HO_CHI_MINH,Nguyễn Dương Thái,31/10/2014,https://files.customs.gov.vn/CustomsCMS/TP_HO_CHI_MINH/2020/Web/Data/DocumentAttachments/13244.tif,https://www.customs.gov.vn/index.jsp?pageId=3&id=53921&cid=1294,2014,10/2014,2026-10-08T09:19:48Z
903,13273/TCHQ-GSQL,31/10/2014,Tổng cục hải quan,V/v Hướng dẫn thủ tục hải quan (Công ty TNHH MTV Thiết kế Nồng Nàn),62561,305,18,DONG_NAI,null,null,,https://www.customs.gov.vn/index.jsp?pageId=3&id=62561&cid=1294,2014,10/2014,2026-10-08T09:19:48Z
904,15895/BTC-CST,31/10/2014,Bộ Tài chính,Công văn số 15895/BTC-CST V/v hướng dẫn về thuế giá trị gia tăng đối với sản phầm trồng trọt,56956,305,16,TP_HO_CHI_MINH,Vũ Thị Mai,31/10/2014,https://files.customs.gov.vn/CustomsCMS/TP_HO_CHI_MINH/2020/Web/Data/DocumentAttachments/15895.btc.cst.pdf,https://www.customs.gov.vn/index.jsp?pageId=3&id=56956&cid=1294,2014,10/2014,2026-10-08T09:19:48Z
905,9840/QĐ-BCT,31/10/2014,null,Quyết định về việc bãi bỏ văn bản quy phạm pháp luật,67390,305,18,CAN_THO,null,01/11/2014,,https://www.customs.gov.vn/index.jsp?pageId=3&id=67390&cid=1294,2014,10/2014,2026-10-08T09:19:48Z
906,13152-13268/TB-TCHQ,30/10/2014,null,"Thông báo về kết quả phân loại đối với hàng hóa XK, NK",75153,305,16,DA_NANG,Nguyễn Dương Thái,30/10/2014,https://files.customs.gov.vn/DA_NANG/Uploads/65e32243-11bf-4695-985d-c1563e8c13ba/1_13152.tif,https://www.customs.gov.vn/index.jsp?pageId=3&id=75153&cid=1294,2014,10/2014,2026-10-08T09:19:48Z
907,13147/TCHQ-TXNK,30/10/2014,Tổng cục hải quan,V/v Thuế GTGT thiết bị y tế (Công ty TNHH Thương mại và công nghệ kỹ thuật TNT),62563,305,18,DONG_NAI,null,null,,https://www.customs.gov.vn/index.jsp?pageId=3&id=62563&cid=1294,2014,10/2014,2026-10-08T09:19:48Z
908,13168/TCHQ-TXNK,30/10/2014,Tổng cục hải quan,V/v Thuế đối với tài sản bán đấu giá (Ngân hàng TNHH MTV Shinhan Việt Nam),62562,305,18,DONG_NAI,null,null,,https://www.customs.gov.vn/index.jsp?pageId=3&id=62562&cid=1294,2014,10/2014,2026-10-08T09:19:48Z
909,1428/GSQL-TH,30/10/2014,Bộ Công nghiệp,"Công văn số 1428/GSQL-TH V/v hàng hóa có thuế TTĐB gửi KNQ do Chi cục Hải quan ngoài cửa khẩu nhập, ngoài cửa khẩu xuất quản lý",52369,305,16,TP_HO_CHI_MINH,Nguyễn Nhất Kha,30/10/2014,https://files.customs.gov.vn/CustomsCMS/TP_HO_CHI_MINH/2020/Web/Data/DocumentAttachments/1428.tif,https://www.customs.gov.vn/index.jsp?pageId=3&id=52369&cid=1294,2014,10/2014,2026-10-08T09:19:48Z
910,2537/HQĐNa-GSQL,30/10/2014,Cục Hải Quan tỉnh Đồng Nai,V/v Vướng mắc C/O mẫu AJ của Công ty TNHH Ojitex Việt Nam,64978,305,18,DONG_NAI,null,null,https://files.customs.gov.vn/DONG_NAI//Data/Cv_Hqdn/2537_HQDNa_GSQL_30_10_2014.pdf,https://www.customs.gov.vn/index.jsp?pageId=3&id=64978&cid=1294,2014,10/2014,2026-10-08T09:19:48Z
911,13096/TB-TCHQ,29/10/2014,null,Thông báo về kết quả xác định trước mã số,75149,305,18,DA_NANG,Nguyễn Dương Thái,29/10/2014,https://files.customs.gov.vn/DA_NANG/Uploads/65e32243-11bf-4695-985d-c1563e8c13ba/1_13096.tif,https://www.customs.gov.vn/index.jsp?pageId=3&id=75149&cid=1294,2014,10/2014,2026-10-08T09:19:48Z
912,13138/TCHQ-TXNK,29/10/2014,null,Triển khai Thông tư số 126/2014/TT-BTC,75150,305,16,DA_NANG,Nguyễn Dương Thái,29/10/2014,https://files.customs.gov.vn/DA_NANG/Uploads/65e32243-11bf-4695-985d-c1563e8c13ba/1_13138.tif,https://www.customs.gov.vn/index.jsp?pageId=3&id=75150&cid=1294,2014,10/2014,2026-10-08T09:19:48Z
913,2509/HQĐNa-ĐKS,29/10/2014,Cục Hải Quan tỉnh Đồng Nai,V/v Trả lời công văn số 86/14/CV.CT ngày 20/10/2014 của Công ty TNHH Hồ bơi Chấu Á Thái Bình Dương Desyoyaux,64980,305,18,DONG_NAI,null,null,https://files.customs.gov.vn/DONG_NAI//Data/Cv_Hqdn/2509_HQDNa_DKS_29_10_2014.pdf,https://www.customs.gov.vn/index.jsp?pageId=3&id=64980&cid=1294,2014,10/2014,2026-10-08T09:19:48Z
914,2518/HQĐNa-GSQL,29/10/2014,Cục Hải Quan tỉnh Đồng Nai,V/v Đăng ký thủ tục hải quan  (Cty TNHH Chế biến XNK nông sản Đồng Tâm),64979,305,18,DONG_NAI,null,null,https://files.customs.gov.vn/DONG_NAI//Data/Cv_Hqdn/2518_HQDNa_GSQL_29_10_2014.pdf,https://www.customs.gov.vn/index.jsp?pageId=3&id=64979&cid=1294,2014,10/2014,2026-10-08T09:19:48Z
915,39/2014/TTLT-BCT-BTC,29/10/2014,null,"Thông tư liên tịch quy định về phương pháp tính giá cơ sở; cơ chế hình thành, quản lý, sử dụng Quỹ Bình ổn giá và điều hành giá xăng dầu theo quy định tại Nghị định số 83/2014/NĐ-CP ngày 03 tháng 9 năm 2014 của Chính phủ về kinh doanh xăng dầu",67389,305,18,CAN_THO,null,01/11/2014,https://files.customs.gov.vn/CAN_THO/TTLT39-2014-BCT-BTC.pdf,https://www.customs.gov.vn/index.jsp?pageId=3&id=67389&cid=1294,2014,10/2014,2026-10-08T09:19:48Z
916,2493/HQĐNa-ĐKS,28/10/2014,Cục Hải Quan tỉnh Đồng Nai,V/v Cấp mã địa điểm,64983,305,18,DONG_NAI,null,null,https://files.customs.gov.vn/DONG_NAI//Data/Cv_Hqdn/2493_HQDNa_DKS_28_10_2014.pdf,https://www.customs.gov.vn/index.jsp?pageId=3&id=64983&cid=1294,2014,10/2014,2026-10-08T09:19:48Z
917,2505/HQĐNa-ĐKS,28/10/2014,Cục Hải Quan tỉnh Đồng Nai,V/v Điều chỉnh tên công ty đã được cấp mã địa điểm,64982,305,18,DONG_NAI,null,null,https://files.customs.gov.vn/DONG_NAI//Data/Cv_Hqdn/2505_HQDNa_DKS_28_10_2014.pdf,https://www.customs.gov.vn/index.jsp?pageId=3&id=64982&cid=1294,2014,10/2014,2026-10-08T09:19:48Z
918,2506/HQĐNa-ĐKS,28/10/2014,Cục Hải Quan tỉnh Đồng Nai,V/v Trả lời công văn số 01-10/CV ngày 27/10/2014 Công ty Cổ phần Kim loại Comax Việt nam,64981,305,18,DONG_NAI,null,null,https://files.customs.gov.vn/DONG_NAI//Data/Cv_Hqdn/2506_HQDNa_DKS_28_10_2014.pdf,https://www.customs.gov.vn/index.jsp?pageId=3&id=64981&cid=1294,2014,10/2014,2026-10-08T09:19:48Z
919,12940/TCHQ-TXNK,27/10/2014,Tổng cục hải quan,V/v Phân loại thép mạ màu (Hiệp hội thép Việt Nam),62564,305,18,DONG_NAI,null,null,,https://www.customs.gov.vn/index.jsp?pageId=3&id=62564&cid=1294,2014,10/2014,2026-10-08T09:19:48Z
920,12941-12982/TB-TCHQ,27/10/2014,null,"Thông báo về kết quả phân loại đối với hàng hóa XK, NK",75148,305,18,DA_NANG,Nguyễn Dương Thái,27/10/2014,https://files.customs.gov.vn/DA_NANG/Uploads/65e32243-11bf-4695-985d-c1563e8c13ba/1_12941.tif,https://www.customs.gov.vn/index.jsp?pageId=3&id=75148&cid=1294,2014,10/2014,2026-10-08T09:19:48Z
921,13016-13077/TB-TCHQ,27/10/2014,null,"Thông báo về kết quả phân loại đối với hàng hóa XK, NK",75147,305,18,DA_NANG,Nguyễn Dương Thái,27/10/2014,https://files.customs.gov.vn/DA_NANG/Uploads/65e32243-11bf-4695-985d-c1563e8c13ba/1_13016.tif,https://www.customs.gov.vn/index.jsp?pageId=3&id=75147&cid=1294,2014,10/2014,2026-10-08T09:19:48Z
922,2475/HQĐNa-GSQL,27/10/2014,Cục Hải Quan tỉnh Đồng Nai,V/v Gia hạn làm thủ tục hải quan tại Chi cục Hải quan Thống nhất (Cty TNHH MTV Mây Việt),64985,305,18,DONG_NAI,null,null,https://files.customs.gov.vn/DONG_NAI//Data/Cv_Hqdn/2475_HQDNa_GSQL_27_10_2014.pdf,https://www.customs.gov.vn/index.jsp?pageId=3&id=64985&cid=1294,2014,10/2014,2026-10-08T09:19:48Z
923,2480/HQĐNa-GSQL,27/10/2014,Cục Hải Quan tỉnh Đồng Nai,V/v Đăng ký thủ tục Hải quan (Cty TNHH Chế biến XNK Đồng Tâm),64984,305,18,DONG_NAI,null,null,https://files.customs.gov.vn/DONG_NAI//Data/Cv_Hqdn/2480_HQDNa_GSQL_27_10_2014.pdf,https://www.customs.gov.vn/index.jsp?pageId=3&id=64984&cid=1294,2014,10/2014,2026-10-08T09:19:48Z
924,12920/TB-TCHQ,24/10/2014,null,"Thông báo về kết quả phân loại đối với hàng hóa XK, NK",75143,305,18,DA_NANG,Nguyễn Dương Thái,24/10/2014,https://files.customs.gov.vn/DA_NANG/Uploads/65e32243-11bf-4695-985d-c1563e8c13ba/1_12920.tif,https://www.customs.gov.vn/index.jsp?pageId=3&id=75143&cid=1294,2014,10/2014,2026-10-08T09:19:48Z
925,2460/HQĐNa-ĐKS,24/10/2014,Cục Hải Quan tỉnh Đồng Nai,V/v Xin công nhận địa điểm kiểm tra hàng hóa tại nơi sản xuất và cấp mã địa điểm tập kết hàng hóa xuất nhập khẩu,64987,305,18,DONG_NAI,null,null,https://files.customs.gov.vn/DONG_NAI//Data/Cv_Hqdn/2460_HQDNa_DKS_24_10_2014.pdf,https://www.customs.gov.vn/index.jsp?pageId=3&id=64987&cid=1294,2014,10/2014,2026-10-08T09:19:48Z
926,3091/QĐ-TCHQ,24/10/2014,Tổng cục hải quan,"Quyết định số 3091/QĐ-TCHQ ngày 24/10/2014 ban hành Quy trình thí điểm thực hiện việc trừ lùi, thống kê container hàng hóa nhập khẩu đưa ra và tồn trong địa bàn giám sát hải quan tại Cục Hải quan thành phố hải Phòng thực hiện trên Hệ thống thông tin e-manifest",59569,305,10,TONG_CUC,Vũ Ngọc Anh,01/11/2014,,https://www.customs.gov.vn/index.jsp?pageId=3&id=59569&cid=1294,2014,10/2014,2026-10-08T09:19:48Z
927,15214/BTC-TCHQ,23/10/2014,Bộ Tài chính,Công văn số 15214/BTC-TCHQ V/v vướng mắc xử phạt,53690,305,16,TP_HO_CHI_MINH,Đỗ Hoàng Anh Tuấn,23/10/2014,https://files.customs.gov.vn/CustomsCMS/TP_HO_CHI_MINH/2020/Web/Data/DocumentAttachments/15214.tif,https://www.customs.gov.vn/index.jsp?pageId=3&id=53690&cid=1294,2014,10/2014,2026-10-08T09:19:48Z
928,12839/TCHQ-TXNK,22/10/2014,Tổng cục hải quan,"V/v Hoàn thuế GTGT hàng nhập khẩu nộp nhầm, nộp thừa (Công ty cho thuê tài chính TNHH MTV Kexim Việt Nam (Kexim VLC))",62565,305,18,DONG_NAI,null,null,,https://www.customs.gov.vn/index.jsp?pageId=3&id=62565&cid=1294,2014,10/2014,2026-10-08T09:19:48Z
929,2449/HQĐNa-ĐKS,22/10/2014,Cục Hải Quan tỉnh Đồng Nai,V/v Cấp mã địa điểm,64988,305,18,DONG_NAI,null,null,https://files.customs.gov.vn/DONG_NAI//Data/Cv_Hqdn/2449_HQDNa_DKS_22_10_2014.pdf,https://www.customs.gov.vn/index.jsp?pageId=3&id=64988&cid=1294,2014,10/2014,2026-10-08T09:19:48Z
930,12761-12790/TB-TCHQ,21/10/2014,null,"Thông báo về kết quả phân loại đối với hàng hóa xuất khẩu, nhập khẩu",75139,305,18,DA_NANG,Nguyễn Dương Thái,21/10/2014,https://files.customs.gov.vn/DA_NANG/Uploads/65e32243-11bf-4695-985d-c1563e8c13ba/12761.tif,https://www.customs.gov.vn/index.jsp?pageId=3&id=75139&cid=1294,2014,10/2014,2026-10-08T09:19:48Z
931,12802/TCHQ-TXNK,21/10/2014,Tổng cục hải quan,V/v Hoàn thuế giá trị gia tăng (Công ty CP Hợp kim Fero Việt Nam),62566,305,18,DONG_NAI,null,null,,https://www.customs.gov.vn/index.jsp?pageId=3&id=62566&cid=1294,2014,10/2014,2026-10-08T09:19:48Z
932,12806-12831/TB-TCHQ,21/10/2014,null,"Thông báo về kết quả phân loại đối với hàng hóa xuất khẩu, nhập khẩu",75140,305,18,DA_NANG,Nguyễn Dương Thái,21/10/2014,https://files.customs.gov.vn/DA_NANG/Uploads/65e32243-11bf-4695-985d-c1563e8c13ba/12806.tif,https://www.customs.gov.vn/index.jsp?pageId=3&id=75140&cid=1294,2014,10/2014,2026-10-08T09:19:48Z
933,14948/BTC-TCHQ,21/10/2014,null,Về việc xử lý tiền chậm nộp thuế,75138,305,16,DA_NANG,Đỗ Hoàng Anh Tuấn,21/10/2014,https://files.customs.gov.vn/DA_NANG/Uploads/65e32243-11bf-4695-985d-c1563e8c13ba/14948.tif,https://www.customs.gov.vn/index.jsp?pageId=3&id=75138&cid=1294,2014,10/2014,2026-10-08T09:19:48Z
934,228/HQĐNa-ĐKS,21/10/2014,Cục Hải Quan tỉnh Đồng Nai,V/v Cấp mã địa điểm tập kết hàng hóa xuất khẩu cho Công ty TNHH Daewon Chemical Vina,64989,305,18,DONG_NAI,null,null,https://files.customs.gov.vn/DONG_NAI//Data/Cv_Hqdn/228_HQDNa_DKS_21_10_2014.pdf,https://www.customs.gov.vn/index.jsp?pageId=3&id=64989&cid=1294,2014,10/2014,2026-10-08T09:19:48Z
935,2433/HQĐNa-GSQL,21/10/2014,Cục Hải Quan tỉnh Đồng Nai,"V/v Thủ tục hải quan hàng hóa xuất, nhập kho ngoại quan",64991,305,18,DONG_NAI,null,null,https://files.customs.gov.vn/DONG_NAI//Data/Cv_Hqdn/2433_HQDNa_GSQL_21_10_2014.pdf,https://www.customs.gov.vn/index.jsp?pageId=3&id=64991&cid=1294,2014,10/2014,2026-10-08T09:19:48Z
936,2436/HQĐNa-ĐKS,21/10/2014,Cục Hải Quan tỉnh Đồng Nai,V/v Cấp mã địa điểm tập kết hàng hóa xuất khẩu (Công ty TNHH Daewon Chemical Vina),64990,305,18,DONG_NAI,null,null,https://files.customs.gov.vn/DONG_NAI//Data/Cv_Hqdn/2436_HQDNa_DKS_21_10_2014.pdf,https://www.customs.gov.vn/index.jsp?pageId=3&id=64990&cid=1294,2014,10/2014,2026-10-08T09:19:48Z
937,3048QĐ-TCHQ,21/10/2014,null,Quyết định v/v xóa nợ tiền thuế phát sinh trước ngày 01/7/2007 đối với CT Hưng Thịnh thuộc Ban tài chính tỉnh Ủy Bà Rịa Vũng Tàu  là DNNN đã giải thể,75141,305,10,DA_NANG,Nguyễn Dương Thái,21/10/2014,https://files.customs.gov.vn/DA_NANG/Uploads/65e32243-11bf-4695-985d-c1563e8c13ba/3048 Năm 2014 TCHQ QĐ xóa nợ Công ty Hưng Thịnh.tif,https://www.customs.gov.vn/index.jsp?pageId=3&id=75141&cid=1294,2014,10/2014,2026-10-08T09:19:48Z
938,12745/TCHQ-TXNK,20/10/2014,Tổng cục hải quan,V/v Sử dụng hóa đơn xuất khẩu (Công ty CP sản xuất hàng thể thao),62567,305,18,DONG_NAI,null,null,,https://www.customs.gov.vn/index.jsp?pageId=3&id=62567&cid=1294,2014,10/2014,2026-10-08T09:19:48Z
939,2430/HQĐNa-ĐKS,20/10/2014,Cục Hải Quan tỉnh Đồng Nai,V/v Cấp mã địa điểm tập kết hàng hóa xuất khẩu (Công ty CP Furniweb Việt Nam),64992,305,18,DONG_NAI,null,null,https://files.customs.gov.vn/DONG_NAI//Data/Cv_Hqdn/2430_HQDNa_DKS_20_10_2014.pdf,https://www.customs.gov.vn/index.jsp?pageId=3&id=64992&cid=1294,2014,10/2014,2026-10-08T09:19:48Z
940,525/QĐ-HQCĐN,20/10/2014,null,"Quyết định về việc áp dụng biện pháp cưỡng chế dừng làm thủ tục hải quan đối với hàng hóa xuất khẩu, nhập khẩu",75144,305,10,DA_NANG,Nguyễn Quang Lãng,25/10/2014,https://files.customs.gov.vn/DA_NANG/Uploads/65e32243-11bf-4695-985d-c1563e8c13ba/525.tif,https://www.customs.gov.vn/index.jsp?pageId=3&id=75144&cid=1294,2014,10/2014,2026-10-08T09:19:48Z
941,526/QĐ-HQCĐN,20/10/2014,null,"Quyết định về việc áp dụng biện pháp cưỡng chế dừng làm thủ tục hải quan đối với hàng hóa xuất khẩu, nhập khẩu",75145,305,10,DA_NANG,Nguyễn Quang Lãng,25/10/2014,https://files.customs.gov.vn/DA_NANG/Uploads/65e32243-11bf-4695-985d-c1563e8c13ba/526.tif,https://www.customs.gov.vn/index.jsp?pageId=3&id=75145&cid=1294,2014,10/2014,2026-10-08T09:19:48Z
942,527/QĐ-HQCĐN,20/10/2014,null,"Quyết định về việc áp dụng biện pháp cưỡng chế dừng làm thủ tục hải quan đối với hàng hóa xuất khẩu, nhập khẩu",75146,305,10,DA_NANG,Nguyễn Quang Lãng,25/10/2014,https://files.customs.gov.vn/DA_NANG/Uploads/65e32243-11bf-4695-985d-c1563e8c13ba/527.tif,https://www.customs.gov.vn/index.jsp?pageId=3&id=75146&cid=1294,2014,10/2014,2026-10-08T09:19:48Z
943,54/2014/TT-BGTVT,20/10/2014,Bộ giao thông vận tải,"Sửa đổi, bổ sung một số điều của Thông tư số 30/2011/TT-BGTVT Bộ Giao thông vận tải quy định về việc kiểm tra chất lượng an toàn kỹ thuật và bảo vệ môi trường trong sản xuất, lắp ráp xe cơ giới",57483,305,4,TP_HO_CHI_MINH,Đinh La Thăng,15/12/2014,"https://files.customs.gov.vn/CustomsCMS/TP_HO_CHI_MINH/2020/Web/Data/DocumentAttachments/54_2014_TT_BGTVT_Phu_Luc.doc,/CustomsCMS/TP_HO_CHI_MINH/2020/Web/Data/DocumentAttachments/54_2014_TT_BGTVT_Sua_doi__bo_sung_mot_so_dieu_cua_Thong_tu_so_302011TT-BGTVT.doc",https://www.customs.gov.vn/index.jsp?pageId=3&id=57483&cid=1294,2014,10/2014,2026-10-08T09:19:48Z
944,12666/TB-TCHQ,17/10/2014,null,Thông báo kết quả xác định trước mã số,75135,305,18,DA_NANG,Nguyễn Dương Thái,17/10/2014,https://files.customs.gov.vn/DA_NANG/Uploads/65e32243-11bf-4695-985d-c1563e8c13ba/1_12666.tif,https://www.customs.gov.vn/index.jsp?pageId=3&id=75135&cid=1294,2014,10/2014,2026-10-08T09:19:48Z
945,12649/TCHQ-TXNK,17/10/2014,Tổng cục hải quan,V/v Hướng dẫn thực hiện Biểu thuế xuất khẩu (Công ty TNHH Công nghiệp Daeyang Việt Nam),62570,305,18,DONG_NAI,null,null,,https://www.customs.gov.vn/index.jsp?pageId=3&id=62570&cid=1294,2014,10/2014,2026-10-08T09:19:48Z
946,12678/TCHQ-TXNK,17/10/2014,Tổng cục hải quan,V/v Hàng hóa nhập khẩu để thực hiện hợp đồng gia công và sản phẩm gia công xuất khẩu (Tập đoàn Giày Hong Fu Việt Nam),62569,305,18,DONG_NAI,null,null,https://files.customs.gov.vn/DONG_NAI//Data/CV_TCHQ/12678_TCHQ_TXNK_17_10_2014.pdf,https://www.customs.gov.vn/index.jsp?pageId=3&id=62569&cid=1294,2014,10/2014,2026-10-08T09:19:48Z
947,12682/TCHQ-TXNK,17/10/2014,Tổng cục hải quan,V/v Thuế suất thuế GTGT (Công ty TNHH TM Kỹ thuật y tế Vạn Xuân),62568,305,18,DONG_NAI,null,null,,https://www.customs.gov.vn/index.jsp?pageId=3&id=62568&cid=1294,2014,10/2014,2026-10-08T09:19:48Z
948,12687-12725/TB-TCHQ,17/10/2014,null,"Thông báo về kết quả phân loại đối với hàng hóa xuất khẩu, nhập khẩu",75134,305,18,DA_NANG,Nguyễn Dương Thái,17/10/2014,https://files.customs.gov.vn/DA_NANG/Uploads/65e32243-11bf-4695-985d-c1563e8c13ba/12687.tif,https://www.customs.gov.vn/index.jsp?pageId=3&id=75134&cid=1294,2014,10/2014,2026-10-08T09:19:48Z
949,2418/HQĐNa-GSQL,17/10/2014,Cục Hải Quan tỉnh Đồng Nai,Vướng mắc C/O mẫu D của Công ty CP Tổng hợp gỗ Tân Mai,64994,305,18,DONG_NAI,null,null,https://files.customs.gov.vn/DONG_NAI//Data/Cv_Hqdn/2418_HQDNa_GSQL_27_10_2014.pdf,https://www.customs.gov.vn/index.jsp?pageId=3&id=64994&cid=1294,2014,10/2014,2026-10-08T09:19:48Z
950,2427/HQĐNa-GSQL,17/10/2014,Cục Hải Quan tỉnh Đồng Nai,V/v Hướng dẫn thủ tục nhập khẩu MMTB đã qua sử dụng (Công ty TNHH Hwaseung Vina),64993,305,18,DONG_NAI,null,null,https://files.customs.gov.vn/DONG_NAI//Data/Cv_Hqdn/2427_HQDNa_GSQL_17_10_2014.pdf,https://www.customs.gov.vn/index.jsp?pageId=3&id=64993&cid=1294,2014,10/2014,2026-10-08T09:19:48Z
951,95/2014/NĐ-CP,17/10/2014,Chính phủ,Nghị định 95/2014/NĐ-CP quy định về đầu tư và cơ chế tài chính hoạt động khoa học và công nghệ,40215,305,8,HA_TINH,null,null,https://files.customs.gov.vn/CustomsCMS/HA_TINH/2020/Aparea/news/2015/08/243/file/95_2014_ND_CP.doc,https://www.customs.gov.vn/index.jsp?pageId=3&id=40215&cid=1294,2014,10/2014,2026-10-08T09:19:48Z
952,97/2014/NĐ-CP,17/10/2014,Chính phủ,Nghị định 97/2014/NĐ-CP ngày 17/10/2014 sửa đổi Nghị định 78/2009/NĐ-CP hướng dẫn Luật Quốc tịch Việt Nam,40213,305,8,HA_TINH,null,null,https://files.customs.gov.vn/CustomsCMS/HA_TINH/2020/Aparea/news/2015/08/243/file/VanBanGoc_97_2014_ND_CP.pdf,https://www.customs.gov.vn/index.jsp?pageId=3&id=40213&cid=1294,2014,10/2014,2026-10-08T09:19:48Z
953,12606-12665/TB-TCHQ,16/10/2014,null,"Thông báo về kết quả phân loại đối với hàng hóa xuất khẩu, nhập khẩu",75132,305,18,DA_NANG,Nguyễn Dương Thái,16/10/2014,https://files.customs.gov.vn/DA_NANG/Uploads/65e32243-11bf-4695-985d-c1563e8c13ba/1_12606.tif,https://www.customs.gov.vn/index.jsp?pageId=3&id=75132&cid=1294,2014,10/2014,2026-10-08T09:19:48Z
954,2399/HQĐNa-ĐKS,16/10/2014,Cục Hải Quan tỉnh Đồng Nai,V/v Cấp mã địa điểm,64997,305,18,DONG_NAI,null,null,https://files.customs.gov.vn/DONG_NAI//Data/Cv_Hqdn/2399_HQDNa_DKS_16_10_2014.pdf,https://www.customs.gov.vn/index.jsp?pageId=3&id=64997&cid=1294,2014,10/2014,2026-10-08T09:19:48Z
955,2401/HQĐNa-TXNK,16/10/2014,Cục Hải Quan tỉnh Đồng Nai,V/v Điều chỉnh Danh mục hàng hóa nhập khẩu miễn thuế (Công ty TNHH Salim Furniture Việt Nam),64996,305,18,DONG_NAI,null,null,https://files.customs.gov.vn/DONG_NAI//Data/Cv_Hqdn/2401_HQDNa_TXNK_16_10_2014.pdf,https://www.customs.gov.vn/index.jsp?pageId=3&id=64996&cid=1294,2014,10/2014,2026-10-08T09:19:48Z
956,2402/HQĐNa-TXNK,16/10/2014,Cục Hải Quan tỉnh Đồng Nai,V/v Điều chỉnh Danh mục hàng hóa nhập khẩu miễn thuế (Công ty TNHH Sunjin Vina ),64995,305,18,DONG_NAI,null,null,https://files.customs.gov.vn/DONG_NAI//Data/Cv_Hqdn/2402_HQDNa_TXNK_16_10_2014.pdf,https://www.customs.gov.vn/index.jsp?pageId=3&id=64995&cid=1294,2014,10/2014,2026-10-08T09:19:48Z
957,12582/TCHQ-TXNK,15/10/2014,null,Về việc phân loại mặt hàng cao su,75127,305,18,DA_NANG,Nguyễn Dương Thái,15/10/2014,https://files.customs.gov.vn/DA_NANG/Uploads/65e32243-11bf-4695-985d-c1563e8c13ba/12582.tif,https://www.customs.gov.vn/index.jsp?pageId=3&id=75127&cid=1294,2014,10/2014,2026-10-08T09:19:48Z
958,1250/QÐ-BXD,15/10/2014,Bộ và ngang bộ,Quyết định về việc đính chính thông tư số 15/2014/TT-BXD ngày 15/9/2014 của Bộ xây dựng ban hành quy chuẩn kỹ thuật quốc gia về sản phẩm hàng hóa vật liệu xây dựng,54595,305,16,TP_HO_CHI_MINH,Nguyễn Trần Nam,15/10/2014,https://files.customs.gov.vn/CustomsCMS/TP_HO_CHI_MINH/2020/Web/Data/DocumentAttachments/15_2014_TT-BXD_250065.doc,https://www.customs.gov.vn/index.jsp?pageId=3&id=54595&cid=1294,2014,10/2014,2026-10-08T09:19:48Z
959,12515/TB-TCHQ,15/10/2014,null,"Thông báo đính chính Thông báo kết quả phân loại đối với hàng hóa xuất khẩu, nhập khẩu",75129,305,18,DA_NANG,Nguyễn Dương Thái,15/10/2014,https://files.customs.gov.vn/DA_NANG/Uploads/65e32243-11bf-4695-985d-c1563e8c13ba/1_12515.tif,https://www.customs.gov.vn/index.jsp?pageId=3&id=75129&cid=1294,2014,10/2014,2026-10-08T09:19:48Z
960,12596/TCHQ-TXNK,15/10/2014,Tổng cục hải quan,"V/v Vướng mắc hoàn thuế GTGT hàng nhập khẩu nộp nhầm, nộp thừa (Tổng Công ty Dầu Việt Nam (PVOIL))",62571,305,18,DONG_NAI,null,null,,https://www.customs.gov.vn/index.jsp?pageId=3&id=62571&cid=1294,2014,10/2014,2026-10-08T09:19:48Z
961,1367/GSQL-TH,15/10/2014,Bộ Công nghiệp,V/v vướng mắc C/O mẫu E (công văn số 1367/GSQL-TH ngày 15/10/2014) - Cục Hải quan TP. Hồ Chí Minh.,54471,305,16,TP_HO_CHI_MINH,Âu Anh Tuấn,15/10/2014,https://files.customs.gov.vn/CustomsCMS/TP_HO_CHI_MINH/2020/Web/Data/DocumentAttachments/1367-GSQL-TH.tif,https://www.customs.gov.vn/index.jsp?pageId=3&id=54471&cid=1294,2014,10/2014,2026-10-08T09:19:48Z
962,2384/HQĐNa-GSQL,15/10/2014,Cục Hải Quan tỉnh Đồng Nai,Trả lời Công ty TNHH Hưng nghiệp Formosa v/v đề nghị hướng dẫn đăng ký định mức của sản phẩm xuất khẩu,64998,305,18,DONG_NAI,null,null,https://files.customs.gov.vn/DONG_NAI//Data/Cv_Hqdn/2384_HQDNa_GSQL_15_10_2014.pdf,https://www.customs.gov.vn/index.jsp?pageId=3&id=64998&cid=1294,2014,10/2014,2026-10-08T09:19:48Z
963,571/QĐ-HQHT,15/10/2014,Khác,Về việc kiện toàn Tổ tư vấn về Hải quan - Doanh nghiệp,40226,305,10,HA_TINH,Cục trưởng,null,https://files.customs.gov.vn/CustomsCMS/HA_TINH/2020file/QD 571-2014-QD thanh lap To tu van Hai quan doanh nghiep.tif,https://www.customs.gov.vn/index.jsp?pageId=3&id=40226&cid=1294,2014,10/2014,2026-10-08T09:19:48Z
964,12460-12586/TB-TCHQ,14/10/2014,null,Về việc phân loại mặt hàng cao su,75125,305,18,DA_NANG,Nguyễn Dương Thái,14/10/2014,https://files.customs.gov.vn/DA_NANG/Uploads/65e32243-11bf-4695-985d-c1563e8c13ba/12462.tif,https://www.customs.gov.vn/index.jsp?pageId=3&id=75125&cid=1294,2014,10/2014,2026-10-08T09:19:48Z
965,12398/TB-TCHQ,13/10/2014,null,"Thông báo đính chính Thông báo kết quả phân loại đối với hàng hóa xuất khẩu, nhập khẩu",75124,305,18,DA_NANG,Lê Xuân Huế,13/10/2014,https://files.customs.gov.vn/DA_NANG/Uploads/65e32243-11bf-4695-985d-c1563e8c13ba/1_12398.tif,https://www.customs.gov.vn/index.jsp?pageId=3&id=75124&cid=1294,2014,10/2014,2026-10-08T09:19:48Z
966,12387/TCHQ-TXNK,13/10/2014,Tổng cục hải quan,V/v Mã số hàng hóa và thuế GTGT thiết bị y tế (Công ty cổ phần XNK Bảo Minh),62572,305,18,DONG_NAI,null,null,https://files.customs.gov.vn/DONG_NAI//Data/CV_TCHQ/12387_TCHQ_TXNK_13_10_2014.pdf,https://www.customs.gov.vn/index.jsp?pageId=3&id=62572&cid=1294,2014,10/2014,2026-10-08T09:19:48Z
967,12263/TCHQ-TXNK,10/10/2014,null,Phân loại mặt hàng Bộ ngắt mạch tự động,75122,305,16,DA_NANG,Nguyễn Dương Thái,10/10/2014,https://files.customs.gov.vn/DA_NANG/Uploads/65e32243-11bf-4695-985d-c1563e8c13ba/1_12263.tif,https://www.customs.gov.vn/index.jsp?pageId=3&id=75122&cid=1294,2014,10/2014,2026-10-08T09:19:48Z
968,12358-12360/TB-TCHQ,10/10/2014,null,"Thông báo về kết quả phân loại đối với hàng hóa xuất khẩu, nhập khẩu",75123,305,18,DA_NANG,Lê Xuân Huế,10/10/2014,https://files.customs.gov.vn/DA_NANG/Uploads/65e32243-11bf-4695-985d-c1563e8c13ba/1_12358.tif,https://www.customs.gov.vn/index.jsp?pageId=3&id=75123&cid=1294,2014,10/2014,2026-10-08T09:19:48Z
969,12241/TCHQ-TXNK,10/10/2014,Tổng cục hải quan,"V/v Thuế GTGT sản phẩm trồng trọt, chăn nuôi, thủy sản (Hiệp hội thức ăn chăn nuôi Việt Nam)",62574,305,18,DONG_NAI,null,null,,https://www.customs.gov.vn/index.jsp?pageId=3&id=62574&cid=1294,2014,10/2014,2026-10-08T09:19:48Z
970,12348/TCHQ-TXNK,10/10/2014,Tổng cục hải quan,V/v Hàng hóa nhập khẩu bán cho DNCX (Công ty CP Đầu tư than Quảng Ninh),62573,305,18,DONG_NAI,null,null,,https://www.customs.gov.vn/index.jsp?pageId=3&id=62573&cid=1294,2014,10/2014,2026-10-08T09:19:48Z
971,1341/GSQL-GQ3,09/10/2014,Tổng cục hải quan,V/v Thành lập kho ngoại quan xăng dầu (Công ty TNHH MTV Thương mại Dầu khí Đồng Tháp),62575,305,18,DONG_NAI,null,null,,https://www.customs.gov.vn/index.jsp?pageId=3&id=62575&cid=1294,2014,10/2014,2026-10-08T09:19:48Z
972,2331-2332/HQĐNa-ĐKS,09/10/2014,Cục Hải Quan tỉnh Đồng Nai,V/v Cấp mã địa điểm tập kết hàng hóa xuất khẩu,64999,305,18,DONG_NAI,null,null,https://files.customs.gov.vn/DONG_NAI//Data/Cv_Hqdn/2331_2332_HQDNa_DKS_09_10_2014.pdf,https://www.customs.gov.vn/index.jsp?pageId=3&id=64999&cid=1294,2014,10/2014,2026-10-08T09:19:48Z
973,12157-12164/TB-TCHQ,08/10/2014,null,"Thông báo về kết quả phân loại đối với hàng hóa xuất khẩu, nhập khẩu",75121,305,18,DA_NANG,Nguyễn Dương Thái,08/10/2014,https://files.customs.gov.vn/DA_NANG/Uploads/65e32243-11bf-4695-985d-c1563e8c13ba/12157.tif,https://www.customs.gov.vn/index.jsp?pageId=3&id=75121&cid=1294,2014,10/2014,2026-10-08T09:19:48Z
974,12185-12340/TB-TCHQ,08/10/2014,null,"Thông báo về kết quả phân loại đối với hàng hóa xuất khẩu, nhập khẩu",75120,305,18,DA_NANG,Nguyễn Dương Thái,08/10/2014,https://files.customs.gov.vn/DA_NANG/Uploads/65e32243-11bf-4695-985d-c1563e8c13ba/12185.tif,https://www.customs.gov.vn/index.jsp?pageId=3&id=75120&cid=1294,2014,10/2014,2026-10-08T09:19:48Z
975,2315/HQĐNa-ĐKS,08/10/2014,Cục Hải Quan tỉnh Đồng Nai,V/v Cấp mã địa điểm,65001,305,18,DONG_NAI,null,null,https://files.customs.gov.vn/DONG_NAI//Data/Cv_Hqdn/2315_HQDNa_DKS_08_10_2014.pdf,https://www.customs.gov.vn/index.jsp?pageId=3&id=65001&cid=1294,2014,10/2014,2026-10-08T09:19:48Z
976,2323/HQĐNa-GSQL,08/10/2014,Cục Hải Quan tỉnh Đồng Nai,V/v Mất Danh mục hàng hóa nhập khẩu miễn thuế tạo TSCĐ (Công ty CP vận tải Sonadezi),65000,305,18,DONG_NAI,null,null,https://files.customs.gov.vn/DONG_NAI//Data/Cv_Hqdn/2323_HQDNa_GSQL_08_10_2014.pdf,https://www.customs.gov.vn/index.jsp?pageId=3&id=65000&cid=1294,2014,10/2014,2026-10-08T09:19:48Z
977,12120/TB-TCHQ,07/10/2014,null,"Thông báo về kết quả phân loại đối với hàng hóa xuất khẩu, nhập khẩu",75119,305,18,DA_NANG,Nguyễn Dương Thái,07/10/2014,https://files.customs.gov.vn/DA_NANG/Uploads/65e32243-11bf-4695-985d-c1563e8c13ba/12120.tif,https://www.customs.gov.vn/index.jsp?pageId=3&id=75119&cid=1294,2014,10/2014,2026-10-08T09:19:48Z
978,1323/GSQL-TH,07/10/2014,Bộ Công nghiệp,Công văn số 1323/GSQL-TH V/v chứng tù trong bộ hồ sơ nhập khẩu hàng hóa từ kho ngoại quan,56115,305,16,TP_HO_CHI_MINH,null,07/10/2014,https://files.customs.gov.vn/CustomsCMS/TP_HO_CHI_MINH/2020/Web/Data/DocumentAttachments/1323.tif,https://www.customs.gov.vn/index.jsp?pageId=3&id=56115&cid=1294,2014,10/2014,2026-10-08T09:19:48Z
979,12075-12102/TB-TCHQ,06/10/2014,null,"Thông báo về kết quả phân loại đối với hàng hóa xuất khẩu, nhập khẩu",75118,305,18,DA_NANG,Nguyễn Dương Thái,06/10/2014,https://files.customs.gov.vn/DA_NANG/Uploads/65e32243-11bf-4695-985d-c1563e8c13ba/12075.tif,https://www.customs.gov.vn/index.jsp?pageId=3&id=75118&cid=1294,2014,10/2014,2026-10-08T09:19:48Z
980,1317/GSQL-GQ1,06/10/2014,Bộ Công nghiệp,Công văn số 1317/GSQL-GQ1 V/v in và xác nhận tờ khai,57324,305,16,TP_HO_CHI_MINH,Âu Anh Tuấn,06/10/2014,https://files.customs.gov.vn/CustomsCMS/TP_HO_CHI_MINH/2020/Web/Data/DocumentAttachments/1317.tif,https://www.customs.gov.vn/index.jsp?pageId=3&id=57324&cid=1294,2014,10/2014,2026-10-08T09:19:48Z
981,2277-2279/HQĐNa-ĐKS,06/10/2014,Cục Hải Quan tỉnh Đồng Nai,V/v Cấp mã địa điểm tập kết hàng hóa xuất khẩu,65002,305,18,DONG_NAI,null,null,https://files.customs.gov.vn/DONG_NAI//Data/Cv_Hqdn/2277_2279_HQDNa_DKS_06_10_2014.pdf,https://www.customs.gov.vn/index.jsp?pageId=3&id=65002&cid=1294,2014,10/2014,2026-10-08T09:19:48Z
982,2623/TXNK-PL,06/10/2014,Cục Thuế xuất nhập khẩu,Công văn số 2623/TXNK-PL V/v thuế chống bán phá giá mặt hàng thép không gỉ,57125,305,16,TP_HO_CHI_MINH,Lưu Mạnh Tưởng,06/10/2014,https://files.customs.gov.vn/CustomsCMS/TP_HO_CHI_MINH/2020/Web/Data/DocumentAttachments/2623.tif,https://www.customs.gov.vn/index.jsp?pageId=3&id=57125&cid=1294,2014,10/2014,2026-10-08T09:19:48Z
983,74/NQ-CP,04/10/2014,Chính phủ,Nghị quyết 74/NQ-CP ngày 4/10/2014 của Chính phủ về phiên họp Chính phủ thường kỳ tháng 9,59568,305,7,TONG_CUC,Nguyễn Tấn Dũng,04/10/2014,https://files.customs.gov.vn/van_ban_phap_luat/Lists/VanBanPhapLuat/Attachments/7861/NQ742014CP.doc,https://www.customs.gov.vn/index.jsp?pageId=3&id=59568&cid=1294,2014,10/2014,2026-10-08T09:19:48Z
984,1310/GSQL-GQ3,03/10/2014,Tổng cục hải quan,"V/v Tạm xuất tái nhập hàng hàng không nhằm mục đích thương mại để sửa chữa, bảo hành (Công ty TNHH CCI Việt Nam)",62576,305,18,DONG_NAI,null,null,,https://www.customs.gov.vn/index.jsp?pageId=3&id=62576&cid=1294,2014,10/2014,2026-10-08T09:19:48Z
985,1313/GSQL-GQ2,03/10/2014,Bộ Công nghiệp,Công văn số 1313/GSQL-GQ2 V/v thủ tục hải quan khi thanh lý tài sản cố định của doanh nghiệp FDI,56607,305,16,TP_HO_CHI_MINH,Trịnh Đình Kính,03/10/2014,https://files.customs.gov.vn/CustomsCMS/TP_HO_CHI_MINH/2020/Web/Data/DocumentAttachments/1313_GSQL-GQ2_251822.doc,https://www.customs.gov.vn/index.jsp?pageId=3&id=56607&cid=1294,2014,10/2014,2026-10-08T09:19:48Z
986,11947-12031/TB-TCHQ,02/10/2014,null,"Thông báo về kết quả phân loại đối với hàng hóa xuất khẩu, nhập khẩu",75117,305,18,DA_NANG,Nguyễn Dương Thái,02/10/2014,https://files.customs.gov.vn/DA_NANG/Uploads/65e32243-11bf-4695-985d-c1563e8c13ba/11947.tif,https://www.customs.gov.vn/index.jsp?pageId=3&id=75117&cid=1294,2014,10/2014,2026-10-08T09:19:48Z
987,11944/TCHQ-TXNK,02/10/2014,Tổng cục hải quan,11944/TCHQ-TXNK V/v phân loại mặt hàng Tô filament axetat xenlulo,55999,305,16,TP_HO_CHI_MINH,Nguyễn Dương Thái,02/10/2014,https://files.customs.gov.vn/CustomsCMS/TP_HO_CHI_MINH/2020/Web/Data/DocumentAttachments/11944.tif,https://www.customs.gov.vn/index.jsp?pageId=3&id=55999&cid=1294,2014,10/2014,2026-10-08T09:19:48Z
988,1306/GSQL-GQ1,02/10/2014,Bộ Công nghiệp,Công văn số 1306/GSQL-GQ1 V/v hồ sơ xuất khẩu đồ gỗ cao cấp có nguồn gốc nhập khẩu,56700,305,16,TP_HO_CHI_MINH,Ngô Minh Hải,02/10/2014,https://files.customs.gov.vn/CustomsCMS/TP_HO_CHI_MINH/2020/Web/Data/DocumentAttachments/1306_GSQL-GQ1_251706.doc,https://www.customs.gov.vn/index.jsp?pageId=3&id=56700&cid=1294,2014,10/2014,2026-10-08T09:19:48Z
989,2245/HQĐNa-GSQL,02/10/2014,Cục Hải Quan tỉnh Đồng Nai,V/v Đăng ký khai báo hải quan (Công ty TNHH Dịch vụ Sản xuất Thiết bị Aureole),65006,305,18,DONG_NAI,null,null,https://files.customs.gov.vn/DONG_NAI//Data/Cv_Hqdn/2245_HQDNa_GSQL_02_10_2014.pdf,https://www.customs.gov.vn/index.jsp?pageId=3&id=65006&cid=1294,2014,10/2014,2026-10-08T09:19:48Z
990,2246/HQĐNa-CNTT,02/10/2014,Cục Hải Quan tỉnh Đồng Nai,V/v Cung cấp lại dữ liệu khai hải quan điện tử (Công ty TNHH Nagae Việt Nam),65005,305,18,DONG_NAI,null,null,https://files.customs.gov.vn/DONG_NAI//Data/Cv_Hqdn/2246_HQDNa_CNTT_02_10_2014.pdf,https://www.customs.gov.vn/index.jsp?pageId=3&id=65005&cid=1294,2014,10/2014,2026-10-08T09:19:48Z
991,2255/HQĐNa-GSQL,02/10/2014,Cục Hải Quan tỉnh Đồng Nai,V/v Chuyển địa điểm đăng ký làm thủ tục hải quan (Công ty TNHH MTV Mây Việt),65004,305,18,DONG_NAI,null,null,https://files.customs.gov.vn/DONG_NAI//Data/Cv_Hqdn/2255_HQDNa_GSQL_02_10_2014.pdf,https://www.customs.gov.vn/index.jsp?pageId=3&id=65004&cid=1294,2014,10/2014,2026-10-08T09:19:48Z
992,2256/HQĐNa-GSQL,02/10/2014,Cục Hải Quan tỉnh Đồng Nai,V/v Bán xăng dầu từ nội địa cho DNCX (Công ty TNHH Toàn Việt),65003,305,18,DONG_NAI,null,null,https://files.customs.gov.vn/DONG_NAI//Data/Cv_Hqdn/2256_HQDNa_GSQL_02_10_2014.pdf,https://www.customs.gov.vn/index.jsp?pageId=3&id=65003&cid=1294,2014,10/2014,2026-10-08T09:19:48Z
993,11865/TB-TCHQ,01/10/2014,null,"Thông báo về kết quả phân loại đối với hàng hóa xuất khẩu, nhập khẩu",75115,305,18,DA_NANG,Nguyễn Dương Thái,01/10/2014,https://files.customs.gov.vn/DA_NANG/Uploads/65e32243-11bf-4695-985d-c1563e8c13ba/11865.tif,https://www.customs.gov.vn/index.jsp?pageId=3&id=75115&cid=1294,2014,10/2014,2026-10-08T09:19:48Z
994,2236/HQĐNa-GSQL,01/10/2014,Cục Hải Quan tỉnh Đồng Nai,V/v Vướng mắc C/O mẫu D của Công ty CP Tổng hợp Gỗ Tân Mai,65007,305,18,DONG_NAI,null,null,https://files.customs.gov.vn/DONG_NAI//Data/Cv_Hqdn/2236_HQDNa_GSQL_01_10_2014.pdf,https://www.customs.gov.vn/index.jsp?pageId=3&id=65007&cid=1294,2014,10/2014,2026-10-08T09:19:48Z
995,91/2014/NÐ-CP,01/10/2014,Chính phủ,"Sửa đổi, bổ sung một số điều tại các Nghị định quy định về thuế",58686,305,8,TP_HO_CHI_MINH,Nguyễn Tấn Dũng,15/11/2014,https://files.customs.gov.vn/CustomsCMS/TP_HO_CHI_MINH/2020/Web/Data/DocumentAttachments/91_2014_ND_CP_Sua_doi__bo_sung_mot_so_dieu_tai_cac_Nghi_dinh_quy_dinh_ve_thue.doc,https://www.customs.gov.vn/index.jsp?pageId=3&id=58686&cid=1294,2014,10/2014,2026-10-08T09:19:48Z
996,7138/QĐ-CT,28/11/2014,null,Quyết định v/v áp dụng biện pháp cưỡng chế bằng biện pháp thông báo hóa đơn không còn giá trị sử dụng,75203,305,10,DA_NANG,Lê Mai Khắc Hưng,28/11/2014,https://files.customs.gov.vn/DA_NANG/Uploads/65e32243-11bf-4695-985d-c1563e8c13ba/7138.tif,https://www.customs.gov.vn/index.jsp?pageId=3&id=75203&cid=1294,2014,11/2014,2026-10-08T09:19:48Z
997,14282/TCHQ-TXNK,28/11/2014,Tổng cục hải quan,Công văn số 14282/TCHQ-TXNK V/v xử lý thuế mặt hàng Tô filament axetat xenlulo,55386,305,16,TP_HO_CHI_MINH,Nguyễn Dương Thái,28/11/2014,https://files.customs.gov.vn/CustomsCMS/TP_HO_CHI_MINH/2020/Web/Data/DocumentAttachments/14282.tif,https://www.customs.gov.vn/index.jsp?pageId=3&id=55386&cid=1294,2014,11/2014,2026-10-08T09:19:48Z
998,14237-14335/TB-TCHQ,27/11/2014,null,"Thông báo về kết quả phân loại đối với hàng hóa XK, NK",75202,305,18,DA_NANG,Nguyễn Dương Thái,27/11/2014,https://files.customs.gov.vn/DA_NANG/Uploads/65e32243-11bf-4695-985d-c1563e8c13ba/14237.tif,https://www.customs.gov.vn/index.jsp?pageId=3&id=75202&cid=1294,2014,11/2014,2026-10-08T09:19:48Z
999,14235/TCHQ-GSQL,27/11/2014,null,Không thu phí soi chiếu container qua máy soi,75201,305,16,DA_NANG,Vũ Ngọc Anh,27/11/2014,https://files.customs.gov.vn/DA_NANG/Uploads/65e32243-11bf-4695-985d-c1563e8c13ba/14235.tif,https://www.customs.gov.vn/index.jsp?pageId=3&id=75201&cid=1294,2014,11/2014,2026-10-08T09:19:48Z
1000,14262/TCHQ-TXNK,27/11/2014,Tổng cục hải quan,Công văn số 14262/TCHQ-TXNK V/v phân loại mặt hàng motor quạt dùng trong thiết bị lạnh của container,53937,305,16,TP_HO_CHI_MINH,Nguyễn Dương Thái,27/11/2014,https://files.customs.gov.vn/CustomsCMS/TP_HO_CHI_MINH/2020/Web/Data/DocumentAttachments/14262.tif,https://www.customs.gov.vn/index.jsp?pageId=3&id=53937&cid=1294,2014,11/2014,2026-10-08T09:19:48Z
1001,2774/HQĐNa-TXNK,27/11/2014,Cục Hải Quan tỉnh Đồng Nai,V/v Đăng ký danh mục hàng hóa nhập khẩu miễn thuế tạo TSCĐ (Công ty TNHH Hưng Nghiệp Formosa),64947,305,18,DONG_NAI,null,null,https://files.customs.gov.vn/DONG_NAI//Data/Cv_Hqdn/2774_HQDNa_TXNK_27_11_2014.pdf,https://www.customs.gov.vn/index.jsp?pageId=3&id=64947&cid=1294,2014,11/2014,2026-10-08T09:19:48Z
1002,2775/HQĐNa-TXNK,27/11/2014,Cục Hải Quan tỉnh Đồng Nai,V/v Đăng ký danh mục hàng hóa nhập khẩu miễn thuế tạo TSCĐ (Công ty TNHH Hưng Nghiệp Formosa),64946,305,18,DONG_NAI,null,null,https://files.customs.gov.vn/DONG_NAI//Data/Cv_Hqdn/2775_HQDNa_TXNK_27_11_2014.pdf,https://www.customs.gov.vn/index.jsp?pageId=3&id=64946&cid=1294,2014,11/2014,2026-10-08T09:19:48Z
1003,73/2014/QH13,27/11/2014,Quốc hội,Luật Công an nhân dân,54711,305,13,TP_HO_CHI_MINH,Nguyễn Sinh Hùng,01/07/2015,https://files.customs.gov.vn/CustomsCMS/TP_HO_CHI_MINH/2020/Web/Data/DocumentAttachments/73_2014_QH13_Luat_Cong_an_nhan_dan.doc,https://www.customs.gov.vn/index.jsp?pageId=3&id=54711&cid=1294,2014,11/2014,2026-10-08T09:19:48Z
1004,74/2014/QH13,27/11/2014,Quốc hội,Luật giáo dục nghề nghiệp,54453,305,13,TP_HO_CHI_MINH,Nguyễn Sinh Hùng,01/07/2015,https://files.customs.gov.vn/CustomsCMS/TP_HO_CHI_MINH/2020/Web/Data/DocumentAttachments/74_2014_QH13_259733.doc,https://www.customs.gov.vn/index.jsp?pageId=3&id=54453&cid=1294,2014,11/2014,2026-10-08T09:19:48Z
1005,14192/TCHQ-TXNK,26/11/2014,null,Vướng mắc trong việc xử lý tiền thuế đã nộp của tờ khai hủy,75198,305,16,DA_NANG,Nguyễn Dương Thái,26/11/2014,https://files.customs.gov.vn/DA_NANG/Uploads/65e32243-11bf-4695-985d-c1563e8c13ba/14192.tif,https://www.customs.gov.vn/index.jsp?pageId=3&id=75198&cid=1294,2014,11/2014,2026-10-08T09:19:48Z
1006,17192/BTC-TCHQ,26/11/2014,null,Tờ khai hải quan hàng hóa XK-NK tại chỗ trong hồ sơ hoàn thuế,75199,305,16,DA_NANG,Đỗ Hoàng Anh Tuấn,26/11/2014,https://files.customs.gov.vn/DA_NANG/Uploads/65e32243-11bf-4695-985d-c1563e8c13ba/17192.tif,https://www.customs.gov.vn/index.jsp?pageId=3&id=75199&cid=1294,2014,11/2014,2026-10-08T09:19:48Z
1007,14185/TCHQ-GSQL,26/11/2014,Tổng cục hải quan,V/v Hướng dẫn thủ tục hải quan (Công ty TNHH Hyundae SM Vina),62533,305,18,DONG_NAI,null,null,,https://www.customs.gov.vn/index.jsp?pageId=3&id=62533&cid=1294,2014,11/2014,2026-10-08T09:19:48Z
1008,14190/TCHQ-GSQL,26/11/2014,Tổng cục hải quan,V/v Hướng dẫn thời hạn nộp thuế đối với phương tiện quay vòng (Công ty Honda Việt Nam),62532,305,18,DONG_NAI,null,null,,https://www.customs.gov.vn/index.jsp?pageId=3&id=62532&cid=1294,2014,11/2014,2026-10-08T09:19:48Z
1009,14191/TCHQ-GSQL,26/11/2014,Tổng cục hải quan,"V/v Mở tờ khai theo loại hình SXXK (HQ các tỉnh, thành phố)",62531,305,18,DONG_NAI,null,null,,https://www.customs.gov.vn/index.jsp?pageId=3&id=62531&cid=1294,2014,11/2014,2026-10-08T09:19:48Z
1010,14193-14197/TB-TCHQ,26/11/2014,null,"Thông báo về kết quả phân loại đối với hàng hóa XK, NK",75196,305,18,DA_NANG,Nguyễn Dương Thái,26/11/2014,https://files.customs.gov.vn/DA_NANG/Uploads/65e32243-11bf-4695-985d-c1563e8c13ba/14193.tif,https://www.customs.gov.vn/index.jsp?pageId=3&id=75196&cid=1294,2014,11/2014,2026-10-08T09:19:48Z
1011,14213/TCHQ-TXNK,26/11/2014,Tổng cục hải quan,Công văn 14213/TCHQ-TXNK V/v phân loại mặt hàng khai báo là Modul LED P10 (3 màu),52308,305,16,TP_HO_CHI_MINH,Nguyễn Dương Thái,26/11/2014,,https://www.customs.gov.vn/index.jsp?pageId=3&id=52308&cid=1294,2014,11/2014,2026-10-08T09:19:48Z
1012,14217/TCHQ-TXNK,26/11/2014,Tổng cục hải quan,V/v Tờ khai hải quan hàng hóa XK-NK tại chỗ trong hồ sơ hoàn thuế (Công ty TNHH ABB),62530,305,18,DONG_NAI,null,null,,https://www.customs.gov.vn/index.jsp?pageId=3&id=62530&cid=1294,2014,11/2014,2026-10-08T09:19:48Z
1013,1572/GSQL-GQ1,26/11/2014,Bộ Công nghiệp,V/v quản lý xuất nhập khẩu tiền chất công nghiệp,56815,305,16,TP_HO_CHI_MINH,Ngô Minh Hải,26/11/2014,https://files.customs.gov.vn/CustomsCMS/TP_HO_CHI_MINH/2020/Web/Data/DocumentAttachments/1572-GSQL-GQ1.tif,https://www.customs.gov.vn/index.jsp?pageId=3&id=56815&cid=1294,2014,11/2014,2026-10-08T09:19:48Z
1014,1575/GSQL-TH,26/11/2014,Bộ Công nghiệp,V/v vướng mắc C/O mẫu E (công văn số 1575/GSQL-TH ngày 26/11/2014) - Cục Hải quan TP. Hồ Chí Minh.,58357,305,16,TP_HO_CHI_MINH,Âu Anh Tuấn,26/11/2014,https://files.customs.gov.vn/CustomsCMS/TP_HO_CHI_MINH/2020/Web/Data/DocumentAttachments/1575-GSQL-TH.tif,https://www.customs.gov.vn/index.jsp?pageId=3&id=58357&cid=1294,2014,11/2014,2026-10-08T09:19:48Z
1015,17193/BTC-TCHQ,26/11/2014,Bộ Tài chính,Công văn số 17193/BT-TCHQ V/v xem xét lại kết quả phân loại trước mã số,55285,305,16,TP_HO_CHI_MINH,Nguyễn Dương Thái,26/11/2014,https://files.customs.gov.vn/CustomsCMS/TP_HO_CHI_MINH/2020/Web/Data/DocumentAttachments/1_1_588352.tif,https://www.customs.gov.vn/index.jsp?pageId=3&id=55285&cid=1294,2014,11/2014,2026-10-08T09:19:48Z
1016,2758/HQĐNa-ĐKS,26/11/2014,Cục Hải Quan tỉnh Đồng Nai,V/v Cấp mã địa điểm tập kết hàng hóa xuất khẩu,64950,305,18,DONG_NAI,null,null,https://files.customs.gov.vn/DONG_NAI//Data/Cv_Hqdn/2758_HQDNa_DKS_26_11_2014.pdf,https://www.customs.gov.vn/index.jsp?pageId=3&id=64950&cid=1294,2014,11/2014,2026-10-08T09:19:48Z
1017,2759/HQĐNa-ĐKS,26/11/2014,Cục Hải Quan tỉnh Đồng Nai,V/v Cấp mã địa điểm,64949,305,18,DONG_NAI,null,null,https://files.customs.gov.vn/DONG_NAI//Data/Cv_Hqdn/2759_HQDNa_DKS_26_11_2014.pdf,https://www.customs.gov.vn/index.jsp?pageId=3&id=64949&cid=1294,2014,11/2014,2026-10-08T09:19:48Z
1018,2762/HQĐNa-ĐKS,26/11/2014,Cục Hải Quan tỉnh Đồng Nai,V/v Cấp mã địa điểm tập kết hàng hóa xuất khẩu,64948,305,18,DONG_NAI,null,null,https://files.customs.gov.vn/DONG_NAI//Data/Cv_Hqdn/2762_HQDNa_DKS_26_11_2014.pdf,https://www.customs.gov.vn/index.jsp?pageId=3&id=64948&cid=1294,2014,11/2014,2026-10-08T09:19:48Z
1019,2782-2787/HQĐNa-ĐKS,26/11/2014,Cục Hải Quan tỉnh Đồng Nai,V/v Cấp mã địa điểm tập kết hàng hóa xuất khẩu,64945,305,18,DONG_NAI,null,null,https://files.customs.gov.vn/DONG_NAI//Data/Cv_Hqdn/2782_2787_HQDNa_DKS_28_11_2014.pdf,https://www.customs.gov.vn/index.jsp?pageId=3&id=64945&cid=1294,2014,11/2014,2026-10-08T09:19:48Z
1020,69/2014/QH13,26/11/2014,Quốc hội,"Luật Quản lý, sử dụng vốn nhà nước đầu tư vào sản xuất, kinh doanh tại doanh nghiệp",53169,305,13,TP_HO_CHI_MINH,Nguyễn Sinh Hùng,01/07/2015,https://files.customs.gov.vn/CustomsCMS/TP_HO_CHI_MINH/2020/Web/Data/DocumentAttachments/69_2014_QH13_Luat_Quan_ly__su_dung_von_nha_nuoc_dau_tu_vao_SXKD_tai_doanh_nghiep.doc,https://www.customs.gov.vn/index.jsp?pageId=3&id=53169&cid=1294,2014,11/2014,2026-10-08T09:19:48Z
1021,70/2014/QH13,26/11/2014,Quốc hội,Luật Thuế tiêu thụ đặc biệt sửa đổi 2014 số 70/2014/QH13,40029,305,13,HA_TINH,Nguyễn Sinh Hùng,null,https://files.customs.gov.vn/CustomsCMS/HA_TINH/2020file/L702014QH13.doc,https://www.customs.gov.vn/index.jsp?pageId=3&id=40029&cid=1294,2014,11/2014,2026-10-08T09:19:48Z
1022,Law No. 70/2014/QH13,26/11/2014,National Assembly,"Law No. 70/2014/QH13 dated November 26, 2014, amendments to some articles of the Law on special excise duty",81146,305,561,CAN_THO,null,01/01/2016,,https://www.customs.gov.vn/index.jsp?pageId=3&id=81146&cid=1294,2014,11/2014,2026-10-08T09:19:48Z
1023,Law No. 71/2014/QH13,26/11/2014,National Assembly,"Law No. 71/2014/QH13 dated November 26, 2014, amendments to tax Laws",81163,305,561,CAN_THO,null,01/01/2015,,https://www.customs.gov.vn/index.jsp?pageId=3&id=81163&cid=1294,2014,11/2014,2026-10-08T09:19:48Z
1024,17125/BTC-CST,25/11/2014,null,Hướng dẫn chính sách thuế đối với xăng sinh học E5RON92 (Xăng E5),75190,305,16,DA_NANG,Lưu Đức Huy,25/11/2014,https://files.customs.gov.vn/DA_NANG/Uploads/65e32243-11bf-4695-985d-c1563e8c13ba/17125.tif,https://www.customs.gov.vn/index.jsp?pageId=3&id=75190&cid=1294,2014,11/2014,2026-10-08T09:19:48Z
1025,182/QĐ-ĐTGC,25/11/2014,null,"Quyết định v/v áp dụng biện pháp cưỡng chế dừng làm thủ tục hải quan đối với hàng hóa XK, NK",75191,305,10,DA_NANG,Nguyễn Hữu Rân,25/11/2014,https://files.customs.gov.vn/DA_NANG/Uploads/65e32243-11bf-4695-985d-c1563e8c13ba/182.tif,https://www.customs.gov.vn/index.jsp?pageId=3&id=75191&cid=1294,2014,11/2014,2026-10-08T09:19:48Z
1026,14162/TCHQ-TXNK,25/11/2014,Tổng cục hải quan,V/v Phân loại hàng hóa mặt hàng phân bón (Công ty TNHH TM Vĩnh Thạnh),62534,305,18,DONG_NAI,null,null,,https://www.customs.gov.vn/index.jsp?pageId=3&id=62534&cid=1294,2014,11/2014,2026-10-08T09:19:48Z
1027,14171/TCHQ-TXNK,25/11/2014,Tổng cục hải quan,V/v thu nộp lệ phí hải quan,58142,305,16,TP_HO_CHI_MINH,Nguyễn Dương Thái,25/11/2014,https://files.customs.gov.vn/CustomsCMS/TP_HO_CHI_MINH/2020/Web/Data/DocumentAttachments/14171_TCHQ-TXNK_258704.doc,https://www.customs.gov.vn/index.jsp?pageId=3&id=58142&cid=1294,2014,11/2014,2026-10-08T09:19:48Z
1028,2749/HQĐNa-ĐKS,25/11/2014,Cục Hải Quan tỉnh Đồng Nai,V/v Cấp mã địa điểm,64951,305,18,DONG_NAI,null,null,https://files.customs.gov.vn/DONG_NAI//Data/Cv_Hqdn/2749_HQDNa_DKS_25_11_2014.pdf,https://www.customs.gov.vn/index.jsp?pageId=3&id=64951&cid=1294,2014,11/2014,2026-10-08T09:19:48Z
1029,64/2014/QH13,25/11/2014,Quốc hội,"Luật Sửa đổi, bổ sung một số điều của Luật thi hành án dân sự",54863,305,13,TP_HO_CHI_MINH,Nguyễn Sinh Hùng,01/07/2015,https://files.customs.gov.vn/CustomsCMS/TP_HO_CHI_MINH/2020/Web/Data/DocumentAttachments/64_2014_QH13_Luat_Sua_doi__bo_sung_mot_so_dieu_cua_Luat_thi_hanh_an_dan_su.doc,https://www.customs.gov.vn/index.jsp?pageId=3&id=54863&cid=1294,2014,11/2014,2026-10-08T09:19:48Z
1030,65/2014/QH13,25/11/2014,Quốc hội,Luật Nhà ở,56237,305,13,TP_HO_CHI_MINH,Nguyễn Sinh Hùng,01/07/2015,https://files.customs.gov.vn/CustomsCMS/TP_HO_CHI_MINH/2020/Web/Data/DocumentAttachments/65_2014_QH13_Luat_Nha_o.doc,https://www.customs.gov.vn/index.jsp?pageId=3&id=56237&cid=1294,2014,11/2014,2026-10-08T09:19:48Z
1031,66/2014/QH13,25/11/2014,Quốc hội,Luật Kinh doanh bất động sản,53257,305,13,TP_HO_CHI_MINH,Nguyễn Sinh Hùng,01/07/2015,https://files.customs.gov.vn/CustomsCMS/TP_HO_CHI_MINH/2020/Web/Data/DocumentAttachments/66_2014_QH13_Luat_Kinh_doanh_bat_dong_san.doc,https://www.customs.gov.vn/index.jsp?pageId=3&id=53257&cid=1294,2014,11/2014,2026-10-08T09:19:48Z
1032,14086-14118/TB-TCHQ,24/11/2014,null,"Thông báo về kết quả phân loại đối với hàng hóa XK, NK",75189,305,18,DA_NANG,Nguyễn Dương Thái,24/11/2014,https://files.customs.gov.vn/DA_NANG/Uploads/65e32243-11bf-4695-985d-c1563e8c13ba/14086.tif,https://www.customs.gov.vn/index.jsp?pageId=3&id=75189&cid=1294,2014,11/2014,2026-10-08T09:19:48Z
1033,14123/TCHQ-PC,24/11/2014,Tổng cục hải quan,Công văn số 14123/TCHQ-PC V/v xử lý về hành vi làm mất tờ khai hải quan điện tử,53105,305,16,TP_HO_CHI_MINH,Vũ Ngọc Anh,24/11/2014,https://files.customs.gov.vn/CustomsCMS/TP_HO_CHI_MINH/2020/Web/Data/DocumentAttachments/14123.tif,https://www.customs.gov.vn/index.jsp?pageId=3&id=53105&cid=1294,2014,11/2014,2026-10-08T09:19:48Z
1034,14124/TCHQ-TXNK,24/11/2014,Tổng cục hải quan,V/v Thuế suất thuế GTGT (Công ty TNHH TM&DV Găng tay HTC),62546,305,18,DONG_NAI,null,null,,https://www.customs.gov.vn/index.jsp?pageId=3&id=62546&cid=1294,2014,11/2014,2026-10-08T09:19:48Z
1035,14136/TCHQ-PC,24/11/2014,null,Trả lời vướng mắc vượt thẩm quyền của các Cục Hải quan địa phương,75187,305,16,DA_NANG,Vũ Ngọc Anh,24/11/2014,https://files.customs.gov.vn/DA_NANG/Uploads/65e32243-11bf-4695-985d-c1563e8c13ba/14136.tif,https://www.customs.gov.vn/index.jsp?pageId=3&id=75187&cid=1294,2014,11/2014,2026-10-08T09:19:48Z
1036,14137/TCHQ-TXNK,24/11/2014,Tổng cục hải quan,V/v Thuế suất thuế nhập khẩu (Công ty TNHH Nestle Việt Nam),62535,305,18,DONG_NAI,null,null,,https://www.customs.gov.vn/index.jsp?pageId=3&id=62535&cid=1294,2014,11/2014,2026-10-08T09:19:48Z
1037,14138-14167/TB-TCHQ,24/11/2014,null,"Thông báo về kết quả phân loại đối với hàng hóa XK, NK",75188,305,18,DA_NANG,Nguyễn Dương Thái,24/11/2014,https://files.customs.gov.vn/DA_NANG/Uploads/65e32243-11bf-4695-985d-c1563e8c13ba/14138.tif,https://www.customs.gov.vn/index.jsp?pageId=3&id=75188&cid=1294,2014,11/2014,2026-10-08T09:19:48Z
1038,17084/BTC-TCHQ,24/11/2014,Bộ Tài chính,Công văn số 17084/BTC-TCHQ V/v xử lý thuế đối với hàng hóa NK của công ty cho thuê tài chính,58260,305,16,TP_HO_CHI_MINH,Đỗ Hoàng Anh Tuấn,24/11/2014,https://files.customs.gov.vn/CustomsCMS/TP_HO_CHI_MINH/2020/Web/Data/DocumentAttachments/17084.tif,https://www.customs.gov.vn/index.jsp?pageId=3&id=58260&cid=1294,2014,11/2014,2026-10-08T09:19:48Z
1039,2737/HQĐNa-ĐKS,24/11/2014,Cục Hải Quan tỉnh Đồng Nai,V/v Cấp mã địa điểm,64952,305,18,DONG_NAI,null,null,https://files.customs.gov.vn/DONG_NAI//Data/Cv_Hqdn/2737_HQDNa_DKS_24_11_2014.pdf,https://www.customs.gov.vn/index.jsp?pageId=3&id=64952&cid=1294,2014,11/2014,2026-10-08T09:19:48Z
1040,43/2014/TT-BYT,24/11/2014,Bộ Y tế,Thông tư quy định về quản lý thực phẩm chức năng,53045,305,4,TP_HO_CHI_MINH,Nguyễn Thanh Long,01/02/2015,https://files.customs.gov.vn/CustomsCMS/TP_HO_CHI_MINH/2020/Web/Data/DocumentAttachments/43_2014_TT-BYT_258938.doc,https://www.customs.gov.vn/index.jsp?pageId=3&id=53045&cid=1294,2014,11/2014,2026-10-08T09:19:48Z
1041,62/2014/QH13,24/11/2014,Quốc hội,Luật Tổ chức Tòa án nhân dân,54937,305,13,TP_HO_CHI_MINH,Nguyễn Sinh Hùng,01/06/2015,https://files.customs.gov.vn/CustomsCMS/TP_HO_CHI_MINH/2020/Web/Data/DocumentAttachments/62_2014_QH13_Luat_To_chuc_Toa_an_nhan_dan.doc,https://www.customs.gov.vn/index.jsp?pageId=3&id=54937&cid=1294,2014,11/2014,2026-10-08T09:19:48Z
1042,63/2014/QH13,24/11/2014,Quốc hội,Luật Tổ chức Viện kiểm sát nhân dân,54933,305,13,TP_HO_CHI_MINH,Nguyễn Sinh Hùng,01/06/2015,https://files.customs.gov.vn/CustomsCMS/TP_HO_CHI_MINH/2020/Web/Data/DocumentAttachments/63_2014_QH13_Luat_To_chuc_Vien_kiem_sat_nhan_dan.doc,https://www.customs.gov.vn/index.jsp?pageId=3&id=54933&cid=1294,2014,11/2014,2026-10-08T09:19:48Z
1043,112/2014/NÐ-CP,21/11/2014,Chính phủ,Quy định về quản lý cửa khẩu biên giới đất liền,53700,305,8,TP_HO_CHI_MINH,Nguyễn Tấn Dũng,15/01/2015,https://files.customs.gov.vn/CustomsCMS/TP_HO_CHI_MINH/2020/Web/Data/DocumentAttachments/112_2014_ND_CP__Quy_dinh_ve_quan_ly_cua_khau_bien_gioi_dat_lien.doc,https://www.customs.gov.vn/index.jsp?pageId=3&id=53700&cid=1294,2014,11/2014,2026-10-08T09:19:48Z
1044,12/2014/NĐ-C,21/11/2014,Chính phủ,Nghị định 112/2014/NĐ-CP quy định về quản lý cửa khẩu biên giới đất liền,67391,305,18,CAN_THO,null,15/01/2015,https://files.customs.gov.vn/CAN_THO/ND1112014CP.doc,https://www.customs.gov.vn/index.jsp?pageId=3&id=67391&cid=1294,2014,11/2014,2026-10-08T09:19:48Z
1045,14002/TB-TCHQ,21/11/2014,null,"Thông báo đính chính thông báo kết quả phân loại đối với hàng hóa XK, NK",75185,305,16,DA_NANG,Lê XUân Huế,21/11/2014,https://files.customs.gov.vn/DA_NANG/Uploads/65e32243-11bf-4695-985d-c1563e8c13ba/14002.tif,https://www.customs.gov.vn/index.jsp?pageId=3&id=75185&cid=1294,2014,11/2014,2026-10-08T09:19:48Z
1046,14007/TCHQ-TXNK,21/11/2014,Tổng cục hải quan,Công văn số 14007/TCHQ-TXNK V/v thực hiện thông quan hàng hóa theo tinh thần công văn 13611/BTC-TCHQ,56680,305,16,TP_HO_CHI_MINH,Nguyễn Dương Thái,21/11/2014,https://files.customs.gov.vn/CustomsCMS/TP_HO_CHI_MINH/2020/Web/Data/DocumentAttachments/14007.tif,https://www.customs.gov.vn/index.jsp?pageId=3&id=56680&cid=1294,2014,11/2014,2026-10-08T09:19:48Z
1047,14034/TCHQ-GSQL,21/11/2014,Tổng cục hải quan,V/v thực hiện Thông tư số 15/2014/TT-BXD ngày 15/9/2014 của Bộ Xây dựng,58450,305,16,TP_HO_CHI_MINH,Vũ Ngọc Anh,21/11/2014,https://files.customs.gov.vn/CustomsCMS/TP_HO_CHI_MINH/2020/Web/Data/DocumentAttachments/14034_TCHQ-GSQL_258310.doc,https://www.customs.gov.vn/index.jsp?pageId=3&id=58450&cid=1294,2014,11/2014,2026-10-08T09:19:48Z
1048,14050/TCHQ-GSQL,21/11/2014,Tổng cục hải quan,Công văn số 14050/TCHQ-GSQL V/v đưa mẫu địa chất ra nước ngoài,54481,305,16,TP_HO_CHI_MINH,Vũ Ngọc Anh,21/11/2014,https://files.customs.gov.vn/CustomsCMS/TP_HO_CHI_MINH/2020/Web/Data/DocumentAttachments/14050.tif,https://www.customs.gov.vn/index.jsp?pageId=3&id=54481&cid=1294,2014,11/2014,2026-10-08T09:19:48Z
1049,1550/GSQL-TH,21/11/2014,Bộ Công nghiệp,Công văn số  1550/GSQL-TH V/v vướng mắc C/O mẫu E,53824,305,16,TP_HO_CHI_MINH,Nguyễn Nhất Kha,21/11/2014,https://files.customs.gov.vn/CustomsCMS/TP_HO_CHI_MINH/2020/Web/Data/DocumentAttachments/1550.tif,https://www.customs.gov.vn/index.jsp?pageId=3&id=53824&cid=1294,2014,11/2014,2026-10-08T09:19:48Z
1050,61/2014/QH13,21/11/2014,Quốc hội,"Sửa đổi, bổ sung một số điều của Luật Hàng không dân dụng Việt Nam",52715,305,13,TP_HO_CHI_MINH,Nguyễn Sinh Hùng,01/07/2015,https://files.customs.gov.vn/CustomsCMS/TP_HO_CHI_MINH/2020/Web/Data/DocumentAttachments/61_2014_QH13_Luat_Sua_doi__bo_sung_mot_so_dieu_cua_Luat_Hang_khong_dan_dung_Viet_Nam.doc,https://www.customs.gov.vn/index.jsp?pageId=3&id=52715&cid=1294,2014,11/2014,2026-10-08T09:19:48Z
1051,109/2014/NÐ-CP,20/11/2014,Chính phủ,Về Quy chế bảo vệ công trình cảng biển và luồng hàng hải,57753,305,8,TP_HO_CHI_MINH,Nguyễn Tấn Dũng,05/01/2015,"https://files.customs.gov.vn/CustomsCMS/TP_HO_CHI_MINH/2020/Web/Data/DocumentAttachments/109_2014_ND_CP_Quy_Che.doc,/CustomsCMS/TP_HO_CHI_MINH/2020/Web/Data/DocumentAttachments/109_2014_ND_CP_Quy_che_bao_ve_cong_trinh_cang_bien_va_luong_hang_hai.doc",https://www.customs.gov.vn/index.jsp?pageId=3&id=57753&cid=1294,2014,11/2014,2026-10-08T09:19:48Z
1052,13968/TCHQ-GSQL,20/11/2014,Tổng cục hải quan,V/v Thủ tục hải quan đối với hàng hóa của DNCX (Công ty TNHH Kỹ thuật và Xây dựng THC),62547,305,18,DONG_NAI,null,null,,https://www.customs.gov.vn/index.jsp?pageId=3&id=62547&cid=1294,2014,11/2014,2026-10-08T09:19:48Z
1053,1534/GSQL-TH,20/11/2014,Bộ Công nghiệp,V/v vướng mắc C/O mẫu E (công văn số 1534/GSQL-TH ngày 20/11/2014) - Cục Hải quan tỉnh Lạng Sơn.,52231,305,16,TP_HO_CHI_MINH,Âu Anh Tuấn,20/11/2014,https://files.customs.gov.vn/CustomsCMS/TP_HO_CHI_MINH/2020/Web/Data/DocumentAttachments/1534-GSQL-TH.tif,https://www.customs.gov.vn/index.jsp?pageId=3&id=52231&cid=1294,2014,11/2014,2026-10-08T09:19:48Z
1054,1539/GSQL-GQ1,20/11/2014,Tổng cục hải quan,V/v Nhập khẩu trang thiết bị y tế (Công ty TNHH Thương mại và Công nghệ Kỹ thuật TNT),62548,305,18,DONG_NAI,null,null,,https://www.customs.gov.vn/index.jsp?pageId=3&id=62548&cid=1294,2014,11/2014,2026-10-08T09:19:48Z
1055,2706/HQĐNa-GSQL,20/11/2014,Cục Hải Quan tỉnh Đồng Nai,V/v Khoản phải cộng phí bản quyền vào trị giá tính thuế hàng nhập khẩu của Công ty TNHH Việt Nam Suzuki,64955,305,18,DONG_NAI,null,null,https://files.customs.gov.vn/DONG_NAI//Data/Cv_Hqdn/2706_HQDNa_GSQL_20_11_2014.pdf,https://www.customs.gov.vn/index.jsp?pageId=3&id=64955&cid=1294,2014,11/2014,2026-10-08T09:19:48Z
1056,2707/HQĐNa-TXNK,20/11/2014,Cục Hải Quan tỉnh Đồng Nai,V/v Trả lời Công ty TNHH Công nghiệp Kiến Đạt v/v đưa hàng hóa nhập khẩu về bảo quản,64954,305,18,DONG_NAI,null,null,https://files.customs.gov.vn/DONG_NAI//Data/Cv_Hqdn/2707_HQDNa_TXNK_20_11_2014.pdf,https://www.customs.gov.vn/index.jsp?pageId=3&id=64954&cid=1294,2014,11/2014,2026-10-08T09:19:48Z
1057,2710/HQĐNa-TXNK,20/11/2014,Cục Hải Quan tỉnh Đồng Nai,V/v Hướng dẫn TTHQ để được cấp danh mục hàng hóa nhập khẩu miễn thuế NK tạo TSCĐ,64953,305,18,DONG_NAI,null,null,https://files.customs.gov.vn/DONG_NAI//Data/Cv_Hqdn/2710_HQDNa_TXNK_20_11_2014.pdf,https://www.customs.gov.vn/index.jsp?pageId=3&id=64953&cid=1294,2014,11/2014,2026-10-08T09:19:48Z
1058,58/2014/QH13,20/11/2014,Quốc hội,Luật Bảo hiểm xã hội,58026,305,13,TP_HO_CHI_MINH,Nguyễn Sinh Hùng,01/01/2016,https://files.customs.gov.vn/CustomsCMS/TP_HO_CHI_MINH/2020/Web/Data/DocumentAttachments/58_2014_QH13_Luat_Bao_hiem_xa_hoi.doc,https://www.customs.gov.vn/index.jsp?pageId=3&id=58026&cid=1294,2014,11/2014,2026-10-08T09:19:48Z
1059,59/2014/QH13,20/11/2014,Quốc hội,Luật Căn cước công dân,57236,305,13,TP_HO_CHI_MINH,Nguyễn Sinh Hùng,01/01/2016,https://files.customs.gov.vn/CustomsCMS/TP_HO_CHI_MINH/2020/Web/Data/DocumentAttachments/59_2014_QH13_Luat_Can_cuoc_cong_dan.doc,https://www.customs.gov.vn/index.jsp?pageId=3&id=57236&cid=1294,2014,11/2014,2026-10-08T09:19:48Z
1060,60/2014/QH13,20/11/2014,Quốc hội,Luật Hộ tịch,54514,305,13,TP_HO_CHI_MINH,Nguyễn Sinh Hùng,01/01/2016,https://files.customs.gov.vn/CustomsCMS/TP_HO_CHI_MINH/2020/Web/Data/DocumentAttachments/60_2014_QH13_Luat_Ho_tich.doc,https://www.customs.gov.vn/index.jsp?pageId=3&id=54514&cid=1294,2014,11/2014,2026-10-08T09:19:48Z
1061,13938-13941/TB-TCHQ,19/11/2014,null,"Thông báo về kết quả phân loại đối với hàng hóa XK, NK",75183,305,18,DA_NANG,Nguyễn Dương Thái,19/11/2014,https://files.customs.gov.vn/DA_NANG/Uploads/65e32243-11bf-4695-985d-c1563e8c13ba/13938.tif,https://www.customs.gov.vn/index.jsp?pageId=3&id=75183&cid=1294,2014,11/2014,2026-10-08T09:19:48Z
1062,2691/HQĐNa-ĐKS,19/11/2014,Cục Hải Quan tỉnh Đồng Nai,V/v Cấp mã địa điểm,64957,305,18,DONG_NAI,null,null,https://files.customs.gov.vn/DONG_NAI//Data/Cv_Hqdn/2691_HQDNa_DKS_19_11_2014.pdf,https://www.customs.gov.vn/index.jsp?pageId=3&id=64957&cid=1294,2014,11/2014,2026-10-08T09:19:48Z
1063,2693-2702/HQĐNa-ĐKS,19/11/2014,Cục Hải Quan tỉnh Đồng Nai,V/v Cấp mã địa điểm tập kết hàng hóa xuất khẩu,64956,305,18,DONG_NAI,null,null,https://files.customs.gov.vn/DONG_NAI//Data/Cv_Hqdn/2693_2702_HQDNa_DKS_19_11_2014.pdf,https://www.customs.gov.vn/index.jsp?pageId=3&id=64956&cid=1294,2014,11/2014,2026-10-08T09:19:48Z
1064,3438/SCT-PC,19/11/2014,Khác,V/v Triển khai thực hiện Quyết định số 9840/QĐ-BCT ngày 31/10/2014 của Bộ Công Thương,62549,305,18,DONG_NAI,null,null,https://files.customs.gov.vn/DONG_NAI//Data/CV_nganh_khac/3438_SCT_PC_19_11_2014.pdf,https://www.customs.gov.vn/index.jsp?pageId=3&id=62549&cid=1294,2014,11/2014,2026-10-08T09:19:48Z
1065,13903-13909/TB-TCHQ,18/11/2014,null,"Thông báo về kết quả phân loại đối với hàng hóa XK, NK",75182,305,18,DA_NANG,Nguyễn Dương Thái,18/11/2014,https://files.customs.gov.vn/DA_NANG/Uploads/65e32243-11bf-4695-985d-c1563e8c13ba/13903.tif,https://www.customs.gov.vn/index.jsp?pageId=3&id=75182&cid=1294,2014,11/2014,2026-10-08T09:19:48Z
1066,13902/TCHQ-VNACCS,18/11/2014,Tổng cục hải quan,V/v Vướng mắc khi khai báo hệ thống VNACCS/VCIS (Công ty TNHH Sumitomo Electric Interconnect Products Việt Nam),62550,305,18,DONG_NAI,null,null,,https://www.customs.gov.vn/index.jsp?pageId=3&id=62550&cid=1294,2014,11/2014,2026-10-08T09:19:48Z
1067,1522/GSQL-GQ2,18/11/2014,Tổng cục hải quan,V/v Thủ tục điều chỉnh định mức (Công ty TNHH Elentec Việt Nam),62552,305,18,DONG_NAI,null,null,,https://www.customs.gov.vn/index.jsp?pageId=3&id=62552&cid=1294,2014,11/2014,2026-10-08T09:19:48Z
1068,1525/GSQL-GQ2,18/11/2014,Tổng cục hải quan,V/v Chỉnh sửa định mức (Công ty TNHH Telileo Việt Nam),62551,305,18,DONG_NAI,null,null,,https://www.customs.gov.vn/index.jsp?pageId=3&id=62551&cid=1294,2014,11/2014,2026-10-08T09:19:48Z
1069,2675-2678/HQĐNa-ĐKS,18/11/2014,Cục Hải Quan tỉnh Đồng Nai,V/v Cấp mã địa điểm tập kết hàng hóa xuất khẩu,64960,305,18,DONG_NAI,null,null,https://files.customs.gov.vn/DONG_NAI//Data/Cv_Hqdn/2675_2678_HQDNa_DKS_18_11_2014.pdf,https://www.customs.gov.vn/index.jsp?pageId=3&id=64960&cid=1294,2014,11/2014,2026-10-08T09:19:48Z
1070,2682/HQĐNa-ĐKS,18/11/2014,Cục Hải Quan tỉnh Đồng Nai,V/v Cấp mã địa điểm,64959,305,18,DONG_NAI,null,null,https://files.customs.gov.vn/DONG_NAI//Data/Cv_Hqdn/2682_HQDNa_DKS_18_11_2014.pdf,https://www.customs.gov.vn/index.jsp?pageId=3&id=64959&cid=1294,2014,11/2014,2026-10-08T09:19:48Z
1071,2683/HQĐNa-ĐKS,18/11/2014,Cục Hải Quan tỉnh Đồng Nai,V/v Cấp mã địa điểm tập kết hàng hóa xuất khẩu,64958,305,18,DONG_NAI,null,null,https://files.customs.gov.vn/DONG_NAI//Data/Cv_Hqdn/2683_HQDNa_DKS_18_11_2014.pdf,https://www.customs.gov.vn/index.jsp?pageId=3&id=64958&cid=1294,2014,11/2014,2026-10-08T09:19:48Z
1072,13880-13881/TB-TCHQ,17/11/2014,null,"Thông báo đính chính thông báo kết quả phân loại đối với hàng hóa XK, NK",75180,305,18,DA_NANG,Lê xUÂN hUẾ,17/11/2014,https://files.customs.gov.vn/DA_NANG/Uploads/65e32243-11bf-4695-985d-c1563e8c13ba/13880.tif,https://www.customs.gov.vn/index.jsp?pageId=3&id=75180&cid=1294,2014,11/2014,2026-10-08T09:19:48Z
1073,3518/QĐ-TCHQ,17/11/2014,null,Quyết định v/v xóa nợ tiền thuế phát sịnh trước ngày 01/7/2007 đối với Công ty Hợp tác xuất khẩu lâm đặc sản Việt Lào Thừa Thiên Huế là doanh nghiệp nhà nước đã giải thể,75178,305,10,DA_NANG,Nguyễn Dương Thái,17/11/2014,https://files.customs.gov.vn/DA_NANG/Uploads/65e32243-11bf-4695-985d-c1563e8c13ba/3518.tif,https://www.customs.gov.vn/index.jsp?pageId=3&id=75178&cid=1294,2014,11/2014,2026-10-08T09:19:48Z
1074,13997/TCHQ-TXNK,17/11/2014,null,"Hoàn thuế GTGT cho người nước ngoài sân bay quốc tế Đà Nẵng, Cam Ranh",75181,305,16,DA_NANG,Nguyễn Dương Thái,17/11/2014,https://files.customs.gov.vn/DA_NANG/Uploads/65e32243-11bf-4695-985d-c1563e8c13ba/13997.tif,https://www.customs.gov.vn/index.jsp?pageId=3&id=75181&cid=1294,2014,11/2014,2026-10-08T09:19:48Z
1075,2518/QĐ-TCHQ,17/11/2014,null,Quyết định v/v xóa nợ tiền thuế phát sinh trước ngày 01/7/2007 đối với CT Hợp tác xuất nhập khẩu Lâm đặc sản Việt Là Thừa Thiên Huế là DNNN đã giải thể,75179,305,10,DA_NANG,Nguyễn Dương Thái,17/11/2014,https://files.customs.gov.vn/DA_NANG/Uploads/65e32243-11bf-4695-985d-c1563e8c13ba/3518 năm 2014 TCHQ QĐ xóa nợ Công ty Hợp tác XNK Lâm đặc sản Việt Lào.tif,https://www.customs.gov.vn/index.jsp?pageId=3&id=75179&cid=1294,2014,11/2014,2026-10-08T09:19:48Z
1076,2666/HQĐNa-ĐKS,17/11/2014,Cục Hải Quan tỉnh Đồng Nai,V/v Cấp mã địa điểm,64961,305,18,DONG_NAI,null,null,https://files.customs.gov.vn/DONG_NAI//Data/Cv_Hqdn/2666_HQDNa_DKS_17_11_2014.pdf,https://www.customs.gov.vn/index.jsp?pageId=3&id=64961&cid=1294,2014,11/2014,2026-10-08T09:19:48Z
1077,13802/TCHQ-TXNK,14/11/2014,null,Vướng mắc xử lý nợ thuế,75176,305,16,DA_NANG,Nguyễn Hải Trang,14/11/2014,https://files.customs.gov.vn/DA_NANG/Uploads/65e32243-11bf-4695-985d-c1563e8c13ba/13802.tif,https://www.customs.gov.vn/index.jsp?pageId=3&id=75176&cid=1294,2014,11/2014,2026-10-08T09:19:48Z
1078,13810/TCHQ-TXNK,14/11/2014,null,Vướng mắc trong quá trình thu nộp thuế hàng hóa vận chuyển qua biên giới đất liền,75174,305,18,DA_NANG,Nguyễn Dương Thái,14/11/2014,https://files.customs.gov.vn/DA_NANG/Uploads/65e32243-11bf-4695-985d-c1563e8c13ba/13810.tif,https://www.customs.gov.vn/index.jsp?pageId=3&id=75174&cid=1294,2014,11/2014,2026-10-08T09:19:48Z
1079,11400/BCT-HC,14/11/2014,Tổng cục hải quan,V/v quản lý xuất nhập khẩu tiền chất công nghiệp,58233,305,16,TP_HO_CHI_MINH,Nguyễn Văn Thanh,14/11/2014,https://files.customs.gov.vn/CustomsCMS/TP_HO_CHI_MINH/2020/Web/Data/DocumentAttachments/11400-BCT-HC.tif,https://www.customs.gov.vn/index.jsp?pageId=3&id=58233&cid=1294,2014,11/2014,2026-10-08T09:19:48Z
1080,13832/TCHQ-TXNK,14/11/2014,Tổng cục hải quan,V/v Hàng hóa nhập khẩu sau tái xuất (Công ty CP Hợp Kim Fero Việt Nam),62553,305,18,DONG_NAI,null,null,,https://www.customs.gov.vn/index.jsp?pageId=3&id=62553&cid=1294,2014,11/2014,2026-10-08T09:19:48Z
1081,165/TT-BTC-TCHQ,14/11/2014,null,Ban hành Biểu thuế NK ưu đãi đặc biệt của Việt Nam để thực hiện Hiệp định thương mại hàng hóa ASEAN giai đoạn 2015-2018,75264,305,4,DA_NANG,Trương Chí Trung,01/01/2015,https://files.customs.gov.vn/DA_NANG/Uploads/65e32243-11bf-4695-985d-c1563e8c13ba/165.PDF,https://www.customs.gov.vn/index.jsp?pageId=3&id=75264&cid=1294,2014,11/2014,2026-10-08T09:19:48Z
1082,166/TT-BTC-TCHQ,14/11/2014,null,Ban hành Biểu thuế NK ưu đãi đặc biệt của Việt Nam để thực hiện Hiệp định thương mại hàng hóa ASEAN Trung Quốc giai đoạn 2015-2018,75247,305,4,DA_NANG,Trương Chí Trung,01/01/2015,https://files.customs.gov.vn/DA_NANG/Uploads/65e32243-11bf-4695-985d-c1563e8c13ba/166.PDF,https://www.customs.gov.vn/index.jsp?pageId=3&id=75247&cid=1294,2014,11/2014,2026-10-08T09:19:48Z
1083,167/TT-BTC-TCHQ,14/11/2014,null,Ban hành Biểu thuế NK ưu đãi đặc biệt của Việt Nam để thực hiện Hiệp định thương mại hàng hóa ASEAN - Hàn Quốc giai đoạn 2015-2018,75271,305,4,DA_NANG,Trương Chí Trung,01/01/2015,https://files.customs.gov.vn/DA_NANG/Uploads/65e32243-11bf-4695-985d-c1563e8c13ba/167.PDF,https://www.customs.gov.vn/index.jsp?pageId=3&id=75271&cid=1294,2014,11/2014,2026-10-08T09:19:48Z
1084,168/TT-BTC-TCHQ,14/11/2014,null,Ban hành Biểu thuế NK ưu đãi đặc biệt của Việt Nam để thực hiện Hiệp định thương mại hàng hóa ASEAN - Úc - Niu Di Lân giai đoạn 2015-2018,75256,305,4,DA_NANG,Trương Chí Trung,01/01/2015,https://files.customs.gov.vn/DA_NANG/Uploads/65e32243-11bf-4695-985d-c1563e8c13ba/168.PDF,https://www.customs.gov.vn/index.jsp?pageId=3&id=75256&cid=1294,2014,11/2014,2026-10-08T09:19:48Z
1085,169/TT-BTC-TCHQ,14/11/2014,null,Ban hành Biểu thuế NK ưu đãi đặc biệt của Việt Nam để thực hiện Hiệp định thương mại hàng hóa ASEAN - Ấn Độ giai đoạn 2015-2018,75245,305,4,DA_NANG,Trương Chí Trung,01/01/2015,https://files.customs.gov.vn/DA_NANG/Uploads/65e32243-11bf-4695-985d-c1563e8c13ba/169.PDF,https://www.customs.gov.vn/index.jsp?pageId=3&id=75245&cid=1294,2014,11/2014,2026-10-08T09:19:48Z
1086,2646/HQĐNa-TXNK,14/11/2014,Cục Hải Quan tỉnh Đồng Nai,V/v Đăng ký danh mục hàng hóa nhập khẩu miễn thuế tại TSCĐ (Công ty TNHH Thực phẩm NFC),64965,305,18,DONG_NAI,null,null,https://files.customs.gov.vn/DONG_NAI//Data/Cv_Hqdn/2646_HQDNa_TXNK_14_11_2014.pdf,https://www.customs.gov.vn/index.jsp?pageId=3&id=64965&cid=1294,2014,11/2014,2026-10-08T09:19:48Z
1087,2647/HQĐNa-TXNK,14/11/2014,Cục Hải Quan tỉnh Đồng Nai,V/v Đăng ký danh mục hàng hóa nhập khẩu miễn thuế tại TSCĐ (Công ty TNHH Formosa Teffeta Đồng Nai),64964,305,18,DONG_NAI,null,null,https://files.customs.gov.vn/DONG_NAI//Data/Cv_Hqdn/2647_HQDNa_TXNK_14_11_2014.pdf,https://www.customs.gov.vn/index.jsp?pageId=3&id=64964&cid=1294,2014,11/2014,2026-10-08T09:19:48Z
1088,2648/HQĐNa-TXNK,14/11/2014,Cục Hải Quan tỉnh Đồng Nai,V/v Đăng ký danh mục hàng hóa nhập khẩu miễn thuế tại TSCĐ (Công ty TNHH MTV Sản xuất thức ăn chăn nuôi Bình Minh),64963,305,18,DONG_NAI,null,null,https://files.customs.gov.vn/DONG_NAI//Data/Cv_Hqdn/2648_HQDNa_TXNK_14_11_2014.pdf,https://www.customs.gov.vn/index.jsp?pageId=3&id=64963&cid=1294,2014,11/2014,2026-10-08T09:19:48Z
1089,2649/HQĐNa-TXNK,14/11/2014,Cục Hải Quan tỉnh Đồng Nai,V/v Đăng ký danh mục hàng hóa nhập khẩu miễn thuế tại TSCĐ (Công ty TNHH Volcafe Việt Nam),64962,305,18,DONG_NAI,null,null,https://files.customs.gov.vn/DONG_NAI//Data/Cv_Hqdn/2649_HQDNa_TXNK_14_11_2014.pdf,https://www.customs.gov.vn/index.jsp?pageId=3&id=64962&cid=1294,2014,11/2014,2026-10-08T09:19:48Z
1090,"5365,5366,5395/TB-CT",13/11/2014,null,Thông báo v/v người nộp thuế đang làm thủ tục chấm dứt hiệu lực mã số thuế,75171,305,18,DA_NANG,Lê Bá Tiến,13/11/2014,https://files.customs.gov.vn/DA_NANG/Uploads/65e32243-11bf-4695-985d-c1563e8c13ba/5365.tif,https://www.customs.gov.vn/index.jsp?pageId=3&id=75171&cid=1294,2014,11/2014,2026-10-08T09:19:48Z
1091,13763-13818/TB-TCHQ,13/11/2014,null,"Thông báo về kết quả phân loại đối với hàng hóa XK, NK",75169,305,18,DA_NANG,Nguyễn Dương Thái,13/11/2014,https://files.customs.gov.vn/DA_NANG/Uploads/65e32243-11bf-4695-985d-c1563e8c13ba/13763.tif,https://www.customs.gov.vn/index.jsp?pageId=3&id=75169&cid=1294,2014,11/2014,2026-10-08T09:19:48Z
1092,1507/GSQL-TH,13/11/2014,Bộ Công nghiệp,V/v vướng mắc C/O (công văn số 1507/GSQL-TH ngày 13/11/2014) - Cục Hải quan TP. Đà Nẵng.,56143,305,16,TP_HO_CHI_MINH,Nguyễn Nhất Kha,13/11/2014,https://files.customs.gov.vn/CustomsCMS/TP_HO_CHI_MINH/2020/Web/Data/DocumentAttachments/1507-GSQL-TH.tif,https://www.customs.gov.vn/index.jsp?pageId=3&id=56143&cid=1294,2014,11/2014,2026-10-08T09:19:48Z
1093,13734/TCHQ-TXNK,12/11/2014,null,Thép không hợp kim,75167,305,16,DA_NANG,Nguyễn Dương Thái,12/11/2014,https://files.customs.gov.vn/DA_NANG/Uploads/65e32243-11bf-4695-985d-c1563e8c13ba/1_13734.tif,https://www.customs.gov.vn/index.jsp?pageId=3&id=75167&cid=1294,2014,11/2014,2026-10-08T09:19:48Z
1094,13734/TCHQ-TXNK,12/11/2014,null,Thép không hợp kim,75166,305,16,DA_NANG,Nguyễn Dương Thái,12/11/2014,https://files.customs.gov.vn/DA_NANG/Uploads/65e32243-11bf-4695-985d-c1563e8c13ba/13734.tif,https://www.customs.gov.vn/index.jsp?pageId=3&id=75166&cid=1294,2014,11/2014,2026-10-08T09:19:48Z
1095,13733/TCHQ-TXNK,12/11/2014,Tổng cục hải quan,"V/v Xử lý thuế xăng dầu dùng cho phương tiện vận tải tự hành (HQ Bà Rịa - Vũng Tàu, Công ty CP Vận tải dầu khí Thái Bình Dương)",62555,305,18,DONG_NAI,null,null,,https://www.customs.gov.vn/index.jsp?pageId=3&id=62555&cid=1294,2014,11/2014,2026-10-08T09:19:48Z
1096,13741/TCHQ-TXNK,12/11/2014,Tổng cục hải quan,V/v phân loại hàng hoá,57250,305,16,TP_HO_CHI_MINH,Nguyễn Dương Thái,12/11/2014,https://files.customs.gov.vn/CustomsCMS/TP_HO_CHI_MINH/2020/Web/Data/DocumentAttachments/13741-TCHQ-TXNK.tif,https://www.customs.gov.vn/index.jsp?pageId=3&id=57250&cid=1294,2014,11/2014,2026-10-08T09:19:48Z
1097,13742/TCHQ-TXNK,12/11/2014,Tổng cục hải quan,"V/v Tính chậm nộp (HQ Hải Phòng, Công ty CP Hóa chất Miền Bắc)",62554,305,18,DONG_NAI,null,null,,https://www.customs.gov.vn/index.jsp?pageId=3&id=62554&cid=1294,2014,11/2014,2026-10-08T09:19:48Z
1098,1503/GSQL-GQ3,12/11/2014,Bộ Công nghiệp,Công văn số 1503/GSQL-GQ3 V/v nhập khẩu lô hàng rượu vang của Đại sứ CHLB Đức tại Hà Nội,54836,305,16,TP_HO_CHI_MINH,Nguyễn Nhất Kha,12/11/2014,https://files.customs.gov.vn/CustomsCMS/TP_HO_CHI_MINH/2020/Web/Data/DocumentAttachments/1503.TIF,https://www.customs.gov.vn/index.jsp?pageId=3&id=54836&cid=1294,2014,11/2014,2026-10-08T09:19:48Z
1099,13626/TB-TCHQ,11/11/2014,null,"Thông báo về kết quả phân loại đối với hàng hóa XK, NK",75164,305,18,DA_NANG,Nguyễn Dương Thái,11/11/2014,https://files.customs.gov.vn/DA_NANG/Uploads/65e32243-11bf-4695-985d-c1563e8c13ba/13626.tif,https://www.customs.gov.vn/index.jsp?pageId=3&id=75164&cid=1294,2014,11/2014,2026-10-08T09:19:48Z
1100,16370/BTC-TCHQ,11/11/2014,null,Chọn ngân hàng thương mại làm đại lý hoàn thuế GTGT,75163,305,16,DA_NANG,Đỗ Hoàng Anh Tuấn,11/11/2014,https://files.customs.gov.vn/DA_NANG/Uploads/65e32243-11bf-4695-985d-c1563e8c13ba/16370.tif,https://www.customs.gov.vn/index.jsp?pageId=3&id=75163&cid=1294,2014,11/2014,2026-10-08T09:19:48Z
1101,13628/TCHQ-TXNK,11/11/2014,Tổng cục hải quan,V/v Thanh lý hàng hóa nhập khẩu (Công ty TNHH Thương mại Thiên niên kỷ),62556,305,18,DONG_NAI,null,null,https://files.customs.gov.vn/DONG_NAI//Data/CV_TCHQ/13628_TCHQ_TXNK_11_11_2014.pdf,https://www.customs.gov.vn/index.jsp?pageId=3&id=62556&cid=1294,2014,11/2014,2026-10-08T09:19:48Z
1102,13630/TCHQ-GSQL,11/11/2014,Tổng cục hải quan,Công văn số 13630/TCHQ-GSQL V/v nhập khẩu xe ô tô đã qua sử dụng,52251,305,16,TP_HO_CHI_MINH,Vũ Ngọc Anh,11/11/2014,https://files.customs.gov.vn/CustomsCMS/TP_HO_CHI_MINH/2020/Web/Data/DocumentAttachments/13630.tif,https://www.customs.gov.vn/index.jsp?pageId=3&id=52251&cid=1294,2014,11/2014,2026-10-08T09:19:48Z
1103,13656-13731/TB-TCHQ,11/11/2014,null,"Thông báo về kết quả phân loại đối với hàng hóa XK, NK",75165,305,18,DA_NANG,Nguyễn Dương Thái,11/11/2014,https://files.customs.gov.vn/DA_NANG/Uploads/65e32243-11bf-4695-985d-c1563e8c13ba/13656.tif,https://www.customs.gov.vn/index.jsp?pageId=3&id=75165&cid=1294,2014,11/2014,2026-10-08T09:19:48Z
1104,16371/BTC-TCHQ,11/11/2014,Bộ Tài chính,Công văn số 16371/BTC-TCHQ V/v hoàn thuế hàng nhập khẩu tái xuất quá thời hạn 365 ngày,53858,305,16,TP_HO_CHI_MINH,Đỗ Hoàng Anh Tuấn,11/11/2014,https://files.customs.gov.vn/CustomsCMS/TP_HO_CHI_MINH/2020/Web/Data/DocumentAttachments/16371_BTC-TCHQ_257017.pdf,https://www.customs.gov.vn/index.jsp?pageId=3&id=53858&cid=1294,2014,11/2014,2026-10-08T09:19:48Z
1105,2612/HQĐNa-ĐKS,11/11/2014,Cục Hải Quan tỉnh Đồng Nai,"V/v Công nhận địa điểm kiểm tra hàng hóa nhập khẩu, xuất khẩu tại nơi sản xuất (Công ty CP Trung Đông)",64968,305,18,DONG_NAI,null,null,https://files.customs.gov.vn/DONG_NAI//Data/Cv_Hqdn/2612_HQDNa_DKS_11_11_2014.pdf,https://www.customs.gov.vn/index.jsp?pageId=3&id=64968&cid=1294,2014,11/2014,2026-10-08T09:19:48Z
1106,2613/HQĐNa-ĐKS,11/11/2014,Cục Hải Quan tỉnh Đồng Nai,"V/v Công nhận địa điểm kiểm tra hàng hóa nhập khẩu, xuất khẩu tại nơi sản xuất (Công ty TNHH Thanh Bình)",64967,305,18,DONG_NAI,null,null,https://files.customs.gov.vn/DONG_NAI//Data/Cv_Hqdn/2613_HQDNa_DKS_11_11_2014.pdf,https://www.customs.gov.vn/index.jsp?pageId=3&id=64967&cid=1294,2014,11/2014,2026-10-08T09:19:48Z
1107,2614/HQĐNa-ĐKS,11/11/2014,Cục Hải Quan tỉnh Đồng Nai,V/v Đề nghị công nhận địa điểm kiểm tra hàng hóa (Công ty TNHH Daemyng Chemical Việt Nam),64966,305,18,DONG_NAI,null,null,https://files.customs.gov.vn/DONG_NAI//Data/Cv_Hqdn/2614_HQDNa_DKS_11_11_2014.pdf,https://www.customs.gov.vn/index.jsp?pageId=3&id=64966&cid=1294,2014,11/2014,2026-10-08T09:19:48Z
1108,13587/TCHQ-GSQL,10/11/2014,Tổng cục hải quan,V/v Xác định địa điểm làm thủ tục hải quan đối với loại hình SXXK (Công ty CP Cồn Rượu Hà Nội),62557,305,18,DONG_NAI,null,null,,https://www.customs.gov.vn/index.jsp?pageId=3&id=62557&cid=1294,2014,11/2014,2026-10-08T09:19:48Z
1109,16339/BTC-TCT,10/11/2014,Bộ Tài chính,Công văn số 16339/BTC-TCT V/v hướng dẫn thu nộp NSNN theo Thông tư số 119/2014/TT-BTC và Thông tư số 126/2014/TT-BTC,57331,305,16,TP_HO_CHI_MINH,Đỗ Hoàng Anh Tuấn,10/11/2014,https://files.customs.gov.vn/CustomsCMS/TP_HO_CHI_MINH/2020/Web/Data/DocumentAttachments/16339_BTC-TCT_257370.pdf,https://www.customs.gov.vn/index.jsp?pageId=3&id=57331&cid=1294,2014,11/2014,2026-10-08T09:19:48Z
1110,2594/HQĐNa-ĐKS,10/11/2014,Cục Hải Quan tỉnh Đồng Nai,V/v Kiểm tra và xác nhận lại mã địa điểm tập kết hàng hóa xuất khẩu (Công ty CP Ong mật Đồng Nai),64969,305,18,DONG_NAI,null,null,https://files.customs.gov.vn/DONG_NAI//Data/Cv_Hqdn/2594_HQDNa_DKS_10_11_2014.pdf,https://www.customs.gov.vn/index.jsp?pageId=3&id=64969&cid=1294,2014,11/2014,2026-10-08T09:19:48Z
1111,3417/QÐ-TCHQ,10/11/2014,Tổng cục hải quan,"Quyết định về việc ban hành quy trình thủ tục hải quan, kiểm tra, giám sát hải quan đối với hàng hóa của người nước ngoài, người quyết định về việc ban hành quy trình thủ tục hải quan, kiểm tra, giám sát hải quan đối với hàng hóa của người nước ngoài, người Việt Nam định cư ở nước ngoài mang theo khi xuất cảnh qua cửa khẩu áp dụng hoàn thuế giá trị gia tăng Việt Nam định cư ở nước ngoài mang theo khi xuất cảnh qua cửa khẩu áp dụng hoàn thuế giá trị gia tăng",55037,305,10,TP_HO_CHI_MINH,Nguyễn Dương Thái,15/11/2014,https://files.customs.gov.vn/CustomsCMS/TP_HO_CHI_MINH/2020/Web/Data/DocumentAttachments/3417_QD-TCHQ_257263.doc,https://www.customs.gov.vn/index.jsp?pageId=3&id=55037&cid=1294,2014,11/2014,2026-10-08T09:19:48Z
1112,13570-13600/TB-TCHQ,07/11/2014,null,"Thông báo về kết quả phân loại đối với hàng hóa XK, NK",75161,305,18,DA_NANG,Nguyễn Dương Thái,07/11/2014,https://files.customs.gov.vn/DA_NANG/Uploads/65e32243-11bf-4695-985d-c1563e8c13ba/19637.tif,https://www.customs.gov.vn/index.jsp?pageId=3&id=75161&cid=1294,2014,11/2014,2026-10-08T09:19:48Z
1113,06-HD/BTCTW,07/11/2014,BCH ĐẢNG BỘ TỈNH ,"Hướng dẫn kiểm điểm tập thể, cá nhân và đánh giá, phân loại chất lượng tổ chức cơ sở đảng năm 2014",40139,305,18,HA_TINH,null,null,https://files.customs.gov.vn/CustomsCMS/HA_TINH/2020/upload/office/2017/12/374/file/06.tif,https://www.customs.gov.vn/index.jsp?pageId=3&id=40139&cid=1294,2014,11/2014,2026-10-08T09:19:48Z
1114,13486/TCHQ-TXNK,07/11/2014,Tổng cục hải quan,V/v Miễn thuế tiền chậm nộp tiền thuế GTGT (Tổng Công ty 319),62558,305,18,DONG_NAI,null,null,,https://www.customs.gov.vn/index.jsp?pageId=3&id=62558&cid=1294,2014,11/2014,2026-10-08T09:19:48Z
1115,16224/BTC-TCHQ,07/11/2014,Bộ Tài chính,V/v xử lý thuế nguyên liệu nhập khẩu để sản xuất xuất khẩu,58681,305,16,TP_HO_CHI_MINH,Nguyễn Dương Thái,07/11/2014,https://files.customs.gov.vn/CustomsCMS/TP_HO_CHI_MINH/2020/Web/Data/DocumentAttachments/16224_BTC-TCHQ_256637.doc,https://www.customs.gov.vn/index.jsp?pageId=3&id=58681&cid=1294,2014,11/2014,2026-10-08T09:19:48Z
