stt,so_hieu,ngay_ban_hanh,co_quan_ban_hanh,noi_dung_tom_tat,ma_noi_bo,linh_vuc,loai_van_ban,chuyen_trang,nguoi_ky,ngay_hieu_luc,pdf_url,url_chi_tiet,nam,nam_thang,crawled_at
1,CV542/TCHQ-GSQL,30/01/2011,Tổng cục hải quan,"V/v Kiểm tra thực tế đối với linh kiện, phụ tùng điện tử thay thế",63308,305,16,DONG_NAI,null,null,,https://www.customs.gov.vn/index.jsp?pageId=3&id=63308&cid=1294,2011,01/2011,2026-10-08T09:45:29Z
2,132/HQĐNa-TXNK,29/01/2011,Cục Hải Quan tỉnh Đồng Nai,Trả lời Công ty TNHH Kỹ nghệ Stand Dragon v/v đăng ký danh mục hàng hóa nhập khẩu miễn thuế tạo TSCĐ,65928,305,18,DONG_NAI,null,null,https://files.customs.gov.vn/DONG_NAI//Data/CV_Hqdn/132_HQDNa_TXNK_29_01_2011.PDF,https://www.customs.gov.vn/index.jsp?pageId=3&id=65928&cid=1294,2011,01/2011,2026-10-08T09:45:29Z
3,134/HQĐNa-CBL,29/01/2011,Cục Hải Quan tỉnh Đồng Nai,V/v Phúc đáp đơn đề nghị của Công ty TNHH Ecosoft Việt Nam,65927,305,18,DONG_NAI,null,null,https://files.customs.gov.vn/DONG_NAI//Data/CV_Hqdn/134_HQDNa_CBL_29_01_2011.PDF,https://www.customs.gov.vn/index.jsp?pageId=3&id=65927&cid=1294,2011,01/2011,2026-10-08T09:45:29Z
4,209/QÐ-TCHQ,29/01/2011,Tổng cục hải quan,"Quyết định ban hành quy trình nghiệp vụ quản lý hải quan đối với hàng hóa xuất khẩu, nhập khẩu chuyển của khẩu",54818,305,10,TP_HO_CHI_MINH,Vũ Ngọc Anh,10/02/2011,"https://files.customs.gov.vn/CustomsCMS/TP_HO_CHI_MINH/2020/Web/Data/DocumentAttachments/Mau_01.doc,/CustomsCMS/TP_HO_CHI_MINH/2020/Web/Data/DocumentAttachments/209_QD-TCHQ_118444.doc,/CustomsCMS/TP_HO_CHI_MINH/2020/Web/Data/DocumentAttachments/Mau_03.doc,/CustomsCMS/TP_HO_CHI_MINH/2020/Web/Data/DocumentAttachments/Mau_02.doc,/CustomsCMS/TP_HO_CHI_MINH/2020/Web/Data/DocumentAttachments/Mau_04.doc",https://www.customs.gov.vn/index.jsp?pageId=3&id=54818&cid=1294,2011,01/2011,2026-10-08T09:45:29Z
5,209/QĐ-TCHQ,29/01/2011,null,"Ban hành Quy trình nghiệp vụ quản lý hải quan đối với hàng hoá xuất khẩu, nhập khẩu chuyển cửa khẩu",73350,305,10,DA_NANG,admin,29/01/2011,https://files.customs.gov.vn/DA_NANG/Uploads/65e32243-11bf-4695-985d-c1563e8c13ba/209-quy trinh chuyen cua khau thay the 1458.tif,https://www.customs.gov.vn/index.jsp?pageId=3&id=73350&cid=1294,2011,01/2011,2026-10-08T09:45:29Z
6,CV500/TCHQ-TXNK,29/01/2011,Tổng cục hải quan,"V/v Vướng mắc sử dụng tờ khai sao trong hồ sơ thanh khoản, hoàn thuế",63309,305,16,DONG_NAI,null,null,,https://www.customs.gov.vn/index.jsp?pageId=3&id=63309&cid=1294,2011,01/2011,2026-10-08T09:45:29Z
7,QĐ209/QĐ-TCHQ,29/01/2011,Tổng cục hải quan,"V/v Ban hành quy định nghiệp vụ quản lý hải quan đối với hàng hóa xuất khẩu, nhập khẩu chuyển cửa khẩu",63310,305,10,DONG_NAI,null,null,https://files.customs.gov.vn/DONG_NAI//Data/CV_TCHQ/209_QD_TCHQ_29_01_2011.pdf,https://www.customs.gov.vn/index.jsp?pageId=3&id=63310&cid=1294,2011,01/2011,2026-10-08T09:45:29Z
8,148/QĐ-TCHQ,28/01/2011,null,Quyết định số 148/QĐ-TCHQ của Tổng cục Hải quan quy định về giám sát hải quan tại khu vực cửa khẩu biên giới đường bộ,43023,305,18,QUANG_BINH,null,null,https://files.customs.gov.vn/CustomsCMS/QUANG_BINH/2021/04/images/stories/files/QD14811TCHQ.tif,https://www.customs.gov.vn/index.jsp?pageId=3&id=43023&cid=1294,2011,01/2011,2026-10-08T09:45:29Z
9,149/QĐ-TCHQ,28/01/2011,null,"Quyết định số 149/QĐ-TCHQ của Tổng cục Hải quan ban hành quy trình thủ tục hải quan đối với tàu liên vận quốc tế nhập cảnh, xuất cảnh bằng đường sắt; đối với hành lý của người xuất cảnh, nhập cảnh; giám sát hải quan tại ga liên vận biên giới và ga liên vận nội địa",43024,305,18,QUANG_BINH,null,null,https://files.customs.gov.vn/CustomsCMS/QUANG_BINH/2021/04/images/stories/files/QD14911TCHQ.tif,https://www.customs.gov.vn/index.jsp?pageId=3&id=43024&cid=1294,2011,01/2011,2026-10-08T09:45:29Z
10,02/2011/TT-BCT,28/01/2011,Bộ Công thương,Quy định hướng dẫn Nghị định số 119/2007/NĐ-CP ngày 18 tháng 7 năm 2007 của Chính phủ về sản xuất và kinh doanh thuốc lá,61320,305,4,BA_RIA_VUNG_TAU,null,14/03/2011,https://files.customs.gov.vn/BA_RIA_VUNG_TAU/uploads/document/381/02_2011_TT-BCT.doc,https://www.customs.gov.vn/index.jsp?pageId=3&id=61320&cid=1294,2011,01/2011,2026-10-08T09:45:29Z
11,121/HQĐNa-TXNK,28/01/2011,Cục Hải Quan tỉnh Đồng Nai,Trả lời Công ty TNHH U-Best Việt Nam Polymer Industry v/v đăng ký danh mục hàng hóa nhập khẩu miễn thuế tạo TSCĐ,65929,305,18,DONG_NAI,null,null,https://files.customs.gov.vn/DONG_NAI//Data/CV_Hqdn/121_HQDNa_TXNK_28_01_2011.PDF,https://www.customs.gov.vn/index.jsp?pageId=3&id=65929&cid=1294,2011,01/2011,2026-10-08T09:45:29Z
12,QĐ149/QĐ-TCHQ,28/01/2011,Tổng cục hải quan,"V/v Ban hành quy trình thủ tục hải quan đối với tàu liên vận quốc tế nhập cảnh, xuất cảnh bằng đường sắt; đối với hành lý của người xuất cảnh, nhập cảnh; giám sát hải quan tại ga liên vận biên giới và ha liên vận nội địa",63312,305,10,DONG_NAI,null,null,https://files.customs.gov.vn/DONG_NAI//Data/CV_TCHQ/149_QD_TCHQ_28_01_2011.pdf,https://www.customs.gov.vn/index.jsp?pageId=3&id=63312&cid=1294,2011,01/2011,2026-10-08T09:45:29Z
13,CV1347/BTC-CST,27/01/2011,Bộ Tài chính,V/v Ưu đãi thuế nhập khẩu Việt Nam-Lào năm 2011,63313,305,16,DONG_NAI,null,null,,https://www.customs.gov.vn/index.jsp?pageId=3&id=63313&cid=1294,2011,01/2011,2026-10-08T09:45:29Z
14,CV1310/BTC-TCHQ,26/01/2011,Bộ Tài chính,V/v Giấy chứng nhận xuất xứ mẫu E thực thi ACFTA,63314,305,16,DONG_NAI,null,null,,https://www.customs.gov.vn/index.jsp?pageId=3&id=63314&cid=1294,2011,01/2011,2026-10-08T09:45:29Z
15,100/HQĐNa-GSQL,25/01/2011,Cục Hải Quan tỉnh Đồng Nai,"Trả lời Công ty TNHH Shiseido Việt Nam v/v Xin hủy phế phẩm, bùn thải của DNCX",65932,305,18,DONG_NAI,null,null,https://files.customs.gov.vn/DONG_NAI//Data/CV_Hqdn/100_HQDNa_GSQL_25_01_2011.PDF,https://www.customs.gov.vn/index.jsp?pageId=3&id=65932&cid=1294,2011,01/2011,2026-10-08T09:45:29Z
16,102/HQĐNa-TXNK,25/01/2011,Cục Hải Quan tỉnh Đồng Nai,Trả lời Công ty TNHH Homn Reen Việt Nam v/v điều chỉnh Danh mục hàng hóa nhập khẩu miễn thuế tạo TSCĐ,65931,305,18,DONG_NAI,null,null,https://files.customs.gov.vn/DONG_NAI//Data/CV_Hqdn/102_HQDNa_TXNK_25_01_2011.PDF,https://www.customs.gov.vn/index.jsp?pageId=3&id=65931&cid=1294,2011,01/2011,2026-10-08T09:45:29Z
17,105/HQĐNa-VP,25/01/2011,Cục Hải Quan tỉnh Đồng Nai,V/v Nghỉ Tết Nguyên đán Tân Mão năm 2011,65930,305,18,DONG_NAI,null,null,https://files.customs.gov.vn/DONG_NAI//Data/CV_Hqdn/105_HQDNa_VP_25_01_2011.PDF,https://www.customs.gov.vn/index.jsp?pageId=3&id=65930&cid=1294,2011,01/2011,2026-10-08T09:45:29Z
18,99/HQĐNa-GSQL,25/01/2011,Cục Hải Quan tỉnh Đồng Nai,Trả lời Công ty TNHH Olimpus Việt Nam v/v thực hiện chỉ thị số 04/CT-UBND ngày 11/03/2010 của UBND tỉnh Đồng Nai,65933,305,18,DONG_NAI,null,null,https://files.customs.gov.vn/DONG_NAI//Data/CV_Hqdn/99_HQDNa_GSQL_25_01_2011.PDF,https://www.customs.gov.vn/index.jsp?pageId=3&id=65933&cid=1294,2011,01/2011,2026-10-08T09:45:29Z
19,CV1285/BTC-TCHQ,25/01/2011,Bộ Tài chính,V/v Xử lý thuế linh kiện nhập khẩu,63319,305,16,DONG_NAI,null,null,,https://www.customs.gov.vn/index.jsp?pageId=3&id=63319&cid=1294,2011,01/2011,2026-10-08T09:45:29Z
20,QĐ223/QĐ-BYT,25/01/2011,Bộ Y tế,V/v Công bố danh sách doanh nghiệp nước ngoài được cấp giấy phép hoạt động về thuốc và nguyên liệu làm thuốc tại Việt Nam,63317,305,10,DONG_NAI,null,null,https://files.customs.gov.vn/DONG_NAI//Data/Cv_BYT/223_QD_BYT_25_01_2011.pdf,https://www.customs.gov.vn/index.jsp?pageId=3&id=63317&cid=1294,2011,01/2011,2026-10-08T09:45:29Z
21,QĐ224/QĐ-BYT,25/01/2011,Bộ Y tế,V/v Công bố danh sách doanh nghiệp nước ngoài được cấp giấy phép hoạt động về thuốc và nguyên liệu làm thuốc tại Việt Nam,63316,305,10,DONG_NAI,null,null,https://files.customs.gov.vn/DONG_NAI//Data/Cv_BYT/224_QD_BYT_25_01_2011.pdf,https://www.customs.gov.vn/index.jsp?pageId=3&id=63316&cid=1294,2011,01/2011,2026-10-08T09:45:29Z
22,QĐ225/QĐ-BYT,25/01/2011,Bộ Y tế,V/v Công bố danh sách doanh nghiệp nước ngoài được cấp giấy phép hoạt động về thuốc và nguyên liệu làm thuốc tại Việt Nam,63315,305,10,DONG_NAI,null,null,https://files.customs.gov.vn/DONG_NAI//Data/Cv_BYT/225_QD_BYT_25_01_2011.pdf,https://www.customs.gov.vn/index.jsp?pageId=3&id=63315&cid=1294,2011,01/2011,2026-10-08T09:45:29Z
23,TT06/2011/TT-BYT,25/01/2011,Bộ Y tế,V/v Quy định về quản lý mỹ phẩm,63318,305,4,DONG_NAI,null,null,https://files.customs.gov.vn/DONG_NAI//Data/Cv_BYT/06_2011_TT_BYT_25_01_2011.pdf,https://www.customs.gov.vn/index.jsp?pageId=3&id=63318&cid=1294,2011,01/2011,2026-10-08T09:45:29Z
24,CV1131/BTC-HTQT,24/01/2011,Bộ Tài chính,"V/v Bổ sung Philipin, Malaysia và vương quốc Thái Lan vào danh sách nước được hưởng thuế AANZFTA",63321,305,16,DONG_NAI,null,null,,https://www.customs.gov.vn/index.jsp?pageId=3&id=63321&cid=1294,2011,01/2011,2026-10-08T09:45:29Z
25,CV1177/BTC-CST,24/01/2011,Bộ Tài chính,V/v Xử lý vướng mắc khi thực hiện Nghị định số 87/2010/NĐ-CP,63320,305,16,DONG_NAI,null,null,,https://www.customs.gov.vn/index.jsp?pageId=3&id=63320&cid=1294,2011,01/2011,2026-10-08T09:45:29Z
26,QĐ 103/QĐ-TCHQ ngày 24/01/2011,24/01/2011,null,"<p>Quyết định về việc ban hành Quy trình kiểm tra, tham vấn và xác định trị giá tính thuế đối với hàng hoá xuất khẩu, nhập khẩu trong quá trình làm thủ tục hải quan.</p>",73348,305,10,DA_NANG,admin,24/01/2011,https://files.customs.gov.vn/DA_NANG/Uploads/65e32243-11bf-4695-985d-c1563e8c13ba/QĐ103.tif,https://www.customs.gov.vn/index.jsp?pageId=3&id=73348&cid=1294,2011,01/2011,2026-10-08T09:45:29Z
27,CV1078/BTC-CST,21/01/2011,Bộ Tài chính,V/v Thuế suất thuế xuất khẩu cho mặt hàng bột cacbonat canxi siêu mịn,63322,305,16,DONG_NAI,null,null,,https://www.customs.gov.vn/index.jsp?pageId=3&id=63322&cid=1294,2011,01/2011,2026-10-08T09:45:29Z
28,82/HQĐNa-GSQL,19/01/2011,Cục Hải Quan tỉnh Đồng Nai,Trả lời Công ty CP Việt Pháp sản xuất thức ăn gia súc v/v xin kiểm tra hàng hóa tại địa điểm kiểm tra tập trung ICD Biên Hòa,65934,305,18,DONG_NAI,null,null,https://files.customs.gov.vn/DONG_NAI//Data/CV_Hqdn/82_HQDNa_GSQL_19_01_2011.PDF,https://www.customs.gov.vn/index.jsp?pageId=3&id=65934&cid=1294,2011,01/2011,2026-10-08T09:45:29Z
29,CV106/KCNĐN-MT,19/01/2011,Khác,V/v Triển khai thực hiện Chỉ thị số 04/CT-UBND ngày 11/3/2010 của UBND Tỉnh,63323,305,16,DONG_NAI,null,null,https://files.customs.gov.vn/DONG_NAI//Data/CV_nganh_khac/106_KCNDN_MT_19_01_2011.pdf,https://www.customs.gov.vn/index.jsp?pageId=3&id=63323&cid=1294,2011,01/2011,2026-10-08T09:45:29Z
30,75/HQĐNa-GSQL,18/01/2011,Cục Hải Quan tỉnh Đồng Nai,Trả lời VPĐD Công ty RMM Metallhandel GmbH v/v Đưa hàng từ kho ngoại quan vào nội địa phục vụ sản xuất,65935,305,18,DONG_NAI,null,null,https://files.customs.gov.vn/DONG_NAI//Data/CV_Hqdn/75_HQDNa_GSQL_18_01_2011.PDF,https://www.customs.gov.vn/index.jsp?pageId=3&id=65935&cid=1294,2011,01/2011,2026-10-08T09:45:29Z
31,CV237/TCHQ-GSQL,17/01/2011,Tổng cục hải quan,"V/v Mua, bán hàng hóa với doanh nghiệp chế xuất",63324,305,16,DONG_NAI,null,null,,https://www.customs.gov.vn/index.jsp?pageId=3&id=63324&cid=1294,2011,01/2011,2026-10-08T09:45:29Z
32,5071/TCHQ-TXNK,14/01/2011,null,"<p>Kế hoạch triển khai phối hợp thu NSNN, bão lãnh thuế bằng phương thức điện tử qua hệ thống các NHTM</p>",73346,305,16,DA_NANG,admin,14/01/2011,https://files.customs.gov.vn/DA_NANG/Uploads/65e32243-11bf-4695-985d-c1563e8c13ba/1_5071.tif,https://www.customs.gov.vn/index.jsp?pageId=3&id=73346&cid=1294,2011,01/2011,2026-10-08T09:45:29Z
33,62/HQĐNa-GSQL,14/01/2011,Cục Hải Quan tỉnh Đồng Nai,Trả lời Công ty TNHH Pacorini Việt Nam v/v Đưa hàng từ kho ngoại quan vào nội địa,65936,305,18,DONG_NAI,null,null,https://files.customs.gov.vn/DONG_NAI//Data/CV_Hqdn/62_HQDNa_GSQL_14_01_2011.PDF,https://www.customs.gov.vn/index.jsp?pageId=3&id=65936&cid=1294,2011,01/2011,2026-10-08T09:45:29Z
34,TT07/2011/TT-BTC,14/01/2011,Bộ Tài chính,V/v Thông tư  hướng dẫn thực hiện mức thuế suất thuế nhập khẩu ưu đãi đối với một số mặt hàng thuộc nhóm 2710 tại Biểu thuế nhập khẩu ưu đãi,63325,305,4,DONG_NAI,null,null,,https://www.customs.gov.vn/index.jsp?pageId=3&id=63325&cid=1294,2011,01/2011,2026-10-08T09:45:29Z
35,86/QĐ-BNN-CB,13/01/2011,null,Quyết định gia hạn thời gian thực hiện quyết định số 1871/QĐ-BNN-CB ngày 05/07/2010 của Bộ nông nghiệp và phát triển nông thôn về việc quy định tạm thời thủ tục xác nhận chất lượng muối nhập khẩu.<br />,73345,305,10,DA_NANG,admin,13/01/2011,https://files.customs.gov.vn/DA_NANG/Uploads/65e32243-11bf-4695-985d-c1563e8c13ba/86-NK muoi.tif,https://www.customs.gov.vn/index.jsp?pageId=3&id=73345&cid=1294,2011,01/2011,2026-10-08T09:45:29Z
36,05/2011/TT-TTCP,10/01/2011,Chính phủ,Thông tư quy định về phòng chống tham nhũng trong ngành Thanh tra,60920,305,4,TONG_CUC,Trần Văn Truyền,01/03/2011,https://files.customs.gov.vn/BINH_DUONG/CMS/Lists/VanBanPhapQuy_VN/Attachments/3156/TT 05-2011-TTCP.pdf,https://www.customs.gov.vn/index.jsp?pageId=3&id=60920&cid=1294,2011,01/2011,2026-10-08T09:45:29Z
37,38/HQĐNa-GSQL,10/01/2011,Cục Hải Quan tỉnh Đồng Nai,Trả lời Công ty cổ phần Taekwang Vina Industrial v/v vận chuyển hàng hóa giữa Công ty và Chi nhánh ở ngoài tỉnh,65937,305,18,DONG_NAI,null,null,https://files.customs.gov.vn/DONG_NAI//Data/CV_Hqdn/38_HQDNa_GSQL_10_01_2011.PDF,https://www.customs.gov.vn/index.jsp?pageId=3&id=65937&cid=1294,2011,01/2011,2026-10-08T09:45:29Z
38,24/HQĐNa-HĐH,06/01/2011,Cục Hải Quan tỉnh Đồng Nai,Trả lời Công ty TNHH Thương Mại và Dịch vụ Giao nhận Lê Hòa v/v ghi nhãn trên bao bì đối với hàng hóa giá công,65939,305,18,DONG_NAI,null,null,https://files.customs.gov.vn/DONG_NAI//Data/CV_Hqdn/24_HQDNa_HDH_06_01_2011.PDF,https://www.customs.gov.vn/index.jsp?pageId=3&id=65939&cid=1294,2011,01/2011,2026-10-08T09:45:29Z
39,26/HQĐNa-TXNK,06/01/2011,Cục Hải Quan tỉnh Đồng Nai,Trả lời Công ty Degremont - VP điều hành nhà máy nước Nhơn Trạch v/v Đăng ký Danh mục hàng hóa nhập khẩu miễn thuế tạo TSCĐ,65938,305,18,DONG_NAI,null,null,https://files.customs.gov.vn/DONG_NAI//Data/CV_Hqdn/26_HQDNa_TXNK_06_01_2011.PDF,https://www.customs.gov.vn/index.jsp?pageId=3&id=65938&cid=1294,2011,01/2011,2026-10-08T09:45:29Z
40,04/HQĐNa-GSQL,04/01/2011,Cục Hải Quan tỉnh Đồng Nai,Trả lời Công ty TNHH Pacorini Việt Nam v/v hàng hóa chuyển quyền sở hữu trong kho ngoại quan,65177,305,18,DONG_NAI,null,null,https://files.customs.gov.vn/DONG_NAI//Data/CV_Hqdn/04_HQDNa_GSQL_04_01_2011.PDF,https://www.customs.gov.vn/index.jsp?pageId=3&id=65177&cid=1294,2011,01/2011,2026-10-08T09:45:29Z
41,101/2011/NĐ-CP,04/01/2011,null,"<p><span style=""font-family: Tahoma;""><font size=""2"">Nghị định Quy định chi tiết thi hành Nghị quyết số 08/2011/QH13 của Quốc hội về  ban hành bổ sung một số giải pháp về thuế nhằm tháo gỡ khó khăn cho doanh nghiệp  và cá nhân</font></span></p>",73344,305,8,DA_NANG,admin,04/01/2011,https://files.customs.gov.vn/DA_NANG/Uploads/65e32243-11bf-4695-985d-c1563e8c13ba/QD101- thao go kho khan theo NQ11.tif,https://www.customs.gov.vn/index.jsp?pageId=3&id=73344&cid=1294,2011,01/2011,2026-10-08T09:45:29Z
42,222/HQĐNa-TXNK,28/02/2011,Cục Hải Quan tỉnh Đồng Nai,Trả lời Công ty TNHH Chang Dae Vina v/v Đăng ký danh mục hàng hóa nhập khẩu miễn thuế tạo TSCĐ,65922,305,18,DONG_NAI,null,null,https://files.customs.gov.vn/DONG_NAI//Data/CV_Hqdn/222_HQDNa_TXNK_28_02_2011.PDF,https://www.customs.gov.vn/index.jsp?pageId=3&id=65922&cid=1294,2011,02/2011,2026-10-08T09:45:29Z
43,223/HQĐNa-GSQL,28/02/2011,Cục Hải Quan tỉnh Đồng Nai,"Trả lời Công ty TNHH Shiseido Việt Nam v/v xin hủy phế phẩm, bùn thải của DNCX",65921,305,18,DONG_NAI,null,null,https://files.customs.gov.vn/DONG_NAI//Data/CV_Hqdn/223_HQDNa_GSQL_28_02_2011.PDF,https://www.customs.gov.vn/index.jsp?pageId=3&id=65921&cid=1294,2011,02/2011,2026-10-08T09:45:29Z
44,224/HQĐNa-GSQL,28/02/2011,Cục Hải Quan tỉnh Đồng Nai,"Trả lời Công ty TNHH Olympus Việt Nam v/v tiêu hủy phế phẩm, bùn thải của DNCX",65919,305,18,DONG_NAI,null,null,https://files.customs.gov.vn/DONG_NAI//Data/CV_Hqdn/224_HQDNa_GSQL_28_02_2011.PDF,https://www.customs.gov.vn/index.jsp?pageId=3&id=65919&cid=1294,2011,02/2011,2026-10-08T09:45:29Z
45,04/QĐ-HQĐNa,25/02/2011,Cục Hải Quan tỉnh Đồng Nai,"V/v công nhận địa điểm kiểm tra hàng hóa xuất khẩu, nhập khẩu tại nơi sản xuất",65923,305,10,DONG_NAI,null,null,https://files.customs.gov.vn/DONG_NAI//Data/CV_Hqdn/04_QD_HQDNa_25_02_2011.PDF,https://www.customs.gov.vn/index.jsp?pageId=3&id=65923&cid=1294,2011,02/2011,2026-10-08T09:45:29Z
46,CV12/2011/QĐ-TTg(hếthiệulựctheoNĐsố111/2015/NĐ-CPngày03/11/2015),24/02/2011,Chính phủ,V/v Chính sách phát triển một số ngành công nghiệp hỗ trợ,63298,305,16,DONG_NAI,null,null,https://files.customs.gov.vn/DONG_NAI//Data/CV_nganh_khac/12_2011_QD_TTg.pdf,https://www.customs.gov.vn/index.jsp?pageId=3&id=63298&cid=1294,2011,02/2011,2026-10-08T09:45:29Z
47,193/HQĐNa-TXNK,23/02/2011,Cục Hải Quan tỉnh Đồng Nai,Trả lời Công ty TNHH Posco VSTv/v Đăng ký danh mục hàng hóa nhập khẩu miễn thuế tạo TSCĐ,65924,305,18,DONG_NAI,null,null,https://files.customs.gov.vn/DONG_NAI//Data/CV_Hqdn/193_HQDNa_TXNK_23_02_2011.PDF,https://www.customs.gov.vn/index.jsp?pageId=3&id=65924&cid=1294,2011,02/2011,2026-10-08T09:45:29Z
48,24/2011/TT-BTC ngày 23/01/2011,23/02/2011,null,"<p><span style=""font-family: Times New Roman;""><span style=""font-size: small;"">Thông tư hướng dẫn thực hiện mức thuế suất thuế nhập ưu đãi đối với một số mặt hàng thuộc nhóm 2710 tại biểu thuế nhập khẩu ưu đãi<br />",73358,305,4,DA_NANG,admin,23/02/2011,https://files.customs.gov.vn/DA_NANG/Uploads/65e32243-11bf-4695-985d-c1563e8c13ba/24.tif,https://www.customs.gov.vn/index.jsp?pageId=3&id=73358&cid=1294,2011,02/2011,2026-10-08T09:45:29Z
49,TT24/2011/TT-BTC,23/02/2011,Bộ Tài chính,V/v Hướng dẫn thực hiện mức thuế suất thuế nhập khẩu ưu đãi đối với một số mặt hàng thuộc nhóm 2710 tại Biểu thuế nhập khẩu ưu đãi,63299,305,4,DONG_NAI,null,24/02/2011,,https://www.customs.gov.vn/index.jsp?pageId=3&id=63299&cid=1294,2011,02/2011,2026-10-08T09:45:29Z
50,03/2011/TT-BGTVT,22/02/2011,Bộ Giao thông vận tải,V/v Quy định về kiểm tra chất lượng an toàn kỹ thuật và bảo vệ môi trường xe cơ giới nhập khẩu,66329,305,4,DONG_NAI,null,null,,https://www.customs.gov.vn/index.jsp?pageId=3&id=66329&cid=1294,2011,02/2011,2026-10-08T09:45:29Z
51,CV722/TCHQ-GSQL,22/02/2011,Tổng cục hải quan,V/v Thực hiện Thông tư số 194/2010/TT-BTC,63301,305,16,DONG_NAI,null,null,,https://www.customs.gov.vn/index.jsp?pageId=3&id=63301&cid=1294,2011,02/2011,2026-10-08T09:45:29Z
52,NĐ17/2011/NĐ-CP,22/02/2011,Chính phủ,"V/v Bổ sung, sửa tên chất, tên khoa học đối với một số chất thuộc Danh mục các chất ma túy và tiền chất ban hành kèm theo Nghị định số 67/2001/NĐ-CP ngày 01 tháng 10 năm 2001 của Chính phủ và Nghị định số 163/2007/NĐ-CP ngày 12 tháng 11 năm 2007 của Chính phủ sửa đồi, bổ sung Nghị định số 67/2001/NĐ-CP ngày 01 tháng 10 năm 2001",63300,305,8,DONG_NAI,null,10/04/2011,https://files.customs.gov.vn/DONG_NAI//Data/Nghi_dinh/17_2011_ND_CP_22_02_2011.pdf,https://www.customs.gov.vn/index.jsp?pageId=3&id=63300&cid=1294,2011,02/2011,2026-10-08T09:45:29Z
53,TT20/2011/TT-BTC,17/02/2011,Bộ Tài chính,V/v Quy định mức thuế suất thuế xuất khẩu mặt hàng phốt pho vàng thuộc mã 2804.70.00.00 trong Biểu thuế xuất khẩu,63302,305,4,DONG_NAI,null,02/04/2011,,https://www.customs.gov.vn/index.jsp?pageId=3&id=63302&cid=1294,2011,02/2011,2026-10-08T09:45:29Z
54,14/2011/NÐ-CP,16/02/2011,Chính phủ,Quy định về điều kiện đăng ký và hoạt động của đại lý làm thủ tục hải quan,52295,305,8,TP_HO_CHI_MINH,Nguyễn Tấn Dũng,01/04/2011,https://files.customs.gov.vn/CustomsCMS/TP_HO_CHI_MINH/2020/Web/Data/DocumentAttachments/14_2011_ND-CP-QUY_DINH_VE_DIEU_KIEN_DANG_KY_VA_HOAT_DONG_CUA_DAI_LY_LAM_THU_TUC_HAI_QUAN.doc,https://www.customs.gov.vn/index.jsp?pageId=3&id=52295&cid=1294,2011,02/2011,2026-10-08T09:45:29Z
55,14/2011/NĐ-CP,16/02/2011,null,Nghị định quy định về điều kiện đăng ký và hoạt động của đại lý thủ tục hải quan<br />,73355,305,8,DA_NANG,admin,16/02/2011,https://files.customs.gov.vn/DA_NANG/Uploads/65e32243-11bf-4695-985d-c1563e8c13ba/14-ND.tif,https://www.customs.gov.vn/index.jsp?pageId=3&id=73355&cid=1294,2011,02/2011,2026-10-08T09:45:29Z
56,162/HQĐNa-GSQL,16/02/2011,Cục Hải Quan tỉnh Đồng Nai,Trả lời Công ty Fujitsu Việt Nam v/v Miễn nộp hợp đồng mua bán chi tiết trên tờ khai xuất khẩu,65925,305,18,DONG_NAI,null,null,https://files.customs.gov.vn/DONG_NAI//Data/CV_Hqdn/162_HQDNa_GSQL_16_02_2011.PDF,https://www.customs.gov.vn/index.jsp?pageId=3&id=65925&cid=1294,2011,02/2011,2026-10-08T09:45:29Z
57,NĐ14/2011/NĐ-CP,16/02/2011,Chính phủ,V/v Quy định về điều kiện đăng ký và hoạt động của đại lý làm thủ tục hải quan,63303,305,8,DONG_NAI,null,01/04/2011,https://files.customs.gov.vn/DONG_NAI//Data/Nghi_dinh/14_2011_ND_CP_16_02_2011.pdf,https://www.customs.gov.vn/index.jsp?pageId=3&id=63303&cid=1294,2011,02/2011,2026-10-08T09:45:29Z
58,160/HQĐNa-TXNK,15/02/2011,Cục Hải Quan tỉnh Đồng Nai,Trả lời Công ty TNHH Mercafe Việt Nam v/v Ưu đãi thuế nhập khẩu,65926,305,18,DONG_NAI,null,null,https://files.customs.gov.vn/DONG_NAI//Data/CV_Hqdn/160_HQDNa_TXNK_15_02_2011.PDF,https://www.customs.gov.vn/index.jsp?pageId=3&id=65926&cid=1294,2011,02/2011,2026-10-08T09:45:29Z
59,22/2010/TT-BKHCN,12/02/2011,null,"Thông tư 22/2010/TT-BKHCN của Bộ Khoa học và Công nghệ quy định về việc cấp và kiểm tra Giấy chứng nhận lưu hành tự do đối với sản phẩm, hàng hóa xuất khẩu và nhập khẩu thuộc trách nhiệm quản lý của Bộ Khoa học và Công nghệ",61829,305,4,QUANG_NGAI,Nguyễn Quân,01/01/1900,https://files.customs.gov.vn/QUANG_NGAI/22_2010_TT-BKHCN_29122010.PDF,https://www.customs.gov.vn/index.jsp?pageId=3&id=61829&cid=1294,2011,02/2011,2026-10-08T09:45:29Z
60,CV588/TCHQ-GSQL,10/02/2011,Tổng cục hải quan,V/v Thanh khoản các tờ khai xuất kinh doanh đăng ký sai loại hình,63304,305,16,DONG_NAI,null,null,,https://www.customs.gov.vn/index.jsp?pageId=3&id=63304&cid=1294,2011,02/2011,2026-10-08T09:45:29Z
61,1728/BTC-CST ngày 09/2/2011,09/02/2011,null,"Thuế nhập khẩu ưu đãi đổi vói xe đông lạnh loại đã qua sử dụng, có tổng trọng lược có tổng trọng lược có tải không quá 5 tấn<br />
</font></strong></p>",73353,305,16,DA_NANG,admin,09/02/2011,https://files.customs.gov.vn/DA_NANG/Uploads/65e32243-11bf-4695-985d-c1563e8c13ba/1728.tif,https://www.customs.gov.vn/index.jsp?pageId=3&id=73353&cid=1294,2011,02/2011,2026-10-08T09:45:29Z
62,251/QĐ-BTC ngày 09/2/2011,09/02/2011,null,"Quyết định về việc đính chính Thông tư 20/2010/TT-BTC ngày 15/12/2010 của Bộ Tài chính hướng dẫn Nghị Định số 40/2007/NĐ-CP ngày 16/3/2007 của Chính phủ qui định về việc xác định trị giá hải quan đối với hàng hoá xuất khẩu, nhập khẩu.",73354,305,10,DA_NANG,admin,09/02/2011,https://files.customs.gov.vn/DA_NANG/Uploads/65e32243-11bf-4695-985d-c1563e8c13ba/251.tif,https://www.customs.gov.vn/index.jsp?pageId=3&id=73354&cid=1294,2011,02/2011,2026-10-08T09:45:29Z
63,QĐ225/QĐ-TCHQ,09/02/2011,Tổng cục hải quan,V/v Ban hành tuyên ngôn phục vụ khách hàng,63307,305,10,DONG_NAI,null,null,https://files.customs.gov.vn/DONG_NAI//Data/CV_TCHQ/225_QD_TCHQ_09_02_2011.pdf,https://www.customs.gov.vn/index.jsp?pageId=3&id=63307&cid=1294,2011,02/2011,2026-10-08T09:45:29Z
64,QĐ251/QĐ-BTC,09/02/2011,Bộ Tài chính,"V/v Đính chính Thông tư số 205/2010/TT-BTC ngày 15/12/2010 của Bộ Tài chính hướng dẫn Nghị định số 40/2007/NĐ-CP ngày 16/3/2007 của Chính phủ quy định về việc xác định trị giá hải quan đối với hàng hoá xuất khẩu, nhập khẩu",63306,305,10,DONG_NAI,null,null,,https://www.customs.gov.vn/index.jsp?pageId=3&id=63306&cid=1294,2011,02/2011,2026-10-08T09:45:29Z
65,TT16/2011/TT-BTC,09/02/2011,Bộ Tài chính,"V/v Sửa đổi, bổ sung Thông tư số 61/2006/TT-BTC ngày 29/6/2006 của Bộ Tài chính hướng dẫn chính sách thuế đối với hàng nông sản chưa qua chế biến do phía Việt Nam hỗ trợ đầu tư, trồng tại Campuchia nhập khẩu về nước",63305,305,4,DONG_NAI,null,null,,https://www.customs.gov.vn/index.jsp?pageId=3&id=63305&cid=1294,2011,02/2011,2026-10-08T09:45:29Z
66,15/2011/TT-BCT,30/03/2011,null,"Thông tư quy định thủ tục đăng ký danh mục hàng nhập khẩu, hàng tạm nhập tái xuất, hàng thanh lý của nhà thầu nước ngoài trong lĩnh vực xây dựng tại Việt Nam<br />",73375,305,4,DA_NANG,admin,30/03/2011,https://files.customs.gov.vn/DA_NANG/Uploads/65e32243-11bf-4695-985d-c1563e8c13ba/TT15-XD danhmuc hang TNTX.tif,https://www.customs.gov.vn/index.jsp?pageId=3&id=73375&cid=1294,2011,03/2011,2026-10-08T09:45:29Z
67,TT15/2011/TT-BCT(Bãibỏbởithôngtưsố53/2015/TT-BCTngày30/12/2015),30/03/2011,Bộ Công thương,"Thông tư qui định thủ tục đăng ký danh mục hàng nhập khẩu, hàng tạm nhập tái xuất, hàng thanh lý của  nhà thầu nước ngoài trong lĩnh vực xây dựng tại Việt Nam",63289,305,4,DONG_NAI,null,null,https://files.customs.gov.vn/DONG_NAI//Data/CV_BCT/15_2011_TT_BTC.pdf,https://www.customs.gov.vn/index.jsp?pageId=3&id=63289&cid=1294,2011,03/2011,2026-10-08T09:45:29Z
68,21/2011/NÐ-CP,29/03/2011,Chính phủ,Quy định chi tiết và biện pháp thi hành Luật Sử dụng năng lượng tiết kiệm và hiệu quả,55516,305,8,TP_HO_CHI_MINH,Nguyễn Tấn Dũng,15/05/2011,https://files.customs.gov.vn/CustomsCMS/TP_HO_CHI_MINH/2020/Web/Data/DocumentAttachments/21_2011_ND_CP_Quy_dinh_chi_tiet_va_bien_phap_thi_hanh_Luat_Su_dung_nang_luong_tiet_kiem_va_hieu_qua.doc,https://www.customs.gov.vn/index.jsp?pageId=3&id=55516&cid=1294,2011,03/2011,2026-10-08T09:45:29Z
69,65/2011/QH12,29/03/2011,Quốc hội,Bộ Luật tố tụng dân sự sửa đổi 2011,61210,305,13,TONG_CUC,Nguyễn Phú Trọng,01/01/2012,,https://www.customs.gov.vn/index.jsp?pageId=3&id=61210&cid=1294,2011,03/2011,2026-10-08T09:45:29Z
70,66/2011/QH12,29/03/2011,Quốc hội,"Luật Phòng, chống mua bán người 2011",61211,305,13,TONG_CUC,Nguyễn Phú Trọng,01/01/2012,,https://www.customs.gov.vn/index.jsp?pageId=3&id=61211&cid=1294,2011,03/2011,2026-10-08T09:45:29Z
71,67/2011/QH12,29/03/2011,Quốc hội,Luật kiểm toán độc lập,56203,305,13,TP_HO_CHI_MINH,Nguyễn Phú Trọng,01/01/2012,https://files.customs.gov.vn/CustomsCMS/TP_HO_CHI_MINH/2020/Web/Data/DocumentAttachments/67_2011_QH12_122184.doc,https://www.customs.gov.vn/index.jsp?pageId=3&id=56203&cid=1294,2011,03/2011,2026-10-08T09:45:29Z
72,QĐ1380/QD/BTC,25/03/2011,Bộ Tài chính,V/v Ban hành danh mục các mặt hàng không khuyến khích nhập khẩu,63290,305,10,DONG_NAI,null,null,https://files.customs.gov.vn/DONG_NAI//Data/CV_BTM/1380_QD_BTC.pdf,https://www.customs.gov.vn/index.jsp?pageId=3&id=63290&cid=1294,2011,03/2011,2026-10-08T09:45:29Z
73,1262/TCHQ-GSQL,24/03/2011,null,Công văn số 1262/TCHQ-GSQL của Tổng cục Hải quan về việc nhập khẩu hàng hoá từ kho ngoại quan,43022,305,18,QUANG_BINH,null,null,https://files.customs.gov.vn/CustomsCMS/QUANG_BINH/2021/04/images/stories/files/CV126211TCHQGSQL.doc,https://www.customs.gov.vn/index.jsp?pageId=3&id=43022&cid=1294,2011,03/2011,2026-10-08T09:45:29Z
74,07/2011/TT-BCT,24/03/2011,Bộ Công thương,Thông tư quy định danh mục hàng tiêu dùng để phục vụ việc xác định thời hạn nộp thuế nhập khẩu,58891,305,4,TP_HO_CHI_MINH,Nguyễn Thành Biên,09/05/2011,https://files.customs.gov.vn/CustomsCMS/TP_HO_CHI_MINH/2020/Web/Data/DocumentAttachments/07_2011_TT-BCT_120816.doc,https://www.customs.gov.vn/index.jsp?pageId=3&id=58891&cid=1294,2011,03/2011,2026-10-08T09:45:29Z
75,41/2011/TT-BTC,24/03/2011,null,"Thông tư sửa đổi, bổ sung thông tư 193/2010/TT-BTC ngày 02/12/2010 quy định chế độ thu, nộp, quản lý và sử dụng phí thẩm định điều kiện về an ninh trật tự; phí sát hạch cấp chứng chỉ nghiệp vụ bảo vệ; lệ phí cấp giấy chứng nhận đã đăng ký mấu dấu; lệ phí cấp giấy phép mang pháo hoa vào, ra Việt Nam; lệ phí cấp giấy phép quản lý vũ khí, vật liệu nổ công cụ hỗ trợ<br />",73372,305,4,DA_NANG,admin,24/03/2011,https://files.customs.gov.vn/DA_NANG/Uploads/65e32243-11bf-4695-985d-c1563e8c13ba/41-TT-sua doi TT193 ve phi.tif,https://www.customs.gov.vn/index.jsp?pageId=3&id=73372&cid=1294,2011,03/2011,2026-10-08T09:45:29Z
76,CV84/GSQLTH,24/03/2011,Khác,V/v cấp C/O mẫu D cho hàng nhập khẩu từ DNCX,63291,305,16,DONG_NAI,null,null,https://files.customs.gov.vn/DONG_NAI//Data/CV_2011_NN/84_gsql_th_24_03_2011.pdf,https://www.customs.gov.vn/index.jsp?pageId=3&id=63291&cid=1294,2011,03/2011,2026-10-08T09:45:29Z
77,19/2011/QÐ-TTG,23/03/2011,Thủ tướng Chính phủ,"Về việc thí điểm thực hiện tiếp nhận bản khai hàng hóa, các chứng từ có liên quan và thông quan điện tử đối với tàu biển nhập cảnh, xuất cảnh",55707,305,10,TP_HO_CHI_MINH,Nguyễn Tấn Dũng,15/05/2011,https://files.customs.gov.vn/CustomsCMS/TP_HO_CHI_MINH/2020/Web/Data/DocumentAttachments/19_2011_QD-TTG_Thi_diem_E-Manifest.doc,https://www.customs.gov.vn/index.jsp?pageId=3&id=55707&cid=1294,2011,03/2011,2026-10-08T09:45:29Z
78,349/HQĐNa-TXNK,22/03/2011,Cục Hải Quan tỉnh Đồng Nai,Điều chỉnh Danh mục hàng hóa nhập khẩu miễn thuế tạo TSCĐ (Công ty TNHH Sang Gee Roll Việt Nam),65905,305,16,DONG_NAI,null,null,https://files.customs.gov.vn/DONG_NAI//Data/CV_Hqdn/349_HQDNa_TXNK_22_03_2011.PDF,https://www.customs.gov.vn/index.jsp?pageId=3&id=65905&cid=1294,2011,03/2011,2026-10-08T09:45:29Z
79,352/HQĐNa-TXNK,22/03/2011,Cục Hải Quan tỉnh Đồng Nai,Điều chỉnh Danh mục hàng hóa nhập khẩu miễn thuế tạo TSCĐ,65904,305,16,DONG_NAI,null,null,https://files.customs.gov.vn/DONG_NAI//Data/CV_Hqdn/352_HQDNa_TXNK_22_03_2011.PDF,https://www.customs.gov.vn/index.jsp?pageId=3&id=65904&cid=1294,2011,03/2011,2026-10-08T09:45:29Z
80,355/HQĐNa-GSQL,22/03/2011,Cục Hải Quan tỉnh Đồng Nai,Xin được sử dụng hóa đơn xuất khẩu cho các tờ khai tại chỗ đã hoàn thành thủ tục nhập khẩu,65903,305,16,DONG_NAI,null,null,https://files.customs.gov.vn/DONG_NAI//Data/CV_Hqdn/355_HQDNa_GSQL_22_03_2011.PDF,https://www.customs.gov.vn/index.jsp?pageId=3&id=65903&cid=1294,2011,03/2011,2026-10-08T09:45:29Z
81,95/QĐ-HQĐNg ngày 22/03/2011,22/03/2011,null,"<p>QĐ về việc ban hành Quy chế kiểm tra, phân loại đối tượng, tham vấn, xác định trị giá, phối hợp và thu thập thông tin, cập nhật, tra cứu dữ liệu giá đối với hàng hoá xuất khẩu, nhập khẩu.</p>",73370,305,10,DA_NANG,admin,22/03/2011,https://files.customs.gov.vn/DA_NANG/Uploads/65e32243-11bf-4695-985d-c1563e8c13ba/2_01-BYT.TIF,https://www.customs.gov.vn/index.jsp?pageId=3&id=73370&cid=1294,2011,03/2011,2026-10-08T09:45:29Z
82,1169/TCHQ-GSQL,21/03/2011,null,"Công văn số 1169/TCHQ-GSQL của Tổng cục Hải quan về việc quyền kinh doanh XK,NK",42666,305,18,QUANG_BINH,null,null,https://files.customs.gov.vn/CustomsCMS/QUANG_BINH/2021/04/images/stories/files/CV116911TCHQGSQL.doc,https://www.customs.gov.vn/index.jsp?pageId=3&id=42666&cid=1294,2011,03/2011,2026-10-08T09:45:29Z
83,06/2011/TT-BCT,21/03/2011,null,Thông tư quy định thủ tục cấp giấy chứng nhận xuất xứ hàng hóa ưu đãi<br />,73369,305,4,DA_NANG,admin,21/03/2011,https://files.customs.gov.vn/DA_NANG/Uploads/65e32243-11bf-4695-985d-c1563e8c13ba/06-cap CO hieu luc 04-5-2011.tif,https://www.customs.gov.vn/index.jsp?pageId=3&id=73369&cid=1294,2011,03/2011,2026-10-08T09:45:29Z
84,TT06/2011/TT-BCT,21/03/2011,Bộ Công thương,Thông tư qui định thủ tục cấp giấy chứng nhận xuất xứ hàng hoá ưu đãi,63292,305,4,DONG_NAI,null,null,https://files.customs.gov.vn/DONG_NAI//Data/CV_2011_NN/6_2011_TT_BTC_29_03_2011.pdf,https://www.customs.gov.vn/index.jsp?pageId=3&id=63292&cid=1294,2011,03/2011,2026-10-08T09:45:29Z
85,322/HQĐNa-TXNK,18/03/2011,Cục Hải Quan tỉnh Đồng Nai,Đăng ký Danh mục hàng hóa nhập khẩu miễn thuế tạo TSCĐ,65906,305,16,DONG_NAI,null,null,https://files.customs.gov.vn/DONG_NAI//Data/CV_Hqdn/322_HQDNa_TXNK_18_03_2011.PDF,https://www.customs.gov.vn/index.jsp?pageId=3&id=65906&cid=1294,2011,03/2011,2026-10-08T09:45:29Z
86,CV1166/TCHQ/GSQL,18/03/2011,Tổng cục hải quan,Trả lời công văn số 251NAGESE-CV ngày 25/01/2011 của công ty TNHH NAGASE Việt Nam,63293,305,16,DONG_NAI,null,null,https://files.customs.gov.vn/DONG_NAI//Data/CV_2011_NN/1166_TCHQ_GSQL.pdf,https://www.customs.gov.vn/index.jsp?pageId=3&id=63293&cid=1294,2011,03/2011,2026-10-08T09:45:29Z
87,02/2011/TT-BKHCN,16/03/2011,null,"Thông tư hướng dẫn thực hiện kiểm soát vật liệu hạt nhân, vật liệu hạt nhân nguồn<br />",73368,305,4,DA_NANG,admin,16/03/2011,https://files.customs.gov.vn/DA_NANG/Uploads/65e32243-11bf-4695-985d-c1563e8c13ba/02-vat lieu hat nhan KHCN.tif,https://www.customs.gov.vn/index.jsp?pageId=3&id=73368&cid=1294,2011,03/2011,2026-10-08T09:45:29Z
88,13/2011/TT-BNNPTNT,16/03/2011,Bộ nông nghiệp và phát triển nông thôn,Thông tư hướng dẫn việc kiểm tra an toàn thực phẩm hàng hóa có nguồn gốc thực vật nhập khẩu,57911,305,4,TP_HO_CHI_MINH,Cao Đức Phát,01/07/2011,https://files.customs.gov.vn/CustomsCMS/TP_HO_CHI_MINH/2020/Web/Data/DocumentAttachments/13_2011_TT-BNNPTNT_120613.doc,https://www.customs.gov.vn/index.jsp?pageId=3&id=57911&cid=1294,2011,03/2011,2026-10-08T09:45:29Z
89,308/HQĐNa-TXNK,16/03/2011,Cục Hải Quan tỉnh Đồng Nai,Đăng ký Danh mục hàng hóa nhập khẩu miễn thuế tạo TSCĐ,65909,305,16,DONG_NAI,null,null,https://files.customs.gov.vn/DONG_NAI//Data/CV_Hqdn/308_HQDNa_TXNK_16_03_2011.PDF,https://www.customs.gov.vn/index.jsp?pageId=3&id=65909&cid=1294,2011,03/2011,2026-10-08T09:45:29Z
90,312/HQĐNa-TXNK,16/03/2011,Cục Hải Quan tỉnh Đồng Nai,Đăng ký Danh mục hàng hóa nhập khẩu miễn thuế tạo TSCĐ,65908,305,16,DONG_NAI,null,null,https://files.customs.gov.vn/DONG_NAI//Data/CV_Hqdn/312_HQDNa_TXNK_16_03_2011.PDF,https://www.customs.gov.vn/index.jsp?pageId=3&id=65908&cid=1294,2011,03/2011,2026-10-08T09:45:29Z
91,313/HQĐNa-TXNK,16/03/2011,Cục Hải Quan tỉnh Đồng Nai,Đăng ký Danh mục hàng hóa nhập khẩu miễn thuế tạo TSCĐ,65907,305,16,DONG_NAI,null,null,https://files.customs.gov.vn/DONG_NAI//Data/CV_Hqdn/313_HQDNa_TXNK_16_03_2011.PDF,https://www.customs.gov.vn/index.jsp?pageId=3&id=65907&cid=1294,2011,03/2011,2026-10-08T09:45:29Z
92,36/2011/TT-BTC,16/03/2011,null,"Thông tư quy định thủ tục hải quan đối với hàng hóa xuất khẩu, nhập khẩu quá cảnh gửi qua dịch vụ chuyển phát nhanh đường bộ<br />",73367,305,4,DA_NANG,admin,16/03/2011,https://files.customs.gov.vn/DA_NANG/Uploads/65e32243-11bf-4695-985d-c1563e8c13ba/TT36-CPN duong bo.tif,https://www.customs.gov.vn/index.jsp?pageId=3&id=73367&cid=1294,2011,03/2011,2026-10-08T09:45:29Z
93,TT02/2011/TT-BKHCN,16/03/2011,Bộ Khoa Học Công Nghệ,"Thông tư hướng dẫn kiểm soát vật liệu hạt nhân, vật liệu hạt nhân nguồn",63294,305,4,DONG_NAI,null,null,https://files.customs.gov.vn/DONG_NAI//Data/CV_2011_NN/02_2011_TT_BKHCN.pdf,https://www.customs.gov.vn/index.jsp?pageId=3&id=63294&cid=1294,2011,03/2011,2026-10-08T09:45:29Z
94,TT36/2011/TT/BTC,16/03/2011,Bộ Tài chính,"Thông tư qui địng thủ tục Hải quan đối với hàng hoá xuất, nhập khẩu quá cảnh gửi qua dịch vụ chuyển phát nhanh đường bộ",63295,305,4,DONG_NAI,null,null,https://files.customs.gov.vn/DONG_NAI//Data/CV_2011_NN/36_2011_TT_BTC_16_03_2011.pdf,https://www.customs.gov.vn/index.jsp?pageId=3&id=63295&cid=1294,2011,03/2011,2026-10-08T09:45:29Z
95,306/HQĐNa-GSQL,15/03/2011,Cục Hải Quan tỉnh Đồng Nai,Thực hiện  quy định về nộp C/O,65910,305,16,DONG_NAI,null,null,https://files.customs.gov.vn/DONG_NAI//Data/CV_Hqdn/306_hqdnA_gsql_15_03_2011.PDF,https://www.customs.gov.vn/index.jsp?pageId=3&id=65910&cid=1294,2011,03/2011,2026-10-08T09:45:29Z
96,296/HQĐNa-GSQL,14/03/2011,Cục Hải Quan tỉnh Đồng Nai,Chuyển hàng hóa từ kho CFS này sang kho CFS khác,65911,305,18,DONG_NAI,null,null,https://files.customs.gov.vn/DONG_NAI//Data/CV_Hqdn/296_HQDNa_GSQL_14_03_2011.PDF,https://www.customs.gov.vn/index.jsp?pageId=3&id=65911&cid=1294,2011,03/2011,2026-10-08T09:45:29Z
97,CL3.2-2011,11/03/2011,null,Chính sách chất lượng của Cục Hải quan TP Đà Nẵng,73362,305,18,DA_NANG,Khác,11/03/2011,,https://www.customs.gov.vn/index.jsp?pageId=3&id=73362&cid=1294,2011,03/2011,2026-10-08T09:45:29Z
98,283/HQĐNa-TXNK,09/03/2011,Cục Hải Quan tỉnh Đồng Nai,Trả lời Công ty Dragon Logistics v/v Khai báo tỷ giá tính thuế,65912,305,18,DONG_NAI,null,null,https://files.customs.gov.vn/DONG_NAI//Data/CV_Hqdn/283_HQDNa_TXNK_09_03_2011.PDF,https://www.customs.gov.vn/index.jsp?pageId=3&id=65912&cid=1294,2011,03/2011,2026-10-08T09:45:29Z
99,274/HQĐNa-GSQL,07/03/2011,Cục Hải Quan tỉnh Đồng Nai,Trả lời Công ty Noble Americas v/v Xin chuyển hàng hóa từ KNQ ICD Tân Cảng Long Bình đến KNQ Molenberg - Bình Dương,65913,305,18,DONG_NAI,null,null,https://files.customs.gov.vn/DONG_NAI//Data/CV_Hqdn/274_HQDNa_GSQL_07_03_2011.PDF,https://www.customs.gov.vn/index.jsp?pageId=3&id=65913&cid=1294,2011,03/2011,2026-10-08T09:45:29Z
100,249/HQĐNa-GSQL,03/03/2011,Cục Hải Quan tỉnh Đồng Nai,Trả lời Công ty TNHH Pacorini Việt Nam v/v chuyển hàng hóa từ KNQ ICD Biên Hòa đến KNQ ICD Tân Cảng Long Bình,65914,305,18,DONG_NAI,null,null,https://files.customs.gov.vn/DONG_NAI//Data/CV_Hqdn/249_HQDNa_GSQL_03_03_2011.PDF,https://www.customs.gov.vn/index.jsp?pageId=3&id=65914&cid=1294,2011,03/2011,2026-10-08T09:45:29Z
101,CV914/TCHQ-GSQL,03/03/2011,Tổng cục hải quan,V/v Trả lời Công ty TNHH Quốc tế UNILEVER Việt Nam v/v Thủ tục nhập khẩu muối,63296,305,16,DONG_NAI,null,null,,https://www.customs.gov.vn/index.jsp?pageId=3&id=63296&cid=1294,2011,03/2011,2026-10-08T09:45:29Z
102,5881/TCHQ-TCCB,02/03/2011,null,"Về việc điều chỉnh, bổ sung số điện thoại đường dây nóng, hộp thư điện tử",67202,305,18,CAN_THO,null,02/02/2011,https://files.customs.gov.vn/CAN_THO/01_Thuc_hien_chi_thi_32_Thu_tuong_Chinh_phu.doc,https://www.customs.gov.vn/index.jsp?pageId=3&id=67202&cid=1294,2011,03/2011,2026-10-08T09:45:29Z
103,227/HQĐNa-LT,01/03/2011,Cục Hải Quan tỉnh Đồng Nai,V/v Thông báo mất tờ khai hải quan (Công ty TNHH Super Gas),65918,305,18,DONG_NAI,null,null,https://files.customs.gov.vn/DONG_NAI//Data/CV_Hqdn/227_HQDNa_LT_01_03_2011.PDF,https://www.customs.gov.vn/index.jsp?pageId=3&id=65918&cid=1294,2011,03/2011,2026-10-08T09:45:29Z
104,229/HQĐNa-TXNK,01/03/2011,Cục Hải Quan tỉnh Đồng Nai,Trả lời Tổng Công ty Điện lực dầu khí Việt Nam v/v đăng ký danh mục hàng hóa nhập khẩu miễn thuế,65917,305,18,DONG_NAI,null,null,https://files.customs.gov.vn/DONG_NAI//Data/CV_Hqdn/229_HQDNa_TXNK_01_03_2011.PDF,https://www.customs.gov.vn/index.jsp?pageId=3&id=65917&cid=1294,2011,03/2011,2026-10-08T09:45:29Z
105,230/HQĐNa-TXNK,01/03/2011,Cục Hải Quan tỉnh Đồng Nai,Trả lời Công ty TNHH Emivest Việt Nam v/v bổ sung máy móc thiết bị để thực hiện dự án,65916,305,18,DONG_NAI,null,null,https://files.customs.gov.vn/DONG_NAI//Data/CV_Hqdn/230_HQDNa_TXNK_01_03_2011.PDF,https://www.customs.gov.vn/index.jsp?pageId=3&id=65916&cid=1294,2011,03/2011,2026-10-08T09:45:29Z
106,235/HQĐNa-HĐH,01/03/2011,Cục Hải Quan tỉnh Đồng Nai,Trả lời Trả lời Công ty TNHH Đồng Quốc Hưng về vấn đề thuế khi nhập khẩu nguyên liệu để sản xuất hàng xuất khẩu,65915,305,18,DONG_NAI,null,null,https://files.customs.gov.vn/DONG_NAI//Data/CV_Hqdn/235_HQDNa_HDH_01_03_2011.PDF,https://www.customs.gov.vn/index.jsp?pageId=3&id=65915&cid=1294,2011,03/2011,2026-10-08T09:45:29Z
107,29/2011/TT-BTC ngày 01/3/2011,01/03/2011,null,"Thông tư điều chỉnh mức thuế suất nhập khẩu ưu đãi đối với mặt hàng đường thuộc nhóm 17.01 tại biểu thuế nhập khẩu ưu đãi</span></span><strong><font size=""2"" color=""#0000ff""><br />
</font></strong></p>",73359,305,4,DA_NANG,admin,01/03/2011,https://files.customs.gov.vn/DA_NANG/Uploads/65e32243-11bf-4695-985d-c1563e8c13ba/29.tif,https://www.customs.gov.vn/index.jsp?pageId=3&id=73359&cid=1294,2011,03/2011,2026-10-08T09:45:29Z
108,TT 194/2010/TT-BTC,01/03/2011,null,"<p>Hỏi đáp vướng mắc TT 194/2010/TT-BTC Hướng dẫn về thủ tục HQ, kiểm tra, giám sát HQ, Thuế xuất khẩu, thuế nhập khẩu và quản lý thuế Đối với hàng hoá xuất khẩu, nhập khẩu</p>",73360,305,16,DA_NANG,admin,01/03/2011,https://files.customs.gov.vn/DA_NANG/Uploads/65e32243-11bf-4695-985d-c1563e8c13ba/01-BYT(1).TIF,https://www.customs.gov.vn/index.jsp?pageId=3&id=73360&cid=1294,2011,03/2011,2026-10-08T09:45:29Z
109,TT29/2011/TT-BTC,01/03/2011,Bộ Tài chính,V/v Điều chỉnh mức thuế thuế nhập khẩu ưu đãi đối với mặt hàng đường thuộc nhóm 17.01 tại Biểu thuế nhập khẩu ưu đãi,63297,305,4,DONG_NAI,null,15/04/2011,https://files.customs.gov.vn/DONG_NAI//Data/CV_BTC/29_2011_TT_BTC_01_03_2011.pdf,https://www.customs.gov.vn/index.jsp?pageId=3&id=63297&cid=1294,2011,03/2011,2026-10-08T09:45:29Z
110,55/2011/TT-BTC,29/04/2011,Bộ Tài chính,"V/v Hướng dẫn chế độ hóa đơn, chứng từ đối với hàng hóa nhập khẩu lưu thông trên thị trường",63278,305,4,DONG_NAI,null,null,https://files.customs.gov.vn/DONG_NAI//Data/CV_BTC/55_2011_TT_BTC.pdf,https://www.customs.gov.vn/index.jsp?pageId=3&id=63278&cid=1294,2011,04/2011,2026-10-08T09:45:29Z
111,CV3889/BCT-XNK,29/04/2011,Bộ Công thương,"V/v Tạm nhập tái xuất hàng hoá bảo hành, sửa chữa",63277,305,16,DONG_NAI,null,null,https://files.customs.gov.vn/DONG_NAI//Data/CV_nganh_khac/3889_BCT_XNK.pdf,https://www.customs.gov.vn/index.jsp?pageId=3&id=63277&cid=1294,2011,04/2011,2026-10-08T09:45:29Z
112,1870/TCHQ-TXNK,28/04/2011,null,"Phân loại mặt hàng Nitrat Amon<br />
</font></strong> <strong><font color=""#0000ff"" size=""2""> </font></strong></p>",73391,305,16,DA_NANG,admin,28/04/2011,https://files.customs.gov.vn/DA_NANG/Uploads/65e32243-11bf-4695-985d-c1563e8c13ba/1870.tif,https://www.customs.gov.vn/index.jsp?pageId=3&id=73391&cid=1294,2011,04/2011,2026-10-08T09:45:29Z
113,758/QĐ-TCHQ,28/04/2011,Tổng cục hải quan,"Quyết định 758/QĐ-TCHQ năm 2011 về Quy chế thu thập, cập nhật, sử dụng Cơ sở dữ liệu Danh mục hàng hóa, Biểu thuế và phân loại hàng hóa, áp dụng mức thuế đối với hàng hóa xuất khẩu, nhập khẩu",61221,305,10,TONG_CUC,Hoàng Việt Cường,01/06/2011,,https://www.customs.gov.vn/index.jsp?pageId=3&id=61221&cid=1294,2011,04/2011,2026-10-08T09:45:29Z
114,758/TCHQ/QĐ,28/04/2011,null,"Ban hành quy chế thu thập, cập nhật, sử dụng cơ sở dữ liệu danh mục hàng hóa, biểu thuế và phân loại hàng hóa, áp dụng mức thuế đối với hàng hóa xuất khẩu, nhập khẩu</font></strong> </p>",73392,305,16,DA_NANG,admin,28/04/2011,https://files.customs.gov.vn/DA_NANG/Uploads/65e32243-11bf-4695-985d-c1563e8c13ba/758.tif,https://www.customs.gov.vn/index.jsp?pageId=3&id=73392&cid=1294,2011,04/2011,2026-10-08T09:45:29Z
115,576/HQĐNa-TXNK,27/04/2011,Cục Hải Quan tỉnh Đồng Nai,V/v đăng ký Danh mục hàng hoá nhập khẩu miễn thuế tạo TSCĐ,65894,305,18,DONG_NAI,null,null,https://files.customs.gov.vn/DONG_NAI//Data/CV_Hqdn/576_HQDNa_TXNK.PDF,https://www.customs.gov.vn/index.jsp?pageId=3&id=65894&cid=1294,2011,04/2011,2026-10-08T09:45:29Z
116,577/HQĐNa-TXNK,27/04/2011,Cục Hải Quan tỉnh Đồng Nai,V/v đăng ký Danh mục hàng hoá nhập khẩu miễn thuế tạo TSCĐ,65893,305,18,DONG_NAI,null,null,https://files.customs.gov.vn/DONG_NAI//Data/CV_Hqdn/577_HQDNa_TXNK.PDF,https://www.customs.gov.vn/index.jsp?pageId=3&id=65893&cid=1294,2011,04/2011,2026-10-08T09:45:29Z
117,569/HQĐNa-HĐH,26/04/2011,Cục Hải Quan tỉnh Đồng Nai,Thông báo thủ tục hành chính thuộc thẩm quyền giải quyết của Cục HQĐN,65895,305,18,DONG_NAI,null,null,https://files.customs.gov.vn/DONG_NAI//Data/CV_Hqdn/569_HQDNa_HDH.PDF,https://www.customs.gov.vn/index.jsp?pageId=3&id=65895&cid=1294,2011,04/2011,2026-10-08T09:45:29Z
118,566/HQĐNa-VP,25/04/2011,Cục Hải Quan tỉnh Đồng Nai,V/v nghỉ lễ 30/4 và ngày Quốc tế lao động 1/5,65896,305,16,DONG_NAI,null,null,https://files.customs.gov.vn/DONG_NAI//Data/CV_nganh_khac/566_HQDNa_VP.PDF,https://www.customs.gov.vn/index.jsp?pageId=3&id=65896&cid=1294,2011,04/2011,2026-10-08T09:45:29Z
119,08/2011/TT-BLĐTBXH,22/04/2011,Bộ Lao Động Thương Binh và Xã Hội,"Thông tư ban hành ""Quy chuẩn kỹ thuật quốc gia về an toàn lao động đối với thang máy điện""",61352,305,4,BA_RIA_VUNG_TAU,Bùi Hồng Lĩnh,06/06/2011,https://files.customs.gov.vn/BA_RIA_VUNG_TAU/uploads/document/472/08_2011_TT-BLDTBXH.doc,https://www.customs.gov.vn/index.jsp?pageId=3&id=61352&cid=1294,2011,04/2011,2026-10-08T09:45:29Z
120,1744/TCHQ-GSQL,22/04/2011,Tổng cục hải quan,V/v: C/O mẫu D cấp cho hàng hóa XNK tại chỗ,57789,305,16,TP_HO_CHI_MINH,Vũ Ngọc Anh,22/04/2011,https://files.customs.gov.vn/CustomsCMS/TP_HO_CHI_MINH/2020/Web/Data/DocumentAttachments/1744_TCHQ-GSQL_123700.doc,https://www.customs.gov.vn/index.jsp?pageId=3&id=57789&cid=1294,2011,04/2011,2026-10-08T09:45:29Z
121,52/2011/TT-BTC,22/04/2011,Bộ Tài chính,"V/v Hướng dẫn thực hiện Quyết định số 21/2011/QĐ-TTg ngày 06/04/2011 của Thủ tướng Chính phủ về việc gia hạn nộp thuế thu nhập của doanh nghiệp nhỏ và vừa nhằm tháo gỡ khó khăn, góp phần thúc đẩy phát triển kinh tế năm 2011",63279,305,4,DONG_NAI,null,null,https://files.customs.gov.vn/DONG_NAI//Data/CV_BTC/52_2011_TT_BTC_22_04_2011.pdf,https://www.customs.gov.vn/index.jsp?pageId=3&id=63279&cid=1294,2011,04/2011,2026-10-08T09:45:29Z
122,QĐ918/QĐ-BTC,22/04/2011,Bộ Tài chính,Quyết định về việc thay đổi mẫu tem thuốc là điếu nhập khẩu,63280,305,10,DONG_NAI,null,null,https://files.customs.gov.vn/DONG_NAI//Data/CV_BTC/918_QD_BTC.pdf,https://www.customs.gov.vn/index.jsp?pageId=3&id=63280&cid=1294,2011,04/2011,2026-10-08T09:45:29Z
123,18/2011/TT-BCT,21/04/2011,Bộ Công thương,"Bổ sung, bãi bỏ thủ tục hành chính tại Thông tư 28/2010/TT-BCT quy định cụ thể một số điều của Luật Hoá chất và Nghị định 108/2008/NĐ-CP quy định chi tiết và hướng dẫn thi hành một số điều của Luật Hoá chất",61319,305,4,BA_RIA_VUNG_TAU,null,06/06/2011,https://files.customs.gov.vn/BA_RIA_VUNG_TAU/uploads/document/380/18_2011_TT-BCT.doc,https://www.customs.gov.vn/index.jsp?pageId=3&id=61319&cid=1294,2011,04/2011,2026-10-08T09:45:29Z
124,31/2011/TT-BNNPTNT,21/04/2011,Bộ Nông nghiệp và Phát triển nông thôn,Thông tư 31/2011/TT-BNNPTNT về danh mục thuốc thú y được phép lưu hành tại Việt Nam,61258,305,4,BA_RIA_VUNG_TAU,Diệp Kỉnh Tần,05/06/2011,https://files.customs.gov.vn/BA_RIA_VUNG_TAU/uploads/document/198/Danh muc.doc,https://www.customs.gov.vn/index.jsp?pageId=3&id=61258&cid=1294,2011,04/2011,2026-10-08T09:45:29Z
125,32/2011/TT-BNNPTNT,21/04/2011,Bộ Nông nghiệp và Phát triển nông thôn,"Thông tư 32/2011/TT-BNNPTNT về danh mục vắc xin, chế phẩm sinh học, vi sinh vật, hoá chất dùng trong thú y được phép lưu hành tại Việt Nam do Bộ Nông nghiệp và Phát triển Nông thôn ban hành",61254,305,4,BA_RIA_VUNG_TAU,Diệp Kỉnh Tần,05/06/2011,https://files.customs.gov.vn/BA_RIA_VUNG_TAU/uploads/document/192/Danh muc.doc,https://www.customs.gov.vn/index.jsp?pageId=3&id=61254&cid=1294,2011,04/2011,2026-10-08T09:45:29Z
126,1585/TCHQ-TXNK,20/04/2011,null,<p>H/D phân loại mặt hàng Dao nhà bếp</p>,73389,305,16,DA_NANG,admin,20/04/2011,https://files.customs.gov.vn/DA_NANG/Uploads/65e32243-11bf-4695-985d-c1563e8c13ba/Dao.tif,https://www.customs.gov.vn/index.jsp?pageId=3&id=73389&cid=1294,2011,04/2011,2026-10-08T09:45:29Z
127,30/2011/TT-BNNPTNT,20/04/2011,Bộ Nông nghiệp và Phát triển nông thôn,Thông tư 30/2011/TT-BNNPTNT về “Danh mục bổ sung giống cây trồng được phép sản xuất kinh doanh ở Việt Nam”,61252,305,4,TONG_CUC,Bùi Bá Bổng,04/06/2011,,https://www.customs.gov.vn/index.jsp?pageId=3&id=61252&cid=1294,2011,04/2011,2026-10-08T09:45:29Z
128,1618/TCHQ-TXNK,19/04/2011,null,<p>H/D phân loại mặt hàng bộ linh kiện để lắp ráp ôtô nhập khẩu</p>,73388,305,16,DA_NANG,admin,19/04/2011,https://files.customs.gov.vn/DA_NANG/Uploads/65e32243-11bf-4695-985d-c1563e8c13ba/1618.tif,https://www.customs.gov.vn/index.jsp?pageId=3&id=73388&cid=1294,2011,04/2011,2026-10-08T09:45:29Z
129,33/2011/TT-BGTVT,19/04/2011,Bộ Giao thông vận tải,"Quy định về kiểm tra chất lượng an toàn kỹ thuật và bảo vệ môi trường phương tiện, thiết bị thăm dò, khai thác và vận chuyển dầu khí trên biển",61358,305,4,BA_RIA_VUNG_TAU,Hồ Nghĩa Dũng,03/06/2011,https://files.customs.gov.vn/BA_RIA_VUNG_TAU/uploads/document/482/33_2011_TT-BGTVT.doc,https://www.customs.gov.vn/index.jsp?pageId=3&id=61358&cid=1294,2011,04/2011,2026-10-08T09:45:29Z
130,532/HQĐNa-CCHĐH,19/04/2011,Cục Hải Quan tỉnh Đồng Nai,Trả lời công ty TNHH Namyang International về hướng dẫn thủ tục thanh lý xe ô tô 29 chỗ,65897,305,16,DONG_NAI,null,null,https://files.customs.gov.vn/DONG_NAI//Data/CV_Hqdn/532_HQDNa_CCHDH.pdf,https://www.customs.gov.vn/index.jsp?pageId=3&id=65897&cid=1294,2011,04/2011,2026-10-08T09:45:29Z
131,4737/BTC-CST,18/04/2011,null,"<p>H/D Phân loại, áp dụng mức thuế suất thuế NK ưuđãi áp dụng đối với các mặt hàng NK chuyên dùng cho khai thác trong hầm lò</p>",73387,305,16,DA_NANG,admin,18/04/2011,https://files.customs.gov.vn/DA_NANG/Uploads/65e32243-11bf-4695-985d-c1563e8c13ba/TS.tif,https://www.customs.gov.vn/index.jsp?pageId=3&id=73387&cid=1294,2011,04/2011,2026-10-08T09:45:29Z
132,CV4952/BTC-TCDN,18/04/2011,Bộ Tài chính,V/v Mức thu lệ phí xuất khẩu cà phê năm 2011,63281,305,16,DONG_NAI,null,null,https://files.customs.gov.vn/DONG_NAI//Data/CV_BTC/4952_BTC_TCDN.pdf,https://www.customs.gov.vn/index.jsp?pageId=3&id=63281&cid=1294,2011,04/2011,2026-10-08T09:45:29Z
133,31/2011/TT-BGTVT,15/04/2011,null,Thông tư quy định về kiểm tra chất lượng an toàn kỹ thuật và bảo vệ môi trường xe cơ giới nhập khẩu<br />,73383,305,4,DA_NANG,admin,15/04/2011,https://files.customs.gov.vn/DA_NANG/Uploads/65e32243-11bf-4695-985d-c1563e8c13ba/TT31-KTCL xe co gioi.tif,https://www.customs.gov.vn/index.jsp?pageId=3&id=73383&cid=1294,2011,04/2011,2026-10-08T09:45:29Z
134,29/2011/TT-BGTVT,15/04/2011,null,"Thông tư sửa đổi, bổ sung một số điều của quy định về kiểm tra chất lượng an toàn kỹ thuật và bảo vệ môi trường xe ô tô, xe gắn máy nhập khẩu và động cơ nhập khẩu sử dụng để sản xuất, lắp ráp xe ô tô, xe gắn máy.<br />",73384,305,4,DA_NANG,admin,15/04/2011,https://files.customs.gov.vn/DA_NANG/Uploads/65e32243-11bf-4695-985d-c1563e8c13ba/TT29-lap rap xe.tif,https://www.customs.gov.vn/index.jsp?pageId=3&id=73384&cid=1294,2011,04/2011,2026-10-08T09:45:29Z
135,29/2011/TT-BNNPTNT,15/04/2011,Bộ Nông nghiệp và Phát triển nông thôn,"Thông tư 29/2011/TT-BNNPTNT về danh mục bổ sung phân bón được phép sản xuất, kinh doanh và sử dụng tại Việt Nam",61250,305,4,TONG_CUC,Bùi Bá Bổng,30/05/2011,https://files.customs.gov.vn/BA_RIA_VUNG_TAU,https://www.customs.gov.vn/index.jsp?pageId=3&id=61250&cid=1294,2011,04/2011,2026-10-08T09:45:29Z
136,29/2011/TT-BNNPTNT,15/04/2011,null,"Thông tư ban hành danh mục bổ sung phân bón được phép sản xuất, kinh doanh và sử dụng tại Việt Nam<br />",73386,305,4,DA_NANG,admin,15/04/2011,https://files.customs.gov.vn/DA_NANG/Uploads/65e32243-11bf-4695-985d-c1563e8c13ba/TT29-phan bon.tif,https://www.customs.gov.vn/index.jsp?pageId=3&id=73386&cid=1294,2011,04/2011,2026-10-08T09:45:29Z
137,30/2011/TT-BGTVT,15/04/2011,Bộ giao thông vận tải,"Quy định về kiểm tra chất lượng an toàn kỹ thuật và bảo vệ môi trường trong sản xuất, lắp ráp xe cơ giới",57121,305,4,TP_HO_CHI_MINH,Hồ Nghĩa Dũng,30/05/2011,"https://files.customs.gov.vn/CustomsCMS/TP_HO_CHI_MINH/2020/Web/Data/DocumentAttachments/30_2011_TT_BGTVT_Quy_dinh_ve_kiem_tra_chat_luong_an_toan_ky_thuat_va_bao_ve_moi_truong_trong_san_xuat__lap_rap_xe_co_gioi_.doc,/CustomsCMS/TP_HO_CHI_MINH/2020/Web/Data/DocumentAttachments/30_2011_TT_BGTVT_PhuLuc.doc",https://www.customs.gov.vn/index.jsp?pageId=3&id=57121&cid=1294,2011,04/2011,2026-10-08T09:45:29Z
138,CV1585/TCHQ-TXNK,15/04/2011,Tổng cục hải quan,V/v phân loại dao nhà bếp,63282,305,16,DONG_NAI,null,null,https://files.customs.gov.vn/DONG_NAI//Data/CV_TCHQ/1585_TCHQ_TXNK.pdf,https://www.customs.gov.vn/index.jsp?pageId=3&id=63282&cid=1294,2011,04/2011,2026-10-08T09:45:29Z
139,10/2011/TT-BTTTT,14/04/2011,Bộ Thông Tin Truyền Thông,Thông tư 10/2011/TT-BTTTT về quy chuẩn kỹ thuật quốc gia về viễn thông do Bộ Thông tin và Truyền thông ban hành,54384,305,4,TP_HO_CHI_MINH,Nguyễn Thành Hưng,15/10/2011,https://files.customs.gov.vn/CustomsCMS/TP_HO_CHI_MINH/2020/Web/Data/DocumentAttachments/10_2011_TT-BTTTT_123923.doc,https://www.customs.gov.vn/index.jsp?pageId=3&id=54384&cid=1294,2011,04/2011,2026-10-08T09:45:29Z
140,4584/BTC-CST,14/04/2011,null,<p>H/D phân loại và áp dụng thuế suất thuế NK ưu đãi với vật tư máy bay</p>,73380,305,16,DA_NANG,admin,14/04/2011,https://files.customs.gov.vn/DA_NANG/Uploads/65e32243-11bf-4695-985d-c1563e8c13ba/MB.tif,https://www.customs.gov.vn/index.jsp?pageId=3&id=73380&cid=1294,2011,04/2011,2026-10-08T09:45:29Z
141,TT17/2011/TT-BCT,14/04/2011,Bộ Công thương,Thông tư thực hiện qui tắc xuất xứ trong bản thoả thuận về thúc đẩy thương mại song phương giữa Bộ công thương nước CHXHCNVN và Bộ thương mại Vương quốc Campuchia áp dụng cho những mặt hàng có xuất xứ từ một bên ký kết được hưởng ưu đãi thuế quan khi nhập khẩu trực tiếp vào lãnh thổ của bên ký kết kia,63284,305,4,DONG_NAI,null,null,https://files.customs.gov.vn/DONG_NAI//Data/CV_BCT/17_2011_TT-BCT.pdf,https://www.customs.gov.vn/index.jsp?pageId=3&id=63284&cid=1294,2011,04/2011,2026-10-08T09:45:29Z
142,TàiLiệuÔnThiHải,14/04/2011,null,Tài Liệu Ôn Thi Hải Quan,67195,305,18,CAN_THO,null,14/04/2011,https://files.customs.gov.vn/CAN_THO/04TajLjeuOnThj.rar,https://www.customs.gov.vn/index.jsp?pageId=3&id=67195&cid=1294,2011,04/2011,2026-10-08T09:45:29Z
143,494/HQĐNa-TXNK,13/04/2011,Cục Hải Quan tỉnh Đồng Nai,Về việc đăng kí doanh nghiệp nhập khẩu miễn thuế của công ty TNHH Great Veca Việt Nam,65899,305,16,DONG_NAI,null,null,https://files.customs.gov.vn/DONG_NAI//Data/CV_2011_HQDN/494-HQDN-TXNK.PDF,https://www.customs.gov.vn/index.jsp?pageId=3&id=65899&cid=1294,2011,04/2011,2026-10-08T09:45:29Z
144,662/QĐ-TCHQ,13/04/2011,null,"Ban hành quy định phân luồng và kiểm tra hải quan đối với hàng hoá nhập khẩu, xuất khẩu gửi qua dịch vụ chuyển phát nhanh đường hàng không quốc tế<br />
</span></span> </p>",73379,305,10,DA_NANG,admin,13/04/2011,https://files.customs.gov.vn/DA_NANG/Uploads/65e32243-11bf-4695-985d-c1563e8c13ba/662-Quy trinh CPN hang khong.tif,https://www.customs.gov.vn/index.jsp?pageId=3&id=73379&cid=1294,2011,04/2011,2026-10-08T09:45:29Z
145,27/2011/NÐ-CP,09/04/2011,Chính phủ,"Về cung cấp, khai thác, xử lý, sử dụng thông tin về hành khách trước khi nhập cảnh Việt Nam qua đường hàng không",58913,305,8,TP_HO_CHI_MINH,Nguyễn Tấn Dũng,15/04/2014,https://files.customs.gov.vn/CustomsCMS/TP_HO_CHI_MINH/2020/Web/Data/DocumentAttachments/27_2011_ND_CP_Ve_cung_cap__khai_thac__xu_ly__su_dung_thong_tin_ve_hanh_khach.doc,https://www.customs.gov.vn/index.jsp?pageId=3&id=58913&cid=1294,2011,04/2011,2026-10-08T09:45:29Z
146,27/2011/NĐ-CP,09/04/2011,null,"Nghị định số 27/2011/NĐ-CP của Chính phủ quy định về cung cấp, khai thác, xử lý, sử dụng thông tin về hành khách trước khi nhập cảnh Việt Nam qua đường hàng không",42684,305,18,QUANG_BINH,null,null,https://files.customs.gov.vn/CustomsCMS/QUANG_BINH/2021/04/images/stories/files/ND2711CP.DOC,https://www.customs.gov.vn/index.jsp?pageId=3&id=42684&cid=1294,2011,04/2011,2026-10-08T09:45:29Z
147,26/2011/NÐ-CP,08/04/2011,Chính phủ,"Sửa đổi, bổ sung một số điều của Nghị định số 108/2008/NĐ-CP ngày 07 tháng 10 năm 2008 của Chính phủ quy định chi tiết và hướng dẫn thi hành một số điều của Luật Hóa chất",56271,305,8,TP_HO_CHI_MINH,Nguyễn Tấn Dũng,01/06/2011,"https://files.customs.gov.vn/CustomsCMS/TP_HO_CHI_MINH/2020/Web/Data/DocumentAttachments/26_2011_ND_CP_phuluc.5.doc,/CustomsCMS/TP_HO_CHI_MINH/2020/Web/Data/DocumentAttachments/26_2011_ND_CP_phuluc.6.doc,/CustomsCMS/TP_HO_CHI_MINH/2020/Web/Data/DocumentAttachments/26_2011_ND_CP_phuluc.4.doc,/CustomsCMS/TP_HO_CHI_MINH/2020/Web/Data/DocumentAttachments/26_2011_ND_CP_phuluc.2.doc,/CustomsCMS/TP_HO_CHI_MINH/2020/Web/Data/DocumentAttachments/26_2011_ND_CP_phuluc.7.doc,/CustomsCMS/TP_HO_CHI_MINH/2020/Web/Data/DocumentAttachments/26_2011_ND_CP_Sua_doi__bo_sung_mot_so_dieu_cua_Nghi_dinh_so_1082008ND-CP.doc",https://www.customs.gov.vn/index.jsp?pageId=3&id=56271&cid=1294,2011,04/2011,2026-10-08T09:45:29Z
148,26/2011/NĐ-CP,08/04/2011,null,"Nghị định sửa đổi, bổ sung một số điều của nghị định số 108/2008/NĐ-CP ngày 07/10/2008 của Chính phủ quy định chi tiết và hướng dẫn thi hành một số điều của luật hoá chất<br />",73378,305,8,DA_NANG,admin,08/04/2011,https://files.customs.gov.vn/DA_NANG/Uploads/65e32243-11bf-4695-985d-c1563e8c13ba/ND26-hoa chat.tif,https://www.customs.gov.vn/index.jsp?pageId=3&id=73378&cid=1294,2011,04/2011,2026-10-08T09:45:29Z
149,458/HQĐNa-GSQL,07/04/2011,Cục Hải Quan tỉnh Đồng Nai,Phúc đáp công văn số 05/11/OIA-HQ ngày 29/03/2011,65901,305,16,DONG_NAI,null,null,https://files.customs.gov.vn/DONG_NAI//Data/CV_2011_HQDN/458_HQDNa_GSQL.pdf,https://www.customs.gov.vn/index.jsp?pageId=3&id=65901&cid=1294,2011,04/2011,2026-10-08T09:45:29Z
150,460/HQĐNa-GSQL,07/04/2011,Cục Hải Quan tỉnh Đồng Nai,THủ tục chuyển đổi DNCX sang doanh nghiệp thường Cty TNHH Eureole fine chemiscal product,65902,305,18,DONG_NAI,null,null,https://files.customs.gov.vn/DONG_NAI//Data/CV_Hqdn/460_HQDNa_GSQL.pdf,https://www.customs.gov.vn/index.jsp?pageId=3&id=65902&cid=1294,2011,04/2011,2026-10-08T09:45:29Z
151,469/HQĐNa-GSQL,07/04/2011,Cục Hải Quan tỉnh Đồng Nai,Phúc đáp công văn số 01/03/2011/KAO ngày 04/04/2011 của công ty KAO Việt Nam,65900,305,16,DONG_NAI,null,null,https://files.customs.gov.vn/DONG_NAI//Data/CV_2011_HQDN/469_HQDNa-DKS.pdf,https://www.customs.gov.vn/index.jsp?pageId=3&id=65900&cid=1294,2011,04/2011,2026-10-08T09:45:29Z
152,17/2011/TT-BNNPTNT,06/04/2011,Bộ nông nghiệp và phát triển nông thôn,"Thông tư sửa đổi, bổ sung, bãi bỏ một số quy định về thủ tục hành chính trong lĩnh vực trồng trọt theo nghị quyết số 57/NQ-CP ngày 15 tháng 12 năm 2010",58312,305,4,TP_HO_CHI_MINH,Cao Đức Phát,21/05/2011,https://files.customs.gov.vn/CustomsCMS/TP_HO_CHI_MINH/2020/Web/Data/DocumentAttachments/17_2011_TT-BNNPTNT_122283.doc,https://www.customs.gov.vn/index.jsp?pageId=3&id=58312&cid=1294,2011,04/2011,2026-10-08T09:45:29Z
153,19/2011/TT-BNNPTNT,06/04/2011,Bộ nông nghiệp và phát triển nông thôn,"Thông Tư sửa đổi, bổ sung, bãi bỏ một số quy định về thủ tục hành chính trong lĩnh vực chăn nuôi theo nghị quyết số 57/NĐ-CP ngày 15 tháng 12 năm 2010",57953,305,4,TP_HO_CHI_MINH,Cao Đức Phát,21/05/2011,https://files.customs.gov.vn/CustomsCMS/TP_HO_CHI_MINH/2020/Web/Data/DocumentAttachments/19_2011_TT-BNNPTNT_122054.doc,https://www.customs.gov.vn/index.jsp?pageId=3&id=57953&cid=1294,2011,04/2011,2026-10-08T09:45:29Z
154,25/2011/NÐ-CP,06/04/2011,Chính phủ,Nghị định Quy định chi tiết và hướng dẫn thi hành một số điều của Luật viễn thông,55693,305,8,TP_HO_CHI_MINH,Nguyễn Tấn Dũng,01/06/2011,https://files.customs.gov.vn/CustomsCMS/TP_HO_CHI_MINH/2020/Web/Data/DocumentAttachments/25_2011_ND-CP_121713.doc,https://www.customs.gov.vn/index.jsp?pageId=3&id=55693&cid=1294,2011,04/2011,2026-10-08T09:45:29Z
155,QĐ821/QĐ-BTC,06/04/2011,Bộ Tài chính,"V/v Công bố các thủ tục hành chính thuộc phạm vi, chức năng quản lý nhà nước của Bộ Tài chính",63285,305,10,DONG_NAI,null,null,https://files.customs.gov.vn/DONG_NAI//Data/CV_BTC/821-QD-BTC-06-04-2011.pdf,https://www.customs.gov.vn/index.jsp?pageId=3&id=63285&cid=1294,2011,04/2011,2026-10-08T09:45:29Z
156,TT46/2011/TT-BTC,05/04/2011,Bộ Tài chính,V/v Quy định mức thuế suất thuế xuất khẩu mặt hàng dừa quả thuộc mã 0804.19.00.00 trong biểu thuế xuất khẩu,63286,305,4,DONG_NAI,null,null,https://files.customs.gov.vn/DONG_NAI//Data/CV_BTC/46_2011_TT-BTC.pdf,https://www.customs.gov.vn/index.jsp?pageId=3&id=63286&cid=1294,2011,04/2011,2026-10-08T09:45:29Z
157,4325/BTC-CST ngày 04/4/2011,04/04/2011,null,"Thuế TTĐB đối với sợi thuốc lá<br />
</font></strong> </p>",73376,305,16,DA_NANG,admin,04/04/2011,https://files.customs.gov.vn/DA_NANG/Uploads/65e32243-11bf-4695-985d-c1563e8c13ba/4325.tif,https://www.customs.gov.vn/index.jsp?pageId=3&id=73376&cid=1294,2011,04/2011,2026-10-08T09:45:29Z
158,TT45/2011/TT-BTC,04/04/2011,Bộ Tài chính,V/v Quy định thủ tục hải quan đối với hàng hóa vận tải đa phương thức quốc tế,63287,305,4,DONG_NAI,null,null,https://files.customs.gov.vn/DONG_NAI//Data/CV_BTC/45_2011_TT_BTC.pdf,https://www.customs.gov.vn/index.jsp?pageId=3&id=63287&cid=1294,2011,04/2011,2026-10-08T09:45:29Z
159,CV44/2011/TT-BTC,01/04/2011,Bộ Tài chính,V/v Hướng dẫn công tác chống hàng giả và bảo vệ quyền sở hữu trí tuệ trong lĩnh vực hải quan,63288,305,4,DONG_NAI,null,null,https://files.customs.gov.vn/DONG_NAI//Data/CV_BTC/44-2011-TT-BTC ngay 01.4.2011.pdf,https://www.customs.gov.vn/index.jsp?pageId=3&id=63288&cid=1294,2011,04/2011,2026-10-08T09:45:29Z
160,CV2500/TCHQ-GSQL,31/05/2011,Tổng cục hải quan,V/v Ghi đơn giá hàng hóa gia công trên tờ khai xuất khẩu,63246,305,16,DONG_NAI,null,null,https://files.customs.gov.vn/DONG_NAI//Data/CV_BTC/2500-TCHQ-GSQL.pdf,https://www.customs.gov.vn/index.jsp?pageId=3&id=63246&cid=1294,2011,05/2011,2026-10-08T09:45:29Z
161,2481/TCHQ-TXNK,30/05/2011,null,Chính sách miễn thuế dự án ưu đãi đầu tư</font></strong></p>,73412,305,16,DA_NANG,admin,30/05/2011,https://files.customs.gov.vn/DA_NANG/Uploads/65e32243-11bf-4695-985d-c1563e8c13ba/2481.tif,https://www.customs.gov.vn/index.jsp?pageId=3&id=73412&cid=1294,2011,05/2011,2026-10-08T09:45:29Z
162,805/HQĐNa-TXNK,30/05/2011,Cục Hải Quan tỉnh Đồng Nai,V/v Đăng ký Danh mục hàng hóa nhập khẩu miễn thuế,65871,305,18,DONG_NAI,null,null,https://files.customs.gov.vn/DONG_NAI//Data/Cv_Hqdn/805-HQDNa-TXNK-30-05-2011.pdf,https://www.customs.gov.vn/index.jsp?pageId=3&id=65871&cid=1294,2011,05/2011,2026-10-08T09:45:29Z
163,807/HQĐNa-GSQL,30/05/2011,Cục Hải Quan tỉnh Đồng Nai,V/v Nơi làm thủ tục Hải quan của Công ty Proconco,65870,305,18,DONG_NAI,null,null,https://files.customs.gov.vn/DONG_NAI//Data/Cv_Hqdn/807-HQDNa-GSQL-30-05-2011.pdf,https://www.customs.gov.vn/index.jsp?pageId=3&id=65870&cid=1294,2011,05/2011,2026-10-08T09:45:29Z
164,4640/BCT-XNK,27/05/2011,null,Triển khai thực hiện thông báo số 197/TB-BCT và thông tư số 20/2011/TT-BCT<br />,73410,305,16,DA_NANG,admin,27/05/2011,https://files.customs.gov.vn/DA_NANG/Uploads/65e32243-11bf-4695-985d-c1563e8c13ba/4640-BCT huong dan TT20.tif,https://www.customs.gov.vn/index.jsp?pageId=3&id=73410&cid=1294,2011,05/2011,2026-10-08T09:45:29Z
165,CV2446/TCHQ-TXNK,27/05/2011,Tổng cục hải quan,Hướng dẫn chính sách thuế,63248,305,16,DONG_NAI,null,null,https://files.customs.gov.vn/DONG_NAI//Data/CV_TCHQ/2446-TCHQ-TXNK-27-05-2011.PDF,https://www.customs.gov.vn/index.jsp?pageId=3&id=63248&cid=1294,2011,05/2011,2026-10-08T09:45:29Z
166,CV2449/TCHQ-HDTD,27/05/2011,Tổng cục hải quan,"Thông báo danh sách đủ điều kiện dự thi thời gian, địa điểm thi tuyển công chức Hải quan năm 2011",63249,305,16,DONG_NAI,null,null,https://files.customs.gov.vn/DONG_NAI//Data/CV_TCHQ/2449-TCHQ-HDTD.PDF,https://www.customs.gov.vn/index.jsp?pageId=3&id=63249&cid=1294,2011,05/2011,2026-10-08T09:45:29Z
167,CV4640/BCT-XNK,27/05/2011,Bộ Công thương,V/v Triển khai thực hiện thông báo số 197/TB-BCT và Thông tư số 20/2011/TT-BCT,63247,305,16,DONG_NAI,null,null,https://files.customs.gov.vn/DONG_NAI//Data/CV_BCT/4640-BCT-XNK.pdf,https://www.customs.gov.vn/index.jsp?pageId=3&id=63247&cid=1294,2011,05/2011,2026-10-08T09:45:29Z
168,2429/TCHQ-TXNK,26/05/2011,null,Phân loại mặt hàng bột lông vũ thủy phân</font></strong> </p>,73409,305,16,DA_NANG,admin,26/05/2011,,https://www.customs.gov.vn/index.jsp?pageId=3&id=73409&cid=1294,2011,05/2011,2026-10-08T09:45:29Z
169,742/HQĐNa-GSQL,24/05/2011,Cục Hải Quan tỉnh Đồng Nai,V/v Thành lập cửa hàng cung cấp thực phẩm bên trong doanh nghiệp chế xuất của Cty Tae Kwang Vina Industrial,65872,305,18,DONG_NAI,null,null,https://files.customs.gov.vn/DONG_NAI//Data/Cv_Hqdn/742-HQDNa-GSQL.pdf,https://www.customs.gov.vn/index.jsp?pageId=3&id=65872&cid=1294,2011,05/2011,2026-10-08T09:45:29Z
170,CV176/GSQL-TH,24/05/2011,Tổng cục hải quan,V/v hàng đã làm thủ tục xuất khẩu gửi ở kho ngoại quan nhập khẩu trở lại nội địa,63251,305,16,DONG_NAI,null,null,https://files.customs.gov.vn/DONG_NAI//Data/CV_TCHQ/176-GSQL-TH.pdf,https://www.customs.gov.vn/index.jsp?pageId=3&id=63251&cid=1294,2011,05/2011,2026-10-08T09:45:29Z
171,CV177/TCHQ-GSQL,24/05/2011,Tổng cục hải quan,"V/v thủ tục Hải quan đối với hàgn hoá xuất, nhập kho ngoại quan",63250,305,16,DONG_NAI,null,null,https://files.customs.gov.vn/DONG_NAI//Data/CV_TCHQ/177-TCHQ-GSQL.PDF,https://www.customs.gov.vn/index.jsp?pageId=3&id=63250&cid=1294,2011,05/2011,2026-10-08T09:45:29Z
172,CV234/TCHQ-GSQL,23/05/2011,Tổng cục hải quan,V/v xác định thời hạn khai báo Hải quan khi thực hiện thủ tục đối với hàng hoá nhập khẩu qua khu vực cảng mở Cát Lái,63256,305,16,DONG_NAI,null,null,https://files.customs.gov.vn/DONG_NAI//Data/CV_TCHQ/2346-TCHQ-GSQL.PDF,https://www.customs.gov.vn/index.jsp?pageId=3&id=63256&cid=1294,2011,05/2011,2026-10-08T09:45:29Z
173,CV2341/TCHQ-GSQL,23/05/2011,Tổng cục hải quan,"V/v xác định khối lượng và tỷ lệ hao hụt cho phép đối với mặt hàng xăng, dầu xuất khẩu, nhập khẩu, tạm nhập tái xuất",63255,305,16,DONG_NAI,null,null,https://files.customs.gov.vn/DONG_NAI//Data/CV_TCHQ/2341-TCHQ-GSQL.pdf,https://www.customs.gov.vn/index.jsp?pageId=3&id=63255&cid=1294,2011,05/2011,2026-10-08T09:45:29Z
174,CV2347/TCHQ-GSQL,23/05/2011,Tổng cục hải quan,"V/v bán phế liệu, phế phẩm của doanh nghiệp chế xuất vào thị trường nội địa",63254,305,16,DONG_NAI,null,null,https://files.customs.gov.vn/DONG_NAI//Data/CV_TCHQ/2347-TCHQ-GSQL.pdf,https://www.customs.gov.vn/index.jsp?pageId=3&id=63254&cid=1294,2011,05/2011,2026-10-08T09:45:29Z
175,CV2350/TCHQ-GSQL,23/05/2011,Tổng cục hải quan,V/v thanh khoản hợp đồng gia công,63253,305,16,DONG_NAI,null,null,https://files.customs.gov.vn/DONG_NAI//Data/CV_TCHQ/2350-TCHQ-GSQL.pdf,https://www.customs.gov.vn/index.jsp?pageId=3&id=63253&cid=1294,2011,05/2011,2026-10-08T09:45:29Z
176,CV2380/TCHQ-TXNK,23/05/2011,Tổng cục hải quan,V/v chính sách thuế nhập khẩu dự án ưu đãi đầu tư,63252,305,16,DONG_NAI,null,null,https://files.customs.gov.vn/DONG_NAI//Data/CV_TCHQ/2380-TCHQ-TXNK.pdf,https://www.customs.gov.vn/index.jsp?pageId=3&id=63252&cid=1294,2011,05/2011,2026-10-08T09:45:29Z
177,TT21/2011/TT-BCT,20/05/2011,Bộ Công thương,V/v Quy định về quản lý kinh doanh hoạt động tạm nhập tái xuất thực phẩm đông lạnh,63257,305,4,DONG_NAI,null,null,https://files.customs.gov.vn/DONG_NAI//Data/CV_BCT/21-2011-TT-BCT.pdf,https://www.customs.gov.vn/index.jsp?pageId=3&id=63257&cid=1294,2011,05/2011,2026-10-08T09:45:29Z
178,2280/TCHQ-TXNK,19/05/2011,null,Phân loại mặt hàng khung nhôm kính</font></strong> </p>,73407,305,16,DA_NANG,admin,19/05/2011,https://files.customs.gov.vn/DA_NANG/Uploads/65e32243-11bf-4695-985d-c1563e8c13ba/PL MH khung nhôm.tif,https://www.customs.gov.vn/index.jsp?pageId=3&id=73407&cid=1294,2011,05/2011,2026-10-08T09:45:29Z
179,CV2302/TCHQ-GSQL,19/05/2011,Tổng cục hải quan,V/v mua bán hàng hoá đối với Doanh nghiệp chế xuất,63258,305,16,DONG_NAI,null,null,https://files.customs.gov.vn/DONG_NAI//Data/CV_TCHQ/2302-TCHQ-GSQL.PDF,https://www.customs.gov.vn/index.jsp?pageId=3&id=63258&cid=1294,2011,05/2011,2026-10-08T09:45:29Z
180,41/2011/TT-BGTVT,18/05/2011,Bộ giao thông vận tải,"Thông tư Sửa đổi, bổ sung một số điều của Thông tư số 23/2009/TT-BGTVT ngày 15 tháng 10 năm 2009 của Bộ trưởng Bộ Giao thông vận tải quy định về kiểm tra chất lượng an toàn kỹ thuật và bảo vệ môi trường xe máy chuyên dùng",55643,305,4,TP_HO_CHI_MINH,Hồ Nghĩa Dũng,02/07/2011,https://files.customs.gov.vn/CustomsCMS/TP_HO_CHI_MINH/2020/Web/Data/DocumentAttachments/41_2011_TT-BGTVT-(7555).PDF,https://www.customs.gov.vn/index.jsp?pageId=3&id=55643&cid=1294,2011,05/2011,2026-10-08T09:45:29Z
181,CV736/TY/KD,18/05/2011,Khác,"Kiểm định nhập khẩu tim, gan, thận gia cầm, gia súc",63261,305,16,DONG_NAI,null,null,https://files.customs.gov.vn/DONG_NAI//Data/BO_NN_PTNN/736_TY_KD.pdf,https://www.customs.gov.vn/index.jsp?pageId=3&id=63261&cid=1294,2011,05/2011,2026-10-08T09:45:29Z
182,TT38/2011/TT-BGTVT,18/05/2011,Bộ Giao thông vận tải,V/v Hướng dẫn thực hiện một số điều của Hiệp định và nghị định thư thực hiện Hiệp định tạo điều kiện thuận lợi cho phương tiện cơ giới đường bộ qua lại biên giới giữa Chính phủ nước Cộng hoà xã hội chủ nghĩa Việt Nam và Chính phủ nước Cộng hoà nhân dân Lào,63260,305,4,DONG_NAI,null,03/07/2011,https://files.customs.gov.vn/DONG_NAI//Data/CV_nganh_khac/38-2011-TT-BGTVT.pdf,https://www.customs.gov.vn/index.jsp?pageId=3&id=63260&cid=1294,2011,05/2011,2026-10-08T09:45:29Z
183,TT67/2011/TT-BTC,18/05/2011,Bộ Tài chính,V/v Sửa đổi mức thuế suất xuất khẩu đối với mặt hàng quặng sắt và tinh quặng sắt thuộc nhóm 26.01 quy định tại Biểu thuế xuất khẩu,63259,305,4,DONG_NAI,null,null,,https://www.customs.gov.vn/index.jsp?pageId=3&id=63259&cid=1294,2011,05/2011,2026-10-08T09:45:29Z
184,TT68/2011/TT-BTC,18/05/2011,Bộ Tài chính,V/v Hướng dẫn thuế nhập khẩu ưu đãi đặc biệt đối với hàng hóa nhập khẩu có xuất xứ từ Campuchia,63262,305,4,DONG_NAI,null,null,https://files.customs.gov.vn/DONG_NAI//Data/CV_BTC/68-2011-TT-BTC-18-05-2011.pdf,https://www.customs.gov.vn/index.jsp?pageId=3&id=63262&cid=1294,2011,05/2011,2026-10-08T09:45:29Z
185,2242/TCHQ-TXNK,17/05/2011,null,Hướng dẫn thực hiện vướng mắc Thông tư 194</font></strong></p>,73403,305,16,DA_NANG,admin,17/05/2011,https://files.customs.gov.vn/DA_NANG/Uploads/65e32243-11bf-4695-985d-c1563e8c13ba/2242.tif,https://www.customs.gov.vn/index.jsp?pageId=3&id=73403&cid=1294,2011,05/2011,2026-10-08T09:45:29Z
186,34/2011/NĐ-CP,17/05/2011,null,Nghị định số 34/2011/NĐ-CP của Chính phủ quy định về xử lý kỷ luật đối với công chức,42701,305,18,QUANG_BINH,null,null,https://files.customs.gov.vn/CustomsCMS/QUANG_BINH/2021/04/images/stories/files/ND3411CP.pdf,https://www.customs.gov.vn/index.jsp?pageId=3&id=42701&cid=1294,2011,05/2011,2026-10-08T09:45:29Z
187,QĐ28/2011/QĐ-TTg,17/05/2011,Chính phủ,V/v Ban hành Danh mục dịch vụ XNK Việt Nam,63264,305,10,DONG_NAI,null,null,https://files.customs.gov.vn/DONG_NAI//Data/Nghi_dinh/28-2011-QD-TTg-17-05-2011.pdf,https://www.customs.gov.vn/index.jsp?pageId=3&id=63264&cid=1294,2011,05/2011,2026-10-08T09:45:29Z
188,680/HQĐNa-TXNK,16/05/2011,Cục Hải Quan tỉnh Đồng Nai,Thay đổi số hiệu tài khoản hoạt động của các chi cục,65886,305,18,DONG_NAI,null,null,https://files.customs.gov.vn/DONG_NAI//Data/CV_Hqdn/680_HQDNa_TXNK.PDF,https://www.customs.gov.vn/index.jsp?pageId=3&id=65886&cid=1294,2011,05/2011,2026-10-08T09:45:29Z
189,681/HQĐNa-GSQL,16/05/2011,Cục Hải Quan tỉnh Đồng Nai,Bổ sung chứng thư giám định cho Công ty Cổ phần gạch men Chang Yih,65885,305,18,DONG_NAI,null,null,https://files.customs.gov.vn/DONG_NAI//Data/CV_Hqdn/681_HQDNa_GSQL.PDF,https://www.customs.gov.vn/index.jsp?pageId=3&id=65885&cid=1294,2011,05/2011,2026-10-08T09:45:29Z
190,682/HQĐNa-GSQL,16/05/2011,Cục Hải Quan tỉnh Đồng Nai,Bổ sung chứng thư giám định cho Công ty TNHH Hyosung Việt Nam,65884,305,18,DONG_NAI,null,null,https://files.customs.gov.vn/DONG_NAI//Data/CV_Hqdn/682_HQDNa_GSQL.PDF,https://www.customs.gov.vn/index.jsp?pageId=3&id=65884&cid=1294,2011,05/2011,2026-10-08T09:45:29Z
191,683/HQĐNa-GSQL,16/05/2011,Cục Hải Quan tỉnh Đồng Nai,Bổ sung chứng thư giám định cho Công ty Cổ phần dệt nhuộm Nam Phương,65883,305,18,DONG_NAI,null,null,https://files.customs.gov.vn/DONG_NAI//Data/CV_Hqdn/683_HQDNa_GSQL.PDF,https://www.customs.gov.vn/index.jsp?pageId=3&id=65883&cid=1294,2011,05/2011,2026-10-08T09:45:29Z
192,684/HQĐNa-GSQL,16/05/2011,Cục Hải Quan tỉnh Đồng Nai,Bổ sung chứng thư giám định cho Công ty TNHH Sika,65882,305,18,DONG_NAI,null,null,https://files.customs.gov.vn/DONG_NAI//Data/CV_Hqdn/684_HQDNa_GSQL.PDF,https://www.customs.gov.vn/index.jsp?pageId=3&id=65882&cid=1294,2011,05/2011,2026-10-08T09:45:29Z
193,685/HQĐNa-GSQL,16/05/2011,Cục Hải Quan tỉnh Đồng Nai,Bổ sung chứng thư giám định cho Công ty TNHH Ắc qui CSB Việt Nam,65881,305,18,DONG_NAI,null,null,https://files.customs.gov.vn/DONG_NAI//Data/CV_Hqdn/685_HQDNa_GSQL.PDF,https://www.customs.gov.vn/index.jsp?pageId=3&id=65881&cid=1294,2011,05/2011,2026-10-08T09:45:29Z
194,687/HQĐNa-GSQL,16/05/2011,Cục Hải Quan tỉnh Đồng Nai,Bổ sung chứng thư giám định cho Công ty TNHH Nhựa công nghiệp Chu Long Việt Nam,65880,305,18,DONG_NAI,null,null,https://files.customs.gov.vn/DONG_NAI//Data/CV_Hqdn/687_HQDNa_GSQL.PDF,https://www.customs.gov.vn/index.jsp?pageId=3&id=65880&cid=1294,2011,05/2011,2026-10-08T09:45:29Z
195,688/HQĐNa-GSQL,16/05/2011,Cục Hải Quan tỉnh Đồng Nai,Bổ sung chứng thư giám định cho Công ty TNHH Myung Sung Việt Nam,65879,305,18,DONG_NAI,null,null,https://files.customs.gov.vn/DONG_NAI//Data/CV_Hqdn/688_HQDNa_GSQL.PDF,https://www.customs.gov.vn/index.jsp?pageId=3&id=65879&cid=1294,2011,05/2011,2026-10-08T09:45:29Z
196,690/HQĐNa-GSQL,16/05/2011,Cục Hải Quan tỉnh Đồng Nai,Bổ sung chứng thư giám định cho Công ty TNHH Deawon Chemical Việt Nam,65878,305,18,DONG_NAI,null,null,https://files.customs.gov.vn/DONG_NAI//Data/CV_Hqdn/690_HQDNa_GSQL.PDF,https://www.customs.gov.vn/index.jsp?pageId=3&id=65878&cid=1294,2011,05/2011,2026-10-08T09:45:29Z
197,691/HQĐNa-GSQL,16/05/2011,Cục Hải Quan tỉnh Đồng Nai,Bổ sung chứng thư giám định cho Công ty TNHH công nghiệp Đại Liên (TALAN),65877,305,18,DONG_NAI,null,null,https://files.customs.gov.vn/DONG_NAI//Data/CV_Hqdn/691_HQDNa_GSQL.PDF,https://www.customs.gov.vn/index.jsp?pageId=3&id=65877&cid=1294,2011,05/2011,2026-10-08T09:45:29Z
198,692/HQĐNa-GSQL,16/05/2011,Cục Hải Quan tỉnh Đồng Nai,Bổ sung chứng thư giám định cho Công ty TNHH Buwon Việt Nam,65876,305,18,DONG_NAI,null,null,https://files.customs.gov.vn/DONG_NAI//Data/CV_Hqdn/692_HQDNa_GSQL.PDF,https://www.customs.gov.vn/index.jsp?pageId=3&id=65876&cid=1294,2011,05/2011,2026-10-08T09:45:29Z
199,693/HQĐNa-GSQL,16/05/2011,Cục Hải Quan tỉnh Đồng Nai,Bổ sung chứng thư giám định cho Công ty cổ phần Tuico,65875,305,18,DONG_NAI,null,null,https://files.customs.gov.vn/DONG_NAI//Data/CV_Hqdn/693_HQDNa_GSQL.PDF,https://www.customs.gov.vn/index.jsp?pageId=3&id=65875&cid=1294,2011,05/2011,2026-10-08T09:45:29Z
200,694/HQĐNa-GSQL,16/05/2011,Cục Hải Quan tỉnh Đồng Nai,Bổ sung chứng thư giám định cho Công ty HHCN Kaifa Việt Nam,65874,305,18,DONG_NAI,null,null,https://files.customs.gov.vn/DONG_NAI//Data/CV_Hqdn/694_HQDNa_GSQL.PDF,https://www.customs.gov.vn/index.jsp?pageId=3&id=65874&cid=1294,2011,05/2011,2026-10-08T09:45:29Z
201,695/HQĐNa_GSQL,16/05/2011,Cục Hải Quan tỉnh Đồng Nai,Bổ sung chứng thư giám định cho Công ty TNHH giày Đồng Nai - Việt Vinh,65873,305,18,DONG_NAI,null,null,https://files.customs.gov.vn/DONG_NAI//Data/CV_Hqdn/695_HQDNa_GSQL.PDF,https://www.customs.gov.vn/index.jsp?pageId=3&id=65873&cid=1294,2011,05/2011,2026-10-08T09:45:29Z
202,CV6282/BTC-TCT,16/05/2011,Bộ Tài chính,V/v sử dụng hoá đơn đối với loại hình xuất khẩu tại chỗ,63263,305,16,DONG_NAI,null,null,https://files.customs.gov.vn/DONG_NAI//Data/CV_BTC/6282-BTC-TCT.pdf,https://www.customs.gov.vn/index.jsp?pageId=3&id=63263&cid=1294,2011,05/2011,2026-10-08T09:45:29Z
203,4325/BTC-CST ngày 04/4/2011,13/05/2011,null,Thuế TTĐB đối với sợi thuốc lá,73399,305,18,DA_NANG,Bộ Tài chính,13/05/2011,,https://www.customs.gov.vn/index.jsp?pageId=3&id=73399&cid=1294,2011,05/2011,2026-10-08T09:45:29Z
204,62/2011/TTLT-BTC-BCT-BGTVT,13/05/2011,Bộ Tài chính,"Thông tư liên tịch 62/2011/TTLT-BTC-BCT-BGTVT về sửa đổi Mục IV của Thông tư liên tịch 08/2004/TTLT-BTM-BTC-BGTVT hướng dẫn thực hiện dịch vụ trung chuyển container tại cảng biển Việt Nam của Bộ Thương mại (nay là Bộ Công Thương), Bộ Tài chính, Bộ Giao thông vận tải do Bộ Tài chính, Bộ Công Thương, Bộ Giao thông Vận tải",52763,305,4,TP_HO_CHI_MINH,"Nguyễn Thành Biên,Nguyễn Hồng Trường,Đỗ H.Anh Tuấn",28/06/2011,https://files.customs.gov.vn/CustomsCMS/TP_HO_CHI_MINH/2020/Web/Data/DocumentAttachments/62_2011_TTLT-BTC-BCT-BGTVT_124765.doc,https://www.customs.gov.vn/index.jsp?pageId=3&id=52763&cid=1294,2011,05/2011,2026-10-08T09:45:29Z
205,62/2011/TTLT/BTC-BCT-BGTV,13/05/2011,null,"<p><span style=""font-size: small""><span style=""font-family: Times New Roman"">Thông tư liên tịch sửa đổi, bổ sung mục IV của thông tư liên tịch số 08/2004/TTLT-BTM-BTC-BGTVT ngày 17/12/2004 hướng dẫn thực hiện dịch vụ trung chuyển container tại các cảng biển Việt Nam của Bộ thương mại (nay là BCT), BTC,BGTVT<br />
</span></span> </p>",73402,305,4,DA_NANG,admin,13/05/2011,https://files.customs.gov.vn/DA_NANG/Uploads/65e32243-11bf-4695-985d-c1563e8c13ba/TT62-BGTVT.tif,https://www.customs.gov.vn/index.jsp?pageId=3&id=73402&cid=1294,2011,05/2011,2026-10-08T09:45:29Z
206,62/TTLT-BTC-BCT-BGTVT,13/05/2011,Bộ Công thương,Sửa đổi Mục IV của Thông tư liên tịch 08/2004/TTLT-BTM-BTC-BGTVT hướng dẫn thực hiện dịch vụ trung chuyển container tại cảng biển Việt Nam,61317,305,4,BA_RIA_VUNG_TAU,null,28/06/2011,https://files.customs.gov.vn/BA_RIA_VUNG_TAU/uploads/document/378/62_2011_TTLT-BTC-BCT-BGTVT.doc,https://www.customs.gov.vn/index.jsp?pageId=3&id=61317&cid=1294,2011,05/2011,2026-10-08T09:45:29Z
207,63/2011/TT-BTC,13/05/2011,null,"<p><span style=""font-size: small""><span style=""font-family: Times New Roman"">Thông tư quy định về việc áp dụng thí điểm chế độ ưu tiên trong lĩnh vực quản lý nhà nước về hải quan đối với doanh nghiệp đủ điều kiện<br />
</span></span> </p>",73401,305,4,DA_NANG,admin,13/05/2011,https://files.customs.gov.vn/DA_NANG/Uploads/65e32243-11bf-4695-985d-c1563e8c13ba/TT63-DN uu tien.tif,https://www.customs.gov.vn/index.jsp?pageId=3&id=73401&cid=1294,2011,05/2011,2026-10-08T09:45:29Z
208,672/HQĐNa_GSQL,13/05/2011,Cục Hải Quan tỉnh Đồng Nai,Về việc sử dụng tờ khai sao y bản chính trong hồ sơ thanh khoản thuế các doanh nghiệp làm thủ tục ở Bình Thuận,65889,305,18,DONG_NAI,null,null,https://files.customs.gov.vn/DONG_NAI//Data/CV_Hqdn/672_HQDNa_FSQL.PDF,https://www.customs.gov.vn/index.jsp?pageId=3&id=65889&cid=1294,2011,05/2011,2026-10-08T09:45:29Z
209,673/HQĐNa_GSQL,13/05/2011,Cục Hải Quan tỉnh Đồng Nai,Về việc sử dụng tờ khai sao y bản chính trong hồ sơ thanh khoản thuế Cty TNHH Sanyo Ha Asean,65888,305,18,DONG_NAI,null,null,https://files.customs.gov.vn/DONG_NAI//Data/CV_Hqdn/673_HQDNa_FSQL.PDF,https://www.customs.gov.vn/index.jsp?pageId=3&id=65888&cid=1294,2011,05/2011,2026-10-08T09:45:29Z
210,674/HQĐNa_GSQL,13/05/2011,Cục Hải Quan tỉnh Đồng Nai,Về việc sử dụng tờ khai sao y bản chính trong hồ sơ thanh khoản thuế Cty TNHH Washin VN,65887,305,18,DONG_NAI,null,null,https://files.customs.gov.vn/DONG_NAI//Data/CV_Hqdn/674_HQDNa_GSQL.PDF,https://www.customs.gov.vn/index.jsp?pageId=3&id=65887&cid=1294,2011,05/2011,2026-10-08T09:45:29Z
211,CV2905/CT-TTHT,13/05/2011,Khác,"V/v  Hoá đơn bán hàng hoá, dịch vụ",63268,305,16,DONG_NAI,null,null,https://files.customs.gov.vn/DONG_NAI//Data/Cv_Hqdn/2905_CT_TTHT.pdf,https://www.customs.gov.vn/index.jsp?pageId=3&id=63268&cid=1294,2011,05/2011,2026-10-08T09:45:29Z
212,CV6218/BTC-TCHQ,13/05/2011,Bộ Tài chính,V/v  Hướng dẫn thực hiện thủ tục hải quan điện tử đối với công ty Intel,63270,305,16,DONG_NAI,null,null,https://files.customs.gov.vn/DONG_NAI//Data/CV_BTC/6218_BTC_TCHQ.pdf,https://www.customs.gov.vn/index.jsp?pageId=3&id=63270&cid=1294,2011,05/2011,2026-10-08T09:45:29Z
213,TT62/2011/TTLT/BTC-BCT-BGTVT,13/05/2011,Bộ Công thương,"V/v Sửa đổi bổ sung mục IV của Thông tư liên tịch số 08/2004/TTLT-BTM-BTC-BGTVT ngày 17/12/2004 hướng dẫn thực hiện dịch vụ trung chuyển container tại các cảng biển Việt Nam của Bộ Thương mại (nay là Bộ Công thương), Bộ Tài chính, Bộ Giao thông vận tải",63266,305,4,DONG_NAI,null,null,https://files.customs.gov.vn/DONG_NAI//Data/CV_BTC/62-2011-TTLT-BTC-BCT-BGTVT.pdf,https://www.customs.gov.vn/index.jsp?pageId=3&id=63266&cid=1294,2011,05/2011,2026-10-08T09:45:29Z
214,TT63/2011/TT-BTC,13/05/2011,Bộ Tài chính,V/v Áp dụng thí điểm chế độ hướng dẫn ưu tiên trong lĩnh vực quản lý nhà nước về hải quan đối với doanh nghiệp đủ điều kiện,63267,305,4,DONG_NAI,null,null,https://files.customs.gov.vn/DONG_NAI//Data/CV_BTC/63-2011-TT-BTC-13-05-2011.pdf,https://www.customs.gov.vn/index.jsp?pageId=3&id=63267&cid=1294,2011,05/2011,2026-10-08T09:45:29Z
215,TT64/2011-TT-BTC,13/05/2011,Bộ Tài chính,"Hướng dẫn thực hiện quyết định số 19/2011 QĐ-TTg ngày 23/3/2011 của Thủ tướng Chính phủ về việc thí đeểm tiếp nhận bản khai hàng hoá, các chứng từ khác có liên quan và thông quan điện tử đối với tàu biển xuất, nhập cảnh",63265,305,4,DONG_NAI,null,null,https://files.customs.gov.vn/DONG_NAI//Data/CV_BTC/64-2011-TT_BTC.pdf,https://www.customs.gov.vn/index.jsp?pageId=3&id=63265&cid=1294,2011,05/2011,2026-10-08T09:45:29Z
216,112/2011/NĐ-CP,12/05/2011,null,"Nghị định số 112/2011/NĐ-CP của Chính phủ về công chức xã, phường, thị trấn",42638,305,18,QUANG_BINH,null,null,https://files.customs.gov.vn/CustomsCMS/QUANG_BINH/2021/04/images/stories/files/ND11211CP.doc,https://www.customs.gov.vn/index.jsp?pageId=3&id=42638&cid=1294,2011,05/2011,2026-10-08T09:45:29Z
217,20/2011/TT-BTC,12/05/2011,null,Thông tư quy định bổ sung thủ tục nhập khẩu xe ô tô chở người loại từ 09 chỗ ngồi trở xuống<br />,73397,305,4,DA_NANG,admin,12/05/2011,https://files.customs.gov.vn/DA_NANG/Uploads/65e32243-11bf-4695-985d-c1563e8c13ba/TT20-NK xe oto duoi 9 cho.tif,https://www.customs.gov.vn/index.jsp?pageId=3&id=73397&cid=1294,2011,05/2011,2026-10-08T09:45:29Z
218,60/TTLT-BTC-BCT-BCA,12/05/2011,Bộ Công thương,"Hướng dẫn chế độ hoá đơn, chứng từ đối với hàng hoá nhập khẩu lưu thông trên thị trường",61318,305,4,BA_RIA_VUNG_TAU,null,01/07/2011,https://files.customs.gov.vn/BA_RIA_VUNG_TAU/uploads/document/379/60_2011_TTLT-BTC-BCT-BCA.doc,https://www.customs.gov.vn/index.jsp?pageId=3&id=61318&cid=1294,2011,05/2011,2026-10-08T09:45:29Z
219,656/HQĐNa-TXNK,12/05/2011,Cục Hải Quan tỉnh Đồng Nai,Đăng ký danh mục hàng hoá nhập khẩu miễn thuế - Bệnh viện đa khoa Nhơn Trạch,65891,305,18,DONG_NAI,null,null,https://files.customs.gov.vn/DONG_NAI//Data/CV_Hqdn/656_HQDNa_TXNK.PDF,https://www.customs.gov.vn/index.jsp?pageId=3&id=65891&cid=1294,2011,05/2011,2026-10-08T09:45:29Z
220,660/HQĐNa_TXNK,12/05/2011,Cục Hải Quan tỉnh Đồng Nai,Thay đổi số hiệu tài khoản hoạt động của Cục Hải quan Đồng Nai,65890,305,18,DONG_NAI,null,null,https://files.customs.gov.vn/DONG_NAI//Data/CV_Hqdn/660_HQDNa_TXNK.PDF,https://www.customs.gov.vn/index.jsp?pageId=3&id=65890&cid=1294,2011,05/2011,2026-10-08T09:45:29Z
221,CV2149/TCHQ-TXNK,12/05/2011,Tổng cục hải quan,"V/v  Nguyên liệu, vật tư NKD cung ứng cho hợp đồng gia công",63274,305,16,DONG_NAI,null,null,https://files.customs.gov.vn/DONG_NAI//Data/CV_TCHQ/2149_TCHQ_TXNK.pdf,https://www.customs.gov.vn/index.jsp?pageId=3&id=63274&cid=1294,2011,05/2011,2026-10-08T09:45:29Z
222,CV2155/TCHQ-GSQL,12/05/2011,Tổng cục hải quan,V/v  Xin thay tờ khai do đăng ký sai loại hình,63273,305,16,DONG_NAI,null,null,https://files.customs.gov.vn/DONG_NAI//Data/CV_TCHQ/2155_TCHQ_GSQL.pdf,https://www.customs.gov.vn/index.jsp?pageId=3&id=63273&cid=1294,2011,05/2011,2026-10-08T09:45:29Z
223,CV6079/BTC-TCT,12/05/2011,Bộ Tài chính,V/v  Thuế GTGT mủ cao su,63272,305,16,DONG_NAI,null,null,https://files.customs.gov.vn/DONG_NAI//Data/CV_BTC/6079_BTC_TCT.pdf,https://www.customs.gov.vn/index.jsp?pageId=3&id=63272&cid=1294,2011,05/2011,2026-10-08T09:45:29Z
224,TT20/2011-TT-BCT,12/05/2011,Bộ Công thương,Thông tư qui định bổ sung thủ tục nhập khẩu xe ô tô chở người loại từ 9 chỗ ngồi trở xuống,63275,305,4,DONG_NAI,null,null,https://files.customs.gov.vn/DONG_NAI//Data/CV_BCT/20-2011-tt-bct.pdf,https://www.customs.gov.vn/index.jsp?pageId=3&id=63275&cid=1294,2011,05/2011,2026-10-08T09:45:29Z
225,TTLT60/2011/TT-BTC-BCT-BCA,12/05/2011,Bộ Công an,"V/v Hướng dẫn chế độ hóa đơn, chứng từ đối với hàng hóa nhập khẩu lưu thông trên thị trường",63271,305,4,DONG_NAI,null,null,https://files.customs.gov.vn/DONG_NAI//Data/CV_BTC/60-2011-TTLT-BTC-BCT-BCA.pdf,https://www.customs.gov.vn/index.jsp?pageId=3&id=63271&cid=1294,2011,05/2011,2026-10-08T09:45:29Z
226,635/HQĐNa_GSQL,10/05/2011,Cục Hải Quan tỉnh Đồng Nai,Về việc nhập khẩu ô tô theo diện tài sản di chuyển của Việt kiều hồi hương,65892,305,18,DONG_NAI,null,null,https://files.customs.gov.vn/DONG_NAI//Data/CV_Hqdn/675_HQDNa_GSQL.PDF,https://www.customs.gov.vn/index.jsp?pageId=3&id=65892&cid=1294,2011,05/2011,2026-10-08T09:45:29Z
227,5883/BTC-TCHQ,09/05/2011,null,"Hướng dẫn thực hiện điều 57 thông tư 194/2010/TT-BTC<br />
</span></span> </p>",73396,305,16,DA_NANG,admin,09/05/2011,,https://www.customs.gov.vn/index.jsp?pageId=3&id=73396&cid=1294,2011,05/2011,2026-10-08T09:45:29Z
228,CV2080/TCHQ-TXNK,09/05/2011,Tổng cục hải quan,V/v  Ân hạn thuế,63276,305,16,DONG_NAI,null,null,https://files.customs.gov.vn/DONG_NAI//Data/CV_TCHQ/2080_TCHQ_TXNK.pdf,https://www.customs.gov.vn/index.jsp?pageId=3&id=63276&cid=1294,2011,05/2011,2026-10-08T09:45:29Z
229,197/TB-BCT,06/05/2011,null,"<p class=""MsoNormal"" style=""margin: 6pt 0in 0pt""><font face=""Times New Roman"" size=""3"">Thông báo về việc nhập khẩu rượu, điện thoại di động, mỹ phẩm.</font></p>",73394,305,16,DA_NANG,admin,06/05/2011,https://files.customs.gov.vn/DA_NANG/Uploads/65e32243-11bf-4695-985d-c1563e8c13ba/197-NK my pham DT ruou.tif,https://www.customs.gov.vn/index.jsp?pageId=3&id=73394&cid=1294,2011,05/2011,2026-10-08T09:45:29Z
230,35/2011/TT-BGTVT,06/05/2011,Bộ giao thông vận tải,"Thông tư 35/2011/TT-BGTVT về thủ tục cấp giấy chứng nhận chất lượng an toàn kỹ thuật thiết bị xếp dỡ, nồi hơi, thiết bị áp lực sử dụng trong giao thông vận tải do Bộ Giao thông vận tải ban hành",55293,305,4,TP_HO_CHI_MINH,Hồ Nghĩa Dũng,20/06/2011,https://files.customs.gov.vn/CustomsCMS/TP_HO_CHI_MINH/2020/Web/Data/DocumentAttachments/35_2011_TT-BGTVT_123934.doc,https://www.customs.gov.vn/index.jsp?pageId=3&id=55293&cid=1294,2011,05/2011,2026-10-08T09:45:29Z
231,7373737,06/05/2011,null,van ban trich yeu,67320,305,18,CAN_THO,null,06/05/2011,,https://www.customs.gov.vn/index.jsp?pageId=3&id=67320&cid=1294,2011,05/2011,2026-10-08T09:45:29Z
232,1950/TCHQ-GSQL,05/05/2011,null,Công văn số 1950/TCHQ-GSQL của Tổng cục Hải quan về việc cách tính định mức hàng NSXXK,42647,305,18,QUANG_BINH,null,null,https://files.customs.gov.vn/CustomsCMS/QUANG_BINH/2021/04/images/stories/files/CV195011TCHQGSQL.doc,https://www.customs.gov.vn/index.jsp?pageId=3&id=42647&cid=1294,2011,05/2011,2026-10-08T09:45:29Z
233,1927/TCHQ-GSQL,04/05/2011,null,"Công văn số 1927/TCHQ-GSQL của Tổng cục Hải quan về việc xác định hàng hóa đã xuất khẩu khi hàng hóa đưa vào, ra khu phi thuế quan",42996,305,18,QUANG_BINH,null,null,https://files.customs.gov.vn/CustomsCMS/QUANG_BINH/2021/04/images/stories/files/CV192711TCHQGSQL.doc,https://www.customs.gov.vn/index.jsp?pageId=3&id=42996&cid=1294,2011,05/2011,2026-10-08T09:45:29Z
234,10/2011/TT-BKHCN,30/06/2011,Bộ Khoa Học Công Nghệ,"Thông tư sửa đổi, bổ sung một số quy định của thông tư số 08/2009/TT-BKHCN ngày 08 tháng 4 năm 2009 của bộ trưởng bộ khoa học và công nghệ hướng dẫn về yêu cầu, trình tự, thủ tục đăng ký lĩnh vực hoạt động đánh giá sự phù hợp",53728,305,4,TP_HO_CHI_MINH,Nguyễn Quân,20/08/2011,https://files.customs.gov.vn/CustomsCMS/TP_HO_CHI_MINH/2020/Web/Data/DocumentAttachments/10_2011_TT-BKHCN_129908.doc,https://www.customs.gov.vn/index.jsp?pageId=3&id=53728&cid=1294,2011,06/2011,2026-10-08T09:45:29Z
235,16/2011/UBTVQH12,30/06/2011,Ủy ban thường vụ Quốc hội,"Pháp lệnh quản lý, sử dụng vũ khí, vật liệu nổ và công cụ hỗ trợ",58498,305,10,TP_HO_CHI_MINH,Nguyễn Phú Trọng,01/01/2012,https://files.customs.gov.vn/CustomsCMS/TP_HO_CHI_MINH/2020/Web/Data/DocumentAttachments/16_2011_UBTVQH12_126833.doc,https://www.customs.gov.vn/index.jsp?pageId=3&id=58498&cid=1294,2011,06/2011,2026-10-08T09:45:29Z
236,8540/BTC-TCHQ,30/06/2011,null,<p>Xử lý thuế đối với đối tượng hoàn thuantrong thời gian chờ thanh khoản</p>,73433,305,16,DA_NANG,admin,30/06/2011,https://files.customs.gov.vn/DA_NANG/Uploads/65e32243-11bf-4695-985d-c1563e8c13ba/8540.tif,https://www.customs.gov.vn/index.jsp?pageId=3&id=73433&cid=1294,2011,06/2011,2026-10-08T09:45:29Z
237,1023/HQĐNa-TXNK,29/06/2011,Cục Hải Quan tỉnh Đồng Nai,V/v Điều chỉnh Danh mục hàng hóa nhập khẩu miễn thuế,65848,305,18,DONG_NAI,null,null,https://files.customs.gov.vn/DONG_NAI//Data/Cv_Hqdn/1023_HQDNa_TXNK.pdf,https://www.customs.gov.vn/index.jsp?pageId=3&id=65848&cid=1294,2011,06/2011,2026-10-08T09:45:29Z
238,1024/HQĐNa-TXNK,29/06/2011,Cục Hải Quan tỉnh Đồng Nai,V/v Đăng ký Danh mục hàng hóa nhập khẩu miễn thuế tạo TSCĐ,65847,305,18,DONG_NAI,null,null,https://files.customs.gov.vn/DONG_NAI//Data/Cv_Hqdn/1024_HQDNa_TXNK.pdf,https://www.customs.gov.vn/index.jsp?pageId=3&id=65847&cid=1294,2011,06/2011,2026-10-08T09:45:29Z
239,36/2011/QÐ-TTG,29/06/2011,Thủ tướng Chính phủ,Quyết định Về việc ban hành mức thuế nhập khẩu xe ô tô chở người từ 15 chỗ ngồi trở xuống đã qua sử dụng,55058,305,10,TP_HO_CHI_MINH,Nguyễn Tấn Dũng,15/08/2011,https://files.customs.gov.vn/CustomsCMS/TP_HO_CHI_MINH/2020/Web/Data/DocumentAttachments/36-2011-ttg.doc,https://www.customs.gov.vn/index.jsp?pageId=3&id=55058&cid=1294,2011,06/2011,2026-10-08T09:45:29Z
240,TT36/2011/QĐ-TTg,29/06/2011,Chính phủ,V/v Ban hành mức thuế nhập khẩu xe ô tô chở người từ 15 chỗ trở xuống đã qua sử dụng,63229,305,4,DONG_NAI,null,null,https://files.customs.gov.vn/DONG_NAI//Data/Nghi_dinh/36-2011-QD-TTg.pdf,https://www.customs.gov.vn/index.jsp?pageId=3&id=63229&cid=1294,2011,06/2011,2026-10-08T09:45:29Z
241,TT45/2011/TT-BCA,29/06/2011,Bộ Công an,V/v Hướng dẫn cấp giấy phép xuất nhập cảnh cho người nước ngoài thường trú tại Việt Nam không có hộ chiếu,63204,305,4,DONG_NAI,null,null,https://files.customs.gov.vn/DONG_NAI//Data/Nghi_dinh/45-2011-TT-BCA.pdf,https://www.customs.gov.vn/index.jsp?pageId=3&id=63204&cid=1294,2011,06/2011,2026-10-08T09:45:29Z
242,CV1098/QLCL-CL2,28/06/2011,Khác,V/v Áp dụng qui định thông tư số 13/2011/TT-BNNPTNT,63230,305,16,DONG_NAI,null,null,https://files.customs.gov.vn/DONG_NAI//Data/BO_NN_PTNN/1098-QLCL-CL2.pdf,https://www.customs.gov.vn/index.jsp?pageId=3&id=63230&cid=1294,2011,06/2011,2026-10-08T09:45:29Z
243,1001/HQĐNa-TXNK,27/06/2011,Cục Hải Quan tỉnh Đồng Nai,V/v Đăng ký Danh mục hàng hóa nhập khẩu miễn thuế tạo TSCĐ (Cty Homn Reen Việt Nam),65850,305,18,DONG_NAI,null,null,https://files.customs.gov.vn/DONG_NAI//Data/Cv_Hqdn/1001-HQDNa-TXNK.pdf,https://www.customs.gov.vn/index.jsp?pageId=3&id=65850&cid=1294,2011,06/2011,2026-10-08T09:45:29Z
244,1007/HQĐNa-TXNK,27/06/2011,Cục Hải Quan tỉnh Đồng Nai,V/v Điều chỉnh Danh mục hàng hóa nhập khẩu miễn thuế tạo TSCĐ (Cty Global Dyeing),65849,305,18,DONG_NAI,null,null,https://files.customs.gov.vn/DONG_NAI//Data/Cv_Hqdn/1007-HQDNa-TXNK.pdf,https://www.customs.gov.vn/index.jsp?pageId=3&id=65849&cid=1294,2011,06/2011,2026-10-08T09:45:29Z
245,1000//HQĐNa-GSQL,24/06/2011,Cục Hải Quan tỉnh Đồng Nai,V/v Tái xuất nguyên vật liệu vào kho ngoại quan (Cty Đông Phương Đồng Nai Việt Nam),65851,305,18,DONG_NAI,null,null,https://files.customs.gov.vn/DONG_NAI//Data/Cv_Hqdn/1000-HQDNa-GSQL.pdf,https://www.customs.gov.vn/index.jsp?pageId=3&id=65851&cid=1294,2011,06/2011,2026-10-08T09:45:29Z
246,5628/BCT-XNK,24/06/2011,null,Tăng cường quản lý nhập khẩu ô tô<br />,73428,305,16,DA_NANG,admin,24/06/2011,https://files.customs.gov.vn/DA_NANG/Uploads/65e32243-11bf-4695-985d-c1563e8c13ba/5628-NK oto.tif,https://www.customs.gov.vn/index.jsp?pageId=3&id=73428&cid=1294,2011,06/2011,2026-10-08T09:45:29Z
247,999/HQĐNa-TXNK,24/06/2011,Cục Hải Quan tỉnh Đồng Nai,V/v Hướng dẫn khai báo mã HS cho mặt hàng TOPSol X2000 (V55 Solvent),65852,305,18,DONG_NAI,null,null,https://files.customs.gov.vn/DONG_NAI//Data/Cv_Hqdn/999_HQDN.pdf,https://www.customs.gov.vn/index.jsp?pageId=3&id=65852&cid=1294,2011,06/2011,2026-10-08T09:45:29Z
248,CV3025/TCHQ-TXNK,24/06/2011,Tổng cục hải quan,V/v Phân loại tấm bệ cố định đường ray,63231,305,16,DONG_NAI,null,null,https://files.customs.gov.vn/DONG_NAI//Data/CV_TCHQ/3025-TCHQ-TXNK.pdf,https://www.customs.gov.vn/index.jsp?pageId=3&id=63231&cid=1294,2011,06/2011,2026-10-08T09:45:29Z
249,3009/TCHQ-TXNK,23/06/2011,null,"Thuế suất thuế GTGT<br />
</font></strong> </p>",73427,305,16,DA_NANG,admin,23/06/2011,https://files.customs.gov.vn/DA_NANG/Uploads/65e32243-11bf-4695-985d-c1563e8c13ba/3009.tif,https://www.customs.gov.vn/index.jsp?pageId=3&id=73427&cid=1294,2011,06/2011,2026-10-08T09:45:29Z
250,5608/BCT-XNK,23/06/2011,null,Hướng dẫn thực hiện các quy định tại Thông báo số 197/TB-BCT,73426,305,16,DA_NANG,admin,23/06/2011,https://files.customs.gov.vn/DA_NANG/Uploads/65e32243-11bf-4695-985d-c1563e8c13ba/5608-hdan TT197.tif,https://www.customs.gov.vn/index.jsp?pageId=3&id=73426&cid=1294,2011,06/2011,2026-10-08T09:45:29Z
251,CV3009/TCHQ-TXNK,23/06/2011,Tổng cục hải quan,V/v Thuế suất thuế GTGT,63232,305,16,DONG_NAI,null,null,https://files.customs.gov.vn/DONG_NAI//Data/CV_TCHQ/3009-TCHQ-TXNK.pdf,https://www.customs.gov.vn/index.jsp?pageId=3&id=63232&cid=1294,2011,06/2011,2026-10-08T09:45:29Z
252,5569/BCT-XNK,22/06/2011,null,Triển khai thực hiện Thông báo số 197/TB-BCT và Thông tư số 20/2011/TT-BCT,73425,305,16,DA_NANG,admin,22/06/2011,https://files.customs.gov.vn/DA_NANG/Uploads/65e32243-11bf-4695-985d-c1563e8c13ba/5569-Hdan TT20.tif,https://www.customs.gov.vn/index.jsp?pageId=3&id=73425&cid=1294,2011,06/2011,2026-10-08T09:45:29Z
253,CV5569/BCT-XNK,22/06/2011,Bộ Công thương,V/v Triển khai thực hiện Thông báo số 197/TB-BCT và Thông tư số 20/2011/TT-BCT,63233,305,16,DONG_NAI,null,null,https://files.customs.gov.vn/DONG_NAI//Data/CV_BCT/5569-BCT-XNK.pdf,https://www.customs.gov.vn/index.jsp?pageId=3&id=63233&cid=1294,2011,06/2011,2026-10-08T09:45:29Z
254,8118/BTC-TCHQ,21/06/2011,null,Giải quyết vướng mắc thuế NK bộ linh kiện lắp ráp ô tô</font></strong> </p>,73424,305,16,DA_NANG,admin,21/06/2011,https://files.customs.gov.vn/DA_NANG/Uploads/65e32243-11bf-4695-985d-c1563e8c13ba/8118.btc.tif,https://www.customs.gov.vn/index.jsp?pageId=3&id=73424&cid=1294,2011,06/2011,2026-10-08T09:45:29Z
255,QĐ1165/QĐ-TCHQ,21/06/2011,Tổng cục hải quan,"V/v Ban hành quy trình hướng dẫn thủ tục hải quan đối với hành lý của người xuất, nhập cảnh; hành lý ký gửi bị từ bỏ, thất lạc, nhầm lẫn tại các cửa khẩu quóc tế Việt Nam",63234,305,10,DONG_NAI,null,null,https://files.customs.gov.vn/DONG_NAI//Data/CV_TCHQ/1165-QD-TCHQ.pdf,https://www.customs.gov.vn/index.jsp?pageId=3&id=63234&cid=1294,2011,06/2011,2026-10-08T09:45:29Z
256,2936/TCHQ-TXNK,20/06/2011,null,"Phân loại mặt hàng tấm nhôm dùng trong in Offset<br />
</font></strong> </p>",73423,305,16,DA_NANG,admin,20/06/2011,https://files.customs.gov.vn/DA_NANG/Uploads/65e32243-11bf-4695-985d-c1563e8c13ba/2936.tif,https://www.customs.gov.vn/index.jsp?pageId=3&id=73423&cid=1294,2011,06/2011,2026-10-08T09:45:29Z
257,44/2011/TT-BNNPTNT,20/06/2011,Bộ nông nghiệp và phát triển nông thôn,"Thông tư 44/2011/TT-BNNPTNT bổ sung danh mục sản phẩm, hàng hóa có khả năng gây mất an toàn thuộc trách nhiệm quản lý của Bộ Nông nghiệp và Phát triển nông thôn do Bộ Nông nghiệp và Phát triển nông thôn ban hành",53018,305,4,TP_HO_CHI_MINH,Cao Đức Phát,04/08/2011,https://files.customs.gov.vn/CustomsCMS/TP_HO_CHI_MINH/2020/Web/Data/DocumentAttachments/44_2011_TT-BNNPTNT_126155.doc,https://www.customs.gov.vn/index.jsp?pageId=3&id=53018&cid=1294,2011,06/2011,2026-10-08T09:45:29Z
258,954/HQĐNa-CCHĐH,20/06/2011,Cục Hải Quan tỉnh Đồng Nai,"V/v Nhập khẩu ""khô dầu cọ"" để chiết xuất ra nguyên liệu dùng trong thực phẩm chức năng",65855,305,18,DONG_NAI,null,null,https://files.customs.gov.vn/DONG_NAI//Data/Cv_Hqdn/954-HQDNa-CCHDH.PDF,https://www.customs.gov.vn/index.jsp?pageId=3&id=65855&cid=1294,2011,06/2011,2026-10-08T09:45:29Z
259,959/HQĐNa-TXNK,20/06/2011,Cục Hải Quan tỉnh Đồng Nai,V/v Đăng ký Danh mục hàng hóa nhập khẩu miễn thuế tạo TSCĐ (Chi nhánh Cty TNHH De Heus tại Đồng Nai),65854,305,18,DONG_NAI,null,null,https://files.customs.gov.vn/DONG_NAI//Data/Cv_Hqdn/959-HQDNa-XNK.PDF,https://www.customs.gov.vn/index.jsp?pageId=3&id=65854&cid=1294,2011,06/2011,2026-10-08T09:45:29Z
260,960/HQĐNa-TXNK,20/06/2011,Cục Hải Quan tỉnh Đồng Nai,V/v Điều chỉnh Danh mục hàng hóa nhập khẩu miễn thuế tạo TSCĐ (Cty CPĐT&KD Golf Long Thành),65853,305,18,DONG_NAI,null,null,https://files.customs.gov.vn/DONG_NAI//Data/Cv_Hqdn/960-HQDNa-TXNK.PDF,https://www.customs.gov.vn/index.jsp?pageId=3&id=65853&cid=1294,2011,06/2011,2026-10-08T09:45:29Z
261,CV2936/TCHQ-TXNK,20/06/2011,Tổng cục hải quan,V/v Phân loại mặt hàng tấm nhôm dùng trong in offset,63235,305,16,DONG_NAI,null,null,https://files.customs.gov.vn/DONG_NAI//Data/CV_TCHQ/2936-TCHQ-TXNK.pdf,https://www.customs.gov.vn/index.jsp?pageId=3&id=63235&cid=1294,2011,06/2011,2026-10-08T09:45:29Z
262,TT90/2011/TT-BTC,20/06/2011,Bộ Tài chính,"V/v Hướng dẫn miễn thuế xuất khẩu mặt hàng trầm hương được sản xuất, tạo ra từ cây Dó bầu trồng",63237,305,4,DONG_NAI,null,04/08/2011,https://files.customs.gov.vn/DONG_NAI//Data/CV_BTC/90-2011-TT-BTC.pdf,https://www.customs.gov.vn/index.jsp?pageId=3&id=63237&cid=1294,2011,06/2011,2026-10-08T09:45:29Z
263,TT91/2011/TT-BTC,20/06/2011,Bộ Tài chính,V/v Sửa đổi mức thuế nhập khẩu ưu đãi đối với một số mặt hàng trong Biểu thuế nhập khẩu ưu đãi,63236,305,4,DONG_NAI,null,04/08/2011,https://files.customs.gov.vn/DONG_NAI//Data/CV_BTC/91-2011-TT-BTC.pdf,https://www.customs.gov.vn/index.jsp?pageId=3&id=63236&cid=1294,2011,06/2011,2026-10-08T09:45:29Z
264,47/2011/NÐ-CP,17/06/2011,Chính phủ,Nghị định quy định chi tiết thi hành một số nội dung của Luật bưu chính,52689,305,8,TP_HO_CHI_MINH,Nguyễn Tấn Dũng,15/08/2011,"https://files.customs.gov.vn/CustomsCMS/TP_HO_CHI_MINH/2020/Web/Data/DocumentAttachments/MAU_GIAY.docx,/CustomsCMS/TP_HO_CHI_MINH/2020/Web/Data/DocumentAttachments/47_2011_ND-CP_125633.doc",https://www.customs.gov.vn/index.jsp?pageId=3&id=52689&cid=1294,2011,06/2011,2026-10-08T09:45:29Z
265,85/2011/TT-BTC,17/06/2011,Bộ Tài chính,Hướng dẫn quy trình tổ chức phối hợp thu ngân sách nhà nước giữa Kho bạc Nhà nước - Tổng cục Thuế - Tổng cục Hải quan và các ngân hàng thương mại,53735,305,4,TP_HO_CHI_MINH,Phạm Sỹ Danh,10/08/2011,"https://files.customs.gov.vn/CustomsCMS/TP_HO_CHI_MINH/2020/Web/Data/DocumentAttachments/85_2011_TT_BTC_mauso_02.BKTP.doc,/CustomsCMS/TP_HO_CHI_MINH/2020/Web/Data/DocumentAttachments/85_2011_TT_BTC_mauso_C1.02.NS.doc,/CustomsCMS/TP_HO_CHI_MINH/2020/Web/Data/DocumentAttachments/85_2011_TT_BTC_04.BK.CTNNS.doc,/CustomsCMS/TP_HO_CHI_MINH/2020/Web/Data/DocumentAttachments/85_2011_TT_BTC_Quy_trinh_phoi_hop_thu_NSNN.doc,/CustomsCMS/TP_HO_CHI_MINH/2020/Web/Data/DocumentAttachments/85_2011_TT_BTC_mauso_01.BKNT.doc,/CustomsCMS/TP_HO_CHI_MINH/2020/Web/Data/DocumentAttachments/85_2011_TT_BTC_mauso_C1.06.NS.doc,/CustomsCMS/TP_HO_CHI_MINH/2020/Web/Data/DocumentAttachments/85_2011_TT_BTC_mauso_C1.03.NS.doc,/CustomsCMS/TP_HO_CHI_MINH/2020/Web/Data/DocumentAttachments/85_2011_TT_BTC_mauso_04.BK.CTNNS.doc",https://www.customs.gov.vn/index.jsp?pageId=3&id=53735&cid=1294,2011,06/2011,2026-10-08T09:45:29Z
266,TT89/2011/TT-BTC,17/06/2011,Bộ Tài chính,Hướng dẫn phương pháp xác định giá sàn gạo xuất khẩu,63238,305,4,DONG_NAI,null,01/08/2011,https://files.customs.gov.vn/DONG_NAI//Data/CV_BTC/89-2011-TT-BTC.pdf,https://www.customs.gov.vn/index.jsp?pageId=3&id=63238&cid=1294,2011,06/2011,2026-10-08T09:45:29Z
267,5381/BCT-XNK,16/06/2011,null,V/v thực hiện Thông tư số 20/2011/TT-BCT,73419,305,16,DA_NANG,admin,16/06/2011,https://files.customs.gov.vn/DA_NANG/Uploads/65e32243-11bf-4695-985d-c1563e8c13ba/5381-BCT.tif,https://www.customs.gov.vn/index.jsp?pageId=3&id=73419&cid=1294,2011,06/2011,2026-10-08T09:45:29Z
268,942/HQĐNa-CCHĐH,16/06/2011,Cục Hải Quan tỉnh Đồng Nai,V/v Áp dụng giấy chứng nhận xuất xứ hàng hóa mẫu VJ cho hàng hóa xuất nhập khấu tại chỗ,65856,305,18,DONG_NAI,null,null,https://files.customs.gov.vn/DONG_NAI//Data/Cv_Hqdn/942-HQDNa-CCHDH.PDF,https://www.customs.gov.vn/index.jsp?pageId=3&id=65856&cid=1294,2011,06/2011,2026-10-08T09:45:29Z
269,CV5381/BCT-XNK,16/06/2011,Bộ Công thương,V/v Thực hiện Thông tư số 20/2011/TT-BCT,63239,305,16,DONG_NAI,null,null,https://files.customs.gov.vn/DONG_NAI//Data/CV_BCT/5381-BCT-XNK.pdf,https://www.customs.gov.vn/index.jsp?pageId=3&id=63239&cid=1294,2011,06/2011,2026-10-08T09:45:29Z
270,TT24/2011/TT-BCT,16/06/2011,Bộ Công thương,"V/v Sửa đổi, bổ sung Thông tư số 07/2011/TT-BCT ngày 24/03/2011 của Bộ Công thương quy định Danh mục Hàng tiêu dùng để phục vụ việc xác định thời hạn nộp thuế nhập khẩu",63240,305,4,DONG_NAI,null,01/08/2011,https://files.customs.gov.vn/DONG_NAI//Data/CV_BCT/24-2011-TT-BCT.pdf,https://www.customs.gov.vn/index.jsp?pageId=3&id=63240&cid=1294,2011,06/2011,2026-10-08T09:45:29Z
271,940/HQĐNa-GSQL,15/06/2011,Cục Hải Quan tỉnh Đồng Nai,"V/v Khảo sát thực tế cơ sở hạ tầng, vật chất, kỹ thuật kho ngoại quan",65857,305,18,DONG_NAI,null,null,https://files.customs.gov.vn/DONG_NAI//Data/Cv_Hqdn/940-HQDNa-GSQL.PDF,https://www.customs.gov.vn/index.jsp?pageId=3&id=65857&cid=1294,2011,06/2011,2026-10-08T09:45:29Z
272,916/HQĐNa-NV,14/06/2011,Cục Hải Quan tỉnh Đồng Nai,V/v Đăng ký Danh mục hàng hóa nhập khẩu miễn thuế tạo TSCĐ (Cty TNHH Japfa Comfeed Bình Thuận),65858,305,18,DONG_NAI,null,null,https://files.customs.gov.vn/DONG_NAI//Data/Cv_Hqdn/916-HQDNa-NV.PDF,https://www.customs.gov.vn/index.jsp?pageId=3&id=65858&cid=1294,2011,06/2011,2026-10-08T09:45:29Z
273,42/2011/NĐ-CP,13/06/2011,null,Nghị định số 42/2011/NĐ-CP của Chính phủ quy định công dân thuộc diện làm nghĩa vụ quân sự được miễn gọi nhập ngũ trong thời chiến,42700,305,18,QUANG_BINH,null,null,https://files.customs.gov.vn/CustomsCMS/QUANG_BINH/2021/04/images/stories/files/ND4211CP.pdf,https://www.customs.gov.vn/index.jsp?pageId=3&id=42700&cid=1294,2011,06/2011,2026-10-08T09:45:29Z
274,43/2011/NĐ-CP,13/06/2011,null,Nghị định số 43/2011/NĐ-CP của Chính phủ quy định về việc cung cấp thông tin và dịch vụ công trực tuyến trên trang thông tin điện tử hoặc cổng thông tin điện tử của cơ quan nhà nước,42699,305,18,QUANG_BINH,null,null,https://files.customs.gov.vn/CustomsCMS/QUANG_BINH/2021/04/images/stories/files/ND4311CP.pdf,https://www.customs.gov.vn/index.jsp?pageId=3&id=42699&cid=1294,2011,06/2011,2026-10-08T09:45:29Z
275,898/HQĐNa-TXNK,13/06/2011,Cục Hải Quan tỉnh Đồng Nai,V/v Gia hạn thời hạn nộp thuế (Cty CPKD Khí hóa lỏng Miền Nam),65859,305,18,DONG_NAI,null,null,https://files.customs.gov.vn/DONG_NAI//Data/Cv_Hqdn/898-HQDNa-TXNK.pdf,https://www.customs.gov.vn/index.jsp?pageId=3&id=65859&cid=1294,2011,06/2011,2026-10-08T09:45:29Z
276,43/2011/TT-BGTVT,09/06/2011,null,"Quy định về bảo hành, bảo dưỡng xe ô tô của thương nhân nhập khẩu xe ô tô",73417,305,4,DA_NANG,admin,09/06/2011,https://files.customs.gov.vn/DA_NANG/Uploads/65e32243-11bf-4695-985d-c1563e8c13ba/TT43-bao hanh xe oto.tif,https://www.customs.gov.vn/index.jsp?pageId=3&id=73417&cid=1294,2011,06/2011,2026-10-08T09:45:29Z
277,889/HQĐNa-TXNK,09/06/2011,Cục Hải Quan tỉnh Đồng Nai,V/v Hướng dẫn bổ sung Điều 41 và Điều 118 Thông tư số 194/2010/TT-BTC,65860,305,18,DONG_NAI,null,null,https://files.customs.gov.vn/DONG_NAI//Data/Cv_Hqdn/889-HQDNa-TXNK.PDF,https://www.customs.gov.vn/index.jsp?pageId=3&id=65860&cid=1294,2011,06/2011,2026-10-08T09:45:29Z
278,TT43/2011/TT-BGTVT,09/06/2011,Bộ Giao thông vận tải,"V/v Quy định về bảo hành, bảo dưỡng xe ô tô của thương nhân nhập khẩu xe ô tô",63241,305,4,DONG_NAI,null,null,https://files.customs.gov.vn/DONG_NAI//Data/CV_nganh_khac/43-2011-TT-BGTVT.pdf,https://www.customs.gov.vn/index.jsp?pageId=3&id=63241&cid=1294,2011,06/2011,2026-10-08T09:45:29Z
279,TT80/2011/TT-BTC,09/06/2011,Bộ Tài chính,V/v Thực hiện một số điều của Nghị định số 14/2011/NĐ-CP ngày 16/02/2011 của Chính phủ quy định về điều kiện đăng ký và hoạt động của đại lý làm thủ tục hải quan,63242,305,4,DONG_NAI,null,null,https://files.customs.gov.vn/DONG_NAI//Data/CV_BTC/80-2011-TT-BTC.pdf,https://www.customs.gov.vn/index.jsp?pageId=3&id=63242&cid=1294,2011,06/2011,2026-10-08T09:45:29Z
280,2706/TCHQ-GSQL,07/06/2011,Tổng cục hải quan,V/v Hướng dẫn một số điểm của TT 36/2010/TT-BCT và triển khai kết quả cuộc họp ACTNC lần thứ 37,56603,305,16,TP_HO_CHI_MINH,Vũ Ngọc Anh,07/06/2011,https://files.customs.gov.vn/CustomsCMS/TP_HO_CHI_MINH/2020/Web/Data/DocumentAttachments/2706-TCHQ-GSQL.tif,https://www.customs.gov.vn/index.jsp?pageId=3&id=56603&cid=1294,2011,06/2011,2026-10-08T09:45:29Z
281,346/QĐ-HQĐNa,07/06/2011,Cục Hải Quan tỉnh Đồng Nai,V/v Thu hẹp diện tích kho ngoại quan,65861,305,10,DONG_NAI,null,null,https://files.customs.gov.vn/DONG_NAI//Data/Cv_Hqdn/346-QD-HQDNa.PDF,https://www.customs.gov.vn/index.jsp?pageId=3&id=65861&cid=1294,2011,06/2011,2026-10-08T09:45:29Z
282,871/HQĐNa-GSQL,07/06/2011,Cục Hải Quan tỉnh Đồng Nai,V/v Thu hẹp diện tích kho ngoại quan tại ICD Tân Cảng - Long Bình,65862,305,18,DONG_NAI,null,null,https://files.customs.gov.vn/DONG_NAI//Data/Cv_Hqdn/871-HQDNa-GSQL.PDF,https://www.customs.gov.vn/index.jsp?pageId=3&id=65862&cid=1294,2011,06/2011,2026-10-08T09:45:29Z
283,TT77/2011/TT-BTC,07/06/2011,Bộ Tài chính,V/v Sửa đổi mức thuế suất nhập khẩu ưu đãi mặt hàng amoniac thuộc mã số 2814.10.00.00 tại Biểu thuế nhập khẩu ưu đãi,63243,305,4,DONG_NAI,null,null,https://files.customs.gov.vn/DONG_NAI//Data/CV_BTC/77-2011-TT-BTC-07-06-2011.pdf,https://www.customs.gov.vn/index.jsp?pageId=3&id=63243&cid=1294,2011,06/2011,2026-10-08T09:45:29Z
284,2677/TCHQ-GSQL,06/06/2011,Tổng cục hải quan,V/v vướng mắc C/O (công văn số 2677/TCHQ-GSQL ngày 06/6/2011).,56980,305,16,TP_HO_CHI_MINH,Vũ Ngọc Anh,06/06/2011,https://files.customs.gov.vn/CustomsCMS/TP_HO_CHI_MINH/2020/Web/Data/DocumentAttachments/2677-TCHQ-GSQL.tif,https://www.customs.gov.vn/index.jsp?pageId=3&id=56980&cid=1294,2011,06/2011,2026-10-08T09:45:29Z
285,42/2011/TT-BNNPTNT,06/06/2011,Bộ Nông nghiệp và Phát triển nông thôn,"Thông tư 42/2011/TT-BNNPTNT về danh mục bổ sung phân bón được phép sản xuất, kinh doanh và sử dụng tại Việt Nam",61264,305,4,TONG_CUC,Bùi Bá Bổng,21/07/2011,https://files.customs.gov.vn/BA_RIA_VUNG_TAU,https://www.customs.gov.vn/index.jsp?pageId=3&id=61264&cid=1294,2011,06/2011,2026-10-08T09:45:29Z
286,42/2011/TT-BNNPTNT,06/06/2011,null,"Thông tư ban hành danh mục bổ sung phân bón được phép sản xuất, kinh doanh và sử dụng tại Việt Nam<br />",73414,305,4,DA_NANG,admin,06/06/2011,https://files.customs.gov.vn/DA_NANG/Uploads/65e32243-11bf-4695-985d-c1563e8c13ba/TT42-phan bon.tif,https://www.customs.gov.vn/index.jsp?pageId=3&id=73414&cid=1294,2011,06/2011,2026-10-08T09:45:29Z
287,862/HQĐNa-ĐKS,06/06/2011,Cục Hải Quan tỉnh Đồng Nai,"V/v Hướng dẫn công nhận địa điểm kiểm tra hàng hóa tại nơi sản xuất, chân công trình, kho của công trình",65863,305,16,DONG_NAI,null,null,https://files.customs.gov.vn/DONG_NAI//Data/Cv_Hqdn/862-HQDNa-DKS.PDF,https://www.customs.gov.vn/index.jsp?pageId=3&id=65863&cid=1294,2011,06/2011,2026-10-08T09:45:29Z
288,CV2688/TCHQ-TXNK,06/06/2011,Tổng cục hải quan,"V/v Thuế xuất khẩu, thuế nhập khẩu",63244,305,16,DONG_NAI,null,null,https://files.customs.gov.vn/DONG_NAI//Data/CV_TCHQ/2688-TCHQ-TXNK.pdf,https://www.customs.gov.vn/index.jsp?pageId=3&id=63244&cid=1294,2011,06/2011,2026-10-08T09:45:29Z
289,852/HQĐNa-GSQL,03/06/2011,Cục Hải Quan tỉnh Đồng Nai,V/v Bán nguyên liệu nhập khẩu vào nội địa của DNCX,65865,305,18,DONG_NAI,null,null,https://files.customs.gov.vn/DONG_NAI//Data/Cv_Hqdn/852-HQDNa-GSQL-03-06-2011.PDF,https://www.customs.gov.vn/index.jsp?pageId=3&id=65865&cid=1294,2011,06/2011,2026-10-08T09:45:29Z
290,853/HQĐNa-GSQL,03/06/2011,Cục Hải Quan tỉnh Đồng Nai,V/v Xin chuyển hàng từ KNQ ICD Tân Cảng Long Bình sang KNQ Molenberg Bình Dương,65864,305,18,DONG_NAI,null,null,https://files.customs.gov.vn/DONG_NAI//Data/Cv_Hqdn/853-HQDNa_GSQL-03-06-2011.PDF,https://www.customs.gov.vn/index.jsp?pageId=3&id=65864&cid=1294,2011,06/2011,2026-10-08T09:45:29Z
291,41/2011/TT-BNNPTNT,02/06/2011,Bộ Nông nghiệp và Phát triển nông thôn,Thông tư 41/2011/TT-BNNPTNT về Danh mục bổ sung giống cây trồng được phép sản xuất kinh doanh ở Việt Nam,61262,305,4,TONG_CUC,Bùi Bá Bổng,17/07/2011,,https://www.customs.gov.vn/index.jsp?pageId=3&id=61262&cid=1294,2011,06/2011,2026-10-08T09:45:29Z
292,CV7200/BTC-TCHQ,02/06/2011,Bộ Tài chính,V/v Hướng dẫn bổ sung Điều 41 và Điều 118 Thông tư số 194/2010/TT-BTC,63245,305,16,DONG_NAI,null,null,https://files.customs.gov.vn/DONG_NAI//Data/CV_BCT/7200-BTC-TCHQ.pdf,https://www.customs.gov.vn/index.jsp?pageId=3&id=63245&cid=1294,2011,06/2011,2026-10-08T09:45:29Z
293,26/2011/NĐ-CP,01/06/2011,Chính phủ,"Nghị định 26/2011/NĐ-CP của Chính phủ về sửa đổi, bổ sung một số điều của Nghị định số 108/2008/NĐ-CP ngày 07/10/2008 của Chính phủ quy định chi tiết và hướng dẫn thi hành một số điều của Luật Hóa chất",61830,305,8,QUANG_NGAI,Nguyễn Tấn Dũng,01/01/1900,https://files.customs.gov.vn/QUANG_NGAI/26_2011_NĐ-CP_08042011.zip,https://www.customs.gov.vn/index.jsp?pageId=3&id=61830&cid=1294,2011,06/2011,2026-10-08T09:45:29Z
294,7116/BTC-TCHQ,01/06/2011,null,Thuế NK linh kiện để lắp ráp xe ô tô</font></strong> </p>,73413,305,16,DA_NANG,admin,01/06/2011,https://files.customs.gov.vn/DA_NANG/Uploads/65e32243-11bf-4695-985d-c1563e8c13ba/7116.tif,https://www.customs.gov.vn/index.jsp?pageId=3&id=73413&cid=1294,2011,06/2011,2026-10-08T09:45:29Z
295,829/HQĐNa-TXNK,01/06/2011,Cục Hải Quan tỉnh Đồng Nai,V/v Mất danh mục và phiếu trừ lùi hàng hóa nhập khẩu miễn thuế,65869,305,18,DONG_NAI,null,null,https://files.customs.gov.vn/DONG_NAI//Data/Cv_Hqdn/829-HQDNa-TXNK-01-06-2011.pdf,https://www.customs.gov.vn/index.jsp?pageId=3&id=65869&cid=1294,2011,06/2011,2026-10-08T09:45:29Z
296,831/HQĐNa-TXNK,01/06/2011,Cục Hải Quan tỉnh Đồng Nai,V/v Xin cấp mới phiếu theo dõi trừ lùi bị mất bản chính,65868,305,18,DONG_NAI,null,null,https://files.customs.gov.vn/DONG_NAI//Data/Cv_Hqdn/831-HQDNa-TXNK-01-06-2011.pdf,https://www.customs.gov.vn/index.jsp?pageId=3&id=65868&cid=1294,2011,06/2011,2026-10-08T09:45:29Z
297,832/HQĐNa-GSQL,01/06/2011,Cục Hải Quan tỉnh Đồng Nai,V/v Xin mở rộng ICD Tân Cảng Long Bình,65867,305,18,DONG_NAI,null,null,https://files.customs.gov.vn/DONG_NAI//Data/Cv_Hqdn/832-HQDNa-GSQL-01-06-2011.pdf,https://www.customs.gov.vn/index.jsp?pageId=3&id=65867&cid=1294,2011,06/2011,2026-10-08T09:45:29Z
298,843/HQĐNa-CCHĐH,01/06/2011,Cục Hải Quan tỉnh Đồng Nai,V/v Hướng dẫn xác định trị giá tính thuế đối với hàng hóa NK vào Việt Nam sau khi htuê nước ngoài gia công,65866,305,18,DONG_NAI,null,null,https://files.customs.gov.vn/DONG_NAI//Data/Cv_Hqdn/843-HQDNa-CCHDH-01-06-2011.pdf,https://www.customs.gov.vn/index.jsp?pageId=3&id=65866&cid=1294,2011,06/2011,2026-10-08T09:45:29Z
299,20/2011/TT-BLĐTBXH,29/07/2011,Bộ Lao Động Thương Binh và Xã Hội,"Thông tư ban hành ""Quy chuẩn kỹ thuật quốc gia về an toàn lao động đối với máy hàn điện và công việc hàn điện"".",61353,305,4,BA_RIA_VUNG_TAU,Bùi Hồng Lĩnh,12/09/2011,https://files.customs.gov.vn/BA_RIA_VUNG_TAU/uploads/document/473/20_2011_TT-BLDTBXH.doc,https://www.customs.gov.vn/index.jsp?pageId=3&id=61353&cid=1294,2011,07/2011,2026-10-08T09:45:29Z
300,20/2011/TT-BLĐTBXH,29/07/2011,null,Thông tư ban hành quy chuẩn kỹ thuật quốc gia về an toan lao động đối với máy hàn điện và công việc hàn điện.<br />,73455,305,4,DA_NANG,admin,29/07/2011,https://files.customs.gov.vn/DA_NANG/Uploads/65e32243-11bf-4695-985d-c1563e8c13ba/TT20-ltieu chuan ATLD may han.tif,https://www.customs.gov.vn/index.jsp?pageId=3&id=73455&cid=1294,2011,07/2011,2026-10-08T09:45:29Z
301,TT108/2011/TT-BTC,28/07/2011,Bộ Tài chính,"Thông tư sửa đổi, bổ sung qui định về thuế xuất khẩu, thuế nhập khẩu ưu đãi đối với một số mặt hàng trong biểu thuế xuất khẩu, biểu thuế nhập khẩu ưu đãi",63216,305,4,DONG_NAI,null,11/09/2011,https://files.customs.gov.vn/DONG_NAI//Data/CV_BTC/108-2011-TT-BTC-28-07-2011.doc,https://www.customs.gov.vn/index.jsp?pageId=3&id=63216&cid=1294,2011,07/2011,2026-10-08T09:45:29Z
302,51/2011/TT-BNNPTNT,27/07/2011,Bộ Nông nghiệp và Phát triển nông thôn,Thông tư 51/2011/TT-BNNPTNT về Danh mục bổ sung giống cây trồng được phép sản xuất kinh doanh ở Việt Nam,61276,305,4,TONG_CUC,Bùi Bá Bổng,10/09/2011,,https://www.customs.gov.vn/index.jsp?pageId=3&id=61276&cid=1294,2011,07/2011,2026-10-08T09:45:29Z
303,1200/HQĐNa-CCHĐH,26/07/2011,Cục Hải Quan tỉnh Đồng Nai,"V/v Nhập khẩu 'khô dầu cọ"" để sản xuất nguyên liệu dùng trong thực phẩm chức năng",65251,305,18,DONG_NAI,null,null,https://files.customs.gov.vn/DONG_NAI//Data/Cv_Hqdn/1200-HQDNa-CCHDH.PDF,https://www.customs.gov.vn/index.jsp?pageId=3&id=65251&cid=1294,2011,07/2011,2026-10-08T09:45:29Z
304,1781/QĐ-BTC,26/07/2011,Bộ Tài chính,Quyết định 1781/QĐ-BTC của Bộ Tài chính về công bố các thủ tục hành chính thuộc phạm vi chức năng quản lý nhà nước của Bộ Tài chính,61879,305,10,QUANG_NGAI,Đỗ Hoàng Anh Tuấn,01/01/1900,https://files.customs.gov.vn/QUANG_NGAI/1781_QĐ-BTC_26072011.TIF,https://www.customs.gov.vn/index.jsp?pageId=3&id=61879&cid=1294,2011,07/2011,2026-10-08T09:45:29Z
305,QĐ1781/QĐ-BTC,26/07/2011,Bộ Tài chính,V/v Công bố các thủ tục hành chính thuộc phạm vi chức năng quản lý nhà nước của Bộ Tài chính,63220,305,10,DONG_NAI,null,null,https://files.customs.gov.vn/DONG_NAI//Data/CV_BTC/1781-QD-BTC.pdf,https://www.customs.gov.vn/index.jsp?pageId=3&id=63220&cid=1294,2011,07/2011,2026-10-08T09:45:29Z
306,1177/HQĐNa-TXNK,22/07/2011,Cục Hải Quan tỉnh Đồng Nai,V/v Điều chỉnh Danh mục hàng hóa nhập khẩu miễn thuế,65252,305,18,DONG_NAI,null,null,https://files.customs.gov.vn/DONG_NAI//Data/Cv_Hqdn/1177_HQDNa_TXNK.PDF,https://www.customs.gov.vn/index.jsp?pageId=3&id=65252&cid=1294,2011,07/2011,2026-10-08T09:45:29Z
307,1159/HQĐNa-GSQL,20/07/2011,Cục Hải Quan tỉnh Đồng Nai,V/v Thu hẹp kho ngoại quan tại ICD Tân Cảng - Long Bình,65846,305,16,DONG_NAI,null,null,https://files.customs.gov.vn/DONG_NAI//data/CV_HQDN/1159_HQDNa_GSQL.PDF,https://www.customs.gov.vn/index.jsp?pageId=3&id=65846&cid=1294,2011,07/2011,2026-10-08T09:45:29Z
308,426/QĐ-HQĐNa,20/07/2011,Cục Hải Quan tỉnh Đồng Nai,V/v Thu hẹp diện tích kho ngoại quan tại ICD Tân Cảng - Long Bình,65253,305,10,DONG_NAI,null,null,https://files.customs.gov.vn/DONG_NAI//Data/Cv_Hqdn/0426_QD_HQDNa.PDF,https://www.customs.gov.vn/index.jsp?pageId=3&id=65253&cid=1294,2011,07/2011,2026-10-08T09:45:29Z
309,CV3451/TCHQ-GSQL,20/07/2011,Tổng cục hải quan,V/v Phối hợp thực hiện thông tư số 13/2011/TT-BNNPTNT,63222,305,16,DONG_NAI,null,null,https://files.customs.gov.vn/DONG_NAI//Data/Cv_BYT/2213-QD-BYT.pdf,https://www.customs.gov.vn/index.jsp?pageId=3&id=63222&cid=1294,2011,07/2011,2026-10-08T09:45:29Z
310,CV9445/BTC-TCT,20/07/2011,Bộ Tài chính,V/v Điều kiện tờ khai hải quan để khấu trừ thuế GTGT đối với hàng xuất khẩu,63221,305,16,DONG_NAI,null,null,,https://www.customs.gov.vn/index.jsp?pageId=3&id=63221&cid=1294,2011,07/2011,2026-10-08T09:45:29Z
311,CV9497/BTC-TCHQ,20/07/2011,Bộ Tài chính,V/v Hướng dẫn bổ sung sử dụng hàng hóa đối với trường hợp giao nhận sản phẩm gia công chuyển tiếp,63223,305,16,DONG_NAI,null,null,https://files.customs.gov.vn/DONG_NAI//Data/CV_BTC/9497-BTC-TCHQ.pdf,https://www.customs.gov.vn/index.jsp?pageId=3&id=63223&cid=1294,2011,07/2011,2026-10-08T09:45:29Z
312,1143/HQĐNa-GSQL,15/07/2011,Cục Hải Quan tỉnh Đồng Nai,V/v Chuyển cửa khẩu hàng nhập kho ngoại quan,65256,305,18,DONG_NAI,null,null,https://files.customs.gov.vn/DONG_NAI//Data/Cv_Hqdn/1143-HQDNa-GSQL-15-07-2011.pdf,https://www.customs.gov.vn/index.jsp?pageId=3&id=65256&cid=1294,2011,07/2011,2026-10-08T09:45:29Z
313,1144/HQĐNa-TXNK,15/07/2011,Cục Hải Quan tỉnh Đồng Nai,V/v Trừ lùi danh mục hàng hóa nhập khẩu miễn thuế,65255,305,18,DONG_NAI,null,null,https://files.customs.gov.vn/DONG_NAI//Data/Cv_Hqdn/1144-HQDNa-TXNK-15-07-2011.PDF,https://www.customs.gov.vn/index.jsp?pageId=3&id=65255&cid=1294,2011,07/2011,2026-10-08T09:45:29Z
314,1147/HQĐNa-GSQL,15/07/2011,Cục Hải Quan tỉnh Đồng Nai,V/v Vận chuyển hàng hoá giữa Công ty và Chi nhánh ở tỉnh Tiền Giang,65254,305,18,DONG_NAI,null,null,https://files.customs.gov.vn/DONG_NAI//Data/Cv_Hqdn/1147_HQDNa_GSQL_15_07_11.PDF,https://www.customs.gov.vn/index.jsp?pageId=3&id=65254&cid=1294,2011,07/2011,2026-10-08T09:45:29Z
315,202-QĐ/TU,15/07/2011,BCH ĐẢNG BỘ TỈNH ,Quyết định số 202-QĐ/TU ngày 15/7/2011 của Tỉnh ủy Hà Tĩnh về việc ban hành Quy chế công tác dân vận của hệ thống chính trị,40081,305,10,HA_TINH,Nguyễn Thanh Bình,null,https://files.customs.gov.vn/CustomsCMS/HA_TINH/2020/upload/news/2016/05/583/file/04.tif,https://www.customs.gov.vn/index.jsp?pageId=3&id=40081&cid=1294,2011,07/2011,2026-10-08T09:45:29Z
316,1269/2011/UBTVQH12,14/07/2011,Ủy ban thường vụ Quốc hội,Nghị quyết Về biểu thuế bảo vệ môi trường,54675,305,7,TP_HO_CHI_MINH,Nguyễn Phú Trọng,01/01/2012,"https://files.customs.gov.vn/CustomsCMS/TP_HO_CHI_MINH/2020/Web/Data/DocumentAttachments/1269_2011_UBTVQH12_128804.doc,/CustomsCMS/TP_HO_CHI_MINH/2020/Web/Data/DocumentAttachments/Phu_luc.doc",https://www.customs.gov.vn/index.jsp?pageId=3&id=54675&cid=1294,2011,07/2011,2026-10-08T09:45:29Z
317,9227/BTC-CST,14/07/2011,null,"Chính sách thuế TTĐB đối với bộ linh kiện ô tô nhập khẩu<br />
</font></strong> </p>",73451,305,16,DA_NANG,admin,14/07/2011,https://files.customs.gov.vn/DA_NANG/Uploads/65e32243-11bf-4695-985d-c1563e8c13ba/9227-BTC.tif,https://www.customs.gov.vn/index.jsp?pageId=3&id=73451&cid=1294,2011,07/2011,2026-10-08T09:45:29Z
318,1126/HQĐNa-TXNK,13/07/2011,Cục Hải Quan tỉnh Đồng Nai,V/v Điều chỉnh Danh mục hàng hoá nhập khẩu miễn thuế,65257,305,18,DONG_NAI,null,null,https://files.customs.gov.vn/DONG_NAI//Data/Cv_Hqdn/1126-HQDNa-TXNK-13-07-2011.PDF,https://www.customs.gov.vn/index.jsp?pageId=3&id=65257&cid=1294,2011,07/2011,2026-10-08T09:45:29Z
319,6318/BCT-XNK,12/07/2011,null,Triển khai thực hiện Thông báo số 197/TB-BCT,73450,305,16,DA_NANG,admin,12/07/2011,https://files.customs.gov.vn/DA_NANG/Uploads/65e32243-11bf-4695-985d-c1563e8c13ba/6318 huong dan TB 197.tif,https://www.customs.gov.vn/index.jsp?pageId=3&id=73450&cid=1294,2011,07/2011,2026-10-08T09:45:29Z
320,CV6318/BCT-XNK,12/07/2011,Bộ Công thương,V/v Triển khai thực hiện Thông báo số 197/TB-BCT,63224,305,16,DONG_NAI,null,null,https://files.customs.gov.vn/DONG_NAI//Data/CV_BCT/6318-BCT-XNK.pdf,https://www.customs.gov.vn/index.jsp?pageId=3&id=63224&cid=1294,2011,07/2011,2026-10-08T09:45:29Z
321,QĐ1650/QĐ-BTC,12/07/2011,Bộ Tài chính,V/v Công bố bổ sung các thủ tục hành chính thuộc phạm vi chức năng quản lý nhà nước của Bộ Tài chính,63217,305,10,DONG_NAI,null,null,https://files.customs.gov.vn/DONG_NAI//Data/CV_BTC/1650-QD-BTC.pdf,https://www.customs.gov.vn/index.jsp?pageId=3&id=63217&cid=1294,2011,07/2011,2026-10-08T09:45:29Z
322,1105/HQĐNa-TXNK,11/07/2011,Cục Hải Quan tỉnh Đồng Nai,V/v Đăng ký Danh mục hàng hóa nhập khẩu miễn thuế tạo TSCĐ,65258,305,18,DONG_NAI,null,null,https://files.customs.gov.vn/DONG_NAI//Data/Cv_Hqdn/1105-HQDNa-TXNK.PDF,https://www.customs.gov.vn/index.jsp?pageId=3&id=65258&cid=1294,2011,07/2011,2026-10-08T09:45:29Z
323,CV102/2011/TT-BTC,11/07/2011,Bộ Tài chính,V/v Sửa đổi mức thuế suất thuế nhập khẩu ưu đãi mặt hàng hạt đào lộn hột (hạt điều) thuộc mã 0801.31.00.00 trong Biểu thuế nhập khẩu ưu đãi,63225,305,4,DONG_NAI,null,null,https://files.customs.gov.vn/DONG_NAI//Data/CV_BTC/102-2011-TT-BTC.pdf,https://www.customs.gov.vn/index.jsp?pageId=3&id=63225&cid=1294,2011,07/2011,2026-10-08T09:45:29Z
324,3263/TCHQ-TXNK,08/07/2011,null,<p> Hướng dẫn vướng mắc xác định vật tư trong nước đã sản xuất được</p>,73443,305,16,DA_NANG,admin,08/07/2011,https://files.customs.gov.vn/DA_NANG/Uploads/65e32243-11bf-4695-985d-c1563e8c13ba/CV 3263 TCHQ-TXNK trả lời vướng mắc miễn thuế nhập khẩu đối với vật tư xây dựng.tif,https://www.customs.gov.vn/index.jsp?pageId=3&id=73443&cid=1294,2011,07/2011,2026-10-08T09:45:29Z
325,CV1167/QLCL-CL2,08/07/2011,Khác,V/v Thực hiện Thông tư số 13/2011/TT-BNNPTNT,63226,305,16,DONG_NAI,null,null,,https://www.customs.gov.vn/index.jsp?pageId=3&id=63226&cid=1294,2011,07/2011,2026-10-08T09:45:29Z
326,CV6139/BCT-XNK,07/07/2011,Bộ Công thương,V/v Hướng dẫn thủ tục tạm xuất tái nhập,63139,305,16,DONG_NAI,null,null,,https://www.customs.gov.vn/index.jsp?pageId=3&id=63139&cid=1294,2011,07/2011,2026-10-08T09:45:29Z
327,1074/HQĐNa-TXNK,05/07/2011,Cục Hải Quan tỉnh Đồng Nai,V/v Điều chỉnh Danh mục hàng hóa nhập khẩu miễn thuế,65259,305,18,DONG_NAI,null,null,https://files.customs.gov.vn/DONG_NAI//Data/Cv_Hqdn/1074-HQDNa-TXNK.PDF,https://www.customs.gov.vn/index.jsp?pageId=3&id=65259&cid=1294,2011,07/2011,2026-10-08T09:45:29Z
328,TT95/2011/TT-BTC,04/07/2011,Bộ Tài chính,"V/v Sửa đổi mức thuế suất thuế xuất khẩu mặt hàng sắt thép phế liệu, phế thải thuộc nhóm 7204 trong Biểu thuế xuất khẩu",63228,305,4,DONG_NAI,null,18/08/2011,https://files.customs.gov.vn/DONG_NAI//Data/CV_BTC/95-2011-TT-BTC.pdf,https://www.customs.gov.vn/index.jsp?pageId=3&id=63228&cid=1294,2011,07/2011,2026-10-08T09:45:29Z
329,TT96/2011/TT-BTC,04/07/2011,Bộ Tài chính,V/v Hướng dẫn thực hiện chính sách tài chính quy định tại Quyết định số 12/2011/QĐ-TTg ngày 24/2/2011 của Thủ tướng Chính phủ về chính sách phát triển một số ngành công nghiệp hỗ trợ,63227,305,4,DONG_NAI,null,18/08/2011,https://files.customs.gov.vn/DONG_NAI//Data/CV_BTC/96-2011-TT-BTC.pdf,https://www.customs.gov.vn/index.jsp?pageId=3&id=63227&cid=1294,2011,07/2011,2026-10-08T09:45:29Z
330,22/2011/TT-BTNMT,01/07/2011,Bộ Tài nguyên và Môi trường,Thông tư 22/2011/TT-BTNMT quy định tiêu chí xác định loài ngoại lai xâm hại và danh mục loài ngoại lai xâm hại,61333,305,4,TONG_CUC,Bùi Cách Tuyến,15/08/2011,,https://www.customs.gov.vn/index.jsp?pageId=3&id=61333&cid=1294,2011,07/2011,2026-10-08T09:45:29Z
331,3009/TCHQ-TXNK,01/07/2011,null,Thuế suất thuế GTGT,73436,305,18,DA_NANG,Tổng cục Hải quan,01/07/2011,,https://www.customs.gov.vn/index.jsp?pageId=3&id=73436&cid=1294,2011,07/2011,2026-10-08T09:45:29Z
332,53/2011/NÐ-CP,01/07/2011,Chính phủ,Nghị định quy định chi tiết và hướng dẫn thi hành một số điều của luật thuế sử dụng đất phi nông nghiệp,54191,305,8,TP_HO_CHI_MINH,Nguyễn Tấn Dũng,01/01/2012,https://files.customs.gov.vn/CustomsCMS/TP_HO_CHI_MINH/2020/Web/Data/DocumentAttachments/53_2011_ND-CP_126042.doc,https://www.customs.gov.vn/index.jsp?pageId=3&id=54191&cid=1294,2011,07/2011,2026-10-08T09:45:29Z
333,4288/TCHQ-GSQL,31/08/2011,null,Công văn số 4288/TCHQ-GSQL của Tổng cục Hải quan về việc thực hiện thông báo số 197/TB-BCT,42814,305,18,QUANG_BINH,null,null,https://files.customs.gov.vn/CustomsCMS/QUANG_BINH/2021/04/images/stories/files/CV428811TCHQ.doc,https://www.customs.gov.vn/index.jsp?pageId=3&id=42814&cid=1294,2011,08/2011,2026-10-08T09:45:29Z
334,25/2011/TT-NHNN,31/08/2011,Ngân hàng nhà nước,Thông tư về việc thực thi phương án đơn giản hóa thủ tục hành chính lĩnh vực hoạt động ngoại hối theo các nghị quyết của Chính Phủ về đơn giản hóa thủ tục hành chính thuộc phạm vi chức năng quản lý của Ngân Hàng Nhà Nước Việt Nam,53000,305,4,TP_HO_CHI_MINH,Nguyễn Văn Bình,14/10/2011,"https://files.customs.gov.vn/CustomsCMS/TP_HO_CHI_MINH/2020/Web/Data/DocumentAttachments/25_2011_TT-NHNN_128614.doc,/CustomsCMS/TP_HO_CHI_MINH/2020/Web/Data/DocumentAttachments/GIAY_DE_NGHI_CHAP_THUAN_MANG_TIEN.doc,/CustomsCMS/TP_HO_CHI_MINH/2020/Web/Data/DocumentAttachments/DON_DE_NGHI_CAP_GIAY_PHEP.doc,/CustomsCMS/TP_HO_CHI_MINH/2020/Web/Data/DocumentAttachments/GIAY_PHEP_THU_NHAN_DAN_TE_TIEN_MAT.doc,/CustomsCMS/TP_HO_CHI_MINH/2020/Web/Data/DocumentAttachments/DON_DANG_KY_DAI_LY_CHI_TRA_NGOAI_TE.doc,/CustomsCMS/TP_HO_CHI_MINH/2020/Web/Data/DocumentAttachments/DON_XIN_CAP_GIAY_PHEP_MO_VA_SU_DUNG_TAI_KHOAN_NGOAI_TE_O_NUOC_NGOAI.doc,/CustomsCMS/TP_HO_CHI_MINH/2020/Web/Data/DocumentAttachments/DON_XIN_CAP_GIAY_PHEP_MO_VA_SU_DUNG_TAI_KHOAN_NGOAI_TE_O_NUOC_NGOAI_01.doc,/CustomsCMS/TP_HO_CHI_MINH/2020/Web/Data/DocumentAttachments/DON_DANG_KY_THAY_DOI_KHOAN_VAY_NUOC_NGOAI.doc,/CustomsCMS/TP_HO_CHI_MINH/2020/Web/Data/DocumentAttachments/DON_DANG_KY_KHOAN_VAY_TRUNG_DAI_HAN_NUOC_NGOAI.doc,/CustomsCMS/TP_HO_CHI_MINH/2020/Web/Data/DocumentAttachments/DON_DANG_KY_TAI_KHOAN_NGOAI_TE_.doc,/CustomsCMS/TP_HO_CHI_MINH/2020/Web/Data/DocumentAttachments/DON_XIN_CAP_GIAY_PHEP_MANG_TIEN_CUA_NUOC_.doc,/CustomsCMS/TP_HO_CHI_MINH/2020/Web/Data/DocumentAttachments/DON_XIN_CAP_GIAY_PHEP_THU_NHAN_DAN_TE_TIEN_MAT.doc",https://www.customs.gov.vn/index.jsp?pageId=3&id=53000&cid=1294,2011,08/2011,2026-10-08T09:45:29Z
335,CV4284/TCHQ-GSQL,31/08/2011,Tổng cục hải quan,V/v Thủ tục nhập khẩu hàng hóa từ khu vực cảng mở Cát Lái,63197,305,16,DONG_NAI,null,null,https://files.customs.gov.vn/DONG_NAI//Data/CV_TCHQ/4284-TCHQ-GSQL.pdf,https://www.customs.gov.vn/index.jsp?pageId=3&id=63197&cid=1294,2011,08/2011,2026-10-08T09:45:29Z
336,QĐ48/2011/QĐ-TTg,31/08/2011,Chính phủ,V/v Thí điểm thực hiện Cơ chế Hải quan một cửa quốc gia,63198,305,10,DONG_NAI,null,null,,https://www.customs.gov.vn/index.jsp?pageId=3&id=63198&cid=1294,2011,08/2011,2026-10-08T09:45:29Z
337,11/2011/TT-BXD,30/08/2011,Bộ và ngang bộ,"Thông tư 11/2011/TT-BXD về Quy chuẩn kỹ thuật quốc gia sản phẩm, hàng hóa vật liệu xây dựng, mã số QCVN 16:2011/BXD do Bộ trưởng Bộ Xây dựng ban hành",55197,305,4,TP_HO_CHI_MINH,Nguyễn Trần Nam,15/10/2011,https://files.customs.gov.vn/CustomsCMS/TP_HO_CHI_MINH/2020/Web/Data/DocumentAttachments/11_2011_TT-BXD_129653.doc,https://www.customs.gov.vn/index.jsp?pageId=3&id=55197&cid=1294,2011,08/2011,2026-10-08T09:45:29Z
338,1394/HQĐNa-VP,30/08/2011,Cục Hải Quan tỉnh Đồng Nai,V/v Nghỉ lễ Quốc khánh 02/9 niệm 66 năm ngày Quốc khánh 02/9,65243,305,18,DONG_NAI,null,null,https://files.customs.gov.vn/DONG_NAI//Data/Cv_Hqdn/1394_HQDNa_VP.pdf,https://www.customs.gov.vn/index.jsp?pageId=3&id=65243&cid=1294,2011,08/2011,2026-10-08T09:45:29Z
339,59/2011/TT-BNNPTNT,30/08/2011,Bộ Nông nghiệp và Phát triển nông thôn,"Thông tư 59/2011/TT-BNNPTNT về Danh mục bổ sung phân bón được phép sản xuất, kinh doanh và sử dụng tại Việt Nam",61281,305,4,TONG_CUC,Bùi Bá Bổng,14/10/2011,https://files.customs.gov.vn/BA_RIA_VUNG_TAU,https://www.customs.gov.vn/index.jsp?pageId=3&id=61281&cid=1294,2011,08/2011,2026-10-08T09:45:29Z
340,4163/TCHQ-GSQL,29/08/2011,null,Thủ tục chuyển cảng theo điều 17 Nghị định số 154/2005/NĐ-CP,73523,305,18,DA_NANG,Tổng cục hải quan,29/08/2011,,https://www.customs.gov.vn/index.jsp?pageId=3&id=73523&cid=1294,2011,08/2011,2026-10-08T09:45:29Z
341,49/2010/TT-BTC,29/08/2011,null,"Thông tư của Bộ Tài chính về hướng dẫn việc phân loại, áp dụng mức thuế đối với hàng hoá xuất khẩu, nhập khẩu",73524,305,18,DA_NANG,Bộ,29/08/2011,,https://www.customs.gov.vn/index.jsp?pageId=3&id=73524&cid=1294,2011,08/2011,2026-10-08T09:45:29Z
342,CV1298/SCT-TM,29/08/2011,Khác,V/v Nhập khẩu khí nén (CNG) cho sản xuất,63199,305,16,DONG_NAI,null,null,https://files.customs.gov.vn/DONG_NAI//Data/CV_nganh_khac/1298-SCT-TM.pdf,https://www.customs.gov.vn/index.jsp?pageId=3&id=63199&cid=1294,2011,08/2011,2026-10-08T09:45:29Z
343,CV4217/TCHQ-TXNK,29/08/2011,Tổng cục hải quan,"V/v Miễn và xóa nợ thuế nhập khẩu, thuế giá trị gia tăng (Cty TNHH Cheer Hope VN)",63200,305,16,DONG_NAI,null,null,https://files.customs.gov.vn/DONG_NAI//Data/CV_TCHQ/4217-TCHQ-TXNK.pdf,https://www.customs.gov.vn/index.jsp?pageId=3&id=63200&cid=1294,2011,08/2011,2026-10-08T09:45:29Z
344,11424/BTC-TCHQ,25/08/2011,null,"<p><span style=""font-size: small""><span style=""font-family: Times New Roman""> Đăng ký danh mục miễn thuế",73521,305,16,DA_NANG,admin,25/08/2011,https://files.customs.gov.vn/DA_NANG/Uploads/65e32243-11bf-4695-985d-c1563e8c13ba/11424.tif,https://www.customs.gov.vn/index.jsp?pageId=3&id=73521&cid=1294,2011,08/2011,2026-10-08T09:45:29Z
345,1374/HQĐNa-NV,25/08/2011,Cục Hải Quan tỉnh Đồng Nai,V/v Điều chỉnh Danh mục hàng hóa nhập khẩu miễn thuế tạo TSCĐ,65244,305,18,DONG_NAI,null,null,https://files.customs.gov.vn/DONG_NAI//Data/Cv_Hqdn/1374_HQDNa_NV.PDF,https://www.customs.gov.vn/index.jsp?pageId=3&id=65244&cid=1294,2011,08/2011,2026-10-08T09:45:29Z
346,2035/BKHCN-KHTC,25/08/2011,null,Trung Quốc công bố loại bỏ 2.255 doanh nghiệp lạc hậu,73522,305,16,DA_NANG,Chu Ngọc Anh,25/08/2011,https://files.customs.gov.vn/DA_NANG/Uploads/65e32243-11bf-4695-985d-c1563e8c13ba/2035 - TQ công bo 2255 doanh nghiep lac hau.PDF,https://www.customs.gov.vn/index.jsp?pageId=3&id=73522&cid=1294,2011,08/2011,2026-10-08T09:45:29Z
347,CV11424/BTC-TCHQ,25/08/2011,Bộ Tài chính,V/v Đăng ký Danh mục miễn thuế,63201,305,16,DONG_NAI,null,null,https://files.customs.gov.vn/DONG_NAI//Data/CV_BTC/11424-BTC-TCHQ.pdf,https://www.customs.gov.vn/index.jsp?pageId=3&id=63201&cid=1294,2011,08/2011,2026-10-08T09:45:29Z
348,11341/BTC-TCHQ,24/08/2011,null,"<p> <span style=""font-size: small""><span style=""font-family: Times New Roman"">Đăng ký Danh mục miễn thuế nhập khẩu máy móc, thiết bị phục vụ dự án ưu đãi đầu tư nhà máy Alumin Nhân Cơ",73518,305,16,DA_NANG,admin,24/08/2011,https://files.customs.gov.vn/DA_NANG/Uploads/65e32243-11bf-4695-985d-c1563e8c13ba/11341.tif,https://www.customs.gov.vn/index.jsp?pageId=3&id=73518&cid=1294,2011,08/2011,2026-10-08T09:45:29Z
349,4163/TCHQ-GSQL,24/08/2011,null,Thủ tục chuyển cảng theo điều 17 Nghị định số 154/2005/NĐ-CP<br />,73519,305,16,DA_NANG,admin,24/08/2011,https://files.customs.gov.vn/DA_NANG/Uploads/65e32243-11bf-4695-985d-c1563e8c13ba/4163-nguoi van chuyen hang chuyen cang.tif,https://www.customs.gov.vn/index.jsp?pageId=3&id=73519&cid=1294,2011,08/2011,2026-10-08T09:45:29Z
350,58/2011/TT-BNNPTNT,24/08/2011,Bộ nông nghiệp và phát triển nông thôn,"Ban hành “Danh mục bổ sung giống vật nuôi được phép sản xuất, kinh doanh tại Việt Nam”",53513,305,4,TP_HO_CHI_MINH,Diệp Kỉnh Tần,08/10/2011,https://files.customs.gov.vn/CustomsCMS/TP_HO_CHI_MINH/2020/Web/Data/DocumentAttachments/58_2011_TT-BNNPTNT_Ban_hanh_danh_muc_bo_sung_giong_vat_nuoi_duoc_phep_san_xuat_kinh_doanh.doc,https://www.customs.gov.vn/index.jsp?pageId=3&id=53513&cid=1294,2011,08/2011,2026-10-08T09:45:29Z
351,7860/BCT-XNK,24/08/2011,null,Giải quyết hàng tồn đọng theo Thông tư 20/2011/TT-BCT,73516,305,16,DA_NANG,admin,24/08/2011,https://files.customs.gov.vn/DA_NANG/Uploads/65e32243-11bf-4695-985d-c1563e8c13ba/7860-Hdan TT 20tif.tif,https://www.customs.gov.vn/index.jsp?pageId=3&id=73516&cid=1294,2011,08/2011,2026-10-08T09:45:29Z
352,4132/TCHQ-GSQL,23/08/2011,null,Công văn số 4132/TCHQ-GSQL của Tổng cục Hải quan về việc điều kiện giao hàng theo Incoterms,42784,305,18,QUANG_BINH,null,null,https://files.customs.gov.vn/CustomsCMS/QUANG_BINH/2021/04/images/stories/files/CV413211TCHQ.doc,https://www.customs.gov.vn/index.jsp?pageId=3&id=42784&cid=1294,2011,08/2011,2026-10-08T09:45:29Z
353,06/2003/NĐ-CP,23/08/2011,null,"Nghị định của Chính phủ quy định về việc phân loại hàng hoá xuất khẩu, nhập khẩu",73500,305,18,DA_NANG,Chính Phủ,23/08/2011,,https://www.customs.gov.vn/index.jsp?pageId=3&id=73500&cid=1294,2011,08/2011,2026-10-08T09:45:29Z
354,100/2010/TT-BTC,23/08/2011,null,"Qui định thủ tục hải quan đối với hàng hóa xuất khẩu, nhập khẩu gửi qua dịch vụ chuyển phát nhanh đường hàng không quốc tế....",73508,305,18,DA_NANG,Bộ,23/08/2011,,https://www.customs.gov.vn/index.jsp?pageId=3&id=73508&cid=1294,2011,08/2011,2026-10-08T09:45:29Z
355,116/2008/TT-BTC,23/08/2011,null,Hướng dẫn thủ tục hải quan đối với hàng hóa gia công với thương nhân nước ngoài,73483,305,18,DA_NANG,Bộ,23/08/2011,,https://www.customs.gov.vn/index.jsp?pageId=3&id=73483&cid=1294,2011,08/2011,2026-10-08T09:45:29Z
356,1179/2009/QĐ-TCHQ,23/08/2011,null,Quy trình nghiệp vụ quản lý hải quan đối với hàng hóa gia công với thương nhân nước ngoài,73484,305,18,DA_NANG,Tổng cục hải quan,23/08/2011,,https://www.customs.gov.vn/index.jsp?pageId=3&id=73484&cid=1294,2011,08/2011,2026-10-08T09:45:29Z
357,12/2006/NĐ-CP,23/08/2011,null,"Quy định chi tiết thi hành Luật Thương mại về hoạt động mua bán hàng hoá quốc tế và các hoạt động đại lý mua, bán, gia công...",73492,305,18,DA_NANG,Chính phủ,23/08/2011,,https://www.customs.gov.vn/index.jsp?pageId=3&id=73492&cid=1294,2011,08/2011,2026-10-08T09:45:29Z
358,1279/2009/QĐ-TCHQ,23/08/2011,null,"Quy trình nghiệp vụ quản lý đối với nguyên liệu, vật tư nhập khẩu để sản xuất hàng hóa xuất khẩu",73480,305,18,DA_NANG,Tổng cục Hải quan,23/08/2011,,https://www.customs.gov.vn/index.jsp?pageId=3&id=73480&cid=1294,2011,08/2011,2026-10-08T09:45:29Z
359,1458/2009/QĐ-TCHQ,23/08/2011,null,"Quy trình nghiệp vụ hải quan đối với hàng hóa xuất khẩu, nhập khẩu chuyển cửa khẩu",73495,305,18,DA_NANG,Tổng cục hải quan,23/08/2011,,https://www.customs.gov.vn/index.jsp?pageId=3&id=73495&cid=1294,2011,08/2011,2026-10-08T09:45:29Z
360,1480/2006/QĐ-TCHQ,23/08/2011,null,Ban hành mẫu đơn xin thành lập kho ngoại quan,73512,305,18,DA_NANG,Tổng cục Hải quan,23/08/2011,,https://www.customs.gov.vn/index.jsp?pageId=3&id=73512&cid=1294,2011,08/2011,2026-10-08T09:45:29Z
361,15/2010/TT-BCT,23/08/2011,null,Thông tư thực hiện quy tắc xuất xứ trong hiệp định thương mại hàng hoá ASEAN Ấn Độ,73496,305,18,DA_NANG,Bộ và ngang bộ,23/08/2011,,https://www.customs.gov.vn/index.jsp?pageId=3&id=73496&cid=1294,2011,08/2011,2026-10-08T09:45:29Z
362,15/2011/TT-BCT,23/08/2011,null,"Thông tư quy định thủ tục đăng ký danh mục hàng nhập khẩu, hàng tạm nhập tái xuất, hàng thanh lý của nhà thầu nước ngoài tr...",73513,305,18,DA_NANG,Bộ và ngang bộ,23/08/2011,,https://www.customs.gov.vn/index.jsp?pageId=3&id=73513&cid=1294,2011,08/2011,2026-10-08T09:45:29Z
363,154/2005/NĐ-CP,23/08/2011,null,"Nghị định Quy định chi tiết một số điều của Luật Hải quan về thủ tục hải quan, kiểm tra, giám sát hải quan...",73503,305,18,DA_NANG,Chính phủ,23/08/2011,,https://www.customs.gov.vn/index.jsp?pageId=3&id=73503&cid=1294,2011,08/2011,2026-10-08T09:45:29Z
364,16/2008/TT-BTC,23/08/2011,null,"Hướng dẫn việc nhập khẩu, tạm nhập khẩu xe gắn máy hai bánh không nhằm mục đích thương mại",73514,305,18,DA_NANG,Bộ Tài chính,23/08/2011,,https://www.customs.gov.vn/index.jsp?pageId=3&id=73514&cid=1294,2011,08/2011,2026-10-08T09:45:29Z
365,17/2011/TT-BCT,23/08/2011,null,Thông tư thực hiện quy tắc xuất xứ trong bản thoả thuận về việc thúc đẩy thương mại song phương giữa Bộ công thương nước cộ...,73499,305,18,DA_NANG,Tổng cục Hải quan,23/08/2011,,https://www.customs.gov.vn/index.jsp?pageId=3&id=73499&cid=1294,2011,08/2011,2026-10-08T09:45:29Z
366,179/2004/NĐ-CP,23/08/2011,null,"Nghị định quy định quản lý nhà nước về chất lượng sản phẩm, hàng hoá",73501,305,18,DA_NANG,Chính Phủ,23/08/2011,,https://www.customs.gov.vn/index.jsp?pageId=3&id=73501&cid=1294,2011,08/2011,2026-10-08T09:45:29Z
367,1820/QĐ-TCHQ,23/08/2011,null,Ban hành qui trình nghiệp vụ quản lý hải quan đối với hàng hóa gia công với thương nhân nước ngoài,73486,305,18,DA_NANG,Tổng cục hải quan,23/08/2011,,https://www.customs.gov.vn/index.jsp?pageId=3&id=73486&cid=1294,2011,08/2011,2026-10-08T09:45:29Z
368,209/QĐ-TCHQ,23/08/2011,null,"Ban hành Quy trình nghiệp vụ quản lý hải quan đối với hàng hoá xuất khẩu, nhập khẩu chuyển cửa khẩu",73493,305,18,DA_NANG,Tổng cục hải quan,23/08/2011,,https://www.customs.gov.vn/index.jsp?pageId=3&id=73493&cid=1294,2011,08/2011,2026-10-08T09:45:29Z
369,215/2010/TT-BTC,23/08/2011,null,"Sửa đổi một số nội dung của Thông tư 16/2008/TT-BTC ngày 13/02/2008 của Bộ Tài chính hướng dẫn việc nhập khẩu, tạ...",73494,305,18,DA_NANG,Bộ,23/08/2011,,https://www.customs.gov.vn/index.jsp?pageId=3&id=73494&cid=1294,2011,08/2011,2026-10-08T09:45:29Z
370,217/2009/TT-BTC,23/08/2011,null,Về việc ban hành Biểu thuế nhập khẩu ưu đãi đặc biệt của Việt Nam để thực hiện Hiệp định Khu vực mậu dịch tự do ASEAN-Úc-Ni...,73504,305,18,DA_NANG,Bộ Tài chính,23/08/2011,,https://www.customs.gov.vn/index.jsp?pageId=3&id=73504&cid=1294,2011,08/2011,2026-10-08T09:45:29Z
371,22/2010/TT-BKHCN,23/08/2011,null,"Thông tư quy định về việc cấp và kiểm tra giấy chứng nhận lưu hành tự do đối với sản phẩm, hàng hoá xuất khẩu và nhập khẩu ...",73498,305,18,DA_NANG,Bộ và ngang bộ,23/08/2011,,https://www.customs.gov.vn/index.jsp?pageId=3&id=73498&cid=1294,2011,08/2011,2026-10-08T09:45:29Z
372,249/TCHQ-GSQL,23/08/2011,null,Đóng dấu lên TK XNK tại chỗ,73478,305,18,DA_NANG,Tổng cục Hải quan,23/08/2011,,https://www.customs.gov.vn/index.jsp?pageId=3&id=73478&cid=1294,2011,08/2011,2026-10-08T09:45:29Z
373,29/2008/NĐ-CP,23/08/2011,null,"Qui định về khu công nghiệp, khu chế xuất và khu kinh tế",73511,305,18,DA_NANG,Chính phủ,23/08/2011,,https://www.customs.gov.vn/index.jsp?pageId=3&id=73511&cid=1294,2011,08/2011,2026-10-08T09:45:29Z
374,32/2006/TT-BTC,23/08/2011,null,"Hướng dẫn kế toán nghiệp vụ thuế và thu khác đối với hàng hoá xuất khẩu, nhập khẩu",73502,305,18,DA_NANG,Bộ Tài chính,23/08/2011,,https://www.customs.gov.vn/index.jsp?pageId=3&id=73502&cid=1294,2011,08/2011,2026-10-08T09:45:29Z
375,36/2010/TT-BCT,23/08/2011,null,Thông tư thực hiện quy chế thủ tục cấp và kiểm tra xuất xứ sửa đổi và quy tắc cụ thể mặt hàng theo hệ thống hài hoà phiên b...,73497,305,18,DA_NANG,Bộ và ngang bộ,23/08/2011,,https://www.customs.gov.vn/index.jsp?pageId=3&id=73497&cid=1294,2011,08/2011,2026-10-08T09:45:29Z
376,36/2011/TT-BTC,23/08/2011,null,"Thông tư quy định thủ tục hải quan đối với hàng hóa xuất khẩu, nhập khẩu quá cảnh gửi qua dịch vụ chuyển phát nhanh đường b...",73509,305,18,DA_NANG,Bộ,23/08/2011,,https://www.customs.gov.vn/index.jsp?pageId=3&id=73509&cid=1294,2011,08/2011,2026-10-08T09:45:29Z
377,50/2006/QĐ-TTg,23/08/2011,null,"Quyết định về việc ban hành Danh mục sản phẩm, hàng hoá phải kiểm tra về chất lượng",73507,305,18,DA_NANG,Thủ tướng chính phủ,23/08/2011,,https://www.customs.gov.vn/index.jsp?pageId=3&id=73507&cid=1294,2011,08/2011,2026-10-08T09:45:29Z
378,57/2011/TT-BNNPTNT,23/08/2011,Bộ nông nghiệp và phát triển nông thôn,"Thông tư 57/2011/TT-BNNPTNT bổ sung Quyết định 15/2006/QĐ-BNN quy định về quy trình, thủ tục kiểm dịch động vật, sản phẩm động vật và kiểm tra vệ sinh thú y do Bộ Nông nghiệp và Phát triển nông thôn ban hành",53962,305,4,TP_HO_CHI_MINH,Diệp Kỉnh Tần,07/10/2011,https://files.customs.gov.vn/CustomsCMS/TP_HO_CHI_MINH/2020/Web/Data/DocumentAttachments/57_2011_TT-BNNPTNT_128294.doc,https://www.customs.gov.vn/index.jsp?pageId=3&id=53962&cid=1294,2011,08/2011,2026-10-08T09:45:29Z
379,662/QĐ-TCHQ,23/08/2011,null,"Ban hành quy định phân luồng và kiểm tra hải quan đối với hàng hoá nhập khẩu, xuất khẩu gửi qua dịch vụ chuyển phát nhanh đ...",73510,305,18,DA_NANG,Tổng cục Hải quan,23/08/2011,,https://www.customs.gov.vn/index.jsp?pageId=3&id=73510&cid=1294,2011,08/2011,2026-10-08T09:45:29Z
380,72/2011/NÐ-CP,23/08/2011,Chính phủ,"Sửa đổi, bổ sung một số điều của Nghị định số 111/2005/NĐ-CP ngày 26 tháng 8 năm 2005 của Chính phủ quy định chi tiết và hướng dẫn thi hành một số điều của Luật Xuất bản đã được sửa đổi, bổ sung bằng Nghị định số 11/2009/NĐ-CP ngày 10 tháng 02 năm 2009 và Nghị định số 105/2007/NĐ-CP ngày 21 tháng 6 năm 2007 của Chính phủ về hoạt động in các sản phẩm không phải là xuất bản phẩm",55938,305,8,TP_HO_CHI_MINH,Nguyễn Tấn Dũng,10/10/2011,https://files.customs.gov.vn/CustomsCMS/TP_HO_CHI_MINH/2020/Web/Data/DocumentAttachments/72_2011_ND_CP_Sua_doi__bo_sung_111_2005ND_CP_va_105_2007ND_CP.doc,https://www.customs.gov.vn/index.jsp?pageId=3&id=55938&cid=1294,2011,08/2011,2026-10-08T09:45:29Z
381,74/2010/TT-BTC,23/08/2011,null,"Sửa đổi, bổ sung một số nội dung Thông tư số 116/2008/TT-BTC",73485,305,18,DA_NANG,Bộ,23/08/2011,,https://www.customs.gov.vn/index.jsp?pageId=3&id=73485&cid=1294,2011,08/2011,2026-10-08T09:45:29Z
382,79/2009/TT-BTC,23/08/2011,null,"Hướng dẫn về thủ tục hải quan; kiểm tra, giám sát hải quan; thuế xuất khẩu, thuế nhập khẩu và quản lý thuế đối với hàng hoá...",73479,305,18,DA_NANG,Bộ,23/08/2011,,https://www.customs.gov.vn/index.jsp?pageId=3&id=73479&cid=1294,2011,08/2011,2026-10-08T09:45:29Z
383,93/2008/QĐ-BTC,23/08/2011,null,"Qui định thủ tục hải quan đối với hàng hóa vật phẩm xuất khẩu, nhập khẩu, quá cảnh gửi qua dịch vụ chuyển phát nhanh đường ...",73506,305,18,DA_NANG,Bộ,23/08/2011,,https://www.customs.gov.vn/index.jsp?pageId=3&id=73506&cid=1294,2011,08/2011,2026-10-08T09:45:29Z
384,99/2010/TT-BTC,23/08/2011,null,"Qui định thủ tục hải quan đối với bưu phẩm, bưu kiện, hàng hóa xuất khẩu, nhập khẩu gửi qua dịch vụ bưu chính...",73515,305,18,DA_NANG,Bộ,23/08/2011,,https://www.customs.gov.vn/index.jsp?pageId=3&id=73515&cid=1294,2011,08/2011,2026-10-08T09:45:29Z
385,CV4113/TCHQ-GSQL,23/08/2011,Tổng cục hải quan,V/v Thanh lý xe ô tô của DNCX (Cty TNHH Seorim VN),63202,305,16,DONG_NAI,null,null,https://files.customs.gov.vn/DONG_NAI//Data/CV_TCHQ/4113-TCHQ-GSQL-23-08-2011.pdf,https://www.customs.gov.vn/index.jsp?pageId=3&id=63202&cid=1294,2011,08/2011,2026-10-08T09:45:29Z
386,117/2011/TT-BTC,22/08/2011,null,Thông tư hướng dẫn thủ tục HQ đối với hàng hoá gia công với thương nhân nước ngoài,73474,305,18,DA_NANG,Bộ,22/08/2011,,https://www.customs.gov.vn/index.jsp?pageId=3&id=73474&cid=1294,2011,08/2011,2026-10-08T09:45:29Z
387,2006/QĐ-BTC,22/08/2011,Bộ Tài chính,Quyết định 2006/QĐ-BTC của Bộ Tài chính về việc công bố Danh mục văn bản quy phạm pháp luật do Bộ Tài chính ban hành hết hiệu lực thi hành,61848,305,10,QUANG_NGAI,Đỗ Hoàng Anh Tuấn,01/01/1900,https://files.customs.gov.vn/QUANG_NGAI/2006_QĐ-BTC_22082011.pdf,https://www.customs.gov.vn/index.jsp?pageId=3&id=61848&cid=1294,2011,08/2011,2026-10-08T09:45:29Z
388,21/2011/TT-BCT,22/08/2011,null,Quy định về quản lý hoạt động kinh doanh tạm nhập-tái xuất hàng thực phẩm đông lạnh,73476,305,18,DA_NANG,Bộ,22/08/2011,,https://www.customs.gov.vn/index.jsp?pageId=3&id=73476&cid=1294,2011,08/2011,2026-10-08T09:45:29Z
389,QĐ2006/QĐ-BTC,22/08/2011,Bộ Tài chính,Công bố Danh mục văn bản quy phạm pháp luật hết hiệu lực thi hành do Bộ trưởng Bộ Tài chính ban hành,63203,305,10,DONG_NAI,null,null,https://files.customs.gov.vn/DONG_NAI//Data/CV_BTC/2006_Qd_BTC.pdf,https://www.customs.gov.vn/index.jsp?pageId=3&id=63203&cid=1294,2011,08/2011,2026-10-08T09:45:29Z
390,1331/HQĐNa-TXNK,18/08/2011,Cục Hải Quan tỉnh Đồng Nai,VV đăng ký Danh mục hàng hóa nhập khẩu miễn thuế,65245,305,18,DONG_NAI,null,null,https://files.customs.gov.vn/DONG_NAI//Data/Cv_Hqdn/1331-HQDNa-TXNK.PDF,https://www.customs.gov.vn/index.jsp?pageId=3&id=65245&cid=1294,2011,08/2011,2026-10-08T09:45:29Z
391,4048/TCHQ-GSQL,18/08/2011,null,Công văn số 4048/TCHQ-GSQL của Tổng cục Hải quan về việc thực hiện Thông báo 197 và Thông tư 20 của Bộ Công thương,42781,305,18,QUANG_BINH,null,null,https://files.customs.gov.vn/CustomsCMS/QUANG_BINH/2021/04/images/stories/files/CV404811TCHQ.doc,https://www.customs.gov.vn/index.jsp?pageId=3&id=42781&cid=1294,2011,08/2011,2026-10-08T09:45:29Z
392,4048/TCHQ-GSQL,18/08/2011,null,Thực hiện Thông báo 197 và thông tư 20 của Bộ Công thương<br />,73472,305,16,DA_NANG,admin,18/08/2011,https://files.customs.gov.vn/DA_NANG/Uploads/65e32243-11bf-4695-985d-c1563e8c13ba/4048-hdan theo TT20 va TB 197.tif,https://www.customs.gov.vn/index.jsp?pageId=3&id=73472&cid=1294,2011,08/2011,2026-10-08T09:45:29Z
393,10887/BTC-TCHQ,16/08/2011,null,Định mức hàng phi mậu dịch không áp dụng thông báo 197/TB-BCT<br />,73469,305,16,DA_NANG,admin,16/08/2011,https://files.customs.gov.vn/DA_NANG/Uploads/65e32243-11bf-4695-985d-c1563e8c13ba/10887-dinh muc theo TB 197.tif,https://www.customs.gov.vn/index.jsp?pageId=3&id=73469&cid=1294,2011,08/2011,2026-10-08T09:45:29Z
394,118/2011/TT-BTCA,16/08/2011,null,Thông tư số 118/2011/TT-BTC ngày 16/8/2011 của Bộ Tài chính hướng dẫn về thuế nhập khẩu và thuế giá trị gia tăng đối với hàng hóa nhập khẩu của các dự án điện,42889,305,18,QUANG_BINH,null,null,https://files.customs.gov.vn/CustomsCMS/QUANG_BINH/2021/04/images/stories/files/TT11811BTC.doc,https://www.customs.gov.vn/index.jsp?pageId=3&id=42889&cid=1294,2011,08/2011,2026-10-08T09:45:29Z
395,TT118/2011/TT-BTC,16/08/2011,Bộ Tài chính,Hướng dẫn về thuế nhập khẩu và thuế giá trị gia tăng đối với hàng hóa nhập khẩu của các dự án điện,63206,305,4,DONG_NAI,null,null,https://files.customs.gov.vn/DONG_NAI//Data/CV_BTC/TT 118-TT BTC.pdf,https://www.customs.gov.vn/index.jsp?pageId=3&id=63206&cid=1294,2011,08/2011,2026-10-08T09:45:29Z
396,TT119/2011/TT-BTC,16/08/2011,Bộ Tài chính,"V/v Sửa đổi mức thuế suất thuế nhập khẩu ưu đãi bộ phận dùng cho màn hình dẹt (mỏng) thuộc các mã số 8529.90.94.10, 8529.90.94.90 trong Biểu thuế nhập khẩu ưu đãi",63205,305,4,DONG_NAI,null,null,https://files.customs.gov.vn/DONG_NAI//Data/CV_BTC/119-2011-TT-BTC-16-08-2011.pdf,https://www.customs.gov.vn/index.jsp?pageId=3&id=63205&cid=1294,2011,08/2011,2026-10-08T09:45:29Z
397,117/2011/TT-BTC,15/08/2011,null,"<p><span style=""font-size: small""><span style=""font-family: Times New Roman"">Thông tư hướng dẫn thủ tục HQ đối với hàng hoá gia công với thương nhân nước ngoài<br />",73467,305,4,DA_NANG,admin,15/08/2011,https://files.customs.gov.vn/DA_NANG/Uploads/65e32243-11bf-4695-985d-c1563e8c13ba/TT117-thay the TT116.tif,https://www.customs.gov.vn/index.jsp?pageId=3&id=73467&cid=1294,2011,08/2011,2026-10-08T09:45:29Z
398,1309/HQĐNa-GSQL,15/08/2011,Cục Hải Quan tỉnh Đồng Nai,V/v Nợ giấy phép nhập khẩu hóa chất,65246,305,18,DONG_NAI,null,null,https://files.customs.gov.vn/DONG_NAI//Data/Cv_Hqdn/1309_HQDNa_GSQL.PDF,https://www.customs.gov.vn/index.jsp?pageId=3&id=65246&cid=1294,2011,08/2011,2026-10-08T09:45:29Z
399,TT116/2011/TT-BTC,15/08/2011,Bộ Tài chính,V/v Hướng dẫn việc thực hiện Quyết định số 36/2011/QĐ-TTg ngày 29 tháng 6 năm 2011 của Thủ tướng Chính phủ về việc ban hành mức thuế nhập khẩu xe ô tô chở người từ 15 chỗ ngồi trở xuống đã qua sử dụng,63208,305,4,DONG_NAI,null,null,,https://www.customs.gov.vn/index.jsp?pageId=3&id=63208&cid=1294,2011,08/2011,2026-10-08T09:45:29Z
400,TT117/2011/TT-BTC,15/08/2011,Bộ Tài chính,V/v Hướng dẫn thủ tục hải quan đối với hàng hóa gia công với thương nhân nước ngoài,63207,305,4,DONG_NAI,null,null,https://files.customs.gov.vn/DONG_NAI//Data/CV_BTC/117-2011-TT-BTC-15-08-2011.pdf,https://www.customs.gov.vn/index.jsp?pageId=3&id=63207&cid=1294,2011,08/2011,2026-10-08T09:45:29Z
401,3965/TCHQ-GSQL,12/08/2011,null,Công văn số 3965/TCHQ-GSQL của Tổng cục Hải quan về việc tạm nhập tái xuất thiết bị gửi kho ngoại quan,42746,305,18,QUANG_BINH,null,null,https://files.customs.gov.vn/CustomsCMS/QUANG_BINH/2021/04/images/stories/files/CV396511TCHQ.doc,https://www.customs.gov.vn/index.jsp?pageId=3&id=42746&cid=1294,2011,08/2011,2026-10-08T09:45:29Z
402,1295/HQĐNa-TXNK,12/08/2011,Cục Hải Quan tỉnh Đồng Nai,V/v Điều chỉnh Danh mục hàng hóa nhập khẩu miễn thuế,65248,305,18,DONG_NAI,null,null,https://files.customs.gov.vn/DONG_NAI//Data/Cv_Hqdn/1295-HQDNa-TXNK.PDF,https://www.customs.gov.vn/index.jsp?pageId=3&id=65248&cid=1294,2011,08/2011,2026-10-08T09:45:29Z
403,1296/HQĐNa-TXNK,12/08/2011,Cục Hải Quan tỉnh Đồng Nai,V/v Điều chỉnh Danh mục hàng hóa nhập khẩu miễn thuế,65247,305,18,DONG_NAI,null,null,https://files.customs.gov.vn/DONG_NAI//Data/Cv_Hqdn/1296-HQDNa-TXNK.PDF,https://www.customs.gov.vn/index.jsp?pageId=3&id=65247&cid=1294,2011,08/2011,2026-10-08T09:45:29Z
404,15/2011/TT-NHNN,12/08/2011,null,"Thông tư quy định việc mang ngoại tệ tiền mặt, đồng Việt Nam tiền mặt của cá nhân khi xuất cảnh, nhập cảnh.",73466,305,4,DA_NANG,admin,12/08/2011,https://files.customs.gov.vn/DA_NANG/Uploads/65e32243-11bf-4695-985d-c1563e8c13ba/TT151.tif,https://www.customs.gov.vn/index.jsp?pageId=3&id=73466&cid=1294,2011,08/2011,2026-10-08T09:45:29Z
405,7470/BCT-XNK,12/08/2011,Bộ Công thương,V/v thực hiện Thông tư số 20/2011/TT-BCT,58226,305,16,TP_HO_CHI_MINH,Nguyễn Thành Biên,12/08/2011,https://files.customs.gov.vn/CustomsCMS/TP_HO_CHI_MINH/2020/Web/Data/DocumentAttachments/7470_BCT-XNK_128983.doc,https://www.customs.gov.vn/index.jsp?pageId=3&id=58226&cid=1294,2011,08/2011,2026-10-08T09:45:29Z
406,7470/BCT-XNK,12/08/2011,null,"Thực hiện thông tư số 20/2011/TT-BCT<br />
</span></span> </p>",73465,305,16,DA_NANG,admin,12/08/2011,https://files.customs.gov.vn/DA_NANG/Uploads/65e32243-11bf-4695-985d-c1563e8c13ba/7470-thien TT20.tif,https://www.customs.gov.vn/index.jsp?pageId=3&id=73465&cid=1294,2011,08/2011,2026-10-08T09:45:29Z
407,TT15/2011/TT-NHNN,12/08/2011,Ngân hàng nhà nước,"V/v Quy định việc mang ngoại tệ tiền mặt, đồng Việt Nam tiền mặt của cá nhân khi xuất cảnh, nhập cảnh",63210,305,4,DONG_NAI,null,null,,https://www.customs.gov.vn/index.jsp?pageId=3&id=63210&cid=1294,2011,08/2011,2026-10-08T09:45:29Z
408,3923/TCHQ-GSQL,11/08/2011,null,Công văn số 3923/TCHQ-GSQL của Tổng cục Hải quan về việc hướng dẫn thủ tục Hải quan,42676,305,18,QUANG_BINH,null,null,https://files.customs.gov.vn/CustomsCMS/QUANG_BINH/2021/04/images/stories/files/CV392311TCHQ.doc,https://www.customs.gov.vn/index.jsp?pageId=3&id=42676&cid=1294,2011,08/2011,2026-10-08T09:45:29Z
409,1280/HQĐNa-GSQL,11/08/2011,Cục Hải Quan tỉnh Đồng Nai,V/v Bộ chứng từ lưu tại công ty sau thông quan,65249,305,18,DONG_NAI,null,null,https://files.customs.gov.vn/DONG_NAI//Data/Cv_Hqdn/1280_HQDNa_GSQL.PDF,https://www.customs.gov.vn/index.jsp?pageId=3&id=65249&cid=1294,2011,08/2011,2026-10-08T09:45:29Z
410,3919 TCHQ-TXNK,11/08/2011,null,Phân loại khung gầm và nộp thuế theo kế hoạch,73464,305,16,DA_NANG,admin,11/08/2011,https://files.customs.gov.vn/DA_NANG/Uploads/65e32243-11bf-4695-985d-c1563e8c13ba/3919 TCHQ-TXNK ngày 11.8.2011 phân loại khung gầm và nộp thuế theo kế hoạch.tif,https://www.customs.gov.vn/index.jsp?pageId=3&id=73464&cid=1294,2011,08/2011,2026-10-08T09:45:29Z
411,CV10634/BTC-TCT,10/08/2011,Bộ Tài chính,V/v Thuế GTGT đối với mặt hàng bao đay,63211,305,16,DONG_NAI,null,null,,https://www.customs.gov.vn/index.jsp?pageId=3&id=63211&cid=1294,2011,08/2011,2026-10-08T09:45:29Z
412,10565/BTC-CST,09/08/2011,null,Hướng dẫn phân loại và tính thuế đối với mặt hàng xe ô tô tải tự đổ có tổng trọng lượng có tải tối đa trên 24 tấn đến không quá 45 tấn<br />,73462,305,16,DA_NANG,admin,09/08/2011,https://files.customs.gov.vn/DA_NANG/Uploads/65e32243-11bf-4695-985d-c1563e8c13ba/10565.tif,https://www.customs.gov.vn/index.jsp?pageId=3&id=73462&cid=1294,2011,08/2011,2026-10-08T09:45:29Z
413,67/2011/NÐ-CP,08/08/2011,Chính phủ,Quy định chi tiết và hướng dẫn thi hành một số điều của Luật Thuế bảo vệ môi trường,52578,305,8,TP_HO_CHI_MINH,Nguyễn Tấn Dũng,01/01/2012,https://files.customs.gov.vn/CustomsCMS/TP_HO_CHI_MINH/2020/Web/Data/DocumentAttachments/67_2011_ND_CP_QDCT_va_HDTH_mot_so_dieu_cua_Luat_Thue_bao_ve_moi_truong.doc,https://www.customs.gov.vn/index.jsp?pageId=3&id=52578&cid=1294,2011,08/2011,2026-10-08T09:45:29Z
414,69/2011/NÐ-CP,08/08/2011,Chính phủ,"Nghị định Quy định xử phạt vi phạm hành chính về y tế dự phòng, môi trường y tế và phòng, chống hiv/aids",55558,305,8,TP_HO_CHI_MINH,Nguyễn Tấn Dũng,01/10/2011,https://files.customs.gov.vn/CustomsCMS/TP_HO_CHI_MINH/2020/Web/Data/DocumentAttachments/69_2011_ND-CP_127622.doc,https://www.customs.gov.vn/index.jsp?pageId=3&id=55558&cid=1294,2011,08/2011,2026-10-08T09:45:29Z
415,CV10548/BTC-TCT,08/08/2011,Bộ Tài chính,V/v Hóa đơn xuất khẩu,63213,305,16,DONG_NAI,null,null,,https://www.customs.gov.vn/index.jsp?pageId=3&id=63213&cid=1294,2011,08/2011,2026-10-08T09:45:29Z
416,NĐ67/2011/NĐ-CP,08/08/2011,Chính phủ,Qui định chi tiết và hướng dẫn thi hành một số điều của Luật Thuế bảo vệ môi trường,63212,305,8,DONG_NAI,null,null,https://files.customs.gov.vn/DONG_NAI//Data/CV_nganh_khac/5565-UBND-KT.pdf,https://www.customs.gov.vn/index.jsp?pageId=3&id=63212&cid=1294,2011,08/2011,2026-10-08T09:45:29Z
417,1244/HQĐNa-TXNK,05/08/2011,Cục Hải Quan tỉnh Đồng Nai,V/v Điều chỉnh Danh mục hàng hóa nhập khẩu miễn thuế,64356,305,18,DONG_NAI,null,null,https://files.customs.gov.vn/DONG_NAI//Data/Cv_Hqdn/1244_HQDNa_TXNK.PDF,https://www.customs.gov.vn/index.jsp?pageId=3&id=64356&cid=1294,2011,08/2011,2026-10-08T09:45:29Z
418,CV322/GSQL-TH,05/08/2011,Tổng cục hải quan,V/v Thủ tục hàng gửi KNQ,63214,305,16,DONG_NAI,null,null,,https://www.customs.gov.vn/index.jsp?pageId=3&id=63214&cid=1294,2011,08/2011,2026-10-08T09:45:29Z
419,1237/HQĐNa-CNTT(HủytheoQĐ3899/QĐ-TCHQngày10/11/2016),04/08/2011,Cục Hải Quan tỉnh Đồng Nai,V/v Danh sách điện thoại hỗ trợ xử lý chương trình thông quan điện tử,65250,305,16,DONG_NAI,null,null,https://files.customs.gov.vn/DONG_NAI//Data/Cv_Hqdn/1237_HQDNa_CNTT.PDF,https://www.customs.gov.vn/index.jsp?pageId=3&id=65250&cid=1294,2011,08/2011,2026-10-08T09:45:29Z
420,3745 TCHQ-TXNK,04/08/2011,null,"<p> <span style=""font-family: Times New Roman""><span style=""font-size: small"">Tính thuế bộ linh kiện kho lạnh NK",73459,305,16,DA_NANG,admin,04/08/2011,https://files.customs.gov.vn/DA_NANG/Uploads/65e32243-11bf-4695-985d-c1563e8c13ba/3745 TCHQ-TXNK ngày 04.8.2011 tính thuế bộ linh kiện kho lạnh NK.tif,https://www.customs.gov.vn/index.jsp?pageId=3&id=73459&cid=1294,2011,08/2011,2026-10-08T09:45:29Z
421,TT113/2011/TT-BTC,04/08/2011,Bộ Tài chính,"V/v Sửa đổi, bổ sung Thông tư số 62/2009/TT-BTC ngày 27/3/2009,Thông tư số 02/2010/TT-BTC ngày 11/01/2010 và Thông tư số 12/2011/TT-BTC ngày 26/01/2011",63209,305,4,DONG_NAI,null,19/09/2011,,https://www.customs.gov.vn/index.jsp?pageId=3&id=63209&cid=1294,2011,08/2011,2026-10-08T09:45:29Z
422,3741/TCHQ-TXNK,03/08/2011,null,"<p><span style=""font-size: small""><span style=""font-family: Times New Roman"">Thuế XK mặt hàng vàng",73458,305,16,DA_NANG,admin,03/08/2011,https://files.customs.gov.vn/DA_NANG/Uploads/65e32243-11bf-4695-985d-c1563e8c13ba/3741 TCHQ-TXNK ngày 03.8.2011 thuế XK mặt hàng vàng.tif,https://www.customs.gov.vn/index.jsp?pageId=3&id=73458&cid=1294,2011,08/2011,2026-10-08T09:45:29Z
423,55/2011/TT-BNNPTNT,03/08/2011,Bộ Nông nghiệp và Phát triển nông thôn,"Thông tư 55/2011/TT-BNNPTNT về kiểm tra, chứng nhận chất lượng, an toàn thực phẩm thủy sản",61279,305,4,BA_RIA_VUNG_TAU,Cao Đức Phát,17/09/2011,https://files.customs.gov.vn/BA_RIA_VUNG_TAU/uploads/document/253/55_2011_TT_BNNPTNT Phu luc.doc,https://www.customs.gov.vn/index.jsp?pageId=3&id=61279&cid=1294,2011,08/2011,2026-10-08T09:45:29Z
424,3695/TCHQ-TXNK,02/08/2011,null,Xác định hàng hóa trong nước đã SX được,73457,305,16,DA_NANG,admin,02/08/2011,https://files.customs.gov.vn/DA_NANG/Uploads/65e32243-11bf-4695-985d-c1563e8c13ba/3695 TCHQ-TXNK ngày 02.8.2011 xác định hàng hóa trong nước đã SX được.tif,https://www.customs.gov.vn/index.jsp?pageId=3&id=73457&cid=1294,2011,08/2011,2026-10-08T09:45:29Z
425,TT111/2011/TT-BTC,02/08/2011,Bộ Tài chính,V/v Sửa đổi quy định về thuế xuất khẩu một số mặt hàng vàng tại Biểu thuế xuất khẩu,63218,305,4,DONG_NAI,null,06/08/2011,https://files.customs.gov.vn/DONG_NAI//Data/CV_BTC/111-2011-TT-BTC.pdf,https://www.customs.gov.vn/index.jsp?pageId=3&id=63218&cid=1294,2011,08/2011,2026-10-08T09:45:29Z
426,CV10151/BTC-TCHQ,01/08/2011,Bộ Tài chính,"V/v Phân loại, thuế suất máy biến thế điện sử dụng điện môi lỏng loại cao thế",63219,305,16,DONG_NAI,null,null,,https://www.customs.gov.vn/index.jsp?pageId=3&id=63219&cid=1294,2011,08/2011,2026-10-08T09:45:29Z
427,TT109/2011/TT-BTC,01/08/2011,Bộ Tài chính,V/v Hướng dẫn mở và sử dụng tài khoản tại Kho bạc Nhà nước trong điều kiện áp dụng TABMIS,63215,305,4,DONG_NAI,null,15/09/2011,https://files.customs.gov.vn/DONG_NAI//Data/CV_BTC/109-2011-TT-BTC.pdf,https://www.customs.gov.vn/index.jsp?pageId=3&id=63215&cid=1294,2011,08/2011,2026-10-08T09:45:29Z
428,2984/BTTTT-CVT,30/09/2011,null,Vướng mắc thực hiện Thông tư số 14/2011/TT-BTTTT và Thông tư 20/2011/TT-BTTTT,73546,305,16,DA_NANG,admin,30/09/2011,https://files.customs.gov.vn/DA_NANG/Uploads/65e32243-11bf-4695-985d-c1563e8c13ba/2984-hdan TT14 và TT20.tif,https://www.customs.gov.vn/index.jsp?pageId=3&id=73546&cid=1294,2011,09/2011,2026-10-08T09:45:29Z
429,2CV2984/BTTTT-CVT,30/09/2011,Bộ Thông Tin Truyền Thông,V/v Áp dụng Thông tư 14/2011/TT-BTTTT và Thông tư 20/2011/TT-BTTTT,63188,305,18,DONG_NAI,null,null,,https://www.customs.gov.vn/index.jsp?pageId=3&id=63188&cid=1294,2011,09/2011,2026-10-08T09:45:29Z
430,1615/HQĐNa-GSQL,29/09/2011,Cục Hải Quan tỉnh Đồng Nai,V/v Địa điểm giao hàng của Công ty LD giao nhận vận tải Trimax,65232,305,18,DONG_NAI,null,null,https://files.customs.gov.vn/DONG_NAI//Data/Cv_Hqdn/1615_HQDNa_GSQL_29_09_2011.PDF,https://www.customs.gov.vn/index.jsp?pageId=3&id=65232&cid=1294,2011,09/2011,2026-10-08T09:45:29Z
431,4738/TCHQ-GSQL,29/09/2011,null,"Vận tải đơn được phát hành từ nước thứ 3</span></span><br />
 </p>",73545,305,16,DA_NANG,admin,29/09/2011,https://files.customs.gov.vn/DA_NANG/Uploads/65e32243-11bf-4695-985d-c1563e8c13ba/4738-van don nuoc thu 3.tif,https://www.customs.gov.vn/index.jsp?pageId=3&id=73545&cid=1294,2011,09/2011,2026-10-08T09:45:29Z
432,4726/TCHQ-TXNK,28/09/2011,null,"<p><span style=""font-size: small""><span style=""font-family: Times New Roman"">Phân loại mặt hàng bo mạch",73543,305,16,DA_NANG,admin,28/09/2011,https://files.customs.gov.vn/DA_NANG/Uploads/65e32243-11bf-4695-985d-c1563e8c13ba/2011_4726TCHQ-TXNK ngày 28.9.2011 Phân loại mặt hàng bo mạch.tif,https://www.customs.gov.vn/index.jsp?pageId=3&id=73543&cid=1294,2011,09/2011,2026-10-08T09:45:29Z
433,Số2501/QĐ-UBND,28/09/2011,UBND Tỉnh/TP,"Quyết định về việc kiện toàn Ban chỉ đạo chống buôn lậu, hàng giả và gian lận thương mại Tỉnh Quảng Bình",42921,305,18,QUANG_BINH,null,null,https://files.customs.gov.vn/CustomsCMS/QUANG_BINH/2021/04/images/stories/files/de2011_2419s1_1_.tif,https://www.customs.gov.vn/index.jsp?pageId=3&id=42921&cid=1294,2011,09/2011,2026-10-08T09:45:29Z
434,1598/HQĐNa-GSQL,27/09/2011,Cục Hải Quan tỉnh Đồng Nai,V/v Trả lời Công ty TNHH Việt Nam Suzuki v/v Vướng mắc về C/O mẫu E,65233,305,18,DONG_NAI,null,null,https://files.customs.gov.vn/DONG_NAI//Data/Cv_Hqdn/1598_HQDNa_GSQL_27_09_2011.PDF,https://www.customs.gov.vn/index.jsp?pageId=3&id=65233&cid=1294,2011,09/2011,2026-10-08T09:45:29Z
435,1592/HQĐNa-GSQL,26/09/2011,Cục Hải Quan tỉnh Đồng Nai,V/v xin chủ trương chp phép thành lập kho ngoại quan của Công ty TNHH Vĩnh Cường,65234,305,18,DONG_NAI,null,null,https://files.customs.gov.vn/DONG_NAI//Data/Cv_Hqdn/1592_HQDNa_GSQL_26_09_2011.PDF,https://www.customs.gov.vn/index.jsp?pageId=3&id=65234&cid=1294,2011,09/2011,2026-10-08T09:45:29Z
436,QĐ4024/QĐ-BCT,26/09/2011,Bộ Công thương,"Phê duyệt phòng TN thực hiện việc giám định hàm lượng formaldehyt, các amin thơm có thể giải phóng từ thuốc nhuộm azo trong các điều kiện khử trên sản phẩm dệt may",63189,305,10,DONG_NAI,null,null,https://files.customs.gov.vn/DONG_NAI//Data/CV_BCT/4024_QD_BCT_09_08_2011.PDF,https://www.customs.gov.vn/index.jsp?pageId=3&id=63189&cid=1294,2011,09/2011,2026-10-08T09:45:29Z
437,8826/BCT-XNK,23/09/2011,null,Triển khai thực hiện thông báo số 197/TB-BCT và thông tư số 20/2011/TT-BCT<br />,73541,305,16,DA_NANG,admin,23/09/2011,https://files.customs.gov.vn/DA_NANG/Uploads/65e32243-11bf-4695-985d-c1563e8c13ba/8826- hdan TT20 va Tbao 197.tif,https://www.customs.gov.vn/index.jsp?pageId=3&id=73541&cid=1294,2011,09/2011,2026-10-08T09:45:29Z
438,21/2011/TT-BKHCN,22/09/2011,Bộ Khoa Học Công Nghệ,Thông tư 21/2011/TT-BKHCN Quy chuẩn kỹ thuật quốc gia về thép làm cốt bê tông do Bộ Khoa học và Công nghệ ban hành,53910,305,4,TP_HO_CHI_MINH,Trần Việt Thanh,01/06/2012,https://files.customs.gov.vn/CustomsCMS/TP_HO_CHI_MINH/2020/Web/Data/DocumentAttachments/21_2011_TT-BKHCN_139971.doc,https://www.customs.gov.vn/index.jsp?pageId=3&id=53910&cid=1294,2011,09/2011,2026-10-08T09:45:29Z
439,22/2011/TT-BKHCN,22/09/2011,Bộ Khoa Học Công Nghệ,Thông tư quy định về việc quản lý chất lượng đối với dây và cáp cách điện bằng polyvinyl clorua có điện áp danh định đến và bằng 450/750v,53179,305,4,TP_HO_CHI_MINH,Trần Việt Thanh,01/02/2012,https://files.customs.gov.vn/CustomsCMS/TP_HO_CHI_MINH/2020/Web/Data/DocumentAttachments/22_2011_TT-BKHCN_133033.doc,https://www.customs.gov.vn/index.jsp?pageId=3&id=53179&cid=1294,2011,09/2011,2026-10-08T09:45:29Z
440,4633/TCHQ-TXNK,22/09/2011,null,"<p><span style=""font-size: small""><span style=""font-family: Times New Roman"">Vướng mắc về chính sách thuế đối với hàng hóa NK tạo TSCĐ của dự án đầu tư",73539,305,16,DA_NANG,admin,22/09/2011,https://files.customs.gov.vn/DA_NANG/Uploads/65e32243-11bf-4695-985d-c1563e8c13ba/4_01-BYT.TIF,https://www.customs.gov.vn/index.jsp?pageId=3&id=73539&cid=1294,2011,09/2011,2026-10-08T09:45:29Z
441,CV4618/TCHQ-TXNK,22/09/2011,Tổng cục hải quan,V/v Phân loại mặt hàng theo khai báo hải quan là trạm thu phát gốc,63190,305,16,DONG_NAI,null,null,,https://www.customs.gov.vn/index.jsp?pageId=3&id=63190&cid=1294,2011,09/2011,2026-10-08T09:45:29Z
442,1562/HQĐNa-TXNK,21/09/2011,Cục Hải Quan tỉnh Đồng Nai,V/v Trả lời Công ty TNHH Great Veca Việt Nam v/v đăng ký danh mục hàng hóa nhập khẩu miễn thuế,65235,305,18,DONG_NAI,null,null,https://files.customs.gov.vn/DONG_NAI//Data/Cv_Hqdn/1562_HQDNa_TXNK_21_09_2011.PDF,https://www.customs.gov.vn/index.jsp?pageId=3&id=65235&cid=1294,2011,09/2011,2026-10-08T09:45:29Z
443,Số1866/KH-UBND,21/09/2011,UBND Tỉnh/TP,"Kế hoạch thực hiện Đề án '' Tăng cường công tác phổ biến, giáo dục pháp luật nhằm nâng cao ý thức pháp luật của thanh thiếu niên trên địa bàn tỉnh Quảng Bình giai đoạn 2011 - 2015''",42923,305,18,QUANG_BINH,null,null,https://files.customs.gov.vn/CustomsCMS/QUANG_BINH/2021/04/images/stories/files/de2011_2422s1_1_.tif,https://www.customs.gov.vn/index.jsp?pageId=3&id=42923&cid=1294,2011,09/2011,2026-10-08T09:45:29Z
444,84/2011/NĐ-CP,20/09/2011,null,Nghị định số 84/2011/NĐ-CP của Chính phủ quy định về xử phạt vi phạm hành chính trong lĩnh vực giá,42646,305,18,QUANG_BINH,null,null,https://files.customs.gov.vn/CustomsCMS/QUANG_BINH/2021/04/images/stories/files/ND8411CP.doc,https://www.customs.gov.vn/index.jsp?pageId=3&id=42646&cid=1294,2011,09/2011,2026-10-08T09:45:29Z
445,85/2011/NĐ-CP,20/09/2011,Chính phủ,"Nghị định 85/2011/NĐ-CP ngày 20/9/2011 của Chính phủ sửa đổi, bổ sung một số điều của Nghị định 100/2006/NĐ-CP ngày 21/9/2006 quy định chi tiết và hướng dẫn thi hành một số điều của Bộ Luật Dân sự, Luật Sở hữu trí tuệ về quyền tác giả và quyền liên quan",59573,305,8,TONG_CUC,Nguyễn Tấn Dũng,10/11/2011,https://files.customs.gov.vn/van_ban_phap_luat/Lists/VanBanPhapLuat/Attachments/7931/ND852011CP.doc,https://www.customs.gov.vn/index.jsp?pageId=3&id=59573&cid=1294,2011,09/2011,2026-10-08T09:45:29Z
446,1553/HQĐNa-TXNK,19/09/2011,Cục Hải Quan tỉnh Đồng Nai,V/v Bổ sung máy móc thiết bị để thực hiện dự án,65236,305,18,DONG_NAI,null,null,https://files.customs.gov.vn/DONG_NAI//Data/Cv_Hqdn/1553_HQDNa_TXNK_19_09_2011.PDF,https://www.customs.gov.vn/index.jsp?pageId=3&id=65236&cid=1294,2011,09/2011,2026-10-08T09:45:29Z
447,8672/BTC-XNK,18/09/2011,null,Thực hiện thông tư số 21/2011/TT-BTC<br />,73538,305,16,DA_NANG,admin,18/09/2011,https://files.customs.gov.vn/DA_NANG/Uploads/65e32243-11bf-4695-985d-c1563e8c13ba/8672-Thuc hien TT21.tif,https://www.customs.gov.vn/index.jsp?pageId=3&id=73538&cid=1294,2011,09/2011,2026-10-08T09:45:29Z
448,4489/TCHQ-TXNK,15/09/2011,null,Hướng dẫn thực hiện xác định TGTT hàng nhập khẩu,73537,305,16,DA_NANG,admin,15/09/2011,https://files.customs.gov.vn/DA_NANG/Uploads/65e32243-11bf-4695-985d-c1563e8c13ba/4489.tif,https://www.customs.gov.vn/index.jsp?pageId=3&id=73537&cid=1294,2011,09/2011,2026-10-08T09:45:29Z
449,1529/HQĐNa-GSQL,14/09/2011,Cục Hải Quan tỉnh Đồng Nai,V/v Tiêu hủy rác thải nguy hại (Cty TNHH NEC Tokin Electronics VN),65237,305,16,DONG_NAI,null,null,https://files.customs.gov.vn/DONG_NAI//data/CV_HQDN/1529_HQDNa_GSQL.PDF,https://www.customs.gov.vn/index.jsp?pageId=3&id=65237&cid=1294,2011,09/2011,2026-10-08T09:45:29Z
450,62/2011/TT-BNNPTNT,14/09/2011,null,"Thông tư ban hành danh mục sửa đổi, bổ sung thức ăn thuỷ sản được phép lưu hành tại VN<br />",73536,305,4,DA_NANG,admin,14/09/2011,https://files.customs.gov.vn/DA_NANG/Uploads/65e32243-11bf-4695-985d-c1563e8c13ba/TT62-thuy san.tif,https://www.customs.gov.vn/index.jsp?pageId=3&id=73536&cid=1294,2011,09/2011,2026-10-08T09:45:29Z
451,ND09871,14/09/2011,null,Nghị định thư,73535,305,18,DA_NANG,admin,14/09/2011,,https://www.customs.gov.vn/index.jsp?pageId=3&id=73535&cid=1294,2011,09/2011,2026-10-08T09:45:29Z
452,1495/HQĐNa-TXNK,13/09/2011,Cục Hải Quan tỉnh Đồng Nai,V/v Bổ sung máy móc thiết bị để thực hiện dự án (Cty TNHH Emivest Việt Nam),65238,305,18,DONG_NAI,null,null,https://files.customs.gov.vn/DONG_NAI//Data/Cv_Hqdn/1495_HQDNa_TXNK.PDF,https://www.customs.gov.vn/index.jsp?pageId=3&id=65238&cid=1294,2011,09/2011,2026-10-08T09:45:29Z
453,CV434/TCHQ-GSQL,13/09/2011,Tổng cục hải quan,V/v Nộp vận tải đơn chở suốt đối với hàng hóa nhập khẩu từ Nhật Bản,63191,305,16,DONG_NAI,null,null,https://files.customs.gov.vn/DONG_NAI//Data/CV_TCHQ/4434-TCHQ-GSQL.pdf,https://www.customs.gov.vn/index.jsp?pageId=3&id=63191&cid=1294,2011,09/2011,2026-10-08T09:45:29Z
454,51/2011/QÐ-TTG,12/09/2011,Thủ tướng Chính phủ,"Quy định danh mục phương tiện, thiết bị phải dán nhãn năng lượng, áp dụng mức hiệu suất năng lượng tối thiểu và lộ trình thực hiện",54644,305,10,TP_HO_CHI_MINH,Nguyễn Tấn Dũng,01/11/2011,https://files.customs.gov.vn/CustomsCMS/TP_HO_CHI_MINH/2020/Web/Data/DocumentAttachments/51_2011_QD_TTg_Quy_dinh_danh_muc_phuong_tien__thiet_bi_phai_dan_nhan_nang_luong__ap_dung_muc_hieu_suat_nang_luong_toi_thieu_va_lo_trinh_thuc_hien.doc,https://www.customs.gov.vn/index.jsp?pageId=3&id=54644&cid=1294,2011,09/2011,2026-10-08T09:45:29Z
455,4399/TCHQ-GSQL,09/09/2011,null,Công văn số 4399/TCHQ-GSQL của Tổng cục Hải quan về việc thông quan hàng hóa nhập khẩu phải kiểm tra chuyên ngành,42815,305,18,QUANG_BINH,null,null,https://files.customs.gov.vn/CustomsCMS/QUANG_BINH/2021/04/images/stories/files/CV439911TCHQ.doc,https://www.customs.gov.vn/index.jsp?pageId=3&id=42815&cid=1294,2011,09/2011,2026-10-08T09:45:29Z
456,1721/QĐ-TCHQ,09/09/2011,null,"Ban hành quy chế tổ chức và hoạt động của hội đồng tư vấn về Phân loại hàng hoá áp dụng mức thuế đối với hàng hoá xuất khẩu, nhập khẩu.",73533,305,10,DA_NANG,admin,09/09/2011,https://files.customs.gov.vn/DA_NANG/Uploads/65e32243-11bf-4695-985d-c1563e8c13ba/1721.tif,https://www.customs.gov.vn/index.jsp?pageId=3&id=73533&cid=1294,2011,09/2011,2026-10-08T09:45:29Z
457,60/2011/TT-BNNPTNT,09/09/2011,Bộ Nông nghiệp và Phát triển nông thôn,Thông tư 60/2011/TT-BNNPTNT hướng dẫn kiểm tra về chất lượng muối nhập khẩu,61283,305,4,TONG_CUC,Hồ Xuân Hùng,24/10/2011,,https://www.customs.gov.vn/index.jsp?pageId=3&id=61283&cid=1294,2011,09/2011,2026-10-08T09:45:29Z
458,TT160/2011/TT-BNNPTNT,09/09/2011,Bộ Nông nghiệp và Phát triển nông thôn,V/v Hướng dẫn kiểm tra về chất lượng muối nhập khẩu,63192,305,4,DONG_NAI,null,null,,https://www.customs.gov.vn/index.jsp?pageId=3&id=63192&cid=1294,2011,09/2011,2026-10-08T09:45:29Z
459,1451/HQĐNa-TXNK,08/09/2011,Cục Hải Quan tỉnh Đồng Nai,V/v Cấp phiếu trừ lùi bổ sung cho danh mục hàng nhập khẩu miễn thuế (Cty TNHH San Lim Furniture),65240,305,18,DONG_NAI,null,null,https://files.customs.gov.vn/DONG_NAI//Data/Cv_Hqdn/1451_HQDNa_TXNK.PDF,https://www.customs.gov.vn/index.jsp?pageId=3&id=65240&cid=1294,2011,09/2011,2026-10-08T09:45:29Z
460,1453/HQĐNa-CCHĐH,08/09/2011,Cục Hải Quan tỉnh Đồng Nai,V/v Nhập khẩu dây chuyền trích cà phê đã qua sử dụng cho dự án đầu tư mở rộng (Cty TNHH Hiang Kie Industries),65239,305,18,DONG_NAI,null,null,https://files.customs.gov.vn/DONG_NAI//Data/Cv_Hqdn/1453_HQDNa_CCHDH.PDF,https://www.customs.gov.vn/index.jsp?pageId=3&id=65239&cid=1294,2011,09/2011,2026-10-08T09:45:29Z
461,126/2011/TT-BTC,07/09/2011,null,"Thông tư sửa đổi, bổ sung một số điều của thông tư số 165/2010/TT-BTC ngày 26/10/2010 của Bộ tài chính quy định thủ tục hải quan đối với xuất khẩu, nhập khẩu, tạm nhập tái xuất, chuyển khẩu xăng dầu nhập khẩu nguyên liệu để sản xuất và pha chế xăng dầu; nhập khẩu nguyên liệu để gia công xuất khẩu xăng dầu<br />",73531,305,4,DA_NANG,admin,07/09/2011,https://files.customs.gov.vn/DA_NANG/Uploads/65e32243-11bf-4695-985d-c1563e8c13ba/TT126-sua doi TT165 TNTX xang dau.tif,https://www.customs.gov.vn/index.jsp?pageId=3&id=73531&cid=1294,2011,09/2011,2026-10-08T09:45:29Z
462,1433/HQĐNa-GSQL,07/09/2011,Cục Hải Quan tỉnh Đồng Nai,V/v Chuyển cửa khẩu hàng nhập kho ngoại quan,65242,305,18,DONG_NAI,null,null,https://files.customs.gov.vn/DONG_NAI//Data/Cv_Hqdn/1433_HQDNa_GSQL.PDF,https://www.customs.gov.vn/index.jsp?pageId=3&id=65242&cid=1294,2011,09/2011,2026-10-08T09:45:29Z
463,1443/HQĐNa-GSQL,07/09/2011,Cục Hải Quan tỉnh Đồng Nai,V/v Thủ tục hoàn thuế nguyên liệu NKD sản xuất hàng hóa xuất khẩu,65241,305,18,DONG_NAI,null,null,https://files.customs.gov.vn/DONG_NAI//Data/Cv_Hqdn/1443_HQDNa_GSQL.PDF,https://www.customs.gov.vn/index.jsp?pageId=3&id=65241&cid=1294,2011,09/2011,2026-10-08T09:45:29Z
464,4320/TCHQ-GSQL,07/09/2011,null,"Gia hạn thời hạn tạm nhập, tái xuất đối với máy móc, thiết bị, tàu chuyên dùng tạm nhập phục vụ hoạt động tìm kiểm, thăm dò...",73532,305,18,DA_NANG,Tổng cục hải quan,07/09/2011,,https://www.customs.gov.vn/index.jsp?pageId=3&id=73532&cid=1294,2011,09/2011,2026-10-08T09:45:29Z
465,TT126/2011/TT-BTC,07/09/2011,Bộ Tài chính,"V/v Sửa đổi, bổ sung một số Điều của Thông tư số 165/2010/TT-BTC ngày 26/10/2010 của Bộ Tài chính quy định thủ tục hải quan đối với xuất khẩu,nhập khẩu, tạm nhập tái xuất, chuyển khẩu xăng dầu; nhập khẩu nguyên liệu để sản xuất và pha chế xăng dầu; nhập khẩu nguyên liệu để gia công xuất khẩu xăng dầu",63193,305,4,DONG_NAI,null,null,,https://www.customs.gov.vn/index.jsp?pageId=3&id=63193&cid=1294,2011,09/2011,2026-10-08T09:45:29Z
466,11818/BTC-TCHQ,05/09/2011,null,Hướng dẫn xác định tiêu chí dự án sử dụng thường xuyên từ 500 lao động trở lên.,73529,305,16,DA_NANG,admin,05/09/2011,https://files.customs.gov.vn/DA_NANG/Uploads/65e32243-11bf-4695-985d-c1563e8c13ba/11818-hdan DA dau tu co 500 lao dong.tif,https://www.customs.gov.vn/index.jsp?pageId=3&id=73529&cid=1294,2011,09/2011,2026-10-08T09:45:29Z
467,8170/BCT-XNK,05/09/2011,null,Thực hiện thông tư số 20/2011/TT-BCT đối với hàng hoá viện trợ không hoàn lại<br />,73530,305,16,DA_NANG,admin,05/09/2011,https://files.customs.gov.vn/DA_NANG/Uploads/65e32243-11bf-4695-985d-c1563e8c13ba/8170-NK xe oto dv du an ODA khong hoan lai.tif,https://www.customs.gov.vn/index.jsp?pageId=3&id=73530&cid=1294,2011,09/2011,2026-10-08T09:45:29Z
468,CV8170/BCT-XNK,05/09/2011,Bộ Công thương,V/v Thực hiện Thông tư số 20/2011/TT-BCT đối với hàng hóa viện trợ không hoàn lại,63194,305,16,DONG_NAI,null,null,https://files.customs.gov.vn/DONG_NAI//Data/CV_BCT/8170_BCT_XNK.pdf,https://www.customs.gov.vn/index.jsp?pageId=3&id=63194&cid=1294,2011,09/2011,2026-10-08T09:45:29Z
469,TT32/2011/TT-BTC,05/09/2011,Bộ Tài chính,"V/v Sửa đổi, bổ sung Thông tư số 24/2010/TT-BCT ngày 28 tháng 5 năm 2010 quy định việc áp dụng chế độ cấp giấy phép nhập khẩu tự động đối với một số mặt hàng",63195,305,4,DONG_NAI,null,null,,https://www.customs.gov.vn/index.jsp?pageId=3&id=63195&cid=1294,2011,09/2011,2026-10-08T09:45:29Z
470,4318/TCHQ-GSQL,01/09/2011,null,"Thực hiện công văn số 4048/TCHQ-GSQL về  hướng dẫn Thông báo 197, Thông tư 20",73525,305,16,DA_NANG,admin,01/09/2011,https://files.customs.gov.vn/DA_NANG/Uploads/65e32243-11bf-4695-985d-c1563e8c13ba/4318-Hdan TB 197 và 4048.tif,https://www.customs.gov.vn/index.jsp?pageId=3&id=73525&cid=1294,2011,09/2011,2026-10-08T09:45:29Z
471,4320/TCHQ-GSQL,01/09/2011,null,"Gia hạn thời hạn tạm nhập, tái xuất đối với máy móc, thiết bị, tàu chuyên dùng tạm nhập phục vụ hoạt động tìm kiểm, thăm dò dầu khí<br />
</span></span> </p>",73527,305,16,DA_NANG,admin,01/09/2011,https://files.customs.gov.vn/DA_NANG/Uploads/65e32243-11bf-4695-985d-c1563e8c13ba/4320-TNTX thiet bi dau khi.tif,https://www.customs.gov.vn/index.jsp?pageId=3&id=73527&cid=1294,2011,09/2011,2026-10-08T09:45:29Z
472,49/2011/QÐ-TTG,01/09/2011,Thủ tướng Chính phủ,"Về việc quy định lộ trình áp dụng tiêu chuẩn khí thải đối với xe ô tô, xe mô tô hai bánh sản xuất, lắp ráp và nhập khẩu mới",52897,305,10,TP_HO_CHI_MINH,Nguyễn Tấn Dũng,18/10/2011,https://files.customs.gov.vn/CustomsCMS/TP_HO_CHI_MINH/2020/Web/Data/DocumentAttachments/49_2011_QD_TTg_Ve_viec_quy_dinh_lo_trinh_ap_dung_tieu_chuan_khi_thai_doi_voi_xe_o_to__xe_mo_to_hai_banh_san_xuat__lap_rap_va_nhap_khau_moi.doc,https://www.customs.gov.vn/index.jsp?pageId=3&id=52897&cid=1294,2011,09/2011,2026-10-08T09:45:29Z
473,49/2011/QĐ-TTG,01/09/2011,null,"<p><span style=""font-size: small""><span style=""font-family: Times New Roman"">Quyết định quy định lộ trình áp dụng tiêu chuẩn khí thải đối với xe ô tô, xe mô tô hai bánh sản xuất, lắp ráp và nhập khẩu mới</span><strong><br />
</strong> </span></p>",73526,305,10,DA_NANG,admin,01/09/2011,https://files.customs.gov.vn/DA_NANG/Uploads/65e32243-11bf-4695-985d-c1563e8c13ba/QD 49-CP - lo trinh ap dung khi thai xe.tif,https://www.customs.gov.vn/index.jsp?pageId=3&id=73526&cid=1294,2011,09/2011,2026-10-08T09:45:29Z
474,49/2011/QĐ-TTg,01/09/2011,null,"Quyết định số 49/2011/QĐ-TTg của Thủ tướng Chính phủ về việc quy định lộ trình áp dụng tiêu chuẩn khí thải đối với xe Ô tô, xe Mô tô hai bánh sản xuất, lắp ráp và nhập khẩu mới",42683,305,18,QUANG_BINH,null,null,https://files.customs.gov.vn/CustomsCMS/QUANG_BINH/2021/04/images/stories/files/QD4911TTG.doc,https://www.customs.gov.vn/index.jsp?pageId=3&id=42683&cid=1294,2011,09/2011,2026-10-08T09:45:29Z
475,QĐ49/2011/QĐ-TTg,01/09/2011,Chính phủ,"V/v Quy định lộ trình áp dụng tiêu chuẩn khí thải đối với xe ô tô, xe mô tô hai bánh sản xuất, lắp ráp và nhập khẩu mới",63196,305,10,DONG_NAI,null,null,https://files.customs.gov.vn/DONG_NAI//Data/Nghi_dinh/49_2011_QD_TTg_01_09_2011.pdf,https://www.customs.gov.vn/index.jsp?pageId=3&id=63196&cid=1294,2011,09/2011,2026-10-08T09:45:29Z
476,2646/QĐ-BNN-QLCL,31/10/2011,Bộ Nông nghiệp và Phát triển nông thôn,"Quyết định 2646/QĐ-BNN-QLCL năm 2011 về biện pháp kiểm soát tăng cường trong kiểm tra, chứng nhận chất lượng, an toàn thực phẩm thủy sản xuất khẩu",61328,305,10,TONG_CUC,Cao Đức Phát,31/10/2011,,https://www.customs.gov.vn/index.jsp?pageId=3&id=61328&cid=1294,2011,10/2011,2026-10-08T09:45:29Z
477,2654/QĐ-BNN-QLCL,31/10/2011,null,Quyết định ban hành biện pháp kiểm tra tăng cường về chất lượng an toàn thực phẩm lô hàng thủy sản XK vào Canada và Nhật Bản<br />,73576,305,16,DA_NANG,admin,31/10/2011,https://files.customs.gov.vn/DA_NANG/Uploads/65e32243-11bf-4695-985d-c1563e8c13ba/2654-tang cuong KT chat luong thuy san.tif,https://www.customs.gov.vn/index.jsp?pageId=3&id=73576&cid=1294,2011,10/2011,2026-10-08T09:45:29Z
478,30/2011/TT-BTTTT,31/10/2011,Bộ Thông Tin Truyền Thông,"Thông tư Quy định về chứng nhận hợp quy và công bố hợp quy đối với sản phẩm, hàng hóa chuyên ngành công nghệ thông tin về truyền thông",52609,305,4,TP_HO_CHI_MINH,Nguyễn Thành Hưng,01/01/2012,"https://files.customs.gov.vn/CustomsCMS/TP_HO_CHI_MINH/2020/Web/Data/DocumentAttachments/30_2011_TT-BTTTT_131731.doc,/CustomsCMS/TP_HO_CHI_MINH/2020/Web/Data/DocumentAttachments/GIAY_CHUNG_NHAN_HOP_QUY.doc",https://www.customs.gov.vn/index.jsp?pageId=3&id=52609&cid=1294,2011,10/2011,2026-10-08T09:45:29Z
479,32/2011/TT-BTTTT,31/10/2011,Bộ Thông Tin Truyền Thông,"Thông tư ban hành danh mục sản phẩm, hàng hóa chuyên Ngành Công nghệ Thông tin và Truyền thông bắt buộc phải chứng nhận và công bố hợp quy",52998,305,4,TP_HO_CHI_MINH,Nguyễn Thành Hưng,01/01/2012,https://files.customs.gov.vn/CustomsCMS/TP_HO_CHI_MINH/2020/Web/Data/DocumentAttachments/32_2011_TT-BTTTT_131734.doc,https://www.customs.gov.vn/index.jsp?pageId=3&id=52998&cid=1294,2011,10/2011,2026-10-08T09:45:29Z
480,5443/TCHQ-GSQL,31/10/2011,null,"<p><span style=""font-size: small""><span style=""font-family: Times New Roman"">Thủ tục chuyển cửa khẩu đối với hàng hoá xuất khẩu, nhập khẩu gửi qua dịch vụ chuyển phát nhanh đường hàng không quốc tế và đường bộ",73577,305,16,DA_NANG,admin,31/10/2011,https://files.customs.gov.vn/DA_NANG/Uploads/65e32243-11bf-4695-985d-c1563e8c13ba/5443-chuyen CK.tif,https://www.customs.gov.vn/index.jsp?pageId=3&id=73577&cid=1294,2011,10/2011,2026-10-08T09:45:29Z
481,CV2654/QĐ-BNN-QLCL,31/10/2011,Bộ Nông nghiệp và Phát triển nông thôn,"V/v Ban hành biện pháp kiểm tra tăng cường về chất lượng, an toàn thực phẩm lô hàng thủy sản xuất khẩu vào Canada và Nhật Bản",63170,305,16,DONG_NAI,null,null,,https://www.customs.gov.vn/index.jsp?pageId=3&id=63170&cid=1294,2011,10/2011,2026-10-08T09:45:29Z
482,1819/HQĐNa-TXNK,28/10/2011,Cục Hải Quan tỉnh Đồng Nai,V/v Phúc đáp công văn số 527/TB-ĐKKD của Sở KH và ĐT tỉnh Đồng Nai,65209,305,18,DONG_NAI,null,null,https://files.customs.gov.vn/DONG_NAI//Data/Cv_Hqdn/1819_HQDNa_TXNK_28_10_2011.PDF,https://www.customs.gov.vn/index.jsp?pageId=3&id=65209&cid=1294,2011,10/2011,2026-10-08T09:45:29Z
483,1810/HQĐNa-TXNK,26/10/2011,Cục Hải Quan tỉnh Đồng Nai,Trả lời Công ty TNHH MTV Concord Textile Corporation Việt Nam v/v Đăng ký danh mục hàng hóa nhập khẩu miễn thuế tạo TSCĐ,65211,305,18,DONG_NAI,null,null,https://files.customs.gov.vn/DONG_NAI//Data/Cv_Hqdn/1810_HQDNa_TXNK_26_10_2011.PDF,https://www.customs.gov.vn/index.jsp?pageId=3&id=65211&cid=1294,2011,10/2011,2026-10-08T09:45:29Z
484,1811/HQĐNa-TXNK,26/10/2011,Cục Hải Quan tỉnh Đồng Nai,Trả lời Công ty TNHH Hyosung Việt Nam v/v Đăng ký danh mục hàng hóa nhập khẩu miễn thuế tạo TSCĐ,65210,305,18,DONG_NAI,null,null,https://files.customs.gov.vn/DONG_NAI//Data/Cv_Hqdn/1811_HQDNa_TXNK_26_10_2011.PDF,https://www.customs.gov.vn/index.jsp?pageId=3&id=65210&cid=1294,2011,10/2011,2026-10-08T09:45:29Z
485,73/2011/TT-BNNPTNT,26/10/2011,null,"Thông tư sửa đổi, bổ sung một số nội dung của thông tư số 36/2011/TT-BNNPTNT ngày 20/5/2011 về việc ban hành danh mục thuốc bảo vệ thực vật được phép sử dụng, hạn chế sử dụng, cấm sử dụng ở Việt Nam của BNN và PTNTT.",73575,305,4,DA_NANG,admin,26/10/2011,https://files.customs.gov.vn/DA_NANG/Uploads/65e32243-11bf-4695-985d-c1563e8c13ba/TT73-thuoc BVTV.tif,https://www.customs.gov.vn/index.jsp?pageId=3&id=73575&cid=1294,2011,10/2011,2026-10-08T09:45:29Z
486,98/2011/NÐ-CP,26/10/2011,Chính phủ,"Sửa đổi, bổ sung một số điều của các Nghị định về nông nghiệp",57193,305,8,TP_HO_CHI_MINH,Nguyễn Tấn Dũng,15/12/2011,https://files.customs.gov.vn/CustomsCMS/TP_HO_CHI_MINH/2020/Web/Data/DocumentAttachments/98_2011_ND_CP_Sua_doi__bo_sung_mot_so_dieu_cua_cac_Nghi_dinh_ve_nong_nghiep.doc,https://www.customs.gov.vn/index.jsp?pageId=3&id=57193&cid=1294,2011,10/2011,2026-10-08T09:45:29Z
487,NĐ98/2011/NĐ-CP,26/10/2011,Chính phủ,"V/v Sửa đổi, bổ sung một số điều của các Nghị định về nông nghiệp",63171,305,8,DONG_NAI,null,null,,https://www.customs.gov.vn/index.jsp?pageId=3&id=63171&cid=1294,2011,10/2011,2026-10-08T09:45:29Z
488,Số2047/UBND-NC,26/10/2011,UBND Tỉnh/TP,Đề nghị bổ sung thêm tuyến đường 12 vào hiệp định GMS,42924,305,18,QUANG_BINH,null,null,https://files.customs.gov.vn/CustomsCMS/QUANG_BINH/2021/04/images/stories/files/de2011_2623s1_1_.tif,https://www.customs.gov.vn/index.jsp?pageId=3&id=42924&cid=1294,2011,10/2011,2026-10-08T09:45:29Z
489,1782/HQĐNa-TXNK,25/10/2011,Cục Hải Quan tỉnh Đồng Nai,Trả lời Công ty TNHH Wha IL Vina v/v Đăng ký danh mục hàng hóa nhập khẩu miễn thuế tạo TSCĐ,65213,305,18,DONG_NAI,null,null,https://files.customs.gov.vn/DONG_NAI//Data/Cv_Hqdn/1782_HQDNa_TXNK_25_10_2011.PDF,https://www.customs.gov.vn/index.jsp?pageId=3&id=65213&cid=1294,2011,10/2011,2026-10-08T09:45:29Z
490,1783/HQĐNa-TXNK,25/10/2011,Cục Hải Quan tỉnh Đồng Nai,Trả lời Công ty TNHH Dệt Nhãn Junmay v/v Hướng dẫn nộp báo cáo quyết toán danh mục hàng nhập khẫu miễn thuế,65212,305,18,DONG_NAI,null,null,https://files.customs.gov.vn/DONG_NAI//Data/Cv_Hqdn/1783_HQDNa_TXNK_25_10_2011.PDF,https://www.customs.gov.vn/index.jsp?pageId=3&id=65212&cid=1294,2011,10/2011,2026-10-08T09:45:29Z
491,Số13/CT-UBND,25/10/2011,UBND Tỉnh/TP,"Chỉ thị về việc tổ chức triển khai thực hiện hệ thống chỉ tiêu thống kê quốc gia; Danh mục và nội dung hệ thống chỉ tiêu thống kê cấp Tỉnh, huyện, xã trên địa bàn Tỉnh Quảng Bình",42925,305,18,QUANG_BINH,null,null,https://files.customs.gov.vn/CustomsCMS/QUANG_BINH/2021/04/images/stories/files/de2011_2630s1_1_.tif,https://www.customs.gov.vn/index.jsp?pageId=3&id=42925&cid=1294,2011,10/2011,2026-10-08T09:45:29Z
492,145/2001/TT-BTC,24/10/2011,null,"<p><span style=""font-size: small""><span style=""font-family: Times New Roman"">Thông tư qui định mức thuế suất thuế xuất khẩu một số mặt hàng cao su thuộc nhóm 40.01, 40.02, 40.05 trong biểu thuế xuất khẩu.",73572,305,4,DA_NANG,admin,24/10/2011,https://files.customs.gov.vn/DA_NANG/Uploads/65e32243-11bf-4695-985d-c1563e8c13ba/TT145.shs,https://www.customs.gov.vn/index.jsp?pageId=3&id=73572&cid=1294,2011,10/2011,2026-10-08T09:45:29Z
493,TT145/2011/TT-BTC,24/10/2011,Bộ Tài chính,"V/v Quy định mức thuế suất thuế xuất khẩu một số mặt hàng cao su thuộc nhóm 40.01, 40.02, 40.05 trong Biểu thuế xuất khẩu",63172,305,4,DONG_NAI,null,null,,https://www.customs.gov.vn/index.jsp?pageId=3&id=63172&cid=1294,2011,10/2011,2026-10-08T09:45:29Z
494,1766/HQĐNa-TXNK,21/10/2011,Cục Hải Quan tỉnh Đồng Nai,V/v Trả lời Công ty TNHH home Voyage Việt Nam v/v Đăng ký danh mục hàng hóa nhập khẩu miễn thuế tạo TSCĐ,65215,305,18,DONG_NAI,null,null,https://files.customs.gov.vn/DONG_NAI//Data/Cv_Hqdn/1766_HQDNa_TXNK_21_10_2011.PDF,https://www.customs.gov.vn/index.jsp?pageId=3&id=65215&cid=1294,2011,10/2011,2026-10-08T09:45:29Z
495,1770/HQĐNa-GSQL,21/10/2011,Cục Hải Quan tỉnh Đồng Nai,V/v Phối hợp tổ chức Hội nghị đối thoại doanh nghiệp - Hải quan lần II năm 2011,65214,305,18,DONG_NAI,null,null,https://files.customs.gov.vn/DONG_NAI//Data/Cv_Hqdn/1770_HQDNa_GSQL_21_10_2011.PDF,https://www.customs.gov.vn/index.jsp?pageId=3&id=65214&cid=1294,2011,10/2011,2026-10-08T09:45:29Z
496,1755/HQĐNa-GSQL,20/10/2011,Cục Hải Quan tỉnh Đồng Nai,"V/v Vận chuyển hàng hóa XNK qua cảng, bến thủy nội địa",65217,305,18,DONG_NAI,null,null,https://files.customs.gov.vn/DONG_NAI//Data/Cv_Hqdn/1755_HQDNa_GSQL_20_10_2011.PDF,https://www.customs.gov.vn/index.jsp?pageId=3&id=65217&cid=1294,2011,10/2011,2026-10-08T09:45:29Z
497,1756/HQĐNa-GSQL,20/10/2011,Cục Hải Quan tỉnh Đồng Nai,V/v Giải thích rõ công văn 1677/HQĐNa-GSQL,65216,305,18,DONG_NAI,null,null,https://files.customs.gov.vn/DONG_NAI//Data/Cv_Hqdn/1756_HQDNa_GSQL_20_10_2011.PDF,https://www.customs.gov.vn/index.jsp?pageId=3&id=65216&cid=1294,2011,10/2011,2026-10-08T09:45:29Z
498,68/2010/TT-BNNPTNT,20/10/2011,null,"Thông tư sửa đổi, bổ sung, bãi bỏ một số nội dung của thông tư số 60/2011/TT-BNNPTNT ngày 9/9/2011 của Bộ nông nghiệp và phát triển nông thôn hướng dẫn kiểm tra về chất lượng muối nhập khẩu<br />",73570,305,4,DA_NANG,admin,20/10/2011,https://files.customs.gov.vn/DA_NANG/Uploads/65e32243-11bf-4695-985d-c1563e8c13ba/TT68-NK muoi BS TT60.tif,https://www.customs.gov.vn/index.jsp?pageId=3&id=73570&cid=1294,2011,10/2011,2026-10-08T09:45:29Z
499,68/2011/TT-BNNPTNT,20/10/2011,Bộ Nông nghiệp và Phát triển nông thôn,Thông tư 68/2011/TT-BNNPTNT bãi bỏ một số nội dung của Thông tư 60/2011/TT-BNNPTNT hướng dẫn kiểm tra về chất lượng muối nhập khẩu,61292,305,4,TONG_CUC,Hồ Xuân Hùng,24/10/2011,,https://www.customs.gov.vn/index.jsp?pageId=3&id=61292&cid=1294,2011,10/2011,2026-10-08T09:45:29Z
500,95/2011/NĐ-CP,20/10/2011,null,"Nghị định số 95/2011/NĐ-CP của Chính phủ sửa đổi, bổ sung một số điều của nghị định số 202/2004/NĐ-CP ngày 10 tháng 12 năm 2004 của Chính phủ về xử phạt vi phạm hành chính trong lĩnh vực tiền tệ và hoạt động ngân hàng",42645,305,18,QUANG_BINH,null,null,https://files.customs.gov.vn/CustomsCMS/QUANG_BINH/2021/04/images/stories/files/ND9511CP.doc,https://www.customs.gov.vn/index.jsp?pageId=3&id=42645&cid=1294,2011,10/2011,2026-10-08T09:45:29Z
501,CV5208/TCHQ-GSQL,20/10/2011,Tổng cục hải quan,V/v Thủ tục đối với phương tiện quay vòng,63174,305,16,DONG_NAI,null,null,,https://www.customs.gov.vn/index.jsp?pageId=3&id=63174&cid=1294,2011,10/2011,2026-10-08T09:45:29Z
502,CV5214/TCHQ-VP,20/10/2011,Tổng cục hải quan,V/v Nhập khẩu vật tư cáp điện tạo tài sản cố định,63176,305,16,DONG_NAI,null,null,,https://www.customs.gov.vn/index.jsp?pageId=3&id=63176&cid=1294,2011,10/2011,2026-10-08T09:45:29Z
503,CV5215/TCHQ-VP,20/10/2011,Tổng cục hải quan,V/v Nhập tài sản vỏ chai thép chứa oxy tạo tài sản cố định,63175,305,16,DONG_NAI,null,null,,https://www.customs.gov.vn/index.jsp?pageId=3&id=63175&cid=1294,2011,10/2011,2026-10-08T09:45:29Z
504,1746/HQĐNa-ĐKS,18/10/2011,Cục Hải Quan tỉnh Đồng Nai,"V/v Vận chuyển hàng hóa XNK chuyển cửa khẩu qua cảng thủy nội địa, bến thủy nội địa",65218,305,18,DONG_NAI,null,null,https://files.customs.gov.vn/DONG_NAI//Data/Cv_Hqdn/1746_HQDNa_DKS_18_10_2011.PDF,https://www.customs.gov.vn/index.jsp?pageId=3&id=65218&cid=1294,2011,10/2011,2026-10-08T09:45:29Z
505,93/2011/NĐ-CP,18/10/2011,null,"Quy định về xử phạt vi phạm hành chính về thuốc, mỹ phẩm và trang thiết bị y tế",73566,305,8,DA_NANG,ainpv,18/10/2011,,https://www.customs.gov.vn/index.jsp?pageId=3&id=73566&cid=1294,2011,10/2011,2026-10-08T09:45:29Z
506,NĐ93/2011/NĐ-CP,18/10/2011,Chính phủ,"V/v Quyđịnh về xử phạt vi phạm hành chính về thuốc, mỹ phẩm và trang thiết vị y tế",63173,305,8,DONG_NAI,null,null,,https://www.customs.gov.vn/index.jsp?pageId=3&id=63173&cid=1294,2011,10/2011,2026-10-08T09:45:29Z
507,1732/HQĐNa-TXNK,17/10/2011,Cục Hải Quan tỉnh Đồng Nai,V/v Trả lời Công ty TNHH Jeongsan Vina v/v Đăng ký danh mục hàng hóa nhập khẩu miễn thuế tạo TSCĐ,65219,305,18,DONG_NAI,null,null,https://files.customs.gov.vn/DONG_NAI//Data/Cv_Hqdn/1732_HQDNa_TXNK_17_10_2011.PDF,https://www.customs.gov.vn/index.jsp?pageId=3&id=65219&cid=1294,2011,10/2011,2026-10-08T09:45:29Z
508,NĐ92/2011/NĐ-CP,17/10/2011,Chính phủ,V/v Quy định về xử phạt vi phạm hành chính trong lĩnh vực bảo hiểm y tế,63177,305,8,DONG_NAI,null,null,https://files.customs.gov.vn/DONG_NAI//Data/Nghi_dinh/92_2011_ND_CP_17_10_2011.PDF,https://www.customs.gov.vn/index.jsp?pageId=3&id=63177&cid=1294,2011,10/2011,2026-10-08T09:45:29Z
509,1720/HQĐNa-CNTT,14/10/2011,Cục Hải Quan tỉnh Đồng Nai,V/v Nâng cấp phần mềm khai hải quan điện tử,65221,305,18,DONG_NAI,null,null,https://files.customs.gov.vn/DONG_NAI//Data/Cv_Hqdn/1720_HQCNa_CNTT_14_10_2011.PDF,https://www.customs.gov.vn/index.jsp?pageId=3&id=65221&cid=1294,2011,10/2011,2026-10-08T09:45:29Z
510,1727/HQĐNa-GSQL,14/10/2011,Cục Hải Quan tỉnh Đồng Nai,V/v Mở rộng kho ngoại quan số 9 tại ICD Tân Cảng - Long Bình,65220,305,18,DONG_NAI,null,null,https://files.customs.gov.vn/DONG_NAI//Data/Cv_Hqdn/1727_HQDNa_GSQL_14_10_2011.PDF,https://www.customs.gov.vn/index.jsp?pageId=3&id=65220&cid=1294,2011,10/2011,2026-10-08T09:45:29Z
511,1710/HQĐNa-GSQL,13/10/2011,Cục Hải Quan tỉnh Đồng Nai,V/v Trả lời Công ty cổ phần Cảng Đồng Nai V/v đề nghị hướng dẫn thủ tục hải quan đối với hàng hóa nhập khẩu theo phương thức container về Cảng Đồng Nai,65224,305,18,DONG_NAI,null,null,https://files.customs.gov.vn/DONG_NAI//Data/Cv_Hqdn/1710_HQDNa_GSQL_13_10_2011.PDF,https://www.customs.gov.vn/index.jsp?pageId=3&id=65224&cid=1294,2011,10/2011,2026-10-08T09:45:29Z
512,1712/HQĐNa-TXNK,13/10/2011,Cục Hải Quan tỉnh Đồng Nai,V/v Trả lời Công ty TNHH Sản xuất Lưu Huỳnh Saemwoo v/v xin xác nhận không làm nợ thuế để làm thủ tục giải thể,65223,305,18,DONG_NAI,null,null,https://files.customs.gov.vn/DONG_NAI//Data/Cv_Hqdn/1712_HQDNa_TXNK_13_10_2011.PDF,https://www.customs.gov.vn/index.jsp?pageId=3&id=65223&cid=1294,2011,10/2011,2026-10-08T09:45:29Z
513,1714/HQĐNa-GSQL,13/10/2011,Cục Hải Quan tỉnh Đồng Nai,V/v Trả lời Công ty TNHH Harada Industries Việt Nam v/v sử dụng kho để gửi nhờ thành phẩm chưa làm thủ tục hải quan,65222,305,18,DONG_NAI,null,null,https://files.customs.gov.vn/DONG_NAI//Data/Cv_Hqdn/1714_HQDNa_GSQL_13_10_2011.PDF,https://www.customs.gov.vn/index.jsp?pageId=3&id=65222&cid=1294,2011,10/2011,2026-10-08T09:45:29Z
514,5056/TCHQ-CCHĐH,13/10/2011,null,Xác định chứng từ C/O điện tử<br />,73564,305,16,DA_NANG,admin,13/10/2011,https://files.customs.gov.vn/DA_NANG/Uploads/65e32243-11bf-4695-985d-c1563e8c13ba/5056-CO dien tu.tif,https://www.customs.gov.vn/index.jsp?pageId=3&id=73564&cid=1294,2011,10/2011,2026-10-08T09:45:29Z
515,13689/BTC-TCHQ,12/10/2011,null,"<p><span style=""font-size: small""><span style=""font-family: Times New Roman"">Thuế GTGT đối với hàng hoá nhập khẩu sau đó tái xuất",73563,305,16,DA_NANG,admin,12/10/2011,https://files.customs.gov.vn/DA_NANG/Uploads/65e32243-11bf-4695-985d-c1563e8c13ba/13689 Thuế VAT.tif,https://www.customs.gov.vn/index.jsp?pageId=3&id=73563&cid=1294,2011,10/2011,2026-10-08T09:45:29Z
516,1677/HQDNa-GSQL,11/10/2011,Cục Hải Quan tỉnh Đồng Nai,V/v Trả lời CV 224/XNK-MCV của Công ty TNHH Mitsuba M-Tech Việt Nam,65226,305,18,DONG_NAI,null,null,https://files.customs.gov.vn/DONG_NAI//Data/Cv_Hqdn/1677_HQDNa_GSQL_11_10_2011.PDF,https://www.customs.gov.vn/index.jsp?pageId=3&id=65226&cid=1294,2011,10/2011,2026-10-08T09:45:29Z
517,1687/XN-HQĐNa,11/10/2011,Cục Hải Quan tỉnh Đồng Nai,V/v Xác nhận điều kiện hoạt động đại lý Hải quan Cty TNHH tiếp nhận và vận tải Á Âu,65225,305,18,DONG_NAI,null,null,https://files.customs.gov.vn/DONG_NAI//Data/Cv_Hqdn/1687_XN_HQDNa_11_10_2011.PDF,https://www.customs.gov.vn/index.jsp?pageId=3&id=65225&cid=1294,2011,10/2011,2026-10-08T09:45:29Z
518,CV9288/BCT-CNNg,11/10/2011,Bộ Công thương,V/v Điều chỉnh bổ sung điều kiện xuất khẩu quặng sắt tại Thông tư số 08/2008/TT-BCT,63178,305,16,DONG_NAI,null,null,,https://www.customs.gov.vn/index.jsp?pageId=3&id=63178&cid=1294,2011,10/2011,2026-10-08T09:45:29Z
519,CV9427/BCT-XNK,11/10/2011,Bộ Công thương,V/v Triển khai thực hiện Thông báo số 197/TB-BC,63179,305,16,DONG_NAI,null,null,,https://www.customs.gov.vn/index.jsp?pageId=3&id=63179&cid=1294,2011,10/2011,2026-10-08T09:45:29Z
520,1670/HQĐNa-GSQL,10/10/2011,Cục Hải Quan tỉnh Đồng Nai,V/v Tiêu hủy chất thải gây hại của doanh nghiệp chế xuất,65227,305,18,DONG_NAI,null,null,https://files.customs.gov.vn/DONG_NAI//Data/Cv_Hqdn/1670_HQDNa_GSQL_10_10_2011.PDF,https://www.customs.gov.vn/index.jsp?pageId=3&id=65227&cid=1294,2011,10/2011,2026-10-08T09:45:29Z
521,4962/TCHQ-GSQL,10/10/2011,null,"Tăng cường quản lý chất lượng chè nhập khẩu<br />
</span></span> </p>",73557,305,16,DA_NANG,admin,10/10/2011,https://files.customs.gov.vn/DA_NANG/Uploads/65e32243-11bf-4695-985d-c1563e8c13ba/4962-KTCL che NK.tif,https://www.customs.gov.vn/index.jsp?pageId=3&id=73557&cid=1294,2011,10/2011,2026-10-08T09:45:29Z
522,66/2011/TT-BNNPTNT,10/10/2011,Bộ nông nghiệp và phát triển nông thôn,Thông tư quy định chi tiết một số điều nghị định số 08/2010/NĐ-CP ngày 05/02/2010 của Chính phủ về quản lý thức ăn chăn nuôi,57600,305,4,TP_HO_CHI_MINH,Diệp Kỉnh Tần,24/11/2011,https://files.customs.gov.vn/CustomsCMS/TP_HO_CHI_MINH/2020/Web/Data/DocumentAttachments/66_2011_TT-BNNPTNT_130551.doc,https://www.customs.gov.vn/index.jsp?pageId=3&id=57600&cid=1294,2011,10/2011,2026-10-08T09:45:29Z
523,66/2011/TT-BNNPTNT,10/10/2011,null,Thông tư quy định chi tiết một số điều Nghị định số 08/2010/NĐ-CP ngày 05/02/2010 của Chính phủ về quản lý thức ăn chăn nuôi<br />,73559,305,4,DA_NANG,admin,10/10/2011,https://files.customs.gov.vn/DA_NANG/Uploads/65e32243-11bf-4695-985d-c1563e8c13ba/TT66- thuc an chan nuoi.tif,https://www.customs.gov.vn/index.jsp?pageId=3&id=73559&cid=1294,2011,10/2011,2026-10-08T09:45:29Z
524,89/2011/NĐ-CP,10/10/2011,null,"Nghị định sửa đổi, bổ sung một số điều của Nghị định số 87/2009/NĐ-CP ngày 19 tháng 10 năm 2009 của Chính phủ về vận tải đa phương thức.",73560,305,8,DA_NANG,admin,10/10/2011,https://files.customs.gov.vn/DA_NANG/Uploads/65e32243-11bf-4695-985d-c1563e8c13ba/ND89-sua doi ND 87 da phuong thuc.tif,https://www.customs.gov.vn/index.jsp?pageId=3&id=73560&cid=1294,2011,10/2011,2026-10-08T09:45:29Z
525,NĐ89/2011/NĐ-CP,10/10/2011,Chính phủ,"V/v Sửa đổi, bổ sung một số điều của Nghị định số 87/2009/NĐ-CP ngày 19 tháng 10 năm 2009 của Chính phủ về vận tải đa phương thức",63181,305,8,DONG_NAI,null,null,,https://www.customs.gov.vn/index.jsp?pageId=3&id=63181&cid=1294,2011,10/2011,2026-10-08T09:45:29Z
526,TT66/2011/TT-BNNPTNT,10/10/2011,Bộ Nông nghiệp và Phát triển nông thôn,V/v Quy định chi tiết một số điều Nghị định số 08/2010/NĐ-CP ngày 05/02/2010 của Chính phủ về quản lý thức ăn chăn nuôi,63182,305,4,DONG_NAI,null,null,,https://www.customs.gov.vn/index.jsp?pageId=3&id=63182&cid=1294,2011,10/2011,2026-10-08T09:45:29Z
527,1661/HQĐNa-TXNK,07/10/2011,Cục Hải Quan tỉnh Đồng Nai,Trả lời Công ty TNHH Nestle Việt Nam v/v Đăng ký danh mục hàng hóa nhập khẩu miễn thuế tạo TSCĐ,65228,305,18,DONG_NAI,null,null,https://files.customs.gov.vn/DONG_NAI//Data/Cv_Hqdn/1661_HQDNa_TXNK_07_10_2011.PDF,https://www.customs.gov.vn/index.jsp?pageId=3&id=65228&cid=1294,2011,10/2011,2026-10-08T09:45:29Z
528,1650/HQĐNa-GSQL,06/10/2011,Cục Hải Quan tỉnh Đồng Nai,V/v Xin chủ trương cho phép thành lập kho ngoại quan của Công ty cổ phần tiếp vận Thành Long,65229,305,18,DONG_NAI,null,null,https://files.customs.gov.vn/DONG_NAI//Data/Cv_Hqdn/1650_HQDNa_GSQL_06_10_2011.PDF,https://www.customs.gov.vn/index.jsp?pageId=3&id=65229&cid=1294,2011,10/2011,2026-10-08T09:45:29Z
529,CV440/GSQL-TH,06/10/2011,Tổng cục hải quan,V/v Vướng mắc C/O mẫu E,63183,305,16,DONG_NAI,null,null,,https://www.customs.gov.vn/index.jsp?pageId=3&id=63183&cid=1294,2011,10/2011,2026-10-08T09:45:29Z
530,1647/HQĐNa-TXNK,05/10/2011,Cục Hải Quan tỉnh Đồng Nai,V/v Trả lời công văn của Ban quản lý các KCN Đồng Nai v/v thông báo các doanh nghiệp tiến hành giải thể,65230,305,18,DONG_NAI,null,null,https://files.customs.gov.vn/DONG_NAI//Data/Cv_Hqdn/1647_HQDNa_TXNK_05_10_2011.PDF,https://www.customs.gov.vn/index.jsp?pageId=3&id=65230&cid=1294,2011,10/2011,2026-10-08T09:45:29Z
531,4880/TCHQ-TXNK,05/10/2011,null,"<p><span style=""font-size: small""><span style=""font-family: Times New Roman"">Phối hợp thực hiện công văn số 5353/BTC-TCHQ",73554,305,16,DA_NANG,admin,05/10/2011,https://files.customs.gov.vn/DA_NANG/Uploads/65e32243-11bf-4695-985d-c1563e8c13ba/4880TCHQ-TXNK ngày 05.10.2011 Phối hợp thực hiện công văn số 5353 BTC-TCHQ.tif,https://www.customs.gov.vn/index.jsp?pageId=3&id=73554&cid=1294,2011,10/2011,2026-10-08T09:45:29Z
532,4884/TCHQ-TXNK,05/10/2011,null,"<p><span style=""font-size: small""><span style=""font-family: Times New Roman"">Áp dụng mức thuế suất mặt hàng thép có chứa Bo",73553,305,16,DA_NANG,admin,05/10/2011,https://files.customs.gov.vn/DA_NANG/Uploads/65e32243-11bf-4695-985d-c1563e8c13ba/2011_4884TCHQ-TXNK ngày 05.10.2011 Áp dụng mức thuế suất mặt hàng thép có chứa bo.tif,https://www.customs.gov.vn/index.jsp?pageId=3&id=73553&cid=1294,2011,10/2011,2026-10-08T09:45:29Z
533,65/2011/TT-BNNPTNT,05/10/2011,Bộ Nông nghiệp và Phát triển nông thôn,"Thông tư 65/2011/TT-BNNPTNT về danh mục bổ sung sản phẩm xử lý, cải tạo môi trường nuôi trồng thuỷ sản được phép lưu hành tại Việt Nam",61289,305,4,TONG_CUC,Nguyễn Thị Xuân Thu,19/11/2011,,https://www.customs.gov.vn/index.jsp?pageId=3&id=61289&cid=1294,2011,10/2011,2026-10-08T09:45:29Z
534,CV65/2011/TT-BNNPTNT,05/10/2011,Bộ Nông nghiệp và Phát triển nông thôn,"Thông tư Ban hành Danh mục bổ sung sản phẩm xử lý, cải tạo môi trường nuôi trồng thuỷ sản được phép lưu hành tại Việt Nam",63184,305,4,DONG_NAI,null,null,,https://www.customs.gov.vn/index.jsp?pageId=3&id=63184&cid=1294,2011,10/2011,2026-10-08T09:45:29Z
535,64/2011/TT-BNNPTNT,04/10/2011,Bộ Nông nghiệp và Phát triển nông thôn,Thông tư 64/2011/TT-BNNPTNT về Danh mục bổ sung giống cây trồng được phép sản xuất kinh doanh ở Việt Nam,61286,305,4,TONG_CUC,Bùi Bá Bổng,18/11/2011,,https://www.customs.gov.vn/index.jsp?pageId=3&id=61286&cid=1294,2011,10/2011,2026-10-08T09:45:29Z
536,9288/BCT-CNNg,04/10/2011,null,"Điều chỉnh bổ sung điều kiện xuất khẩu quặng sắt tại thông tư số 08/2008/TT-BCT<br />
</span></span> </p>",73552,305,16,DA_NANG,admin,04/10/2011,https://files.customs.gov.vn/DA_NANG/Uploads/65e32243-11bf-4695-985d-c1563e8c13ba/9208-dieuchinh TT 08-XK khoang san.tif,https://www.customs.gov.vn/index.jsp?pageId=3&id=73552&cid=1294,2011,10/2011,2026-10-08T09:45:29Z
537,CV13231/BTC-TTr,04/10/2011,Bộ Tài chính,V/v Trả lời Cv số VTV05/CV.2011 của Cty TNHH Vopak Việt Nam,63185,305,16,DONG_NAI,null,null,https://files.customs.gov.vn/DONG_NAI//Data/CV_BTC/13231_BTC_TTr_04_10_2011.pdf,https://www.customs.gov.vn/index.jsp?pageId=3&id=63185&cid=1294,2011,10/2011,2026-10-08T09:45:29Z
538,1641/HQĐNa-GSQL,03/10/2011,Cục Hải Quan tỉnh Đồng Nai,V/v Trả lời Công ty Cổ phần Taekwang Vina Industrial v/v Vận chuyển hàng hóa giữa Công ty và Chi nhánh ở Biên Hòa Đồng Nai,65231,305,18,DONG_NAI,null,null,https://files.customs.gov.vn/DONG_NAI//Data/Cv_Hqdn/1641_HQDNa_GSQL_03_10_2011.PDF,https://www.customs.gov.vn/index.jsp?pageId=3&id=65231&cid=1294,2011,10/2011,2026-10-08T09:45:29Z
539,4819/TCHQ-GSQL,03/10/2011,null,Vướng mắc thực hiện thông báo 197/TB-BTC<br />,73550,305,16,DA_NANG,admin,03/10/2011,https://files.customs.gov.vn/DA_NANG/Uploads/65e32243-11bf-4695-985d-c1563e8c13ba/4819-vuong mac TB197 DNCX.tif,https://www.customs.gov.vn/index.jsp?pageId=3&id=73550&cid=1294,2011,10/2011,2026-10-08T09:45:29Z
540,CV4819/TCHQ-GSQL,03/10/2011,Tổng cục hải quan,V/v Vướng mắc thực hiện Thông báo số 197/TB-BCT,63186,305,16,DONG_NAI,null,null,,https://www.customs.gov.vn/index.jsp?pageId=3&id=63186&cid=1294,2011,10/2011,2026-10-08T09:45:29Z
541,TT135/2011/TT-BTC,03/10/2011,Bộ Tài chính,Sửa đổi mức thuế suất thuế xuất khẩu mặt hàng Sten đồng thuộc nhóm 74.01 trong Biểu thuế xuất khẩu,63187,305,4,DONG_NAI,null,null,,https://www.customs.gov.vn/index.jsp?pageId=3&id=63187&cid=1294,2011,10/2011,2026-10-08T09:45:29Z
542,108/2011/NÐ-CP,30/11/2011,Chính phủ,"Sửa đổi một số điều Nghị định số 69/2010/NĐ-CP ngày 21 tháng 6 năm 2010 của Chính phủ về an toàn sinh học đối với sinh vật biến đổi gen, mẫu vật di truyền và sản phẩm của sinh vật biến đổi gen",53422,305,8,TP_HO_CHI_MINH,Nguyễn Tấn Dũng,15/01/2012,https://files.customs.gov.vn/CustomsCMS/TP_HO_CHI_MINH/2020/Web/Data/DocumentAttachments/108_2011_ND_CP_Sua_doi_mot_so_dieu_Nghi_dinh_so_692010ND-CP.doc,https://www.customs.gov.vn/index.jsp?pageId=3&id=53422&cid=1294,2011,11/2011,2026-10-08T09:45:29Z
543,108/2011/NĐ-CP,30/11/2011,null,"Nghị định 108/2011/NĐ-CP của Chính phủ sửa đổi một số điều Nghị định số 69/2010/NĐ-CP ngày 21 tháng 6 năm 2010 của Chính phủ về an toàn sinh học đối với sinh vật biến đổi gen, mẫu vật di truyền và sản phẩm của sinh vật biến đổi gen",42681,305,18,QUANG_BINH,null,null,https://files.customs.gov.vn/CustomsCMS/QUANG_BINH/2021/04/images/stories/files/ND10811CP.doc,https://www.customs.gov.vn/index.jsp?pageId=3&id=42681&cid=1294,2011,11/2011,2026-10-08T09:45:29Z
544,CV6020/TCHQ-TXNK,30/11/2011,Tổng cục hải quan,V/v Thuế suất thuế xuất khẩu cao su,63156,305,16,DONG_NAI,null,null,,https://www.customs.gov.vn/index.jsp?pageId=3&id=63156&cid=1294,2011,11/2011,2026-10-08T09:45:29Z
545,14998/BTC-TCHQ,29/11/2011,null,Phí vân chuyển đường sắt trong xác định trị giá.,73614,305,18,DA_NANG,Tổng cục Hải quan,29/11/2011,,https://www.customs.gov.vn/index.jsp?pageId=3&id=73614&cid=1294,2011,11/2011,2026-10-08T09:45:29Z
546,CV5995/TCHQ-TXNK,29/11/2011,Tổng cục hải quan,V/v Phân loại mặt hàng thép hợp kim dùng trong xây dựng,63157,305,16,DONG_NAI,null,null,,https://www.customs.gov.vn/index.jsp?pageId=3&id=63157&cid=1294,2011,11/2011,2026-10-08T09:45:29Z
547,15743/BTC-CST,28/11/2011,null,"Trị giá tính thuế, thuế nhà thầu đối với hoạt động mua bản quyền phim nước ngoài.",73608,305,18,DA_NANG,Bộ Tài chính,28/11/2011,,https://www.customs.gov.vn/index.jsp?pageId=3&id=73608&cid=1294,2011,11/2011,2026-10-08T09:45:29Z
548,2055/HQĐNa-CNTT,28/11/2011,Cục Hải Quan tỉnh Đồng Nai,V/v Khai báo hồ sơ thanh khoản điện tử,65193,305,18,DONG_NAI,null,null,https://files.customs.gov.vn/DONG_NAI//Data/Cv_Hqdn/2055_HQDNa_CNTT_28_11_2011.PDF,https://www.customs.gov.vn/index.jsp?pageId=3&id=65193&cid=1294,2011,11/2011,2026-10-08T09:45:29Z
549,5589/TCHQ-TXNK,28/11/2011,null,Tăng cường công tác kiểm tra tham vấn và xác định trị giá tính thuế hàng nhập khẩu.,73612,305,18,DA_NANG,Tổng cục Hải quan,28/11/2011,,https://www.customs.gov.vn/index.jsp?pageId=3&id=73612&cid=1294,2011,11/2011,2026-10-08T09:45:29Z
550,5802/TCHQ-GSQL,28/11/2011,null,Hoá đơn thương mại gốc của sản phẩm,73607,305,18,DA_NANG,Tổng cục Hải quan,28/11/2011,,https://www.customs.gov.vn/index.jsp?pageId=3&id=73607&cid=1294,2011,11/2011,2026-10-08T09:45:29Z
551,5967/TCHQ-TXNK,28/11/2011,null,Công văn số 5967/TCHQ-TXNK về việc giá tính thuế hàng xuất khẩu,42882,305,18,QUANG_BINH,null,null,https://files.customs.gov.vn/CustomsCMS/QUANG_BINH/2021/04CV596711TCHQ.doc,https://www.customs.gov.vn/index.jsp?pageId=3&id=42882&cid=1294,2011,11/2011,2026-10-08T09:45:29Z
552,Số15/CT-UBND,28/11/2011,UBND Tỉnh/TP,Chỉ thị về việc tuyển chọn và gọi công dân nhập ngủ năm 2012,42945,305,18,QUANG_BINH,null,null,https://files.customs.gov.vn/CustomsCMS/QUANG_BINH/2021/04/images/stories/files/de2011_2935s1_1_.tif,https://www.customs.gov.vn/index.jsp?pageId=3&id=42945&cid=1294,2011,11/2011,2026-10-08T09:45:29Z
553,TT58/2011/TT-BGTVT,28/11/2011,Bộ Giao thông vận tải,V/v Quy định về vùng hoa tiêu hàng hải bắt buộc của Việt Nam,63158,305,4,DONG_NAI,null,null,,https://www.customs.gov.vn/index.jsp?pageId=3&id=63158&cid=1294,2011,11/2011,2026-10-08T09:45:29Z
554,05/2011/QH13,26/11/2011,Quốc hội,Luật Cơ yếu 2011,61207,305,13,TONG_CUC,Nguyễn Sinh Hùng,01/02/2012,,https://www.customs.gov.vn/index.jsp?pageId=3&id=61207&cid=1294,2011,11/2011,2026-10-08T09:45:29Z
555,TT170/2011/TT-BTC,25/11/2011,Bộ Tài chính,"V/v Hướng dẫn thực hiện Quyết định số 54/2011/QĐ-TTg ngày 11 tháng 10 năm 2011 của Thủ tướng Chính phủ về việc gia hạn nộp thuế thu nhập doanh nghiệp năm 2011 của doanh nghiệp sử dụng nhiều lao động trong một số ngành nhằm tháo gỡ khó khăn, góp phần thúc đẩy sản xuất kinh doanh",63146,305,4,DONG_NAI,null,null,,https://www.customs.gov.vn/index.jsp?pageId=3&id=63146&cid=1294,2011,11/2011,2026-10-08T09:45:29Z
556,107/2011/NĐ-CP,24/11/2011,null,Nghị định số 107/2011/NĐ-CP của Chính phủ quy định chi tiết điểm C khoản 2 điều 15 luật cơ quan đại diện nước Cộng hòa xã hội chủ nghĩa Việt nam ở nước ngoài,42641,305,18,QUANG_BINH,null,null,https://files.customs.gov.vn/CustomsCMS/QUANG_BINH/2021/04/images/stories/files/ND10711CP.doc,https://www.customs.gov.vn/index.jsp?pageId=3&id=42641&cid=1294,2011,11/2011,2026-10-08T09:45:29Z
557,1421/CN-TĂCN,24/11/2011,null,V/v Giấy đăng ký kiểm tra xác nhận chất lượng thức ăn chăn nuôi nhập khẩu,73605,305,16,DA_NANG,admin,24/11/2011,https://files.customs.gov.vn/DA_NANG/Uploads/65e32243-11bf-4695-985d-c1563e8c13ba/1421-thuc an chan nuoi.tif,https://www.customs.gov.vn/index.jsp?pageId=3&id=73605&cid=1294,2011,11/2011,2026-10-08T09:45:29Z
558,2036/HQĐN-GSQL,24/11/2011,Cục Hải Quan tỉnh Đồng Nai,Trả lời Công ty TNHH Phát triển KCN Long Bình v/v tháo bỏ hàng rào khu chế xuất,65195,305,18,DONG_NAI,null,null,https://files.customs.gov.vn/DONG_NAI//Data/Cv_Hqdn/2036_HQDNa_GSQL_24_11_2011.PDF,https://www.customs.gov.vn/index.jsp?pageId=3&id=65195&cid=1294,2011,11/2011,2026-10-08T09:45:29Z
559,2042/HQĐNa-GSQL,24/11/2011,Cục Hải Quan tỉnh Đồng Nai,Trả lời Công ty TNHH Mitsuba M-Tech Việt Nam v/v vướng mắc phân loại hàng hóa,65194,305,18,DONG_NAI,null,null,https://files.customs.gov.vn/DONG_NAI//Data/Cv_Hqdn/2042_HQDNa_GSQL_24_11_2011.PDF,https://www.customs.gov.vn/index.jsp?pageId=3&id=65194&cid=1294,2011,11/2011,2026-10-08T09:45:29Z
560,2228/QLCL-CL1,24/11/2011,null,"Triển khai một số quy định tăng cường kiểm soát chất lượng, an toàn thực phẩm lô hàng thủy sản xuất khẩu<br />",73606,305,16,DA_NANG,admin,24/11/2011,https://files.customs.gov.vn/DA_NANG/Uploads/65e32243-11bf-4695-985d-c1563e8c13ba/2228-KTCL thuy san XK.tif,https://www.customs.gov.vn/index.jsp?pageId=3&id=73606&cid=1294,2011,11/2011,2026-10-08T09:45:29Z
561,2233/QLCL-CL1,24/11/2011,null,Danh sách các cơ sở được công nhận đủ điều kiện ATTP và được phép chế biến thuỷ  sản xuất khẩu vào các thị trường<br />,73604,305,16,DA_NANG,admin,24/11/2011,https://files.customs.gov.vn/DA_NANG/Uploads/65e32243-11bf-4695-985d-c1563e8c13ba/2233-danh sach DN du dk XK thuy san.tif,https://www.customs.gov.vn/index.jsp?pageId=3&id=73604&cid=1294,2011,11/2011,2026-10-08T09:45:29Z
562,CV1421/CN-TACN,24/11/2011,Khác,V/v Xác nhận Giấy đăng ký kiểm tra xác nhận chất lượng thức ăn chăn nuôi nhập khẩu,63159,305,16,DONG_NAI,null,null,,https://www.customs.gov.vn/index.jsp?pageId=3&id=63159&cid=1294,2011,11/2011,2026-10-08T09:45:29Z
563,CV15963/BTC-CST,24/11/2011,Bộ Tài chính,V/v Hướng dẫn thủ tục ưu đãi miễn thuế xuất khẩu theo Nghị định số 04/2009/NĐ-CP,63160,305,16,DONG_NAI,null,null,,https://www.customs.gov.vn/index.jsp?pageId=3&id=63160&cid=1294,2011,11/2011,2026-10-08T09:45:29Z
564,106/2011/NĐ-CP,23/11/2011,null,"Nghị định số 106/2011/NĐ-CP của Chính phủ Sửa đổi, bổ sung một số điều của Nghị định số 26/2007/NĐ-CP của Chính phủ ngày 15 tháng 02 năm 2007 Quy định chi tiết thi hành Luật Giao dịch điện tử về chữ ký số và dịch vụ chứng thực chữ ký số",42642,305,18,QUANG_BINH,null,null,https://files.customs.gov.vn/CustomsCMS/QUANG_BINH/2021/04/images/stories/files/ND10611CP.doc,https://www.customs.gov.vn/index.jsp?pageId=3&id=42642&cid=1294,2011,11/2011,2026-10-08T09:45:29Z
565,534/GSQL-GQ1,23/11/2011,null,Thực hiện Thông tư 20/2011/TT-BCT,73603,305,16,DA_NANG,admin,23/11/2011,https://files.customs.gov.vn/DA_NANG/Uploads/65e32243-11bf-4695-985d-c1563e8c13ba/534-hdan TT20 xe toyyota.tif,https://www.customs.gov.vn/index.jsp?pageId=3&id=73603&cid=1294,2011,11/2011,2026-10-08T09:45:29Z
566,4133/TCHQ-GSQL,22/11/2011,null,Công văn số 4133/TCHQ-GSQL của Tổng cục Hải quan về việc thủ tục hải quan xuất khẩu tàu biển đã xuất cảnh,42785,305,18,QUANG_BINH,null,null,https://files.customs.gov.vn/CustomsCMS/QUANG_BINH/2021/04/images/stories/files/CV413311TCHQ.doc,https://www.customs.gov.vn/index.jsp?pageId=3&id=42785&cid=1294,2011,11/2011,2026-10-08T09:45:29Z
567,2030/HQĐN-GSQL,22/11/2011,Cục Hải Quan tỉnh Đồng Nai,Trả lời Công ty TNHH Mabuchi Motor Việt Nam v/v vướng mắc thủ tục XNK-TC giữa DNCX,65196,305,18,DONG_NAI,null,null,https://files.customs.gov.vn/DONG_NAI//Data/Cv_Hqdn/2030_HQDNa_TXNK_22_11_2011.PDF,https://www.customs.gov.vn/index.jsp?pageId=3&id=65196&cid=1294,2011,11/2011,2026-10-08T09:45:29Z
568,2022/HQĐN-TXNK,21/11/2011,Cục Hải Quan tỉnh Đồng Nai,Trả lời Công ty TNHH Chế biến Thực phẩm Thương mại Pha Lê v/v Đăng ký danh mục hàng hóa nhập khẩu miễn thuế tạo TSCĐ,65197,305,18,DONG_NAI,null,null,https://files.customs.gov.vn/DONG_NAI//Data/Cv_Hqdn/2022_HQDNa_TXNK_21_11_2011.PDF,https://www.customs.gov.vn/index.jsp?pageId=3&id=65197&cid=1294,2011,11/2011,2026-10-08T09:45:29Z
569,TT168/2011/TT-BTC,21/11/2011,Bộ Tài chính,"V/v Hướng dẫn Thống kê nhà nước về hải quan đối với hàng hóa xuất khẩu, nhập khẩu",63147,305,4,DONG_NAI,null,null,,https://www.customs.gov.vn/index.jsp?pageId=3&id=63147&cid=1294,2011,11/2011,2026-10-08T09:45:29Z
570,2017/HQĐN-GSQL,18/11/2011,Cục Hải Quan tỉnh Đồng Nai,Trả lời Công ty TNHH Việt Nam Suzuki v/v Vướng mắc về chính sách nhập khẩu dầu nhờn,65198,305,18,DONG_NAI,null,null,https://files.customs.gov.vn/DONG_NAI//Data/Cv_Hqdn/2017_HQDNa_GSQL_18_11_2011.PDF,https://www.customs.gov.vn/index.jsp?pageId=3&id=65198&cid=1294,2011,11/2011,2026-10-08T09:45:29Z
571,CV5802/TCHQ-GSQL,18/11/2011,Tổng cục hải quan,V/v Hóa đơn thương mại gốc của sản phẩm,63161,305,16,DONG_NAI,null,null,,https://www.customs.gov.vn/index.jsp?pageId=3&id=63161&cid=1294,2011,11/2011,2026-10-08T09:45:29Z
572,1991/HQĐN-TXNK,17/11/2011,Cục Hải Quan tỉnh Đồng Nai,Trả lời Công ty TNHH Nestle Việt Nam v/v Điều chỉnh danh mục hàng hóa nhập khẩu miễn thuế tạo TSCĐ,65202,305,18,DONG_NAI,null,null,https://files.customs.gov.vn/DONG_NAI//Data/Cv_Hqdn/1991_HQDNa_TXNK_17_11_2011.PDF,https://www.customs.gov.vn/index.jsp?pageId=3&id=65202&cid=1294,2011,11/2011,2026-10-08T09:45:29Z
573,2000/HQĐN-TXNK,17/11/2011,Cục Hải Quan tỉnh Đồng Nai,Trả lời Công ty TNHH chế biến gỗ Hợp Huy v/v Đăng ký danh mục hàng hóa nhập khẩu miễn thuế tạo TSCĐ,65200,305,18,DONG_NAI,null,null,https://files.customs.gov.vn/DONG_NAI//Data/Cv_Hqdn/2000_HQDNa_TXNK_17_11_2011.PDF,https://www.customs.gov.vn/index.jsp?pageId=3&id=65200&cid=1294,2011,11/2011,2026-10-08T09:45:29Z
574,2001/HQĐN-TXNK,17/11/2011,Cục Hải Quan tỉnh Đồng Nai,Trả lời Công ty TNHH Japfa Comfeed Bình Thuận v/v Đăng ký danh mục hàng hóa nhập khẩu miễn thuế tạo TSCĐ,65199,305,18,DONG_NAI,null,null,https://files.customs.gov.vn/DONG_NAI//Data/Cv_Hqdn/2001_HQDNa_TXNK_17_11_2011.PDF,https://www.customs.gov.vn/index.jsp?pageId=3&id=65199&cid=1294,2011,11/2011,2026-10-08T09:45:29Z
575,57/2011/TT-BGTVT,17/11/2011,null,"<p><span style=""font-family: Times New Roman;""><span style=""font-size: small;"">Thông tư ban hành quy chế 03 Quy chuẩn kỹ thuật quốc gia về phụ tùng xe  ôtô<b><br />
</b>",73599,305,4,DA_NANG,admin,17/11/2011,https://files.customs.gov.vn/DA_NANG/Uploads/65e32243-11bf-4695-985d-c1563e8c13ba/TT57-quy chuan phu tung xe oto.tif,https://www.customs.gov.vn/index.jsp?pageId=3&id=73599&cid=1294,2011,11/2011,2026-10-08T09:45:29Z
576,5795/TCHQ-TXNK,17/11/2011,null,Phân loại mặt hàng bo mạch,73598,305,16,DA_NANG,admin,17/11/2011,https://files.customs.gov.vn/DA_NANG/Uploads/65e32243-11bf-4695-985d-c1563e8c13ba/5795.tif,https://www.customs.gov.vn/index.jsp?pageId=3&id=73598&cid=1294,2011,11/2011,2026-10-08T09:45:29Z
577,TT161/2011/TT-BTC,17/11/2011,Bộ Tài chính,V/v Ban hành Biểu thuế nhập khẩu ưu đãi đặc biệt của Việt Nam để thực hiện Hiệp định Thương mại hàng hoá ASEAN giai đoạn 2012-2014,63164,305,4,DONG_NAI,null,null,,https://www.customs.gov.vn/index.jsp?pageId=3&id=63164&cid=1294,2011,11/2011,2026-10-08T09:45:29Z
578,TT162/2011/TT-BTC,17/11/2011,Bộ Tài chính,V/v Ban hành Biểu thuế nhập khẩu ưu đãi đặc biệt của Việt Nam để thực hiện Khu vực Thương mại Tự do ASEAN – Trung Quốc giai đoạn 2012-2014,63163,305,4,DONG_NAI,null,null,,https://www.customs.gov.vn/index.jsp?pageId=3&id=63163&cid=1294,2011,11/2011,2026-10-08T09:45:29Z
579,TT163/2011/TT-BTC,17/11/2011,Bộ Tài chính,V/v Ban hành Biểu thuế nhập khẩu ưu đãi đặc biệt của Việt Nam để thực hiện Khu vực Thương mại Tự do ASEAN – Hàn Quốc giai đoạn 2012-2014,63162,305,4,DONG_NAI,null,null,https://files.customs.gov.vn/DONG_NAI//Data/CV_BTC/163_2011_TT_BTC_17_11_2011_dinhkem.pdf,https://www.customs.gov.vn/index.jsp?pageId=3&id=63162&cid=1294,2011,11/2011,2026-10-08T09:45:29Z
580,105/2011/NĐ-CP,16/11/2011,null,Nghị định số 105/2011/NĐ-CP của Chính phủ quy định xử phạt vi phạm hành chính về kinh doanh khí dầu mỏ hóa lỏng,42643,305,18,QUANG_BINH,null,null,https://files.customs.gov.vn/CustomsCMS/QUANG_BINH/2021/04/images/stories/files/ND10511CP.doc,https://www.customs.gov.vn/index.jsp?pageId=3&id=42643&cid=1294,2011,11/2011,2026-10-08T09:45:29Z
581,1976/HQĐNa-HĐH,16/11/2011,Cục Hải Quan tỉnh Đồng Nai,V/v Thông báo thủ tục hành chính thuộc thẩm quyền giải quyết của Cục Hải quan Đồng Nai,65205,305,18,DONG_NAI,null,null,https://files.customs.gov.vn/DONG_NAI//Data/Cv_Hqdn/1976_HQDNa_HDH_16_11_2011.PDF,https://www.customs.gov.vn/index.jsp?pageId=3&id=65205&cid=1294,2011,11/2011,2026-10-08T09:45:29Z
582,1984/HQĐNa-GSQL,16/11/2011,Cục Hải Quan tỉnh Đồng Nai,V/v Trả lời Công ty TNHH Tiếp vận Thăng Long v/v Chuyển hàng từ kho ngoại quan này sang kho ngoại quan khác,65204,305,18,DONG_NAI,null,null,https://files.customs.gov.vn/DONG_NAI//Data/Cv_Hqdn/1984_HQDNa_GSQL_16_11_2011.PDF,https://www.customs.gov.vn/index.jsp?pageId=3&id=65204&cid=1294,2011,11/2011,2026-10-08T09:45:29Z
583,1988/HQĐN-GSQL,16/11/2011,Cục Hải Quan tỉnh Đồng Nai,Trả lời Công ty TNHH Aureole BCD v/v Tạm nhập tái xuất khuôn ép nhựa từ kho ngoại quan,65203,305,18,DONG_NAI,null,null,https://files.customs.gov.vn/DONG_NAI//Data/Cv_Hqdn/1988_HQDNa_GSQL_16_11_2011.PDF,https://www.customs.gov.vn/index.jsp?pageId=3&id=65203&cid=1294,2011,11/2011,2026-10-08T09:45:29Z
584,5769/TCHQ-TXNK,16/11/2011,null,Phân loại mặt hàng máy làm lạnh nước.,73596,305,16,DA_NANG,admin,16/11/2011,https://files.customs.gov.vn/DA_NANG/Uploads/65e32243-11bf-4695-985d-c1563e8c13ba/5769.tif,https://www.customs.gov.vn/index.jsp?pageId=3&id=73596&cid=1294,2011,11/2011,2026-10-08T09:45:29Z
585,103/2011/NĐ-CP,15/11/2011,null,"Nghị định số 103/2011/NĐ-CP của Chính phủ sửa đổi, bổ sung một số điều của Nghị định 133/2008/NĐ-CP ngày 31/12/2008 của Chính phủ quy định chi tiết và hướng dẫn thi hành một số điều của Luật Chuyển giao công nghệ",42682,305,18,QUANG_BINH,null,null,https://files.customs.gov.vn/CustomsCMS/QUANG_BINH/2021/04/images/stories/files/ND10311CP.doc,https://www.customs.gov.vn/index.jsp?pageId=3&id=42682&cid=1294,2011,11/2011,2026-10-08T09:45:29Z
586,32/2011/TT-BKHCN,15/11/2011,Bộ Khoa Học Công Nghệ,"Quy định về việc xác định tiêu chí dự án ứng dụng công nghệ cao, dự án đầu tư sản xuất sản phẩm công nghệ cao và thẩm định hồ sơ đề nghị cấp giấy chứng nhận hoạt động ứng dụng công nghệ cao, doanh nghiệp thành lập mới từ dự án đầu tư sản xuất sản phẩm công nghệ cao, doanh nghiệp công nghệ cao",66333,305,4,DONG_NAI,null,null,,https://www.customs.gov.vn/index.jsp?pageId=3&id=66333&cid=1294,2011,11/2011,2026-10-08T09:45:29Z
587,Số3031/QĐ-UBND,15/11/2011,UBND Tỉnh/TP,"Quyết định về việc công bố các lĩnh vực đầu tư và ngành nghề kinh doanh có điều kiện áp dụng đối với các thủ tục chứng nhận đầu tư, đăng ký doanh nghiệp và đăng ký kinh doanh được UBND tỉnh công bố tại các Quyết định công bố thủ tục hành chính.",42926,305,18,QUANG_BINH,null,null,https://files.customs.gov.vn/CustomsCMS/QUANG_BINH/2021/04/images/stories/files/de2011_2909s1_1_.tif,https://www.customs.gov.vn/index.jsp?pageId=3&id=42926&cid=1294,2011,11/2011,2026-10-08T09:45:29Z
588,40/2011/TT/BCT,14/11/2011,Bộ Công thương,Thông Tư quy định về khai báo hóa chất,54380,305,4,TP_HO_CHI_MINH,Nguyễn Nam Hải,31/12/2011,https://files.customs.gov.vn/CustomsCMS/TP_HO_CHI_MINH/2020/Web/Data/DocumentAttachments/40_2011_TT-BCT_132108.doc,https://www.customs.gov.vn/index.jsp?pageId=3&id=54380&cid=1294,2011,11/2011,2026-10-08T09:45:29Z
589,TT156/2011/TT-BTC,14/11/2011,Bộ Tài chính,"V/v Ban hành Danh mục hàng hoá xuất khẩu, nhập khẩu Việt Nam",63166,305,4,DONG_NAI,null,null,,https://www.customs.gov.vn/index.jsp?pageId=3&id=63166&cid=1294,2011,11/2011,2026-10-08T09:45:29Z
590,TT157/2011/TT-BTC,14/11/2011,Bộ Tài chính,"V/v Ban hành Biểu thuế xuất khẩu, Biểu thuế nhập khẩu ưu đãi theo danh mục mặt hàng chịu thuế",63165,305,4,DONG_NAI,null,null,,https://www.customs.gov.vn/index.jsp?pageId=3&id=63165&cid=1294,2011,11/2011,2026-10-08T09:45:29Z
591,01/2011/QH13,11/11/2011,Quốc hội,Luật Lưu trữ 2011,61208,305,13,TONG_CUC,Nguyễn Sinh Hùng,01/07/2012,,https://www.customs.gov.vn/index.jsp?pageId=3&id=61208&cid=1294,2011,11/2011,2026-10-08T09:45:29Z
592,Luật123,11/11/2011,null,Luật 12,73594,305,18,DA_NANG,admin,11/11/2011,,https://www.customs.gov.vn/index.jsp?pageId=3&id=73594&cid=1294,2011,11/2011,2026-10-08T09:45:29Z
593,TT152/2011/TT-BTC,11/11/2011,Bộ Tài chính,"V/v Hướng dẫn thi hành Nghị định số 67/2011/NĐ-CP ngày 08 tháng 8 năm 2011
 của Chính phủ quy định chi tiết và hướng dẫn thi hành một số điều của
 Luật thuế Bảo vệ môi trường",63168,305,4,DONG_NAI,null,null,,https://www.customs.gov.vn/index.jsp?pageId=3&id=63168&cid=1294,2011,11/2011,2026-10-08T09:45:29Z
594,TT154/2011/TT-BTC,11/11/2011,Bộ Tài chính,V/v Hướng dẫn Nghị định số 101/2011/NĐ-CP ngày 4/11/2011 của Chính phủ quy định chi tiết thi hành Nghị quyết số 08/2011/QH13 của Quốc hội về ban hành bổ sung một số giải pháp về thuế nhằm tháo  gỡ khó khăn cho doanh nghiệp và cá nhân,63167,305,4,DONG_NAI,null,null,,https://www.customs.gov.vn/index.jsp?pageId=3&id=63167&cid=1294,2011,11/2011,2026-10-08T09:45:29Z
595,1925/HQĐN-TXNK,10/11/2011,Cục Hải Quan tỉnh Đồng Nai,V/v Phúc đáp công văn số 208/MP và công văn số 211/MP (Cục HQ Bình Dương),65206,305,18,DONG_NAI,null,null,https://files.customs.gov.vn/DONG_NAI//Data/Cv_Hqdn/1925_HQDNa_TXNK_10_11_2011.PDF,https://www.customs.gov.vn/index.jsp?pageId=3&id=65206&cid=1294,2011,11/2011,2026-10-08T09:45:29Z
596,5666/TCHQ-TXNK,10/11/2011,null,Công văn số 5666/TCHQ-TXNK của Tổng cục hải quan về việc miễn thuế hàng nhập khẩu,42881,305,18,QUANG_BINH,null,null,https://files.customs.gov.vn/CustomsCMS/QUANG_BINH/2021/04CV566611TCHQ.doc,https://www.customs.gov.vn/index.jsp?pageId=3&id=42881&cid=1294,2011,11/2011,2026-10-08T09:45:29Z
597,TT139/2011/TT-BTC,10/11/2011,Bộ Tài chính,"V/v Sửa đổi, bổ sung Thông tư số 12/2010/TT-BTC ngày 20/01/2010 của Bộ Tài chính hướng dẫn việc xử lý tang vật vi phạm hành chính là hàng hoá, vật phẩm dễ bị hư hỏng và quản lý số tiền thu được từ xử lý tang vật, phương tiện tịch thu sung quỹ nhà nước do vi phạm hành chính",63180,305,4,DONG_NAI,null,null,,https://www.customs.gov.vn/index.jsp?pageId=3&id=63180&cid=1294,2011,11/2011,2026-10-08T09:45:29Z
598,12/2011/QH13,09/11/2011,Quốc hội,Nghị quyết về kế hoạch vốn trái phiếu chính phủ giai đoạn 2011 - 2015,56021,305,7,TP_HO_CHI_MINH,Nguyễn Sinh Hùng,09/11/2011,https://files.customs.gov.vn/CustomsCMS/TP_HO_CHI_MINH/2020/Web/Data/DocumentAttachments/12_2011_QH13_132748.doc,https://www.customs.gov.vn/index.jsp?pageId=3&id=56021&cid=1294,2011,11/2011,2026-10-08T09:45:29Z
599,1992/QĐ-TTg,09/11/2011,null,"Quyết định số 1992/QĐ-TTg của Thủ tướng Chính phủ phê duyệt kế hoạch sửa đổi, bổ sung các Nghị định quy định chức năng, nhiệm vụ, quyền hạn và cơ cấu tổ chức của Bộ, cơ quan ngang Bộ",42680,305,18,QUANG_BINH,null,null,https://files.customs.gov.vn/CustomsCMS/QUANG_BINH/2021/04/images/stories/files/QD199211TTG.doc,https://www.customs.gov.vn/index.jsp?pageId=3&id=42680&cid=1294,2011,11/2011,2026-10-08T09:45:29Z
600,10/2011/QH13,08/11/2011,Quốc hội,Nghị quyết về kế hoạch phát triển Kinh tế-Xã hội 5 năm 2011-2015,58176,305,7,TP_HO_CHI_MINH,Nguyễn Sinh Hùng,08/11/2011,https://files.customs.gov.vn/CustomsCMS/TP_HO_CHI_MINH/2020/Web/Data/DocumentAttachments/10_2011_QH13_132450.doc,https://www.customs.gov.vn/index.jsp?pageId=3&id=58176&cid=1294,2011,11/2011,2026-10-08T09:45:29Z
601,1891/HQĐNa-GSQL,08/11/2011,Cục Hải Quan tỉnh Đồng Nai,V/v C/O mẫu D không hợp lệ (Cty TNHH Buwon Vina),65208,305,18,DONG_NAI,null,null,https://files.customs.gov.vn/DONG_NAI//Data/Cv_Hqdn/1891_HQDNa_GSQL.PDF,https://www.customs.gov.vn/index.jsp?pageId=3&id=65208&cid=1294,2011,11/2011,2026-10-08T09:45:29Z
602,1895/HQĐNa-CCHĐH,08/11/2011,Cục Hải Quan tỉnh Đồng Nai,V/v Niêm yết thủ tục hành chính thuộc thẩm quyền giải quyết của Cục HQĐN,65207,305,18,DONG_NAI,null,null,https://files.customs.gov.vn/DONG_NAI//Data/Cv_Hqdn/1895_HQDNa_CCHDH_08_11_2011.PDF,https://www.customs.gov.vn/index.jsp?pageId=3&id=65207&cid=1294,2011,11/2011,2026-10-08T09:45:29Z
603,5589/TCHQ-TXNK,08/11/2011,null,Tăng cường công tác kiểm tra tham vấn và xác định trị giá tính thuế hàng nhập khẩu.,73590,305,16,DA_NANG,admin,08/11/2011,https://files.customs.gov.vn/DA_NANG/Uploads/65e32243-11bf-4695-985d-c1563e8c13ba/5589.tif,https://www.customs.gov.vn/index.jsp?pageId=3&id=73590&cid=1294,2011,11/2011,2026-10-08T09:45:29Z
604,101/2011/NĐ-CP,04/11/2011,Chính phủ,Nghị định số 101/2011/NĐ-CP của Chính phủ quy định chi tiết thi hành Nghị quyết số 08/2011/QH13 của Quốc hội về ban hành bổ sung một số giải pháp về thuế nhằm tháo gỡ khó khăn cho doanh nghiệp và cá nhân,42679,305,18,QUANG_BINH,null,null,https://files.customs.gov.vn/CustomsCMS/QUANG_BINH/2021/04/images/stories/files/ND10111CP.doc,https://www.customs.gov.vn/index.jsp?pageId=3&id=42679&cid=1294,2011,11/2011,2026-10-08T09:45:29Z
605,2406/QĐ-TCHQ,04/11/2011,null,"<p><span style=""font-size: small""><span style=""font-family: Times New Roman"">Quyết định ban hành quy trình nghiệp vụ quản lý, giám sát hải quan đối với hàng hoá xuất khẩu, nhập khẩu chuyển Cảng, hàng hoá quá cảnh, hàng hoá đưa vào, đưa ra Cảng trung chuyển<br />",73582,305,10,DA_NANG,admin,04/11/2011,https://files.customs.gov.vn/DA_NANG/Uploads/65e32243-11bf-4695-985d-c1563e8c13ba/2406-chuyen cang.tif,https://www.customs.gov.vn/index.jsp?pageId=3&id=73582&cid=1294,2011,11/2011,2026-10-08T09:45:29Z
606,2408/QĐ-TCHQ,04/11/2011,null,"<p><span style=""font-size: small""><span style=""font-family: Times New Roman"">Quyết định ban hành quy định về việc giám sát hải quan tại khu vực cửa khẩu cảng biển<span style=""""><br />
</span>
<p> </p>",73583,305,10,DA_NANG,admin,04/11/2011,https://files.customs.gov.vn/DA_NANG/Uploads/65e32243-11bf-4695-985d-c1563e8c13ba/2408-GS cang bien.tif,https://www.customs.gov.vn/index.jsp?pageId=3&id=73583&cid=1294,2011,11/2011,2026-10-08T09:45:29Z
607,491/GSQL-GQ1,04/11/2011,null,Thực hiện Thông tư số 20/2011/TT-BCT đối với hàng hoá thuộc các dự án ODA<br />,73585,305,16,DA_NANG,admin,04/11/2011,https://files.customs.gov.vn/DA_NANG/Uploads/65e32243-11bf-4695-985d-c1563e8c13ba/491-xe oto ODA.tif,https://www.customs.gov.vn/index.jsp?pageId=3&id=73585&cid=1294,2011,11/2011,2026-10-08T09:45:29Z
608,5536/TCHQ-TXNK,04/11/2011,null,V/v rà soát số dư trên tài khoản tiền gửi tại Kho bạc nhà nước.,73584,305,18,DA_NANG,Tổng cục Hải quan,04/11/2011,,https://www.customs.gov.vn/index.jsp?pageId=3&id=73584&cid=1294,2011,11/2011,2026-10-08T09:45:29Z
609,5545/TCHQ-TXNK,04/11/2011,null,Phân loại mặt hàng Throttle bady with Ecu.,73586,305,16,DA_NANG,admin,04/11/2011,https://files.customs.gov.vn/DA_NANG/Uploads/65e32243-11bf-4695-985d-c1563e8c13ba/5545.tif,https://www.customs.gov.vn/index.jsp?pageId=3&id=73586&cid=1294,2011,11/2011,2026-10-08T09:45:29Z
610,NĐ101/2011/NĐ-CP,04/11/2011,Chính phủ,V/v Quy định chi tiết thi hành Nghị quyết số 08/2011/QH13 của Quốc hội về ban hành bổ sung một số giải pháp về thuế nhằm tháo gỡ khó khăn cho doanh nghiệp và cá nhân,63169,305,8,DONG_NAI,null,null,,https://www.customs.gov.vn/index.jsp?pageId=3&id=63169&cid=1294,2011,11/2011,2026-10-08T09:45:29Z
