stt,so_hieu,ngay_ban_hanh,co_quan_ban_hanh,noi_dung_tom_tat,ma_noi_bo,linh_vuc,loai_van_ban,chuyen_trang,nguoi_ky,ngay_hieu_luc,pdf_url,url_chi_tiet,nam,nam_thang,crawled_at
1,1677/BTC-TCHQ,29/01/2016,Bộ Tài chính,"V/v Thuế GTGT đối với máy móc, thiết bị chuyên dùng phục vụ sản xuất nông nghiệp (Cục Thuế, Cục HQ các tỉnh, thành phố)",66364,305,16,DONG_NAI,null,null,https://files.customs.gov.vn/DONG_NAI//Data/CV_BTC/1677_BTC_TCT_29_01_2016.PDF,https://www.customs.gov.vn/index.jsp?pageId=3&id=66364&cid=1294,2016,01/2016,2026-10-08T09:28:26Z
2,888/TB-TCHQ,29/01/2016,Tổng cục hải quan,"Vải dệt thoi kiểu dệt vân chéo 3 sợi, thành phần 100% xơ bông, bề mặt chưa tráng phủ hay ngâm tẩm, đã in, trọng lượng 121 g/m2, dạng cuộn.",52456,305,16,TP_HO_CHI_MINH,Nguyễn Dương Thái,29/01/2016,https://files.customs.gov.vn/CustomsCMS/TP_HO_CHI_MINH/2020/Web/Data/DocumentAttachments/888-TB-TCHQ.tif,https://www.customs.gov.vn/index.jsp?pageId=3&id=52456&cid=1294,2016,01/2016,2026-10-08T09:28:26Z
3,889/TB-TCHQ,29/01/2016,Tổng cục hải quan,"Vải dệt thoi được dệt từ sợi có màu khác nhau, thành phần 57,0% staple polyester và 43,0% filament polyester dún, chưa tráng phủ hay ngâm tẩm, trọng lượng 214g/m2, dạng cuộn, khổ lớn hơn 0,5m.",53093,305,16,TP_HO_CHI_MINH,Nguyễn Dương Thái,29/01/2016,https://files.customs.gov.vn/CustomsCMS/TP_HO_CHI_MINH/2020/Web/Data/DocumentAttachments/889-TB-TCHQ.tif,https://www.customs.gov.vn/index.jsp?pageId=3&id=53093&cid=1294,2016,01/2016,2026-10-08T09:28:26Z
4,890/TB-TCHQ,29/01/2016,Tổng cục hải quan,"Thép hợp kim, hàm lượng Ti ≈ 0,08% tính theo trọng lượng, Ti là nguyên tố duy nhất quyết định thép hợp kim, đường kính 12mm, cán nóng, dạng cuộn, chưa tráng phủ mạ hoặc sơn.",52925,305,16,TP_HO_CHI_MINH,Nguyễn Dương Thái,29/01/2016,https://files.customs.gov.vn/CustomsCMS/TP_HO_CHI_MINH/2020/Web/Data/DocumentAttachments/890-TB-TCHQ.tif,https://www.customs.gov.vn/index.jsp?pageId=3&id=52925&cid=1294,2016,01/2016,2026-10-08T09:28:26Z
5,891/TB-TCHQ,29/01/2016,Tổng cục hải quan,"Thép hợp kim, hàm lượng Ti ≈ 0,07% tính theo trọng lượng, Ti là nguyên tố duy nhất quyết định thép hợp kim, đường kính 30mm, cán nóng, chiều dài 6000 mm, chưa tráng phủ mạ hoặc sơn.",53605,305,16,TP_HO_CHI_MINH,Nguyễn Dương Thái,29/01/2016,https://files.customs.gov.vn/CustomsCMS/TP_HO_CHI_MINH/2020/Web/Data/DocumentAttachments/891-TB-TCHQ.tif,https://www.customs.gov.vn/index.jsp?pageId=3&id=53605&cid=1294,2016,01/2016,2026-10-08T09:28:26Z
6,897/TCHQ-TXNK,29/01/2016,Tổng cục hải quan,V/v Hướng dẫn phân loại hàng hóa (Công ty CP công nghệ điện tử ứng dụng),66358,305,16,DONG_NAI,null,null,https://files.customs.gov.vn/DONG_NAI//Data/Cv_Hqdn/897_TCHQ_TXNK_29_01_2016.pdf,https://www.customs.gov.vn/index.jsp?pageId=3&id=66358&cid=1294,2016,01/2016,2026-10-08T09:28:26Z
7,904-936/TB-TCHQ,29/01/2016,null,"Thông báo về kết quả phân loại đ/v hàng hóa XK, NK",75782,305,16,DA_NANG,Nguyễn Dương Thái,29/01/2016,https://files.customs.gov.vn/DA_NANG/Uploads/65e32243-11bf-4695-985d-c1563e8c13ba/3961.TIF,https://www.customs.gov.vn/index.jsp?pageId=3&id=75782&cid=1294,2016,01/2016,2026-10-08T09:28:26Z
8,904/TB-TCHQ,29/01/2016,Tổng cục hải quan,"Chế phẩm thuốc màu vô cơ từ hợp chất crom, thành phần chính là kẽm cromat oxit Zn2(CrO4)O) mononhydrat, dạng bột.",53545,305,16,TP_HO_CHI_MINH,Nguyễn Dương Thái,29/01/2016,https://files.customs.gov.vn/CustomsCMS/TP_HO_CHI_MINH/2020/Web/Data/DocumentAttachments/904-TB-TCHQ.tif,https://www.customs.gov.vn/index.jsp?pageId=3&id=53545&cid=1294,2016,01/2016,2026-10-08T09:28:26Z
9,905/TB-TCHQ,29/01/2016,Tổng cục hải quan,"Sáp nhân tạo từ Polyethylene trong dung môi xylen, hàm lượng chất rắn 21,25%, được dùng làm nguyên liệu trong công nghiệp sản xuất sơn.",55508,305,16,TP_HO_CHI_MINH,Nguyễn Dương Thái,29/01/2016,https://files.customs.gov.vn/CustomsCMS/TP_HO_CHI_MINH/2020/Web/Data/DocumentAttachments/905-TB-TCHQ.tif,https://www.customs.gov.vn/index.jsp?pageId=3&id=55508&cid=1294,2016,01/2016,2026-10-08T09:28:26Z
10,906/TB-TCHQ,29/01/2016,Tổng cục hải quan,"Nhựa phenolic nguyên sinh trong hỗn hợp dung môi iso-butanol, n-butanol, hàm lượng dung môi nhỏ hơn 50% tính theo trọng lượng.",54213,305,16,TP_HO_CHI_MINH,Nguyễn Dương Thái,29/01/2016,https://files.customs.gov.vn/CustomsCMS/TP_HO_CHI_MINH/2020/Web/Data/DocumentAttachments/906-TB-TCHQ.tif,https://www.customs.gov.vn/index.jsp?pageId=3&id=54213&cid=1294,2016,01/2016,2026-10-08T09:28:26Z
11,09/2016/NÐ-CP,28/01/2016,Chính phủ,Quy định về tăng cường vi chất dinh dưỡng vào thực phẩm,53768,305,8,TP_HO_CHI_MINH,Nguyễn Tấn Dũng,15/03/2016,https://files.customs.gov.vn/CustomsCMS/TP_HO_CHI_MINH/2020/Web/Data/DocumentAttachments/09_2016_ND-CP_301783.doc,https://www.customs.gov.vn/index.jsp?pageId=3&id=53768&cid=1294,2016,01/2016,2026-10-08T09:28:26Z
12,09/2016/NĐ-CP,28/01/2016,Chính phủ,Quy định về tăng cường vi chất dinh dưỡng vào thực phẩm,67444,305,18,CAN_THO,null,15/03/2016,https://files.customs.gov.vn/CAN_THO/09.2016.ND.CP.pdf,https://www.customs.gov.vn/index.jsp?pageId=3&id=67444&cid=1294,2016,01/2016,2026-10-08T09:28:26Z
13,21//HQĐNg-VP,28/01/2016,null,Kế hoạch cải cách hành chính năm 2016,75781,305,16,DA_NANG,Nguyễn Thị Thanh Vân,28/01/2016,https://files.customs.gov.vn/DA_NANG/Uploads/65e32243-11bf-4695-985d-c1563e8c13ba/218-KH CCHC.tif,https://www.customs.gov.vn/index.jsp?pageId=3&id=75781&cid=1294,2016,01/2016,2026-10-08T09:28:26Z
14,422/QÐ-BCT,28/01/2016,Bộ Công thương,Quyết định 422/QĐ-BCT năm 2016 chỉ định cơ quan kiểm tra nhà nước về an toàn thực phẩm đối với thực phẩm nhập khẩu thuộc trách nhiệm quản lý của Bộ Công Thương,58078,305,10,TP_HO_CHI_MINH,Đỗ Thắng Hải,28/01/2016,https://files.customs.gov.vn/CustomsCMS/TP_HO_CHI_MINH/2020/Web/Data/DocumentAttachments/422_QD-BCT_302205.doc,https://www.customs.gov.vn/index.jsp?pageId=3&id=58078&cid=1294,2016,01/2016,2026-10-08T09:28:26Z
15,422/QĐ-BCT,28/01/2016,Bộ Công thương,V/v Chỉ định cơ quan kiểm tra nhà nước về an toàn thực phẩm đối với thực phẩm nhập khẩu thuộc trách nhiệm quản lý của Bộ Công Thương,66361,305,10,DONG_NAI,null,null,https://files.customs.gov.vn/DONG_NAI//Data/CV_BCT/422_QD_BCT_28_01_2016.PDF,https://www.customs.gov.vn/index.jsp?pageId=3&id=66361&cid=1294,2016,01/2016,2026-10-08T09:28:26Z
16,812/TB-TCHQ,28/01/2016,Tổng cục hải quan,"Muối Natri, Canxi lignin sulfonat, trong môi trường nước, hàm lượng rắn ≈ 62%.",55248,305,16,TP_HO_CHI_MINH,Nguyễn Dương Thái,28/01/2016,https://files.customs.gov.vn/CustomsCMS/TP_HO_CHI_MINH/2020/Web/Data/DocumentAttachments/812-TB-TCHQ.tif,https://www.customs.gov.vn/index.jsp?pageId=3&id=55248&cid=1294,2016,01/2016,2026-10-08T09:28:26Z
17,814/TB-TCHQ,28/01/2016,Tổng cục hải quan,"Copolyme acrylamit phân tán trong nước, hàm lượng rắn ≈ 33%.",53550,305,16,TP_HO_CHI_MINH,Nguyễn Dương Thái,28/01/2016,https://files.customs.gov.vn/CustomsCMS/TP_HO_CHI_MINH/2020/Web/Data/DocumentAttachments/814-TB-TCHQ.tif,https://www.customs.gov.vn/index.jsp?pageId=3&id=53550&cid=1294,2016,01/2016,2026-10-08T09:28:26Z
18,815/TB-TCHQ,28/01/2016,Tổng cục hải quan,"Copolyme acrylamit phân tán trong nước, hàm lượng rắn ≈ 20%.",56975,305,16,TP_HO_CHI_MINH,Nguyễn Dương Thái,28/01/2016,https://files.customs.gov.vn/CustomsCMS/TP_HO_CHI_MINH/2020/Web/Data/DocumentAttachments/815-TB-TCHQ.tif,https://www.customs.gov.vn/index.jsp?pageId=3&id=56975&cid=1294,2016,01/2016,2026-10-08T09:28:26Z
19,816/TB-TCHQ,28/01/2016,Tổng cục hải quan,"Chế phẩm màu hữu cơ (Solvent dyes) từ dẫn xuất Azo trong hỗn hợp dung môi thơm, dạng lỏng.",55743,305,16,TP_HO_CHI_MINH,Nguyễn Dương Thái,28/01/2016,https://files.customs.gov.vn/CustomsCMS/TP_HO_CHI_MINH/2020/Web/Data/DocumentAttachments/816-TB-TCHQ.tif,https://www.customs.gov.vn/index.jsp?pageId=3&id=55743&cid=1294,2016,01/2016,2026-10-08T09:28:26Z
20,817/TB-TCHQ,28/01/2016,Tổng cục hải quan,"Chế phẩm hóa chất có thành phần gồm silicone, ester của axit béo và nước.",55919,305,16,TP_HO_CHI_MINH,Nguyễn Dương Thái,28/01/2016,https://files.customs.gov.vn/CustomsCMS/TP_HO_CHI_MINH/2020/Web/Data/DocumentAttachments/817-TB-TCHQ.tif,https://www.customs.gov.vn/index.jsp?pageId=3&id=55919&cid=1294,2016,01/2016,2026-10-08T09:28:26Z
21,819/TB-TCHQ,28/01/2016,Tổng cục hải quan,Ete epoxy dạng lỏng.,55529,305,16,TP_HO_CHI_MINH,Nguyễn Dương Thái,28/01/2016,https://files.customs.gov.vn/CustomsCMS/TP_HO_CHI_MINH/2020/Web/Data/DocumentAttachments/819-TB-TCHQ.tif,https://www.customs.gov.vn/index.jsp?pageId=3&id=55529&cid=1294,2016,01/2016,2026-10-08T09:28:26Z
22,820/TB-TCHQ,28/01/2016,Tổng cục hải quan,"Bán thành phẩm của sơn, dạng sệt, thành phần chính gồm nhựa epoxy, chất màu trong dung môi hữu cơ, hàm lượng rắn sau sấy 93,73%.",58071,305,16,TP_HO_CHI_MINH,Nguyễn Dương Thái,28/01/2016,https://files.customs.gov.vn/CustomsCMS/TP_HO_CHI_MINH/2020/Web/Data/DocumentAttachments/820-TB-TCHQ.tif,https://www.customs.gov.vn/index.jsp?pageId=3&id=58071&cid=1294,2016,01/2016,2026-10-08T09:28:26Z
23,821/TB-TCHQ,28/01/2016,Tổng cục hải quan,"Poly(vinyl alcohol) chứa các nhóm Axetat đã thủy phân, dạng phân tán trong nước, hàm lượng rắn ≈ 12%.",54804,305,16,TP_HO_CHI_MINH,Nguyễn Dương Thái,28/01/2016,https://files.customs.gov.vn/CustomsCMS/TP_HO_CHI_MINH/2020/Web/Data/DocumentAttachments/821-TB-TCHQ.tif,https://www.customs.gov.vn/index.jsp?pageId=3&id=54804&cid=1294,2016,01/2016,2026-10-08T09:28:26Z
24,822/TB-TCHQ,28/01/2016,Tổng cục hải quan,Sản phẩm ốp lưng điện thoại đi từ polycarbonate.,53529,305,16,TP_HO_CHI_MINH,Nguyễn Dương Thái,28/01/2016,https://files.customs.gov.vn/CustomsCMS/TP_HO_CHI_MINH/2020/Web/Data/DocumentAttachments/822-TB-TCHQ.tif,https://www.customs.gov.vn/index.jsp?pageId=3&id=53529&cid=1294,2016,01/2016,2026-10-08T09:28:26Z
25,823/TB-TCHQ,28/01/2016,Tổng cục hải quan,"Chế phẩm chứa dầu có nguồn gốc từ dầu mỏ lớn hơn 70% tính theo khối lượng thành phần chính gồm Hydrocarbon (chủ yếu từ C14 đến C22) chưng cất ở 250°C thu được 25%, thuộc phân đoạn dầu nặng; Octyl Octadecanoat; Decanol;... dạng lỏng.",57072,305,16,TP_HO_CHI_MINH,Nguyễn Dương Thái,28/01/2016,https://files.customs.gov.vn/CustomsCMS/TP_HO_CHI_MINH/2020/Web/Data/DocumentAttachments/823-TB-TCHQ.tif,https://www.customs.gov.vn/index.jsp?pageId=3&id=57072&cid=1294,2016,01/2016,2026-10-08T09:28:26Z
26,824/TB-TCHQ,28/01/2016,Tổng cục hải quan,"Dinatri tetraborat, dạng ngậm nước.",53212,305,16,TP_HO_CHI_MINH,Nguyễn Dương Thái,28/01/2016,https://files.customs.gov.vn/CustomsCMS/TP_HO_CHI_MINH/2020/Web/Data/DocumentAttachments/824-TB-TCHQ.tif,https://www.customs.gov.vn/index.jsp?pageId=3&id=53212&cid=1294,2016,01/2016,2026-10-08T09:28:26Z
27,828/TB-TCHQ,28/01/2016,Tổng cục hải quan,"Dung dịch polymer có thành phần cơ bản là Epoxy resin trong hỗn hợp dung môi i-Propyl Alcohol và 1-Methoxy-2propanol, có trọng lượng dung môi lớn hơn 50% tính theo trọng lượng dung dịch.",52627,305,16,TP_HO_CHI_MINH,Nguyễn Dương Thái,28/01/2016,https://files.customs.gov.vn/CustomsCMS/TP_HO_CHI_MINH/2020/Web/Data/DocumentAttachments/828-TB-TCHQ.tif,https://www.customs.gov.vn/index.jsp?pageId=3&id=52627&cid=1294,2016,01/2016,2026-10-08T09:28:26Z
28,829/TB-TCHQ,28/01/2016,Tổng cục hải quan,"Sơn từ Polyme acrylic, thành phần gồm polyme acrylic, carbon black, butyl alcohol, xylene, toluene,... dạng lỏng.",54511,305,16,TP_HO_CHI_MINH,Nguyễn Dương Thái,28/01/2016,https://files.customs.gov.vn/CustomsCMS/TP_HO_CHI_MINH/2020/Web/Data/DocumentAttachments/829-TB-TCHQ.tif,https://www.customs.gov.vn/index.jsp?pageId=3&id=54511&cid=1294,2016,01/2016,2026-10-08T09:28:26Z
29,831/TB-TCHQ,28/01/2016,Tổng cục hải quan,"Hỗn hợp quặng đuôi ilmenite, zircon, rutile và monazite. Thành phần TiO2(31,92%); ZrO2(4,42%).",52856,305,16,TP_HO_CHI_MINH,Nguyễn Dương Thái,28/01/2016,https://files.customs.gov.vn/CustomsCMS/TP_HO_CHI_MINH/2020/Web/Data/DocumentAttachments/831-TB-TCHQ.tif,https://www.customs.gov.vn/index.jsp?pageId=3&id=52856&cid=1294,2016,01/2016,2026-10-08T09:28:26Z
30,832/TB-TCHQ,28/01/2016,Tổng cục hải quan,"Tràng thạch (đá bồ tát), dạng bột.",58914,305,16,TP_HO_CHI_MINH,Nguyễn Dương Thái,28/01/2016,https://files.customs.gov.vn/CustomsCMS/TP_HO_CHI_MINH/2020/Web/Data/DocumentAttachments/832-TB-TCHQ.tif,https://www.customs.gov.vn/index.jsp?pageId=3&id=58914&cid=1294,2016,01/2016,2026-10-08T09:28:26Z
31,833/TB-TCHQ,28/01/2016,Tổng cục hải quan,Bánh quy ngọt không chứa ca cao.,57342,305,16,TP_HO_CHI_MINH,Nguyễn Dương Thái,28/01/2016,https://files.customs.gov.vn/CustomsCMS/TP_HO_CHI_MINH/2020/Web/Data/DocumentAttachments/833-TB-TCHQ.tif,https://www.customs.gov.vn/index.jsp?pageId=3&id=57342&cid=1294,2016,01/2016,2026-10-08T09:28:26Z
32,836/TB-TCHQ,28/01/2016,Tổng cục hải quan,Bánh quy ngọt không chứa ca cao.,56836,305,16,TP_HO_CHI_MINH,Nguyễn Dương Thái,28/01/2016,https://files.customs.gov.vn/CustomsCMS/TP_HO_CHI_MINH/2020/Web/Data/DocumentAttachments/836-TB-TCHQ.tif,https://www.customs.gov.vn/index.jsp?pageId=3&id=56836&cid=1294,2016,01/2016,2026-10-08T09:28:26Z
33,837/TB-TCHQ,28/01/2016,Tổng cục hải quan,"Thép hợp kim, hàm lượng C ≈ 0,19%; Cr ≈ 0,36%... tính theo trọng lượng, Cr là nguyên tố duy nhất quyết định thép hợp kim, dạng tấm, cán nóng, dày 3,8mm, rộng trên 600mm, chưa tráng phủ mạ hoặc sơn.",58868,305,16,TP_HO_CHI_MINH,Nguyễn Dương Thái,28/01/2016,https://files.customs.gov.vn/CustomsCMS/TP_HO_CHI_MINH/2020/Web/Data/DocumentAttachments/837-TB-TCHQ.tif,https://www.customs.gov.vn/index.jsp?pageId=3&id=58868&cid=1294,2016,01/2016,2026-10-08T09:28:26Z
34,839/TB-TCHQ,28/01/2016,Tổng cục hải quan,"Các hợp chất hóa dẻo dùng cho plastic, thành phần chính là 2,2,4-trimethyl-1,3-pentanediol diisobutyrate.",58505,305,16,TP_HO_CHI_MINH,Nguyễn Dương Thái,28/01/2016,https://files.customs.gov.vn/CustomsCMS/TP_HO_CHI_MINH/2020/Web/Data/DocumentAttachments/839-TB-TCHQ.tif,https://www.customs.gov.vn/index.jsp?pageId=3&id=58505&cid=1294,2016,01/2016,2026-10-08T09:28:26Z
35,840/TB-TCHQ,28/01/2016,Tổng cục hải quan,"Chất làm khô đã điều chế có thành phần chính gồm canxi hexanoate và dầu khoáng, hàm lượng sau sấy 33,86%.",55442,305,16,TP_HO_CHI_MINH,Nguyễn Dương Thái,28/01/2016,https://files.customs.gov.vn/CustomsCMS/TP_HO_CHI_MINH/2020/Web/Data/DocumentAttachments/840-TB-TCHQ.tif,https://www.customs.gov.vn/index.jsp?pageId=3&id=55442&cid=1294,2016,01/2016,2026-10-08T09:28:26Z
36,841/TB-TCHQ,28/01/2016,Tổng cục hải quan,"Hỗn hợp có thành phần gồm sáp từ polyethylen polypropylen và isotridecanol ethoxylate, dạng phân tán trong nước, dùng làm phụ gia trong sơn, hàm lượng sau sấy 31,64%.",55673,305,16,TP_HO_CHI_MINH,Nguyễn Dương Thái,28/01/2016,https://files.customs.gov.vn/CustomsCMS/TP_HO_CHI_MINH/2020/Web/Data/DocumentAttachments/841-TB-TCHQ.tif,https://www.customs.gov.vn/index.jsp?pageId=3&id=55673&cid=1294,2016,01/2016,2026-10-08T09:28:26Z
37,842/TB-TCHQ,28/01/2016,Tổng cục hải quan,"Chế phẩm hoạt động bề mặt dạng anion, ở dạng lỏng, có thành phần chính là muối natri của hỗn hợp polyme từ axit polycarboxylic không no, hàm lượng sau sấy 26,62%.",52778,305,16,TP_HO_CHI_MINH,Nguyễn Dương Thái,28/01/2016,https://files.customs.gov.vn/CustomsCMS/TP_HO_CHI_MINH/2020/Web/Data/DocumentAttachments/842-TB-TCHQ.tif,https://www.customs.gov.vn/index.jsp?pageId=3&id=52778&cid=1294,2016,01/2016,2026-10-08T09:28:26Z
38,843/TB-TCHQ,28/01/2016,Tổng cục hải quan,"Bentonite biến tính hữu cơ, ở dạng bột, hàm lượng sau nung 57,51%.",54433,305,16,TP_HO_CHI_MINH,Nguyễn Dương Thái,28/01/2016,https://files.customs.gov.vn/CustomsCMS/TP_HO_CHI_MINH/2020/Web/Data/DocumentAttachments/843-TB-TCHQ.tif,https://www.customs.gov.vn/index.jsp?pageId=3&id=54433&cid=1294,2016,01/2016,2026-10-08T09:28:26Z
39,844/TB-TCHQ,28/01/2016,Tổng cục hải quan,"Chế phẩm thuốc nhuộm axit, thành phần chính gồm Trinatri bis[3-hydroxy-4[(2-hydroxy-1-naphthalenyl)azo]-7-nitro-1-naphthalenesulfonato (3-)]chromate(3-) và Natri chromate(3-), [3-[(4,5- dihydro-3-methyl-5-oxo-1-phenyl-1H-pyzazol-4-yl)azo]-2-hydroxy-5-nitrobenzenesulfonato(3-)][3-hydroxy-4-[(2-hydroxy-1-naphthalenyl)azo]-7-nitro-1-naphthalenesulfonato(3-)]-, ở dạng lỏng, hàm lượng sau sấy 30,36%.",53999,305,16,TP_HO_CHI_MINH,Nguyễn Dương Thái,28/01/2016,https://files.customs.gov.vn/CustomsCMS/TP_HO_CHI_MINH/2020/Web/Data/DocumentAttachments/844-TB-TCHQ.tif,https://www.customs.gov.vn/index.jsp?pageId=3&id=53999&cid=1294,2016,01/2016,2026-10-08T09:28:26Z
40,845/TB-TCHQ,28/01/2016,Tổng cục hải quan,"Poly (vinyl alcohol) dạng nguyên sinh, dạng bột.",53280,305,16,TP_HO_CHI_MINH,Nguyễn Dương Thái,28/01/2016,https://files.customs.gov.vn/CustomsCMS/TP_HO_CHI_MINH/2020/Web/Data/DocumentAttachments/845-TB-TCHQ.tif,https://www.customs.gov.vn/index.jsp?pageId=3&id=53280&cid=1294,2016,01/2016,2026-10-08T09:28:26Z
41,846/TB-TCHQ,28/01/2016,Tổng cục hải quan,"Chất hữu cơ hoạt động bề mặt không phân ly (non-ionic), thành phần là Nonylphenol polyethylene glycol ether, dạng lỏng.",57625,305,16,TP_HO_CHI_MINH,Nguyễn Dương Thái,28/01/2016,https://files.customs.gov.vn/CustomsCMS/TP_HO_CHI_MINH/2020/Web/Data/DocumentAttachments/846-TB-TCHQ.tif,https://www.customs.gov.vn/index.jsp?pageId=3&id=57625&cid=1294,2016,01/2016,2026-10-08T09:28:26Z
42,847/TB-TCHQ,28/01/2016,Tổng cục hải quan,"Kali carbonat, dạng bột.",54526,305,16,TP_HO_CHI_MINH,Nguyễn Dương Thái,28/01/2016,https://files.customs.gov.vn/CustomsCMS/TP_HO_CHI_MINH/2020/Web/Data/DocumentAttachments/847-TB-TCHQ.tif,https://www.customs.gov.vn/index.jsp?pageId=3&id=54526&cid=1294,2016,01/2016,2026-10-08T09:28:26Z
43,848/TB-TCHQ,28/01/2016,Tổng cục hải quan,"Chất diệt khuẩn có thành phần là 2- chloroacetamide, dạng bột.",54852,305,16,TP_HO_CHI_MINH,Nguyễn Dương Thái,28/01/2016,https://files.customs.gov.vn/CustomsCMS/TP_HO_CHI_MINH/2020/Web/Data/DocumentAttachments/848-TB-TCHQ.tif,https://www.customs.gov.vn/index.jsp?pageId=3&id=54852&cid=1294,2016,01/2016,2026-10-08T09:28:26Z
44,849/TB-TCHQ,28/01/2016,Tổng cục hải quan,"Chất hữu cơ hoạt động bề mặt không phân ly (non-ionic), thành phần là Nonyl Phenoxy Polyethyleneoxy Ethanol, dạng lỏng.",57962,305,16,TP_HO_CHI_MINH,Nguyễn Dương Thái,28/01/2016,https://files.customs.gov.vn/CustomsCMS/TP_HO_CHI_MINH/2020/Web/Data/DocumentAttachments/849-TB-TCHQ.tif,https://www.customs.gov.vn/index.jsp?pageId=3&id=57962&cid=1294,2016,01/2016,2026-10-08T09:28:26Z
45,850/TB-TCHQ,28/01/2016,Tổng cục hải quan,"Poly (vinyl alcohol) dạng nguyên sinh, dạng bột.",55645,305,16,TP_HO_CHI_MINH,Nguyễn Dương Thái,28/01/2016,https://files.customs.gov.vn/CustomsCMS/TP_HO_CHI_MINH/2020/Web/Data/DocumentAttachments/850-TB-TCHQ.tif,https://www.customs.gov.vn/index.jsp?pageId=3&id=55645&cid=1294,2016,01/2016,2026-10-08T09:28:26Z
46,851/TB-TCHQ,28/01/2016,Tổng cục hải quan,"Van định hướng đảo chiều loại 5/2 (hai vị trí tác dụng đơn - 2 Possition single); áp suất 0.7MPa. Làm mát bằng hợp kim nhôm. Hoạt động bằng cuộn Solenoid với nguồn điện: 110VDC 6,6W; 220 V 50Hz 6,0VA; 240V 60Hz 6,3VA. Dùng trong hệ thống truyền động khí nén.Tên thương mại: Air Valve VSF3130-A22. Model: MH. VSF3130-A22. Hiệu: Chanto.",58382,305,16,TP_HO_CHI_MINH,Nguyễn Dương Thái,28/01/2016,https://files.customs.gov.vn/CustomsCMS/TP_HO_CHI_MINH/2020/Web/Data/DocumentAttachments/851-TB-TCHQ.tif,https://www.customs.gov.vn/index.jsp?pageId=3&id=58382&cid=1294,2016,01/2016,2026-10-08T09:28:26Z
47,852/TB-TCHQ,28/01/2016,Tổng cục hải quan,"Van định hướng đảo chiều loại 5/2 (hai vị trí tác dụng đơn - 2 Possition Single); áp suất 0.7MPa. Làm bằng hợp kim nhôm, hoạt động bằng cuộn Solenoid loại 24VDC. Có 01 núm vặn khóa. Dùng trong hệ thống truyền động khí nén. Tên thương mại: Air Valve VSY5120-D24L. Model: MH. VSY5120-D24L. Hiệu: Chanto.",56760,305,16,TP_HO_CHI_MINH,Nguyễn Dương Thái,28/01/2016,https://files.customs.gov.vn/CustomsCMS/TP_HO_CHI_MINH/2020/Web/Data/DocumentAttachments/852-TB-TCHQ.tif,https://www.customs.gov.vn/index.jsp?pageId=3&id=56760&cid=1294,2016,01/2016,2026-10-08T09:28:26Z
48,853/TB-TCHQ,28/01/2016,Tổng cục hải quan,Chế phẩm chứa Canxi Carbonat và Maltodextrin dùng để chế biến thực phẩm.,57100,305,16,TP_HO_CHI_MINH,Nguyễn Dương Thái,28/01/2016,https://files.customs.gov.vn/CustomsCMS/TP_HO_CHI_MINH/2020/Web/Data/DocumentAttachments/853-TB-TCHQ.tif,https://www.customs.gov.vn/index.jsp?pageId=3&id=57100&cid=1294,2016,01/2016,2026-10-08T09:28:26Z
49,854/TB-TCHQ,28/01/2016,Tổng cục hải quan,Chế phẩm chứa đường Fructoza và Sắt Fumarat dùng để chế biến thực phẩm.,57249,305,16,TP_HO_CHI_MINH,Nguyễn Dương Thái,28/01/2016,https://files.customs.gov.vn/CustomsCMS/TP_HO_CHI_MINH/2020/Web/Data/DocumentAttachments/854-TB-TCHQ.tif,https://www.customs.gov.vn/index.jsp?pageId=3&id=57249&cid=1294,2016,01/2016,2026-10-08T09:28:26Z
50,860/TB-TCHQ,28/01/2016,Tổng cục hải quan,"Chế phẩm màu hữu cơ (màu đỏ) tan trong dung môi 1-methoxy-2-propanol (Solvent dye), dạng lỏng.",57518,305,16,TP_HO_CHI_MINH,Nguyễn Dương Thái,28/01/2016,https://files.customs.gov.vn/CustomsCMS/TP_HO_CHI_MINH/2020/Web/Data/DocumentAttachments/860-TB-TCHQ.tif,https://www.customs.gov.vn/index.jsp?pageId=3&id=57518&cid=1294,2016,01/2016,2026-10-08T09:28:26Z
51,861/TB-TCHQ,28/01/2016,Tổng cục hải quan,"Tràng thạch (đá bồ tát), dạng bột.",56916,305,16,TP_HO_CHI_MINH,Nguyễn Dương Thái,28/01/2016,https://files.customs.gov.vn/CustomsCMS/TP_HO_CHI_MINH/2020/Web/Data/DocumentAttachments/861-TB-TCHQ.tif,https://www.customs.gov.vn/index.jsp?pageId=3&id=56916&cid=1294,2016,01/2016,2026-10-08T09:28:26Z
52,862/TB-TCHQ,28/01/2016,Tổng cục hải quan,"Vật liệu phủ bề mặt không chịu nhiệt, dùng để phủ bề mặt bể bơi có thành phần chính gồm xi măng. Canxi cacbonat và hạt thủy tinh hình cầu.",52497,305,16,TP_HO_CHI_MINH,Nguyễn Dương Thái,28/01/2016,https://files.customs.gov.vn/CustomsCMS/TP_HO_CHI_MINH/2020/Web/Data/DocumentAttachments/862-TB-TCHQ.tif,https://www.customs.gov.vn/index.jsp?pageId=3&id=52497&cid=1294,2016,01/2016,2026-10-08T09:28:26Z
53,864/TB-TCHQ,28/01/2016,Tổng cục hải quan,"Vecni từ Copolyme styrene phân tán trong nước, hàm lượng rắn 46,7%.",58447,305,16,TP_HO_CHI_MINH,Nguyễn Dương Thái,28/01/2016,https://files.customs.gov.vn/CustomsCMS/TP_HO_CHI_MINH/2020/Web/Data/DocumentAttachments/864-TB-TCHQ.tif,https://www.customs.gov.vn/index.jsp?pageId=3&id=58447&cid=1294,2016,01/2016,2026-10-08T09:28:26Z
54,866/TB-TCHQ,28/01/2016,Tổng cục hải quan,"Ống thép không gỉ được hàn chìm theo chiều dọc bằng hồ quang, đường kính ngoài 219mm, sử dụng được cho dẫn dầu hoặc khí.",55716,305,16,TP_HO_CHI_MINH,Nguyễn Dương Thái,28/01/2016,https://files.customs.gov.vn/CustomsCMS/TP_HO_CHI_MINH/2020/Web/Data/DocumentAttachments/866-TB-TCHQ.tif,https://www.customs.gov.vn/index.jsp?pageId=3&id=55716&cid=1294,2016,01/2016,2026-10-08T09:28:26Z
55,NQĐHTQ,28/01/2016,BCH TW Đảng,Nghị quyết Đại hội Đại biểu toàn quốc lần thứ XII của Đảng,40238,305,7,HA_TINH,null,null,https://files.customs.gov.vn/CustomsCMS/HA_TINH/2020/upload/news/2016/05/583/file/NQ toan quoc.tif,https://www.customs.gov.vn/index.jsp?pageId=3&id=40238&cid=1294,2016,01/2016,2026-10-08T09:28:26Z
56,768-891/TB-TCHQ,27/01/2016,null,"Thông báo về kết quả phân loại đ/v hàng hóa XK, NK",75780,305,16,DA_NANG,Nguyễn Dương Thái,27/01/2016,https://files.customs.gov.vn/DA_NANG/Uploads/65e32243-11bf-4695-985d-c1563e8c13ba/3884.TIF,https://www.customs.gov.vn/index.jsp?pageId=3&id=75780&cid=1294,2016,01/2016,2026-10-08T09:28:26Z
57,768-891b/TB-TCHQ,27/01/2016,null,"Thông báo về kết quả phân loại đ/v hàng hóa XK, NK",75779,305,16,DA_NANG,Nguyễn Dương Thái,27/01/2016,https://files.customs.gov.vn/DA_NANG/Uploads/65e32243-11bf-4695-985d-c1563e8c13ba/3894.TIF,https://www.customs.gov.vn/index.jsp?pageId=3&id=75779&cid=1294,2016,01/2016,2026-10-08T09:28:26Z
58,126/GSQL-GQ1,27/01/2016,Bộ Công nghiệp,V/v tổ chức được chỉ định chứng nhận phù hợp quy chuẩn kỹ thuật môi truờng đối với phế liệu nhập khẩu làm nguvên liệu sản xuất.,58805,305,16,TP_HO_CHI_MINH,Ngô Minh Hải,27/01/2016,https://files.customs.gov.vn/CustomsCMS/TP_HO_CHI_MINH/2020/Web/Data/DocumentAttachments/126-GSQL-GQ1.tif,https://www.customs.gov.vn/index.jsp?pageId=3&id=58805&cid=1294,2016,01/2016,2026-10-08T09:28:26Z
59,139/GSQL-GQ2,27/01/2016,Tổng cục hải quan,V/v Thủ tục nhập khẩu phế liệu đồng thau vào thị trường nội địa (Công ty TNHH Sharp mind Technology Việt Nam),66375,305,16,DONG_NAI,null,null,https://files.customs.gov.vn/DONG_NAI//Data/CV_TCHQ/139_GSQL_GQ1_27_01_2016.pdf,https://www.customs.gov.vn/index.jsp?pageId=3&id=66375&cid=1294,2016,01/2016,2026-10-08T09:28:26Z
60,140/GSQL-TH,27/01/2016,Bộ Công nghiệp,V/v vướng mắc trên C/O mẫu E (công văn số 140/GSQL-TH ngày 27/01/2016) - Cục Hải quan TP. Hải Phòng.,56245,305,16,TP_HO_CHI_MINH,Âu Anh Tuấn,27/01/2016,https://files.customs.gov.vn/CustomsCMS/TP_HO_CHI_MINH/2020/Web/Data/DocumentAttachments/140-GSQL-TH.tif,https://www.customs.gov.vn/index.jsp?pageId=3&id=56245&cid=1294,2016,01/2016,2026-10-08T09:28:26Z
61,147/GSQL-GQ2,27/01/2016,Tổng cục hải quan,V/v DNCX xuất bán hàng hóa vào thị trường nội địa (Công ty TNHH Almine Việt `Nam),66374,305,16,DONG_NAI,null,null,https://files.customs.gov.vn/DONG_NAI//Data/CV_TCHQ/147_GSQL_GQ2_27_01_2016.pdf,https://www.customs.gov.vn/index.jsp?pageId=3&id=66374&cid=1294,2016,01/2016,2026-10-08T09:28:26Z
62,148/GSQL-GQ2,27/01/2016,Tổng cục hải quan,V/v Thủ tục tiêu hủy nguyên liệu sản xuất khẩu (Công ty TNHH Honda Lock Việt Nam),66373,305,16,DONG_NAI,null,null,https://files.customs.gov.vn/DONG_NAI//Data/CV_TCHQ/148_GSQL_GQ2_27_01_2016.pdf,https://www.customs.gov.vn/index.jsp?pageId=3&id=66373&cid=1294,2016,01/2016,2026-10-08T09:28:26Z
63,171/QÐ-TTG,27/01/2016,Thủ tướng Chính phủ,"Quyết Định phê duyệt quy hoạch mạng lưới tổ chức khoa học và công nghệ công lập đến năm 2020, định hướng đến năm 2030",54013,305,10,TP_HO_CHI_MINH,Vũ Đức Đam,27/01/2016,https://files.customs.gov.vn/CustomsCMS/TP_HO_CHI_MINH/2020/Web/Data/DocumentAttachments/171_QD-TTg_301817.doc,https://www.customs.gov.vn/index.jsp?pageId=3&id=54013&cid=1294,2016,01/2016,2026-10-08T09:28:26Z
64,739/TB-TCHQ,27/01/2016,Tổng cục hải quan,Chi tiết theo phụ lục đính kèm.,53009,305,16,TP_HO_CHI_MINH,Nguyễn Dương Thái,27/01/2016,https://files.customs.gov.vn/CustomsCMS/TP_HO_CHI_MINH/2020/Web/Data/DocumentAttachments/739-TB-TCHQ.tif,https://www.customs.gov.vn/index.jsp?pageId=3&id=53009&cid=1294,2016,01/2016,2026-10-08T09:28:26Z
65,742/TB-TCHQ,27/01/2016,Tổng cục hải quan,"Ống thép không hợp kim, mặt cắt ngang hình tròn, đường kính ngoài 273mm, được hàn kháng điện theo chiều dọc, dùng dẫn dầu hoặc khí.",53668,305,16,TP_HO_CHI_MINH,Nguyễn Dương Thái,27/01/2016,https://files.customs.gov.vn/CustomsCMS/TP_HO_CHI_MINH/2020/Web/Data/DocumentAttachments/742-TB-TCHQ.tif,https://www.customs.gov.vn/index.jsp?pageId=3&id=53668&cid=1294,2016,01/2016,2026-10-08T09:28:26Z
66,743/TB-TCHQ,27/01/2016,Tổng cục hải quan,"Hỗn hợp các chất vô cơ có thành phần chính là SiO2, Fe2O3, Fe, CaO, AI2O3.",58372,305,16,TP_HO_CHI_MINH,Nguyễn Dương Thái,27/01/2016,https://files.customs.gov.vn/CustomsCMS/TP_HO_CHI_MINH/2020/Web/Data/DocumentAttachments/743-TB-TCHQ.tif,https://www.customs.gov.vn/index.jsp?pageId=3&id=58372&cid=1294,2016,01/2016,2026-10-08T09:28:26Z
67,744/TB-TCHQ,27/01/2016,Tổng cục hải quan,"Chế phẩm có thành phần gồm ZrO2, Al2O3, SiO2, HFO2, TiO2, và Fe2O3, dùng trong sản xuất men frit.",52417,305,16,TP_HO_CHI_MINH,Nguyễn Dương Thái,27/01/2016,https://files.customs.gov.vn/CustomsCMS/TP_HO_CHI_MINH/2020/Web/Data/DocumentAttachments/744-TB-TCHQ.tif,https://www.customs.gov.vn/index.jsp?pageId=3&id=52417&cid=1294,2016,01/2016,2026-10-08T09:28:26Z
68,745/TB-TCHQ,27/01/2016,Tổng cục hải quan,"Hỗn hợp dung môi hữu cơ với thành phần chính là Methyl alcohol; Methane, dimethoxy-; 3-Pentanol, 2,3-dimethyl-; 2-Cyclohexen-1-ol.",53686,305,16,TP_HO_CHI_MINH,Nguyễn Dương Thái,27/01/2016,https://files.customs.gov.vn/CustomsCMS/TP_HO_CHI_MINH/2020/Web/Data/DocumentAttachments/745-TB-TCHQ.tif,https://www.customs.gov.vn/index.jsp?pageId=3&id=53686&cid=1294,2016,01/2016,2026-10-08T09:28:26Z
69,747/TB-TCHQ,27/01/2016,Tổng cục hải quan,"Chế phẩm màu hữu cơ trong môi trường nước, hàm lượng rắn 5.3%.",57278,305,16,TP_HO_CHI_MINH,Nguyễn Dương Thái,27/01/2016,https://files.customs.gov.vn/CustomsCMS/TP_HO_CHI_MINH/2020/Web/Data/DocumentAttachments/747-TB-TCHQ.tif,https://www.customs.gov.vn/index.jsp?pageId=3&id=57278&cid=1294,2016,01/2016,2026-10-08T09:28:26Z
70,750/TB-TCHQ,27/01/2016,Tổng cục hải quan,"Chế phẩm hóa học dùng trong xi mạ, thành phần chính gồm amoni biflorua, axit nitric, muối crom, coban… trong môi trường nước, hàm lượng rắn 25.1%.",52411,305,16,TP_HO_CHI_MINH,null,27/01/2016,https://files.customs.gov.vn/CustomsCMS/TP_HO_CHI_MINH/2020/Web/Data/DocumentAttachments/750-TB-TCHQ.tif,https://www.customs.gov.vn/index.jsp?pageId=3&id=52411&cid=1294,2016,01/2016,2026-10-08T09:28:26Z
71,752/TB-TCHQ,27/01/2016,Tổng cục hải quan,"Nhôm hợp kim ở dạng hình, mặt cắt ngang dạng hình (rỗng) đều nhau dọc theo chiều dài, chưa qua sơn, phủ mạ tráng. Kích thước: (52 x 52 x 96 x 6500)mm.",53019,305,16,TP_HO_CHI_MINH,Nguyễn Dương Thái,27/01/2016,https://files.customs.gov.vn/CustomsCMS/TP_HO_CHI_MINH/2020/Web/Data/DocumentAttachments/752-TB-TCHQ.tif,https://www.customs.gov.vn/index.jsp?pageId=3&id=53019&cid=1294,2016,01/2016,2026-10-08T09:28:26Z
72,753/TB-TCHQ,27/01/2016,Tổng cục hải quan,"Hỗn hợp quặng đuôi ilmenite, zircon, rutile và monazite. Thành phần TiO2(33,05%); ZrO2(4,88%).",54130,305,16,TP_HO_CHI_MINH,Nguyễn Dương Thái,27/01/2016,https://files.customs.gov.vn/CustomsCMS/TP_HO_CHI_MINH/2020/Web/Data/DocumentAttachments/753-TB-TCHQ.tif,https://www.customs.gov.vn/index.jsp?pageId=3&id=54130&cid=1294,2016,01/2016,2026-10-08T09:28:26Z
73,754/TB-TCHQ,27/01/2016,Tổng cục hải quan,"Hỗn hợp quặng đuôi ilmenite, zircon, rutile và monazite. Thành phần TiO2(35,03%); ZrO2(4,96%); Hỗn hợp quặng đuôi ilmenite, zircon, rutile và monazite. Thành phần TiO2(30,87%); ZrO2(4,06%).",53782,305,16,TP_HO_CHI_MINH,Nguyễn Dương Thái,27/01/2016,https://files.customs.gov.vn/CustomsCMS/TP_HO_CHI_MINH/2020/Web/Data/DocumentAttachments/754-TB-TCHQ.tif,https://www.customs.gov.vn/index.jsp?pageId=3&id=53782&cid=1294,2016,01/2016,2026-10-08T09:28:26Z
74,755/TB-TCHQ,27/01/2016,Tổng cục hải quan,"Lưu huỳnh, dạng vảy.",54049,305,16,TP_HO_CHI_MINH,Nguyễn Dương Thái,27/01/2016,https://files.customs.gov.vn/CustomsCMS/TP_HO_CHI_MINH/2020/Web/Data/DocumentAttachments/755-TB-TCHQ.tif,https://www.customs.gov.vn/index.jsp?pageId=3&id=54049&cid=1294,2016,01/2016,2026-10-08T09:28:26Z
75,756/TB-TCHQ,27/01/2016,Tổng cục hải quan,"Thép hợp kim, hàm lượng Ti ≈ 0,07% tính theo trọng lượng, Ti là nguyên tố duy nhất quyết định thép hợp kim, dạng thanh, đường kính 20mm, cán nóng, chưa tráng phủ mạ hoặc sơn.",54894,305,16,TP_HO_CHI_MINH,Nguyễn Dương Thái,27/01/2016,https://files.customs.gov.vn/CustomsCMS/TP_HO_CHI_MINH/2020/Web/Data/DocumentAttachments/756-TB-TCHQ.tif,https://www.customs.gov.vn/index.jsp?pageId=3&id=54894&cid=1294,2016,01/2016,2026-10-08T09:28:26Z
76,757/TB-TCHQ,27/01/2016,Tổng cục hải quan,"Động cơ, hoạt động bằng khí nén (chuyển năng lượng khí nén thành công dịch chuyển piston trong cylinder), thông qua thanh nối truyền tác động theo chiều thẳng tịnh tiến để điều khiển van tiết lưu của động cơ nổ đốt trong dẫn động máy nén khí về chế độ chạy không tải nhằm tiết kiệm nhiên liệu và giảm hao mòn máy móc. Tên thương mại TCMA-6448-Pneumtic Throttle Control.",57358,305,16,TP_HO_CHI_MINH,Nguyễn Dương Thái,27/01/2016,https://files.customs.gov.vn/CustomsCMS/TP_HO_CHI_MINH/2020/Web/Data/DocumentAttachments/757-TB-TCHQ.tif,https://www.customs.gov.vn/index.jsp?pageId=3&id=57358&cid=1294,2016,01/2016,2026-10-08T09:28:26Z
77,758/TB-TCHQ,27/01/2016,Tổng cục hải quan,"Bi nghiền có thành phần chính là nhôm ôxit, silic dioxit, độ cứng nhỏ hơn 9 trong thang độ cứng Mohs.",58653,305,16,TP_HO_CHI_MINH,Nguyễn Dương Thái,27/01/2016,https://files.customs.gov.vn/CustomsCMS/TP_HO_CHI_MINH/2020/Web/Data/DocumentAttachments/758-TB-TCHQ.tif,https://www.customs.gov.vn/index.jsp?pageId=3&id=58653&cid=1294,2016,01/2016,2026-10-08T09:28:26Z
78,759/TB-TCHQ,27/01/2016,Tổng cục hải quan,"Chế phẩm hóa chất dùng trong ngành dệt có thành phần là hỗn hợp muối vô cơ và muối hữu cơ, dạng lỏng.",54334,305,16,TP_HO_CHI_MINH,Nguyễn Dương Thái,27/01/2016,https://files.customs.gov.vn/CustomsCMS/TP_HO_CHI_MINH/2020/Web/Data/DocumentAttachments/759-TB-TCHQ.tif,https://www.customs.gov.vn/index.jsp?pageId=3&id=54334&cid=1294,2016,01/2016,2026-10-08T09:28:26Z
79,760/TB-TCHQ,27/01/2016,Tổng cục hải quan,Chế phẩm hóa chất dùng trong ngành dệt có thành phần là hỗn hợp các muối vô cơ.,56901,305,16,TP_HO_CHI_MINH,Nguyễn Dương Thái,27/01/2016,https://files.customs.gov.vn/CustomsCMS/TP_HO_CHI_MINH/2020/Web/Data/DocumentAttachments/760-TB-TCHQ.tif,https://www.customs.gov.vn/index.jsp?pageId=3&id=56901&cid=1294,2016,01/2016,2026-10-08T09:28:26Z
80,762/TB-TCHQ,27/01/2016,Tổng cục hải quan,"Chế phẩm dùng trong ngành dệt có thành phần là hợp chất isocyanat, hợp chất formaldehyde, dạng lỏng.",58130,305,16,TP_HO_CHI_MINH,Nguyễn Dương Thái,27/01/2016,https://files.customs.gov.vn/CustomsCMS/TP_HO_CHI_MINH/2020/Web/Data/DocumentAttachments/762-TB-TCHQ.tif,https://www.customs.gov.vn/index.jsp?pageId=3&id=58130&cid=1294,2016,01/2016,2026-10-08T09:28:26Z
81,763/TB-TCHQ,27/01/2016,Tổng cục hải quan,"Muối Canxi Propionat, dạng bột.",56414,305,16,TP_HO_CHI_MINH,Nguyễn Dương Thái,27/01/2016,https://files.customs.gov.vn/CustomsCMS/TP_HO_CHI_MINH/2020/Web/Data/DocumentAttachments/763-TB-TCHQ.tif,https://www.customs.gov.vn/index.jsp?pageId=3&id=56414&cid=1294,2016,01/2016,2026-10-08T09:28:26Z
82,765/TB-TCHQ,27/01/2016,Tổng cục hải quan,"Chế phẩm chứa enzyme amylase, chất mang tinh bột, Kali sulfate, dạng bột.",54829,305,16,TP_HO_CHI_MINH,Nguyễn Dương Thái,27/01/2016,https://files.customs.gov.vn/CustomsCMS/TP_HO_CHI_MINH/2020/Web/Data/DocumentAttachments/765-TB-TCHQ.tif,https://www.customs.gov.vn/index.jsp?pageId=3&id=54829&cid=1294,2016,01/2016,2026-10-08T09:28:26Z
83,766/TB-TCHQ,27/01/2016,Tổng cục hải quan,"Giấy được làm từ bột tẩy trắng, chưa tráng phủ, chưa thấm tẩm, đã in hoa văn trang trí một mặt, dạng tờ hình chữ nhật kích thước (521x761) mm, thường dùng làm giấy gói quà.",58048,305,16,TP_HO_CHI_MINH,Nguyễn Dương Thái,27/01/2016,https://files.customs.gov.vn/CustomsCMS/TP_HO_CHI_MINH/2020/Web/Data/DocumentAttachments/766-TB-TCHQ.tif,https://www.customs.gov.vn/index.jsp?pageId=3&id=58048&cid=1294,2016,01/2016,2026-10-08T09:28:26Z
84,767/TB-TCHQ,27/01/2016,Tổng cục hải quan,"Than gỗ (dạng cục cứng, rắn chắc, hàm lượng tro khô 2,12%, hàm lượng cacbon cố định khô 85,43%, hàm lượng chất bốc khô 4,56%, nhiệt lượng toàn phần khô 7579kcal/kg, hàm lượng lưu huỳnh tổng 0,62%).",57352,305,16,TP_HO_CHI_MINH,Nguyễn Dương Thái,27/01/2016,https://files.customs.gov.vn/CustomsCMS/TP_HO_CHI_MINH/2020/Web/Data/DocumentAttachments/767-TB-TCHQ.tif,https://www.customs.gov.vn/index.jsp?pageId=3&id=57352&cid=1294,2016,01/2016,2026-10-08T09:28:26Z
85,768/TB-TCHQ,27/01/2016,Tổng cục hải quan,"Than gỗ, dạng cục cứng, rắn chắc (hàm lượng tro khô 4,1%, hàm lượng cacbon cố định 92,15%, giá trị nhiệt lượng 7480kcal/kg, hàm lượng lưu huỳnh 0,05%, hàm lượng chất bốc 3,75%).",53205,305,16,TP_HO_CHI_MINH,Nguyễn Dương Thái,27/01/2016,https://files.customs.gov.vn/CustomsCMS/TP_HO_CHI_MINH/2020/Web/Data/DocumentAttachments/768-TB-TCHQ.tif,https://www.customs.gov.vn/index.jsp?pageId=3&id=53205&cid=1294,2016,01/2016,2026-10-08T09:28:26Z
86,769/TB-TCHQ,27/01/2016,Tổng cục hải quan,"Bìa giấy nhiều lớp đã tráng phủ vô cơ hai mặt, chưa in chữ, chưa in hoa văn, chủ yếu đi từ bột giấy đã tẩy trắng, hàm lượng bột giấy cơ học lớn hơn 10% tổng trọng lượng bột giấy, định lượng 403 g/m2, dạng tờ, kích thước 550x1020mm, thường dùng trong sản xuất bao bì.",53035,305,16,TP_HO_CHI_MINH,Nguyễn Dương Thái,27/01/2016,https://files.customs.gov.vn/CustomsCMS/TP_HO_CHI_MINH/2020/Web/Data/DocumentAttachments/769-TB-TCHQ.tif,https://www.customs.gov.vn/index.jsp?pageId=3&id=53035&cid=1294,2016,01/2016,2026-10-08T09:28:26Z
87,779/TB-TCHQ,27/01/2016,Tổng cục hải quan,Chất lỏng đã được điều chế dùng cho sự truyền động thủy lực có thành phần chính là hỗn hợp dẫn xuất các este hữu cơ và phụ gia.,57442,305,16,TP_HO_CHI_MINH,Nguyễn Dương Thái,27/01/2016,https://files.customs.gov.vn/CustomsCMS/TP_HO_CHI_MINH/2020/Web/Data/DocumentAttachments/779-TB-TCHQ.tif,https://www.customs.gov.vn/index.jsp?pageId=3&id=57442&cid=1294,2016,01/2016,2026-10-08T09:28:26Z
88,780/TB-TCHQ,27/01/2016,Tổng cục hải quan,"Đĩa đánh bóng (sản phẩm dệt dùng cho mục đích kỹ thuật). Cấu tạo: Hình tròn, ở giữa có lỗ lắp vào trục quay tròn của động cơ điện; làm từ 11 lớp kết thành một khối bằng keo (gồm: 06 lớp vải dệt làm từ sợi cotton, 05 lớp xen kẽ ở giữa các lớp vải dệt được làm từ sợi thùa (làm từ cây thùa gai-sisal) và tết bện với nhau); với tỷ lệ trọng lượng Sisal: 76%, cotton cloth 18% và % các thành phần còn lại. Kích cỡ: Ø1,5 x Ø50 x 1,5cm.",54552,305,16,TP_HO_CHI_MINH,Nguyễn Dương Thái,27/01/2016,https://files.customs.gov.vn/CustomsCMS/TP_HO_CHI_MINH/2020/Web/Data/DocumentAttachments/780-TB-TCHQ.tif,https://www.customs.gov.vn/index.jsp?pageId=3&id=54552&cid=1294,2016,01/2016,2026-10-08T09:28:26Z
89,781/TB-TCHQ,27/01/2016,Tổng cục hải quan,"Mục 1: Các tông hai lớp được làm bằng phương pháp ép ẩm có một mặt được tráng phủ chất vô cơ, mặt dưới màu xám từ bột giấy tái chế, dạng cuộn, khổ từ 79cm đến 146cm, định lượng 235.6 g/m2; Mục 2: Các tông hai lớp được làm bằng phương pháp ép ẩm có một mặt được tráng phủ chất vô cơ, mặt dưới màu xám từ bột giấy tái chế, dạng cuộn, khổ 120cm, định lượng 305.6 g/m2; Mục 3: Các tông hai lớp được làm bằng phương pháp ép ẩm có một mặt được tráng phủ chất vô cơ, mặt dưới màu xám từ bột giấy tái chế, dạng cuộn, khổ từ 73cm đến 120cm, định lượng 337.6 g/m2.",56207,305,16,TP_HO_CHI_MINH,Nguyễn Dương Thái,27/01/2016,https://files.customs.gov.vn/CustomsCMS/TP_HO_CHI_MINH/2020/Web/Data/DocumentAttachments/781-TB-TCHQ.tif,https://www.customs.gov.vn/index.jsp?pageId=3&id=56207&cid=1294,2016,01/2016,2026-10-08T09:28:26Z
90,782/TB-TCHQ,27/01/2016,Tổng cục hải quan,"Cơm thập cẩm từ gạo, rau củ các loại (cà rốt, hành tây, cải thảo, đỗ quả xanh), nước dùng từ rong biển cá ngừ, thịt bò, đường nho, nấm maitake, xì dầu…, đã chế biến sẵn, dùng cho trẻ em, đóng gói 80g/gói.",58929,305,16,TP_HO_CHI_MINH,Nguyễn Dương Thái,27/01/2016,https://files.customs.gov.vn/CustomsCMS/TP_HO_CHI_MINH/2020/Web/Data/DocumentAttachments/782-TB-TCHQ.tif,https://www.customs.gov.vn/index.jsp?pageId=3&id=58929&cid=1294,2016,01/2016,2026-10-08T09:28:26Z
91,783/TB-TCHQ,27/01/2016,Tổng cục hải quan,"Bộ cọc sợi đã lắp ráp hoàn chỉnh, bộ phận của máy kéo sợi (Spinning Machinery) hiệu Toyoda RX240 thuộc nhóm 84.45. Tên thương mại: Complete Spindle CS 1-1261203ANG for Toyoda RX240.",58616,305,16,TP_HO_CHI_MINH,Nguyễn Dương Thái,27/01/2016,https://files.customs.gov.vn/CustomsCMS/TP_HO_CHI_MINH/2020/Web/Data/DocumentAttachments/783-TB-TCHQ.tif,https://www.customs.gov.vn/index.jsp?pageId=3&id=58616&cid=1294,2016,01/2016,2026-10-08T09:28:26Z
92,784/TB-TCHQ,27/01/2016,Tổng cục hải quan,"Cơm thập cẩm từ gạo, rau củ các loại (cà rốt, hành tây, cải bắp, đỗ quả xanh, củ cải), nước dùng từ rong biển cá ngừ, cá trắng..., đã chế biến sẵn, dùng cho trẻ em, đóng gói 80g/gói.",56958,305,16,TP_HO_CHI_MINH,Nguyễn Dương Thái,27/01/2016,https://files.customs.gov.vn/CustomsCMS/TP_HO_CHI_MINH/2020/Web/Data/DocumentAttachments/784-TB-TCHQ.tif,https://www.customs.gov.vn/index.jsp?pageId=3&id=56958&cid=1294,2016,01/2016,2026-10-08T09:28:26Z
93,785/TB-TCHQ,27/01/2016,Tổng cục hải quan,"Cơm thập cẩm từ gạo, rau củ các loại (củ nâu, cà rốt, đỗ quả xanh, củ cải), nước dùng từ rong biển cá ngừ, thịt gà, đường nho…, đã chế biến sẵn, dùng cho trẻ em, đóng gói 80g/gói.",55409,305,16,TP_HO_CHI_MINH,Nguyễn Dương Thái,27/01/2016,https://files.customs.gov.vn/CustomsCMS/TP_HO_CHI_MINH/2020/Web/Data/DocumentAttachments/785-TB-TCHQ.tif,https://www.customs.gov.vn/index.jsp?pageId=3&id=55409&cid=1294,2016,01/2016,2026-10-08T09:28:26Z
94,786/TB-TCHQ,27/01/2016,Tổng cục hải quan,"Cơm thập cẩm từ gạo, rau củ các loại (cà rốt, củ cải, hành tây, đỗ quả xanh), nước dùng từ rong biển cá ngừ, miếng cá hồi, nấm hương, chiết xuất cá trắng..., đã chế biến sẵn, dùng cho trẻ em, đóng gói 80g/gói.",53245,305,16,TP_HO_CHI_MINH,Nguyễn Dương Thái,27/01/2016,https://files.customs.gov.vn/CustomsCMS/TP_HO_CHI_MINH/2020/Web/Data/DocumentAttachments/786-TB-TCHQ.tif,https://www.customs.gov.vn/index.jsp?pageId=3&id=53245&cid=1294,2016,01/2016,2026-10-08T09:28:26Z
95,788/TB-TCHQ,27/01/2016,Tổng cục hải quan,"Máy biến dòng điện, sử dụng điện môi lỏng, thường được sử dụng cho thiết bị đo lường có công suất danh định không quá 5kVA, điện áp tối đa trên 110kV.",56684,305,16,TP_HO_CHI_MINH,Nguyễn Dương Thái,27/01/2016,https://files.customs.gov.vn/CustomsCMS/TP_HO_CHI_MINH/2020/Web/Data/DocumentAttachments/788-TB-TCHQ.tif,https://www.customs.gov.vn/index.jsp?pageId=3&id=56684&cid=1294,2016,01/2016,2026-10-08T09:28:26Z
96,790/TB-TCHQ,27/01/2016,Tổng cục hải quan,"Styren-acrylat copolymer nguyên sinh, dạng phân tán, thành phần acrylate trội hơn styrene.",58308,305,16,TP_HO_CHI_MINH,Nguyễn Dương Thái,27/01/2016,https://files.customs.gov.vn/CustomsCMS/TP_HO_CHI_MINH/2020/Web/Data/DocumentAttachments/790-TB-TCHQ.tif,https://www.customs.gov.vn/index.jsp?pageId=3&id=58308&cid=1294,2016,01/2016,2026-10-08T09:28:26Z
97,792/TB-TCHQ,27/01/2016,Tổng cục hải quan,"Chế phẩm thực phẩm dành cho trẻ em có chứa sữa, đã được bổ sung thêm dầu béo thực vật, vitamin, khoáng chất, DHA, Omega-3... dạng bột, đã đóng gói bán lẻ (800 gam/hộp).",56136,305,16,TP_HO_CHI_MINH,Nguyễn Dương Thái,27/01/2016,https://files.customs.gov.vn/CustomsCMS/TP_HO_CHI_MINH/2020/Web/Data/DocumentAttachments/792-TB-TCHQ.tif,https://www.customs.gov.vn/index.jsp?pageId=3&id=56136&cid=1294,2016,01/2016,2026-10-08T09:28:26Z
98,794/TB-TCHQ,27/01/2016,Tổng cục hải quan,"Kẹo dạng viên, đã đóng gói bán lẻ - gói 10 viên/8g, thành phần chính: béo ≈ 2.6%, đường saccharose ≈ 43%, cacao dưới 5%...",58896,305,16,TP_HO_CHI_MINH,Nguyễn Dương Thái,27/01/2016,https://files.customs.gov.vn/CustomsCMS/TP_HO_CHI_MINH/2020/Web/Data/DocumentAttachments/794-TB-TCHQ.tif,https://www.customs.gov.vn/index.jsp?pageId=3&id=58896&cid=1294,2016,01/2016,2026-10-08T09:28:26Z
99,795/TB-TCHQ,27/01/2016,Tổng cục hải quan,"Chế phẩm thực phẩm không đồng nhất có chứa quả, đường, chất làm đông và phụ gia, đã đóng gói bán lẻ 90g/chiếc.",52334,305,16,TP_HO_CHI_MINH,Nguyễn Dương Thái,27/01/2016,https://files.customs.gov.vn/CustomsCMS/TP_HO_CHI_MINH/2020/Web/Data/DocumentAttachments/795-TB-TCHQ.tif,https://www.customs.gov.vn/index.jsp?pageId=3&id=52334&cid=1294,2016,01/2016,2026-10-08T09:28:26Z
100,118/GSQL-GQ1,26/01/2016,Tổng cục hải quan,V/v Bảng kê lâm sản xuất khẩu (Công ty CP VietDutch Quốc Tế),66377,305,16,DONG_NAI,null,null,https://files.customs.gov.vn/DONG_NAI//Data/CV_TCHQ/118_GSQL_GQ1_26_01_2016.pdf,https://www.customs.gov.vn/index.jsp?pageId=3&id=66377&cid=1294,2016,01/2016,2026-10-08T09:28:26Z
101,119/GSQL-GQ2,26/01/2016,Tổng cục hải quan,"V/v Hoạt động sửa chữa, làm mới sản phẩm điện tử của DNCX (Công ty TNHH Samsung Electronics Việt Nam)",66376,305,16,DONG_NAI,null,null,https://files.customs.gov.vn/DONG_NAI//Data/CV_TCHQ/119_GSQL_GQ2_26_01_2016.pdf,https://www.customs.gov.vn/index.jsp?pageId=3&id=66376&cid=1294,2016,01/2016,2026-10-08T09:28:26Z
102,188/KH-HQĐNg,26/01/2016,null,"Kế hoạch tuyên truyền hỗ trợ cung cấp thông tin cho người khai, người nộp thuế năm 2016",75778,305,16,DA_NANG,Nguyễn Thị Thanh Vân,26/01/2016,https://files.customs.gov.vn/DA_NANG/Uploads/65e32243-11bf-4695-985d-c1563e8c13ba/KH188 tuyen truyen ho tro.tif,https://www.customs.gov.vn/index.jsp?pageId=3&id=75778&cid=1294,2016,01/2016,2026-10-08T09:28:26Z
103,678/TB-TCHQ,26/01/2016,Tổng cục hải quan,"Chế phẩm hóa học có thành phần chính là hỗn hợp cồn béo đã ethoxy hóa, có tính hoạt động bề mặt nhưng không tan trong nước, dạng lỏng.",54218,305,16,TP_HO_CHI_MINH,Nguyễn Dương Thái,26/01/2016,https://files.customs.gov.vn/CustomsCMS/TP_HO_CHI_MINH/2020/Web/Data/DocumentAttachments/678-TB-TCHQ.tif,https://www.customs.gov.vn/index.jsp?pageId=3&id=54218&cid=1294,2016,01/2016,2026-10-08T09:28:26Z
104,679/TB-TCHQ,26/01/2016,Tổng cục hải quan,"Natri Glycinat trong nước, hàm lượng rắn sau sấy ≈ 34%.",54678,305,16,TP_HO_CHI_MINH,Nguyễn Dương Thái,26/01/2016,https://files.customs.gov.vn/CustomsCMS/TP_HO_CHI_MINH/2020/Web/Data/DocumentAttachments/679-TB-TCHQ.tif,https://www.customs.gov.vn/index.jsp?pageId=3&id=54678&cid=1294,2016,01/2016,2026-10-08T09:28:26Z
105,680/TB-TCHQ,26/01/2016,Tổng cục hải quan,Hỗn hợp Trially isocyanurate và oxit silic.,53954,305,16,TP_HO_CHI_MINH,Nguyễn Dương Thái,26/01/2016,https://files.customs.gov.vn/CustomsCMS/TP_HO_CHI_MINH/2020/Web/Data/DocumentAttachments/680-TB-TCHQ.tif,https://www.customs.gov.vn/index.jsp?pageId=3&id=53954&cid=1294,2016,01/2016,2026-10-08T09:28:26Z
106,681/TB-TCHQ,26/01/2016,Tổng cục hải quan,Chế phẩm hóa học có thành phần chính là hỗn hợp amin bậc 1 và phụ gia dùng làm chất đóng rắn cho nhựa Epoxy.,58338,305,16,TP_HO_CHI_MINH,Nguyễn Dương Thái,26/01/2016,https://files.customs.gov.vn/CustomsCMS/TP_HO_CHI_MINH/2020/Web/Data/DocumentAttachments/681-TB-TCHQ.tif,https://www.customs.gov.vn/index.jsp?pageId=3&id=58338&cid=1294,2016,01/2016,2026-10-08T09:28:26Z
107,682/TB-TCHQ,26/01/2016,Tổng cục hải quan,"Chế phẩm hóa chất dùng trong công nghệ mạ có thành phần cơ bản là benzaldehyde, amino acid và chất hoạt động bề mặt.",57902,305,16,TP_HO_CHI_MINH,Nguyễn Dương Thái,26/01/2016,https://files.customs.gov.vn/CustomsCMS/TP_HO_CHI_MINH/2020/Web/Data/DocumentAttachments/682-TB-TCHQ.tif,https://www.customs.gov.vn/index.jsp?pageId=3&id=57902&cid=1294,2016,01/2016,2026-10-08T09:28:26Z
108,683/TB-TCHQ,26/01/2016,Tổng cục hải quan,"Axit nhựa cây (gum Rosin), dạng khối rắn.",54176,305,16,TP_HO_CHI_MINH,Nguyễn Dương Thái,26/01/2016,https://files.customs.gov.vn/CustomsCMS/TP_HO_CHI_MINH/2020/Web/Data/DocumentAttachments/683-TB-TCHQ.tif,https://www.customs.gov.vn/index.jsp?pageId=3&id=54176&cid=1294,2016,01/2016,2026-10-08T09:28:26Z
109,684/TB-TCHQ,26/01/2016,Tổng cục hải quan,"Silicone nguyên sinh, dạng phân tán, hàm lượng rắn ~ 22%.",56587,305,16,TP_HO_CHI_MINH,Nguyễn Dương Thái,26/01/2016,https://files.customs.gov.vn/CustomsCMS/TP_HO_CHI_MINH/2020/Web/Data/DocumentAttachments/684-TB-TCHQ.tif,https://www.customs.gov.vn/index.jsp?pageId=3&id=56587&cid=1294,2016,01/2016,2026-10-08T09:28:26Z
110,685/TB-TCHQ,26/01/2016,Tổng cục hải quan,"Polyurethane nguyên sinh, thành phần gồm: polyurethane~25%; Butyl carbitol~15% và nước~60%.",53478,305,16,TP_HO_CHI_MINH,Nguyễn Dương Thái,26/01/2016,https://files.customs.gov.vn/CustomsCMS/TP_HO_CHI_MINH/2020/Web/Data/DocumentAttachments/685-TB-TCHQ.tif,https://www.customs.gov.vn/index.jsp?pageId=3&id=53478&cid=1294,2016,01/2016,2026-10-08T09:28:26Z
111,687/TB-TCHQ,26/01/2016,Tổng cục hải quan,"Polyurethane trong dung môi methyl ethyl ketone và ethyl acetate, trong đó hàm lượng dung môi ~ 74.4 % tính theo trọng lượng dung dịch.",57967,305,16,TP_HO_CHI_MINH,Nguyễn Dương Thái,26/01/2016,https://files.customs.gov.vn/CustomsCMS/TP_HO_CHI_MINH/2020/Web/Data/DocumentAttachments/687-TB-TCHQ.tif,https://www.customs.gov.vn/index.jsp?pageId=3&id=57967&cid=1294,2016,01/2016,2026-10-08T09:28:26Z
112,688/TB-TCHQ,26/01/2016,Tổng cục hải quan,"Bồn chứa khí nén lỏng hình trụ đứng bằng thép không gỉ, loại được hàn, dung tích 14.037 lít, gắn kèm dàn hóa hơi.",53616,305,16,TP_HO_CHI_MINH,Nguyễn Dương Thái,26/01/2016,https://files.customs.gov.vn/CustomsCMS/TP_HO_CHI_MINH/2020/Web/Data/DocumentAttachments/688-TB-TCHQ.tif,https://www.customs.gov.vn/index.jsp?pageId=3&id=53616&cid=1294,2016,01/2016,2026-10-08T09:28:26Z
113,690/TB-TCHQ,26/01/2016,Tổng cục hải quan,"Thép hợp kim, hàm lượng C ≈ 0,03%; B ≈ 0,002%... tính theo trọng lượng, Bo là nguyên tố duy nhất quyết định thép hợp kim, dạng cuộn, cán nguội, kích thước dày x rộng (1,2 x 500)mm, chưa tráng phủ mạ hoặc sơn.",52469,305,16,TP_HO_CHI_MINH,Nguyễn Dương Thái,26/01/2016,https://files.customs.gov.vn/CustomsCMS/TP_HO_CHI_MINH/2020/Web/Data/DocumentAttachments/690-TB-TCHQ.tif,https://www.customs.gov.vn/index.jsp?pageId=3&id=52469&cid=1294,2016,01/2016,2026-10-08T09:28:26Z
114,691/TB-TCHQ,26/01/2016,Tổng cục hải quan,"Cáp quang, dùng dẫn tín hiệu cho cảm biến quang Autonics loại phản xạ khuếch tán, có 1 đầu ra dùng phát và thu tín hiệu được làm ren để lắp đặt, chiều dài cáp 2m. Bộ đóng gói bán lẻ gồm dây cáp, 02 vòng đệm bằng thép, 01 dao cắt chuyên dụng, tài liệu hướng dẫn. Tên thương mại: Fiber Optic Cable. Model: FD-620-10. Hiệu: Autonics. Made in Korea.",55821,305,16,TP_HO_CHI_MINH,Nguyễn Dương Thái,26/01/2016,https://files.customs.gov.vn/CustomsCMS/TP_HO_CHI_MINH/2020/Web/Data/DocumentAttachments/691-TB-TCHQ.tif,https://www.customs.gov.vn/index.jsp?pageId=3&id=55821&cid=1294,2016,01/2016,2026-10-08T09:28:26Z
115,692/TB-TCHQ,26/01/2016,Tổng cục hải quan,"Thiết bị điện tử đếm số lượng (số lần tín hiệu của cảm biến chuyển tới); đếm thời gian (khi cài đặt) để xuất ra một tín hiệu tới một thiết bị bên ngoài. Các số đếm được hiển thị bằng LED và có khả năng đặt lại bằng 0. Sử dụng trong các ứng dụng: đếm số lượng sản phẩm; dùng trong điều khiển số lượng; dùng trong điều khiển vị trí; đo chiều dài; cài đặt thời gian. Thông số kỹ thuật chính: đếm và đặt thời gian; số chữ hiển thị: 4 chữ số (0.0001 ~ 9999); kích thước: DIN W48xH48m; nguồn cấp: 100-240VAC 50/60Hz; 24-6-VDC (tùy chọn); công suất tiêu thụ: AC 5.5VA, DC3.5W; ngõ ra: 1 giá trị cài đặt; cấu trúc bảo vệ: IP65; nhiệt độ môi trường: -10 ~ 55°C; bộ nhớ duy trì: 10 năm. Tên thương mại: Counter/time. Model: CT4-1P4. Hiệu: Autonics. Made in Korea.",57904,305,16,TP_HO_CHI_MINH,Nguyễn Dương Thái,26/01/2016,https://files.customs.gov.vn/CustomsCMS/TP_HO_CHI_MINH/2020/Web/Data/DocumentAttachments/692-TB-TCHQ.tif,https://www.customs.gov.vn/index.jsp?pageId=3&id=57904&cid=1294,2016,01/2016,2026-10-08T09:28:26Z
116,693/TB-TCHQ,26/01/2016,Tổng cục hải quan,"Cảm biến áp suất (thiết bị điện tử), dùng để đo áp suất (áp suất tại thời điểm đo) và chuyển ra ngoài tới các thiết bị khác dùng trong các ứng dụng có liên quan đến áp suất. Thiết bị còn tích hợp chức năng cảnh báo mức áp suất thấp (Out 1) và mức áp suất cao (Out 2). Thông số kỹ thuật chính: Chuyển đổi áp suất khí từ 0 → 1MPa sang tín hiệu điện từ 1 → 5 VDC; chiều cao LED đỏ: 9,5mm; độ phân giải cao: 1/1000; có thể chuyển đổi đơn vị áp suất (kPa, kgf/cm2, bar, psi, mmHg, mmH2O, inHg); nhiều chế độ ngõ ra: Chế độ Hysteresis, chế độ cài đạt độ nhạy tự động...; ngõ ra Analogue (1-5 VDC); có mạch bảo vệ quá dòng, mạch bảo vệ nối ngược cực nguồn; chức năng điều chỉnh điểm Zero. Điện áp cấp: 12-24VDC. Kích cỡ 34mm(H) x 30mm(W) x 38,5mm(D) và đường kính lỗ nối ống áp lực bằng ren 1/8”. Tên thương mại: Pressure Sensor. Model: PSA-1-RC1/8. Hiệu: Autonics. Made in Korea.",55208,305,16,TP_HO_CHI_MINH,Nguyễn Dương Thái,26/01/2016,https://files.customs.gov.vn/CustomsCMS/TP_HO_CHI_MINH/2020/Web/Data/DocumentAttachments/693-TB-TCHQ.tif,https://www.customs.gov.vn/index.jsp?pageId=3&id=55208&cid=1294,2016,01/2016,2026-10-08T09:28:26Z
117,694/TB-TCHQ,26/01/2016,Bộ Thương Mại,"Thiết bị điện chuyển đổi số vòng quay của trục thành các tín hiệu điện xung dạng sóng (mã hóa vòng quay) để sử dụng trong việc đo góc độ, vị trí, vòng quay, tốc độ, gia tốc và khoảng cách. Thông số kỹ thuật chính: loại kiểu trục, đường kính thân hình trụ: Ø50mm; đường kính trục Ø8mm; Pulse/1 Revolution)-500; output phase)- A,B,Z; Control output - Totem pole output; Power 12-24VDC ±5%. Tên thương mại: Rotary Encorder. Model: E50S8 500-3-T-24. Hiệu: Autonics. Made in Korea.",58307,305,16,TP_HO_CHI_MINH,Nguyễn Dương Thái,26/01/2016,https://files.customs.gov.vn/CustomsCMS/TP_HO_CHI_MINH/2020/Web/Data/DocumentAttachments/694-TB-TCHQ.tif,https://www.customs.gov.vn/index.jsp?pageId=3&id=58307&cid=1294,2016,01/2016,2026-10-08T09:28:26Z
118,695/TB-TCHQ,26/01/2016,Tổng cục hải quan,"Thiết bị tự động điều chỉnh ổn định nhiệt độ theo chương trình cài đặt. Dùng điều khiển trong các máy gia công nhiệt, máy hấp sấy, máy ép nhựa v.v. Có các đặc điểm và thông số kỹ thuật chính: Điều khiển nhiệt độ loại PID (chức năng Auto-tuning PID kép); hiển thị 4 chữ số LED 7 đoạn (PV: 9,8 x 14,2 mm, SV: 8,0x10,0mm); tín hiệu của chức năng truyền vào (13 kiểu) theo lựa chọn điện áp, dòng điện, cảm biến nhiệt độ; tín hiệu điều khiển ra loại Relay, một ngõ phụ Event1 và kết nối truyền tín hiệu được theo RS585; có chức năng cảnh báo; kích cỡ W96mm x H96mm; nguồn điện 100-240VAC 50/60Hz. Tên thương mại: Rotary Encoder. Model: TNZ4L-14R; Hiệu: Autonics. Made in Korea.",58598,305,16,TP_HO_CHI_MINH,Nguyễn Dương Thái,26/01/2016,https://files.customs.gov.vn/CustomsCMS/TP_HO_CHI_MINH/2020/Web/Data/DocumentAttachments/695-TB-TCHQ.tif,https://www.customs.gov.vn/index.jsp?pageId=3&id=58598&cid=1294,2016,01/2016,2026-10-08T09:28:26Z
119,696/TB-TCHQ,26/01/2016,Tổng cục hải quan,"Thiết bị đặt thời gian chuyển đổi nối mạch sao - tam giác dùng để khởi động động cơ không đồng bộ 3 pha. Cấu tạo: Mặt trước là mặt đồng hồ chia thời gian từ có số 1-10 có tỷ lệ x10sec; một kim màu đỏ định thời gian; các đèn báo hiệu bên cạnh ký hiệu đấu điện kiểu sao và tam giác; mặt sau có 8 chốt nối điện và núm điều chỉnh kim đồng hồ. Thông số kỹ thuật chính: Dải cài đặt thời gian điều khiển: 0,5 -100 giây (max); nguồn cấp: 100-240VAC 50/60Hz 3,2VA, 24-240VDC 1,5W; công suất tiếp điểm: 250VAC 5A; kích thước: H45mm x W45mm. Tên thương mại STAR DELTA TIME; Model AT8SDN; Hiệu Autonics. Made in Korea.",57322,305,16,TP_HO_CHI_MINH,Nguyễn Dương Thái,26/01/2016,https://files.customs.gov.vn/CustomsCMS/TP_HO_CHI_MINH/2020/Web/Data/DocumentAttachments/696-TB-TCHQ.tif,https://www.customs.gov.vn/index.jsp?pageId=3&id=57322&cid=1294,2016,01/2016,2026-10-08T09:28:26Z
120,697/TB-TCHQ,26/01/2016,Tổng cục hải quan,"Cao su hỗn hợp, dạng hạt. Thành phần gồm có copolyme styren, dầu khoáng, canxi cacbonat.",57527,305,16,TP_HO_CHI_MINH,Nguyễn Dương Thái,26/01/2016,https://files.customs.gov.vn/CustomsCMS/TP_HO_CHI_MINH/2020/Web/Data/DocumentAttachments/697-TB-TCHQ.tif,https://www.customs.gov.vn/index.jsp?pageId=3&id=57527&cid=1294,2016,01/2016,2026-10-08T09:28:26Z
121,1501/TCHQ-GSQL,29/02/2016,Tổng cục hải quan,V/v báo cáo quyết toán NVL theo năm tài chính và triển khai thực hiện Quyết định số 1966/QĐ-TCHQ,66401,305,16,DONG_NAI,null,null,,https://www.customs.gov.vn/index.jsp?pageId=3&id=66401&cid=1294,2016,02/2016,2026-10-08T09:28:26Z
122,1517/TB-TCHQ,29/02/2016,null,"Thông báo về kết quả phân loại đối với hàng hóa xuât khẩu, nhập khẩu",75809,305,16,DA_NANG,Nguyễn Dương Thái,29/02/2016,https://files.customs.gov.vn/DA_NANG/Uploads/65e32243-11bf-4695-985d-c1563e8c13ba/883.tif,https://www.customs.gov.vn/index.jsp?pageId=3&id=75809&cid=1294,2016,02/2016,2026-10-08T09:28:26Z
123,267/GSQL-GQ1,29/02/2016,Bộ Công nghiệp,V/v xuất khẩu giấy vàng mã,57011,305,16,TP_HO_CHI_MINH,Ngô Minh Hải,29/02/2016,https://files.customs.gov.vn/CustomsCMS/TP_HO_CHI_MINH/2020/Web/Data/DocumentAttachments/267-GSQL-GQ1.tif,https://www.customs.gov.vn/index.jsp?pageId=3&id=57011&cid=1294,2016,02/2016,2026-10-08T09:28:26Z
124,346/TXNK-CST,29/02/2016,Tổng cục hải quan,"V/v Thuế GTGT máy móc, thiết bị phục vụ sản xuất nông nghiệp (Công ty TNHH TM & CGCN Việt Trung)",66387,305,16,DONG_NAI,null,null,https://files.customs.gov.vn/DONG_NAI//Data/CV_TCHQ/346_TXNK_CST_29_02_2016.pdf,https://www.customs.gov.vn/index.jsp?pageId=3&id=66387&cid=1294,2016,02/2016,2026-10-08T09:28:26Z
125,350/HQĐNa-GSQL,29/02/2016,Cục Hải Quan tỉnh Đồng Nai,V/v Thực hiện thí điểm tự chứng nhận xuất xứ hàng hóa trong Hiệp định thương mại hàng hóa Asean,66385,305,16,DONG_NAI,null,null,https://files.customs.gov.vn/DONG_NAI//Data/Cv_Hqdn/350_HQDNa_GSQL_29_02_2016.pdf,https://www.customs.gov.vn/index.jsp?pageId=3&id=66385&cid=1294,2016,02/2016,2026-10-08T09:28:26Z
126,1392/TB-TCHQ,26/02/2016,Tổng cục hải quan,"Máy trợ thính dùng để nghe cho người khiếm thính, nằm bên trong tai (ITE), hoạt động bằng pin, chưa hoàn thiện (chưa lắp khuôn tai của từng người).",57957,305,16,TP_HO_CHI_MINH,Nguyễn Dương Thái,26/02/2016,https://files.customs.gov.vn/CustomsCMS/TP_HO_CHI_MINH/2020/Web/Data/DocumentAttachments/1392-TB-TCHQ.tif,https://www.customs.gov.vn/index.jsp?pageId=3&id=57957&cid=1294,2016,02/2016,2026-10-08T09:28:26Z
127,1393/TB-TCHQ,26/02/2016,Tổng cục hải quan,"Máy trợ thính dùng để nghe cho người khiếm thính, nằm bên trong ống tai (CIC), hoạt động bằng pin, chưa hoàn thiện (chưa lắp khuôn tai của từng người).",58405,305,16,TP_HO_CHI_MINH,Nguyễn Dương Thái,26/02/2016,https://files.customs.gov.vn/CustomsCMS/TP_HO_CHI_MINH/2020/Web/Data/DocumentAttachments/1393-TB-TCHQ.tif,https://www.customs.gov.vn/index.jsp?pageId=3&id=58405&cid=1294,2016,02/2016,2026-10-08T09:28:26Z
128,1394/TB-TCHQ,26/02/2016,Tổng cục hải quan,"Mục 1: Giấy kraft đã tẩy trắng, không tráng, tạo bóng một mặt, chưa in, định lượng 32.6 g/m2, dạng cuộn, khổ 1235mm; Mục 2: Giấy kraft đã tẩy trắng, không tráng, tạo bóng một mặt, chưa in, định lượng 25.7 g/m2, dạng cuộn, khổ 1235mm.",58180,305,16,TP_HO_CHI_MINH,Nguyễn Dương Thái,26/02/2016,https://files.customs.gov.vn/CustomsCMS/TP_HO_CHI_MINH/2020/Web/Data/DocumentAttachments/1394-TB-TCHQ.tif,https://www.customs.gov.vn/index.jsp?pageId=3&id=58180&cid=1294,2016,02/2016,2026-10-08T09:28:26Z
129,1395/TB-TCHQ,26/02/2016,Tổng cục hải quan,"Giấy đã tráng phủ hai mặt bằng canxi cacbonate, hàm lượng bột giấy cơ học và hóa cơ dưới 10% so với tổng lượng bột giấy tính theo trọng lượng, dạng cuộn, chiều rộng 81.3cm, định lượng 50.2 gsm, dùng để in ấn.",56075,305,16,TP_HO_CHI_MINH,Nguyễn Dương Thái,26/02/2016,https://files.customs.gov.vn/CustomsCMS/TP_HO_CHI_MINH/2020/Web/Data/DocumentAttachments/1395-TB-TCHQ.tif,https://www.customs.gov.vn/index.jsp?pageId=3&id=56075&cid=1294,2016,02/2016,2026-10-08T09:28:26Z
130,1397/TB-TCHQ,26/02/2016,Tổng cục hải quan,"Màng poly(ethylene terephthalate) gồm 2 lớp: lớp màng mỏng (dày 0,04mm), lớp màng dày không tự dính (dày 0.11mm).",55699,305,16,TP_HO_CHI_MINH,Nguyễn Dương Thái,26/02/2016,https://files.customs.gov.vn/CustomsCMS/TP_HO_CHI_MINH/2020/Web/Data/DocumentAttachments/1397-TB-TCHQ.tif,https://www.customs.gov.vn/index.jsp?pageId=3&id=55699&cid=1294,2016,02/2016,2026-10-08T09:28:26Z
131,1398/TB-TCHQ,26/02/2016,Tổng cục hải quan,"Màng poly(ethylene terephthalate) gồm 2 lớp: lớp màng mỏng (dày 0,04mm), lớp màng dày có khả năng tự dính (dày 0.11mm).",55126,305,16,TP_HO_CHI_MINH,Nguyễn Dương Thái,26/02/2016,https://files.customs.gov.vn/CustomsCMS/TP_HO_CHI_MINH/2020/Web/Data/DocumentAttachments/1398-TB-TCHQ.tif,https://www.customs.gov.vn/index.jsp?pageId=3&id=55126&cid=1294,2016,02/2016,2026-10-08T09:28:26Z
132,1399/TB-TCHQ,26/02/2016,Tổng cục hải quan,"Copolyme styrene nguyên sinh, phân tán trong môi trường nước.",52285,305,16,TP_HO_CHI_MINH,Nguyễn Dương Thái,26/02/2016,https://files.customs.gov.vn/CustomsCMS/TP_HO_CHI_MINH/2020/Web/Data/DocumentAttachments/1399-TB-TCHQ.tif,https://www.customs.gov.vn/index.jsp?pageId=3&id=52285&cid=1294,2016,02/2016,2026-10-08T09:28:26Z
133,1400/TB-TCHQ,26/02/2016,Tổng cục hải quan,"Bìa không tráng, dạng cuộn, chiều rộng 64 cm, làm chủ yếu từ bột giấy tái chế, định lượng 364,8 g/m2, dày 0,473 mm.",57118,305,16,TP_HO_CHI_MINH,Nguyễn Dương Thái,26/02/2016,https://files.customs.gov.vn/CustomsCMS/TP_HO_CHI_MINH/2020/Web/Data/DocumentAttachments/1400-TB-TCHQ.tif,https://www.customs.gov.vn/index.jsp?pageId=3&id=57118&cid=1294,2016,02/2016,2026-10-08T09:28:26Z
134,1401/TB-TCHQ,26/02/2016,Tổng cục hải quan,"Giấy làm lớp sóng, chưa tráng phủ, chưa tẩy trắng, làm chủ yếu từ bột giấy tái chế, thành phần bột giấy hóa học chiếm 78,3%, định lượng 119,8 g/m2, dạng cuộn, khổ 150cm. Chỉ số bục 2,56kPa.m2/g.",53516,305,16,TP_HO_CHI_MINH,Nguyễn Dương Thái,26/02/2016,https://files.customs.gov.vn/CustomsCMS/TP_HO_CHI_MINH/2020/Web/Data/DocumentAttachments/1401-TB-TCHQ.tif,https://www.customs.gov.vn/index.jsp?pageId=3&id=53516&cid=1294,2016,02/2016,2026-10-08T09:28:26Z
135,1402/TB-TCHQ,26/02/2016,Tổng cục hải quan,"Bán thành phẩm bằng thép không hợp kim (hàm lượng C=0,32% tính theo trọng lượng), mặt cắt ngang đông đặc dạng hình vuông, chưa qua sơn phủ mạ hoặc tráng. Kích thước: (120 x 120 x 12000)mm.",56580,305,16,TP_HO_CHI_MINH,Nguyễn Dương Thái,26/02/2016,https://files.customs.gov.vn/CustomsCMS/TP_HO_CHI_MINH/2020/Web/Data/DocumentAttachments/1402-TB-TCHQ.tif,https://www.customs.gov.vn/index.jsp?pageId=3&id=56580&cid=1294,2016,02/2016,2026-10-08T09:28:26Z
136,1403/TB-TCHQ,26/02/2016,Tổng cục hải quan,"Giấy lớp mặt, được tạo bởi hai lớp giấy có màu sắc khác nhau bằng phương pháp ép ẩm, chưa được tráng phủ, chưa in hình, in chữ, thành phần chủ yếu từ bột giấy tái chế, trong đó bột giấy hóa học chiếm 77,9%. Dạng cuộn, khổ 1785mm, định lượng 150 g/m2. Chỉ số bục 3.12kPa.m2/g.",55443,305,16,TP_HO_CHI_MINH,Nguyễn Dương Thái,26/02/2016,https://files.customs.gov.vn/CustomsCMS/TP_HO_CHI_MINH/2020/Web/Data/DocumentAttachments/1403-TB-TCHQ.tif,https://www.customs.gov.vn/index.jsp?pageId=3&id=55443&cid=1294,2016,02/2016,2026-10-08T09:28:26Z
137,1404/TB-TCHQ,26/02/2016,Tổng cục hải quan,"Bán thành phẩm bằng thép không hợp kim - hàm lượng C=0,287% tính theo trọng lượng, mặt cắt ngang đông đặc dạng hình vuông, chưa qua sơn phủ mạ hoặc tráng. Kích thước: (150 x 150 x 12000)mm.",56771,305,16,TP_HO_CHI_MINH,Nguyễn Dương Thái,26/02/2016,https://files.customs.gov.vn/CustomsCMS/TP_HO_CHI_MINH/2020/Web/Data/DocumentAttachments/1404-TB-TCHQ.tif,https://www.customs.gov.vn/index.jsp?pageId=3&id=56771&cid=1294,2016,02/2016,2026-10-08T09:28:26Z
138,1405/TB-TCHQ,26/02/2016,null,"Thông báo đính chính Thông báo kết quả phân loại đ/v hàng hóa XK, NK",75804,305,16,DA_NANG,Nguyễn Dương Thái,26/02/2016,https://files.customs.gov.vn/DA_NANG/Uploads/65e32243-11bf-4695-985d-c1563e8c13ba/4220.TIF,https://www.customs.gov.vn/index.jsp?pageId=3&id=75804&cid=1294,2016,02/2016,2026-10-08T09:28:26Z
139,1412/TB-TCHQ,26/02/2016,Tổng cục hải quan,"Giấy Kraft không tráng, loại đã tẩy trắng, dạng cuộn, khổ 1220, định lượng 25,7 g/m2 dùng làm giấy lót cuộn thép.",56056,305,16,TP_HO_CHI_MINH,Nguyễn Dương Thái,26/02/2016,https://files.customs.gov.vn/CustomsCMS/TP_HO_CHI_MINH/2020/Web/Data/DocumentAttachments/1412-TB-TCHQ.tif,https://www.customs.gov.vn/index.jsp?pageId=3&id=56056&cid=1294,2016,02/2016,2026-10-08T09:28:26Z
140,1470/TB-TCHQ,26/02/2016,Tổng cục hải quan,"Máy tiện kim loại điều khiển bằng tay, loại tiện ngang, có bán kính gia công tiện 325 mm.",53182,305,16,TP_HO_CHI_MINH,Nguyễn Dương Thái,26/02/2016,https://files.customs.gov.vn/CustomsCMS/TP_HO_CHI_MINH/2020/Web/Data/DocumentAttachments/1470-TB-TCHQ.tif,https://www.customs.gov.vn/index.jsp?pageId=3&id=53182&cid=1294,2016,02/2016,2026-10-08T09:28:26Z
141,2610/BTC-TCHQ,26/02/2016,null,"Phân loại mặt hàng enzyme dung trong SX xà phòng, bột giặt",75805,305,16,DA_NANG,Nguyễn Dương Thái,26/02/2016,https://files.customs.gov.vn/DA_NANG/Uploads/65e32243-11bf-4695-985d-c1563e8c13ba/1_4221.TIF,https://www.customs.gov.vn/index.jsp?pageId=3&id=75805&cid=1294,2016,02/2016,2026-10-08T09:28:26Z
142,36/2016/TT-BTC,26/02/2016,BCH ĐẢNG BỘ TỈNH,"Thông tư 36/2016/TT-BTC của Bộ Tài chính về việc hướng dẫn thực hiện quy định về thuế đối với các tổ chức, cá nhân tiến hành hoạt động tìm kiếm thăm dò và khai thác dầu khí theo quy định của Luật Dầu khí",42197,305,4,QUANG_NAM,Đỗ Hoàng Anh Tuấn,26/02/2016,https://files.customs.gov.vn/CustomsCMS/QUANG_NAM/2020/Document/_36_2016_TT-BTC_16230497.pdf,https://www.customs.gov.vn/index.jsp?pageId=3&id=42197&cid=1294,2016,02/2016,2026-10-08T09:28:26Z
143,1367/TCHQ-TXNK,25/02/2016,Tổng cục hải quan,V/v: thông quan lô hàng,54224,305,16,TP_HO_CHI_MINH,Nguyễn Hải Trang,25/02/2016,https://files.customs.gov.vn/CustomsCMS/TP_HO_CHI_MINH/2020/Web/Data/DocumentAttachments/1367_TCHQ-TXNK_303960.doc,https://www.customs.gov.vn/index.jsp?pageId=3&id=54224&cid=1294,2016,02/2016,2026-10-08T09:28:26Z
144,249/GSQL-TH,25/02/2016,Bộ Công nghiệp,V/v vướng mắc C/O mẫu E (công văn số 249/GSQL-TH ngày 25/02/2016).,55737,305,16,TP_HO_CHI_MINH,Âu Anh Tuấn,25/02/2016,https://files.customs.gov.vn/CustomsCMS/TP_HO_CHI_MINH/2020/Web/Data/DocumentAttachments/249-GSQL-TH.tif,https://www.customs.gov.vn/index.jsp?pageId=3&id=55737&cid=1294,2016,02/2016,2026-10-08T09:28:26Z
145,250/GSQL-TH,25/02/2016,Bộ Công nghiệp,V/v xác minh C/O (công văn số 250/GSQL-TH ngày 25/02/2016) - Cục Hải quan tỉnh Bà Rịa - Vũng Tàu.,53492,305,16,TP_HO_CHI_MINH,Âu Anh Tuấn,25/02/2016,https://files.customs.gov.vn/CustomsCMS/TP_HO_CHI_MINH/2020/Web/Data/DocumentAttachments/250-GSQL-TH.tif,https://www.customs.gov.vn/index.jsp?pageId=3&id=53492&cid=1294,2016,02/2016,2026-10-08T09:28:26Z
146,365/KH-HQĐNg,25/02/2016,null,Kế hoạch kiểm soát thủ tục hành chính năm 2016,75803,305,16,DA_NANG,Nguyễn Thị Thanh Vân,25/02/2016,https://files.customs.gov.vn/DA_NANG/Uploads/65e32243-11bf-4695-985d-c1563e8c13ba/365-KH kiem soat TTHC.tif,https://www.customs.gov.vn/index.jsp?pageId=3&id=75803&cid=1294,2016,02/2016,2026-10-08T09:28:26Z
147,1339/TB-TCHQ,24/02/2016,null,"Thông báo đính chính Thông báo kết quả phân loại đ/v hàng hóa XK, NK",75802,305,16,DA_NANG,Nguyễn Dương Thái,24/02/2016,https://files.customs.gov.vn/DA_NANG/Uploads/65e32243-11bf-4695-985d-c1563e8c13ba/4188.TIF,https://www.customs.gov.vn/index.jsp?pageId=3&id=75802&cid=1294,2016,02/2016,2026-10-08T09:28:26Z
148,1317/TCHQ-TXNK,24/02/2016,Tổng cục hải quan,V/v Phân loại mặt hàng đá cẩm thạch (Công ty liên doanh Vinastone; HQ Hải Phòng),66371,305,16,DONG_NAI,null,null,https://files.customs.gov.vn/DONG_NAI//Data/CV_TCHQ/1317_TCHQ_TXNK_24_02_2016.pdf,https://www.customs.gov.vn/index.jsp?pageId=3&id=66371&cid=1294,2016,02/2016,2026-10-08T09:28:26Z
149,1319/TCHQ-TXNK,24/02/2016,Tổng cục hải quan,V/v Hướng dẫn ưu đãi theo Hiệp định thương mại biên giới Việt - Lào (Công ty CP nông nghiệp quốc tế Hoàng Anh Gia Lai),66372,305,16,DONG_NAI,null,null,https://files.customs.gov.vn/DONG_NAI//Data/CV_TCHQ/1319_TCHQ_TXNK_24_02_2016.pdf,https://www.customs.gov.vn/index.jsp?pageId=3&id=66372&cid=1294,2016,02/2016,2026-10-08T09:28:26Z
150,1322/TB-TCHQ,24/02/2016,Tổng cục hải quan,"Iso-pentane~96,8%, n-pentane~3,2%.",57870,305,16,TP_HO_CHI_MINH,Nguyễn Dương Thái,24/02/2016,https://files.customs.gov.vn/CustomsCMS/TP_HO_CHI_MINH/2020/Web/Data/DocumentAttachments/1322-TB-TCHQ.tif,https://www.customs.gov.vn/index.jsp?pageId=3&id=57870&cid=1294,2016,02/2016,2026-10-08T09:28:26Z
151,1323/TB-TCHQ,24/02/2016,Tổng cục hải quan,"Thép hợp kim cán phẳng (hàm lượng Ti ≈ 0,0606% tính theo trọng lượng), dạng tấm, cán nóng, chưa tráng, phủ mạ, chiều rộng trên 600 mm.",57879,305,16,TP_HO_CHI_MINH,Nguyễn Dương Thái,24/02/2016,https://files.customs.gov.vn/CustomsCMS/TP_HO_CHI_MINH/2020/Web/Data/DocumentAttachments/1323-TB-TCHQ.tif,https://www.customs.gov.vn/index.jsp?pageId=3&id=57879&cid=1294,2016,02/2016,2026-10-08T09:28:26Z
152,1324/TB-TCHQ,24/02/2016,Tổng cục hải quan,"Vải dệt kim sợi ngang từ các sợi có màu khác nhau, thành phần 96,2% polyeste và 3,8% sợi đàn hồi polyether urethane, chưa tráng phủ hay ngâm tẩm, trọng lượng 228g/m2, dạng cuộn, khổ lớn hơn 0,5m.",56557,305,16,TP_HO_CHI_MINH,Nguyễn Dương Thái,24/02/2016,https://files.customs.gov.vn/CustomsCMS/TP_HO_CHI_MINH/2020/Web/Data/DocumentAttachments/1324-TB-TCHQ.tif,https://www.customs.gov.vn/index.jsp?pageId=3&id=56557&cid=1294,2016,02/2016,2026-10-08T09:28:26Z
153,1325/TB-TCHQ,24/02/2016,Tổng cục hải quan,"Thép hợp kim cán phẳng (hàm lượng Ti ≈ 0,062% tính theo trọng lượng), dạng tấm, cán nóng, chưa tráng, phủ, mạ, chiều rộng trên 600 mm.",55023,305,16,TP_HO_CHI_MINH,Nguyễn Dương Thái,24/02/2016,https://files.customs.gov.vn/CustomsCMS/TP_HO_CHI_MINH/2020/Web/Data/DocumentAttachments/1325-TB-TCHQ.tif,https://www.customs.gov.vn/index.jsp?pageId=3&id=55023&cid=1294,2016,02/2016,2026-10-08T09:28:26Z
154,1326/TB-TCHQ,24/02/2016,Tổng cục hải quan,"Thép hợp kim cán phẳng (hàm lượng Ti ≈ 0,0596% tính theo trọng lượng), dạng tấm, cán nóng, chưa tráng, phủ mạ, chiều rộng trên 600 mm.",57874,305,16,TP_HO_CHI_MINH,Nguyễn Dương Thái,24/02/2016,https://files.customs.gov.vn/CustomsCMS/TP_HO_CHI_MINH/2020/Web/Data/DocumentAttachments/1326-TB-TCHQ.tif,https://www.customs.gov.vn/index.jsp?pageId=3&id=57874&cid=1294,2016,02/2016,2026-10-08T09:28:26Z
155,1327/TB-TCHQ,24/02/2016,Tổng cục hải quan,"Thép hợp kim cán phẳng (hàm lượng Ti ≈ 0,0565% tính theo trọng lượng), dạng tấm, cán nóng, chưa tráng, phủ mạ, chiều rộng trên 600 mm.",53987,305,16,TP_HO_CHI_MINH,Nguyễn Dương Thái,24/02/2016,https://files.customs.gov.vn/CustomsCMS/TP_HO_CHI_MINH/2020/Web/Data/DocumentAttachments/1327-TB-TCHQ.tif,https://www.customs.gov.vn/index.jsp?pageId=3&id=53987&cid=1294,2016,02/2016,2026-10-08T09:28:26Z
156,1328/TB-TCHQ,24/02/2016,Tổng cục hải quan,"Thép không gỉ, dạng hạt.",54312,305,16,TP_HO_CHI_MINH,Nguyễn Dương Thái,24/02/2016,https://files.customs.gov.vn/CustomsCMS/TP_HO_CHI_MINH/2020/Web/Data/DocumentAttachments/1328-TB-TCHQ.tif,https://www.customs.gov.vn/index.jsp?pageId=3&id=54312&cid=1294,2016,02/2016,2026-10-08T09:28:26Z
157,1350/TB-TCHQ,24/02/2016,Tổng cục hải quan,"Thiết bị dùng trong dây chuyền sản xuất dây cáp điện có chức năng xả dây phục vụ cho công đoạn xoắn, hoạt động bằng điện.",55525,305,16,TP_HO_CHI_MINH,Nguyễn Dương Thái,24/02/2016,https://files.customs.gov.vn/CustomsCMS/TP_HO_CHI_MINH/2020/Web/Data/DocumentAttachments/1350-TB-TCHQ.tif,https://www.customs.gov.vn/index.jsp?pageId=3&id=55525&cid=1294,2016,02/2016,2026-10-08T09:28:26Z
158,1352/TB-TCHQ,24/02/2016,Tổng cục hải quan,"Chế phẩm làm sạch anion, dạng lỏng. Thành phần gồm triethanolamin, lauryl sulphat... trong môi trường nước. Hàm lượng sau sấy ≈ 32%.",54527,305,16,TP_HO_CHI_MINH,Nguyễn Dương Thái,24/02/2016,https://files.customs.gov.vn/CustomsCMS/TP_HO_CHI_MINH/2020/Web/Data/DocumentAttachments/1352-TB-TCHQ.tif,https://www.customs.gov.vn/index.jsp?pageId=3&id=54527&cid=1294,2016,02/2016,2026-10-08T09:28:26Z
159,226/GSQL-TH,24/02/2016,Bộ Công nghiệp,V/v vướng mắc C/O mẫu E (công văn số 226/GSQL-TH ngày 24/02/2016) - Cục Hải quan tỉnh Đồng Nai.,57464,305,16,TP_HO_CHI_MINH,Âu Anh Tuấn,24/02/2016,https://files.customs.gov.vn/CustomsCMS/TP_HO_CHI_MINH/2020/Web/Data/DocumentAttachments/226-GSQL-TH.tif,https://www.customs.gov.vn/index.jsp?pageId=3&id=57464&cid=1294,2016,02/2016,2026-10-08T09:28:26Z
160,227/GSQL-TH,24/02/2016,Bộ Công nghiệp,V/v vướng mắc C/O mẫu E (công văn số 227/GSQL-TH ngày 24/02/2016) - Cục Hải quan tỉnh Bà Rịa - Vũng Tàu.,52990,305,16,TP_HO_CHI_MINH,Âu Anh Tuấn,24/02/2016,https://files.customs.gov.vn/CustomsCMS/TP_HO_CHI_MINH/2020/Web/Data/DocumentAttachments/227-GSQL-TH.tif,https://www.customs.gov.vn/index.jsp?pageId=3&id=52990&cid=1294,2016,02/2016,2026-10-08T09:28:26Z
161,228/GSQL-TH,24/02/2016,Bộ Công nghiệp,V/v vướng mắc trên C/O mẫu E (công văn số 228/GSQL-TH ngày 24/02/2016) - Cục Hải quan tỉnh Đồng Nai.,58283,305,16,TP_HO_CHI_MINH,Âu Anh Tuấn,24/02/2016,https://files.customs.gov.vn/CustomsCMS/TP_HO_CHI_MINH/2020/Web/Data/DocumentAttachments/228-GSQL-TH.tif,https://www.customs.gov.vn/index.jsp?pageId=3&id=58283&cid=1294,2016,02/2016,2026-10-08T09:28:26Z
162,1272/TB-TCHQ,23/02/2016,Tổng cục hải quan,"Chế phẩm thực phẩm có thành phần gồm: cà phê (hàm lượng cafein ~0.07%), chất béo (~7.5%), protein (~5%), đường (~44%), hương liệu, phụ gia thực phẩm và các chất khác.",54840,305,16,TP_HO_CHI_MINH,Nguyễn Dương Thái,23/02/2016,https://files.customs.gov.vn/CustomsCMS/TP_HO_CHI_MINH/2020/Web/Data/DocumentAttachments/1272-TB-TCHQ.tif,https://www.customs.gov.vn/index.jsp?pageId=3&id=54840&cid=1294,2016,02/2016,2026-10-08T09:28:26Z
163,1273/TB-TCHQ,23/02/2016,Tổng cục hải quan,"Hỗn hợp các chất hoạt động bề mặt không tan trong nước có các thành phần chính: N-(tallow alkyl)-1,3-propanediamine oleates, N-(tallow alkyl)-1,3-propanediamine stearates, N-(tallow alkyl)-1,3-propanediamine palmitates, N-(tallow alkyl)-1,3-propanediamine linoleates... 10-octadecenal và axit oleic.",52888,305,16,TP_HO_CHI_MINH,Nguyễn Dương Thái,23/02/2016,https://files.customs.gov.vn/CustomsCMS/TP_HO_CHI_MINH/2020/Web/Data/DocumentAttachments/1273-TB-TCHQ.tif,https://www.customs.gov.vn/index.jsp?pageId=3&id=52888&cid=1294,2016,02/2016,2026-10-08T09:28:26Z
164,1276/TCHQ-TXNK,23/02/2016,Tổng cục hải quan,V/v Miễn thuế nhập khẩu dự án ưu đãi đầu tư (Công ty TNHH Kinh doanh thương mại quốc tế Nam Anh),66370,305,16,DONG_NAI,null,null,https://files.customs.gov.vn/DONG_NAI//Data/CV_TCHQ/1276_TCHQ_TXNK_23_02_2016.pdf,https://www.customs.gov.vn/index.jsp?pageId=3&id=66370&cid=1294,2016,02/2016,2026-10-08T09:28:26Z
165,1296/TB-TCHQ,23/02/2016,Tổng cục hải quan,"Thép hợp kim, hàm lượng Ti ≈ 0,07% tính theo trọng lượng, Ti là nguyên tố duy nhất quyết định thép hợp kim, dạng tấm, cán nóng, kích thước dày x rộng x dài (12 x 1800 x 6000)mm, chưa tráng phủ mạ hoặc sơn.",53233,305,16,TP_HO_CHI_MINH,Nguyễn Dương Thái,23/02/2016,https://files.customs.gov.vn/CustomsCMS/TP_HO_CHI_MINH/2020/Web/Data/DocumentAttachments/1296-TB-TCHQ.tif,https://www.customs.gov.vn/index.jsp?pageId=3&id=53233&cid=1294,2016,02/2016,2026-10-08T09:28:26Z
166,1297/TB-TCHQ,23/02/2016,Tổng cục hải quan,"Thép hợp kim, hàm lượng Ti ≈ 0,06% tính theo trọng lượng, Ti là nguyên tố duy nhất quyết định thép hợp kim, đường kính 6,5mm, cán nóng, dạng cuộn, chưa tráng phủ mạ hoặc sơn.",58718,305,16,TP_HO_CHI_MINH,Nguyễn Dương Thái,23/02/2016,https://files.customs.gov.vn/CustomsCMS/TP_HO_CHI_MINH/2020/Web/Data/DocumentAttachments/1297-TB-TCHQ.tif,https://www.customs.gov.vn/index.jsp?pageId=3&id=58718&cid=1294,2016,02/2016,2026-10-08T09:28:26Z
167,1300/TB-TCHQ,23/02/2016,Tổng cục hải quan,"Mục 1: Bìa làm chủ yếu từ bột giấy tái chế, chưa tráng phủ, định lượng 445,6 g/m2, dày 0,471mm, dạng tấm, kích thước 923 x 122,3cm; Mục 2: Bìa làm chủ yếu từ bột giấy tái chế, chưa tráng phủ, định lượng 446,5 g/m2, dày 0,495mm, dạng tấm, kích thước 923 x 122,3cm.",53572,305,16,TP_HO_CHI_MINH,Nguyễn Dương Thái,23/02/2016,https://files.customs.gov.vn/CustomsCMS/TP_HO_CHI_MINH/2020/Web/Data/DocumentAttachments/1300-TB-TCHQ.tif,https://www.customs.gov.vn/index.jsp?pageId=3&id=53572&cid=1294,2016,02/2016,2026-10-08T09:28:26Z
168,1301/TB-TCHQ,23/02/2016,Tổng cục hải quan,"Bìa không tráng, thành phần chủ yếu từ bột giấy tái chế, dạng cuộn, chiều rộng 120cm, hàm lượng bột giấy hóa học <80%, định lượng 400 g/m2.",58817,305,16,TP_HO_CHI_MINH,Nguyễn Dương Thái,23/02/2016,https://files.customs.gov.vn/CustomsCMS/TP_HO_CHI_MINH/2020/Web/Data/DocumentAttachments/1301-TB-TCHQ.tif,https://www.customs.gov.vn/index.jsp?pageId=3&id=58817&cid=1294,2016,02/2016,2026-10-08T09:28:26Z
169,1302/TB-TCHQ,23/02/2016,Tổng cục hải quan,"Giấy để tạo lớp sóng, thành phần chủ yếu là bột giấy tái chế, hàm lượng bột giấy hóa học chiếm 65,5% so với tổng lượng bột giấy, dạng cuộn, khổ 135cm, định lượng 129,9 g/m2.",58558,305,16,TP_HO_CHI_MINH,Nguyễn Dương Thái,23/02/2016,https://files.customs.gov.vn/CustomsCMS/TP_HO_CHI_MINH/2020/Web/Data/DocumentAttachments/1302-TB-TCHQ.tif,https://www.customs.gov.vn/index.jsp?pageId=3&id=58558&cid=1294,2016,02/2016,2026-10-08T09:28:26Z
170,1303/TB-TCHQ,23/02/2016,Tổng cục hải quan,"Giấy làm lớp sóng, chưa được tráng phủ, chưa in hình, in chữ, thành phần chủ yếu từ bột giấy tái chế, trong đó bột giấy hóa học chiếm 75,9%. Định lượng 112,5 g/m2. Chỉ số bục 2,16kPa.m2/g.",58001,305,16,TP_HO_CHI_MINH,Nguyễn Dương Thái,23/02/2016,https://files.customs.gov.vn/CustomsCMS/TP_HO_CHI_MINH/2020/Web/Data/DocumentAttachments/1303-TB-TCHQ.tif,https://www.customs.gov.vn/index.jsp?pageId=3&id=58001&cid=1294,2016,02/2016,2026-10-08T09:28:26Z
171,1305/TB-TCHQ,23/02/2016,Tổng cục hải quan,"Máy biến dòng, sử dụng điện môi lỏng, thường được sử dụng cho thiết bị đo lường có công suất danh định không quá 5kVA, điện áp tối đa trên 110kV.",57795,305,16,TP_HO_CHI_MINH,Nguyễn Dương Thái,23/02/2016,https://files.customs.gov.vn/CustomsCMS/TP_HO_CHI_MINH/2020/Web/Data/DocumentAttachments/1305-TB-TCHQ.tif,https://www.customs.gov.vn/index.jsp?pageId=3&id=57795&cid=1294,2016,02/2016,2026-10-08T09:28:26Z
172,322/HQĐNa-GSQL,23/02/2016,Cục Hải Quan tỉnh Đồng Nai,V/v Thủ tục Hải quan tại khu chuyển tải Gò Gia - Vũng Tàu,66368,305,16,DONG_NAI,null,null,https://files.customs.gov.vn/DONG_NAI//Data/Cv_Hqdn/322_HQDNa_GSQL_23_02_2016.pdf,https://www.customs.gov.vn/index.jsp?pageId=3&id=66368&cid=1294,2016,02/2016,2026-10-08T09:28:26Z
173,02/2016/TT-BNNPTNT,22/02/2016,null,"Sửa đổi, bổ sung Danh mục chủng loại máy, thiết bị được hưởng chính sách hỗ trợ nhằm giảm tổn thất trong nông nghiệp ban hành kèm theo Thông tư số 08/2014/TT-BNNPTNT ngày 20/3/2014 của Bộ Nông nghiệp và Phát triển nông thôn.",67451,305,18,CAN_THO,null,22/04/2016,https://files.customs.gov.vn/CAN_THO/02_2016_TT-BNNPTNT.pdf,https://www.customs.gov.vn/index.jsp?pageId=3&id=67451&cid=1294,2016,02/2016,2026-10-08T09:28:26Z
174,1232/TB-TCHQ,22/02/2016,Tổng cục hải quan,"Sợi đơn Multifilament từ polypropylene, đã nhuộm màu, xoắn 25 vòng xoắn trên mét, độ mảnh sợi ≈ 1429 decitex, chưa đóng gói để bán lẻ.",58175,305,16,TP_HO_CHI_MINH,Nguyễn Dương Thái,22/02/2016,https://files.customs.gov.vn/CustomsCMS/TP_HO_CHI_MINH/2020/Web/Data/DocumentAttachments/1232-TB-TCHQ.tif,https://www.customs.gov.vn/index.jsp?pageId=3&id=58175&cid=1294,2016,02/2016,2026-10-08T09:28:26Z
175,1233/TB-TCHQ,22/02/2016,Tổng cục hải quan,"Vải dệt thoi kiểu dệt vân điểm, thành phần 100% polyeste, đã được tráng phủ polyvinyl acetate một mặt, trọng lượng 255g/m2, dạng cuộn, khổ lớn hơn 0,5m.",53190,305,16,TP_HO_CHI_MINH,Nguyễn Dương Thái,22/02/2016,https://files.customs.gov.vn/CustomsCMS/TP_HO_CHI_MINH/2020/Web/Data/DocumentAttachments/1233-TB-TCHQ.tif,https://www.customs.gov.vn/index.jsp?pageId=3&id=53190&cid=1294,2016,02/2016,2026-10-08T09:28:26Z
176,1234/TB-TCHQ,22/02/2016,Tổng cục hải quan,"Chế phẩm làm sạch dựa trên thành phần cơ bản là axit citric và chất phụ trợ thiourea, dạng lỏng, đã đóng gói để bán lẻ.",56258,305,16,TP_HO_CHI_MINH,Nguyễn Dương Thái,22/02/2016,https://files.customs.gov.vn/CustomsCMS/TP_HO_CHI_MINH/2020/Web/Data/DocumentAttachments/1234-TB-TCHQ.tif,https://www.customs.gov.vn/index.jsp?pageId=3&id=56258&cid=1294,2016,02/2016,2026-10-08T09:28:26Z
177,1235/TB-TCHQ,22/02/2016,Tổng cục hải quan,Chi tiết theo phụ lục đính kèm.,54341,305,16,TP_HO_CHI_MINH,Nguyễn Dương Thái,22/02/2016,https://files.customs.gov.vn/CustomsCMS/TP_HO_CHI_MINH/2020/Web/Data/DocumentAttachments/1235-TB-TCHQ.tif,https://www.customs.gov.vn/index.jsp?pageId=3&id=54341&cid=1294,2016,02/2016,2026-10-08T09:28:26Z
178,1248-1274/TB-TCHQ,22/02/2016,null,"Kết quả phân loại đ/v hàng hóa XK, NK",75801,305,16,DA_NANG,Nguyễn Dương Thái,22/02/2016,https://files.customs.gov.vn/DA_NANG/Uploads/65e32243-11bf-4695-985d-c1563e8c13ba/4167.TIF,https://www.customs.gov.vn/index.jsp?pageId=3&id=75801&cid=1294,2016,02/2016,2026-10-08T09:28:26Z
179,1248/TB-TCHQ,22/02/2016,Tổng cục hải quan,"Thép hợp kim, loại thép nguyên tố Cr là nguyên tố duy nhất quyết định thép hợp kim (hàm lượng Cr ≈ 0,37% tính theo trọng lượng), dạng cuộn, cán nóng, đường kính 6,5mm, chưa được tráng, phủ, mạ hoặc sơn.",54705,305,16,TP_HO_CHI_MINH,Nguyễn Dương Thái,22/02/2016,https://files.customs.gov.vn/CustomsCMS/TP_HO_CHI_MINH/2020/Web/Data/DocumentAttachments/1248-TB-TCHQ.tif,https://www.customs.gov.vn/index.jsp?pageId=3&id=54705&cid=1294,2016,02/2016,2026-10-08T09:28:26Z
180,1249/TB-TCHQ,22/02/2016,Tổng cục hải quan,"Chi tiết bằng hợp kim đồng, dùng làm chân cắm trong phích cắm sạc pin của điện thoại di động, sử dụng điện áp xoay chiều 220V.",55833,305,16,TP_HO_CHI_MINH,Nguyễn Dương Thái,22/02/2016,https://files.customs.gov.vn/CustomsCMS/TP_HO_CHI_MINH/2020/Web/Data/DocumentAttachments/1249-TB-TCHQ.tif,https://www.customs.gov.vn/index.jsp?pageId=3&id=55833&cid=1294,2016,02/2016,2026-10-08T09:28:26Z
181,1250/TB-TCHQ,22/02/2016,Tổng cục hải quan,Bột nhôm oxit.,54641,305,16,TP_HO_CHI_MINH,Nguyễn Dương Thái,22/02/2016,https://files.customs.gov.vn/CustomsCMS/TP_HO_CHI_MINH/2020/Web/Data/DocumentAttachments/1250-TB-TCHQ.tif,https://www.customs.gov.vn/index.jsp?pageId=3&id=54641&cid=1294,2016,02/2016,2026-10-08T09:28:26Z
182,1251/TB-TCHQ,22/02/2016,Tổng cục hải quan,"Chi tiết bằng thép, dùng làm bộ phận tiếp xúc trong phích cắm sạc pin của điện thoại di động, sử dụng điện áp xoay chiều 220V.",53640,305,16,TP_HO_CHI_MINH,Nguyễn Dương Thái,22/02/2016,https://files.customs.gov.vn/CustomsCMS/TP_HO_CHI_MINH/2020/Web/Data/DocumentAttachments/1251-TB-TCHQ.tif,https://www.customs.gov.vn/index.jsp?pageId=3&id=53640&cid=1294,2016,02/2016,2026-10-08T09:28:26Z
183,1252/TB-TCHQ,22/02/2016,Tổng cục hải quan,"Giấy có một mặt phủ lớp nhạy nhiệt, một mặt có lớp keo acrylic tự dính. Bề mặt giấy chưa in hình, in chữ, dạng cuộn, chiều rộng 100cm.",53442,305,16,TP_HO_CHI_MINH,Nguyễn Dương Thái,22/02/2016,https://files.customs.gov.vn/CustomsCMS/TP_HO_CHI_MINH/2020/Web/Data/DocumentAttachments/1252-TB-TCHQ.tif,https://www.customs.gov.vn/index.jsp?pageId=3&id=53442&cid=1294,2016,02/2016,2026-10-08T09:28:26Z
184,1253/TB-TCHQ,22/02/2016,Tổng cục hải quan,"Giấy từ bột giấy hóa học đã tẩy trắng, loại tự dính, một mặt được tráng lớp keo polyacrylate, lớp keo được bảo vệ bằng lớp giấy bồi màu trắng, định lượng 147.4g/m2, dạng cuộn, chiều rộng 106cm. Bề mặt chưa in hình, in chữ, dùng để sản xuất tem, nhãn.",58888,305,16,TP_HO_CHI_MINH,Nguyễn Dương Thái,22/02/2016,https://files.customs.gov.vn/CustomsCMS/TP_HO_CHI_MINH/2020/Web/Data/DocumentAttachments/1253-TB-TCHQ.tif,https://www.customs.gov.vn/index.jsp?pageId=3&id=58888&cid=1294,2016,02/2016,2026-10-08T09:28:26Z
185,1254/TB-TCHQ,22/02/2016,Tổng cục hải quan,"Than gỗ dạng cục cứng, rắn chắc. (Hàm lượng tro 4,7%; hàm lượng cacbon cố định 91,15%; nhiệt lượng 7055kcal/kg; hàm lượng lưu huỳnh 0,03%; hàm lượng chất bốc 4,08%).",55312,305,16,TP_HO_CHI_MINH,Nguyễn Dương Thái,22/02/2016,https://files.customs.gov.vn/CustomsCMS/TP_HO_CHI_MINH/2020/Web/Data/DocumentAttachments/1254-TB-TCHQ.tif,https://www.customs.gov.vn/index.jsp?pageId=3&id=55312&cid=1294,2016,02/2016,2026-10-08T09:28:26Z
186,1255/TB-TCHQ,22/02/2016,Tổng cục hải quan,"Vỏ hộp đựng sữa đã ghép thành hình ống, kích thước 27cm x 14,8cm, ở hai đầu có các nếp gấp, chưa tạo thành hộp hoàn chỉnh, được làm từ giấy phức hợp tráng phủ hai mặt bằng polyethylene, mặt trong có lớp nhôm, mặt ngoài in hình in chữ “Nutifood NutiFresh milk 100%”, ở dạng cắt rời thành từng chiếc.",56473,305,16,TP_HO_CHI_MINH,Nguyễn Dương Thái,22/02/2016,https://files.customs.gov.vn/CustomsCMS/TP_HO_CHI_MINH/2020/Web/Data/DocumentAttachments/1255-TB-TCHQ.tif,https://www.customs.gov.vn/index.jsp?pageId=3&id=56473&cid=1294,2016,02/2016,2026-10-08T09:28:26Z
187,1256/TB-TCHQ,22/02/2016,Tổng cục hải quan,"Thép hợp kim (hàm lượng Ti ≈ 0,0674% tính theo trọng lượng), dạng thanh, cán nóng, mặt cắt ngang hình tròn.",55240,305,16,TP_HO_CHI_MINH,Nguyễn Dương Thái,22/02/2016,https://files.customs.gov.vn/CustomsCMS/TP_HO_CHI_MINH/2020/Web/Data/DocumentAttachments/1256-TB-TCHQ.tif,https://www.customs.gov.vn/index.jsp?pageId=3&id=55240&cid=1294,2016,02/2016,2026-10-08T09:28:26Z
188,303/HQĐNa-TXNK,22/02/2016,Cục Hải Quan tỉnh Đồng Nai,V/v Đăng ký danh mục hàng hóa nhập khẩu miễn thuế tạo TSCĐ (Công ty CP cấp nước Hồ Cầu Mới),66366,305,16,DONG_NAI,null,null,https://files.customs.gov.vn/DONG_NAI//Data/Cv_Hqdn/303_HQDNa_TXNK_22_02_2016.pdf,https://www.customs.gov.vn/index.jsp?pageId=3&id=66366&cid=1294,2016,02/2016,2026-10-08T09:28:26Z
189,312/HQĐNa-GSQL,22/02/2016,Cục Hải Quan tỉnh Đồng Nai,V/v Hàng hóa thuộc diện khai báo kiểm tra chuyên ngành gửi kho ngoại quan (Công ty TNHH KCTC VINA),66365,305,16,DONG_NAI,null,null,https://files.customs.gov.vn/DONG_NAI//Data/Cv_Hqdn/312_HQDNa_GSQL_22_02_2016.pdf,https://www.customs.gov.vn/index.jsp?pageId=3&id=66365&cid=1294,2016,02/2016,2026-10-08T09:28:26Z
190,1205/TB-TCHQ,19/02/2016,Tổng cục hải quan,"Polyisocyanat trong xylen, etylbenzen, dạng lỏng, hàm lượng sau sấy ≈ 85%.",56241,305,16,TP_HO_CHI_MINH,Nguyễn Dương Thái,19/02/2016,https://files.customs.gov.vn/CustomsCMS/TP_HO_CHI_MINH/2020/Web/Data/DocumentAttachments/1205-TB-TCHQ.tif,https://www.customs.gov.vn/index.jsp?pageId=3&id=56241&cid=1294,2016,02/2016,2026-10-08T09:28:26Z
191,1206/TB-TCHQ,19/02/2016,Tổng cục hải quan,"Bộ sản phẩm mực in, thành phần từ Copolyme vinyl axetat-etylen và titan dioxit, dạng nhão, màu trắng (EW-005).",53826,305,16,TP_HO_CHI_MINH,Nguyễn Dương Thái,19/02/2016,https://files.customs.gov.vn/CustomsCMS/TP_HO_CHI_MINH/2020/Web/Data/DocumentAttachments/1206-TB-TCHQ.tif,https://www.customs.gov.vn/index.jsp?pageId=3&id=53826&cid=1294,2016,02/2016,2026-10-08T09:28:26Z
192,1207/TB-TCHQ,19/02/2016,Tổng cục hải quan,"Bộ sản phẩm mực in từ Copolyme vinyl axetat-ethylen, dạng nhão, màu trắng (ET-004).",58036,305,16,TP_HO_CHI_MINH,Nguyễn Dương Thái,19/02/2016,https://files.customs.gov.vn/CustomsCMS/TP_HO_CHI_MINH/2020/Web/Data/DocumentAttachments/1207-TB-TCHQ.tif,https://www.customs.gov.vn/index.jsp?pageId=3&id=58036&cid=1294,2016,02/2016,2026-10-08T09:28:26Z
193,1210/TB-TCHQ,19/02/2016,Tổng cục hải quan,"Copolymer Ethylene-Methyl Acrylate nguyên sinh, dạng hạt có hàm lượng polyethylene vượt trội.",53682,305,16,TP_HO_CHI_MINH,Nguyễn Dương Thái,19/02/2016,https://files.customs.gov.vn/CustomsCMS/TP_HO_CHI_MINH/2020/Web/Data/DocumentAttachments/1210-TB-TCHQ.tif,https://www.customs.gov.vn/index.jsp?pageId=3&id=53682&cid=1294,2016,02/2016,2026-10-08T09:28:26Z
194,1211/TB-TCHQ,19/02/2016,Tổng cục hải quan,"Sản phẩm plastic không xốp đi từ các tấm polyme etylen, màu vàng (dày 1,2mm, rộng 161cm), đã được khoan lỗ, chưa được gia cố, chưa gắn lớp mặt hay được kết hợp với vật liệu khác, được xếp song song với nhau và tại các điểm giao cắt được liên kết với nhau bằng phương pháp ép nhiệt (khoảng cách giữa các điểm giao cách khoảng 18cm). Sản phẩm khi được kéo theo chiều ngang sẽ tạo thành các ô hình thoi trong lòng sản phẩm, phù hợp cho việc gia cố nền bê tông của hệ thống kênh mương và giao thông.",58456,305,16,TP_HO_CHI_MINH,Nguyễn Dương Thái,19/02/2016,https://files.customs.gov.vn/CustomsCMS/TP_HO_CHI_MINH/2020/Web/Data/DocumentAttachments/1211-TB-TCHQ.tif,https://www.customs.gov.vn/index.jsp?pageId=3&id=58456&cid=1294,2016,02/2016,2026-10-08T09:28:26Z
195,1212/TB-TCHQ,19/02/2016,Tổng cục hải quan,"Sản phẩm plastic không xốp đi từ các tấm polyme etylen, màu vàng (dày 1,2mm, rộng 323cm), đã được khoan lỗ, chưa được gia cố, chưa gắn lớp mặt hay được kết hợp với vật liệu khác, được xếp song song với nhau và tại các điểm giao cắt được liên kết với nhau bằng phương pháp ép nhiệt (khoảng cách giữa các điểm giao cách khoảng 18cm). Sản phẩm khi được kéo theo chiều ngang sẽ tạo thành các ô hình thoi trong lòng sản phẩm, phù hợp cho việc gia cố nền bê tông của hệ thống kênh mương và giao thông.",53329,305,16,TP_HO_CHI_MINH,Nguyễn Dương Thái,19/02/2016,https://files.customs.gov.vn/CustomsCMS/TP_HO_CHI_MINH/2020/Web/Data/DocumentAttachments/1212-TB-TCHQ.tif,https://www.customs.gov.vn/index.jsp?pageId=3&id=53329&cid=1294,2016,02/2016,2026-10-08T09:28:26Z
196,1223-1235/TB-TCHQ,19/02/2016,null,"Kết quả phân loại đ/v hàng hóa XK, NK",75800,305,16,DA_NANG,Nguyễn Dương Thái,19/02/2016,https://files.customs.gov.vn/DA_NANG/Uploads/65e32243-11bf-4695-985d-c1563e8c13ba/4148.TIF,https://www.customs.gov.vn/index.jsp?pageId=3&id=75800&cid=1294,2016,02/2016,2026-10-08T09:28:26Z
197,1223/TB-TCHQ,19/02/2016,Tổng cục hải quan,"Giấy hai lớp được làm bằng phương pháp ép ẩm, lớp trên được làm từ bột giấy tẩy trắng và được tráng phủ bằng canxi cacbonat, lớp dưới chủ yếu được làm từ bột giấy tái chế. Dạng cuộn, chiều rộng 245cm. Định lượng 164,5 g/m2. Dùng sản xuất bao bì carton.",53726,305,16,TP_HO_CHI_MINH,Nguyễn Dương Thái,19/02/2016,https://files.customs.gov.vn/CustomsCMS/TP_HO_CHI_MINH/2020/Web/Data/DocumentAttachments/1223-TB-TCHQ.tif,https://www.customs.gov.vn/index.jsp?pageId=3&id=53726&cid=1294,2016,02/2016,2026-10-08T09:28:26Z
198,1226/TB-TCHQ,19/02/2016,Tổng cục hải quan,"Than củi từ gỗ, cứng, rắn chắc; hàm lượng tro là 2,95%; hàm lượng cacbon cố định là 94,51%; giá trị nhiệt lượng là 7095kcal/kg; hàm lượng lưu huỳnh là 0,02%; hàm lượng chất bốc là 2,54%.",56703,305,16,TP_HO_CHI_MINH,Nguyễn Dương Thái,19/02/2016,https://files.customs.gov.vn/CustomsCMS/TP_HO_CHI_MINH/2020/Web/Data/DocumentAttachments/1226-TB-TCHQ.tif,https://www.customs.gov.vn/index.jsp?pageId=3&id=56703&cid=1294,2016,02/2016,2026-10-08T09:28:26Z
199,203/GSQL-TH,19/02/2016,Bộ Công nghiệp,V/v vướng mắc C/O (công văn số 203/GSQL-TH ngày 19/02/2016) - Cục Hải quan TP. HCM.,54375,305,16,TP_HO_CHI_MINH,Âu Anh Tuấn,19/02/2016,https://files.customs.gov.vn/CustomsCMS/TP_HO_CHI_MINH/2020/Web/Data/DocumentAttachments/203-GSQL-TH.tif,https://www.customs.gov.vn/index.jsp?pageId=3&id=54375&cid=1294,2016,02/2016,2026-10-08T09:28:26Z
200,207/GSQL-TH,19/02/2016,Bộ Công nghiệp,V/v xác minh C/O các mẫu (công văn số 207/GSQL-TH ngày 19/02/2016) - Cục Hải quan TP. HCM.,56884,305,16,TP_HO_CHI_MINH,Âu Anh Tuấn,19/02/2016,https://files.customs.gov.vn/CustomsCMS/TP_HO_CHI_MINH/2020/Web/Data/DocumentAttachments/207-GSQL-TH.tif,https://www.customs.gov.vn/index.jsp?pageId=3&id=56884&cid=1294,2016,02/2016,2026-10-08T09:28:26Z
201,208/GSQL-TH,19/02/2016,Bộ Công nghiệp,V/v xác minh C/O (công văn số 208/GSQL-TH ngày 19/02/2016).,53368,305,16,TP_HO_CHI_MINH,Âu Anh Tuấn,19/02/2016,https://files.customs.gov.vn/CustomsCMS/TP_HO_CHI_MINH/2020/Web/Data/DocumentAttachments/208-GSQL-TH.tif,https://www.customs.gov.vn/index.jsp?pageId=3&id=53368&cid=1294,2016,02/2016,2026-10-08T09:28:26Z
202,209/GSQL-TH,19/02/2016,Bộ Công nghiệp,V/v xác minh C/O (công văn số 209/GSQL-TH ngày 19/02/2016) - Cục Hải quan tỉnh Quảng Ninh.,56981,305,16,TP_HO_CHI_MINH,Âu Anh Tuấn,19/02/2016,https://files.customs.gov.vn/CustomsCMS/TP_HO_CHI_MINH/2020/Web/Data/DocumentAttachments/209-GSQL-TH.tif,https://www.customs.gov.vn/index.jsp?pageId=3&id=56981&cid=1294,2016,02/2016,2026-10-08T09:28:26Z
203,210/GSQL-TH,19/02/2016,Bộ Công nghiệp,V/v xác minh C/O (công văn số 210/GSQL-TH ngày 19/02/2016).,57252,305,16,TP_HO_CHI_MINH,Âu Anh Tuấn,19/02/2016,https://files.customs.gov.vn/CustomsCMS/TP_HO_CHI_MINH/2020/Web/Data/DocumentAttachments/210-GSQL-TH.tif,https://www.customs.gov.vn/index.jsp?pageId=3&id=57252&cid=1294,2016,02/2016,2026-10-08T09:28:26Z
204,1188-1212/TB-TCHQ,18/02/2016,null,"Kết quả phân loại đ/v hàng hóa XK, NK",75799,305,16,DA_NANG,Nguyễn Dương Thái,18/02/2016,https://files.customs.gov.vn/DA_NANG/Uploads/65e32243-11bf-4695-985d-c1563e8c13ba/4126.TIF,https://www.customs.gov.vn/index.jsp?pageId=3&id=75799&cid=1294,2016,02/2016,2026-10-08T09:28:26Z
205,1188/TB-TCHQ,18/02/2016,Tổng cục hải quan,"Cao su clopren nguyên sinh, dạng latex, có chứa rosin và axit béo (~3.14%).",58829,305,16,TP_HO_CHI_MINH,Nguyễn Dương Thái,18/02/2016,https://files.customs.gov.vn/CustomsCMS/TP_HO_CHI_MINH/2020/Web/Data/DocumentAttachments/1188-TB-TCHQ.tif,https://www.customs.gov.vn/index.jsp?pageId=3&id=58829&cid=1294,2016,02/2016,2026-10-08T09:28:26Z
206,94/CXBIPH-QLI,18/02/2016,Bộ Thông Tin Truyền Thông,V/v Xuất khẩu giấy vàng mã,58274,305,16,TP_HO_CHI_MINH,Chu Văn Hòa,18/02/2016,https://files.customs.gov.vn/CustomsCMS/TP_HO_CHI_MINH/2020/Web/Data/DocumentAttachments/94_CXBIPH-QLI_303552.doc,https://www.customs.gov.vn/index.jsp?pageId=3&id=58274&cid=1294,2016,02/2016,2026-10-08T09:28:26Z
207,1170/TB-TCHQ,17/02/2016,Tổng cục hải quan,"Thiết bị cơ khí chuyên dụng lắp trong giếng khai thác dầu, khí. Làm từ nhiều chi tiết bằng thép được gia công, lắp ráp với nhau và một số vật liệu khác. Thực hiện 02 chức năng: thứ nhất là tạo vách ngăn trong giếng khoan khai thác dầu, khí và hình thành kết cấu đáy giếng; thứ hai là dẫn dầu, khí được khai thác như một đường ống dẫn. Hoạt động không cần điện. Mã số sản phẩm 102461585 (PKR, 5/8, 40-47, 3 ½-9.20 JFEBEAR).",55538,305,16,TP_HO_CHI_MINH,Nguyễn Dương Thái,17/02/2016,https://files.customs.gov.vn/CustomsCMS/TP_HO_CHI_MINH/2020/Web/Data/DocumentAttachments/1170-TB-TCHQ.tif,https://www.customs.gov.vn/index.jsp?pageId=3&id=55538&cid=1294,2016,02/2016,2026-10-08T09:28:26Z
208,198/GSQL-GQ2,17/02/2016,Tổng cục hải quan,V/v Hướng dẫn khai báo tên hàng hóa (Công ty TNHH Imarket Việt Nam),66384,305,16,DONG_NAI,null,null,https://files.customs.gov.vn/DONG_NAI//Data/CV_TCHQ/198_GSQL_GQ2_17_02_2016.pdf,https://www.customs.gov.vn/index.jsp?pageId=3&id=66384&cid=1294,2016,02/2016,2026-10-08T09:28:26Z
209,"1150,1190/TB-TCHQ",15/02/2016,null,Kết quả xác định trước mã số,75797,305,16,DA_NANG,Nguyễn Dương Thái,15/02/2016,https://files.customs.gov.vn/DA_NANG/Uploads/65e32243-11bf-4695-985d-c1563e8c13ba/4119.TIF,https://www.customs.gov.vn/index.jsp?pageId=3&id=75797&cid=1294,2016,02/2016,2026-10-08T09:28:26Z
210,1119/TCHQ-TXNK,05/02/2016,Cục Hải quan Hà Nam Ninh,hạch toán tiền nộp trước theo Thông tư 191/2015/TT-BTC,42263,305,16,QUANG_NAM,Nguyễn Dương Thái,05/02/2016,https://files.customs.gov.vn/CustomsCMS/QUANG_NAM/2020/Document/20160219 - Cong van huong dan theo TT 191.tif,https://www.customs.gov.vn/index.jsp?pageId=3&id=42263&cid=1294,2016,02/2016,2026-10-08T09:28:26Z
211,1122/TCHQ-GSQL,05/02/2016,Tổng cục hải quan,V/v kiểm tra tính hợp lệ của C/O,53432,305,16,TP_HO_CHI_MINH,Vũ Ngọc Anh,05/02/2016,https://files.customs.gov.vn/CustomsCMS/TP_HO_CHI_MINH/2020/Web/Data/DocumentAttachments/1122-TCHQ-GSQL.tif,https://www.customs.gov.vn/index.jsp?pageId=3&id=53432&cid=1294,2016,02/2016,2026-10-08T09:28:26Z
212,1132/TB-TCHQ,05/02/2016,Tổng cục hải quan,"Chế phẩm thuốc màu hữu cơ phân tán trong p-Xylene, 2-propenylidene Cyclobutene,1,2-dicloro benzene,..., ở dạng lỏng, màu tím xanh, dùng trong sản xuất mực in. Hàm lượng rắn: 13,3%.",52872,305,16,TP_HO_CHI_MINH,Nguyễn Dương Thái,05/02/2016,https://files.customs.gov.vn/CustomsCMS/TP_HO_CHI_MINH/2020/Web/Data/DocumentAttachments/1132-TB-TCHQ.tif,https://www.customs.gov.vn/index.jsp?pageId=3&id=52872&cid=1294,2016,02/2016,2026-10-08T09:28:26Z
213,1134/TB-TCHQ,05/02/2016,Tổng cục hải quan,"Chế phẩm thuốc màu hữu cơ phân tán trong 2-butoxy Ethanol, Ethyl Acetate, 3-(2-Propenylidene) cyclobutene,..., ở dạng lỏng, màu đỏ, dùng trong sản xuất mực in. Hàm lượng rắn: 34,2%.",58496,305,16,TP_HO_CHI_MINH,Nguyễn Dương Thái,05/02/2016,https://files.customs.gov.vn/CustomsCMS/TP_HO_CHI_MINH/2020/Web/Data/DocumentAttachments/1134-TB-TCHQ.tif,https://www.customs.gov.vn/index.jsp?pageId=3&id=58496&cid=1294,2016,02/2016,2026-10-08T09:28:26Z
214,1136/TCHQ-TXNK,05/02/2016,Tổng cục hải quan,V/v phân loại và xử lý thuế đối với mặt hàng trứng Artemia nhập khẩu,55194,305,16,TP_HO_CHI_MINH,Nguyễn Dương Thái,05/02/2016,https://files.customs.gov.vn/CustomsCMS/TP_HO_CHI_MINH/2020/Web/Data/DocumentAttachments/1136_TCHQ-TXNK_302843.doc,https://www.customs.gov.vn/index.jsp?pageId=3&id=55194&cid=1294,2016,02/2016,2026-10-08T09:28:26Z
215,196/GSQL-TH,05/02/2016,Bộ Công nghiệp,V/v vướng mắc C/O (công văn số 196/GSQL-TH ngày 05/02/2016) - Cục Hải quan tỉnh Tây Ninh.,54600,305,16,TP_HO_CHI_MINH,Nguyễn Đức Nga,05/02/2016,https://files.customs.gov.vn/CustomsCMS/TP_HO_CHI_MINH/2020/Web/Data/DocumentAttachments/196-GSQL-TH.tif,https://www.customs.gov.vn/index.jsp?pageId=3&id=54600&cid=1294,2016,02/2016,2026-10-08T09:28:26Z
216,21/2016/TT-BTC,05/02/2016,Bộ Tài chính,Thông tư hướng dẫn về khai thuế giá trị gia tăng và ưu đãi thuế thu nhập doanh nghiệp theo quy định tại Nghị định số 111/2015/NĐ-CP ngày 3/11/2015 của Chính phủ về phát triển công nghiệp hỗ trợ,56434,305,4,TP_HO_CHI_MINH,Đỗ Hoàng Anh Tuấn,01/04/2016,https://files.customs.gov.vn/CustomsCMS/TP_HO_CHI_MINH/2020/Web/Data/DocumentAttachments/21_2016_TT-BTC_299212.doc,https://www.customs.gov.vn/index.jsp?pageId=3&id=56434&cid=1294,2016,02/2016,2026-10-08T09:28:26Z
217,279/TXNK-CST,05/02/2016,Tổng cục hải quan,V/v Thuế GTGT mặt hàng ghế nha khoa (Công ty TNHH Thương mại dịch vụ hàng hóa Trí Việt),66369,305,16,DONG_NAI,null,null,https://files.customs.gov.vn/DONG_NAI//Data/CV_TCHQ/279_TXNK_CST_05_02_2016.pdf,https://www.customs.gov.vn/index.jsp?pageId=3&id=66369&cid=1294,2016,02/2016,2026-10-08T09:28:26Z
218,966/ATTP-TTR,05/02/2016,Bộ Y tế,"V/v nhập khẩu, lưu hành sản phẩm Ensure dạng lỏng",57818,305,16,TP_HO_CHI_MINH,Lê Văn Giang,05/02/2016,https://files.customs.gov.vn/CustomsCMS/TP_HO_CHI_MINH/2020/Web/Data/DocumentAttachments/966-ATTP-TTR.tif,https://www.customs.gov.vn/index.jsp?pageId=3&id=57818&cid=1294,2016,02/2016,2026-10-08T09:28:26Z
219,1085-1134/TB-TCHQ,04/02/2016,null,"Thông báo về kết quả phân loại đ/v hàng hóa XK, NK",75787,305,16,DA_NANG,Nguyễn Dương Thái,04/02/2016,https://files.customs.gov.vn/DA_NANG/Uploads/65e32243-11bf-4695-985d-c1563e8c13ba/4017.TIF,https://www.customs.gov.vn/index.jsp?pageId=3&id=75787&cid=1294,2016,02/2016,2026-10-08T09:28:26Z
220,1085/TB-TCHQ,04/02/2016,Tổng cục hải quan,Máy in chữ O.K mực đỏ vào sản phẩm đã được kiểm tra. Cấu tạo: Cơ cấu tạo lực điện từ kép đẩy cơ cấu in; cơ cấu in chứa đựng mực đỏ dẫn tới đầu in chữ nổi O.K bằng plastic; các bộ phận khác. Hoạt động bằng điện 24V. Tên thương mại: Pass-Stamp O.K (Red) 49MA000110; Made in Japan.,58273,305,16,TP_HO_CHI_MINH,Nguyễn Dương Thái,04/02/2016,https://files.customs.gov.vn/CustomsCMS/TP_HO_CHI_MINH/2020/Web/Data/DocumentAttachments/1085-TB-TCHQ.tif,https://www.customs.gov.vn/index.jsp?pageId=3&id=58273&cid=1294,2016,02/2016,2026-10-08T09:28:26Z
221,1086/TB-TCHQ,04/02/2016,Tổng cục hải quan,"Sản phẩm cấu tạo gồm hai lớp: Lớp thứ nhất là sản phẩm không dệt (chiếm 78,5% khối lượng) đi từ xơ polyeste và chất độn vô cơ canxi cacbonat (chiếm 50% khối lượng), chiều dày 0,98mm, màu trắng; Lớp thứ hai là vải dệt thoi từ polyeste (chiếm 22,5% khối lượng), màu xám ghi. Mẫu có khổ rộng 91cm, định lượng 631,50 g/m2, chiều dày 11mm, dạng cuộn.",54801,305,16,TP_HO_CHI_MINH,Nguyễn Dương Thái,04/02/2016,https://files.customs.gov.vn/CustomsCMS/TP_HO_CHI_MINH/2020/Web/Data/DocumentAttachments/1086-TB-TCHQ.tif,https://www.customs.gov.vn/index.jsp?pageId=3&id=54801&cid=1294,2016,02/2016,2026-10-08T09:28:26Z
222,1087/TB-TCHQ,04/02/2016,Tổng cục hải quan,"Chế phẩm có thành phần chính là chất béo, este của axit béo, lecithin và phụ gia dùng trong chế biến thực phẩm, dạng sệt, đóng gói 18kg/thùng.",55434,305,16,TP_HO_CHI_MINH,Nguyễn Dương Thái,04/02/2016,https://files.customs.gov.vn/CustomsCMS/TP_HO_CHI_MINH/2020/Web/Data/DocumentAttachments/1087-TB-TCHQ.tif,https://www.customs.gov.vn/index.jsp?pageId=3&id=55434&cid=1294,2016,02/2016,2026-10-08T09:28:26Z
223,1105/TCHQ-GSQL,04/02/2016,Tổng cục hải quan,V/v tái xuất xăng dầu,58129,305,16,TP_HO_CHI_MINH,Vũ Ngọc Anh,04/02/2016,https://files.customs.gov.vn/CustomsCMS/TP_HO_CHI_MINH/2020/Web/Data/DocumentAttachments/1105_TCHQ-GSQL_302860.doc,https://www.customs.gov.vn/index.jsp?pageId=3&id=58129&cid=1294,2016,02/2016,2026-10-08T09:28:26Z
224,186/GSQL-TH,04/02/2016,Bộ Công nghiệp,V/v xác minh C/O (công văn số 186/GSQL-TH ngày 04/02/2016) - Cục Hải quan tỉnh Quảng Nam.,52502,305,16,TP_HO_CHI_MINH,Âu Anh Tuấn,04/02/2016,https://files.customs.gov.vn/CustomsCMS/TP_HO_CHI_MINH/2020/Web/Data/DocumentAttachments/186-GSQL-TH.tif,https://www.customs.gov.vn/index.jsp?pageId=3&id=52502&cid=1294,2016,02/2016,2026-10-08T09:28:26Z
225,258/HQĐNa-TXNK,04/02/2016,Cục Hải Quan tỉnh Đồng Nai,V/v Đăng ký danh mục hàng hóa nhập khẩu miễn thuế tạo TSCĐ (Công ty CP công nghệ dầu nhớt Đức Fromn),66359,305,16,DONG_NAI,null,null,https://files.customs.gov.vn/DONG_NAI//Data/Cv_Hqdn/258_HQDNa_TXNK_04_02_2016.pdf,https://www.customs.gov.vn/index.jsp?pageId=3&id=66359&cid=1294,2016,02/2016,2026-10-08T09:28:26Z
226,1013-1037/TB-TCHQ,03/02/2016,null,"Thông báo về kết quả phân loại đ/v hàng hóa XK, NK",75786,305,16,DA_NANG,Nguyễn Dương Thái,03/02/2016,https://files.customs.gov.vn/DA_NANG/Uploads/65e32243-11bf-4695-985d-c1563e8c13ba/3983.TIF,https://www.customs.gov.vn/index.jsp?pageId=3&id=75786&cid=1294,2016,02/2016,2026-10-08T09:28:26Z
227,1013/TB-TCHQ,03/02/2016,Tổng cục hải quan,"Hỗn hợp hydrocacbon thơm, trong đó hàm lượng xylen (67%), ethylbenzene (8,8%) và toluen (24,2%), ở dạng lỏng, có thành phần cất từ 65% thể tích trở lên ở nhiệt độ 2500c theo phương pháp ASTMD 86.",55825,305,16,TP_HO_CHI_MINH,Nguyễn Dương Thái,03/02/2016,https://files.customs.gov.vn/CustomsCMS/TP_HO_CHI_MINH/2020/Web/Data/DocumentAttachments/1013-TB-TCHQ.tif,https://www.customs.gov.vn/index.jsp?pageId=3&id=55825&cid=1294,2016,02/2016,2026-10-08T09:28:26Z
228,1014/TB-TCHQ,03/02/2016,Tổng cục hải quan,"Chế phẩm dầu khoáng có chứa trên 95% khối lượng dầu khoáng nguồn gốc dầu mỏ, thuộc phân đoạn dầu nặng dùng trong sản xuất dầu nhờn. Thành phần có chứa: Mineral oil (90-<100%), Ethylene-propylene polymer (1-<10%), Di-t-butyl-p-cresol (0.1-<0.5%), dùng làm phụ gia tăng độ nhớt cho dầu bôi trơn.",58731,305,16,TP_HO_CHI_MINH,Nguyễn Dương Thái,03/02/2016,https://files.customs.gov.vn/CustomsCMS/TP_HO_CHI_MINH/2020/Web/Data/DocumentAttachments/1014-TB-TCHQ.tif,https://www.customs.gov.vn/index.jsp?pageId=3&id=58731&cid=1294,2016,02/2016,2026-10-08T09:28:26Z
229,1015/TB-TCHQ,03/02/2016,Tổng cục hải quan,"Mẫu là hỗn hợp muối kẽm của axit stearic (~ 45%) và axit palmitic (~ 54%), dạng bột.",55665,305,16,TP_HO_CHI_MINH,Nguyễn Dương Thái,03/02/2016,https://files.customs.gov.vn/CustomsCMS/TP_HO_CHI_MINH/2020/Web/Data/DocumentAttachments/1015-TB-TCHQ.tif,https://www.customs.gov.vn/index.jsp?pageId=3&id=55665&cid=1294,2016,02/2016,2026-10-08T09:28:26Z
230,1016/TB-TCHQ,03/02/2016,Tổng cục hải quan,"Mẫu là hỗn hợp muối kẽm của axit stearic, axit palmitic và polyoxyethylene (4) Nonyl phenol..., dạng paste.",57237,305,16,TP_HO_CHI_MINH,Nguyễn Dương Thái,03/02/2016,https://files.customs.gov.vn/CustomsCMS/TP_HO_CHI_MINH/2020/Web/Data/DocumentAttachments/1016-TB-TCHQ.tif,https://www.customs.gov.vn/index.jsp?pageId=3&id=57237&cid=1294,2016,02/2016,2026-10-08T09:28:26Z
231,1017/TB-TCHQ,03/02/2016,Tổng cục hải quan,"Mẫu là chế phẩm hóa chất chứa các thành phần cơ bản gồm các ester của các axit béo, các hydrocacbon mạch dài và các chất vô cơ (~ 29%).",53944,305,16,TP_HO_CHI_MINH,Nguyễn Dương Thái,03/02/2016,https://files.customs.gov.vn/CustomsCMS/TP_HO_CHI_MINH/2020/Web/Data/DocumentAttachments/1017-TB-TCHQ.tif,https://www.customs.gov.vn/index.jsp?pageId=3&id=53944&cid=1294,2016,02/2016,2026-10-08T09:28:26Z
232,1018/TB-TCHQ,03/02/2016,Tổng cục hải quan,"Mẫu là 3,5-di-tert-butyl-4-hydroxyhydrocinnamic acid, octadecyl ester, dùng làm chất chống oxi hóa.",53103,305,16,TP_HO_CHI_MINH,Nguyễn Dương Thái,03/02/2016,https://files.customs.gov.vn/CustomsCMS/TP_HO_CHI_MINH/2020/Web/Data/DocumentAttachments/1018-TB-TCHQ.tif,https://www.customs.gov.vn/index.jsp?pageId=3&id=53103&cid=1294,2016,02/2016,2026-10-08T09:28:26Z
233,1019/TB-TCHQ,03/02/2016,Tổng cục hải quan,"Phụ gia cho dầu bôi trơn, thành phần chính là hỗn hợp muối hữu cơ canxi sulfonat.",56783,305,16,TP_HO_CHI_MINH,Nguyễn Dương Thái,03/02/2016,https://files.customs.gov.vn/CustomsCMS/TP_HO_CHI_MINH/2020/Web/Data/DocumentAttachments/1019-TB-TCHQ.tif,https://www.customs.gov.vn/index.jsp?pageId=3&id=56783&cid=1294,2016,02/2016,2026-10-08T09:28:26Z
234,1020/TB-TCHQ,03/02/2016,Tổng cục hải quan,Muối natri ethylen diamin tetraaxetat (muối EDTA) natri.,57111,305,16,TP_HO_CHI_MINH,Nguyễn Dương Thái,03/02/2016,https://files.customs.gov.vn/CustomsCMS/TP_HO_CHI_MINH/2020/Web/Data/DocumentAttachments/1020-TB-TCHQ.tif,https://www.customs.gov.vn/index.jsp?pageId=3&id=57111&cid=1294,2016,02/2016,2026-10-08T09:28:26Z
235,1021/TB-TCHQ,03/02/2016,Tổng cục hải quan,"Phụ gia cho dầu bôi trơn, không chứa dầu bôi trơn, thành phần có chứa Lantan borat, hỗn hợp muối hữu cơ canxi sulfonat.",53561,305,16,TP_HO_CHI_MINH,Nguyễn Dương Thái,03/02/2016,https://files.customs.gov.vn/CustomsCMS/TP_HO_CHI_MINH/2020/Web/Data/DocumentAttachments/1021-TB-TCHQ.tif,https://www.customs.gov.vn/index.jsp?pageId=3&id=53561&cid=1294,2016,02/2016,2026-10-08T09:28:26Z
236,1022/TB-TCHQ,03/02/2016,Tổng cục hải quan,"Phụ gia cho dầu bôi trơn có thành phần chính là hỗn hợp hydrocacbon đã clo hóa, dạng lỏng.",54156,305,16,TP_HO_CHI_MINH,Nguyễn Dương Thái,03/02/2016,https://files.customs.gov.vn/CustomsCMS/TP_HO_CHI_MINH/2020/Web/Data/DocumentAttachments/1022-TB-TCHQ.tif,https://www.customs.gov.vn/index.jsp?pageId=3&id=54156&cid=1294,2016,02/2016,2026-10-08T09:28:26Z
237,1023/TB-TCHQ,03/02/2016,Tổng cục hải quan,"Bộ sản phẩm đóng gói bán lẻ gồm chế phẩm làm sạch bề mặt da đựng trong lọ nhựa 150ml, 01 miếng xốp kích thước = 9,0 x 3,2 (cm).",54277,305,16,TP_HO_CHI_MINH,Nguyễn Dương Thái,03/02/2016,https://files.customs.gov.vn/CustomsCMS/TP_HO_CHI_MINH/2020/Web/Data/DocumentAttachments/1023-TB-TCHQ.tif,https://www.customs.gov.vn/index.jsp?pageId=3&id=54277&cid=1294,2016,02/2016,2026-10-08T09:28:26Z
238,1026/TB-TCHQ,03/02/2016,Tổng cục hải quan,"Hỗn hợp dung môi hữu cơ, thành phần chính gồm ethanol và hỗn hợp các đồng phân hydrocacbon mạch hở (từ C5 - C7).",58019,305,16,TP_HO_CHI_MINH,Nguyễn Dương Thái,03/02/2016,https://files.customs.gov.vn/CustomsCMS/TP_HO_CHI_MINH/2020/Web/Data/DocumentAttachments/1026-TB-TCHQ.tif,https://www.customs.gov.vn/index.jsp?pageId=3&id=58019&cid=1294,2016,02/2016,2026-10-08T09:28:26Z
239,1027/TB-TCHQ,03/02/2016,Tổng cục hải quan,"Hỗn hợp dung môi hữu cơ, thành phần chính gồm ethanol, isopropanol và hỗn hợp các đồng phân hydrocacbon mạch hở (từ C5 - C6).",53134,305,16,TP_HO_CHI_MINH,Nguyễn Dương Thái,03/02/2016,https://files.customs.gov.vn/CustomsCMS/TP_HO_CHI_MINH/2020/Web/Data/DocumentAttachments/1027-TB-TCHQ.tif,https://www.customs.gov.vn/index.jsp?pageId=3&id=53134&cid=1294,2016,02/2016,2026-10-08T09:28:26Z
240,1028/TB-TCHQ,03/02/2016,Tổng cục hải quan,"Chế phẩm bôi trơn, làm mát trong gia công kim loại, dạng lỏng. Thành phần chính gồm n,n-Diethyl-2-aminoethanol, diethanolamin, 1,2-dimethyl-3-m-butyldiaziridin trong môi trường nước.",55504,305,16,TP_HO_CHI_MINH,Nguyễn Dương Thái,03/02/2016,https://files.customs.gov.vn/CustomsCMS/TP_HO_CHI_MINH/2020/Web/Data/DocumentAttachments/1028-TB-TCHQ.tif,https://www.customs.gov.vn/index.jsp?pageId=3&id=55504&cid=1294,2016,02/2016,2026-10-08T09:28:26Z
241,1347/TB-NHNN,31/03/2016,Ngân hàng nhà nước,V/v Tỷ giá hạch toán ngoại tệ tháng 04 năm 2016,66437,305,19,DONG_NAI,null,null,https://files.customs.gov.vn/DONG_NAI//Data/CV_TCHQ/1347_TB_NHNN_31_03_2016.PDF,https://www.customs.gov.vn/index.jsp?pageId=3&id=66437&cid=1294,2016,03/2016,2026-10-08T09:28:26Z
242,190/QĐ-HQĐNg,31/03/2016,null,Quyết định ban hành Quy chế thực hiện dân chủ trong hoạt động của Cục Hải quan TP Đà Nẵng,75845,305,16,DA_NANG,Nguyễn Tiến Thọ,31/03/2016,https://files.customs.gov.vn/DA_NANG/Uploads/65e32243-11bf-4695-985d-c1563e8c13ba/190-QD quy che dan chu.tif,https://www.customs.gov.vn/index.jsp?pageId=3&id=75845&cid=1294,2016,03/2016,2026-10-08T09:28:26Z
243,191/QĐ-HQĐNg,31/03/2016,null,Quyết định vê việc công nhận địa điểm kiểm tra hàng hóa tại nơi sản xuất,75846,305,10,DA_NANG,Đào Thế Nhựt,31/03/2016,https://files.customs.gov.vn/DA_NANG/Uploads/65e32243-11bf-4695-985d-c1563e8c13ba/191_HQĐNg ngày 31.03.2016 (QĐ công nhận địa điểm kiểm tr).tif,https://www.customs.gov.vn/index.jsp?pageId=3&id=75846&cid=1294,2016,03/2016,2026-10-08T09:28:26Z
244,2478/VP-TM,31/03/2016,Sở Y Tế tỉnh BR-VT,V/v triển khai thực hiện Thông tư số 51/2016/TT-BTC ngày 18/3/2016 của Bộ Tài chính,52588,305,16,TP_HO_CHI_MINH,Nguyễn Hữu Tín,31/03/2016,https://files.customs.gov.vn/CustomsCMS/TP_HO_CHI_MINH/2020/Web/Data/DocumentAttachments/2478-VP-TM.tif,https://www.customs.gov.vn/index.jsp?pageId=3&id=52588&cid=1294,2016,03/2016,2026-10-08T09:28:26Z
245,2533/TCHQ-TXNK,31/03/2016,Tổng cục hải quan,V/v Áp mã số hàng hóa (Công ty TNHH Thiết bị y tế Phương Đông),66433,305,16,DONG_NAI,null,null,,https://www.customs.gov.vn/index.jsp?pageId=3&id=66433&cid=1294,2016,03/2016,2026-10-08T09:28:26Z
246,2539/TCHQ-TXNK,31/03/2016,Tổng cục hải quan,V/v phân loại bộ micro không dây có gắn thiết bị thu,53814,305,16,TP_HO_CHI_MINH,Nguyễn Dương Thái,31/03/2016,https://files.customs.gov.vn/CustomsCMS/TP_HO_CHI_MINH/2020/Web/Data/DocumentAttachments/2539_TCHQ-TXNK_307748.doc,https://www.customs.gov.vn/index.jsp?pageId=3&id=53814&cid=1294,2016,03/2016,2026-10-08T09:28:26Z
247,2540/TCHQ-GSQL,31/03/2016,Tổng cục hải quan,V/v vướng mắc C/O (công văn số 2540/TCHQ-GSQL ngày 31/3/2016).,55071,305,16,TP_HO_CHI_MINH,Vũ Ngọc Anh,31/03/2016,https://files.customs.gov.vn/CustomsCMS/TP_HO_CHI_MINH/2020/Web/Data/DocumentAttachments/2540-TCHQ-GSQL.tif,https://www.customs.gov.vn/index.jsp?pageId=3&id=55071&cid=1294,2016,03/2016,2026-10-08T09:28:26Z
248,2543/TB-TCHQ,31/03/2016,Tổng cục hải quan,"Polysiloxan phân tán trong nước, hàm lượng rắn ≈ 19%.",58678,305,16,TP_HO_CHI_MINH,Nguyễn Dương Thái,31/03/2016,https://files.customs.gov.vn/CustomsCMS/TP_HO_CHI_MINH/2020/Web/Data/DocumentAttachments/2543-TB-TCHQ.tif,https://www.customs.gov.vn/index.jsp?pageId=3&id=58678&cid=1294,2016,03/2016,2026-10-08T09:28:26Z
249,2544/TB-TCHQ,31/03/2016,Tổng cục hải quan,"Chế phẩm thực phẩm dạng thạch đồng nhất có thành phần chính từ đường, nước, hương liệu, chất làm đặc và phụ gia, đóng gói 300 gam/túi.",56073,305,16,TP_HO_CHI_MINH,Nguyễn Dương Thái,31/03/2016,https://files.customs.gov.vn/CustomsCMS/TP_HO_CHI_MINH/2020/Web/Data/DocumentAttachments/2544-TB-TCHQ.tif,https://www.customs.gov.vn/index.jsp?pageId=3&id=56073&cid=1294,2016,03/2016,2026-10-08T09:28:26Z
250,2545/TB-TCHQ,31/03/2016,Tổng cục hải quan,"Chế phẩm thực phẩm không đồng nhất dạng đồ uống (dung dịch lỏng có lẫn các khối dạng thạch mềm), không có ga, dùng ngay được không cần pha loãng, có thành phần chính gồm chiết xuất thực vật, đường, hương liệu và phụ gia, đóng gói 520ml/chai. Có hàm lượng thủy ngân < 1.4 µg/kg; hàm lượng Asen 0.006mg/kg; hàm lượng chì 0.044mg/kg.",53495,305,16,TP_HO_CHI_MINH,Nguyễn Dương Thái,31/03/2016,https://files.customs.gov.vn/CustomsCMS/TP_HO_CHI_MINH/2020/Web/Data/DocumentAttachments/2545-TB-TCHQ.tif,https://www.customs.gov.vn/index.jsp?pageId=3&id=53495&cid=1294,2016,03/2016,2026-10-08T09:28:26Z
251,2546/TB-TCHQ,31/03/2016,Tổng cục hải quan,"Chế phẩm thực phẩm không đồng nhất (dạng thạch mềm có lẫn các khối thạch vuông và dai) có thành phần chính từ đường, sản phẩm từ sữa, chất làm đặc, hương trái cây và phụ gia, đã đóng gói bán lẻ (110 gam/chiếc, 720 gam/hộp).",57091,305,16,TP_HO_CHI_MINH,Nguyễn Dương Thái,31/03/2016,https://files.customs.gov.vn/CustomsCMS/TP_HO_CHI_MINH/2020/Web/Data/DocumentAttachments/2546-TB-TCHQ.tif,https://www.customs.gov.vn/index.jsp?pageId=3&id=57091&cid=1294,2016,03/2016,2026-10-08T09:28:26Z
252,2547/TB-TCHQ,31/03/2016,Tổng cục hải quan,"Chế phẩm thực phẩm dạng trụ tròn (chiều dài ≈ 9cm), xốp, có thành phần chính gồm đạm, đường, sữa, dầu thực vật, muối ăn, đóng gói bán lẻ (10g/cái, khối lượng tịnh 160g/túi).",55051,305,16,TP_HO_CHI_MINH,Nguyễn Dương Thái,31/03/2016,https://files.customs.gov.vn/CustomsCMS/TP_HO_CHI_MINH/2020/Web/Data/DocumentAttachments/2547-TB-TCHQ.tif,https://www.customs.gov.vn/index.jsp?pageId=3&id=55051&cid=1294,2016,03/2016,2026-10-08T09:28:26Z
253,2548/TB-TCHQ,31/03/2016,Tổng cục hải quan,"Butachlor, hàm lượng 93%.",56170,305,16,TP_HO_CHI_MINH,Nguyễn Dương Thái,31/03/2016,https://files.customs.gov.vn/CustomsCMS/TP_HO_CHI_MINH/2020/Web/Data/DocumentAttachments/2548-TB-TCHQ.tif,https://www.customs.gov.vn/index.jsp?pageId=3&id=56170&cid=1294,2016,03/2016,2026-10-08T09:28:26Z
254,2549/TB-TCHQ,31/03/2016,Tổng cục hải quan,"Chế phẩm có chứa chủng bacillus subtilis với chất mang là khoáng vô cơ, dùng trong sản xuất thức ăn chăn nuôi.",53986,305,16,TP_HO_CHI_MINH,Nguyễn Dương Thái,31/03/2016,https://files.customs.gov.vn/CustomsCMS/TP_HO_CHI_MINH/2020/Web/Data/DocumentAttachments/2549-TB-TCHQ.tif,https://www.customs.gov.vn/index.jsp?pageId=3&id=53986&cid=1294,2016,03/2016,2026-10-08T09:28:26Z
255,2550/TB-TCHQ,31/03/2016,Tổng cục hải quan,"Chất kết dính (hot melt) làm từ Copolyme Ethylene-vinyl acetate, dẫn xuất của rosin, muối của cacbonat, dạng hạt.",57020,305,16,TP_HO_CHI_MINH,Nguyễn Dương Thái,31/03/2016,https://files.customs.gov.vn/CustomsCMS/TP_HO_CHI_MINH/2020/Web/Data/DocumentAttachments/2550-TB-TCHQ.tif,https://www.customs.gov.vn/index.jsp?pageId=3&id=57020&cid=1294,2016,03/2016,2026-10-08T09:28:26Z
256,2552/TB-TCHQ,31/03/2016,Tổng cục hải quan,"Chế phẩm có thành phần từ chiết xuất malt, Cacao ≈ 17%, đạm whey, Saccharose ≈ 28%, Lactose ≈ 11%,... dạng bột.",57049,305,16,TP_HO_CHI_MINH,Nguyễn Dương Thái,31/03/2016,https://files.customs.gov.vn/CustomsCMS/TP_HO_CHI_MINH/2020/Web/Data/DocumentAttachments/2552-TB-TCHQ.tif,https://www.customs.gov.vn/index.jsp?pageId=3&id=57049&cid=1294,2016,03/2016,2026-10-08T09:28:26Z
257,2553/TB-TCHQ,31/03/2016,Tổng cục hải quan,"Stearin dầu hạt cọ đã tinh chế, tẩy và khử mùi, đã qua hydro hóa, dạng nhão.",53392,305,16,TP_HO_CHI_MINH,Nguyễn Dương Thái,31/03/2016,https://files.customs.gov.vn/CustomsCMS/TP_HO_CHI_MINH/2020/Web/Data/DocumentAttachments/2553-TB-TCHQ.tif,https://www.customs.gov.vn/index.jsp?pageId=3&id=53392&cid=1294,2016,03/2016,2026-10-08T09:28:26Z
258,2554/TB-TCHQ,31/03/2016,Tổng cục hải quan,Dodecane.,55290,305,16,TP_HO_CHI_MINH,Nguyễn Dương Thái,31/03/2016,https://files.customs.gov.vn/CustomsCMS/TP_HO_CHI_MINH/2020/Web/Data/DocumentAttachments/2554-TB-TCHQ.tif,https://www.customs.gov.vn/index.jsp?pageId=3&id=55290&cid=1294,2016,03/2016,2026-10-08T09:28:26Z
259,2556/TB-TCHQ,31/03/2016,Tổng cục hải quan,Chế phẩm hương liệu có thành phần là Vanillin; 5-hydroxymethylfurfural trong chất mang Ethanol.,52317,305,16,TP_HO_CHI_MINH,Nguyễn Dương Thái,31/03/2016,https://files.customs.gov.vn/CustomsCMS/TP_HO_CHI_MINH/2020/Web/Data/DocumentAttachments/2556-TB-TCHQ.tif,https://www.customs.gov.vn/index.jsp?pageId=3&id=52317&cid=1294,2016,03/2016,2026-10-08T09:28:26Z
260,2557/TB-TCHQ,31/03/2016,Tổng cục hải quan,"Copolyme styren butadien nguyên sinh, dạng phân tán trong môi trường nước.",55980,305,16,TP_HO_CHI_MINH,Nguyễn Dương Thái,31/03/2016,https://files.customs.gov.vn/CustomsCMS/TP_HO_CHI_MINH/2020/Web/Data/DocumentAttachments/2557-TB-TCHQ.tif,https://www.customs.gov.vn/index.jsp?pageId=3&id=55980&cid=1294,2016,03/2016,2026-10-08T09:28:26Z
261,2558/TB-TCHQ,31/03/2016,Tổng cục hải quan,"Mực in có thành phần chính gồm chất màu vô cơ từ titan, poly acrylic, phụ gia trong môi trường nước.",56750,305,16,TP_HO_CHI_MINH,Nguyễn Dương Thái,31/03/2016,https://files.customs.gov.vn/CustomsCMS/TP_HO_CHI_MINH/2020/Web/Data/DocumentAttachments/2558-TB-TCHQ.tif,https://www.customs.gov.vn/index.jsp?pageId=3&id=56750&cid=1294,2016,03/2016,2026-10-08T09:28:26Z
262,2559/TB-TCHQ,31/03/2016,Tổng cục hải quan,"Polyme Acrylic phân tán trong nước, hàm lượng rắn 37%.",56281,305,16,TP_HO_CHI_MINH,Nguyễn Dương Thái,31/03/2016,https://files.customs.gov.vn/CustomsCMS/TP_HO_CHI_MINH/2020/Web/Data/DocumentAttachments/2559-TB-TCHQ.tif,https://www.customs.gov.vn/index.jsp?pageId=3&id=56281&cid=1294,2016,03/2016,2026-10-08T09:28:26Z
263,2560/TB-TCHQ,31/03/2016,Tổng cục hải quan,"Polyme Acrylic phân tán trong nước, hàm lượng rắn 37%.",57622,305,16,TP_HO_CHI_MINH,Nguyễn Dương Thái,31/03/2016,https://files.customs.gov.vn/CustomsCMS/TP_HO_CHI_MINH/2020/Web/Data/DocumentAttachments/2560-TB-TCHQ.tif,https://www.customs.gov.vn/index.jsp?pageId=3&id=57622&cid=1294,2016,03/2016,2026-10-08T09:28:26Z
264,2632/TCHQ-GSQL,31/03/2016,Tổng cục hải quan,V/v nộp bổ sung C/O (công văn số 2632/TCHQ-GSQL ngày 31/3/2016).,56031,305,16,TP_HO_CHI_MINH,Vũ Ngọc Anh,31/03/2016,https://files.customs.gov.vn/CustomsCMS/TP_HO_CHI_MINH/2020/Web/Data/DocumentAttachments/2632-TCHQ-GSQL.tif,https://www.customs.gov.vn/index.jsp?pageId=3&id=56031&cid=1294,2016,03/2016,2026-10-08T09:28:26Z
265,2634/TCHQ-GSQL,31/03/2016,Tổng cục hải quan,V/v vướng mắc liên quan đến bản thứ 3 của C/O mẫu E (công văn số 2634/TCHQ-GSQL ngày 31/3/2016).,55823,305,16,TP_HO_CHI_MINH,Vũ Ngọc Anh,31/03/2016,https://files.customs.gov.vn/CustomsCMS/TP_HO_CHI_MINH/2020/Web/Data/DocumentAttachments/2634-TCHQ-GSQL.tif,https://www.customs.gov.vn/index.jsp?pageId=3&id=55823&cid=1294,2016,03/2016,2026-10-08T09:28:26Z
266,650/KCNĐN-DN,31/03/2016,Khác,V/v Xóa tên công ty TNHH Morito Việt Nam,66485,305,16,DONG_NAI,null,null,https://files.customs.gov.vn/DONG_NAI//Data/CV_nganh_khac/650_KCNDN_DN_31_03_2016.PDF,https://www.customs.gov.vn/index.jsp?pageId=3&id=66485&cid=1294,2016,03/2016,2026-10-08T09:28:26Z
267,669/HQĐNa-GSQL,31/03/2016,Cục Hải Quan tỉnh Đồng Nai,V/v Quản lý chất lượng thép NK theo Thông tư số 58/2015/TTLT-BCT-BKHCN,66432,305,16,DONG_NAI,null,null,https://files.customs.gov.vn/DONG_NAI//Data/Cv_Hqdn/669_HQDNa_GSQL_31_03_2016.pdf,https://www.customs.gov.vn/index.jsp?pageId=3&id=66432&cid=1294,2016,03/2016,2026-10-08T09:28:26Z
268,2505-2649/TXNK-QLN,30/03/2016,null,"Kết quả phân loại đ/v hàng hóa XK, NK",75844,305,16,DA_NANG,Nguyễn Dương Thái,30/03/2016,https://files.customs.gov.vn/DA_NANG/Uploads/65e32243-11bf-4695-985d-c1563e8c13ba/4849.TIF,https://www.customs.gov.vn/index.jsp?pageId=3&id=75844&cid=1294,2016,03/2016,2026-10-08T09:28:26Z
269,2505/TB-TCHQ,30/03/2016,Tổng cục hải quan,Hợp chất chống oxi hóa cho plastic có thành phần chính là hỗn hợp các dẫn xuất este của cinnamic acid.,58696,305,16,TP_HO_CHI_MINH,Nguyễn Dương Thái,30/03/2016,https://files.customs.gov.vn/CustomsCMS/TP_HO_CHI_MINH/2020/Web/Data/DocumentAttachments/2505-TB-TCHQ.tif,https://www.customs.gov.vn/index.jsp?pageId=3&id=58696&cid=1294,2016,03/2016,2026-10-08T09:28:26Z
270,2506/TB-TCHQ,30/03/2016,Tổng cục hải quan,"Hỗn hợp polyme styren và cao su styren-butadien (trong đó polyme styren chiếm hàm lượng cao hơn cao su), nguyên sinh, dạng viên. Mẫu không đáp ứng yêu cầu của chú giải 4 chương 40.",58126,305,16,TP_HO_CHI_MINH,Nguyễn Dương Thái,30/03/2016,https://files.customs.gov.vn/CustomsCMS/TP_HO_CHI_MINH/2020/Web/Data/DocumentAttachments/2506-TB-TCHQ.tif,https://www.customs.gov.vn/index.jsp?pageId=3&id=58126&cid=1294,2016,03/2016,2026-10-08T09:28:26Z
271,2507/TB-TCHQ,30/03/2016,Tổng cục hải quan,Sáp paraffin có hàm lượng dầu trên 0.75% tính theo trọng lượng.,56582,305,16,TP_HO_CHI_MINH,Nguyễn Dương Thái,30/03/2016,https://files.customs.gov.vn/CustomsCMS/TP_HO_CHI_MINH/2020/Web/Data/DocumentAttachments/2507-TB-TCHQ.tif,https://www.customs.gov.vn/index.jsp?pageId=3&id=56582&cid=1294,2016,03/2016,2026-10-08T09:28:26Z
272,2508/TB-TCHQ,30/03/2016,Tổng cục hải quan,"Chế phẩm ổn định plastic thành phần gồm có Aluminum Alkylacetoacetate diisopropoxide và 2-Ethylhexyl phosphorate, dạng lỏng.",55453,305,16,TP_HO_CHI_MINH,Nguyễn Dương Thái,30/03/2016,https://files.customs.gov.vn/CustomsCMS/TP_HO_CHI_MINH/2020/Web/Data/DocumentAttachments/2508-TB-TCHQ.tif,https://www.customs.gov.vn/index.jsp?pageId=3&id=55453&cid=1294,2016,03/2016,2026-10-08T09:28:26Z
273,2510/TB-TCHQ,30/03/2016,Tổng cục hải quan,Chất làm khô đã điều chế trong sơn có thành phần gồm Aluminium tris-ethyacetoacetate trong dung môi hữu cơ xylene.,56180,305,16,TP_HO_CHI_MINH,Nguyễn Dương Thái,30/03/2016,https://files.customs.gov.vn/CustomsCMS/TP_HO_CHI_MINH/2020/Web/Data/DocumentAttachments/2510-TB-TCHQ.tif,https://www.customs.gov.vn/index.jsp?pageId=3&id=56180&cid=1294,2016,03/2016,2026-10-08T09:28:26Z
274,2511/TB-TCHQ,30/03/2016,Tổng cục hải quan,"Polyeste no trong dung môi hữu cơ Hight-flash aromatic Naphtla-150 và Hight-flash aromatic Naphtla-100 có hàm lượng rắn 68.38%, dạng lỏng.",53766,305,16,TP_HO_CHI_MINH,Nguyễn Dương Thái,30/03/2016,https://files.customs.gov.vn/CustomsCMS/TP_HO_CHI_MINH/2020/Web/Data/DocumentAttachments/2511-TB-TCHQ.tif,https://www.customs.gov.vn/index.jsp?pageId=3&id=53766&cid=1294,2016,03/2016,2026-10-08T09:28:26Z
275,2513/TB-TCHQ,30/03/2016,Tổng cục hải quan,"Polyeste no trong dung môi hữu cơ Butyl glycol và Hight-flash aromatic Naphtla-150 có hàm lượng rắn 66.27%, dạng lỏng.",53719,305,16,TP_HO_CHI_MINH,Nguyễn Dương Thái,30/03/2016,https://files.customs.gov.vn/CustomsCMS/TP_HO_CHI_MINH/2020/Web/Data/DocumentAttachments/2513-TB-TCHQ.tif,https://www.customs.gov.vn/index.jsp?pageId=3&id=53719&cid=1294,2016,03/2016,2026-10-08T09:28:26Z
276,2516/TB-TCHQ,30/03/2016,Tổng cục hải quan,"Triacetin; Menthol acetate; 2-Propanol,1-(2-methoxypropoxy)-... và maltodextrin, đường, dạng bột.",53919,305,16,TP_HO_CHI_MINH,Nguyễn Dương Thái,30/03/2016,https://files.customs.gov.vn/CustomsCMS/TP_HO_CHI_MINH/2020/Web/Data/DocumentAttachments/2516-TB-TCHQ.tif,https://www.customs.gov.vn/index.jsp?pageId=3&id=53919&cid=1294,2016,03/2016,2026-10-08T09:28:26Z
277,2517/TB-TCHQ,30/03/2016,Tổng cục hải quan,"Hỗn hợp các chất vô cơ và hữu cơ, thành phần chính là nhựa phenolic, bari sunphat, sắt, đồng..., dạng bột.",52557,305,16,TP_HO_CHI_MINH,Nguyễn Dương Thái,30/03/2016,https://files.customs.gov.vn/CustomsCMS/TP_HO_CHI_MINH/2020/Web/Data/DocumentAttachments/2517-TB-TCHQ.tif,https://www.customs.gov.vn/index.jsp?pageId=3&id=52557&cid=1294,2016,03/2016,2026-10-08T09:28:26Z
278,2520/TB-TCHQ,30/03/2016,Tổng cục hải quan,"Chế phẩm xử lý vật liệu da thuộc, dạng bột nhão. Thành phần chính gồm dầu khoáng (≈7%), hợp chất ester của axit béo (axit palmitic, axit stearic…)…",53713,305,16,TP_HO_CHI_MINH,Nguyễn Dương Thái,30/03/2016,https://files.customs.gov.vn/CustomsCMS/TP_HO_CHI_MINH/2020/Web/Data/DocumentAttachments/2520-TB-TCHQ.tif,https://www.customs.gov.vn/index.jsp?pageId=3&id=53713&cid=1294,2016,03/2016,2026-10-08T09:28:26Z
279,2521/TB-TCHQ,30/03/2016,Tổng cục hải quan,"Chế phẩm hóa học có thành phần chính là polyvinylpyrrolidone, ethylene glycol và phụ gia trong môi trường nước, dạng lỏng, thường được sử dụng làm chất trợ in trong gạch men.",52554,305,16,TP_HO_CHI_MINH,Nguyễn Dương Thái,30/03/2016,https://files.customs.gov.vn/CustomsCMS/TP_HO_CHI_MINH/2020/Web/Data/DocumentAttachments/2521-TB-TCHQ.tif,https://www.customs.gov.vn/index.jsp?pageId=3&id=52554&cid=1294,2016,03/2016,2026-10-08T09:28:26Z
280,412/GSQL-GQ1,30/03/2016,Tổng cục hải quan,V/v Thủ tục nhập khẩu mặt hàng xe sơ mi rơ mooc xitec (Công ty TNHH Ô tô Sitom),66434,305,16,DONG_NAI,null,null,,https://www.customs.gov.vn/index.jsp?pageId=3&id=66434&cid=1294,2016,03/2016,2026-10-08T09:28:26Z
281,541/TXNK-PL,30/03/2016,Cục Thuế xuất nhập khẩu,V/v kết quả phân loại hàng hóa,53549,305,16,TP_HO_CHI_MINH,Trịnh Mạc Linh,30/03/2016,https://files.customs.gov.vn/CustomsCMS/TP_HO_CHI_MINH/2020/Web/Data/DocumentAttachments/541-TXNK-PL.tif,https://www.customs.gov.vn/index.jsp?pageId=3&id=53549&cid=1294,2016,03/2016,2026-10-08T09:28:26Z
282,542/TXNK-CST,30/03/2016,Tổng cục hải quan,V/v Thanh lý thiết bị nhập khẩu tạo tài sản cố định được miễn thuế (Công ty TNHH Mỏ Nikel Bản Phúc),66427,305,16,DONG_NAI,null,null,,https://www.customs.gov.vn/index.jsp?pageId=3&id=66427&cid=1294,2016,03/2016,2026-10-08T09:28:26Z
283,2438/TB-TCHQ,29/03/2016,Tổng cục hải quan,"Vải không dệt từ Polyester, dùng làm vải lọc dầu công nghiệp.",58669,305,16,TP_HO_CHI_MINH,Nguyễn Dương Thái,29/03/2016,https://files.customs.gov.vn/CustomsCMS/TP_HO_CHI_MINH/2020/Web/Data/DocumentAttachments/2438-TB-TCHQ.tif,https://www.customs.gov.vn/index.jsp?pageId=3&id=58669&cid=1294,2016,03/2016,2026-10-08T09:28:26Z
284,2439/TB-TCHQ,29/03/2016,Tổng cục hải quan,"Vải không dệt từ Polyester và Viscose, dùng làm vải lọc dầu công nghiệp.",55688,305,16,TP_HO_CHI_MINH,Nguyễn Dương Thái,29/03/2016,https://files.customs.gov.vn/CustomsCMS/TP_HO_CHI_MINH/2020/Web/Data/DocumentAttachments/2439-TB-TCHQ.tif,https://www.customs.gov.vn/index.jsp?pageId=3&id=55688&cid=1294,2016,03/2016,2026-10-08T09:28:26Z
285,2440/TB-TCHQ,29/03/2016,Tổng cục hải quan,"Dải plastic đi từ xenlulo axetat không xốp và chưa gia cố, chưa gắn lớp bề mặt.",53966,305,16,TP_HO_CHI_MINH,Nguyễn Dương Thái,29/03/2016,https://files.customs.gov.vn/CustomsCMS/TP_HO_CHI_MINH/2020/Web/Data/DocumentAttachments/2440-TB-TCHQ.tif,https://www.customs.gov.vn/index.jsp?pageId=3&id=53966&cid=1294,2016,03/2016,2026-10-08T09:28:26Z
286,2441/TB-TCHQ,29/03/2016,Tổng cục hải quan,"Tấm đắp là vải không dệt làm từ sợi polypropylen, một mặt gắn các dải plastic dọc theo tấm đắp chứa không khí ấm và có một lỗ làm bằng plastic để lắp ống cấp khí ấm. Chỉ dùng với thiết bị cấp khí ấm 3M Bair HuggerTM Temperature Management Unit. Công dụng: Đắp và giữ nhiệt độ ấm lên thân thể bệnh nhân người lớn để tránh thương tổn do lạnh. Tên thương mại: 3M Bair HuggerTM Full Body Blanket; Model: 30000.",53597,305,16,TP_HO_CHI_MINH,Nguyễn Dương Thái,29/03/2016,https://files.customs.gov.vn/CustomsCMS/TP_HO_CHI_MINH/2020/Web/Data/DocumentAttachments/2441-TB-TCHQ.tif,https://www.customs.gov.vn/index.jsp?pageId=3&id=53597&cid=1294,2016,03/2016,2026-10-08T09:28:26Z
287,2442/TB-TCHQ,29/03/2016,Tổng cục hải quan,"Tấm nhựa từ poly(vinyl clorua) chưa in hình, in chữ, không xốp, chưa được gia cố dùng để sản xuất đế giày, trong đó hàm lượng hóa dẻo chiếm 17,8% trọng lượng, kích thước 90 cm x 90 cm x 2 mm.",52307,305,16,TP_HO_CHI_MINH,Nguyễn Dương Thái,29/03/2016,https://files.customs.gov.vn/CustomsCMS/TP_HO_CHI_MINH/2020/Web/Data/DocumentAttachments/2442-TB-TCHQ.tif,https://www.customs.gov.vn/index.jsp?pageId=3&id=52307&cid=1294,2016,03/2016,2026-10-08T09:28:26Z
288,2443/TB-TCHQ,29/03/2016,Tổng cục hải quan,"Tấm nhựa từ poly(vinyl clorua) chưa in hình, in chữ, không xốp, chưa được gia cố dùng để sản xuất đế giày, trong đó hàm lượng hóa dẻo chiếm 17,1% trọng lượng, kích thước 90 cm x 90 cm x 2.5 mm.",53090,305,16,TP_HO_CHI_MINH,Nguyễn Dương Thái,29/03/2016,https://files.customs.gov.vn/CustomsCMS/TP_HO_CHI_MINH/2020/Web/Data/DocumentAttachments/2443-TB-TCHQ.tif,https://www.customs.gov.vn/index.jsp?pageId=3&id=53090&cid=1294,2016,03/2016,2026-10-08T09:28:26Z
289,2444/TB-TCHQ,29/03/2016,Tổng cục hải quan,Hệ thống sấy nhanh các phần lắp ráp là đế giày vào phần đế bên dưới của thân giày được quét tẩm keo. Hệ thống gồm 02 phần chính: Hệ thống băng tải và 02 buồng sấy (2 stations). Thông số kỹ thuật chính: dùng điện 380V; công suất 22KW; kích thước buồng sấy: 1500(L) x 1680(W) x 1160(H) mm. Chiều dài hệ thống khoảng 15m. Tên thương mại của nhà sản xuất: RDS/Rapid Cement Drying System. Model: RDS-5S. Hiệu: USMC.,56548,305,16,TP_HO_CHI_MINH,Nguyễn Dương Thái,29/03/2016,https://files.customs.gov.vn/CustomsCMS/TP_HO_CHI_MINH/2020/Web/Data/DocumentAttachments/2444-TB-TCHQ.tif,https://www.customs.gov.vn/index.jsp?pageId=3&id=56548&cid=1294,2016,03/2016,2026-10-08T09:28:26Z
290,2446/TB-TCHQ,29/03/2016,Tổng cục hải quan,"Hỗn hợp hương liệu ethyl butylrate; 2,3 - dimethyl pyrazine; ethyl levulinate... dùng trong công nghiệp thực phẩm.",54749,305,16,TP_HO_CHI_MINH,Nguyễn Dương Thái,29/03/2016,https://files.customs.gov.vn/CustomsCMS/TP_HO_CHI_MINH/2020/Web/Data/DocumentAttachments/2446-TB-TCHQ.tif,https://www.customs.gov.vn/index.jsp?pageId=3&id=54749&cid=1294,2016,03/2016,2026-10-08T09:28:26Z
291,2447/TB-TCHQ,29/03/2016,Tổng cục hải quan,"Chế phẩm có thành phần chính gồm Polypropylene glycol), Calcium carbonate và dung môi hữu cơ. Mẫu kết hợp với mẫu Sporthane Vertical Surface Waterproofing Coat PTB trở thành matit dựa trên thành phần cơ bản là plastic.",56828,305,16,TP_HO_CHI_MINH,Nguyễn Dương Thái,29/03/2016,https://files.customs.gov.vn/CustomsCMS/TP_HO_CHI_MINH/2020/Web/Data/DocumentAttachments/2447-TB-TCHQ.tif,https://www.customs.gov.vn/index.jsp?pageId=3&id=56828&cid=1294,2016,03/2016,2026-10-08T09:28:26Z
292,2448/TB-TCHQ,29/03/2016,Tổng cục hải quan,"Thuốc nhuộm hoạt tính, dạng bột màu xanh.",53068,305,16,TP_HO_CHI_MINH,Nguyễn Dương Thái,29/03/2016,https://files.customs.gov.vn/CustomsCMS/TP_HO_CHI_MINH/2020/Web/Data/DocumentAttachments/2448-TB-TCHQ.tif,https://www.customs.gov.vn/index.jsp?pageId=3&id=53068&cid=1294,2016,03/2016,2026-10-08T09:28:26Z
293,2449/TB-TCHQ,29/03/2016,Tổng cục hải quan,"Chế phẩm chất màu vô cơ dựa trên hợp chất của coban, phân tán trong môi trường không nước, thường dùng tạo màu trong sản xuất gạch men.",55814,305,16,TP_HO_CHI_MINH,Nguyễn Dương Thái,29/03/2016,https://files.customs.gov.vn/CustomsCMS/TP_HO_CHI_MINH/2020/Web/Data/DocumentAttachments/2449-TB-TCHQ.tif,https://www.customs.gov.vn/index.jsp?pageId=3&id=55814&cid=1294,2016,03/2016,2026-10-08T09:28:26Z
294,2453/TB-TCHQ,29/03/2016,Tổng cục hải quan,Chế phẩm có thành phần chính là oxit kẽm (ZnO) và canxi sulphat (CaSO4).,55860,305,16,TP_HO_CHI_MINH,Nguyễn Dương Thái,29/03/2016,https://files.customs.gov.vn/CustomsCMS/TP_HO_CHI_MINH/2020/Web/Data/DocumentAttachments/2453-TB-TCHQ.tif,https://www.customs.gov.vn/index.jsp?pageId=3&id=55860&cid=1294,2016,03/2016,2026-10-08T09:28:26Z
295,409/GSQL-TH,29/03/2016,Bộ Công nghiệp,V/v vướng mắc C/O (công văn số 409/GSQL-TH ngày 29/3/2016).,57159,305,16,TP_HO_CHI_MINH,Nguyễn Nhất Kha,29/03/2016,https://files.customs.gov.vn/CustomsCMS/TP_HO_CHI_MINH/2020/Web/Data/DocumentAttachments/409-GSQL-TH.tif,https://www.customs.gov.vn/index.jsp?pageId=3&id=57159&cid=1294,2016,03/2016,2026-10-08T09:28:26Z
296,630/HQĐNa-TXNK,29/03/2016,Cục Hải Quan tỉnh Đồng Nai,V/v Gia hạn thời gian dự kiến nhập khẩu danh mục hàng hóa nhập khẩu miễn thuế tạo TSCĐ (Công ty TNHH Hyosung Đồng Nai),66426,305,16,DONG_NAI,null,null,https://files.customs.gov.vn/DONG_NAI//Data/Cv_Hqdn/630_HQDNa_TXNK_29_03_2016.pdf,https://www.customs.gov.vn/index.jsp?pageId=3&id=66426&cid=1294,2016,03/2016,2026-10-08T09:28:26Z
297,2391-2453/TB-TCHQ,28/03/2016,null,"Kết quả phân loại đ/v hàng hóa XK, NK",75843,305,16,DA_NANG,Nguyễn Dương Thái,28/03/2016,https://files.customs.gov.vn/DA_NANG/Uploads/65e32243-11bf-4695-985d-c1563e8c13ba/4807.TIF,https://www.customs.gov.vn/index.jsp?pageId=3&id=75843&cid=1294,2016,03/2016,2026-10-08T09:28:26Z
298,2391/TB-TCHQ,28/03/2016,Tổng cục hải quan,"Chế phẩm hóa chất chứa muối của Ni2+, CH3COO-, Cl- và phụ gia.",57503,305,16,TP_HO_CHI_MINH,Nguyễn Dương Thái,28/03/2016,https://files.customs.gov.vn/CustomsCMS/TP_HO_CHI_MINH/2020/Web/Data/DocumentAttachments/2391-TB-TCHQ.tif,https://www.customs.gov.vn/index.jsp?pageId=3&id=57503&cid=1294,2016,03/2016,2026-10-08T09:28:26Z
299,2392/TB-TCHQ,28/03/2016,Tổng cục hải quan,"Chế phẩm làm sạch chứa chất hoạt động bề mặt nonionic, dạng bột, chưa đóng gói bán lẻ.",57327,305,16,TP_HO_CHI_MINH,Nguyễn Dương Thái,28/03/2016,https://files.customs.gov.vn/CustomsCMS/TP_HO_CHI_MINH/2020/Web/Data/DocumentAttachments/2392-TB-TCHQ.tif,https://www.customs.gov.vn/index.jsp?pageId=3&id=57327&cid=1294,2016,03/2016,2026-10-08T09:28:26Z
300,2393/TB-TCHQ,28/03/2016,Tổng cục hải quan,"Thành phần gồm Sáp polyetylen, hỗn hợp các axit béo trong dung môi hữu cơ 1-propanol, Aceton và Ethanol. Hàm lượng dung môi 50.2%.",54695,305,16,TP_HO_CHI_MINH,Nguyễn Dương Thái,28/03/2016,https://files.customs.gov.vn/CustomsCMS/TP_HO_CHI_MINH/2020/Web/Data/DocumentAttachments/2393-TB-TCHQ.tif,https://www.customs.gov.vn/index.jsp?pageId=3&id=54695&cid=1294,2016,03/2016,2026-10-08T09:28:26Z
301,2394/TB-TCHQ,28/03/2016,Tổng cục hải quan,"Hệ thống treo và vận chuyển (đẩy bằng tay) các sản phẩm may mặc trong dây chuyền sản xuất, cấu tạo gồm các bộ phận: Các loại trolley (TR-100 trolley, TR-200 trolley); các loại bộ phận nối (TR-100 Connection, Switch); các loại thanh ray dạng thẳng, dạng cong (rail); các thanh treo gắn vào trần nhà và các chi tiết ghép nối. Tên thương mại của nhà sản xuất: Manual Overhead Conveyor System.",52379,305,16,TP_HO_CHI_MINH,Nguyễn Dương Thái,28/03/2016,https://files.customs.gov.vn/CustomsCMS/TP_HO_CHI_MINH/2020/Web/Data/DocumentAttachments/2394-TB-TCHQ.tif,https://www.customs.gov.vn/index.jsp?pageId=3&id=52379&cid=1294,2016,03/2016,2026-10-08T09:28:26Z
302,2397/TB-TCHQ,28/03/2016,Tổng cục hải quan,"Chế phẩm hóa học dùng trong xi mạ, thành phần chính gồm muối natri allylsulfonat, natri clorua... trong môi trường nước, hàm lượng rắn 23,6%.",58337,305,16,TP_HO_CHI_MINH,Nguyễn Dương Thái,28/03/2016,https://files.customs.gov.vn/CustomsCMS/TP_HO_CHI_MINH/2020/Web/Data/DocumentAttachments/2397-TB-TCHQ.tif,https://www.customs.gov.vn/index.jsp?pageId=3&id=58337&cid=1294,2016,03/2016,2026-10-08T09:28:26Z
303,2398/TB-TCHQ,28/03/2016,Tổng cục hải quan,"Chế phẩm thấm ướt, thành phần chính gồm chất hoạt động bề mặt anion, 3-metyl-3-heptanol, 2-propyl-1-pentanol..., trong môi trường nước, dạng lỏng, hàm lượng rắn 4,1%.",56477,305,16,TP_HO_CHI_MINH,Nguyễn Dương Thái,28/03/2016,https://files.customs.gov.vn/CustomsCMS/TP_HO_CHI_MINH/2020/Web/Data/DocumentAttachments/2398-TB-TCHQ.tif,https://www.customs.gov.vn/index.jsp?pageId=3&id=56477&cid=1294,2016,03/2016,2026-10-08T09:28:26Z
304,2399/TB-TCHQ,28/03/2016,Tổng cục hải quan,"Sodium stannate trihydrate, dạng bột.",53754,305,16,TP_HO_CHI_MINH,Nguyễn Dương Thái,28/03/2016,https://files.customs.gov.vn/CustomsCMS/TP_HO_CHI_MINH/2020/Web/Data/DocumentAttachments/2399-TB-TCHQ.tif,https://www.customs.gov.vn/index.jsp?pageId=3&id=53754&cid=1294,2016,03/2016,2026-10-08T09:28:26Z
305,2403/TB-TCHQ,28/03/2016,Tổng cục hải quan,"Chất phủ đi từ copolyme acrylat, đóng rắn bằng tia UV, phân tán trong môi trường không chứa nước.",53717,305,16,TP_HO_CHI_MINH,Nguyễn Dương Thái,28/03/2016,https://files.customs.gov.vn/CustomsCMS/TP_HO_CHI_MINH/2020/Web/Data/DocumentAttachments/2403-TB-TCHQ.tif,https://www.customs.gov.vn/index.jsp?pageId=3&id=53717&cid=1294,2016,03/2016,2026-10-08T09:28:26Z
306,2404/TB-TCHQ,28/03/2016,Tổng cục hải quan,"Dung dịch cellulose acetate butyrate phân tán trong dung môi hữu cơ, hàm lượng dung môi lớn hơn 50% tính theo trọng lượng.",55575,305,16,TP_HO_CHI_MINH,Nguyễn Dương Thái,28/03/2016,https://files.customs.gov.vn/CustomsCMS/TP_HO_CHI_MINH/2020/Web/Data/DocumentAttachments/2404-TB-TCHQ.tif,https://www.customs.gov.vn/index.jsp?pageId=3&id=55575&cid=1294,2016,03/2016,2026-10-08T09:28:26Z
307,2413/TB-TCHQ,28/03/2016,Tổng cục hải quan,"Chế phẩm hoạt động bề mặt cation, dạng lỏng, chưa đóng gói bán lẻ. Thành phần chính gồm các muối Alkyl(C12, 14, 16) benzyl dimethyl ammonium chlorides.",52458,305,16,TP_HO_CHI_MINH,Nguyễn Dương Thái,28/03/2016,https://files.customs.gov.vn/CustomsCMS/TP_HO_CHI_MINH/2020/Web/Data/DocumentAttachments/2413-TB-TCHQ.tif,https://www.customs.gov.vn/index.jsp?pageId=3&id=52458&cid=1294,2016,03/2016,2026-10-08T09:28:26Z
308,2415/TB-TCHQ,28/03/2016,Tổng cục hải quan,"Chế phẩm hóa chất dùng trong công nghiệp mạ, thành phần chính là muối amoni.",58238,305,16,TP_HO_CHI_MINH,Nguyễn Dương Thái,28/03/2016,https://files.customs.gov.vn/CustomsCMS/TP_HO_CHI_MINH/2020/Web/Data/DocumentAttachments/2415-TB-TCHQ.tif,https://www.customs.gov.vn/index.jsp?pageId=3&id=58238&cid=1294,2016,03/2016,2026-10-08T09:28:26Z
309,400/GSQL-TH,28/03/2016,Tổng cục hải quan,V/v Chuyển cửa khẩu hàng hóa từ kho CFS về kho ngoại quan (Công ty TNHH Asia Allance Holding Limited),66424,305,16,DONG_NAI,null,null,,https://www.customs.gov.vn/index.jsp?pageId=3&id=66424&cid=1294,2016,03/2016,2026-10-08T09:28:26Z
310,405/GSQL-TH,28/03/2016,Bộ Công nghiệp,V/v vướng mắc C/O form JV (công văn số 405/GSQL-TH ngày 28/3/2016).,55087,305,16,TP_HO_CHI_MINH,Âu Anh Tuấn,28/03/2016,https://files.customs.gov.vn/CustomsCMS/TP_HO_CHI_MINH/2020/Web/Data/DocumentAttachments/405-GSQL-TH.tif,https://www.customs.gov.vn/index.jsp?pageId=3&id=55087&cid=1294,2016,03/2016,2026-10-08T09:28:26Z
311,523/TXNK-CST,28/03/2016,Tổng cục hải quan,V/v Thuế tự vệ mặt hàng thép (Công ty CP Liên hiệp Kim Xuân),66425,305,16,DONG_NAI,null,null,,https://www.customs.gov.vn/index.jsp?pageId=3&id=66425&cid=1294,2016,03/2016,2026-10-08T09:28:26Z
312,592/QÐ-BTC,28/03/2016,Bộ Tài chính,"Quyết định thành lập địa điểm làm thủ tục hải quan tại cảng xuất khẩu, nhập khẩu hàng hóa được thành lập trong nội địa thuộc xã Phú Thạnh, huyện Nhơn Trạch, tỉnh Đồng Nai",55722,305,10,TP_HO_CHI_MINH,Đỗ Hoàng Anh Tuấn,28/03/2016,https://files.customs.gov.vn/CustomsCMS/TP_HO_CHI_MINH/2020/Web/Data/DocumentAttachments/592_QD-BTC_308071.doc,https://www.customs.gov.vn/index.jsp?pageId=3&id=55722&cid=1294,2016,03/2016,2026-10-08T09:28:26Z
313,592/QĐ-BTC,28/03/2016,Bộ Tài chính,"V/v Thành lập Địa điểm làm thủ tục hải quan tại cảng xuất khẩu, nhập khẩu hàng hóa được thành lập trong nội địa thuộc xã Phú Thạnh, huyện Nhơn Trạch, tỉnh Đồng Nai",66428,305,10,DONG_NAI,null,null,https://files.customs.gov.vn/DONG_NAI//Data/CV_BTC/592_QD_BTC_28_02_2016.PDF,https://www.customs.gov.vn/index.jsp?pageId=3&id=66428&cid=1294,2016,03/2016,2026-10-08T09:28:26Z
314,607/HQĐNa-GSQL,28/03/2016,Cục Hải Quan tỉnh Đồng Nai,V/v Xử lý nguyên liệu bị hư (Công ty TNHH Asaba Việt Nam Manufacturing),66418,305,16,DONG_NAI,null,null,https://files.customs.gov.vn/DONG_NAI//Data/Cv_Hqdn/607_HQDNa_GSQL_28_03_2016.pdf,https://www.customs.gov.vn/index.jsp?pageId=3&id=66418&cid=1294,2016,03/2016,2026-10-08T09:28:26Z
315,609/HQĐNa-GSQL,28/03/2016,Cục Hải Quan tỉnh Đồng Nai,"V/v Nhập khẩu máy móc thiết bị, dây chuyền công nghệ đã qua sử dụng",66417,305,16,DONG_NAI,null,null,https://files.customs.gov.vn/DONG_NAI//Data/Cv_Hqdn/609_HQDNa_GSQL_28_03_2016.pdf,https://www.customs.gov.vn/index.jsp?pageId=3&id=66417&cid=1294,2016,03/2016,2026-10-08T09:28:26Z
316,613/HQĐNa-GSQL,28/03/2016,Cục Hải Quan tỉnh Đồng Nai,V/v Hàng hóa thuộc diện khai báo Hóa chất gửi kho ngoại quan (Công ty CP ICD Tân cảng Long Bình),66419,305,16,DONG_NAI,null,null,https://files.customs.gov.vn/DONG_NAI//Data/Cv_Hqdn/613_HQDNa_GSQL_28_03_2016.pdf,https://www.customs.gov.vn/index.jsp?pageId=3&id=66419&cid=1294,2016,03/2016,2026-10-08T09:28:26Z
317,614/HQĐNa-GSQL,28/03/2016,Cục Hải Quan tỉnh Đồng Nai,V/v Hướng dẫn mã loại hình nhập khẩu hàng hóa không thanh toán phục vụ sản xuất (Công ty TNHH Asaba Việt Nam Manufacturing),66420,305,16,DONG_NAI,null,null,https://files.customs.gov.vn/DONG_NAI//Data/Cv_Hqdn/614_HQDNa_GSQL_28_03_2016.pdf,https://www.customs.gov.vn/index.jsp?pageId=3&id=66420&cid=1294,2016,03/2016,2026-10-08T09:28:26Z
318,616/HQĐNa-TXNK,28/03/2016,Cục Hải Quan tỉnh Đồng Nai,V/v Đăng ký danh mục hàng hóa nhập khẩu miễn thuế tạo TSCĐ (Công ty TNHH Hyosung Đồng Nai),66423,305,16,DONG_NAI,null,null,https://files.customs.gov.vn/DONG_NAI//Data/Cv_Hqdn/616_HQDNa_TXNK_28_03_2016.pdf,https://www.customs.gov.vn/index.jsp?pageId=3&id=66423&cid=1294,2016,03/2016,2026-10-08T09:28:26Z
319,617/HQĐNa-TXNK,28/03/2016,Cục Hải Quan tỉnh Đồng Nai,V/v Cấp bổ sung phiếu theo dõi trừ lùi (Công ty TNHH MTV tổng công ty phát điện 3),66422,305,16,DONG_NAI,null,null,https://files.customs.gov.vn/DONG_NAI//Data/Cv_Hqdn/617_HQDNa_TXNK_28_03_2016.pdf,https://www.customs.gov.vn/index.jsp?pageId=3&id=66422&cid=1294,2016,03/2016,2026-10-08T09:28:26Z
320,802/QÐ-TCHQ,28/03/2016,Tổng cục hải quan,Quyết định về việc ban hành quy chế tiếp công dân tại các đơn vị trong ngành hải quan,57657,305,10,TP_HO_CHI_MINH,Nguyễn Văn Cẩn,28/03/2016,"https://files.customs.gov.vn/CustomsCMS/TP_HO_CHI_MINH/2020/Web/Data/DocumentAttachments/802_QD-TCHQ_307630.doc,/CustomsCMS/TP_HO_CHI_MINH/2020/Web/Data/DocumentAttachments/Bieu_mau-802.doc",https://www.customs.gov.vn/index.jsp?pageId=3&id=57657&cid=1294,2016,03/2016,2026-10-08T09:28:26Z
321,2358/TCHQ-TXNK,25/03/2016,Tổng cục hải quan,V/v phân loại mặt hàng lò xo khí (gas spring).,57362,305,16,TP_HO_CHI_MINH,Nguyễn Dương Thái,25/03/2016,https://files.customs.gov.vn/CustomsCMS/TP_HO_CHI_MINH/2020/Web/Data/DocumentAttachments/2358-TCHQ-TXNK.tif,https://www.customs.gov.vn/index.jsp?pageId=3&id=57362&cid=1294,2016,03/2016,2026-10-08T09:28:26Z
322,3924/BTC-TCHQ,25/03/2016,Bộ Tài chính,V/v phân loại hàng hóa thuộc nhóm 18.06 và nhóm 19.02,55066,305,16,TP_HO_CHI_MINH,Nguyễn Dương Thái,25/03/2016,https://files.customs.gov.vn/CustomsCMS/TP_HO_CHI_MINH/2020/Web/Data/DocumentAttachments/3924-BTC-TCHQ.tif,https://www.customs.gov.vn/index.jsp?pageId=3&id=55066&cid=1294,2016,03/2016,2026-10-08T09:28:26Z
323,397/GSQL-TH,25/03/2016,Bộ Công nghiệp,V/v vướng mắc C/O (công văn số 397/GSQL-TH ngày 25/3/2016).,54414,305,16,TP_HO_CHI_MINH,Âu Anh Tuấn,25/03/2016,https://files.customs.gov.vn/CustomsCMS/TP_HO_CHI_MINH/2020/Web/Data/DocumentAttachments/397-GSQL-TH.tif,https://www.customs.gov.vn/index.jsp?pageId=3&id=54414&cid=1294,2016,03/2016,2026-10-08T09:28:26Z
324,2262/TB-TCHQ,24/03/2016,Tổng cục hải quan,"Thép hợp kim, nguyên tố Titan là nguyên tố duy nhất quyết định thép hợp kim, hàm lượng Ti ≈ 0,066% tính theo trọng lượng, dạng tấm, cán nóng, dày 12mm, rộng trên 600mm, chưa được tráng, phủ, mạ hoặc sơn.",58077,305,16,TP_HO_CHI_MINH,Nguyễn Dương Thái,24/03/2016,https://files.customs.gov.vn/CustomsCMS/TP_HO_CHI_MINH/2020/Web/Data/DocumentAttachments/2262-TB-TCHQ.tif,https://www.customs.gov.vn/index.jsp?pageId=3&id=58077&cid=1294,2016,03/2016,2026-10-08T09:28:26Z
325,2263/TB-TCHQ,24/03/2016,Tổng cục hải quan,"Vải dệt thoi vân điểm, thành phần 70% xơ staple polyester, 30% xơ bông, đã nhuộm, không tráng phủ hay ngâm tẩm, trọng lượng 392g/m2, dạng cuộn, khổ 1,56m.",57152,305,16,TP_HO_CHI_MINH,Nguyễn Dương Thái,24/03/2016,https://files.customs.gov.vn/CustomsCMS/TP_HO_CHI_MINH/2020/Web/Data/DocumentAttachments/2263-TB-TCHQ.tif,https://www.customs.gov.vn/index.jsp?pageId=3&id=57152&cid=1294,2016,03/2016,2026-10-08T09:28:26Z
326,2265/TB-TCHQ,24/03/2016,Tổng cục hải quan,"Chế phẩm có thành phần chính gồm Zinc, ZnO, Kaolin, TiO2, Calcium hydrogenorthophosphate, 2-Propanol, Isobutanol, Ethylbenzene và Xylene. Mẫu dùng kết hợp với mẫu IZ182LIQUID trở thành sơn chống ăn mòn dùng để sơn vỏ tàu thủy.",54988,305,16,TP_HO_CHI_MINH,Nguyễn Dương Thái,24/03/2016,https://files.customs.gov.vn/CustomsCMS/TP_HO_CHI_MINH/2020/Web/Data/DocumentAttachments/2265-TB-TCHQ.tif,https://www.customs.gov.vn/index.jsp?pageId=3&id=54988&cid=1294,2016,03/2016,2026-10-08T09:28:26Z
327,2266/TB-TCHQ,24/03/2016,Tổng cục hải quan,"Chế phẩm có thành phần chính gồm Polymer with ethylenediamine and formaldehyde, 2,4,6-Tris(Dimethylaminomethyl)phenol, Calcite, CaCO3 và Xylene. Mẫu dùng kết hợp với UNIPOXY PUTTY PTA trở thành ma tít hai thành phần dựa trên nhựa Epoxy.",54073,305,16,TP_HO_CHI_MINH,Nguyễn Dương Thái,24/03/2016,https://files.customs.gov.vn/CustomsCMS/TP_HO_CHI_MINH/2020/Web/Data/DocumentAttachments/2266-TB-TCHQ.tif,https://www.customs.gov.vn/index.jsp?pageId=3&id=54073&cid=1294,2016,03/2016,2026-10-08T09:28:26Z
328,2267/TB-TCHQ,24/03/2016,Tổng cục hải quan,"Chế phẩm có thành phần chính gồm Epoxy(~24%), Butyl glycidyl ether và xylene (~2%), Calcite và CaCO3(70%). Mẫu dùng kết hợp với mẫu UNIPOXY PUTTY PTB trở thành ma tít hai thành phần dựa trên nhựa Epoxy.",53358,305,16,TP_HO_CHI_MINH,Nguyễn Dương Thái,24/03/2016,https://files.customs.gov.vn/CustomsCMS/TP_HO_CHI_MINH/2020/Web/Data/DocumentAttachments/2267-TB-TCHQ.tif,https://www.customs.gov.vn/index.jsp?pageId=3&id=53358&cid=1294,2016,03/2016,2026-10-08T09:28:26Z
329,2268/TB-TCHQ,24/03/2016,Tổng cục hải quan,Zinc Potassium Chromate.,52918,305,16,TP_HO_CHI_MINH,Nguyễn Dương Thái,24/03/2016,https://files.customs.gov.vn/CustomsCMS/TP_HO_CHI_MINH/2020/Web/Data/DocumentAttachments/2268-TB-TCHQ.tif,https://www.customs.gov.vn/index.jsp?pageId=3&id=52918&cid=1294,2016,03/2016,2026-10-08T09:28:26Z
330,2269/TB-TCHQ,24/03/2016,Tổng cục hải quan,Sáp hydrocarbon có thành phần là hỗn hợp sáp paraffin và sáp hydrocarbon tổng hợp khác có khối lượng phân tử thấp.,58528,305,16,TP_HO_CHI_MINH,Nguyễn Dương Thái,24/03/2016,https://files.customs.gov.vn/CustomsCMS/TP_HO_CHI_MINH/2020/Web/Data/DocumentAttachments/2269-TB-TCHQ.tif,https://www.customs.gov.vn/index.jsp?pageId=3&id=58528&cid=1294,2016,03/2016,2026-10-08T09:28:26Z
331,2270/TB-TCHQ,24/03/2016,Tổng cục hải quan,"Gia vị hỗn hợp, dạng bột. Thành phần gồm: muối Natri clorua, đường sucroza, hàm lượng nitơ tổng 2.4%,...",54038,305,16,TP_HO_CHI_MINH,Nguyễn Dương Thái,24/03/2016,https://files.customs.gov.vn/CustomsCMS/TP_HO_CHI_MINH/2020/Web/Data/DocumentAttachments/2270-TB-TCHQ.tif,https://www.customs.gov.vn/index.jsp?pageId=3&id=54038&cid=1294,2016,03/2016,2026-10-08T09:28:26Z
332,2271/TB-TCHQ,24/03/2016,Tổng cục hải quan,"Kẹo sô cô la nhân táo, dạng khối dài ~ 3 cm, đóng gói 75g/túi.",57475,305,16,TP_HO_CHI_MINH,Nguyễn Dương Thái,24/03/2016,https://files.customs.gov.vn/CustomsCMS/TP_HO_CHI_MINH/2020/Web/Data/DocumentAttachments/2271-TB-TCHQ.tif,https://www.customs.gov.vn/index.jsp?pageId=3&id=57475&cid=1294,2016,03/2016,2026-10-08T09:28:26Z
333,2272/TB-TCHQ,24/03/2016,Tổng cục hải quan,"Kẹo sô cô la có chứa vỏ quả cam khô, dạng miếng, đóng gói 70g/túi.",56208,305,16,TP_HO_CHI_MINH,Nguyễn Dương Thái,24/03/2016,https://files.customs.gov.vn/CustomsCMS/TP_HO_CHI_MINH/2020/Web/Data/DocumentAttachments/2272-TB-TCHQ.tif,https://www.customs.gov.vn/index.jsp?pageId=3&id=56208&cid=1294,2016,03/2016,2026-10-08T09:28:26Z
334,2273/TB-TCHQ,24/03/2016,Tổng cục hải quan,"Bánh ngọt dẻo không nướng, hình tròn, có nhân, chứa tinh bột, đường, sản phẩm từ sữa, trà xanh, bột ca cao và các nguyên liệu khác, đóng gói 270g/hộp.",58530,305,16,TP_HO_CHI_MINH,Nguyễn Dương Thái,24/03/2016,https://files.customs.gov.vn/CustomsCMS/TP_HO_CHI_MINH/2020/Web/Data/DocumentAttachments/2273-TB-TCHQ.tif,https://www.customs.gov.vn/index.jsp?pageId=3&id=58530&cid=1294,2016,03/2016,2026-10-08T09:28:26Z
335,2274/TB-TCHQ,24/03/2016,Tổng cục hải quan,"Bánh quy ngọt có nhân, không chứa cacao, được chế biến từ bột mỳ, đường, sữa bột, trà xanh và các nguyên liệu khác, đóng gói 210g/túi.",55633,305,16,TP_HO_CHI_MINH,Nguyễn Dương Thái,24/03/2016,https://files.customs.gov.vn/CustomsCMS/TP_HO_CHI_MINH/2020/Web/Data/DocumentAttachments/2274-TB-TCHQ.tif,https://www.customs.gov.vn/index.jsp?pageId=3&id=55633&cid=1294,2016,03/2016,2026-10-08T09:28:26Z
336,2275/TB-TCHQ,24/03/2016,Tổng cục hải quan,"Bánh rán nhân mứt trà xanh, có vị ngọt được chế biến từ bột mỳ, trứng, trà xanh và các nguyên liệu khác, đóng gói 300g/túi.",53757,305,16,TP_HO_CHI_MINH,Nguyễn Dương Thái,24/03/2016,https://files.customs.gov.vn/CustomsCMS/TP_HO_CHI_MINH/2020/Web/Data/DocumentAttachments/2275-TB-TCHQ.tif,https://www.customs.gov.vn/index.jsp?pageId=3&id=53757&cid=1294,2016,03/2016,2026-10-08T09:28:26Z
337,2276/TB-TCHQ,24/03/2016,Tổng cục hải quan,"Bánh rán nhân đậu đỏ, có vị ngọt được chế biến từ bột mỳ, trứng, mật ong, đậu đỏ và các nguyên liệu khác, đóng gói 300g/gói.",55377,305,16,TP_HO_CHI_MINH,Nguyễn Dương Thái,24/03/2016,https://files.customs.gov.vn/CustomsCMS/TP_HO_CHI_MINH/2020/Web/Data/DocumentAttachments/2276-TB-TCHQ.tif,https://www.customs.gov.vn/index.jsp?pageId=3&id=55377&cid=1294,2016,03/2016,2026-10-08T09:28:26Z
338,2277/TB-TCHQ,24/03/2016,Tổng cục hải quan,"Bánh quy ngọt không nhân, hình tròn, không chứa ca cao, được chế biến từ bột mỳ, đường, trứng, dừa, bơ và các nguyên liệu khác, đóng gói 528g/hộp.",53159,305,16,TP_HO_CHI_MINH,Nguyễn Dương Thái,24/03/2016,https://files.customs.gov.vn/CustomsCMS/TP_HO_CHI_MINH/2020/Web/Data/DocumentAttachments/2277-TB-TCHQ.tif,https://www.customs.gov.vn/index.jsp?pageId=3&id=53159&cid=1294,2016,03/2016,2026-10-08T09:28:26Z
339,2278/TB-TCHQ,24/03/2016,Tổng cục hải quan,"Bánh rán nhân đậu đỏ và hạt dẻ, có vị ngọt được chế biến từ bột mỳ, trứng, mật ong, đậu đỏ, hạt dẻ và các nguyên liệu khác, đóng gói 300g/gói.",54854,305,16,TP_HO_CHI_MINH,Nguyễn Dương Thái,24/03/2016,https://files.customs.gov.vn/CustomsCMS/TP_HO_CHI_MINH/2020/Web/Data/DocumentAttachments/2278-TB-TCHQ.tif,https://www.customs.gov.vn/index.jsp?pageId=3&id=54854&cid=1294,2016,03/2016,2026-10-08T09:28:26Z
340,2279/TB-TCHQ,24/03/2016,Tổng cục hải quan,"Polyisocyanate từ Toluene diisocyanate ester trong dung môi có thành phần bao gồm hỗn họp alken và hỗn họp alkyl phenyl carbonate, ở dạng lỏng, hàm lượng dung môi 44.36%",56008,305,16,TP_HO_CHI_MINH,Nguyễn Dương Thái,24/03/2016,https://files.customs.gov.vn/CustomsCMS/TP_HO_CHI_MINH/2020/Web/Data/DocumentAttachments/2279-TB-TCHQ.tif,https://www.customs.gov.vn/index.jsp?pageId=3&id=56008&cid=1294,2016,03/2016,2026-10-08T09:28:26Z
341,2280/TB-TCHQ,24/03/2016,Tổng cục hải quan,"Chế phẩm pha loãng có thành phần bao gồm hỗn hợp alken và hỗn hợp alkyl phenyl carbonate, ở dạng lỏng.",53171,305,16,TP_HO_CHI_MINH,Nguyễn Dương Thái,24/03/2016,https://files.customs.gov.vn/CustomsCMS/TP_HO_CHI_MINH/2020/Web/Data/DocumentAttachments/2280-TB-TCHQ.tif,https://www.customs.gov.vn/index.jsp?pageId=3&id=53171&cid=1294,2016,03/2016,2026-10-08T09:28:26Z
342,595/HQĐNa-GSQL,24/03/2016,Cục Hải Quan tỉnh Đồng Nai,V/v hướng dẫn khai báo tờ khai chuyển mục đích sử dụng,66415,305,16,DONG_NAI,null,null,https://files.customs.gov.vn/DONG_NAI//Data/Cv_Hqdn/595_HQDNa_GSQL_24_03_2016.pdf,https://www.customs.gov.vn/index.jsp?pageId=3&id=66415&cid=1294,2016,03/2016,2026-10-08T09:28:26Z
343,2164/TCHQ-TXNK,23/03/2016,Tổng cục hải quan,V/v thực hiện hướng dẫn tại công văn 4582/BCT-XNK; công văn số 3415/BCT-XNK; công văn số 3933/BCT-XNK; công văn số 6260/BCT-XNK và công văn số 11819/BCT-XNK của Bộ Công Thương,55114,305,16,TP_HO_CHI_MINH,Nguyễn Hoàng Tuấn,23/03/2016,"https://files.customs.gov.vn/CustomsCMS/TP_HO_CHI_MINH/2020/Web/Data/DocumentAttachments/8104-TB-TCHQ.tif,/CustomsCMS/TP_HO_CHI_MINH/2020/Web/Data/DocumentAttachments/2164_TCHQ-TXNK_307171.doc",https://www.customs.gov.vn/index.jsp?pageId=3&id=55114&cid=1294,2016,03/2016,2026-10-08T09:28:26Z
344,2180-2226/TB-TCHQ,23/03/2016,null,"Kết quả phân loại đ/v hàng hóa XK, NK",75836,305,16,DA_NANG,Nguyễn Dương Thái,23/03/2016,https://files.customs.gov.vn/DA_NANG/Uploads/65e32243-11bf-4695-985d-c1563e8c13ba/4687.TIF,https://www.customs.gov.vn/index.jsp?pageId=3&id=75836&cid=1294,2016,03/2016,2026-10-08T09:28:26Z
345,2180/TB-TCHQ,23/03/2016,Tổng cục hải quan,"Băng dính từ plastic, chưa thấm tẩm dược chất, được bảo vệ bằng lớp giấy chống dính sử dụng cho mục đích y tế, dạng miếng kích thước 4.5x4.5cm, đóng gói bán lẻ.",56294,305,16,TP_HO_CHI_MINH,Nguyễn Dương Thái,23/03/2016,https://files.customs.gov.vn/CustomsCMS/TP_HO_CHI_MINH/2020/Web/Data/DocumentAttachments/2180-TB-TCHQ.tif,https://www.customs.gov.vn/index.jsp?pageId=3&id=56294&cid=1294,2016,03/2016,2026-10-08T09:28:26Z
346,2181/TB-TCHQ,23/03/2016,Tổng cục hải quan,"Băng dính từ plastic, chưa thấm tẩm dược chất, được bảo vệ bằng lớp giấy chống dính sử dụng cho mục đích y tế, dạng miếng kích thước 8.5x11.5cm, đóng gói bán lẻ.",53631,305,16,TP_HO_CHI_MINH,Nguyễn Dương Thái,23/03/2016,https://files.customs.gov.vn/CustomsCMS/TP_HO_CHI_MINH/2020/Web/Data/DocumentAttachments/2181-TB-TCHQ.tif,https://www.customs.gov.vn/index.jsp?pageId=3&id=53631&cid=1294,2016,03/2016,2026-10-08T09:28:26Z
347,2182/TB-TCHQ,23/03/2016,Tổng cục hải quan,"Băng dính từ plastic, chưa thấm tẩm dược chất, được bảo vệ bằng lớp giấy chống dính sử dụng cho mục đích y tế, dạng miếng kích thước 7x9cm, đóng gói bán lẻ.",57044,305,16,TP_HO_CHI_MINH,Nguyễn Dương Thái,23/03/2016,https://files.customs.gov.vn/CustomsCMS/TP_HO_CHI_MINH/2020/Web/Data/DocumentAttachments/2182-TB-TCHQ.tif,https://www.customs.gov.vn/index.jsp?pageId=3&id=57044&cid=1294,2016,03/2016,2026-10-08T09:28:26Z
348,2184/TB-TCHQ,23/03/2016,Tổng cục hải quan,Dung dịch natri peroxit.,58565,305,16,TP_HO_CHI_MINH,Nguyễn Dương Thái,23/03/2016,https://files.customs.gov.vn/CustomsCMS/TP_HO_CHI_MINH/2020/Web/Data/DocumentAttachments/2184-TB-TCHQ.tif,https://www.customs.gov.vn/index.jsp?pageId=3&id=58565&cid=1294,2016,03/2016,2026-10-08T09:28:26Z
349,2185/TB-TCHQ,23/03/2016,Tổng cục hải quan,"Chế phẩm hóa học dùng trong công nghiệp mạ có thành phần chính là Triisopropanolamine và phụ gia, dạng lỏng.",55411,305,16,TP_HO_CHI_MINH,Nguyễn Dương Thái,23/03/2016,https://files.customs.gov.vn/CustomsCMS/TP_HO_CHI_MINH/2020/Web/Data/DocumentAttachments/2185-TB-TCHQ.tif,https://www.customs.gov.vn/index.jsp?pageId=3&id=55411&cid=1294,2016,03/2016,2026-10-08T09:28:26Z
350,2186/TB-TCHQ,23/03/2016,Tổng cục hải quan,"Chế phẩm hóa học dùng trong công nghiệp mạ có thành phần chính là muối đồng sulphat và phụ gia, dạng lỏng.",56753,305,16,TP_HO_CHI_MINH,Nguyễn Dương Thái,23/03/2016,https://files.customs.gov.vn/CustomsCMS/TP_HO_CHI_MINH/2020/Web/Data/DocumentAttachments/2186-TB-TCHQ.tif,https://www.customs.gov.vn/index.jsp?pageId=3&id=56753&cid=1294,2016,03/2016,2026-10-08T09:28:26Z
351,2187-2341/TB-TCHQ,23/03/2016,null,"Kết quả phân loại đ/v hàng hóa XK, NK",75834,305,16,DA_NANG,Nguyễn Dương Thái,23/03/2016,https://files.customs.gov.vn/DA_NANG/Uploads/fe2c2b20-e548-4455-ad69-6d1829c3585f/1834 (Trả lời Tân Toàn Minh).jpg,https://www.customs.gov.vn/index.jsp?pageId=3&id=75834&cid=1294,2016,03/2016,2026-10-08T09:28:26Z
352,2187/TB-TCHQ,23/03/2016,Tổng cục hải quan,"Chế phẩm hóa học dùng trong công nghiệp mạ có thành phần chính là muối phosphat của natri, amoni và phụ gia, dạng lỏng.",58822,305,16,TP_HO_CHI_MINH,Nguyễn Dương Thái,23/03/2016,https://files.customs.gov.vn/CustomsCMS/TP_HO_CHI_MINH/2020/Web/Data/DocumentAttachments/2187-TB-TCHQ.tif,https://www.customs.gov.vn/index.jsp?pageId=3&id=58822&cid=1294,2016,03/2016,2026-10-08T09:28:26Z
353,2188/TB-TCHQ,23/03/2016,Tổng cục hải quan,"Chế phẩm hóa học dùng trong công nghiệp mạ có thành phần chính là muối sulphat, phosphat của niken và natri, dạng lỏng.",52558,305,16,TP_HO_CHI_MINH,Nguyễn Dương Thái,23/03/2016,https://files.customs.gov.vn/CustomsCMS/TP_HO_CHI_MINH/2020/Web/Data/DocumentAttachments/2188-TB-TCHQ.tif,https://www.customs.gov.vn/index.jsp?pageId=3&id=52558&cid=1294,2016,03/2016,2026-10-08T09:28:26Z
354,2189/TB-TCHQ,23/03/2016,Tổng cục hải quan,"Chế phẩm hóa học dùng trong công nghiệp mạ có thành phần chính là muối sulphat của niken và natri, dạng lỏng.",52742,305,16,TP_HO_CHI_MINH,Nguyễn Dương Thái,23/03/2016,https://files.customs.gov.vn/CustomsCMS/TP_HO_CHI_MINH/2020/Web/Data/DocumentAttachments/2189-TB-TCHQ.tif,https://www.customs.gov.vn/index.jsp?pageId=3&id=52742&cid=1294,2016,03/2016,2026-10-08T09:28:26Z
355,2190/TB-TCHQ,23/03/2016,Tổng cục hải quan,"Chế phấm hóa học dùng trong công nghiệp mạ có thành phần chính là muối đồng sulphat và phụ gia, dạng lỏng.",56087,305,16,TP_HO_CHI_MINH,Nguyễn Dương Thái,23/03/2016,https://files.customs.gov.vn/CustomsCMS/TP_HO_CHI_MINH/2020/Web/Data/DocumentAttachments/2190-TB-TCHQ.tif,https://www.customs.gov.vn/index.jsp?pageId=3&id=56087&cid=1294,2016,03/2016,2026-10-08T09:28:26Z
356,2245/TCHQ-TXNK,23/03/2016,Tổng cục hải quan,V/v áp dụng thời hạn nộp thuế 275 ngày.,54316,305,16,TP_HO_CHI_MINH,Nguyễn Dương Thái,23/03/2016,https://files.customs.gov.vn/CustomsCMS/TP_HO_CHI_MINH/2020/Web/Data/DocumentAttachments/2245-TCHQ-TXNK.tif,https://www.customs.gov.vn/index.jsp?pageId=3&id=54316&cid=1294,2016,03/2016,2026-10-08T09:28:26Z
357,392/GSQL-TH,23/03/2016,Bộ Công nghiệp,V/v vướng mắc C/O mẫu E (công văn số 392/GSQL-TH ngày 23/3/2016) - Cục Hải quan TP. Hải Phòng.,53112,305,16,TP_HO_CHI_MINH,Âu Anh Tuấn,23/03/2016,https://files.customs.gov.vn/CustomsCMS/TP_HO_CHI_MINH/2020/Web/Data/DocumentAttachments/392-GSQL-TH.tif,https://www.customs.gov.vn/index.jsp?pageId=3&id=53112&cid=1294,2016,03/2016,2026-10-08T09:28:26Z
358,580/HQĐNa-TXNK,23/03/2016,Cục Hải Quan tỉnh Đồng Nai,V/v Đăng ký danh mục hàng hóa nhập khẩu miễn thuế tạo TSCĐ (Công ty TNHH Great Kingdom International Corporation),66414,305,16,DONG_NAI,null,null,https://files.customs.gov.vn/DONG_NAI//Data/Cv_Hqdn/580_HQDNa_TXNK_23_03_2016.pdf,https://www.customs.gov.vn/index.jsp?pageId=3&id=66414&cid=1294,2016,03/2016,2026-10-08T09:28:26Z
359,0769/HQBRVT-GSQL,22/03/2016,Khác,V/v chuyển nhượng hàng hóa nhập khẩu miễn thuế,66416,305,16,DONG_NAI,null,null,https://files.customs.gov.vn/DONG_NAI//Data/Cv_Hqdn/769_BRVT_GSQL_22_03_2016.pdf,https://www.customs.gov.vn/index.jsp?pageId=3&id=66416&cid=1294,2016,03/2016,2026-10-08T09:28:26Z
360,108/QĐ-QLD,22/03/2016,Bộ Y tế,"V/v Ngừng xem xét, tiếp nhận hồ sơ nhập khẩu, hồ sơ đăng ký thuốc, đình chỉ lưu hành, thu hồi và rút số đăng ký lưu hành thuốc ra khỏi danh mục các thuốc được cấp số đăng ký tại Việt Nam",66431,305,10,DONG_NAI,null,null,https://files.customs.gov.vn/DONG_NAI//Data/Cv_BYT/108_QD_QLD_23_03_2016.PDF,https://www.customs.gov.vn/index.jsp?pageId=3&id=66431&cid=1294,2016,03/2016,2026-10-08T09:28:26Z
361,1656/QÐ-BCT,29/04/2016,Bộ Công thương,Quyết định kết quả rà soát lần thứ nhất việc áp dụng biện pháp chống bán phá giá đối với một số sản phẩm thép không gỉ cán nguội nhập khẩu,57848,305,10,TP_HO_CHI_MINH,Trần Tuấn Anh,14/05/2016,https://files.customs.gov.vn/CustomsCMS/TP_HO_CHI_MINH/2020/Web/Data/DocumentAttachments/1656_QD-BCT_310290.doc,https://www.customs.gov.vn/index.jsp?pageId=3&id=57848&cid=1294,2016,04/2016,2026-10-08T09:28:26Z
362,5863/BTC-TCHQ,29/04/2016,Bộ Tài chính,V/v Hàng hóa nhập khẩu cho hoạt động dầu khí (Tập đoàn Dầu khí Việt Nam),66471,305,16,DONG_NAI,null,null,,https://www.customs.gov.vn/index.jsp?pageId=3&id=66471&cid=1294,2016,04/2016,2026-10-08T09:28:26Z
363,772/TXNK-QLN,29/04/2016,null,Xác nhận nợ thuế,75898,305,16,DA_NANG,Lê Mạnh Hùng,29/04/2016,https://files.customs.gov.vn/DA_NANG/Uploads/65e32243-11bf-4695-985d-c1563e8c13ba/1_vanban_2016051116440600.tif,https://www.customs.gov.vn/index.jsp?pageId=3&id=75898&cid=1294,2016,04/2016,2026-10-08T09:28:26Z
364,897/HQĐNa-TXNK,29/04/2016,Cục Hải Quan tỉnh Đồng Nai,V/v Xem xét lại kết quả phân loại hàng hóa của mặt hàng Aquence KL 242-3051 210KG (Công ty TNHH Henkel Adhesive Technologies Việt Nam),66467,305,16,DONG_NAI,null,null,https://files.customs.gov.vn/DONG_NAI//Data/Cv_Hqdn/897_HQDNa_TXNK_29_04_2016(1).pdf,https://www.customs.gov.vn/index.jsp?pageId=3&id=66467&cid=1294,2016,04/2016,2026-10-08T09:28:26Z
365,904/HQĐNa-TXNK,29/04/2016,Cục Hải Quan tỉnh Đồng Nai,V/v Đăng ký danh mục hàng hóa nhập khẩu miễn thuế tạo TSCĐ (Công ty TNHH MTV Hans ViNa),66468,305,16,DONG_NAI,null,null,https://files.customs.gov.vn/DONG_NAI//Data/Cv_Hqdn/904_HQDNa_TXNK_29_04_2016.pdf,https://www.customs.gov.vn/index.jsp?pageId=3&id=66468&cid=1294,2016,04/2016,2026-10-08T09:28:26Z
366,908/QÐ-BTC,29/04/2016,Bộ Tài chính,Quyết định ban hành và hướng dẫn Danh mục hàng hoá rủi ro trong quản lý nhà nước về hải quan,57885,305,10,TP_HO_CHI_MINH,Đỗ Hoàng Anh Tuấn,29/04/2016,https://files.customs.gov.vn/CustomsCMS/TP_HO_CHI_MINH/2020/Web/Data/DocumentAttachments/908-qd-btc.pdf,https://www.customs.gov.vn/index.jsp?pageId=3&id=57885&cid=1294,2016,04/2016,2026-10-08T09:28:26Z
367,908/QĐ-BTC,29/04/2016,Bộ Tài chính,Quyết định 908/QĐ-BTC của Bộ Tài chính về việc ban hành và hướng dẫn Danh mục hàng hóa rủi ro trong quản lý Nhà nước về hải quan,40053,305,10,HA_TINH,Đỗ Hoàng Anh Tuấn,null,https://files.customs.gov.vn/CustomsCMS/HA_TINH/2020/upload/news/2016/05/607/file/908_QD-BTC_16231167.pdf,https://www.customs.gov.vn/index.jsp?pageId=3&id=40053&cid=1294,2016,04/2016,2026-10-08T09:28:26Z
368,395/HQQNA-KTSTQ,28/04/2016,null,Kết quả KTSTQ,75895,305,16,DA_NANG,VÕ Sĩ Quang,28/04/2016,https://files.customs.gov.vn/DA_NANG/Uploads/65e32243-11bf-4695-985d-c1563e8c13ba/5289.TIF,https://www.customs.gov.vn/index.jsp?pageId=3&id=75895&cid=1294,2016,04/2016,2026-10-08T09:28:26Z
369,602/GSQL-TH,28/04/2016,Bộ Công nghiệp,V/v vướng mắc C/O form D (công văn số 602/GSQL-TH ngày 28/4/2016) - Cục Hải quan TP. Cần Thơ.,54007,305,16,TP_HO_CHI_MINH,Nguyễn Nhất Kha,28/04/2016,https://files.customs.gov.vn/CustomsCMS/TP_HO_CHI_MINH/2020/Web/Data/DocumentAttachments/602-GSQL-TH.tif,https://www.customs.gov.vn/index.jsp?pageId=3&id=54007&cid=1294,2016,04/2016,2026-10-08T09:28:26Z
370,745-767/TXNK-QLN,27/04/2016,null,Xác nhận nợ thuế,75891,305,16,DA_NANG,Nguyễn Hải Trang,27/04/2016,https://files.customs.gov.vn/DA_NANG/Uploads/65e32243-11bf-4695-985d-c1563e8c13ba/5297.TIF,https://www.customs.gov.vn/index.jsp?pageId=3&id=75891&cid=1294,2016,04/2016,2026-10-08T09:28:26Z
371,123/TB-NHNN,27/04/2016,null,Thông báo tỷ giá tính chéo của đồng VN với một số ngoại tệ,75893,305,18,DA_NANG,Nguyễn Đức Long,27/04/2016,https://files.customs.gov.vn/DA_NANG/Uploads/65e32243-11bf-4695-985d-c1563e8c13ba/5299.TIF,https://www.customs.gov.vn/index.jsp?pageId=3&id=75893&cid=1294,2016,04/2016,2026-10-08T09:28:26Z
372,"3516,3553/TCHQ-TXNK",27/04/2016,null,"Lấy ý kiến dự thảo nghị định hướng dẫn Luật Thuế XK, NK (sửa đổi)",75889,305,16,DA_NANG,Vũ Ngọc Anh,27/04/2016,https://files.customs.gov.vn/DA_NANG/Uploads/65e32243-11bf-4695-985d-c1563e8c13ba/DỰ THẢO NGHỊ ĐỊNH LUẬT THUẾ XNK.rar,https://www.customs.gov.vn/index.jsp?pageId=3&id=75889&cid=1294,2016,04/2016,2026-10-08T09:28:26Z
373,3520/TCHQ-TXNK,27/04/2016,Tổng cục hải quan,Phân loại xe kéo đẩy tàu bay (Tổng Công ty Hàng không Việt Nam),66466,305,16,DONG_NAI,null,null,,https://www.customs.gov.vn/index.jsp?pageId=3&id=66466&cid=1294,2016,04/2016,2026-10-08T09:28:26Z
374,3540-3651/TB-TCHQ,27/04/2016,null,"Kết quả phân loại đ/v hàng hóa XK, NK",75888,305,18,DA_NANG,Nguyễn Dương Thái,27/04/2016,https://files.customs.gov.vn/DA_NANG/Uploads/65e32243-11bf-4695-985d-c1563e8c13ba/5296.TIF,https://www.customs.gov.vn/index.jsp?pageId=3&id=75888&cid=1294,2016,04/2016,2026-10-08T09:28:26Z
375,5678/BTC-CST,27/04/2016,Bộ Tài chính,V/v: chính sách thuế GTGT đối với động cơ máy thủy đồng bộ.,57737,305,16,TP_HO_CHI_MINH,Vũ Thị Mai,27/04/2016,https://files.customs.gov.vn/CustomsCMS/TP_HO_CHI_MINH/2020/Web/Data/DocumentAttachments/5678.tif,https://www.customs.gov.vn/index.jsp?pageId=3&id=57737&cid=1294,2016,04/2016,2026-10-08T09:28:26Z
376,08/VBHN-BNNPTN,26/04/2016,Bộ nông nghiệp và phát triển nông thôn,"Quyết Định về việc ban hành quy định nghiệm thu trồng rừng, khoanh nuôi xúc tiến tái sinh rừng, chăm sóc rừng trồng, bảo vệ rừng, khoanh nuôi phục hồi rừng tự nhiên",55326,305,10,TP_HO_CHI_MINH,Cao Đức Phát,26/04/2016,"https://files.customs.gov.vn/CustomsCMS/TP_HO_CHI_MINH/2020/Web/Data/DocumentAttachments/BIEU_MAU.docx,/CustomsCMS/TP_HO_CHI_MINH/2020/Web/Data/DocumentAttachments/08_VBHN-BNNPTNT_311782.doc",https://www.customs.gov.vn/index.jsp?pageId=3&id=55326&cid=1294,2016,04/2016,2026-10-08T09:28:26Z
377,133/QĐ-KV3,26/04/2016,null,"Quyết định v/v áp dụng biện pháp cưỡng chế dừng làm thủ tục hải quan đ/v hàng hóa XK, NK",75886,305,10,DA_NANG,Nguyễn Đình Nam,26/04/2016,https://files.customs.gov.vn/DA_NANG/Uploads/65e32243-11bf-4695-985d-c1563e8c13ba/5412.TIF,https://www.customs.gov.vn/index.jsp?pageId=3&id=75886&cid=1294,2016,04/2016,2026-10-08T09:28:26Z
378,3497/TCHQ-GSQL,26/04/2016,Tổng cục hải quan,V/v C/O mẫu AANZ (công văn số 3497/TCHQ-GSQL ngày 26/4/2016).,53365,305,16,TP_HO_CHI_MINH,Vũ Ngọc Anh,26/04/2016,https://files.customs.gov.vn/CustomsCMS/TP_HO_CHI_MINH/2020/Web/Data/DocumentAttachments/3497-TCHQ-GSQL.tif,https://www.customs.gov.vn/index.jsp?pageId=3&id=53365&cid=1294,2016,04/2016,2026-10-08T09:28:26Z
379,3461/TB-TCHQ,25/04/2016,null,"Kết quả phân loại đ/v hàng hóa XK, NK",75884,305,16,DA_NANG,Nguyễn Dương Thái,25/04/2016,https://files.customs.gov.vn/DA_NANG/Uploads/65e32243-11bf-4695-985d-c1563e8c13ba/5204.TIF,https://www.customs.gov.vn/index.jsp?pageId=3&id=75884&cid=1294,2016,04/2016,2026-10-08T09:28:26Z
380,1570/QĐ-BCT,25/04/2016,Bộ Giao thông vận tải,"Quyết định 1570/QĐ-BCT của Bộ Công Thương về việc bổ sung danh mục máy móc, thiết bị, vật tư, nguyên liệu trong nước đã sản xuất được",42267,305,10,QUANG_NAM,Cao Quốc Hưng,25/04/2016,https://files.customs.gov.vn/CustomsCMS/QUANG_NAM/2021/1/29/20160425_1570_QĐ-BCT.PDF,https://www.customs.gov.vn/index.jsp?pageId=3&id=42267&cid=1294,2016,04/2016,2026-10-08T09:28:26Z
381,3449/TCHQ-TXNK,25/04/2016,Tổng cục hải quan,"V/v Phân loại trước mặt hàng XNK mặt hàng ""Thanh ray dẫn điện"" (Công ty TNHH MHE-Demag Việt Nam)",66464,305,16,DONG_NAI,null,null,,https://www.customs.gov.vn/index.jsp?pageId=3&id=66464&cid=1294,2016,04/2016,2026-10-08T09:28:26Z
382,3474/TCHQ-GSQL,25/04/2016,null,Trả lời vướng mắc Thông tư 191/2015/TT-BTC,75885,305,16,DA_NANG,Vũ Ngọc Anh,25/04/2016,https://files.customs.gov.vn/DA_NANG/Uploads/65e32243-11bf-4695-985d-c1563e8c13ba/3474_ngày 25.4.2016 (HD TT191_2015_TT_BTC).tif,https://www.customs.gov.vn/index.jsp?pageId=3&id=75885&cid=1294,2016,04/2016,2026-10-08T09:28:26Z
383,3477/TCHQ-TXNK,25/04/2016,Tổng cục hải quan,V/v phân loại và xử lý thuế mặt hàng Cetaphil Gen Skin Clearser.,53272,305,16,TP_HO_CHI_MINH,Nguyễn Dương Thái,25/04/2016,https://files.customs.gov.vn/CustomsCMS/TP_HO_CHI_MINH/2020/Web/Data/DocumentAttachments/3477-TCHQ-TXNK.tif,https://www.customs.gov.vn/index.jsp?pageId=3&id=53272&cid=1294,2016,04/2016,2026-10-08T09:28:26Z
384,64/2016/TTLT-BTC-BVHTT,25/04/2016,Bộ Tài chính,"V/v Hướng dẫn thực hiện cơ chế một cửa quốc gia đối với thủ tục thẩm định nội dung đồ chơi trẻ em nhập khẩu thuộc phạm vi quản lý chuyên ngành của Bộ Văn hóa, Thể thao, du lịch",66677,305,4,DONG_NAI,null,null,https://files.customs.gov.vn/DONG_NAI//Data/CV_BTC/64_2016_TTLT_BTC_BVHTTDL_25_04_2016.pdf,https://www.customs.gov.vn/index.jsp?pageId=3&id=66677&cid=1294,2016,04/2016,2026-10-08T09:28:26Z
385,77/2016/TTLT-BTC-BVHTT,25/04/2016,Bộ Tài chính,V/v Hướng dẫn thực hiện cơ chế một cửa quốc gia đối với thủ tục kiểm tra nhà nước về chất lượng đối với hàng hóa nhập khẩu vào Việt Nam thuộc trách nhiệm quản lý của Bộ Khoa học và Công nghệ,66678,305,4,DONG_NAI,null,null,https://files.customs.gov.vn/DONG_NAI//Data/CV_BTC/77_2016_TTLT_BTC_BKHCN_03_06_2016.pdf,https://www.customs.gov.vn/index.jsp?pageId=3&id=66678&cid=1294,2016,04/2016,2026-10-08T09:28:26Z
386,844/HQĐNa-TXNK,25/04/2016,Cục Hải Quan tỉnh Đồng Nai,V/v Điều chỉnh Danh mục hàng hóa nhập khẩu miễn thuế tạo TSCĐ (Công ty TNHH Usfeed),66465,305,16,DONG_NAI,null,null,https://files.customs.gov.vn/DONG_NAI//Data/Cv_Hqdn/844_HQDNa_TXNK_25_04_2016.PDF,https://www.customs.gov.vn/index.jsp?pageId=3&id=66465&cid=1294,2016,04/2016,2026-10-08T09:28:26Z
387,1499/QĐ-BYT,22/04/2016,null,Rút giấy phép hoạt động về thuốc và nguyên liệu làm thuốc tại Việt Nam của 01 doanh nghiệp nước ngoài,75878,305,10,DA_NANG,Trương Quốc Cường,22/04/2016,https://files.customs.gov.vn/DA_NANG/Uploads/65e32243-11bf-4695-985d-c1563e8c13ba/1499.tif,https://www.customs.gov.vn/index.jsp?pageId=3&id=75878&cid=1294,2016,04/2016,2026-10-08T09:28:26Z
388,184/QĐ-NKCN,22/04/2016,null,"Quyết định v/v áp dụng biện pháp cưỡng chế dừng làm thủ tục hải quan đối với hàng hóa xuất khẩu, nhập khẩu",75879,305,10,DA_NANG,Nguyễn Văn Ngôn,22/04/2016,https://files.customs.gov.vn/DA_NANG/Uploads/65e32243-11bf-4695-985d-c1563e8c13ba/05302016vanban_2016053015225100.tif,https://www.customs.gov.vn/index.jsp?pageId=3&id=75879&cid=1294,2016,04/2016,2026-10-08T09:28:26Z
389,3431/TCHQ-TXNK,22/04/2016,null,Báo cáo số liệu nợ thuế,75880,305,16,DA_NANG,Nguyễn Hải Trang,22/04/2016,,https://www.customs.gov.vn/index.jsp?pageId=3&id=75880&cid=1294,2016,04/2016,2026-10-08T09:28:26Z
390,537/GSQL-TH,22/04/2016,Bộ Công nghiệp,V/v vướng mắc trên C/O mẫu E (công văn số 537/GSQL-TH ngày 22/4/2016).,55497,305,16,TP_HO_CHI_MINH,Âu Anh Tuấn,22/04/2016,https://files.customs.gov.vn/CustomsCMS/TP_HO_CHI_MINH/2020/Web/Data/DocumentAttachments/537-GSQL-TH.tif,https://www.customs.gov.vn/index.jsp?pageId=3&id=55497&cid=1294,2016,04/2016,2026-10-08T09:28:26Z
391,538/GSQL-TH,22/04/2016,Bộ Công nghiệp,"V/v vướng mắc C/O mẫu E, AK (công văn số 538/GSQL-TH ngày 22/4/2016).",58921,305,16,TP_HO_CHI_MINH,Âu Anh Tuấn,22/04/2016,https://files.customs.gov.vn/CustomsCMS/TP_HO_CHI_MINH/2020/Web/Data/DocumentAttachments/538-GSQL-TH.tif,https://www.customs.gov.vn/index.jsp?pageId=3&id=58921&cid=1294,2016,04/2016,2026-10-08T09:28:26Z
392,705-729/TXNK-QLN,22/04/2016,null,Xác nhận nợ thuế,75882,305,16,DA_NANG,Nguyễn Hải Trang,22/04/2016,https://files.customs.gov.vn/DA_NANG/Uploads/65e32243-11bf-4695-985d-c1563e8c13ba/5205.TIF,https://www.customs.gov.vn/index.jsp?pageId=3&id=75882&cid=1294,2016,04/2016,2026-10-08T09:28:26Z
393,825/HQĐNa-GSQL,22/04/2016,Cục Hải Quan tỉnh Đồng Nai,"V/v Hướng dẫn báo cáo quyết toán hàng giá công, sản xuất xuất khẩu và doanh nghiệp chế xuất",66461,305,16,DONG_NAI,null,null,https://files.customs.gov.vn/DONG_NAI//Data/Cv_Hqdn/825_HQDNa_GSQL_22_04_2016.PDF,https://www.customs.gov.vn/index.jsp?pageId=3&id=66461&cid=1294,2016,04/2016,2026-10-08T09:28:26Z
394,831/HQĐNa-GSQL,22/04/2016,Cục Hải Quan tỉnh Đồng Nai,V/v Dán nhãn năng lượng và kiểm tra hiệu suất năng lượng tối thiểu,66463,305,16,DONG_NAI,null,null,https://files.customs.gov.vn/DONG_NAI//Data/Cv_Hqdn/831_HQDNa_GSQL_22_04_2016.pdf,https://www.customs.gov.vn/index.jsp?pageId=3&id=66463&cid=1294,2016,04/2016,2026-10-08T09:28:26Z
395,1491/QĐ-BYT,21/04/2016,null,Rút giấy phép hoạt động về thuốc và nguyên liệu làm thuốc tại Việt Nam của 01 doanh nghiệp nước ngoài,75877,305,10,DA_NANG,Trương Quốc Cường,21/04/2016,https://files.customs.gov.vn/DA_NANG/Uploads/65e32243-11bf-4695-985d-c1563e8c13ba/1491_BYT.tif,https://www.customs.gov.vn/index.jsp?pageId=3&id=75877&cid=1294,2016,04/2016,2026-10-08T09:28:26Z
396,3389/TCHQ-TXNK,21/04/2016,Tổng cục hải quan,V/v Miễn thuế đối với hàng hóa nhập khẩu (Công ty Liên doanh Điều hành Vietgazprom),66459,305,16,DONG_NAI,null,null,,https://www.customs.gov.vn/index.jsp?pageId=3&id=66459&cid=1294,2016,04/2016,2026-10-08T09:28:26Z
397,3398/TCHQ-GSQL,21/04/2016,Tổng cục hải quan,V/v Vướng mắc thủ tục hải quan đối với loại hình gia công (HQ Hà Nội; Công ty TNHH An Lợi),66460,305,16,DONG_NAI,null,null,,https://www.customs.gov.vn/index.jsp?pageId=3&id=66460&cid=1294,2016,04/2016,2026-10-08T09:28:26Z
398,16/BXD-VLXD,20/04/2016,Bộ và ngang bộ,V/v hướng dẫn xuất khẩu sản phẩm hỗn hợp bột mì xay có chứa cao lanh.,58326,305,16,TP_HO_CHI_MINH,Phạm Văn Bắc,20/04/2016,https://files.customs.gov.vn/CustomsCMS/TP_HO_CHI_MINH/2020/Web/Data/DocumentAttachments/16-BXD-VLXD.tif,https://www.customs.gov.vn/index.jsp?pageId=3&id=58326&cid=1294,2016,04/2016,2026-10-08T09:28:26Z
399,2055/QÐ-HQHCM,20/04/2016,Bộ Thương Mại,"Quyết định về việc giao thực hiện thủ tục hải quan, kiểm tra, giám sát, kiểm soát hải quan đối với hàng hóa xuất khẩu, nhập khẩu tại kho ngoại quạn của Công ty TNHH MTV Transimex Hi Tech Park Logistics",56345,305,10,TP_HO_CHI_MINH,Nguyễn Hữu Nghiệp,20/04/2016,https://files.customs.gov.vn/CustomsCMS/TP_HO_CHI_MINH/2020/Web/Data/DocumentAttachments/2055-QD-HQHCM.tif,https://www.customs.gov.vn/index.jsp?pageId=3&id=56345&cid=1294,2016,04/2016,2026-10-08T09:28:26Z
400,3255/TB-TCHQ,20/04/2016,null,"Thông báo đính chính thông báo kết quả phân loại đ/v hàng hóa XK, NK",75874,305,16,DA_NANG,Hồ Thị Hạnh,20/04/2016,https://files.customs.gov.vn/DA_NANG/Uploads/65e32243-11bf-4695-985d-c1563e8c13ba/5148.TIF,https://www.customs.gov.vn/index.jsp?pageId=3&id=75874&cid=1294,2016,04/2016,2026-10-08T09:28:26Z
401,3256/TCHQ-TXNK,20/04/2016,Tổng cục hải quan,V/v hoàn thuế do bổ sung C/O (công văn số 3256/TCHQ-TXNK ngày 20/4/2016).,55725,305,16,TP_HO_CHI_MINH,Nguyễn Dương Thái,20/04/2016,https://files.customs.gov.vn/CustomsCMS/TP_HO_CHI_MINH/2020/Web/Data/DocumentAttachments/3256-TCHQ-TXNK.tif,https://www.customs.gov.vn/index.jsp?pageId=3&id=55725&cid=1294,2016,04/2016,2026-10-08T09:28:26Z
402,3257-3329/TB-CTHQ,20/04/2016,null,"Kết quả phân loại đ/v hàng hóa XK, NK",75876,305,16,DA_NANG,Nguyễn Dương Thái,20/04/2016,https://files.customs.gov.vn/DA_NANG/Uploads/65e32243-11bf-4695-985d-c1563e8c13ba/5152.TIF,https://www.customs.gov.vn/index.jsp?pageId=3&id=75876&cid=1294,2016,04/2016,2026-10-08T09:28:26Z
403,3286/TB-TCHQ,20/04/2016,Tổng cục hải quan,"Chế phẩm thực phẩm không đồng nhất (dạng thạch mềm có lẫn những khối thạch vuông và dai) có thành phần chính gồm đường khử, sản phẩm từ sữa, chất làm đặc, hương trái cây và phụ gia, đã đóng gói bán lẻ (110g/chiếc, khối lượng tịnh 720g/hộp).",55649,305,16,TP_HO_CHI_MINH,Nguyễn Dương Thái,20/04/2016,https://files.customs.gov.vn/CustomsCMS/TP_HO_CHI_MINH/2020/Web/Data/DocumentAttachments/3286-TB-TCHQ.tif,https://www.customs.gov.vn/index.jsp?pageId=3&id=55649&cid=1294,2016,04/2016,2026-10-08T09:28:26Z
404,571/SCT0QLXNK,20/04/2016,null,Xét chọn DN xuất khẩu uy tín 2015,75873,305,18,DA_NANG,Nguyễn Hà Bắc,20/04/2016,https://files.customs.gov.vn/DA_NANG/Uploads/65e32243-11bf-4695-985d-c1563e8c13ba/5142.TIF,https://www.customs.gov.vn/index.jsp?pageId=3&id=75873&cid=1294,2016,04/2016,2026-10-08T09:28:26Z
405,63/2016/TTLT-BTC-BGT,20/04/2016,null,"Hướng dẫn việc cung cấp thông tin, phối hợp xây dựng cơ sở hạ tầng; phối hợp kiểm tra, giám sát hàng hóa xuất khẩu, nhập khẩu, phương tiện vận tải xuất cảnh, nhập cảnh, quá cảnh, hành lý của hành khách xuất cảnh, nhập cảnh tại cửa khẩu cảng biển, cản",67452,305,18,CAN_THO,null,08/06/2016,https://files.customs.gov.vn/CAN_THO/63-TTLT-BTC-BGTVT.pdf,https://www.customs.gov.vn/index.jsp?pageId=3&id=67452&cid=1294,2016,04/2016,2026-10-08T09:28:26Z
406,73/QĐ-HQQNA,20/04/2016,null,"Quyết định v/v ấn định thuế đ/v hàng hóa XK, NK",75872,305,16,DA_NANG,Võ Sĩ Quang,20/04/2016,https://files.customs.gov.vn/DA_NANG/Uploads/65e32243-11bf-4695-985d-c1563e8c13ba/5290.TIF,https://www.customs.gov.vn/index.jsp?pageId=3&id=75872&cid=1294,2016,04/2016,2026-10-08T09:28:26Z
407,797/HQĐNa-TCCB,20/04/2016,Cục Hải Quan tỉnh Đồng Nai,"V/v Tham dự lớp ""Đào tạo tổng quan về phát triển quan hệ đối tác HQ-DN""",66451,305,16,DONG_NAI,null,null,https://files.customs.gov.vn/DONG_NAI//Data/Cv_Hqdn/797_HQDNa_TCCB_20_04_2016.pdf,https://www.customs.gov.vn/index.jsp?pageId=3&id=66451&cid=1294,2016,04/2016,2026-10-08T09:28:26Z
408,107/2016/QH13,19/04/2016,null,"Luật thuế xuất khẩu, thuế nhập khẩu",76122,305,13,DA_NANG,Nguyễn Thị Kim Ngân,01/09/2016,"https://files.customs.gov.vn/DA_NANG/Uploads/65e32243-11bf-4695-985d-c1563e8c13ba/1_Luat thue xuat khau, thue nhap khau 2016.pdf",https://www.customs.gov.vn/index.jsp?pageId=3&id=76122&cid=1294,2016,04/2016,2026-10-08T09:28:26Z
409,2261-2263/QĐ-HQSB,19/04/2016,null,"Quyết định v/v áp dụng biện pháp cưỡng chế dừng làm thủ tục hải quan đ/v hàng hóa XK, NK",75869,305,10,DA_NANG,Đỗ Thanh Quang,19/04/2016,https://files.customs.gov.vn/DA_NANG/Uploads/65e32243-11bf-4695-985d-c1563e8c13ba/5094.TIF,https://www.customs.gov.vn/index.jsp?pageId=3&id=75869&cid=1294,2016,04/2016,2026-10-08T09:28:26Z
410,3204-3229/TB-TCHQ,19/04/2016,null,"Kết quả phân loại đ/v hàng hóa XK, NK",75870,305,18,DA_NANG,Nguyễn Dương Thái,19/04/2016,https://files.customs.gov.vn/DA_NANG/Uploads/65e32243-11bf-4695-985d-c1563e8c13ba/5106.TIF,https://www.customs.gov.vn/index.jsp?pageId=3&id=75870&cid=1294,2016,04/2016,2026-10-08T09:28:26Z
411,3228/TB-TCHQ,19/04/2016,Tổng cục hải quan,"Chế phẩm thực phẩm gồm Pectin (~49,28%), đường sucrose (~45,47%) và muối khoáng (1,53%), hàm ẩm (~3,72%).",54363,305,16,TP_HO_CHI_MINH,Nguyễn Dương Thái,19/04/2016,https://files.customs.gov.vn/CustomsCMS/TP_HO_CHI_MINH/2020/Web/Data/DocumentAttachments/3228-TB-TCHQ.tif,https://www.customs.gov.vn/index.jsp?pageId=3&id=54363&cid=1294,2016,04/2016,2026-10-08T09:28:26Z
412,527/GSQL-GQ2,19/04/2016,Tổng cục hải quan,"V/v Xuất khẩu phế liệu, phế thải (Công ty TNHH Samsung Electro-Mechanics Việt Nam)",66454,305,16,DONG_NAI,null,null,,https://www.customs.gov.vn/index.jsp?pageId=3&id=66454&cid=1294,2016,04/2016,2026-10-08T09:28:26Z
413,5274/BTC-TCHQ,19/04/2016,Bộ Tài chính,V/v Miễn thuế hàng quà tặng (Chùa Hà Tiên),66458,305,16,DONG_NAI,null,null,,https://www.customs.gov.vn/index.jsp?pageId=3&id=66458&cid=1294,2016,04/2016,2026-10-08T09:28:26Z
414,528/GSQL-GQ2,19/04/2016,Tổng cục hải quan,V/v Hướng dẫn thủ tục hải quan (Công ty TNHH Canon Việt Nam),66453,305,16,DONG_NAI,null,null,,https://www.customs.gov.vn/index.jsp?pageId=3&id=66453&cid=1294,2016,04/2016,2026-10-08T09:28:26Z
415,902.911.912/TXNK-QLN,17/04/2016,null,Xác nhận nợ thuế,75867,305,16,DA_NANG,Nguyễn Hải Trang,17/04/2016,https://files.customs.gov.vn/DA_NANG/Uploads/65e32243-11bf-4695-985d-c1563e8c13ba/5566.TIF,https://www.customs.gov.vn/index.jsp?pageId=3&id=75867&cid=1294,2016,04/2016,2026-10-08T09:28:26Z
416,498/GSQL-GQ2,15/04/2016,Tổng cục hải quan,V/v Hướng dẫn thủ tục hải quan (Công ty TNHH Panasonic System Network Việt Nam),66455,305,16,DONG_NAI,null,null,,https://www.customs.gov.vn/index.jsp?pageId=3&id=66455&cid=1294,2016,04/2016,2026-10-08T09:28:26Z
417,499/GSQL-TH,15/04/2016,Bộ Công nghiệp,V/v vướng mắc C/O mẫu E (công văn số 499/GSQL-TH ngày 15/4/2016).,58806,305,16,TP_HO_CHI_MINH,Âu Anh Tuấn,15/04/2016,https://files.customs.gov.vn/CustomsCMS/TP_HO_CHI_MINH/2020/Web/Data/DocumentAttachments/499-GSQL-TH.tif,https://www.customs.gov.vn/index.jsp?pageId=3&id=58806&cid=1294,2016,04/2016,2026-10-08T09:28:26Z
418,522/GSQL-TH,15/04/2016,Bộ Công nghiệp,V/v vướng mắc C/O mẫu E (công văn số 522/GSQL-TH ngày 15/4/2016).,57686,305,16,TP_HO_CHI_MINH,Âu Anh Tuấn,15/04/2016,https://files.customs.gov.vn/CustomsCMS/TP_HO_CHI_MINH/2020/Web/Data/DocumentAttachments/522-GSQL-TH.tif,https://www.customs.gov.vn/index.jsp?pageId=3&id=57686&cid=1294,2016,04/2016,2026-10-08T09:28:26Z
419,523/GSQL-TH,15/04/2016,Bộ Công nghiệp,V/v vướng mắc trên C/O mẫu E (công văn số 523/GSQL-TH ngày 15/4/2016).,56060,305,16,TP_HO_CHI_MINH,Âu Anh Tuấn,15/04/2016,https://files.customs.gov.vn/CustomsCMS/TP_HO_CHI_MINH/2020/Web/Data/DocumentAttachments/523-GSQL-TH.tif,https://www.customs.gov.vn/index.jsp?pageId=3&id=56060&cid=1294,2016,04/2016,2026-10-08T09:28:26Z
420,525/GSQL-GQ1,15/04/2016,null,"Tổ chức được Bộ Xây dựng chỉ định thử nghiệm, chứng nhận chất lượng sản phẩm, hàng hóa vật liệu xây dựng",75865,305,16,DA_NANG,Ngô Minh Hải,15/04/2016,https://files.customs.gov.vn/DA_NANG/Uploads/65e32243-11bf-4695-985d-c1563e8c13ba/525_ngày 15.4.2016 (Tổ chức được Bộ XD chỉ định thử nghiệm).tif,https://www.customs.gov.vn/index.jsp?pageId=3&id=75865&cid=1294,2016,04/2016,2026-10-08T09:28:26Z
421,666/TXNK-CST,15/04/2016,Tổng cục hải quan,V/v Thuế suất thuế GTGT mặt hàng rong biển sơ chế sấy khô và nước bắp (Công ty TNHH Hoàng Long Cargo),66457,305,16,DONG_NAI,null,null,,https://www.customs.gov.vn/index.jsp?pageId=3&id=66457&cid=1294,2016,04/2016,2026-10-08T09:28:26Z
422,668-677/TXNK-QLN,15/04/2016,null,Xác nhận nợ thuế,75866,305,18,DA_NANG,Lê Mạnh Hùng,15/04/2016,https://files.customs.gov.vn/DA_NANG/Uploads/65e32243-11bf-4695-985d-c1563e8c13ba/5147.TIF,https://www.customs.gov.vn/index.jsp?pageId=3&id=75866&cid=1294,2016,04/2016,2026-10-08T09:28:26Z
423,669/TXNK-CST,15/04/2016,Tổng cục hải quan,V/v Ưu đãi thuế nhập khẩu và thuế GTGT (Công ty Cổ phần ViệtDutch quốc tế),66456,305,16,DONG_NAI,null,null,,https://www.customs.gov.vn/index.jsp?pageId=3&id=66456&cid=1294,2016,04/2016,2026-10-08T09:28:26Z
424,3140/TCHQ-TXNK,14/04/2016,null,Ban hành thông báo phân loại,75863,305,16,DA_NANG,Trịnh Mạc Linh,14/04/2016,https://files.customs.gov.vn/DA_NANG/Uploads/65e32243-11bf-4695-985d-c1563e8c13ba/5058.TIF,https://www.customs.gov.vn/index.jsp?pageId=3&id=75863&cid=1294,2016,04/2016,2026-10-08T09:28:26Z
425,495/GSQL-GQ2,14/04/2016,Tổng cục hải quan,V/v Hướng dẫn thủ tục hải quan (Công ty TNHH Toyo Ink Compounds Việt Nam),66450,305,16,DONG_NAI,null,null,,https://www.customs.gov.vn/index.jsp?pageId=3&id=66450&cid=1294,2016,04/2016,2026-10-08T09:28:26Z
426,785/HQĐNa-TXNK,14/04/2016,Cục Hải Quan tỉnh Đồng Nai,V/v Điều chỉnh Danh mục hàng hóa nhập khẩu miễn thuế tạo TSCĐ (Công ty TNHH đầu tư SX và phát triển nông nghiệp Vineco),66446,305,16,DONG_NAI,null,null,https://files.customs.gov.vn/DONG_NAI//Data/Cv_Hqdn/785_HQDNa_TXNK_14_04_2016.pdf,https://www.customs.gov.vn/index.jsp?pageId=3&id=66446&cid=1294,2016,04/2016,2026-10-08T09:28:26Z
427,787/HQĐNa-GSQL,14/04/2016,Cục Hải Quan tỉnh Đồng Nai,V/v Khai báo hóa chất đối với hàng hóa gửi kho ngoại quan,66449,305,16,DONG_NAI,null,null,https://files.customs.gov.vn/DONG_NAI//Data/Cv_Hqdn/787_HQDNa_GSQL_14_04_2016.pdf,https://www.customs.gov.vn/index.jsp?pageId=3&id=66449&cid=1294,2016,04/2016,2026-10-08T09:28:26Z
428,108/TB-NHNN,13/04/2016,null,Thông báo tỷ giá tính chéo của đồng VN với một số ngoại tệ,75860,305,18,DA_NANG,Nguyễn Đức Long,13/04/2016,https://files.customs.gov.vn/DA_NANG/Uploads/65e32243-11bf-4695-985d-c1563e8c13ba/5057.TIF,https://www.customs.gov.vn/index.jsp?pageId=3&id=75860&cid=1294,2016,04/2016,2026-10-08T09:28:26Z
429,3060/TCHQ-TXNK,13/04/2016,Tổng cục hải quan,V/v thực hiện kiến nghị của KTNN.,52720,305,16,TP_HO_CHI_MINH,Nguyễn Dương Thái,13/04/2016,https://files.customs.gov.vn/CustomsCMS/TP_HO_CHI_MINH/2020/Web/Data/DocumentAttachments/3060-TCHQ-TXNK.tif,https://www.customs.gov.vn/index.jsp?pageId=3&id=52720&cid=1294,2016,04/2016,2026-10-08T09:28:26Z
430,3063/TB-TCHQ,13/04/2016,Tổng cục hải quan,"Vải dệt thoi kiểu vân điểm, thành phần 100% xơ polyester, được tẩm chất có chứa bột kim loại tạo tính dẫn điện, một mặt phủ keo dính, trọng lượng 199 g/m2, dạng cuộn, khổ rộng 9,5cm.",58642,305,16,TP_HO_CHI_MINH,Nguyễn Dương Thái,13/04/2016,https://files.customs.gov.vn/CustomsCMS/TP_HO_CHI_MINH/2020/Web/Data/DocumentAttachments/3063-TB-TCHQ.tif,https://www.customs.gov.vn/index.jsp?pageId=3&id=58642&cid=1294,2016,04/2016,2026-10-08T09:28:26Z
431,3065/TB-TCHQ,13/04/2016,Tổng cục hải quan,Chế phẩm ổn định cao su hoặc plastic có thành phần chính là bumetrizole và dẫn xuất của sebacate phân tán trong polyethylene.,55536,305,16,TP_HO_CHI_MINH,Nguyễn Dương Thái,13/04/2016,https://files.customs.gov.vn/CustomsCMS/TP_HO_CHI_MINH/2020/Web/Data/DocumentAttachments/3065-TB-TCHQ.tif,https://www.customs.gov.vn/index.jsp?pageId=3&id=55536&cid=1294,2016,04/2016,2026-10-08T09:28:26Z
432,3067/TB-TCHQ,13/04/2016,Tổng cục hải quan,"Keo từ polyuretan trong dung môi hữu cơ etyl axetat, metyl etyl xeton..., dạng lỏng, hàm lượng rắn 26,1.",54627,305,16,TP_HO_CHI_MINH,Nguyễn Dương Thái,13/04/2016,https://files.customs.gov.vn/CustomsCMS/TP_HO_CHI_MINH/2020/Web/Data/DocumentAttachments/3067-TB-TCHQ.tif,https://www.customs.gov.vn/index.jsp?pageId=3&id=54627&cid=1294,2016,04/2016,2026-10-08T09:28:26Z
433,3068/TB-TCHQ,13/04/2016,Tổng cục hải quan,"Hỗn hợp dung môi hữu cơ, thành phần chính là axeton, metyl etyl xeton, cyclohexan..., dạng lỏng.",52858,305,16,TP_HO_CHI_MINH,Nguyễn Dương Thái,13/04/2016,https://files.customs.gov.vn/CustomsCMS/TP_HO_CHI_MINH/2020/Web/Data/DocumentAttachments/3068-TB-TCHQ.tif,https://www.customs.gov.vn/index.jsp?pageId=3&id=52858&cid=1294,2016,04/2016,2026-10-08T09:28:26Z
434,3084-3093/TB-TCHQ,13/04/2016,null,"Kết quả phân loại đ/v hàng hóa XK, NK",75862,305,18,DA_NANG,Nguyễn Dương Thái,13/04/2016,https://files.customs.gov.vn/DA_NANG/Uploads/65e32243-11bf-4695-985d-c1563e8c13ba/5055.TIF,https://www.customs.gov.vn/index.jsp?pageId=3&id=75862&cid=1294,2016,04/2016,2026-10-08T09:28:26Z
435,3091/TB-TCHQ,13/04/2016,Tổng cục hải quan,"Muối amoni clorua (46,78%) và hỗn hợp các amino axit trong đó thành phần chính là axit glutamic (8,17%), dạng bột.",55487,305,16,TP_HO_CHI_MINH,Nguyễn Dương Thái,13/04/2016,https://files.customs.gov.vn/CustomsCMS/TP_HO_CHI_MINH/2020/Web/Data/DocumentAttachments/3091-TB-TCHQ.tif,https://www.customs.gov.vn/index.jsp?pageId=3&id=55487&cid=1294,2016,04/2016,2026-10-08T09:28:26Z
436,3242/BCT-HC,13/04/2016,Bộ Công thương,V/v Giải đáp nội dung liên quan đến khai báo hóa chất và Giấy phép nhập khẩu hóa chất (Công ty vận tải quốc tế Nhật Việt; Công ty CP hóa dầu Vạn An),66452,305,16,DONG_NAI,null,null,https://files.customs.gov.vn/DONG_NAI//Data/CV_BCT/3242_BCT_HC_13_04_2016.PDF,https://www.customs.gov.vn/index.jsp?pageId=3&id=66452&cid=1294,2016,04/2016,2026-10-08T09:28:26Z
437,767/HQĐNa-VP,13/04/2016,Cục Hải Quan tỉnh Đồng Nai,"V/v Nghỉ lễ ngày Giỗ Tổ Hùng Vương, 30/04 và 01/05",66444,305,16,DONG_NAI,null,null,https://files.customs.gov.vn/DONG_NAI//Data/Cv_Hqdn/767_HQDNa_VP_13_04_2016.pdf,https://www.customs.gov.vn/index.jsp?pageId=3&id=66444&cid=1294,2016,04/2016,2026-10-08T09:28:26Z
438,898/HQHCM-GSQL,13/04/2016,Bộ Thương Mại,V/v hướng dẫn thủ tục hải quan đối với mặt hàng thép nhập khẩu theo loại hình tạm nhập-tái xuất,53565,305,16,TP_HO_CHI_MINH,Lê Văn Triến,13/04/2016,https://files.customs.gov.vn/CustomsCMS/TP_HO_CHI_MINH/2020/Web/Data/DocumentAttachments/898-HQHCM-GSQL.tif,https://www.customs.gov.vn/index.jsp?pageId=3&id=53565&cid=1294,2016,04/2016,2026-10-08T09:28:26Z
439,901/HQHCM-GSQL,13/04/2016,Bộ Thương Mại,V/v hướng dẫn thủ tục hải quan,53311,305,16,TP_HO_CHI_MINH,Nguyễn Thanh Long,13/04/2016,https://files.customs.gov.vn/CustomsCMS/TP_HO_CHI_MINH/2020/Web/Data/DocumentAttachments/901-HQHCM-GSQL.tif,https://www.customs.gov.vn/index.jsp?pageId=3&id=53311&cid=1294,2016,04/2016,2026-10-08T09:28:26Z
440,142/2016/QH13,12/04/2016,Quốc hội,Nghị quyết 142/2016/QH13 về kế hoạch phát triển kinh tế - xã hội 5 năm 2016 - 2020 do Quốc hội ban hành,52387,305,7,TP_HO_CHI_MINH,Nguyễn Thị Kim Ngân,12/04/2016,https://files.customs.gov.vn/CustomsCMS/TP_HO_CHI_MINH/2020/Web/Data/DocumentAttachments/142_2016_QH13_310005.doc,https://www.customs.gov.vn/index.jsp?pageId=3&id=52387&cid=1294,2016,04/2016,2026-10-08T09:28:26Z
441,2959/TB-TCHQ,12/04/2016,Tổng cục hải quan,"Chế phẩm hóa học dùng trong xi mạ, thành phần chính gồm kali hydroxit, kali phosphat..., trong môi trường nước, hàm lượng rắn 59,4%. (Theo tài liệu kỹ thuật xác định “Tẩy dầu tính kiềm mạnh”).",57607,305,16,TP_HO_CHI_MINH,Nguyễn Dương Thái,12/04/2016,https://files.customs.gov.vn/CustomsCMS/TP_HO_CHI_MINH/2020/Web/Data/DocumentAttachments/2959-TB-TCHQ.tif,https://www.customs.gov.vn/index.jsp?pageId=3&id=57607&cid=1294,2016,04/2016,2026-10-08T09:28:26Z
442,2960/TB-TCHQ,12/04/2016,Tổng cục hải quan,"Chất phủ từ copolyme maleic anhydric, dihydrogen hexafluorotitanate, nước, hàm lượng rắn 1,6%.",53972,305,16,TP_HO_CHI_MINH,Nguyễn Dương Thái,12/04/2016,https://files.customs.gov.vn/CustomsCMS/TP_HO_CHI_MINH/2020/Web/Data/DocumentAttachments/2960-TB-TCHQ.tif,https://www.customs.gov.vn/index.jsp?pageId=3&id=53972&cid=1294,2016,04/2016,2026-10-08T09:28:26Z
443,2961/TB-TCHQ,12/04/2016,Tổng cục hải quan,"Chế phẩm hoạt động bề mặt không phân ly trong môi trường nước, hàm lượng rắn 87,2%.",53141,305,16,TP_HO_CHI_MINH,Nguyễn Dương Thái,12/04/2016,https://files.customs.gov.vn/CustomsCMS/TP_HO_CHI_MINH/2020/Web/Data/DocumentAttachments/2961-TB-TCHQ.tif,https://www.customs.gov.vn/index.jsp?pageId=3&id=53141&cid=1294,2016,04/2016,2026-10-08T09:28:26Z
444,2962/TB-TCHQ,12/04/2016,Tổng cục hải quan,"Thanh xoay bi van (STEM) để đóng mở van, bằng hợp kim đồng, bộ phận của van bi (Ball Valve) có đường kính trong nhỏ hơn 25mm.",57451,305,16,TP_HO_CHI_MINH,Nguyễn Dương Thái,12/04/2016,https://files.customs.gov.vn/CustomsCMS/TP_HO_CHI_MINH/2020/Web/Data/DocumentAttachments/2962-TB-TCHQ.tif,https://www.customs.gov.vn/index.jsp?pageId=3&id=57451&cid=1294,2016,04/2016,2026-10-08T09:28:26Z
445,2963/TB-TCHQ,12/04/2016,Tổng cục hải quan,"Thép hợp kim, hàm lượng Cr ≈ 0,82% tính theo trọng lượng, Cr là nguyên tố duy nhất quyết định thép hợp kim, dạng thanh, mặt cắt ngang dạng hình chữ nhật, cán nóng, kích thước dày x rộng x dài (7x60x6000)mm, chưa tráng phủ mạ hoặc sơn.",53175,305,16,TP_HO_CHI_MINH,Nguyễn Dương Thái,12/04/2016,https://files.customs.gov.vn/CustomsCMS/TP_HO_CHI_MINH/2020/Web/Data/DocumentAttachments/2963-TB-TCHQ.tif,https://www.customs.gov.vn/index.jsp?pageId=3&id=53175&cid=1294,2016,04/2016,2026-10-08T09:28:26Z
446,2964/TB-TCHQ,12/04/2016,Tổng cục hải quan,Dibutyl maleate.,54009,305,16,TP_HO_CHI_MINH,Nguyễn Dương Thái,12/04/2016,https://files.customs.gov.vn/CustomsCMS/TP_HO_CHI_MINH/2020/Web/Data/DocumentAttachments/2964-TB-TCHQ.tif,https://www.customs.gov.vn/index.jsp?pageId=3&id=54009&cid=1294,2016,04/2016,2026-10-08T09:28:26Z
447,2965/TB-TCHQ,12/04/2016,Tổng cục hải quan,"Chế phẩm hoạt động bề mặt anion, dạng lỏng. Thành phần gồm: Natri dioctyl sulffosuccinat và isopropyl alcohol.",52470,305,16,TP_HO_CHI_MINH,Nguyễn Dương Thái,12/04/2016,https://files.customs.gov.vn/CustomsCMS/TP_HO_CHI_MINH/2020/Web/Data/DocumentAttachments/2965-TB-TCHQ.tif,https://www.customs.gov.vn/index.jsp?pageId=3&id=52470&cid=1294,2016,04/2016,2026-10-08T09:28:26Z
448,475/GSQL-TH,12/04/2016,Tổng cục hải quan,V/v Hàng hóa gửi kho ngoại quan của Công ty ALSW (Công ty TNHH dịch vụ kho vận ALS),66447,305,16,DONG_NAI,null,null,,https://www.customs.gov.vn/index.jsp?pageId=3&id=66447&cid=1294,2016,04/2016,2026-10-08T09:28:26Z
449,479/GSQL-GQ1,12/04/2016,Tổng cục hải quan,V/v Kiểm tra hàm lượng formaldehyt (Công ty TNHH XNK Bảo Phú),66448,305,16,DONG_NAI,null,null,,https://www.customs.gov.vn/index.jsp?pageId=3&id=66448&cid=1294,2016,04/2016,2026-10-08T09:28:26Z
450,728/QĐ-GC,12/04/2016,null,"Quyết định v/v áp dụng biện pháp cưỡng chế dừng làm thủ tục hải quan đ/v hàng hóa XK, NK",75858,305,10,DA_NANG,Lê Đình Thuật,12/04/2016,https://files.customs.gov.vn/DA_NANG/Uploads/65e32243-11bf-4695-985d-c1563e8c13ba/5099.TIF,https://www.customs.gov.vn/index.jsp?pageId=3&id=75858&cid=1294,2016,04/2016,2026-10-08T09:28:26Z
451,756/HQĐNa-GSQL,12/04/2016,Cục Hải Quan tỉnh Đồng Nai,V/v Thủ tục nhập khẩu nội địa dây điện (Công ty TNHH Apel Vina),66443,305,16,DONG_NAI,null,null,https://files.customs.gov.vn/DONG_NAI//Data/Cv_Hqdn/756_HQDNa_GSQL_12_04_2016.pdf,https://www.customs.gov.vn/index.jsp?pageId=3&id=66443&cid=1294,2016,04/2016,2026-10-08T09:28:26Z
452,879/HQHCM-TXNK,12/04/2016,Bộ Thương Mại,V/v hướng dẫn sự khác nhau về mã HS trên C/O và trên tờ khai hải quan,54535,305,16,TP_HO_CHI_MINH,Hoàng Thị Xuân Hoa,12/04/2016,https://files.customs.gov.vn/CustomsCMS/TP_HO_CHI_MINH/2020/Web/Data/DocumentAttachments/879-HQHCM-TXNK.tif,https://www.customs.gov.vn/index.jsp?pageId=3&id=54535&cid=1294,2016,04/2016,2026-10-08T09:28:26Z
453,887/HQHCM-GSQL,12/04/2016,Bộ Thương Mại,V/v hướng dẫn thủ tục hải quan,55832,305,16,TP_HO_CHI_MINH,Lê Văn Triến,12/04/2016,https://files.customs.gov.vn/CustomsCMS/TP_HO_CHI_MINH/2020/Web/Data/DocumentAttachments/887-HQHCM-GSQL.tif,https://www.customs.gov.vn/index.jsp?pageId=3&id=55832&cid=1294,2016,04/2016,2026-10-08T09:28:26Z
454,2891/TB-TCHQ,11/04/2016,Tổng cục hải quan,"Thép hợp kim cán phẳng (hàm lượng Ti ≈ 0,069% tính theo trọng lượng), dạng cuộn, cán nóng, chưa tráng phủ mạ.",53482,305,16,TP_HO_CHI_MINH,Nguyễn Dương Thái,11/04/2016,https://files.customs.gov.vn/CustomsCMS/TP_HO_CHI_MINH/2020/Web/Data/DocumentAttachments/2891-TB-TCHQ.tif,https://www.customs.gov.vn/index.jsp?pageId=3&id=53482&cid=1294,2016,04/2016,2026-10-08T09:28:26Z
455,2892/TB-TCHQ,11/04/2016,Tổng cục hải quan,"Van có khoang pha trộn lưu chất, dạng chưa hoàn chỉnh (thiếu phần vỏ van), được làm chủ yếu bằng nhựa, dạng hình trụ, đường kính 35mm, cao 56mm, có phần để lắp với tay cầm đóng, mở và điều chỉnh nước nóng lạnh, có 02 đường nước vào nóng và lạnh, 01 đường nước ra, đường kính trong của các đường nước vào là 7mm, đường kính đường nước ra là 9mm.",58210,305,16,TP_HO_CHI_MINH,Nguyễn Dương Thái,11/04/2016,https://files.customs.gov.vn/CustomsCMS/TP_HO_CHI_MINH/2020/Web/Data/DocumentAttachments/2892-TB-TCHQ.tif,https://www.customs.gov.vn/index.jsp?pageId=3&id=58210&cid=1294,2016,04/2016,2026-10-08T09:28:26Z
456,2893/TB-TCHQ,11/04/2016,Tổng cục hải quan,"Bộ phận của vòi nước, dạng hình trụ, cao 23,5mm, đường kính 25,5mm, được làm bằng nhựa, lắp ở đầu ra của vòi nước có tác dụng tạo bọt, giảm áp lực nước chảy ra.",53264,305,16,TP_HO_CHI_MINH,Nguyễn Dương Thái,11/04/2016,https://files.customs.gov.vn/CustomsCMS/TP_HO_CHI_MINH/2020/Web/Data/DocumentAttachments/2893-TB-TCHQ.tif,https://www.customs.gov.vn/index.jsp?pageId=3&id=53264&cid=1294,2016,04/2016,2026-10-08T09:28:26Z
457,2894/TB-TCHQ,11/04/2016,Tổng cục hải quan,"Thép không hợp kim, dạng tấm, kích thước dày x rộng x dài (0,25 x 150 x 300)mm, đã được khoan 4 lỗ đường kính 6mm tại 4 góc, chưa tráng phủ mạ sơn.",58871,305,16,TP_HO_CHI_MINH,Nguyễn Dương Thái,11/04/2016,https://files.customs.gov.vn/CustomsCMS/TP_HO_CHI_MINH/2020/Web/Data/DocumentAttachments/2894-TB-TCHQ.tif,https://www.customs.gov.vn/index.jsp?pageId=3&id=58871&cid=1294,2016,04/2016,2026-10-08T09:28:26Z
458,2895/TB-TCHQ,11/04/2016,Tổng cục hải quan,"Chế phẩm hóa chất dùng trong công nghiệp dệt, có thành phần chính là Kali Iodat (KIO3), chất nhũ hóa và gôm thực vật trong môi trường nước.",53912,305,16,TP_HO_CHI_MINH,Nguyễn Dương Thái,11/04/2016,https://files.customs.gov.vn/CustomsCMS/TP_HO_CHI_MINH/2020/Web/Data/DocumentAttachments/2895-TB-TCHQ.tif,https://www.customs.gov.vn/index.jsp?pageId=3&id=53912&cid=1294,2016,04/2016,2026-10-08T09:28:26Z
459,61/2016/TT-BTC,11/04/2016,Bộ Tài chính,"Thông tư 61/2016/TT-BTC của Bộ Tài chính về việc hướng dẫn thu, nộp và quản lý khoản lợi nhuận, cổ tức được chia cho phần vốn Nhà nước đầu tư tại doanh nghiệp",43046,305,18,QUANG_BINH,null,null,https://files.customs.gov.vn/CustomsCMS/QUANG_BINH/2021/04/images/stories/files/61_2016_TT-BTC_16230977.pdf,https://www.customs.gov.vn/index.jsp?pageId=3&id=43046&cid=1294,2016,04/2016,2026-10-08T09:28:26Z
460,743/HQĐNa-GSQL,11/04/2016,Cục Hải Quan tỉnh Đồng Nai,"V/v Lắp đặt camera kiểm tra, giám sát hàng hóa ra, vào cổng của doanh nghiệp chế xuất",66462,305,16,DONG_NAI,null,null,https://files.customs.gov.vn/DONG_NAI//Data/Cv_Hqdn/743_HQDNa_GSQL_11_04_2016.pdf,https://www.customs.gov.vn/index.jsp?pageId=3&id=66462&cid=1294,2016,04/2016,2026-10-08T09:28:26Z
461,06/2016/TT-BGTVT,08/04/2016,Bộ giao thông vận tải,Thông tư 06/2016/TT-BGTVT Quy chuẩn kỹ thuật quốc gia về báo hiệu đường bộ do Bộ trưởng Bộ Giao thông vận tải ban hành,56348,305,4,TP_HO_CHI_MINH,Nguyễn Hồng Trường,01/11/2016,https://files.customs.gov.vn/CustomsCMS/TP_HO_CHI_MINH/2020/Web/Data/DocumentAttachments/06_2016_TT-BGTVT_316690.doc,https://www.customs.gov.vn/index.jsp?pageId=3&id=56348&cid=1294,2016,04/2016,2026-10-08T09:28:26Z
462,2859/TCHQ-TXNK,08/04/2016,Tổng cục hải quan,Áp dụng Hiệp định thương mại tự do Việt Nam - Hàn Quốc,66442,305,16,DONG_NAI,null,null,,https://www.customs.gov.vn/index.jsp?pageId=3&id=66442&cid=1294,2016,04/2016,2026-10-08T09:28:26Z
463,22/VBHN-NHNN,07/04/2016,null,Văn bản hợp nhất hợp nhất Thông tư hướng dẫn một số điều của Nghị định số 24/2012/NĐ-CP ngày 03/4/2012 của Chính phủ về quản lý hoạt động kinh doanh vàng,67446,305,18,CAN_THO,null,07/04/2016,https://files.customs.gov.vn/CAN_THO/VBHN-22-NHNN.pdf,https://www.customs.gov.vn/index.jsp?pageId=3&id=67446&cid=1294,2016,04/2016,2026-10-08T09:28:26Z
464,2852/TCHQ-TXNK,07/04/2016,Tổng cục hải quan,V/v phân loại mặt hàng “Set top box”,57913,305,16,TP_HO_CHI_MINH,Nguyễn Dương Thái,07/04/2016,https://files.customs.gov.vn/CustomsCMS/TP_HO_CHI_MINH/2020/Web/Data/DocumentAttachments/2852_TCHQ-TXNK_308508.doc,https://www.customs.gov.vn/index.jsp?pageId=3&id=57913&cid=1294,2016,04/2016,2026-10-08T09:28:26Z
465,4752/BTC-CST,07/04/2016,Bộ Tài chính,V/v ưu đãi thuế quy định tại Nghị định số 19/2015/NĐ-CP,57786,305,16,TP_HO_CHI_MINH,Lưu Đức Huy,07/04/2016,https://files.customs.gov.vn/CustomsCMS/TP_HO_CHI_MINH/2020/Web/Data/DocumentAttachments/4752_BTC-CST_308742.doc,https://www.customs.gov.vn/index.jsp?pageId=3&id=57786&cid=1294,2016,04/2016,2026-10-08T09:28:26Z
466,617/TXNK-PL,07/04/2016,Cục Thuế xuất nhập khẩu,V/v phân loại hàng hóa,58380,305,16,TP_HO_CHI_MINH,Trịnh Mạc Linh,07/04/2016,https://files.customs.gov.vn/CustomsCMS/TP_HO_CHI_MINH/2020/Web/Data/DocumentAttachments/617-TXNK-PL.tif,https://www.customs.gov.vn/index.jsp?pageId=3&id=58380&cid=1294,2016,04/2016,2026-10-08T09:28:26Z
467,712/HQĐNa-TXNK,07/04/2016,Cục Hải Quan tỉnh Đồng Nai,V/v Điều chỉnh Danh mục hàng hóa nhập khẩu miễn thuế tạo TSCĐ (Công ty CP cấp nước Hồ Cầu Mới),66439,305,16,DONG_NAI,null,null,https://files.customs.gov.vn/DONG_NAI//Data/Cv_Hqdn/712_HQDNa_TXNK_07_04_2016.pdf,https://www.customs.gov.vn/index.jsp?pageId=3&id=66439&cid=1294,2016,04/2016,2026-10-08T09:28:26Z
468,725/HQĐNa-CNTT,07/04/2016,Cục Hải Quan tỉnh Đồng Nai,V/v Triển khai mở rộng Cơ chế một cửa quốc gia tại cảng biển,66440,305,16,DONG_NAI,null,null,https://files.customs.gov.vn/DONG_NAI//Data/Cv_Hqdn/725_HQDNa_CNTT_07_04_2016.PDF,https://www.customs.gov.vn/index.jsp?pageId=3&id=66440&cid=1294,2016,04/2016,2026-10-08T09:28:26Z
469,88/2015/TT-BGTVT,07/04/2016,null,Thông tư ban hành Quy chuẩn kỹ thuật quốc gia về chất lượng an toàn kỹ thuật đối với rơ moóc và sơ mi rơ moóc,67447,305,18,CAN_THO,null,07/04/2016,https://files.customs.gov.vn/CAN_THO/TT-88-2015-BGTVT.pdf,https://www.customs.gov.vn/index.jsp?pageId=3&id=67447&cid=1294,2016,04/2016,2026-10-08T09:28:26Z
470,90/2015/TT-BGTVT,07/04/2016,null,Thông tư ban hành Quy chuẩn kỹ thuật quốc gia về chất lượng an toàn kỹ thuật và bảo vệ môi trường đối với ô tô khách thành phố,67448,305,18,CAN_THO,null,07/04/2016,https://files.customs.gov.vn/CAN_THO/TT-90-2015-BGTVT.pdf,https://www.customs.gov.vn/index.jsp?pageId=3&id=67448&cid=1294,2016,04/2016,2026-10-08T09:28:26Z
471,104/2016/QH13,06/04/2016,Quốc hội,Luật tiếp cận thông tin,52392,305,13,TP_HO_CHI_MINH,Nguyễn Thị Kim Ngân,01/07/2018,https://files.customs.gov.vn/CustomsCMS/TP_HO_CHI_MINH/2020/Web/Data/DocumentAttachments/104_2016_QH13_280116.doc,https://www.customs.gov.vn/index.jsp?pageId=3&id=52392&cid=1294,2016,04/2016,2026-10-08T09:28:26Z
472,104/2016/QH13/QH13,06/04/2016,Quốc hội,Luật tiếp cận thông tin,56480,305,13,TP_HO_CHI_MINH,Nguyễn Thị Kim Ngân,01/07/2018,https://files.customs.gov.vn/CustomsCMS/TP_HO_CHI_MINH/2020/Web/Data/DocumentAttachments/104_2016_QH13_280116.doc,https://www.customs.gov.vn/index.jsp?pageId=3&id=56480&cid=1294,2016,04/2016,2026-10-08T09:28:26Z
473,105/2016/QH13,06/04/2016,Quốc hội,Luật dược,56365,305,13,TP_HO_CHI_MINH,Nguyễn Thị Kim Ngân,01/01/2017,https://files.customs.gov.vn/CustomsCMS/TP_HO_CHI_MINH/2020/Web/Data/DocumentAttachments/105_2016_QH13_309815.doc,https://www.customs.gov.vn/index.jsp?pageId=3&id=56365&cid=1294,2016,04/2016,2026-10-08T09:28:26Z
474,2795/TCHQ-GSQL,06/04/2016,Tổng cục hải quan,V/v thông báo kết quả xác minh C/O (công văn số 2795/TCHQ-GSQL ngày 06/4/2016).,57363,305,16,TP_HO_CHI_MINH,Âu Anh Tuấn,06/04/2016,https://files.customs.gov.vn/CustomsCMS/TP_HO_CHI_MINH/2020/Web/Data/DocumentAttachments/2795-TCHQ-GSQL.tif,https://www.customs.gov.vn/index.jsp?pageId=3&id=57363&cid=1294,2016,04/2016,2026-10-08T09:28:26Z
475,2810/TB-TCHQ,06/04/2016,Tổng cục hải quan,"Sten đồng (chủ yếu là dạng sunfua đồng và sắt, thu được từ quá trình nung tinh quặng đồng gốc sunfua), hàm lượng Cu = 34% theo khối lượng.",56441,305,16,TP_HO_CHI_MINH,Nguyễn Dương Thái,06/04/2016,https://files.customs.gov.vn/CustomsCMS/TP_HO_CHI_MINH/2020/Web/Data/DocumentAttachments/2810-TB-TCHQ.tif,https://www.customs.gov.vn/index.jsp?pageId=3&id=56441&cid=1294,2016,04/2016,2026-10-08T09:28:26Z
476,2812/TB-TCHQ,06/04/2016,Tổng cục hải quan,"Sten đồng (chủ yếu là dạng sunfua đồng và sắt, thu được từ quá trình nung tinh quặng đồng gốc sunfua), hàm lượng Cu = 41,7% theo khối lượng.",55440,305,16,TP_HO_CHI_MINH,Nguyễn Dương Thái,06/04/2016,https://files.customs.gov.vn/CustomsCMS/TP_HO_CHI_MINH/2020/Web/Data/DocumentAttachments/2812-TB-TCHQ.tif,https://www.customs.gov.vn/index.jsp?pageId=3&id=55440&cid=1294,2016,04/2016,2026-10-08T09:28:26Z
477,2813/TB-TCHQ,06/04/2016,Tổng cục hải quan,"Sten đồng (chủ yếu là dạng sunfua đồng và sắt, thu được từ quá trình nung tinh quặng đồng gốc sunfua), hàm lượng Cu = 42,52% theo khối lượng.",57502,305,16,TP_HO_CHI_MINH,Nguyễn Dương Thái,06/04/2016,https://files.customs.gov.vn/CustomsCMS/TP_HO_CHI_MINH/2020/Web/Data/DocumentAttachments/2813-TB-TCHQ.tif,https://www.customs.gov.vn/index.jsp?pageId=3&id=57502&cid=1294,2016,04/2016,2026-10-08T09:28:26Z
478,2814/TB-TCHQ,06/04/2016,Tổng cục hải quan,"Vải sơnin, thành phần 100% xơ polyester, đã được tráng phủ một mặt, trọng lượng 335g/m2, dạng cuộn, khổ lớn hơn 50cm.",58566,305,16,TP_HO_CHI_MINH,Nguyễn Dương Thái,06/04/2016,https://files.customs.gov.vn/CustomsCMS/TP_HO_CHI_MINH/2020/Web/Data/DocumentAttachments/2814-TB-TCHQ.tif,https://www.customs.gov.vn/index.jsp?pageId=3&id=58566&cid=1294,2016,04/2016,2026-10-08T09:28:26Z
479,2815/TB-TCHQ,06/04/2016,Tổng cục hải quan,"Sten đồng (chủ yếu là dạng sunfua đồng và sắt, thu được từ quá trình nung tinh quặng đồng gốc sunfua), hàm lượng Cu = 38,4% theo khối lượng.",58684,305,16,TP_HO_CHI_MINH,Nguyễn Dương Thái,06/04/2016,https://files.customs.gov.vn/CustomsCMS/TP_HO_CHI_MINH/2020/Web/Data/DocumentAttachments/2815-TB-TCHQ.tif,https://www.customs.gov.vn/index.jsp?pageId=3&id=58684&cid=1294,2016,04/2016,2026-10-08T09:28:26Z
480,2816/TB-TCHQ,06/04/2016,Tổng cục hải quan,"Sten đồng (chủ yếu là dạng sunfua đồng và sắt, thu được từ quá trình nung tinh quặng đồng gốc sunfua), hàm lượng Cu = 36% theo khối lượng.",53485,305,16,TP_HO_CHI_MINH,Nguyễn Dương Thái,06/04/2016,https://files.customs.gov.vn/CustomsCMS/TP_HO_CHI_MINH/2020/Web/Data/DocumentAttachments/2816-TB-TCHQ.tif,https://www.customs.gov.vn/index.jsp?pageId=3&id=53485&cid=1294,2016,04/2016,2026-10-08T09:28:26Z
481,06/2016/TT-BNNPTNT,31/05/2016,null,"Danh mục, hàm lượng kháng sinh được phép sử dụng trong thức ăn chăn nuôi gia súc, gia cầm với mục đích kích thích sinh trưởng",67458,305,18,CAN_THO,null,15/07/2016,https://files.customs.gov.vn/CAN_THO/06_2016_TT-BNNPTNT.pdf,https://www.customs.gov.vn/index.jsp?pageId=3&id=67458&cid=1294,2016,05/2016,2026-10-08T09:28:26Z
482,1170/TCMT-QLCT,31/05/2016,Khác,V/v hướng dẫn xuất khẩu chất thải,56417,305,16,TP_HO_CHI_MINH,Hoàng Văn Thức,31/05/2016,https://files.customs.gov.vn/CustomsCMS/TP_HO_CHI_MINH/2020/Web/Data/DocumentAttachments/1170-TCMT-QLCT.tif,https://www.customs.gov.vn/index.jsp?pageId=3&id=56417&cid=1294,2016,05/2016,2026-10-08T09:28:26Z
483,1359-1360/QĐ-GC,31/05/2016,null,"Quyết định v/v áp dụng biện pháp cưỡng chế dừng làm thủ tục Hải quan đối với hàng hóa xuất khẩu, nhập khẩu",75967,305,16,DA_NANG,Lê Đình Thuật,31/05/2016,https://files.customs.gov.vn/DA_NANG/Uploads/65e32243-11bf-4695-985d-c1563e8c13ba/06132016vanban_2016061314073700.tif,https://www.customs.gov.vn/index.jsp?pageId=3&id=75967&cid=1294,2016,05/2016,2026-10-08T09:28:26Z
484,2297/TB-KBNN,31/05/2016,null,Thông báo Tỷ giá hạch toán ngoại tệ tháng 6/2016,75970,305,16,DA_NANG,Trần Kim Vân,31/05/2016,https://files.customs.gov.vn/DA_NANG/Uploads/65e32243-11bf-4695-985d-c1563e8c13ba/vanban_2016060611080300.tif,https://www.customs.gov.vn/index.jsp?pageId=3&id=75970&cid=1294,2016,05/2016,2026-10-08T09:28:26Z
485,391/SB,31/05/2016,null,"Hướng dẫn thủ tục nội tiền thuế, lệ phí HQ...",75965,305,16,DA_NANG,Lê no Phước,31/05/2016,https://files.customs.gov.vn/DA_NANG/Uploads/65e32243-11bf-4695-985d-c1563e8c13ba/vanban_2016061009474100.tif,https://www.customs.gov.vn/index.jsp?pageId=3&id=75965&cid=1294,2016,05/2016,2026-10-08T09:28:26Z
486,3924/UBND-KT1,31/05/2016,null,Rà soát tình hình thực hiện dự toán và kế hoạch vốn XDCB năm 2016,75968,305,16,DA_NANG,Hồ Kỳ Minh,31/05/2016,https://files.customs.gov.vn/DA_NANG/Uploads/65e32243-11bf-4695-985d-c1563e8c13ba/vanban_2016060310551500.tif,https://www.customs.gov.vn/index.jsp?pageId=3&id=75968&cid=1294,2016,05/2016,2026-10-08T09:28:26Z
487,4878/TB-TCHQ,31/05/2016,Tổng cục hải quan,"Sản phẩm đã ren trong, đường kính ngoài lớn nhất 36,4mm, cao 9,7mm, đường kính trong nhỏ nhất 28mm, bằng hợp kim đồng kẽm, mạ crôm, được lắp vào cổ vòi sen để che phần ruột vòi sen và trang trí.",52508,305,16,TP_HO_CHI_MINH,Nguyễn Dương Thái,31/05/2016,https://files.customs.gov.vn/CustomsCMS/TP_HO_CHI_MINH/2020/Web/Data/DocumentAttachments/4878-TB-TCHQ.tif,https://www.customs.gov.vn/index.jsp?pageId=3&id=52508&cid=1294,2016,05/2016,2026-10-08T09:28:26Z
488,4879/TB-TCHQ,31/05/2016,Tổng cục hải quan,"Sản phẩm đã ren trong, làm bằng hợp kim đồng kẽm mạ niken, dạng hình trụ, cao 19mm, đường kính phần lớn nhất 20mm, đường kính thân 14mm, dùng để lắp vào chốt chuyển dòng nưóc từ vòi sang sen và ngược lại.",55127,305,16,TP_HO_CHI_MINH,Nguyễn Dương Thái,31/05/2016,https://files.customs.gov.vn/CustomsCMS/TP_HO_CHI_MINH/2020/Web/Data/DocumentAttachments/4879-TB-TCHQ.tif,https://www.customs.gov.vn/index.jsp?pageId=3&id=55127&cid=1294,2016,05/2016,2026-10-08T09:28:26Z
489,4880/TB-TCHQ,31/05/2016,Tổng cục hải quan,"Quặng antimon, hàm lượng antimon chiếm 30% theo khối lượng.",56924,305,16,TP_HO_CHI_MINH,Nguyễn Dương Thái,31/05/2016,https://files.customs.gov.vn/CustomsCMS/TP_HO_CHI_MINH/2020/Web/Data/DocumentAttachments/4880-TB-TCHQ.tif,https://www.customs.gov.vn/index.jsp?pageId=3&id=56924&cid=1294,2016,05/2016,2026-10-08T09:28:26Z
490,4881/TB-TCHQ,31/05/2016,Tổng cục hải quan,"Quặng antimon, hàm lượng antimon chiếm 40% theo khối lượng.",55111,305,16,TP_HO_CHI_MINH,Nguyễn Dương Thái,31/05/2016,https://files.customs.gov.vn/CustomsCMS/TP_HO_CHI_MINH/2020/Web/Data/DocumentAttachments/4881-TB-TCHQ.tif,https://www.customs.gov.vn/index.jsp?pageId=3&id=55111&cid=1294,2016,05/2016,2026-10-08T09:28:26Z
491,4883/TB-TCHQ,31/05/2016,Tổng cục hải quan,Tinh quặng antimon.,57274,305,16,TP_HO_CHI_MINH,Nguyễn Dương Thái,31/05/2016,https://files.customs.gov.vn/CustomsCMS/TP_HO_CHI_MINH/2020/Web/Data/DocumentAttachments/4883-TB-TCHQ.tif,https://www.customs.gov.vn/index.jsp?pageId=3&id=57274&cid=1294,2016,05/2016,2026-10-08T09:28:26Z
492,4887/TB-TCHQ,31/05/2016,Tổng cục hải quan,"Bán thành phẩm, bằng thép hợp kim, nguyên tố Cr là nguyên tố duy nhất quyết định thép hợp kim, hàm lượng Cr ~ 0,36% tính theo trọng lượng, dạng thanh, mặt cắt ngang dạng hình vuông, kích cỡ 150x150mm.",54802,305,16,TP_HO_CHI_MINH,Nguyễn Dương Thái,31/05/2016,https://files.customs.gov.vn/CustomsCMS/TP_HO_CHI_MINH/2020/Web/Data/DocumentAttachments/4887-TB-TCHQ.tif,https://www.customs.gov.vn/index.jsp?pageId=3&id=54802&cid=1294,2016,05/2016,2026-10-08T09:28:26Z
493,4889/TB-TCHQ,31/05/2016,Tổng cục hải quan,"Bán thành phẩm, bằng thép hợp kim, nguyên tố Bo là nguyên tố duy nhất quyết định thép hợp kim, hàm lượng Bo ~ 0,0015% tính theo trọng lượng, dạng thanh, mặt cắt ngang dạng hình vuông, kích cỡ 150x150mm.",55292,305,16,TP_HO_CHI_MINH,Nguyễn Dương Thái,31/05/2016,https://files.customs.gov.vn/CustomsCMS/TP_HO_CHI_MINH/2020/Web/Data/DocumentAttachments/4889-TB-TCHQ.tif,https://www.customs.gov.vn/index.jsp?pageId=3&id=55292&cid=1294,2016,05/2016,2026-10-08T09:28:26Z
494,4890/TB-TCHQ,31/05/2016,Tổng cục hải quan,"Bán thành phẩm, bằng thép hợp kim, nguyên tố Bo là nguyên tố duy nhất quyết định thép hợp kim, hàm lượng Bo ~ 0,0013% tính theo trọng lượng, dạng thanh, mặt cắt ngang dạng hình vuông, kích cỡ 150x150mm.",58802,305,16,TP_HO_CHI_MINH,Nguyễn Dương Thái,31/05/2016,https://files.customs.gov.vn/CustomsCMS/TP_HO_CHI_MINH/2020/Web/Data/DocumentAttachments/4890-TB-TCHQ.tif,https://www.customs.gov.vn/index.jsp?pageId=3&id=58802&cid=1294,2016,05/2016,2026-10-08T09:28:26Z
495,4898/TB-TCHQ,31/05/2016,Tổng cục hải quan,"Hỗn hợp các chất thơm dùng trong công nghiệp thực phẩm có thành phần gồm Isopentyl alcohol acetate; Limonene; Butyric acid ethyl ester; Butyl acetate; Linalool... và Propanediol, dạng lỏng.",52466,305,16,TP_HO_CHI_MINH,Nguyễn Dương Thái,31/05/2016,https://files.customs.gov.vn/CustomsCMS/TP_HO_CHI_MINH/2020/Web/Data/DocumentAttachments/4898-TB-TCHQ.tif,https://www.customs.gov.vn/index.jsp?pageId=3&id=52466&cid=1294,2016,05/2016,2026-10-08T09:28:26Z
496,4899/TB-TCHQ,31/05/2016,Tổng cục hải quan,"Hỗn hợp các chất thơm dùng trong công nghiệp thực phẩm có thành phần gồm Limonene, Pinene, Ethy butyrate, Linalool, Phellandrene, Acetic acid, Ethyl 2-methylbutyrate… và Isopropyl alcohol, dạng lỏng.",58910,305,16,TP_HO_CHI_MINH,Nguyễn Dương Thái,31/05/2016,https://files.customs.gov.vn/CustomsCMS/TP_HO_CHI_MINH/2020/Web/Data/DocumentAttachments/4899-TB-TCHQ.tif,https://www.customs.gov.vn/index.jsp?pageId=3&id=58910&cid=1294,2016,05/2016,2026-10-08T09:28:26Z
497,4900/TB-TCHQ,31/05/2016,Tổng cục hải quan,"Hỗn hợp các chất thơm dùng trong công nghiệp thực phẩm có thành phần gồm Acetoin; Ethyl butyrate; Isoamyl acetate; Limonene; Ethyl acetate; Butyraldehyde, diethyl acetal; Butyraldehyde; Pinene; Isopentyl alcohol; Ethyl alcohol... và nước, dạng lỏng.",56409,305,16,TP_HO_CHI_MINH,Nguyễn Dương Thái,31/05/2016,https://files.customs.gov.vn/CustomsCMS/TP_HO_CHI_MINH/2020/Web/Data/DocumentAttachments/4900-TB-TCHQ.tif,https://www.customs.gov.vn/index.jsp?pageId=3&id=56409&cid=1294,2016,05/2016,2026-10-08T09:28:26Z
498,4916/TCHQ-TXNK,31/05/2016,null,Xóa nợ thuế,75963,305,16,DA_NANG,Nguyễn Hải Trang,31/05/2016,https://files.customs.gov.vn/DA_NANG/Uploads/65e32243-11bf-4695-985d-c1563e8c13ba/vanban_2016060215101800.tif,https://www.customs.gov.vn/index.jsp?pageId=3&id=75963&cid=1294,2016,05/2016,2026-10-08T09:28:26Z
499,621/TB-HQCB,31/05/2016,null,"Thông báo về kết quả phân loại đối với hàng hóa xuất khẩu, nhập khẩu",75969,305,16,DA_NANG,Lưu Việt Phong,31/05/2016,https://files.customs.gov.vn/DA_NANG/Uploads/65e32243-11bf-4695-985d-c1563e8c13ba/vanban_2016060614454500.tif,https://www.customs.gov.vn/index.jsp?pageId=3&id=75969&cid=1294,2016,05/2016,2026-10-08T09:28:26Z
500,712/GSQL-GQ3,31/05/2016,Bộ Công nghiệp,Thực hiện TT 191/2015/TT-BTC,56177,305,16,TP_HO_CHI_MINH,Nguyễn Anh Tuấn,31/05/2016,https://files.customs.gov.vn/CustomsCMS/TP_HO_CHI_MINH/2020/Web/Data/DocumentAttachments/712_GSQL-GQ3_313734.doc,https://www.customs.gov.vn/index.jsp?pageId=3&id=56177&cid=1294,2016,05/2016,2026-10-08T09:28:26Z
501,1003/TXNK-QLN,30/05/2016,null,xác nhận nợ thuế,75958,305,16,DA_NANG,Nguyễn Hải Trang,30/05/2016,https://files.customs.gov.vn/DA_NANG/Uploads/65e32243-11bf-4695-985d-c1563e8c13ba/vanban_2016060611105600.tif,https://www.customs.gov.vn/index.jsp?pageId=3&id=75958&cid=1294,2016,05/2016,2026-10-08T09:28:26Z
502,1220/BC-HQĐNg,30/05/2016,null,Báo cáo sơ kết tình hình công tác 06 tháng đầu năm và nhiệm vụ công tác 06 tháng cuối 2016,75959,305,16,DA_NANG,Nguyễn Tiến Thọ,30/05/2016,https://files.customs.gov.vn/DA_NANG/Uploads/65e32243-11bf-4695-985d-c1563e8c13ba/BC1220HQDNg_BCSoKet 6 Thang 2016.tif,https://www.customs.gov.vn/index.jsp?pageId=3&id=75959&cid=1294,2016,05/2016,2026-10-08T09:28:26Z
503,4808/TB-TCHQ,30/05/2016,Tổng cục hải quan,"Ổ bi đũa hình trụ, làm bằng kim loại. Được lắp trong bơm thủy lực piston hướng trục thuộc phân nhóm 8413.60 loại Axial Piston Variable Pump, hiệu Rexroth Bosch Group. Tên thương mại: Plain Roller Bearing; Part No: R909157194.",55719,305,16,TP_HO_CHI_MINH,Nguyễn Dương Thái,30/05/2016,https://files.customs.gov.vn/CustomsCMS/TP_HO_CHI_MINH/2020/Web/Data/DocumentAttachments/4808-TB-TCHQ.tif,https://www.customs.gov.vn/index.jsp?pageId=3&id=55719&cid=1294,2016,05/2016,2026-10-08T09:28:26Z
504,4809/TB-TCHQ,30/05/2016,Tổng cục hải quan,"Ổ bi đũa hình trụ, 1 bộ gồm: 02 vòng bi đũa (Cradle Bearing Assembly(set), Part No: R909830146); 02 vòng dẫn ổ bi chịu lực bằng thép (Bearing Line, Part No: R902066595), làm bằng kim loại. Được lắp trong bơm thủy lực piston hướng trục thuộc phân nhóm 8413.60 loại Axial Piston Variable Pump, hiệu Rexroth Bosch Group.",55642,305,16,TP_HO_CHI_MINH,Nguyễn Dương Thái,30/05/2016,https://files.customs.gov.vn/CustomsCMS/TP_HO_CHI_MINH/2020/Web/Data/DocumentAttachments/4809-TB-TCHQ.tif,https://www.customs.gov.vn/index.jsp?pageId=3&id=55642&cid=1294,2016,05/2016,2026-10-08T09:28:26Z
505,4810/TB-TCHQ,30/05/2016,Tổng cục hải quan,"Thép không gỉ cán phẳng, cán nóng, dạng tấm, kích thước dày 3mm x rộng 1500mm x dài 6000mm, chưa tráng, phủ, mạ.",52414,305,16,TP_HO_CHI_MINH,Nguyễn Dương Thái,30/05/2016,https://files.customs.gov.vn/CustomsCMS/TP_HO_CHI_MINH/2020/Web/Data/DocumentAttachments/4810-TB-TCHQ.tif,https://www.customs.gov.vn/index.jsp?pageId=3&id=52414&cid=1294,2016,05/2016,2026-10-08T09:28:26Z
506,4816/TB-TCHQ,30/05/2016,Tổng cục hải quan,"Vòng làm kín dầu các thành phần chính: Phần làm kín dầu bằng cao su lưu hóa (rubber), một dây lò xo xoắn bằng thép, một vỏ kết nối thành khối sản phấm. Lắp đặt trên trục dẫn động trong bơm thủy lực piston hướng trục thuộc phân nhóm 8413.60 loại Axial Piston Variable Pump, hiệu Rexroth Bosch Group. Tên thương mại: Shaft Seal Ring; Part No: R902601822.",53340,305,16,TP_HO_CHI_MINH,Nguyễn Dương Thái,30/05/2016,https://files.customs.gov.vn/CustomsCMS/TP_HO_CHI_MINH/2020/Web/Data/DocumentAttachments/4816-TB-TCHQ.tif,https://www.customs.gov.vn/index.jsp?pageId=3&id=53340&cid=1294,2016,05/2016,2026-10-08T09:28:26Z
507,4817/TB-TCHQ,30/05/2016,Tổng cục hải quan,"Chốt định vị bằng thép, mặt cắt ngang hình tròn, lắp trong bơm thủy lực piston hướng trục thuộc phân nhóm 8413.60 loại Axial Piston Variable Pump, hiệu Rexroth Bosch Group. Tên thương mại: Wire; Part No: R909403549.",53724,305,16,TP_HO_CHI_MINH,Nguyễn Dương Thái,30/05/2016,https://files.customs.gov.vn/CustomsCMS/TP_HO_CHI_MINH/2020/Web/Data/DocumentAttachments/4817-TB-TCHQ.tif,https://www.customs.gov.vn/index.jsp?pageId=3&id=53724&cid=1294,2016,05/2016,2026-10-08T09:28:26Z
508,4838/TB-TCHQ,30/05/2016,null,Thông báo về kết quả xác định trước mã số,75961,305,16,DA_NANG,Nguyễn Dương Thái,30/05/2016,https://files.customs.gov.vn/DA_NANG/Uploads/65e32243-11bf-4695-985d-c1563e8c13ba/06012016vanban_2016060117133700.tif,https://www.customs.gov.vn/index.jsp?pageId=3&id=75961&cid=1294,2016,05/2016,2026-10-08T09:28:26Z
509,4843/TB-TCHQ,30/05/2016,null,Thông báo về kết quả xác định trước mã số,75957,305,16,DA_NANG,Nguyễn Dương Thái,30/05/2016,https://files.customs.gov.vn/DA_NANG/Uploads/65e32243-11bf-4695-985d-c1563e8c13ba/06022016vanban_2016060215422800.tif,https://www.customs.gov.vn/index.jsp?pageId=3&id=75957&cid=1294,2016,05/2016,2026-10-08T09:28:26Z
510,4862/TCHQ-TXNK,30/05/2016,Tổng cục hải quan,V/v Phân loại hàng hóa,55710,305,16,TP_HO_CHI_MINH,Trịnh Mạc Linh,30/05/2016,https://files.customs.gov.vn/CustomsCMS/TP_HO_CHI_MINH/2020/Web/Data/DocumentAttachments/4862-TCHQ-TXNK.tif,https://www.customs.gov.vn/index.jsp?pageId=3&id=55710&cid=1294,2016,05/2016,2026-10-08T09:28:26Z
511,708/GSQL-TH,30/05/2016,Bộ Công nghiệp,V/v vướng mắc C/O form D (công văn số 708/GSQL-TH ngày 30/5/2016) - Công ty TNHH Phụ tùng xe máy - ô tô Goshi Thăng Long.,54379,305,16,TP_HO_CHI_MINH,Ngô Minh Hải,30/05/2016,https://files.customs.gov.vn/CustomsCMS/TP_HO_CHI_MINH/2020/Web/Data/DocumentAttachments/708-GSQL-TH.tif,https://www.customs.gov.vn/index.jsp?pageId=3&id=54379&cid=1294,2016,05/2016,2026-10-08T09:28:26Z
512,7248/BTC-CST,30/05/2016,Bộ Tài chính,V/v chính sách thuế GTGT đối với Potassium Humate (K-Humate).,54579,305,16,TP_HO_CHI_MINH,Phạm Đình Thi,30/05/2016,https://files.customs.gov.vn/CustomsCMS/TP_HO_CHI_MINH/2020/Web/Data/DocumentAttachments/7248_BTC-CST_313092.doc,https://www.customs.gov.vn/index.jsp?pageId=3&id=54579&cid=1294,2016,05/2016,2026-10-08T09:28:26Z
513,992/TXNK-QLN,30/05/2016,null,Xác nhận nợ thuế,75956,305,16,DA_NANG,Nguyễn HảTrang,30/05/2016,https://files.customs.gov.vn/DA_NANG/Uploads/65e32243-11bf-4695-985d-c1563e8c13ba/1_vanban_2016060215475600.tif,https://www.customs.gov.vn/index.jsp?pageId=3&id=75956&cid=1294,2016,05/2016,2026-10-08T09:28:26Z
514,4763/TB-TCHQ,27/05/2016,null,"Thông báo về kết quả phân loại đối với hàng hóa xuất khẩu, nhập khẩu",75951,305,16,DA_NANG,Nguễn Dương Thái,27/05/2016,https://files.customs.gov.vn/DA_NANG/Uploads/65e32243-11bf-4695-985d-c1563e8c13ba/3_mã số.rar,https://www.customs.gov.vn/index.jsp?pageId=3&id=75951&cid=1294,2016,05/2016,2026-10-08T09:28:26Z
515,449/CNTT-TTQLVH,27/05/2016,Tổng cục hải quan,V/v Đề nghị cấp mã VNZZZ cho Cảng cạn Tân Cảng Nhơn Trạch (HQ Đồng Nai),66497,305,16,DONG_NAI,null,null,https://files.customs.gov.vn/DONG_NAI//Data/CV_TCHQ/449_CNTT_TTQLVH_27_05_2016.PDF,https://www.customs.gov.vn/index.jsp?pageId=3&id=66497&cid=1294,2016,05/2016,2026-10-08T09:28:26Z
516,4733/TB-TCHQ,27/05/2016,null,Thông báo về kết quả xác định trước mã số,75954,305,16,DA_NANG,Nguyễn Dương Thái,27/05/2016,https://files.customs.gov.vn/DA_NANG/Uploads/65e32243-11bf-4695-985d-c1563e8c13ba/1_05302016vanban_2016053015112800.tif,https://www.customs.gov.vn/index.jsp?pageId=3&id=75954&cid=1294,2016,05/2016,2026-10-08T09:28:26Z
517,4734/TB-TCHQ,27/05/2016,Tổng cục hải quan,"Thép hợp kim trong đó nguyên tố Cr là nguyên tố quyết định yếu tố thép hợp kim (hàm lượng Cr ≈ 0,751% tính theo trọng lượng), dạng thanh, cán nóng, mặt cắt ngang hình chữ nhật, chưa tráng, phủ, mạ.",55841,305,16,TP_HO_CHI_MINH,Nguyễn Dương Thái,27/05/2016,https://files.customs.gov.vn/CustomsCMS/TP_HO_CHI_MINH/2020/Web/Data/DocumentAttachments/4734-TB-TCHQ.tif,https://www.customs.gov.vn/index.jsp?pageId=3&id=55841&cid=1294,2016,05/2016,2026-10-08T09:28:26Z
518,4735/TB-TCHQ,27/05/2016,Tổng cục hải quan,"Thép hợp kim (hàm lượng Cr ≈ 1,01%, V ≈ 0,147% tính theo trọng lượng), dạng thanh, cán nóng, mặt cắt ngang hình chữ nhật, chưa tráng, phủ, mạ.",54544,305,16,TP_HO_CHI_MINH,Nguyễn Dương Thái,27/05/2016,https://files.customs.gov.vn/CustomsCMS/TP_HO_CHI_MINH/2020/Web/Data/DocumentAttachments/4735-TB-TCHQ.tif,https://www.customs.gov.vn/index.jsp?pageId=3&id=54544&cid=1294,2016,05/2016,2026-10-08T09:28:26Z
519,4736/TB-TCHQ,27/05/2016,Tổng cục hải quan,"Thép hợp kim trong đó Cr là nguyên tố duy nhất quyết định yếu tố thép hợp kim (hàm lượng Cr ≈ 0,316% tính theo trọng lượng), dạng thanh, cán nóng, mặt cắt ngang hình tròn.",55054,305,16,TP_HO_CHI_MINH,Nguyễn Dương Thái,27/05/2016,https://files.customs.gov.vn/CustomsCMS/TP_HO_CHI_MINH/2020/Web/Data/DocumentAttachments/4736-TB-TCHQ.tif,https://www.customs.gov.vn/index.jsp?pageId=3&id=55054&cid=1294,2016,05/2016,2026-10-08T09:28:26Z
520,4738/TB-TCHQ,27/05/2016,Tổng cục hải quan,"Vải dệt thoi, kiểu dệt vân điểm, thành phần 70% xơ lanh, 30% tơ tằm, đã in, chưa tráng phủ hay ngâm tẩm, trọng lượng 58 g/m2, dạng cuộn, khổ lớn hơn 50cm.",54340,305,16,TP_HO_CHI_MINH,Nguyễn Dương Thái,27/05/2016,https://files.customs.gov.vn/CustomsCMS/TP_HO_CHI_MINH/2020/Web/Data/DocumentAttachments/4738-TB-TCHQ.tif,https://www.customs.gov.vn/index.jsp?pageId=3&id=54340&cid=1294,2016,05/2016,2026-10-08T09:28:26Z
521,4739/TB-TCHQ,27/05/2016,Tổng cục hải quan,"Vải dệt thoi, kiểu dệt vân điểm, thành phần 46% tơ tằm, 54% xơ staple visco, đã in, chưa tráng phủ hay ngâm tẩm, trọng lượng 83 g/m2, dạng cuộn, khổ lớn hơn 50cm.",57264,305,16,TP_HO_CHI_MINH,Nguyễn Dương Thái,27/05/2016,https://files.customs.gov.vn/CustomsCMS/TP_HO_CHI_MINH/2020/Web/Data/DocumentAttachments/4739-TB-TCHQ.tif,https://www.customs.gov.vn/index.jsp?pageId=3&id=57264&cid=1294,2016,05/2016,2026-10-08T09:28:26Z
522,4740/TB-TCHQ,27/05/2016,Tổng cục hải quan,"Vải dệt thoi, kiểu dệt vân chéo gãy, thành phần 88% tơ tằm, 12% sợi đàn hồi từ polyether urethane, đã in, chưa tráng phủ hay ngâm tẩm, trọng lượng 90 g/m2, dạng cuộn, khổ lớn hơn 50cm.",54220,305,16,TP_HO_CHI_MINH,Nguyễn Dương Thái,27/05/2016,https://files.customs.gov.vn/CustomsCMS/TP_HO_CHI_MINH/2020/Web/Data/DocumentAttachments/4740-TB-TCHQ.tif,https://www.customs.gov.vn/index.jsp?pageId=3&id=54220&cid=1294,2016,05/2016,2026-10-08T09:28:26Z
523,4763/TB-TCHQ,27/05/2016,null,"Thông báo về kết quả phân loại đối với hàng hóa xuất khẩu, nhập khẩu",75950,305,16,DA_NANG,Nguyễn Dương Thái,27/05/2016,https://files.customs.gov.vn/DA_NANG/Uploads/65e32243-11bf-4695-985d-c1563e8c13ba/Mã số.rar,https://www.customs.gov.vn/index.jsp?pageId=3&id=75950&cid=1294,2016,05/2016,2026-10-08T09:28:26Z
524,4785/TCHQ-TXNK,27/05/2016,Tổng cục hải quan,V/v Trị giá tính thuế (Công ty TNHH Mầu Đức),66495,305,16,DONG_NAI,null,null,,https://www.customs.gov.vn/index.jsp?pageId=3&id=66495&cid=1294,2016,05/2016,2026-10-08T09:28:26Z
525,1081/HQĐNa-TXNK,26/05/2016,Cục Hải Quan tỉnh Đồng Nai,V/v Điều chỉnh Danh mục hàng hóa nhập khẩu miễn thuế tạo TSCĐ (Ban Quản lý Dự án nhiệt điện Vĩnh Tân),66494,305,16,DONG_NAI,null,null,https://files.customs.gov.vn/DONG_NAI//Data/Cv_Hqdn/1081_HQDNa_TXNK_26_05_2016.pdf,https://www.customs.gov.vn/index.jsp?pageId=3&id=66494&cid=1294,2016,05/2016,2026-10-08T09:28:26Z
526,45/2016/NÐ-CP,26/05/2016,Chính phủ,Nghị định 45/2016/NĐ-CP sửa đổi Nghị định 127/2013/NĐ-CP quy định xử phạt vi phạm hành chính và cưỡng chế thi hành quyết định hành chính trong lĩnh vực hải quan,53563,305,8,TP_HO_CHI_MINH,Nguyễn Xuân Phúc,01/08/2016,https://files.customs.gov.vn/CustomsCMS/TP_HO_CHI_MINH/2020/Web/Data/DocumentAttachments/45_2016_ND-CP_312858.doc,https://www.customs.gov.vn/index.jsp?pageId=3&id=53563&cid=1294,2016,05/2016,2026-10-08T09:28:26Z
527,46/2016/NÐ-CP,26/05/2016,Chính phủ,Nghị định 46/2016/NĐ-CP quy định xử phạt vi phạm hành chính trong lĩnh vực giao thông đường bộ và đường sắt,55141,305,8,TP_HO_CHI_MINH,Nguyễn Xuân Phúc,01/08/2016,https://files.customs.gov.vn/CustomsCMS/TP_HO_CHI_MINH/2020/Web/Data/DocumentAttachments/46_2016_ND-CP_288330.doc,https://www.customs.gov.vn/index.jsp?pageId=3&id=55141&cid=1294,2016,05/2016,2026-10-08T09:28:26Z
528,47/2016/NĐ-CP,26/05/2016,Chính phủ,"Nghị định 47/2016/NĐ-CP của Chính phủ về việc quy định mức lương cơ sở đối với cán bộ, công chức, viên chức và lực lượng vũ trang",40258,305,8,HA_TINH,Nguyễn Xuân Phúc,null,https://files.customs.gov.vn/CustomsCMS/HA_TINH/2020/upload/news/2016/05/605/file/47_2016_ND-CP_16231366.pdf,https://www.customs.gov.vn/index.jsp?pageId=3&id=40258&cid=1294,2016,05/2016,2026-10-08T09:28:26Z
529,971.974.977-979/TXNK-QLN,26/05/2016,null,Xác nhận nợ thuế,75948,305,16,DA_NANG,Nguyễn Hải Trang,26/05/2016,https://files.customs.gov.vn/DA_NANG/Uploads/65e32243-11bf-4695-985d-c1563e8c13ba/vanban_2016060117282200.tif,https://www.customs.gov.vn/index.jsp?pageId=3&id=75948&cid=1294,2016,05/2016,2026-10-08T09:28:26Z
530,02/2016/TT-BNV,25/05/2016,Bộ Nội vụ,Hướng dẫn nghiệp vụ công tác tổ chức bầu cử đại biểu Quốc hội khóa XIV và đại biểu Hội đồng nhân dân các cấp nhiệm kỳ 2016-2021,61384,305,4,BA_RIA_VUNG_TAU,Nguyễn Duy Thăng,01/02/2016,https://files.customs.gov.vn/BA_RIA_VUNG_TAU/uploads/document/805/Thong tu 02-2016 huong dan cong tac bau cu.pdf,https://www.customs.gov.vn/index.jsp?pageId=3&id=61384&cid=1294,2016,05/2016,2026-10-08T09:28:26Z
531,1076/HQĐNa-TXNK,25/05/2016,Cục Hải Quan tỉnh Đồng Nai,"Thuế GTGT đối với máy móc, thiết bị và phụ tùng thay thế dùng trong dây chuyền sản xuất thức ăn gia súc (Công ty CP Chăn nuôi C.P Việt Nam)",66493,305,16,DONG_NAI,null,null,https://files.customs.gov.vn/DONG_NAI//Data/Cv_Hqdn/1076_HQDNa_TXNK_25_05_2016.PDF,https://www.customs.gov.vn/index.jsp?pageId=3&id=66493&cid=1294,2016,05/2016,2026-10-08T09:28:26Z
532,1134/2016/UBTVQH13,25/05/2016,Ủy ban thường vụ Quốc hội,"NGHỊ QUYẾT 1134/2016/UBTVQH13 QUY ĐỊNH CHI TIẾT, HƯỚNG DẪN VỀ VIỆC TỔ CHỨC HỘI NGHỊ CỬ TRI; VIỆC GIỚI THIỆU NGƯỜI ỨNG CỬ ĐẠI BIỂU HỘI ĐỒNG NHÂN DÂN CẤP XÃ Ở THÔN, TỔ DÂN PHỐ; VIỆC HIỆP THƯƠNG, GIỚI THIỆU NGƯỜI ỨNG CỬ ĐẠI BIỂU QUỐC HỘI, ĐẠI BIỂU HỘI ĐỒNG NHÂN DÂN TRONG BẦU CỬ BỔ SUNG",61383,305,7,BA_RIA_VUNG_TAU,Nguyễn Sinh Hùng,18/01/2016,https://files.customs.gov.vn/BA_RIA_VUNG_TAU/uploads/document/804/1134_2016_UBTVQH13_301544.pdf,https://www.customs.gov.vn/index.jsp?pageId=3&id=61383&cid=1294,2016,05/2016,2026-10-08T09:28:26Z
533,1289/HQHCM-TXNK,25/05/2016,Bộ Thương Mại,V/v hướng dẫn mã số mặt hàng Dầu bắp (ngô) tinh luyện,57208,305,16,TP_HO_CHI_MINH,Hoàng Thị Xuân Hoa,25/05/2016,https://files.customs.gov.vn/CustomsCMS/TP_HO_CHI_MINH/2020/Web/Data/DocumentAttachments/1289-HQHCM-TXNK.tif,https://www.customs.gov.vn/index.jsp?pageId=3&id=57208&cid=1294,2016,05/2016,2026-10-08T09:28:26Z
534,149/TB-NHNN,25/05/2016,null,Thông báo tỷ giá tính chéo của đồng Việt Nam với một số ngoại tệ,75946,305,16,DA_NANG,Nguyễn Đức Long,25/05/2016,https://files.customs.gov.vn/DA_NANG/Uploads/65e32243-11bf-4695-985d-c1563e8c13ba/vanban_2016060117130300.tif,https://www.customs.gov.vn/index.jsp?pageId=3&id=75946&cid=1294,2016,05/2016,2026-10-08T09:28:26Z
535,1535/QĐ-TCHQ,25/05/2016,null,"Quyết định v/v áp dụng biện pháp cưỡng chế dừng làm thủ tục hải quan đối với hàng hóa xuất, khẩu, nhập khẩu",75945,305,10,DA_NANG,Vũ Ngọc Anh,25/05/2016,https://files.customs.gov.vn/DA_NANG/Uploads/65e32243-11bf-4695-985d-c1563e8c13ba/05302016vanban_2016053015300200.tif,https://www.customs.gov.vn/index.jsp?pageId=3&id=75945&cid=1294,2016,05/2016,2026-10-08T09:28:26Z
536,4600/TCHQ-GSQL,25/05/2016,Tổng cục hải quan,Người khai hải quan là người thực hiện dịch vụ quá cảnh hàng hóa,53701,305,16,TP_HO_CHI_MINH,Vũ Ngọc Anh,25/05/2016,https://files.customs.gov.vn/CustomsCMS/TP_HO_CHI_MINH/2020/Web/Data/DocumentAttachments/4600_TCHQ-GSQL_312721.doc,https://www.customs.gov.vn/index.jsp?pageId=3&id=53701&cid=1294,2016,05/2016,2026-10-08T09:28:26Z
537,4602/TCHQ-GSQL,25/05/2016,Tổng cục hải quan,Về việc Kiểm tra nhà nước về an toàn thực phẩm đối với hàng hóa NK bán tại cửa hàng miễn thuế,52616,305,16,TP_HO_CHI_MINH,Vũ Ngọc Anh,25/05/2016,https://files.customs.gov.vn/CustomsCMS/TP_HO_CHI_MINH/2020/Web/Data/DocumentAttachments/4602.tif,https://www.customs.gov.vn/index.jsp?pageId=3&id=52616&cid=1294,2016,05/2016,2026-10-08T09:28:26Z
538,4605/TB-TCHQ,25/05/2016,Tổng cục hải quan,"Thép hợp kim - hàm lượng Cr = 0,366% tính theo trọng lượng, dạng thanh và que, cán nóng, chưa qua sơn, phủ, mạ hoặc tráng. Kích thước: Ø5,5mm x cuộn.",58956,305,16,TP_HO_CHI_MINH,Nguyễn Dương Thái,25/05/2016,https://files.customs.gov.vn/CustomsCMS/TP_HO_CHI_MINH/2020/Web/Data/DocumentAttachments/4605-TB-TCHQ.tif,https://www.customs.gov.vn/index.jsp?pageId=3&id=58956&cid=1294,2016,05/2016,2026-10-08T09:28:26Z
539,4606/TB-TCHQ,25/05/2016,Tổng cục hải quan,"Trục máy khoan đã lắp ráp. Cấu tạo gồm có: Trục máy khoan, bánh răng, ổ bi, đầu cặp ba chấu, chìa khóa chuyên tháo lắp mũi khoan kèm theo, lò xo; là bộ phận của máy khoan cầm tay có gắn động cơ dùng điện. Tên thương mại: Spindle Assembly (bộ phận trục chính); Part number: 1619PA6031.",53810,305,16,TP_HO_CHI_MINH,Nguyễn Dương Thái,25/05/2016,https://files.customs.gov.vn/CustomsCMS/TP_HO_CHI_MINH/2020/Web/Data/DocumentAttachments/4606-TB-TCHQ.tif,https://www.customs.gov.vn/index.jsp?pageId=3&id=53810&cid=1294,2016,05/2016,2026-10-08T09:28:26Z
540,4607/TB-TCHQ,25/05/2016,Tổng cục hải quan,"Nắp của bộ phận hút, là bộ phận của máy chà nhám cầm tay có gắn động cơ dùng điện, đươc làm bằng nhôm hợp kim. Tên thương mại: Suction Hood; Part number: 2600282015.",57429,305,16,TP_HO_CHI_MINH,Nguyễn Dương Thái,25/05/2016,https://files.customs.gov.vn/CustomsCMS/TP_HO_CHI_MINH/2020/Web/Data/DocumentAttachments/4607-TB-TCHQ.tif,https://www.customs.gov.vn/index.jsp?pageId=3&id=57429&cid=1294,2016,05/2016,2026-10-08T09:28:26Z
541,4608/TB-TCHQ,25/05/2016,Tổng cục hải quan,"Sợi đơn từ xơ staple polyester và xơ bông, hàm lượng xơ bông ≈ 61%, làm từ xơ chải kỹ, độ mảnh sợi ≈ 144 decitex, chưa đóng gói bán lẻ.",58889,305,16,TP_HO_CHI_MINH,Nguyễn Dương Thái,25/05/2016,https://files.customs.gov.vn/CustomsCMS/TP_HO_CHI_MINH/2020/Web/Data/DocumentAttachments/4608-TB-TCHQ.tif,https://www.customs.gov.vn/index.jsp?pageId=3&id=58889&cid=1294,2016,05/2016,2026-10-08T09:28:26Z
542,4609/TB-TCHQ,25/05/2016,Tổng cục hải quan,"Sợi đơn từ xơ staple polyester và xơ bông, hàm lượng xơ bông ≈ 61,7%, làm từ xơ chải kỹ, độ mảnh sợi ≈ 218 decitex, chưa đóng gói bán lẻ.",56513,305,16,TP_HO_CHI_MINH,Nguyễn Dương Thái,25/05/2016,https://files.customs.gov.vn/CustomsCMS/TP_HO_CHI_MINH/2020/Web/Data/DocumentAttachments/4609-TB-TCHQ.tif,https://www.customs.gov.vn/index.jsp?pageId=3&id=56513&cid=1294,2016,05/2016,2026-10-08T09:28:26Z
543,4610/TB-TCHQ,25/05/2016,null,"Thông báo về kết quả phân loại đối với hàng hóa xuất khẩu, nhập khẩu",75944,305,16,DA_NANG,Nguyễn Dương Thái,25/05/2016,https://files.customs.gov.vn/DA_NANG/Uploads/65e32243-11bf-4695-985d-c1563e8c13ba/05302016vanban_2016053015324900.tif,https://www.customs.gov.vn/index.jsp?pageId=3&id=75944&cid=1294,2016,05/2016,2026-10-08T09:28:26Z
544,4611/TB-TCHQ,25/05/2016,Tổng cục hải quan,"Sợi đơn từ Filament Polyester, thẳng, không xoắn, độ mảnh 50,5 decitex, màu trắng, chưa đóng gói để bán lẻ.",57253,305,16,TP_HO_CHI_MINH,Nguyễn Dương Thái,25/05/2016,https://files.customs.gov.vn/CustomsCMS/TP_HO_CHI_MINH/2020/Web/Data/DocumentAttachments/4611-TB-TCHQ.tif,https://www.customs.gov.vn/index.jsp?pageId=3&id=57253&cid=1294,2016,05/2016,2026-10-08T09:28:26Z
545,4612/TB-TCHQ,25/05/2016,Tổng cục hải quan,"Vải dệt thoi kiểu dệt vân điểm, thành phần 100% xơ bông, chưa tẩy trắng, chưa tráng phủ hay ngâm tẩm, trọng lượng 72 g/m2, dạng cuộn, khổ lớn hơn 0,5m.",56182,305,16,TP_HO_CHI_MINH,Nguyễn Dương Thái,25/05/2016,https://files.customs.gov.vn/CustomsCMS/TP_HO_CHI_MINH/2020/Web/Data/DocumentAttachments/4612-TB-TCHQ.tif,https://www.customs.gov.vn/index.jsp?pageId=3&id=56182&cid=1294,2016,05/2016,2026-10-08T09:28:26Z
546,1500/QÐ-TCHQ,24/05/2016,Tổng cục hải quan,"Quyết định về việc ban hành Quy trình giám sát hải quan đối với hàng hóa xuất khẩu, nhập khẩu đưa vào, lưu giữ, đưa ra khu vực giám sát hải quan tại cảng biển thực hiện Điều 41 Luât Hải quan",55044,305,10,TP_HO_CHI_MINH,Vũ Ngọc Anh,27/05/2016,https://files.customs.gov.vn/CustomsCMS/TP_HO_CHI_MINH/2020/Web/Data/DocumentAttachments/1500_QD_TCHQ_ngay_24.5.2016_(Quy_tri_hf_GSHQ_tpi_Crng_bixn).tif,https://www.customs.gov.vn/index.jsp?pageId=3&id=55044&cid=1294,2016,05/2016,2026-10-08T09:28:26Z
547,1500/QĐ-TCHQ,24/05/2016,null,"Quy trình GSHQ đối với hàng hóa xuất khẩu, nhập khẩu đưa vào, lưu giữ, đưa ra khu vực giám sát hải quan tại cảng biển",75971,305,10,DA_NANG,Vũ Ngọc Anh,01/06/2016,https://files.customs.gov.vn/DA_NANG/Uploads/65e32243-11bf-4695-985d-c1563e8c13ba/1500_QD_TCHQ ngày 24.5.2016 (Quy tri hf GSHQ tại Cảng biển).tif,https://www.customs.gov.vn/index.jsp?pageId=3&id=75971&cid=1294,2016,05/2016,2026-10-08T09:28:26Z
548,4509/TB-TCHQ,24/05/2016,Tổng cục hải quan,"Dải plastic làm từ polyeste chưa no, một mặt được phủ nylon, không xốp, chưa được gia cố, chưa gắn lớp mặt, chưa được bổ trợ hoặc kết hợp với vật liệu khác, trong đó polyeste có vai trò quyết định bản chất hàng hóa.",57255,305,16,TP_HO_CHI_MINH,Nguyễn Dương Thái,24/05/2016,https://files.customs.gov.vn/CustomsCMS/TP_HO_CHI_MINH/2020/Web/Data/DocumentAttachments/4509-TB-TCHQ.tif,https://www.customs.gov.vn/index.jsp?pageId=3&id=57255&cid=1294,2016,05/2016,2026-10-08T09:28:26Z
549,4510/TB-TCHQ,24/05/2016,Tổng cục hải quan,"Thép hơp kim - hàm lượng Cr = 0,37% tính theo trọng lượng, dạng thanh và que, cán nóng, chưa qua sơn, phủ, mạ hoặc tráng. Kích thước: Ø5,5mm x cuộn.",54473,305,16,TP_HO_CHI_MINH,Nguyễn Dương Thái,24/05/2016,https://files.customs.gov.vn/CustomsCMS/TP_HO_CHI_MINH/2020/Web/Data/DocumentAttachments/4510-TB-TCHQ.tif,https://www.customs.gov.vn/index.jsp?pageId=3&id=54473&cid=1294,2016,05/2016,2026-10-08T09:28:26Z
550,4511/TB-TCHQ,24/05/2016,Tổng cục hải quan,"Ống thép không hàn, loại ống dẫn chịu áp lực cao, bằng thép không hợp kim, có mặt cắt ngang hình tròn, cán nguội, đường kính ngoài 115mm.",57683,305,16,TP_HO_CHI_MINH,Nguyễn Dương Thái,24/05/2016,https://files.customs.gov.vn/CustomsCMS/TP_HO_CHI_MINH/2020/Web/Data/DocumentAttachments/4511-TB-TCHQ.tif,https://www.customs.gov.vn/index.jsp?pageId=3&id=57683&cid=1294,2016,05/2016,2026-10-08T09:28:26Z
551,4512/TB-TCHQ,24/05/2016,Tổng cục hải quan,"Chế phẩm hữu cơ hoạt động bề mặt dạng anion và không ion, dạng lỏng, hàm lượng chất rắn ~17%, đóng gói 120kg/thùng.",55580,305,16,TP_HO_CHI_MINH,Nguyễn Dương Thái,24/05/2016,https://files.customs.gov.vn/CustomsCMS/TP_HO_CHI_MINH/2020/Web/Data/DocumentAttachments/4512-TB-TCHQ.tif,https://www.customs.gov.vn/index.jsp?pageId=3&id=55580&cid=1294,2016,05/2016,2026-10-08T09:28:26Z
552,4513/TB-TCHQ,24/05/2016,Tổng cục hải quan,"Chế phẩm hóa học có chứa dung môi hữu cơ, talc và phụ gia.",53207,305,16,TP_HO_CHI_MINH,Nguyễn Dương Thái,24/05/2016,https://files.customs.gov.vn/CustomsCMS/TP_HO_CHI_MINH/2020/Web/Data/DocumentAttachments/4513-TB-TCHQ.tif,https://www.customs.gov.vn/index.jsp?pageId=3&id=53207&cid=1294,2016,05/2016,2026-10-08T09:28:26Z
553,4539/TB-TCHQ,24/05/2016,null,"Thông Báo về kết quả phân loại đối với hàng hóa xuất khẩu, nhập khẩu",75943,305,16,DA_NANG,Nguyễn Dương Thái,24/05/2016,https://files.customs.gov.vn/DA_NANG/Uploads/65e32243-11bf-4695-985d-c1563e8c13ba/phân loại HH.rar,https://www.customs.gov.vn/index.jsp?pageId=3&id=75943&cid=1294,2016,05/2016,2026-10-08T09:28:26Z
554,4561/TB-TCHQ,24/05/2016,Tổng cục hải quan,"Bán thành phẩm, bằng thép không hợp kim, hàm lượng C ≈ 0,181% tính theo trọng lượng, dạng phiến, kích thước dày 250mm x rộng 1400mm x dài 8000 mm.",58591,305,16,TP_HO_CHI_MINH,Nguyễn Dương Thái,24/05/2016,https://files.customs.gov.vn/CustomsCMS/TP_HO_CHI_MINH/2020/Web/Data/DocumentAttachments/4561-TB-TCHQ.tif,https://www.customs.gov.vn/index.jsp?pageId=3&id=58591&cid=1294,2016,05/2016,2026-10-08T09:28:26Z
555,4562/TB-TCHQ,24/05/2016,Tổng cục hải quan,"Bán thành phẩm, bằng thép không hợp kim, hàm lượng C ≈ 0,013% tính theo trọng lượng, dạng phiến, kích thước dày 250mm x rộng 1550mm x dài 8000 mm.",57519,305,16,TP_HO_CHI_MINH,Nguyễn Dương Thái,24/05/2016,https://files.customs.gov.vn/CustomsCMS/TP_HO_CHI_MINH/2020/Web/Data/DocumentAttachments/4562-TB-TCHQ.tif,https://www.customs.gov.vn/index.jsp?pageId=3&id=57519&cid=1294,2016,05/2016,2026-10-08T09:28:26Z
556,4563/TB-TCHQ,24/05/2016,Tổng cục hải quan,"Bán thành phẩm, bằng thép không hợp kim, hàm lượng C ≈ 0,07% tính theo trọng lượng, dạng phiến, kích thước dày 250mm x rộng 1100mm x dài 7200 mm.",55069,305,16,TP_HO_CHI_MINH,Nguyễn Dương Thái,24/05/2016,https://files.customs.gov.vn/CustomsCMS/TP_HO_CHI_MINH/2020/Web/Data/DocumentAttachments/4563-TB-TCHQ.tif,https://www.customs.gov.vn/index.jsp?pageId=3&id=55069&cid=1294,2016,05/2016,2026-10-08T09:28:26Z
557,4564/TB-TCHQ,24/05/2016,Tổng cục hải quan,"Bán thành phẩm, bằng thép không hợp kim, hàm lượng C ≈ 0,04% tính theo trọng lượng, dạng phiến, kích thước dày 250mm x rộng 1400mm x dài 8000 mm.",53048,305,16,TP_HO_CHI_MINH,Nguyễn Dương Thái,24/05/2016,https://files.customs.gov.vn/CustomsCMS/TP_HO_CHI_MINH/2020/Web/Data/DocumentAttachments/4564-TB-TCHQ.tif,https://www.customs.gov.vn/index.jsp?pageId=3&id=53048&cid=1294,2016,05/2016,2026-10-08T09:28:26Z
558,4565/TB-TCHQ,24/05/2016,Tổng cục hải quan,"Bán thành phẩm, bằng thép không hợp kim, hàm lượng C ≈ 0,185% tính theo trọng lượng, dạng phiến, kích thước dày 250mm x rộng 1100mm x dài 9600 mm.",55807,305,16,TP_HO_CHI_MINH,Nguyễn Dương Thái,24/05/2016,https://files.customs.gov.vn/CustomsCMS/TP_HO_CHI_MINH/2020/Web/Data/DocumentAttachments/4565-TB-TCHQ.tif,https://www.customs.gov.vn/index.jsp?pageId=3&id=55807&cid=1294,2016,05/2016,2026-10-08T09:28:26Z
559,4566/TB-TCHQ,24/05/2016,Tổng cục hải quan,"Chế phẩm thực phẩm bảo vệ sức khỏe dùng cho trẻ em có thành phần chính là dịch chiết xuất từ thực vật, đường, hương liệu và phụ gia, dạng lỏng, đóng gói 125ml/lọ.",56332,305,16,TP_HO_CHI_MINH,Nguyễn Dương Thái,24/05/2016,https://files.customs.gov.vn/CustomsCMS/TP_HO_CHI_MINH/2020/Web/Data/DocumentAttachments/4566-TB-TCHQ.tif,https://www.customs.gov.vn/index.jsp?pageId=3&id=56332&cid=1294,2016,05/2016,2026-10-08T09:28:26Z
560,4567/TB-TCHQ,24/05/2016,Tổng cục hải quan,"Chế phẩm thực phẩm bảo vệ sức khỏe dùng cho trẻ em có thành phần chính từ đường, bổ sung hỗn hợp vitamin, khoáng chất, hương liệu và phụ gia, dạng lỏng, đóng gói 125ml/lọ.",53337,305,16,TP_HO_CHI_MINH,Nguyễn Dương Thái,24/05/2016,https://files.customs.gov.vn/CustomsCMS/TP_HO_CHI_MINH/2020/Web/Data/DocumentAttachments/4567-TB-TCHQ.tif,https://www.customs.gov.vn/index.jsp?pageId=3&id=53337&cid=1294,2016,05/2016,2026-10-08T09:28:26Z
561,4568/TB-TCHQ,24/05/2016,Tổng cục hải quan,"Chế phẩm thực phẩm bảo vệ sức khỏe dùng cho trẻ em có thành phần chính từ đường, bổ sung hỗn hợp vitamin, khoáng chất (sắt, canxi, magiê), hương liệu và phụ gia, dạng lỏng, đóng gói 125ml/lọ.",58710,305,16,TP_HO_CHI_MINH,Nguyễn Dương Thái,24/05/2016,https://files.customs.gov.vn/CustomsCMS/TP_HO_CHI_MINH/2020/Web/Data/DocumentAttachments/4568-TB-TCHQ.tif,https://www.customs.gov.vn/index.jsp?pageId=3&id=58710&cid=1294,2016,05/2016,2026-10-08T09:28:26Z
562,4570/TB-TCHQ,24/05/2016,Tổng cục hải quan,"Chế phẩm thực phẩm bảo vệ sức khỏe dùng cho trẻ em có thành phần chính từ đường, bổ sung khoáng sắt, hỗn hơp vitamin, hương liệu và phụ gia, dạng lỏng, đóng gói 125ml/lọ.",58424,305,16,TP_HO_CHI_MINH,Nguyễn Dương Thái,24/05/2016,https://files.customs.gov.vn/CustomsCMS/TP_HO_CHI_MINH/2020/Web/Data/DocumentAttachments/4570-TB-TCHQ.tif,https://www.customs.gov.vn/index.jsp?pageId=3&id=58424&cid=1294,2016,05/2016,2026-10-08T09:28:26Z
563,944/TXNK-QLN,23/05/2016,null,Xác nhận nợ thuế,75940,305,16,DA_NANG,Nguyễn Hải Trang,23/05/2016,https://files.customs.gov.vn/DA_NANG/Uploads/65e32243-11bf-4695-985d-c1563e8c13ba/vanban_2016053015201200.tif,https://www.customs.gov.vn/index.jsp?pageId=3&id=75940&cid=1294,2016,05/2016,2026-10-08T09:28:26Z
564,4288/TB-TCHQ,23/05/2016,Tổng cục hải quan,"Cáp dẫn tín hiệu dùng làm dây dẫn cho tai nghe điện thoại, không lắp với đầu nối điện, điện áp không quá 80V, cấu tạo: có lớp vỏ cách điện bên ngoài bằng plastic, lõi gồm 4 dây dẫn có màu sắc khác nhau, mỗi dây gồm nhiều sợi dẫn đã được phủ lớp cách điện, bện quanh một bó gồm những sợi không dẫn điện. Kích thước mặt cắt ngang lớn nhất của mẫu là 1,8 mm.",55945,305,16,TP_HO_CHI_MINH,Nguyễn Dương Thái,23/05/2016,https://files.customs.gov.vn/CustomsCMS/TP_HO_CHI_MINH/2020/Web/Data/DocumentAttachments/4288-TB-TCHQ.tif,https://www.customs.gov.vn/index.jsp?pageId=3&id=55945&cid=1294,2016,05/2016,2026-10-08T09:28:26Z
565,4289/TB-TCHQ,23/05/2016,Tổng cục hải quan,Chế phẩm ester có thành phần gồm Sorbitan stearat và Sorbitan palmitat. Theo tài liệu kỹ thuật được sử dụng trong ngành công nghiệp dệt.,52575,305,16,TP_HO_CHI_MINH,Nguyễn Dương Thái,23/05/2016,https://files.customs.gov.vn/CustomsCMS/TP_HO_CHI_MINH/2020/Web/Data/DocumentAttachments/4289-TB-TCHQ.tif,https://www.customs.gov.vn/index.jsp?pageId=3&id=52575&cid=1294,2016,05/2016,2026-10-08T09:28:26Z
566,4290/TB-TCHQ,23/05/2016,Tổng cục hải quan,Đầu phun dùng cho hệ thống tưới kiểu phun sương. Mật độ sương phụ thuộc vào lưu lượng cũng như áp lực nước dẫn đến đầu phun và được điều khiển bởi máy bơm cao áp (Spray sprinkler).,57206,305,16,TP_HO_CHI_MINH,Nguyễn Dương Thái,23/05/2016,https://files.customs.gov.vn/CustomsCMS/TP_HO_CHI_MINH/2020/Web/Data/DocumentAttachments/4290-TB-TCHQ.tif,https://www.customs.gov.vn/index.jsp?pageId=3&id=57206&cid=1294,2016,05/2016,2026-10-08T09:28:26Z
567,4291/TB-TCHQ,23/05/2016,Tổng cục hải quan,"N-Methyl-Pyrrolidone, dạng lỏng.",58333,305,16,TP_HO_CHI_MINH,Nguyễn Dương Thái,23/05/2016,https://files.customs.gov.vn/CustomsCMS/TP_HO_CHI_MINH/2020/Web/Data/DocumentAttachments/4291-TB-TCHQ.tif,https://www.customs.gov.vn/index.jsp?pageId=3&id=58333&cid=1294,2016,05/2016,2026-10-08T09:28:26Z
568,4292/TB-TCHQ,23/05/2016,Tổng cục hải quan,"Bìa lớp mặt, được tạo bởi hai lớp giấy có màu sắc khác nhau bằng phương pháp ép ẩm, chưa được tráng phủ, chưa in hình, in chữ, thành phần chủ yếu từ bột giấy tái chế, lớp bề mặt từ bột giấy mới được nhuộm màu, trong đó bột giấy hóa học dưới 74,4% so với tổng lượng bột giấy. Mẫu dạng cuộn, định lượng 231,2g/m2, chỉ số bục 3,65 KPa.m2/g, được sử dụng chủ yếu làm bao bì.",53712,305,16,TP_HO_CHI_MINH,Nguyễn Dương Thái,23/05/2016,https://files.customs.gov.vn/CustomsCMS/TP_HO_CHI_MINH/2020/Web/Data/DocumentAttachments/4292-TB-TCHQ.tif,https://www.customs.gov.vn/index.jsp?pageId=3&id=53712&cid=1294,2016,05/2016,2026-10-08T09:28:26Z
569,4294/TB-TCHQ,23/05/2016,Tổng cục hải quan,"Sản phẩm bằng gốm (ceramic) chịu lửa có thành phần chính là silic cacbua, dạng ống mặt cắt hình chữ nhật, kích thước 40mmx20mm, độ dày thành ống 5mm.",53503,305,16,TP_HO_CHI_MINH,Nguyễn Dương Thái,23/05/2016,https://files.customs.gov.vn/CustomsCMS/TP_HO_CHI_MINH/2020/Web/Data/DocumentAttachments/4294-TB-TCHQ.tif,https://www.customs.gov.vn/index.jsp?pageId=3&id=53503&cid=1294,2016,05/2016,2026-10-08T09:28:26Z
570,4295/TB-TCHQ,23/05/2016,Tổng cục hải quan,"Chế phẩm hóa học có thành phần chính là canxi carbonat (chiếm trên 70% khối lượng), polypropylen và phụ gia, thường được sử dụng trong công nghiệp nhựa, dạng hạt.",52785,305,16,TP_HO_CHI_MINH,Nguyễn Dương Thái,23/05/2016,https://files.customs.gov.vn/CustomsCMS/TP_HO_CHI_MINH/2020/Web/Data/DocumentAttachments/4295-TB-TCHQ.tif,https://www.customs.gov.vn/index.jsp?pageId=3&id=52785&cid=1294,2016,05/2016,2026-10-08T09:28:26Z
571,4296/TB-TCHQ,23/05/2016,Tổng cục hải quan,"Chế phẩm hóa học có thành phần chính là canxi carbonat (chiếm trên 70% khối lượng), polypropylen và phụ gia, thường được sử dụng trong công nghiệp nhựa, dạng hạt.",54970,305,16,TP_HO_CHI_MINH,Nguyễn Dương Thái,23/05/2016,https://files.customs.gov.vn/CustomsCMS/TP_HO_CHI_MINH/2020/Web/Data/DocumentAttachments/4296-TB-TCHQ.tif,https://www.customs.gov.vn/index.jsp?pageId=3&id=54970&cid=1294,2016,05/2016,2026-10-08T09:28:26Z
572,4297/TB-TCHQ,23/05/2016,Tổng cục hải quan,"Chế phẩm thực phẩm giòn có hương vị, dạng miếng lát hình bầu dục đều nhau, trong thành phần gồm tinh bột khoai tây, muối, đường, hương vị và chất béo.",55486,305,16,TP_HO_CHI_MINH,Nguyễn Dương Thái,23/05/2016,https://files.customs.gov.vn/CustomsCMS/TP_HO_CHI_MINH/2020/Web/Data/DocumentAttachments/4297-TB-TCHQ.tif,https://www.customs.gov.vn/index.jsp?pageId=3&id=55486&cid=1294,2016,05/2016,2026-10-08T09:28:26Z
573,4298/TB-TCHQ,23/05/2016,Tổng cục hải quan,"Chế phẩm có thành phần cơ bản là cà phê rang, có chứa chất béo, đường, protein… dạng bột.",55837,305,16,TP_HO_CHI_MINH,Nguyễn Dương Thái,23/05/2016,https://files.customs.gov.vn/CustomsCMS/TP_HO_CHI_MINH/2020/Web/Data/DocumentAttachments/4298-TB-TCHQ.tif,https://www.customs.gov.vn/index.jsp?pageId=3&id=55837&cid=1294,2016,05/2016,2026-10-08T09:28:26Z
574,4299/TB-TCHQ,23/05/2016,Tổng cục hải quan,"Chế phẩm protein thủy phân, dạng bột. Hàm lượng Protein tính theo Nitơ tổng là 78.25%.",55013,305,16,TP_HO_CHI_MINH,Nguyễn Dương Thái,23/05/2016,https://files.customs.gov.vn/CustomsCMS/TP_HO_CHI_MINH/2020/Web/Data/DocumentAttachments/4299-TB-TCHQ.tif,https://www.customs.gov.vn/index.jsp?pageId=3&id=55013&cid=1294,2016,05/2016,2026-10-08T09:28:26Z
575,4300/TB-TCHQ,23/05/2016,Tổng cục hải quan,"Chế phẩm bổ sung dùng trong chăn nuôi, dạng lỏng. Thành phần: betaine, muối kali clorua, nước... hàm lượng rắn ≈ 68%.",57109,305,16,TP_HO_CHI_MINH,Nguyễn Dương Thái,23/05/2016,https://files.customs.gov.vn/CustomsCMS/TP_HO_CHI_MINH/2020/Web/Data/DocumentAttachments/4300-TB-TCHQ.tif,https://www.customs.gov.vn/index.jsp?pageId=3&id=57109&cid=1294,2016,05/2016,2026-10-08T09:28:26Z
576,4301/TB-TCHQ,23/05/2016,Tổng cục hải quan,"Lá thuốc lá đã tước cọng một phần, đã sấy.",53727,305,16,TP_HO_CHI_MINH,Nguyễn Dương Thái,23/05/2016,https://files.customs.gov.vn/CustomsCMS/TP_HO_CHI_MINH/2020/Web/Data/DocumentAttachments/4301-TB-TCHQ.tif,https://www.customs.gov.vn/index.jsp?pageId=3&id=53727&cid=1294,2016,05/2016,2026-10-08T09:28:26Z
577,4302/TB-TCHQ,23/05/2016,Tổng cục hải quan,"Vecni làm từ poly urethane đã phân tán trong môi trường không chứa nước, chịu được nhiệt trên 100 độ C.",58791,305,16,TP_HO_CHI_MINH,Nguyễn Dương Thái,23/05/2016,https://files.customs.gov.vn/CustomsCMS/TP_HO_CHI_MINH/2020/Web/Data/DocumentAttachments/4302-TB-TCHQ.tif,https://www.customs.gov.vn/index.jsp?pageId=3&id=58791&cid=1294,2016,05/2016,2026-10-08T09:28:26Z
578,4303/TB-TCHQ,23/05/2016,Tổng cục hải quan,"Chế phẩm thuốc nhuộm trực tiếp triphenodioxazine, dạng bột.",56942,305,16,TP_HO_CHI_MINH,Nguyễn Dương Thái,23/05/2016,https://files.customs.gov.vn/CustomsCMS/TP_HO_CHI_MINH/2020/Web/Data/DocumentAttachments/4303-TB-TCHQ.tif,https://www.customs.gov.vn/index.jsp?pageId=3&id=56942&cid=1294,2016,05/2016,2026-10-08T09:28:26Z
579,4304/TB-TCHQ,23/05/2016,Tổng cục hải quan,"Chế phẩm thuốc nhuộm lưu huỳnh dùng để nhuộm da, dạng bột.",55038,305,16,TP_HO_CHI_MINH,Nguyễn Dương Thái,23/05/2016,https://files.customs.gov.vn/CustomsCMS/TP_HO_CHI_MINH/2020/Web/Data/DocumentAttachments/4304-TB-TCHQ.tif,https://www.customs.gov.vn/index.jsp?pageId=3&id=55038&cid=1294,2016,05/2016,2026-10-08T09:28:26Z
580,4306/TB-TCHQ,23/05/2016,Tổng cục hải quan,"Chế phẩm thuốc màu hữu cơ phân tán trong nước, ethanol và copolymer acrylate, màu vàng, dạng lỏng, hàm lượng sau sấy 17,58%.",57497,305,16,TP_HO_CHI_MINH,Nguyễn Dương Thái,23/05/2016,https://files.customs.gov.vn/CustomsCMS/TP_HO_CHI_MINH/2020/Web/Data/DocumentAttachments/4306-TB-TCHQ.tif,https://www.customs.gov.vn/index.jsp?pageId=3&id=57497&cid=1294,2016,05/2016,2026-10-08T09:28:26Z
581,4307/TB-TCHQ,23/05/2016,Tổng cục hải quan,"Chế phẩm thuốc màu hữu cơ phân tán trong nước, ethanol và copolymer acrylate, màu đỏ, dạng lỏng, hàm lượng sau sấy 19.51%.",57305,305,16,TP_HO_CHI_MINH,Nguyễn Dương Thái,23/05/2016,https://files.customs.gov.vn/CustomsCMS/TP_HO_CHI_MINH/2020/Web/Data/DocumentAttachments/4307-TB-TCHQ.tif,https://www.customs.gov.vn/index.jsp?pageId=3&id=57305&cid=1294,2016,05/2016,2026-10-08T09:28:26Z
582,4308/TB-TCHQ,23/05/2016,Tổng cục hải quan,"Chế phẩm thuốc màu hữu cơ phân tán trong nước, ethanol và copolymer acrylate, màu tím, dạng lỏng, hàm lượng sau sấy 17,71%.",56770,305,16,TP_HO_CHI_MINH,Nguyễn Dương Thái,23/05/2016,https://files.customs.gov.vn/CustomsCMS/TP_HO_CHI_MINH/2020/Web/Data/DocumentAttachments/4308-TB-TCHQ.tif,https://www.customs.gov.vn/index.jsp?pageId=3&id=56770&cid=1294,2016,05/2016,2026-10-08T09:28:26Z
583,4309/TB-TCHQ,23/05/2016,Tổng cục hải quan,"Chế phẩm thuốc màu hữu cơ phân tán trong nước, ethanol và copolymer acrylate, màu lam, dạng lỏng, hàm lượng sau sấy 18,12%.",56789,305,16,TP_HO_CHI_MINH,Nguyễn Dương Thái,23/05/2016,https://files.customs.gov.vn/CustomsCMS/TP_HO_CHI_MINH/2020/Web/Data/DocumentAttachments/4309-TB-TCHQ.tif,https://www.customs.gov.vn/index.jsp?pageId=3&id=56789&cid=1294,2016,05/2016,2026-10-08T09:28:26Z
584,4310/TB-TCHQ,23/05/2016,Tổng cục hải quan,"Chế phẩm thuốc màu hữu cơ phân tán trong nước, ethanol và copolymer acrylate, màu đen, dạng lỏng, hàm lượng sau sấy 20.16%.",58407,305,16,TP_HO_CHI_MINH,Nguyễn Dương Thái,23/05/2016,https://files.customs.gov.vn/CustomsCMS/TP_HO_CHI_MINH/2020/Web/Data/DocumentAttachments/4310-TB-TCHQ.tif,https://www.customs.gov.vn/index.jsp?pageId=3&id=58407&cid=1294,2016,05/2016,2026-10-08T09:28:26Z
585,4329/TB-TCHQ,23/05/2016,Tổng cục hải quan,"Perfluoropolyether trong dung môi hữu cơ, hàm lượng dung môi lớn hơn 50% trọng lượng.",52548,305,16,TP_HO_CHI_MINH,Nguyễn Dương Thái,23/05/2016,https://files.customs.gov.vn/CustomsCMS/TP_HO_CHI_MINH/2020/Web/Data/DocumentAttachments/4329-TB-TCHQ.tif,https://www.customs.gov.vn/index.jsp?pageId=3&id=52548&cid=1294,2016,05/2016,2026-10-08T09:28:26Z
586,4495/TB-TCHQ,23/05/2016,null,"Thông báo về kết quả phân loại đối với hàng hóa xuất khẩu, nhập khẩu",75942,305,16,DA_NANG,Nguyễn Dương Thái,23/05/2016,https://files.customs.gov.vn/DA_NANG/Uploads/65e32243-11bf-4695-985d-c1563e8c13ba/05262016vanban_2016052615433900.tif,https://www.customs.gov.vn/index.jsp?pageId=3&id=75942&cid=1294,2016,05/2016,2026-10-08T09:28:26Z
587,1431/VP-KT1,20/05/2016,null,Xử lý tiền chậm nộp của Công ty TNHH MT&KTDV Trí Đạt,75934,305,16,DA_NANG,Trần Phước Sơn,20/05/2016,https://files.customs.gov.vn/DA_NANG/Uploads/65e32243-11bf-4695-985d-c1563e8c13ba/1_vanban_2016052411020500.tif,https://www.customs.gov.vn/index.jsp?pageId=3&id=75934&cid=1294,2016,05/2016,2026-10-08T09:28:26Z
588,4188/TB-TCHQ,20/05/2016,null,Thông báo về kết quả xác định trước mã số,75938,305,16,DA_NANG,Nguyễn Dương Thái,20/05/2016,https://files.customs.gov.vn/DA_NANG/Uploads/65e32243-11bf-4695-985d-c1563e8c13ba/05242016vanban_2016052408335900.tif,https://www.customs.gov.vn/index.jsp?pageId=3&id=75938&cid=1294,2016,05/2016,2026-10-08T09:28:26Z
589,4207/TB-TCHQ,20/05/2016,null,"Thông báo về kết quả phân loại đối với hàng hóa xuất khẩu, nhập khẩu",75935,305,16,DA_NANG,Nguyễn Dương Thái,20/05/2016,https://files.customs.gov.vn/DA_NANG/Uploads/65e32243-11bf-4695-985d-c1563e8c13ba/05252016vanban_2016052515292900.tif,https://www.customs.gov.vn/index.jsp?pageId=3&id=75935&cid=1294,2016,05/2016,2026-10-08T09:28:26Z
590,4255/TB-TCHQ,20/05/2016,null,"Thông báo v/v sửa đổi, bổ sung kết quả phân loại hàng hóa nhập khẩu",75937,305,16,DA_NANG,Nguyễn Dương Thái,20/05/2016,https://files.customs.gov.vn/DA_NANG/Uploads/65e32243-11bf-4695-985d-c1563e8c13ba/05242016vanban_2016052408283100.tif,https://www.customs.gov.vn/index.jsp?pageId=3&id=75937&cid=1294,2016,05/2016,2026-10-08T09:28:26Z
591,4266/TCHQ-TXNK,20/05/2016,Tổng cục hải quan,Xác định mã HS (Công ty TNHH Văn Minh),66492,305,16,DONG_NAI,null,null,,https://www.customs.gov.vn/index.jsp?pageId=3&id=66492&cid=1294,2016,05/2016,2026-10-08T09:28:26Z
592,932/TXNK-QLN,20/05/2016,null,Xác nhận nợ thuế,75936,305,16,DA_NANG,Nguyễn Hải Trang,20/05/2016,https://files.customs.gov.vn/DA_NANG/Uploads/65e32243-11bf-4695-985d-c1563e8c13ba/vanban_2016052515104300.tif,https://www.customs.gov.vn/index.jsp?pageId=3&id=75936&cid=1294,2016,05/2016,2026-10-08T09:28:26Z
593,1030/HQĐNa-CCHĐH,19/05/2016,Cục Hải Quan tỉnh Đồng Nai,V/v Chính sách thuế nhập khẩu của sản phẩm sau gia công với doanh nghiệp nội địa (Công ty TNHH Anywear),66499,305,16,DONG_NAI,null,null,https://files.customs.gov.vn/DONG_NAI//Data/Cv_Hqdn/1030_HQDNa_CCHDH_19_05_2016.pdf,https://www.customs.gov.vn/index.jsp?pageId=3&id=66499&cid=1294,2016,05/2016,2026-10-08T09:28:26Z
594,1035/HQĐNa-GSQL,19/05/2016,Cục Hải Quan tỉnh Đồng Nai,Đề nghị thuê kho doanh nghiệp (Công ty TNHH Ritek Việt Nam),66487,305,16,DONG_NAI,null,null,https://files.customs.gov.vn/DONG_NAI//Data/Cv_Hqdn/1035_HQDNa_GSQL_19_05_2016.pdf,https://www.customs.gov.vn/index.jsp?pageId=3&id=66487&cid=1294,2016,05/2016,2026-10-08T09:28:26Z
595,1042/HQĐNa-TXNK,19/05/2016,Cục Hải Quan tỉnh Đồng Nai,V/v Đăng ký danh mục hàng hóa nhập khẩu miễn thuế tạo TSCĐ (Công ty San Lim Furniture VN),66491,305,16,DONG_NAI,null,null,https://files.customs.gov.vn/DONG_NAI//Data/Cv_Hqdn/1042_HQDNa_TXNK_19_05_2016.pdf,https://www.customs.gov.vn/index.jsp?pageId=3&id=66491&cid=1294,2016,05/2016,2026-10-08T09:28:26Z
596,4082-4526/TB-TCHQ,19/05/2016,null,"Thông báo về kết quả phân loại đối với hàng hóa xuất khẩu, nhập khẩu",75931,305,16,DA_NANG,Nguyễn Dương Thái,19/05/2016,https://files.customs.gov.vn/DA_NANG/Uploads/65e32243-11bf-4695-985d-c1563e8c13ba/1_05242016vanban_2016052408362300.tif,https://www.customs.gov.vn/index.jsp?pageId=3&id=75931&cid=1294,2016,05/2016,2026-10-08T09:28:26Z
597,968/SKHĐT-KTN,19/05/2016,null,"Góp ý dự thảo Nghị định hướng dẫn Luật Thuế xuất khẩu, thuế nhập khẩu (sửa đổi)",75932,305,16,DA_NANG,Huỳnh Văn Thanh,19/05/2016,https://files.customs.gov.vn/DA_NANG/Uploads/65e32243-11bf-4695-985d-c1563e8c13ba/05242016vanban.tif,https://www.customs.gov.vn/index.jsp?pageId=3&id=75932&cid=1294,2016,05/2016,2026-10-08T09:28:26Z
598,3738/HQHP-TXNK,18/05/2016,null,Thông báo quyết định áp dụng biện pháp cưỡng chế dừng làm thủ tục hải quan,75930,305,10,DA_NANG,Lưu Mạnh Tưởng,18/05/2016,https://files.customs.gov.vn/DA_NANG/Uploads/65e32243-11bf-4695-985d-c1563e8c13ba/vanban_2016052515160000.tif,https://www.customs.gov.vn/index.jsp?pageId=3&id=75930&cid=1294,2016,05/2016,2026-10-08T09:28:26Z
599,663/GSQL-GQ2,18/05/2016,Tổng cục hải quan,Vướng mắc chính sách mặt hàng khi thực hiện thủ tục chuyển tiêu thụ nội địa (Công ty TNHH Le Long Việt Nam),66489,305,16,DONG_NAI,null,null,,https://www.customs.gov.vn/index.jsp?pageId=3&id=66489&cid=1294,2016,05/2016,2026-10-08T09:28:26Z
600,668/GSQL-TH,18/05/2016,Tổng cục hải quan,Hướng dẫn thủ tục hải quan đối với hàng hóa gửi kho ngoại quan để chờ đưa ra nước ngoài,66488,305,16,DONG_NAI,null,null,,https://www.customs.gov.vn/index.jsp?pageId=3&id=66488&cid=1294,2016,05/2016,2026-10-08T09:28:26Z
601,110/2016/TTLT-BTC-BK,30/06/2016,null,Hướng dẫn nội dung phối hợp trong hoạt động kiểm tra chất lượng và thông quan hàng hóa đối với hàng hóa nhập khẩu thuộc diện phải kiểm tra nhà nước về chất lượng theo quy định của pháp luật.,67462,305,18,CAN_THO,null,30/06/2016,https://files.customs.gov.vn/CAN_THO/110_2016_TTLT-BTC-BKHCN.tif,https://www.customs.gov.vn/index.jsp?pageId=3&id=67462&cid=1294,2016,06/2016,2026-10-08T09:28:26Z
602,24/2016/TT-BNNPTNT,30/06/2016,null,"Ban hành danh mục và công bố mã HS đối với hàng hóa cấm xuất khẩu là gỗ tròn, gỗ xẻ các loại từ gỗ rừng tự nhiên trong nước và hàng hóa xuất khẩu theo giấy phép là củi, than làm từ gỗ hoặc củi có nguồn gốc từ gỗ rừng tự nhiên trong nước",67464,305,18,CAN_THO,null,19/08/2016,https://files.customs.gov.vn/CAN_THO/24-BNNPTNT.signed.pdf,https://www.customs.gov.vn/index.jsp?pageId=3&id=67464&cid=1294,2016,06/2016,2026-10-08T09:28:26Z
603,25/2016/TT-BNNPTNN,30/06/2016,null,"Quy định về kiểm dịch động vật, sản phẩm động vật trên cạn.",67463,305,18,CAN_THO,null,15/08/2016,https://files.customs.gov.vn/CAN_THO/25_2016_TT-BNNPTNT.pdf,https://www.customs.gov.vn/index.jsp?pageId=3&id=67463&cid=1294,2016,06/2016,2026-10-08T09:28:26Z
604,6077/TCHQ_GSQL,30/06/2016,null,Nhập khẩu phế liệu,76038,305,16,DA_NANG,Vũ Ngọc Anh,30/06/2016,https://files.customs.gov.vn/DA_NANG/Uploads/65e32243-11bf-4695-985d-c1563e8c13ba/NK phế liệu.tif,https://www.customs.gov.vn/index.jsp?pageId=3&id=76038&cid=1294,2016,06/2016,2026-10-08T09:28:26Z
605,6084/TB-TCHQ,30/06/2016,null,"Thông báo về kết quả phân loại đối với hàng hóa xuất khẩu, nhập khẩu",76037,305,16,DA_NANG,Nguyễ Dương Thái,30/06/2016,https://files.customs.gov.vn/DA_NANG/Uploads/65e32243-11bf-4695-985d-c1563e8c13ba/07042016vanban_2016070411303200.tif,https://www.customs.gov.vn/index.jsp?pageId=3&id=76037&cid=1294,2016,06/2016,2026-10-08T09:28:26Z
606,879/GSQL-TH,30/06/2016,Bộ Công nghiệp,V/v vướng mắc C/O mẫu E (công văn số 879/GSQL-TH ngày 30/6/2016) - Công ty Cổ phần Phụ liệu May Nha Trang.,53007,305,16,TP_HO_CHI_MINH,Âu Anh Tuấn,30/06/2016,https://files.customs.gov.vn/CustomsCMS/TP_HO_CHI_MINH/2020/Web/Data/DocumentAttachments/879-GSQL-TH.tif,https://www.customs.gov.vn/index.jsp?pageId=3&id=53007&cid=1294,2016,06/2016,2026-10-08T09:28:26Z
607,880/GSQL-TH,30/06/2016,Bộ Công nghiệp,V/v vướng mắc C/O mẫu E (công văn số 880/GSQL-TH ngày 30/6/2016) - Cục Hải quan tỉnh Lạng Sơn.,56238,305,16,TP_HO_CHI_MINH,Âu Anh Tuấn,30/06/2016,https://files.customs.gov.vn/CustomsCMS/TP_HO_CHI_MINH/2020/Web/Data/DocumentAttachments/880-GSQL-TH.tif,https://www.customs.gov.vn/index.jsp?pageId=3&id=56238&cid=1294,2016,06/2016,2026-10-08T09:28:26Z
608,881/GSQL-TH,30/06/2016,Bộ Công nghiệp,V/v vướng mắc C/O (công văn số 881/GSQL-TH ngày 30/6/2016) - Công ty TNHH Knauf Việt Nam.,54198,305,16,TP_HO_CHI_MINH,Âu Anh Tuấn,30/06/2016,https://files.customs.gov.vn/CustomsCMS/TP_HO_CHI_MINH/2020/Web/Data/DocumentAttachments/881-GSQL-TH.tif,https://www.customs.gov.vn/index.jsp?pageId=3&id=54198&cid=1294,2016,06/2016,2026-10-08T09:28:26Z
609,1226/TXNK-QLN,29/06/2016,null,Xác nhận nợ thuế,76034,305,16,DA_NANG,Nguyễn Hải Trrang,29/06/2016,https://files.customs.gov.vn/DA_NANG/Uploads/65e32243-11bf-4695-985d-c1563e8c13ba/vanban_2016070411301100.tif,https://www.customs.gov.vn/index.jsp?pageId=3&id=76034&cid=1294,2016,06/2016,2026-10-08T09:28:26Z
610,1480/QĐ-BTC,29/06/2016,null,"Quyết định Ban hành Quy chế xây dựng, ban hành văn bản quy phạm pháp luật, hoàn thiện hệ thống pháp luật tài chính",76032,305,4,DA_NANG,ĐInh Tiến Dũng,29/06/2016,https://files.customs.gov.vn/DA_NANG/Uploads/65e32243-11bf-4695-985d-c1563e8c13ba/08012016vanban_2016080111124100.tif,https://www.customs.gov.vn/index.jsp?pageId=3&id=76032&cid=1294,2016,06/2016,2026-10-08T09:28:26Z
611,8850/BTC-TCHQ,29/06/2016,Bộ Tài chính,V/v xử lý thuế tiêu thụ đặc biệt xe ô tô nhập khẩu,54390,305,16,TP_HO_CHI_MINH,Đỗ Hoàng Anh Tuấn,29/06/2016,https://files.customs.gov.vn/CustomsCMS/TP_HO_CHI_MINH/2020/Web/Data/DocumentAttachments/8850-BTC-TCHQ.tif,https://www.customs.gov.vn/index.jsp?pageId=3&id=54390&cid=1294,2016,06/2016,2026-10-08T09:28:26Z
612,8931/BTC-TCHQ,29/06/2016,Bộ Tài chính,Hạch toán xử lý số dư tiền thuế nộp thừa khâu NK trên sổ sách,52437,305,16,TP_HO_CHI_MINH,Nguyễn Dương Thái,29/06/2016,https://files.customs.gov.vn/CustomsCMS/TP_HO_CHI_MINH/2020/Web/Data/DocumentAttachments/8931-BTC-TCHQ.tif,https://www.customs.gov.vn/index.jsp?pageId=3&id=52437&cid=1294,2016,06/2016,2026-10-08T09:28:26Z
613,1385/HQĐNa-TXNK,28/06/2016,Cục Hải Quan tỉnh Đồng Nai,V/v Nhập khẩu thiết bị cho nhà kho chứa than (Công ty TNHH Hưng nghiệp Formosa),66513,305,16,DONG_NAI,null,null,https://files.customs.gov.vn/DONG_NAI//Data/Cv_Hqdn/1385_HQDNa_TXNK_28_06_2016.pdf,https://www.customs.gov.vn/index.jsp?pageId=3&id=66513&cid=1294,2016,06/2016,2026-10-08T09:28:26Z
614,1467/QĐ-BTC,28/06/2016,Bộ Tài chính,Quyết định 1467/QĐ-BTC của Bộ Tài chính về việc bãi bỏ một phần quy định tại Thông tư 219/2009/TT-BTC và Thông tư 192/2011/TT-BTC của Bộ Tài chính,40106,305,10,HA_TINH,Trần Xuân Hà,null,https://files.customs.gov.vn/CustomsCMS/HA_TINH/2020/upload/news/2016/07/684/file/1467_QD-BTC_16231785(1).pdf,https://www.customs.gov.vn/index.jsp?pageId=3&id=40106&cid=1294,2016,06/2016,2026-10-08T09:28:26Z
615,1917/QÐ-TCHQ,28/06/2016,Tổng cục hải quan,Về việc công nhận doanh nghiệp ưu tiên (Công ty TNHH Youngone Nam Định).,57576,305,10,TP_HO_CHI_MINH,Nguyễn Văn Cẩn,28/06/2016,https://files.customs.gov.vn/CustomsCMS/TP_HO_CHI_MINH/2020/Web/Data/DocumentAttachments/1917-QD-TCHQ.tif,https://www.customs.gov.vn/index.jsp?pageId=3&id=57576&cid=1294,2016,06/2016,2026-10-08T09:28:26Z
616,1208/TXNK-QLN,27/06/2016,null,Xác nhận nợ thuế,76031,305,16,DA_NANG,Lê Mạnh Hùng,27/06/2016,https://files.customs.gov.vn/DA_NANG/Uploads/65e32243-11bf-4695-985d-c1563e8c13ba/06302016vanban_2016063014391700.tif,https://www.customs.gov.vn/index.jsp?pageId=3&id=76031&cid=1294,2016,06/2016,2026-10-08T09:28:26Z
617,1368/HQĐNa-ĐKS,27/06/2016,Cục Hải Quan tỉnh Đồng Nai,V/v Kiểm tra hàng hóa tại ICD Biên Hòa,66511,305,16,DONG_NAI,null,null,https://files.customs.gov.vn/DONG_NAI//Data/Cv_Hqdn/1368_HQDNa_DKS_27_06_2016.pdf,https://www.customs.gov.vn/index.jsp?pageId=3&id=66511&cid=1294,2016,06/2016,2026-10-08T09:28:26Z
618,1373/HQĐNa-TXNK,27/06/2016,Cục Hải Quan tỉnh Đồng Nai,V/v Thời hạn khai bổ sung giá bán chính thức và xác định tỷ giá tại thời điểm khai bổ sung giá bán chính thức (Công ty TNHH OLYMPUS VN),66514,305,16,DONG_NAI,null,null,https://files.customs.gov.vn/DONG_NAI//Data/Cv_Hqdn/1373_HQDNa_TXNK_27_06_2016.pdf,https://www.customs.gov.vn/index.jsp?pageId=3&id=66514&cid=1294,2016,06/2016,2026-10-08T09:28:26Z
619,5965/TB-TCHQ,27/06/2016,null,"Thông báo về kết quả phân loại đối với hàng hóa xuất khẩu, nhập khẩu",76029,305,16,DA_NANG,Nguyễn Dương Thái,27/06/2016,https://files.customs.gov.vn/DA_NANG/Uploads/65e32243-11bf-4695-985d-c1563e8c13ba/06302016vanban_2016063014372200.tif,https://www.customs.gov.vn/index.jsp?pageId=3&id=76029&cid=1294,2016,06/2016,2026-10-08T09:28:26Z
620,5971/TB-TCHQ,27/06/2016,null,"Thông báo Đính chính Thông báo kết quả phân loại đối với hàng hóa xuất khẩu, nhập khẩu",76030,305,16,DA_NANG,Nguyễn Dương Thái,27/06/2016,https://files.customs.gov.vn/DA_NANG/Uploads/65e32243-11bf-4695-985d-c1563e8c13ba/vanban_2016062916495400.tif,https://www.customs.gov.vn/index.jsp?pageId=3&id=76030&cid=1294,2016,06/2016,2026-10-08T09:28:26Z
621,1127/TXNK-QLN,26/06/2016,null,Xác nhận nợ thuế,76028,305,16,DA_NANG,Nguyễn Dương Thái,26/06/2016,https://files.customs.gov.vn/DA_NANG/Uploads/65e32243-11bf-4695-985d-c1563e8c13ba/vanban_2016062217192600.tif,https://www.customs.gov.vn/index.jsp?pageId=3&id=76028&cid=1294,2016,06/2016,2026-10-08T09:28:26Z
622,1907/QÐ-TCHQ,24/06/2016,Tổng cục hải quan,Quyết định ban hành kế hoạch hành động của Tổng cục hải quan thực hiện nghị quyết số 35/NQ-CP ngày 16/5/2016 của Chính phủ về hỗ trợ và phát triển doanh nghiệp đến năm 2020,56606,305,10,TP_HO_CHI_MINH,Vũ Ngọc Anh,24/06/2016,https://files.customs.gov.vn/CustomsCMS/TP_HO_CHI_MINH/2020/Web/Data/DocumentAttachments/1907_QD-TCHQ_316448.doc,https://www.customs.gov.vn/index.jsp?pageId=3&id=56606&cid=1294,2016,06/2016,2026-10-08T09:28:26Z
623,5882/TB-TCHQ,24/06/2016,null,Thông báo về kết quả xác định trước mã số,76026,305,16,DA_NANG,Nguyễn Dương Thái,24/06/2016,https://files.customs.gov.vn/DA_NANG/Uploads/65e32243-11bf-4695-985d-c1563e8c13ba/06272016vanban_2016062716193100.tif,https://www.customs.gov.vn/index.jsp?pageId=3&id=76026&cid=1294,2016,06/2016,2026-10-08T09:28:26Z
624,5902/TB-TCHQ,24/06/2016,null,"Thông báo về kết quả phân loại đối với hàng hóa xuất khẩu, nhập khẩu",76025,305,16,DA_NANG,Nguyễn Dương Thái,24/06/2016,https://files.customs.gov.vn/DA_NANG/Uploads/65e32243-11bf-4695-985d-c1563e8c13ba/1_06292016vanban_2016062911100400.tif,https://www.customs.gov.vn/index.jsp?pageId=3&id=76025&cid=1294,2016,06/2016,2026-10-08T09:28:26Z
625,1190/TXNK-QLN,23/06/2016,null,TXác nhận nợ thuế,76019,305,16,DA_NANG,Nguyễn Dương Thái,23/06/2016,https://files.customs.gov.vn/DA_NANG/Uploads/65e32243-11bf-4695-985d-c1563e8c13ba/vanban_2016062911095000.tif,https://www.customs.gov.vn/index.jsp?pageId=3&id=76019&cid=1294,2016,06/2016,2026-10-08T09:28:26Z
626,1190/TXNK-QLN,23/06/2016,null,Xác nhận nợ thuế,76022,305,16,DA_NANG,Lê Mạnh Hùng,23/06/2016,https://files.customs.gov.vn/DA_NANG/Uploads/65e32243-11bf-4695-985d-c1563e8c13ba/1_vanban_2016062911095000.tif,https://www.customs.gov.vn/index.jsp?pageId=3&id=76022&cid=1294,2016,06/2016,2026-10-08T09:28:26Z
627,1201/TXNK-QLN,23/06/2016,null,TXác nhận nợ thuế,76020,305,16,DA_NANG,Nguyễn Dương Thái,23/06/2016,https://files.customs.gov.vn/DA_NANG/Uploads/65e32243-11bf-4695-985d-c1563e8c13ba/vanban_2016062715001800.tif,https://www.customs.gov.vn/index.jsp?pageId=3&id=76020&cid=1294,2016,06/2016,2026-10-08T09:28:26Z
628,1341/HQĐNa-TXNK,23/06/2016,Cục Hải Quan tỉnh Đồng Nai,V/v Đăng ký danh mục hàng hóa nhập khẩu miễn thuế tạo TSCĐ (Công ty TNHH Hyosung Đồng Nai),66510,305,16,DONG_NAI,null,null,https://files.customs.gov.vn/DONG_NAI//Data/Cv_Hqdn/1341_HQDNa_TXNK_23_06_2016.pdf,https://www.customs.gov.vn/index.jsp?pageId=3&id=66510&cid=1294,2016,06/2016,2026-10-08T09:28:26Z
629,278/QĐ-ĐTGC,23/06/2016,null,"Quyết định v/v thành lập Tổ giải quyết vướng mắc và tuyên truyền, hỗ trợ, cung cấp thông tin cho người khai hải quan, người nộp thuế",76024,305,10,DA_NANG,Lê Mạnh Hùng,23/06/2016,https://files.customs.gov.vn/DA_NANG/Uploads/65e32243-11bf-4695-985d-c1563e8c13ba/06242016vanban_2016062415203400.tif,https://www.customs.gov.vn/index.jsp?pageId=3&id=76024&cid=1294,2016,06/2016,2026-10-08T09:28:26Z
630,38807/QĐ-HQCĐN,23/06/2016,null,Quyết định v/v ấn định thuế đối với hàng hóa xuất khẩu,76023,305,10,DA_NANG,,23/06/2016,https://files.customs.gov.vn/DA_NANG/Uploads/65e32243-11bf-4695-985d-c1563e8c13ba/06242016vanban_2016062415170500.tif,https://www.customs.gov.vn/index.jsp?pageId=3&id=76023&cid=1294,2016,06/2016,2026-10-08T09:28:26Z
631,5810/TB-TCHQ,23/06/2016,Tổng cục hải quan,"Điều hòa không khí chuyên dụng sử dụng lắp đặt cho thang máy có tải trọng lớn nhất 1350kg, loại 1 chiều, có chức năng làm mát cabin thang máy, dạng một khối (bao gồm: máy nén khí, thiết bị ngưng tụ, thùng nước, động cơ quạt, quạt hướng trục, nắp bơm, ống nước, quạt tản nhiệt, giàn bay hơi, hộp điện, lưới lọc), công suất 2600W(9000BTU) - TK-26Y/Q Air conditioner of elevator.",53138,305,16,TP_HO_CHI_MINH,Nguyễn Dương Thái,23/06/2016,https://files.customs.gov.vn/CustomsCMS/TP_HO_CHI_MINH/2020/Web/Data/DocumentAttachments/5810-TB-TCHQ.tif,https://www.customs.gov.vn/index.jsp?pageId=3&id=53138&cid=1294,2016,06/2016,2026-10-08T09:28:26Z
632,5816/TB-TCHQ,23/06/2016,null,"Thông báo về kết quả phân loại đối với hàng hóa xuát khẩu, nhập khẩu",76021,305,16,DA_NANG,Nguyễn Dương Thái,23/06/2016,https://files.customs.gov.vn/DA_NANG/Uploads/65e32243-11bf-4695-985d-c1563e8c13ba/06272016vanban_2016062711184400.tif,https://www.customs.gov.vn/index.jsp?pageId=3&id=76021&cid=1294,2016,06/2016,2026-10-08T09:28:26Z
633,5832/TCHQ-TXNK,23/06/2016,Tổng cục hải quan,V/v Chính sách thuế và thủ tục hải quan đối với hàng hóa của DNCX (Công ty TNHH Aaron Việt Nam),66512,305,16,DONG_NAI,null,null,,https://www.customs.gov.vn/index.jsp?pageId=3&id=66512&cid=1294,2016,06/2016,2026-10-08T09:28:26Z
634,5802/TCHQ-TXNK,22/06/2016,null,"Phối hợp quản lý hoàn thuế GTGT hàng NK nộp nhầm, nộp thừa",76016,305,16,DA_NANG,Lê Mạnh Hùng,22/06/2016,https://files.customs.gov.vn/DA_NANG/Uploads/65e32243-11bf-4695-985d-c1563e8c13ba/1_2_489377.tif,https://www.customs.gov.vn/index.jsp?pageId=3&id=76016&cid=1294,2016,06/2016,2026-10-08T09:28:26Z
635,180/TB-NHNN,22/06/2016,null,Thông báo tỷ giá chéo của đồng VN với một số ngoại tệ,76015,305,16,DA_NANG,,22/06/2016,https://files.customs.gov.vn/DA_NANG/Uploads/65e32243-11bf-4695-985d-c1563e8c13ba/vanban_2016062711155800.tif,https://www.customs.gov.vn/index.jsp?pageId=3&id=76015&cid=1294,2016,06/2016,2026-10-08T09:28:26Z
636,1943/QÐ-BGTVT,22/06/2016,Bộ giao thông vận tải,Quyết định 1943/QĐ-BGTVT năm 2016 công bố Danh mục bến cảng thuộc cảng biển Việt Nam do Bộ Giao thông vận tải ban hành,58257,305,10,TP_HO_CHI_MINH,Nguyễn Văn Công,22/06/2016,https://files.customs.gov.vn/CustomsCMS/TP_HO_CHI_MINH/2020/Web/Data/DocumentAttachments/1943_QD-BGTVT_334497.doc,https://www.customs.gov.vn/index.jsp?pageId=3&id=58257&cid=1294,2016,06/2016,2026-10-08T09:28:26Z
637,5028/TCHQ-TXNK,22/06/2016,Bộ Tài chính,"Phối hợp quản lý hoàn thuế giá trị gia tăng bằng nhập khẩu nộp nhầm,nộp thừa.",56500,305,16,TP_HO_CHI_MINH,Lê Mạnh Hùng,24/06/2016,https://files.customs.gov.vn/CustomsCMS/TP_HO_CHI_MINH/2020/Web/Data/DocumentAttachments/5802-TCHQ-TXNK.tif,https://www.customs.gov.vn/index.jsp?pageId=3&id=56500&cid=1294,2016,06/2016,2026-10-08T09:28:26Z
638,5752/TB-TCHQ,22/06/2016,null,"Thông báo về kết quả phân loại đối với hàng hóa xuất khẩu, nhập khẩu",76017,305,16,DA_NANG,Nguyễn Dương Thái,22/06/2016,https://files.customs.gov.vn/DA_NANG/Uploads/65e32243-11bf-4695-985d-c1563e8c13ba/06242016vanban_2016062416102800.tif,https://www.customs.gov.vn/index.jsp?pageId=3&id=76017&cid=1294,2016,06/2016,2026-10-08T09:28:26Z
639,5796/TB-TCHQ,22/06/2016,null,TThông báo về kết quả xác định trước mã số,76018,305,16,DA_NANG,Nguyễn Dương Thái,22/06/2016,https://files.customs.gov.vn/DA_NANG/Uploads/65e32243-11bf-4695-985d-c1563e8c13ba/06242016vanban_2016062416101500.tif,https://www.customs.gov.vn/index.jsp?pageId=3&id=76018&cid=1294,2016,06/2016,2026-10-08T09:28:26Z
640,836/GSQL-TH,22/06/2016,Bộ Công nghiệp,V/v vướng mắc C/O (công văn số 836/GSQL-TH ngày 22/6/2016) - Công ty TNHH BAHN AUTO.,54391,305,16,TP_HO_CHI_MINH,Âu Anh Tuấn,22/06/2016,https://files.customs.gov.vn/CustomsCMS/TP_HO_CHI_MINH/2020/Web/Data/DocumentAttachments/836-GSQL-TH.tif,https://www.customs.gov.vn/index.jsp?pageId=3&id=54391&cid=1294,2016,06/2016,2026-10-08T09:28:26Z
641,838/GSQL-GQ3,22/06/2016,Bộ Công nghiệp,V/v nhập khẩu xe ô tô không nhằm mục đích thương mại,56575,305,16,TP_HO_CHI_MINH,Nguyễn Nhất Kha,22/06/2016,https://files.customs.gov.vn/CustomsCMS/TP_HO_CHI_MINH/2020/Web/Data/DocumentAttachments/838-GSQL-GQ3.tif,https://www.customs.gov.vn/index.jsp?pageId=3&id=56575&cid=1294,2016,06/2016,2026-10-08T09:28:26Z
642,5733/TB-TCHQ,21/06/2016,null,Thông báo về kết quả xác định trước mã số,76014,305,16,DA_NANG,Nguyễn Dương Thái,21/06/2016,https://files.customs.gov.vn/DA_NANG/Uploads/65e32243-11bf-4695-985d-c1563e8c13ba/06232016vanban_2016062314090300.tif,https://www.customs.gov.vn/index.jsp?pageId=3&id=76014&cid=1294,2016,06/2016,2026-10-08T09:28:26Z
643,5736/TB-TCHQ,21/06/2016,null,"Thông báo về kết quả phân loại đối với hàng hóa xuất khẩu, nhập khẩu",76941,305,16,DA_NANG,Nguyễn Dương Thái,02/10/6201,https://files.customs.gov.vn/DA_NANG/Uploads/65e32243-11bf-4695-985d-c1563e8c13ba/1_06232016vanban_2016062314121300.tif,https://www.customs.gov.vn/index.jsp?pageId=3&id=76941&cid=1294,2016,06/2016,2026-10-08T09:28:26Z
644,1305/HQĐNa-GSQL,20/06/2016,Cục Hải Quan tỉnh Đồng Nai,V/v Nhập khẩu nguyên liệu sản suất và xuất khẩu Bột Wasabi của Công ty TNHH Aureole Fine Chemical Products,66508,305,16,DONG_NAI,null,null,https://files.customs.gov.vn/DONG_NAI//Data/Cv_Hqdn/1305_HQDNa_GSQL_20_06_2016.pdf,https://www.customs.gov.vn/index.jsp?pageId=3&id=66508&cid=1294,2016,06/2016,2026-10-08T09:28:26Z
645,5342/TCHQ-TXNK,18/06/2016,null,"Phân loại mặt hàng Tăng đơ, Ma ní",76012,305,16,DA_NANG,Nguyễn Dương Thái,18/06/2016,https://files.customs.gov.vn/DA_NANG/Uploads/65e32243-11bf-4695-985d-c1563e8c13ba/vanban_2016061314221000.tif,https://www.customs.gov.vn/index.jsp?pageId=3&id=76012&cid=1294,2016,06/2016,2026-10-08T09:28:26Z
646,5370/TB-TCHQ,18/06/2016,null,Thông báo về kết quả xác định trước mã số,76013,305,16,DA_NANG,Nguyễn Dương Thái,18/06/2016,https://files.customs.gov.vn/DA_NANG/Uploads/65e32243-11bf-4695-985d-c1563e8c13ba/06132016vanban_2016061314181700.tif,https://www.customs.gov.vn/index.jsp?pageId=3&id=76013&cid=1294,2016,06/2016,2026-10-08T09:28:26Z
647,1780/QÐ-TCHQ,17/06/2016,Tổng cục hải quan,"Quyết định về việc ban hành quy trình hoàn thuế, không thu thuế xét giảm thuế đối với hàng hóa xuất khẩu, nhập khẩu",52601,305,10,TP_HO_CHI_MINH,Nguyễn Dương Thái,17/06/2016,"https://files.customs.gov.vn/CustomsCMS/TP_HO_CHI_MINH/2020/Web/Data/DocumentAttachments/Phu_luc_1780.doc,/CustomsCMS/TP_HO_CHI_MINH/2020/Web/Data/DocumentAttachments/1780_QD-TCHQ_315026.doc",https://www.customs.gov.vn/index.jsp?pageId=3&id=52601&cid=1294,2016,06/2016,2026-10-08T09:28:26Z
648,1780/QĐ-TCHQ,17/06/2016,null,"Quyết định v/v ban hành Quy trình hoàn thuế, không thu thuế xét giảm thuế đối với hàng hóa xuất khẩu, nhập khẩu",76046,305,10,DA_NANG,null,01/07/2016,https://files.customs.gov.vn/DA_NANG/Uploads/65e32243-11bf-4695-985d-c1563e8c13ba/06212016vanban.tif,https://www.customs.gov.vn/index.jsp?pageId=3&id=76046&cid=1294,2016,06/2016,2026-10-08T09:28:26Z
649,5670/TCHQ-GSQL,17/06/2016,null,TTHQ đối với hàng hóa kiểm tra hiệu suất năng lượng tối thiểu và dán nhãn năng lượng,76011,305,16,DA_NANG,Vũ Ngọc Anh,17/06/2016,https://files.customs.gov.vn/DA_NANG/Uploads/65e32243-11bf-4695-985d-c1563e8c13ba/5670_TCHQ ngayf 17.6.2016 (Dan nhan nang luong).tif,https://www.customs.gov.vn/index.jsp?pageId=3&id=76011&cid=1294,2016,06/2016,2026-10-08T09:28:26Z
650,8270/BTC-TCHQ,17/06/2016,Bộ Tài chính,V/v Thanh lý hàng hóa là TSCĐ của DNCX,66509,305,16,DONG_NAI,null,null,,https://www.customs.gov.vn/index.jsp?pageId=3&id=66509&cid=1294,2016,06/2016,2026-10-08T09:28:26Z
651,Thôngbáomờithầu,17/06/2016,Cục Hải Quan tỉnh Đồng Nai,Thông báo mời thầu,66506,305,19,DONG_NAI,null,null,https://files.customs.gov.vn/DONG_NAI//Data/Cv_Hqdn/so73_PC_TVQT.pdf,https://www.customs.gov.vn/index.jsp?pageId=3&id=66506&cid=1294,2016,06/2016,2026-10-08T09:28:26Z
652,1278/HQĐNa-TXNK,16/06/2016,Cục Hải Quan tỉnh Đồng Nai,V/v Đăng ký danh mục hàng hóa nhập khẩu miễn thuế tạo TSCĐ (Công ty TNHH Haid Feed),66505,305,16,DONG_NAI,null,null,https://files.customs.gov.vn/DONG_NAI//Data/Cv_Hqdn/1278_HQDNa_TXNK_16_06_2016.pdf,https://www.customs.gov.vn/index.jsp?pageId=3&id=66505&cid=1294,2016,06/2016,2026-10-08T09:28:26Z
653,30-KH/TU,16/06/2016,BCH ĐẢNG BỘ TỈNH ,Kế hoạch triển khai thực hiện Kết luận 03-KL/TW của Ban Bí thư về tiếp tục thực hiện Quyết định 290-QĐ/TW của Bộ chính trị khóa X,40262,305,18,HA_TINH,Trần Nam Hồng,null,https://files.customs.gov.vn/CustomsCMS/HA_TINH/2020/upload/news/2016/05/583/file/05.tif,https://www.customs.gov.vn/index.jsp?pageId=3&id=40262&cid=1294,2016,06/2016,2026-10-08T09:28:26Z
654,77_2016_TTLT-BTC-BKHCN,16/06/2016,Bộ Tài chính,Thông tư liên tịch 77_2016_TTLT-BTC-BKHCN thực hiện cơ chế một cửa quốc gia đối với thủ tục kiểm tra nhà nước về chất lượng đối với hàng hóa nhập khẩu vào Việt Nam thuộc trách nhiệm của Bộ KHCN,61387,305,4,BA_RIA_VUNG_TAU,Đỗ Hoàng Anh Tuấn,15/06/2016,https://files.customs.gov.vn/BA_RIA_VUNG_TAU/uploads/document/814/77_2016_TTLT-BTC-BKHCN_16231499.pdf,https://www.customs.gov.vn/index.jsp?pageId=3&id=61387&cid=1294,2016,06/2016,2026-10-08T09:28:26Z
655,807/GSQL-TH,16/06/2016,Bộ Công nghiệp,V/v vướng mắc C/O mẫu E (công văn số 807/GSQL-TH ngày 16/6/2016) - Cục Hải quan TP. Hồ Chí Minh.,56715,305,16,TP_HO_CHI_MINH,Âu Anh Tuấn,16/06/2016,https://files.customs.gov.vn/CustomsCMS/TP_HO_CHI_MINH/2020/Web/Data/DocumentAttachments/807-GSQL-TH.tif,https://www.customs.gov.vn/index.jsp?pageId=3&id=56715&cid=1294,2016,06/2016,2026-10-08T09:28:26Z
656,1240/HQĐNa-CCHĐH,15/06/2016,Cục Hải Quan tỉnh Đồng Nai,V/v Nhập khẩu mặt hàng để gắn vào sản phẩm khuyến mãi (Công ty TNHH Vận tải quốc tế Dương Minh),66503,305,16,DONG_NAI,null,null,https://files.customs.gov.vn/DONG_NAI//Data/Cv_Hqdn/1240_HQDNa_CCHDH_15_06_2016.pdf,https://www.customs.gov.vn/index.jsp?pageId=3&id=66503&cid=1294,2016,06/2016,2026-10-08T09:28:26Z
657,1526/HQHCM-GSQL,15/06/2016,Bộ Thương Mại,"V/v hướng dẫn thủ tục thanh lý thiết bị, máy móc của doanh nghiệp có vốn đầu tư nước ngoài",57372,305,16,TP_HO_CHI_MINH,Nguyễn Thanh Long,15/06/2016,https://files.customs.gov.vn/CustomsCMS/TP_HO_CHI_MINH/2020/Web/Data/DocumentAttachments/1526-HQHCM-GSQL.tif,https://www.customs.gov.vn/index.jsp?pageId=3&id=57372&cid=1294,2016,06/2016,2026-10-08T09:28:26Z
658,172/TB-NHNN,15/06/2016,null,TThông báo tỷ giá tính chéo của đồng VN với một số ngoại tệ,76942,305,16,DA_NANG,Nguyễn Dương Thái,15/10/6201,https://files.customs.gov.vn/DA_NANG/Uploads/65e32243-11bf-4695-985d-c1563e8c13ba/vanban_2016062314113800.tif,https://www.customs.gov.vn/index.jsp?pageId=3&id=76942&cid=1294,2016,06/2016,2026-10-08T09:28:26Z
659,5577/TCHQ-GSQL,15/06/2016,Tổng cục hải quan,V/v thực hiện Thông tư số 41/2015/TT-BTNMT,54345,305,16,TP_HO_CHI_MINH,Vũ Ngọc Anh,15/06/2016,https://files.customs.gov.vn/CustomsCMS/TP_HO_CHI_MINH/2020/Web/Data/DocumentAttachments/5577_TCHQ-GSQL_314785.doc,https://www.customs.gov.vn/index.jsp?pageId=3&id=54345&cid=1294,2016,06/2016,2026-10-08T09:28:26Z
660,5580/TCHQ-GSQL,15/06/2016,Tổng cục hải quan,"V/v hướng dẫn thủ tục hải quan đối với hành lý gửi trước, gửi sau của người nhập cảnh",56171,305,16,TP_HO_CHI_MINH,Vũ Ngọc Anh,15/06/2016,https://files.customs.gov.vn/CustomsCMS/TP_HO_CHI_MINH/2020/Web/Data/DocumentAttachments/5580_TCHQ-GSQL_314655.doc,https://www.customs.gov.vn/index.jsp?pageId=3&id=56171&cid=1294,2016,06/2016,2026-10-08T09:28:26Z
661,1113/TXNK-PL,14/06/2016,Tổng cục hải quan,V/v  Khấu trừ thuế (Công ty TNHH Lock Việt Nam),66507,305,16,DONG_NAI,null,null,,https://www.customs.gov.vn/index.jsp?pageId=3&id=66507&cid=1294,2016,06/2016,2026-10-08T09:28:26Z
662,1232/HQĐNa-TXNK,14/06/2016,Cục Hải Quan tỉnh Đồng Nai,V/v Gia hạn thời gian dự kiến nhập khẩu danh mục hàng hóa miễn thuế tại tài sản cố định (Công ty TNHH Quốc tế Right Rich),66502,305,16,DONG_NAI,null,null,https://files.customs.gov.vn/DONG_NAI//Data/Cv_Hqdn/1232_HQDNa_TXNK_14_06_2016.pdf,https://www.customs.gov.vn/index.jsp?pageId=3&id=66502&cid=1294,2016,06/2016,2026-10-08T09:28:26Z
663,265/ĐTGC,14/06/2016,null,Áp dụng biện pháp cưỡng chế và xử lý nợ,76004,305,16,DA_NANG,Lê Thanh Thủy,14/06/2016,https://files.customs.gov.vn/DA_NANG/Uploads/65e32243-11bf-4695-985d-c1563e8c13ba/06152016vanban_2016061515312600.tif,https://www.customs.gov.vn/index.jsp?pageId=3&id=76004&cid=1294,2016,06/2016,2026-10-08T09:28:26Z
664,5507/TCHQ-TXNK,14/06/2016,null,Hướng dẫn thực hiện QĐ 1565/QĐ-TCHQ ngày 31/5/2016 của Tổng cục Hải quan,76008,305,16,DA_NANG,Nguyễn Hoàng Tuấn,14/06/2016,https://files.customs.gov.vn/DA_NANG/Uploads/65e32243-11bf-4695-985d-c1563e8c13ba/vanban_2016061616283900.tif,https://www.customs.gov.vn/index.jsp?pageId=3&id=76008&cid=1294,2016,06/2016,2026-10-08T09:28:26Z
665,5514/TB-TCHQ,14/06/2016,null,"Thông báo về kết quả phân loại đối với hàng hóa xuất khẩu, nhập khẩu",76005,305,16,DA_NANG,Nguyễn Dương Thái,14/06/2016,https://files.customs.gov.vn/DA_NANG/Uploads/65e32243-11bf-4695-985d-c1563e8c13ba/06162016vanban_2016061616360300.tif,https://www.customs.gov.vn/index.jsp?pageId=3&id=76005&cid=1294,2016,06/2016,2026-10-08T09:28:26Z
666,641/QĐ-GC,14/06/2016,null,"Quyết định v/v áp dụng biện pháp cưỡng chế dừng làm thủ tục Hải quan đối với hàng hóa xuất khẩu, nhập khẩu",76006,305,10,DA_NANG,Nguyễn Dương Thái,14/06/2016,https://files.customs.gov.vn/DA_NANG/Uploads/65e32243-11bf-4695-985d-c1563e8c13ba/06232016vanban.tif,https://www.customs.gov.vn/index.jsp?pageId=3&id=76006&cid=1294,2016,06/2016,2026-10-08T09:28:26Z
667,49/2016/NĐ-CP,13/06/2016,Chính phủ,"Nghị định 49/2016/NĐ-CP của Chính phủ về việc sửa đổi, bổ sung một số điều của Nghị định 109/2013/NĐ-CP ngày 24/09/2013 quy định xử phạt vi phạm hành chính trong lĩnh vực quản lý giá, phí, lệ phí, hóa đơn",61385,305,8,BA_RIA_VUNG_TAU,Nguyễn Xuân Phúc,01/08/2016,https://files.customs.gov.vn/BA_RIA_VUNG_TAU/uploads/document/810/49_2016_ND-CP_16231378.pdf,https://www.customs.gov.vn/index.jsp?pageId=3&id=61385&cid=1294,2016,06/2016,2026-10-08T09:28:26Z
668,50/2016/NĐ-CP,13/06/2016,Chính phủ,Nghị định 50/2016/NĐ-CP của Chính phủ quy định về xử phạt vi phạm hành chính trong lĩnh vực kế hoạch và đầu tư,61386,305,8,BA_RIA_VUNG_TAU,Nguyễn Xuân Phúc,15/07/2016,https://files.customs.gov.vn/BA_RIA_VUNG_TAU/uploads/document/811/50_2016_ND-CP_16231427.pdf,https://www.customs.gov.vn/index.jsp?pageId=3&id=61386&cid=1294,2016,06/2016,2026-10-08T09:28:26Z
669,506/CNTT-TTQLVH,13/06/2016,Tổng cục hải quan,V/v cấp mới mã kho/ địa điểm kiểm tra tập trung cho Cty Cp chuyển phát nhanh Sài Gòn.,53084,305,16,TP_HO_CHI_MINH,Nguyễn Trần Hiệu,13/06/2016,https://files.customs.gov.vn/CustomsCMS/TP_HO_CHI_MINH/2020/Web/Data/DocumentAttachments/506-CNTT-TTQLVH.tif,https://www.customs.gov.vn/index.jsp?pageId=3&id=53084&cid=1294,2016,06/2016,2026-10-08T09:28:26Z
670,5491/TB-TCHQ,13/06/2016,null,"Thông báo về kết quả phân loại đối với hàng hóa xuất khẩu, nhập khẩu",76002,305,16,DA_NANG,Nguyễn Dương Thái,13/06/2016,https://files.customs.gov.vn/DA_NANG/Uploads/65e32243-11bf-4695-985d-c1563e8c13ba/06152016vanban_2016061516593100.tif,https://www.customs.gov.vn/index.jsp?pageId=3&id=76002&cid=1294,2016,06/2016,2026-10-08T09:28:26Z
671,5497/TB-TCHQ,13/06/2016,null,Thông báo về kết quả xác định trước mã số,76003,305,16,DA_NANG,Nguyễn Dương Thái,13/06/2016,https://files.customs.gov.vn/DA_NANG/Uploads/65e32243-11bf-4695-985d-c1563e8c13ba/06152016vanban_2016061516583600.tif,https://www.customs.gov.vn/index.jsp?pageId=3&id=76003&cid=1294,2016,06/2016,2026-10-08T09:28:26Z
672,779/GSQL-GQ1,13/06/2016,Tổng cục hải quan,V/v  Nhập khẩu xe máy chuyên dùng đã qua sử dụng (Công ty cổ phần Newsing),66504,305,16,DONG_NAI,null,null,,https://www.customs.gov.vn/index.jsp?pageId=3&id=66504&cid=1294,2016,06/2016,2026-10-08T09:28:26Z
673,/TXNK-QLN,10/06/2016,null,Xác nhận nợ thuế 1084,75996,305,16,DA_NANG,Nguyễn Hải Trang,10/06/2016,https://files.customs.gov.vn/DA_NANG/Uploads/65e32243-11bf-4695-985d-c1563e8c13ba/vanban_2016061616383400.tif,https://www.customs.gov.vn/index.jsp?pageId=3&id=75996&cid=1294,2016,06/2016,2026-10-08T09:28:26Z
674,1084/TXNK-QLN,10/06/2016,null,Xác nhận nợ thuế 1084,75995,305,16,DA_NANG,Nguyễn Hải Trang,10/06/2016,https://files.customs.gov.vn/DA_NANG/Uploads/65e32243-11bf-4695-985d-c1563e8c13ba/1_vanban_2016061616383400.tif,https://www.customs.gov.vn/index.jsp?pageId=3&id=75995&cid=1294,2016,06/2016,2026-10-08T09:28:26Z
675,4236/UBND-KT1,10/06/2016,null,Góp ý DT Thông tư về miễn giảm thuế xuất khẩu đối với sản phẩm thân thiện môi trường,75997,305,16,DA_NANG,Hồ Kỳ Minh,10/06/2016,https://files.customs.gov.vn/DA_NANG/Uploads/65e32243-11bf-4695-985d-c1563e8c13ba/vanban_2016061415342000.tif,https://www.customs.gov.vn/index.jsp?pageId=3&id=75997&cid=1294,2016,06/2016,2026-10-08T09:28:26Z
676,4237/UBND-KT1,10/06/2016,null,"Tham gia góp ý DT Nghị định hướng dẫn Luật Thuế xuất khẩu, thuế nhập khẩu (sửa đổi)",75998,305,16,DA_NANG,Hồ Kỳ Minh,10/06/2016,https://files.customs.gov.vn/DA_NANG/Uploads/65e32243-11bf-4695-985d-c1563e8c13ba/06142016vanban_2016061415330400.tif,https://www.customs.gov.vn/index.jsp?pageId=3&id=75998&cid=1294,2016,06/2016,2026-10-08T09:28:26Z
677,4251/UBND-KT1,10/06/2016,null,Tham gia góp ý dự thảo TT về thuế nhập khẩu mặt hàng trứng Artenia,75999,305,16,DA_NANG,Hồ Kỳ Minh,10/06/2016,https://files.customs.gov.vn/DA_NANG/Uploads/65e32243-11bf-4695-985d-c1563e8c13ba/vanban_2016061415325300.tif,https://www.customs.gov.vn/index.jsp?pageId=3&id=75999&cid=1294,2016,06/2016,2026-10-08T09:28:26Z
678,4253/UBND-KT1,10/06/2016,null,"Đẩy mạnh thực hiện chương trình hoàn thuế GTGT cho người nước ngoài, người VN định cư ở nước ngoài khi xuất cảnh",76000,305,16,DA_NANG,Hồ Kỳ Minh,10/06/2016,https://files.customs.gov.vn/DA_NANG/Uploads/65e32243-11bf-4695-985d-c1563e8c13ba/06142016vanban_2016061415323600.tif,https://www.customs.gov.vn/index.jsp?pageId=3&id=76000&cid=1294,2016,06/2016,2026-10-08T09:28:26Z
679,5451/TCHQ-TXNK,10/06/2016,Tổng cục hải quan,V/v phân loại mặt hàng camera (công văn số 5451/TCHQ-TXNK ngày 10/6/2016).,53301,305,16,TP_HO_CHI_MINH,Nguyễn Dương Thái,10/06/2016,https://files.customs.gov.vn/CustomsCMS/TP_HO_CHI_MINH/2020/Web/Data/DocumentAttachments/5451-TCHQ-TXNK.tif,https://www.customs.gov.vn/index.jsp?pageId=3&id=53301&cid=1294,2016,06/2016,2026-10-08T09:28:26Z
680,HQDN-TT-NB,10/06/2016,Cục Hải Quan tỉnh Đồng Nai,V/v Thỏa thuận hợp tác giữa Cục Hải quan Đồng Nai và Hiệp hội doanh nghiệp Nhật Bản tại Tp.HCM,66714,305,16,DONG_NAI,null,null,https://files.customs.gov.vn/DONG_NAI//Data/Cv_Hqdn/20160610DONG%20NAI%20CUSTOMS%20MOU%20(FINAL)_logo.doc,https://www.customs.gov.vn/index.jsp?pageId=3&id=66714&cid=1294,2016,06/2016,2026-10-08T09:28:26Z
681,5390/TB-TCHQ,09/06/2016,Tổng cục hải quan,"Đầu nối dây cáp điện, dùng cho điện áp trên 1.000V.",58088,305,16,TP_HO_CHI_MINH,Nguyễn Dương Thái,09/06/2016,https://files.customs.gov.vn/CustomsCMS/TP_HO_CHI_MINH/2020/Web/Data/DocumentAttachments/5390-TB-TCHQ.tif,https://www.customs.gov.vn/index.jsp?pageId=3&id=58088&cid=1294,2016,06/2016,2026-10-08T09:28:26Z
682,5391/TB-TCHQ,09/06/2016,Tổng cục hải quan,"Đầu nối rẽ nhánh, dùng nối dây dẫn trục chính với nhánh rẽ thông qua kẹp răng và kẹp đấu rẽ, dùng cho điện áp trên 1.000V.",55414,305,16,TP_HO_CHI_MINH,Nguyễn Dương Thái,09/06/2016,https://files.customs.gov.vn/CustomsCMS/TP_HO_CHI_MINH/2020/Web/Data/DocumentAttachments/5391-TB-TCHQ.tif,https://www.customs.gov.vn/index.jsp?pageId=3&id=55414&cid=1294,2016,06/2016,2026-10-08T09:28:26Z
683,5392/TB-TCHQ,09/06/2016,Tổng cục hải quan,Hỗn hợp hóa chất chứa muối natri sacarin và phụ gia dùng trong công nghiệp mạ.,55509,305,16,TP_HO_CHI_MINH,Nguyễn Dương Thái,09/06/2016,https://files.customs.gov.vn/CustomsCMS/TP_HO_CHI_MINH/2020/Web/Data/DocumentAttachments/5392-TB-TCHQ.tif,https://www.customs.gov.vn/index.jsp?pageId=3&id=55509&cid=1294,2016,06/2016,2026-10-08T09:28:26Z
684,5393/TB-TCHQ,09/06/2016,Tổng cục hải quan,"Chế phẩm hóa học chứa hợp chất flo, hợp chất lưu huỳnh.",54438,305,16,TP_HO_CHI_MINH,Nguyễn Dương Thái,09/06/2016,https://files.customs.gov.vn/CustomsCMS/TP_HO_CHI_MINH/2020/Web/Data/DocumentAttachments/5393-TB-TCHQ.tif,https://www.customs.gov.vn/index.jsp?pageId=3&id=54438&cid=1294,2016,06/2016,2026-10-08T09:28:26Z
685,5394/TB-TCHQ,09/06/2016,Tổng cục hải quan,Dung dịch Polyuretan trong dung môi Dimetylformamid. Hàm lượng dung môi hữu cơ > 50% tính theo trọng lượng.,54398,305,16,TP_HO_CHI_MINH,Nguyễn Dương Thái,09/06/2016,https://files.customs.gov.vn/CustomsCMS/TP_HO_CHI_MINH/2020/Web/Data/DocumentAttachments/5394-TB-TCHQ.tif,https://www.customs.gov.vn/index.jsp?pageId=3&id=54398&cid=1294,2016,06/2016,2026-10-08T09:28:26Z
686,5395/TB-TCHQ,09/06/2016,Tổng cục hải quan,"Chất phủ từ Polyuretan. Thành phần chính gồm có Polyuretan, thuốc màu Titan dioxit, canxi cacbonate phân tán trong dung môi hữu cơ Dimethyl formamid.",56686,305,16,TP_HO_CHI_MINH,Nguyễn Dương Thái,09/06/2016,https://files.customs.gov.vn/CustomsCMS/TP_HO_CHI_MINH/2020/Web/Data/DocumentAttachments/5395-TB-TCHQ.tif,https://www.customs.gov.vn/index.jsp?pageId=3&id=56686&cid=1294,2016,06/2016,2026-10-08T09:28:26Z
687,766/GSQL-TH,09/06/2016,Bộ Công nghiệp,V/v vướng mắc C/O form JV (công văn số 766/GSQL-TH ngày 09/6/2016) - Công ty CP Đầu tư công nghệ Minh Nam.,55146,305,16,TP_HO_CHI_MINH,Âu Anh Tuấn,09/06/2016,https://files.customs.gov.vn/CustomsCMS/TP_HO_CHI_MINH/2020/Web/Data/DocumentAttachments/766-GSQL-TH.tif,https://www.customs.gov.vn/index.jsp?pageId=3&id=55146&cid=1294,2016,06/2016,2026-10-08T09:28:26Z
688,1065/TXNK-QLN,08/06/2016,null,Xác nhận nợ thuế,75991,305,16,DA_NANG,Nguyễn Hải Trang,08/06/2016,https://files.customs.gov.vn/DA_NANG/Uploads/65e32243-11bf-4695-985d-c1563e8c13ba/vanban_2016061314251300.tif,https://www.customs.gov.vn/index.jsp?pageId=3&id=75991&cid=1294,2016,06/2016,2026-10-08T09:28:26Z
689,1440/HQQN-TXNK,08/06/2016,null,Dừng làm thủ tục miễn thuế theo Danh mục đã xác nhận,75989,305,16,DA_NANG,Nguyễn Văn Hường,08/06/2016,https://files.customs.gov.vn/DA_NANG/Uploads/65e32243-11bf-4695-985d-c1563e8c13ba/vanban_2016061515313500.tif,https://www.customs.gov.vn/index.jsp?pageId=3&id=75989&cid=1294,2016,06/2016,2026-10-08T09:28:26Z
690,5339/TB-TCHQ,08/06/2016,null,"Thông báo Đính chính QĐ cưỡng chế dừng làm thủ tục hải quan đối với hàng hóa xuất khẩu, nhập khẩu",75990,305,16,DA_NANG,Nguyễn Duy Thuận,08/06/2016,https://files.customs.gov.vn/DA_NANG/Uploads/65e32243-11bf-4695-985d-c1563e8c13ba/vanban_2016061314162000.tif,https://www.customs.gov.vn/index.jsp?pageId=3&id=75990&cid=1294,2016,06/2016,2026-10-08T09:28:26Z
691,5340/TCHQ-TXNK,08/06/2016,Tổng cục hải quan,V/v Thuế nhập khẩu chổi than từ Hong Kong (Công ty TNHH Trí Lập),66500,305,16,DONG_NAI,null,null,,https://www.customs.gov.vn/index.jsp?pageId=3&id=66500&cid=1294,2016,06/2016,2026-10-08T09:28:26Z
692,5342/TCHQ-TXNK,08/06/2016,Tổng cục hải quan,"V/v phân loại mặt hàng mặt hàng Tăng đơ, Ma ní (công văn số 5342/TCHQ-TXNK ngày 08/6/2016).",58516,305,16,TP_HO_CHI_MINH,Nguyễn Dương Thái,08/06/2016,https://files.customs.gov.vn/CustomsCMS/TP_HO_CHI_MINH/2020/Web/Data/DocumentAttachments/5342-TCHQ-TXNK.tif,https://www.customs.gov.vn/index.jsp?pageId=3&id=58516&cid=1294,2016,06/2016,2026-10-08T09:28:26Z
693,5364/TB-TCHQ,08/06/2016,null,Thông báo về kết quả xác định trước mã số,75992,305,16,DA_NANG,Nguyễn Dương Thái,08/06/2016,https://files.customs.gov.vn/DA_NANG/Uploads/65e32243-11bf-4695-985d-c1563e8c13ba/06132016vanban_2016061314254500.tif,https://www.customs.gov.vn/index.jsp?pageId=3&id=75992&cid=1294,2016,06/2016,2026-10-08T09:28:26Z
694,5372/TB-TCHQ,08/06/2016,Tổng cục hải quan,"Chế phẩm diệt nấm thành phần chính là 5-chloro-2 methyl-4-isothiazolin-3-one, 2-methyl-4-isothiazolin-3-one và hợp chất glycol formate.",55195,305,16,TP_HO_CHI_MINH,Nguyễn Dương Thái,08/06/2016,https://files.customs.gov.vn/CustomsCMS/TP_HO_CHI_MINH/2020/Web/Data/DocumentAttachments/5372-TB-TCHQ.tif,https://www.customs.gov.vn/index.jsp?pageId=3&id=55195&cid=1294,2016,06/2016,2026-10-08T09:28:26Z
695,5373/TB-TCHQ,08/06/2016,Tổng cục hải quan,"Mẫu có thành phần từ nhựa epoxy, hexanediol diglycidyl ether, canxi carbonat. Mẫu dùng kết hợp với Mapewrap 31 SP/B tạo thành ma tít 2 thành phần dựa trên nhựa epoxy.",55630,305,16,TP_HO_CHI_MINH,Nguyễn Dương Thái,08/06/2016,https://files.customs.gov.vn/CustomsCMS/TP_HO_CHI_MINH/2020/Web/Data/DocumentAttachments/5373-TB-TCHQ.tif,https://www.customs.gov.vn/index.jsp?pageId=3&id=55630&cid=1294,2016,06/2016,2026-10-08T09:28:26Z
696,5374/TB-TCHQ,08/06/2016,Tổng cục hải quan,Mẫu là hỗn hợp các amin. Mẫu dùng kết hợp với Mapewrap 31 SP/A tạo thành ma tít 2 thành phần dựa trên nhựa epoxy.,56000,305,16,TP_HO_CHI_MINH,Nguyễn Dương Thái,08/06/2016,https://files.customs.gov.vn/CustomsCMS/TP_HO_CHI_MINH/2020/Web/Data/DocumentAttachments/5374-TB-TCHQ.tif,https://www.customs.gov.vn/index.jsp?pageId=3&id=56000&cid=1294,2016,06/2016,2026-10-08T09:28:26Z
697,1382/TB-HQĐNG,07/06/2016,null,Thông báo về kết quả kiểm tra sau thông quan tại trụ sở cơ quan HQ,75986,305,16,DA_NANG,Nguyễn Dương Thái,07/06/2016,https://files.customs.gov.vn/DA_NANG/Uploads/65e32243-11bf-4695-985d-c1563e8c13ba/06092016vanban_2016060914441800.tif,https://www.customs.gov.vn/index.jsp?pageId=3&id=75986&cid=1294,2016,06/2016,2026-10-08T09:28:26Z
698,5248/TCHQ-TXNK,07/06/2016,Tổng cục hải quan,V/v Thực hiện hướng dẫn của Bộ Công Thương tại công văn số 4582/BCT-XNK và công văn số 11819/BCT-XNK của Bộ Công Thương (Công ty TNHH TM Hương Thắng),66501,305,16,DONG_NAI,null,null,,https://www.customs.gov.vn/index.jsp?pageId=3&id=66501&cid=1294,2016,06/2016,2026-10-08T09:28:26Z
699,5268/TCHQ-TXNK,07/06/2016,null,Phân loại đầu nối điện,75987,305,16,DA_NANG,Nguyễn Dương Thái,07/06/2016,https://files.customs.gov.vn/DA_NANG/Uploads/65e32243-11bf-4695-985d-c1563e8c13ba/vanban_2016060914412000.tif,https://www.customs.gov.vn/index.jsp?pageId=3&id=75987&cid=1294,2016,06/2016,2026-10-08T09:28:26Z
700,5274/TB-TCHQ,07/06/2016,Tổng cục hải quan,"Bán thành phẩm bằng thép hợp kim (hàm lượng Cr ≈ 0,334% tính theo trọng lượng).",58745,305,16,TP_HO_CHI_MINH,Nguyễn Dương Thái,07/06/2016,https://files.customs.gov.vn/CustomsCMS/TP_HO_CHI_MINH/2020/Web/Data/DocumentAttachments/5274-TB-TCHQ.tif,https://www.customs.gov.vn/index.jsp?pageId=3&id=58745&cid=1294,2016,06/2016,2026-10-08T09:28:26Z
701,5275/TB-TCHQ,07/06/2016,Tổng cục hải quan,"Bán thành phẩm bằng thép hợp kim, trong đó Cr là nguyên tố duy nhất quyết định yếu tố thép hợp kim (hàm lượng Cr ≈ 0,331% tính theo trọng lượng).",54274,305,16,TP_HO_CHI_MINH,Nguyễn Dương Thái,07/06/2016,https://files.customs.gov.vn/CustomsCMS/TP_HO_CHI_MINH/2020/Web/Data/DocumentAttachments/5275-TB-TCHQ.tif,https://www.customs.gov.vn/index.jsp?pageId=3&id=54274&cid=1294,2016,06/2016,2026-10-08T09:28:26Z
702,5276/TB-TCHQ,07/06/2016,Tổng cục hải quan,"Bán thành phẩm bằng thép hợp kim (hàm lượng Cr ≈ 0,326% tính theo trọng lượng).",54608,305,16,TP_HO_CHI_MINH,Nguyễn Dương Thái,07/06/2016,https://files.customs.gov.vn/CustomsCMS/TP_HO_CHI_MINH/2020/Web/Data/DocumentAttachments/5276-TB-TCHQ.tif,https://www.customs.gov.vn/index.jsp?pageId=3&id=54608&cid=1294,2016,06/2016,2026-10-08T09:28:26Z
703,5277/TB-TCHQ,07/06/2016,Tổng cục hải quan,"Bán thành phẩm bằng thép hợp kim trong đó Cr là nguyên tố duy nhất quyết định yếu tố thép hợp kim (hàm lượng Cr ≈ 0,318% tính theo trọng lượng).",57042,305,16,TP_HO_CHI_MINH,Nguyễn Dương Thái,07/06/2016,https://files.customs.gov.vn/CustomsCMS/TP_HO_CHI_MINH/2020/Web/Data/DocumentAttachments/5277-TB-TCHQ.tif,https://www.customs.gov.vn/index.jsp?pageId=3&id=57042&cid=1294,2016,06/2016,2026-10-08T09:28:26Z
704,5285/TB-TCHQ,07/06/2016,Tổng cục hải quan,"Poly(methacrylic acid), dạng phân tán.",53951,305,16,TP_HO_CHI_MINH,Nguyễn Dương Thái,07/06/2016,https://files.customs.gov.vn/CustomsCMS/TP_HO_CHI_MINH/2020/Web/Data/DocumentAttachments/5285-TB-TCHQ.tif,https://www.customs.gov.vn/index.jsp?pageId=3&id=53951&cid=1294,2016,06/2016,2026-10-08T09:28:26Z
705,5287/TB-TCHQ,07/06/2016,Tổng cục hải quan,"Chế phẩm thuộc da hữu cơ tổng hợp. Thành phần chính gồm có sản phẩm ngưng tụ của Naphthalensulphonate, muối sulphat...",56913,305,16,TP_HO_CHI_MINH,Nguyễn Dương Thái,07/06/2016,https://files.customs.gov.vn/CustomsCMS/TP_HO_CHI_MINH/2020/Web/Data/DocumentAttachments/5287-TB-TCHQ.tif,https://www.customs.gov.vn/index.jsp?pageId=3&id=56913&cid=1294,2016,06/2016,2026-10-08T09:28:26Z
706,5288/TB-TCHQ,07/06/2016,Tổng cục hải quan,"Chế phẩm hoạt động bề mặt anion/non-ionic, dạng lỏng. Thành phần chính gồm có chất hoạt động bề mặt anion, non-ionic phân tán trong dung môi hữu cơ butoxy etanol và nước...",56621,305,16,TP_HO_CHI_MINH,Nguyễn Dương Thái,07/06/2016,https://files.customs.gov.vn/CustomsCMS/TP_HO_CHI_MINH/2020/Web/Data/DocumentAttachments/5288-TB-TCHQ.tif,https://www.customs.gov.vn/index.jsp?pageId=3&id=56621&cid=1294,2016,06/2016,2026-10-08T09:28:26Z
707,5289/TB-TCHQ,07/06/2016,Tổng cục hải quan,"Chế phẩm xử lý vật liệu da thuộc có nguồn gốc từ dầu khoáng, dạng lỏng. Thành phần chính gồm có dầu khoáng, lecithin, hỗn hợp dầu của axit béo, chất hoạt động bề mặt... Hàm lượng dầu khoáng nhỏ hơn 70% tính theo trọng lượng.",52247,305,16,TP_HO_CHI_MINH,Nguyễn Dương Thái,07/06/2016,https://files.customs.gov.vn/CustomsCMS/TP_HO_CHI_MINH/2020/Web/Data/DocumentAttachments/5289-TB-TCHQ.tif,https://www.customs.gov.vn/index.jsp?pageId=3&id=52247&cid=1294,2016,06/2016,2026-10-08T09:28:26Z
708,5290/TB-TCHQ,07/06/2016,Tổng cục hải quan,"Chế phẩm xử lý vật liệu da thuộc có nguồn gốc từ dầu khoáng, dạng lỏng. Thành phần chính gồm có dầu khoáng, hỗn hợp dầu của axit béo, chất hoạt động bề mặt... Hàm lượng dầu khoáng nhỏ hơn 70% tính theo trọng lượng.",53796,305,16,TP_HO_CHI_MINH,Nguyễn Dương Thái,07/06/2016,https://files.customs.gov.vn/CustomsCMS/TP_HO_CHI_MINH/2020/Web/Data/DocumentAttachments/5290-TB-TCHQ.tif,https://www.customs.gov.vn/index.jsp?pageId=3&id=53796&cid=1294,2016,06/2016,2026-10-08T09:28:26Z
709,5291/TB-TCHQ,07/06/2016,Tổng cục hải quan,"Chế phẩm xử lý vật liệu da thuộc có nguồn gốc từ dầu khoáng, dạng lỏng. Thành phần chính gồm có dầu khoáng, hỗn hợp dầu của axit béo, chất hoạt động bề mặt, dung môi butoxy etanol... Hàm lượng dầu khoáng nhỏ hơn 70% tính theo trọng lượng.",52300,305,16,TP_HO_CHI_MINH,Nguyễn Dương Thái,07/06/2016,https://files.customs.gov.vn/CustomsCMS/TP_HO_CHI_MINH/2020/Web/Data/DocumentAttachments/5291-TB-TCHQ.tif,https://www.customs.gov.vn/index.jsp?pageId=3&id=52300&cid=1294,2016,06/2016,2026-10-08T09:28:26Z
710,5293/TB-TCHQ,07/06/2016,Tổng cục hải quan,"Chế phẩm thuốc nhuộm axit Axit Red 97, dạng bột, màu đỏ.",55614,305,16,TP_HO_CHI_MINH,Nguyễn Dương Thái,07/06/2016,https://files.customs.gov.vn/CustomsCMS/TP_HO_CHI_MINH/2020/Web/Data/DocumentAttachments/5293-TB-TCHQ.tif,https://www.customs.gov.vn/index.jsp?pageId=3&id=55614&cid=1294,2016,06/2016,2026-10-08T09:28:26Z
711,04/2016/TT-BCT,06/06/2016,null,"Sửa đổi, bổ sung một số Thông tư của Bộ trưởng Bộ Công Thương về thủ tục hành chính trong lĩnh vực thương mại điện tử, hóa chất, sản xuất kinh doanh rượu, nhượng quyền thương mại, hoạt động mua bán hàng hóa qua sở giao dịch hàng hóa, năng lượng, an t",67456,305,18,CAN_THO,null,20/07/2016,https://files.customs.gov.vn/CAN_THO/04-TT-2016-BCT.pdf,https://www.customs.gov.vn/index.jsp?pageId=3&id=67456&cid=1294,2016,06/2016,2026-10-08T09:28:26Z
712,5161/TB-TCHQ,06/06/2016,Tổng cục hải quan,"Chế phẩm hóa học dùng trong xi mạ có thành phần chính là muối sulphat của natri, coban, crom và phụ gia, dạng lỏng.",57589,305,16,TP_HO_CHI_MINH,Nguyễn Dương Thái,06/06/2016,https://files.customs.gov.vn/CustomsCMS/TP_HO_CHI_MINH/2020/Web/Data/DocumentAttachments/5161-TB-TCHQ.tif,https://www.customs.gov.vn/index.jsp?pageId=3&id=57589&cid=1294,2016,06/2016,2026-10-08T09:28:26Z
713,5162/TB-TCHQ,06/06/2016,Tổng cục hải quan,"Chế phẩm làm sạch bề mặt kim loại có thành phần chính là muối vô cơ của natri và phụ gia trong môi trường kiềm, dạng lỏng.",55339,305,16,TP_HO_CHI_MINH,Nguyễn Dương Thái,06/06/2016,https://files.customs.gov.vn/CustomsCMS/TP_HO_CHI_MINH/2020/Web/Data/DocumentAttachments/5162-TB-TCHQ.tif,https://www.customs.gov.vn/index.jsp?pageId=3&id=55339&cid=1294,2016,06/2016,2026-10-08T09:28:26Z
714,5164/TB-TCHQ,06/06/2016,Tổng cục hải quan,"2,4,6-Trimercapto-s-Triazine.",57876,305,16,TP_HO_CHI_MINH,Nguyễn Dương Thái,06/06/2016,https://files.customs.gov.vn/CustomsCMS/TP_HO_CHI_MINH/2020/Web/Data/DocumentAttachments/5164-TB-TCHQ.tif,https://www.customs.gov.vn/index.jsp?pageId=3&id=57876&cid=1294,2016,06/2016,2026-10-08T09:28:26Z
715,5165/TB-TCHQ,06/06/2016,Tổng cục hải quan,Tetraethylthiuram disulfide.,58715,305,16,TP_HO_CHI_MINH,Nguyễn Dương Thái,06/06/2016,https://files.customs.gov.vn/CustomsCMS/TP_HO_CHI_MINH/2020/Web/Data/DocumentAttachments/5165-TB-TCHQ.tif,https://www.customs.gov.vn/index.jsp?pageId=3&id=58715&cid=1294,2016,06/2016,2026-10-08T09:28:26Z
716,5166/TB-TCHQ,06/06/2016,Tổng cục hải quan,"Dung dịch natri nitrit trong nước, dạng lỏng, hàm lượng chất rắn là 28,2%.",54984,305,16,TP_HO_CHI_MINH,Nguyễn Dương Thái,06/06/2016,https://files.customs.gov.vn/CustomsCMS/TP_HO_CHI_MINH/2020/Web/Data/DocumentAttachments/5166-TB-TCHQ.tif,https://www.customs.gov.vn/index.jsp?pageId=3&id=54984&cid=1294,2016,06/2016,2026-10-08T09:28:26Z
717,5167/TB-TCHQ,06/06/2016,Tổng cục hải quan,"Dung dịch axit acetic trong nước, hàm lượng acid acetic khoảng 30.17%",56499,305,16,TP_HO_CHI_MINH,Nguyễn Dương Thái,06/06/2016,https://files.customs.gov.vn/CustomsCMS/TP_HO_CHI_MINH/2020/Web/Data/DocumentAttachments/5167-TB-TCHQ.tif,https://www.customs.gov.vn/index.jsp?pageId=3&id=56499&cid=1294,2016,06/2016,2026-10-08T09:28:26Z
718,5187/TB-TCHQ,06/06/2016,Tổng cục hải quan,"Dầu bóng (lacquer) có thành phần từ poly(ethyl acrylat) phân tán trong môi trường nước, ethanol, acetone... dạng nhão.",55283,305,16,TP_HO_CHI_MINH,Nguyễn Dương Thái,06/06/2016,https://files.customs.gov.vn/CustomsCMS/TP_HO_CHI_MINH/2020/Web/Data/DocumentAttachments/5187-TB-TCHQ.tif,https://www.customs.gov.vn/index.jsp?pageId=3&id=55283&cid=1294,2016,06/2016,2026-10-08T09:28:26Z
719,5188/TB-TCHQ,06/06/2016,Tổng cục hải quan,"Polyisocyanat và 3,5-dimethylpyrazol, dạng lỏng.",58437,305,16,TP_HO_CHI_MINH,Nguyễn Dương Thái,06/06/2016,https://files.customs.gov.vn/CustomsCMS/TP_HO_CHI_MINH/2020/Web/Data/DocumentAttachments/5188-TB-TCHQ.tif,https://www.customs.gov.vn/index.jsp?pageId=3&id=58437&cid=1294,2016,06/2016,2026-10-08T09:28:26Z
720,5189/TB-TCHQ,06/06/2016,Tổng cục hải quan,Trimethylolpropan tris[3-(2-methylaziridin-1-yl)propionate].,57005,305,16,TP_HO_CHI_MINH,Nguyễn Dương Thái,06/06/2016,https://files.customs.gov.vn/CustomsCMS/TP_HO_CHI_MINH/2020/Web/Data/DocumentAttachments/5189-TB-TCHQ.tif,https://www.customs.gov.vn/index.jsp?pageId=3&id=57005&cid=1294,2016,06/2016,2026-10-08T09:28:26Z
721,7299/TB-TCHQ,29/07/2016,null,Thông báo về kết quả xác định trước mã số,76080,305,16,DA_NANG,Nguyễn Dương Thái,29/07/2016,https://files.customs.gov.vn/DA_NANG/Uploads/65e32243-11bf-4695-985d-c1563e8c13ba/08032016vanban_2016080311210200.tif,https://www.customs.gov.vn/index.jsp?pageId=3&id=76080&cid=1294,2016,07/2016,2026-10-08T09:28:26Z
722,1462/TXNK-CST,29/07/2016,Cục Thuế xuất nhập khẩu,V/v dịch vụ hoàn thuế GTGT cho người nước ngoài xuất cảnh.,57289,305,16,TP_HO_CHI_MINH,Nguyễn Ngọc Hưng,29/07/2016,https://files.customs.gov.vn/CustomsCMS/TP_HO_CHI_MINH/2020/Web/Data/DocumentAttachments/1462-TXNK-CST.tif,https://www.customs.gov.vn/index.jsp?pageId=3&id=57289&cid=1294,2016,07/2016,2026-10-08T09:28:26Z
723,1658/HQĐNa-CCHĐH,29/07/2016,Cục Hải Quan tỉnh Đồng Nai,Khai báo mã HS hàng XK(cty TNHH ASABA Việt Nam Manufacturing),66541,305,16,DONG_NAI,null,null,https://files.customs.gov.vn/DONG_NAI//Data/Cv_Hqdn/1658_HQDNa_CCHDH_29_07_2016.pdf,https://www.customs.gov.vn/index.jsp?pageId=3&id=66541&cid=1294,2016,07/2016,2026-10-08T09:28:26Z
724,7260/TB-TCHQ,29/07/2016,Tổng cục hải quan,"Tác nhân làm mềm có thành phần từ stearamide, axit axetic ..., dạng vẩy.",55485,305,16,TP_HO_CHI_MINH,Nguyễn Dương Thái,29/07/2016,https://files.customs.gov.vn/CustomsCMS/TP_HO_CHI_MINH/2020/Web/Data/DocumentAttachments/7260-TB-TCHQ.tif,https://www.customs.gov.vn/index.jsp?pageId=3&id=55485&cid=1294,2016,07/2016,2026-10-08T09:28:26Z
725,7261/TB-TCHQ,29/07/2016,Tổng cục hải quan,Poly(dimethylsiloxane) (87.5%). Dạng lỏng.,53355,305,16,TP_HO_CHI_MINH,Nguyễn Dương Thái,29/07/2016,https://files.customs.gov.vn/CustomsCMS/TP_HO_CHI_MINH/2020/Web/Data/DocumentAttachments/7261-TB-TCHQ.tif,https://www.customs.gov.vn/index.jsp?pageId=3&id=53355&cid=1294,2016,07/2016,2026-10-08T09:28:26Z
726,7262/TB-TCHQ,29/07/2016,Tổng cục hải quan,"Poly (acrylic acid) nguyên sinh, dạng lỏng.",56118,305,16,TP_HO_CHI_MINH,Nguyễn Dương Thái,29/07/2016,https://files.customs.gov.vn/CustomsCMS/TP_HO_CHI_MINH/2020/Web/Data/DocumentAttachments/7262-TB-TCHQ.tif,https://www.customs.gov.vn/index.jsp?pageId=3&id=56118&cid=1294,2016,07/2016,2026-10-08T09:28:26Z
727,7263/TB-TCHQ,29/07/2016,Tổng cục hải quan,"Bán thành phẩm, bằng thép không hợp kim, hàm lượng C ≈ 0,08% tính theo trọng lượng, dạng phiến, kích thước (220x1650x9500)mm.",56792,305,16,TP_HO_CHI_MINH,Nguyễn Dương Thái,29/07/2016,https://files.customs.gov.vn/CustomsCMS/TP_HO_CHI_MINH/2020/Web/Data/DocumentAttachments/7263-TB-TCHQ.tif,https://www.customs.gov.vn/index.jsp?pageId=3&id=56792&cid=1294,2016,07/2016,2026-10-08T09:28:26Z
728,7264/TB-TCHQ,29/07/2016,Tổng cục hải quan,"Bán thành phẩm, bằng thép không hợp kim, hàm lượng C ≈ 0,19% tính theo trọng lượng, dạng phiến, kích thước (250x1100x9600)mm.",56383,305,16,TP_HO_CHI_MINH,Nguyễn Dương Thái,29/07/2016,https://files.customs.gov.vn/CustomsCMS/TP_HO_CHI_MINH/2020/Web/Data/DocumentAttachments/7264-TB-TCHQ.tif,https://www.customs.gov.vn/index.jsp?pageId=3&id=56383&cid=1294,2016,07/2016,2026-10-08T09:28:26Z
729,7283/TB-TCHQ,29/07/2016,Tổng cục hải quan,"Chế phẩm thuốc màu từ titan dioxit, dạng lỏng. Thành phần chính gồm: titan dioxit, polyurethan phân tán trong nước. Hàm lượng titan dioxit lớn hơn 80% tính theo trọng lượng khô.",53458,305,16,TP_HO_CHI_MINH,Nguyễn Dương Thái,29/07/2016,https://files.customs.gov.vn/CustomsCMS/TP_HO_CHI_MINH/2020/Web/Data/DocumentAttachments/7283-TB-TCHQ.tif,https://www.customs.gov.vn/index.jsp?pageId=3&id=53458&cid=1294,2016,07/2016,2026-10-08T09:28:26Z
730,7284/TB-TCHQ,29/07/2016,Tổng cục hải quan,"Chế phẩm thuốc màu hữu cơ tổng hợp, dạng bột.",55438,305,16,TP_HO_CHI_MINH,Nguyễn Dương Thái,29/07/2016,https://files.customs.gov.vn/CustomsCMS/TP_HO_CHI_MINH/2020/Web/Data/DocumentAttachments/7284-TB-TCHQ.tif,https://www.customs.gov.vn/index.jsp?pageId=3&id=55438&cid=1294,2016,07/2016,2026-10-08T09:28:26Z
731,7285/TB-TCHQ,29/07/2016,Tổng cục hải quan,"Chế phẩm hoạt động bề mặt dạng lỏng, có thành phần: chất hoạt động bề mặt nonion, dipropylene glycol methyl ether.",53583,305,16,TP_HO_CHI_MINH,Nguyễn Dương Thái,29/07/2016,https://files.customs.gov.vn/CustomsCMS/TP_HO_CHI_MINH/2020/Web/Data/DocumentAttachments/7285-TB-TCHQ.tif,https://www.customs.gov.vn/index.jsp?pageId=3&id=53583&cid=1294,2016,07/2016,2026-10-08T09:28:26Z
732,7290/TB-TCHQ,29/07/2016,Tổng cục hải quan,"Thép hợp kim, hàm lượng Cr ≈ 0,389% tính theo trọng lượng, dạng hình, đã được gia công nóng, chưa được tráng, phủ, mạ hoặc sơn.",53176,305,16,TP_HO_CHI_MINH,Nguyễn Dương Thái,29/07/2016,https://files.customs.gov.vn/CustomsCMS/TP_HO_CHI_MINH/2020/Web/Data/DocumentAttachments/7290-TB-TCHQ.tif,https://www.customs.gov.vn/index.jsp?pageId=3&id=53176&cid=1294,2016,07/2016,2026-10-08T09:28:26Z
733,7291/TB-TCHQ,29/07/2016,Tổng cục hải quan,"Thép hợp kim, Bo là nguyên tố duy nhất quyết định thép hợp kim, hàm lượng Bo ≈ 0,0016% tính theo trọng lượng, dạng hình, đã được gia công nóng.",55024,305,16,TP_HO_CHI_MINH,Nguyễn Dương Thái,29/07/2016,https://files.customs.gov.vn/CustomsCMS/TP_HO_CHI_MINH/2020/Web/Data/DocumentAttachments/7291-TB-TCHQ.tif,https://www.customs.gov.vn/index.jsp?pageId=3&id=55024&cid=1294,2016,07/2016,2026-10-08T09:28:26Z
734,7292/TB-TCHQ,29/07/2016,Tổng cục hải quan,"Thép hợp kim, Cr là nguyên tố duy nhất quyết định thép hợp kim, hàm lượng Cr ≈ 0,371% tính theo trọng lượng, dạng hình, đã được gia công nóng.",58101,305,16,TP_HO_CHI_MINH,Nguyễn Dương Thái,29/07/2016,https://files.customs.gov.vn/CustomsCMS/TP_HO_CHI_MINH/2020/Web/Data/DocumentAttachments/7292-TB-TCHQ.tif,https://www.customs.gov.vn/index.jsp?pageId=3&id=58101&cid=1294,2016,07/2016,2026-10-08T09:28:26Z
735,7302/TCHQ-TXNK,29/07/2016,Tổng cục hải quan,V/v thực hiện thuế tự vệ chính thức mặt hàng phôi thép và thép dài NK.,53238,305,16,TP_HO_CHI_MINH,Nguyễn Dương Thái,29/07/2016,https://files.customs.gov.vn/CustomsCMS/TP_HO_CHI_MINH/2020/Web/Data/DocumentAttachments/7302-TCHQ-TXNK.tif,https://www.customs.gov.vn/index.jsp?pageId=3&id=53238&cid=1294,2016,07/2016,2026-10-08T09:28:26Z
736,28/2016/TT-BNNPTNT,27/07/2016,Bộ và ngang bộ,"Thông tư 28/2016/TT-BNNPTNT Danh mục bổ sung giống cây trồng được phép sản xuất, kinh doanh ở Việt Nam do Bộ trưởng Bộ Nông nghiệp và Phát triển nông thôn ban hành",59644,305,4,TONG_CUC,Lê Quốc Doanh,10/09/2016,,https://www.customs.gov.vn/index.jsp?pageId=3&id=59644&cid=1294,2016,07/2016,2026-10-08T09:28:26Z
737,7111/TB-TCHQ,27/07/2016,Tổng cục hải quan,"Agar-Agar, dạng bột.",54496,305,16,TP_HO_CHI_MINH,Nguyễn Dương Thái,27/07/2016,https://files.customs.gov.vn/CustomsCMS/TP_HO_CHI_MINH/2020/Web/Data/DocumentAttachments/7111-TB-TCHQ.tif,https://www.customs.gov.vn/index.jsp?pageId=3&id=54496&cid=1294,2016,07/2016,2026-10-08T09:28:26Z
738,7112/TB-TCHQ,27/07/2016,Tổng cục hải quan,Batyl alcohol.,54053,305,16,TP_HO_CHI_MINH,Nguyễn Dương Thái,27/07/2016,https://files.customs.gov.vn/CustomsCMS/TP_HO_CHI_MINH/2020/Web/Data/DocumentAttachments/7112-TB-TCHQ.tif,https://www.customs.gov.vn/index.jsp?pageId=3&id=54053&cid=1294,2016,07/2016,2026-10-08T09:28:26Z
739,7113/TB-TCHQ,27/07/2016,null,"Thông báo về kết quả phân loại đối với hàng hóa xuât khẩu, nhập khẩu",76079,305,16,DA_NANG,Nguyễn Dương Thái,27/07/2016,https://files.customs.gov.vn/DA_NANG/Uploads/65e32243-11bf-4695-985d-c1563e8c13ba/07292016vanban_2016072915291300.tif,https://www.customs.gov.vn/index.jsp?pageId=3&id=76079&cid=1294,2016,07/2016,2026-10-08T09:28:26Z
740,7148/TCHQ-GSQL,27/07/2016,Tổng cục hải quan,V/v Đơn vị tính mặt hàng vải dệt kim (vải thun) nhập khẩu.,55025,305,16,TP_HO_CHI_MINH,Vũ Ngọc Anh,27/07/2016,https://files.customs.gov.vn/CustomsCMS/TP_HO_CHI_MINH/2020/Web/Data/DocumentAttachments/7148-TCHQ-GSQL.tif,https://www.customs.gov.vn/index.jsp?pageId=3&id=55025&cid=1294,2016,07/2016,2026-10-08T09:28:26Z
741,7152/TB-TCHQ,27/07/2016,Tổng cục hải quan,"Kem đánh răng, đóng gói khối lượng tịnh 150g/tuýp.",56460,305,16,TP_HO_CHI_MINH,Nguyễn Dương Thái,27/07/2016,https://files.customs.gov.vn/CustomsCMS/TP_HO_CHI_MINH/2020/Web/Data/DocumentAttachments/7152-TB-TCHQ.tif,https://www.customs.gov.vn/index.jsp?pageId=3&id=56460&cid=1294,2016,07/2016,2026-10-08T09:28:26Z
742,7153/TB-TCHQ,27/07/2016,Tổng cục hải quan,"Kem đánh răng, đóng gói khối lượng tịnh 150g/tuýp.",53626,305,16,TP_HO_CHI_MINH,Nguyễn Dương Thái,27/07/2016,https://files.customs.gov.vn/CustomsCMS/TP_HO_CHI_MINH/2020/Web/Data/DocumentAttachments/7153-TB-TCHQ.tif,https://www.customs.gov.vn/index.jsp?pageId=3&id=53626&cid=1294,2016,07/2016,2026-10-08T09:28:26Z
743,7154/TB-TCHQ,27/07/2016,Tổng cục hải quan,"Kem đánh răng, đóng gói khối lượng tịnh 75g/tuýp.",56624,305,16,TP_HO_CHI_MINH,Nguyễn Dương Thái,27/07/2016,https://files.customs.gov.vn/CustomsCMS/TP_HO_CHI_MINH/2020/Web/Data/DocumentAttachments/7154-TB-TCHQ.tif,https://www.customs.gov.vn/index.jsp?pageId=3&id=56624&cid=1294,2016,07/2016,2026-10-08T09:28:26Z
744,7156/TB-TCHQ,27/07/2016,Tổng cục hải quan,"Kem đánh răng, đóng gói khối lượng tịnh 75g/tuýp.",55904,305,16,TP_HO_CHI_MINH,Nguyễn Dương Thái,27/07/2016,https://files.customs.gov.vn/CustomsCMS/TP_HO_CHI_MINH/2020/Web/Data/DocumentAttachments/7156-TB-TCHQ.tif,https://www.customs.gov.vn/index.jsp?pageId=3&id=55904&cid=1294,2016,07/2016,2026-10-08T09:28:26Z
745,7160/TB-TCHQ,27/07/2016,Tổng cục hải quan,"Chất kết dính Polyurethane hai thành phần, thành phần chính là Polyester Polyol (dùng phối trộn với CHM-63).",55530,305,16,TP_HO_CHI_MINH,Nguyễn Dương Thái,27/07/2016,https://files.customs.gov.vn/CustomsCMS/TP_HO_CHI_MINH/2020/Web/Data/DocumentAttachments/7160-TB-TCHQ.tif,https://www.customs.gov.vn/index.jsp?pageId=3&id=55530&cid=1294,2016,07/2016,2026-10-08T09:28:26Z
746,7161/TB-TCHQ,27/07/2016,Tổng cục hải quan,"Chất kết dính Polyurethane hai thành phần, thành phần chính là Polyether Polyol (dùng phối trộn với CHM-67).",56390,305,16,TP_HO_CHI_MINH,Nguyễn Dương Thái,27/07/2016,https://files.customs.gov.vn/CustomsCMS/TP_HO_CHI_MINH/2020/Web/Data/DocumentAttachments/7161-TB-TCHQ.tif,https://www.customs.gov.vn/index.jsp?pageId=3&id=56390&cid=1294,2016,07/2016,2026-10-08T09:28:26Z
747,7162/TB-TCHQ,27/07/2016,Tổng cục hải quan,"Chất kết dính Polyurethane hai thành phần, thành phần chính là Polyisocyanate & Polyurethane (dùng phối trộn với AD-9310).",55430,305,16,TP_HO_CHI_MINH,Nguyễn Dương Thái,27/07/2016,https://files.customs.gov.vn/CustomsCMS/TP_HO_CHI_MINH/2020/Web/Data/DocumentAttachments/7162-TB-TCHQ.tif,https://www.customs.gov.vn/index.jsp?pageId=3&id=55430&cid=1294,2016,07/2016,2026-10-08T09:28:26Z
748,7170/TB-TCHQ,27/07/2016,Tổng cục hải quan,"Bán thành phẩm bằng thép hợp kim, hàm lượng Cr ≈ 1,59%, Mo ≈ 0,37% tính theo trọng lượng, dạng phiến, kích thước dày x rộng x dài (332x 1010 x 3700) mm, đã được gia công tạo phẳng 4 mặt bên.",54249,305,16,TP_HO_CHI_MINH,Nguyễn Dương Thái,27/07/2016,https://files.customs.gov.vn/CustomsCMS/TP_HO_CHI_MINH/2020/Web/Data/DocumentAttachments/7170-TB-TCHQ.tif,https://www.customs.gov.vn/index.jsp?pageId=3&id=54249&cid=1294,2016,07/2016,2026-10-08T09:28:26Z
749,7171/TB-TCHQ,27/07/2016,Tổng cục hải quan,"Bán thành phẩm bằng thép hợp kim, hàm lượng Cr ≈ 1,58%, Mo ≈ 0,36% tính theo trọng lượng, dạng phiến, kích thước dày x rộng x dài (458 x 1112 x 2420) mm, đã được gia công tạo phẳng 4 mặt bên.",58229,305,16,TP_HO_CHI_MINH,Nguyễn Dương Thái,27/07/2016,https://files.customs.gov.vn/CustomsCMS/TP_HO_CHI_MINH/2020/Web/Data/DocumentAttachments/7171-TB-TCHQ.tif,https://www.customs.gov.vn/index.jsp?pageId=3&id=58229&cid=1294,2016,07/2016,2026-10-08T09:28:26Z
750,7172/TB-TCHQ,27/07/2016,Tổng cục hải quan,"Bán thành phẩm bằng thép hợp kim, hàm lượng Cr ≈ 1,59%, Mo ≈ 0,35% tính theo trọng lượng, dạng phiến, kích thước dày x rộng x dài (290 x 730 x 4120) mm, đã được gia công tạo phẳng 4 mặt bên.",55791,305,16,TP_HO_CHI_MINH,Nguyễn Dương Thái,27/07/2016,https://files.customs.gov.vn/CustomsCMS/TP_HO_CHI_MINH/2020/Web/Data/DocumentAttachments/7172-TB-TCHQ.tif,https://www.customs.gov.vn/index.jsp?pageId=3&id=55791&cid=1294,2016,07/2016,2026-10-08T09:28:26Z
751,7173/TB-TCHQ,27/07/2016,Tổng cục hải quan,"Bán thành phẩm bằng thép hợp kim, hàm lượng Cr ≈ 1,56%, Mo ≈ 0,34% tính theo trọng lượng, dạng phiến, kích thước dày x rộng x dài (455 x 1143 x 2380) mm, đã được gia công tạo phẳng 4 mặt bên.",54186,305,16,TP_HO_CHI_MINH,Nguyễn Dương Thái,27/07/2016,https://files.customs.gov.vn/CustomsCMS/TP_HO_CHI_MINH/2020/Web/Data/DocumentAttachments/7173-TB-TCHQ.tif,https://www.customs.gov.vn/index.jsp?pageId=3&id=54186&cid=1294,2016,07/2016,2026-10-08T09:28:26Z
752,106/2016/TT-BTC,26/07/2016,null,"Thông tư hướng dẫn thủ tục hải quan đối với hoạt động xuất, nhập xăng dầu, nguyên liệu để pha chế xăng dầu và hoạt động pha chế chuyển đổi chủng loại xăng dầu tại kho ngoại quan xăng dầu",76075,305,4,DA_NANG,Đỗ Hoàng Anh Tuấn,26/07/2016,https://files.customs.gov.vn/DA_NANG/Uploads/65e32243-11bf-4695-985d-c1563e8c13ba/07212016vanban_2016072116415400.tif,https://www.customs.gov.vn/index.jsp?pageId=3&id=76075&cid=1294,2016,07/2016,2026-10-08T09:28:26Z
753,7041/TCHQ-TXNK,26/07/2016,Tổng cục hải quan,V/v kết quả phân loại hàng hóa,56640,305,16,TP_HO_CHI_MINH,Trịnh Mạc Linh,26/07/2016,https://files.customs.gov.vn/CustomsCMS/TP_HO_CHI_MINH/2020/Web/Data/DocumentAttachments/7041-TCHQ-TXNK.tif,https://www.customs.gov.vn/index.jsp?pageId=3&id=56640&cid=1294,2016,07/2016,2026-10-08T09:28:26Z
754,7044/TB-TCHQ,26/07/2016,null,"Thông báo về kết quả phân loại đối với hàng hóa xuât khẩu, nhập khẩu",76076,305,16,DA_NANG,Nguyễn Dương Thái,26/07/2016,https://files.customs.gov.vn/DA_NANG/Uploads/65e32243-11bf-4695-985d-c1563e8c13ba/08012016vanban_2016080111085700.tif,https://www.customs.gov.vn/index.jsp?pageId=3&id=76076&cid=1294,2016,07/2016,2026-10-08T09:28:26Z
755,7078/TB-TCHQ,26/07/2016,Tổng cục hải quan,"Thép hợp kim trong đó Cr là nguyên tố duy nhất quyết định yếu tố thép hợp kim (hàm lượng Cr ≈ 0,365% tính theo trọng lượng), dạng thanh, cán nóng, mặt cắt ngang hình tròn.",58363,305,16,TP_HO_CHI_MINH,Nguyễn Dương Thái,26/07/2016,https://files.customs.gov.vn/CustomsCMS/TP_HO_CHI_MINH/2020/Web/Data/DocumentAttachments/7078-TB-TCHQ.tif,https://www.customs.gov.vn/index.jsp?pageId=3&id=58363&cid=1294,2016,07/2016,2026-10-08T09:28:26Z
756,7079/TB-TCHQ,26/07/2016,null,"Thông báo về sửa đổi, thay thế Thông báo kết quả xác định trước mã số",76074,305,16,DA_NANG,null,26/07/2016,https://files.customs.gov.vn/DA_NANG/Uploads/65e32243-11bf-4695-985d-c1563e8c13ba/1_08012016vanban_2016080111070700.tif,https://www.customs.gov.vn/index.jsp?pageId=3&id=76074&cid=1294,2016,07/2016,2026-10-08T09:28:26Z
757,7094/TB-TCHQ,26/07/2016,null,Thông báo về kết quả xác định trước mã số,76073,305,16,DA_NANG,Nguyễn Dương Thái,26/07/2016,https://files.customs.gov.vn/DA_NANG/Uploads/65e32243-11bf-4695-985d-c1563e8c13ba/08012016vanban_2016080111070000.tif,https://www.customs.gov.vn/index.jsp?pageId=3&id=76073&cid=1294,2016,07/2016,2026-10-08T09:28:26Z
758,983/GSQL-GQ1,26/07/2016,Tổng cục hải quan,"V/v Nhập khẩu máy móc, thiết bị nông nghiệp đã qua sử dung (Công ty TNHH Máy nông nghiệp và khuyến nông Hà Nội)",66545,305,16,DONG_NAI,null,null,https://files.customs.gov.vn/DONG_NAI//Data/CV_TCHQ/983_GSQL_GQ1_26_07_2016.PDF,https://www.customs.gov.vn/index.jsp?pageId=3&id=66545&cid=1294,2016,07/2016,2026-10-08T09:28:26Z
759,1628/HQĐNa-GSQL,25/07/2016,Cục Hải Quan tỉnh Đồng Nai,V/v Tổng hợp câu hỏi hội nghị đối thoại doanh nghiệp Hàn Quốc 2016,66536,305,16,DONG_NAI,null,null,https://files.customs.gov.vn/DONG_NAI//Data/Cv_Hqdn/1628_HQDNa_GSQL_25_07_2016.pdf,https://www.customs.gov.vn/index.jsp?pageId=3&id=66536&cid=1294,2016,07/2016,2026-10-08T09:28:26Z
760,1629/HQĐNa-TXNK,25/07/2016,Cục Hải Quan tỉnh Đồng Nai,V/v Điều chỉnh danh mục hàng hóa nhập khẩu miễn thuế tạo TSCĐ (Công ty TNHH San Lim Fumiture Việt Nam),66537,305,16,DONG_NAI,null,null,https://files.customs.gov.vn/DONG_NAI//Data/Cv_Hqdn/1629_HQDNa_TXNK_25_07_2016.pdf,https://www.customs.gov.vn/index.jsp?pageId=3&id=66537&cid=1294,2016,07/2016,2026-10-08T09:28:26Z
761,1631/HQĐNa-TXNK,25/07/2016,Cục Hải Quan tỉnh Đồng Nai,V/v Khai báo nhập khẩu máy móc thiết bị miễn thuế (Công ty CP Anova Feed - Chi nhánh Đồng Nai),66538,305,16,DONG_NAI,null,null,https://files.customs.gov.vn/DONG_NAI//Data/Cv_Hqdn/1631_HQDNa_TXNK_25_07_2016.pdf,https://www.customs.gov.vn/index.jsp?pageId=3&id=66538&cid=1294,2016,07/2016,2026-10-08T09:28:26Z
762,2506/BTTTT-CNTT,25/07/2016,Bộ Thông Tin Truyền Thông,V/v gia công sửa chữa ổ cứng cho khách hàng trong nước và thuê lại công ty trong nước gia công một phần hàng hóa trong quá trình thực hiện hoạt động gia công hàng hóa cho đối tác nước ngoài Công ty Greystones Data Systems Việt Nam.,54060,305,16,TP_HO_CHI_MINH,Đào Đình Khả,25/07/2016,https://files.customs.gov.vn/CustomsCMS/TP_HO_CHI_MINH/2020/Web/Data/DocumentAttachments/2506-BTTTT-CNTT.tif,https://www.customs.gov.vn/index.jsp?pageId=3&id=54060&cid=1294,2016,07/2016,2026-10-08T09:28:26Z
763,7001/TB-TCHQ,25/07/2016,Tổng cục hải quan,"Kem rửa mặt có tác dụng làm trắng da, kích thích tái tạo tế bào da, làm sạch da, làm mờ thâm nám,... đã được đóng gói để bán lẻ, thành phần chính gồm disodium lauroamphodiacetate, sodium trideceth sulfate, acety glucosamine, glyceryl stearate, propylene glycol, glycerin, phenoxy ethanol, PPG-2 hydroxyethyl cocamide, hydroxyethylcellulose, glycol distearate, laureth-4, ammonium hydroxide, các chất chiết từ thực vật,... hàm lượng sau sấy 24,41%.",56147,305,16,TP_HO_CHI_MINH,Nguyễn Dương Thái,25/07/2016,https://files.customs.gov.vn/CustomsCMS/TP_HO_CHI_MINH/2020/Web/Data/DocumentAttachments/7001-TB-TCHQ.tif,https://www.customs.gov.vn/index.jsp?pageId=3&id=56147&cid=1294,2016,07/2016,2026-10-08T09:28:26Z
764,7002/TB-TCHQ,25/07/2016,Tổng cục hải quan,"Sữa rửa mặt có tác dụng tẩy tế bào chết, kích thích tái tạo da, làm sạch lỗ chân lông, làm sáng da, làm ẩm da,... đã được đóng gói để bán lẻ, thành phần chính gồm phenoxyl ethanol, caprylyl glycol, PEG-8, PEG-8 dimethicone, sodium bisdulfite, ammonium hydroxide, triethyl citrate, ehtylene, brassylate, gluconolactone, decyl glucoside, chlorphesin, các chất chiết từ thực vật,... dạng lỏng nhiều bọt, hàm lượng sau sấy 25,27%.",56854,305,16,TP_HO_CHI_MINH,Nguyễn Dương Thái,25/07/2016,https://files.customs.gov.vn/CustomsCMS/TP_HO_CHI_MINH/2020/Web/Data/DocumentAttachments/7002-TB-TCHQ.tif,https://www.customs.gov.vn/index.jsp?pageId=3&id=56854&cid=1294,2016,07/2016,2026-10-08T09:28:26Z
765,7004/TB-TCHQ,25/07/2016,Tổng cục hải quan,Chế phẩm hỗn hợp của bột giấy hóa học tẩy trắng và các hạt siêu thấm hút (polyme).,55468,305,16,TP_HO_CHI_MINH,Nguyễn Dương Thái,25/07/2016,https://files.customs.gov.vn/CustomsCMS/TP_HO_CHI_MINH/2020/Web/Data/DocumentAttachments/7004-TB-TCHQ.tif,https://www.customs.gov.vn/index.jsp?pageId=3&id=55468&cid=1294,2016,07/2016,2026-10-08T09:28:26Z
766,7005/TB-TCHQ,25/07/2016,Tổng cục hải quan,"Tinh quặng molypden (hàm lượng Mo trên 70% tính theo khối lượng), đã nung.",53837,305,16,TP_HO_CHI_MINH,Nguyễn Dương Thái,25/07/2016,https://files.customs.gov.vn/CustomsCMS/TP_HO_CHI_MINH/2020/Web/Data/DocumentAttachments/7005-TB-TCHQ.tif,https://www.customs.gov.vn/index.jsp?pageId=3&id=53837&cid=1294,2016,07/2016,2026-10-08T09:28:26Z
767,7006/TB-TCHQ,25/07/2016,Tổng cục hải quan,"Quặng kẽm oxit, thành phần chính gồm zincite, zincoferrite... dạng bột.",54849,305,16,TP_HO_CHI_MINH,Nguyễn Dương Thái,25/07/2016,https://files.customs.gov.vn/CustomsCMS/TP_HO_CHI_MINH/2020/Web/Data/DocumentAttachments/7006-TB-TCHQ.tif,https://www.customs.gov.vn/index.jsp?pageId=3&id=54849&cid=1294,2016,07/2016,2026-10-08T09:28:26Z
768,7007/TB-TCHQ,25/07/2016,Tổng cục hải quan,"Hỗn hợp chứa magie silicat, canxi silicat, silic oxit...",53753,305,16,TP_HO_CHI_MINH,Nguyễn Dương Thái,25/07/2016,https://files.customs.gov.vn/CustomsCMS/TP_HO_CHI_MINH/2020/Web/Data/DocumentAttachments/7007-TB-TCHQ.tif,https://www.customs.gov.vn/index.jsp?pageId=3&id=53753&cid=1294,2016,07/2016,2026-10-08T09:28:26Z
769,7008/TB-TCHQ,25/07/2016,Tổng cục hải quan,Chế phẩm hoá học có thành phần gồm hỗn hợp các oxit kim loại trong dung môi alcohol.,52386,305,16,TP_HO_CHI_MINH,Nguyễn Dương Thái,25/07/2016,https://files.customs.gov.vn/CustomsCMS/TP_HO_CHI_MINH/2020/Web/Data/DocumentAttachments/7008-TB-TCHQ.tif,https://www.customs.gov.vn/index.jsp?pageId=3&id=52386&cid=1294,2016,07/2016,2026-10-08T09:28:26Z
770,7009/TB-TCHQ,25/07/2016,Tổng cục hải quan,"Xỉ (tro) có thành phần chính là kẽm thu được từ quá trình luyện kim (hoặc đốt than), dạng bột, màu xám đen.",54270,305,16,TP_HO_CHI_MINH,Nguyễn Dương Thái,25/07/2016,https://files.customs.gov.vn/CustomsCMS/TP_HO_CHI_MINH/2020/Web/Data/DocumentAttachments/7009-TB-TCHQ.tif,https://www.customs.gov.vn/index.jsp?pageId=3&id=54270&cid=1294,2016,07/2016,2026-10-08T09:28:26Z
771,7010/TB-TCHQ,25/07/2016,Tổng cục hải quan,"Xỉ (tro) có thành phần chính là kẽm thu được từ quá trình luyện kim (hoặc đốt than), dạng bột, màu xám đen.",58277,305,16,TP_HO_CHI_MINH,Nguyễn Dương Thái,25/07/2016,https://files.customs.gov.vn/CustomsCMS/TP_HO_CHI_MINH/2020/Web/Data/DocumentAttachments/7010-TB-TCHQ.tif,https://www.customs.gov.vn/index.jsp?pageId=3&id=58277&cid=1294,2016,07/2016,2026-10-08T09:28:26Z
772,7011/TB-TCHQ,25/07/2016,Tổng cục hải quan,"Bộ ống nối xả nước chuyên dùng cho Lavabo, đóng gói trong hộp carton bán lẻ gồm: 1 ống hình chữ T (làm răng 1 đầu, đầu còn lại được làm kín bằng một nắp đậy có răng), 1 ống thẳng (1 đầu lắp với ống chữ T, đầu còn lại có 1 ống làm răng dùng lắp nối với ống của Lavabo), các phụ kiện lắp nối. Các ống được làm bằng vật liệu đồng thau, bề mặt được sáng bóng bằng Niken - crôm. Tên thương mai: Totem Trap; - - 700.135.5.K; hiệu: OMP với nhà sản xuất TEA.",53803,305,16,TP_HO_CHI_MINH,Nguyễn Dương Thái,25/07/2016,https://files.customs.gov.vn/CustomsCMS/TP_HO_CHI_MINH/2020/Web/Data/DocumentAttachments/7011-TB-TCHQ.tif,https://www.customs.gov.vn/index.jsp?pageId=3&id=53803&cid=1294,2016,07/2016,2026-10-08T09:28:26Z
773,7012/TB-TCHQ,25/07/2016,Tổng cục hải quan,"Bộ ống nối xả nước chuyên dùng cho Lavabo; đóng gói trong hộp carton bán lẻ gồm: 01 ống hình chữ U làm răng 2 đầu, 1 ống đầu cong, 1 đoạn ống thẳng và các phụ kiện lắp nối (3 đai ốc nối, 3 đệm cao su, 1 nắp chụp). Các ống được làm bằng vật liệu đồng thau, bề mặt được sáng bóng bằng niken - crom. Tên thương mại tương ứng: P-Trap; Plumping products, - - 26.423.5 5/4” và P-Trap; Traps and Waste,; - - 26.715.5 hiệu: OMP với nhà xuất khẩu TEA.",52407,305,16,TP_HO_CHI_MINH,Nguyễn Dương Thái,25/07/2016,https://files.customs.gov.vn/CustomsCMS/TP_HO_CHI_MINH/2020/Web/Data/DocumentAttachments/7012-TB-TCHQ.tif,https://www.customs.gov.vn/index.jsp?pageId=3&id=52407&cid=1294,2016,07/2016,2026-10-08T09:28:26Z
774,7043/TCHQ-TXNK,25/07/2016,Tổng cục hải quan,V/v Đề nghị xác định lại mã HS hàng hóa (Công ty TNHH KAI Việt Nam),66540,305,16,DONG_NAI,null,null,,https://www.customs.gov.vn/index.jsp?pageId=3&id=66540&cid=1294,2016,07/2016,2026-10-08T09:28:26Z
775,1408/TXNK-PL,22/07/2016,Cục Thuế xuất nhập khẩu,V/v phân loại hàng hóa,52490,305,16,TP_HO_CHI_MINH,Trịnh Mạc Linh,22/07/2016,https://files.customs.gov.vn/CustomsCMS/TP_HO_CHI_MINH/2020/Web/Data/DocumentAttachments/1408-TXNK-PL.tif,https://www.customs.gov.vn/index.jsp?pageId=3&id=52490&cid=1294,2016,07/2016,2026-10-08T09:28:26Z
776,1894/HQHCM-TXNK,22/07/2016,Bộ Thương Mại,V/v tỷ lệ % tiền chậm nộp thuế trên hệ thống kế toán tập trung.,57524,305,16,TP_HO_CHI_MINH,Nguyễn Hữu Nghiệp,22/07/2016,https://files.customs.gov.vn/CustomsCMS/TP_HO_CHI_MINH/2020/Web/Data/DocumentAttachments/1894-HQHCM-TXNK.tif,https://www.customs.gov.vn/index.jsp?pageId=3&id=57524&cid=1294,2016,07/2016,2026-10-08T09:28:26Z
777,2254/QÐ-TCHQ,22/07/2016,Tổng cục hải quan,Quyết định về việc công nhận doanh nghiệp ưu tiên (Công ty cổ phần Daikin Air Conditioning).,53931,305,10,TP_HO_CHI_MINH,Nguyễn Văn Cẩn,22/07/2016,https://files.customs.gov.vn/CustomsCMS/TP_HO_CHI_MINH/2020/Web/Data/DocumentAttachments/2254-QD-TCHQ.tif,https://www.customs.gov.vn/index.jsp?pageId=3&id=53931&cid=1294,2016,07/2016,2026-10-08T09:28:26Z
778,6952/TB-TCHQ,22/07/2016,Tổng cục hải quan,Chế phẩm hóa học chứa natri hypophosphit và phụ gia.,57330,305,16,TP_HO_CHI_MINH,Nguyễn Dương Thái,22/07/2016,https://files.customs.gov.vn/CustomsCMS/TP_HO_CHI_MINH/2020/Web/Data/DocumentAttachments/6952-TB-TCHQ.tif,https://www.customs.gov.vn/index.jsp?pageId=3&id=57330&cid=1294,2016,07/2016,2026-10-08T09:28:26Z
779,6953/TB-TCHQ,22/07/2016,Tổng cục hải quan,"Chế phẩm hóa học chứa natri hypophosphit, axit lactic, phụ gia.",57526,305,16,TP_HO_CHI_MINH,Nguyễn Dương Thái,22/07/2016,https://files.customs.gov.vn/CustomsCMS/TP_HO_CHI_MINH/2020/Web/Data/DocumentAttachments/6953-TB-TCHQ.tif,https://www.customs.gov.vn/index.jsp?pageId=3&id=57526&cid=1294,2016,07/2016,2026-10-08T09:28:26Z
780,6977/TB-TCHQ,22/07/2016,Tổng cục hải quan,"Chế phẩm hóa học chứa muối của nhôm, coban, clorua, sulphat,... trong môi trường axit.",58485,305,16,TP_HO_CHI_MINH,Nguyễn Dương Thái,22/07/2016,https://files.customs.gov.vn/CustomsCMS/TP_HO_CHI_MINH/2020/Web/Data/DocumentAttachments/6977-TB-TCHQ.tif,https://www.customs.gov.vn/index.jsp?pageId=3&id=58485&cid=1294,2016,07/2016,2026-10-08T09:28:26Z
781,6978/TB-TCHQ,22/07/2016,Tổng cục hải quan,"Chế phẩm hóa học chứa muối của niken, sulfate, clorua,... trong môi trường axit.",53698,305,16,TP_HO_CHI_MINH,Nguyễn Dương Thái,22/07/2016,https://files.customs.gov.vn/CustomsCMS/TP_HO_CHI_MINH/2020/Web/Data/DocumentAttachments/6978-TB-TCHQ.tif,https://www.customs.gov.vn/index.jsp?pageId=3&id=53698&cid=1294,2016,07/2016,2026-10-08T09:28:26Z
782,6980/TB-TCHQ,22/07/2016,Tổng cục hải quan,Chất độn trong sản xuất cao su có thành phần chính là canxi carbonat phân tán trong poly (ethyl en- vinylacetat).,56176,305,16,TP_HO_CHI_MINH,Nguyễn Dương Thái,22/07/2016,https://files.customs.gov.vn/CustomsCMS/TP_HO_CHI_MINH/2020/Web/Data/DocumentAttachments/6980-TB-TCHQ.tif,https://www.customs.gov.vn/index.jsp?pageId=3&id=56176&cid=1294,2016,07/2016,2026-10-08T09:28:26Z
783,6981/TB-TCHQ,22/07/2016,Tổng cục hải quan,Hỗn hợp kẽm oxit và canxi cacbonat phân tán trong poly(ethylen-vinyl acetat) dùng làm chất trợ xúc tiến trong sản xuất cao su.,56904,305,16,TP_HO_CHI_MINH,Nguyễn Dương Thái,22/07/2016,https://files.customs.gov.vn/CustomsCMS/TP_HO_CHI_MINH/2020/Web/Data/DocumentAttachments/6981-TB-TCHQ.tif,https://www.customs.gov.vn/index.jsp?pageId=3&id=56904&cid=1294,2016,07/2016,2026-10-08T09:28:26Z
784,6982/TB-TCHQ,22/07/2016,Tổng cục hải quan,Dung dịch đồng sunlphat.,56036,305,16,TP_HO_CHI_MINH,Nguyễn Dương Thái,22/07/2016,https://files.customs.gov.vn/CustomsCMS/TP_HO_CHI_MINH/2020/Web/Data/DocumentAttachments/6982-TB-TCHQ.tif,https://www.customs.gov.vn/index.jsp?pageId=3&id=56036&cid=1294,2016,07/2016,2026-10-08T09:28:26Z
785,6983/TB-TCHQ,22/07/2016,Tổng cục hải quan,Dung dịch bạc nitrat.,57711,305,16,TP_HO_CHI_MINH,Nguyễn Dương Thái,22/07/2016,https://files.customs.gov.vn/CustomsCMS/TP_HO_CHI_MINH/2020/Web/Data/DocumentAttachments/6983-TB-TCHQ.tif,https://www.customs.gov.vn/index.jsp?pageId=3&id=57711&cid=1294,2016,07/2016,2026-10-08T09:28:26Z
786,6984/TB-TCHQ,22/07/2016,Tổng cục hải quan,"Chế phẩm hóa học có thành phần chính là amin, muối photphat, cacbonat của kali, natri và phụ gia.",52642,305,16,TP_HO_CHI_MINH,Nguyễn Dương Thái,22/07/2016,https://files.customs.gov.vn/CustomsCMS/TP_HO_CHI_MINH/2020/Web/Data/DocumentAttachments/6984-TB-TCHQ.tif,https://www.customs.gov.vn/index.jsp?pageId=3&id=52642&cid=1294,2016,07/2016,2026-10-08T09:28:26Z
787,6985/TB-TCHQ,22/07/2016,Tổng cục hải quan,Dung dịch amoni xeri sulphat.,58940,305,16,TP_HO_CHI_MINH,Nguyễn Dương Thái,22/07/2016,https://files.customs.gov.vn/CustomsCMS/TP_HO_CHI_MINH/2020/Web/Data/DocumentAttachments/6985-TB-TCHQ.tif,https://www.customs.gov.vn/index.jsp?pageId=3&id=58940&cid=1294,2016,07/2016,2026-10-08T09:28:26Z
788,6986/TB-TCHQ,22/07/2016,Tổng cục hải quan,"Chế phẩm gồm: Hỗn hợp các chất thơm: Amylbutyrolactone; Ethyl Vanillin; Acetic acid benzyl ester; Piperonal; Benzaldehyde ... Fructose ~ 25% và maltodextrin, sử dụng trực tiếp dùng trong chế biến thực phẩm, dạng bột.",54387,305,16,TP_HO_CHI_MINH,Nguyễn Dương Thái,22/07/2016,https://files.customs.gov.vn/CustomsCMS/TP_HO_CHI_MINH/2020/Web/Data/DocumentAttachments/6986-TB-TCHQ.tif,https://www.customs.gov.vn/index.jsp?pageId=3&id=54387&cid=1294,2016,07/2016,2026-10-08T09:28:26Z
789,6987/TB-TCHQ,22/07/2016,Tổng cục hải quan,"Chế phẩm gồm: Hỗn hợp các chất thơm: Heptanoic acid ethyl ester; Bis(2-Furfury) disulfide; Octanoic acid ethyl ester; Butanoic acid ethyl ester; Propanoic acid ethyl ester; Ethyl acetate ... Glucose ~ 6.9%; Fructose ~ 18,95%; Sacharose ~ 0,598% và nước, sử dụng trực tiếp dùng trong chế biến thực phẩm.",53598,305,16,TP_HO_CHI_MINH,Nguyễn Dương Thái,22/07/2016,https://files.customs.gov.vn/CustomsCMS/TP_HO_CHI_MINH/2020/Web/Data/DocumentAttachments/6987-TB-TCHQ.tif,https://www.customs.gov.vn/index.jsp?pageId=3&id=53598&cid=1294,2016,07/2016,2026-10-08T09:28:26Z
790,6988/TB-TCHQ,22/07/2016,null,"Selenium disulphide, dạng bột.",53634,305,16,TP_HO_CHI_MINH,Nguyễn Dương Thái,22/07/2016,https://files.customs.gov.vn/CustomsCMS/TP_HO_CHI_MINH/2020/Web/Data/DocumentAttachments/6988-TB-TCHQ.tif,https://www.customs.gov.vn/index.jsp?pageId=3&id=53634&cid=1294,2016,07/2016,2026-10-08T09:28:26Z
791,973/GSQL-GQ2,22/07/2016,Tổng cục hải quan,V/v Nhập khẩu máy móc thiết bị đã qua sử dụng (Công ty TNHH Giầy Sun Jade Việt Nam),66539,305,16,DONG_NAI,null,null,,https://www.customs.gov.vn/index.jsp?pageId=3&id=66539&cid=1294,2016,07/2016,2026-10-08T09:28:26Z
792,1331/QĐ-HQĐNa,21/07/2016,Cục Hải Quan tỉnh Đồng Nai,"V/v Áp dụng biện pháp cưỡng chế dừng làm thủ tục hải quan đối với hàng hóa xuất khẩu, nhập khẩu (Công ty TNHH Intertrade)",66534,305,10,DONG_NAI,null,null,https://files.customs.gov.vn/DONG_NAI//Data/Cv_Hqdn/1331_QD_HQDNa_21_07_2016.pdf,https://www.customs.gov.vn/index.jsp?pageId=3&id=66534&cid=1294,2016,07/2016,2026-10-08T09:28:26Z
793,1613/HQĐNa-GSQL,21/07/2016,Cục Hải Quan tỉnh Đồng Nai,V/v Vướng mắc kiểm tra hiệu suất năng lượng tối thiểu máy biến thuế (Công ty TNHH Daerim Precision Vina),66535,305,16,DONG_NAI,null,null,https://files.customs.gov.vn/DONG_NAI//Data/Cv_Hqdn/1613_HQDNa_GSQL_21_07_2016.pdf,https://www.customs.gov.vn/index.jsp?pageId=3&id=66535&cid=1294,2016,07/2016,2026-10-08T09:28:26Z
794,6880/TB-TCHQ,21/07/2016,Tổng cục hải quan,"Thuốc thú y trị nhiễm khuẩn cho lợn, có thành phần hoạt chất là amoxicillin trihydrate, dạng bột, đóng túi 10kg.",55374,305,16,TP_HO_CHI_MINH,Nguyễn Dương Thái,21/07/2016,https://files.customs.gov.vn/CustomsCMS/TP_HO_CHI_MINH/2020/Web/Data/DocumentAttachments/6880-TB-TCHQ.tif,https://www.customs.gov.vn/index.jsp?pageId=3&id=55374&cid=1294,2016,07/2016,2026-10-08T09:28:26Z
795,6882/TB-TCHQ,21/07/2016,Tổng cục hải quan,"Thuốc thú ý điều trị tiêu chảy trên lợn và gia cầm, có thành phần hoạt chất là halquinol, dạng bột, đóng thùng 20kg.",54343,305,16,TP_HO_CHI_MINH,Nguyễn Dương Thái,21/07/2016,https://files.customs.gov.vn/CustomsCMS/TP_HO_CHI_MINH/2020/Web/Data/DocumentAttachments/6882-TB-TCHQ.tif,https://www.customs.gov.vn/index.jsp?pageId=3&id=54343&cid=1294,2016,07/2016,2026-10-08T09:28:26Z
796,6883/TB-TCHQ,21/07/2016,Tổng cục hải quan,"Thuốc thú y trị nhiễm trùng đường hô hấp, có thành phần hoạt chất là tiamulin hydrogen funmarate, dạng bột, đóng túi 10kg.",57700,305,16,TP_HO_CHI_MINH,Nguyễn Dương Thái,21/07/2016,https://files.customs.gov.vn/CustomsCMS/TP_HO_CHI_MINH/2020/Web/Data/DocumentAttachments/6883-TB-TCHQ.tif,https://www.customs.gov.vn/index.jsp?pageId=3&id=57700&cid=1294,2016,07/2016,2026-10-08T09:28:26Z
797,6884/TB-TCHQ,21/07/2016,Tổng cục hải quan,"Thuốc thú y trị ký sinh trùng trên vật nuôi, có thành phần hoạt chất ivermectin, sử dụng để tiêm, dạng lỏng, đã đóng gói để bán lẻ 100ml/chai.",55282,305,16,TP_HO_CHI_MINH,Nguyễn Dương Thái,21/07/2016,https://files.customs.gov.vn/CustomsCMS/TP_HO_CHI_MINH/2020/Web/Data/DocumentAttachments/6884-TB-TCHQ.tif,https://www.customs.gov.vn/index.jsp?pageId=3&id=55282&cid=1294,2016,07/2016,2026-10-08T09:28:26Z
798,6889/TB-TCHQ,21/07/2016,Tổng cục hải quan,"Dung dịch nhựa phenolic trong dung môi hữu cơ, hàm lượng dung môi lớn hơn 50% khối lượng.",54896,305,16,TP_HO_CHI_MINH,Nguyễn Dương Thái,21/07/2016,https://files.customs.gov.vn/CustomsCMS/TP_HO_CHI_MINH/2020/Web/Data/DocumentAttachments/6889-TB-TCHQ.tif,https://www.customs.gov.vn/index.jsp?pageId=3&id=54896&cid=1294,2016,07/2016,2026-10-08T09:28:26Z
799,6895/TB-TCHQ,21/07/2016,Tổng cục hải quan,"2,4-Dinitrochlorobenzen, dạng bột.",58907,305,16,TP_HO_CHI_MINH,Nguyễn Dương Thái,21/07/2016,https://files.customs.gov.vn/CustomsCMS/TP_HO_CHI_MINH/2020/Web/Data/DocumentAttachments/6895-TB-TCHQ.tif,https://www.customs.gov.vn/index.jsp?pageId=3&id=58907&cid=1294,2016,07/2016,2026-10-08T09:28:26Z
800,6896/TB-TCHQ,21/07/2016,Tổng cục hải quan,"4-Aminophenol, dạng tinh thể.",52216,305,16,TP_HO_CHI_MINH,Nguyễn Dương Thái,21/07/2016,https://files.customs.gov.vn/CustomsCMS/TP_HO_CHI_MINH/2020/Web/Data/DocumentAttachments/6896-TB-TCHQ.tif,https://www.customs.gov.vn/index.jsp?pageId=3&id=52216&cid=1294,2016,07/2016,2026-10-08T09:28:26Z
801,6897/TB-TCHQ,21/07/2016,Tổng cục hải quan,"Anilin, dạng lỏng.",57707,305,16,TP_HO_CHI_MINH,Nguyễn Dương Thái,21/07/2016,https://files.customs.gov.vn/CustomsCMS/TP_HO_CHI_MINH/2020/Web/Data/DocumentAttachments/6897-TB-TCHQ.tif,https://www.customs.gov.vn/index.jsp?pageId=3&id=57707&cid=1294,2016,07/2016,2026-10-08T09:28:26Z
802,6898/TB-TCHQ,21/07/2016,Tổng cục hải quan,"Axit 2-chlorobenzoic, dạng bột.",55314,305,16,TP_HO_CHI_MINH,Nguyễn Dương Thái,21/07/2016,https://files.customs.gov.vn/CustomsCMS/TP_HO_CHI_MINH/2020/Web/Data/DocumentAttachments/6898-TB-TCHQ.tif,https://www.customs.gov.vn/index.jsp?pageId=3&id=55314&cid=1294,2016,07/2016,2026-10-08T09:28:26Z
803,6903/TB-TCHQ,21/07/2016,Tổng cục hải quan,"Chế phẩm làm sạch, khử trùng có thành phần hoạt chất là axit citric, methylchloroisothiazolinone và methylisothiazolinone, chất hoạt động bề mặt anion và cation, hương liệu, chất màu, thường dùng làm chất rửa tay, dạng lỏng, đã đóng gói để bán lẻ, dạng chai 1 lít.",58254,305,16,TP_HO_CHI_MINH,Nguyễn Dương Thái,21/07/2016,https://files.customs.gov.vn/CustomsCMS/TP_HO_CHI_MINH/2020/Web/Data/DocumentAttachments/6903-TB-TCHQ.tif,https://www.customs.gov.vn/index.jsp?pageId=3&id=58254&cid=1294,2016,07/2016,2026-10-08T09:28:26Z
804,6904/TB-TCHQ,21/07/2016,Tổng cục hải quan,"Chế phẩm làm sạch, khử trùng có thành phần hoạt chất là chlorhexidine gluconate, chất hoạt động bề mặt anion, hương liệu, chất màu, thường dùng làm chất rửa tay, dạng lỏng, đã đóng gói để bán lẻ, dạng chai 1 lít.",53608,305,16,TP_HO_CHI_MINH,Nguyễn Dương Thái,21/07/2016,https://files.customs.gov.vn/CustomsCMS/TP_HO_CHI_MINH/2020/Web/Data/DocumentAttachments/6904-TB-TCHQ.tif,https://www.customs.gov.vn/index.jsp?pageId=3&id=53608&cid=1294,2016,07/2016,2026-10-08T09:28:26Z
805,6905/TB-TCHQ,21/07/2016,Tổng cục hải quan,"Chế phẩm làm sạch, khử trùng có thành phần hoạt chất là polyhexanide, chất hoạt động bề mặt anion và nonionic, hương liệu, chất màu, dạng lỏng, đã đóng gói để bán lẻ, dạng can 1 lít.",57232,305,16,TP_HO_CHI_MINH,Nguyễn Dương Thái,21/07/2016,https://files.customs.gov.vn/CustomsCMS/TP_HO_CHI_MINH/2020/Web/Data/DocumentAttachments/6905-TB-TCHQ.tif,https://www.customs.gov.vn/index.jsp?pageId=3&id=57232&cid=1294,2016,07/2016,2026-10-08T09:28:26Z
806,6906/TB-TCHQ,21/07/2016,Tổng cục hải quan,"Chế phẩm làm sạch, khử trùng có thành phần hoạt chất là enzyme, polyhexanide, chất hoạt động bề mặt anion, hương liệu, chất màu, dạng lỏng, đã đóng gói để bán lẻ, dạng can 5 lít (theo khai báo Hải quan).",57369,305,16,TP_HO_CHI_MINH,Nguyễn Dương Thái,21/07/2016,https://files.customs.gov.vn/CustomsCMS/TP_HO_CHI_MINH/2020/Web/Data/DocumentAttachments/6906-TB-TCHQ.tif,https://www.customs.gov.vn/index.jsp?pageId=3&id=57369&cid=1294,2016,07/2016,2026-10-08T09:28:26Z
807,6907/TB-TCHQ,21/07/2016,Tổng cục hải quan,"Chế phẩm dùng trong xi mạ, thành phần chính là chì axetat, dẫn xuất chứa nhóm amin... trong môi trường nước.",55546,305,16,TP_HO_CHI_MINH,Nguyễn Dương Thái,21/07/2016,https://files.customs.gov.vn/CustomsCMS/TP_HO_CHI_MINH/2020/Web/Data/DocumentAttachments/6907-TB-TCHQ.tif,https://www.customs.gov.vn/index.jsp?pageId=3&id=55546&cid=1294,2016,07/2016,2026-10-08T09:28:26Z
808,6908/TB-TCHQ,21/07/2016,Tổng cục hải quan,"Chế phẩm làm sạch cation, dạng lỏng, thành phần chính từ chất hoạt động bề mặt từ dẫn xuất muối amoni bậc 4, muối clorua... trong môi trường nước. Hàm lượng sau sấy 4.27%.",58820,305,16,TP_HO_CHI_MINH,Nguyễn Dương Thái,21/07/2016,https://files.customs.gov.vn/CustomsCMS/TP_HO_CHI_MINH/2020/Web/Data/DocumentAttachments/6908-TB-TCHQ.tif,https://www.customs.gov.vn/index.jsp?pageId=3&id=58820&cid=1294,2016,07/2016,2026-10-08T09:28:26Z
809,6942/TB-TCHQ,21/07/2016,null,"Thông báo về kết quả phân loại đối với hàng hóa xuât khẩu, nhập khẩu",76071,305,16,DA_NANG,Nguyễn Dương Thái,21/07/2016,https://files.customs.gov.vn/DA_NANG/Uploads/65e32243-11bf-4695-985d-c1563e8c13ba/07252016vanban.tif,https://www.customs.gov.vn/index.jsp?pageId=3&id=76071&cid=1294,2016,07/2016,2026-10-08T09:28:26Z
810,20/2016/TT-BGTVT,20/07/2016,Bộ và ngang bộ,"Thông tư 20/2016/TT-BGTVT của Bộ Giao thông Vận tải về việc sửa đổi, bổ sung một số điều của Thông tư 66/2014/TT-BGTVT ngày 12/11/2014 của Bộ trưởng Bộ Giao thông Vận tải quy định về vận tải hành khách, hành lý, bao gửi bằng tàu khách cao tốc giữa cảng, bến, vùng nước thuộc nội thủy Việt Nam và qua biên giới",40248,305,4,HA_TINH,Trương Quang Nghĩa,null,https://files.customs.gov.vn/CustomsCMS/HA_TINH/2020/upload/news/2016/08/769/file/20_2016_TT-BGTVT_16232178.pdf,https://www.customs.gov.vn/index.jsp?pageId=3&id=40248&cid=1294,2016,07/2016,2026-10-08T09:28:26Z
811,6841/TB-TCHQ,20/07/2016,Tổng cục hải quan,"Chế phẩm dầu thủy lực, dạng lỏng. Thành phần chính gồm dầu khoáng, alkyl phenol,... có chứa lớn hơn 70% là dầu khoáng thuộc phân đoạn dầu nặng (Bechem Staroil NR.32).",52206,305,16,TP_HO_CHI_MINH,Nguyễn Dương Thái,20/07/2016,https://files.customs.gov.vn/CustomsCMS/TP_HO_CHI_MINH/2020/Web/Data/DocumentAttachments/6841-TB-TCHQ.tif,https://www.customs.gov.vn/index.jsp?pageId=3&id=52206&cid=1294,2016,07/2016,2026-10-08T09:28:26Z
812,6842/TB-TCHQ,20/07/2016,Tổng cục hải quan,"Chế phẩm dầu thủy lực, dạng lỏng. Thành phần chính gồm dầu khoáng, alkyl phenol,... có chứa lớn hơn 70% là dầu khoáng thuộc phân đoạn dầu nặng (Bechem Staroil NR.46).",53327,305,16,TP_HO_CHI_MINH,Nguyễn Dương Thái,20/07/2016,https://files.customs.gov.vn/CustomsCMS/TP_HO_CHI_MINH/2020/Web/Data/DocumentAttachments/6842-TB-TCHQ.tif,https://www.customs.gov.vn/index.jsp?pageId=3&id=53327&cid=1294,2016,07/2016,2026-10-08T09:28:26Z
813,6843/TB-TCHQ,20/07/2016,Tổng cục hải quan,"Phụ gia đã điều chế dùng cho dầu bôi trơn, thành phần chính gồm 3-3-methylenebis[5-methyloxanzolidine], 2-ethanoldiol... (Gof Additive).",58346,305,16,TP_HO_CHI_MINH,Nguyễn Dương Thái,20/07/2016,https://files.customs.gov.vn/CustomsCMS/TP_HO_CHI_MINH/2020/Web/Data/DocumentAttachments/6843-TB-TCHQ.tif,https://www.customs.gov.vn/index.jsp?pageId=3&id=58346&cid=1294,2016,07/2016,2026-10-08T09:28:26Z
814,6845/TB-TCHQ,20/07/2016,Tổng cục hải quan,"Chế phẩm làm sạch có chứa chất hoạt động bề mặt nonionic và lưỡng tính, đóng gói với trọng lượng 20kg/hộp.",57521,305,16,TP_HO_CHI_MINH,Nguyễn Dương Thái,20/07/2016,https://files.customs.gov.vn/CustomsCMS/TP_HO_CHI_MINH/2020/Web/Data/DocumentAttachments/6845-TB-TCHQ.tif,https://www.customs.gov.vn/index.jsp?pageId=3&id=57521&cid=1294,2016,07/2016,2026-10-08T09:28:26Z
815,6846/TB-TCHQ,20/07/2016,Tổng cục hải quan,"Chế phẩm làm sạch có chứa chất hoạt động bề mặt nonionic và lưỡng tính, đóng gói với trọng lượng 3kg/hộp.",53820,305,16,TP_HO_CHI_MINH,Nguyễn Dương Thái,20/07/2016,https://files.customs.gov.vn/CustomsCMS/TP_HO_CHI_MINH/2020/Web/Data/DocumentAttachments/6846-TB-TCHQ.tif,https://www.customs.gov.vn/index.jsp?pageId=3&id=53820&cid=1294,2016,07/2016,2026-10-08T09:28:26Z
816,6847/TB-TCHQ,20/07/2016,Tổng cục hải quan,"Chế phẩm làm sạch có chứa chất hoạt động bề mặt nonionic và lưỡng tính, đóng gói với trọng lượng 21kg/hộp.",53708,305,16,TP_HO_CHI_MINH,Nguyễn Dương Thái,20/07/2016,https://files.customs.gov.vn/CustomsCMS/TP_HO_CHI_MINH/2020/Web/Data/DocumentAttachments/6847-TB-TCHQ.tif,https://www.customs.gov.vn/index.jsp?pageId=3&id=53708&cid=1294,2016,07/2016,2026-10-08T09:28:26Z
817,6848/TB-TCHQ,20/07/2016,Tổng cục hải quan,"Chế phẩm hoạt động bề mặt anion/non-ionic, dạng lỏng. Thành phần chính gồm có chất hoạt động bề mặt anion/non-ionic, axit oleic, phosphoric anhydric.",57156,305,16,TP_HO_CHI_MINH,Nguyễn Dương Thái,20/07/2016,https://files.customs.gov.vn/CustomsCMS/TP_HO_CHI_MINH/2020/Web/Data/DocumentAttachments/6848-TB-TCHQ.tif,https://www.customs.gov.vn/index.jsp?pageId=3&id=57156&cid=1294,2016,07/2016,2026-10-08T09:28:26Z
818,959/GSQL-GQ2,20/07/2016,Bộ Công nghiệp,"V/v thủ tục đưa hàng hóa vào nội địa, triển lãm, giới thiệu sản phẩm của DNCX.",58750,305,16,TP_HO_CHI_MINH,Vũ Lê Quân,20/07/2016,https://files.customs.gov.vn/CustomsCMS/TP_HO_CHI_MINH/2020/Web/Data/DocumentAttachments/959-GSQL-GQ2.tif,https://www.customs.gov.vn/index.jsp?pageId=3&id=58750&cid=1294,2016,07/2016,2026-10-08T09:28:26Z
819,1614/QĐ-BTC,19/07/2016,Bộ Tài chính,"Quyết định 1614/QĐ-BTC của Bộ Tài chính về việc ban hành ""Kế hoạch cải cách, phát triển và hiện đại hóa ngành Hải quan giai đoạn 2016-2020""",40107,305,10,HA_TINH,Đinh Tiến Dũng,null,https://files.customs.gov.vn/CustomsCMS/HA_TINH/2020/upload/news/2016/08/769/file/1614_QD-BTC_16232150.pdf,https://www.customs.gov.vn/index.jsp?pageId=3&id=40107&cid=1294,2016,07/2016,2026-10-08T09:28:26Z
820,6779/TCHQ-TXNK,19/07/2016,Tổng cục hải quan,"Phân loại trước mặt hàng XNK mặt hàng ""xe đạp địa hình (bằng đồng)"" (Công ty TNHH XNK Phương tiện giao thông NEWWAY)",66531,305,16,DONG_NAI,null,null,,https://www.customs.gov.vn/index.jsp?pageId=3&id=66531&cid=1294,2016,07/2016,2026-10-08T09:28:26Z
821,6788/TB-TCHQ,19/07/2016,Tổng cục hải quan,"Hỗn hợp este của các axit béo, dạng lỏng.",56861,305,16,TP_HO_CHI_MINH,Nguyễn Dương Thái,19/07/2016,https://files.customs.gov.vn/CustomsCMS/TP_HO_CHI_MINH/2020/Web/Data/DocumentAttachments/6788-TB-TCHQ.tif,https://www.customs.gov.vn/index.jsp?pageId=3&id=56861&cid=1294,2016,07/2016,2026-10-08T09:28:26Z
822,6789/TB-TCHQ,19/07/2016,Tổng cục hải quan,"Hỗn hợp este của các axit béo, dạng lỏng.",55074,305,16,TP_HO_CHI_MINH,Nguyễn Dương Thái,19/07/2016,https://files.customs.gov.vn/CustomsCMS/TP_HO_CHI_MINH/2020/Web/Data/DocumentAttachments/6789-TB-TCHQ.tif,https://www.customs.gov.vn/index.jsp?pageId=3&id=55074&cid=1294,2016,07/2016,2026-10-08T09:28:26Z
823,6790/TB-TCHQ,19/07/2016,Tổng cục hải quan,Natri citrat dạng tinh thể.,53177,305,16,TP_HO_CHI_MINH,Nguyễn Dương Thái,19/07/2016,https://files.customs.gov.vn/CustomsCMS/TP_HO_CHI_MINH/2020/Web/Data/DocumentAttachments/6790-TB-TCHQ.tif,https://www.customs.gov.vn/index.jsp?pageId=3&id=53177&cid=1294,2016,07/2016,2026-10-08T09:28:26Z
824,6791/TB-TCHQ,19/07/2016,Tổng cục hải quan,"Hỗn hợp este của axit béo Stearic, Myristic Palmitic với glycerol, dạng lỏng.",57365,305,16,TP_HO_CHI_MINH,Nguyễn Dương Thái,19/07/2016,https://files.customs.gov.vn/CustomsCMS/TP_HO_CHI_MINH/2020/Web/Data/DocumentAttachments/6791-TB-TCHQ.tif,https://www.customs.gov.vn/index.jsp?pageId=3&id=57365&cid=1294,2016,07/2016,2026-10-08T09:28:26Z
825,6792/TB-TCHQ,19/07/2016,Tổng cục hải quan,"Thuốc thú y có thành phần hoạt chất là narasin và nicarbazin, dạng bột, đóng bao 22,68kg (theo khai báo Hải quan).",52892,305,16,TP_HO_CHI_MINH,Nguyễn Dương Thái,19/07/2016,https://files.customs.gov.vn/CustomsCMS/TP_HO_CHI_MINH/2020/Web/Data/DocumentAttachments/6792-TB-TCHQ.tif,https://www.customs.gov.vn/index.jsp?pageId=3&id=52892&cid=1294,2016,07/2016,2026-10-08T09:28:26Z
826,6793/TB-TCHQ,19/07/2016,Tổng cục hải quan,"Thuốc thú y có thành phần hoạt chất là sulfamethazine và tylosin phosphate, dạng bột, đóng bao 22,68% (theo khai báo Hải quan).",53546,305,16,TP_HO_CHI_MINH,Nguyễn Dương Thái,19/07/2016,https://files.customs.gov.vn/CustomsCMS/TP_HO_CHI_MINH/2020/Web/Data/DocumentAttachments/6793-TB-TCHQ.tif,https://www.customs.gov.vn/index.jsp?pageId=3&id=53546&cid=1294,2016,07/2016,2026-10-08T09:28:26Z
827,6795/TB-TCHQ,19/07/2016,Tổng cục hải quan,"Thép hợp kim cán phẳng (hàm lượng Al tương ứng ≈ 0,38% và ≈ 0,39% tính theo trọng lượng, rộng trên 600mm, dày 0,5mm, dạng cuộn, cán nguội, chưa phủ, mạ hoặc tráng.",54903,305,16,TP_HO_CHI_MINH,Nguyễn Dương Thái,19/07/2016,https://files.customs.gov.vn/CustomsCMS/TP_HO_CHI_MINH/2020/Web/Data/DocumentAttachments/6795-TB-TCHQ.tif,https://www.customs.gov.vn/index.jsp?pageId=3&id=54903&cid=1294,2016,07/2016,2026-10-08T09:28:26Z
828,6806/TCHQ-TXNK,19/07/2016,Tổng cục hải quan,V/v Chính sách thuế đối với hàng hóa nhập khẩu đã sản xuất được trong nước (Công ty CP Cơ điện Uông Bí - Vinacomin),66533,305,16,DONG_NAI,null,null,,https://www.customs.gov.vn/index.jsp?pageId=3&id=66533&cid=1294,2016,07/2016,2026-10-08T09:28:26Z
829,6811/TB-TCHQ,19/07/2016,Tổng cục hải quan,"Sản phẩm không dệt đi từ xơ staple tái tạo vit-cô (xấp xỉ 80% theo khối lượng) và xơ staple polyeste (xấp xỉ 20% theo khối lượng), dạng miếng màu trắng, đã được tạo các mắt lỗ 1x2mm, mỗi lỗ cách nhau 1mm, đã tạo kẻ ô mắt cáo màu xanh, kích thước 40x60cm, định lượng 69g/m2, đóng gói 20 miếng một túi.",54904,305,16,TP_HO_CHI_MINH,Nguyễn Dương Thái,19/07/2016,https://files.customs.gov.vn/CustomsCMS/TP_HO_CHI_MINH/2020/Web/Data/DocumentAttachments/6811-TB-TCHQ.tif,https://www.customs.gov.vn/index.jsp?pageId=3&id=54904&cid=1294,2016,07/2016,2026-10-08T09:28:26Z
830,6812/TB-TCHQ,19/07/2016,Tổng cục hải quan,Ethylparaben.,56892,305,16,TP_HO_CHI_MINH,Nguyễn Dương Thái,19/07/2016,https://files.customs.gov.vn/CustomsCMS/TP_HO_CHI_MINH/2020/Web/Data/DocumentAttachments/6812-TB-TCHQ.tif,https://www.customs.gov.vn/index.jsp?pageId=3&id=56892&cid=1294,2016,07/2016,2026-10-08T09:28:26Z
831,6813/TB-TCHQ,19/07/2016,Tổng cục hải quan,n-hexan.,52330,305,16,TP_HO_CHI_MINH,Nguyễn Dương Thái,19/07/2016,https://files.customs.gov.vn/CustomsCMS/TP_HO_CHI_MINH/2020/Web/Data/DocumentAttachments/6813-TB-TCHQ.tif,https://www.customs.gov.vn/index.jsp?pageId=3&id=52330&cid=1294,2016,07/2016,2026-10-08T09:28:26Z
832,6814/TB-TCHQ,19/07/2016,Tổng cục hải quan,"Đồng clorua hydroxit, dạng bột.",55552,305,16,TP_HO_CHI_MINH,Nguyễn Dương Thái,19/07/2016,https://files.customs.gov.vn/CustomsCMS/TP_HO_CHI_MINH/2020/Web/Data/DocumentAttachments/6814-TB-TCHQ.tif,https://www.customs.gov.vn/index.jsp?pageId=3&id=55552&cid=1294,2016,07/2016,2026-10-08T09:28:26Z
833,6815/TB-TCHQ,19/07/2016,Tổng cục hải quan,Stearamide.,58069,305,16,TP_HO_CHI_MINH,Nguyễn Dương Thái,19/07/2016,https://files.customs.gov.vn/CustomsCMS/TP_HO_CHI_MINH/2020/Web/Data/DocumentAttachments/6815-TB-TCHQ.tif,https://www.customs.gov.vn/index.jsp?pageId=3&id=58069&cid=1294,2016,07/2016,2026-10-08T09:28:26Z
834,6816/TB-TCHQ,19/07/2016,Tổng cục hải quan,"Nhựa alkyd trong dung môi hữu cơ dễ bay hơi (nonane, decane...), có hàm lượng dung môi lớn hơn 50% tính theo trọng lượng, dạng lỏng.",52547,305,16,TP_HO_CHI_MINH,Nguyễn Dương Thái,19/07/2016,https://files.customs.gov.vn/CustomsCMS/TP_HO_CHI_MINH/2020/Web/Data/DocumentAttachments/6816-TB-TCHQ.tif,https://www.customs.gov.vn/index.jsp?pageId=3&id=52547&cid=1294,2016,07/2016,2026-10-08T09:28:26Z
835,6817/TB-TCHQ,19/07/2016,Tổng cục hải quan,"Chi tiết bằng thép hợp kim silic kỹ thuật điện, đã được gia công hoàn chỉnh thành dạng hình chữ I được sử dụng làm lõi biến thế có công suất không quá 10.000kVA.",58880,305,16,TP_HO_CHI_MINH,Nguyễn Dương Thái,19/07/2016,https://files.customs.gov.vn/CustomsCMS/TP_HO_CHI_MINH/2020/Web/Data/DocumentAttachments/6817-TB-TCHQ.tif,https://www.customs.gov.vn/index.jsp?pageId=3&id=58880&cid=1294,2016,07/2016,2026-10-08T09:28:26Z
836,1363/TXNK-PL,18/07/2016,Tổng cục hải quan,Hướng dẫn áp dụng mã hàng nhập khẩu(Công ty cổ phần công nghệ truyền thông DTS),66530,305,16,DONG_NAI,null,null,,https://www.customs.gov.vn/index.jsp?pageId=3&id=66530&cid=1294,2016,07/2016,2026-10-08T09:28:26Z
837,2968/QÐ-BCT,18/07/2016,Bộ Công thương,Quyết định 2968/QĐ-BCT áp dụng biện pháp tự vệ,57340,305,10,TP_HO_CHI_MINH,Trần Quốc Khánh,02/08/2016,https://files.customs.gov.vn/CustomsCMS/TP_HO_CHI_MINH/2020/Web/Data/DocumentAttachments/2968_QD-BCT_317415.doc,https://www.customs.gov.vn/index.jsp?pageId=3&id=57340&cid=1294,2016,07/2016,2026-10-08T09:28:26Z
838,6737/TCHQ-TXNK,18/07/2016,Tổng cục hải quan,V/v Trị giá hải quan (Công ty CPTM Dịch vụ Cổng Vàng),66529,305,16,DONG_NAI,null,null,,https://www.customs.gov.vn/index.jsp?pageId=3&id=66529&cid=1294,2016,07/2016,2026-10-08T09:28:26Z
839,6745/TCHQ-GSQL,18/07/2016,Tổng cục hải quan,V/v thủ tục hải quan khi nhập khẩu xe ô tô pick up cabin kép.,55156,305,16,TP_HO_CHI_MINH,Vũ Ngọc Anh,18/07/2016,https://files.customs.gov.vn/CustomsCMS/TP_HO_CHI_MINH/2020/Web/Data/DocumentAttachments/6745-TCHQ-GSQL.tif,https://www.customs.gov.vn/index.jsp?pageId=3&id=55156&cid=1294,2016,07/2016,2026-10-08T09:28:26Z
840,6755/TCHQ-TXNK,18/07/2016,Tổng cục hải quan,"Vướng mắc hệ thống KTTT nhận thông tin thu NSNN (Các ngân hàng thương mại phối hợp thu, HQ các tỉnh, thành phố)",66532,305,16,DONG_NAI,null,null,https://files.customs.gov.vn/DONG_NAI//Data/CV_TCHQ/6755_TCHQ_TXNK_18_07_2016.pdf,https://www.customs.gov.vn/index.jsp?pageId=3&id=66532&cid=1294,2016,07/2016,2026-10-08T09:28:26Z
841,1859/QĐ-BTC,31/08/2016,Bộ Tài chính,Công bố danh mục văn bản quy phạm pháp luật về điều kiện đầu tư kinh doanh hết hiệu lực một phần thuộc lĩnh vực quản lý nhà nước của Bộ Tài Chính,66582,305,10,DONG_NAI,null,null,https://files.customs.gov.vn/DONG_NAI//Data/CV_BTC/1859_QD_BTC_31_08_2016.PDF,https://www.customs.gov.vn/index.jsp?pageId=3&id=66582&cid=1294,2016,08/2016,2026-10-08T09:28:26Z
842,1898/HQĐNa-GSQL,31/08/2016,Cục Hải Quan tỉnh Đồng Nai,"V/v Xuất khẩu sản phẩm thuộc danh mục sản phẩm mật mã dân sự xuất khẩu, nhập khẩu theo giấy phép (Cty TNHH Maspro VN)",66566,305,16,DONG_NAI,null,null,https://files.customs.gov.vn/DONG_NAI//Data/Cv_Hqdn/1898_HQDNa_GSQL_31_08_2016.pdf,https://www.customs.gov.vn/index.jsp?pageId=3&id=66566&cid=1294,2016,08/2016,2026-10-08T09:28:26Z
843,8399/TCHQ-TXNK,31/08/2016,Tổng cục hải quan,V/v Mặt hàng Máy xịt rửa có chức năng hút bụi hiệu Kangaroo(Công ty CP Tập đoàn Điện lạnh điện máy Việt Úc),66567,305,16,DONG_NAI,null,null,,https://www.customs.gov.vn/index.jsp?pageId=3&id=66567&cid=1294,2016,08/2016,2026-10-08T09:28:26Z
844,8408/TCHQ-GSQL,30/08/2016,Tổng cục hải quan,V/v nhập khẩu than.,56550,305,16,TP_HO_CHI_MINH,Vũ Ngọc Anh,30/08/2016,https://files.customs.gov.vn/CustomsCMS/TP_HO_CHI_MINH/2020/Web/Data/DocumentAttachments/8408-TCHQ-GSQL.tif,https://www.customs.gov.vn/index.jsp?pageId=3&id=56550&cid=1294,2016,08/2016,2026-10-08T09:28:26Z
845,8413/TB-TCHQ,30/08/2016,Tổng cục hải quan,"Vải dệt thoi đi từ các sợi có màu khác nhau, tỷ trọng sợi filament polyester chiếm 58%, pha chủ yếu với xơ bông (cotton), bề mặt chưa ngâm tẩm, chưa tráng phủ, dạng cuộn, khổ 149cm, định lượng 102g/m2.",57246,305,16,TP_HO_CHI_MINH,Nguyễn Dương Thái,30/08/2016,https://files.customs.gov.vn/CustomsCMS/TP_HO_CHI_MINH/2020/Web/Data/DocumentAttachments/8413-TB-TCHQ.tif,https://www.customs.gov.vn/index.jsp?pageId=3&id=57246&cid=1294,2016,08/2016,2026-10-08T09:28:26Z
846,1159/GSQL-GQ1,29/08/2016,null,Thực hiện Thông tư 23/2015/TT-BKHCN,76100,305,16,DA_NANG,Ngô Minh Hải,29/08/2016,https://files.customs.gov.vn/DA_NANG/Uploads/65e32243-11bf-4695-985d-c1563e8c13ba/Thucj hien TT 23.tif,https://www.customs.gov.vn/index.jsp?pageId=3&id=76100&cid=1294,2016,08/2016,2026-10-08T09:28:26Z
847,1872/HQĐNa-TXNK,29/08/2016,Cục Hải Quan tỉnh Đồng Nai,Đăng ký danh mục miễn thuế - BQL dự án nhiệt điện Vĩnh tân,66565,305,16,DONG_NAI,null,null,https://files.customs.gov.vn/DONG_NAI//Data/Cv_Hqdn/1872_HQDNa_TXNK_29_08_2016.pdf,https://www.customs.gov.vn/index.jsp?pageId=3&id=66565&cid=1294,2016,08/2016,2026-10-08T09:28:26Z
848,1881/HQĐNa-VP,29/08/2016,Cục Hải Quan tỉnh Đồng Nai,V/v Nghỉ lễ ngày Quốc khánh nước CHXHCN Việt Nam (02/09/2016),66564,305,16,DONG_NAI,null,null,https://files.customs.gov.vn/DONG_NAI//Data/Cv_Hqdn/1881_HQDNa_VP_29_08_2016.pdf,https://www.customs.gov.vn/index.jsp?pageId=3&id=66564&cid=1294,2016,08/2016,2026-10-08T09:28:26Z
849,8349/TCHQ-GSQL,29/08/2016,null,"Nhập khẩu thùng sắt rỗng, loại chuyên dùng để chứa đạn",76101,305,16,DA_NANG,Vũ Ngọc Anh,29/08/2016,https://files.customs.gov.vn/DA_NANG/Uploads/65e32243-11bf-4695-985d-c1563e8c13ba/8349 NK thungf sat rong.tif,https://www.customs.gov.vn/index.jsp?pageId=3&id=76101&cid=1294,2016,08/2016,2026-10-08T09:28:26Z
850,8352/TCHQ-GSQL,29/08/2016,Tổng cục hải quan,V/v truy thu thuế xe ô tô của Việt kiều hồi hương,58083,305,16,TP_HO_CHI_MINH,Vũ Ngọc Anh,29/08/2016,https://files.customs.gov.vn/CustomsCMS/TP_HO_CHI_MINH/2020/Web/Data/DocumentAttachments/8352-TCHQ-GSQL.tif,https://www.customs.gov.vn/index.jsp?pageId=3&id=58083&cid=1294,2016,08/2016,2026-10-08T09:28:26Z
851,8370/TB-TCHQ,29/08/2016,Tổng cục hải quan,"Chất màu có nguồn gốc từ thực vật, thành phần chính: Beta carotene, dầu thực vật,... dạng lỏng, dùng trong chế biến thực phẩm.",57272,305,16,TP_HO_CHI_MINH,Nguyễn Dương Thái,29/08/2016,https://files.customs.gov.vn/CustomsCMS/TP_HO_CHI_MINH/2020/Web/Data/DocumentAttachments/8370-TB-TCHQ.tif,https://www.customs.gov.vn/index.jsp?pageId=3&id=57272&cid=1294,2016,08/2016,2026-10-08T09:28:26Z
852,8371/TB-TCHQ,29/08/2016,Tổng cục hải quan,"Chất màu có nguồn gốc từ thực vật, thành phần chính: Beta carotene, dầu thực vật,... dạng lỏng, dùng trong chế biến thực phẩm.",53069,305,16,TP_HO_CHI_MINH,Nguyễn Dương Thái,29/08/2016,https://files.customs.gov.vn/CustomsCMS/TP_HO_CHI_MINH/2020/Web/Data/DocumentAttachments/8371-TB-TCHQ.tif,https://www.customs.gov.vn/index.jsp?pageId=3&id=53069&cid=1294,2016,08/2016,2026-10-08T09:28:26Z
853,8376/TB-TCHQ,29/08/2016,Tổng cục hải quan,"Có hình cầu được bao gói nilon kín, đóng gói 150g/hộp (14 viên). Sản phẩm có cấu tạo 3 lớp, lớp ngoài cùng phủ dừa nạo, lớp bánh xốp giữa là hình cầu kín làm từ bột mì, lớp trong cùng gồm kem, đường, 1 hạt hạnh nhân, không chứa sôcôla.",53501,305,16,TP_HO_CHI_MINH,Nguyễn Dương Thái,29/08/2016,https://files.customs.gov.vn/CustomsCMS/TP_HO_CHI_MINH/2020/Web/Data/DocumentAttachments/8376-TB-TCHQ.tif,https://www.customs.gov.vn/index.jsp?pageId=3&id=53501&cid=1294,2016,08/2016,2026-10-08T09:28:26Z
854,8377/TB-TCHQ,29/08/2016,Tổng cục hải quan,"Có hình cầu được bao gói nilon kín, đóng gói 230g/hộp (22 viên). Sản phẩm có cấu tạo 3 lớp, lớp ngoài cùng phủ dừa nạo, lớp bánh xốp giữa là hình cầu kín làm từ bột mì, lớp trong cùng gồm kem, đường, 1 hạt hạnh nhân, không chứa sôcôla.",53484,305,16,TP_HO_CHI_MINH,Nguyễn Dương Thái,29/08/2016,https://files.customs.gov.vn/CustomsCMS/TP_HO_CHI_MINH/2020/Web/Data/DocumentAttachments/8377-TB-TCHQ.tif,https://www.customs.gov.vn/index.jsp?pageId=3&id=53484&cid=1294,2016,08/2016,2026-10-08T09:28:26Z
855,8384/TCHQ-TXNK,29/08/2016,Tổng cục hải quan,"V/v Phí bản quyền (HQ Hà Nội, HQ Hải Phòng; Công ty TNHH TOTO Việt Nam)",66568,305,16,DONG_NAI,null,null,,https://www.customs.gov.vn/index.jsp?pageId=3&id=66568&cid=1294,2016,08/2016,2026-10-08T09:28:26Z
856,8305/TB-TCHQ,26/08/2016,Tổng cục hải quan,"Lưu huỳnh tinh chế có nguồn gốc từ dầu mỏ, có độ tinh khiết > 99%, dạng bột.",58771,305,16,TP_HO_CHI_MINH,Nguyễn Dương Thái,26/08/2016,https://files.customs.gov.vn/CustomsCMS/TP_HO_CHI_MINH/2020/Web/Data/DocumentAttachments/8305-TB-TCHQ.tif,https://www.customs.gov.vn/index.jsp?pageId=3&id=58771&cid=1294,2016,08/2016,2026-10-08T09:28:26Z
857,8306/TB-TCHQ,26/08/2016,Tổng cục hải quan,"Bột Zircon siêu mịn, hàm lượng ZrO2 57,19%, kích thước hạt < 51,47 µm.",54135,305,16,TP_HO_CHI_MINH,Nguyễn Dương Thái,26/08/2016,https://files.customs.gov.vn/CustomsCMS/TP_HO_CHI_MINH/2020/Web/Data/DocumentAttachments/8306-TB-TCHQ.tif,https://www.customs.gov.vn/index.jsp?pageId=3&id=54135&cid=1294,2016,08/2016,2026-10-08T09:28:26Z
858,1854/HQĐNa-GSQL,25/08/2016,Cục Hải Quan tỉnh Đồng Nai,V/v Tổng hợp câu hỏi hội nghị đối thoại Doanh nghiệp Đài Loan 2016,66561,305,16,DONG_NAI,null,null,https://files.customs.gov.vn/DONG_NAI//Data/Cv_Hqdn/1854_HQDNa_GSQL_25_08_2016.pdf,https://www.customs.gov.vn/index.jsp?pageId=3&id=66561&cid=1294,2016,08/2016,2026-10-08T09:28:26Z
859,1855/HQĐNa-TXNK,25/08/2016,Cục Hải Quan tỉnh Đồng Nai,Điều chỉnh danh mục hàng hóa nhập khẩu miễn thuế tạo TSCĐ (cty TNHH INZI Vina),66562,305,16,DONG_NAI,null,null,https://files.customs.gov.vn/DONG_NAI//Data/Cv_Hqdn/1855_HQDNa_TXNK_25_08_2016.pdf,https://www.customs.gov.vn/index.jsp?pageId=3&id=66562&cid=1294,2016,08/2016,2026-10-08T09:28:26Z
860,8271/TB-TCHQ,25/08/2016,Tổng cục hải quan,"Copolyme silicon-polyeste (polyeste trội hơn silicon) trong dung môi hữu cơ, trong đó hàm lượng dung môi hữu cơ lớn hơn 50% tính theo trọng lượng dung dịch, dạng lỏng.",53371,305,16,TP_HO_CHI_MINH,Nguyễn Dương Thái,25/08/2016,https://files.customs.gov.vn/CustomsCMS/TP_HO_CHI_MINH/2020/Web/Data/DocumentAttachments/8271-TB-TCHQ.tif,https://www.customs.gov.vn/index.jsp?pageId=3&id=53371&cid=1294,2016,08/2016,2026-10-08T09:28:26Z
861,8272/TB-TCHQ,25/08/2016,Tổng cục hải quan,"Hỗn hợp hữu cơ, thành phần chính gồm pentamethylaniline, di(dimethylaminomethyl)phenol, tris(dimethylaminomethyl)phenol, dạng lỏng.",55204,305,16,TP_HO_CHI_MINH,Nguyễn Dương Thái,25/08/2016,https://files.customs.gov.vn/CustomsCMS/TP_HO_CHI_MINH/2020/Web/Data/DocumentAttachments/8272-TB-TCHQ.tif,https://www.customs.gov.vn/index.jsp?pageId=3&id=55204&cid=1294,2016,08/2016,2026-10-08T09:28:26Z
862,8275/TB-TCHQ,25/08/2016,Tổng cục hải quan,"Thuốc thú y có thành phần hoạt chất doxycycline HC1 và colistin sulphat, dạng bột, đóng gói 50g.",58153,305,16,TP_HO_CHI_MINH,Nguyễn Dương Thái,25/08/2016,https://files.customs.gov.vn/CustomsCMS/TP_HO_CHI_MINH/2020/Web/Data/DocumentAttachments/8275-TB-TCHQ.tif,https://www.customs.gov.vn/index.jsp?pageId=3&id=58153&cid=1294,2016,08/2016,2026-10-08T09:28:26Z
863,8277/TB-TCHQ,25/08/2016,Tổng cục hải quan,"Thuốc thú y có thành phần hoạt chất là ampicillin và colistin sulphat, dạng bột, đóng gói 100g.",57129,305,16,TP_HO_CHI_MINH,Nguyễn Dương Thái,25/08/2016,https://files.customs.gov.vn/CustomsCMS/TP_HO_CHI_MINH/2020/Web/Data/DocumentAttachments/8277-TB-TCHQ.tif,https://www.customs.gov.vn/index.jsp?pageId=3&id=57129&cid=1294,2016,08/2016,2026-10-08T09:28:26Z
864,8278/TB-TCHQ,25/08/2016,Tổng cục hải quan,"Thuốc thú y có thành phần hoạt chất là ampicillin và colistin sulphat, dạng bột, đóng gói 100g.",54449,305,16,TP_HO_CHI_MINH,Nguyễn Dương Thái,25/08/2016,https://files.customs.gov.vn/CustomsCMS/TP_HO_CHI_MINH/2020/Web/Data/DocumentAttachments/8278-TB-TCHQ.tif,https://www.customs.gov.vn/index.jsp?pageId=3&id=54449&cid=1294,2016,08/2016,2026-10-08T09:28:26Z
865,8279/TB-TCHQ,25/08/2016,Tổng cục hải quan,"Thuốc thú y có thành phần hoạt chất là oxytetracyline HC1 và hỗn hợp vitamin (A, B, C, K,...) dạng bột, đóng gói 1kg.",56504,305,16,TP_HO_CHI_MINH,Nguyễn Dương Thái,25/08/2016,https://files.customs.gov.vn/CustomsCMS/TP_HO_CHI_MINH/2020/Web/Data/DocumentAttachments/8279-TB-TCHQ.tif,https://www.customs.gov.vn/index.jsp?pageId=3&id=56504&cid=1294,2016,08/2016,2026-10-08T09:28:26Z
866,8280/TB-TCHQ,25/08/2016,Tổng cục hải quan,"Thuốc thú y có thành phần hoạt chất là oxytetracyline HC1, neomycin sulphat và vitamin K3, dạng bột, đóng gói 100g.",56574,305,16,TP_HO_CHI_MINH,Nguyễn Dương Thái,25/08/2016,https://files.customs.gov.vn/CustomsCMS/TP_HO_CHI_MINH/2020/Web/Data/DocumentAttachments/8280-TB-TCHQ.tif,https://www.customs.gov.vn/index.jsp?pageId=3&id=56574&cid=1294,2016,08/2016,2026-10-08T09:28:26Z
867,8281/TB-TCHQ,25/08/2016,Tổng cục hải quan,"Thuốc thú y có thành phần hoạt chất là oxytetracyline HC1, amprolium và vitamin (A, K), dạng bột, đóng gói 100g.",53902,305,16,TP_HO_CHI_MINH,Nguyễn Dương Thái,25/08/2016,https://files.customs.gov.vn/CustomsCMS/TP_HO_CHI_MINH/2020/Web/Data/DocumentAttachments/8281-TB-TCHQ.tif,https://www.customs.gov.vn/index.jsp?pageId=3&id=53902&cid=1294,2016,08/2016,2026-10-08T09:28:26Z
868,8282/TB-TCHQ,25/08/2016,Tổng cục hải quan,"Thuốc thú y có thành phần hoạt chất là sulfadiazine và trimethoprim, dạng bột, đóng gói 100g.",57880,305,16,TP_HO_CHI_MINH,Nguyễn Dương Thái,25/08/2016,https://files.customs.gov.vn/CustomsCMS/TP_HO_CHI_MINH/2020/Web/Data/DocumentAttachments/8282-TB-TCHQ.tif,https://www.customs.gov.vn/index.jsp?pageId=3&id=57880&cid=1294,2016,08/2016,2026-10-08T09:28:26Z
869,1145/GSQL-GQ1,24/08/2016,Bộ Công nghiệp,V/v nhập khẩu nguyên liệu salbutamol.,54366,305,16,TP_HO_CHI_MINH,Ngô Minh Hải,24/08/2016,https://files.customs.gov.vn/CustomsCMS/TP_HO_CHI_MINH/2020/Web/Data/DocumentAttachments/1145-GSQL-GQ1.tif,https://www.customs.gov.vn/index.jsp?pageId=3&id=54366&cid=1294,2016,08/2016,2026-10-08T09:28:26Z
870,1148/GSQL-GQ1,24/08/2016,Bộ Công nghiệp,V/v thủ tục hải quan nhập khẩu trang thiết bị y tế.,52841,305,16,TP_HO_CHI_MINH,Ngô Minh Hải,24/08/2016,https://files.customs.gov.vn/CustomsCMS/TP_HO_CHI_MINH/2020/Web/Data/DocumentAttachments/1148-GSQL-GQ1.tif,https://www.customs.gov.vn/index.jsp?pageId=3&id=52841&cid=1294,2016,08/2016,2026-10-08T09:28:26Z
871,2897/BTTT-CNTT,24/08/2016,Bộ Thông Tin Truyền Thông,Xác định mặt hàng thuộc danh mục sản phẩm CNTT đã qua sử dụng của thông tư 31/2015/TT-BTTTT,66625,305,16,DONG_NAI,null,null,https://files.customs.gov.vn/DONG_NAI//Data/CV_nganh_khac/2897_BTTTT_CNTT_24_08_2016.PDF,https://www.customs.gov.vn/index.jsp?pageId=3&id=66625&cid=1294,2016,08/2016,2026-10-08T09:28:26Z
872,2897/BTTTT-CNTT,24/08/2016,Bộ Thông Tin Truyền Thông,V/v xác định mặt hàng thuộc Danh mục sản phẩm CNTT đã qua sử dụng của Thông tư 31/2015/TT-BTTTT.,58151,305,16,TP_HO_CHI_MINH,Nguyễn Thành Hưng,24/08/2016,https://files.customs.gov.vn/CustomsCMS/TP_HO_CHI_MINH/2020/Web/Data/DocumentAttachments/2897-BTTTT-CNTT.tif,https://www.customs.gov.vn/index.jsp?pageId=3&id=58151&cid=1294,2016,08/2016,2026-10-08T09:28:26Z
873,8210/TB-TCHQ,24/08/2016,Tổng cục hải quan,"Thép hợp kim, trong đó Cr là nguyên tố duy nhất quyết định yếu tố thép hợp kim (hàm lượng Cr ≈ 0,31% tính theo trọng lượng), dạng cuộn, cán nóng, mặt cắt ngang hình tròn.",55955,305,16,TP_HO_CHI_MINH,Nguyễn Dương Thái,24/08/2016,https://files.customs.gov.vn/CustomsCMS/TP_HO_CHI_MINH/2020/Web/Data/DocumentAttachments/8210-TB-TCHQ.tif,https://www.customs.gov.vn/index.jsp?pageId=3&id=55955&cid=1294,2016,08/2016,2026-10-08T09:28:26Z
874,8212/TB-TCHQ,24/08/2016,Tổng cục hải quan,"Thép hợp kim, trong đó Crom là nguyên tố duy nhất quyết đinh yếu tố thép hợp kim (hàm lượng Cr ≈ 0,303% ÷ 0,354% tính theo trọng lượng), dạng cuộn, cán nóng, mặt cắt ngang hình tròn.",55164,305,16,TP_HO_CHI_MINH,Nguyễn Dương Thái,24/08/2016,https://files.customs.gov.vn/CustomsCMS/TP_HO_CHI_MINH/2020/Web/Data/DocumentAttachments/8212-TB-TCHQ.tif,https://www.customs.gov.vn/index.jsp?pageId=3&id=55164&cid=1294,2016,08/2016,2026-10-08T09:28:26Z
875,8213/TB-TCHQ,24/08/2016,Tổng cục hải quan,"Thép hợp kim, trong đó Cr và B là nguyên tố quyết định yếu tố thép hợp kim (hàm lượng Cr ≈ 0,355% và B > 0,0008% tính theo trọng lượng), dạng cuộn, cán nóng, mặt cắt ngang hình tròn.",54288,305,16,TP_HO_CHI_MINH,Nguyễn Dương Thái,24/08/2016,https://files.customs.gov.vn/CustomsCMS/TP_HO_CHI_MINH/2020/Web/Data/DocumentAttachments/8213-TB-TCHQ.tif,https://www.customs.gov.vn/index.jsp?pageId=3&id=54288&cid=1294,2016,08/2016,2026-10-08T09:28:26Z
876,8214/TB-TCHQ,24/08/2016,Tổng cục hải quan,"Thép hợp kim, trong đó Cr là nguyên tố duy nhất quyết định yếu tố thép hợp kim (hàm lượng Cr ≈ 0,325% tính theo trọng lượng), dạng cuộn, cán nóng, mặt cắt ngang hình tròn.",56694,305,16,TP_HO_CHI_MINH,Nguyễn Dương Thái,24/08/2016,https://files.customs.gov.vn/CustomsCMS/TP_HO_CHI_MINH/2020/Web/Data/DocumentAttachments/8214-TB-TCHQ.tif,https://www.customs.gov.vn/index.jsp?pageId=3&id=56694&cid=1294,2016,08/2016,2026-10-08T09:28:26Z
877,8215/TB-TCHQ,24/08/2016,Tổng cục hải quan,"Thép hợp kim, trong đó Crom là nguyên tố duy nhất quyết định yếu tố thép hợp kim (hàm lượng Cr ≈ 0,331% ÷ 0,364% tính theo trọng lượng), dạng cuộn, cán nóng, mặt cắt ngang hình tròn.",56363,305,16,TP_HO_CHI_MINH,Nguyễn Dương Thái,24/08/2016,https://files.customs.gov.vn/CustomsCMS/TP_HO_CHI_MINH/2020/Web/Data/DocumentAttachments/8215-TB-TCHQ.tif,https://www.customs.gov.vn/index.jsp?pageId=3&id=56363&cid=1294,2016,08/2016,2026-10-08T09:28:26Z
878,8216/TB-TCHQ,24/08/2016,Tổng cục hải quan,"Thép hợp kim, trong đó Crom là nguyên tố duy nhất quyết định yếu tố thép hợp kim (hàm lượng Cr ≈ 0,387% tính theo trọng lượng), dạng cuộn, cán nóng, mặt cắt ngang hình tròn.",57198,305,16,TP_HO_CHI_MINH,Nguyễn Dương Thái,24/08/2016,https://files.customs.gov.vn/CustomsCMS/TP_HO_CHI_MINH/2020/Web/Data/DocumentAttachments/8216-TB-TCHQ.tif,https://www.customs.gov.vn/index.jsp?pageId=3&id=57198&cid=1294,2016,08/2016,2026-10-08T09:28:26Z
879,8217/TB-TCHQ,24/08/2016,Tổng cục hải quan,"Thép hợp kim, trong đó Cr là nguyên tố duy nhất quyết định yếu tố thép hợp kim (hàm lượng Cr ≈ 0,348% ÷ 0, 357% tính theo trọng lượng), dạng cuộn, cán nóng, mặt cắt ngang hình tròn.",53005,305,16,TP_HO_CHI_MINH,Nguyễn Dương Thái,24/08/2016,https://files.customs.gov.vn/CustomsCMS/TP_HO_CHI_MINH/2020/Web/Data/DocumentAttachments/8217-TB-TCHQ.tif,https://www.customs.gov.vn/index.jsp?pageId=3&id=53005&cid=1294,2016,08/2016,2026-10-08T09:28:26Z
880,8230/TCHQ-TXNK,24/08/2016,Tổng cục hải quan,V/v thuế đối với hàng hóa chuyển đổi mục đích sử dụng.,58164,305,16,TP_HO_CHI_MINH,Nguyễn Dương Thái,24/08/2016,https://files.customs.gov.vn/CustomsCMS/TP_HO_CHI_MINH/2020/Web/Data/DocumentAttachments/8230-TCHQ-TXNK.tif,https://www.customs.gov.vn/index.jsp?pageId=3&id=58164&cid=1294,2016,08/2016,2026-10-08T09:28:26Z
881,8237/TCHQ-TXNK,24/08/2016,Tổng cục hải quan,V/v tỷ lệ % tiền chậm nộp.,53652,305,16,TP_HO_CHI_MINH,Nguyễn Hải Trang,24/08/2016,https://files.customs.gov.vn/CustomsCMS/TP_HO_CHI_MINH/2020/Web/Data/DocumentAttachments/8237-TCHQ-TXNK.tif,https://www.customs.gov.vn/index.jsp?pageId=3&id=53652&cid=1294,2016,08/2016,2026-10-08T09:28:26Z
882,8244/TB-TCHQ,24/08/2016,Tổng cục hải quan,"Thép hợp kim, trong đó Crom là nguyên tố duy nhất quyết định yếu tố thép hợp kim (hàm lượng Cr ≈ 0,316% ÷ 0,327% tính theo trọng lượng), dạng cuộn, cán nóng, mặt cắt ngang hình tròn.",57533,305,16,TP_HO_CHI_MINH,Nguyễn Dương Thái,24/08/2016,https://files.customs.gov.vn/CustomsCMS/TP_HO_CHI_MINH/2020/Web/Data/DocumentAttachments/8244-TB-TCHQ.tif,https://www.customs.gov.vn/index.jsp?pageId=3&id=57533&cid=1294,2016,08/2016,2026-10-08T09:28:26Z
883,120/2016/NÐ-CP,23/08/2016,Chính phủ,Nghị định 120/2016/NĐ-CP hướng dẫn Luật phí và lệ phí,53055,305,8,TP_HO_CHI_MINH,Nguyễn Xuân Phúc,01/01/2017,https://files.customs.gov.vn/CustomsCMS/TP_HO_CHI_MINH/2020/Web/Data/DocumentAttachments/120_2016_ND-CP_320506.doc,https://www.customs.gov.vn/index.jsp?pageId=3&id=53055&cid=1294,2016,08/2016,2026-10-08T09:28:26Z
884,120/2016/NĐ-CP,23/08/2016,Chính phủ,Nghị định 120/2016/NĐ-CP của Chính phủ về việc quy định chi tiết và hướng dẫn thi hành một số điều của Luật Phí và lệ phí,40100,305,8,HA_TINH,Nguyễn Xuân Phúc,null,https://files.customs.gov.vn/CustomsCMS/HA_TINH/2020/upload/news/event/file/120_2016_ND-CP_16232476.pdf,https://www.customs.gov.vn/index.jsp?pageId=3&id=40100&cid=1294,2016,08/2016,2026-10-08T09:28:26Z
885,1482/HD-HQCT,23/08/2016,null,Hướng dẫn khai báo tờ khai vận chuyển độc lập,67461,305,18,CAN_THO,null,23/08/2016,https://files.customs.gov.vn/CAN_THO/1482_HD_HQCT.pdf,https://www.customs.gov.vn/index.jsp?pageId=3&id=67461&cid=1294,2016,08/2016,2026-10-08T09:28:26Z
886,34/2016/QÐ-TTG,23/08/2016,Thủ tướng Chính phủ,"Quyết định 34/2016/QĐ-TTg quy định thủ tục điện tử đối với tàu thuyền vào, rời cảng biển, cảng thủy nội địa, cảng dầu khí ngoài khơi thông qua Cơ chế một cửa quốc gia",58340,305,10,TP_HO_CHI_MINH,Nguyễn Xuân Phúc,15/11/2016,https://files.customs.gov.vn/CustomsCMS/TP_HO_CHI_MINH/2020/Web/Data/DocumentAttachments/34_2016_QD-TTg_320941.doc,https://www.customs.gov.vn/index.jsp?pageId=3&id=58340&cid=1294,2016,08/2016,2026-10-08T09:28:26Z
887,3465/QÐ-BCT,23/08/2016,Bộ Công thương,Quyết định Xử lý khiếu nại của Công ty Bahru Stainless Steel Sdn.Bhd (Malaysia) đối với Quyết định 1656/QĐ-BCT ngày 29 tháng 4 năm 2016 về kết quả rà soát lần thứ nhất biện pháp chống bán phá giá một số sản phẩm thép không gỉ cán nguội nhập khẩu,55742,305,10,TP_HO_CHI_MINH,Trần Tuấn Anh,23/08/2016,https://files.customs.gov.vn/CustomsCMS/TP_HO_CHI_MINH/2020/Web/Data/DocumentAttachments/3465.pdf,https://www.customs.gov.vn/index.jsp?pageId=3&id=55742&cid=1294,2016,08/2016,2026-10-08T09:28:26Z
888,8155/TB-TCHQ,23/08/2016,Tổng cục hải quan,"Giấy đã tráng phủ một mặt bằng cao lanh, mặt sau có lớp tự dính bằng polyacrylic chưa in, chưa nhuộm màu bề mặt, dạng cuộn, khổ 106cm.",56315,305,16,TP_HO_CHI_MINH,Nguyễn Dương Thái,23/08/2016,https://files.customs.gov.vn/CustomsCMS/TP_HO_CHI_MINH/2020/Web/Data/DocumentAttachments/8155-TB-TCHQ.tif,https://www.customs.gov.vn/index.jsp?pageId=3&id=56315&cid=1294,2016,08/2016,2026-10-08T09:28:26Z
889,8178/TB-TCHQ,23/08/2016,Tổng cục hải quan,"Vecni đi từ polyurethan phân tán trong môi trường không chứa nước, loại chịu nhiệt trên 100°C.",56553,305,16,TP_HO_CHI_MINH,Nguyễn Dương Thái,23/08/2016,https://files.customs.gov.vn/CustomsCMS/TP_HO_CHI_MINH/2020/Web/Data/DocumentAttachments/8178-TB-TCHQ.tif,https://www.customs.gov.vn/index.jsp?pageId=3&id=56553&cid=1294,2016,08/2016,2026-10-08T09:28:26Z
890,8179/TB-TCHQ,23/08/2016,Tổng cục hải quan,"Vecni đi từ polyamide phân tán trong môi trường không chứa nước, loại chịu nhiệt trên 100°C.",54660,305,16,TP_HO_CHI_MINH,Nguyễn Dương Thái,23/08/2016,https://files.customs.gov.vn/CustomsCMS/TP_HO_CHI_MINH/2020/Web/Data/DocumentAttachments/8179-TB-TCHQ.tif,https://www.customs.gov.vn/index.jsp?pageId=3&id=54660&cid=1294,2016,08/2016,2026-10-08T09:28:26Z
891,8180/TB-TCHQ,23/08/2016,Tổng cục hải quan,"Vecni đi từ polyurethan phân tán trong môi trường không chứa nước, loại chịu nhiệt trên 100°C.",53066,305,16,TP_HO_CHI_MINH,Nguyễn Dương Thái,23/08/2016,https://files.customs.gov.vn/CustomsCMS/TP_HO_CHI_MINH/2020/Web/Data/DocumentAttachments/8180-TB-TCHQ.tif,https://www.customs.gov.vn/index.jsp?pageId=3&id=53066&cid=1294,2016,08/2016,2026-10-08T09:28:26Z
892,8182/TB-TCHQ,23/08/2016,Tổng cục hải quan,"Sản phẩm gồm lớp vải không dệt từ xơ (staple fibres) poly(ethylene terephthalate) trọng lượng trên 150g/m2 chiếm tỷ lệ 8% trọng lượng của sản phẩm, được phủ chế phẩm hóa học chứa dầu parafin và bột talc ở hai mặt.",52940,305,16,TP_HO_CHI_MINH,Nguyễn Dương Thái,23/08/2016,https://files.customs.gov.vn/CustomsCMS/TP_HO_CHI_MINH/2020/Web/Data/DocumentAttachments/8182-TB-TCHQ.tif,https://www.customs.gov.vn/index.jsp?pageId=3&id=52940&cid=1294,2016,08/2016,2026-10-08T09:28:26Z
893,8183/TB-TCHQ,23/08/2016,Tổng cục hải quan,"Sản phẩm gồm lớp vải không dệt từ xơ (staple fibres) poly(ethylene terephthalate) trọng lượng trên 150g/m2 chiếm tỷ lệ 5% trọng lượng của sản phẩm, được phủ chế phẩm hóa học chứa dầu thực vật và nhôm hydroxit ở hai mặt.",53542,305,16,TP_HO_CHI_MINH,Nguyễn Dương Thái,23/08/2016,https://files.customs.gov.vn/CustomsCMS/TP_HO_CHI_MINH/2020/Web/Data/DocumentAttachments/8183-TB-TCHQ.tif,https://www.customs.gov.vn/index.jsp?pageId=3&id=53542&cid=1294,2016,08/2016,2026-10-08T09:28:26Z
894,1832/HQĐNa-GSQL,22/08/2016,Cục Hải Quan tỉnh Đồng Nai,V/v Thủ tục hải quan đối với hàng nhập khẩu không thanh toán của doanh nghiệp chế xuất (Cty TNHH Nagae Việt Nam),66560,305,16,DONG_NAI,null,null,https://files.customs.gov.vn/DONG_NAI//Data/Cv_Hqdn/1832_HQDNa_GSQL_22_08_2016.pdf,https://www.customs.gov.vn/index.jsp?pageId=3&id=66560&cid=1294,2016,08/2016,2026-10-08T09:28:26Z
895,8095/TB-TCHQ,22/08/2016,Tổng cục hải quan,Giấy đo pH.,55865,305,16,TP_HO_CHI_MINH,Nguyễn Dương Thái,22/08/2016,https://files.customs.gov.vn/CustomsCMS/TP_HO_CHI_MINH/2020/Web/Data/DocumentAttachments/8095-TB-TCHQ.tif,https://www.customs.gov.vn/index.jsp?pageId=3&id=55865&cid=1294,2016,08/2016,2026-10-08T09:28:26Z
896,8096/TB-TCHQ,22/08/2016,Tổng cục hải quan,Giấy đo pH.,55607,305,16,TP_HO_CHI_MINH,Nguyễn Dương Thái,22/08/2016,https://files.customs.gov.vn/CustomsCMS/TP_HO_CHI_MINH/2020/Web/Data/DocumentAttachments/8096-TB-TCHQ.tif,https://www.customs.gov.vn/index.jsp?pageId=3&id=55607&cid=1294,2016,08/2016,2026-10-08T09:28:26Z
897,8097/TB,22/08/2016,Tổng cục hải quan,Giấy đo pH.,58096,305,16,TP_HO_CHI_MINH,Nguyễn Dương Thái,22/08/2016,https://files.customs.gov.vn/CustomsCMS/TP_HO_CHI_MINH/2020/Web/Data/DocumentAttachments/8097-TB-TCHQ.tif,https://www.customs.gov.vn/index.jsp?pageId=3&id=58096&cid=1294,2016,08/2016,2026-10-08T09:28:26Z
898,8097/TB-TCHQ,22/08/2016,Tổng cục hải quan,Giấy đo pH.,58783,305,16,TP_HO_CHI_MINH,Nguyễn Dương Thái,22/08/2016,https://files.customs.gov.vn/CustomsCMS/TP_HO_CHI_MINH/2020/Web/Data/DocumentAttachments/8097-TB-TCHQ.tif,https://www.customs.gov.vn/index.jsp?pageId=3&id=58783&cid=1294,2016,08/2016,2026-10-08T09:28:26Z
899,8131/TCHQ-GSQL,22/08/2016,Tổng cục hải quan,"V/v sửa đổi, bổ sung Thông tư số 36/2010/TT-BCT ngày 15 tháng 11 năm 2010 của Bộ Công Thương.",56531,305,16,TP_HO_CHI_MINH,Nguyễn Anh Tuấn,22/08/2016,https://files.customs.gov.vn/CustomsCMS/TP_HO_CHI_MINH/2020/Web/Data/DocumentAttachments/8131-TCHQ-GSQL.tif,https://www.customs.gov.vn/index.jsp?pageId=3&id=56531&cid=1294,2016,08/2016,2026-10-08T09:28:26Z
900,1109/TXNK-PL,19/08/2016,Bộ Thương Mại,V/v phân loại áp mã số HS mặt hàng đèn huỳnh quang.,52776,305,16,TP_HO_CHI_MINH,Hoàng Thị Xuân Hoa,19/08/2016,https://files.customs.gov.vn/CustomsCMS/TP_HO_CHI_MINH/2020/Web/Data/DocumentAttachments/1109-TXNK-PL.tif,https://www.customs.gov.vn/index.jsp?pageId=3&id=52776&cid=1294,2016,08/2016,2026-10-08T09:28:26Z
901,33/2016/QÐ-TTG,19/08/2016,Thủ tướng Chính phủ,"Quyết định 33/2016/QĐ-TTg Ban hành quy chế cung cấp, sử dụng thông tin tờ khai hải quan điện tử",58525,305,10,TP_HO_CHI_MINH,Nguyễn Xuân Phúc,15/10/2016,https://files.customs.gov.vn/CustomsCMS/TP_HO_CHI_MINH/2020/Web/Data/DocumentAttachments/33_2016_QD-TTg_320322.doc,https://www.customs.gov.vn/index.jsp?pageId=3&id=58525&cid=1294,2016,08/2016,2026-10-08T09:28:26Z
902,3517/BKHĐT-ĐTG,19/08/2016,Bộ Khoa Học Công Nghệ,"V/v Nhập khẩu máy móc, thiết bị đã qua sử dụng (Tổng cục Hải quan)",66563,305,16,DONG_NAI,null,null,https://files.customs.gov.vn/DONG_NAI//Data/CV_nganh_khac/3517_BKHCN_DTG_17_08_2016.PDF,https://www.customs.gov.vn/index.jsp?pageId=3&id=66563&cid=1294,2016,08/2016,2026-10-08T09:28:26Z
903,8038/TB-TCHQ,19/08/2016,Tổng cục hải quan,"Phụ gia đã điều chế dùng cho xi măng, vữa hoặc bê tông, có thành phần SiO2, Fe2O3, SO3, K2O, CaO, dạng bột.",53260,305,16,TP_HO_CHI_MINH,Nguyễn Dương Thái,19/08/2016,https://files.customs.gov.vn/CustomsCMS/TP_HO_CHI_MINH/2020/Web/Data/DocumentAttachments/8038-TB-TCHQ.tif,https://www.customs.gov.vn/index.jsp?pageId=3&id=53260&cid=1294,2016,08/2016,2026-10-08T09:28:26Z
904,8039/TB-TCHQ,19/08/2016,Tổng cục hải quan,"Phụ gia đã điều chế dùng cho xi măng, vữa hoặc bê tông, có thành phần SiO2, Fe2O3, SO3, K2O, CaO, dạng bột.",56027,305,16,TP_HO_CHI_MINH,Nguyễn Dương Thái,19/08/2016,https://files.customs.gov.vn/CustomsCMS/TP_HO_CHI_MINH/2020/Web/Data/DocumentAttachments/8039-TB-TCHQ.tif,https://www.customs.gov.vn/index.jsp?pageId=3&id=56027&cid=1294,2016,08/2016,2026-10-08T09:28:26Z
905,8044/TB-TCHQ,19/08/2016,Tổng cục hải quan,"Chế phẩm hóa học dùng để chống đóng cặn trong nồi hơi có thành phần chính là muối lignin sulfonat của canxi, natri, kali và phụ gia, dạng lỏng.",58554,305,16,TP_HO_CHI_MINH,Nguyễn Dương Thái,19/08/2016,https://files.customs.gov.vn/CustomsCMS/TP_HO_CHI_MINH/2020/Web/Data/DocumentAttachments/8044-TB-TCHQ.tif,https://www.customs.gov.vn/index.jsp?pageId=3&id=58554&cid=1294,2016,08/2016,2026-10-08T09:28:26Z
906,8045/TB-TCHQ,19/08/2016,Tổng cục hải quan,"Chế phẩm hóa học dùng trong xử lý nồi hơi có thành phần chính là muối natri và canxi của EDTA và phụ gia, trong môi trường kiềm, dạng lỏng.",58708,305,16,TP_HO_CHI_MINH,Nguyễn Dương Thái,19/08/2016,https://files.customs.gov.vn/CustomsCMS/TP_HO_CHI_MINH/2020/Web/Data/DocumentAttachments/8045-TB-TCHQ.tif,https://www.customs.gov.vn/index.jsp?pageId=3&id=58708&cid=1294,2016,08/2016,2026-10-08T09:28:26Z
907,8073/TB-TCHQ,19/08/2016,Tổng cục hải quan,"Hỗn hợp muối kẽm với axit béo pamitic, axit oleic, axit stearic và hỗn hợp hydrocacbon, ở dạng hạt (theo tài liệu của nhà sản xuất thì mặt hàng là tác nhân pepti hóa cho cao su (Peptizing agent)).",54915,305,16,TP_HO_CHI_MINH,Nguyễn Dương Thái,19/08/2016,https://files.customs.gov.vn/CustomsCMS/TP_HO_CHI_MINH/2020/Web/Data/DocumentAttachments/8073-TB-TCHQ.tif,https://www.customs.gov.vn/index.jsp?pageId=3&id=54915&cid=1294,2016,08/2016,2026-10-08T09:28:26Z
908,8074/TB-TCHQ,19/08/2016,Tổng cục hải quan,"Chế phẩm hóa học có thành phần chính là triethanolamine và phụ gia, dạng hạt.",53241,305,16,TP_HO_CHI_MINH,Nguyễn Dương Thái,19/08/2016,https://files.customs.gov.vn/CustomsCMS/TP_HO_CHI_MINH/2020/Web/Data/DocumentAttachments/8074-TB-TCHQ.tif,https://www.customs.gov.vn/index.jsp?pageId=3&id=53241&cid=1294,2016,08/2016,2026-10-08T09:28:26Z
909,7986/TCHQ-TXNK,18/08/2016,Tổng cục hải quan,"V/v phân loại máy kéo cầm tay và máy cày, xới đất dùng trong nông nghiệp.",54474,305,16,TP_HO_CHI_MINH,Trịnh Mạc Linh,18/08/2016,https://files.customs.gov.vn/CustomsCMS/TP_HO_CHI_MINH/2020/Web/Data/DocumentAttachments/7986-TCHQ-TXNK.tif,https://www.customs.gov.vn/index.jsp?pageId=3&id=54474&cid=1294,2016,08/2016,2026-10-08T09:28:26Z
910,7993/TB-TCHQ,18/08/2016,Tổng cục hải quan,"Chế phẩm hoàn tất dùng trong ngành dệt có thành phần cơ bản tinh bột, dạng bột.",54714,305,16,TP_HO_CHI_MINH,Nguyễn Dương Thái,18/08/2016,https://files.customs.gov.vn/CustomsCMS/TP_HO_CHI_MINH/2020/Web/Data/DocumentAttachments/7993-TB-TCHQ.tif,https://www.customs.gov.vn/index.jsp?pageId=3&id=54714&cid=1294,2016,08/2016,2026-10-08T09:28:26Z
911,7998/TB-TCHQ,18/08/2016,Tổng cục hải quan,"Chế phẩm hóa học có thành phần chính là hỗn hợp muối nitrat của crom, coban và phụ gia, trong môi trường axit, dạng lỏng.",58658,305,16,TP_HO_CHI_MINH,Nguyễn Dương Thái,18/08/2016,https://files.customs.gov.vn/CustomsCMS/TP_HO_CHI_MINH/2020/Web/Data/DocumentAttachments/7998-TB-TCHQ.tif,https://www.customs.gov.vn/index.jsp?pageId=3&id=58658&cid=1294,2016,08/2016,2026-10-08T09:28:26Z
912,7999/TB-TCHQ,18/08/2016,Tổng cục hải quan,"Chế phẩm hóa học có thành phần chính là hỗn hợp muối vô cơ của crom, coban và phụ gia, trong môi trường axit, dạng lỏng.",54355,305,16,TP_HO_CHI_MINH,Nguyễn Dương Thái,18/08/2016,https://files.customs.gov.vn/CustomsCMS/TP_HO_CHI_MINH/2020/Web/Data/DocumentAttachments/7999-TB-TCHQ.tif,https://www.customs.gov.vn/index.jsp?pageId=3&id=54355&cid=1294,2016,08/2016,2026-10-08T09:28:26Z
913,8001/TB-TCHQ,18/08/2016,Tổng cục hải quan,"Chế phẩm hóa học có thành phần chính là muối đồng sulphat và phụ gia trong môi trường axit, dạng lỏng.",55896,305,16,TP_HO_CHI_MINH,Nguyễn Dương Thái,18/08/2016,https://files.customs.gov.vn/CustomsCMS/TP_HO_CHI_MINH/2020/Web/Data/DocumentAttachments/8001-TB-TCHQ.tif,https://www.customs.gov.vn/index.jsp?pageId=3&id=55896&cid=1294,2016,08/2016,2026-10-08T09:28:26Z
914,8002/TB-TCHQ,18/08/2016,Tổng cục hải quan,"Chế phẩm hóa học có thành phần chính là muối sulphat của hợp chất vô cơ và phụ gia, trong môi trường axit, dạng lỏng.",53873,305,16,TP_HO_CHI_MINH,Nguyễn Dương Thái,18/08/2016,https://files.customs.gov.vn/CustomsCMS/TP_HO_CHI_MINH/2020/Web/Data/DocumentAttachments/8002-TB-TCHQ.tif,https://www.customs.gov.vn/index.jsp?pageId=3&id=53873&cid=1294,2016,08/2016,2026-10-08T09:28:26Z
915,2246/HQHCM-TXNK,17/08/2016,Bộ Thương Mại,V/v hàng gia công trong khu chế xuất.,56571,305,16,TP_HO_CHI_MINH,Nguyễn Hữu Nghiệp,17/08/2016,https://files.customs.gov.vn/CustomsCMS/TP_HO_CHI_MINH/2020/Web/Data/DocumentAttachments/2246-HQHCM-TXNK.tif,https://www.customs.gov.vn/index.jsp?pageId=3&id=56571&cid=1294,2016,08/2016,2026-10-08T09:28:26Z
916,7950/TCHQ-TXNK,17/08/2016,Tổng cục hải quan,V/v phân loại hàng hóa,54855,305,16,TP_HO_CHI_MINH,Trịnh Mạc Linh,17/08/2016,https://files.customs.gov.vn/CustomsCMS/TP_HO_CHI_MINH/2020/Web/Data/DocumentAttachments/7950-TCHQ-TXNK.tif,https://www.customs.gov.vn/index.jsp?pageId=3&id=54855&cid=1294,2016,08/2016,2026-10-08T09:28:26Z
917,7955/TCHQ-TXNK,17/08/2016,Tổng cục hải quan,V/v Khai mã số hàng hóa (Công ty cổ phần Vận tải và Dịch vụ Hàng Hải),66559,305,16,DONG_NAI,null,null,,https://www.customs.gov.vn/index.jsp?pageId=3&id=66559&cid=1294,2016,08/2016,2026-10-08T09:28:26Z
918,7961/TB-TCHQ,17/08/2016,Tổng cục hải quan,"Chế phẩm có thành phần chính là các dẫn xuất của isothiazolin và phụ gia, dạng lỏng, dùng làm chất diệt khuẩn, diệt nấm mốc.",57954,305,16,TP_HO_CHI_MINH,Nguyễn Dương Thái,17/08/2016,https://files.customs.gov.vn/CustomsCMS/TP_HO_CHI_MINH/2020/Web/Data/DocumentAttachments/7961-TB-TCHQ.tif,https://www.customs.gov.vn/index.jsp?pageId=3&id=57954&cid=1294,2016,08/2016,2026-10-08T09:28:26Z
919,1120/GSQL-GQ2,16/08/2016,Bộ Công nghiệp,V/v vướng mắc khi thực hiện công văn số 3474/TCHQ-GSQL.,56601,305,16,TP_HO_CHI_MINH,Vũ Lê Quân,16/08/2016,https://files.customs.gov.vn/CustomsCMS/TP_HO_CHI_MINH/2020/Web/Data/DocumentAttachments/1120-GSQL-GQ2.tif,https://www.customs.gov.vn/index.jsp?pageId=3&id=56601&cid=1294,2016,08/2016,2026-10-08T09:28:26Z
920,1786/HQĐNa-TXNK,16/08/2016,Cục Hải Quan tỉnh Đồng Nai,V/v Thanh lý tài sản của doanh nghiệp chế xuất theo hình thức bán phế liệu (Công ty TNHH Olympus Việt Nam),66556,305,16,DONG_NAI,null,null,https://files.customs.gov.vn/DONG_NAI//Data/Cv_Hqdn/1786_HQDNa_TXNK_16_08_2016.pdf,https://www.customs.gov.vn/index.jsp?pageId=3&id=66556&cid=1294,2016,08/2016,2026-10-08T09:28:26Z
921,7900/TCHQ-GSQL,16/08/2016,Tổng cục hải quan,"V/v chấn chỉnh công tác quản lý, giám sát hàng hóa vận chuyển chịu sự giám sát.",58502,305,16,TP_HO_CHI_MINH,Vũ Ngọc Anh,16/08/2016,https://files.customs.gov.vn/CustomsCMS/TP_HO_CHI_MINH/2020/Web/Data/DocumentAttachments/7900-TCHQ-GSQL.tif,https://www.customs.gov.vn/index.jsp?pageId=3&id=58502&cid=1294,2016,08/2016,2026-10-08T09:28:26Z
922,11271/BTC-TCHQ,15/08/2016,Bộ Tài chính,V/v thuế GTGT đối với mặt hàng chất xử lý môi trường nước.,54565,305,16,TP_HO_CHI_MINH,Nguyễn Dương Thái,15/08/2016,https://files.customs.gov.vn/CustomsCMS/TP_HO_CHI_MINH/2020/Web/Data/DocumentAttachments/11271-BTC-TCHQ.tif,https://www.customs.gov.vn/index.jsp?pageId=3&id=54565&cid=1294,2016,08/2016,2026-10-08T09:28:26Z
923,7849/TCHQ-TXNK,15/08/2016,Tổng cục hải quan,"V/v áp dụng thuế tự vệ, thuế chống bán phá giá, chống trợ cấp.",58517,305,16,TP_HO_CHI_MINH,Nguyễn Dương Thái,15/08/2016,https://files.customs.gov.vn/CustomsCMS/TP_HO_CHI_MINH/2020/Web/Data/DocumentAttachments/7849-TCHQ-TXNK.tif,https://www.customs.gov.vn/index.jsp?pageId=3&id=58517&cid=1294,2016,08/2016,2026-10-08T09:28:26Z
924,7852/TB-TCHQ,15/08/2016,Tổng cục hải quan,Chế phẩm hóa học có thành phần chính là poly (aluminum cloride) và phụ gia.,54946,305,16,TP_HO_CHI_MINH,Nguyễn Dương Thái,15/08/2016,https://files.customs.gov.vn/CustomsCMS/TP_HO_CHI_MINH/2020/Web/Data/DocumentAttachments/7852-TB-TCHQ.tif,https://www.customs.gov.vn/index.jsp?pageId=3&id=54946&cid=1294,2016,08/2016,2026-10-08T09:28:26Z
925,7853/TB-TCHQ,15/08/2016,Tổng cục hải quan,"Chế phẩm hóa học chứa hợp chất của silicon, sáp và phụ gia.",55341,305,16,TP_HO_CHI_MINH,Nguyễn Dương Thái,15/08/2016,https://files.customs.gov.vn/CustomsCMS/TP_HO_CHI_MINH/2020/Web/Data/DocumentAttachments/7853-TB-TCHQ.tif,https://www.customs.gov.vn/index.jsp?pageId=3&id=55341&cid=1294,2016,08/2016,2026-10-08T09:28:26Z
926,7854/TB-TCHQ,15/08/2016,Tổng cục hải quan,Chế phẩm hóa học có thành phần chính là poly (aluminum cloride) và phụ gia.,58527,305,16,TP_HO_CHI_MINH,Nguyễn Dương Thái,15/08/2016,https://files.customs.gov.vn/CustomsCMS/TP_HO_CHI_MINH/2020/Web/Data/DocumentAttachments/7854-TB-TCHQ.tif,https://www.customs.gov.vn/index.jsp?pageId=3&id=58527&cid=1294,2016,08/2016,2026-10-08T09:28:26Z
927,7855/TB-TCHQ,15/08/2016,Tổng cục hải quan,"Dung dịch hỗn hợp muối vô cơ của silic, nhôm, clo... và phụ gia.",54674,305,16,TP_HO_CHI_MINH,Nguyễn Dương Thái,15/08/2016,https://files.customs.gov.vn/CustomsCMS/TP_HO_CHI_MINH/2020/Web/Data/DocumentAttachments/7855-TB-TCHQ.tif,https://www.customs.gov.vn/index.jsp?pageId=3&id=54674&cid=1294,2016,08/2016,2026-10-08T09:28:26Z
928,7856/TB-TCHQ,15/08/2016,Tổng cục hải quan,"Máy rây bột, dùng trong dây chuyền sản xuất thực phẩm. Trang bị động cơ điện: 5,5 kW 4Pole Type SF-PRV; 3 phase 380V 50Hz 11.3A; 1460 rpm. Tên sản phẩm: LINE SIFTER; Model LS-60/90 FT; S/NC 03 0268; Date 2015/01; Hãng sản xuất: TSUKASA INDUSTRY Co.,Ltd.",54410,305,16,TP_HO_CHI_MINH,Nguyễn Dương Thái,15/08/2016,https://files.customs.gov.vn/CustomsCMS/TP_HO_CHI_MINH/2020/Web/Data/DocumentAttachments/7856-TB-TCHQ.tif,https://www.customs.gov.vn/index.jsp?pageId=3&id=54410&cid=1294,2016,08/2016,2026-10-08T09:28:26Z
929,7862/TB-TCHQ,15/08/2016,Tổng cục hải quan,Chất phủ từ Copolymer acrylic phân tán trong môi trường nước.,56555,305,16,TP_HO_CHI_MINH,Nguyễn Dương Thái,15/08/2016,https://files.customs.gov.vn/CustomsCMS/TP_HO_CHI_MINH/2020/Web/Data/DocumentAttachments/7862-TB-TCHQ.tif,https://www.customs.gov.vn/index.jsp?pageId=3&id=56555&cid=1294,2016,08/2016,2026-10-08T09:28:26Z
930,7863/TB-TCHQ,15/08/2016,Tổng cục hải quan,Chất phủ từ Polyamide phân tán trong môi trường nước.,56280,305,16,TP_HO_CHI_MINH,Nguyễn Dương Thái,15/08/2016,https://files.customs.gov.vn/CustomsCMS/TP_HO_CHI_MINH/2020/Web/Data/DocumentAttachments/7863-TB-TCHQ.tif,https://www.customs.gov.vn/index.jsp?pageId=3&id=56280&cid=1294,2016,08/2016,2026-10-08T09:28:26Z
931,7864/TB-TCHQ,15/08/2016,Tổng cục hải quan,"Hỗn hơp các chất thơm như Ethyl butyrate; Ethyl Isovalerate; 3-Carene; Isopentyl alcohol, acetate; Isovaleric acid, isopentyl ester; Pinene; Linalyl acetate chất mang là Propylene glycol dùng trong công nghiệp.",53226,305,16,TP_HO_CHI_MINH,Nguyễn Dương Thái,15/08/2016,https://files.customs.gov.vn/CustomsCMS/TP_HO_CHI_MINH/2020/Web/Data/DocumentAttachments/7864-TB-TCHQ.tif,https://www.customs.gov.vn/index.jsp?pageId=3&id=53226&cid=1294,2016,08/2016,2026-10-08T09:28:26Z
932,7865/TB-TCHQ,15/08/2016,Tổng cục hải quan,Hỗn hợp các chất thơm như Ethyl Caproate; Ethyl Isovalerate; Camphene; Menthol chất mang là Propylene glycol dùng trong công nghiệp.,57766,305,16,TP_HO_CHI_MINH,Nguyễn Dương Thái,15/08/2016,https://files.customs.gov.vn/CustomsCMS/TP_HO_CHI_MINH/2020/Web/Data/DocumentAttachments/7865-TB-TCHQ.tif,https://www.customs.gov.vn/index.jsp?pageId=3&id=57766&cid=1294,2016,08/2016,2026-10-08T09:28:26Z
933,6807/BNN-CB,12/08/2016,Bộ nông nghiệp và phát triển nông thôn,V/v kiểm tra ATTP muối nhập khẩu.,53107,305,16,TP_HO_CHI_MINH,Trần Thanh Nam,12/08/2016,https://files.customs.gov.vn/CustomsCMS/TP_HO_CHI_MINH/2020/Web/Data/DocumentAttachments/6807-BNN-CB.tif,https://www.customs.gov.vn/index.jsp?pageId=3&id=53107&cid=1294,2016,08/2016,2026-10-08T09:28:26Z
934,7819/TB-TCHQ,12/08/2016,Tổng cục hải quan,"Chất cầm màu dùng trong ngành dệt. Thành phần chính là dẫn xuất của Alkyl Trimetylamonium chloride,... trong môi trường nước.",57076,305,16,TP_HO_CHI_MINH,Nguyễn Dương Thái,12/08/2016,https://files.customs.gov.vn/CustomsCMS/TP_HO_CHI_MINH/2020/Web/Data/DocumentAttachments/7819-TB-TCHQ.tif,https://www.customs.gov.vn/index.jsp?pageId=3&id=57076&cid=1294,2016,08/2016,2026-10-08T09:28:26Z
935,7820/TB-TCHQ,12/08/2016,Tổng cục hải quan,"Chế phẩm hoạt động bề mặt dạng không phân ly, ở dạng lỏng, thành phần gồm: chất hữu cơ hoạt động bề mặt, dầu khoáng, silica, nước. Hàm lượng rắn 62.3%.",52438,305,16,TP_HO_CHI_MINH,Nguyễn Dương Thái,12/08/2016,https://files.customs.gov.vn/CustomsCMS/TP_HO_CHI_MINH/2020/Web/Data/DocumentAttachments/7820-TB-TCHQ.tif,https://www.customs.gov.vn/index.jsp?pageId=3&id=52438&cid=1294,2016,08/2016,2026-10-08T09:28:26Z
936,7822/TCHQ-GSQL,12/08/2016,Tổng cục hải quan,V/v xác nhận tờ khai nguồn gốc ô tô sát xi nhập khẩu.,54082,305,16,TP_HO_CHI_MINH,Vũ Ngọc Anh,12/08/2016,https://files.customs.gov.vn/CustomsCMS/TP_HO_CHI_MINH/2020/Web/Data/DocumentAttachments/7822-TCHQ-GSQL.tif,https://www.customs.gov.vn/index.jsp?pageId=3&id=54082&cid=1294,2016,08/2016,2026-10-08T09:28:26Z
937,7824/TCHQ-GSQL,12/08/2016,Tổng cục hải quan,V/v triển khai kết quả cuộc họp Tiểu ban Hải quan lần thứ nhất trong khuôn khổ VKFTA.,58369,305,16,TP_HO_CHI_MINH,Vũ Ngọc Anh,12/08/2016,https://files.customs.gov.vn/CustomsCMS/TP_HO_CHI_MINH/2020/Web/Data/DocumentAttachments/7824-TCHQ-GSQL.tif,https://www.customs.gov.vn/index.jsp?pageId=3&id=58369&cid=1294,2016,08/2016,2026-10-08T09:28:26Z
938,7832/TCHQ-TXNK,12/08/2016,Tổng cục hải quan,V/v Phân loại mặt hàng bột cát nghiền (Công ty TNHH Hoằng Tiệp Việt Nam),66555,305,16,DONG_NAI,null,null,,https://www.customs.gov.vn/index.jsp?pageId=3&id=66555&cid=1294,2016,08/2016,2026-10-08T09:28:26Z
939,7838/TCHQ-TXNK,12/08/2016,Tổng cục hải quan,V/v Xác định mã số HS (Công ty TNHH thương mại và đầu tư Sao Khuê),66557,305,16,DONG_NAI,null,null,,https://www.customs.gov.vn/index.jsp?pageId=3&id=66557&cid=1294,2016,08/2016,2026-10-08T09:28:26Z
940,7839/TCHQ-TXNK,12/08/2016,Tổng cục hải quan,V/v tạm dừng thực hiện TB số 6912/TB-TCHQ về phân loại mặt hàng Collagen Gold.,54020,305,16,TP_HO_CHI_MINH,Nguyễn Dương Thái,12/08/2016,https://files.customs.gov.vn/CustomsCMS/TP_HO_CHI_MINH/2020/Web/Data/DocumentAttachments/7839-TCHQ-TXNK.tif,https://www.customs.gov.vn/index.jsp?pageId=3&id=54020&cid=1294,2016,08/2016,2026-10-08T09:28:26Z
941,7842/TB-TCHQ,12/08/2016,Tổng cục hải quan,Muối kẽm của axit 2-Ethylhexanoic.,52487,305,16,TP_HO_CHI_MINH,Nguyễn Dương Thái,12/08/2016,https://files.customs.gov.vn/CustomsCMS/TP_HO_CHI_MINH/2020/Web/Data/DocumentAttachments/7842-TB-TCHQ.tif,https://www.customs.gov.vn/index.jsp?pageId=3&id=52487&cid=1294,2016,08/2016,2026-10-08T09:28:26Z
942,15414/QLD-KD,10/08/2016,Bộ Y tế,V/v nhập khẩu nguyên liệu Salbutamol.,55501,305,16,TP_HO_CHI_MINH,Đỗ Văn Đông,10/08/2016,https://files.customs.gov.vn/CustomsCMS/TP_HO_CHI_MINH/2020/Web/Data/DocumentAttachments/15414-QLD-KD.tif,https://www.customs.gov.vn/index.jsp?pageId=3&id=55501&cid=1294,2016,08/2016,2026-10-08T09:28:26Z
943,3404/BKHCN-ÐTG,10/08/2016,Bộ Khoa Học Công Nghệ,V/v thực hiện Thông tư số 23/2015/TT-BKHCN.,55890,305,16,TP_HO_CHI_MINH,Đỗ Hoài Nam,10/08/2016,https://files.customs.gov.vn/CustomsCMS/TP_HO_CHI_MINH/2020/Web/Data/DocumentAttachments/3404-BKHCN-DTG.tif,https://www.customs.gov.vn/index.jsp?pageId=3&id=55890&cid=1294,2016,08/2016,2026-10-08T09:28:26Z
944,3404/BKHCN-ĐTG,10/08/2016,null,Thực hiện Thông tư số 23/2015/TT-BKHCN,76091,305,16,DA_NANG,Đỗ Hoài Nam,10/08/2016,https://files.customs.gov.vn/DA_NANG/Uploads/65e32243-11bf-4695-985d-c1563e8c13ba/thực hiện TT 23.tif,https://www.customs.gov.vn/index.jsp?pageId=3&id=76091&cid=1294,2016,08/2016,2026-10-08T09:28:26Z
945,7673/TB-TCHQ,10/08/2016,Tổng cục hải quan,"Thép không hợp kim cán phẳng (hàm lượng carbon dưới 0,6% tính theo trọng lượng), dạng cuộn, chiều dày 1,38mm, chiều rộng 415mm, mạ kẽm bằng phương pháp nhúng nóng.",56025,305,16,TP_HO_CHI_MINH,Nguyễn Dương Thái,10/08/2016,https://files.customs.gov.vn/CustomsCMS/TP_HO_CHI_MINH/2020/Web/Data/DocumentAttachments/7673-TB-TCHQ.tif,https://www.customs.gov.vn/index.jsp?pageId=3&id=56025&cid=1294,2016,08/2016,2026-10-08T09:28:26Z
946,7677/TB-TCHQ,10/08/2016,Tổng cục hải quan,"Thép không gỉ cán phẳng, chiều dày 4mm, chiều rộng 1500mm, cán nguội, dạng cuộn, chưa phủ, mạ hoặc tráng.",53524,305,16,TP_HO_CHI_MINH,Nguyễn Dương Thái,10/08/2016,https://files.customs.gov.vn/CustomsCMS/TP_HO_CHI_MINH/2020/Web/Data/DocumentAttachments/7677-TB-TCHQ.tif,https://www.customs.gov.vn/index.jsp?pageId=3&id=53524&cid=1294,2016,08/2016,2026-10-08T09:28:26Z
947,1570/QÐ-TTG,09/08/2016,Thủ tướng Chính phủ,"Quyết định 1570/QĐ-TTg năm 2016 phê duyệt khung chính sách, pháp luật về phát triển dịch vụ môi trường do Thủ tướng Chính phủ ban hành",56256,305,10,TP_HO_CHI_MINH,Trịnh Đình Dũng,09/08/2016,https://files.customs.gov.vn/CustomsCMS/TP_HO_CHI_MINH/2020/Web/Data/DocumentAttachments/1570_QD-TTg_319169.doc,https://www.customs.gov.vn/index.jsp?pageId=3&id=56256&cid=1294,2016,08/2016,2026-10-08T09:28:26Z
948,7607/TB-TCHQ,09/08/2016,Tổng cục hải quan,"Mặt hàng dệt hoàn thiện, dạng ống may kín hở một đầu, được làm từ vải dệt kim sợi ngang, thành phần 100% polyester, bề mặt không tráng phủ, đã in, đường kính ống ở dạng phẳng là 10 cm, dài 83 cm, trọng lượng 82 g/m2.",56597,305,16,TP_HO_CHI_MINH,Nguyễn Dương Thái,09/08/2016,https://files.customs.gov.vn/CustomsCMS/TP_HO_CHI_MINH/2020/Web/Data/DocumentAttachments/7607-TB-TCHQ.tif,https://www.customs.gov.vn/index.jsp?pageId=3&id=56597&cid=1294,2016,08/2016,2026-10-08T09:28:26Z
949,7608/TB-TCHQ,09/08/2016,Tổng cục hải quan,"Đồng lá mỏng, bằng đồng tinh luyện, được cuộn, chưa được bồi, chiều dày không quá 0,15mm. Kích cỡ (0,1 x 25)mm x cuộn.",58599,305,16,TP_HO_CHI_MINH,Nguyễn Dương Thái,09/08/2016,https://files.customs.gov.vn/CustomsCMS/TP_HO_CHI_MINH/2020/Web/Data/DocumentAttachments/7608-TB-TCHQ.tif,https://www.customs.gov.vn/index.jsp?pageId=3&id=58599&cid=1294,2016,08/2016,2026-10-08T09:28:26Z
950,7609/TB-TCHQ,09/08/2016,Tổng cục hải quan,"Dung dịch axit clohydric 35,5% trong nước.",58291,305,16,TP_HO_CHI_MINH,Nguyễn Dương Thái,09/08/2016,https://files.customs.gov.vn/CustomsCMS/TP_HO_CHI_MINH/2020/Web/Data/DocumentAttachments/7609-TB-TCHQ.tif,https://www.customs.gov.vn/index.jsp?pageId=3&id=58291&cid=1294,2016,08/2016,2026-10-08T09:28:26Z
951,7610/TB-TCHQ,09/08/2016,Tổng cục hải quan,Trimethylolpropane tris (2-methyl-1-aziridinepropionate).,58928,305,16,TP_HO_CHI_MINH,Nguyễn Dương Thái,09/08/2016,https://files.customs.gov.vn/CustomsCMS/TP_HO_CHI_MINH/2020/Web/Data/DocumentAttachments/7610-TB-TCHQ.tif,https://www.customs.gov.vn/index.jsp?pageId=3&id=58928&cid=1294,2016,08/2016,2026-10-08T09:28:26Z
952,7620/TB-TCHQ,09/08/2016,Tổng cục hải quan,"Sản phẩm có thành phần chính là vải không dệt đi từ xơ poly(ethylene terephthalate), có cấu tạo gồm 3 lớp (2 lớp bề mặt là vải không dệt chiếm 80%, lớp giữa là vải dệt thoi chiếm 20% trọng lượng), dày xấp xỉ 1,9mm, định lượng 507,2 g/m2, dạng cuộn, khổ 2200mm, thường dùng trong kỹ thuật lọc khí.",52372,305,16,TP_HO_CHI_MINH,Nguyễn Dương Thái,09/08/2016,https://files.customs.gov.vn/CustomsCMS/TP_HO_CHI_MINH/2020/Web/Data/DocumentAttachments/7620-TB-TCHQ.tif,https://www.customs.gov.vn/index.jsp?pageId=3&id=52372&cid=1294,2016,08/2016,2026-10-08T09:28:26Z
953,7633/TCHQ-PC,09/08/2016,Tổng cục hải quan,V/v Vướng mắc xử lý việc khai sai mã số hàng hóa nhập khẩu(Công ty TNHH TUV Rheinland Việt Nam),66554,305,16,DONG_NAI,null,null,,https://www.customs.gov.vn/index.jsp?pageId=3&id=66554&cid=1294,2016,08/2016,2026-10-08T09:28:26Z
954,1060/GSQL-TH,08/08/2016,Bộ Công nghiệp,V/v vướng mắc C/O (công văn số 1060/GSQL-TH ngày 08/8/2016) - Cục Hải quan TP. Cần Thơ.,54282,305,16,TP_HO_CHI_MINH,Âu Anh Tuấn,08/08/2016,https://files.customs.gov.vn/CustomsCMS/TP_HO_CHI_MINH/2020/Web/Data/DocumentAttachments/1060-GSQL-TH.tif,https://www.customs.gov.vn/index.jsp?pageId=3&id=54282&cid=1294,2016,08/2016,2026-10-08T09:28:26Z
955,1707/HQĐNa-TXNK,08/08/2016,Cục Hải Quan tỉnh Đồng Nai,V/v Đăng ký danh mục hàng hóa nhập khẩu miễn thuế tạo TSCĐ (Cty TNHH TMS Vina),66547,305,16,DONG_NAI,null,null,https://files.customs.gov.vn/DONG_NAI//Data/Cv_Hqdn/1707_HQDNa_TXNK_08_08_2016.pdf,https://www.customs.gov.vn/index.jsp?pageId=3&id=66547&cid=1294,2016,08/2016,2026-10-08T09:28:26Z
956,7287/BCT-KHCN,08/08/2016,Bộ Công thương,V/v kiểm tra chất lượng đối với mặt hàng đầu lọc thuốc lá điếu.,58581,305,16,TP_HO_CHI_MINH,Phạm Thu Giang,08/08/2016,https://files.customs.gov.vn/CustomsCMS/TP_HO_CHI_MINH/2020/Web/Data/DocumentAttachments/7287-BCT-KHCN.tif,https://www.customs.gov.vn/index.jsp?pageId=3&id=58581&cid=1294,2016,08/2016,2026-10-08T09:28:26Z
957,7327/BCT-KHCN,08/08/2016,null,Thông báo triển khai thực hiện kiểm tra nhà nước về an toàn thực phẩm  đối với thực phẩm nhập khẩu,76087,305,16,DA_NANG,Nguyễn Phú Cường,08/08/2016,https://files.customs.gov.vn/DA_NANG/Uploads/65e32243-11bf-4695-985d-c1563e8c13ba/VSATTP.tif,https://www.customs.gov.vn/index.jsp?pageId=3&id=76087&cid=1294,2016,08/2016,2026-10-08T09:28:26Z
958,7523/TB-TCHQ,08/08/2016,Tổng cục hải quan,"Chất kết dính làm từ hỗn hợp polyurethan và polyamide, dạng lỏng.",54630,305,16,TP_HO_CHI_MINH,Nguyễn Dương Thái,08/08/2016,https://files.customs.gov.vn/CustomsCMS/TP_HO_CHI_MINH/2020/Web/Data/DocumentAttachments/7523-TB-TCHQ.tif,https://www.customs.gov.vn/index.jsp?pageId=3&id=54630&cid=1294,2016,08/2016,2026-10-08T09:28:26Z
959,7524/TB-TCHQ,08/08/2016,Tổng cục hải quan,"Chất kết dính làm từ hỗn hợp polyurethan và polyamide, dạng lỏng.",55523,305,16,TP_HO_CHI_MINH,Nguyễn Dương Thái,08/08/2016,https://files.customs.gov.vn/CustomsCMS/TP_HO_CHI_MINH/2020/Web/Data/DocumentAttachments/7524-TB-TCHQ.tif,https://www.customs.gov.vn/index.jsp?pageId=3&id=55523&cid=1294,2016,08/2016,2026-10-08T09:28:26Z
960,7525/TB-TCHQ,08/08/2016,Tổng cục hải quan,"Chất kết dính làm từ hỗn hợp polyurethan và polyamide, dạng lỏng.",55775,305,16,TP_HO_CHI_MINH,Nguyễn Dương Thái,08/08/2016,https://files.customs.gov.vn/CustomsCMS/TP_HO_CHI_MINH/2020/Web/Data/DocumentAttachments/7525-TB-TCHQ.tif,https://www.customs.gov.vn/index.jsp?pageId=3&id=55775&cid=1294,2016,08/2016,2026-10-08T09:28:26Z
961,2141/HQĐNa-TXNK,30/09/2016,Cục Hải Quan tỉnh Đồng Nai,V/v Đăng ký danh mục hàng hóa nhập khẩu miễn thuế tạo TSCĐ (Công ty CP 3F Việt Chi nhánh tại Đồng Nai),66595,305,16,DONG_NAI,null,null,https://files.customs.gov.vn/DONG_NAI//Data/Cv_Hqdn/2141_HQDNa_TXNK_30_09_2016.pdf,https://www.customs.gov.vn/index.jsp?pageId=3&id=66595&cid=1294,2016,09/2016,2026-10-08T09:28:26Z
962,3280/QÐ-TCHQ,30/09/2016,Tổng cục hải quan,"Quyết định về việc ban hành quy trình thủ tục hải quan đối với hành lý của người xuất cảnh, nhâp cảnh, hàng hóa do người xuất cảnh, nhập cảnh mang trong hành lý; giám sát hải quan tại cảng hàng không quốc tế",52286,305,10,TP_HO_CHI_MINH,Vũ Ngọc Anh,30/09/2016,https://files.customs.gov.vn/CustomsCMS/TP_HO_CHI_MINH/2020/Web/Data/DocumentAttachments/3280-QD-TCHQ.tif,https://www.customs.gov.vn/index.jsp?pageId=3&id=52286&cid=1294,2016,09/2016,2026-10-08T09:28:26Z
963,4492/TB-KBNN,30/09/2016,Khác,V/v Tỷ giá hạch toán ngoại tệ tháng 10 năm 2016,66598,305,19,DONG_NAI,null,null,https://files.customs.gov.vn/DONG_NAI//Data/4492_TB_KBNN_30_09_2016.PDF,https://www.customs.gov.vn/index.jsp?pageId=3&id=66598&cid=1294,2016,09/2016,2026-10-08T09:28:26Z
964,9387-9413/TCHQ-TXNK,30/09/2016,null,"Thông báo về kết quả phân loại đối với hàng hóa xuất khẩu, nhập khẩu",76141,305,16,DA_NANG,Nguyễn Dương Thái,30/09/2016,https://files.customs.gov.vn/DA_NANG/Uploads/65e32243-11bf-4695-985d-c1563e8c13ba/9387-9413.tif,https://www.customs.gov.vn/index.jsp?pageId=3&id=76141&cid=1294,2016,09/2016,2026-10-08T09:28:26Z
965,9388/TB-TCHQ,30/09/2016,Tổng cục hải quan,"Mực in màu trắng, thành phần chính gồm polyuretan, titan dioxit... trong dung môi hữu cơ cyclohexanon, methoxy propyl axetat, hỗn hợp hydrocarbon thơm C9, C10, dạng lỏng.",57757,305,16,TP_HO_CHI_MINH,Nguyễn Dương Thái,30/09/2016,https://files.customs.gov.vn/CustomsCMS/TP_HO_CHI_MINH/2020/Web/Data/DocumentAttachments/9388-TB-TCHQ.tif,https://www.customs.gov.vn/index.jsp?pageId=3&id=57757&cid=1294,2016,09/2016,2026-10-08T09:28:26Z
966,9389/TB-TCHQ,30/09/2016,Tổng cục hải quan,"Mực in màu đen, thành phần chính gồm polyuretan, carbon black, silic dioxit... trong dung môi hữu cơ cyclohexanon, methoxy propyl axetat, toluen, hỗn hợp hydrocarbon thơm C9, C10, dạng lỏng.",55202,305,16,TP_HO_CHI_MINH,Nguyễn Dương Thái,30/09/2016,https://files.customs.gov.vn/CustomsCMS/TP_HO_CHI_MINH/2020/Web/Data/DocumentAttachments/9389-TB-TCHQ.tif,https://www.customs.gov.vn/index.jsp?pageId=3&id=55202&cid=1294,2016,09/2016,2026-10-08T09:28:26Z
967,9390/TB-TCHQ,30/09/2016,Tổng cục hải quan,"Hỗn hợp các dung môi hữu cơ, thành phần chính gồm aceton, propylene glycol metyl ete acetat, cyclohexanon, hỗn hợp hydrocarbon thơm C8, C9, C10.",58358,305,16,TP_HO_CHI_MINH,Nguyễn Dương Thái,30/09/2016,https://files.customs.gov.vn/CustomsCMS/TP_HO_CHI_MINH/2020/Web/Data/DocumentAttachments/9390-TB-TCHQ.tif,https://www.customs.gov.vn/index.jsp?pageId=3&id=58358&cid=1294,2016,09/2016,2026-10-08T09:28:26Z
968,9391/TB-TCHQ,30/09/2016,Tổng cục hải quan,"Thành phần chính từ sản phẩm cộng của toluen diisocyanat với polyol trong dung môi hữu cơ gồm etyl axetat, butyl axetat, hỗn hợp đồng phân xylen,… hàm lượng rắn 77,4%.",53721,305,16,TP_HO_CHI_MINH,Nguyễn Dương Thái,30/09/2016,https://files.customs.gov.vn/CustomsCMS/TP_HO_CHI_MINH/2020/Web/Data/DocumentAttachments/9391-TB-TCHQ.tif,https://www.customs.gov.vn/index.jsp?pageId=3&id=53721&cid=1294,2016,09/2016,2026-10-08T09:28:26Z
969,9392/TB-TCHQ,30/09/2016,Tổng cục hải quan,Hỗn hợp các đồng phân của dipropylen glycol metyl ete.,55460,305,16,TP_HO_CHI_MINH,Nguyễn Dương Thái,30/09/2016,https://files.customs.gov.vn/CustomsCMS/TP_HO_CHI_MINH/2020/Web/Data/DocumentAttachments/9392-TB-TCHQ.tif,https://www.customs.gov.vn/index.jsp?pageId=3&id=55460&cid=1294,2016,09/2016,2026-10-08T09:28:26Z
970,137/2016/NÐ-CP,29/09/2016,Chính phủ,Nghị định Biểu thuế nhập khẩu ưu đãi đặc biệt của Việt Nam để thực hiện Hiệp định Thương mại tư do giữa một bên là Nhà nước Việt Nam và bên kia là Liên minh Kinh tế Á - Âu và các nước thành viên giai đoạn 2016-2018,54383,305,8,TP_HO_CHI_MINH,Nguyễn Xuân Phúc,05/10/2016,https://files.customs.gov.vn/CustomsCMS/TP_HO_CHI_MINH/2020/Web/Data/DocumentAttachments/324472.pdf,https://www.customs.gov.vn/index.jsp?pageId=3&id=54383&cid=1294,2016,09/2016,2026-10-08T09:28:26Z
971,2131/HQĐNa-CNTT,29/09/2016,Cục Hải Quan tỉnh Đồng Nai,V/v Trích xuất dữ liệu tờ khai hải quan đã khai báo (Cty TNHH Cơ khí KAO-MENG (VN)),66592,305,16,DONG_NAI,null,null,https://files.customs.gov.vn/DONG_NAI//Data/Cv_Hqdn/2131_HQDNa_CNTT_29_09_2016.pdf,https://www.customs.gov.vn/index.jsp?pageId=3&id=66592&cid=1294,2016,09/2016,2026-10-08T09:28:26Z
972,3914/QÐ-BCT,29/09/2016,Bộ Công thương,Quyết định về việc miễn trừ áp dụng biện pháp tự vệ đối với các công ty nhập khẩu thép dây có mã HS 7227.90.00 để sản xuất vật liệu hàn,56342,305,10,TP_HO_CHI_MINH,Trần Tuấn Anh,29/09/2016,https://files.customs.gov.vn/CustomsCMS/TP_HO_CHI_MINH/2020/Web/Data/DocumentAttachments/3914-QD-BCT.tif,https://www.customs.gov.vn/index.jsp?pageId=3&id=56342&cid=1294,2016,09/2016,2026-10-08T09:28:26Z
973,9362/TB-TCHQ,29/09/2016,Tổng cục hải quan,"Antimon dạng cục, hàm lượng Sb ≈ 99,72% tính theo trọng lượng.",55692,305,16,TP_HO_CHI_MINH,Nguyễn Dương Thái,29/09/2016,https://files.customs.gov.vn/CustomsCMS/TP_HO_CHI_MINH/2020/Web/Data/DocumentAttachments/9362-TB-TCHQ.tif,https://www.customs.gov.vn/index.jsp?pageId=3&id=55692&cid=1294,2016,09/2016,2026-10-08T09:28:26Z
974,9363/TB-TCHQ,29/09/2016,Tổng cục hải quan,Chế phẩm màu vô cơ chứa muội carbon phân tán trong nhựa.,54870,305,16,TP_HO_CHI_MINH,Nguyễn Dương Thái,29/09/2016,https://files.customs.gov.vn/CustomsCMS/TP_HO_CHI_MINH/2020/Web/Data/DocumentAttachments/9363-TB-TCHQ.tif,https://www.customs.gov.vn/index.jsp?pageId=3&id=54870&cid=1294,2016,09/2016,2026-10-08T09:28:26Z
975,9365/TCHQ-TXNK,29/09/2016,Tổng cục hải quan,V/v Thuế GTGT mặt hàng chất xử lý môi trường nước (Công ty TNHH Việt Thắng Lợi),66593,305,16,DONG_NAI,null,null,,https://www.customs.gov.vn/index.jsp?pageId=3&id=66593&cid=1294,2016,09/2016,2026-10-08T09:28:26Z
976,4047/BKHCN-TÐC,28/09/2016,Bộ Khoa Học Công Nghệ,V/v hướng dẫn thủ tục kiểm tra chuyên ngành.,56318,305,16,TP_HO_CHI_MINH,Trần Việt Thanh,28/09/2016,https://files.customs.gov.vn/CustomsCMS/TP_HO_CHI_MINH/2020/Web/Data/DocumentAttachments/4047-BKHCN-TDC.tif,https://www.customs.gov.vn/index.jsp?pageId=3&id=56318&cid=1294,2016,09/2016,2026-10-08T09:28:26Z
977,4047/BKHCN-TĐC,28/09/2016,Bộ Khoa Học Công Nghệ,V/v Hướng dẫn thủ tục kiểm tra chuyên ngành,66602,305,16,DONG_NAI,null,null,https://files.customs.gov.vn/DONG_NAI//Data/CV_nganh_khac/4047_BKHCN_TDT_28_09_2016.PDF,https://www.customs.gov.vn/index.jsp?pageId=3&id=66602&cid=1294,2016,09/2016,2026-10-08T09:28:26Z
978,9349-9364/TCHQ-TXNK,28/09/2016,null,"Thông báo về kết quả phân loại đối với hàng hóa xuất khẩu, nhập khẩu",76139,305,16,DA_NANG,Nguyễn Dương Thái,28/09/2016,https://files.customs.gov.vn/DA_NANG/Uploads/65e32243-11bf-4695-985d-c1563e8c13ba/9349-9464.tif,https://www.customs.gov.vn/index.jsp?pageId=3&id=76139&cid=1294,2016,09/2016,2026-10-08T09:28:26Z
979,9349/TB-TCHQ,28/09/2016,Tổng cục hải quan,"Chế phẩm làm sạch dạng bột, thành phần chính gồm hoạt động bề mặt dạng không phân ly, Natri carbonat, Kali canxi silicat, Kali hydrogen phosphat, natri chromat, kali canxi phosphat...",58659,305,16,TP_HO_CHI_MINH,Nguyễn Dương Thái,28/09/2016,https://files.customs.gov.vn/CustomsCMS/TP_HO_CHI_MINH/2020/Web/Data/DocumentAttachments/9349-TB-TCHQ.tif,https://www.customs.gov.vn/index.jsp?pageId=3&id=58659&cid=1294,2016,09/2016,2026-10-08T09:28:26Z
980,9350/TB-TCHQ,28/09/2016,Tổng cục hải quan,"Chế phẩm hóa chất dùng trong ngành công nghiệp xi mạ, thành phần chính gồm axit sulfuric, đồng sulfat, muối sulfit... trong môi trường nước, hàm lượng chất rắn 9,2%.",55466,305,16,TP_HO_CHI_MINH,Nguyễn Dương Thái,28/09/2016,https://files.customs.gov.vn/CustomsCMS/TP_HO_CHI_MINH/2020/Web/Data/DocumentAttachments/9350-TB-TCHQ.tif,https://www.customs.gov.vn/index.jsp?pageId=3&id=55466&cid=1294,2016,09/2016,2026-10-08T09:28:26Z
981,9351/TB-TCHQ,28/09/2016,Tổng cục hải quan,"Chế phẩm hóa chất dùng trong ngành công nghiệp xi mạ, thành phần chính gồm axit sulfuric, đồng sulfat, muối sulfit... trong môi trường nước, hàm lượng chất rắn 10.5%.",53947,305,16,TP_HO_CHI_MINH,Nguyễn Dương Thái,28/09/2016,https://files.customs.gov.vn/CustomsCMS/TP_HO_CHI_MINH/2020/Web/Data/DocumentAttachments/9351-TB-TCHQ.tif,https://www.customs.gov.vn/index.jsp?pageId=3&id=53947&cid=1294,2016,09/2016,2026-10-08T09:28:26Z
982,9352/TB-TCHQ,28/09/2016,Tổng cục hải quan,"Chế phẩm làm sạch dạng bột, thành phần chính gồm hoạt động bề mặt dạng không phân ly, Natri carbonat, natri hydrogen silicat, Gorgeyite, hydroxyapatit...",57212,305,16,TP_HO_CHI_MINH,Nguyễn Dương Thái,28/09/2016,https://files.customs.gov.vn/CustomsCMS/TP_HO_CHI_MINH/2020/Web/Data/DocumentAttachments/9352-TB-TCHQ.tif,https://www.customs.gov.vn/index.jsp?pageId=3&id=57212&cid=1294,2016,09/2016,2026-10-08T09:28:26Z
983,9353/TB-TCHQ,28/09/2016,Tổng cục hải quan,"Chế phẩm làm sạch dạng bột, thành phần chính gồm hoạt động bề mặt dạng không phân ly, Natri carbonat, Kali canxi Silicat, Apatit, Natri phosphat...",55872,305,16,TP_HO_CHI_MINH,Nguyễn Dương Thái,28/09/2016,https://files.customs.gov.vn/CustomsCMS/TP_HO_CHI_MINH/2020/Web/Data/DocumentAttachments/9353-TB-TCHQ.tif,https://www.customs.gov.vn/index.jsp?pageId=3&id=55872&cid=1294,2016,09/2016,2026-10-08T09:28:26Z
984,9354/TB-TCHQ,28/09/2016,Tổng cục hải quan,"Chế phẩm làm sạch dạng bột, thành phần chính gồm hoạt động bề mặt dạng không phân ly, Natri carbonat, Natri Silicat, Natri hydrogen phosphat, canxi silicat clorit...",52919,305,16,TP_HO_CHI_MINH,Nguyễn Dương Thái,28/09/2016,https://files.customs.gov.vn/CustomsCMS/TP_HO_CHI_MINH/2020/Web/Data/DocumentAttachments/9354-TB-TCHQ.tif,https://www.customs.gov.vn/index.jsp?pageId=3&id=52919&cid=1294,2016,09/2016,2026-10-08T09:28:26Z
985,9355/TB-TCHQ,28/09/2016,Tổng cục hải quan,"Axit boric, chứa trên 85% trọng lượng ở thể khô.",54093,305,16,TP_HO_CHI_MINH,Nguyễn Dương Thái,28/09/2016,https://files.customs.gov.vn/CustomsCMS/TP_HO_CHI_MINH/2020/Web/Data/DocumentAttachments/9355-TB-TCHQ.tif,https://www.customs.gov.vn/index.jsp?pageId=3&id=54093&cid=1294,2016,09/2016,2026-10-08T09:28:26Z
986,2114/HQĐNa-GSQL,27/09/2016,Cục Hải Quan tỉnh Đồng Nai,V/v Bổ sung C/O cho tờ khai mới chuyển loại hình từ tờ khai tạm nhập tái xuất (Công ty TNHH MTV Thương mại Dầu khí Đồng Tháp),66590,305,16,DONG_NAI,null,null,https://files.customs.gov.vn/DONG_NAI//Data/Cv_Hqdn/2114_HQDNa_GSQL_27_09_2016.pdf,https://www.customs.gov.vn/index.jsp?pageId=3&id=66590&cid=1294,2016,09/2016,2026-10-08T09:28:26Z
987,9279-9283/TCHQ-TXNK,27/09/2016,null,"Thông báo về kết quả phân loại đối với hàng hóa xuất khẩu, nhập khẩu",76137,305,16,DA_NANG,Nguyễn Dương Thái,27/09/2016,,https://www.customs.gov.vn/index.jsp?pageId=3&id=76137&cid=1294,2016,09/2016,2026-10-08T09:28:26Z
988,9280/TB-TCHQ,27/09/2016,Tổng cục hải quan,"Vải dệt kim có dệt cài sợi mặt trái để tạo vòng lông, lớp vòng lông có thành phần xơ động vật chiếm 63%, xơ staple polyester chiếm 37%, nhuộm màu, bề mặt không tráng phủ, trọng lượng 345 g/m2, dạng cuộn, khổ lớn hơn 0,76m.",55134,305,16,TP_HO_CHI_MINH,Nguyễn Dương Thái,27/09/2016,https://files.customs.gov.vn/CustomsCMS/TP_HO_CHI_MINH/2020/Web/Data/DocumentAttachments/9280-TB-TCHQ.tif,https://www.customs.gov.vn/index.jsp?pageId=3&id=55134&cid=1294,2016,09/2016,2026-10-08T09:28:26Z
989,9302-9304/TCHQ-TXNK,27/09/2016,null,"Thông báo về kết quả phân loại đối với hàng hóa xuất khẩu, nhập khẩu",76136,305,16,DA_NANG,Nguyễn Dương Thái,27/09/2016,https://files.customs.gov.vn/DA_NANG/Uploads/65e32243-11bf-4695-985d-c1563e8c13ba/9302-9304.tif,https://www.customs.gov.vn/index.jsp?pageId=3&id=76136&cid=1294,2016,09/2016,2026-10-08T09:28:26Z
990,9303/TB-TCHQ,27/09/2016,Tổng cục hải quan,"Van dùng trong truyền động khí nén, điều khiển bằng tay, được làm bằng hợp kim nhôm, đường kính trong cửa van dưới 5cm.",58917,305,16,TP_HO_CHI_MINH,Nguyễn Dương Thái,27/09/2016,https://files.customs.gov.vn/CustomsCMS/TP_HO_CHI_MINH/2020/Web/Data/DocumentAttachments/9303-TB-TCHQ.tif,https://www.customs.gov.vn/index.jsp?pageId=3&id=58917&cid=1294,2016,09/2016,2026-10-08T09:28:26Z
991,9304/TB-TCHQ,27/09/2016,Tổng cục hải quan,"Van dùng cho các chất: khí, nước, dầu, ga, hơi nước,... điều khiển bằng điện, được làm bằng hợp kim đồng, đường kính trong cửa van ≈ 2cm.",55215,305,16,TP_HO_CHI_MINH,Nguyễn Dương Thái,27/09/2016,https://files.customs.gov.vn/CustomsCMS/TP_HO_CHI_MINH/2020/Web/Data/DocumentAttachments/9304-TB-TCHQ.tif,https://www.customs.gov.vn/index.jsp?pageId=3&id=55215&cid=1294,2016,09/2016,2026-10-08T09:28:26Z
992,9317/TCHQ-GSQL,27/09/2016,Tổng cục hải quan,V/v NK bao bì không sử dụng vào mục đích chứa đựng thực phẩm,54493,305,16,TP_HO_CHI_MINH,Vũ Ngọc Anh,27/09/2016,https://files.customs.gov.vn/CustomsCMS/TP_HO_CHI_MINH/2020/Web/Data/DocumentAttachments/9317-TCHQ-GSQL.tif,https://www.customs.gov.vn/index.jsp?pageId=3&id=54493&cid=1294,2016,09/2016,2026-10-08T09:28:26Z
993,9321/TCHQ-PC,27/09/2016,Tổng cục hải quan,"V/v XPVPHC đối với hành vi khai sai mã số, thuế suất (Công ty CP Thú Y Xanh Việt Nam)",66591,305,16,DONG_NAI,null,null,,https://www.customs.gov.vn/index.jsp?pageId=3&id=66591&cid=1294,2016,09/2016,2026-10-08T09:28:26Z
994,3199/QĐ-TCHQ,26/09/2016,Tổng cục hải quan,"Quyết định về việc ban hành Tuyển tập ""các tình huống tham vấn Hải quan - Doanh nghiệp và các bên liên quan",66716,305,16,DONG_NAI,null,null,https://files.customs.gov.vn/DONG_NAI//Data/CV_TCHQ/3199_QD_TCHQ_26_09_2016.pdf,https://www.customs.gov.vn/index.jsp?pageId=3&id=66716&cid=1294,2016,09/2016,2026-10-08T09:28:26Z
995,9165-9214/TCHQ-TXNK,26/09/2016,null,"Thông báo về kết quả phân loại đối với hàng hóa xuất khẩu, nhập khẩu",76135,305,16,DA_NANG,Nguyễn Dương Thái,26/09/2016,https://files.customs.gov.vn/DA_NANG/Uploads/65e32243-11bf-4695-985d-c1563e8c13ba/9165-9214.tif,https://www.customs.gov.vn/index.jsp?pageId=3&id=76135&cid=1294,2016,09/2016,2026-10-08T09:28:26Z
996,9168/TB-TCHQ,26/09/2016,Tổng cục hải quan,"Tấm nhựa có cấu tạo gồm 04 lớp: lớp mặt từ polyurethan bóng láng màu đen, mỏng, được ép dính với lớp polyurethan xốp màu xám; lớp vải dệt kim màu ghi đi từ xơ sợi polyeste ở giữa; lớp sau cùng là từ polyethylen xốp, màu xám. Mẫu ở dạng cuộn, mềm, khổ 140cm, định lượng 504g/m2.",54256,305,16,TP_HO_CHI_MINH,Nguyễn Dương Thái,26/09/2016,https://files.customs.gov.vn/CustomsCMS/TP_HO_CHI_MINH/2020/Web/Data/DocumentAttachments/9168-TB-TCHQ.tif,https://www.customs.gov.vn/index.jsp?pageId=3&id=54256&cid=1294,2016,09/2016,2026-10-08T09:28:26Z
997,9169/TB-TCHQ,26/09/2016,Tổng cục hải quan,"Tấm nhựa có cấu tạo gồm 03 lớp: lớp mặt đi từ polyurethan bóng láng, màu đen, mỏng; lớp giữa xốp, màu xám đi từ polyurethane (hai lớp polyurethan chiếm 74% khối lượng); lớp vải dệt thoi đi từ xơ staple polyeste, màu xám trắng (chiếm 26% khối lượng). Mẫu ở dạng cuộn, mềm, khổ 140cm, định lượng 341g/m2.",52890,305,16,TP_HO_CHI_MINH,Nguyễn Dương Thái,26/09/2016,https://files.customs.gov.vn/CustomsCMS/TP_HO_CHI_MINH/2020/Web/Data/DocumentAttachments/9169-TB-TCHQ.tif,https://www.customs.gov.vn/index.jsp?pageId=3&id=52890&cid=1294,2016,09/2016,2026-10-08T09:28:26Z
998,9171/TB-TCHQ,26/09/2016,Tổng cục hải quan,"Tấm nhựa có cấu tạo gồm 02 lớp được ép dính với nhau: lớp bề mặt màu ghi đi từ polyurethan xốp (chiếm 72% khối lượng); lớp vải không dệt đi từ xơ sợi staple polyeste (chiếm 28% khối lượng). Mẫu ở dạng cuộn, mềm, khổ 140cm, định lượng 207g/m2.",55597,305,16,TP_HO_CHI_MINH,Nguyễn Dương Thái,26/09/2016,https://files.customs.gov.vn/CustomsCMS/TP_HO_CHI_MINH/2020/Web/Data/DocumentAttachments/9171-TB-TCHQ.tif,https://www.customs.gov.vn/index.jsp?pageId=3&id=55597&cid=1294,2016,09/2016,2026-10-08T09:28:26Z
999,9175/TB-TCHQ,26/09/2016,Tổng cục hải quan,"Chế phẩm hoạt động bề mặt nonion, dạng lỏng, đã đóng gói bán lẻ 5kg/thùng.",54502,305,16,TP_HO_CHI_MINH,Nguyễn Dương Thái,26/09/2016,https://files.customs.gov.vn/CustomsCMS/TP_HO_CHI_MINH/2020/Web/Data/DocumentAttachments/9175-TB-TCHQ.tif,https://www.customs.gov.vn/index.jsp?pageId=3&id=54502&cid=1294,2016,09/2016,2026-10-08T09:28:26Z
1000,9176/TB-TCHQ,26/09/2016,Tổng cục hải quan,"Tác nhân hoàn tất vải có chứa N - methylol dihydroxy ethylene urea modified, diethylene glycol và phụ gia.",54776,305,16,TP_HO_CHI_MINH,Nguyễn Dương Thái,26/09/2016,https://files.customs.gov.vn/CustomsCMS/TP_HO_CHI_MINH/2020/Web/Data/DocumentAttachments/9176-TB-TCHQ.tif,https://www.customs.gov.vn/index.jsp?pageId=3&id=54776&cid=1294,2016,09/2016,2026-10-08T09:28:26Z
1001,9177/TB-TCHQ,26/09/2016,Tổng cục hải quan,"Chế phẩm hóa học có chứa canxi, magie và clorua, dạng lỏng.",57337,305,16,TP_HO_CHI_MINH,Nguyễn Dương Thái,26/09/2016,https://files.customs.gov.vn/CustomsCMS/TP_HO_CHI_MINH/2020/Web/Data/DocumentAttachments/9177-TB-TCHQ.tif,https://www.customs.gov.vn/index.jsp?pageId=3&id=57337&cid=1294,2016,09/2016,2026-10-08T09:28:26Z
1002,9178/TB-TCHQ,26/09/2016,Tổng cục hải quan,"Tác nhân hoàn tất vải có chứa muối amin, axit citric và phụ gia.",53441,305,16,TP_HO_CHI_MINH,Nguyễn Dương Thái,26/09/2016,https://files.customs.gov.vn/CustomsCMS/TP_HO_CHI_MINH/2020/Web/Data/DocumentAttachments/9178-TB-TCHQ.tif,https://www.customs.gov.vn/index.jsp?pageId=3&id=53441&cid=1294,2016,09/2016,2026-10-08T09:28:26Z
1003,9179/TB-TCHQ,26/09/2016,Tổng cục hải quan,"Chế phẩm làm mềm và tăng độ ẩm cho vải polyester và polyester pha trộn, dạng lỏng, dùng trong ngành dệt.",56697,305,16,TP_HO_CHI_MINH,Nguyễn Dương Thái,26/09/2016,https://files.customs.gov.vn/CustomsCMS/TP_HO_CHI_MINH/2020/Web/Data/DocumentAttachments/9179-TB-TCHQ.tif,https://www.customs.gov.vn/index.jsp?pageId=3&id=56697&cid=1294,2016,09/2016,2026-10-08T09:28:26Z
1004,9184/TB-TCHQ,26/09/2016,Tổng cục hải quan,"Gia vị hỗn hợp, dạng bột. Thành phần gồm: muối, đường, natri glutamate, bột tỏi, mảnh hành lá,...",57015,305,16,TP_HO_CHI_MINH,Nguyễn Dương Thái,26/09/2016,https://files.customs.gov.vn/CustomsCMS/TP_HO_CHI_MINH/2020/Web/Data/DocumentAttachments/9184-TB-TCHQ.tif,https://www.customs.gov.vn/index.jsp?pageId=3&id=57015&cid=1294,2016,09/2016,2026-10-08T09:28:26Z
1005,9185/TB-TCHQ,26/09/2016,Tổng cục hải quan,"Chế phẩm nước xốt có thành phần chính là: muối, đường, tinh bột, dầu béo, mù tạt, mayonnaise,... dạng lỏng sệt.",56702,305,16,TP_HO_CHI_MINH,Nguyễn Dương Thái,26/09/2016,https://files.customs.gov.vn/CustomsCMS/TP_HO_CHI_MINH/2020/Web/Data/DocumentAttachments/9185-TB-TCHQ.tif,https://www.customs.gov.vn/index.jsp?pageId=3&id=56702&cid=1294,2016,09/2016,2026-10-08T09:28:26Z
1006,9186/TB-TCHQ,26/09/2016,Tổng cục hải quan,"Chế phẩm nước xốt có thành phần chính là: muối, đường, tinh bột, dầu béo, mù tạt, mayonnaise,... dạng lỏng sệt.",52586,305,16,TP_HO_CHI_MINH,Nguyễn Dương Thái,26/09/2016,https://files.customs.gov.vn/CustomsCMS/TP_HO_CHI_MINH/2020/Web/Data/DocumentAttachments/9186-TB-TCHQ.tif,https://www.customs.gov.vn/index.jsp?pageId=3&id=52586&cid=1294,2016,09/2016,2026-10-08T09:28:26Z
1007,9187/TB-TCHQ,26/09/2016,Tổng cục hải quan,"Chế phẩm nước xốt có thành phần chính là: muối, đường, tinh bột biến tính, tỏi, dấm,... dạng lỏng sệt.",54019,305,16,TP_HO_CHI_MINH,Nguyễn Dương Thái,26/09/2016,https://files.customs.gov.vn/CustomsCMS/TP_HO_CHI_MINH/2020/Web/Data/DocumentAttachments/9187-TB-TCHQ.tif,https://www.customs.gov.vn/index.jsp?pageId=3&id=54019&cid=1294,2016,09/2016,2026-10-08T09:28:26Z
1008,9189/TB-TCHQ,26/09/2016,Tổng cục hải quan,"Nước xốt đậu tương, dạng lỏng, có thành phần chính là: xốt nước tương, muối, đường, tinh bột biến, tỏi,...",54913,305,16,TP_HO_CHI_MINH,Nguyễn Dương Thái,26/09/2016,https://files.customs.gov.vn/CustomsCMS/TP_HO_CHI_MINH/2020/Web/Data/DocumentAttachments/9189-TB-TCHQ.tif,https://www.customs.gov.vn/index.jsp?pageId=3&id=54913&cid=1294,2016,09/2016,2026-10-08T09:28:26Z
1009,9190/TB-TCHQ,26/09/2016,Tổng cục hải quan,"Chế phẩm nước xốt có thành phần chính là: muối, đường, tinh bột, màu caramen, natri glutamate, tỏi,... dạng lỏng sệt.",58329,305,16,TP_HO_CHI_MINH,Nguyễn Dương Thái,26/09/2016,https://files.customs.gov.vn/CustomsCMS/TP_HO_CHI_MINH/2020/Web/Data/DocumentAttachments/9190-TB-TCHQ.tif,https://www.customs.gov.vn/index.jsp?pageId=3&id=58329&cid=1294,2016,09/2016,2026-10-08T09:28:26Z
1010,9191/TB-TCHQ,26/09/2016,Tổng cục hải quan,"Chế phẩm nước xốt có thành phần chính là: muối, đường, dầu thực vật, tinh bột, mù tạt, mayonnaise, gia vị hành lá,... dạng lỏng sệt.",55812,305,16,TP_HO_CHI_MINH,Nguyễn Dương Thái,26/09/2016,https://files.customs.gov.vn/CustomsCMS/TP_HO_CHI_MINH/2020/Web/Data/DocumentAttachments/9191-TB-TCHQ.tif,https://www.customs.gov.vn/index.jsp?pageId=3&id=55812&cid=1294,2016,09/2016,2026-10-08T09:28:26Z
1011,2065/HQĐNa-GSQL,22/09/2016,Cục Hải Quan tỉnh Đồng Nai,V/v Đề nghị bổ sung C/O (Cty TNHH MTV Thương mại dầu khí Đồng Tháp),66587,305,16,DONG_NAI,null,null,https://files.customs.gov.vn/DONG_NAI//Data/Cv_Hqdn/2065_HQDNa_GSQL_22_09_2016.pdf,https://www.customs.gov.vn/index.jsp?pageId=3&id=66587&cid=1294,2016,09/2016,2026-10-08T09:28:26Z
1012,9104-9156,22/09/2016,null,"Thông báo về kết quả phân loại đối với hàng hóa xuất khẩu, nhập khẩu",76133,305,16,DA_NANG,Nguyễn Dương Thái,22/09/2016,https://files.customs.gov.vn/DA_NANG/Uploads/65e32243-11bf-4695-985d-c1563e8c13ba/9104-9156.tif,https://www.customs.gov.vn/index.jsp?pageId=3&id=76133&cid=1294,2016,09/2016,2026-10-08T09:28:26Z
1013,9105/TB-TCHQ,22/09/2016,Tổng cục hải quan,"Thép hợp kim, nguyên tố Bo là nguyên tố duy nhất quyết định thép hợp kim, hàm lượng Bo ≈ 0,0015% tính theo trọng lượng, dạng tấm, cán nóng, chiều dày 8mm, rộng trên 600mm, bề mặt đã được tráng thô bằng lớp chiều dày 15,7 µm (micromet), lớp này có tác dụng bảo vệ bề mặt (chống gỉ) trong quá trình vận chuyển.",55518,305,16,TP_HO_CHI_MINH,Nguyễn Dương Thái,22/09/2016,https://files.customs.gov.vn/CustomsCMS/TP_HO_CHI_MINH/2020/Web/Data/DocumentAttachments/9105-TB-TCHQ.tif,https://www.customs.gov.vn/index.jsp?pageId=3&id=55518&cid=1294,2016,09/2016,2026-10-08T09:28:26Z
1014,9106/TB-TCHQ,22/09/2016,Tổng cục hải quan,"Chế phẩm có chứa dầu silicon, không có dầu khoáng, thường dùng để chống dính và bôi trơn cho các vật liệu dệt (sợi nilon và polyeste) dạng lỏng. Sản phẩm được đóng gói dưới dạng bình xịt, dung tích 520ml, khối lượng 0.46kg.",58492,305,16,TP_HO_CHI_MINH,Nguyễn Dương Thái,22/09/2016,https://files.customs.gov.vn/CustomsCMS/TP_HO_CHI_MINH/2020/Web/Data/DocumentAttachments/9106-TB-TCHQ.tif,https://www.customs.gov.vn/index.jsp?pageId=3&id=58492&cid=1294,2016,09/2016,2026-10-08T09:28:26Z
1015,9107/TB-TCHQ,22/09/2016,Tổng cục hải quan,"Chế phẩm thuốc thú y thành phần hoạt chất chính là salinomycin và canxi carbonat, dạng bột đã tạo hạt, sử dụng đường uống, đóng gói 25kg/bao.",54158,305,16,TP_HO_CHI_MINH,Nguyễn Dương Thái,22/09/2016,https://files.customs.gov.vn/CustomsCMS/TP_HO_CHI_MINH/2020/Web/Data/DocumentAttachments/9107-TB-TCHQ.tif,https://www.customs.gov.vn/index.jsp?pageId=3&id=54158&cid=1294,2016,09/2016,2026-10-08T09:28:26Z
1016,9108/TCHQ-TXNK,22/09/2016,Tổng cục hải quan,V/v Xác định mã số HS mặt hàng Ishiclean 607,66588,305,16,DONG_NAI,null,null,,https://www.customs.gov.vn/index.jsp?pageId=3&id=66588&cid=1294,2016,09/2016,2026-10-08T09:28:26Z
1017,9109/TCHQ-TXNK,22/09/2016,Tổng cục hải quan,"V/v Bảo lãnh, đặt cọc tiền thuế (Công ty CP thương mại và dịch vụ S.T.C)",66589,305,16,DONG_NAI,null,null,,https://www.customs.gov.vn/index.jsp?pageId=3&id=66589&cid=1294,2016,09/2016,2026-10-08T09:28:26Z
1018,919/XNK-TH,22/09/2016,Bộ Công thương,V/v tạm nhập tái xuất xe ô tô tham dự triển lãm,55405,305,16,TP_HO_CHI_MINH,Trần Thanh Hải,22/09/2016,https://files.customs.gov.vn/CustomsCMS/TP_HO_CHI_MINH/2020/Web/Data/DocumentAttachments/919-XNK-TH.tif,https://www.customs.gov.vn/index.jsp?pageId=3&id=55405&cid=1294,2016,09/2016,2026-10-08T09:28:26Z
1019,9068/TB-TCHQ,21/09/2016,Tổng cục hải quan,"Bộ phận của van, được làm bằng đồng, lắp trong đường ống dẫn xăng của xe gắn máy, có tác dụng ngăn xăng chảy xuống động cơ khi xe bị đổ.",58460,305,16,TP_HO_CHI_MINH,Nguyễn Dương Thái,21/09/2016,https://files.customs.gov.vn/CustomsCMS/TP_HO_CHI_MINH/2020/Web/Data/DocumentAttachments/9068-TB-TCHQ.tif,https://www.customs.gov.vn/index.jsp?pageId=3&id=58460&cid=1294,2016,09/2016,2026-10-08T09:28:26Z
1020,9069/TB-TCHQ,21/09/2016,Tổng cục hải quan,"Bộ phận được lắp vào nắp bình xăng máy phát điện, được làm bằng thép, dùng để giữ nắp bình xăng không bị rơi ra khỏi bình xăng.",53208,305,16,TP_HO_CHI_MINH,Nguyễn Dương Thái,21/09/2016,https://files.customs.gov.vn/CustomsCMS/TP_HO_CHI_MINH/2020/Web/Data/DocumentAttachments/9069-TB-TCHQ.tif,https://www.customs.gov.vn/index.jsp?pageId=3&id=53208&cid=1294,2016,09/2016,2026-10-08T09:28:26Z
1021,9075/TB-TCHQ,21/09/2016,Tổng cục hải quan,"Sản phẩm có thành phần cơ bản là sten đồng, hàm lượng Cu = 30,24% theo khối lượng.",54495,305,16,TP_HO_CHI_MINH,Nguyễn Dương Thái,21/09/2016,https://files.customs.gov.vn/CustomsCMS/TP_HO_CHI_MINH/2020/Web/Data/DocumentAttachments/9075-TB-TCHQ.tif,https://www.customs.gov.vn/index.jsp?pageId=3&id=54495&cid=1294,2016,09/2016,2026-10-08T09:28:26Z
1022,9076/TB-TCHQ,21/09/2016,Tổng cục hải quan,"Sản phẩm có thành phần cơ bản là sten đồng, hàm lượng Cu = 25,95% theo khối lượng.",57223,305,16,TP_HO_CHI_MINH,Nguyễn Dương Thái,21/09/2016,https://files.customs.gov.vn/CustomsCMS/TP_HO_CHI_MINH/2020/Web/Data/DocumentAttachments/9076-TB-TCHQ.tif,https://www.customs.gov.vn/index.jsp?pageId=3&id=57223&cid=1294,2016,09/2016,2026-10-08T09:28:26Z
1023,9078/TB-TCHQ,21/09/2016,Tổng cục hải quan,"Sản phẩm được làm từ dây thép, dùng để kẹp giữ nắp của bộ lọc khí vào hộp đựng bộ lọc khí.",57428,305,16,TP_HO_CHI_MINH,Nguyễn Dương Thái,21/09/2016,https://files.customs.gov.vn/CustomsCMS/TP_HO_CHI_MINH/2020/Web/Data/DocumentAttachments/9078-TB-TCHQ.tif,https://www.customs.gov.vn/index.jsp?pageId=3&id=57428&cid=1294,2016,09/2016,2026-10-08T09:28:26Z
1024,9079/TB-TCHQ,21/09/2016,Tổng cục hải quan,"Vecni đi từ polyesterimide phân tán trong môi trường không chứa nước, loại chịu nhiệt trên 100°C.",56314,305,16,TP_HO_CHI_MINH,Nguyễn Dương Thái,21/09/2016,https://files.customs.gov.vn/CustomsCMS/TP_HO_CHI_MINH/2020/Web/Data/DocumentAttachments/9079-TB-TCHQ.tif,https://www.customs.gov.vn/index.jsp?pageId=3&id=56314&cid=1294,2016,09/2016,2026-10-08T09:28:26Z
1025,9080/TB-TCHQ,21/09/2016,Tổng cục hải quan,"Vecni đi từ polyesterimide phân tán trong môi trường không chứa nước, loại chịu nhiệt trên 100°C.",55252,305,16,TP_HO_CHI_MINH,Nguyễn Dương Thái,21/09/2016,https://files.customs.gov.vn/CustomsCMS/TP_HO_CHI_MINH/2020/Web/Data/DocumentAttachments/9080-TB-TCHQ.tif,https://www.customs.gov.vn/index.jsp?pageId=3&id=55252&cid=1294,2016,09/2016,2026-10-08T09:28:26Z
1026,9088/TCHQ-TXNK,21/09/2016,Tổng cục hải quan,V/v thuế BVMT đối với dung dịch HCFC,55515,305,16,TP_HO_CHI_MINH,Nguyễn Dương Thái,21/09/2016,https://files.customs.gov.vn/CustomsCMS/TP_HO_CHI_MINH/2020/Web/Data/DocumentAttachments/9088-TCHQ-TXNK.tif,https://www.customs.gov.vn/index.jsp?pageId=3&id=55515&cid=1294,2016,09/2016,2026-10-08T09:28:26Z
1027,1898/TXNK-CST,20/09/2016,Cục Thuế xuất nhập khẩu,"V/v xử lý thuế NK đối với hàng hóa sản xuất, gia công trong khu PTQ",58475,305,16,TP_HO_CHI_MINH,Nguyễn Ngọc Hưng,20/09/2016,https://files.customs.gov.vn/CustomsCMS/TP_HO_CHI_MINH/2020/Web/Data/DocumentAttachments/1898-TXNK-CST.tif,https://www.customs.gov.vn/index.jsp?pageId=3&id=58475&cid=1294,2016,09/2016,2026-10-08T09:28:26Z
1028,3921/BKHCN-ÐTG,20/09/2016,Bộ Khoa Học Công Nghệ,V/v thực hiện Thông tư số 23/2015/TT-BKHCN,53885,305,16,TP_HO_CHI_MINH,Đỗ Hoài Nam,20/09/2016,https://files.customs.gov.vn/CustomsCMS/TP_HO_CHI_MINH/2020/Web/Data/DocumentAttachments/3921-BKHCN-DTG.tif,https://www.customs.gov.vn/index.jsp?pageId=3&id=53885&cid=1294,2016,09/2016,2026-10-08T09:28:26Z
1029,3921/BKHCN-ĐTG,20/09/2016,Bộ Khoa Học Công Nghệ,V/v Thực hiện Thông tư số 23/2015/TT-BKHCN (TCHQ; Các tổ chức giám định),66594,305,16,DONG_NAI,null,null,,https://www.customs.gov.vn/index.jsp?pageId=3&id=66594&cid=1294,2016,09/2016,2026-10-08T09:28:26Z
1030,890/DAN-TTKQ,20/09/2016,null,"Thông tin tuyên truyền, phát hành tài liệu ""Tiền Việt Nam và cách nhận biết""",76131,305,16,DA_NANG,Nguyễn Thị Hoa,20/09/2016,https://files.customs.gov.vn/DA_NANG/Uploads/65e32243-11bf-4695-985d-c1563e8c13ba/Tien VN va cach nhan biet.tif,https://www.customs.gov.vn/index.jsp?pageId=3&id=76131&cid=1294,2016,09/2016,2026-10-08T09:28:26Z
1031,8984/TCHQ-TXNK,20/09/2016,Tổng cục hải quan,V/v phân loại mặt hàng “điều hòa không khí dạng âm trần”,53667,305,16,TP_HO_CHI_MINH,Nguyễn Dương Thái,20/09/2016,https://files.customs.gov.vn/CustomsCMS/TP_HO_CHI_MINH/2020/Web/Data/DocumentAttachments/8984-TCHQ-TXNK.tif,https://www.customs.gov.vn/index.jsp?pageId=3&id=53667&cid=1294,2016,09/2016,2026-10-08T09:28:26Z
1032,8985/TCHQ-GSQL,20/09/2016,Tổng cục hải quan,V/v nhập khẩu than,58775,305,16,TP_HO_CHI_MINH,Vũ Ngọc Anh,20/09/2016,https://files.customs.gov.vn/CustomsCMS/TP_HO_CHI_MINH/2020/Web/Data/DocumentAttachments/8985-TCHQ-GSQL.tif,https://www.customs.gov.vn/index.jsp?pageId=3&id=58775&cid=1294,2016,09/2016,2026-10-08T09:28:26Z
1033,8989/TB-TCHQ,20/09/2016,Tổng cục hải quan,"Chất chiết xuất thuộc da gốc thực vật từ cây mẻ rìu (quebracho), dạng bột.",58298,305,16,TP_HO_CHI_MINH,Nguyễn Dương Thái,20/09/2016,https://files.customs.gov.vn/CustomsCMS/TP_HO_CHI_MINH/2020/Web/Data/DocumentAttachments/8989-TB-TCHQ.tif,https://www.customs.gov.vn/index.jsp?pageId=3&id=58298&cid=1294,2016,09/2016,2026-10-08T09:28:26Z
1034,8990/TB-TCHQ,20/09/2016,Tổng cục hải quan,"Chất thuộc da hữu cơ tổng hợp có thành phần chính là sản phẩm của vòng thơm đã được sulfonat hóa ngưng tụ với formaldehyt, dạng bột.",57315,305,16,TP_HO_CHI_MINH,Nguyễn Dương Thái,20/09/2016,https://files.customs.gov.vn/CustomsCMS/TP_HO_CHI_MINH/2020/Web/Data/DocumentAttachments/8990-TB-TCHQ.tif,https://www.customs.gov.vn/index.jsp?pageId=3&id=57315&cid=1294,2016,09/2016,2026-10-08T09:28:26Z
1035,8992/TB-TCHQ,20/09/2016,Tổng cục hải quan,"Chất thuộc da hữu cơ tổng hợp có thành phần chính là sản phẩm của vòng thơm đã được sulfonat hóa ngưng tụ với formaldehyt, dạng lỏng, hàm lượng chất rắn là 34.5%.",55393,305,16,TP_HO_CHI_MINH,Nguyễn Dương Thái,20/09/2016,https://files.customs.gov.vn/CustomsCMS/TP_HO_CHI_MINH/2020/Web/Data/DocumentAttachments/8992-TB-TCHQ.tif,https://www.customs.gov.vn/index.jsp?pageId=3&id=55393&cid=1294,2016,09/2016,2026-10-08T09:28:26Z
1036,8996/TB-TCHQ,20/09/2016,Tổng cục hải quan,"Chất thuộc da hữu cơ tổng hợp, thành phần chính là polymer của dihydroxyphenylsulfone, dạng lỏng, hàm lượng chất rắn là 35.6%.",57077,305,16,TP_HO_CHI_MINH,Nguyễn Dương Thái,20/09/2016,https://files.customs.gov.vn/CustomsCMS/TP_HO_CHI_MINH/2020/Web/Data/DocumentAttachments/8996-TB-TCHQ.tif,https://www.customs.gov.vn/index.jsp?pageId=3&id=57077&cid=1294,2016,09/2016,2026-10-08T09:28:26Z
1037,8997/TB-TCHQ,20/09/2016,Tổng cục hải quan,"Chế phẩm xử lý vật liệu da thuộc, thành phần chính gồm dầu khoáng, hợp chất este của axit béo, chất nhũ hoa, nước,... trong đó hàm lượng dầu khoáng nhỏ hơn 70% tính theo trọng lượng, dạng lỏng, hàm lượng chất rắn là 60.0%.",54047,305,16,TP_HO_CHI_MINH,Nguyễn Dương Thái,20/09/2016,https://files.customs.gov.vn/CustomsCMS/TP_HO_CHI_MINH/2020/Web/Data/DocumentAttachments/8997-TB-TCHQ.tif,https://www.customs.gov.vn/index.jsp?pageId=3&id=54047&cid=1294,2016,09/2016,2026-10-08T09:28:26Z
1038,8999/TB-TCHQ,20/09/2016,Tổng cục hải quan,"Chế phẩm xử lý vật liệu da thuộc, thành phần chính gồm dầu khoáng, dầu thực vật đã sulfit hóa, chất nhũ hóa, nước,... trong đó hàm lượng dầu khoáng nhỏ hơn 70% tính theo trọng lượng, dạng lỏng, hàm lượng chất rắn là 56.3%.",57185,305,16,TP_HO_CHI_MINH,Nguyễn Dương Thái,20/09/2016,https://files.customs.gov.vn/CustomsCMS/TP_HO_CHI_MINH/2020/Web/Data/DocumentAttachments/8999-TB-TCHQ.tif,https://www.customs.gov.vn/index.jsp?pageId=3&id=57185&cid=1294,2016,09/2016,2026-10-08T09:28:26Z
1039,9001/TB-TCHQ,20/09/2016,Tổng cục hải quan,"Chế phẩm bôi trơn, chống rỉ, có hàm lượng trên 70% khối lượng dầu khoáng có nguồn gốc từ dầu mỏ, ở dạng mỡ, không chứa dầu silicon, đã đóng gói bán lẻ, dung tích 312 g/chai.",57740,305,16,TP_HO_CHI_MINH,Nguyễn Dương Thái,20/09/2016,https://files.customs.gov.vn/CustomsCMS/TP_HO_CHI_MINH/2020/Web/Data/DocumentAttachments/9001-TB-TCHQ.tif,https://www.customs.gov.vn/index.jsp?pageId=3&id=57740&cid=1294,2016,09/2016,2026-10-08T09:28:26Z
1040,9002/TB-TCHQ,20/09/2016,Tổng cục hải quan,"Chế phẩm bôi trơn có chứa dầu có nguồn gốc từ dầu mỏ dưới 70%, ở dạng lỏng, không chứa dầu silicon, đã được đóng gói bán lẻ, dung tích 425g/chai.",52629,305,16,TP_HO_CHI_MINH,Nguyễn Dương Thái,20/09/2016,https://files.customs.gov.vn/CustomsCMS/TP_HO_CHI_MINH/2020/Web/Data/DocumentAttachments/9002-TB-TCHQ.tif,https://www.customs.gov.vn/index.jsp?pageId=3&id=52629&cid=1294,2016,09/2016,2026-10-08T09:28:26Z
1041,9044-9081/TCHQ-TXNK,20/09/2016,null,"Thông báo về kết quả phân loại đối với hàng hóa xuất khẩu, nhập khẩu",76130,305,16,DA_NANG,Nguyễn Dương Thái,20/09/2016,https://files.customs.gov.vn/DA_NANG/Uploads/65e32243-11bf-4695-985d-c1563e8c13ba/9044-9081.tif,https://www.customs.gov.vn/index.jsp?pageId=3&id=76130&cid=1294,2016,09/2016,2026-10-08T09:28:26Z
1042,13027/BTC-TCHQ,19/09/2016,Tổng cục hải quan,V/v Vướng mắc xử lý việc khai sai mã số hàng hóa nhập khẩu (Công ty TNHH TUV Rheinland Việt Nam),66586,305,16,DONG_NAI,null,null,,https://www.customs.gov.vn/index.jsp?pageId=3&id=66586&cid=1294,2016,09/2016,2026-10-08T09:28:26Z
1043,2028/HQĐNa-TXNK,19/09/2016,Cục Hải Quan tỉnh Đồng Nai,V/v Đăng ký danh mục hàng hóa nhập khẩu miễn thuế tạo TSCĐ (Cty TNHH MTV sản xuất thức ăn chăn nuôi Bình Minh),66584,305,16,DONG_NAI,null,null,https://files.customs.gov.vn/DONG_NAI//Data/Cv_Hqdn/2028_HQDNa_TXNK_19_09_2016.pdf,https://www.customs.gov.vn/index.jsp?pageId=3&id=66584&cid=1294,2016,09/2016,2026-10-08T09:28:26Z
1044,8941/TCHQ-TXNK,19/09/2016,Tổng cục hải quan,V/v phân loại mặt hàng mặt hàng Khóa cáp thép.,52292,305,16,TP_HO_CHI_MINH,Nguyễn Dương Thái,19/09/2016,https://files.customs.gov.vn/CustomsCMS/TP_HO_CHI_MINH/2020/Web/Data/DocumentAttachments/8941-TCHQ-TXNK.tif,https://www.customs.gov.vn/index.jsp?pageId=3&id=52292&cid=1294,2016,09/2016,2026-10-08T09:28:26Z
1045,8947/TCHQ-TXNK,19/09/2016,Tổng cục hải quan,V/v phân loại mặt hàng Gel rửa mặt,56996,305,16,TP_HO_CHI_MINH,Trịnh Mạc Linh,19/09/2016,https://files.customs.gov.vn/CustomsCMS/TP_HO_CHI_MINH/2020/Web/Data/DocumentAttachments/8947-TCHQ-TXNK.tif,https://www.customs.gov.vn/index.jsp?pageId=3&id=56996&cid=1294,2016,09/2016,2026-10-08T09:28:26Z
1046,8951/TCHQ-TXNK,19/09/2016,Tổng cục hải quan,V/v Xét khoản giảm giá (Công ty TNHH XNK máy móc thiết bị và công nghệ Sài Gòn),66585,305,16,DONG_NAI,null,null,,https://www.customs.gov.vn/index.jsp?pageId=3&id=66585&cid=1294,2016,09/2016,2026-10-08T09:28:26Z
1047,8961/TCHQ-GSQL,19/09/2016,Tổng cục hải quan,V/v làm thủ tục nhập khẩu hàng hóa có nguy cơ nhiễm dịch bệnh,53487,305,16,TP_HO_CHI_MINH,Vũ Ngọc Anh,19/09/2016,https://files.customs.gov.vn/CustomsCMS/TP_HO_CHI_MINH/2020/Web/Data/DocumentAttachments/8961-TCHQ-GSQL.tif,https://www.customs.gov.vn/index.jsp?pageId=3&id=53487&cid=1294,2016,09/2016,2026-10-08T09:28:26Z
1048,8963/TB-TCHQ,19/09/2016,Tổng cục hải quan,"Thép không hợp kim cán phẳng, cán nóng, một cạnh được tạo hình giống răng cưa, chưa phủ, mạ hoặc tráng, kích thước (3 x 30 x 5630) mm.",54981,305,16,TP_HO_CHI_MINH,Nguyễn Dương Thái,19/09/2016,https://files.customs.gov.vn/CustomsCMS/TP_HO_CHI_MINH/2020/Web/Data/DocumentAttachments/8963-TB-TCHQ.tif,https://www.customs.gov.vn/index.jsp?pageId=3&id=54981&cid=1294,2016,09/2016,2026-10-08T09:28:26Z
1049,8964/TB-TCHQ,19/09/2016,Tổng cục hải quan,"Chế phẩm thuốc màu vô cơ phân tán trong môi trường nước, thành phần gồm carbon black, silicon hoạt động bề mặt, propylen glycol, nước,... dạng lỏng, hàm lượng rắn là 51.6%.",53073,305,16,TP_HO_CHI_MINH,Nguyễn Dương Thái,19/09/2016,https://files.customs.gov.vn/CustomsCMS/TP_HO_CHI_MINH/2020/Web/Data/DocumentAttachments/8964-TB-TCHQ.tif,https://www.customs.gov.vn/index.jsp?pageId=3&id=53073&cid=1294,2016,09/2016,2026-10-08T09:28:26Z
1050,8965/TB-TCHQ,19/09/2016,Tổng cục hải quan,"Than củi từ gỗ; hàm lượng tro là 5,32%; hàm lượng cacbon cố định là 90,68%; nhiệt lượng là 7080 Kcal/Kg; hàm lượng lưu huỳnh là 0,17%.",53463,305,16,TP_HO_CHI_MINH,Nguyễn Dương Thái,19/09/2016,https://files.customs.gov.vn/CustomsCMS/TP_HO_CHI_MINH/2020/Web/Data/DocumentAttachments/8965-TB-TCHQ.tif,https://www.customs.gov.vn/index.jsp?pageId=3&id=53463&cid=1294,2016,09/2016,2026-10-08T09:28:26Z
1051,94/2015/QH13,19/09/2016,Quốc hội,"LUẬT 94/2015/QH13 THI HÀNH TẠM GIỮ, TẠM GIAM",61388,305,13,BA_RIA_VUNG_TAU,Nguyễn Sinh Hùng,01/07/2016,"https://files.customs.gov.vn/BA_RIA_VUNG_TAU/uploads/document/836/94_2015_QH13_Luật thi h&#224;nh tạm giữ, tạm giam.pdf",https://www.customs.gov.vn/index.jsp?pageId=3&id=61388&cid=1294,2016,09/2016,2026-10-08T09:28:26Z
1052,2021/HQĐNa-CCHĐH,16/09/2016,Cục Hải Quan tỉnh Đồng Nai,V/v Sử dụng kết quả kiểm tra chất lượng (Công ty TNHH Nagae Việt Nam),66581,305,16,DONG_NAI,null,null,https://files.customs.gov.vn/DONG_NAI//Data/Cv_Hqdn/2021_HQDNa_CCHDH_16_09_2016.pdf,https://www.customs.gov.vn/index.jsp?pageId=3&id=66581&cid=1294,2016,09/2016,2026-10-08T09:28:26Z
1053,8907/TCHQ-TXNK,16/09/2016,Tổng cục hải quan,V/v Trả lời vướng mắc về phân loại hàng hóa,66583,305,16,DONG_NAI,null,null,,https://www.customs.gov.vn/index.jsp?pageId=3&id=66583&cid=1294,2016,09/2016,2026-10-08T09:28:26Z
1054,8917/TCHQ-GSQL,16/09/2016,Tổng cục hải quan,V/v triển khai kết quả cuộc họp AKSTROO 23,53760,305,16,TP_HO_CHI_MINH,Vũ Ngọc Anh,16/09/2016,https://files.customs.gov.vn/CustomsCMS/TP_HO_CHI_MINH/2020/Web/Data/DocumentAttachments/8917-TCHQ-GSQL.tif,https://www.customs.gov.vn/index.jsp?pageId=3&id=53760&cid=1294,2016,09/2016,2026-10-08T09:28:26Z
1055,8922-8944/TCHQ-TXNK,16/09/2016,null,"Thông báo về kết quả phân loại đối với hàng hóa xuất khẩu, nhập khẩu",76129,305,16,DA_NANG,Nguyễn Dương Thái,16/09/2016,https://files.customs.gov.vn/DA_NANG/Uploads/65e32243-11bf-4695-985d-c1563e8c13ba/8922-8940.tif,https://www.customs.gov.vn/index.jsp?pageId=3&id=76129&cid=1294,2016,09/2016,2026-10-08T09:28:26Z
1056,8922/TB-TCHQ,16/09/2016,Tổng cục hải quan,Dung dịch polymer có thành phần từ polypropylene đã được clorinat hóa trong dung môi toluen. Hàm lượng rắn 20%.,58857,305,16,TP_HO_CHI_MINH,Nguyễn Dương Thái,16/09/2016,https://files.customs.gov.vn/CustomsCMS/TP_HO_CHI_MINH/2020/Web/Data/DocumentAttachments/8922-TB-TCHQ.tif,https://www.customs.gov.vn/index.jsp?pageId=3&id=58857&cid=1294,2016,09/2016,2026-10-08T09:28:26Z
1057,8923/TB-TCHQ,16/09/2016,Tổng cục hải quan,"Dung dịch nhựa ankyd trong dung môi n-butyl acetat, toluene... Hàm lượng rắn 2.9%.",56755,305,16,TP_HO_CHI_MINH,Nguyễn Dương Thái,16/09/2016,https://files.customs.gov.vn/CustomsCMS/TP_HO_CHI_MINH/2020/Web/Data/DocumentAttachments/8923-TB-TCHQ.tif,https://www.customs.gov.vn/index.jsp?pageId=3&id=56755&cid=1294,2016,09/2016,2026-10-08T09:28:26Z
1058,8924/TB-TCHQ,16/09/2016,Tổng cục hải quan,"Chế phẩm có thành phần từ sáp polyamide trong dung môi toluene, xylen... Dạng nhão.",54614,305,16,TP_HO_CHI_MINH,Nguyễn Dương Thái,16/09/2016,https://files.customs.gov.vn/CustomsCMS/TP_HO_CHI_MINH/2020/Web/Data/DocumentAttachments/8924-TB-TCHQ.tif,https://www.customs.gov.vn/index.jsp?pageId=3&id=54614&cid=1294,2016,09/2016,2026-10-08T09:28:26Z
1059,8925/TB-TCHQ,16/09/2016,Tổng cục hải quan,Sáp nhân tạo có thành phần từ sáp polyethylen biến tính. Dạng bột.,58442,305,16,TP_HO_CHI_MINH,Nguyễn Dương Thái,16/09/2016,https://files.customs.gov.vn/CustomsCMS/TP_HO_CHI_MINH/2020/Web/Data/DocumentAttachments/8925-TB-TCHQ.tif,https://www.customs.gov.vn/index.jsp?pageId=3&id=58442&cid=1294,2016,09/2016,2026-10-08T09:28:26Z
1060,8926/TB-TCHQ,16/09/2016,Tổng cục hải quan,"Chế phẩm có thành phần từ muối amin của polycarboxylic acid, dung môi thơm hydrocarbon... dạng lỏng.",55767,305,16,TP_HO_CHI_MINH,Nguyễn Dương Thái,16/09/2016,https://files.customs.gov.vn/CustomsCMS/TP_HO_CHI_MINH/2020/Web/Data/DocumentAttachments/8926-TB-TCHQ.tif,https://www.customs.gov.vn/index.jsp?pageId=3&id=55767&cid=1294,2016,09/2016,2026-10-08T09:28:26Z
1061,8927/TB-TCHQ,16/09/2016,Tổng cục hải quan,"Chế phẩm hữu cơ hoạt động bề mặt dạng không phân ly từ polysiloxane biến tính trong dung môi hữu cơ toluene, n-butyl acetate, xylene... dạng lỏng.",58306,305,16,TP_HO_CHI_MINH,Nguyễn Dương Thái,16/09/2016,https://files.customs.gov.vn/CustomsCMS/TP_HO_CHI_MINH/2020/Web/Data/DocumentAttachments/8927-TB-TCHQ.tif,https://www.customs.gov.vn/index.jsp?pageId=3&id=58306&cid=1294,2016,09/2016,2026-10-08T09:28:26Z
1062,8928/TB-TCHQ,16/09/2016,Tổng cục hải quan,"Dung dịch poly (vinyl isobutyl ether) trong dung môi hexan, toluen, dầu nhẹ... Hàm lượng rắn 20,75%.",55354,305,16,TP_HO_CHI_MINH,Nguyễn Dương Thái,16/09/2016,https://files.customs.gov.vn/CustomsCMS/TP_HO_CHI_MINH/2020/Web/Data/DocumentAttachments/8928-TB-TCHQ.tif,https://www.customs.gov.vn/index.jsp?pageId=3&id=55354&cid=1294,2016,09/2016,2026-10-08T09:28:26Z
1063,2008/HQĐNa-TXNK,15/09/2016,Cục Hải Quan tỉnh Đồng Nai,V/v Báo cáo quyết toán và xử lý thuế loại hình nhập nguyên liệu SXXK,66580,305,16,DONG_NAI,null,null,https://files.customs.gov.vn/DONG_NAI//Data/Cv_Hqdn/2008_HQDNa_TXNK_15_09_2016.pdf,https://www.customs.gov.vn/index.jsp?pageId=3&id=66580&cid=1294,2016,09/2016,2026-10-08T09:28:26Z
1064,259/MMDSKÐ-MMDS,15/09/2016,Bộ Quốc Phòng,"V/v hướng dẫn áp dụng Danh mục sản phẩm mật mã dân sự xuất khẩu, nhập khẩu theo giấy phép.",54636,305,16,TP_HO_CHI_MINH,Hồ Văn Hương,15/09/2016,https://files.customs.gov.vn/CustomsCMS/TP_HO_CHI_MINH/2020/Web/Data/DocumentAttachments/259-MMDSKD-MMDS.tif,https://www.customs.gov.vn/index.jsp?pageId=3&id=54636&cid=1294,2016,09/2016,2026-10-08T09:28:26Z
1065,8830/TB-TCHQ,15/09/2016,Tổng cục hải quan,"Chế phẩm xử lý bề mặt kim loại, thành phần chính gồm đồng sulphat, axit selenơ... trong môi trường nước.",55875,305,16,TP_HO_CHI_MINH,Nguyễn Dương Thái,15/09/2016,https://files.customs.gov.vn/CustomsCMS/TP_HO_CHI_MINH/2020/Web/Data/DocumentAttachments/8830-TB-TCHQ.tif,https://www.customs.gov.vn/index.jsp?pageId=3&id=55875&cid=1294,2016,09/2016,2026-10-08T09:28:26Z
1066,8833/TB-TCHQ,15/09/2016,Tổng cục hải quan,Chất làm mềm vải có thành phần từ polyether modified dimethyl polysiloxane copolymer. Dạng lỏng.,55330,305,16,TP_HO_CHI_MINH,Nguyễn Dương Thái,15/09/2016,https://files.customs.gov.vn/CustomsCMS/TP_HO_CHI_MINH/2020/Web/Data/DocumentAttachments/8833-TB-TCHQ.tif,https://www.customs.gov.vn/index.jsp?pageId=3&id=55330&cid=1294,2016,09/2016,2026-10-08T09:28:26Z
1067,8834/TB-TCHQ,15/09/2016,Tổng cục hải quan,"Chế phẩm diệt nấm chứa 1,2-Benzisothiazolin-3-one, kali hydroxit,... trong môi trường nước.",58414,305,16,TP_HO_CHI_MINH,Nguyễn Dương Thái,15/09/2016,https://files.customs.gov.vn/CustomsCMS/TP_HO_CHI_MINH/2020/Web/Data/DocumentAttachments/8834-TB-TCHQ.tif,https://www.customs.gov.vn/index.jsp?pageId=3&id=58414&cid=1294,2016,09/2016,2026-10-08T09:28:26Z
1068,8836/TB-TCHQ,15/09/2016,Tổng cục hải quan,"Thép hợp kim, hàm lượng C ≈ 1,65%, Cr ≈ 11,14%, Mo ≈ 0,951%... tính theo trọng lượng, dạng thanh, gia công nguội, mặt cắt ngang hình chữ nhật, kích thước dày x rộng x dài (6,8 x 48 x 77)mm, chưa tráng phủ mạ hoặc sơn.",55180,305,16,TP_HO_CHI_MINH,Nguyễn Dương Thái,15/09/2016,https://files.customs.gov.vn/CustomsCMS/TP_HO_CHI_MINH/2020/Web/Data/DocumentAttachments/8836-TB-TCHQ.tif,https://www.customs.gov.vn/index.jsp?pageId=3&id=55180&cid=1294,2016,09/2016,2026-10-08T09:28:26Z
1069,8837/TB-TCHQ,15/09/2016,Tổng cục hải quan,"Thép hợp kim, hàm lượng Bo ≈ 0,0048% tính theo trọng lượng, Bo là nguyên tố duy nhất quyết định thép hợp kim, dạng tấm, cán nóng, kích thước dày x rộng x dài (16 x 400 x 2440) mm, chưa tráng phủ mạ sơn.",53725,305,16,TP_HO_CHI_MINH,Nguyễn Dương Thái,15/09/2016,https://files.customs.gov.vn/CustomsCMS/TP_HO_CHI_MINH/2020/Web/Data/DocumentAttachments/8837-TB-TCHQ.tif,https://www.customs.gov.vn/index.jsp?pageId=3&id=53725&cid=1294,2016,09/2016,2026-10-08T09:28:26Z
1070,8839/TCHQ-GSQL,15/09/2016,null,Thời điểm nộp C/O,76126,305,16,DA_NANG,Âu Anh Tuấn,15/09/2016,https://files.customs.gov.vn/DA_NANG/Uploads/65e32243-11bf-4695-985d-c1563e8c13ba/8839_TCHQ_2016 (Thời điểm nộp CO).tif,https://www.customs.gov.vn/index.jsp?pageId=3&id=76126&cid=1294,2016,09/2016,2026-10-08T09:28:26Z
1071,8866/TB-TCHQ,15/09/2016,Tổng cục hải quan,"Bộ phận xoay qua xoay lại, lắp trong bộ phận kẹp giữ trứng gà (Egg carrier) của máy phân loại trứng gà (bộ phận kẹp giữ có mã số 942013), khi chuyển động làm các chấu kẹp giữ hoặc nhả ra không kẹp trứng gà. Được làm bằng plastic. Tên trên invoice: TUMBLER; Part No: Z301243; của hãng STAALKAT sản xuất.",58117,305,16,TP_HO_CHI_MINH,Nguyễn Dương Thái,15/09/2016,https://files.customs.gov.vn/CustomsCMS/TP_HO_CHI_MINH/2020/Web/Data/DocumentAttachments/8866-TB-TCHQ.tif,https://www.customs.gov.vn/index.jsp?pageId=3&id=58117&cid=1294,2016,09/2016,2026-10-08T09:28:26Z
1072,8867/TB-TCHQ,15/09/2016,Tổng cục hải quan,"Đầu đỡ làm bằng plastic; lắp vào cụm bộ phận có mã số 9402051 của cụm bộ phận dẫn động vận chuyển cân (weighing transfer, Drive) của máy phân loại trứng gà. Tên trên invoice: Support, Part No: 53718; của hãng STAALKAT sản xuất.",52219,305,16,TP_HO_CHI_MINH,Nguyễn Dương Thái,15/09/2016,https://files.customs.gov.vn/CustomsCMS/TP_HO_CHI_MINH/2020/Web/Data/DocumentAttachments/8867-TB-TCHQ.tif,https://www.customs.gov.vn/index.jsp?pageId=3&id=52219&cid=1294,2016,09/2016,2026-10-08T09:28:26Z
1073,8868/TB-TCHQ,15/09/2016,Tổng cục hải quan,"Chốt hình trụ làm bằng plastic, một phía có khoan một lỗ suốt; lắp vào cụm bộ phận có mã số 942051 của cụm bộ phận dẫn động vận chuyển cân (weighing transfer, Drive) của máy phân loại trứng gà. Tên trên invoice: Plug; Part No: 53718; của hãng STAALKAT sản xuất.",57438,305,16,TP_HO_CHI_MINH,Nguyễn Dương Thái,15/09/2016,https://files.customs.gov.vn/CustomsCMS/TP_HO_CHI_MINH/2020/Web/Data/DocumentAttachments/8868-TB-TCHQ.tif,https://www.customs.gov.vn/index.jsp?pageId=3&id=57438&cid=1294,2016,09/2016,2026-10-08T09:28:26Z
1074,8869/TB-TCHQ,15/09/2016,Tổng cục hải quan,"Bộ phận tạo lực hút để hút trứng gà trong đơn vị hút (suction gripper unit) để vận chuyển khay đựng trứng gà (tray transport) trên máy phân loại trứng gà loại ARDENTA 12. cấu tạo: 01 đoạn ống, lắp 05 đầu hút bằng PVC, ở giữa đoạn ống PVC lắp 01 ống thép với một đầu làm kín bằng bu lông thép. Tên trên invoice: Tube Assy Vaccunbox; Part No: 771738; của hãng STAALKAT sản xuất.",57919,305,16,TP_HO_CHI_MINH,Nguyễn Dương Thái,15/09/2016,https://files.customs.gov.vn/CustomsCMS/TP_HO_CHI_MINH/2020/Web/Data/DocumentAttachments/8869-TB-TCHQ.tif,https://www.customs.gov.vn/index.jsp?pageId=3&id=57919&cid=1294,2016,09/2016,2026-10-08T09:28:26Z
1075,8870/TB-TCHQ,15/09/2016,Tổng cục hải quan,"Thanh làm bằng Plastic. Có hình dạng và 02 lỗ khoan theo thiết kế. Bộ phận lắp trong bàn nâng (lift table) của máy phân loại trứng gà. Tên trên bản vẽ: Plastic Packaging, tên trên invoice: L Guide; Part No: 59433.",52604,305,16,TP_HO_CHI_MINH,Nguyễn Dương Thái,15/09/2016,https://files.customs.gov.vn/CustomsCMS/TP_HO_CHI_MINH/2020/Web/Data/DocumentAttachments/8870-TB-TCHQ.tif,https://www.customs.gov.vn/index.jsp?pageId=3&id=52604&cid=1294,2016,09/2016,2026-10-08T09:28:26Z
1076,8871/TB-TCHQ,15/09/2016,Tổng cục hải quan,"Đĩa CAM (Cam Plate), bộ phận của cơ cấu truyền động kiểu CAM, làm bằng plastic. Lắp vào tay di chuyển cổng (mã số Z302071) trong bộ phận của các cổng đầu đóng gói (Packer head, gates) của máy phân loại trứng gà. Tên trên invoice: CAM; Part No: Z302070; của hãng STAALKAT sản xuất.",56935,305,16,TP_HO_CHI_MINH,Nguyễn Dương Thái,15/09/2016,https://files.customs.gov.vn/CustomsCMS/TP_HO_CHI_MINH/2020/Web/Data/DocumentAttachments/8871-TB-TCHQ.tif,https://www.customs.gov.vn/index.jsp?pageId=3&id=56935&cid=1294,2016,09/2016,2026-10-08T09:28:26Z
1077,1823/TXNK-TGHQ,14/09/2016,Cục Thuế xuất nhập khẩu,V/v vướng mắc về trị giá hải quan.,52740,305,16,TP_HO_CHI_MINH,Lê Mạnh Hùng,14/09/2016,https://files.customs.gov.vn/CustomsCMS/TP_HO_CHI_MINH/2020/Web/Data/DocumentAttachments/1823-TXNK-TGHQ.tif,https://www.customs.gov.vn/index.jsp?pageId=3&id=52740&cid=1294,2016,09/2016,2026-10-08T09:28:26Z
1078,8778/TB-TCHQ,14/09/2016,Tổng cục hải quan,"Chế phẩm dầu có nguồn gốc dầu mỏ, thuộc phân đoạn nhẹ (theo khai báo, tài liệu kỹ thuật, mặt hàng này dùng để bôi trơn).",56801,305,16,TP_HO_CHI_MINH,Nguyễn Dương Thái,14/09/2016,https://files.customs.gov.vn/CustomsCMS/TP_HO_CHI_MINH/2020/Web/Data/DocumentAttachments/8778-TB-TCHQ.tif,https://www.customs.gov.vn/index.jsp?pageId=3&id=56801&cid=1294,2016,09/2016,2026-10-08T09:28:26Z
1079,8779/TB-TCHQ,14/09/2016,Tổng cục hải quan,"Dầu có nguồn gốc dầu mỏ, thuộc phân đoạn nhẹ (theo khai báo, tài liệu kỹ thuật, mặt hàng này dùng để bôi trơn).",56001,305,16,TP_HO_CHI_MINH,Nguyễn Dương Thái,14/09/2016,https://files.customs.gov.vn/CustomsCMS/TP_HO_CHI_MINH/2020/Web/Data/DocumentAttachments/8779-TB-TCHQ.tif,https://www.customs.gov.vn/index.jsp?pageId=3&id=56001&cid=1294,2016,09/2016,2026-10-08T09:28:26Z
1080,8780/TB-TCHQ,14/09/2016,Tổng cục hải quan,Polyme từ tinh bột.,53275,305,16,TP_HO_CHI_MINH,Nguyễn Dương Thái,14/09/2016,https://files.customs.gov.vn/CustomsCMS/TP_HO_CHI_MINH/2020/Web/Data/DocumentAttachments/8780-TB-TCHQ.tif,https://www.customs.gov.vn/index.jsp?pageId=3&id=53275&cid=1294,2016,09/2016,2026-10-08T09:28:26Z
1081,10285/TCHQ-TXNK,31/10/2016,null,"Thông báo kết quả phân loại đối với hàng hóa xuất khẩu, nhập khẩu",76164,305,16,DA_NANG,Nguyễn Dương Thái,31/10/2016,https://files.customs.gov.vn/DA_NANG/Uploads/65e32243-11bf-4695-985d-c1563e8c13ba/10285-.tif,https://www.customs.gov.vn/index.jsp?pageId=3&id=76164&cid=1294,2016,10/2016,2026-10-08T09:28:26Z
1082,1469/GSQL-GQ1,31/10/2016,Bộ Công nghiệp,V/v xác định hàng nhập khẩu là sản phẩm công nghệ thông tin đã qua sử dụng,54865,305,16,TP_HO_CHI_MINH,Ngô Minh Hải,31/10/2016,https://files.customs.gov.vn/CustomsCMS/TP_HO_CHI_MINH/2020/Web/Data/DocumentAttachments/1469-GSQL-GQ1.tif,https://www.customs.gov.vn/index.jsp?pageId=3&id=54865&cid=1294,2016,10/2016,2026-10-08T09:28:26Z
1083,1471/GSQL-GQ1,31/10/2016,Bộ Công nghiệp,V/v xuất nhập khẩu phần mềm,55717,305,16,TP_HO_CHI_MINH,Ngô Minh Hải,31/10/2016,https://files.customs.gov.vn/CustomsCMS/TP_HO_CHI_MINH/2020/Web/Data/DocumentAttachments/1471-GSQL-GQ1.tif,https://www.customs.gov.vn/index.jsp?pageId=3&id=55717&cid=1294,2016,10/2016,2026-10-08T09:28:26Z
1084,2287/TXNK-CST,31/10/2016,Cục Thuế xuất nhập khẩu,V/v áp dụng thuế chống bán phá giá mặt hàng thép mạ,52985,305,16,TP_HO_CHI_MINH,Nguyễn Ngọc Hưng,31/10/2016,https://files.customs.gov.vn/CustomsCMS/TP_HO_CHI_MINH/2020/Web/Data/DocumentAttachments/2287-TXNK-CST.tif,https://www.customs.gov.vn/index.jsp?pageId=3&id=52985&cid=1294,2016,10/2016,2026-10-08T09:28:26Z
1085,4656/TB-KBNN,31/10/2016,Khác,Tỷ giá hoạch toán ngoại tệ tháng 11 năm 2016,66626,305,19,DONG_NAI,null,null,https://files.customs.gov.vn/DONG_NAI//Data/CV_nganh_khac/4656_TB_KBNN_31_10_2016.PDF,https://www.customs.gov.vn/index.jsp?pageId=3&id=66626&cid=1294,2016,10/2016,2026-10-08T09:28:26Z
1086,04-NQ/TW,30/10/2016,BCH TW Đảng,"Nghị quyết số 04-NQ/TW về tăng cường xây dựng, chỉnh đốn Đảng; ngăn chặn, đẩy lùi sự suy thoái về tư tưởng chính trị, đạo đức, lối sống, những biểu hiện “tự diễn biến,” “tự chuyển hóa” trong nội bộ.",40198,305,7,HA_TINH,Đ/c Nguyễn Phú Trọng,null,https://files.customs.gov.vn/CustomsCMS/HA_TINH/2020file/04 nqtw.tif,https://www.customs.gov.vn/index.jsp?pageId=3&id=40198&cid=1294,2016,10/2016,2026-10-08T09:28:26Z
1087,10193/TCHQ-TXNK,28/10/2016,Tổng cục hải quan,V/v Chính sách thuế NPL tiêu hủy (Công ty TNHH Pou yuen Việt Nam),66616,305,16,DONG_NAI,null,null,,https://www.customs.gov.vn/index.jsp?pageId=3&id=66616&cid=1294,2016,10/2016,2026-10-08T09:28:26Z
1088,10232-10267/TCHQ-TXNK,28/10/2016,null,"Thông báo kết quả phân loại đối với hàng hóa xuất khẩu, nhập khẩu",76163,305,16,DA_NANG,Nguyễn Dương Thái,28/10/2016,https://files.customs.gov.vn/DA_NANG/Uploads/65e32243-11bf-4695-985d-c1563e8c13ba/10232-10267.tif,https://www.customs.gov.vn/index.jsp?pageId=3&id=76163&cid=1294,2016,10/2016,2026-10-08T09:28:26Z
1089,05/VBHN-BGTVT,27/10/2016,Chính phủ,"Quy định về kiểm tra chất lượng an toàn kỹ thuật và bảo vệ môi trường xe mô tô, xe gắn máy NK và động cơ NK sử dụng để sản xuất, lắp ráp xe mô tô, xe gắn máy",67468,305,18,CAN_THO,null,27/10/2016,https://files.customs.gov.vn/CAN_THO/05-VBHN-BGTVT.pdf,https://www.customs.gov.vn/index.jsp?pageId=3&id=67468&cid=1294,2016,10/2016,2026-10-08T09:28:26Z
1090,06/VBHN-BGTVT,27/10/2016,Chính phủ,Quy định về kiểm tra chất lượng an toàn kỹ thuật xe đạp điện,67467,305,18,CAN_THO,null,27/10/2016,https://files.customs.gov.vn/CAN_THO/06-VBHN-BGTVT.pdf,https://www.customs.gov.vn/index.jsp?pageId=3&id=67467&cid=1294,2016,10/2016,2026-10-08T09:28:26Z
1091,10155- TCHQ-TXNK,27/10/2016,null,"Thông báo kết quả phân loại đối với hàng hóa xuất khẩu, nhập khẩu",76162,305,16,DA_NANG,Nguyễn Dương Thái,27/10/2016,https://files.customs.gov.vn/DA_NANG/Uploads/65e32243-11bf-4695-985d-c1563e8c13ba/10155-.tif,https://www.customs.gov.vn/index.jsp?pageId=3&id=76162&cid=1294,2016,10/2016,2026-10-08T09:28:26Z
1092,1459/GSQL-GQ2,27/10/2016,Tổng cục hải quan,"V/v Thủ tục hải quan, chính sách thuế đối với nguyên liệu khoáng sản xuất khẩu (Công ty TNHH cơ khí chính xác MIEN HUA)",66615,305,16,DONG_NAI,null,null,,https://www.customs.gov.vn/index.jsp?pageId=3&id=66615&cid=1294,2016,10/2016,2026-10-08T09:28:26Z
1093,2342/HQĐNa-TXNK,27/10/2016,Cục Hải Quan tỉnh Đồng Nai,V/v Điều chỉnh danh mục miễn thuế Cty TNHH Haid Feed,66614,305,16,DONG_NAI,null,null,https://files.customs.gov.vn/DONG_NAI//Data/Cv_Hqdn/2342_HQDNa_TXNK_27_10_2016.pdf,https://www.customs.gov.vn/index.jsp?pageId=3&id=66614&cid=1294,2016,10/2016,2026-10-08T09:28:26Z
1094,2343/HQĐNa-TXNK,27/10/2016,Cục Hải Quan tỉnh Đồng Nai,V/v Cấp lại danh mục miễn thuế Cty CP năng lượng tái tại Châu Á,66613,305,16,DONG_NAI,null,null,https://files.customs.gov.vn/DONG_NAI//Data/Cv_Hqdn/2343_HQDNa_TXNK_27_10_2016.pdf,https://www.customs.gov.vn/index.jsp?pageId=3&id=66613&cid=1294,2016,10/2016,2026-10-08T09:28:26Z
1095,THÔNGTƯ155/2016/TT-BTC,27/10/2016,Bộ Tài chính,THÔNG TƯ 155/2016/TT-BTC HƯỚNG DẪN NGHỊ ĐỊNH 127/2013/NĐ-CP QUY ĐỊNH XỬ PHẠT VI PHẠM HÀNH CHÍNH VÀ CƯỠNG CHẾ THI HÀNH QUYẾT ĐỊNH HÀNH CHÍNH TRONG LĨNH VỰC HẢI QUAN VÀ NGHỊ ĐỊNH 45/2016/NĐ-CP SỬA ĐỔI NGHỊ ĐỊNH 127/2013/NĐ-CP DO BỘ TRƯỞNG BỘ TÀI CHÍNH BAN HÀNH,61389,305,4,BA_RIA_VUNG_TAU,Đỗ Hoàng Anh Tuấn,01/12/2016,https://files.customs.gov.vn/BA_RIA_VUNG_TAU/uploads/document/850/TH&#212;NG TƯ 1552016TT-BTC.pdf,https://www.customs.gov.vn/index.jsp?pageId=3&id=61389&cid=1294,2016,10/2016,2026-10-08T09:28:26Z
1096,10130/TCHQ-TXNK,26/10/2016,Tổng cục hải quan,"V/v thuế NK máy móc, thiết bị TNTX của dự án ODA",53240,305,16,TP_HO_CHI_MINH,Nguyễn Dương Thái,26/10/2016,https://files.customs.gov.vn/CustomsCMS/TP_HO_CHI_MINH/2020/Web/Data/DocumentAttachments/10130-TCHQ-TXNK.tif,https://www.customs.gov.vn/index.jsp?pageId=3&id=53240&cid=1294,2016,10/2016,2026-10-08T09:28:26Z
1097,10178/BCT-QLCL,26/10/2016,Bộ Công thương,Kiểm soát rủi ro gian lận thuế chống bán phá giá đối với mặt hàng thép mạ nhập khẩu,66627,305,16,DONG_NAI,null,null,https://files.customs.gov.vn/DONG_NAI//Data/CV_BCT/10178_BCT_QLCL_26_10_2016.PDF,https://www.customs.gov.vn/index.jsp?pageId=3&id=66627&cid=1294,2016,10/2016,2026-10-08T09:28:26Z
1098,10179/BCT-QLCT,26/10/2016,Bộ Công thương,V/v kiểm soát rủi ro gian lận thuế chống bán phá giá đối với mặt hàng thép mạ nhập khẩu,58514,305,16,TP_HO_CHI_MINH,Trần Quốc Khánh,26/10/2016,https://files.customs.gov.vn/CustomsCMS/TP_HO_CHI_MINH/2020/Web/Data/DocumentAttachments/10179-BCT-QLCT.tif,https://www.customs.gov.vn/index.jsp?pageId=3&id=58514&cid=1294,2016,10/2016,2026-10-08T09:28:26Z
1099,1458/GSQL-GQ2,26/10/2016,Bộ Công nghiệp,V/v hướng dẫn thủ tục nhập khẩu,57852,305,16,TP_HO_CHI_MINH,Vũ Lê Quân,26/10/2016,https://files.customs.gov.vn/CustomsCMS/TP_HO_CHI_MINH/2020/Web/Data/DocumentAttachments/1458-GSQL-GQ2.tif,https://www.customs.gov.vn/index.jsp?pageId=3&id=57852&cid=1294,2016,10/2016,2026-10-08T09:28:26Z
1100,2330/HQĐNa-GSQL,26/10/2016,Cục Hải Quan tỉnh Đồng Nai,V/v Hướng dẫn thủ tục xử lý thuế và hải quan đối với hàng tái nhập tái chế (Công ty TNHH CN Cao su Cheng Tai),66612,305,16,DONG_NAI,null,null,https://files.customs.gov.vn/DONG_NAI//Data/Cv_Hqdn/2330_HQDNa_GSQL_26_10_2016.pdf,https://www.customs.gov.vn/index.jsp?pageId=3&id=66612&cid=1294,2016,10/2016,2026-10-08T09:28:26Z
1101,10099-10140/TCHQ-TXNK,25/10/2016,null,"Thông báo kết quả phân loại đối với hàng hóa xuất khẩu, nhập khẩu",76161,305,16,DA_NANG,Nguyễn Dương Thái,25/10/2016,https://files.customs.gov.vn/DA_NANG/Uploads/65e32243-11bf-4695-985d-c1563e8c13ba/10099-10140.tif,https://www.customs.gov.vn/index.jsp?pageId=3&id=76161&cid=1294,2016,10/2016,2026-10-08T09:28:26Z
1102,2903/HQHCM-TXNK,25/10/2016,Bộ Thương Mại,V/v hướng dẫn mã số mặt hàng hạt giống dưa hấu dùng gieo trồng sản xuất nông nghiệp,55585,305,16,TP_HO_CHI_MINH,Nguyễn Quốc Toản,25/10/2016,https://files.customs.gov.vn/CustomsCMS/TP_HO_CHI_MINH/2020/Web/Data/DocumentAttachments/2903-HQHCM-TXNK.tif,https://www.customs.gov.vn/index.jsp?pageId=3&id=55585&cid=1294,2016,10/2016,2026-10-08T09:28:26Z
1103,2310/HQĐNa-GSQL,24/10/2016,Cục Hải Quan tỉnh Đồng Nai,V/v Xuất khẩu sản phẩm mới (Cty TNHH Quốc tế Fleminh Việt Nam),66610,305,16,DONG_NAI,null,null,https://files.customs.gov.vn/DONG_NAI//Data/Cv_Hqdn/2310_HQDNa_GSQL_24_10_2016.pdf,https://www.customs.gov.vn/index.jsp?pageId=3&id=66610&cid=1294,2016,10/2016,2026-10-08T09:28:26Z
1104,2323/HQĐNa-TXNK,24/10/2016,Cục Hải Quan tỉnh Đồng Nai,Đăng ký danh mục miễn thuế cty Vĩnh Trường Phát,66611,305,16,DONG_NAI,null,null,https://files.customs.gov.vn/DONG_NAI//Data/Cv_Hqdn/2323_HQDNa_TXNK_24_10_2016.pdf,https://www.customs.gov.vn/index.jsp?pageId=3&id=66611&cid=1294,2016,10/2016,2026-10-08T09:28:26Z
1105,10028/TCHQ-TXNK,21/10/2016,Tổng cục hải quan,V/v Giá tính thuế mặt hàng DOP (Công ty TNHH Hóa chất LG ViNa),66608,305,16,DONG_NAI,null,null,,https://www.customs.gov.vn/index.jsp?pageId=3&id=66608&cid=1294,2016,10/2016,2026-10-08T09:28:26Z
1106,10037/TCHQ-GSQL,21/10/2016,Tổng cục hải quan,V/v Tái nhập hàng tạm xuất (Công ty TNHH Piaggio Việt Nam;HQ Hải Phòng),66609,305,16,DONG_NAI,null,null,,https://www.customs.gov.vn/index.jsp?pageId=3&id=66609&cid=1294,2016,10/2016,2026-10-08T09:28:26Z
1107,10052/TCHQ-TXNK,21/10/2016,Tổng cục hải quan,V/v phân loại mặt hàng “máy làm nóng lạnh nước uống” loại có buồng chứa làm lạnh,55653,305,16,TP_HO_CHI_MINH,Nguyễn Dương Thái,21/10/2016,https://files.customs.gov.vn/CustomsCMS/TP_HO_CHI_MINH/2020/Web/Data/DocumentAttachments/10052-TCHQ-TXNK.tif,https://www.customs.gov.vn/index.jsp?pageId=3&id=55653&cid=1294,2016,10/2016,2026-10-08T09:28:26Z
1108,2280/QĐ-BTC,21/10/2016,Bộ Tài chính,Quyết định 2280/QĐ-BTC của Bộ Tài chính về việc công bố thủ tục hành chính chuẩn hóa trong lĩnh vực thuế thuộc phạm vi chức năng quản lý Nhà nước của Bộ Tài chính,61857,305,10,QUANG_NGAI,Vũ Thị Mai,01/01/1900,https://files.customs.gov.vn/QUANG_NGAI/20161021_2280_QĐ-BTC.rar,https://www.customs.gov.vn/index.jsp?pageId=3&id=61857&cid=1294,2016,10/2016,2026-10-08T09:28:26Z
1109,2657/TB-HQĐNg,21/10/2016,null,"Thông báo V/v triển khai giám sát hàng hóa xuất khẩu, nhập khẩu đưa vào, lưu giữ, đưa ra khu vực giám sát hải quan tại Cảng biển Tiên Sa Đà Nẵng thực hiện Điều 41 Luật Hải quan",76160,305,16,DA_NANG,Đào Thế Nhựt,21/10/2016,https://files.customs.gov.vn/DA_NANG/Uploads/65e32243-11bf-4695-985d-c1563e8c13ba/2657GSQL.TIF,https://www.customs.gov.vn/index.jsp?pageId=3&id=76160&cid=1294,2016,10/2016,2026-10-08T09:28:26Z
1110,2830/HQHCM-GSQL,21/10/2016,Bộ Thương Mại,V/v báo cáo vướng mắc xác định hàng nhập khẩu là sản phẩm công nghệ thông tin đã qua sử dụng,54546,305,16,TP_HO_CHI_MINH,Đinh Ngọc Thắng,21/10/2016,https://files.customs.gov.vn/CustomsCMS/TP_HO_CHI_MINH/2020/Web/Data/DocumentAttachments/2830-HQHCM-GSQL.tif,https://www.customs.gov.vn/index.jsp?pageId=3&id=54546&cid=1294,2016,10/2016,2026-10-08T09:28:26Z
1111,10003-10024/TCHQ-TXNK,20/10/2016,null,"Thông báo kết quả phân loại đối với hàng hóa xuất khẩu, nhập khẩu",76159,305,16,DA_NANG,Nguyễn Dương Thái,20/10/2016,https://files.customs.gov.vn/DA_NANG/Uploads/65e32243-11bf-4695-985d-c1563e8c13ba/10003-10024.tif,https://www.customs.gov.vn/index.jsp?pageId=3&id=76159&cid=1294,2016,10/2016,2026-10-08T09:28:26Z
1112,2294/HQĐNa-TXNK,20/10/2016,Cục Hải Quan tỉnh Đồng Nai,Đăng ký danh mục miễn thuế tạo tài sản cố định (Cty Global Dyeing),66607,305,16,DONG_NAI,null,null,https://files.customs.gov.vn/DONG_NAI//Data/Cv_Hqdn/2294_HQDNa_TXNK_20_10_2016.pdf,https://www.customs.gov.vn/index.jsp?pageId=3&id=66607&cid=1294,2016,10/2016,2026-10-08T09:28:26Z
1113,1393/GSQL-GQ1,18/10/2016,Bộ Công nghiệp,V/v nhập khẩu than,57507,305,16,TP_HO_CHI_MINH,Ngô Minh Hải,18/10/2016,https://files.customs.gov.vn/CustomsCMS/TP_HO_CHI_MINH/2020/Web/Data/DocumentAttachments/1393-GSQL-GQ1.tif,https://www.customs.gov.vn/index.jsp?pageId=3&id=57507&cid=1294,2016,10/2016,2026-10-08T09:28:26Z
1114,1448/QLCT-P2,18/10/2016,Bộ Công thương,V/v bổ sung tên công ty thương mại trong Quyết định 3584/QĐ-BCT về việc áp dụng biện pháp CBPG tạm thời đối với mặt hàng thép mạ,53248,305,16,TP_HO_CHI_MINH,Nguyễn Phương Nam,18/10/2016,https://files.customs.gov.vn/CustomsCMS/TP_HO_CHI_MINH/2020/Web/Data/DocumentAttachments/1448-QLCT-P2.tif,https://www.customs.gov.vn/index.jsp?pageId=3&id=53248&cid=1294,2016,10/2016,2026-10-08T09:28:26Z
1115,1387/GSQL-GQ1,17/10/2016,Bộ Công nghiệp,V/v thủ tục XK khoáng sản,54222,305,16,TP_HO_CHI_MINH,Ngô Minh Hải,17/10/2016,https://files.customs.gov.vn/CustomsCMS/TP_HO_CHI_MINH/2020/Web/Data/DocumentAttachments/1387-GSQL-GQ1.tif,https://www.customs.gov.vn/index.jsp?pageId=3&id=54222&cid=1294,2016,10/2016,2026-10-08T09:28:26Z
1116,2249/HQĐNa-GSQL,17/10/2016,Cục Hải Quan tỉnh Đồng Nai,V/v Hướng dẫn thủ tục chuyển đổi loại hình doanh nghiệp (Cty TNHH Classic Fashion Apparel Industry),66603,305,16,DONG_NAI,null,null,https://files.customs.gov.vn/DONG_NAI//Data/Cv_Hqdn/2249_HQDNa_GSQL_17_10_2016.pdf,https://www.customs.gov.vn/index.jsp?pageId=3&id=66603&cid=1294,2016,10/2016,2026-10-08T09:28:26Z
1117,2818/HQHCM-TXNK,17/10/2016,Bộ Thương Mại,"V/v xuất khẩu để gia công là tài nguyên, khoáng sản",56053,305,16,TP_HO_CHI_MINH,Nguyễn Hữu Nghiệp,17/10/2016,https://files.customs.gov.vn/CustomsCMS/TP_HO_CHI_MINH/2020/Web/Data/DocumentAttachments/2818-HQHCM-TXNK.tif,https://www.customs.gov.vn/index.jsp?pageId=3&id=56053&cid=1294,2016,10/2016,2026-10-08T09:28:26Z
1118,4215/QÐ-BNN-BVTV,17/10/2016,Bộ nông nghiệp và phát triển nông thôn,Quyết định về việc tạm ngừng nhập khẩu lạc từ Sudan,56888,305,10,TP_HO_CHI_MINH,Lê Quốc Doanh,17/12/2016,https://files.customs.gov.vn/CustomsCMS/TP_HO_CHI_MINH/2020/Web/Data/DocumentAttachments/4215-QD-BNN-BVTV.tif,https://www.customs.gov.vn/index.jsp?pageId=3&id=56888&cid=1294,2016,10/2016,2026-10-08T09:28:26Z
1119,4216/QÐ-BNN-BVTV,17/10/2016,Bộ nông nghiệp và phát triển nông thôn,Quyết định về việc tạm ngừng nhập khẩu lạc từ Hồng Kông,58801,305,10,TP_HO_CHI_MINH,Lê Quốc Doanh,17/12/2016,https://files.customs.gov.vn/CustomsCMS/TP_HO_CHI_MINH/2020/Web/Data/DocumentAttachments/4216-QD-BNN-BVTV.tif,https://www.customs.gov.vn/index.jsp?pageId=3&id=58801&cid=1294,2016,10/2016,2026-10-08T09:28:26Z
1120,4217/QÐ-BNN-BVTV,17/10/2016,Bộ nông nghiệp và phát triển nông thôn,Quyết định về việc tạm ngừng nhập khẩu bột bã ngô từ Hoa Kỳ,57314,305,10,TP_HO_CHI_MINH,Lê Quốc Doanh,17/12/2016,https://files.customs.gov.vn/CustomsCMS/TP_HO_CHI_MINH/2020/Web/Data/DocumentAttachments/4217-QD-BNN-BVTV.tif,https://www.customs.gov.vn/index.jsp?pageId=3&id=57314&cid=1294,2016,10/2016,2026-10-08T09:28:26Z
1121,4284/BKHCN-ÐTG,17/10/2016,Bộ Khoa Học Công Nghệ,V/v thực hiện Thông tư số 23/2015/TT-BKHCN,56863,305,16,TP_HO_CHI_MINH,Đỗ Hoài Nam,17/10/2016,https://files.customs.gov.vn/CustomsCMS/TP_HO_CHI_MINH/2020/Web/Data/DocumentAttachments/4284-BKHCN-DTG.tif,https://www.customs.gov.vn/index.jsp?pageId=3&id=56863&cid=1294,2016,10/2016,2026-10-08T09:28:26Z
1122,9885/TCHQ-TXNK,17/10/2016,Tổng cục hải quan,V/v trao đổi thông tin thu NSNN nhưng ngân hàng trả lại tiền DN,53291,305,16,TP_HO_CHI_MINH,Nguyễn Dương Thái,17/10/2016,https://files.customs.gov.vn/CustomsCMS/TP_HO_CHI_MINH/2020/Web/Data/DocumentAttachments/9885-TCHQ-TXNK.tif,https://www.customs.gov.vn/index.jsp?pageId=3&id=53291&cid=1294,2016,10/2016,2026-10-08T09:28:26Z
1123,9887-9907/TCHQ-TXNK,17/10/2016,null,"Thông báo kết quả phân loại đối với hàng hóa xuất khẩu, nhập khẩu",76157,305,16,DA_NANG,Nguyễn Dương Thái,17/10/2016,https://files.customs.gov.vn/DA_NANG/Uploads/65e32243-11bf-4695-985d-c1563e8c13ba/9887-9907.tif,https://www.customs.gov.vn/index.jsp?pageId=3&id=76157&cid=1294,2016,10/2016,2026-10-08T09:28:26Z
1124,9895/TB-TCHQ,17/10/2016,Tổng cục hải quan,"Bán thành phẩm bằng thép hợp kim, Cr là nguyên tố duy nhất quyết định thép hợp kim, hàm lượng Cr ≈ 0,346% tính theo trọng lượng, dạng phiến, kích thước dày x rộng x dài (610 x 1210 x 1785) mm.",57952,305,16,TP_HO_CHI_MINH,Nguyễn Dương Thái,17/10/2016,https://files.customs.gov.vn/CustomsCMS/TP_HO_CHI_MINH/2020/Web/Data/DocumentAttachments/9895-TB-TCHQ.tif,https://www.customs.gov.vn/index.jsp?pageId=3&id=57952&cid=1294,2016,10/2016,2026-10-08T09:28:26Z
1125,9896/TB-TCHQ,17/10/2016,Tổng cục hải quan,"Bán thành phẩm bằng thép hợp kim, Cr là nguyên tố duy nhất quyết định thép hợp kim, hàm lượng Cr ≈ 0,344% tính theo trọng lượng, dạng phiến, kích thước dày x rộng x dài (605 x 1100 x 1790) mm.",54143,305,16,TP_HO_CHI_MINH,Nguyễn Dương Thái,17/10/2016,https://files.customs.gov.vn/CustomsCMS/TP_HO_CHI_MINH/2020/Web/Data/DocumentAttachments/9896-TB-TCHQ.tif,https://www.customs.gov.vn/index.jsp?pageId=3&id=54143&cid=1294,2016,10/2016,2026-10-08T09:28:26Z
1126,9913/TCHQ-TXNK,17/10/2016,Tổng cục hải quan,V/v Hoàn tiền chậm nộp thuế (Công ty TNHH MTV đóng tàu Hạ Long),66604,305,16,DONG_NAI,null,null,,https://www.customs.gov.vn/index.jsp?pageId=3&id=66604&cid=1294,2016,10/2016,2026-10-08T09:28:26Z
1127,9935/TCHQ-TXNK,17/10/2016,Tổng cục hải quan,V/v Phân loại và thuế nhập khẩu trứng Artemia,66605,305,16,DONG_NAI,null,null,,https://www.customs.gov.vn/index.jsp?pageId=3&id=66605&cid=1294,2016,10/2016,2026-10-08T09:28:26Z
1128,9938/TCHQ-GSQL,17/10/2016,Tổng cục hải quan,V/v kiến nghị trừ lùi C/O,56313,305,16,TP_HO_CHI_MINH,Vũ Ngọc Anh,17/10/2016,https://files.customs.gov.vn/CustomsCMS/TP_HO_CHI_MINH/2020/Web/Data/DocumentAttachments/9938-TCHQ-GSQL.tif,https://www.customs.gov.vn/index.jsp?pageId=3&id=56313&cid=1294,2016,10/2016,2026-10-08T09:28:26Z
1129,9946-9953/TCHQ-TXNK,17/10/2016,null,"Thông báo kết quả phân loại đối với hàng hóa xuất khẩu, nhập khẩu",76156,305,16,DA_NANG,Nguyễn Dương Thái,17/10/2016,https://files.customs.gov.vn/DA_NANG/Uploads/65e32243-11bf-4695-985d-c1563e8c13ba/9946-9953.tif,https://www.customs.gov.vn/index.jsp?pageId=3&id=76156&cid=1294,2016,10/2016,2026-10-08T09:28:26Z
1130,1379/GSQL-TH,14/10/2016,Bộ Công nghiệp,"V/v C/O mẫu AANZ có con dấu, chữ ký dạng điện tử",54996,305,16,TP_HO_CHI_MINH,Âu Anh Tuấn,14/10/2016,https://files.customs.gov.vn/CustomsCMS/TP_HO_CHI_MINH/2020/Web/Data/DocumentAttachments/1379-GSQL-TH.tif,https://www.customs.gov.vn/index.jsp?pageId=3&id=54996&cid=1294,2016,10/2016,2026-10-08T09:28:26Z
1131,14542/BTC-CST,14/10/2016,Bộ Tài chính,V/v thuế BVMT đối với dung dịch HCFC,55220,305,16,TP_HO_CHI_MINH,Đinh Nam Thắng,14/10/2016,https://files.customs.gov.vn/CustomsCMS/TP_HO_CHI_MINH/2020/Web/Data/DocumentAttachments/14542-BTC-CST.tif,https://www.customs.gov.vn/index.jsp?pageId=3&id=55220&cid=1294,2016,10/2016,2026-10-08T09:28:26Z
1132,9828/TCHQ-TXNK,13/10/2016,Tổng cục hải quan,V/v Vướng mắc liên quan thiết bị Viba (Tập đoàn viễn thông Quân đội),66601,305,16,DONG_NAI,null,null,,https://www.customs.gov.vn/index.jsp?pageId=3&id=66601&cid=1294,2016,10/2016,2026-10-08T09:28:26Z
1133,2761/HQHCM-GSQL,11/10/2016,Bộ Thương Mại,V/v thủ tục xuất nhập khẩu phần mềm,56629,305,16,TP_HO_CHI_MINH,Đinh Ngọc Thắng,11/10/2016,https://files.customs.gov.vn/CustomsCMS/TP_HO_CHI_MINH/2020/Web/Data/DocumentAttachments/2761-HQHCM-GSQL.tif,https://www.customs.gov.vn/index.jsp?pageId=3&id=56629&cid=1294,2016,10/2016,2026-10-08T09:28:26Z
1134,4127/QÐ-BNN-BVTV,11/10/2016,Bộ nông nghiệp và phát triển nông thôn,Quyết định về việc tạm ngừng nhập khẩu bông thô từ Ghana,55004,305,10,TP_HO_CHI_MINH,Lê Quốc Doanh,11/12/2016,https://files.customs.gov.vn/CustomsCMS/TP_HO_CHI_MINH/2020/Web/Data/DocumentAttachments/4127-QD-BNN-BVTV.tif,https://www.customs.gov.vn/index.jsp?pageId=3&id=55004&cid=1294,2016,10/2016,2026-10-08T09:28:26Z
1135,4127/QĐ-BNN-BVTV,11/10/2016,Bộ Khoa Học Công Nghệ,V/v Tạm ngừng nhập khẩu bông thô từ Ghana,66606,305,16,DONG_NAI,null,null,https://files.customs.gov.vn/DONG_NAI//Data/CV_nganh_khac/4047_BKHCN_TDT_28_09_2016(1).PDF,https://www.customs.gov.vn/index.jsp?pageId=3&id=66606&cid=1294,2016,10/2016,2026-10-08T09:28:26Z
1136,9639/BCT-PC,11/10/2016,Bộ Công thương,V/v hướng dẫn thực hiện điểm b khoản 2 Điều 5 Thông tư 12/2016/TT-BCT về xuất khẩu khoáng sản,54129,305,16,TP_HO_CHI_MINH,Đỗ Thắng Hải,11/10/2016,https://files.customs.gov.vn/CustomsCMS/TP_HO_CHI_MINH/2020/Web/Data/DocumentAttachments/9639-BCT-PC.tif,https://www.customs.gov.vn/index.jsp?pageId=3&id=54129&cid=1294,2016,10/2016,2026-10-08T09:28:26Z
1137,9715-9769/TCHQ-TXNK,11/10/2016,null,"Thông báo kết quả phân loại đối với hàng hóa xuất khẩu, nhập khẩu",76152,305,16,DA_NANG,Nguyễn Dương Thái,11/10/2016,https://files.customs.gov.vn/DA_NANG/Uploads/65e32243-11bf-4695-985d-c1563e8c13ba/1_9715-9769.tif,https://www.customs.gov.vn/index.jsp?pageId=3&id=76152&cid=1294,2016,10/2016,2026-10-08T09:28:26Z
1138,9733-9735/TCHQ-TXNK,11/10/2016,null,"Thông báo kết quả phân loại đối với hàng hóa xuất khẩu, nhập khẩu",76151,305,16,DA_NANG,Nguyễn Dương Thái,11/10/2016,https://files.customs.gov.vn/DA_NANG/Uploads/65e32243-11bf-4695-985d-c1563e8c13ba/9733-9735.tif,https://www.customs.gov.vn/index.jsp?pageId=3&id=76151&cid=1294,2016,10/2016,2026-10-08T09:28:26Z
1139,01-NQ/ĐUK,10/10/2016,ĐẢNG BỘ KHỐI CÁC CƠ QUAN TỈNH ,Nghị quyết số 01-NQ/ĐUK của Ban Chấp hành Đảng bộ Khối về tăng cường lãnh đạo xây dựng văn hóa công sở đáp ứng yêu cầu nhiệm vụ phát triển của tỉnh đến năm 2020 và những năm tiếp theo,40092,305,7,HA_TINH,null,null,https://files.customs.gov.vn/CustomsCMS/HA_TINH/2020file/01nqduk.tif,https://www.customs.gov.vn/index.jsp?pageId=3&id=40092&cid=1294,2016,10/2016,2026-10-08T09:28:26Z
1140,1342/GSQL-GQ1,10/10/2016,Tổng cục hải quan,V/v Thực hiện Thông tư liên tịch số 110/2016/TTLT-BTC-BKHCN (HQ Đồng Nai),66600,305,16,DONG_NAI,null,null,,https://www.customs.gov.vn/index.jsp?pageId=3&id=66600&cid=1294,2016,10/2016,2026-10-08T09:28:26Z
1141,1349/GSQL-GQ1,10/10/2016,Bộ Công nghiệp,V/v thực hiện Nghị định 58/2016/NĐ-CP,54055,305,16,TP_HO_CHI_MINH,Ngô Minh Hải,10/10/2016,https://files.customs.gov.vn/CustomsCMS/TP_HO_CHI_MINH/2020/Web/Data/DocumentAttachments/1349-gsql.tif,https://www.customs.gov.vn/index.jsp?pageId=3&id=54055&cid=1294,2016,10/2016,2026-10-08T09:28:26Z
1142,9692/TCHQ-GSQL,10/10/2016,Tổng cục hải quan,"V/v một số vướng mắc về quản lý hàng hóa của DNCX sản xuất đưa vào nội địa tham dự hội chợ, triển lãm, giới thiệu sản phẩm",54454,305,16,TP_HO_CHI_MINH,Vũ Ngọc Anh,10/10/2016,https://files.customs.gov.vn/CustomsCMS/TP_HO_CHI_MINH/2020/Web/Data/DocumentAttachments/9692-TCHQ-GSQL.tif,https://www.customs.gov.vn/index.jsp?pageId=3&id=54454&cid=1294,2016,10/2016,2026-10-08T09:28:26Z
1143,9662-9700/TCHQ-TXNK,07/10/2016,null,"Thông báo kết quả phân loại đối với hàng hóa xuất khẩu, nhập khẩu",76150,305,16,DA_NANG,Nguyễn Dương Thái,07/10/2016,https://files.customs.gov.vn/DA_NANG/Uploads/65e32243-11bf-4695-985d-c1563e8c13ba/9662-9700.tif,https://www.customs.gov.vn/index.jsp?pageId=3&id=76150&cid=1294,2016,10/2016,2026-10-08T09:28:26Z
1144,9677/TB-TCHQ,07/10/2016,Tổng cục hải quan,"Công tắc đóng ngắt bằng tia hồng ngoại, sử dụng điện áp xoay chiều 220V~240V, dòng điện dưới 16A.",52736,305,16,TP_HO_CHI_MINH,Nguyễn Dương Thái,07/10/2016,https://files.customs.gov.vn/CustomsCMS/TP_HO_CHI_MINH/2020/Web/Data/DocumentAttachments/9677-TB-TCHQ.tif,https://www.customs.gov.vn/index.jsp?pageId=3&id=52736&cid=1294,2016,10/2016,2026-10-08T09:28:26Z
1145,1335/GSQL-TH,06/10/2016,Bộ Công nghiệp,V/v vướng mắc C/O mẫu E,55476,305,16,TP_HO_CHI_MINH,Âu Anh Tuấn,06/10/2016,https://files.customs.gov.vn/CustomsCMS/TP_HO_CHI_MINH/2020/Web/Data/DocumentAttachments/1335-GSQL-TH.tif,https://www.customs.gov.vn/index.jsp?pageId=3&id=55476&cid=1294,2016,10/2016,2026-10-08T09:28:26Z
1146,9590-9620/tchq-txnk,06/10/2016,null,"Thông báo kết quả phân loại đối với hàng hóa xuất khẩu, nhập khẩu",76148,305,16,DA_NANG,Nguyễn Dương Thái,06/10/2016,https://files.customs.gov.vn/DA_NANG/Uploads/65e32243-11bf-4695-985d-c1563e8c13ba/9590-9620.tif,https://www.customs.gov.vn/index.jsp?pageId=3&id=76148&cid=1294,2016,10/2016,2026-10-08T09:28:26Z
1147,9629/TCHQ-TXNK,06/10/2016,Tổng cục hải quan,V/v Phí nhượng quyền,66599,305,16,DONG_NAI,null,null,,https://www.customs.gov.vn/index.jsp?pageId=3&id=66599&cid=1294,2016,10/2016,2026-10-08T09:28:26Z
1148,9630/TCHQ-TXNK,06/10/2016,Tổng cục hải quan,"V/v vướng mắc áp mã số và truy thu thuế mặt hàng cá thu, cá nục hoa",54877,305,16,TP_HO_CHI_MINH,Trịnh Mạc Linh,06/10/2016,https://files.customs.gov.vn/CustomsCMS/TP_HO_CHI_MINH/2020/Web/Data/DocumentAttachments/9630-TCHQ-TXNK.tif,https://www.customs.gov.vn/index.jsp?pageId=3&id=54877&cid=1294,2016,10/2016,2026-10-08T09:28:26Z
1149,9633-9645/TCHQ-TXNK,06/10/2016,null,"Thông báo kết quả phân loại đối với hàng hóa xuất khẩu, nhập khẩu",76149,305,16,DA_NANG,Nguyễn Dương Thái,06/10/2016,https://files.customs.gov.vn/DA_NANG/Uploads/65e32243-11bf-4695-985d-c1563e8c13ba/9633-9645.tif,https://www.customs.gov.vn/index.jsp?pageId=3&id=76149&cid=1294,2016,10/2016,2026-10-08T09:28:26Z
1150,2719/TCNL-CNT,05/10/2016,Bộ Công thương,V/v nhập khẩu than,52359,305,16,TP_HO_CHI_MINH,Đặng Huy Cường,05/10/2016,https://files.customs.gov.vn/CustomsCMS/TP_HO_CHI_MINH/2020/Web/Data/DocumentAttachments/2719-TCNL-CNT.tif,https://www.customs.gov.vn/index.jsp?pageId=3&id=52359&cid=1294,2016,10/2016,2026-10-08T09:28:26Z
1151,3993/QÐ-BCT,05/10/2016,Bộ Công thương,Quyết định về việc điều tra áp dụng biện pháp chống bán phá giá,57971,305,10,TP_HO_CHI_MINH,Trần Tuấn Anh,05/10/2016,https://files.customs.gov.vn/CustomsCMS/TP_HO_CHI_MINH/2020/Web/Data/DocumentAttachments/3993_QD-BCT_324744.doc,https://www.customs.gov.vn/index.jsp?pageId=3&id=57971&cid=1294,2016,10/2016,2026-10-08T09:28:26Z
1152,9561-9567/TCHQ-TXNK,05/10/2016,null,"Thông báo về kết quả phân loại đối với hàng hóa xuất khẩu, nhập khẩu",76147,305,16,DA_NANG,Nguyễn Dương Thái,05/10/2016,https://files.customs.gov.vn/DA_NANG/Uploads/65e32243-11bf-4695-985d-c1563e8c13ba/9561-9567.tif,https://www.customs.gov.vn/index.jsp?pageId=3&id=76147&cid=1294,2016,10/2016,2026-10-08T09:28:26Z
1153,1317/GSQL-TH,04/10/2016,Bộ Công nghiệp,V/v vướng mắc C/O,56883,305,16,TP_HO_CHI_MINH,Âu Anh Tuấn,04/10/2016,https://files.customs.gov.vn/CustomsCMS/TP_HO_CHI_MINH/2020/Web/Data/DocumentAttachments/1317-GSQL-TH.tif,https://www.customs.gov.vn/index.jsp?pageId=3&id=56883&cid=1294,2016,10/2016,2026-10-08T09:28:26Z
1154,1324/GSQL-TH,04/10/2016,null,Thực hiện Thông tư 21/2016/TT-BCT ngày 20/9/2016 của Bộ Công Thương,76143,305,16,DA_NANG,Âu Anh Tuấn,04/10/2016,https://files.customs.gov.vn/DA_NANG/Uploads/65e32243-11bf-4695-985d-c1563e8c13ba/1324-TH (thực hiện TT 21_2016).tif,https://www.customs.gov.vn/index.jsp?pageId=3&id=76143&cid=1294,2016,10/2016,2026-10-08T09:28:26Z
1155,13959/BTC-TCHQ,04/10/2016,null,Thời điểm nộp C/O,76144,305,16,DA_NANG,Vũ Ngoc Anh,04/10/2016,https://files.customs.gov.vn/DA_NANG/Uploads/65e32243-11bf-4695-985d-c1563e8c13ba/13959_2016 (thời điểm nộp CO).tif,https://www.customs.gov.vn/index.jsp?pageId=3&id=76144&cid=1294,2016,10/2016,2026-10-08T09:28:26Z
1156,2046/TXNK-CST,04/10/2016,Cục Thuế xuất nhập khẩu,V/v xử lý thuế đối với nguyên liệu NK để SX hàng XK,52971,305,16,TP_HO_CHI_MINH,Nguyễn Ngọc Hưng,04/10/2016,https://files.customs.gov.vn/CustomsCMS/TP_HO_CHI_MINH/2020/Web/Data/DocumentAttachments/2046-TXNK-CST.tif,https://www.customs.gov.vn/index.jsp?pageId=3&id=52971&cid=1294,2016,10/2016,2026-10-08T09:28:26Z
1157,9478/TCHQ-GSQL,04/10/2016,Tổng cục hải quan,V/v Thuê kho bên ngoài DNCX (Công ty TNHH Nitto Việt Nam; HQ Hải Phòng; HQ Bắc Ninh),66597,305,16,DONG_NAI,null,null,,https://www.customs.gov.vn/index.jsp?pageId=3&id=66597&cid=1294,2016,10/2016,2026-10-08T09:28:26Z
1158,9548-9550,04/10/2016,null,"Thông báo về kết quả phân loại đối với hàng hóa xuất khẩu, nhập khẩu",76145,305,16,DA_NANG,Nguyễn Dương Thái,04/10/2016,https://files.customs.gov.vn/DA_NANG/Uploads/65e32243-11bf-4695-985d-c1563e8c13ba/9548-9550.tif,https://www.customs.gov.vn/index.jsp?pageId=3&id=76145&cid=1294,2016,10/2016,2026-10-08T09:28:26Z
1159,9553/TCHQ-GSQL,04/10/2016,Tổng cục hải quan,V/v thực hiện công văn số 8961/TCHQ-GSQL ngày 19/9/2016,57914,305,16,TP_HO_CHI_MINH,Vũ Ngọc Anh,04/10/2016,https://files.customs.gov.vn/CustomsCMS/TP_HO_CHI_MINH/2020/Web/Data/DocumentAttachments/9553-TCHQ-GSQL.tif,https://www.customs.gov.vn/index.jsp?pageId=3&id=57914&cid=1294,2016,10/2016,2026-10-08T09:28:26Z
1160,957/CB-CÐ,04/10/2016,Bộ nông nghiệp và phát triển nông thôn,"V/v kiểm tra chất lượng máy móc, thiết bị nông nghiệp",56292,305,16,TP_HO_CHI_MINH,Lê Văn Bảnh,04/10/2016,https://files.customs.gov.vn/CustomsCMS/TP_HO_CHI_MINH/2020/Web/Data/DocumentAttachments/957-CB-CD.tif,https://www.customs.gov.vn/index.jsp?pageId=3&id=56292&cid=1294,2016,10/2016,2026-10-08T09:28:26Z
1161,957/CB-CĐ,04/10/2016,Khác,V/v kiểm tra chất lượng máy móc thiết bị nông nghiệp,66624,305,16,DONG_NAI,null,null,https://files.customs.gov.vn/DONG_NAI//Data/CV_nganh_khac/957_CB_CD_04_10_2016.PDF,https://www.customs.gov.vn/index.jsp?pageId=3&id=66624&cid=1294,2016,10/2016,2026-10-08T09:28:26Z
1162,9426/TCHQ-TXNK,03/10/2016,Tổng cục hải quan,V/v vướng mắc liên quan mặt hàng thép.,55599,305,16,TP_HO_CHI_MINH,Trịnh Mạc Linh,03/10/2016,https://files.customs.gov.vn/CustomsCMS/TP_HO_CHI_MINH/2020/Web/Data/DocumentAttachments/9426-TCHQ-TXNK.tif,https://www.customs.gov.vn/index.jsp?pageId=3&id=55599&cid=1294,2016,10/2016,2026-10-08T09:28:26Z
1163,23/2016/TT-BCT,02/10/2016,null,Bãi bỏ Thông tư 37/2015/TT-BCT ngày 30.10.2015 của Bộ Công Thương,76182,305,4,DA_NANG,Trần Tuấn Anh,26/11/2016,https://files.customs.gov.vn/DA_NANG/Uploads/65e32243-11bf-4695-985d-c1563e8c13ba/TT 23_2016_BCT (Bãi bỏ TT 37).tif,https://www.customs.gov.vn/index.jsp?pageId=3&id=76182&cid=1294,2016,10/2016,2026-10-08T09:28:26Z
1164,11274/TCHQ-TXNK,30/11/2016,Tổng cục hải quan,Thuế xuất khẩu mặt hàng phôi nhôm hợp kim (Công ty TNHH Chang Xin Việt Nam),66640,305,16,DONG_NAI,null,null,,https://www.customs.gov.vn/index.jsp?pageId=3&id=66640&cid=1294,2016,11/2016,2026-10-08T09:28:26Z
1165,11291/TB-TCHQ,30/11/2016,Tổng cục hải quan,Lưới được hàn ở mắt nối bằng thép không gỉ có đường kính 1mm.,58766,305,16,TP_HO_CHI_MINH,Nguyễn Dương Thái,30/11/2016,https://files.customs.gov.vn/CustomsCMS/TP_HO_CHI_MINH/2020/Web/Data/DocumentAttachments/11291-TB-TCHQ.tif,https://www.customs.gov.vn/index.jsp?pageId=3&id=58766&cid=1294,2016,11/2016,2026-10-08T09:28:26Z
1166,11292/TB-TCHQ,30/11/2016,Tổng cục hải quan,"Phôi thép dẹt hợp kim, mặt cắt ngang hình chữ nhật, kích thước tương ứng chiều dày x chiều rộng x chiều dài là (130 x 2524 x 6000)mm, trong đó Cr là nguyên tố duy nhất quyết định yếu tố thép hợp kim (hàm lượng Cr ≈ 0,309% tính theo trọng lượng).",54317,305,16,TP_HO_CHI_MINH,Nguyễn Dương Thái,30/11/2016,https://files.customs.gov.vn/CustomsCMS/TP_HO_CHI_MINH/2020/Web/Data/DocumentAttachments/11292-TB-TCHQ.tif,https://www.customs.gov.vn/index.jsp?pageId=3&id=54317&cid=1294,2016,11/2016,2026-10-08T09:28:26Z
1167,11293/TB-TCHQ,30/11/2016,Tổng cục hải quan,"Tấm kim loại kích thước (0,8 x 100 x 220)mm có cấu trúc gồm một lớp thép không hợp kim dày 0,3mm và một lớp nhôm không hợp kim dày 0,45mm, bề mặt nhôm đã được sơn phủ và bên ngoài có dán một lớp màng bảo vệ plastic, dùng làm bản in (khuôn in) sau khi được khắc.",57145,305,16,TP_HO_CHI_MINH,Nguyễn Dương Thái,30/11/2016,https://files.customs.gov.vn/CustomsCMS/TP_HO_CHI_MINH/2020/Web/Data/DocumentAttachments/11293-TB-TCHQ.tif,https://www.customs.gov.vn/index.jsp?pageId=3&id=57145&cid=1294,2016,11/2016,2026-10-08T09:28:26Z
1168,17041/BTC-VP,30/11/2016,Bộ Tài chính,"V/v ngăn chặn buôn lậu, gian lận thương mại đối với hoạt động nhập khẩu ô tô",54679,305,16,TP_HO_CHI_MINH,Trần Quân,30/11/2016,https://files.customs.gov.vn/CustomsCMS/TP_HO_CHI_MINH/2020/Web/Data/DocumentAttachments/17041-BTC-VP.tif,https://www.customs.gov.vn/index.jsp?pageId=3&id=54679&cid=1294,2016,11/2016,2026-10-08T09:28:26Z
1169,11256/TB-TCHQ,29/11/2016,Tổng cục hải quan,"Máy làm mát không khí bằng bay hơi nước, hoạt động băng điện (trọng lượng 37kg).",57698,305,16,TP_HO_CHI_MINH,Nguyễn Dương Thái,29/11/2016,https://files.customs.gov.vn/CustomsCMS/TP_HO_CHI_MINH/2020/Web/Data/DocumentAttachments/11256-TB-TCHQ.tif,https://www.customs.gov.vn/index.jsp?pageId=3&id=57698&cid=1294,2016,11/2016,2026-10-08T09:28:26Z
1170,11268/TCHQ-TXNK,29/11/2016,Tổng cục hải quan,V/v phân loại mặt hàng Kem trị mụn trứng cá,55592,305,16,TP_HO_CHI_MINH,Nguyễn Dương Thái,29/11/2016,https://files.customs.gov.vn/CustomsCMS/TP_HO_CHI_MINH/2020/Web/Data/DocumentAttachments/11268-TCHQ-TXNK.tif,https://www.customs.gov.vn/index.jsp?pageId=3&id=55592&cid=1294,2016,11/2016,2026-10-08T09:28:26Z
1171,158/2016/NÐ-CP,29/11/2016,Chính phủ,Nghị định 158/2016/NĐ-CP hướng dẫn Luật khoáng sản,55085,305,8,TP_HO_CHI_MINH,Nguyễn Xuân Phúc,15/01/2017,https://files.customs.gov.vn/CustomsCMS/TP_HO_CHI_MINH/2020/Web/Data/DocumentAttachments/158_2016_ND-CP_332220.doc,https://www.customs.gov.vn/index.jsp?pageId=3&id=55085&cid=1294,2016,11/2016,2026-10-08T09:28:26Z
1172,11216/TB-TCHQ,28/11/2016,Tổng cục hải quan,"Đá hoa (Marble slabs) dùng để ốp lát, dày 20mm, đã được gia công đánh bóng một mặt, mặt còn lại được gắn lớp lưới bảo vệ từ sợi khoáng.",57663,305,16,TP_HO_CHI_MINH,Nguyễn Dương Thái,28/11/2016,https://files.customs.gov.vn/CustomsCMS/TP_HO_CHI_MINH/2020/Web/Data/DocumentAttachments/11216-TB-TCHQ.tif,https://www.customs.gov.vn/index.jsp?pageId=3&id=57663&cid=1294,2016,11/2016,2026-10-08T09:28:26Z
1173,11217/TB-TCHQ,28/11/2016,Tổng cục hải quan,Thiết bị sử dụng nguyên lý biến đổi điện tĩnh để biến đổi tối ưu tần số và dòng điện cấp cho động cơ nhằm tiết kiệm điện và tăng tuổi thọ động cơ.,54165,305,16,TP_HO_CHI_MINH,Nguyễn Dương Thái,28/11/2016,https://files.customs.gov.vn/CustomsCMS/TP_HO_CHI_MINH/2020/Web/Data/DocumentAttachments/11217-TB-TCHQ.tif,https://www.customs.gov.vn/index.jsp?pageId=3&id=54165&cid=1294,2016,11/2016,2026-10-08T09:28:26Z
1174,11218/TB-TCHQ,28/11/2016,Tổng cục hải quan,"Vật liệu khảm bằng thủy tinh, kích thước mỗi viên 22x22mm, gắn trên lưới từ sợi polyacrylic, kết dính bằng copolyme acrylic styren.",58316,305,16,TP_HO_CHI_MINH,Nguyễn Dương Thái,28/11/2016,https://files.customs.gov.vn/CustomsCMS/TP_HO_CHI_MINH/2020/Web/Data/DocumentAttachments/11218-TB-TCHQ.tif,https://www.customs.gov.vn/index.jsp?pageId=3&id=58316&cid=1294,2016,11/2016,2026-10-08T09:28:26Z
1175,11222/TB-TCHQ,28/11/2016,Tổng cục hải quan,"Kính dán dạng tấm được tạo từ 01 lớp kính trắng dày 5mm và 01 lớp kính có màu xanh ngọc lục dày 5mm, hai lớp được dán với nhau bằng lớp keo nhựa dẻo ở giữa. Các cạnh mẫu đã được màu và làm hết ba-via. Kích thước 570x1075mm, dày 10,38mm thường dùng trong xây dựng.",56662,305,16,TP_HO_CHI_MINH,Nguyễn Dương Thái,28/11/2016,https://files.customs.gov.vn/CustomsCMS/TP_HO_CHI_MINH/2020/Web/Data/DocumentAttachments/11222-TB-TCHQ.tif,https://www.customs.gov.vn/index.jsp?pageId=3&id=56662&cid=1294,2016,11/2016,2026-10-08T09:28:26Z
1176,11224/TB-TCHQ,28/11/2016,Tổng cục hải quan,"Sản phẩm làm từ sợi xenlulo và CaCO3 kết khối với xi măng, kích thước 3050 x 75 x 8mm (theo khai báo).",55278,305,16,TP_HO_CHI_MINH,Nguyễn Dương Thái,28/11/2016,https://files.customs.gov.vn/CustomsCMS/TP_HO_CHI_MINH/2020/Web/Data/DocumentAttachments/11224-TB-TCHQ.tif,https://www.customs.gov.vn/index.jsp?pageId=3&id=55278&cid=1294,2016,11/2016,2026-10-08T09:28:26Z
1177,11225/TB-TCHQ,28/11/2016,Tổng cục hải quan,"Bộ phận của đầu nối dây dẫn điện có điện áp không quá 1000V và dòng điện dưới 16A, được làm bằng nhựa.",53762,305,16,TP_HO_CHI_MINH,Nguyễn Dương Thái,28/11/2016,https://files.customs.gov.vn/CustomsCMS/TP_HO_CHI_MINH/2020/Web/Data/DocumentAttachments/11225-TB-TCHQ.tif,https://www.customs.gov.vn/index.jsp?pageId=3&id=53762&cid=1294,2016,11/2016,2026-10-08T09:28:26Z
1178,16270/BTC-TCHQ,28/11/2016,Bộ Tài chính,Xin ý kiến về hồ sơ trình UBTVQH liên quan đến Nghị định thư 7 về Hệ thống quá cảnh Hải quan,61390,305,16,BA_RIA_VUNG_TAU,Đỗ Hoàng Anh Tuấn,14/11/2016,https://files.customs.gov.vn/BA_RIA_VUNG_TAU/uploads/document/851/16270_xin &#253; kiến Nghị định thư 7 về Hệ thống qu&#225; cảnh Hải quan.tif,https://www.customs.gov.vn/index.jsp?pageId=3&id=61390&cid=1294,2016,11/2016,2026-10-08T09:28:26Z
1179,1664/GSQL-GQ4,28/11/2016,Bộ Công nghiệp,V/v vướng mắc trên C/O mẫu E,58199,305,16,TP_HO_CHI_MINH,Âu Anh Tuấn,28/11/2016,https://files.customs.gov.vn/CustomsCMS/TP_HO_CHI_MINH/2020/Web/Data/DocumentAttachments/1664-GSQL-GQ4.tif,https://www.customs.gov.vn/index.jsp?pageId=3&id=58199&cid=1294,2016,11/2016,2026-10-08T09:28:26Z
1180,11114/TB-TCHQ,25/11/2016,Tổng cục hải quan,"Sản phẩm không dệt từ xơ sợi thủy tinh, dạng tấm mỏng.",54890,305,16,TP_HO_CHI_MINH,Nguyễn Dương Thái,25/11/2016,https://files.customs.gov.vn/CustomsCMS/TP_HO_CHI_MINH/2020/Web/Data/DocumentAttachments/11114-TB-TCHQ.tif,https://www.customs.gov.vn/index.jsp?pageId=3&id=54890&cid=1294,2016,11/2016,2026-10-08T09:28:26Z
1181,11120/TB-TCHQ,25/11/2016,Tổng cục hải quan,"Dây thép hợp kim, trong đó Bo và Crom là nguyên tố quyết định yếu tố thép hợp kim (hàm lượng B > 0,0008% và Cr ≈ 0,4689% tính theo trọng lượng), mạ kẽm.",52854,305,16,TP_HO_CHI_MINH,Nguyễn Dương Thái,25/11/2016,https://files.customs.gov.vn/CustomsCMS/TP_HO_CHI_MINH/2020/Web/Data/DocumentAttachments/11120-TB-TCHQ.tif,https://www.customs.gov.vn/index.jsp?pageId=3&id=52854&cid=1294,2016,11/2016,2026-10-08T09:28:26Z
1182,11121/TB-TCHQ,25/11/2016,Tổng cục hải quan,"Dây thép hợp kim, trong đó Bo và Crom là nguyên tố quyết định yếu tố thép hợp kim (hàm lượng B > 0,0008% và Cr ≈ 0,4097% tính theo trọng lượng), mạ kẽm.",58377,305,16,TP_HO_CHI_MINH,Nguyễn Dương Thái,25/11/2016,https://files.customs.gov.vn/CustomsCMS/TP_HO_CHI_MINH/2020/Web/Data/DocumentAttachments/11121-TB-TCHQ.tif,https://www.customs.gov.vn/index.jsp?pageId=3&id=58377&cid=1294,2016,11/2016,2026-10-08T09:28:26Z
1183,11155/TCHQ-TXNK,25/11/2016,Tổng cục hải quan,V/v phân loại mặt hàng “Khoai tây chiên Jacker”,55280,305,16,TP_HO_CHI_MINH,Trịnh Mạc Linh,25/11/2016,https://files.customs.gov.vn/CustomsCMS/TP_HO_CHI_MINH/2020/Web/Data/DocumentAttachments/11155-TCHQ-TXNK.tif,https://www.customs.gov.vn/index.jsp?pageId=3&id=55280&cid=1294,2016,11/2016,2026-10-08T09:28:26Z
1184,11171/TB-TCHQ,25/11/2016,Tổng cục hải quan,"Chế phẩm dùng xử lý giấy không chứa dầu khoáng nguồn gốc dầu mỏ, không chứa dầu silicon, dạng lỏng.",57792,305,16,TP_HO_CHI_MINH,Nguyễn Dương Thái,25/11/2016,https://files.customs.gov.vn/CustomsCMS/TP_HO_CHI_MINH/2020/Web/Data/DocumentAttachments/11171-TB-TCHQ.tif,https://www.customs.gov.vn/index.jsp?pageId=3&id=57792&cid=1294,2016,11/2016,2026-10-08T09:28:26Z
1185,11172/TB-TCHQ,25/11/2016,Tổng cục hải quan,"Vải gồm 02 lớp dính ép vào nhau: lớp nền là vải dệt kim sợi ngang, thành phần 100% polyester, đã nhuộm, trọng lượng 172 g/m2; lớp mặt là vải dệt kim sợi ngang, thành phần 85% xơ polyester và 15% xơ len, đã nhuộm, trọng lượng 514 g/m2; dạng cuộn, khổ lớn hơn 0,5m.",54625,305,16,TP_HO_CHI_MINH,Nguyễn Dương Thái,25/11/2016,https://files.customs.gov.vn/CustomsCMS/TP_HO_CHI_MINH/2020/Web/Data/DocumentAttachments/11172-TB-TCHQ.tif,https://www.customs.gov.vn/index.jsp?pageId=3&id=54625&cid=1294,2016,11/2016,2026-10-08T09:28:26Z
1186,11173/TB-TCHQ,25/11/2016,Tổng cục hải quan,"Vải dệt thoi, thành phần 49% filament polyester không dún, 43% staple polyester và 8% staple visco, đã nhuộm, chưa tráng phủ hay ngâm tẩm, trọng lượng 442 g/m2, dạng cuộn, khổ lớn hơn 0,5m.",58610,305,16,TP_HO_CHI_MINH,Nguyễn Dương Thái,25/11/2016,https://files.customs.gov.vn/CustomsCMS/TP_HO_CHI_MINH/2020/Web/Data/DocumentAttachments/11173-TB-TCHQ.tif,https://www.customs.gov.vn/index.jsp?pageId=3&id=58610&cid=1294,2016,11/2016,2026-10-08T09:28:26Z
1187,11176/TB-TCHQ,25/11/2016,Tổng cục hải quan,"Dạng ống mềm, làm từ plastic, loại 35/12, dài 800mm; dùng bọc cách điện, bảo vệ dây điện trung thế (24KV) tại đoạn đầu nối cáp điện, dùng nhiệt làm chảy co kích thước khi bọc nên thường gọi là ống co nhiệt. Tên thương mại: 3M Heat Shrink medium voltage terminations, CXL ATT 35/12 800mm, Part Number-IA31032234. Hiệu 3M.",54100,305,16,TP_HO_CHI_MINH,Nguyễn Dương Thái,25/11/2016,https://files.customs.gov.vn/CustomsCMS/TP_HO_CHI_MINH/2020/Web/Data/DocumentAttachments/11176-TB-TCHQ.tif,https://www.customs.gov.vn/index.jsp?pageId=3&id=54100&cid=1294,2016,11/2016,2026-10-08T09:28:26Z
1188,11177/TB-TCHQ,25/11/2016,Tổng cục hải quan,"Dạng đĩa, làm từ plastic, 35mm(D2)/95mm(D1); dùng bọc cách điện, bảo vệ dây điện trung thế (24KV) tại đoạn đầu nối cáp điện và có tác dụng chống đọng nước, dùng nhiệt làm chảy co kích thước lỗ khi bọc. Tên thương mại: Antitracking cable rainshed, Rainshed 1 coated-3PCES1-With Prited, Part Number-IB310313603. Hiệu 3M.",54376,305,16,TP_HO_CHI_MINH,Nguyễn Dương Thái,25/11/2016,https://files.customs.gov.vn/CustomsCMS/TP_HO_CHI_MINH/2020/Web/Data/DocumentAttachments/11177-TB-TCHQ.tif,https://www.customs.gov.vn/index.jsp?pageId=3&id=54376&cid=1294,2016,11/2016,2026-10-08T09:28:26Z
1189,11178/TB-TCHQ,25/11/2016,Tổng cục hải quan,"Dạng đầu chia từ 01 ống lớn thành 03 ống nhỏ đi ra, làm từ plastic; dùng bọc cách điện, bảo vệ (chống đọng nước, UV, tác hại môi trường) dây điện trung thế (24KV) tại đoạn đầu nối cáp dẫn điện, từ 01 dây cáp dẫn điện lớn phân ra thành 03 đường dây cáp dẫn điện nhỏ, dùng nhiệt làm chảy co kích thước lỗ khi bọc. Tên thương mại: Breakout 3W 1330 Coated HS DGN/PS/E/055/00 1-1, Part Number-IB310313637. Hiệu 3M.",52349,305,16,TP_HO_CHI_MINH,Nguyễn Dương Thái,25/11/2016,https://files.customs.gov.vn/CustomsCMS/TP_HO_CHI_MINH/2020/Web/Data/DocumentAttachments/11178-TB-TCHQ.tif,https://www.customs.gov.vn/index.jsp?pageId=3&id=52349&cid=1294,2016,11/2016,2026-10-08T09:28:26Z
1190,16875/BTC-PC,25/11/2016,Bộ Tài chính,V/v tăng cường công tác quản lý đối với mặt hàng ô tô nhập khẩu,58344,305,16,TP_HO_CHI_MINH,Vũ Thị Mai,25/11/2016,https://files.customs.gov.vn/CustomsCMS/TP_HO_CHI_MINH/2020/Web/Data/DocumentAttachments/16875_BTC-PC_332272.doc,https://www.customs.gov.vn/index.jsp?pageId=3&id=58344&cid=1294,2016,11/2016,2026-10-08T09:28:26Z
1191,2903/BC-HQĐNg,25/11/2016,null,"Báo cáo tổng kết tình hình thực hiện công tác năm 2016, phương hướng nhiệm vụ năm 2017",76181,305,16,DA_NANG,Nguyễn Tiến Thọ,25/11/2016,https://files.customs.gov.vn/DA_NANG/Uploads/65e32243-11bf-4695-985d-c1563e8c13ba/BC2903HQDNg_BCTongKet2016.tif,https://www.customs.gov.vn/index.jsp?pageId=3&id=76181&cid=1294,2016,11/2016,2026-10-08T09:28:26Z
1192,32/CT-TTG,25/11/2016,Thủ tướng Chính phủ,Chỉ thị 32/CT-TTg năm 2016 về tăng cường công tác kiểm soát tải trọng phương tiện giao thông do Thủ tướng Chính phủ ban hành,52276,305,3,TP_HO_CHI_MINH,Nguyễn Xuân Phúc,25/11/2016,https://files.customs.gov.vn/CustomsCMS/TP_HO_CHI_MINH/2020/Web/Data/DocumentAttachments/32_CT-TTg_331794.doc,https://www.customs.gov.vn/index.jsp?pageId=3&id=52276&cid=1294,2016,11/2016,2026-10-08T09:28:26Z
1193,11092/TCHQ-TXNK,24/11/2016,Tổng cục hải quan,V/v Mã số mặt hàng thép (Công ty cổ phần tập đoàn thép Tiến Lên),66637,305,16,DONG_NAI,null,null,,https://www.customs.gov.vn/index.jsp?pageId=3&id=66637&cid=1294,2016,11/2016,2026-10-08T09:28:26Z
1194,2576/HQĐNa-GSQL,24/11/2016,Cục Hải Quan tỉnh Đồng Nai,"V/v Công tác quản lý, sử dụng hình ảnh camera giám sát lắp đặt tại DNCX",66639,305,16,DONG_NAI,null,null,https://files.customs.gov.vn/DONG_NAI//Data/Cv_Hqdn/2576_HQDNa_GSQL_24_11_2016.pdf,https://www.customs.gov.vn/index.jsp?pageId=3&id=66639&cid=1294,2016,11/2016,2026-10-08T09:28:26Z
1195,11039-11139/TCHQ-TXNK,23/11/2016,null,"Thông báo kết quả phân loại đối với hàng hóa xuất khẩu, nhập khẩu",76180,305,16,DA_NANG,Nguyễn Dương Thái,23/11/2016,https://files.customs.gov.vn/DA_NANG/Uploads/65e32243-11bf-4695-985d-c1563e8c13ba/11039-11139.tif,https://www.customs.gov.vn/index.jsp?pageId=3&id=76180&cid=1294,2016,11/2016,2026-10-08T09:28:26Z
1196,11040/TB-TCHQ,23/11/2016,Tổng cục hải quan,"Thép hợp kim, trong đó Ti là nguyên tố duy nhất quyết định thép hợp kim (hàm lượng Ti ~ 0,054% tính theo trọng lượng), dạng thanh, cán nóng, mặt cắt ngang hình tròn, chưa tráng phủ mạ.",57016,305,16,TP_HO_CHI_MINH,Nguyễn Dương Thái,23/11/2016,https://files.customs.gov.vn/CustomsCMS/TP_HO_CHI_MINH/2020/Web/Data/DocumentAttachments/11040-TB-TCHQ.tif,https://www.customs.gov.vn/index.jsp?pageId=3&id=57016&cid=1294,2016,11/2016,2026-10-08T09:28:26Z
1197,11041/TB-TCHQ,23/11/2016,Tổng cục hải quan,"Thép hợp kim, trong đó Cr là nguyên tố duy nhất quyết định thép hợp kim (hàm lượng Cr ~ 0,35% tính theo trọng lượng), dạng thanh, cán nóng, mặt cắt ngang hình tròn, chưa tráng phủ mạ.",57215,305,16,TP_HO_CHI_MINH,Nguyễn Dương Thái,23/11/2016,https://files.customs.gov.vn/CustomsCMS/TP_HO_CHI_MINH/2020/Web/Data/DocumentAttachments/11041-TB-TCHQ.tif,https://www.customs.gov.vn/index.jsp?pageId=3&id=57215&cid=1294,2016,11/2016,2026-10-08T09:28:26Z
1198,11042/TB-TCHQ,23/11/2016,Tổng cục hải quan,"Thép hợp kim, trong đó Cr là nguyên tố duy nhất quyết định thép hợp kim (hàm lượng C ~ 0,91%, Cr ~ 1,48% tính theo trọng lượng), dạng thanh, cán nóng, mặt cắt ngang hình tròn, chưa tráng phủ mạ.",53673,305,16,TP_HO_CHI_MINH,Nguyễn Dương Thái,23/11/2016,https://files.customs.gov.vn/CustomsCMS/TP_HO_CHI_MINH/2020/Web/Data/DocumentAttachments/11042-TB-TCHQ.tif,https://www.customs.gov.vn/index.jsp?pageId=3&id=53673&cid=1294,2016,11/2016,2026-10-08T09:28:26Z
1199,11043/TB-TCHQ,23/11/2016,Tổng cục hải quan,"Thép hợp kim, trong đó Cr là nguyên tố duy nhất quyết định thép hợp kim (hàm lượng Cr ~ 1,00% tính theo trọng lượng), dạng thanh, cán nóng, mặt cắt ngang hình tròn, chưa tráng phủ mạ.",56234,305,16,TP_HO_CHI_MINH,Nguyễn Dương Thái,23/11/2016,https://files.customs.gov.vn/CustomsCMS/TP_HO_CHI_MINH/2020/Web/Data/DocumentAttachments/11043-TB-TCHQ.tif,https://www.customs.gov.vn/index.jsp?pageId=3&id=56234&cid=1294,2016,11/2016,2026-10-08T09:28:26Z
1200,11047/TB-TCHQ,23/11/2016,Tổng cục hải quan,"Thép hợp kim, trong đó B là nguyên tố duy nhất quyết định thép hợp kim (hàm lượng B > 0,0008% tính theo trọng lượng), dạng thanh, cán nóng, mặt cắt ngang hình tròn.",55519,305,16,TP_HO_CHI_MINH,Nguyễn Dương Thái,23/11/2016,https://files.customs.gov.vn/CustomsCMS/TP_HO_CHI_MINH/2020/Web/Data/DocumentAttachments/11047-TB-TCHQ.tif,https://www.customs.gov.vn/index.jsp?pageId=3&id=55519&cid=1294,2016,11/2016,2026-10-08T09:28:26Z
1201,2566/TXNK-PL,23/11/2016,Tổng cục hải quan,V/v Hướng dẫn khai báo mã hiệu của sản phẩm trên tờ khai Hải quan (Công ty TNHH Omron Việt Nam),66638,305,16,DONG_NAI,null,null,,https://www.customs.gov.vn/index.jsp?pageId=3&id=66638&cid=1294,2016,11/2016,2026-10-08T09:28:26Z
1202,10987-11011/TCHQ-TXNK,22/11/2016,null,"Thông báo kết quả phân loại đối với hàng hóa xuất khẩu, nhập khẩu",76179,305,16,DA_NANG,Nguyễn Dương Thái,22/11/2016,https://files.customs.gov.vn/DA_NANG/Uploads/65e32243-11bf-4695-985d-c1563e8c13ba/10987-11011.tif,https://www.customs.gov.vn/index.jsp?pageId=3&id=76179&cid=1294,2016,11/2016,2026-10-08T09:28:26Z
1203,11005/TCHQ-TXNK,22/11/2016,Tổng cục hải quan,V/v phân loại mặt hàng MTBE,55511,305,16,TP_HO_CHI_MINH,Trịnh Mạc Linh,22/11/2016,https://files.customs.gov.vn/CustomsCMS/TP_HO_CHI_MINH/2020/Web/Data/DocumentAttachments/11005-TCHQ-TXNK.tif,https://www.customs.gov.vn/index.jsp?pageId=3&id=55511&cid=1294,2016,11/2016,2026-10-08T09:28:26Z
1204,11006/TCHQ-TXNK,22/11/2016,Tổng cục hải quan,V/v thay đổi tiểu mục hạch toán thuế TTĐB,53222,305,16,TP_HO_CHI_MINH,Lê Mạnh Hùng,22/11/2016,https://files.customs.gov.vn/CustomsCMS/TP_HO_CHI_MINH/2020/Web/Data/DocumentAttachments/11006-TCHQ-TXNK.tif,https://www.customs.gov.vn/index.jsp?pageId=3&id=53222&cid=1294,2016,11/2016,2026-10-08T09:28:26Z
1205,11009/TB-TCHQ,22/11/2016,Tổng cục hải quan,"Thép hợp kim, trong đó Bo là nguyên tố duy nhất quyết định yếu tố thép hợp kim (hàm lượng B > 0,0008% tính theo trọng lượng), dạng hình, cán nóng.",54967,305,16,TP_HO_CHI_MINH,Nguyễn Dương Thái,22/11/2016,https://files.customs.gov.vn/CustomsCMS/TP_HO_CHI_MINH/2020/Web/Data/DocumentAttachments/11009-TB-TCHQ.tif,https://www.customs.gov.vn/index.jsp?pageId=3&id=54967&cid=1294,2016,11/2016,2026-10-08T09:28:26Z
1206,11010/TB-TCHQ,22/11/2016,Tổng cục hải quan,"Thép hợp kim, trong đó Crom là nguyên tố duy nhất quyết định yếu tố thép hợp kim (hàm lượng Cr ≈ 0,367%÷0,374% tính theo trọng lượng), dạng hình, cán nóng.",57791,305,16,TP_HO_CHI_MINH,Nguyễn Dương Thái,22/11/2016,https://files.customs.gov.vn/CustomsCMS/TP_HO_CHI_MINH/2020/Web/Data/DocumentAttachments/11010-TB-TCHQ.tif,https://www.customs.gov.vn/index.jsp?pageId=3&id=57791&cid=1294,2016,11/2016,2026-10-08T09:28:26Z
1207,11011/TB-TCHQ,22/11/2016,Tổng cục hải quan,"Thép hợp kim, trong đó Bo là nguyên tố duy nhất quyết định yếu tố thép hợp kim (hàm lượng B > 0,0008% tính theo trọng lượng), dạng hình, cán nóng.",57474,305,16,TP_HO_CHI_MINH,Nguyễn Dương Thái,22/11/2016,https://files.customs.gov.vn/CustomsCMS/TP_HO_CHI_MINH/2020/Web/Data/DocumentAttachments/11011-TB-TCHQ.tif,https://www.customs.gov.vn/index.jsp?pageId=3&id=57474&cid=1294,2016,11/2016,2026-10-08T09:28:26Z
1208,10954/TB-TCHQ,21/11/2016,Tổng cục hải quan,"Thép hợp kim, trong đó Bo là nguyên tố duy nhất quyết định yếu tố thép hợp kim (hàm lượng B > 0,0008% tính theo trọng lượng), dạng hình, cán nóng.",52650,305,16,TP_HO_CHI_MINH,Nguyễn Dương Thái,21/11/2016,https://files.customs.gov.vn/CustomsCMS/TP_HO_CHI_MINH/2020/Web/Data/DocumentAttachments/10954-TB-TCHQ.tif,https://www.customs.gov.vn/index.jsp?pageId=3&id=52650&cid=1294,2016,11/2016,2026-10-08T09:28:26Z
1209,10955/TB-TCHQ,21/11/2016,Tổng cục hải quan,"Thép hợp kim, trong đó Bo là nguyên tố duy nhất quyết định yếu tố thép hợp kim (hàm lượng B > 0,0008% tính theo trọng lượng), dạng góc, cán nóng.",56355,305,16,TP_HO_CHI_MINH,Nguyễn Dương Thái,21/11/2016,https://files.customs.gov.vn/CustomsCMS/TP_HO_CHI_MINH/2020/Web/Data/DocumentAttachments/10955-TB-TCHQ.tif,https://www.customs.gov.vn/index.jsp?pageId=3&id=56355&cid=1294,2016,11/2016,2026-10-08T09:28:26Z
1210,10956/TB-TCHQ,21/11/2016,Tổng cục hải quan,"Thép hợp kim - Cr>0,3% tính theo trọng lượng (Crom là nguyên to duy nhất quyết định yếu tố hợp kim của thép), cán nóng, dạng thanh hình, chưa qua sơn, phủ, mạ hoặc tráng. Kích cỡ: (400 x 400 x 13 x 21 x 12000)mm.",58052,305,16,TP_HO_CHI_MINH,Nguyễn Dương Thái,21/11/2016,https://files.customs.gov.vn/CustomsCMS/TP_HO_CHI_MINH/2020/Web/Data/DocumentAttachments/10956-TB-TCHQ.tif,https://www.customs.gov.vn/index.jsp?pageId=3&id=58052&cid=1294,2016,11/2016,2026-10-08T09:28:26Z
1211,10957/TB-TCHQ,21/11/2016,Tổng cục hải quan,"Thép hợp kim, trong đó Bo là nguyên tố duy nhất quyết định yếu tố thép hợp kim (hàm lượng B > 0,0008% tính theo trọng lượng), dạng hình, cán nóng.",54961,305,16,TP_HO_CHI_MINH,Nguyễn Dương Thái,21/11/2016,https://files.customs.gov.vn/CustomsCMS/TP_HO_CHI_MINH/2020/Web/Data/DocumentAttachments/10957-TB-TCHQ.tif,https://www.customs.gov.vn/index.jsp?pageId=3&id=54961&cid=1294,2016,11/2016,2026-10-08T09:28:26Z
1212,10961/TB-TCHQ,21/11/2016,Tổng cục hải quan,"Thép hợp kim, trong đó Cr là nguyên tố duy nhất quyết định yếu tố thép hợp kim (hàm lượng Cr ≈ 0,379% ÷ 0,409% tính theo trọng lượng), dạng hình, cán nóng.",56372,305,16,TP_HO_CHI_MINH,Nguyễn Dương Thái,21/11/2016,https://files.customs.gov.vn/CustomsCMS/TP_HO_CHI_MINH/2020/Web/Data/DocumentAttachments/10961-TB-TCHQ.tif,https://www.customs.gov.vn/index.jsp?pageId=3&id=56372&cid=1294,2016,11/2016,2026-10-08T09:28:26Z
1213,10962/TB-TCHQ,21/11/2016,Tổng cục hải quan,"Thép hợp kim, trong đó Bo là nguyên tố duy nhất quyết định yếu tố thép hợp kim (hàm lượng B > 0,0008% tính theo trọng lượng), dạng hình, cán nóng.",57785,305,16,TP_HO_CHI_MINH,Nguyễn Dương Thái,21/11/2016,https://files.customs.gov.vn/CustomsCMS/TP_HO_CHI_MINH/2020/Web/Data/DocumentAttachments/10962-TB-TCHQ.tif,https://www.customs.gov.vn/index.jsp?pageId=3&id=57785&cid=1294,2016,11/2016,2026-10-08T09:28:26Z
1214,10969/TB-TCHQ,21/11/2016,Tổng cục hải quan,"Thép hợp kim, trong đó Bo là nguyên tố duy nhất quyết định yếu tố thép hợp kim (hàm lượng B > 0,0008% tính theo trọng lượng), dạng hình, cán nóng.",53128,305,16,TP_HO_CHI_MINH,Nguyễn Dương Thái,21/11/2016,https://files.customs.gov.vn/CustomsCMS/TP_HO_CHI_MINH/2020/Web/Data/DocumentAttachments/10969-TB-TCHQ.tif,https://www.customs.gov.vn/index.jsp?pageId=3&id=53128&cid=1294,2016,11/2016,2026-10-08T09:28:26Z
1215,10971/TB-TCHQ,21/11/2016,Tổng cục hải quan,"Máy làm sạch bề mặt sàn nhà (floor); các chức năng thực hiện: chà sàn, hút nước, hút bụi... bề mặt cứng; chức năng hút các chất bẩn và nước bằng chân không; sử dụng trong các văn phòng, nhà xưởng, nhà kho, nhà hàng, quán ăn... sử dụng 02 động cơ điện, điện áp 220-230V/50Hz, tổng công suất lớn nhất 2250W, dung tích ngăn nước sạch 22 lít, bình chứa nước dơ 24 lít, kích thước (900 x 630 x 875)mm, trọng lượng 52kg. Hiệu HiClean, model HC 460C.",58225,305,16,TP_HO_CHI_MINH,Nguyễn Dương Thái,21/11/2016,https://files.customs.gov.vn/CustomsCMS/TP_HO_CHI_MINH/2020/Web/Data/DocumentAttachments/10971-TB-TCHQ.tif,https://www.customs.gov.vn/index.jsp?pageId=3&id=58225&cid=1294,2016,11/2016,2026-10-08T09:28:26Z
1216,10972/TB-TCHQ,21/11/2016,Tổng cục hải quan,"Máy chà sàn, làm sạch bề mặt sàn bằng bàn chải cứng (hard brush) và bàn chải mềm (soft brush), sử dụng trong các văn phòng lớn, nhà xưởng, nhà kho, nhà hàng, quán ăn... động cơ điện công suất 1200W, điện áp 220V/50Hz. Trọng lượng 48kg. Hiệu HiClean, model HC 154A.",57423,305,16,TP_HO_CHI_MINH,Nguyễn Dương Thái,21/11/2016,https://files.customs.gov.vn/CustomsCMS/TP_HO_CHI_MINH/2020/Web/Data/DocumentAttachments/10972-TB-TCHQ.tif,https://www.customs.gov.vn/index.jsp?pageId=3&id=57423&cid=1294,2016,11/2016,2026-10-08T09:28:26Z
1217,10973/TB-TCHQ,21/11/2016,Tổng cục hải quan,"Máy chà sàn, làm sạch bề mặt sàn bằng bàn chải cứng (hard brush) và bàn chải mềm (soft brush), sử dụng trong các văn phòng lớn, nhà xưởng, nhà kho, nhà hàng, quán ăn... động cơ điện công suất 1200W, điện áp 220V/50Hz. Trọng lượng 38,2kg. Hiệu HiClean, model HC 522A.",56187,305,16,TP_HO_CHI_MINH,Nguyễn Dương Thái,21/11/2016,https://files.customs.gov.vn/CustomsCMS/TP_HO_CHI_MINH/2020/Web/Data/DocumentAttachments/10973-TB-TCHQ.tif,https://www.customs.gov.vn/index.jsp?pageId=3&id=56187&cid=1294,2016,11/2016,2026-10-08T09:28:26Z
1218,10984/TCHQ-GSQL,21/11/2016,Tổng cục hải quan,V/v áp dụng các chức năng mới trên Hệ thống e-Customs V5 để hỗ trợ thực hiện TTHQĐT trên Hệ thống VNACCS,55287,305,16,TP_HO_CHI_MINH,Vũ Ngọc Anh,21/11/2016,https://files.customs.gov.vn/CustomsCMS/TP_HO_CHI_MINH/2020/Web/Data/DocumentAttachments/10984-TCHQ-GSQL.tif,https://www.customs.gov.vn/index.jsp?pageId=3&id=55287&cid=1294,2016,11/2016,2026-10-08T09:28:26Z
1219,10892/TB-TCHQ,18/11/2016,Tổng cục hải quan,"Mẫu có thành phần chính là Polypropylene glycol, nguyên sinh.",58258,305,16,TP_HO_CHI_MINH,Nguyễn Dương Thái,18/11/2016,https://files.customs.gov.vn/CustomsCMS/TP_HO_CHI_MINH/2020/Web/Data/DocumentAttachments/10892-TB-TCHQ.tif,https://www.customs.gov.vn/index.jsp?pageId=3&id=58258&cid=1294,2016,11/2016,2026-10-08T09:28:26Z
1220,10894/TB-TCHQ,18/11/2016,Tổng cục hải quan,"Chế phẩm hóa học có chứa đồng (II) cacbonat, natri sulfat và phụ gia, dạng rắn.",53612,305,16,TP_HO_CHI_MINH,Nguyễn Dương Thái,18/11/2016,https://files.customs.gov.vn/CustomsCMS/TP_HO_CHI_MINH/2020/Web/Data/DocumentAttachments/10894-TB-TCHQ.tif,https://www.customs.gov.vn/index.jsp?pageId=3&id=53612&cid=1294,2016,11/2016,2026-10-08T09:28:26Z
1221,10900/TCHQ-TXNK,18/11/2016,Tổng cục hải quan,V/v Hoàn thuế GTGT cho người nước ngoài (Global Blue),66632,305,16,DONG_NAI,null,null,,https://www.customs.gov.vn/index.jsp?pageId=3&id=66632&cid=1294,2016,11/2016,2026-10-08T09:28:26Z
1222,10929-10974/TCHQ-TXNK,18/11/2016,null,"Thông báo kết quả phân loại đối với hàng hóa xuất khẩu, nhập khẩu",76178,305,16,DA_NANG,Nguyễn Dương Thái,18/11/2016,https://files.customs.gov.vn/DA_NANG/Uploads/65e32243-11bf-4695-985d-c1563e8c13ba/10929-10974.tif,https://www.customs.gov.vn/index.jsp?pageId=3&id=76178&cid=1294,2016,11/2016,2026-10-08T09:28:26Z
1223,155/2016/NÐ-CP,18/11/2016,Chính phủ,Nghị định 155/2016/NĐ-CP quy định về xử phạt vi phạm hành chính trong lĩnh vực bảo vệ môi trường,57592,305,8,TP_HO_CHI_MINH,Nguyễn Xuân Phúc,01/02/2017,https://files.customs.gov.vn/CustomsCMS/TP_HO_CHI_MINH/2020/Web/Data/DocumentAttachments/155_2016_ND-CP_331295.doc,https://www.customs.gov.vn/index.jsp?pageId=3&id=57592&cid=1294,2016,11/2016,2026-10-08T09:28:26Z
1224,01/2016/QH14,17/11/2016,Quốc hội,Luật đấu giá tài sản 2016,53891,305,13,TP_HO_CHI_MINH,Nguyễn Thị Kim Ngân,01/07/2017,https://files.customs.gov.vn/CustomsCMS/TP_HO_CHI_MINH/2020/Web/Data/DocumentAttachments/01_2016_QH14_280115.doc,https://www.customs.gov.vn/index.jsp?pageId=3&id=53891&cid=1294,2016,11/2016,2026-10-08T09:28:26Z
1225,10862/TCHQ-TXNK,17/11/2016,Tổng cục hải quan,V/v Mã số mặt hàng nhôm (Công ty cổ phần bao bì và in nông nghiệp),66633,305,16,DONG_NAI,null,null,,https://www.customs.gov.vn/index.jsp?pageId=3&id=66633&cid=1294,2016,11/2016,2026-10-08T09:28:26Z
1226,10866/TCHQ-TXNK,17/11/2016,Tổng cục hải quan,V/v phân loại “Dây chuyền sản xuất sữa đậu nành dùng trong công nghiệp”,58050,305,16,TP_HO_CHI_MINH,Nguyễn Dương Thái,17/11/2016,https://files.customs.gov.vn/CustomsCMS/TP_HO_CHI_MINH/2020/Web/Data/DocumentAttachments/10866-TCHQ-TXNK.tif,https://www.customs.gov.vn/index.jsp?pageId=3&id=58050&cid=1294,2016,11/2016,2026-10-08T09:28:26Z
1227,10867-10914/TCHQ-TXNK,17/11/2016,null,"Thông báo kết quả phân loại đối với hàng hóa xuất khẩu, nhập khẩu",76177,305,16,DA_NANG,Nguyễn Dương Thái,17/11/2016,https://files.customs.gov.vn/DA_NANG/Uploads/65e32243-11bf-4695-985d-c1563e8c13ba/10867-10914.tif,https://www.customs.gov.vn/index.jsp?pageId=3&id=76177&cid=1294,2016,11/2016,2026-10-08T09:28:26Z
1228,10868/TB-TCHQ,17/11/2016,Tổng cục hải quan,"Camera quan sát kỹ thuật số, model GV-FER5303, độ phân giải 5Mpx, hỗ trợ đàm thoại 2 chiều thông qua loa và micro, có khe cắm thẻ nhớ MicroSD để ghi lại hình ảnh.",55541,305,16,TP_HO_CHI_MINH,Nguyễn Dương Thái,17/11/2016,https://files.customs.gov.vn/CustomsCMS/TP_HO_CHI_MINH/2020/Web/Data/DocumentAttachments/10868-TB-TCHQ.tif,https://www.customs.gov.vn/index.jsp?pageId=3&id=55541&cid=1294,2016,11/2016,2026-10-08T09:28:26Z
1229,401/VP-TH,17/11/2016,Tổng cục hải quan,"V/v Thông tin chào bán sách nghiệp vụ hải quan (HQ các tỉnh, thành phố)",66635,305,16,DONG_NAI,null,null,https://files.customs.gov.vn/DONG_NAI//Data/CV_TCHQ/401_VP_TH_17_11_2016.PDF,https://www.customs.gov.vn/index.jsp?pageId=3&id=66635&cid=1294,2016,11/2016,2026-10-08T09:28:26Z
1230,10826/TB-TCHQ,16/11/2016,Tổng cục hải quan,"Sản phẩm không dệt từ Filament polypropylen, màu trắng, chưa được ngâm tẩm, tráng, phủ hoặc ép lớp, định lượng 37 g/m2, dạng cuộn, khổ 36cm.",55402,305,16,TP_HO_CHI_MINH,Nguyễn Dương Thái,16/11/2016,https://files.customs.gov.vn/CustomsCMS/TP_HO_CHI_MINH/2020/Web/Data/DocumentAttachments/10826-TB-TCHQ.tif,https://www.customs.gov.vn/index.jsp?pageId=3&id=55402&cid=1294,2016,11/2016,2026-10-08T09:28:26Z
1231,10827/TB-TCHQ,16/11/2016,Tổng cục hải quan,"Vải dệt thoi - kiểu dệt vân điểm, thành phần 59% staple polyester; 1% filament polyester và 40% cotton, vải đi từ sợi có màu khác nhau, vải dạng cuộn, khổ 1,5m, trọng lượng vải 117 g/m2.",55234,305,16,TP_HO_CHI_MINH,Nguyễn Dương Thái,16/11/2016,https://files.customs.gov.vn/CustomsCMS/TP_HO_CHI_MINH/2020/Web/Data/DocumentAttachments/10827-TB-TCHQ.tif,https://www.customs.gov.vn/index.jsp?pageId=3&id=55234&cid=1294,2016,11/2016,2026-10-08T09:28:26Z
1232,10828/TB-TCHQ,16/11/2016,Tổng cục hải quan,"Sợi dún, thành phần gồm filament polyeste ~ 70% và filament nylon ~ 30%, độ mảnh sợi ~ 69 decitex, chưa đóng gói bán lẻ.",58507,305,16,TP_HO_CHI_MINH,Nguyễn Dương Thái,16/11/2016,https://files.customs.gov.vn/CustomsCMS/TP_HO_CHI_MINH/2020/Web/Data/DocumentAttachments/10828-TB-TCHQ.tif,https://www.customs.gov.vn/index.jsp?pageId=3&id=58507&cid=1294,2016,11/2016,2026-10-08T09:28:26Z
1233,2476/TXNK-CST,16/11/2016,Tổng cục hải quan,V/v Sản phẩm xuất khẩu có nguồn gốc từ toàn bộ nguyên liệu nhập khẩu (Công ty TNHH công nghiệp gốm sứ Xie Xing),66634,305,16,DONG_NAI,null,null,,https://www.customs.gov.vn/index.jsp?pageId=3&id=66634&cid=1294,2016,11/2016,2026-10-08T09:28:26Z
1234,10789-10800/TCHQ-TXNK,15/11/2016,null,"Thông báo kết quả phân loại đối với hàng hóa xuất khẩu, nhập khẩu",76174,305,16,DA_NANG,Nguyễn Dương Thái,15/11/2016,https://files.customs.gov.vn/DA_NANG/Uploads/65e32243-11bf-4695-985d-c1563e8c13ba/10789-10800.tif,https://www.customs.gov.vn/index.jsp?pageId=3&id=76174&cid=1294,2016,11/2016,2026-10-08T09:28:26Z
1235,10790/TB-TCHQ,15/11/2016,Tổng cục hải quan,"Chế phẩm hóa học có thành phần chính là hỗn hợp axit phosphoric, muối phosphat và phụ gia, dạng lỏng.",56591,305,16,TP_HO_CHI_MINH,Nguyễn Dương Thái,15/11/2016,https://files.customs.gov.vn/CustomsCMS/TP_HO_CHI_MINH/2020/Web/Data/DocumentAttachments/10790-TB-TCHQ.tif,https://www.customs.gov.vn/index.jsp?pageId=3&id=56591&cid=1294,2016,11/2016,2026-10-08T09:28:26Z
1236,10791/TB-TCHQ,15/11/2016,Tổng cục hải quan,"Chế phẩm hóa học có thành phần chính là hợp chất trao đổi ion, muối phosphat và phụ gia, dạng lỏng.",55696,305,16,TP_HO_CHI_MINH,Nguyễn Dương Thái,15/11/2016,https://files.customs.gov.vn/CustomsCMS/TP_HO_CHI_MINH/2020/Web/Data/DocumentAttachments/10791-TB-TCHQ.tif,https://www.customs.gov.vn/index.jsp?pageId=3&id=55696&cid=1294,2016,11/2016,2026-10-08T09:28:26Z
1237,10811-10832/TCHQ-TXNK,15/11/2016,null,"Thông báo kết quả phân loại đối với hàng hóa xuất khẩu, nhập khẩu",76175,305,16,DA_NANG,Nguyễn Dương Thái,15/11/2016,https://files.customs.gov.vn/DA_NANG/Uploads/65e32243-11bf-4695-985d-c1563e8c13ba/10811-10832.tif,https://www.customs.gov.vn/index.jsp?pageId=3&id=76175&cid=1294,2016,11/2016,2026-10-08T09:28:26Z
1238,16346/BTC-TCHQ,15/11/2016,Bộ Tài chính,V/v thuế NK đối với hàng hóa của công ty cho thuê tài chính,56107,305,16,TP_HO_CHI_MINH,Nguyễn Dương Thái,15/11/2016,https://files.customs.gov.vn/CustomsCMS/TP_HO_CHI_MINH/2020/Web/Data/DocumentAttachments/16346-BTC-TCHQ.tif,https://www.customs.gov.vn/index.jsp?pageId=3&id=56107&cid=1294,2016,11/2016,2026-10-08T09:28:26Z
1239,10711/TCHQ-TXNK,14/11/2016,Tổng cục hải quan,V/v Vướng mắc hoàn thuế GTGT (Công ty TNHH Giao nhận vận tải quốc tế Dương Minh),66630,305,16,DONG_NAI,null,null,,https://www.customs.gov.vn/index.jsp?pageId=3&id=66630&cid=1294,2016,11/2016,2026-10-08T09:28:26Z
1240,10717-10764/TCHQ-TXNK,14/11/2016,null,"Thông báo kết quả phân loại đối với hàng hóa xuất khẩu, nhập khẩu",76173,305,16,DA_NANG,Nguyễn Dương Thái,14/11/2016,https://files.customs.gov.vn/DA_NANG/Uploads/65e32243-11bf-4695-985d-c1563e8c13ba/10717-10764.tif,https://www.customs.gov.vn/index.jsp?pageId=3&id=76173&cid=1294,2016,11/2016,2026-10-08T09:28:26Z
1241,10718/TB-TCHQ,14/11/2016,Tổng cục hải quan,"Chế phẩm hóa học chứa hợp chất của phosphat, thiazole và phụ gia dùng làm chất ổn định màu trong cao su hay plastic.",58269,305,16,TP_HO_CHI_MINH,Nguyễn Dương Thái,14/11/2016,https://files.customs.gov.vn/CustomsCMS/TP_HO_CHI_MINH/2020/Web/Data/DocumentAttachments/10718-TB-TCHQ.tif,https://www.customs.gov.vn/index.jsp?pageId=3&id=58269&cid=1294,2016,11/2016,2026-10-08T09:28:26Z
1242,10719/TB-TCHQ,14/11/2016,Tổng cục hải quan,"Hỗn hợp Silicon và Copolyme etylen-vinyl axetate, ở dạng rắn. Trong đó, hàm lượng silicon trội hơn và chiếm nhỏ hơn 95% tính theo tổng trọng lượng copolyme.",54419,305,16,TP_HO_CHI_MINH,Nguyễn Dương Thái,14/11/2016,https://files.customs.gov.vn/CustomsCMS/TP_HO_CHI_MINH/2020/Web/Data/DocumentAttachments/10719-TB-TCHQ.tif,https://www.customs.gov.vn/index.jsp?pageId=3&id=54419&cid=1294,2016,11/2016,2026-10-08T09:28:26Z
1243,10720/TB-TCHQ,14/11/2016,Tổng cục hải quan,"Copolyme etylen olefin nguyên sinh, dạng hạt. Trong đó hàm lượng monome etylen trội hơn và chiếm nhỏ hơn 95% tính theo tổng trọng lượng copolyme.",57070,305,16,TP_HO_CHI_MINH,Nguyễn Dương Thái,14/11/2016,https://files.customs.gov.vn/CustomsCMS/TP_HO_CHI_MINH/2020/Web/Data/DocumentAttachments/10720-TB-TCHQ.tif,https://www.customs.gov.vn/index.jsp?pageId=3&id=57070&cid=1294,2016,11/2016,2026-10-08T09:28:26Z
1244,10732/TB-TCHQ,14/11/2016,Tổng cục hải quan,"Thép hợp kim, hàm lượng Ti ≈ 0,0676% tính theo trọng lượng, dạng tấm, chiều rộng trên 600mm, dày 0,6mm, đã được mạ kẽm bằng phương pháp điện phân.",53676,305,16,TP_HO_CHI_MINH,Nguyễn Dương Thái,14/11/2016,https://files.customs.gov.vn/CustomsCMS/TP_HO_CHI_MINH/2020/Web/Data/DocumentAttachments/10732-TB-TCHQ.tif,https://www.customs.gov.vn/index.jsp?pageId=3&id=53676&cid=1294,2016,11/2016,2026-10-08T09:28:26Z
1245,10733/TB-TCHQ,14/11/2016,Tổng cục hải quan,"Thép hợp kim, hàm lượng Ti ≈ 0,0657% tính theo trọng lượng, dạng tấm, chiều rộng trên 600mm, dày 0,5mm, đã được mạ kẽm bằng phương pháp điện phân.",53440,305,16,TP_HO_CHI_MINH,Nguyễn Dương Thái,14/11/2016,https://files.customs.gov.vn/CustomsCMS/TP_HO_CHI_MINH/2020/Web/Data/DocumentAttachments/10733-TB-TCHQ.tif,https://www.customs.gov.vn/index.jsp?pageId=3&id=53440&cid=1294,2016,11/2016,2026-10-08T09:28:26Z
1246,10735/TB-TCHQ,14/11/2016,Tổng cục hải quan,"Thép hợp kim (hàm lượng Ti ≈ 0,0719% tính theo trọng lượng), Ti là nguyên tố duy nhất quyết định thép hợp kim, dạng thanh tròn trơn, đường kính 25 mm, cán nóng, chưa tráng phủ mạ hoặc sơn.",55101,305,16,TP_HO_CHI_MINH,Nguyễn Dương Thái,14/11/2016,https://files.customs.gov.vn/CustomsCMS/TP_HO_CHI_MINH/2020/Web/Data/DocumentAttachments/10735-TB-TCHQ.tif,https://www.customs.gov.vn/index.jsp?pageId=3&id=55101&cid=1294,2016,11/2016,2026-10-08T09:28:26Z
1247,10736/TB-TCHQ,14/11/2016,Tổng cục hải quan,"Thép hợp kim (hàm lượng Ti ≈ 0,0732% tính theo trọng lượng), Ti là nguyên tố duy nhất quyết định thép hợp kim, dạng thanh tròn trơn, đường kính 28 mm, cán nóng, chưa tráng phủ mạ hoặc sơn.",57718,305,16,TP_HO_CHI_MINH,Nguyễn Dương Thái,14/11/2016,https://files.customs.gov.vn/CustomsCMS/TP_HO_CHI_MINH/2020/Web/Data/DocumentAttachments/10736-TB-TCHQ.tif,https://www.customs.gov.vn/index.jsp?pageId=3&id=57718&cid=1294,2016,11/2016,2026-10-08T09:28:26Z
1248,10737/TB-TCHQ,14/11/2016,Tổng cục hải quan,"Axit Myristic, dạng vảy.",56408,305,16,TP_HO_CHI_MINH,Nguyễn Dương Thái,14/11/2016,https://files.customs.gov.vn/CustomsCMS/TP_HO_CHI_MINH/2020/Web/Data/DocumentAttachments/10737-TB-TCHQ.tif,https://www.customs.gov.vn/index.jsp?pageId=3&id=56408&cid=1294,2016,11/2016,2026-10-08T09:28:26Z
1249,10738/TB-TCHQ,14/11/2016,Tổng cục hải quan,"Axit lauric, dạng vảy.",57709,305,16,TP_HO_CHI_MINH,Nguyễn Dương Thái,14/11/2016,https://files.customs.gov.vn/CustomsCMS/TP_HO_CHI_MINH/2020/Web/Data/DocumentAttachments/10738-TB-TCHQ.tif,https://www.customs.gov.vn/index.jsp?pageId=3&id=57709&cid=1294,2016,11/2016,2026-10-08T09:28:26Z
1250,10763/TCHQ-TXNK,14/11/2016,Tổng cục hải quan,V/v Thuế nhập khẩu và thuế GTGT máy móc chuyên dùng trong nuôi trồng thủy sản (Công ty cổ phần đầu tư và phát triển Việt Á Châu (VITACO.CORP),66631,305,16,DONG_NAI,null,null,,https://www.customs.gov.vn/index.jsp?pageId=3&id=66631&cid=1294,2016,11/2016,2026-10-08T09:28:26Z
1251,2185/QĐ-TTg,14/11/2016,Thủ tướng Chính phủ,Quyết định 2185/QĐ-TTg năm 2016 phê duyệt Kế hoạch tổng thể triển khai Cơ chế một cửa quốc gia và Cơ chế một cửa ASEAN giai đoạn 2016-2020 do Thủ tướng Chính phủ ban hành,59654,305,10,TONG_CUC,Vương Đình Huệ,14/11/2016,,https://www.customs.gov.vn/index.jsp?pageId=3&id=59654&cid=1294,2016,11/2016,2026-10-08T09:28:26Z
1252,2421/TXNK-CST,14/11/2016,Cục Thuế xuất nhập khẩu,V/v hướng dẫn áp dụng Quyết định số 2968/QĐ-BCT,52832,305,16,TP_HO_CHI_MINH,Nguyễn Ngọc Hưng,14/11/2016,https://files.customs.gov.vn/CustomsCMS/TP_HO_CHI_MINH/2020/Web/Data/DocumentAttachments/2421-TXNK-CST.tif,https://www.customs.gov.vn/index.jsp?pageId=3&id=52832&cid=1294,2016,11/2016,2026-10-08T09:28:26Z
1253,273/2016/TT-BTC,14/11/2016,Bộ Tài chính,"Thông tư 273/2016/TT-BTC quy định mức thu, miễn, chế độ thu, nộp, quản lý và sử dụng phí quyền hoạt động viễn thông và lệ phí cấp giấy phép kinh doanh dịch vụ viễn thông và giấy phép nghiệp vụ viễn thông do Bộ trưởng Bộ Tài chính ban hành",57003,305,4,TP_HO_CHI_MINH,Vũ Thị Mai,01/01/2017,https://files.customs.gov.vn/CustomsCMS/TP_HO_CHI_MINH/2020/Web/Data/DocumentAttachments/273_2016_TT-BTC_337138.doc,https://www.customs.gov.vn/index.jsp?pageId=3&id=57003&cid=1294,2016,11/2016,2026-10-08T09:28:26Z
1254,10658/TCHQ-GSQL,10/11/2016,Tổng cục hải quan,V/v thông báo kết quả xác minh,54056,305,16,TP_HO_CHI_MINH,Âu Anh Tuấn,10/11/2016,https://files.customs.gov.vn/CustomsCMS/TP_HO_CHI_MINH/2020/Web/Data/DocumentAttachments/10658-TCHQ-GSQL.tif,https://www.customs.gov.vn/index.jsp?pageId=3&id=54056&cid=1294,2016,11/2016,2026-10-08T09:28:26Z
1255,10667/TCHQ-KÐHQ,10/11/2016,Tổng cục hải quan,V/v phân tích phân loại mặt hàng “máy chiếu Viewsonic”,57441,305,16,TP_HO_CHI_MINH,Đoàn Trần Việt,10/11/2016,https://files.customs.gov.vn/CustomsCMS/TP_HO_CHI_MINH/2020/Web/Data/DocumentAttachments/10667-TCHQ-KDHQ.tif,https://www.customs.gov.vn/index.jsp?pageId=3&id=57441&cid=1294,2016,11/2016,2026-10-08T09:28:26Z
1256,214/2016/TT-BTC,10/11/2016,Bộ Tài chính,"Thông tư 214/2016/TT-BTC của Bộ Tài chính về việc quy định mức thu, chế độ thu, nộp, quản lý và sử dụng phí thẩm định nội dung tài liệu không kinh doanh để cấp giấy phép xuất bản, lệ phí cấp giấy phép nhập khẩu xuất bản phẩm không kinh doanh và lệ phí đăng ký nhập khẩu xuất bản phẩm để kinh doanh",40037,305,4,HA_TINH,Vũ Thị Mai,null,https://files.customs.gov.vn/CustomsCMS/HA_TINH/2020/upload/news/event/file/214_2016_TT-BTC_16234477.pdf,https://www.customs.gov.vn/index.jsp?pageId=3&id=40037&cid=1294,2016,11/2016,2026-10-08T09:28:26Z
1257,219/2016/TT-BTC,10/11/2016,Bộ Tài chính,"Thông tư 219/2016/TT-BTC của Bộ Tài chính về việc quy định mức thu, chế độ thu, nộp, quản lý và sử dụng phí, lệ phí trong lĩnh vực xuất cảnh, nhập cảnh, quá cảnh, cư trú tại Việt Nam",40200,305,4,HA_TINH,Vũ Thị Mai,null,https://files.customs.gov.vn/CustomsCMS/HA_TINH/2020file/219_2016_TT-BTC_16234429.zip,https://www.customs.gov.vn/index.jsp?pageId=3&id=40200&cid=1294,2016,11/2016,2026-10-08T09:28:26Z
1258,2448/HQĐNa-GSQL,10/11/2016,Cục Hải Quan tỉnh Đồng Nai,"V/v áp mã HS, mã nguyên phụ liệu",66629,305,16,DONG_NAI,null,null,https://files.customs.gov.vn/DONG_NAI//Data/Cv_Hqdn/2448_HQDNa_GSQL_10_11_2016.pdf,https://www.customs.gov.vn/index.jsp?pageId=3&id=66629&cid=1294,2016,11/2016,2026-10-08T09:28:26Z
1259,10610/TCHQ-TXNK,09/11/2016,Tổng cục hải quan,V/v ấn định thuế xuất khẩu đối với mặt hàng clinker,57756,305,16,TP_HO_CHI_MINH,Nguyễn Dương Thái,09/11/2016,https://files.customs.gov.vn/CustomsCMS/TP_HO_CHI_MINH/2020/Web/Data/DocumentAttachments/10610-TCHQ-TXNK.tif,https://www.customs.gov.vn/index.jsp?pageId=3&id=57756&cid=1294,2016,11/2016,2026-10-08T09:28:26Z
1260,10633/TB-TCHQ,09/11/2016,Tổng cục hải quan,Chất phủ từ Fluoropolyme trong môi trường nước. Hàm lượng rắn ≈ 13%.,54371,305,16,TP_HO_CHI_MINH,Nguyễn Dương Thái,09/11/2016,https://files.customs.gov.vn/CustomsCMS/TP_HO_CHI_MINH/2020/Web/Data/DocumentAttachments/10633-TB-TCHQ.tif,https://www.customs.gov.vn/index.jsp?pageId=3&id=54371&cid=1294,2016,11/2016,2026-10-08T09:28:26Z
1261,10634/TB-TCHQ,09/11/2016,Tổng cục hải quan,"Máy tạo độ âm không khí, hoạt động bằng điện, dựa trên nguyên lý tạo dao động ở tần số sóng siêu âm làm bay hơi nước dưới dạng sương và dùng quạt để thổi hơi ẩm ra môi trường, thường được sử dụng cho gia đình.",52253,305,16,TP_HO_CHI_MINH,Nguyễn Dương Thái,09/11/2016,https://files.customs.gov.vn/CustomsCMS/TP_HO_CHI_MINH/2020/Web/Data/DocumentAttachments/10634-TB-TCHQ.tif,https://www.customs.gov.vn/index.jsp?pageId=3&id=52253&cid=1294,2016,11/2016,2026-10-08T09:28:26Z
1262,10704/BCT-QLCL,09/11/2016,Bộ Công thương,V/v Hướng dẫn áp dụng Quyết định số 2968/QĐ-BCT (vụ SG01),66636,305,16,DONG_NAI,null,null,https://files.customs.gov.vn/DONG_NAI//Data/10704_BCT_QLCL_09_11_2016.PDF,https://www.customs.gov.vn/index.jsp?pageId=3&id=66636&cid=1294,2016,11/2016,2026-10-08T09:28:26Z
1263,10704/BCT-QLCT,09/11/2016,Bộ Công thương,V/v hướng dẫn áp dụng Quyết định số 2968/QĐ-BCT (vụ SG04),54360,305,16,TP_HO_CHI_MINH,Trần Quốc Khánh,09/11/2016,https://files.customs.gov.vn/CustomsCMS/TP_HO_CHI_MINH/2020/Web/Data/DocumentAttachments/10704-BCT-QLCT.tif,https://www.customs.gov.vn/index.jsp?pageId=3&id=54360&cid=1294,2016,11/2016,2026-10-08T09:28:26Z
1264,2372/TXNK-PL,09/11/2016,Cục Thuế xuất nhập khẩu,V/v phân loại máy cắt khí SF6,56968,305,16,TP_HO_CHI_MINH,Trịnh Mạc Linh,09/11/2016,https://files.customs.gov.vn/CustomsCMS/TP_HO_CHI_MINH/2020/Web/Data/DocumentAttachments/2372-TXNK-PL.tif,https://www.customs.gov.vn/index.jsp?pageId=3&id=56968&cid=1294,2016,11/2016,2026-10-08T09:28:26Z
1265,10572-10585/TCHQ-TXNK,08/11/2016,null,"Thông báo kết quả phân loại đối với hàng hóa xuất khẩu, nhập khẩu",76171,305,16,DA_NANG,Nguyễn Dương Thái,08/11/2016,https://files.customs.gov.vn/DA_NANG/Uploads/65e32243-11bf-4695-985d-c1563e8c13ba/10572-10585.tif,https://www.customs.gov.vn/index.jsp?pageId=3&id=76171&cid=1294,2016,11/2016,2026-10-08T09:28:26Z
1266,10573/TB-TCHQ,08/11/2016,Tổng cục hải quan,Muội axetylen.,58949,305,16,TP_HO_CHI_MINH,Nguyễn Dương Thái,08/11/2016,https://files.customs.gov.vn/CustomsCMS/TP_HO_CHI_MINH/2020/Web/Data/DocumentAttachments/10573-TB-TCHQ.tif,https://www.customs.gov.vn/index.jsp?pageId=3&id=58949&cid=1294,2016,11/2016,2026-10-08T09:28:26Z
1267,10574/TB-TCHQ,08/11/2016,Tổng cục hải quan,"Nhôm hợp kim dạng hình, mặt cắt ngang đông đặc đều nhau dọc theo chiều dài, bề mặt đã được sơn phủ.",52806,305,16,TP_HO_CHI_MINH,Nguyễn Dương Thái,08/11/2016,https://files.customs.gov.vn/CustomsCMS/TP_HO_CHI_MINH/2020/Web/Data/DocumentAttachments/10574-TB-TCHQ.tif,https://www.customs.gov.vn/index.jsp?pageId=3&id=52806&cid=1294,2016,11/2016,2026-10-08T09:28:26Z
1268,10581/TB-TCHQ,08/11/2016,Tổng cục hải quan,Dung dịch Amoniaxetat trong nước.,53898,305,16,TP_HO_CHI_MINH,Nguyễn Dương Thái,08/11/2016,https://files.customs.gov.vn/CustomsCMS/TP_HO_CHI_MINH/2020/Web/Data/DocumentAttachments/10581-TB-TCHQ.tif,https://www.customs.gov.vn/index.jsp?pageId=3&id=53898&cid=1294,2016,11/2016,2026-10-08T09:28:26Z
1269,10582/TB-TCHQ,08/11/2016,Tổng cục hải quan,"Miếng dán chân khử độc, kích thước 6 x 8 cm (được cố định với chân bằng một miếng dán có một mặt tự dính, kích thước 10 x12 cm), cấu tạo gồm lớp vải không dệt bao bọc phần bột bên trong có thành phần chính từ nguyên liệu hữu cơ tự nhiên (tinh bột, vitamin C, dấm gỗ, bột thực vật...), dạng đóng gói bán lẻ (10 túi/hộp).",54311,305,16,TP_HO_CHI_MINH,Nguyễn Dương Thái,08/11/2016,https://files.customs.gov.vn/CustomsCMS/TP_HO_CHI_MINH/2020/Web/Data/DocumentAttachments/10582-TB-TCHQ.tif,https://www.customs.gov.vn/index.jsp?pageId=3&id=54311&cid=1294,2016,11/2016,2026-10-08T09:28:26Z
1270,10583/TB-TCHQ,08/11/2016,Tổng cục hải quan,"Miếng dán thông mũi, kích thước 58 x 18 mm, cấu tạo gồm lớp vải không dệt bao bọc bên trong là hai thanh đàn hồi từ plastic (có tác dụng kéo mở hốc mũi), chưa thấm tẩm dược chất, có một lớp tự dính, dạng đóng gói bán lẻ (30 chiếc/hộp).",52263,305,16,TP_HO_CHI_MINH,Nguyễn Dương Thái,08/11/2016,https://files.customs.gov.vn/CustomsCMS/TP_HO_CHI_MINH/2020/Web/Data/DocumentAttachments/10583-TB-TCHQ.tif,https://www.customs.gov.vn/index.jsp?pageId=3&id=52263&cid=1294,2016,11/2016,2026-10-08T09:28:26Z
1271,10584/TB-TCHQ,08/11/2016,Tổng cục hải quan,"Miếng dán để làm nóng dùng trên da, kích thước 7 x 9 cm, cấu tạo gồm lớp vải không dệt (tạo hình cho sản phẩm) bao bọc phần bột bên trong có thành phần chính từ bột sắt, than hoạt tính, muối vô cơ, chưa được thấm tẩm dược chất, có một lớp tự dính, dạng đóng gói bán lẻ (2 miếng/túi, 4 túi/hộp).",55158,305,16,TP_HO_CHI_MINH,Nguyễn Dương Thái,08/11/2016,https://files.customs.gov.vn/CustomsCMS/TP_HO_CHI_MINH/2020/Web/Data/DocumentAttachments/10584-TB-TCHQ.tif,https://www.customs.gov.vn/index.jsp?pageId=3&id=55158&cid=1294,2016,11/2016,2026-10-08T09:28:26Z
1272,10585/TB-TCHQ,08/11/2016,Tổng cục hải quan,"Miếng dán để làm nóng dùng trên da, kích thước 10 x 13 cm, cấu tạo gồm lớp vải không dệt (tạo hình cho sản phẩm) bao bọc phần bột bên trong có thành phần chính từ bột sắt, than hoạt tính, muối vô cơ, chưa được thấm tẩm dược chất, có một lớp tự dính, dạng đóng gói bán lẻ (1 miếng/túi, 4 túi/hộp).",54596,305,16,TP_HO_CHI_MINH,Nguyễn Dương Thái,08/11/2016,https://files.customs.gov.vn/CustomsCMS/TP_HO_CHI_MINH/2020/Web/Data/DocumentAttachments/10585-TB-TCHQ.tif,https://www.customs.gov.vn/index.jsp?pageId=3&id=54596&cid=1294,2016,11/2016,2026-10-08T09:28:26Z
1273,10589/TCHQ-TXNK,08/11/2016,Tổng cục hải quan,V/v mã số mặt hàng nhôm dạng tấm,53409,305,16,TP_HO_CHI_MINH,Trịnh Mạc Linh,08/11/2016,https://files.customs.gov.vn/CustomsCMS/TP_HO_CHI_MINH/2020/Web/Data/DocumentAttachments/10589-TCHQ-TXNK.tif,https://www.customs.gov.vn/index.jsp?pageId=3&id=53409&cid=1294,2016,11/2016,2026-10-08T09:28:26Z
1274,1674/CPN-ÐTH,08/11/2016,Bộ Thương Mại,V/v phát hành Biên lai theo Thông tư 178/2011/TT-BTC,53964,305,16,TP_HO_CHI_MINH,Phan Thị Kiều Lê,08/11/2016,https://files.customs.gov.vn/CustomsCMS/TP_HO_CHI_MINH/2020/Web/Data/DocumentAttachments/1674.tif,https://www.customs.gov.vn/index.jsp?pageId=3&id=53964&cid=1294,2016,11/2016,2026-10-08T09:28:26Z
1275,194/2016/TT-BTC,08/11/2016,Bộ Tài chính,"Thông tư 194/2016/TT-BTC của Bộ Tài chính về việc quy định mức thu, chế độ thu, nộp phí hải quan và lệ phí ra, vào cảng hàng không, sân bay đối với chuyến bay của nước ngoài đến các Cảng hàng không Việt Nam",40201,305,4,HA_TINH,Vũ Thị Mai,null,https://files.customs.gov.vn/CustomsCMS/HA_TINH/2020/upload/news/2016/12/1015/file/194_2016_TT-BTC_16234388.pdf,https://www.customs.gov.vn/index.jsp?pageId=3&id=40201&cid=1294,2016,11/2016,2026-10-08T09:28:26Z
1276,2364/TXNK-PL,08/11/2016,Cục Thuế xuất nhập khẩu,V/v phân loại các loại máy công nghiệp dùng để nghiền và ép đùn thức ăn nuôi cá,58942,305,16,TP_HO_CHI_MINH,Trịnh Mạc Linh,08/11/2016,https://files.customs.gov.vn/CustomsCMS/TP_HO_CHI_MINH/2020/Web/Data/DocumentAttachments/2364-TXNK-PL.tif,https://www.customs.gov.vn/index.jsp?pageId=3&id=58942&cid=1294,2016,11/2016,2026-10-08T09:28:26Z
1277,10507/TB-TCHQ,07/11/2016,Tổng cục hải quan,"Vật liệu chịu lửa, dạng bột, chứa Al2O3, SiO2 và phụ gia.",57233,305,16,TP_HO_CHI_MINH,Nguyễn Dương Thái,07/11/2016,https://files.customs.gov.vn/CustomsCMS/TP_HO_CHI_MINH/2020/Web/Data/DocumentAttachments/10507-TB-TCHQ.tif,https://www.customs.gov.vn/index.jsp?pageId=3&id=57233&cid=1294,2016,11/2016,2026-10-08T09:28:26Z
1278,10508/TB-TCHQ,07/11/2016,Tổng cục hải quan,"Vật liệu chịu lửa, dạng bột, chứa Al2O3, SiO2 và phụ gia.",54499,305,16,TP_HO_CHI_MINH,Nguyễn Dương Thái,07/11/2016,https://files.customs.gov.vn/CustomsCMS/TP_HO_CHI_MINH/2020/Web/Data/DocumentAttachments/10508-TB-TCHQ.tif,https://www.customs.gov.vn/index.jsp?pageId=3&id=54499&cid=1294,2016,11/2016,2026-10-08T09:28:26Z
1279,10510/TB-TCHQ,07/11/2016,Tổng cục hải quan,"Vật liệu chịu lửa, dạng bột và hạt nhỏ, chứa magie ôxít và phụ gia.",57343,305,16,TP_HO_CHI_MINH,Nguyễn Dương Thái,07/11/2016,https://files.customs.gov.vn/CustomsCMS/TP_HO_CHI_MINH/2020/Web/Data/DocumentAttachments/10510-TB-TCHQ.tif,https://www.customs.gov.vn/index.jsp?pageId=3&id=57343&cid=1294,2016,11/2016,2026-10-08T09:28:26Z
1280,10511/TB-TCHQ,07/11/2016,Tổng cục hải quan,"Vật liệu chịu lửa, dạng bột và hạt nhỏ, chứa nhôm ôxít, silic ôxít và phụ gia.",53692,305,16,TP_HO_CHI_MINH,Nguyễn Dương Thái,07/11/2016,https://files.customs.gov.vn/CustomsCMS/TP_HO_CHI_MINH/2020/Web/Data/DocumentAttachments/10511-TB-TCHQ.tif,https://www.customs.gov.vn/index.jsp?pageId=3&id=53692&cid=1294,2016,11/2016,2026-10-08T09:28:26Z
1281,10514/TCHQ-TXNK,07/11/2016,Tổng cục hải quan,V/v Vướng mắc về trị giá hải quan,66628,305,16,DONG_NAI,null,null,,https://www.customs.gov.vn/index.jsp?pageId=3&id=66628&cid=1294,2016,11/2016,2026-10-08T09:28:26Z
1282,1519/GSQL-TH,07/11/2016,Bộ Công nghiệp,V/v C/O cấp thay thế,55646,305,16,TP_HO_CHI_MINH,Âu Anh Tuấn,07/11/2016,https://files.customs.gov.vn/CustomsCMS/TP_HO_CHI_MINH/2020/Web/Data/DocumentAttachments/1519-GSQL-TH.tif,https://www.customs.gov.vn/index.jsp?pageId=3&id=55646&cid=1294,2016,11/2016,2026-10-08T09:28:26Z
1283,23/2016/QH14,07/11/2016,Quốc hội,Nghị quyết 23/2016/QH14 về kế hoạch phát triển kinh tế - xã hội năm 2017 do Quốc hội ban hành,52377,305,7,TP_HO_CHI_MINH,Nguyễn Thị Kim Ngân,07/11/2016,https://files.customs.gov.vn/CustomsCMS/TP_HO_CHI_MINH/2020/Web/Data/DocumentAttachments/23_2016_QH14_332839.doc,https://www.customs.gov.vn/index.jsp?pageId=3&id=52377&cid=1294,2016,11/2016,2026-10-08T09:28:26Z
