stt,so_hieu,ngay_ban_hanh,co_quan_ban_hanh,noi_dung_tom_tat,ma_noi_bo,linh_vuc,loai_van_ban,chuyen_trang,nguoi_ky,ngay_hieu_luc,pdf_url,url_chi_tiet,nam,nam_thang,crawled_at
1,164/QĐ-TCHQ,31/01/2020,Tổng cục hải quan,Quyết định số 164/QĐ-TCHQ ngày 31/01/2020 của Tổng cục trưởng Tổng cục Hải quan v/v Chấm dứt hoạt động đại lý làm TTHQ,59943,305,10,TONG_CUC,Mai Xuân Thành,31/01/2020,https://files.customs.gov.vn/van_ban_phap_luat/Lists/VanBanPhapLuat/Attachments/12778/QD164TCHQ2020.PDF,https://www.customs.gov.vn/index.jsp?pageId=3&id=59943&cid=1294,2020,01/2020,2026-10-08T09:32:22Z
2,587/TCHQ-GSQL,31/01/2020,Tổng cục hải quan,v/v Triển khai Chỉ thị 01/CT-BTC về phòng chống dịch cúm Corona,53805,305,16,TP_HO_CHI_MINH,null,31/01/2020,,https://www.customs.gov.vn/index.jsp?pageId=3&id=53805&cid=1294,2020,01/2020,2026-10-08T09:32:22Z
3,03/2020/TT-BCT,22/01/2020,Bộ và ngang bộ,Thông tư số 03/2020/TT-BCT ngày 22/01/2020 của Bộ trưởng Bộ Công Thương quy định việc NK thuốc lá nguyên liệu theo hạn ngạch thuế quan theo Hiệp định đối tác toàn diện và tiến bộ xuyên Thái Bình Dương,59929,305,4,TONG_CUC,Trần Tuấn Anh,29/02/2020,https://files.customs.gov.vn/van_ban_phap_luat/Lists/VanBanPhapLuat/Attachments/12750/TT03BCT2020.PDF,https://www.customs.gov.vn/index.jsp?pageId=3&id=59929&cid=1294,2020,01/2020,2026-10-08T09:32:22Z
4,04/2020/TT-BCT,22/01/2020,Bộ và ngang bộ,Thông tư số 04/2020/TT-BCT ngày 22/01/2020 của Bộ trưởng Bộ Công Thương quy định về đấu giá hạn ngạch thuế quan nhập khẩu ô tô đã qua sử dụng theo Hiệp định Đối tác toàn diện và Tiến bộ Xuyên Thái Bình Dương,59928,305,4,TONG_CUC,Trần Tuấn Anh,05/03/2020,https://files.customs.gov.vn/van_ban_phap_luat/Lists/VanBanPhapLuat/Attachments/12749/TT04-BCT 2020.PDF,https://www.customs.gov.vn/index.jsp?pageId=3&id=59928&cid=1294,2020,01/2020,2026-10-08T09:32:22Z
5,145/QĐ-TCHQ,22/01/2020,Tổng cục hải quan,"Quyết định số 145/QĐ-TCHQ ngày 22/01/2020 của Tổng cục trưởng Tổng cục Hải quan v/v Ban hành Kế hoạch hành động thực hiện Nghị quyết số 02/NQ-CP ngày 01/01/2020 của Chính phủ về tiếp tục thực hiện những nhiệm vụ, giải pháp chủ yếu cải thiện môi trường kinh doanh, nâng cao năng lực cạnh tranh quốc gia năm 2020",59927,305,10,TONG_CUC,Nguyễn Dương Thái,22/01/2020,https://files.customs.gov.vn/van_ban_phap_luat/Lists/VanBanPhapLuat/Attachments/12748/145-QD-TCHQ-2020.pdf,https://www.customs.gov.vn/index.jsp?pageId=3&id=59927&cid=1294,2020,01/2020,2026-10-08T09:32:22Z
6,150/QĐ-TCHQ,22/01/2020,Tổng cục hải quan,"Quyết định số 150/QĐ-TCHQ ngày 22/01/2020 của Tổng cục trưởng Tổng cục Hải quan v/v Di chuyển và mở rộng địa điểm tập kết, kiểm tra, giám sát hàng hóa XK, NK ở biên giới",59940,305,10,TONG_CUC,Mai Xuân Thành,22/01/2020,https://files.customs.gov.vn/van_ban_phap_luat/Lists/VanBanPhapLuat/Attachments/12775/QD150TCHQ2020.PDF,https://www.customs.gov.vn/index.jsp?pageId=3&id=59940&cid=1294,2020,01/2020,2026-10-08T09:32:22Z
7,152/QĐ-TCHQ,22/01/2020,Tổng cục hải quan,Quyết định số 152/QĐ-TCHQ ngày 22/01/2020 của Tổng cục trưởng Tổng cục Hải quan v/v Tiếp tục hoạt động đại lý làm TTHQ,59941,305,10,TONG_CUC,Mai Xuân Thành,22/01/2020,https://files.customs.gov.vn/van_ban_phap_luat/Lists/VanBanPhapLuat/Attachments/12776/QD152TCHQ2020.PDF,https://www.customs.gov.vn/index.jsp?pageId=3&id=59941&cid=1294,2020,01/2020,2026-10-08T09:32:22Z
8,153/QĐ-TCHQ,22/01/2020,Tổng cục hải quan,Quyết định số 153/QĐ-TCHQ ngày 22/01/2020 của Tổng cục trưởng Tổng cục Hải quan v/v Công nhận kho ngoại quan,59942,305,10,TONG_CUC,Mai Xuân Thành,22/01/2020,https://files.customs.gov.vn/van_ban_phap_luat/Lists/VanBanPhapLuat/Attachments/12777/QD153TCHQ2020.PDF,https://www.customs.gov.vn/index.jsp?pageId=3&id=59942&cid=1294,2020,01/2020,2026-10-08T09:32:22Z
9,127/QÐ-TCHQ,21/01/2020,Tổng cục hải quan,Về việc thu hồi mã số nhân viên đại lý làm thủ tục hải quan,58851,305,10,TP_HO_CHI_MINH,Âu Anh Tuấn,21/01/2020,https://files.customs.gov.vn/CustomsCMS/TP_HO_CHI_MINH/2020/Web/Data/DocumentAttachments/Vanban_127.PDF,https://www.customs.gov.vn/index.jsp?pageId=3&id=58851&cid=1294,2020,01/2020,2026-10-08T09:32:22Z
10,127/QĐ-TCHQ,21/01/2020,Tổng cục hải quan,Quyết định số 127/QĐ-TCHQ ngày 21/01/2020 của Tổng cục trưởng Tổng cục Hải quan v/v Thu hồi mã số nhân viên đại lý làm TTHQ,59938,305,10,TONG_CUC,Âu Anh Tuấn,21/01/2020,https://files.customs.gov.vn/van_ban_phap_luat/Lists/VanBanPhapLuat/Attachments/12770/QD127TCHQ2020.PDF,https://www.customs.gov.vn/index.jsp?pageId=3&id=59938&cid=1294,2020,01/2020,2026-10-08T09:32:22Z
11,13/2020/NDD-CP,21/01/2020,null,Nghị định hướng dẫn chi tiết Luật Chăn nuôi,76741,305,8,DA_NANG,Nguyễn Xuân Phúc,05/03/2020,https://files.customs.gov.vn/DA_NANG/Uploads/65e32243-11bf-4695-985d-c1563e8c13ba/13_2020_NĐ-CP.pdf,https://www.customs.gov.vn/index.jsp?pageId=3&id=76741&cid=1294,2020,01/2020,2026-10-08T09:32:22Z
12,13/2020/NÐ-CP,21/01/2020,Chính phủ,Nghị định hướng dẫn chi tiết Luật Chăn nuôi,56521,305,8,TP_HO_CHI_MINH,Nguyễn Xuân Phúc,05/03/2020,https://files.customs.gov.vn/CustomsCMS/TP_HO_CHI_MINH/2020/Web/Data/DocumentAttachments/13_2020_ND-CP_433295.doc,https://www.customs.gov.vn/index.jsp?pageId=3&id=56521&cid=1294,2020,01/2020,2026-10-08T09:32:22Z
13,141/QÐ-TCHQ,21/01/2020,Tổng cục hải quan,Về việc thu hồi mã số nhân viên đại lý làm thủ tục hải quan,57974,305,10,TP_HO_CHI_MINH,Âu Anh Tuấn,21/01/2020,https://files.customs.gov.vn/CustomsCMS/TP_HO_CHI_MINH/2020/Web/Data/DocumentAttachments/Vanban_141.PDF,https://www.customs.gov.vn/index.jsp?pageId=3&id=57974&cid=1294,2020,01/2020,2026-10-08T09:32:22Z
14,141/QĐ-TCHQ,21/01/2020,Tổng cục hải quan,Quyết định số 141/QĐ-TCHQ ngày 21/01/2020 của Tổng cục trưởng Tổng cục Hải quan v/v Thu hồi mã số nhân viên đại lý làm TTHQ,59939,305,10,TONG_CUC,Âu Anh Tuấn,21/01/2020,https://files.customs.gov.vn/van_ban_phap_luat/Lists/VanBanPhapLuat/Attachments/12772/QD141TCHQ2020.PDF,https://www.customs.gov.vn/index.jsp?pageId=3&id=59939&cid=1294,2020,01/2020,2026-10-08T09:32:22Z
15,487/TCHQ-TXNK,21/01/2020,Tổng cục hải quan,Khai báo phí bảo hiểm hàng hóa nhập khẩu ( Công ty TNHH Thép JFE Shoji Hải Phòng),66984,305,16,DONG_NAI,null,null,,https://www.customs.gov.vn/index.jsp?pageId=3&id=66984&cid=1294,2020,01/2020,2026-10-08T09:32:22Z
16,94/QĐ-BKHCN,21/01/2020,Bộ và ngang bộ,Quyết định số 94/QĐ-BKHCN ngày 21/01/2020 của Bộ trưởng Bộ Khoa học và Công nghệ v/v chỉ định tổ chức giám định,59923,305,10,TONG_CUC,Nguyễn Nam Hải,21/01/2020,https://files.customs.gov.vn/van_ban_phap_luat/Lists/VanBanPhapLuat/Attachments/12739/QD94-BKHCN2020.PDF,https://www.customs.gov.vn/index.jsp?pageId=3&id=59923&cid=1294,2020,01/2020,2026-10-08T09:32:22Z
17,118/QÐ-TCHQ,17/01/2020,Tổng cục hải quan,Về việc thu hồi mã số nhân viên đại lý làm thủ tục hải quan,53996,305,10,TP_HO_CHI_MINH,Âu Anh Tuấn,17/01/2020,https://files.customs.gov.vn/CustomsCMS/TP_HO_CHI_MINH/2020/Web/Data/DocumentAttachments/Vanban_118.PDF,https://www.customs.gov.vn/index.jsp?pageId=3&id=53996&cid=1294,2020,01/2020,2026-10-08T09:32:22Z
18,99/HQĐNa-VP,17/01/2020,Cục Hải Quan tỉnh Đồng Nai,"Công khai TTHC mới, được sửa đổi, thay thế, bãi bỏ trong lĩnh vực hải quan thuộc phạm vi chức năng quản lý của Bộ Tài chính",66983,305,16,DONG_NAI,null,null,https://files.customs.gov.vn/DONG_NAI//Data/Cv_Hqdn/99_HQDNa_VP_17_01_2020(1).pdf,https://www.customs.gov.vn/index.jsp?pageId=3&id=66983&cid=1294,2020,01/2020,2026-10-08T09:32:22Z
19,104/QĐ-TCHQ,16/01/2020,Tổng cục hải quan,Quyết định số 104/QĐ-TCHQ ngày 16/01/2020 của Tổng cục trưởng Tổng cục Hải quan v/v Chấm dứt hoạt động đại lý làm TTHQ,59904,305,10,TONG_CUC,Mai Xuân Thành,16/01/2020,https://files.customs.gov.vn/van_ban_phap_luat/Lists/VanBanPhapLuat/Attachments/12706/QD104TCHQ2020.PDF,https://www.customs.gov.vn/index.jsp?pageId=3&id=59904&cid=1294,2020,01/2020,2026-10-08T09:32:22Z
20,105/QÐ-TCHQ,16/01/2020,Tổng cục hải quan,Về việc chấm dứt hoạt động đại lý làm thủ tục hải quan,55084,305,10,TP_HO_CHI_MINH,Mai Xuân Thành,16/01/2020,https://files.customs.gov.vn/CustomsCMS/TP_HO_CHI_MINH/2020/Web/Data/DocumentAttachments/Vanban_105.PDF,https://www.customs.gov.vn/index.jsp?pageId=3&id=55084&cid=1294,2020,01/2020,2026-10-08T09:32:22Z
21,105/QĐ-TCHQ,16/01/2020,Tổng cục hải quan,Quyết định số 105/QĐ-TCHQ ngày 16/01/2020 của Tổng cục trưởng Tổng cục Hải quan v/v Chấm dứt hoạt động đại lý làm TTHQ,59905,305,10,TONG_CUC,Mai Xuân Thành,16/01/2020,https://files.customs.gov.vn/van_ban_phap_luat/Lists/VanBanPhapLuat/Attachments/12707/QD105TCHQ2020.PDF,https://www.customs.gov.vn/index.jsp?pageId=3&id=59905&cid=1294,2020,01/2020,2026-10-08T09:32:22Z
22,106/QÐ-TCHQ,16/01/2020,Tổng cục hải quan,Về việc chấm dứt hoạt động đại lý làm thủ tục hải quan,55868,305,10,TP_HO_CHI_MINH,Mai Xuân Thành,16/01/2020,https://files.customs.gov.vn/CustomsCMS/TP_HO_CHI_MINH/2020/Web/Data/DocumentAttachments/Vanban_106.PDF,https://www.customs.gov.vn/index.jsp?pageId=3&id=55868&cid=1294,2020,01/2020,2026-10-08T09:32:22Z
23,106/QĐ-TCHQ,16/01/2020,Tổng cục hải quan,Quyết định số 106/QĐ-TCHQ ngày 16/01/2020 của Tổng cục trưởng Tổng cục Hải quan v/v Chấm dứt hoạt động đại lý làm TTHQ,59906,305,10,TONG_CUC,Mai Xuân Thành,16/01/2020,https://files.customs.gov.vn/van_ban_phap_luat/Lists/VanBanPhapLuat/Attachments/12708/QD106TCHQ2020.PDF,https://www.customs.gov.vn/index.jsp?pageId=3&id=59906&cid=1294,2020,01/2020,2026-10-08T09:32:22Z
24,Số70/QĐ-BTC,16/01/2020,null,Về việc c&#244;ng bố danh mục văn bản quy phạm ph&#225;p luật đ&#227; hết hiệu lực to&#224;n bộ hoặc một phần thuộc lĩnh vực quản l&#253; nh&#224; nước của Bộ T&#224;i Ch&#237;nh Năm 2019,67580,305,10,LANG_SON,null,25/02/2020,,https://www.customs.gov.vn/index.jsp?pageId=3&id=67580&cid=1294,2020,01/2020,2026-10-08T09:32:22Z
25,339/TCHQ-TXNK,15/01/2020,null,Vướng mắc phân loại Thuốc thú y chứa Doxycyclin,76732,305,16,DA_NANG,ĐÀO THU HƯƠNG,15/01/2020,https://files.customs.gov.vn/DA_NANG/Uploads/65e32243-11bf-4695-985d-c1563e8c13ba/1_339.tif,https://www.customs.gov.vn/index.jsp?pageId=3&id=76732&cid=1294,2020,01/2020,2026-10-08T09:32:22Z
26,352/TCHQ-VP,15/01/2020,null,"Đẩy mạnh thực thi pháp luật và tuyên truyền, phổ biến công tác bảo tồn đa dạng sinh học trong dịp Tết Nguyên đán Canh Tý 2020",67506,305,18,CAN_THO,null,15/01/2020,https://files.customs.gov.vn/CAN_THO/2020 352 TCHQ- VP.pdf,https://www.customs.gov.vn/index.jsp?pageId=3&id=67506&cid=1294,2020,01/2020,2026-10-08T09:32:22Z
27,85/QĐ-TCHQ,15/01/2020,Tổng cục hải quan,Quyết định số 85/QĐ-TCHQ ngày 15/1/2020 về việc ban hành Kế hoạch phát triển quan hệ đối tác Hải quan - Doanh nghiệp và các bên liên quan năm 2020,59925,305,10,TONG_CUC,Hoàng Việt Cường,15/01/2020,https://files.customs.gov.vn/van_ban_phap_luat/Lists/VanBanPhapLuat/Attachments/12742/QD852020TCHQ.PDF,https://www.customs.gov.vn/index.jsp?pageId=3&id=59925&cid=1294,2020,01/2020,2026-10-08T09:32:22Z
28,86/QÐ-TCHQ,15/01/2020,Tổng cục hải quan,Về việc công nhận hoạt động đại lý làm thủ tục hải quan,58647,305,10,TP_HO_CHI_MINH,Mai Xuân Thành,15/01/2020,https://files.customs.gov.vn/CustomsCMS/TP_HO_CHI_MINH/2020/Web/Data/DocumentAttachments/Vanban_86.PDF,https://www.customs.gov.vn/index.jsp?pageId=3&id=58647&cid=1294,2020,01/2020,2026-10-08T09:32:22Z
29,87/QÐ-TCHQ,15/01/2020,Tổng cục hải quan,Về việc tiếp tục hoạt động đại lý làm thủ tục hải quan,54373,305,10,TP_HO_CHI_MINH,Mai Xuân Thành,15/01/2020,https://files.customs.gov.vn/CustomsCMS/TP_HO_CHI_MINH/2020/Web/Data/DocumentAttachments/Vanban_87.PDF,https://www.customs.gov.vn/index.jsp?pageId=3&id=54373&cid=1294,2020,01/2020,2026-10-08T09:32:22Z
30,87/QĐ-TCHQ,15/01/2020,Tổng cục hải quan,Quyết định số 87/QĐ-TCHQ ngày 15/01/2020 của Tổng cục trưởng Tổng cục Hải quan v/v Tiếp tục hoạt động đại lý làm TTHQ,59897,305,10,TONG_CUC,Mai Xuân Thành,15/01/2020,https://files.customs.gov.vn/van_ban_phap_luat/Lists/VanBanPhapLuat/Attachments/12692/QD87TCHQ2020.PDF,https://www.customs.gov.vn/index.jsp?pageId=3&id=59897&cid=1294,2020,01/2020,2026-10-08T09:32:22Z
31,88/QÐ-TCHQ,15/01/2020,Tổng cục hải quan,Về việc công nhận hoạt động đại lý làm thủ tục hải quan,55894,305,10,TP_HO_CHI_MINH,Mai Xuân Thành,15/01/2020,https://files.customs.gov.vn/CustomsCMS/TP_HO_CHI_MINH/2020/Web/Data/DocumentAttachments/Vanban_88.PDF,https://www.customs.gov.vn/index.jsp?pageId=3&id=55894&cid=1294,2020,01/2020,2026-10-08T09:32:22Z
32,88/QĐ-TCHQ,15/01/2020,Tổng cục hải quan,Quyết định số 88/QĐ-TCHQ ngày 15/01/2020 của Tổng cục trưởng Tổng cục Hải quan v/v Công nhận hoạt động đại lý làm TTHQ,59898,305,10,TONG_CUC,Mai Xuân Thành,15/01/2020,https://files.customs.gov.vn/van_ban_phap_luat/Lists/VanBanPhapLuat/Attachments/12693/QD88TCHQ2020.PDF,https://www.customs.gov.vn/index.jsp?pageId=3&id=59898&cid=1294,2020,01/2020,2026-10-08T09:32:22Z
33,89/QĐ-TCHQ,15/01/2020,Tổng cục hải quan,Quyết định số 89/QĐ-TCHQ ngày 15/01/2020 của Tổng cục trưởng Tổng cục Hải quan v/v Công nhận hoạt động đại lý làm TTHQ,59899,305,10,TONG_CUC,Mai Xuân Thành,15/01/2020,https://files.customs.gov.vn/van_ban_phap_luat/Lists/VanBanPhapLuat/Attachments/12694/QD89TCHQ2020.PDF,https://www.customs.gov.vn/index.jsp?pageId=3&id=59899&cid=1294,2020,01/2020,2026-10-08T09:32:22Z
34,90/QÐ-TCHQ,15/01/2020,Tổng cục hải quan,Về việc tiếp tục hoạt động đại lý làm thủ tục hải quan,57078,305,10,TP_HO_CHI_MINH,Mai Xuân Thành,15/01/2020,https://files.customs.gov.vn/CustomsCMS/TP_HO_CHI_MINH/2020/Web/Data/DocumentAttachments/Vanban_90.PDF,https://www.customs.gov.vn/index.jsp?pageId=3&id=57078&cid=1294,2020,01/2020,2026-10-08T09:32:22Z
35,91/QÐ-TCHQ,15/01/2020,Tổng cục hải quan,Về việc tiếp tục hoạt động đại lý làm thủ tục hải quan,55636,305,10,TP_HO_CHI_MINH,Mai Xuân Thành,15/01/2020,https://files.customs.gov.vn/CustomsCMS/TP_HO_CHI_MINH/2020/Web/Data/DocumentAttachments/Vanban_91.PDF,https://www.customs.gov.vn/index.jsp?pageId=3&id=55636&cid=1294,2020,01/2020,2026-10-08T09:32:22Z
36,91/QĐ-TCHQ,15/01/2020,Tổng cục hải quan,Quyết định số 91/QĐ-TCHQ ngày 15/01/2020 của Tổng cục trưởng Tổng cục Hải quan v/v Tiếp tục hoạt động đại lý làm TTHQ,59900,305,10,TONG_CUC,Mai Xuân Thành,15/01/2020,https://files.customs.gov.vn/van_ban_phap_luat/Lists/VanBanPhapLuat/Attachments/12696/QD91TCHQ2020.PDF,https://www.customs.gov.vn/index.jsp?pageId=3&id=59900&cid=1294,2020,01/2020,2026-10-08T09:32:22Z
37,92/QÐ-TCHQ,15/01/2020,Tổng cục hải quan,Về việc công nhận hoạt động đại lý làm thủ tục hải quan,54703,305,10,TP_HO_CHI_MINH,Mai Xuân Thành,15/01/2020,https://files.customs.gov.vn/CustomsCMS/TP_HO_CHI_MINH/2020/Web/Data/DocumentAttachments/Vanban_92.PDF,https://www.customs.gov.vn/index.jsp?pageId=3&id=54703&cid=1294,2020,01/2020,2026-10-08T09:32:22Z
38,93/QĐ-TCHQ,15/01/2020,Tổng cục hải quan,Quyết định số 93/QĐ-TCHQ ngày 15/01/2020 của Tổng cục trưởng Tổng cục Hải quan v/v Tiếp tục hoạt động đại lý làm TTHQ,59901,305,10,TONG_CUC,Mai Xuân Thành,15/01/2020,https://files.customs.gov.vn/van_ban_phap_luat/Lists/VanBanPhapLuat/Attachments/12698/QD93TCHQ2020.PDF,https://www.customs.gov.vn/index.jsp?pageId=3&id=59901&cid=1294,2020,01/2020,2026-10-08T09:32:22Z
39,95/QĐ-TCHQ,15/01/2020,Tổng cục hải quan,"Quyết định số 95/QĐ-TCHQ ngày 15/01/2020 của Tổng cục trưởng Tổng cục Hải quan v/v Xác nhận kho xăng dầu nhà máy nhiệt điện Ô Môn 1 đủ điều kiện kiểm tra, giám sát của cơ quan Hải quan",59902,305,10,TONG_CUC,Mai Xuân Thành,15/01/2020,https://files.customs.gov.vn/van_ban_phap_luat/Lists/VanBanPhapLuat/Attachments/12700/QD95TCHQ2020.PDF,https://www.customs.gov.vn/index.jsp?pageId=3&id=59902&cid=1294,2020,01/2020,2026-10-08T09:32:22Z
40,96/QĐ-TCHQ,15/01/2020,Tổng cục hải quan,Quyết định số 96/QĐ-TCHQ ngày 15/01/2020 của Tổng cục trưởng Tổng cục Hải quan v/v Công nhận kho ngoại quan,59903,305,10,TONG_CUC,Mai Xuân Thành,15/01/2020,https://files.customs.gov.vn/van_ban_phap_luat/Lists/VanBanPhapLuat/Attachments/12701/QD96TCHQ2020.PDF,https://www.customs.gov.vn/index.jsp?pageId=3&id=59903&cid=1294,2020,01/2020,2026-10-08T09:32:22Z
41,01/2020/TT-BCT,14/01/2020,Bộ Công thương,Thông tư quy định việc nhập khẩu thuốc lá nguyên liệu theo hạn ngạch thuế quan năm 2020,57412,305,4,TP_HO_CHI_MINH,Trần Tuấn Anh,29/02/2020,https://files.customs.gov.vn/CustomsCMS/TP_HO_CHI_MINH/2020/Web/Data/DocumentAttachments/433233.pdf,https://www.customs.gov.vn/index.jsp?pageId=3&id=57412&cid=1294,2020,01/2020,2026-10-08T09:32:22Z
42,103/HQBD-VP,14/01/2020,Cục Hải quan Tỉnh Bình Dương,V/v phân công trực Tết Nguyên đán Canh Tý 2020,61059,305,16,BINH_DUONG,null,14/01/2020,https://files.customs.gov.vn/BINH_DUONG/CMS/Lists/VanBanPhapQuy_VN/Attachments/4438/HQBD_103_2020.pdf,https://www.customs.gov.vn/index.jsp?pageId=3&id=61059&cid=1294,2020,01/2020,2026-10-08T09:32:22Z
43,68/QĐ-TCHQ,14/01/2020,Tổng cục hải quan,Quyết định số 68/QĐ-TCHQ ngày 14/01/2020 của Tổng cục trưởng Tổng cục Hải quan v/v Thu hồi mã số nhân viên đại lý làm TTHQ,59896,305,10,TONG_CUC,Âu Anh Tuấn,14/01/2020,https://files.customs.gov.vn/van_ban_phap_luat/Lists/VanBanPhapLuat/Attachments/12688/QD68TCHQ2020.PDF,https://www.customs.gov.vn/index.jsp?pageId=3&id=59896&cid=1294,2020,01/2020,2026-10-08T09:32:22Z
44,54/HQĐNa-GSQL,13/01/2020,Cục Hải Quan tỉnh Đồng Nai,Nhập khẩu máy móc thiết bị đã qua sử dụng (Cty TNHH Myung Sung Vina),66982,305,16,DONG_NAI,null,null,https://files.customs.gov.vn/DONG_NAI//Data/Cv_Hqdn/54_HQDNa_GSQL_13_01_2020.pdf,https://www.customs.gov.vn/index.jsp?pageId=3&id=66982&cid=1294,2020,01/2020,2026-10-08T09:32:22Z
45,55/TB-HQTN,13/01/2020,Cục Hải quan tỉnh Tây Ninh,Thông báo Lịch tiếp công dân của Cục Hải quan tỉnh Tây Ninh năm 2020,40009,305,19,TAY_NINH,Huỳnh Văn Đức,null,https://files.customs.gov.vn/CustomsCMS/TAY_NINH/2020/11/6/55-TB-HQTN.pdf,https://www.customs.gov.vn/index.jsp?pageId=3&id=40009&cid=1294,2020,01/2020,2026-10-08T09:32:22Z
46,65/QĐ-TCHQ,13/01/2020,Tổng cục hải quan,Quyết định số 65/QĐ-TCHQ ngày 13/01/2020 của Tổng cục trưởng Tổng cục Hải quan v/v Công nhận hoạt động địa điểm thu gom hàng lẻ (kho CFS),59895,305,10,TONG_CUC,Mai Xuân Thành,13/01/2020,https://files.customs.gov.vn/van_ban_phap_luat/Lists/VanBanPhapLuat/Attachments/12687/QD65TCHQ2020.PDF,https://www.customs.gov.vn/index.jsp?pageId=3&id=59895&cid=1294,2020,01/2020,2026-10-08T09:32:22Z
47,03/VBHN-BTC,10/01/2020,Bộ Tài chính,"Văn bản hợp nhất Thông tư quy định về xác định xuất xứ hàng hóa xuất khẩu, nhập khẩu.",67508,305,18,CAN_THO,null,05/06/2018,https://files.customs.gov.vn/CAN_THO/2020_03-VBHN-BTC.rar,https://www.customs.gov.vn/index.jsp?pageId=3&id=67508&cid=1294,2020,01/2020,2026-10-08T09:32:22Z
48,47/QÐ-TCHQ,09/01/2020,Tổng cục hải quan,Về việc thu hồi mã số nhân viên đại lý làm thủ tục hải quan,53081,305,10,TP_HO_CHI_MINH,Âu Anh Tuấn,09/01/2020,https://files.customs.gov.vn/CustomsCMS/TP_HO_CHI_MINH/2020/Web/Data/DocumentAttachments/Vanban_47.PDF,https://www.customs.gov.vn/index.jsp?pageId=3&id=53081&cid=1294,2020,01/2020,2026-10-08T09:32:22Z
49,47/QĐ-TCHQ,09/01/2020,Tổng cục hải quan,Quyết định số 47/QĐ-TCHQ ngày 09/01/2020 của Tổng cục trưởng Tổng cục Hải quan v/v Thu hồi mã số nhân viên đại lý làm TTHQ,59894,305,10,TONG_CUC,Âu Anh Tuấn,09/01/2020,https://files.customs.gov.vn/van_ban_phap_luat/Lists/VanBanPhapLuat/Attachments/12685/QD47TCHQ2020.PDF,https://www.customs.gov.vn/index.jsp?pageId=3&id=59894&cid=1294,2020,01/2020,2026-10-08T09:32:22Z
50,168/TCHQ-TXNK,08/01/2020,Tổng cục hải quan,"Mã số HS hàng hóa nước hoa hồng, muối tẩy tế bào chết và mặt nạ bùn (Công ty TNHH Milensea)",66981,305,16,DONG_NAI,null,null,,https://www.customs.gov.vn/index.jsp?pageId=3&id=66981&cid=1294,2020,01/2020,2026-10-08T09:32:22Z
51,21/HQĐNa-GSQL,08/01/2020,Cục Hải Quan tỉnh Đồng Nai,V/v Vướng mắc C/O mẫu D của Công ty TNHH Nippon Paint VN,66979,305,16,DONG_NAI,null,null,https://files.customs.gov.vn/DONG_NAI//Data/Cv_Hqdn/21_HQDNa_GSQL_08_01_2020.pdf,https://www.customs.gov.vn/index.jsp?pageId=3&id=66979&cid=1294,2020,01/2020,2026-10-08T09:32:22Z
52,22/HQĐNa-TXNK,08/01/2020,Cục Hải Quan tỉnh Đồng Nai,Hoàn thuế nhập khẩu (Tổng Công ty công nghiệp thực phẩm Đồng Nai),66980,305,16,DONG_NAI,null,null,https://files.customs.gov.vn/DONG_NAI//Data/Cv_Hqdn/22_HQDNa_TXNK_08_01_2020.pdf,https://www.customs.gov.vn/index.jsp?pageId=3&id=66980&cid=1294,2020,01/2020,2026-10-08T09:32:22Z
53,02/BCĐ138TP,06/01/2020,null,"Tổ chức triển khai tuyên truyền tờ bướm về phòng, chống tội phạm và cách nhận biết, tác hại của ma túy",67505,305,18,CAN_THO,null,06/01/2020,https://files.customs.gov.vn/CAN_THO/2020-02BCD138.rar,https://www.customs.gov.vn/index.jsp?pageId=3&id=67505&cid=1294,2020,01/2020,2026-10-08T09:32:22Z
54,27/QÐ-TCHQ,06/01/2020,Tổng cục hải quan,Về việc công nhận hoạt động đại lý làm thủ tục hải quan,52928,305,10,TP_HO_CHI_MINH,Mai Xuân Thành,06/01/2020,https://files.customs.gov.vn/CustomsCMS/TP_HO_CHI_MINH/2020/Web/Data/DocumentAttachments/Vanban_27.PDF,https://www.customs.gov.vn/index.jsp?pageId=3&id=52928&cid=1294,2020,01/2020,2026-10-08T09:32:22Z
55,28/QĐ-TCHQ,06/01/2020,Tổng cục hải quan,Quyết định số 28/QĐ-TCHQ ngày 06/01/2020 của Tổng cục trưởng Tổng cục Hải quan v/v Tiếp tục hoạt động đại lý làm TTHQ,59893,305,10,TONG_CUC,Mai Xuân Thành,06/01/2020,https://files.customs.gov.vn/van_ban_phap_luat/Lists/VanBanPhapLuat/Attachments/12683/QD28TCHQ2020.PDF,https://www.customs.gov.vn/index.jsp?pageId=3&id=59893&cid=1294,2020,01/2020,2026-10-08T09:32:22Z
56,07/2020/NÐ-CP,05/01/2020,Chính phủ,"Nghị định số 07/2020/NĐ-CP ngày 05/01/2019 của Chính Phủ về Biểu thuế nhập khẩu ưu đãi đặc biệt của Việt Nam để thực hiện Hiệp định Thương mại Tự do ASEAN - Hồng Kông, Trung Quốc giai đoạn 2019 - 2022",55322,305,8,TP_HO_CHI_MINH,Nguyễn Xuân Phúc,05/01/2020,"https://files.customs.gov.vn/CustomsCMS/TP_HO_CHI_MINH/2020/Web/Data/DocumentAttachments/ND07CP2020.C21-40.pdf,/CustomsCMS/TP_HO_CHI_MINH/2020/Web/Data/DocumentAttachments/ND07CP2020.C64-84.pdf,/CustomsCMS/TP_HO_CHI_MINH/2020/Web/Data/DocumentAttachments/ND07CP2020.C40-64.pdf,/CustomsCMS/TP_HO_CHI_MINH/2020/Web/Data/DocumentAttachments/ND07CP2020.C84-97.pdf,/CustomsCMS/TP_HO_CHI_MINH/2020/Web/Data/DocumentAttachments/ND07CP2020.C1-21.pdf",https://www.customs.gov.vn/index.jsp?pageId=3&id=55322&cid=1294,2020,01/2020,2026-10-08T09:32:22Z
57,07/2020/NĐ-CP,05/01/2020,Chính phủ,"Nghị định 07/2020/NĐ-CP về Biểu thuế nhập khẩu ưu đãi đặc biệt của Việt Nam để thực hiện Hiệp định Thương mại Tự do ASEAN - Hồng Kông, Trung Quốc giai đoạn 2019-2022",43074,305,18,QUANG_BINH,null,null,https://files.customs.gov.vn/CustomsCMS/QUANG_BINH/2021/04/images/stories/files/07NDCP2020a.pdf,https://www.customs.gov.vn/index.jsp?pageId=3&id=43074&cid=1294,2020,01/2020,2026-10-08T09:32:22Z
58,02/QĐ-QLD,03/01/2020,Bộ và ngang bộ,Quyết định số 02/QĐ-QLD ngày 03/01/2020 của Cục Quản lý Dược (Bộ Y tế) về việc thu hồi số tiếp nhận Phiếu công bố sản phẩm mỹ phẩm,59866,305,10,TONG_CUC,Nguyễn Tất Đạt,03/01/2020,https://files.customs.gov.vn/van_ban_phap_luat/Lists/VanBanPhapLuat/Attachments/12643/QD02-QLD.BYT2020.PDF,https://www.customs.gov.vn/index.jsp?pageId=3&id=59866&cid=1294,2020,01/2020,2026-10-08T09:32:22Z
59,15/QĐ-TCHQ,03/01/2020,Tổng cục hải quan,Quyết định số 15/QĐ-TCHQ ngày 03/01/2020 của Tổng cục trưởng Tổng cục Hải quan v/v Thu hồi giấy chứng nhận đủ điều kiện kinh doanh hàng miễn thuế,59892,305,10,TONG_CUC,Mai Xuân Thành,03/01/2020,https://files.customs.gov.vn/van_ban_phap_luat/Lists/VanBanPhapLuat/Attachments/12681/QD15TCHQ2020.PDF,https://www.customs.gov.vn/index.jsp?pageId=3&id=59892&cid=1294,2020,01/2020,2026-10-08T09:32:22Z
60,03/2020/NÐ-CP,01/01/2020,Chính phủ,"Nghị định sửa đổi, bổ sung Điều 68 Nghị định số 36/2016/NĐ-CP ngày 15 tháng 5 năm 2016 của Chính phủ về quản lý trang thiết bị y tế đã được sửa đổi, bổ sung tại Nghị định số 169/2018/NĐ-CP ngày 31 tháng 12 năm 2018 của Chính phủ sửa đổi, bổ sung một số điều của Nghị định số 36/2016/NĐ-CP ngày 15 tháng 5 năm 2016 của Chính phủ về quản lý trang thiết bị y tế.",54163,305,8,TP_HO_CHI_MINH,Nguyễn Xuân Phúc,01/01/2020,https://files.customs.gov.vn/CustomsCMS/TP_HO_CHI_MINH/2020/Web/Data/DocumentAttachments/03_2020_ND-CP_432603.doc,https://www.customs.gov.vn/index.jsp?pageId=3&id=54163&cid=1294,2020,01/2020,2026-10-08T09:32:22Z
61,03/2020/NĐ-CP,01/01/2020,Chính phủ,"Sửa đổi, bổ sung điều 68 Nghị định số 36/2016/NĐ-CP ngày 15 tháng 5 năm 2016 của Chính phủ về Quản lý trang thiết bị y tế đã được sửa đổi, bổ sung tại Nghị định số 169/2018/NĐ-CP ngày 31 tháng 12 năm 2018 của Chính phủ sửa đổi, bổ sung một số điều của Nghị định số 36/2016/NĐ-CP ngày 15 tháng 5 năm 2016 của Chính phủ về quản lý trang thiết bị y tế",66998,305,8,DONG_NAI,null,01/01/2020,,https://www.customs.gov.vn/index.jsp?pageId=3&id=66998&cid=1294,2020,01/2020,2026-10-08T09:32:22Z
62,1217/TB-TCHQ,28/02/2020,Tổng cục hải quan,"Chế phẩm thực phẩm bảo vệ sức khỏe, dạng viên nang mềm, đóng gói 1000 viên/túi",54669,305,16,TP_HO_CHI_MINH,Lưu Mạnh Tưởng,28/02/2020,https://files.customs.gov.vn/CustomsCMS/TP_HO_CHI_MINH/2020/Web/Data/DocumentAttachments/Vanban_1217.PDF,https://www.customs.gov.vn/index.jsp?pageId=3&id=54669&cid=1294,2020,02/2020,2026-10-08T09:32:22Z
63,1220/TB-TCHQ,28/02/2020,Tổng cục hải quan,"Chế phẩm thực phẩm dạng bột, thành phần gồm: bột phô mai, đường maltodextrin, bột whey, muối natri clorua, chất điều vị natri glutamat (1,42%), silic dioxit (E551)....dùng để tạo hương vị phô mai cho các sản phẩm thực phẩm.",53295,305,16,TP_HO_CHI_MINH,Lưu Mạnh Tưởng,28/02/2020,https://files.customs.gov.vn/CustomsCMS/TP_HO_CHI_MINH/2020/Web/Data/DocumentAttachments/Vanban_1220.PDF,https://www.customs.gov.vn/index.jsp?pageId=3&id=53295&cid=1294,2020,02/2020,2026-10-08T09:32:22Z
64,20/NQ-CP,28/02/2020,Chính phủ,"Về việc áp dụng chế độ cấp giấy phép xuất khẩu đối với mặt hàng khẩu trang y tế trong giai đoạn phòng, chống dịch COVID-19",55539,305,7,TP_HO_CHI_MINH,Nguyễn Xuân Phúc,28/02/2020,https://files.customs.gov.vn/CustomsCMS/TP_HO_CHI_MINH/2020/Web/Data/DocumentAttachments/NQ_20_2020.pdf,https://www.customs.gov.vn/index.jsp?pageId=3&id=55539&cid=1294,2020,02/2020,2026-10-08T09:32:22Z
65,380/QÐ-TCHQ,28/02/2020,Tổng cục hải quan,Về việc tạm dừng hoạt động đại lý làm thủ tục hải quan,54598,305,10,TP_HO_CHI_MINH,Âu Anh Tuấn,28/02/2020,https://files.customs.gov.vn/CustomsCMS/TP_HO_CHI_MINH/2020/Web/Data/DocumentAttachments/Vanban_380.PDF,https://www.customs.gov.vn/index.jsp?pageId=3&id=54598&cid=1294,2020,02/2020,2026-10-08T09:32:22Z
66,381/QÐ-TCHQ,28/02/2020,Tổng cục hải quan,Về việc thu hồi mã số nhân viên đại lý làm thủ tục hải quan,54226,305,10,TP_HO_CHI_MINH,Âu Anh Tuấn,28/02/2020,https://files.customs.gov.vn/CustomsCMS/TP_HO_CHI_MINH/2020/Web/Data/DocumentAttachments/Vanban_381.PDF,https://www.customs.gov.vn/index.jsp?pageId=3&id=54226&cid=1294,2020,02/2020,2026-10-08T09:32:22Z
67,382/QĐ-TCHQ,28/02/2020,Tổng cục hải quan,Quyết định số 382/QĐ-TCHQ ngày 28/02/2020 của Tổng cục trưởng Tổng cục Hải quan v/v Tạm dừng hoạt động đại lý làm TTHQ,59971,305,10,TONG_CUC,Âu Anh Tuấn,28/02/2020,https://files.customs.gov.vn/van_ban_phap_luat/Lists/VanBanPhapLuat/Attachments/12834/QD382TCHQ2020.PDF,https://www.customs.gov.vn/index.jsp?pageId=3&id=59971&cid=1294,2020,02/2020,2026-10-08T09:32:22Z
68,383/QÐ-TCHQ,28/02/2020,Tổng cục hải quan,Về việc thu hồi mã số nhân viên đại lý làm thủ tục hải quan,53589,305,10,TP_HO_CHI_MINH,Âu Anh Tuấn,28/02/2020,https://files.customs.gov.vn/CustomsCMS/TP_HO_CHI_MINH/2020/Web/Data/DocumentAttachments/Vanban_383.PDF,https://www.customs.gov.vn/index.jsp?pageId=3&id=53589&cid=1294,2020,02/2020,2026-10-08T09:32:22Z
69,383/QĐ-TCHQ,28/02/2020,Tổng cục hải quan,Quyết định số 383/QĐ-TCHQ ngày 28/02/2020 của Tổng cục trưởng Tổng cục Hải quan v/v Thu hồi mã số nhân viên đại lý làm TTHQ,59972,305,10,TONG_CUC,Âu Anh Tuấn,28/02/2020,https://files.customs.gov.vn/van_ban_phap_luat/Lists/VanBanPhapLuat/Attachments/12835/QD383TCHQ2020.PDF,https://www.customs.gov.vn/index.jsp?pageId=3&id=59972&cid=1294,2020,02/2020,2026-10-08T09:32:22Z
70,384/QÐ-TCHQ,28/02/2020,Tổng cục hải quan,Về việc tạm dừng hoạt động đại lý làm thủ tục hải quan,56905,305,10,TP_HO_CHI_MINH,Âu Anh Tuấn,28/02/2020,https://files.customs.gov.vn/CustomsCMS/TP_HO_CHI_MINH/2020/Web/Data/DocumentAttachments/Vanban_384.PDF,https://www.customs.gov.vn/index.jsp?pageId=3&id=56905&cid=1294,2020,02/2020,2026-10-08T09:32:22Z
71,692/QĐ-BCT,28/02/2020,Bộ và ngang bộ,Quyết định số 692/QĐ-BCT ngày 28/02/2020 của Bộ trưởng Bộ Công Thương về việc thu hồi giấy phép kinh doanh nhập khẩu ô tô,59981,305,10,TONG_CUC,Trần Quốc Khánh,28/02/2020,https://files.customs.gov.vn/van_ban_phap_luat/Lists/VanBanPhapLuat/Attachments/12847/QD692-BCT 2020.PDF,https://www.customs.gov.vn/index.jsp?pageId=3&id=59981&cid=1294,2020,02/2020,2026-10-08T09:32:22Z
72,1166/TB-TCHQ,27/02/2020,Tổng cục hải quan,"Dung dịch các muối alkyl ammonium của axit hữu cơ trong isobutanol, dạng lỏng",56931,305,16,TP_HO_CHI_MINH,Lưu Mạnh Tưởng,27/02/2020,https://files.customs.gov.vn/CustomsCMS/TP_HO_CHI_MINH/2020/Web/Data/DocumentAttachments/Vanban_1166.PDF,https://www.customs.gov.vn/index.jsp?pageId=3&id=56931&cid=1294,2020,02/2020,2026-10-08T09:32:22Z
73,1196/TB-TCHQ,27/02/2020,Tổng cục hải quan,"Thép không hợp kim cán phẳng (hàm lượng carbon dưới 0,6% tính theo trọng lượng), không lượn sóng, dạng đai và dải được cuộn, chiều dày 2,8mm, chiều rộng 260mm, được mạ hợp kim kẽm-nhôm-magnesi bằng phương pháp nhúng nóng",53262,305,16,TP_HO_CHI_MINH,Lưu Mạnh Tưởng,27/02/2020,https://files.customs.gov.vn/CustomsCMS/TP_HO_CHI_MINH/2020/Web/Data/DocumentAttachments/Vanban_1196.PDF,https://www.customs.gov.vn/index.jsp?pageId=3&id=53262&cid=1294,2020,02/2020,2026-10-08T09:32:22Z
74,371/QĐ-TCHQ,27/02/2020,Tổng cục hải quan,"Quyết định số 371/QĐ-TCHQ ngày 27/02/2020 của Tổng cục trưởng Tổng cục Hải quan v/v Xác nhận kho xăng sân bay quốc tế Tân Sơn Nhất đủ điều kiện kiểm tra, giám sát của cơ quan Hải quan",59970,305,10,TONG_CUC,Mai Xuân Thành,27/02/2020,https://files.customs.gov.vn/van_ban_phap_luat/Lists/VanBanPhapLuat/Attachments/12831/QD371TCHQ2020.PDF,https://www.customs.gov.vn/index.jsp?pageId=3&id=59970&cid=1294,2020,02/2020,2026-10-08T09:32:22Z
75,05/2020/TT-BTC,26/02/2020,Bộ giao thông vận tải,Thông tư 05/2020/TT-BGTVT sửa đổi Thông tư 03/2018/TT-BGTVT quy định về kiểm tra chất lượng an toàn kỹ thuật vào bảo vệ môi trường đối với ô tô nhập khẩu thuộc đối tượng của Nghị định 116/2017/NĐ-CP do Bộ trưởng Bộ Giao thông vận tải ban hành,53194,305,4,TP_HO_CHI_MINH,null,26/02/2020,,https://www.customs.gov.vn/index.jsp?pageId=3&id=53194&cid=1294,2020,02/2020,2026-10-08T09:32:22Z
76,167/QĐ-HQBD,26/02/2020,Cục Hải quan Tỉnh Bình Dương,V/v công bố Hệ thống quản lý chất lượng phù hợp tiêu chuẩn quốc gia theo TCVN ISO 9001:2015,61081,305,10,TONG_CUC,null,26/02/2020,https://files.customs.gov.vn/BINH_DUONG/CMS/Lists/VanBanPhapQuy_VN/Attachments/4536/167QĐ-HQBD-2020.pdf,https://www.customs.gov.vn/index.jsp?pageId=3&id=61081&cid=1294,2020,02/2020,2026-10-08T09:32:22Z
77,365/QĐ-TCHQ,26/02/2020,Tổng cục hải quan,Quyết định số 365/QĐ-TCHQ ngày 26/02/2020 của Tổng cục trưởng Tổng cục Hải quan v/v Thu hồi mã số nhân viên đại lý làm TTHQ,59963,305,10,TONG_CUC,Âu Anh Tuấn,26/02/2020,https://files.customs.gov.vn/van_ban_phap_luat/Lists/VanBanPhapLuat/Attachments/12805/QD365TCHQ2020.PDF,https://www.customs.gov.vn/index.jsp?pageId=3&id=59963&cid=1294,2020,02/2020,2026-10-08T09:32:22Z
78,366/QĐ-TCHQ,26/02/2020,Tổng cục hải quan,Quyết định số 366/QĐ-TCHQ ngày 26/02/2020 của Tổng cục trưởng Tổng cục Hải quan v/v Tiếp tục hoạt động đại lý làm TTHQ,59964,305,10,TONG_CUC,Mai Xuân Thành,26/02/2020,https://files.customs.gov.vn/van_ban_phap_luat/Lists/VanBanPhapLuat/Attachments/12806/QD366TCHQ2020.PDF,https://www.customs.gov.vn/index.jsp?pageId=3&id=59964&cid=1294,2020,02/2020,2026-10-08T09:32:22Z
79,367/QÐ-TCHQ,26/02/2020,Tổng cục hải quan,Về việc công nhận hoạt động đại lý làm thủ tục hải quan,57071,305,10,TP_HO_CHI_MINH,Mai Xuân Thành,26/02/2020,https://files.customs.gov.vn/CustomsCMS/TP_HO_CHI_MINH/2020/Web/Data/DocumentAttachments/Vanban_367.PDF,https://www.customs.gov.vn/index.jsp?pageId=3&id=57071&cid=1294,2020,02/2020,2026-10-08T09:32:22Z
80,367/QĐ-TCHQ,26/02/2020,Tổng cục hải quan,Quyết định số 367/QĐ-TCHQ ngày 26/02/2020 của Tổng cục trưởng Tổng cục Hải quan v/v Công nhận hoạt động đại lý làm TTHQ,59965,305,10,TONG_CUC,Mai Xuân Thành,26/02/2020,https://files.customs.gov.vn/van_ban_phap_luat/Lists/VanBanPhapLuat/Attachments/12807/QD367TCHQ2020.PDF,https://www.customs.gov.vn/index.jsp?pageId=3&id=59965&cid=1294,2020,02/2020,2026-10-08T09:32:22Z
81,1075/TCHQ-GSQL,25/02/2020,Tổng cục hải quan,"V/v tạm nhập tái xuất máy móc, thiết bị của Văn phòng bán vé",52999,305,16,TP_HO_CHI_MINH,Âu Anh Tuấn,25/02/2020,https://files.customs.gov.vn/CustomsCMS/TP_HO_CHI_MINH/2020/Web/Data/DocumentAttachments/Vanban_1075.pdf,https://www.customs.gov.vn/index.jsp?pageId=3&id=52999&cid=1294,2020,02/2020,2026-10-08T09:32:22Z
82,1085/TCHQ-TXNK,25/02/2020,Tổng cục hải quan,Phân loại hàng hóa (Công ty TNHH Vietbeko),66989,305,16,DONG_NAI,null,null,,https://www.customs.gov.vn/index.jsp?pageId=3&id=66989&cid=1294,2020,02/2020,2026-10-08T09:32:22Z
83,350/QĐ-TCHQ,25/02/2020,Tổng cục hải quan,"Quyết định số 350/QĐ-TCHQ ngày 25/02/2020 của Tổng cục trưởng Tổng cục Hải quan v/v Công nhận địa điểm tập kết, kiểm tra, giám sát hàng hóa XK, NK ở khu vực biên giới thuộc Khu kinh tế cửa khẩu Đồng Đăng - Lạng Sơn",59962,305,10,TONG_CUC,Mai Xuân Thành,25/02/2020,https://files.customs.gov.vn/van_ban_phap_luat/Lists/VanBanPhapLuat/Attachments/12804/QD350TCHQ2020.PDF,https://www.customs.gov.vn/index.jsp?pageId=3&id=59962&cid=1294,2020,02/2020,2026-10-08T09:32:22Z
84,62/QĐ-TY-QLT,25/02/2020,Bộ và ngang bộ,Quyết định số 62/QĐ-TY-QLT ngày 25/02/2020 của của Cục Thú y (Bộ Nông nghiệp và Phát triển nông thôn) về việc ủy quyền thực hiện kiểm tra nhà nước về chất lượng thú y nhập khẩu,59980,305,10,TONG_CUC,Phạm Văn Đông,01/03/2020,https://files.customs.gov.vn/van_ban_phap_luat/Lists/VanBanPhapLuat/Attachments/12846/QD62-CTY-BNN2020.PDF,https://www.customs.gov.vn/index.jsp?pageId=3&id=59980&cid=1294,2020,02/2020,2026-10-08T09:32:22Z
85,1042/TCHQ-TXNK,24/02/2020,Tổng cục hải quan,"V/v xử lý thuế đối với nguyên liệu,vật tư sau hỏa hoạn",52573,305,16,TP_HO_CHI_MINH,Lê Mạnh Hùng,24/02/2020,https://files.customs.gov.vn/CustomsCMS/TP_HO_CHI_MINH/2020/Web/Data/DocumentAttachments/CV1042TCHQ2020.PDF,https://www.customs.gov.vn/index.jsp?pageId=3&id=52573&cid=1294,2020,02/2020,2026-10-08T09:32:22Z
86,1007/TCHQ-TXNK,21/02/2020,Tổng cục hải quan,V/v chính sách thuế GTGT hàng NK,55510,305,16,TP_HO_CHI_MINH,Lê Mạnh Hùng,21/02/2020,https://files.customs.gov.vn/CustomsCMS/TP_HO_CHI_MINH/2020/Web/Data/DocumentAttachments/Vanban_1007.PDF,https://www.customs.gov.vn/index.jsp?pageId=3&id=55510&cid=1294,2020,02/2020,2026-10-08T09:32:22Z
87,1015/TCHQ-TXNK,21/02/2020,Tổng cục hải quan,V/v phân loại “Ống lót trục vòng bi dùng cho máy công nghiệp”,52402,305,16,TP_HO_CHI_MINH,Lưu Mạnh Tưởng,21/02/2020,https://files.customs.gov.vn/CustomsCMS/TP_HO_CHI_MINH/2020/Web/Data/DocumentAttachments/CV1015TCHQ2020.PDF,https://www.customs.gov.vn/index.jsp?pageId=3&id=52402&cid=1294,2020,02/2020,2026-10-08T09:32:22Z
88,1032/TCHQ-TXNK,21/02/2020,Tổng cục hải quan,V/v xe ô tô chuyển mục đích sử dụng,56254,305,16,TP_HO_CHI_MINH,Lưu Mạnh Tưởng,21/02/2020,https://files.customs.gov.vn/CustomsCMS/TP_HO_CHI_MINH/2020/Web/Data/DocumentAttachments/CV1032TCHQ2020.PDF,https://www.customs.gov.vn/index.jsp?pageId=3&id=56254&cid=1294,2020,02/2020,2026-10-08T09:32:22Z
89,410/HQBD-TXNK,20/02/2020,Cục Hải quan Tỉnh Bình Dương,V/v báo cáo đánh giá ảnh hưởng của dịch bệnh covid-19 đến tình hình thu nộp NSNN của các DN nhập khẩu hàng hóa đến từ Trung Quốc,61061,305,16,BINH_DUONG,null,20/02/2020,https://files.customs.gov.vn/BINH_DUONG/CMS/Lists/VanBanPhapQuy_VN/Attachments/4465/410HQBD-TXNK_2020.pdf,https://www.customs.gov.vn/index.jsp?pageId=3&id=61061&cid=1294,2020,02/2020,2026-10-08T09:32:22Z
90,70/2020/NĐ-CP,20/02/2020,Chính phủ,"Biểu thuế NK ưu đãi đặc biệt của Việt Nam để thực hiện Hiệp định Thương mại Tự do ASEAN - Hồng Kông, Trung Quốc giai đoạn 2019-2022",61864,305,8,QUANG_NGAI,Thủ tướng Nguyễn Xuân Phúc,01/01/1900,https://files.customs.gov.vn/QUANG_NGAI/20200105_70_2020_NĐ-CP.pdf,https://www.customs.gov.vn/index.jsp?pageId=3&id=61864&cid=1294,2020,02/2020,2026-10-08T09:32:22Z
91,974/TCHQ-PC,20/02/2020,Tổng cục hải quan,Quy định về không xử phạt vi phạm hành chính (Công ty cổ phần năng lượng BCG - Băng Dương),66988,305,16,DONG_NAI,null,null,,https://www.customs.gov.vn/index.jsp?pageId=3&id=66988&cid=1294,2020,02/2020,2026-10-08T09:32:22Z
92,991/TCHQ-TXNK,20/02/2020,Tổng cục hải quan,V/v phân loại hàng hóa,55574,305,16,TP_HO_CHI_MINH,Đào Thu Hương,20/02/2020,https://files.customs.gov.vn/CustomsCMS/TP_HO_CHI_MINH/2020/Web/Data/DocumentAttachments/CV991TCHQ2020.PDF,https://www.customs.gov.vn/index.jsp?pageId=3&id=55574&cid=1294,2020,02/2020,2026-10-08T09:32:22Z
93,995/TCHQ-TXNK,20/02/2020,Tổng cục hải quan,V/v thực hiện Nghị định số 07/2020/NĐ-CP ngày 5/01/2020,55815,305,16,TP_HO_CHI_MINH,Lưu Mạnh Tưởng,20/02/2020,https://files.customs.gov.vn/CustomsCMS/TP_HO_CHI_MINH/2020/Web/Data/DocumentAttachments/CV995TCHQ2020.PDF,https://www.customs.gov.vn/index.jsp?pageId=3&id=55815&cid=1294,2020,02/2020,2026-10-08T09:32:22Z
94,03/TB-HĐNVKHQ,19/02/2020,Tổng cục hải quan,Danh sách thí sinh đăng ký dự thi kỳ thi cấp chứng chỉ nghiệp vụ khai,61067,305,19,BINH_DUONG,null,19/02/2020,https://files.customs.gov.vn/BINH_DUONG/CMS/Lists/VanBanPhapQuy_VN/Attachments/4471/03TB-HĐNVKHQ_2020.pdf,https://www.customs.gov.vn/index.jsp?pageId=3&id=61067&cid=1294,2020,02/2020,2026-10-08T09:32:22Z
95,316/QĐ-TCHQ,19/02/2020,Tổng cục hải quan,"Quyết định số 316/QĐ-TCHQ ngày 19/02/2020 của Tổng cục trưởng Tổng cục Hải quan v/v Chấm dứt hoạt động địa điểm tập kết, kiểm tra, giám sát hàng hóa XK, NK ở biên giới tại cửa khẩu Chi Ma, tỉnh Lạng Sơn",59957,305,10,TONG_CUC,Mai Xuân Thành,19/02/2020,https://files.customs.gov.vn/van_ban_phap_luat/Lists/VanBanPhapLuat/Attachments/12796/QD316TCHQ2020.PDF,https://www.customs.gov.vn/index.jsp?pageId=3&id=59957&cid=1294,2020,02/2020,2026-10-08T09:32:22Z
96,318/QĐ-TCHQ,19/02/2020,Tổng cục hải quan,Quyết định số 318/QĐ-TCHQ ngày 19/02/2020 của Tổng cục trưởng Tổng cục Hải quan v/v Chấm dứt hoạt động đại lý làm TTHQ,59958,305,10,TONG_CUC,Mai Xuân Thành,19/02/2020,https://files.customs.gov.vn/van_ban_phap_luat/Lists/VanBanPhapLuat/Attachments/12798/QD318TCHQ2020.PDF,https://www.customs.gov.vn/index.jsp?pageId=3&id=59958&cid=1294,2020,02/2020,2026-10-08T09:32:22Z
97,319/QĐ-TCHQ,19/02/2020,Tổng cục hải quan,Quyết định số 319/QĐ-TCHQ ngày 19/02/2020 của Tổng cục trưởng Tổng cục Hải quan v/v Chấm dứt hoạt động đại lý làm TTHQ,59959,305,10,TONG_CUC,Mai Xuân Thành,19/02/2020,https://files.customs.gov.vn/van_ban_phap_luat/Lists/VanBanPhapLuat/Attachments/12799/QD319TCHQ2020.PDF,https://www.customs.gov.vn/index.jsp?pageId=3&id=59959&cid=1294,2020,02/2020,2026-10-08T09:32:22Z
98,320/QĐ-TCHQ,19/02/2020,Tổng cục hải quan,Quyết định số 320/QĐ-TCHQ ngày 19/02/2020 của Tổng cục trưởng Tổng cục Hải quan v/v Công nhận hoạt động đại lý làm TTHQ,59960,305,10,TONG_CUC,Mai Xuân Thành,19/02/2020,https://files.customs.gov.vn/van_ban_phap_luat/Lists/VanBanPhapLuat/Attachments/12800/QD320TCHQ2020.PDF,https://www.customs.gov.vn/index.jsp?pageId=3&id=59960&cid=1294,2020,02/2020,2026-10-08T09:32:22Z
99,321/QĐ-TCHQ,19/02/2020,Tổng cục hải quan,Quyết định số 321/QĐ-TCHQ ngày 19/02/2020 của Tổng cục trưởng Tổng cục Hải quan v/v Chấm dứt hoạt động đại lý làm TTHQ,59961,305,10,TONG_CUC,Mai Xuân Thành,19/02/2020,https://files.customs.gov.vn/van_ban_phap_luat/Lists/VanBanPhapLuat/Attachments/12801/QD321TCHQ2020.PDF,https://www.customs.gov.vn/index.jsp?pageId=3&id=59961&cid=1294,2020,02/2020,2026-10-08T09:32:22Z
100,951/TB-TCHQ,19/02/2020,Tổng cục hải quan,Sorbitan monostearate có đặc tính của sáp,56410,305,16,TP_HO_CHI_MINH,Lưu Mạnh Tưởng,19/02/2020,https://files.customs.gov.vn/CustomsCMS/TP_HO_CHI_MINH/2020/Web/Data/DocumentAttachments/Vanban_951.PDF,https://www.customs.gov.vn/index.jsp?pageId=3&id=56410&cid=1294,2020,02/2020,2026-10-08T09:32:22Z
101,952/TB-TCHQ,19/02/2020,Tổng cục hải quan,"Chế phẩm hoạt động bề mặt lưỡng tính, dạng lỏng, chưa đóng gói bán lẻ",58705,305,16,TP_HO_CHI_MINH,Lưu Mạnh Tưởng,19/02/2020,https://files.customs.gov.vn/CustomsCMS/TP_HO_CHI_MINH/2020/Web/Data/DocumentAttachments/Vanban_952.PDF,https://www.customs.gov.vn/index.jsp?pageId=3&id=58705&cid=1294,2020,02/2020,2026-10-08T09:32:22Z
102,1530/TXNK-CST,18/02/2020,Cục Thuế xuất nhập khẩu,V/v xử lý thuế đối với hàng hóa TNTX sửa chữa,52278,305,16,TP_HO_CHI_MINH,Lê Mạnh Hùng,18/02/2020,https://files.customs.gov.vn/CustomsCMS/TP_HO_CHI_MINH/2020/Web/Data/DocumentAttachments/1475327_Vanban_2695.pdf,https://www.customs.gov.vn/index.jsp?pageId=3&id=52278&cid=1294,2020,02/2020,2026-10-08T09:32:22Z
103,252/HQĐNa-TVQT,18/02/2020,Cục Hải Quan tỉnh Đồng Nai,Thông báo giá bán ấn chỉ năm 2020,66987,305,16,DONG_NAI,null,null,https://files.customs.gov.vn/DONG_NAI//Data/Cv_Hqdn/252_HQDNa_TVQT_18_02_2020.PDF,https://www.customs.gov.vn/index.jsp?pageId=3&id=66987&cid=1294,2020,02/2020,2026-10-08T09:32:22Z
104,908/TB-TCHQ,18/02/2020,Tổng cục hải quan,"Sản phẩm gồm silicon dạng viên tròn kích thước khoảng 2mm được gắn trên một đầu que thép không gỉ đường kính 1mm, dài 74,5mm, đầu silicon được dùng để dính bụi bám trên các linh kiện điện tử của bản mạch điện tử.",54759,305,16,TP_HO_CHI_MINH,Lưu Mạnh Tưởng,18/02/2020,https://files.customs.gov.vn/CustomsCMS/TP_HO_CHI_MINH/2020/Web/Data/DocumentAttachments/Vanban_908.PDF,https://www.customs.gov.vn/index.jsp?pageId=3&id=54759&cid=1294,2020,02/2020,2026-10-08T09:32:22Z
105,911/TB-TCHQ,18/02/2020,Tổng cục hải quan,"Chế phẩm làm sạch có chứa axit, chất hoạt động bề mặt không phân ly, muối CuS04...dạng lỏng, chưa đóng gói bán lẻ",57532,305,16,TP_HO_CHI_MINH,Lưu Mạnh Tưởng,18/02/2020,https://files.customs.gov.vn/CustomsCMS/TP_HO_CHI_MINH/2020/Web/Data/DocumentAttachments/Vanban_911.PDF,https://www.customs.gov.vn/index.jsp?pageId=3&id=57532&cid=1294,2020,02/2020,2026-10-08T09:32:22Z
106,912/TB-TCHQ,18/02/2020,Tổng cục hải quan,"Chế phẩm chất màu dùng trong chế biến thực phẩm đi từ gạo lên men, màu đỏ, dạng bột",56551,305,16,TP_HO_CHI_MINH,Lưu Mạnh Tưởng,18/02/2020,https://files.customs.gov.vn/CustomsCMS/TP_HO_CHI_MINH/2020/Web/Data/DocumentAttachments/Vanban_912.PDF,https://www.customs.gov.vn/index.jsp?pageId=3&id=56551&cid=1294,2020,02/2020,2026-10-08T09:32:22Z
107,914/TB-TCHQ,18/02/2020,Tổng cục hải quan,"Chế phẩm làm sạch có chứa axit, chất hoạt động bề mặt không phân ly, muối vô cơ...dạng lỏng, chưa đóng gói bán lẻ",56736,305,16,TP_HO_CHI_MINH,Lưu Mạnh Tưởng,18/02/2020,https://files.customs.gov.vn/CustomsCMS/TP_HO_CHI_MINH/2020/Web/Data/DocumentAttachments/Vanban_914.PDF,https://www.customs.gov.vn/index.jsp?pageId=3&id=56736&cid=1294,2020,02/2020,2026-10-08T09:32:22Z
108,915/TB-TCHQ,18/02/2020,Tổng cục hải quan,Bột sữa ong chúa (Royal Jelly powder).,54318,305,16,TP_HO_CHI_MINH,Lưu Mạnh Tưởng,18/02/2020,https://files.customs.gov.vn/CustomsCMS/TP_HO_CHI_MINH/2020/Web/Data/DocumentAttachments/Vanban_915.PDF,https://www.customs.gov.vn/index.jsp?pageId=3&id=54318&cid=1294,2020,02/2020,2026-10-08T09:32:22Z
109,916/TB-TCHQ,18/02/2020,Tổng cục hải quan,"Polyetherimide nguyên sinh, dạng hạt.",58431,305,16,TP_HO_CHI_MINH,Lưu Mạnh Tưởng,18/02/2020,https://files.customs.gov.vn/CustomsCMS/TP_HO_CHI_MINH/2020/Web/Data/DocumentAttachments/Vanban_916.PDF,https://www.customs.gov.vn/index.jsp?pageId=3&id=58431&cid=1294,2020,02/2020,2026-10-08T09:32:22Z
110,918/TB-TCHQ,18/02/2020,Tổng cục hải quan,"Hỗn hợp đồng phân của 4,4- Diaminodicyclohexylmethane, dạng lỏng",58099,305,16,TP_HO_CHI_MINH,Lưu Mạnh Tưởng,18/02/2020,https://files.customs.gov.vn/CustomsCMS/TP_HO_CHI_MINH/2020/Web/Data/DocumentAttachments/Vanban_918.PDF,https://www.customs.gov.vn/index.jsp?pageId=3&id=58099&cid=1294,2020,02/2020,2026-10-08T09:32:22Z
111,919/TB-TCHQ,18/02/2020,Tổng cục hải quan,"Vải dệt thoi thành phần gồm: 54,9% filament rayon và 45,1% staple rayon, đã in, chưa ngâm tẩm hay tráng phủ bề mặt, trọng lượng 121,7g/m2, dạng cuộn, khổ 1,4m",54338,305,16,TP_HO_CHI_MINH,Lưu Mạnh Tưởng,18/02/2020,https://files.customs.gov.vn/CustomsCMS/TP_HO_CHI_MINH/2020/Web/Data/DocumentAttachments/Vanban_919.PDF,https://www.customs.gov.vn/index.jsp?pageId=3&id=54338&cid=1294,2020,02/2020,2026-10-08T09:32:22Z
112,920/TB-TCHQ,18/02/2020,Tổng cục hải quan,"Sodium 3-Nitrobenzenesulphonat, dạng bột",58435,305,16,TP_HO_CHI_MINH,Lưu Mạnh Tưởng,18/02/2020,https://files.customs.gov.vn/CustomsCMS/TP_HO_CHI_MINH/2020/Web/Data/DocumentAttachments/Vanban_920.PDF,https://www.customs.gov.vn/index.jsp?pageId=3&id=58435&cid=1294,2020,02/2020,2026-10-08T09:32:22Z
113,921/TB-TCHQ,18/02/2020,Tổng cục hải quan,"Chất phủ từ copolyme ethylene, phân tán trong môi trường nước",52474,305,16,TP_HO_CHI_MINH,Lưu Mạnh Tưởng,18/02/2020,https://files.customs.gov.vn/CustomsCMS/TP_HO_CHI_MINH/2020/Web/Data/DocumentAttachments/Vanban_921.PDF,https://www.customs.gov.vn/index.jsp?pageId=3&id=52474&cid=1294,2020,02/2020,2026-10-08T09:32:22Z
114,922/TB-TCHQ,18/02/2020,Tổng cục hải quan,Sản phẩm có cấu tạo gồm 03 lớp: hai lớp bề mặt là vải dệt kim đan ngang đã nhuộm từ cotton và lớp ở giữa là mền xơ từ xơ multifilament polyester dún,54968,305,16,TP_HO_CHI_MINH,Lưu Mạnh Tưởng,18/02/2020,https://files.customs.gov.vn/CustomsCMS/TP_HO_CHI_MINH/2020/Web/Data/DocumentAttachments/Vanban_922.PDF,https://www.customs.gov.vn/index.jsp?pageId=3&id=54968&cid=1294,2020,02/2020,2026-10-08T09:32:22Z
115,923/TB-TCHQ,18/02/2020,Tổng cục hải quan,Florfenicol,53601,305,16,TP_HO_CHI_MINH,Lưu Mạnh Tưởng,18/02/2020,https://files.customs.gov.vn/CustomsCMS/TP_HO_CHI_MINH/2020/Web/Data/DocumentAttachments/Vanban_923.PDF,https://www.customs.gov.vn/index.jsp?pageId=3&id=53601&cid=1294,2020,02/2020,2026-10-08T09:32:22Z
116,936/TCHQ-TXNK,18/02/2020,Tổng cục hải quan,"V/v phân loại và xử lý thuế đối với mặt hàng ""Nhựa Polyol Blend Sanex ARG 1000”",53070,305,16,TP_HO_CHI_MINH,Đào Thu Hương,18/02/2020,https://files.customs.gov.vn/CustomsCMS/TP_HO_CHI_MINH/2020/Web/Data/DocumentAttachments/CV936TCHQ2020.PDF,https://www.customs.gov.vn/index.jsp?pageId=3&id=53070&cid=1294,2020,02/2020,2026-10-08T09:32:22Z
117,938/TCHQ-TXNK,18/02/2020,Tổng cục hải quan,V/v phí bản quyền và tiền thuê máy móc thiết bị,58494,305,16,TP_HO_CHI_MINH,Lê Mạnh Hùng,18/02/2020,https://files.customs.gov.vn/CustomsCMS/TP_HO_CHI_MINH/2020/Web/Data/DocumentAttachments/CV938TCHQ2020.PDF,https://www.customs.gov.vn/index.jsp?pageId=3&id=58494&cid=1294,2020,02/2020,2026-10-08T09:32:22Z
118,939/TCHQ-TXNK,18/02/2020,Tổng cục hải quan,V/v thuế nhập khẩu dự án ưu đãi đầu tư,55260,305,16,TP_HO_CHI_MINH,Lê Mạnh Hùng,18/02/2020,https://files.customs.gov.vn/CustomsCMS/TP_HO_CHI_MINH/2020/Web/Data/DocumentAttachments/CV939TCHQ2020.PDF,https://www.customs.gov.vn/index.jsp?pageId=3&id=55260&cid=1294,2020,02/2020,2026-10-08T09:32:22Z
119,370/BC-HQBD,17/02/2020,Cục Hải quan Tỉnh Bình Dương,"Công tác phòng, chống tham nhũng trong ngành Hải quan tháng 02/2020",61066,305,16,BINH_DUONG,null,17/02/2020,https://files.customs.gov.vn/BINH_DUONG/CMS/Lists/VanBanPhapQuy_VN/Attachments/4470/370_BC-HQBD_2020.pdf,https://www.customs.gov.vn/index.jsp?pageId=3&id=61066&cid=1294,2020,02/2020,2026-10-08T09:32:22Z
120,803/GSQL-GQ2,17/02/2020,Bộ Công nghiệp,V/v thực hiện báo cáo quyết toán năm 2019,53633,305,16,TP_HO_CHI_MINH,Lê Vũ Quân,17/02/2020,https://files.customs.gov.vn/CustomsCMS/TP_HO_CHI_MINH/2020/Web/Data/DocumentAttachments/1475335_Vanban_2687.pdf,https://www.customs.gov.vn/index.jsp?pageId=3&id=53633&cid=1294,2020,02/2020,2026-10-08T09:32:22Z
121,38/2020/TT-BTC,15/02/2020,Bộ Tài chính,38/2020/TT-BTC bãi bỏ một số văn bản QPPL do Bộ trưởng BTC ban hành trong lĩnh vực KBNN và NSNN,61082,305,4,BINH_DUONG,null,15/02/2020,https://files.customs.gov.vn/BINH_DUONG/CMS/Lists/VanBanPhapQuy_VN/Attachments/4537/38_2020TT-BTC.pdf,https://www.customs.gov.vn/index.jsp?pageId=3&id=61082&cid=1294,2020,02/2020,2026-10-08T09:32:22Z
122,284/QĐ-TCHQ,14/02/2020,Tổng cục hải quan,Quyết định số 284/QĐ-TCHQ ngày 14/02/2020 của Tổng cục trưởng Tổng cục Hải quan v/v Tiếp tục hoạt động đại lý làm TTHQ,59955,305,10,TONG_CUC,Mai Xuân Thành,14/02/2020,https://files.customs.gov.vn/van_ban_phap_luat/Lists/VanBanPhapLuat/Attachments/12792/QD284TCHQ2020.PDF,https://www.customs.gov.vn/index.jsp?pageId=3&id=59955&cid=1294,2020,02/2020,2026-10-08T09:32:22Z
123,501/QÐ-BCT,14/02/2020,Bộ Công thương,"Thu hồi Mã số kinh doanh tạm nhập, tái xuất hàng hóa đã qua sử dụng số 14/BCT(MS-ĐQSD) của Công ty TNHH Xuất nhập khẩu Song Toàn",58420,305,10,TP_HO_CHI_MINH,Trần Quốc Khánh,14/02/2020,https://files.customs.gov.vn/CustomsCMS/TP_HO_CHI_MINH/2020/Web/Data/DocumentAttachments/QD501-BCT2020.PDF,https://www.customs.gov.vn/index.jsp?pageId=3&id=58420&cid=1294,2020,02/2020,2026-10-08T09:32:22Z
124,505/QÐ-BCT,14/02/2020,Bộ Công thương,Về việc thu hồi Giấy chứng nhận đủ điều kiện kinh doanh xuất khẩu gạo của Công ty TNHH Panoramas Commodities,52871,305,10,TP_HO_CHI_MINH,Trần Quốc Khánh,14/02/2020,https://files.customs.gov.vn/CustomsCMS/TP_HO_CHI_MINH/2020/Web/Data/DocumentAttachments/QD505-BCT2020.PDF,https://www.customs.gov.vn/index.jsp?pageId=3&id=52871&cid=1294,2020,02/2020,2026-10-08T09:32:22Z
125,679/BTNMT-TCMT,14/02/2020,Bộ Tài nguyên và Môi trường,"V/v Tăng cường quản lý động vật hoang dã và kiểm soát việc nuôi nhốt, buôn bán, tiêu thụ trái phép",53278,305,16,TP_HO_CHI_MINH,Võ Tuấn Nhân,14/02/2020,https://files.customs.gov.vn/CustomsCMS/TP_HO_CHI_MINH/2020/Web/Data/DocumentAttachments/CV679-BTNMT2020.PDF,https://www.customs.gov.vn/index.jsp?pageId=3&id=53278&cid=1294,2020,02/2020,2026-10-08T09:32:22Z
126,858/TCHQ-TXNK,14/02/2020,Tổng cục hải quan,V/v chính sách thuế đối với hàng hóa nhập khẩu để SXXK,56578,305,16,TP_HO_CHI_MINH,Lê Mạnh Hùng,14/02/2020,https://files.customs.gov.vn/CustomsCMS/TP_HO_CHI_MINH/2020/Web/Data/DocumentAttachments/Vanban_858.PDF,https://www.customs.gov.vn/index.jsp?pageId=3&id=56578&cid=1294,2020,02/2020,2026-10-08T09:32:22Z
127,862/TCHQ-TXNK,14/02/2020,Tổng cục hải quan,"V/v phân loại mặt hàng tủ kết đông lạnh 2 ngăn, có kính",56973,305,16,TP_HO_CHI_MINH,Lưu Mạnh Tưởng,14/02/2020,https://files.customs.gov.vn/CustomsCMS/TP_HO_CHI_MINH/2020/Web/Data/DocumentAttachments/Vanban_862.PDF,https://www.customs.gov.vn/index.jsp?pageId=3&id=56973&cid=1294,2020,02/2020,2026-10-08T09:32:22Z
128,504/BXD-VLXD,13/02/2020,Bộ và ngang bộ,V/v triển khai thực hiện Nghị định số 85/2019/NĐ-CP ngày 14/11/2019 của Chính phủ,55706,305,16,TP_HO_CHI_MINH,Nguyễn Văn Sinh,13/02/2020,https://files.customs.gov.vn/CustomsCMS/TP_HO_CHI_MINH/2020/Web/Data/DocumentAttachments/CV504-BXD_2020.PDF,https://www.customs.gov.vn/index.jsp?pageId=3&id=55706&cid=1294,2020,02/2020,2026-10-08T09:32:22Z
129,818/TB-TCHQ,13/02/2020,Tổng cục hải quan,"Tấm Silicon đã được kích tạp dùng trong điện tử, dạng đĩa, đường kính x độ dày ~ 200mm x 0.72mm",58843,305,16,TP_HO_CHI_MINH,Lưu Mạnh Tưởng,13/02/2020,https://files.customs.gov.vn/CustomsCMS/TP_HO_CHI_MINH/2020/Web/Data/DocumentAttachments/Vanban_818.PDF,https://www.customs.gov.vn/index.jsp?pageId=3&id=58843&cid=1294,2020,02/2020,2026-10-08T09:32:22Z
130,822/TCHQ-TXNK,13/02/2020,Tổng cục hải quan,V/v trả lời Chi nhánh Công ty CP SXKD-XNK Nam Hà tại Hà Nội,58674,305,16,TP_HO_CHI_MINH,Lưu Mạnh Tưởng,13/02/2020,https://files.customs.gov.vn/CustomsCMS/TP_HO_CHI_MINH/2020/Web/Data/DocumentAttachments/Vanban_822.PDF,https://www.customs.gov.vn/index.jsp?pageId=3&id=58674&cid=1294,2020,02/2020,2026-10-08T09:32:22Z
131,826/TCHQ-TXNK,13/02/2020,Tổng cục hải quan,V/v phí hải quan,56769,305,16,TP_HO_CHI_MINH,Lưu Mạnh Tưởng,13/02/2020,https://files.customs.gov.vn/CustomsCMS/TP_HO_CHI_MINH/2020/Web/Data/DocumentAttachments/Vanban_826.pdf,https://www.customs.gov.vn/index.jsp?pageId=3&id=56769&cid=1294,2020,02/2020,2026-10-08T09:32:22Z
132,224/CÐ-TTG,12/02/2020,Thủ tướng Chính phủ,"Về việc tháo gỡ khó khăn cho hoạt động xuất nhập khẩu, vận chuyển hàng hóa qua biên giới",58125,305,16,TP_HO_CHI_MINH,Nguyễn Xuân Phúc,12/02/2020,https://files.customs.gov.vn/CustomsCMS/TP_HO_CHI_MINH/2020/Web/Data/DocumentAttachments/CD224-TTg2020.PDF,https://www.customs.gov.vn/index.jsp?pageId=3&id=58125&cid=1294,2020,02/2020,2026-10-08T09:32:22Z
133,224/CĐ-TTg,12/02/2020,Chính phủ,"Công điện số 224/CĐ-TTg ngày 12/02/2020 của Thủ tướng Chính phủ v/v tháo gỡ khó khăn cho hoạt động xuất nhập khẩu, vận chuyển hàng hóa qua biên giới",59932,305,18,TONG_CUC,Nguyễn Xuân Phúc,12/02/2020,https://files.customs.gov.vn/van_ban_phap_luat/Lists/VanBanPhapLuat/Attachments/12754/CĐ224-TTg2020.PDF,https://www.customs.gov.vn/index.jsp?pageId=3&id=59932&cid=1294,2020,02/2020,2026-10-08T09:32:22Z
134,258/QĐ-TCHQ,12/02/2020,Tổng cục hải quan,Quyết định số 258/QĐ-TCHQ ngày 12/02/2020 của Tổng cục trưởng Tổng cục Hải quan v/v Thu hẹp kho ngoại quan,59953,305,10,TONG_CUC,Mai Xuân Thành,12/02/2020,https://files.customs.gov.vn/van_ban_phap_luat/Lists/VanBanPhapLuat/Attachments/12789/QD258TCHQ2020.PDF,https://www.customs.gov.vn/index.jsp?pageId=3&id=59953&cid=1294,2020,02/2020,2026-10-08T09:32:22Z
135,259/QĐ-TCHQ,12/02/2020,Tổng cục hải quan,Quyết định số 259/QĐ-TCHQ ngày 12/02/2020 của Tổng cục trưởng Tổng cục Hải quan v/v Tiếp tục hoạt động đại lý làm TTHQ,59954,305,10,TONG_CUC,Mai Xuân Thành,12/02/2020,https://files.customs.gov.vn/van_ban_phap_luat/Lists/VanBanPhapLuat/Attachments/12790/QD259TCHQ2020.PDF,https://www.customs.gov.vn/index.jsp?pageId=3&id=59954&cid=1294,2020,02/2020,2026-10-08T09:32:22Z
136,292/QĐ-TCHQ,12/02/2020,Tổng cục hải quan,Quyết định số 292/QĐ-TCHQ ngày 14/02/2020 của Tổng cục trưởng Tổng cục Hải quan v/v Tạm dừng hoạt động đại lý làm TTHQ,59956,305,10,TONG_CUC,Âu Anh Tuấn,14/02/2020,https://files.customs.gov.vn/van_ban_phap_luat/Lists/VanBanPhapLuat/Attachments/12794/QD292TCHQ2020.PDF,https://www.customs.gov.vn/index.jsp?pageId=3&id=59956&cid=1294,2020,02/2020,2026-10-08T09:32:22Z
137,787/TCHQ-KTSTQ,12/02/2020,Tổng cục hải quan,Điều kiện áp dụng chế độ ưu tiên (CNGD Công ty TNHH Kintetsu World Express Việt Nam),66986,305,16,DONG_NAI,null,null,,https://www.customs.gov.vn/index.jsp?pageId=3&id=66986&cid=1294,2020,02/2020,2026-10-08T09:32:22Z
138,184/QÐ-BTC,11/02/2020,Bộ Tài chính,"Về việc bổ sung Danh sách các cửa khẩu áp dụng tờ khai hải quan dùng cho người xuất cảnh, nhập cảnh",52220,305,10,TP_HO_CHI_MINH,Vũ Thị Mai,11/02/2020,https://files.customs.gov.vn/CustomsCMS/TP_HO_CHI_MINH/2020/Web/Data/DocumentAttachments/QD184_BTC.pdf,https://www.customs.gov.vn/index.jsp?pageId=3&id=52220&cid=1294,2020,02/2020,2026-10-08T09:32:22Z
139,244/QĐ-TCHQ,11/02/2020,Tổng cục hải quan,Quyết định số 244/QĐ-TCHQ ngày 11/02/2020 của Tổng cục trưởng Tổng cục Hải quan v/v Thay đổi thông tin đại lý làm thủ tục hải quan,59949,305,10,TONG_CUC,Mai Xuân Thành,11/02/2020,https://files.customs.gov.vn/van_ban_phap_luat/Lists/VanBanPhapLuat/Attachments/12785/QD244TCHQ2020.PDF,https://www.customs.gov.vn/index.jsp?pageId=3&id=59949&cid=1294,2020,02/2020,2026-10-08T09:32:22Z
140,245/QÐ-TCHQ,11/02/2020,Tổng cục hải quan,Về việc tiếp tục hoạt động đại lý làm thủ tục hải quan,58217,305,10,TP_HO_CHI_MINH,Mai Xuân Thành,11/02/2020,https://files.customs.gov.vn/CustomsCMS/TP_HO_CHI_MINH/2020/Web/Data/DocumentAttachments/Vanban_245.PDF,https://www.customs.gov.vn/index.jsp?pageId=3&id=58217&cid=1294,2020,02/2020,2026-10-08T09:32:22Z
141,245/QĐ-TCHQ,11/02/2020,Tổng cục hải quan,Quyết định số 245/QĐ-TCHQ ngày 11/02/2020 của Tổng cục trưởng Tổng cục Hải quan v/v Thay đổi thông tin đại lý làm thủ tục hải quan,59950,305,10,TONG_CUC,Mai Xuân Thành,11/02/2020,https://files.customs.gov.vn/van_ban_phap_luat/Lists/VanBanPhapLuat/Attachments/12786/QD245TCHQ2020.PDF,https://www.customs.gov.vn/index.jsp?pageId=3&id=59950&cid=1294,2020,02/2020,2026-10-08T09:32:22Z
142,246/QĐ-TCHQ,11/02/2020,Tổng cục hải quan,Quyết định số 246/QĐ-TCHQ ngày 11/02/2020 của Tổng cục trưởng Tổng cục Hải quan v/v Thay đổi thông tin đại lý làm thủ tục hải quan,59951,305,10,TONG_CUC,Mai Xuân Thành,11/02/2020,https://files.customs.gov.vn/van_ban_phap_luat/Lists/VanBanPhapLuat/Attachments/12787/QD246TCHQ2020.PDF,https://www.customs.gov.vn/index.jsp?pageId=3&id=59951&cid=1294,2020,02/2020,2026-10-08T09:32:22Z
143,301/HQBD-VP,11/02/2020,Cục Hải quan Tỉnh Bình Dương,"V/v tiếp tục triển khai các biện pháp phòng, chống dịch bệnh vi rút Corona",61064,305,16,BINH_DUONG,null,11/02/2020,https://files.customs.gov.vn/BINH_DUONG/CMS/Lists/VanBanPhapQuy_VN/Attachments/4468/301HQBD-VP_2020.pdf,https://www.customs.gov.vn/index.jsp?pageId=3&id=61064&cid=1294,2020,02/2020,2026-10-08T09:32:22Z
144,755/TCHQ-GSQL,11/02/2020,Tổng cục hải quan,"V/v kiểm tra, xác định xuất xứ, chống gian lận, giả mạo xuất xứ, ghi nhãn hàng hóa, chuyển tải bất hợp pháp và thủ tục hải quan.",54195,305,16,TP_HO_CHI_MINH,Mai Xuân Thành,11/02/2020,https://files.customs.gov.vn/CustomsCMS/TP_HO_CHI_MINH/2020/Web/Data/DocumentAttachments/Vanban_755.PDF,https://www.customs.gov.vn/index.jsp?pageId=3&id=54195&cid=1294,2020,02/2020,2026-10-08T09:32:22Z
145,758/TCHQ-GSQL,11/02/2020,Tổng cục hải quan,Chứng từ chứng minh về vận tải trong Hiệp định CPTPP (Đại sứ Quán Canada tại Hà Nội),66985,305,16,DONG_NAI,null,null,,https://www.customs.gov.vn/index.jsp?pageId=3&id=66985&cid=1294,2020,02/2020,2026-10-08T09:32:22Z
146,233/QÐ-TCHQ,10/02/2020,Tổng cục hải quan,Về việc thu hồi mã số nhân viên đại lý làm thủ tục hải quan,56428,305,10,TP_HO_CHI_MINH,Âu Anh Tuấn,10/02/2020,https://files.customs.gov.vn/CustomsCMS/TP_HO_CHI_MINH/2020/Web/Data/DocumentAttachments/Vanban_233.PDF,https://www.customs.gov.vn/index.jsp?pageId=3&id=56428&cid=1294,2020,02/2020,2026-10-08T09:32:22Z
147,233/QĐ-TCHQ,10/02/2020,Tổng cục hải quan,Quyết định số 233/QĐ-TCHQ ngày 10/02/2020 của Tổng cục trưởng Tổng cục Hải quan v/v Thu hồi mã số nhân viên đại lý làm TTHQ,59945,305,10,TONG_CUC,Âu Anh Tuấn,10/02/2020,https://files.customs.gov.vn/van_ban_phap_luat/Lists/VanBanPhapLuat/Attachments/12780/QD233TCHQ2020.PDF,https://www.customs.gov.vn/index.jsp?pageId=3&id=59945&cid=1294,2020,02/2020,2026-10-08T09:32:22Z
148,237/QĐ-TCHQ,10/02/2020,Tổng cục hải quan,Quyết định số 237/QĐ-TCHQ ngày 10/02/2020 của Tổng cục trưởng Tổng cục Hải quan v/v Thay đổi thông tin đại lý làm TTHQ,59946,305,10,TONG_CUC,Mai Xuân Thành,10/02/2020,https://files.customs.gov.vn/van_ban_phap_luat/Lists/VanBanPhapLuat/Attachments/12781/QD237TCHQ2020.PDF,https://www.customs.gov.vn/index.jsp?pageId=3&id=59946&cid=1294,2020,02/2020,2026-10-08T09:32:22Z
149,238/QĐ-TCHQ,10/02/2020,Tổng cục hải quan,Quyết định số 238/QĐ-TCHQ ngày 10/02/2020 của Tổng cục trưởng Tổng cục Hải quan v/v Thu hồi mã số nhân viên đại lý làm TTHQ,59947,305,10,TONG_CUC,Âu Anh Tuấn,10/02/2020,https://files.customs.gov.vn/van_ban_phap_luat/Lists/VanBanPhapLuat/Attachments/12782/QD238TCHQ2020.PDF,https://www.customs.gov.vn/index.jsp?pageId=3&id=59947&cid=1294,2020,02/2020,2026-10-08T09:32:22Z
150,239/QĐ-TCHQ,10/02/2020,Tổng cục hải quan,Quyết định số 239/QĐ-TCHQ ngày 10/02/2020 của Tổng cục trưởng Tổng cục Hải quan v/v Mở rộng kho ngoại quan,59948,305,10,TONG_CUC,Mai Xuân Thành,10/02/2020,https://files.customs.gov.vn/van_ban_phap_luat/Lists/VanBanPhapLuat/Attachments/12783/QD239TCHQ2020.PDF,https://www.customs.gov.vn/index.jsp?pageId=3&id=59948&cid=1294,2020,02/2020,2026-10-08T09:32:22Z
151,731/TCHQ-TXNK,10/02/2020,null,Thuế giá trị gia tăng,76734,305,16,DA_NANG,Lưu Mạnh Tưởng,10/02/2020,https://files.customs.gov.vn/DA_NANG/Uploads/65e32243-11bf-4695-985d-c1563e8c13ba/731 thue GTGT máy trợ thính 10.2.20.PDF,https://www.customs.gov.vn/index.jsp?pageId=3&id=76734&cid=1294,2020,02/2020,2026-10-08T09:32:22Z
152,791/BCT-KHCN,10/02/2020,Bộ và ngang bộ,Công văn số 791/BCT-KHCN ngày 10/02/2020 của Bộ Công Thương v/v Thông báo về trách nhiệm kiểm tra nhà nước đối với thực phẩm nhà khẩu thuộc phạm vi quản lý của Bộ Công thương,59931,305,16,TONG_CUC,Nguyễn Việt Tấn,10/02/2020,https://files.customs.gov.vn/van_ban_phap_luat/Lists/VanBanPhapLuat/Attachments/12753/CV791-BCT 2020.PDF,https://www.customs.gov.vn/index.jsp?pageId=3&id=59931&cid=1294,2020,02/2020,2026-10-08T09:32:22Z
153,155/QÐ/BTC,07/02/2020,Bộ Tài chính,"Quyết định 155/QĐ-BTC năm 2020 về Danh mục các mặt hàng được miễn thuế nhập khẩu phục vụ phòng, chống dịch viêm đường hô hấp cấp do chủng mới của virus Corona gây ra do Bộ Tài chính ban hành",57761,305,18,TP_HO_CHI_MINH,Đinh Tiến Dũng,07/02/2020,,https://www.customs.gov.vn/index.jsp?pageId=3&id=57761&cid=1294,2020,02/2020,2026-10-08T09:32:22Z
154,336/QĐ-BYT,07/02/2020,Bộ và ngang bộ,Quyết định số 336/QĐ-BYT ngày 07/02/2020 của Bộ trưởng Bộ Y tế về việc triển khai thí điểm dịch vụ công trực tuyến mức độ 4 đối với thủ tục cấp phép NK thuốc chưa có giấy đăng ký lưu hành tại VN,59930,305,10,TONG_CUC,Trương Quốc Cường,07/02/2020,https://files.customs.gov.vn/van_ban_phap_luat/Lists/VanBanPhapLuat/Attachments/12751/QD336-BYT2020.PDF,https://www.customs.gov.vn/index.jsp?pageId=3&id=59930&cid=1294,2020,02/2020,2026-10-08T09:32:22Z
155,281/HQBD-VP,06/02/2020,Cục Hải quan Tỉnh Bình Dương,"V/v tiếp tục triển khai các biện pháp phòng, chống dịch bệnh",61063,305,16,BINH_DUONG,null,06/02/2020,https://files.customs.gov.vn/BINH_DUONG/CMS/Lists/VanBanPhapQuy_VN/Attachments/4467/281HQBD-VP_2020.pdf,https://www.customs.gov.vn/index.jsp?pageId=3&id=61063&cid=1294,2020,02/2020,2026-10-08T09:32:22Z
156,17/2020/NĐ-CP,05/02/2020,Chính phủ,"Sửa đổi, bổ sung một số điều của các Nghị định liên quan đến điều kiện đầu tư kinh doanh thuộc lĩnh vực quản lý nhà nước của Bộ Công thương",40123,305,8,HA_TINH,Nguyễn Xuân Phúc,null,https://files.customs.gov.vn/CustomsCMS/HA_TINH/2020/upload/office/2020/08/506/file/nghi dinh 17.pdf,https://www.customs.gov.vn/index.jsp?pageId=3&id=40123&cid=1294,2020,02/2020,2026-10-08T09:32:22Z
157,212/QĐ-TCHQ,05/02/2020,Tổng cục hải quan,Quyết định số 212/QĐ-TCHQ ngày 05/02/2020 của Tổng cục trưởng Tổng cục Hải quan v/v Chấm dứt hoạt động kho ngoại quan,59944,305,10,TONG_CUC,Mai Xuân Thành,05/02/2020,https://files.customs.gov.vn/van_ban_phap_luat/Lists/VanBanPhapLuat/Attachments/12779/QD212TCHQ2020.PDF,https://www.customs.gov.vn/index.jsp?pageId=3&id=59944&cid=1294,2020,02/2020,2026-10-08T09:32:22Z
158,676/TCHQ-GSQL,05/02/2020,Tổng cục hải quan,v/v Triển khai phòng chống dịch cúm Corona,55003,305,16,TP_HO_CHI_MINH,null,05/02/2020,,https://www.customs.gov.vn/index.jsp?pageId=3&id=55003&cid=1294,2020,02/2020,2026-10-08T09:32:22Z
159,193/QÐ-TCHQ,04/02/2020,Tổng cục hải quan,"V/v thu hẹp địa điểm thu gom hàng lẻ (kho CFS) tại địa chỉ: Lê E2, đường K1, KCN Cát Lái 2, phường Thạnh Mỹ Lợi, quận 2, TP HCM của Cty TNHH MTV Ngọc Khanh.",55419,305,10,TP_HO_CHI_MINH,null,04/02/2020,,https://www.customs.gov.vn/index.jsp?pageId=3&id=55419&cid=1294,2020,02/2020,2026-10-08T09:32:22Z
160,16/2020/NĐ-CP,03/02/2020,Chính phủ,Nghị định Quy định chi tiết một số điều và biện pháp thi hành Luật Quốc tịch Việt Nam,67507,305,18,CAN_THO,null,20/03/2020,https://files.customs.gov.vn/CAN_THO/16.2020 NDCP.signed.pdf,https://www.customs.gov.vn/index.jsp?pageId=3&id=67507&cid=1294,2020,02/2020,2026-10-08T09:32:22Z
161,259/HQBD-VP,03/02/2020,Cục Hải quan Tỉnh Bình Dương,"V/v triển khai các biện pháp phòng, chống dịch bệnh",61062,305,16,BINH_DUONG,null,03/02/2020,https://files.customs.gov.vn/BINH_DUONG/CMS/Lists/VanBanPhapQuy_VN/Attachments/4466/259HQBD-VP_2020.pdf,https://www.customs.gov.vn/index.jsp?pageId=3&id=61062&cid=1294,2020,02/2020,2026-10-08T09:32:22Z
162,1125/BNG-UBBG,31/03/2020,Chính phủ,Công văn số 1125/BNG-UBBG ngày 31/3/2020 của Bộ Ngoại giao về việc phía Lào thông báo tạm dừng hoạt động xuất nhập cảnh đối với người tại các cửa khẩu quốc tế trên toàn quốc,60084,305,16,TONG_CUC,Lê Hoài Trung,31/03/2020,https://files.customs.gov.vn/van_ban_phap_luat/Lists/VanBanPhapLuat/Attachments/13003/16364_1125-BNG .pdf,https://www.customs.gov.vn/index.jsp?pageId=3&id=60084&cid=1294,2020,03/2020,2026-10-08T09:32:22Z
163,1518/UBND-VX,31/03/2020,null,"thực hiện các biện pháp cấp bách phòng, chống dịch Covid-19 theo CT số 16/CT-TTg của TTCP",61071,305,16,BINH_DUONG,null,31/03/2020,https://files.customs.gov.vn/BINH_DUONG/CMS/Lists/VanBanPhapQuy_VN/Attachments/4484/1518UBND-VX_2020.pdf,https://www.customs.gov.vn/index.jsp?pageId=3&id=61071&cid=1294,2020,03/2020,2026-10-08T09:32:22Z
164,2095/TCHQ-KÐHQ,31/03/2020,Tổng cục hải quan,V/v hướng dẫn thép hình chữ H và thép hình chữ I,53187,305,16,TP_HO_CHI_MINH,Lưu Mạnh Tưởng,31/03/2020,https://files.customs.gov.vn/CustomsCMS/TP_HO_CHI_MINH/2020/Web/Data/DocumentAttachments/Vanban_2095.pdf,https://www.customs.gov.vn/index.jsp?pageId=3&id=53187&cid=1294,2020,03/2020,2026-10-08T09:32:22Z
165,2106/TCHQ-TXNK,31/03/2020,Tổng cục hải quan,V/v thực hiện miễn thuế nhập khẩu theo Quyết định số 436/QĐ-BTC,56667,305,16,TP_HO_CHI_MINH,Lưu Mạnh Tưởng,31/03/2020,https://files.customs.gov.vn/CustomsCMS/TP_HO_CHI_MINH/2020/Web/Data/DocumentAttachments/Vanban_2106.pdf,https://www.customs.gov.vn/index.jsp?pageId=3&id=56667&cid=1294,2020,03/2020,2026-10-08T09:32:22Z
166,2132/TCHQ-TXNK,31/03/2020,Tổng cục hải quan,"V/v thuế GTGT thiết bị, dụng cụ chuyên dùng cho y tế",53956,305,16,TP_HO_CHI_MINH,Nguyễn Ngọc Hưng,31/03/2020,https://files.customs.gov.vn/CustomsCMS/TP_HO_CHI_MINH/2020/Web/Data/DocumentAttachments/Vanban_2132.PDF,https://www.customs.gov.vn/index.jsp?pageId=3&id=53956&cid=1294,2020,03/2020,2026-10-08T09:32:22Z
167,2133/TCHQ-TXNK,31/03/2020,Tổng cục hải quan,V/v thuế GTGT găng tay chuyên dùng cho y tế,55721,305,16,TP_HO_CHI_MINH,Nguyễn Ngọc Hưng,31/03/2020,https://files.customs.gov.vn/CustomsCMS/TP_HO_CHI_MINH/2020/Web/Data/DocumentAttachments/Vanban_2133.PDF,https://www.customs.gov.vn/index.jsp?pageId=3&id=55721&cid=1294,2020,03/2020,2026-10-08T09:32:22Z
168,2135/TCHQ-VP,31/03/2020,Tổng cục hải quan,"Công văn số 2135/TCHQ-VP ngày 31/3/2020 của Tổng cục Hải quan v/v Quyết liệt thực hiện đợt cao điểm phòng, chống dịch covid-19",60082,305,16,TONG_CUC,Nguyễn Dương Thái,31/03/2020,https://files.customs.gov.vn/van_ban_phap_luat/Lists/VanBanPhapLuat/Attachments/12997/CV21352020TCHQ.pdf,https://www.customs.gov.vn/index.jsp?pageId=3&id=60082&cid=1294,2020,03/2020,2026-10-08T09:32:22Z
169,2283/BCT-KHCN,31/03/2020,Bộ Công thương,V/v thông báo phương thức kiểm tra nhà nước đối với thực phẩm nhập khẩu,53136,305,16,TP_HO_CHI_MINH,Cao Quốc Hưng,31/03/2020,https://files.customs.gov.vn/CustomsCMS/TP_HO_CHI_MINH/2020/Web/Data/DocumentAttachments/CV2283BCT.PDF,https://www.customs.gov.vn/index.jsp?pageId=3&id=53136&cid=1294,2020,03/2020,2026-10-08T09:32:22Z
170,446/QĐ-HQĐNa,31/03/2020,Bộ Tài chính,"Sửa đổi, bổ sung một số điều của Thông tư số 13/2015/TT-BTC ngày 30 tháng 01 năm 2015 quy định về kiểm tra, giám sát, tạm dừng làm thủ tục hải quan đối với hàng hóa xuất khẩu, nhập khẩu có yêu cầu bảo vệ quyền sở hữu trí tuệ; kiểm soát hàng giả và hàng hóa xâm phạm quyền sở hữu trí tuệ",67022,305,10,DONG_NAI,null,20/04/2020,https://files.customs.gov.vn/DONG_NAI//Data/CV_BTC/446_QD_BTC_31_03_2020.PDF,https://www.customs.gov.vn/index.jsp?pageId=3&id=67022&cid=1294,2020,03/2020,2026-10-08T09:32:22Z
171,599/HQĐNa-GSQL,31/03/2020,Cục Hải Quan tỉnh Đồng Nai,Xin nợ thuế nhập khẩu và gia hạn thời hạn nộp bổ sung C/O form D (Cty CP công nghệ kính Tason),66996,305,16,DONG_NAI,null,null,https://files.customs.gov.vn/DONG_NAI//Data/Cv_Hqdn/599_HQDNa_GSQL_31_03_2020.pdf,https://www.customs.gov.vn/index.jsp?pageId=3&id=66996&cid=1294,2020,03/2020,2026-10-08T09:32:22Z
172,605/HQĐNa-VP,31/03/2020,Cục Hải Quan tỉnh Đồng Nai,Thông báo trực và nghỉ Lễ Giỗ Tổ Hùng Vương và lễ 30/4-1/5 năm 2020,66997,305,16,DONG_NAI,null,null,https://files.customs.gov.vn/DONG_NAI//Data/Cv_Hqdn/605_HQDNa_VP_31_03_2020.pdf,https://www.customs.gov.vn/index.jsp?pageId=3&id=66997&cid=1294,2020,03/2020,2026-10-08T09:32:22Z
173,953/QĐ-TCHQ,31/03/2020,Tổng cục hải quan,Quyết định số 953/QĐ-TCHQ ngày 31/3/2020 của Tổng cục trưởng Tổng cục Hải quan v/v Công nhận hoạt động đại lý làm TTHQ đối với Công ty TNHH Thương mại Phát triển Phú Diễn,60085,305,10,TONG_CUC,Mai Xuân Thành,31/03/2020,https://files.customs.gov.vn/van_ban_phap_luat/Lists/VanBanPhapLuat/Attachments/13004/Vanban_953.pdf,https://www.customs.gov.vn/index.jsp?pageId=3&id=60085&cid=1294,2020,03/2020,2026-10-08T09:32:22Z
174,07/2020/TT-BCT,30/03/2020,Bộ công thương,"Sửa đổi, bổ sung một số điều của Thông tư số 31/2015/TT-BCT ngày 24 tháng 9 năm 2015 của Bộ trưởng Bộ Công Thương quy định thực hiện quy tắc xuất xứ trong hiệp định thành lập khu vực thương mại tự do ASEAN - ÚC - NIU DI-LÂN",44420,305,4,QUANG_BINH,Trần Tuấn Anh,01/05/2015,https://files.customs.gov.vn/CustomsCMS/QUANG_BINH/2021/7/15/07-2020-TT-BCT.PDF,https://www.customs.gov.vn/index.jsp?pageId=3&id=44420&cid=1294,2020,03/2020,2026-10-08T09:32:22Z
175,07/BCT,30/03/2020,Bộ và ngang bộ,Thông tư số 07/BCT ngày 30/3/2020 sửa đổi bổ sung một số điều của Thông tư số 31/TT-BCT ngày 24/09/2018,60097,305,4,TONG_CUC,Trần Tuấn Anh,30/03/2020,https://files.customs.gov.vn/van_ban_phap_luat/Lists/VanBanPhapLuat/Attachments/13026/16934_07-BCT.pdf,https://www.customs.gov.vn/index.jsp?pageId=3&id=60097&cid=1294,2020,03/2020,2026-10-08T09:32:22Z
176,1407/GSQL-GQ1,30/03/2020,Bộ Công nghiệp,V/v nhập khẩu thuốc thú y,57901,305,16,TP_HO_CHI_MINH,Vũ Lê Quân,30/03/2020,https://files.customs.gov.vn/CustomsCMS/TP_HO_CHI_MINH/2020/Web/Data/DocumentAttachments/1509921_5502.pdf,https://www.customs.gov.vn/index.jsp?pageId=3&id=57901&cid=1294,2020,03/2020,2026-10-08T09:32:22Z
177,2033/TB-TCHQ,30/03/2020,Tổng cục hải quan,"Thép không hợp kim cán phẳng (hàm lượng C<0,6% tính theo trọng lượng), dạng đai và dải, chiều rộng trên 400mm nhưng không quá 500mm, chiều dày 0,6mm, bề mặt mạ kẽm sau đó phủ sơn một mặt",56747,305,16,TP_HO_CHI_MINH,Lưu Mạnh Tưởng,30/03/2020,https://files.customs.gov.vn/CustomsCMS/TP_HO_CHI_MINH/2020/Web/Data/DocumentAttachments/Vanban_2033.PDF,https://www.customs.gov.vn/index.jsp?pageId=3&id=56747&cid=1294,2020,03/2020,2026-10-08T09:32:22Z
178,2056/TCHQ-GSQL,30/03/2020,Tổng cục hải quan,V/v gửi chứng từ thuộc hồ sơ hải quan,53537,305,16,TP_HO_CHI_MINH,Mai Xuân Thành,30/03/2020,https://files.customs.gov.vn/CustomsCMS/TP_HO_CHI_MINH/2020/Web/Data/DocumentAttachments/Vanban_2056.pdf,https://www.customs.gov.vn/index.jsp?pageId=3&id=53537&cid=1294,2020,03/2020,2026-10-08T09:32:22Z
179,2061/TCHQ-GSQL,30/03/2020,Tổng cục hải quan,"V/v nhập khẩu máy móc, thiết bị, dây chuyền công nghệ đã qua sử dụng",56010,305,16,TP_HO_CHI_MINH,Mai Xuân Thành,30/03/2020,https://files.customs.gov.vn/CustomsCMS/TP_HO_CHI_MINH/2020/Web/Data/DocumentAttachments/Vanban_2061.pdf,https://www.customs.gov.vn/index.jsp?pageId=3&id=56010&cid=1294,2020,03/2020,2026-10-08T09:32:22Z
180,37/2020/NĐ-CP,30/03/2020,null,"Bổ sung Danh mục ngành, nghề ưu đãi đầu tư ban hành kèm theo Nghị định số 118/2015/NĐ-CP ngày 12 tháng 11 năm 2015 của Chính phủ quy định chi tiết và hướng dẫn thi hành một số điều của Luật Đầu tư",76764,305,8,DA_NANG,Nguyễn Xuân Phúc,15/05/2020,https://files.customs.gov.vn/DA_NANG/Uploads/65e32243-11bf-4695-985d-c1563e8c13ba/37.signed_01.pdf,https://www.customs.gov.vn/index.jsp?pageId=3&id=76764&cid=1294,2020,03/2020,2026-10-08T09:32:22Z
181,767/HQHCM-GSQL,30/03/2020,Bộ Thương Mại,V/v trả lời công văn số 12/BASF-FTA/2020 ngày 19/03/2020,55228,305,16,TP_HO_CHI_MINH,Lê Xuân Mỹ,30/03/2020,https://files.customs.gov.vn/CustomsCMS/TP_HO_CHI_MINH/2020/Web/Data/DocumentAttachments/1506508_Vanban_767.pdf,https://www.customs.gov.vn/index.jsp?pageId=3&id=55228&cid=1294,2020,03/2020,2026-10-08T09:32:22Z
182,935/QÐ-TCHQ,30/03/2020,Tổng cục hải quan,Về việc thu hồi mã số nhân viên đại lý làm thủ tục hải quan,52680,305,10,TP_HO_CHI_MINH,Âu Anh Tuấn,30/03/2020,https://files.customs.gov.vn/CustomsCMS/TP_HO_CHI_MINH/2020/Web/Data/DocumentAttachments/Vanban_935.PDF,https://www.customs.gov.vn/index.jsp?pageId=3&id=52680&cid=1294,2020,03/2020,2026-10-08T09:32:22Z
183,935/QĐ-TCHQ,30/03/2020,Tổng cục hải quan,Quyết định số 935/QĐ-TCHQ ngày 30/3/2020 của Tổng cục trưởng Tổng cục Hải quan v/v Thu hồi mã số nhân viên đại lý làm TTHQ,60036,305,10,TONG_CUC,Âu Anh Tuấn,30/03/2020,https://files.customs.gov.vn/van_ban_phap_luat/Lists/VanBanPhapLuat/Attachments/12947/QD935TCHQ2020.PDF,https://www.customs.gov.vn/index.jsp?pageId=3&id=60036&cid=1294,2020,03/2020,2026-10-08T09:32:22Z
184,937/QĐ-TCHQ,30/03/2020,Tổng cục hải quan,Quyết định số 937/QĐ-TCHQ ngày 30/3/2020 của Tổng cục trưởng Tổng cục Hải quan v/v Thu hồi mã số nhân viên đại lý làm TTHQ,60035,305,10,TONG_CUC,Âu Anh Tuấn,30/03/2020,https://files.customs.gov.vn/van_ban_phap_luat/Lists/VanBanPhapLuat/Attachments/12946/QD937TCHQ2020.PDF,https://www.customs.gov.vn/index.jsp?pageId=3&id=60035&cid=1294,2020,03/2020,2026-10-08T09:32:22Z
185,938/QĐ-TCHQ,30/03/2020,Tổng cục hải quan,Quyết định số 938/QĐ-TCHQ ngày 30/3/2020 của Tổng cục trưởng Tổng cục Hải quan v/v Tạm dừng hoạt động đại lý làm TTHQ,60034,305,10,TONG_CUC,Âu Anh Tuấn,30/03/2020,https://files.customs.gov.vn/van_ban_phap_luat/Lists/VanBanPhapLuat/Attachments/12945/QD938TCHQ2020.PDF,https://www.customs.gov.vn/index.jsp?pageId=3&id=60034&cid=1294,2020,03/2020,2026-10-08T09:32:22Z
186,2007/TCHQ-TXNK,27/03/2020,Tổng cục hải quan,"V/v áp dụng thuế NK, thuế VAT đối với mặt hàng đường",53135,305,16,TP_HO_CHI_MINH,Lưu Mạnh Tưởng,27/03/2020,https://files.customs.gov.vn/CustomsCMS/TP_HO_CHI_MINH/2020/Web/Data/DocumentAttachments/1506523_Vanban_2007.pdf,https://www.customs.gov.vn/index.jsp?pageId=3&id=53135&cid=1294,2020,03/2020,2026-10-08T09:32:22Z
187,2015/TCHQ-GSQL,27/03/2020,Tổng cục hải quan,"Thủ tục hải quan tạm nhập, tái xuất hàng hóa tại chỗ (Công ty TNHH Panasonic System Networks Việt Nam)",66995,305,16,DONG_NAI,null,null,,https://www.customs.gov.vn/index.jsp?pageId=3&id=66995&cid=1294,2020,03/2020,2026-10-08T09:32:22Z
188,2019/TCHQ-GSQL,27/03/2020,Tổng cục hải quan,V/v chứng từ chứng minh về vận tải trong Hiệp định CPTPP,58044,305,16,TP_HO_CHI_MINH,Mai Xuân Thành,27/03/2020,https://files.customs.gov.vn/CustomsCMS/TP_HO_CHI_MINH/2020/Web/Data/DocumentAttachments/1506524_Vanban_2019.pdf,https://www.customs.gov.vn/index.jsp?pageId=3&id=58044&cid=1294,2020,03/2020,2026-10-08T09:32:22Z
189,431/QÐ-TTG,27/03/2020,Thủ tướng Chính phủ,"Quyết định phê duyệt Đề án quản lý hoạt động thương mại điện tử đối với hàng hóa xuất khẩu, nhập khẩu",53716,305,10,TP_HO_CHI_MINH,Nguyễn Xuân Phúc,27/03/2020,https://files.customs.gov.vn/CustomsCMS/TP_HO_CHI_MINH/2020/Web/Data/DocumentAttachments/431_QD-TTg_438605.doc,https://www.customs.gov.vn/index.jsp?pageId=3&id=53716&cid=1294,2020,03/2020,2026-10-08T09:32:22Z
190,431/QĐ-TTg,27/03/2020,Thủ tướng Chính phủ,"Quyết định 431/QĐ-TTg năm 2020 về phê duyệt Đề án quản lý hoạt động thương mại điện tử đối với hàng hóa xuất khẩu, nhập khẩu",43072,305,18,QUANG_BINH,null,null,https://files.customs.gov.vn/CustomsCMS/QUANG_BINH/2021/04/images/stories/files/431QDTTg.pdf,https://www.customs.gov.vn/index.jsp?pageId=3&id=43072&cid=1294,2020,03/2020,2026-10-08T09:32:22Z
191,436/QÐ-BTC,27/03/2020,Bộ Tài chính,"Về việc bổ sung mặt hàng được miễn thuế nhập khẩu tại danh mục các mặt hàng được miễn thuế nhập khẩu phục vụ phòng, chống dịch viêm đường hô hấp cấp do chủng mới của virus Corona gây ra ban hành kèm theo Quyết định số 155/QĐ-BTC ngày 07 tháng 02 năm 2020 của Bộ trưởng Bộ Tài chính",52512,305,10,TP_HO_CHI_MINH,Đinh Tiến Dũng,27/03/2020,https://files.customs.gov.vn/CustomsCMS/TP_HO_CHI_MINH/2020/Web/Data/DocumentAttachments/1506535_Vanban_436.pdf,https://www.customs.gov.vn/index.jsp?pageId=3&id=52512&cid=1294,2020,03/2020,2026-10-08T09:32:22Z
192,550/CBVTV,27/03/2020,Khác,Công văn số 550/CBVTV ngày 27/3/2020 của Cục Bảo vệ thực vật Bộ NNPTNT về triển khai thực hiện cơ chế một cửa quốc gia năm 2020,60080,305,16,TONG_CUC,Nguyễn Quý Dương,27/03/2020,https://files.customs.gov.vn/van_ban_phap_luat/Lists/VanBanPhapLuat/Attachments/12995/CV5502020 CucBVTV.PDF,https://www.customs.gov.vn/index.jsp?pageId=3&id=60080&cid=1294,2020,03/2020,2026-10-08T09:32:22Z
193,918/QĐ-TCHQ,27/03/2020,Tổng cục hải quan,Quyết định số 918/QĐ-TCHQ ngày 27/3/2020 của Tổng cục trưởng Tổng cục Hải quan v/v Tiếp tục hoạt động đại lý làm TTHQ,60037,305,10,TONG_CUC,Mai Xuân Thành,27/03/2020,https://files.customs.gov.vn/van_ban_phap_luat/Lists/VanBanPhapLuat/Attachments/12948/QD918TCHQ2020.PDF,https://www.customs.gov.vn/index.jsp?pageId=3&id=60037&cid=1294,2020,03/2020,2026-10-08T09:32:22Z
194,783/HQBD-GSQL,26/03/2020,Cục Hải quan Tỉnh Bình Dương,V/v may và xuất bán khẩu trang vải,61072,305,16,BINH_DUONG,null,26/03/2020,https://files.customs.gov.vn/BINH_DUONG/CMS/Lists/VanBanPhapQuy_VN/Attachments/4490/783HQBD-GSQL_2020.pdf,https://www.customs.gov.vn/index.jsp?pageId=3&id=61072&cid=1294,2020,03/2020,2026-10-08T09:32:22Z
195,1958/TCHQ-TXNK,25/03/2020,Tổng cục hải quan,Hoàn thuế giá trị gia tăng (Công ty TNHH Procter&Gamble Đông Dương),66994,305,16,DONG_NAI,null,null,,https://www.customs.gov.vn/index.jsp?pageId=3&id=66994&cid=1294,2020,03/2020,2026-10-08T09:32:22Z
196,1959/TCHQ-TXNK,25/03/2020,Tổng cục hải quan,V/v gia hạn thời hạn nộp thuế,57210,305,16,TP_HO_CHI_MINH,Đào Thu Hương,25/03/2020,https://files.customs.gov.vn/CustomsCMS/TP_HO_CHI_MINH/2020/Web/Data/DocumentAttachments/1504650_Vanban_1959.pdf,https://www.customs.gov.vn/index.jsp?pageId=3&id=57210&cid=1294,2020,03/2020,2026-10-08T09:32:22Z
197,910/QĐ-TCHQ,25/03/2020,Tổng cục hải quan,Quyết định số 910/QĐ-TCHQ ngày 25/3/2020 của Tổng cục trưởng Tổng cục Hải quan v/v Công nhận hoạt động đại lý làm TTHQ,60031,305,10,TONG_CUC,Mai Xuân Thành,25/03/2020,https://files.customs.gov.vn/van_ban_phap_luat/Lists/VanBanPhapLuat/Attachments/12936/QD910TCHQ2020.PDF,https://www.customs.gov.vn/index.jsp?pageId=3&id=60031&cid=1294,2020,03/2020,2026-10-08T09:32:22Z
198,1898/TB-TCHQ,24/03/2020,Tổng cục hải quan,"Tấm cách nhiệt, cấu tạo gồm nhiều lớp, lớp ngoài là nhôm lá mỏng được gia cố bởi lớp sợi và lớp trong cùng là vật liệu từ Polyisocyanurat, dạng tấm, hình vòng cung",56217,305,16,TP_HO_CHI_MINH,Lưu Mạnh Tưởng,24/03/2020,https://files.customs.gov.vn/CustomsCMS/TP_HO_CHI_MINH/2020/Web/Data/DocumentAttachments/Vanban_1898.PDF,https://www.customs.gov.vn/index.jsp?pageId=3&id=56217&cid=1294,2020,03/2020,2026-10-08T09:32:22Z
199,1899/TB-TCHQ,24/03/2020,Tổng cục hải quan,"Tấm cách nhiệt, cấu tạo gồm nhiều lớp, ngoài cùng là 02 lớp nhôm lá mỏng, giữa 2 lớp nhôm được gia cố bởi lớp sợi,  tiếp theo là lớp keo từ poly(styrene:isoprene) và lớp trong cùng là polyisocyanurat dạng tấm, hình chữ nhật",52391,305,16,TP_HO_CHI_MINH,Lưu Mạnh Tưởng,24/03/2020,https://files.customs.gov.vn/CustomsCMS/TP_HO_CHI_MINH/2020/Web/Data/DocumentAttachments/Vanban_1899.PDF,https://www.customs.gov.vn/index.jsp?pageId=3&id=52391&cid=1294,2020,03/2020,2026-10-08T09:32:22Z
200,1909/TB-TCHQ,24/03/2020,Tổng cục hải quan,"Chế phẩm hóa học có thành phần chính là dầu khoáng, succinimide... được sử dụng làm phụ gia trong sơn, dạng lỏng.",56233,305,16,TP_HO_CHI_MINH,Lưu Mạnh Tưởng,24/03/2020,https://files.customs.gov.vn/CustomsCMS/TP_HO_CHI_MINH/2020/Web/Data/DocumentAttachments/Vanban_1909.PDF,https://www.customs.gov.vn/index.jsp?pageId=3&id=56233&cid=1294,2020,03/2020,2026-10-08T09:32:22Z
201,1925/TB-TCHQ,24/03/2020,Tổng cục hải quan,"Chế phẩm chống oxy hóa và ổn định plastic, dạng bột nhão. Thành phần có chứa titan dioxit, hợp chất của 3,5-di-t- butyl-4-hydroxyhydrocinnamic acid",53201,305,16,TP_HO_CHI_MINH,Lưu Mạnh Tưởng,24/03/2020,https://files.customs.gov.vn/CustomsCMS/TP_HO_CHI_MINH/2020/Web/Data/DocumentAttachments/Vanban_1925.PDF,https://www.customs.gov.vn/index.jsp?pageId=3&id=53201&cid=1294,2020,03/2020,2026-10-08T09:32:22Z
202,1926/TB-TCHQ,24/03/2020,Tổng cục hải quan,"Chế phẩm chống oxi hóa và ổn định plastic, dạng bột nhão. Thành phần có chứa titan dioxit, hợp chất phosphite, hợp chất amin và dẫn xuất của benzotriazole...",56020,305,16,TP_HO_CHI_MINH,Lưu Mạnh Tưởng,24/03/2020,https://files.customs.gov.vn/CustomsCMS/TP_HO_CHI_MINH/2020/Web/Data/DocumentAttachments/Vanban_1926.PDF,https://www.customs.gov.vn/index.jsp?pageId=3&id=56020&cid=1294,2020,03/2020,2026-10-08T09:32:22Z
203,1928/TB-TCHQ,24/03/2020,Tổng cục hải quan,"Hỗn hợp các chất hóa học dùng trong thực phẩm thành phần gồm có Microcrystalline cellulose, sodium carboxymethyl cellulose, carrageenan, CaCl2...",52272,305,16,TP_HO_CHI_MINH,Lưu Mạnh Tưởng,24/03/2020,https://files.customs.gov.vn/CustomsCMS/TP_HO_CHI_MINH/2020/Web/Data/DocumentAttachments/Vanban_1928.PDF,https://www.customs.gov.vn/index.jsp?pageId=3&id=52272&cid=1294,2020,03/2020,2026-10-08T09:32:22Z
204,1929/TB-TCHQ,24/03/2020,Tổng cục hải quan,"Hỗn hợp các chất hóa học dùng trong thực phẩm, thành phần gồm có Sodium carboxymethyl cellulose, canxi carbonate, gellangum...",54620,305,16,TP_HO_CHI_MINH,Lưu Mạnh Tưởng,24/03/2020,https://files.customs.gov.vn/CustomsCMS/TP_HO_CHI_MINH/2020/Web/Data/DocumentAttachments/Vanban_1929.PDF,https://www.customs.gov.vn/index.jsp?pageId=3&id=54620&cid=1294,2020,03/2020,2026-10-08T09:32:22Z
205,1933/TCHQ-GSQL,24/03/2020,Tổng cục hải quan,V/v kiểm tra chất lượng mặt hàng tời cửa cuốn chạy bằng điện nhập khẩu,57744,305,16,TP_HO_CHI_MINH,Mai Xuân Thành,24/03/2020,https://files.customs.gov.vn/CustomsCMS/TP_HO_CHI_MINH/2020/Web/Data/DocumentAttachments/1504652_Vanban_1933.pdf,https://www.customs.gov.vn/index.jsp?pageId=3&id=57744&cid=1294,2020,03/2020,2026-10-08T09:32:22Z
206,343/QĐ-TCHQ,24/03/2020,Khác,"Quyết định về việc áp dụng biện pháp cưỡng chế dừng làm thủ tục hải quan đối với hàng hóa xuất khẩu, nhập khẩu (từ số 331/QĐ-HQDV đến số 343/QĐ-HQDV)",60056,305,10,TONG_CUC,Nguyễn Văn Thanh,01/04/2020,https://files.customs.gov.vn/van_ban_phap_luat/Lists/VanBanPhapLuat/Attachments/12968/QD331-QD343.pdf,https://www.customs.gov.vn/index.jsp?pageId=3&id=60056&cid=1294,2020,03/2020,2026-10-08T09:32:22Z
207,904/QÐ-TCHQ,24/03/2020,Tổng cục hải quan,Về việc công nhận hoạt động đại lý làm thủ tục hải quan,58542,305,10,TP_HO_CHI_MINH,Mai Xuân Thành,24/03/2020,https://files.customs.gov.vn/CustomsCMS/TP_HO_CHI_MINH/2020/Web/Data/DocumentAttachments/Vanban_904.PDF,https://www.customs.gov.vn/index.jsp?pageId=3&id=58542&cid=1294,2020,03/2020,2026-10-08T09:32:22Z
208,905/QĐ-TCHQ,24/03/2020,Tổng cục hải quan,Quyết định số 905/QĐ-TCHQ ngày 24/3/2020 của Tổng cục trưởng Tổng cục Hải quan v/v Tiếp tục hoạt động đại lý làm TTHQ,60029,305,10,TONG_CUC,Mai Xuân Thành,24/03/2020,https://files.customs.gov.vn/van_ban_phap_luat/Lists/VanBanPhapLuat/Attachments/12930/QD905TCHQ2020.PDF,https://www.customs.gov.vn/index.jsp?pageId=3&id=60029&cid=1294,2020,03/2020,2026-10-08T09:32:22Z
209,1828/TCHQ-GSQL,23/03/2020,Tổng cục hải quan,Xuất khẩu khẩu trang vải (Đại sứ quán Nhật Bản),66993,305,16,DONG_NAI,null,null,,https://www.customs.gov.vn/index.jsp?pageId=3&id=66993&cid=1294,2020,03/2020,2026-10-08T09:32:22Z
210,1857/TCHQ-TXNK,23/03/2020,Tổng cục hải quan,V/v phí bản quyền,52374,305,16,TP_HO_CHI_MINH,Lê Mạnh Hùng,23/03/2020,,https://www.customs.gov.vn/index.jsp?pageId=3&id=52374&cid=1294,2020,03/2020,2026-10-08T09:32:22Z
211,894/QÐ-TCHQ,23/03/2020,Tổng cục hải quan,Về việc thay đổi thông tin đại lý làm thủ tục hải quan,56475,305,10,TP_HO_CHI_MINH,Mai Xuân Thành,23/03/2020,https://files.customs.gov.vn/CustomsCMS/TP_HO_CHI_MINH/2020/Web/Data/DocumentAttachments/Vanban_894.PDF,https://www.customs.gov.vn/index.jsp?pageId=3&id=56475&cid=1294,2020,03/2020,2026-10-08T09:32:22Z
212,894/QĐ-TCHQ,23/03/2020,Tổng cục hải quan,Quyết định số 894/QĐ-TCHQ ngày 23/3/2020 của Tổng cục trưởng Tổng cục Hải quan v/v Thay đổi thông tin đại lý làm TTHQ,60023,305,10,TONG_CUC,Mai Xuân Thành,23/03/2020,https://files.customs.gov.vn/van_ban_phap_luat/Lists/VanBanPhapLuat/Attachments/12919/QD894TCHQ2020.PDF,https://www.customs.gov.vn/index.jsp?pageId=3&id=60023&cid=1294,2020,03/2020,2026-10-08T09:32:22Z
213,895/QĐ-TCHQ,23/03/2020,Tổng cục hải quan,Quyết định số 895/QĐ-TCHQ ngày 23/3/2020 của Tổng cục trưởng Tổng cục Hải quan v/v Thu hẹp kho ngoại quan,60024,305,10,TONG_CUC,Mai Xuân Thành,23/03/2020,https://files.customs.gov.vn/van_ban_phap_luat/Lists/VanBanPhapLuat/Attachments/12920/QD895TCHQ2020.PDF,https://www.customs.gov.vn/index.jsp?pageId=3&id=60024&cid=1294,2020,03/2020,2026-10-08T09:32:22Z
214,898/QĐ-TCHQ,23/03/2020,Tổng cục hải quan,Quyết định số 898/QĐ-TCHQ ngày 23/3/2020 của Tổng cục trưởng Tổng cục Hải quan v/v Thu hẹp kho ngoại quan,60025,305,10,TONG_CUC,Mai Xuân Thành,31/03/2020,https://files.customs.gov.vn/van_ban_phap_luat/Lists/VanBanPhapLuat/Attachments/12921/QD898TCHQ2020.PDF,https://www.customs.gov.vn/index.jsp?pageId=3&id=60025&cid=1294,2020,03/2020,2026-10-08T09:32:22Z
215,899/QĐ-TCHQ,23/03/2020,Tổng cục hải quan,Quyết định số 899/QĐ-TCHQ ngày 23/3/2020 của Tổng cục trưởng Tổng cục Hải quan v/v Thay đổi tên chủ sở hữu kho ngoại quan,60026,305,10,TONG_CUC,Mai Xuân Thành,23/03/2020,https://files.customs.gov.vn/van_ban_phap_luat/Lists/VanBanPhapLuat/Attachments/12922/QD899TCHQ2020.PDF,https://www.customs.gov.vn/index.jsp?pageId=3&id=60026&cid=1294,2020,03/2020,2026-10-08T09:32:22Z
216,900/QĐ-TCHQ,23/03/2020,Tổng cục hải quan,Quyết định số 900/QĐ-TCHQ ngày 23/3/2020 của Tổng cục trưởng Tổng cục Hải quan v/v Mở rộng kho ngoại quan,60027,305,10,TONG_CUC,Mai Xuân Thành,23/03/2020,https://files.customs.gov.vn/van_ban_phap_luat/Lists/VanBanPhapLuat/Attachments/12923/QD900TCHQ2020.PDF,https://www.customs.gov.vn/index.jsp?pageId=3&id=60027&cid=1294,2020,03/2020,2026-10-08T09:32:22Z
217,1267/GSQL-GQ1,20/03/2020,Bộ Công nghiệp,V/v Kazakhstan cấm vận chuyển gia cầm sống vào và qua lãnh thổ,53493,305,16,TP_HO_CHI_MINH,Trần Đức Hùng,20/03/2020,https://files.customs.gov.vn/CustomsCMS/TP_HO_CHI_MINH/2020/Web/Data/DocumentAttachments/1504593_Vanban_4736.pdf,https://www.customs.gov.vn/index.jsp?pageId=3&id=53493&cid=1294,2020,03/2020,2026-10-08T09:32:22Z
218,918/QÐ-BCT,20/03/2020,Bộ Công thương,Quyết định gia hạn áp dụng biện pháp tự vệ đối với sản phẩm phôi thép và thép dài nhập khẩu,58029,305,10,TP_HO_CHI_MINH,Trần Tuấn Anh,20/03/2020,https://files.customs.gov.vn/CustomsCMS/TP_HO_CHI_MINH/2020/Web/Data/DocumentAttachments/QD918BCT2020.PDF,https://www.customs.gov.vn/index.jsp?pageId=3&id=58029&cid=1294,2020,03/2020,2026-10-08T09:32:22Z
219,920/QĐ-BCT,20/03/2020,Bộ Công Thương,V/v Gia hạn áp dụng biện pháp chống lẩn tránh biện pháp phòng vệ thương mại.,90574,305,10,DONG_NAI,null,22/03/2020,https://files.customs.gov.vn/CustomsCMS/DONG_NAI/2024/1/22/920_QD_BCT_20_03_2020.pdf,https://www.customs.gov.vn/index.jsp?pageId=3&id=90574&cid=1294,2020,03/2020,2026-10-08T09:32:22Z
220,1241/GSQL-GQ5,19/03/2020,Bộ Công nghiệp,V/v tờ khai chưa xác nhận qua khu vực giám sát hải quan,57291,305,16,TP_HO_CHI_MINH,Trần Đức Hùng,19/03/2020,https://files.customs.gov.vn/CustomsCMS/TP_HO_CHI_MINH/2020/Web/Data/DocumentAttachments/Vanban_5719.pdf,https://www.customs.gov.vn/index.jsp?pageId=3&id=57291&cid=1294,2020,03/2020,2026-10-08T09:32:22Z
221,1746/TCHQ-GSQL,19/03/2020,Tổng cục hải quan,Thủ tục hải quan đối với hàng hóa đưa vào bán tại cửa hàng miễn thuế (Công ty TNHH Đầu tư thương mại sản xuất S&L Vina),66992,305,16,DONG_NAI,null,null,,https://www.customs.gov.vn/index.jsp?pageId=3&id=66992&cid=1294,2020,03/2020,2026-10-08T09:32:22Z
222,1767/TB-TCHQ,19/03/2020,Tổng cục hải quan,Chế phẩm có thành phần gồm kẽm oxit; natri nitrite; butylated hydroxytoluen;,53050,305,16,TP_HO_CHI_MINH,Lưu Mạnh Tưởng,19/03/2020,https://files.customs.gov.vn/CustomsCMS/TP_HO_CHI_MINH/2020/Web/Data/DocumentAttachments/Vanban_1767.PDF,https://www.customs.gov.vn/index.jsp?pageId=3&id=53050&cid=1294,2020,03/2020,2026-10-08T09:32:22Z
223,885/QÐ-TCHQ,19/03/2020,Tổng cục hải quan,Về việc xóa nợ tiền thuế phát sinh trước ngày 01/7/2007 đối với Công ty chế biến Thủy sản xuất khẩu Vũng Tàu là doanh nghiệp nhà nước đã giải thể,55184,305,10,TP_HO_CHI_MINH,Lưu Mạnh Tưởng,19/03/2020,https://files.customs.gov.vn/CustomsCMS/TP_HO_CHI_MINH/2020/Web/Data/DocumentAttachments/QD885TCHQ2020.PDF,https://www.customs.gov.vn/index.jsp?pageId=3&id=55184&cid=1294,2020,03/2020,2026-10-08T09:32:22Z
224,1705/TB-TCHQ,18/03/2020,Tổng cục hải quan,"Nước mắm cô đặc (fish sauce),dạng bột thành phần chứa muối natri clorua -64%, protein tính theo nitơ tổng -30%.",58248,305,16,TP_HO_CHI_MINH,Lưu Mạnh Tưởng,18/03/2020,https://files.customs.gov.vn/CustomsCMS/TP_HO_CHI_MINH/2020/Web/Data/DocumentAttachments/Vanban_1705.PDF,https://www.customs.gov.vn/index.jsp?pageId=3&id=58248&cid=1294,2020,03/2020,2026-10-08T09:32:22Z
225,1722/TCHQ-GSQL,18/03/2020,Tổng cục hải quan,"V/v một số điều lưu ý về mã số, mã vạch",54604,305,16,TP_HO_CHI_MINH,Mai Xuân Thành,18/03/2020,https://files.customs.gov.vn/CustomsCMS/TP_HO_CHI_MINH/2020/Web/Data/DocumentAttachments/CV17222020TCHQ.PDF,https://www.customs.gov.vn/index.jsp?pageId=3&id=54604&cid=1294,2020,03/2020,2026-10-08T09:32:22Z
226,1723/TCHQ-GSQL,18/03/2020,Tổng cục hải quan,V/v thủ tục hành lý của khách nhập cảnh,58833,305,16,TP_HO_CHI_MINH,Mai Xuân Thành,18/03/2020,https://files.customs.gov.vn/CustomsCMS/TP_HO_CHI_MINH/2020/Web/Data/DocumentAttachments/CV17232020TCHQ.PDF,https://www.customs.gov.vn/index.jsp?pageId=3&id=58833&cid=1294,2020,03/2020,2026-10-08T09:32:22Z
227,877/QĐ-TCHQ,18/03/2020,Tổng cục hải quan,Quyết định số 877/QĐ-TCHQ ngày 18/3/2020 của Tổng cục trưởng Tổng cục Hải quan v/v Thu hồi mã số nhân viên đại lý làm TTHQ,60019,305,10,TONG_CUC,Âu Anh Tuấn,18/03/2020,https://files.customs.gov.vn/van_ban_phap_luat/Lists/VanBanPhapLuat/Attachments/12915/QD877TCHQ2020.PDF,https://www.customs.gov.vn/index.jsp?pageId=3&id=60019&cid=1294,2020,03/2020,2026-10-08T09:32:22Z
228,878/QÐ-TCHQ,18/03/2020,Tổng cục hải quan,Về việc thu hồi mã số nhân viên đại lý làm thủ tục hải quan,55214,305,10,TP_HO_CHI_MINH,Âu Anh Tuấn,18/03/2020,https://files.customs.gov.vn/CustomsCMS/TP_HO_CHI_MINH/2020/Web/Data/DocumentAttachments/Vanban_878.PDF,https://www.customs.gov.vn/index.jsp?pageId=3&id=55214&cid=1294,2020,03/2020,2026-10-08T09:32:22Z
229,878/QĐ-TCHQ,18/03/2020,Tổng cục hải quan,Quyết định số 878/QĐ-TCHQ ngày 18/3/2020 của Tổng cục trưởng Tổng cục Hải quan v/v Thu hồi mã số nhân viên đại lý làm TTHQ,60020,305,10,TONG_CUC,Âu Anh Tuấn,18/03/2020,https://files.customs.gov.vn/van_ban_phap_luat/Lists/VanBanPhapLuat/Attachments/12916/QD878TCHQ2020.PDF,https://www.customs.gov.vn/index.jsp?pageId=3&id=60020&cid=1294,2020,03/2020,2026-10-08T09:32:22Z
230,879/QÐ-TCHQ,18/03/2020,Tổng cục hải quan,Về việc tiếp tục hoạt động đại lý làm thủ tục hải quan,54518,305,10,TP_HO_CHI_MINH,Mai Xuân Thành,18/03/2020,https://files.customs.gov.vn/CustomsCMS/TP_HO_CHI_MINH/2020/Web/Data/DocumentAttachments/Vanban_879.PDF,https://www.customs.gov.vn/index.jsp?pageId=3&id=54518&cid=1294,2020,03/2020,2026-10-08T09:32:22Z
231,879/QĐ-TCHQ,18/03/2020,Tổng cục hải quan,Quyết định số 879/QĐ-TCHQ ngày 18/3/2020 của Tổng cục trưởng Tổng cục Hải quan v/v Tiếp tục hoạt động đại lý làm TTHQ,60021,305,10,TONG_CUC,Mai Xuân Thành,18/03/2020,https://files.customs.gov.vn/van_ban_phap_luat/Lists/VanBanPhapLuat/Attachments/12917/QD879TCHQ2020.PDF,https://www.customs.gov.vn/index.jsp?pageId=3&id=60021&cid=1294,2020,03/2020,2026-10-08T09:32:22Z
232,880/QÐ-BCT,18/03/2020,Bộ Công thương,"Quyết định áp dụng thuế chống bán phá giá tạm thời đối với một số sản phẩm plastic và sản phẩm bằng plastic được làm từ các polyme từ propylen có xuất xứ từ Cộng hòa Nhân dân Trung Hoa, Vương quốc Thái Lan và Ma-lai-xi-a.",57457,305,10,TP_HO_CHI_MINH,Trần Tuấn Anh,18/03/2020,https://files.customs.gov.vn/CustomsCMS/TP_HO_CHI_MINH/2020/Web/Data/DocumentAttachments/880_QD-BCT.doc,https://www.customs.gov.vn/index.jsp?pageId=3&id=57457&cid=1294,2020,03/2020,2026-10-08T09:32:22Z
233,880/QĐ-BCT,18/03/2020,null,"QĐ v/v áp dụng thuế chống bán phá giá tạm thời đối với một số sản phẩm plastic và sản phẩm bằng plastic được làm từ các polyme từ propylen có xuất xứ từ Cồng hòa nhân dân Trung Hoa, Vường quốc Thái Lan và Ma-lai-xi-a",76748,305,10,DA_NANG,Trần Tuấn Anh,25/03/2020,https://files.customs.gov.vn/DA_NANG/Uploads/65e32243-11bf-4695-985d-c1563e8c13ba/187047_Vanban_20(13).pdf,https://www.customs.gov.vn/index.jsp?pageId=3&id=76748&cid=1294,2020,03/2020,2026-10-08T09:32:22Z
234,881/QÐ-BCT,18/03/2020,Bộ Công thương,Áp dụng thuế chống bán phá giá tạm thời đối với một số sản phẩm bột ngọt có xuất xứ từ nước Cộng hòa Nhân dân Trung Hoa và nước Cộng hòa In-đô-nê-xi-a,55571,305,10,TP_HO_CHI_MINH,Trần Tuấn Anh,18/03/2020,https://files.customs.gov.vn/CustomsCMS/TP_HO_CHI_MINH/2020/Web/Data/DocumentAttachments/881_QD-BCT.doc,https://www.customs.gov.vn/index.jsp?pageId=3&id=55571&cid=1294,2020,03/2020,2026-10-08T09:32:22Z
235,881/QĐ-BCT,18/03/2020,null,QĐ v/v áp dụng thuế chống bán phá giá tạm thời đối với một số sản phẩm bột ngọt có xuất xứ từ Công hòa nhân dân Trung Hoa và Công hòa In-đo-nê-xi-a,76749,305,10,DA_NANG,Trần Tuấn Anh,25/03/2020,https://files.customs.gov.vn/DA_NANG/Uploads/65e32243-11bf-4695-985d-c1563e8c13ba/881.pdf,https://www.customs.gov.vn/index.jsp?pageId=3&id=76749&cid=1294,2020,03/2020,2026-10-08T09:32:22Z
236,884/QĐ-TCHQ,18/03/2020,Tổng cục hải quan,Quyết định số 884/QĐ-TCHQ ngày 18/3/2020 của Tổng cục trưởng Tổng cục Hải quan v/v Tiếp tục hoạt động đại lý làm TTHQ,60022,305,10,TONG_CUC,Mai Xuân Thành,18/03/2020,https://files.customs.gov.vn/van_ban_phap_luat/Lists/VanBanPhapLuat/Attachments/12918/QD884TCHQ2020.PDF,https://www.customs.gov.vn/index.jsp?pageId=3&id=60022&cid=1294,2020,03/2020,2026-10-08T09:32:22Z
237,1208/GSQL-GQ1,17/03/2020,Bộ Công nghiệp,V/v xuất khẩu mặt hàng khẩu trang y tế,57599,305,16,TP_HO_CHI_MINH,Trần Đức Hùng,17/03/2020,https://files.customs.gov.vn/CustomsCMS/TP_HO_CHI_MINH/2020/Web/Data/DocumentAttachments/Vanban_5718.pdf,https://www.customs.gov.vn/index.jsp?pageId=3&id=57599&cid=1294,2020,03/2020,2026-10-08T09:32:22Z
238,1671/TB-TCHQ,17/03/2020,Tổng cục hải quan,"Dextrin đã ester với hỗn hợp axit béo, dạng nhão",58823,305,16,TP_HO_CHI_MINH,Lưu Mạnh Tưởng,17/03/2020,https://files.customs.gov.vn/CustomsCMS/TP_HO_CHI_MINH/2020/Web/Data/DocumentAttachments/Vanban_1671.PDF,https://www.customs.gov.vn/index.jsp?pageId=3&id=58823&cid=1294,2020,03/2020,2026-10-08T09:32:22Z
239,1672/TB-TCHQ,17/03/2020,Tổng cục hải quan,Diisostearyl malate,53174,305,16,TP_HO_CHI_MINH,Lưu Mạnh Tưởng,17/03/2020,https://files.customs.gov.vn/CustomsCMS/TP_HO_CHI_MINH/2020/Web/Data/DocumentAttachments/Vanban_1672.PDF,https://www.customs.gov.vn/index.jsp?pageId=3&id=53174&cid=1294,2020,03/2020,2026-10-08T09:32:22Z
240,1684/TCHQ-TXNK,17/03/2020,Tổng cục hải quan,Trả lời vướng mắc (Tổng Công ty chuyển phát nhanh Bưu Điện - Công ty cổ phần),66991,305,16,DONG_NAI,null,null,https://files.customs.gov.vn/DONG_NAI//Data/CV_TCHQ/1684_TCHQ_TXNK_17_03_2020.PDF,https://www.customs.gov.vn/index.jsp?pageId=3&id=66991&cid=1294,2020,03/2020,2026-10-08T09:32:22Z
241,1163/GSQL-GQ1,16/03/2020,Bộ Công nghiệp,V/v xuất khẩu khẩu trang,58903,305,16,TP_HO_CHI_MINH,Trần Đức Hùng,16/03/2020,https://files.customs.gov.vn/CustomsCMS/TP_HO_CHI_MINH/2020/Web/Data/DocumentAttachments/Vanban_5716.pdf,https://www.customs.gov.vn/index.jsp?pageId=3&id=58903&cid=1294,2020,03/2020,2026-10-08T09:32:22Z
242,1597/TCHQ-TXNK,16/03/2020,Tổng cục hải quan,"V/v thuế GTGT thiết bị, dụng cụ chuyên dùng cho y tế",52267,305,16,TP_HO_CHI_MINH,Nguyễn Ngọc Hưng,16/03/2020,https://files.customs.gov.vn/CustomsCMS/TP_HO_CHI_MINH/2020/Web/Data/DocumentAttachments/Vanban_1597.PDF,https://www.customs.gov.vn/index.jsp?pageId=3&id=52267&cid=1294,2020,03/2020,2026-10-08T09:32:22Z
243,1599/TB-TCHQ,16/03/2020,Tổng cục hải quan,"Chế phẩm hóa chất có thành phần chính là Poly(dimethylsiloxane), phosphoric acid, cellulose gum,... và nước, dùng làm chất chống tạo bọt dùng trong sản xuất thực phẩm.",54691,305,16,TP_HO_CHI_MINH,Lưu Mạnh Tưởng,16/03/2020,https://files.customs.gov.vn/CustomsCMS/TP_HO_CHI_MINH/2020/Web/Data/DocumentAttachments/Vanban_1599.PDF,https://www.customs.gov.vn/index.jsp?pageId=3&id=54691&cid=1294,2020,03/2020,2026-10-08T09:32:22Z
244,1600/TB-TCHQ,16/03/2020,Tổng cục hải quan,"Hỗn hợp hóa chất dùng trong chế biến thực phẩm. Thành phần gồm: chất màu caramel, muối kali sulphat, nước và phụ gia, dạng lỏng.",56122,305,16,TP_HO_CHI_MINH,Lưu Mạnh Tưởng,16/03/2020,https://files.customs.gov.vn/CustomsCMS/TP_HO_CHI_MINH/2020/Web/Data/DocumentAttachments/Vanban_1600.PDF,https://www.customs.gov.vn/index.jsp?pageId=3&id=56122&cid=1294,2020,03/2020,2026-10-08T09:32:22Z
245,1629/TB-TCHQ,16/03/2020,Tổng cục hải quan,"Thép hợp kim, trong đó Bo là nguyên tố duy nhất quyết định yếu tố thép hợp kim, cán nóng, dạng hình chữ H.",56934,305,16,TP_HO_CHI_MINH,Lưu Mạnh Tưởng,16/03/2020,https://files.customs.gov.vn/CustomsCMS/TP_HO_CHI_MINH/2020/Web/Data/DocumentAttachments/Vanban_1629.PDF,https://www.customs.gov.vn/index.jsp?pageId=3&id=56934&cid=1294,2020,03/2020,2026-10-08T09:32:22Z
246,1639/TCHQ-TXNK,16/03/2020,Tổng cục hải quan,Công văn số 1639/TCHQ-TXNK ngày 16/3/2020 của Tổng cục Hải quan v/v Phân loại thiết bị chế biến thức ăn cho em bé 4 trong 1,60011,305,16,TONG_CUC,Đào Thu Hương,16/03/2020,https://files.customs.gov.vn/van_ban_phap_luat/Lists/VanBanPhapLuat/Attachments/12904/CV1639TCHQ2020.PDF,https://www.customs.gov.vn/index.jsp?pageId=3&id=60011&cid=1294,2020,03/2020,2026-10-08T09:32:22Z
247,1640/TCHQ-TXNK,16/03/2020,null,Phân loại mặt hàng miếng nhựa làm máng duy trì chỉnh nha,76745,305,16,DA_NANG,ĐÀO THU HƯƠNG,16/03/2020,https://files.customs.gov.vn/DA_NANG/Uploads/65e32243-11bf-4695-985d-c1563e8c13ba/1640.pdf,https://www.customs.gov.vn/index.jsp?pageId=3&id=76745&cid=1294,2020,03/2020,2026-10-08T09:32:22Z
248,867/QĐ-TCHQ,16/03/2020,Tổng cục hải quan,Quyết định số 867/QĐ-TCHQ ngày 16/3/2020 của Tổng cục trưởng Tổng cục Hải quan v/v Thu hồi mã số nhân viên đại lý làm TTHQ,60018,305,10,TONG_CUC,Âu Anh Tuấn,16/03/2020,https://files.customs.gov.vn/van_ban_phap_luat/Lists/VanBanPhapLuat/Attachments/12914/QD867TCHQ2020.PDF,https://www.customs.gov.vn/index.jsp?pageId=3&id=60018&cid=1294,2020,03/2020,2026-10-08T09:32:22Z
249,1530/TB-TCHQ,15/03/2020,Tổng cục hải quan,"Dung dịch có thành phần chính gồm Panthenol, Hexanediol, dẫn xuất của polyethylene glycol, Decyl poly glucoside,... đóng trong bình xịt tạo bọt 50ml",54207,305,16,TP_HO_CHI_MINH,Lưu Mạnh Tưởng,15/03/2020,https://files.customs.gov.vn/CustomsCMS/TP_HO_CHI_MINH/2020/Web/Data/DocumentAttachments/Vanban_1530.PDF,https://www.customs.gov.vn/index.jsp?pageId=3&id=54207&cid=1294,2020,03/2020,2026-10-08T09:32:22Z
250,1559/TCHQ-TXNK,13/03/2020,Tổng cục hải quan,"V/v mã HS mặt hàng lốp, lót vành, săm xe",52855,305,16,TP_HO_CHI_MINH,Đào Thu Hương,13/03/2020,https://files.customs.gov.vn/CustomsCMS/TP_HO_CHI_MINH/2020/Web/Data/DocumentAttachments/CV1559TCHQ2020.PDF,https://www.customs.gov.vn/index.jsp?pageId=3&id=52855&cid=1294,2020,03/2020,2026-10-08T09:32:22Z
251,1568/TCHQ-TXNK,13/03/2020,Tổng cục hải quan,V/v phân loại hàng hóa,57349,305,16,TP_HO_CHI_MINH,Đào Thu Hương,13/03/2020,https://files.customs.gov.vn/CustomsCMS/TP_HO_CHI_MINH/2020/Web/Data/DocumentAttachments/Vanban_1568.PDF,https://www.customs.gov.vn/index.jsp?pageId=3&id=57349&cid=1294,2020,03/2020,2026-10-08T09:32:22Z
252,1569/TCHQ-TXNK,13/03/2020,Tổng cục hải quan,V/v thuế nhập khẩu đối với hàng hóa nhập khẩu tại chỗ,55229,305,16,TP_HO_CHI_MINH,Lưu Mạnh Tưởng,13/03/2020,https://files.customs.gov.vn/CustomsCMS/TP_HO_CHI_MINH/2020/Web/Data/DocumentAttachments/Vanban_1569.PDF,https://www.customs.gov.vn/index.jsp?pageId=3&id=55229&cid=1294,2020,03/2020,2026-10-08T09:32:22Z
253,786/QĐ-TCHQ,13/03/2020,Tổng cục hải quan,Quyết định số 786/QĐ-TCHQ ngày 13/3/2020 của Tổng cục trưởng Tổng cục Hải quan v/v Thu hồi mã số nhân viên đại lý làm TTHQ,59992,305,10,TONG_CUC,Âu Anh Tuấn,13/03/2020,https://files.customs.gov.vn/van_ban_phap_luat/Lists/VanBanPhapLuat/Attachments/12865/QD786TCHQ2020.PDF,https://www.customs.gov.vn/index.jsp?pageId=3&id=59992&cid=1294,2020,03/2020,2026-10-08T09:32:22Z
254,787/QĐ-TCHQ,13/03/2020,Tổng cục hải quan,Quyết định số 787/QĐ-TCHQ ngày 13/3/2020 của Tổng cục trưởng Tổng cục Hải quan v/v Thu hồi mã số nhân viên đại lý làm TTHQ,59993,305,10,TONG_CUC,Âu Anh Tuấn,13/03/2020,https://files.customs.gov.vn/van_ban_phap_luat/Lists/VanBanPhapLuat/Attachments/12866/QD787TCHQ2020.PDF,https://www.customs.gov.vn/index.jsp?pageId=3&id=59993&cid=1294,2020,03/2020,2026-10-08T09:32:22Z
255,788/QĐ-TCHQ,13/03/2020,Tổng cục hải quan,Quyết định số 788/QĐ-TCHQ ngày 13/3/2020 của Tổng cục trưởng Tổng cục Hải quan v/v Tạm dừng hoạt động đại lý làm TTHQ,59994,305,10,TONG_CUC,Âu Anh Tuấn,13/03/2020,https://files.customs.gov.vn/van_ban_phap_luat/Lists/VanBanPhapLuat/Attachments/12867/QD788TCHQ2020.PDF,https://www.customs.gov.vn/index.jsp?pageId=3&id=59994&cid=1294,2020,03/2020,2026-10-08T09:32:22Z
256,789/QĐ-TCHQ,13/03/2020,Tổng cục hải quan,Quyết định số 789/QĐ-TCHQ ngày 13/3/2020 của Tổng cục trưởng Tổng cục Hải quan v/v Thu hồi mã số nhân viên đại lý làm TTHQ,59995,305,10,TONG_CUC,Âu Anh Tuấn,13/03/2020,https://files.customs.gov.vn/van_ban_phap_luat/Lists/VanBanPhapLuat/Attachments/12868/QD789TCHQ2020.PDF,https://www.customs.gov.vn/index.jsp?pageId=3&id=59995&cid=1294,2020,03/2020,2026-10-08T09:32:22Z
257,854/QĐ-TCHQ,13/03/2020,Tổng cục hải quan,Quyết định số 854/QĐ-TCHQ ngày 13/3/2020 của Tổng cục trưởng Tổng cục Hải quan v/v Tạm dừng hoạt động đại lý làm TTHQ,60013,305,10,TONG_CUC,Âu Anh Tuấn,13/03/2020,https://files.customs.gov.vn/van_ban_phap_luat/Lists/VanBanPhapLuat/Attachments/12907/QD854TCHQ2020.PDF,https://www.customs.gov.vn/index.jsp?pageId=3&id=60013&cid=1294,2020,03/2020,2026-10-08T09:32:22Z
258,855/QĐ-TCHQ,13/03/2020,Tổng cục hải quan,Quyết định số 855/QĐ-TCHQ ngày 13/3/2020 của Tổng cục trưởng Tổng cục Hải quan v/v Tạm dừng hoạt động đại lý làm TTHQ,60014,305,10,TONG_CUC,Âu Anh Tuấn,13/03/2020,https://files.customs.gov.vn/van_ban_phap_luat/Lists/VanBanPhapLuat/Attachments/12908/QD855TCHQ2020.PDF,https://www.customs.gov.vn/index.jsp?pageId=3&id=60014&cid=1294,2020,03/2020,2026-10-08T09:32:22Z
259,858/QĐ-TCHQ,13/03/2020,Tổng cục hải quan,Quyết định số 858/QĐ-TCHQ ngày 13/3/2020 của Tổng cục trưởng Tổng cục Hải quan v/v Thu hồi mã số nhân viên đại lý làm TTHQ,60015,305,10,TONG_CUC,Âu Anh Tuấn,13/03/2020,https://files.customs.gov.vn/van_ban_phap_luat/Lists/VanBanPhapLuat/Attachments/12911/QD858TCHQ2020.PDF,https://www.customs.gov.vn/index.jsp?pageId=3&id=60015&cid=1294,2020,03/2020,2026-10-08T09:32:22Z
260,859/QĐ-TCHQ,13/03/2020,Tổng cục hải quan,Quyết định số 859/QĐ-TCHQ ngày 13/3/2020 của Tổng cục trưởng Tổng cục Hải quan v/v Thu hồi mã số nhân viên đại lý làm TTHQ,60016,305,10,TONG_CUC,Âu Anh Tuấn,13/03/2020,https://files.customs.gov.vn/van_ban_phap_luat/Lists/VanBanPhapLuat/Attachments/12912/QD859TCHQ2020.PDF,https://www.customs.gov.vn/index.jsp?pageId=3&id=60016&cid=1294,2020,03/2020,2026-10-08T09:32:22Z
261,860/QĐ-TCHQ,13/03/2020,Tổng cục hải quan,Quyết định số 860/QĐ-TCHQ ngày 13/3/2020 của Tổng cục trưởng Tổng cục Hải quan v/v Công nhận hoạt động đại lý làm TTHQ,60017,305,10,TONG_CUC,Mai Xuân Thành,13/03/2020,https://files.customs.gov.vn/van_ban_phap_luat/Lists/VanBanPhapLuat/Attachments/12913/QD860TCHQ2020.PDF,https://www.customs.gov.vn/index.jsp?pageId=3&id=60017&cid=1294,2020,03/2020,2026-10-08T09:32:22Z
262,98/QĐ-QLD,13/03/2020,Bộ và ngang bộ,Quyết định số 98/QĐ-QLD ngày 13/3/2020 của Cục Quản lý Dược (Bộ Y tế) về việc thu hồi số tiếp nhận Phiếu công bố sản phẩm mỹ phẩm,60009,305,10,TONG_CUC,Nguyễn Tất Đạt,13/03/2020,https://files.customs.gov.vn/van_ban_phap_luat/Lists/VanBanPhapLuat/Attachments/12901/QD98-QLD-BYT 2020.PDF,https://www.customs.gov.vn/index.jsp?pageId=3&id=60009&cid=1294,2020,03/2020,2026-10-08T09:32:22Z
263,1525/TCHQ-GSQL,12/03/2020,Tổng cục hải quan,V/v cung ứng khẩu trang lên tàu bay xuất cảnh,56013,305,16,TP_HO_CHI_MINH,Mai Xuân Thành,12/03/2020,https://files.customs.gov.vn/CustomsCMS/TP_HO_CHI_MINH/2020/Web/Data/DocumentAttachments/CV15252020TCHQ.PDF,https://www.customs.gov.vn/index.jsp?pageId=3&id=56013&cid=1294,2020,03/2020,2026-10-08T09:32:22Z
264,1532/TCHQ-TXNK,12/03/2020,Tổng cục hải quan,V/v thuế giá trị gia tăng,57089,305,16,TP_HO_CHI_MINH,Nguyễn Ngọc Hưng,12/03/2020,https://files.customs.gov.vn/CustomsCMS/TP_HO_CHI_MINH/2020/Web/Data/DocumentAttachments/Vanban_1532.PDF,https://www.customs.gov.vn/index.jsp?pageId=3&id=57089&cid=1294,2020,03/2020,2026-10-08T09:32:22Z
265,1552/TCHQ-TXNK,12/03/2020,Tổng cục hải quan,V/v ký lại thỏa thuận phối hợp thu thuế điện tử và thông quan 24/7,53288,305,16,TP_HO_CHI_MINH,Lưu Mạnh Tưởng,12/03/2020,https://files.customs.gov.vn/CustomsCMS/TP_HO_CHI_MINH/2020/Web/Data/DocumentAttachments/CV1552TCHQ2020.PDF,https://www.customs.gov.vn/index.jsp?pageId=3&id=53288&cid=1294,2020,03/2020,2026-10-08T09:32:22Z
266,870/QÐ-BYT,12/03/2020,Bộ Y tế,"Quyết định về việc Hướng dẫn kỹ thuật tạm thời cho khẩu trang vải kháng giọt bắn, kháng khuẩn",53794,305,10,TP_HO_CHI_MINH,Trương Quốc Cường,12/03/2020,https://files.customs.gov.vn/CustomsCMS/TP_HO_CHI_MINH/2020/Web/Data/DocumentAttachments/870_QD-BYT_437048.doc,https://www.customs.gov.vn/index.jsp?pageId=3&id=53794&cid=1294,2020,03/2020,2026-10-08T09:32:22Z
267,1501/TCHQ-TXNK,11/03/2020,Tổng cục hải quan,"Thuế GTGT thiết bị, dụng cụ chuyên dùng cho y tế (Công ty TNHH kinh doanh thiết bị y tế An Phát)",66990,305,16,DONG_NAI,null,null,,https://www.customs.gov.vn/index.jsp?pageId=3&id=66990&cid=1294,2020,03/2020,2026-10-08T09:32:22Z
268,1502/TCHQ-TXNK,11/03/2020,Tổng cục hải quan,"V/v phân loại mặt hàng khai báo “Thực phẩm bổ sung Alaska Deep Sea Fish Oil Omega-3,6,9”",56704,305,16,TP_HO_CHI_MINH,Lưu Mạnh Tưởng,11/03/2020,https://files.customs.gov.vn/CustomsCMS/TP_HO_CHI_MINH/2020/Web/Data/DocumentAttachments/Vanban_1502.PDF,https://www.customs.gov.vn/index.jsp?pageId=3&id=56704&cid=1294,2020,03/2020,2026-10-08T09:32:22Z
269,633/QĐ-TCHQ,11/03/2020,Tổng cục hải quan,Quyết định số 633/QĐ-TCHQ ngày 11/3/2020 của Tổng cục trưởng Tổng cục Hải quan v/v Chứng nhận đủ điều kiện kinh doanh hàng miễn thuế cho kho chứa hàng miễn thuế,59985,305,10,TONG_CUC,Mai Xuân Thành,11/03/2020,https://files.customs.gov.vn/van_ban_phap_luat/Lists/VanBanPhapLuat/Attachments/12858/QD633TCHQ2020.PDF,https://www.customs.gov.vn/index.jsp?pageId=3&id=59985&cid=1294,2020,03/2020,2026-10-08T09:32:22Z
270,634/QÐ-TCHQ,11/03/2020,Tổng cục hải quan,Về việc công nhận hoạt động đại lý làm thủ tục hải quan,58413,305,10,TP_HO_CHI_MINH,Mai Xuân Thành,11/03/2020,https://files.customs.gov.vn/CustomsCMS/TP_HO_CHI_MINH/2020/Web/Data/DocumentAttachments/Vanban_634.PDF,https://www.customs.gov.vn/index.jsp?pageId=3&id=58413&cid=1294,2020,03/2020,2026-10-08T09:32:22Z
271,634/QĐ-TCHQ,11/03/2020,Tổng cục hải quan,Quyết định số 634/QĐ-TCHQ ngày 11/3/2020 của Tổng cục trưởng Tổng cục Hải quan v/v Công nhận hoạt động đại lý làm TTHQ,59986,305,10,TONG_CUC,Mai Xuân Thành,11/03/2020,https://files.customs.gov.vn/van_ban_phap_luat/Lists/VanBanPhapLuat/Attachments/12859/QD634TCHQ2020.PDF,https://www.customs.gov.vn/index.jsp?pageId=3&id=59986&cid=1294,2020,03/2020,2026-10-08T09:32:22Z
272,635/QÐ-TCHQ,11/03/2020,Tổng cục hải quan,Về việc chấm dứt hoạt động đại lý làm thủ tục hải quan,54740,305,10,TP_HO_CHI_MINH,Mai Xuân Thành,11/03/2020,https://files.customs.gov.vn/CustomsCMS/TP_HO_CHI_MINH/2020/Web/Data/DocumentAttachments/Vanban_635.PDF,https://www.customs.gov.vn/index.jsp?pageId=3&id=54740&cid=1294,2020,03/2020,2026-10-08T09:32:22Z
273,635/QĐ-TCHQ,11/03/2020,Tổng cục hải quan,Quyết định số 635/QĐ-TCHQ ngày 11/3/2020 của Tổng cục trưởng Tổng cục Hải quan v/v Chấm dứt hoạt động đại lý làm TTHQ,59987,305,10,TONG_CUC,Mai Xuân Thành,11/03/2020,https://files.customs.gov.vn/van_ban_phap_luat/Lists/VanBanPhapLuat/Attachments/12860/QD635TCHQ2020.PDF,https://www.customs.gov.vn/index.jsp?pageId=3&id=59987&cid=1294,2020,03/2020,2026-10-08T09:32:22Z
274,636/QĐ-TCHQ,11/03/2020,Tổng cục hải quan,Quyết định số 636/QĐ-TCHQ ngày 11/3/2020 của Tổng cục trưởng Tổng cục Hải quan v/v Thay đổi thông tin đại lý làm TTHQ,59988,305,10,TONG_CUC,Mai Xuân Thành,11/03/2020,https://files.customs.gov.vn/van_ban_phap_luat/Lists/VanBanPhapLuat/Attachments/12861/QD636TCHQ2020.PDF,https://www.customs.gov.vn/index.jsp?pageId=3&id=59988&cid=1294,2020,03/2020,2026-10-08T09:32:22Z
275,637/QĐ-TCHQ,11/03/2020,Tổng cục hải quan,Quyết định số 637/QĐ-TCHQ ngày 11/3/2020 của Tổng cục trưởng Tổng cục Hải quan v/v Tiếp tục hoạt động đại lý làm TTHQ,59989,305,10,TONG_CUC,Mai Xuân Thành,11/03/2020,https://files.customs.gov.vn/van_ban_phap_luat/Lists/VanBanPhapLuat/Attachments/12862/QD637TCHQ2020.PDF,https://www.customs.gov.vn/index.jsp?pageId=3&id=59989&cid=1294,2020,03/2020,2026-10-08T09:32:22Z
276,638/QĐ-TCHQ,11/03/2020,Tổng cục hải quan,Quyết định số 638/QĐ-TCHQ ngày 11/3/2020 của Tổng cục trưởng Tổng cục Hải quan v/v Tiếp tục hoạt động đại lý làm TTHQ,59990,305,10,TONG_CUC,Mai Xuân Thành,11/03/2020,https://files.customs.gov.vn/van_ban_phap_luat/Lists/VanBanPhapLuat/Attachments/12863/QD638TCHQ2020.PDF,https://www.customs.gov.vn/index.jsp?pageId=3&id=59990&cid=1294,2020,03/2020,2026-10-08T09:32:22Z
277,639/QĐ-TCHQ,11/03/2020,Tổng cục hải quan,Quyết định số 639/QĐ-TCHQ ngày 11/3/2020 của Tổng cục trưởng Tổng cục Hải quan v/v Công nhận hoạt động đại lý làm TTHQ,59991,305,10,TONG_CUC,Mai Xuân Thành,11/03/2020,https://files.customs.gov.vn/van_ban_phap_luat/Lists/VanBanPhapLuat/Attachments/12864/QD639TCHQ2020.PDF,https://www.customs.gov.vn/index.jsp?pageId=3&id=59991&cid=1294,2020,03/2020,2026-10-08T09:32:22Z
278,1438/TCHQ-GSQL,10/03/2020,null,Một số điểm lưu ý khi thực hiện Nghị định số 85/2019/NĐ-CP,76743,305,16,DA_NANG,Mai Xuân Thành,10/03/2020,https://files.customs.gov.vn/DA_NANG/Uploads/65e32243-11bf-4695-985d-c1563e8c13ba/1438_2020_TCHQ.PDF,https://www.customs.gov.vn/index.jsp?pageId=3&id=76743&cid=1294,2020,03/2020,2026-10-08T09:32:22Z
279,1439/TCHQ-GSQL,10/03/2020,Tổng cục hải quan,"V/v NK máy móc, thiết bị, dây chuyền công nghệ đã qua sử dụng",58562,305,16,TP_HO_CHI_MINH,Mai Xuân Thành,10/03/2020,https://files.customs.gov.vn/CustomsCMS/TP_HO_CHI_MINH/2020/Web/Data/DocumentAttachments/1490883_Vanban_1439.pdf,https://www.customs.gov.vn/index.jsp?pageId=3&id=58562&cid=1294,2020,03/2020,2026-10-08T09:32:22Z
280,1447/TCHQ-TXNK,10/03/2020,Tổng cục hải quan,"V/v thuế GTGT thiết bị, dụng cụ chuyên dùng cho y tế",54200,305,16,TP_HO_CHI_MINH,Nguyễn Ngọc Hưng,10/03/2020,https://files.customs.gov.vn/CustomsCMS/TP_HO_CHI_MINH/2020/Web/Data/DocumentAttachments/Vanban_1447.PDF,https://www.customs.gov.vn/index.jsp?pageId=3&id=54200&cid=1294,2020,03/2020,2026-10-08T09:32:22Z
281,1465/TCHQ-GSQL,10/03/2020,Tổng cục hải quan,V/v thực hiện C/O điện tử thông qua cơ chế một cửa ASEAN,52484,305,16,TP_HO_CHI_MINH,Mai Xuân Thành,10/03/2020,https://files.customs.gov.vn/CustomsCMS/TP_HO_CHI_MINH/2020/Web/Data/DocumentAttachments/1490763_Vanban_1465.pdf,https://www.customs.gov.vn/index.jsp?pageId=3&id=52484&cid=1294,2020,03/2020,2026-10-08T09:32:22Z
282,39/2020/NĐ-CP,30/04/2020,null,Ban hành Biểu thuế nhập khẩu ưu đãi đặc biệt của Việt Nam để thực hiện Hiệp định Thương mại giữa Chính phủ nước Cộng hòa xã hội chủ nghĩa Việt Nam và Chính phủ nước Cộng hòa Cuba giai đoạn 2020 - 2023,76766,305,8,DA_NANG,Nguyễn Xuân Phúc,20/05/2020,https://files.customs.gov.vn/DA_NANG/Uploads/65e32243-11bf-4695-985d-c1563e8c13ba/39ND.signed.pdf,https://www.customs.gov.vn/index.jsp?pageId=3&id=76766&cid=1294,2020,04/2020,2026-10-08T09:32:22Z
283,1149/TB-HQBD,29/04/2020,Cục Hải quan Tỉnh Bình Dương,"Lịch trực tại các đơn vị thuộc và trực thuộc Cục trong thời gian nghỉ lễ kỷ niệm ngày Giải phóng hoàn toàn miền Nam - thống nhất đất nước 30/4, 01/5/2020",61074,305,19,BINH_DUONG,null,29/04/2020,https://files.customs.gov.vn/BINH_DUONG/CMS/Lists/VanBanPhapQuy_VN/Attachments/4517/1149TB-HQBD_2020.pdf,https://www.customs.gov.vn/index.jsp?pageId=3&id=61074&cid=1294,2020,04/2020,2026-10-08T09:32:22Z
284,1251/QĐ-TCHQ,29/04/2020,Tổng cục hải quan,"Quyết định số 1251/QĐ-TCHQ ngày 29/4/2020 của Tổng cục trưởng Tổng cục Hải quan v/v Chấm dứt hoạt động kho ngoại quan của Công ty TNHH Đầu tư Nam Úc tại KCN Quang Minh, huyện Mê Linh, HN",60199,305,10,TONG_CUC,Mai Xuân Thành,29/04/2020,https://files.customs.gov.vn/van_ban_phap_luat/Lists/VanBanPhapLuat/Attachments/13193/QD1251TCHQ2020.PDF,https://www.customs.gov.vn/index.jsp?pageId=3&id=60199&cid=1294,2020,04/2020,2026-10-08T09:32:22Z
285,1305/QĐ-TCHQ,29/04/2020,null,Quyết định gia hạn áp dụng chế độ ưu tiên,76759,305,16,DA_NANG,Nguyễn Văn Cẩn,29/04/2020,https://files.customs.gov.vn/DA_NANG/Uploads/65e32243-11bf-4695-985d-c1563e8c13ba/1305 QĐ-TCHQ.PDF,https://www.customs.gov.vn/index.jsp?pageId=3&id=76759&cid=1294,2020,04/2020,2026-10-08T09:32:22Z
286,172/TB-VPCP,29/04/2020,Khác,Thông báo 172/TB-VPCP ngày 29/4/2020  kết luận của Thủ tướng Chính phủ tại cuộc họp Thường trực Chính phủ về giải pháp điều hành xuất khẩu gạo trong thời gian tới,60154,305,18,TONG_CUC,Mai Tiến Dũng,07/05/2020,https://files.customs.gov.vn/van_ban_phap_luat/Lists/VanBanPhapLuat/Attachments/13122/TB172VPCP.doc,https://www.customs.gov.vn/index.jsp?pageId=3&id=60154&cid=1294,2020,04/2020,2026-10-08T09:32:22Z
287,2785/TCHQ-TXNK,29/04/2020,Tổng cục hải quan,V/v lựa chọn ngân hàng thương mại là đại lý hoàn thuế GTGT,56823,305,16,TP_HO_CHI_MINH,Lưu Mạnh Tưởng,29/04/2020,https://files.customs.gov.vn/CustomsCMS/TP_HO_CHI_MINH/2020/Web/Data/DocumentAttachments/Vanban_2785.PDF,https://www.customs.gov.vn/index.jsp?pageId=3&id=56823&cid=1294,2020,04/2020,2026-10-08T09:32:22Z
288,2805/TB-TCHQ,29/04/2020,Tổng cục hải quan,"Hỗn hợp có thành phần mica được phủ hợp chất hữu cơ, dùng trong sản xuất mỹ phẩm, dạng bột",57286,305,16,TP_HO_CHI_MINH,Lưu Mạnh Tưởng,29/04/2020,https://files.customs.gov.vn/CustomsCMS/TP_HO_CHI_MINH/2020/Web/Data/DocumentAttachments/Vanban_2805.PDF,https://www.customs.gov.vn/index.jsp?pageId=3&id=57286&cid=1294,2020,04/2020,2026-10-08T09:32:22Z
289,2848/TCHQ-GSQL,29/04/2020,null,Hướng dẫn thủ tục xuất khẩu khẩu trang y tế,76757,305,16,DA_NANG,Mai Xuân Thành,29/04/2020,https://files.customs.gov.vn/DA_NANG/Uploads/65e32243-11bf-4695-985d-c1563e8c13ba/2848 (XK khâu rtrang).PDF,https://www.customs.gov.vn/index.jsp?pageId=3&id=76757&cid=1294,2020,04/2020,2026-10-08T09:32:22Z
290,2849/HQĐNa-GSQL,29/04/2020,Tổng cục hải quan,"Hướng dẫn thủ tục xuất khẩu gạo (HQ các tỉnh, thành phố)",67006,305,16,DONG_NAI,null,null,https://files.customs.gov.vn/DONG_NAI//Data/CV_TCHQ/2849_TCHQ_GSQL_29_04_2020.pdf,https://www.customs.gov.vn/index.jsp?pageId=3&id=67006&cid=1294,2020,04/2020,2026-10-08T09:32:22Z
291,2849/TCHQ-GSQL,29/04/2020,null,Hướng dẫn thủ tục xuất khẩu gao,76758,305,16,DA_NANG,Mai Xuân Thành,29/04/2020,https://files.customs.gov.vn/DA_NANG/Uploads/65e32243-11bf-4695-985d-c1563e8c13ba/2849 (XK gạo).PDF,https://www.customs.gov.vn/index.jsp?pageId=3&id=76758&cid=1294,2020,04/2020,2026-10-08T09:32:22Z
292,60/NQ-CP,29/04/2020,Chính phủ,"Về việc xuất khẩu khẩu trang y tế trong giai đoạn phòng, chống dịch Covid-19",56377,305,7,TP_HO_CHI_MINH,Nguyễn Xuân Phúc,29/04/2020,https://files.customs.gov.vn/CustomsCMS/TP_HO_CHI_MINH/2020/Web/Data/DocumentAttachments/60_NQ-CP_441356.docx,https://www.customs.gov.vn/index.jsp?pageId=3&id=56377&cid=1294,2020,04/2020,2026-10-08T09:32:22Z
293,1225/HQHCM-TXNK,28/04/2020,Bộ Thương Mại,Phân loại mặt hàng ray dẫn hướng bằng nhôm và bồn rửa nhà bếp,57456,305,16,TP_HO_CHI_MINH,Nguyễn Quốc Toản,28/04/2020,https://files.customs.gov.vn/CustomsCMS/TP_HO_CHI_MINH/2020/Web/Data/DocumentAttachments/Vanban_1225.PDF,https://www.customs.gov.vn/index.jsp?pageId=3&id=57456&cid=1294,2020,04/2020,2026-10-08T09:32:22Z
294,1232/HQHCM-GSQL,28/04/2020,Bộ Thương Mại,V/v nhập khẩu mặt hàng hóa chất có chứa Kali clorua,55651,305,16,TP_HO_CHI_MINH,Lê Xuân Mỹ,28/04/2020,https://files.customs.gov.vn/CustomsCMS/TP_HO_CHI_MINH/2020/Web/Data/DocumentAttachments/Vanban_1232.PDF,https://www.customs.gov.vn/index.jsp?pageId=3&id=55651&cid=1294,2020,04/2020,2026-10-08T09:32:22Z
295,1243/QĐ-TCHQ,28/04/2020,Tổng cục hải quan,"Quyết định số 1243/QĐ-TCHQ ngày 28/4/2020 của Tổng cục trưởng Tổng cục Hải quan v/v Công nhận hoạt động đại lý làm TTHQ đối với Công ty Cổ phần Vận tải và Giao nhận Đông Nam Á tại Quy Nhơn, Bình Định",60195,305,10,TONG_CUC,Mai Xuân Thành,28/04/2020,https://files.customs.gov.vn/van_ban_phap_luat/Lists/VanBanPhapLuat/Attachments/13188/QD1243TCHQ2020.PDF,https://www.customs.gov.vn/index.jsp?pageId=3&id=60195&cid=1294,2020,04/2020,2026-10-08T09:32:22Z
296,1244/QÐ-TCHQ,28/04/2020,Tổng cục hải quan,Về việc tiếp tục hoạt động đại lý làm thủ tục hải quan - Công ty TNHH vận tải World Blis,53414,305,10,TP_HO_CHI_MINH,Mai Xuân Thành,28/04/2020,https://files.customs.gov.vn/CustomsCMS/TP_HO_CHI_MINH/2020/Web/Data/DocumentAttachments/Vanban_1244.PDF,https://www.customs.gov.vn/index.jsp?pageId=3&id=53414&cid=1294,2020,04/2020,2026-10-08T09:32:22Z
297,1244/QĐ-TCHQ,28/04/2020,Tổng cục hải quan,"Quyết định số 1244/QĐ-TCHQ ngày 28/4/2020 của Tổng cục trưởng Tổng cục Hải quan v/v Tiép tục hoạt động đại lý làm TTHQ đối với Công ty TNHH Vận tải World Blis tại Quận Tân Bình, TP. Hồ Chí Minh",60196,305,10,TONG_CUC,Mai Xuân Thành,28/04/2020,https://files.customs.gov.vn/van_ban_phap_luat/Lists/VanBanPhapLuat/Attachments/13189/QD1244TCHQ2020.PDF,https://www.customs.gov.vn/index.jsp?pageId=3&id=60196&cid=1294,2020,04/2020,2026-10-08T09:32:22Z
298,1245/QĐ-TCHQ,28/04/2020,Tổng cục hải quan,"Quyết định số 1245/QĐ-TCHQ ngày 28/4/2020 của Tổng cục trưởng Tổng cục Hải quan v/v Mở rộng địa điểm tập kết, kiểm tra, giám sát hàng hóa XK, NK tập trung của Công ty TNHH Thương mại DỊch vụ Uy Vũ tại Lộc Thạch, Lộc Ninh, Bình Phước",60197,305,10,TONG_CUC,Mai Xuân Thành,28/04/2020,https://files.customs.gov.vn/van_ban_phap_luat/Lists/VanBanPhapLuat/Attachments/13190/QD1245TCHQ2020.PDF,https://www.customs.gov.vn/index.jsp?pageId=3&id=60197&cid=1294,2020,04/2020,2026-10-08T09:32:22Z
299,1246/QĐ-TCHQ,28/04/2020,Tổng cục hải quan,"Quyết định số 1246/QĐ-TCHQ ngày 28/4/2020 của Tổng cục trưởng Tổng cục Hải quan v/v Thu hẹp kho ngoại quan của Công ty TNHH Thương mại DỊch vụ Uy Vũ tại Lộc Thạch, Lộc Ninh, Bình Phước",60198,305,10,TONG_CUC,Mai Xuân Thành,28/04/2020,https://files.customs.gov.vn/van_ban_phap_luat/Lists/VanBanPhapLuat/Attachments/13191/QD1246TCHQ2020.PDF,https://www.customs.gov.vn/index.jsp?pageId=3&id=60198&cid=1294,2020,04/2020,2026-10-08T09:32:22Z
300,2733/TCHQ-TXNK,28/04/2020,Tổng cục hải quan,V/v phối hợp thu Ngân sách Nhà nước với Tổng cục Hải quan,57290,305,16,TP_HO_CHI_MINH,Lưu Mạnh Tưởng,28/04/2020,https://files.customs.gov.vn/CustomsCMS/TP_HO_CHI_MINH/2020/Web/Data/DocumentAttachments/CV2733TCHQ2020.PDF,https://www.customs.gov.vn/index.jsp?pageId=3&id=57290&cid=1294,2020,04/2020,2026-10-08T09:32:22Z
301,2737/TB-TCHQ,28/04/2020,Tổng cục hải quan,"Chế phẩm hóa học có thành phần chính là MgO và SiO2, dạng bột.",55522,305,16,TP_HO_CHI_MINH,Lưu Mạnh Tưởng,28/04/2020,https://files.customs.gov.vn/CustomsCMS/TP_HO_CHI_MINH/2020/Web/Data/DocumentAttachments/Vanban_2737.PDF,https://www.customs.gov.vn/index.jsp?pageId=3&id=55522&cid=1294,2020,04/2020,2026-10-08T09:32:22Z
302,2743/TCHQ-TXNK,28/04/2020,Tổng cục hải quan,V/v phân loại mặt hàng hạt giống nhập khẩu,52791,305,16,BINH_DUONG,Lưu Mạnh Tưởng,28/04/2020,https://files.customs.gov.vn/CustomsCMS/TP_HO_CHI_MINH/2020/Web/Data/DocumentAttachments/Vanban_2743.pdf,https://www.customs.gov.vn/index.jsp?pageId=3&id=52791&cid=1294,2020,04/2020,2026-10-08T09:32:22Z
303,1241/QĐ-TCHQ,27/04/2020,Tổng cục hải quan,"Quyết định số 1241/QĐ-TCHQ ngày 27/4/2020 của Tổng cục trưởng Tổng cục Hải quan v/v Tiếp tục hoạt động đại lý làm TTHQ đối với Công ty Cổ phần Xây dựng Công trình Giao thông và Cơ giới tại Hải An, Hải Phòng",60194,305,10,TONG_CUC,Mai Xuân Thành,27/04/2020,https://files.customs.gov.vn/van_ban_phap_luat/Lists/VanBanPhapLuat/Attachments/13187/QD1241TCHQ2020.PDF,https://www.customs.gov.vn/index.jsp?pageId=3&id=60194&cid=1294,2020,04/2020,2026-10-08T09:32:22Z
304,2684/TB-TCHQ,27/04/2020,Tổng cục hải quan,"Chế phẩm dạng bột có thành phần chính là tinh bột đã thủy phân, protein, chất béo... dùng trong sản xuất mỹ phẩm",58446,305,16,TP_HO_CHI_MINH,Lưu Mạnh Tưởng,27/04/2020,https://files.customs.gov.vn/CustomsCMS/TP_HO_CHI_MINH/2020/Web/Data/DocumentAttachments/Vanban_2684.PDF,https://www.customs.gov.vn/index.jsp?pageId=3&id=58446&cid=1294,2020,04/2020,2026-10-08T09:32:22Z
305,2685/TB-TCHQ,27/04/2020,Tổng cục hải quan,"Hỗn hợp thành phần có chứa vitamin E, Sorbitol, Glycerol, chất nhu hóa,... dạng lỏng, dùng trong chế biến thực phẩm.",52355,305,16,TP_HO_CHI_MINH,Lưu Mạnh Tưởng,27/04/2020,https://files.customs.gov.vn/CustomsCMS/TP_HO_CHI_MINH/2020/Web/Data/DocumentAttachments/Vanban_2685.PDF,https://www.customs.gov.vn/index.jsp?pageId=3&id=52355&cid=1294,2020,04/2020,2026-10-08T09:32:22Z
306,2686/TB-TCHQ,27/04/2020,Tổng cục hải quan,"Hỗn hợp este của axit Hexadecanoic, Octadecenoic với glycerol, dạng nhão, dùng trong chế biến thực phẩm.",58421,305,16,TP_HO_CHI_MINH,Lưu Mạnh Tưởng,27/04/2020,https://files.customs.gov.vn/CustomsCMS/TP_HO_CHI_MINH/2020/Web/Data/DocumentAttachments/Vanban_2686.PDF,https://www.customs.gov.vn/index.jsp?pageId=3&id=58421&cid=1294,2020,04/2020,2026-10-08T09:32:22Z
307,2690/TB-TCHQ,27/04/2020,Tổng cục hải quan,"Màng Poly (vinylidene chloride) không xốp, màu đỏ, chưa gia cố hay kết hợp với vật liệu khác, một mặt được in hình in chữ, dạng cuộn,dùng làm bao bì bao gói thực phẩm",58145,305,16,TP_HO_CHI_MINH,Lưu Mạnh Tưởng,27/04/2020,https://files.customs.gov.vn/CustomsCMS/TP_HO_CHI_MINH/2020/Web/Data/DocumentAttachments/Vanban_2690.PDF,https://www.customs.gov.vn/index.jsp?pageId=3&id=58145&cid=1294,2020,04/2020,2026-10-08T09:32:22Z
308,2692/TB-TCHQ,27/04/2020,Tổng cục hải quan,"Hỗn hợp hóa chất dùng trong chế biến thực phẩm, thành phần gồm: disodium 5’ inosinate, disodium 5’guanylate và glycine, dạng bột.",55426,305,16,TP_HO_CHI_MINH,Lưu Mạnh Tưởng,27/04/2020,https://files.customs.gov.vn/CustomsCMS/TP_HO_CHI_MINH/2020/Web/Data/DocumentAttachments/Vanban_2692.PDF,https://www.customs.gov.vn/index.jsp?pageId=3&id=55426&cid=1294,2020,04/2020,2026-10-08T09:32:22Z
309,2693/TB-TCHQ,27/04/2020,Tổng cục hải quan,"Chế phẩm hóa học dùng làm nguyên liệu sản xuất mỹ phấm, dạng hạt (vi nang), thành phần có chứa mannitol, xellulose vi tinh thể, vitamin E, mica...",55787,305,16,TP_HO_CHI_MINH,Lưu Mạnh Tưởng,27/04/2020,https://files.customs.gov.vn/CustomsCMS/TP_HO_CHI_MINH/2020/Web/Data/DocumentAttachments/Vanban_2693.PDF,https://www.customs.gov.vn/index.jsp?pageId=3&id=55787&cid=1294,2020,04/2020,2026-10-08T09:32:22Z
310,2694/TB-TCHQ,27/04/2020,Tổng cục hải quan,"Hỗn hợp các chất dùng trong sản xuất mỹ phẩm, dạng lỏng, thành phần gồm glycerin, dihydroquercetin, chiết xuất từ thực vật, glycerin, kẽm clorua, nước",53271,305,16,TP_HO_CHI_MINH,Lưu Mạnh Tưởng,27/04/2020,https://files.customs.gov.vn/CustomsCMS/TP_HO_CHI_MINH/2020/Web/Data/DocumentAttachments/Vanban_2694.PDF,https://www.customs.gov.vn/index.jsp?pageId=3&id=53271&cid=1294,2020,04/2020,2026-10-08T09:32:22Z
311,2696/TB-TCHQ,27/04/2020,Tổng cục hải quan,"Chế phẩm hóa học dùng làm nguyên liệu sản xuất mỹ phẩm, thành phần có chứa glycerin, protein đã thủy phân, canxi clorua, dạng lỏng",52769,305,16,TP_HO_CHI_MINH,Lưu Mạnh Tưởng,27/04/2020,https://files.customs.gov.vn/CustomsCMS/TP_HO_CHI_MINH/2020/Web/Data/DocumentAttachments/Vanban_2696.PDF,https://www.customs.gov.vn/index.jsp?pageId=3&id=52769&cid=1294,2020,04/2020,2026-10-08T09:32:22Z
312,2697/TB-TCHQ,27/04/2020,Tổng cục hải quan,"Chế phẩm hóa học dùng làm nguyên liệu sản xuất mỹ phẩm, thành phần có chứa protein đã thủy phân, natri lactat, carboxymethyl cellulose và phụ gia, dạng lỏng",56689,305,16,TP_HO_CHI_MINH,Lưu Mạnh Tưởng,27/04/2020,https://files.customs.gov.vn/CustomsCMS/TP_HO_CHI_MINH/2020/Web/Data/DocumentAttachments/Vanban_2697.PDF,https://www.customs.gov.vn/index.jsp?pageId=3&id=56689&cid=1294,2020,04/2020,2026-10-08T09:32:22Z
313,2714/TCHQ-TXNK,27/04/2020,Tổng cục hải quan,V/v phân loại nhà lắp ghép bằng khung thép tiền chế,55505,305,16,TP_HO_CHI_MINH,Đào Thu Hương,27/04/2020,https://files.customs.gov.vn/CustomsCMS/TP_HO_CHI_MINH/2020/Web/Data/DocumentAttachments/Vanban_2714.PDF,https://www.customs.gov.vn/index.jsp?pageId=3&id=55505&cid=1294,2020,04/2020,2026-10-08T09:32:22Z
314,1202/HQHCM-GSQL,25/04/2020,Bộ Thương Mại,V/v đăng ký tờ khai xuất khẩu gạo,52771,305,16,TP_HO_CHI_MINH,Nguyễn Hữu Nghiệp,25/04/2020,https://files.customs.gov.vn/CustomsCMS/TP_HO_CHI_MINH/2020/Web/Data/DocumentAttachments/Vanban_1202.PDF,https://www.customs.gov.vn/index.jsp?pageId=3&id=52771&cid=1294,2020,04/2020,2026-10-08T09:32:22Z
315,2651/TCHQ-CNTT,25/04/2020,Tổng cục hải quan,Công văn số 2651/TCHQ-CNTT ngày 25/4/2020 của Tổng cục Hải quan v/v xử lý các tờ khai xuất khẩu gạo đăng ký trong ngày 25/4/2020,57153,305,16,TP_HO_CHI_MINH,null,25/04/2020,https://files.customs.gov.vn/CustomsCMS/TP_HO_CHI_MINH/2020/Web/Data/DocumentAttachments/Vanban_2651.pdf,https://www.customs.gov.vn/index.jsp?pageId=3&id=57153&cid=1294,2020,04/2020,2026-10-08T09:32:22Z
316,2652/TCHQ-CNTT,25/04/2020,Tổng cục hải quan,Công văn số 2652/TCHQ-CNTT ngày 25/4/2020 của Tổng cục Hải quan v/v xử lý các tờ khai xuất khẩu gạo đăng ký trong ngày 25/4/2020,55535,305,16,TP_HO_CHI_MINH,null,25/04/2020,https://files.customs.gov.vn/CustomsCMS/TP_HO_CHI_MINH/2020/Web/Data/DocumentAttachments/Vanban_2652.PDF,https://www.customs.gov.vn/index.jsp?pageId=3&id=55535&cid=1294,2020,04/2020,2026-10-08T09:32:22Z
317,06/2020/TT-BNNPTNT,24/04/2020,Bộ và ngang bộ,"Thông tư số 06/2020/TT-BNNPTNT ngày 24/4/2020 của Bộ Nông nghiệp và Phát triển nông thôn v/v sửa đổi, bổ sung Điều 2 của Thông tư số 10/2019/TT-BNNPTNT ngày 20/9/2019 của Bộ trưởng Bộ nông nghiệp và phát triển nông thôn về việc ban hành Danh mục thuốc bảo vệ thực vật được phép sử dụng, cấm sử dụng tại Việt Nam",60161,305,4,TONG_CUC,Lê Quốc Doanh,09/06/2020,https://files.customs.gov.vn/van_ban_phap_luat/Lists/VanBanPhapLuat/Attachments/13132/TT06-BNNPTNT2020.PDF,https://www.customs.gov.vn/index.jsp?pageId=3&id=60161&cid=1294,2020,04/2020,2026-10-08T09:32:22Z
318,1198/QĐ-TCHQ,24/04/2020,Tổng cục hải quan,Quyết định số 1198/QĐ-TCHQ ngày 24/4/2020 của Tổng cục trưởng Tổng cục Hải quan v/v Thu hồi mã số nhân viên đại lý làm thủ tục hải quan,60190,305,10,TONG_CUC,Âu Anh Tuấn,24/04/2020,https://files.customs.gov.vn/van_ban_phap_luat/Lists/VanBanPhapLuat/Attachments/13183/QD1198TCHQ2020.PDF,https://www.customs.gov.vn/index.jsp?pageId=3&id=60190&cid=1294,2020,04/2020,2026-10-08T09:32:22Z
319,1201/QĐ-TCHQ,24/04/2020,Tổng cục hải quan,"Quyết định số 1201/QĐ-TCHQ ngày 24/4/2020 của Tổng cục trưởng Tổng cục Hải quan v/v Công nhận hoạt động đại lý làm thủ tục hải quan đối với Công ty TNHH Giao nhận Gấu Trúc Toàn Cầu tại Mỹ Đình 1, Nam Từ Liêm, HN",60191,305,10,TONG_CUC,Mai Xuân Thành,24/04/2020,https://files.customs.gov.vn/van_ban_phap_luat/Lists/VanBanPhapLuat/Attachments/13184/QD1201TCHQ2020.PDF,https://www.customs.gov.vn/index.jsp?pageId=3&id=60191&cid=1294,2020,04/2020,2026-10-08T09:32:22Z
320,1202/QĐ-TCHQ,24/04/2020,Tổng cục hải quan,"Quyết định số 1202/QĐ-TCHQ ngày 24/4/2020 của Tổng cục trưởng Tổng cục Hải quan v/v Tiếp tục hoạt động đại lý làm thủ tục hải quan đối với Công ty TNHH Đế Long tại Thuận An, Bình Dương",60192,305,10,TONG_CUC,Mai Xuân Thành,24/04/2020,https://files.customs.gov.vn/van_ban_phap_luat/Lists/VanBanPhapLuat/Attachments/13185/QD1202TCHQ2020.PDF,https://www.customs.gov.vn/index.jsp?pageId=3&id=60192&cid=1294,2020,04/2020,2026-10-08T09:32:22Z
321,1203/QĐ-TCHQ,24/04/2020,Tổng cục hải quan,"Quyết định số 1203/QĐ-TCHQ ngày 24/4/2020 của Tổng cục trưởng Tổng cục Hải quan v/v Thay đổi thông tin đại lý làm thủ tục hải quan đối với địa chỉ Công ty Liên doanh TNHH Tiếp nhận và Vận tải Speedmark tại Ngô Quyền, Hải Phòng",60193,305,10,TONG_CUC,Mai Xuân Thành,24/04/2020,https://files.customs.gov.vn/van_ban_phap_luat/Lists/VanBanPhapLuat/Attachments/13186/QD1203TCHQ2020.PDF,https://www.customs.gov.vn/index.jsp?pageId=3&id=60193&cid=1294,2020,04/2020,2026-10-08T09:32:22Z
322,2638/CV-TCHQ,24/04/2020,null,Công văn về việc đăng ký tờ khai xuất khẩu gạo,67510,305,18,CAN_THO,null,24/04/2020,https://files.customs.gov.vn/CAN_THO/CV_2638_2020_TCHQ.pdf,https://www.customs.gov.vn/index.jsp?pageId=3&id=67510&cid=1294,2020,04/2020,2026-10-08T09:32:22Z
323,2638/TCHQ-GSQL,24/04/2020,Tổng cục hải quan,V/v đăng ký tờ khai xuất khẩu gạo,52787,305,16,TP_HO_CHI_MINH,Mai Xuân Thành,24/04/2020,https://files.customs.gov.vn/CustomsCMS/TP_HO_CHI_MINH/2020/Web/Data/DocumentAttachments/Vanban_2638.PDF,https://www.customs.gov.vn/index.jsp?pageId=3&id=52787&cid=1294,2020,04/2020,2026-10-08T09:32:22Z
324,1189/QÐ-TCHQ,23/04/2020,Tổng cục hải quan,Về việc thu hồi mã số nhân viên đại lý làm thủ tục hải quan,58292,305,10,TP_HO_CHI_MINH,Âu Anh Tuấn,23/04/2020,https://files.customs.gov.vn/CustomsCMS/TP_HO_CHI_MINH/2020/Web/Data/DocumentAttachments/Vanban_1189.PDF,https://www.customs.gov.vn/index.jsp?pageId=3&id=58292&cid=1294,2020,04/2020,2026-10-08T09:32:22Z
325,2575/TCHQ-TXNK,23/04/2020,Tổng cục hải quan,"Mã số hàng hóa, thuế GTGT mặt hàng ""kim luồn tĩnh mạch an toàn"" (Công ty TNHH thiết bị y tế Trần Minh)",67004,305,16,DONG_NAI,null,null,,https://www.customs.gov.vn/index.jsp?pageId=3&id=67004&cid=1294,2020,04/2020,2026-10-08T09:32:22Z
326,2579/TCHQ-TXNK,23/04/2020,Tổng cục hải quan,V/v thuế suất theo Chương 98 và thuế GTGT Gel làm giảm sẹo,52224,305,16,TP_HO_CHI_MINH,Nguyễn Ngọc Hưng,23/04/2020,https://files.customs.gov.vn/CustomsCMS/TP_HO_CHI_MINH/2020/Web/Data/DocumentAttachments/Vanban_2579.PDF,https://www.customs.gov.vn/index.jsp?pageId=3&id=52224&cid=1294,2020,04/2020,2026-10-08T09:32:22Z
327,2582/TB-TCHQ,23/04/2020,Tổng cục hải quan,"Chế phấm thực phấm từ bột nhào, chưa làm chín hoặc nhồi (thịt hoặc các chất khác) hoặc chế biến cách khác.",56639,305,16,TP_HO_CHI_MINH,Lưu Mạnh Tưởng,23/04/2020,https://files.customs.gov.vn/CustomsCMS/TP_HO_CHI_MINH/2020/Web/Data/DocumentAttachments/Vanban_2582.PDF,https://www.customs.gov.vn/index.jsp?pageId=3&id=56639&cid=1294,2020,04/2020,2026-10-08T09:32:22Z
328,2585/TB-TCHQ,23/04/2020,Tổng cục hải quan,"Gia vị hỗn hợp có thành phần chính gồm: bột lúa mì, dextrin, bột cà ri (nghệ, rau mùi, thì là, cỏ cà ri, tiểu hồi), dầu thực vật, muối, dường, kem thực vật, bột gia vị hành tây, bột tỏi, bột ớt, chiết xuất nấm men,..dạng bột, đóng gói 100g/gói",53354,305,16,TP_HO_CHI_MINH,Lưu Mạnh Tưởng,23/04/2020,https://files.customs.gov.vn/CustomsCMS/TP_HO_CHI_MINH/2020/Web/Data/DocumentAttachments/Vanban_2585.PDF,https://www.customs.gov.vn/index.jsp?pageId=3&id=53354&cid=1294,2020,04/2020,2026-10-08T09:32:22Z
329,2590/TB-TCHQ,23/04/2020,Tổng cục hải quan,"Gia vị hỗn hợp có thành phần chính gồm: bột lúa mì, dextrin, bột cà ri (nghệ, rau mùi, thì là, cỏ cà ri, tiểu hồi), dầu thực vật, muối, đường, kem thực vật, bột gia vị hành tây, bột tỏi, chiết xuất nấm men,..., dạng bột, đóng gói 100g/gói",53101,305,16,TP_HO_CHI_MINH,Lưu Mạnh Tưởng,23/04/2020,https://files.customs.gov.vn/CustomsCMS/TP_HO_CHI_MINH/2020/Web/Data/DocumentAttachments/Vanban_2590.PDF,https://www.customs.gov.vn/index.jsp?pageId=3&id=53101&cid=1294,2020,04/2020,2026-10-08T09:32:22Z
330,2591/TB-TCHQ,23/04/2020,Tổng cục hải quan,"Gia vị hỗn hợp có thành phần chính gồm: bột lúa mì, dextrin, bột cà ri (nghệ, rau mùi, thì là, cỏ cà ri, tiểu hồi), dâu thực vật, muối, đường, kem thực vật, bột gia vị hành tây, bột tỏi, bột ớt, chiết xuất nấm men,..., dạng bột, đóng gói 100g/gói",57298,305,16,TP_HO_CHI_MINH,Lưu Mạnh Tưởng,23/04/2020,https://files.customs.gov.vn/CustomsCMS/TP_HO_CHI_MINH/2020/Web/Data/DocumentAttachments/Vanban_2591.PDF,https://www.customs.gov.vn/index.jsp?pageId=3&id=57298&cid=1294,2020,04/2020,2026-10-08T09:32:22Z
331,2606/TB-TCHQ,23/04/2020,Tổng cục hải quan,"Khoai tây dạng mảnh vụn (flakes), kích thước không đồng nhất (instant mashed potatoes), đóng bao bì kín khí đế bán lẻ, trọng lượng 500g/túi.",53786,305,16,TP_HO_CHI_MINH,Lưu Mạnh Tưởng,23/04/2020,https://files.customs.gov.vn/CustomsCMS/TP_HO_CHI_MINH/2020/Web/Data/DocumentAttachments/Vanban_2606.PDF,https://www.customs.gov.vn/index.jsp?pageId=3&id=53786&cid=1294,2020,04/2020,2026-10-08T09:32:22Z
332,71/TB-HQĐNa,23/04/2020,Cục Hải Quan tỉnh Đồng Nai,Triển khai Hệ thống quản lý hải quan tự động (VASSCM),67003,305,16,DONG_NAI,null,null,https://files.customs.gov.vn/DONG_NAI//Data/Cv_Hqdn/71_TB_HQDNa_23_04_2020.pdf,https://www.customs.gov.vn/index.jsp?pageId=3&id=67003&cid=1294,2020,04/2020,2026-10-08T09:32:22Z
333,1113/HQHCM-GSQL,21/04/2020,Bộ Thương Mại,V/v trả lời công văn số 06/HVGC-20 ngày 15/04/2020 và số 07/HVGC-20 ngày 16/04/2020.,53638,305,16,TP_HO_CHI_MINH,Lê Xuân Mỹ,21/04/2020,https://files.customs.gov.vn/CustomsCMS/TP_HO_CHI_MINH/2020/Web/Data/DocumentAttachments/Vanban_1113.PDF,https://www.customs.gov.vn/index.jsp?pageId=3&id=53638&cid=1294,2020,04/2020,2026-10-08T09:32:22Z
334,1114/HQHCM-GSQL,21/04/2020,Bộ Thương Mại,V/v trả lời công văn số 02/XNK-2020 ngày 20/4/2020,55900,305,16,TP_HO_CHI_MINH,Lê Xuân Mỹ,21/04/2020,https://files.customs.gov.vn/CustomsCMS/TP_HO_CHI_MINH/2020/Web/Data/DocumentAttachments/Vanban_1114.PDF,https://www.customs.gov.vn/index.jsp?pageId=3&id=55900&cid=1294,2020,04/2020,2026-10-08T09:32:22Z
335,1090/QÐ-TCHQ,20/04/2020,Tổng cục hải quan,Về việc thay đổi thông tin đại lý làm thủ tục hải quan - Công ty TNHH Giao nhận quốc tế Liên Minh,54734,305,10,TP_HO_CHI_MINH,Mai Xuân Thành,20/04/2020,https://files.customs.gov.vn/CustomsCMS/TP_HO_CHI_MINH/2020/Web/Data/DocumentAttachments/Vanban_1090.pdf,https://www.customs.gov.vn/index.jsp?pageId=3&id=54734&cid=1294,2020,04/2020,2026-10-08T09:32:22Z
336,1090/QĐ-TCHQ,20/04/2020,Tổng cục hải quan,"Quyết định số 1090/QĐ-TCHQ ngày 20/4/2020 của Tổng cục trưởng Tổng cục Hải quan v/v thay đổi thông tin đại lý làm thủ tục hải quan đối với Công ty TNHH Giao nhận quốc tế Liên Minh (Quận Tân Bình, TP.HCM)",60139,305,10,TONG_CUC,Mai Xuân Thành,20/04/2020,https://files.customs.gov.vn/van_ban_phap_luat/Lists/VanBanPhapLuat/Attachments/13091/Vanban_1090.pdf,https://www.customs.gov.vn/index.jsp?pageId=3&id=60139&cid=1294,2020,04/2020,2026-10-08T09:32:22Z
337,1091/QÐ-TCHQ,20/04/2020,Tổng cục hải quan,Về việc công nhận hoạt động đại lý làm thủ tục hải quan - Công ty TNHH Asia Trans Access,54295,305,10,TP_HO_CHI_MINH,Mai Xuân Thành,20/04/2020,https://files.customs.gov.vn/CustomsCMS/TP_HO_CHI_MINH/2020/Web/Data/DocumentAttachments/Vanban_1091.pdf,https://www.customs.gov.vn/index.jsp?pageId=3&id=54295&cid=1294,2020,04/2020,2026-10-08T09:32:22Z
338,1091/QĐ-TCHQ,20/04/2020,Tổng cục hải quan,"Quyết định số 1091/QĐ-TCHQ ngày 20/4/2020 của Tổng cục trưởng Tổng cục Hải quan v/v Công nhận hoạt động đại lý làm thủ tục hải quan đối với Công ty TNHH Asia Trans Access (tòa nhà Amazing Centre, 51 Yên Thế, Phường 2, Quận Tân Bình, TP.HCM)",60138,305,10,TONG_CUC,Mai Xuân Thành,20/04/2020,https://files.customs.gov.vn/van_ban_phap_luat/Lists/VanBanPhapLuat/Attachments/13090/Vanban_1091.pdf,https://www.customs.gov.vn/index.jsp?pageId=3&id=60138&cid=1294,2020,04/2020,2026-10-08T09:32:22Z
339,1102/HQHCM-GSQL,20/04/2020,Bộ Thương Mại,V/v thủ tục hải quan nhập khẩu mặt hàng khẩu trang y tế,56432,305,16,TP_HO_CHI_MINH,Lê Xuân Mỹ,20/04/2020,https://files.customs.gov.vn/CustomsCMS/TP_HO_CHI_MINH/2020/Web/Data/DocumentAttachments/Vanban_1102.PDF,https://www.customs.gov.vn/index.jsp?pageId=3&id=56432&cid=1294,2020,04/2020,2026-10-08T09:32:22Z
340,1110/HQHCM-GSQL,20/04/2020,Bộ Thương Mại,V/v thủ tục hải quan cho mặt hàng túi nylon tạm nhập- tái xuất,55595,305,16,TP_HO_CHI_MINH,Lê Xuân Mỹ,20/04/2020,https://files.customs.gov.vn/CustomsCMS/TP_HO_CHI_MINH/2020/Web/Data/DocumentAttachments/Vanban_1110.PDF,https://www.customs.gov.vn/index.jsp?pageId=3&id=55595&cid=1294,2020,04/2020,2026-10-08T09:32:22Z
341,2482/TB-TCHQ,20/04/2020,Tổng cục hải quan,"Về kết quả phân loại đối với hàng hóa xuất khẩu, nhập khẩu",60389,305,16,TONG_CUC,Lưu Mạnh Tưởng,20/04/2020,https://files.customs.gov.vn/van_ban_phap_luat/Lists/VanBanPhapLuat/Attachments/13505/Vanban_2482.PDF,https://www.customs.gov.vn/index.jsp?pageId=3&id=60389&cid=1294,2020,04/2020,2026-10-08T09:32:22Z
342,2499/TB-TCHQ,20/04/2020,Tổng cục hải quan,"Màng xơ, thành phần 66,5% xơ xenlulo (dạng xơ bột giấy hóa học tẩy trắng) và 33,5% xơ staple polyeste, định lượng 19,7g/m2, dạng cuộn, khổ 14cm, được dùng để đóng gói trà túi lọc, được sản xuất bằng công nghệ tạo màng khô (aid-laid)",54689,305,16,TP_HO_CHI_MINH,Lưu Mạnh Tưởng,20/04/2020,https://files.customs.gov.vn/CustomsCMS/TP_HO_CHI_MINH/2020/Web/Data/DocumentAttachments/Vanban_2499.PDF,https://www.customs.gov.vn/index.jsp?pageId=3&id=54689&cid=1294,2020,04/2020,2026-10-08T09:32:22Z
343,748/HQĐNa-GSQL,20/04/2020,Cục Hải Quan tỉnh Đồng Nai,Nhập khẩu hóa chất sử dụng trong sản xuất sơn tấm lợp (Cty TNHH AKA Vina),67002,305,16,DONG_NAI,null,null,https://files.customs.gov.vn/DONG_NAI//Data/Cv_Hqdn/748_HQDNa_GSQL_20_04_2020.pdf,https://www.customs.gov.vn/index.jsp?pageId=3&id=67002&cid=1294,2020,04/2020,2026-10-08T09:32:22Z
344,1077/QĐ-TCHQ,17/04/2020,Tổng cục hải quan,"Quyết định số 1077/QĐ-TCHQ ngày 17/4/2020 của Tổng cục trưởng Tổng cục Hải quan v/v Chấm dứt hoạt động kho ngoại quan đối với Công ty Cổ phần Khoáng sản Hoàng Gia, Khu Công nghiệp Bắc Duyên Hải, Lào Cai",60137,305,10,TONG_CUC,Mai Xuân Thành,17/04/2020,https://files.customs.gov.vn/van_ban_phap_luat/Lists/VanBanPhapLuat/Attachments/13089/Vanban_1077.pdf,https://www.customs.gov.vn/index.jsp?pageId=3&id=60137&cid=1294,2020,04/2020,2026-10-08T09:32:22Z
345,1078/QĐ-TCHQ,17/04/2020,Tổng cục hải quan,"Quyết định số 1078/QĐ-TCHQ ngày 17/4/2020 của Tổng cục trưởng Tổng cục Hải quan v/v Thu hồi giấy chứng nhận đủ điều kiện kinh doanh hàng miễn thuế đối với cửa hàng miễn thuế Chùa Vẽ tại Tầng 1 khu nhà điều hành sản xuất xí nghiệp xếp dỡ Chùa Vẽ, Cảng Hải Phòng của Công ty Cổ phần Thương mại Thủy Nguyên",60136,305,10,TONG_CUC,Mai Xuân Thành,17/04/2020,https://files.customs.gov.vn/van_ban_phap_luat/Lists/VanBanPhapLuat/Attachments/13088/Vanban_1078.pdf,https://www.customs.gov.vn/index.jsp?pageId=3&id=60136&cid=1294,2020,04/2020,2026-10-08T09:32:22Z
346,1079/QĐ-TCHQ,17/04/2020,Tổng cục hải quan,"Quyết định số 1079/QĐ-TCHQ ngày 17/4/2020 của Tổng cục trưởng Tổng cục Hải quan v/v Công nhận hoạt động đại lý làm thủ tục hải quan đối với Công ty TNHH đầu tư Xuyên Á Khải Long (Khu Đô thị mới Việt Hưng, Long Biên, HN)",60135,305,10,TONG_CUC,Mai Xuân Thành,17/04/2020,https://files.customs.gov.vn/van_ban_phap_luat/Lists/VanBanPhapLuat/Attachments/13087/Vanban_1079.pdf,https://www.customs.gov.vn/index.jsp?pageId=3&id=60135&cid=1294,2020,04/2020,2026-10-08T09:32:22Z
347,67/TB-HQĐNa,17/04/2020,Cục Hải Quan tỉnh Đồng Nai,Triển khai hệ thống quản lý hải quan tự động (VASSCM),67001,305,16,DONG_NAI,null,null,https://files.customs.gov.vn/DONG_NAI//Data/Cv_Hqdn/67_TB_HQDNa_17_04_2020.pdf,https://www.customs.gov.vn/index.jsp?pageId=3&id=67001&cid=1294,2020,04/2020,2026-10-08T09:32:22Z
348,969/HQHCM-TXNK,17/04/2020,Bộ Thương Mại,V/v phụ phí LSS của phí vận chuyển,55462,305,16,TP_HO_CHI_MINH,Nguyễn Quốc Toản,17/04/2020,https://files.customs.gov.vn/CustomsCMS/TP_HO_CHI_MINH/2020/Web/Data/DocumentAttachments/Vanban_969.PDF,https://www.customs.gov.vn/index.jsp?pageId=3&id=55462&cid=1294,2020,04/2020,2026-10-08T09:32:22Z
349,971/HQHCM-GSQL,17/04/2020,Bộ Thương Mại,V/v trả lời công văn số 02.04/2020/CV-TL ngày 16/4/2020,55714,305,16,TP_HO_CHI_MINH,Lê Xuân Mỹ,17/04/2020,https://files.customs.gov.vn/CustomsCMS/TP_HO_CHI_MINH/2020/Web/Data/DocumentAttachments/Vanban_971.pdf,https://www.customs.gov.vn/index.jsp?pageId=3&id=55714&cid=1294,2020,04/2020,2026-10-08T09:32:22Z
350,2422/TCHQ-TXNK,16/04/2020,Tổng cục hải quan,V/v gia hạn thời hạn nộp thuế,56756,305,16,TP_HO_CHI_MINH,Lê Mạnh Hùng,16/04/2020,https://files.customs.gov.vn/CustomsCMS/TP_HO_CHI_MINH/2020/Web/Data/DocumentAttachments/Vanban_2422.PDF,https://www.customs.gov.vn/index.jsp?pageId=3&id=56756&cid=1294,2020,04/2020,2026-10-08T09:32:22Z
351,956/HQHCM-GSQL,16/04/2020,Bộ Thương Mại,V/v trả lời công văn số 04/2020/UV-CV ngày 14/4/2020,55263,305,16,TP_HO_CHI_MINH,Lê Xuân Mỹ,16/04/2020,https://files.customs.gov.vn/CustomsCMS/TP_HO_CHI_MINH/2020/Web/Data/DocumentAttachments/Vanban_956.PDF,https://www.customs.gov.vn/index.jsp?pageId=3&id=55263&cid=1294,2020,04/2020,2026-10-08T09:32:22Z
352,959/HQHCM-TXNK,16/04/2020,Bộ Thương Mại,V/v gia hạn nộp thuế,56430,305,16,TP_HO_CHI_MINH,Nguyễn Quốc Toản,16/04/2020,https://files.customs.gov.vn/CustomsCMS/TP_HO_CHI_MINH/2020/Web/Data/DocumentAttachments/Vanban_959.PDF,https://www.customs.gov.vn/index.jsp?pageId=3&id=56430&cid=1294,2020,04/2020,2026-10-08T09:32:22Z
353,1060/QÐ-TCHQ,15/04/2020,Tổng cục hải quan,Về việc thay đổi thông tin đại lý làm thủ tục hải quan - Công ty TNHH Vận tải Dextra Việt Nam,52439,305,10,TP_HO_CHI_MINH,Mai Xuân Thành,15/04/2020,https://files.customs.gov.vn/CustomsCMS/TP_HO_CHI_MINH/2020/Web/Data/DocumentAttachments/Vanban_1060.PDF,https://www.customs.gov.vn/index.jsp?pageId=3&id=52439&cid=1294,2020,04/2020,2026-10-08T09:32:22Z
354,1060/QĐ-TCHQ,15/04/2020,Tổng cục hải quan,Quyết định số 1060/QĐ-TCHQ ngày 15/4/2020 của Tổng cục trưởng Tổng cục Hải quan v/v thay đổi thông tin đại lý làm thủ tục hải quan đối với Công ty TNHH Vận tải Dextra Việt Nam tại Hồ Chí Minh,60124,305,10,TONG_CUC,Mai Xuân Thành,15/04/2020,https://files.customs.gov.vn/van_ban_phap_luat/Lists/VanBanPhapLuat/Attachments/13070/Vanban_1060.pdf,https://www.customs.gov.vn/index.jsp?pageId=3&id=60124&cid=1294,2020,04/2020,2026-10-08T09:32:22Z
355,1061/QÐ-TCHQ,15/04/2020,Tổng cục hải quan,Về việc thay đổi thông tin đại lý làm thủ tục hải quan - Công ty TNHH Turtle Overfly,55021,305,10,TP_HO_CHI_MINH,Mai Xuân Thành,15/04/2020,https://files.customs.gov.vn/CustomsCMS/TP_HO_CHI_MINH/2020/Web/Data/DocumentAttachments/Vanban_1061.PDF,https://www.customs.gov.vn/index.jsp?pageId=3&id=55021&cid=1294,2020,04/2020,2026-10-08T09:32:22Z
356,1061/QĐ-TCHQ,15/04/2020,Tổng cục hải quan,Quyết định số 1061/QĐ-TCHQ ngày 15/4/2020 của Tổng cục trưởng Tổng cục Hải quan v/v thay đổi thông tin đại lý làm thủ tục hải quan đối với Công ty TNHH Turtle Overfly tại Hồ Chí Minh,60123,305,10,TONG_CUC,Mai Xuân Thành,15/04/2020,https://files.customs.gov.vn/van_ban_phap_luat/Lists/VanBanPhapLuat/Attachments/13069/Vanban_1061.pdf,https://www.customs.gov.vn/index.jsp?pageId=3&id=60123&cid=1294,2020,04/2020,2026-10-08T09:32:22Z
357,1062/QĐ-TCHQ,15/04/2020,Tổng cục hải quan,Quyết định số 1062/QĐ-TCHQ ngày 15/4/2020 của Tổng cục trưởng Tổng cục Hải quan v/v  thu hồi mã số nhân viên đại lý làm thủ tục hải quan,60122,305,10,TONG_CUC,Âu Anh Tuấn,15/04/2020,https://files.customs.gov.vn/van_ban_phap_luat/Lists/VanBanPhapLuat/Attachments/13068/Vanban_1062.pdf,https://www.customs.gov.vn/index.jsp?pageId=3&id=60122&cid=1294,2020,04/2020,2026-10-08T09:32:22Z
358,155/VPCP,15/04/2020,Khác,"Thông báo kết luận số 155/VPCP ngày 15/4/2020 của Thủ tướng Chính phủ Nguyễn Xuân Phúc tại cuộc họp thường trực Chính phủ về phòng, chống dịch Covid 19",60130,305,18,TONG_CUC,Mai Tiến Dũng,15/04/2020,https://files.customs.gov.vn/van_ban_phap_luat/Lists/VanBanPhapLuat/Attachments/13081/18617_155-VPCP.pdf,https://www.customs.gov.vn/index.jsp?pageId=3&id=60130&cid=1294,2020,04/2020,2026-10-08T09:32:22Z
359,2392/TCHQ-GSQL,15/04/2020,Tổng cục hải quan,V/v chính sách quản lý khí N2O nhập khẩu dùng cho thực phẩm,55670,305,16,TP_HO_CHI_MINH,Mai Xuân Thành,15/04/2020,https://files.customs.gov.vn/CustomsCMS/TP_HO_CHI_MINH/2020/Web/Data/DocumentAttachments/Vanban_2392.PDF,https://www.customs.gov.vn/index.jsp?pageId=3&id=55670&cid=1294,2020,04/2020,2026-10-08T09:32:22Z
360,2405/TCHQ-CNTT,15/04/2020,Tổng cục hải quan,V/v triển khai thực hiện Cơ chế một cửa quốc gia,56090,305,16,TP_HO_CHI_MINH,Nguyễn Dương Thái,15/04/2020,https://files.customs.gov.vn/CustomsCMS/TP_HO_CHI_MINH/2020/Web/Data/DocumentAttachments/Vanban_2405.pdf,https://www.customs.gov.vn/index.jsp?pageId=3&id=56090&cid=1294,2020,04/2020,2026-10-08T09:32:22Z
361,1044/QĐ-TCHQ,14/04/2020,Tổng cục hải quan,Quyết định số 1044/QĐ-TCHQ ngày 14/4/2020 của Tổng cục trưởng Tổng cục Hải quan v/v Công nhận hoạt động đại lý làm thủ tục hải quan đối với Công ty TNHH Logistics The Touchs tại Hải Phòng,60127,305,10,TONG_CUC,Mai Xuân Thành,14/04/2020,https://files.customs.gov.vn/van_ban_phap_luat/Lists/VanBanPhapLuat/Attachments/13073/Vanban_1044.pdf,https://www.customs.gov.vn/index.jsp?pageId=3&id=60127&cid=1294,2020,04/2020,2026-10-08T09:32:22Z
362,1045/QÐ-TCHQ,14/04/2020,Tổng cục hải quan,Về việc thay đổi thông tin đại lý làm thủ tục hải quan - Công ty TNHH ALS Thành phố Hồ Chí Minh,52552,305,10,TP_HO_CHI_MINH,Mai Xuân Thành,14/04/2020,https://files.customs.gov.vn/CustomsCMS/TP_HO_CHI_MINH/2020/Web/Data/DocumentAttachments/Vanban_1045.PDF,https://www.customs.gov.vn/index.jsp?pageId=3&id=52552&cid=1294,2020,04/2020,2026-10-08T09:32:22Z
363,1045/QĐ-TCHQ,14/04/2020,Tổng cục hải quan,Quyết định số 1045/QĐ-TCHQ ngày 14/4/2020 của Tổng cục trưởng Tổng cục Hải quan v/v thay đổi thông tin đại lý làm thủ tục hải quan đối với Công ty TNHH ALS Thành phố Hồ Chí Minh,60126,305,10,TONG_CUC,Mai Xuân Thành,14/04/2020,https://files.customs.gov.vn/van_ban_phap_luat/Lists/VanBanPhapLuat/Attachments/13072/Vanban_1045.pdf,https://www.customs.gov.vn/index.jsp?pageId=3&id=60126&cid=1294,2020,04/2020,2026-10-08T09:32:22Z
364,1047/QĐ-TCHQ,14/04/2020,Tổng cục hải quan,Quyết định số 1047/QĐ-TCHQ ngày 14/4/2020 của Tổng cục trưởng Tổng cục Hải quan v/v  thu hồi mã số nhân viên đại lý làm thủ tục hải quan,60125,305,10,TONG_CUC,Âu Anh Tuấn,14/04/2020,https://files.customs.gov.vn/van_ban_phap_luat/Lists/VanBanPhapLuat/Attachments/13071/Vanban_1047.pdf,https://www.customs.gov.vn/index.jsp?pageId=3&id=60125&cid=1294,2020,04/2020,2026-10-08T09:32:22Z
365,2367/TCHQ-TXNK,14/04/2020,Tổng cục hải quan,V/v xuất khẩu cát,56114,305,16,TP_HO_CHI_MINH,Mai Xuân Thành,14/04/2020,https://files.customs.gov.vn/CustomsCMS/TP_HO_CHI_MINH/2020/Web/Data/DocumentAttachments/Vanban_2367.pdf,https://www.customs.gov.vn/index.jsp?pageId=3&id=56114&cid=1294,2020,04/2020,2026-10-08T09:32:22Z
366,2382/TCHQ-GSQL,14/04/2020,Cục Hải quan Hà Nam Ninh,Hướng dẫn thực hiện Thông tư số 13/2020/TT-BTC ngày 06/3/2020 của Bộ Tài chính,42230,305,16,QUANG_NAM,Mai Xuân Thành,14/04/2020,https://files.customs.gov.vn/CustomsCMS/QUANG_NAM/2020/Document/2382.pdf,https://www.customs.gov.vn/index.jsp?pageId=3&id=42230&cid=1294,2020,04/2020,2026-10-08T09:32:22Z
367,2632/BCT-XNK,14/04/2020,Bộ Công thương,Về việc xuất khẩu khẩu trang vải,57631,305,16,TP_HO_CHI_MINH,Trần Quốc Khánh,14/04/2020,https://files.customs.gov.vn/CustomsCMS/TP_HO_CHI_MINH/2020/Web/Data/DocumentAttachments/18118_2632-BO_CONG_THUONG.pdf,https://www.customs.gov.vn/index.jsp?pageId=3&id=57631&cid=1294,2020,04/2020,2026-10-08T09:32:22Z
368,938/HQHCM-GSQL,14/04/2020,Bộ Thương Mại,V/v trả lời công văn số 01/CVHQ-SC ngày 09/4/2020,52723,305,16,TP_HO_CHI_MINH,Lê Xuân Mỹ,14/04/2020,https://files.customs.gov.vn/CustomsCMS/TP_HO_CHI_MINH/2020/Web/Data/DocumentAttachments/Vanban_938.PDF,https://www.customs.gov.vn/index.jsp?pageId=3&id=52723&cid=1294,2020,04/2020,2026-10-08T09:32:22Z
369,1041/QĐ-TCHQ,13/04/2020,Tổng cục hải quan,Quyết định số 1041/QĐ-TCHQ ngày 13/4/2020 của Tổng cục trưởng Tổng cục Hải quan v/v  thu hồi mã số nhân viên đại lý làm thủ tục hải quan,60128,305,10,TONG_CUC,Âu Anh Tuấn,13/04/2020,https://files.customs.gov.vn/van_ban_phap_luat/Lists/VanBanPhapLuat/Attachments/13074/Vanban_1041.pdf,https://www.customs.gov.vn/index.jsp?pageId=3&id=60128&cid=1294,2020,04/2020,2026-10-08T09:32:22Z
370,17/CT-TTg,13/04/2020,Chính phủ,Chỉ thị số 17/CT-TTg ngày 13 tháng 4 năm 2020 về việc tiếp tục tăng cường trách nhiệm quản lý nhà nước về an toàn thực phẩm trong tình hình mới.,102382,305,3,THANH_HOA,null,null,,https://www.customs.gov.vn/index.jsp?pageId=3&id=102382&cid=1294,2020,04/2020,2026-10-08T09:32:22Z
371,928/HQHCM-GSQL,13/04/2020,Bộ Thương Mại,V/v thủ tục xuất bán nguyên phụ liệu đã được nhập khẩu theo loại hình SXXK,52653,305,16,TP_HO_CHI_MINH,Lê Xuân Mỹ,13/04/2020,https://files.customs.gov.vn/CustomsCMS/TP_HO_CHI_MINH/2020/Web/Data/DocumentAttachments/Vanban_928.PDF,https://www.customs.gov.vn/index.jsp?pageId=3&id=52653&cid=1294,2020,04/2020,2026-10-08T09:32:22Z
372,44/NQ-CP,11/04/2020,Chính phủ,Nghị quyết phê duyệt Hiệp định giữa Chính phủ nước Cộng hòa xã hội chủ nghĩa Việt Nam và Chính phủ Hợp chủng quốc Hoa Kỳ về hỗ trợ lẫn nhau trong lĩnh vực hải quan,58632,305,7,TP_HO_CHI_MINH,Nguyễn Xuân Phúc,11/04/2020,https://files.customs.gov.vn/CustomsCMS/TP_HO_CHI_MINH/2020/Web/Data/DocumentAttachments/NQ442020CP.doc,https://www.customs.gov.vn/index.jsp?pageId=3&id=58632&cid=1294,2020,04/2020,2026-10-08T09:32:22Z
373,1018/QĐ-TCHQ,10/04/2020,Tổng cục hải quan,Quyết định số 1018/QĐ-TCHQ ngày 10/4/2020 của Tổng cục trưởng Tổng cục Hải quan v/v Tạm dừng hoạt động đại lý làm thủ tục hải quan đối với 04 đại lý làm TTHQ hoạt động tại địa bàn quản lý của Cục Hải quan Bình Dương,60111,305,10,TONG_CUC,Âu Anh Tuấn,10/04/2020,https://files.customs.gov.vn/van_ban_phap_luat/Lists/VanBanPhapLuat/Attachments/13049/QD1018TCHQ2020.PDF,https://www.customs.gov.vn/index.jsp?pageId=3&id=60111&cid=1294,2020,04/2020,2026-10-08T09:32:22Z
374,1019/QĐ-TCHQ,10/04/2020,Tổng cục hải quan,Quyết định số 1019/QĐ-TCHQ ngày 10/4/2020 của Tổng cục trưởng Tổng cục Hải quan v/v Thu hồi mã số nhân viên đại lý làm TTHQ,60112,305,10,TONG_CUC,Âu Anh Tuấn,10/04/2020,https://files.customs.gov.vn/van_ban_phap_luat/Lists/VanBanPhapLuat/Attachments/13050/QD1019TCHQ2020.PDF,https://www.customs.gov.vn/index.jsp?pageId=3&id=60112&cid=1294,2020,04/2020,2026-10-08T09:32:22Z
375,1020/QĐ-TCHQ,10/04/2020,Tổng cục hải quan,Quyết định số 1020/QĐ-TCHQ ngày 10/4/2020 của Tổng cục trưởng Tổng cục Hải quan v/v Thu hồi mã số nhân viên đại lý làm TTHQ của ông Phan Công Bình - Công ty TNHH giao nhận - Vận tải - Thương mại H.S.T,60113,305,10,TONG_CUC,Âu Anh Tuấn,10/04/2020,https://files.customs.gov.vn/van_ban_phap_luat/Lists/VanBanPhapLuat/Attachments/13051/QD1020TCHQ2020.PDF,https://www.customs.gov.vn/index.jsp?pageId=3&id=60113&cid=1294,2020,04/2020,2026-10-08T09:32:22Z
376,1021/QĐ-TCHQ,10/04/2020,Tổng cục hải quan,Quyết định số 1021/QĐ-TCHQ ngày 10/4/2020 của Tổng cục trưởng Tổng cục Hải quan v/v Thu hồi mã số nhân viên đại lý làm TTHQ của bà Hoàng Thị Hải Yến - Công ty TNHH giao nhận Konet,60114,305,10,TONG_CUC,Âu Anh Tuấn,10/04/2020,https://files.customs.gov.vn/van_ban_phap_luat/Lists/VanBanPhapLuat/Attachments/13052/QD1021TCHQ2020.PDF,https://www.customs.gov.vn/index.jsp?pageId=3&id=60114&cid=1294,2020,04/2020,2026-10-08T09:32:22Z
377,1106/QÐ-BCT,10/04/2020,Bộ Công thương,Công bố hạn ngạch xuất khẩu đối với mặt hàng gạo trong tháng 4 năm 2020,54935,305,10,TP_HO_CHI_MINH,Trần Tuấn Anh,11/04/2020,https://files.customs.gov.vn/CustomsCMS/TP_HO_CHI_MINH/2020/Web/Data/DocumentAttachments/439711.pdf,https://www.customs.gov.vn/index.jsp?pageId=3&id=54935&cid=1294,2020,04/2020,2026-10-08T09:32:22Z
378,1106/QĐ-BCT,10/04/2020,Bộ và ngang bộ,Quyết định 1106/QĐ-BCT ngày 10/04/2020 của Bộ Công Thương công bố hạn ngạch xuất khẩu đối với mặt hàng gạo trong tháng 4 năm 2020,60115,305,10,TONG_CUC,Trần Tuấn Anh,11/04/2020,https://files.customs.gov.vn/van_ban_phap_luat/Lists/VanBanPhapLuat/Attachments/13054/439711.pdf,https://www.customs.gov.vn/index.jsp?pageId=3&id=60115&cid=1294,2020,04/2020,2026-10-08T09:32:22Z
379,2324/TCHQ-GSQL,10/04/2020,Tổng cục hải quan,"V/v sử dụng mã số, mã vạch đối với hàng hóa XK",55506,305,16,TP_HO_CHI_MINH,Mai Xuân Thành,10/04/2020,https://files.customs.gov.vn/CustomsCMS/TP_HO_CHI_MINH/2020/Web/Data/DocumentAttachments/Vanban_2324.pdf,https://www.customs.gov.vn/index.jsp?pageId=3&id=55506&cid=1294,2020,04/2020,2026-10-08T09:32:22Z
380,890/SCT-QLXNK,10/04/2020,null,"Cập nhật thông tin hoạt động thông quan hàng hóa qua cửa khẩu quốc tế đường bộ số II Kim Thành, Lào Cai",67509,305,18,CAN_THO,null,10/04/2020,https://files.customs.gov.vn/CAN_THO/890 SCTQLXNK2.pdf,https://www.customs.gov.vn/index.jsp?pageId=3&id=67509&cid=1294,2020,04/2020,2026-10-08T09:32:22Z
381,1011/QĐ-TCHQ,09/04/2020,Tổng cục hải quan,Quyết định số 1011/QĐ-TCHQ ngày 09/4/2020 của Tổng cục trưởng Tổng cục Hải quan v/v mở rộng kho ngoại quan,60110,305,10,TONG_CUC,Mai Xuân Thành,09/04/2020,https://files.customs.gov.vn/van_ban_phap_luat/Lists/VanBanPhapLuat/Attachments/13048/QD1011TCHQ2020.PDF,https://www.customs.gov.vn/index.jsp?pageId=3&id=60110&cid=1294,2020,04/2020,2026-10-08T09:32:22Z
382,1012/QĐ-TCHQ,09/04/2020,Tổng cục hải quan,"Quyết định số 1012/QĐ-TCHQ ngày 09/4/2020 của Tổng cục trưởng Tổng cục Hải quan v/v chấm dứt hoạt động đại lý làm thủ tục hải quan đối với Công ty Cổ phần Tiếp vận T & A tại Ngô Quyền, Hải Phòng",60109,305,10,TONG_CUC,Mai Xuân Thành,09/04/2020,https://files.customs.gov.vn/van_ban_phap_luat/Lists/VanBanPhapLuat/Attachments/13047/QD1012TCHQ2020.PDF,https://www.customs.gov.vn/index.jsp?pageId=3&id=60109&cid=1294,2020,04/2020,2026-10-08T09:32:22Z
383,2252/TCHQ-TXNK,09/04/2020,null,"Phân loại linh kiện xe đạp, xe đạp điện",76753,305,16,DA_NANG,ĐÀO THU HƯƠNG,09/04/2020,https://files.customs.gov.vn/DA_NANG/Uploads/65e32243-11bf-4695-985d-c1563e8c13ba/2252(4).pdf,https://www.customs.gov.vn/index.jsp?pageId=3&id=76753&cid=1294,2020,04/2020,2026-10-08T09:32:22Z
384,46/2020/NÐ-CP,09/04/2020,Chính phủ,"Nghị định quy định thủ tục hải quan, kiểm tra, giám sát hải quan đối với hàng hóa quá cảnh thông qua Hệ thống quá cảnh Hải quan ASEAN để thực hiện Nghị định thư 7 về Hệ thống quá cảnh Hải quan",56827,305,8,TP_HO_CHI_MINH,Nguyễn Xuân Phúc,01/06/2020,https://files.customs.gov.vn/CustomsCMS/TP_HO_CHI_MINH/2020/Web/Data/DocumentAttachments/ND462020CP.doc,https://www.customs.gov.vn/index.jsp?pageId=3&id=56827&cid=1294,2020,04/2020,2026-10-08T09:32:22Z
385,1067/HQĐNa-TXNK,29/05/2020,Cục Hải Quan tỉnh Đồng Nai,Vướng mắc về thuế và thủ tục khi chuyển đổi từ DNCX sang doanh nghiệp thường (Công ty TNHH Watabe Wedding Việt Nam),67015,305,16,DONG_NAI,null,null,https://files.customs.gov.vn/DONG_NAI//Data/Cv_Hqdn/1067_HQDNa_TXNK_29_05_2020.pdf,https://www.customs.gov.vn/index.jsp?pageId=3&id=67015&cid=1294,2020,05/2020,2026-10-08T09:32:22Z
386,1462/QÐ-TCHQ,29/05/2020,Tổng cục hải quan,Về việc thu hồi mã số nhân viên đại lý làm thủ tục hải quan,55176,305,10,TP_HO_CHI_MINH,Âu Anh Tuấn,29/05/2020,https://files.customs.gov.vn/CustomsCMS/TP_HO_CHI_MINH/2020/Web/Data/DocumentAttachments/Vanban_1462.PDF,https://www.customs.gov.vn/index.jsp?pageId=3&id=55176&cid=1294,2020,05/2020,2026-10-08T09:32:22Z
387,1462/QĐ-TCHQ,29/05/2020,Tổng cục hải quan,Quyết định số 1462/QĐ-TCHQ ngày 29/5/2020 của Tổng cục trưởng Tổng cục Hải quan v/v Thu hồi mã số nhân viên đại lý làm TTHQ,60232,305,10,TONG_CUC,Âu Anh Tuấn,29/05/2020,https://files.customs.gov.vn/van_ban_phap_luat/Lists/VanBanPhapLuat/Attachments/13237/QD1462TCHQ2020.PDF,https://www.customs.gov.vn/index.jsp?pageId=3&id=60232&cid=1294,2020,05/2020,2026-10-08T09:32:22Z
388,1463/QÐ-TCHQ,29/05/2020,Tổng cục hải quan,Về việc tiếp tục hoạt động đại lý làm thủ tục hải quan - Công ty TNHH Giao nhận Thông Bách Xuyên,58825,305,10,TP_HO_CHI_MINH,Âu Anh Tuấn,29/05/2020,https://files.customs.gov.vn/CustomsCMS/TP_HO_CHI_MINH/2020/Web/Data/DocumentAttachments/Vanban_1463.PDF,https://www.customs.gov.vn/index.jsp?pageId=3&id=58825&cid=1294,2020,05/2020,2026-10-08T09:32:22Z
389,3473/TCHQ-TXNK,29/05/2020,Tổng cục hải quan,V/v thuế giá trị gia tăng,52669,305,16,TP_HO_CHI_MINH,Nguyễn Ngọc Hưng,29/05/2020,https://files.customs.gov.vn/CustomsCMS/TP_HO_CHI_MINH/2020/Web/Data/DocumentAttachments/Vanban_3473.PDF,https://www.customs.gov.vn/index.jsp?pageId=3&id=52669&cid=1294,2020,05/2020,2026-10-08T09:32:22Z
390,3480/TCHQ-GSQL,29/05/2020,Tổng cục hải quan,V/v kiểm tra C/O,52534,305,16,TP_HO_CHI_MINH,Mai Xuân Thành,29/05/2020,https://files.customs.gov.vn/CustomsCMS/TP_HO_CHI_MINH/2020/Web/Data/DocumentAttachments/Vanban_3480.PDF,https://www.customs.gov.vn/index.jsp?pageId=3&id=52534&cid=1294,2020,05/2020,2026-10-08T09:32:22Z
391,3483/TCHQ-GSQL,29/05/2020,Tổng cục hải quan,Vướng mắc C/O mẫu AI (Công ty cổ phần Thương mại - Phát triển dự án Mai Trang),67016,305,16,DONG_NAI,null,null,,https://www.customs.gov.vn/index.jsp?pageId=3&id=67016&cid=1294,2020,05/2020,2026-10-08T09:32:22Z
392,3489/TB-TCHQ,29/05/2020,Tổng cục hải quan,"Đường sucrose đã pha thêm màu caramel, hàm lượng sucrose tính theo trọng lượng ở thể khô -97%, đóng gói 1kg/túi.",58067,305,16,TP_HO_CHI_MINH,Lưu Mạnh Tưởng,29/05/2020,https://files.customs.gov.vn/CustomsCMS/TP_HO_CHI_MINH/2020/Web/Data/DocumentAttachments/Vanban_3489.PDF,https://www.customs.gov.vn/index.jsp?pageId=3&id=58067&cid=1294,2020,05/2020,2026-10-08T09:32:22Z
393,60/2020/NÐ-CP,29/05/2020,Chính phủ,"Nghị định sửa đổi, bổ sung Danh mục các chất ma túy và tiền chất ban hành kèm theo Nghị định số 73/2018/NĐ-CP ngày 15 tháng 5 năm 2018 của Chính phủ quy định các danh mục chất ma túy và tiền chất",57074,305,8,TP_HO_CHI_MINH,Nguyễn Xuân Phúc,29/05/2020,https://files.customs.gov.vn/CustomsCMS/TP_HO_CHI_MINH/2020/Web/Data/DocumentAttachments/60_2020_ND-CP_443868.doc,https://www.customs.gov.vn/index.jsp?pageId=3&id=57074&cid=1294,2020,05/2020,2026-10-08T09:32:22Z
394,60/2020/NĐ-CP,29/05/2020,Chính phủ,Nghị định 60/2020/NĐ-CP sửa đổi Danh mục các chất ma túy và tiền chất kèm theo Nghị định số 73/2018/NĐ-CP quy định các danh mục chất ma túy và tiền chất,43076,305,18,QUANG_BINH,null,null,https://files.customs.gov.vn/CustomsCMS/QUANG_BINH/2021/04/images/stories/files/60NDCP2020.pdf,https://www.customs.gov.vn/index.jsp?pageId=3&id=43076&cid=1294,2020,05/2020,2026-10-08T09:32:22Z
395,84/NQ-CP,29/05/2020,Chính phủ,"Nghị quyết số 84/NQ-CP ngày 29/5/2020 của Chính phủ về các nhiệm vụ, giải pháp tiếp tục tháo gỡ khó khăn cho sản xuất kinh doanh, thúc đẩy giải ngân vốn đầu tư công và đảm bảo trật tự an toàn xã hội trong bối cảnh đại dịch Covid-19",60237,305,7,TONG_CUC,Nguyễn Xuân Phúc,29/05/2020,https://files.customs.gov.vn/van_ban_phap_luat/Lists/VanBanPhapLuat/Attachments/13247/NQ84-CP2020.PDF,https://www.customs.gov.vn/index.jsp?pageId=3&id=60237&cid=1294,2020,05/2020,2026-10-08T09:32:22Z
396,3452/TCHQ-GSQL,28/05/2020,null,Tăng cường quản lý hàng hóa là chất thải,76775,305,16,DA_NANG,Mai Xuân Thành,28/05/2020,https://files.customs.gov.vn/DA_NANG/Uploads/65e32243-11bf-4695-985d-c1563e8c13ba/3452_TCHQ (QL chất thải).PDF,https://www.customs.gov.vn/index.jsp?pageId=3&id=76775&cid=1294,2020,05/2020,2026-10-08T09:32:22Z
397,3458/TCHQ-KTSTQ,28/05/2020,null,Chính sách thuế đối với sản phẩm sản xuất của DNCX bán vào thị trường nội địa,76771,305,16,DA_NANG,Mai Xuân Thành,28/05/2020,https://files.customs.gov.vn/DA_NANG/Uploads/65e32243-11bf-4695-985d-c1563e8c13ba/3458.pdf,https://www.customs.gov.vn/index.jsp?pageId=3&id=76771&cid=1294,2020,05/2020,2026-10-08T09:32:22Z
398,1456/QĐ-TCHQ,27/05/2020,Tổng cục hải quan,"Quyết định số 1456/QĐ-TCHQ ngày 27/5/2020 của Tổng cục trưởng Tổng cục Hải quan v/v Công nhận hoạt động đại lý làm TTHQ (đối với Công ty TNHH Logistics Nghi Sơn tại xã Hải Thượng, huyện Tĩnh Gia, Thanh Hóa)",60231,305,10,TONG_CUC,Âu Anh Tuấn,27/05/2020,https://files.customs.gov.vn/van_ban_phap_luat/Lists/VanBanPhapLuat/Attachments/13234/QD1456TCHQ2020.PDF,https://www.customs.gov.vn/index.jsp?pageId=3&id=60231&cid=1294,2020,05/2020,2026-10-08T09:32:22Z
399,47/2020/TT-BTC,27/05/2020,Bộ Tài chính,Thông tư quy định về thời điểm nộp chứng từ chứng nhận xuất xứ và hình thức chứng từ chứng nhận xuất xứ đối với hàng hóa nhập khẩu áp dụng trong giai đoạn dịch viêm đường hô hấp cấp gây ra bởi virus Corona,54101,305,4,TP_HO_CHI_MINH,Vũ Thị Mai,23/01/2020,https://files.customs.gov.vn/CustomsCMS/TP_HO_CHI_MINH/2020/Web/Data/DocumentAttachments/47_2020_TT-BTC_443700.doc,https://www.customs.gov.vn/index.jsp?pageId=3&id=54101&cid=1294,2020,05/2020,2026-10-08T09:32:22Z
400,1443/QĐ-TCHQ,26/05/2020,Tổng cục hải quan,"Quyết định số 1443/QĐ-TCHQ ngày 26/5/2020 của Tổng cục trưởng Tổng cục Hải quan v/v Mở rộng kho ngoại quan (Công ty Cổ phần Otran Logistics tại xã Phú Mỹ, Bà Rịa - Vũng Tàu)",60230,305,10,TONG_CUC,Mai Xuân Thành,26/05/2020,https://files.customs.gov.vn/van_ban_phap_luat/Lists/VanBanPhapLuat/Attachments/13232/QD1443TCHQ2020.PDF,https://www.customs.gov.vn/index.jsp?pageId=3&id=60230&cid=1294,2020,05/2020,2026-10-08T09:32:22Z
401,1544/HQHCM-GSQL,26/05/2020,Bộ Thương Mại,V/v thủ tục XNK tại chỗ mặt hàng dược phẩm gia công tại Việt Nam,55110,305,16,TP_HO_CHI_MINH,Nguyễn Hữu Nghiệp,26/05/2020,https://files.customs.gov.vn/CustomsCMS/TP_HO_CHI_MINH/2020/Web/Data/DocumentAttachments/Vanban_1544.PDF,https://www.customs.gov.vn/index.jsp?pageId=3&id=55110&cid=1294,2020,05/2020,2026-10-08T09:32:22Z
402,1548/HQHCM-TXNK,26/05/2020,Bộ Thương Mại,V/v trị giá tính thuế,56047,305,16,TP_HO_CHI_MINH,Nguyễn Quốc Toản,26/05/2020,https://files.customs.gov.vn/CustomsCMS/TP_HO_CHI_MINH/2020/Web/Data/DocumentAttachments/Vanban_1548.PDF,https://www.customs.gov.vn/index.jsp?pageId=3&id=56047&cid=1294,2020,05/2020,2026-10-08T09:32:22Z
403,3394/TB-TCHQ,26/05/2020,Tổng cục hải quan,Cetrimonium chloride trong nước.,56681,305,16,TP_HO_CHI_MINH,Lưu Mạnh Tưởng,26/05/2020,https://files.customs.gov.vn/CustomsCMS/TP_HO_CHI_MINH/2020/Web/Data/DocumentAttachments/Vanban_3394.PDF,https://www.customs.gov.vn/index.jsp?pageId=3&id=56681&cid=1294,2020,05/2020,2026-10-08T09:32:22Z
404,1436/QÐ-TCHQ,25/05/2020,Tổng cục hải quan,Về việc công nhận hoạt động đại lý làm thủ tục hải quan - Công ty TNHH Thương mại Thái Thành Phú,58375,305,10,TP_HO_CHI_MINH,Âu Anh Tuấn,25/05/2020,https://files.customs.gov.vn/CustomsCMS/TP_HO_CHI_MINH/2020/Web/Data/DocumentAttachments/Vanban_1436.PDF,https://www.customs.gov.vn/index.jsp?pageId=3&id=58375&cid=1294,2020,05/2020,2026-10-08T09:32:22Z
405,245/TB-THQVN,25/05/2020,Tổng cục hải quan,"Thông báo v/v tổ chức Lớp hướng dẫn ôn tập, hệ thống hóa kiến thức thi cấp chứng chỉ nghiệp vụ khai hải quan khu vực phía Nam",61079,305,19,BINH_DUONG,null,25/05/2020,https://files.customs.gov.vn/BINH_DUONG/CMS/Lists/VanBanPhapQuy_VN/Attachments/4530/245TB-THQVN-2020.pdf,https://www.customs.gov.vn/index.jsp?pageId=3&id=61079&cid=1294,2020,05/2020,2026-10-08T09:32:22Z
406,3347/TB-TCHQ,25/05/2020,Tổng cục hải quan,"Giấy Kraft làm bao, loại đã tẩy trắng, không tráng phủ, có thành phần từ 100% bột giấy hóa học sản xuất bằng phương pháp sulphat hoặc kiềm hóa học",55800,305,16,TP_HO_CHI_MINH,Lưu Mạnh Tưởng,25/05/2020,,https://www.customs.gov.vn/index.jsp?pageId=3&id=55800&cid=1294,2020,05/2020,2026-10-08T09:32:22Z
407,57/2020/NÐ-CP,25/05/2020,Chính phủ,"Nghị định sửa đổi, bổ sung một số điều của Nghị định số 122/2016/NĐ-CP ngày 01 tháng 9 năm 2016 của Chính phủ về Biểu thuế xuất khẩu, Biểu thuế nhập khẩu ưu đãi, Danh mục hàng hóa và mức thuế tuyệt đối, thuế hỗn hợp, thuế nhập khẩu ngoài hạn ngạch thuế quan và Nghị định số 125/2017/NĐ-CP ngày 16 tháng 11 năm 2017 sửa đổi, bổ sung một số điều của Nghị định số 122/2016/NĐ-CP.",53494,305,8,TP_HO_CHI_MINH,Nguyễn Xuân Phúc,10/07/2020,https://files.customs.gov.vn/CustomsCMS/TP_HO_CHI_MINH/2020/Web/Data/DocumentAttachments/57_2020_ND-CP_443599.doc,https://www.customs.gov.vn/index.jsp?pageId=3&id=53494&cid=1294,2020,05/2020,2026-10-08T09:32:22Z
408,769/QĐ-BTC,25/05/2020,null,Quyết định về việc công nhận địa điểm làm thủ tục hải quan tại Cảng cạn Long Biên,76768,305,16,DA_NANG,Vũ Thị Mai,25/05/2020,https://files.customs.gov.vn/DA_NANG/Uploads/65e32243-11bf-4695-985d-c1563e8c13ba/769 QĐ_TCHQ (thành lập địa điểm trong nội địa).PDF,https://www.customs.gov.vn/index.jsp?pageId=3&id=76768&cid=1294,2020,05/2020,2026-10-08T09:32:22Z
409,Decree No. 57/2020/ND-CP,25/05/2020,Government of Viet Nam,"Decree No. 57/2020/ND-CP dated May 25, 2020 on amendments and supplements to several Articles of the Government’s Decree No. 122/2016/ND-CP on export and preferential import tariff schedules, lists of products, absolute, mixed and out-of-quota import duty rates, and to the Decree No. 125/2017/ND-CP amending and supplementing several Articles",81165,305,560,CAN_THO,null,10/07/2020,,https://www.customs.gov.vn/index.jsp?pageId=3&id=81165&cid=1294,2020,05/2020,2026-10-08T09:32:22Z
410,1429/QĐ-TCHQ,22/05/2020,Tổng cục hải quan,"Quyết định số 1429/QĐ-TCHQ ngày 22/5/2020 của Tổng cục trưởng Tổng cục Hải quan v/v Công nhận hoạt động địa điểm tập kết, kiểm tra, giám sát hàng hóa XNK ở khu vực biên giới (của Công ty TNHH Phương Hoài Dương tại Cao Bằng)",60229,305,10,TONG_CUC,Mai Xuân Thành,22/05/2020,https://files.customs.gov.vn/van_ban_phap_luat/Lists/VanBanPhapLuat/Attachments/13225/QD1429TCHQ2020.PDF,https://www.customs.gov.vn/index.jsp?pageId=3&id=60229&cid=1294,2020,05/2020,2026-10-08T09:32:22Z
411,1512/HQHCM-GSQL,22/05/2020,Bộ Thương Mại,"V/v thủ tục nhập khẩu sữa bột, mật ong",58853,305,16,TP_HO_CHI_MINH,Lê Xuân Mỹ,22/05/2020,https://files.customs.gov.vn/CustomsCMS/TP_HO_CHI_MINH/2020/Web/Data/DocumentAttachments/Vanban_1512.PDF,https://www.customs.gov.vn/index.jsp?pageId=3&id=58853&cid=1294,2020,05/2020,2026-10-08T09:32:22Z
412,3296/TCHQ-TXNK,22/05/2020,Tổng cục hải quan,V/v thuế suất thuế nhập khẩu ưu đãi đặc biệt,53306,305,16,TP_HO_CHI_MINH,Đào Thu Hương,22/05/2020,https://files.customs.gov.vn/CustomsCMS/TP_HO_CHI_MINH/2020/Web/Data/DocumentAttachments/Vanban_3296.PDF,https://www.customs.gov.vn/index.jsp?pageId=3&id=53306&cid=1294,2020,05/2020,2026-10-08T09:32:22Z
413,3297/TCHQ-TXNK,22/05/2020,Tổng cục hải quan,V/v thuế GTGT đối với trang thiết bị Y tế,57816,305,16,TP_HO_CHI_MINH,Nguyễn Ngọc Hưng,22/05/2020,https://files.customs.gov.vn/CustomsCMS/TP_HO_CHI_MINH/2020/Web/Data/DocumentAttachments/Vanban_3297.PDF,https://www.customs.gov.vn/index.jsp?pageId=3&id=57816&cid=1294,2020,05/2020,2026-10-08T09:32:22Z
414,3300/TB-TCHQ,22/05/2020,Tổng cục hải quan,"Thép không gỉ được cán phẳng, cán nóng, không ở dạng cuộn, chiều dày 1,16mm, chiều rộng theo khai báo trên 600mm",58835,305,16,TP_HO_CHI_MINH,Lưu Mạnh Tưởng,22/05/2020,https://files.customs.gov.vn/CustomsCMS/TP_HO_CHI_MINH/2020/Web/Data/DocumentAttachments/Vanban_3300.PDF,https://www.customs.gov.vn/index.jsp?pageId=3&id=58835&cid=1294,2020,05/2020,2026-10-08T09:32:22Z
415,3301/TCHQ-TXNK,22/05/2020,Tổng cục hải quan,V/v miễn thuế nhập khẩu đối với mặt hàng ngô hạt,53059,305,16,TP_HO_CHI_MINH,Lưu Mạnh Tưởng,22/05/2020,https://files.customs.gov.vn/CustomsCMS/TP_HO_CHI_MINH/2020/Web/Data/DocumentAttachments/Vanban_3301.PDF,https://www.customs.gov.vn/index.jsp?pageId=3&id=53059&cid=1294,2020,05/2020,2026-10-08T09:32:22Z
416,3312/TCHQ-GSQL,22/05/2020,Tổng cục hải quan,V/v miễn KTCL mặt hàng ra đa nhập khẩu sử dụng cho tàu biển,58556,305,16,TP_HO_CHI_MINH,Mai Xuân Thành,22/05/2020,https://files.customs.gov.vn/CustomsCMS/TP_HO_CHI_MINH/2020/Web/Data/DocumentAttachments/CV33122020TCHQ.PDF,https://www.customs.gov.vn/index.jsp?pageId=3&id=58556&cid=1294,2020,05/2020,2026-10-08T09:32:22Z
417,42/2020/TT-BTC,22/05/2020,null,"Quy định về chỉ tiêu thông tin, mẫu chứng từ để thực hiện thủ tục quá cảnh hàng hóa theo quy định tại Nghị định số 46/2020/NĐ-CP ngày 09/04/2020",76796,305,4,DA_NANG,Vũ Thị Mai,06/07/2020,https://files.customs.gov.vn/DA_NANG/Uploads/65e32243-11bf-4695-985d-c1563e8c13ba/TT 42_2012  (Quá cảnh ASEAN).pdf,https://www.customs.gov.vn/index.jsp?pageId=3&id=76796&cid=1294,2020,05/2020,2026-10-08T09:32:22Z
418,1416/QĐ-TCHQ,21/05/2020,Tổng cục hải quan,Quyết định số 1416/QĐ-TCHQ ngày 21/5/2020 của Tổng cục trưởng Tổng cục Hải quan v/v Thu hồi mã nhân viên đại lý làm thủ tục Hải quan,60222,305,10,TONG_CUC,Âu Anh Tuấn,21/05/2020,https://files.customs.gov.vn/van_ban_phap_luat/Lists/VanBanPhapLuat/Attachments/13218/QD1416TCHQ2020.PDF,https://www.customs.gov.vn/index.jsp?pageId=3&id=60222&cid=1294,2020,05/2020,2026-10-08T09:32:22Z
419,1417/QĐ-TCHQ,21/05/2020,Tổng cục hải quan,"Quyết định số 1417/QĐ-TCHQ ngày 21/5/2020 của Tổng cục trưởng Tổng cục Hải quan v/v Tiếp tục hoạt động đại lý làm thủ tục Hải quan (đối với Công ty TNHH Giao nhận Vận tải Đa quốc gia ACT tại phường Nhật Tân, quận Tây Hồ, HN)",60223,305,10,TONG_CUC,Âu Anh Tuấn,21/05/2020,https://files.customs.gov.vn/van_ban_phap_luat/Lists/VanBanPhapLuat/Attachments/13219/QD1417TCHQ2020.PDF,https://www.customs.gov.vn/index.jsp?pageId=3&id=60223&cid=1294,2020,05/2020,2026-10-08T09:32:22Z
420,1418/QÐ-TCHQ,21/05/2020,Tổng cục hải quan,Về việc thu hồi mã số nhân viên đại lý làm thủ tục hải quan,58189,305,10,TP_HO_CHI_MINH,Âu Anh Tuấn,21/05/2020,https://files.customs.gov.vn/CustomsCMS/TP_HO_CHI_MINH/2020/Web/Data/DocumentAttachments/Vanban_1418.PDF,https://www.customs.gov.vn/index.jsp?pageId=3&id=58189&cid=1294,2020,05/2020,2026-10-08T09:32:22Z
421,1418/QĐ-TCHQ,21/05/2020,Tổng cục hải quan,Quyết định số 1418/QĐ-TCHQ ngày 21/5/2020 của Tổng cục trưởng Tổng cục Hải quan v/v Thu hồi mã nhân viên đại lý làm thủ tục Hải quan,60224,305,10,TONG_CUC,Âu Anh Tuấn,21/05/2020,https://files.customs.gov.vn/van_ban_phap_luat/Lists/VanBanPhapLuat/Attachments/13220/QD1418TCHQ2020.PDF,https://www.customs.gov.vn/index.jsp?pageId=3&id=60224&cid=1294,2020,05/2020,2026-10-08T09:32:22Z
422,1419/QĐ-TCHQ,21/05/2020,Tổng cục hải quan,Quyết định số 1419/QĐ-TCHQ ngày 21/5/2020 của Tổng cục trưởng Tổng cục Hải quan v/v Thay đổi thông tin đại lý làm thủ tục Hải quan (đối với Công ty TNHH Đầu tư Thương mại và Dịch vụ Ngôi sao Xanh tại Bắc Ninh),60225,305,10,TONG_CUC,Âu Anh Tuấn,21/05/2020,https://files.customs.gov.vn/van_ban_phap_luat/Lists/VanBanPhapLuat/Attachments/13221/QD1419TCHQ2020.PDF,https://www.customs.gov.vn/index.jsp?pageId=3&id=60225&cid=1294,2020,05/2020,2026-10-08T09:32:22Z
423,1420/QÐ-TCHQ,21/05/2020,Tổng cục hải quan,Về việc thu hồi mã số nhân viên đại lý làm thủ tục hải quan,57819,305,10,TP_HO_CHI_MINH,Âu Anh Tuấn,21/05/2020,https://files.customs.gov.vn/CustomsCMS/TP_HO_CHI_MINH/2020/Web/Data/DocumentAttachments/Vanban_1420.PDF,https://www.customs.gov.vn/index.jsp?pageId=3&id=57819&cid=1294,2020,05/2020,2026-10-08T09:32:22Z
424,1420/QĐ-TCHQ,21/05/2020,Tổng cục hải quan,Quyết định số 1420/QĐ-TCHQ ngày 21/5/2020 của Tổng cục trưởng Tổng cục Hải quan v/v Thu hồi mã nhân viên đại lý làm thủ tục Hải quan,60226,305,10,TONG_CUC,Âu Anh Tuấn,21/05/2020,https://files.customs.gov.vn/van_ban_phap_luat/Lists/VanBanPhapLuat/Attachments/13222/QD1420TCHQ2020.PDF,https://www.customs.gov.vn/index.jsp?pageId=3&id=60226&cid=1294,2020,05/2020,2026-10-08T09:32:22Z
425,1421/QÐ-TCHQ,21/05/2020,Tổng cục hải quan,Về việc tiếp tục hoạt động đại lý làm thủ tục hải quan - Công ty Cổ phần Đầu tư và sản xuất Long Sơn,53370,305,10,TP_HO_CHI_MINH,Âu Anh Tuấn,21/05/2020,https://files.customs.gov.vn/CustomsCMS/TP_HO_CHI_MINH/2020/Web/Data/DocumentAttachments/Vanban_1421.PDF,https://www.customs.gov.vn/index.jsp?pageId=3&id=53370&cid=1294,2020,05/2020,2026-10-08T09:32:22Z
426,1421/QĐ-TCHQ,21/05/2020,Tổng cục hải quan,"Quyết định số 1421/QĐ-TCHQ ngày 21/5/2020 của Tổng cục trưởng Tổng cục Hải quan v/v Tiếp tục hoạt động đại lý làm thủ tục Hải quan (đối với Công ty Cổ phần Đầu tư và sản xuất tại phường 2, quận Tân Bình, HCM)",60227,305,10,TONG_CUC,Âu Anh Tuấn,21/05/2020,https://files.customs.gov.vn/van_ban_phap_luat/Lists/VanBanPhapLuat/Attachments/13223/QD1421TCHQ2020.PDF,https://www.customs.gov.vn/index.jsp?pageId=3&id=60227&cid=1294,2020,05/2020,2026-10-08T09:32:22Z
427,1422/QÐ-TCHQ,21/05/2020,Tổng cục hải quan,Về việc tiếp tục hoạt động đại lý làm thủ tục hải quan - Công ty TNHH Thương mại Dịch vụ Tân Đạt Đức,54532,305,10,TP_HO_CHI_MINH,Âu Anh Tuấn,21/05/2020,https://files.customs.gov.vn/CustomsCMS/TP_HO_CHI_MINH/2020/Web/Data/DocumentAttachments/Vanban_1422.PDF,https://www.customs.gov.vn/index.jsp?pageId=3&id=54532&cid=1294,2020,05/2020,2026-10-08T09:32:22Z
428,1422/QĐ-TCHQ,21/05/2020,Tổng cục hải quan,"Quyết định số 1422/QĐ-TCHQ ngày 21/5/2020 của Tổng cục trưởng Tổng cục Hải quan v/v Tiếp tục hoạt động đại lý làm thủ tục Hải quan (đối với Công ty TNHH Thương mại Dịch vụ Tân Đạt Đức tại phường 14, quận Gò Vấp, HCM)",60228,305,10,TONG_CUC,Âu Anh Tuấn,21/05/2020,https://files.customs.gov.vn/van_ban_phap_luat/Lists/VanBanPhapLuat/Attachments/13224/QD1422TCHQ2020.PDF,https://www.customs.gov.vn/index.jsp?pageId=3&id=60228&cid=1294,2020,05/2020,2026-10-08T09:32:22Z
429,1488/HQHCM-TXNK,21/05/2020,Bộ Thương Mại,V/v thuế suất GTGT đối với nhiệt kế hồng ngoại,58335,305,16,TP_HO_CHI_MINH,Nguyễn Quốc Toản,21/05/2020,https://files.customs.gov.vn/CustomsCMS/TP_HO_CHI_MINH/2020/Web/Data/DocumentAttachments/Vanban_1488.PDF,https://www.customs.gov.vn/index.jsp?pageId=3&id=58335&cid=1294,2020,05/2020,2026-10-08T09:32:22Z
430,3273/TB-TCHQ,21/05/2020,Tổng cục hải quan,"Thuốc tẩy giun sử dụng trong thú y chứa ivermectin, dạng tiêm, đóng gói 100ml/chai.",57139,305,16,TP_HO_CHI_MINH,Lưu Mạnh Tưởng,21/05/2020,https://files.customs.gov.vn/CustomsCMS/TP_HO_CHI_MINH/2020/Web/Data/DocumentAttachments/Vanban_3273.PDF,https://www.customs.gov.vn/index.jsp?pageId=3&id=57139&cid=1294,2020,05/2020,2026-10-08T09:32:22Z
431,3283/TB-TCHQ,21/05/2020,Tổng cục hải quan,"Muối đã được bổ sung natri glutamate, hàm lượng muối natri clorua -92% tính theo hàm lượng khô, dạng bột, đóng gói 1kg/túi.",56105,305,16,TP_HO_CHI_MINH,Lưu Mạnh Tưởng,21/05/2020,https://files.customs.gov.vn/CustomsCMS/TP_HO_CHI_MINH/2020/Web/Data/DocumentAttachments/Vanban_3283.PDF,https://www.customs.gov.vn/index.jsp?pageId=3&id=56105&cid=1294,2020,05/2020,2026-10-08T09:32:22Z
432,3259/TCHQ-TXNK,20/05/2020,null,Thực hiện Nghị định số 39/2020/NĐ-CP ngày 03/4/2020,76765,305,16,DA_NANG,Lưu Mạnh Tưởng,20/05/2020,https://files.customs.gov.vn/DA_NANG/Uploads/65e32243-11bf-4695-985d-c1563e8c13ba/3259(4).pdf,https://www.customs.gov.vn/index.jsp?pageId=3&id=76765&cid=1294,2020,05/2020,2026-10-08T09:32:22Z
433,1406/QĐ-TCHQ,19/05/2020,Tổng cục hải quan,"Quyết định số 1406/QĐ-TCHQ ngày 19/5/2020 của Tổng cục trưởng Tổng cục Hải quan v/v Tiếp tục hoạt động đại lý làm TTHQ (đối với Công ty TNHH Phú Khanh tại phường Vĩnh Tuy, quận Hai Bà Trưng, HN)",60218,305,10,TONG_CUC,Âu Anh Tuấn,19/05/2020,https://files.customs.gov.vn/van_ban_phap_luat/Lists/VanBanPhapLuat/Attachments/13214/QD1406TCHQ2020.PDF,https://www.customs.gov.vn/index.jsp?pageId=3&id=60218&cid=1294,2020,05/2020,2026-10-08T09:32:22Z
434,1407/QĐ-TCHQ,19/05/2020,Tổng cục hải quan,"Quyết định số 1407/QĐ-TCHQ ngày 19/5/2020 của Tổng cục trưởng Tổng cục Hải quan v/v Tiếp tục hoạt động đại lý làm TTHQ (đối với Công ty Cổ phần Thiết bị Địa Việt tại phường Thanh Xuân Trung, quận Thanh Xuân, HN)",60219,305,10,TONG_CUC,Âu Anh Tuấn,19/05/2020,https://files.customs.gov.vn/van_ban_phap_luat/Lists/VanBanPhapLuat/Attachments/13215/QD1407TCHQ2020.PDF,https://www.customs.gov.vn/index.jsp?pageId=3&id=60219&cid=1294,2020,05/2020,2026-10-08T09:32:22Z
435,1408/QĐ-TCHQ,19/05/2020,Chính phủ,"Quyết định số 1408/QĐ-TCHQ ngày 19/5/2020 của Tổng cục trưởng Tổng cục Hải quan v/v Thu hẹp kho ngoại quan (của Công ty TNHH Chợ cửa khẩu Mộc Bài tại xã Lợi Thuận, huyện Bến Cầu, Tây Ninh)",60220,305,10,TONG_CUC,Mai Xuân Thành,19/05/2020,https://files.customs.gov.vn/van_ban_phap_luat/Lists/VanBanPhapLuat/Attachments/13216/QD1408TCHQ2020.PDF,https://www.customs.gov.vn/index.jsp?pageId=3&id=60220&cid=1294,2020,05/2020,2026-10-08T09:32:22Z
436,1409/QĐ-TCHQ,19/05/2020,Tổng cục hải quan,Quyết định số 1409/QĐ-TCHQ ngày 19/5/2020 của Tổng cục trưởng Tổng cục Hải quan v/v Thu hồi mã nhân viên đại lý làm thủ tục Hải quan,60221,305,10,TONG_CUC,Âu Anh Tuấn,19/05/2020,https://files.customs.gov.vn/van_ban_phap_luat/Lists/VanBanPhapLuat/Attachments/13217/QD1409TCHQ2020.PDF,https://www.customs.gov.vn/index.jsp?pageId=3&id=60221&cid=1294,2020,05/2020,2026-10-08T09:32:22Z
437,1447/HQHCM-GSQL,19/05/2020,Bộ Thương Mại,V/v thủ tục hàng tạm nhập tái xuất,55465,305,16,TP_HO_CHI_MINH,Lê Xuân Mỹ,19/05/2020,https://files.customs.gov.vn/CustomsCMS/TP_HO_CHI_MINH/2020/Web/Data/DocumentAttachments/Vanban_1447.PDF,https://www.customs.gov.vn/index.jsp?pageId=3&id=55465&cid=1294,2020,05/2020,2026-10-08T09:32:22Z
438,1405/QĐ-TCHQ,18/05/2020,Tổng cục hải quan,"Quyết định số 1405/QĐ-TCHQ ngày 18/5/2020 của Tổng cục trưởng Tổng cục Hải quan v/v Công nhận địa điểm tập kết, kiểm tra, giám sát hàng hóa XK, NK hàng hóa tập trung (của Công ty TNHH Logistics 379 tại xã Kim Quang, huyện Bát Xát, Lào Cai)",60217,305,10,TONG_CUC,Mai Xuân Thành,18/05/2020,https://files.customs.gov.vn/van_ban_phap_luat/Lists/VanBanPhapLuat/Attachments/13213/QD1405TCHQ2020.PDF,https://www.customs.gov.vn/index.jsp?pageId=3&id=60217&cid=1294,2020,05/2020,2026-10-08T09:32:22Z
439,3197/TB-TCHQ,18/05/2020,Tổng cục hải quan,"Hỗn hợp hóa chất gồm: lactic acid, kojic acid, butylene glycol... dạng lỏng, dùng trong sx mỹ phẩm.",55582,305,16,TP_HO_CHI_MINH,Lưu Mạnh Tưởng,18/05/2020,https://files.customs.gov.vn/CustomsCMS/TP_HO_CHI_MINH/2020/Web/Data/DocumentAttachments/Vanban_3197.PDF,https://www.customs.gov.vn/index.jsp?pageId=3&id=55582&cid=1294,2020,05/2020,2026-10-08T09:32:22Z
440,41/2020/TT-BTC,18/05/2020,Bộ Tài chính,"Thông tư số 41/2020/TT-BTC ngày 18/5/2020 của Bộ Tài chính sửa đổi, bổ sung một số điều của Thông tư số 219/2016/TT-BTC ngày 10 tháng 11 năm 2016 quy định mức thu, chế độ thu, nộp, quản lý và sử dụng phí, lệ phí trong lĩnh vực xuất cảnh, nhập cảnh, quá cảnh, cư trú tại Việt Nam",60236,305,4,TONG_CUC,Vũ Thị Mai,01/08/2020,https://files.customs.gov.vn/van_ban_phap_luat/Lists/VanBanPhapLuat/Attachments/13243/TT41-BTC2020.PDF,https://www.customs.gov.vn/index.jsp?pageId=3&id=60236&cid=1294,2020,05/2020,2026-10-08T09:32:22Z
441,83/TB-HQĐNa,18/05/2020,Cục Hải Quan tỉnh Đồng Nai,Triển khai Hệ thống quản lý hải quan tự động (VASSCM),67013,305,16,DONG_NAI,null,null,https://files.customs.gov.vn/DONG_NAI//Data/Cv_Hqdn/83_TB_HQDNa_18_05_2020.pdf,https://www.customs.gov.vn/index.jsp?pageId=3&id=67013&cid=1294,2020,05/2020,2026-10-08T09:32:22Z
442,973/HQĐNa-TXNK,18/05/2020,Cục Hải Quan tỉnh Đồng Nai,Xác nhận hoàn thành nghĩa vụ thuế Công ty TNHH Doosung Vina SV,67014,305,16,DONG_NAI,null,null,https://files.customs.gov.vn/DONG_NAI//Data/Cv_Hqdn/973_HQDNa_TXNK_18_05_2020.pdf,https://www.customs.gov.vn/index.jsp?pageId=3&id=67014&cid=1294,2020,05/2020,2026-10-08T09:32:22Z
443,964/HQĐNa-GSQL,15/05/2020,Cục Hải Quan tỉnh Đồng Nai,"Cập nhật tình hình xuất nhập khẩu hàng hóa qua biên giới Việt - Trung (Các doanh nghiệp kinh doanh XNK trên địa bàn tỉnh Đồng Nai, tỉnh Bình Thuận)",67012,305,16,DONG_NAI,null,null,https://files.customs.gov.vn/DONG_NAI//Data/Cv_Hqdn/964_HQDNa_GSQL_15_05_2020.pdf,https://www.customs.gov.vn/index.jsp?pageId=3&id=67012&cid=1294,2020,05/2020,2026-10-08T09:32:22Z
444,09/2020/TT-BCT,14/05/2020,null,"Thông tư quy định về lộ trình áp dụng cửa khẩu nhập khẩu, xuất khẩu đối với hàng hóa kinh doanh tạm n hập, tái xuất, kinh doanh chuyển khẩu, gửi kho ngoại quan",76789,305,4,DA_NANG,Trần Quốc Khánh,30/06/2020,https://files.customs.gov.vn/DA_NANG/Uploads/65e32243-11bf-4695-985d-c1563e8c13ba/TT_09_2020_BCT.PDF,https://www.customs.gov.vn/index.jsp?pageId=3&id=76789&cid=1294,2020,05/2020,2026-10-08T09:32:22Z
445,1390/QÐ-TCHQ,14/05/2020,Tổng cục hải quan,Về việc thay đổi thông tin đại lý làm thủ tục hải quan - Công ty TNHH Didimdol Logistics,53369,305,10,TP_HO_CHI_MINH,Âu Anh Tuấn,14/05/2020,https://files.customs.gov.vn/CustomsCMS/TP_HO_CHI_MINH/2020/Web/Data/DocumentAttachments/Vanban_1390.PDF,https://www.customs.gov.vn/index.jsp?pageId=3&id=53369&cid=1294,2020,05/2020,2026-10-08T09:32:22Z
446,1390/QĐ-TCHQ,14/05/2020,Tổng cục hải quan,"Quyết định số 1390/QĐ-TCHQ ngày 14/5/2020 của Tổng cục trưởng Tổng cục Hải quan v/v Thay đổi thông tin đại lý làm TTHQ (đối với Công ty TNHH Didimdol Logistics tại phường 25, quận Bình Thạnh, HCM)",60214,305,10,TONG_CUC,Âu Anh Tuấn,14/05/2020,https://files.customs.gov.vn/van_ban_phap_luat/Lists/VanBanPhapLuat/Attachments/13209/QD1390TCHQ2020.PDF,https://www.customs.gov.vn/index.jsp?pageId=3&id=60214&cid=1294,2020,05/2020,2026-10-08T09:32:22Z
447,1391/QÐ-TCHQ,14/05/2020,Tổng cục hải quan,Về việc thu hồi mã số nhân viên đại lý làm thủ tục hải quan,53678,305,10,TP_HO_CHI_MINH,Âu Anh Tuấn,14/05/2020,https://files.customs.gov.vn/CustomsCMS/TP_HO_CHI_MINH/2020/Web/Data/DocumentAttachments/Vanban_1391.PDF,https://www.customs.gov.vn/index.jsp?pageId=3&id=53678&cid=1294,2020,05/2020,2026-10-08T09:32:22Z
448,1391/QĐ-TCHQ,14/05/2020,Tổng cục hải quan,Quyết định số 1391/QĐ-TCHQ ngày 14/5/2020 của Tổng cục trưởng Tổng cục Hải quan v/v Thu hồi mã số nhân viên đại lý làm TTHQ,60215,305,10,TONG_CUC,Âu Anh Tuấn,14/05/2020,https://files.customs.gov.vn/van_ban_phap_luat/Lists/VanBanPhapLuat/Attachments/13210/QD1391TCHQ2020.PDF,https://www.customs.gov.vn/index.jsp?pageId=3&id=60215&cid=1294,2020,05/2020,2026-10-08T09:32:22Z
449,1392/QĐ-TCHQ,14/05/2020,Tổng cục hải quan,"Quyết định số 1392/QĐ-TCHQ ngày 14/5/2020 của Tổng cục trưởng Tổng cục Hải quan v/v Công nhận địa điểm tập kết, kiểm tra, giám sát hàng hóa XK, NK hàng hóa tập trung (của Công ty TNHH Hóa chất Hyosung Vina tại phường Tân Phước, thị xã Phú Mỹ, Bà Rịa - Vũng Tàu)",60216,305,10,TONG_CUC,Mai Xuân Thành,14/05/2020,https://files.customs.gov.vn/van_ban_phap_luat/Lists/VanBanPhapLuat/Attachments/13211/QD1392TCHQ2020.PDF,https://www.customs.gov.vn/index.jsp?pageId=3&id=60216&cid=1294,2020,05/2020,2026-10-08T09:32:22Z
450,3123/TB-TCHQ,14/05/2020,Tổng cục hải quan,"Chất kết dính làm từ hỗn hợp oligome acrylat và phụ gia dạng lỏng, trọng lượng tịnh 15kg",56847,305,16,TP_HO_CHI_MINH,Lưu Mạnh Tưởng,14/05/2020,https://files.customs.gov.vn/CustomsCMS/TP_HO_CHI_MINH/2020/Web/Data/DocumentAttachments/Vanban_3123.PDF,https://www.customs.gov.vn/index.jsp?pageId=3&id=56847&cid=1294,2020,05/2020,2026-10-08T09:32:22Z
451,946/HQĐNa-VP,14/05/2020,Cục Hải Quan tỉnh Đồng Nai,"Công khai TTHC mới, TTHC được sửa đổi, bổ sung, bị bãi bỏ trong lĩnh vực hải quan thuộc phạm vi chức năng quản lý của Bộ Tài chính",67011,305,16,DONG_NAI,null,null,https://files.customs.gov.vn/DONG_NAI//Data/Cv_Hqdn/946_HQDNa_VP_14_05_2020.pdf,https://www.customs.gov.vn/index.jsp?pageId=3&id=67011&cid=1294,2020,05/2020,2026-10-08T09:32:22Z
452,1377/QÐ-TCHQ,13/05/2020,Tổng cục hải quan,Về việc tiếp tục hoạt động đại lý làm thủ tục hải quan - Công ty TNHH Savino Del Bene Việt Nam,53025,305,10,TP_HO_CHI_MINH,Âu Anh Tuấn,13/05/2020,https://files.customs.gov.vn/CustomsCMS/TP_HO_CHI_MINH/2020/Web/Data/DocumentAttachments/Vanban_1377.PDF,https://www.customs.gov.vn/index.jsp?pageId=3&id=53025&cid=1294,2020,05/2020,2026-10-08T09:32:22Z
453,1377/QĐ-TCHQ,13/05/2020,Tổng cục hải quan,"Quyết định số 1377/QĐ-TCHQ ngày 13/5/2020 của Tổng cục trưởng Tổng cục Hải quan v/v Tiếp tục hoạt động đại lý làm TTHQ (đối với Công ty TNHH Savino Del Bene Việt Nam tại phường 09, quận 04, HCM)",60206,305,10,TONG_CUC,Âu Anh Tuấn,13/05/2020,https://files.customs.gov.vn/van_ban_phap_luat/Lists/VanBanPhapLuat/Attachments/13201/QD1377TCHQ2020.PDF,https://www.customs.gov.vn/index.jsp?pageId=3&id=60206&cid=1294,2020,05/2020,2026-10-08T09:32:22Z
454,1378/QÐ-TCHQ,13/05/2020,Tổng cục hải quan,Về việc tiếp tục hoạt động đại lý làm thủ tục hải quan - Công ty Cổ phần giao nhận vận tải Mỹ Á,54114,305,10,TP_HO_CHI_MINH,Âu Anh Tuấn,13/05/2020,https://files.customs.gov.vn/CustomsCMS/TP_HO_CHI_MINH/2020/Web/Data/DocumentAttachments/Vanban_1378.PDF,https://www.customs.gov.vn/index.jsp?pageId=3&id=54114&cid=1294,2020,05/2020,2026-10-08T09:32:22Z
455,1378/QĐ-TCHQ,13/05/2020,Tổng cục hải quan,"Quyết định số 1378/QĐ-TCHQ ngày 13/5/2020 của Tổng cục trưởng Tổng cục Hải quan v/v Tiếp tục hoạt động đại lý làm TTHQ (đối với Công ty Cổ phần giao nhận vận tải Mỹ Á tại phường 25, quận Bình Thạnh, HCM)",60207,305,10,TONG_CUC,Âu Anh Tuấn,13/05/2020,https://files.customs.gov.vn/van_ban_phap_luat/Lists/VanBanPhapLuat/Attachments/13202/QD1378TCHQ2020.PDF,https://www.customs.gov.vn/index.jsp?pageId=3&id=60207&cid=1294,2020,05/2020,2026-10-08T09:32:22Z
456,1379/QÐ-TCHQ,13/05/2020,Tổng cục hải quan,Về việc thu hồi mã số nhân viên đại lý làm thủ tục hải quan - Công ty Cổ phần Tiếp vận Quốc tế Rồng Xanh,57402,305,10,TP_HO_CHI_MINH,Âu Anh Tuấn,13/05/2020,https://files.customs.gov.vn/CustomsCMS/TP_HO_CHI_MINH/2020/Web/Data/DocumentAttachments/Vanban_1379.PDF,https://www.customs.gov.vn/index.jsp?pageId=3&id=57402&cid=1294,2020,05/2020,2026-10-08T09:32:22Z
457,1379/QĐ-TCHQ,13/05/2020,Tổng cục hải quan,Quyết định số 1379/QĐ-TCHQ ngày 13/5/2020 của Tổng cục trưởng Tổng cục Hải quan v/v Thu hồi mã số nhân viên đại lý làm TTHQ,60208,305,10,TONG_CUC,Âu Anh Tuấn,13/05/2020,https://files.customs.gov.vn/van_ban_phap_luat/Lists/VanBanPhapLuat/Attachments/13203/QD1379TCHQ2020.PDF,https://www.customs.gov.vn/index.jsp?pageId=3&id=60208&cid=1294,2020,05/2020,2026-10-08T09:32:22Z
458,1380/QÐ-TCHQ,13/05/2020,Tổng cục hải quan,Về việc tiếp tục hoạt động đại lý làm thủ tục hải quan - Công ty Cổ phần Tiếp vận Quốc tế Rồng Xanh,56035,305,10,TP_HO_CHI_MINH,Âu Anh Tuấn,13/05/2020,https://files.customs.gov.vn/CustomsCMS/TP_HO_CHI_MINH/2020/Web/Data/DocumentAttachments/Vanban_1380.PDF,https://www.customs.gov.vn/index.jsp?pageId=3&id=56035&cid=1294,2020,05/2020,2026-10-08T09:32:22Z
459,1380/QĐ-TCHQ,13/05/2020,Tổng cục hải quan,"Quyết định số 1380/QĐ-TCHQ ngày 13/5/2020 của Tổng cục trưởng Tổng cục Hải quan v/v Tiếp tục hoạt động đại lý làm TTHQ (đối với Công ty Cổ phần Tiếp vận Quốc tế Rồng Xanh tại phường 12, quận Bình Thạnh, HCM)",60209,305,10,TONG_CUC,Âu Anh Tuấn,13/05/2020,https://files.customs.gov.vn/van_ban_phap_luat/Lists/VanBanPhapLuat/Attachments/13204/QD1380TCHQ2020.PDF,https://www.customs.gov.vn/index.jsp?pageId=3&id=60209&cid=1294,2020,05/2020,2026-10-08T09:32:22Z
460,1381/HQHCM-GSQL,13/05/2020,Bộ Thương Mại,V/v trả lời công văn số 02/2020-CCHQHCM 13/5/2020 - Công ty TNHH Dệt và Phủ keo 5S,55994,305,16,TP_HO_CHI_MINH,Lê Xuân Mỹ,13/05/2020,https://files.customs.gov.vn/CustomsCMS/TP_HO_CHI_MINH/2020/Web/Data/DocumentAttachments/Vanban_1381.pdf,https://www.customs.gov.vn/index.jsp?pageId=3&id=55994&cid=1294,2020,05/2020,2026-10-08T09:32:22Z
461,1381/QÐ-TCHQ,13/05/2020,Tổng cục hải quan,Về việc chấm dứt hoạt động đại lý làm thủ tục hải quan - Công ty TNHH MTV Tiếp vận và Phân phối Phương Đông,52946,305,10,TP_HO_CHI_MINH,Âu Anh Tuấn,13/05/2020,https://files.customs.gov.vn/CustomsCMS/TP_HO_CHI_MINH/2020/Web/Data/DocumentAttachments/Vanban_1381.PDF,https://www.customs.gov.vn/index.jsp?pageId=3&id=52946&cid=1294,2020,05/2020,2026-10-08T09:32:22Z
462,1381/QĐ-TCHQ,13/05/2020,Tổng cục hải quan,"Quyết định số 1381/QĐ-TCHQ ngày 13/5/2020 của Tổng cục trưởng Tổng cục Hải quan v/v Chấm dứt hoạt động đại lý làm TTHQ (đối với Công ty TNHH MTV Tiếp vận và Phân phối Phương Đông tại phường Phú Mỹ, quận 7, HCM)",60210,305,10,TONG_CUC,Âu Anh Tuấn,13/05/2020,https://files.customs.gov.vn/van_ban_phap_luat/Lists/VanBanPhapLuat/Attachments/13205/QD1381TCHQ2020.PDF,https://www.customs.gov.vn/index.jsp?pageId=3&id=60210&cid=1294,2020,05/2020,2026-10-08T09:32:22Z
463,1382/HQHCM-GSQL,13/05/2020,Bộ Thương Mại,V/v trả lời công văn số 160320 ngày 16/03/2020 - Công ty TNHH Ngân Anh Phát.,54599,305,16,TP_HO_CHI_MINH,Lê Xuân Mỹ,13/05/2020,https://files.customs.gov.vn/CustomsCMS/TP_HO_CHI_MINH/2020/Web/Data/DocumentAttachments/Vanban_1382.pdf,https://www.customs.gov.vn/index.jsp?pageId=3&id=54599&cid=1294,2020,05/2020,2026-10-08T09:32:22Z
464,1382/QÐ-TCHQ,13/05/2020,Tổng cục hải quan,Về việc thu hồi mã số nhân viên đại lý làm thủ tục hải quan,57966,305,10,TP_HO_CHI_MINH,Âu Anh Tuấn,13/05/2020,https://files.customs.gov.vn/CustomsCMS/TP_HO_CHI_MINH/2020/Web/Data/DocumentAttachments/Vanban_1382.PDF,https://www.customs.gov.vn/index.jsp?pageId=3&id=57966&cid=1294,2020,05/2020,2026-10-08T09:32:22Z
465,1382/QĐ-TCHQ,13/05/2020,Tổng cục hải quan,Quyết định số 1382/QĐ-TCHQ ngày 13/5/2020 của Tổng cục trưởng Tổng cục Hải quan v/v Thu hồi mã số nhân viên đại lý làm TTHQ,60211,305,10,TONG_CUC,Âu Anh Tuấn,13/05/2020,https://files.customs.gov.vn/van_ban_phap_luat/Lists/VanBanPhapLuat/Attachments/13206/QD1382TCHQ2020.PDF,https://www.customs.gov.vn/index.jsp?pageId=3&id=60211&cid=1294,2020,05/2020,2026-10-08T09:32:22Z
466,1383/QĐ-TCHQ,13/05/2020,Tổng cục hải quan,"Quyết định số 1383/QĐ-TCHQ ngày 13/5/2020 của Tổng cục trưởng Tổng cục Hải quan v/v Công nhận hoạt động đại lý làm TTHQ (đối với Công ty Cổ phần Tiếp vận Toàn Cầu Samurai tại phường Đại Mỗ, quận Nam Từ Liêm, HN)",60212,305,10,TONG_CUC,Âu Anh Tuấn,13/05/2020,https://files.customs.gov.vn/van_ban_phap_luat/Lists/VanBanPhapLuat/Attachments/13207/QD1383TCHQ2020.PDF,https://www.customs.gov.vn/index.jsp?pageId=3&id=60212&cid=1294,2020,05/2020,2026-10-08T09:32:22Z
467,1384/QĐ-TCHQ,13/05/2020,Tổng cục hải quan,"Quyết định số 1384/QĐ-TCHQ ngày 13/5/2020 của Tổng cục trưởng Tổng cục Hải quan v/v Tiếp tục hoạt động đại lý làm TTHQ (đối với Công ty Cổ phần Tiếp vận Toàn Cầu Samurai tại phường Yên Hòa, quận Cầu Giấy, HN)",60213,305,10,TONG_CUC,Âu Anh Tuấn,13/05/2020,https://files.customs.gov.vn/van_ban_phap_luat/Lists/VanBanPhapLuat/Attachments/13208/QD1384TCHQ2020.PDF,https://www.customs.gov.vn/index.jsp?pageId=3&id=60213&cid=1294,2020,05/2020,2026-10-08T09:32:22Z
468,1964/GSQL-GQ1,13/05/2020,null,Nhập khẩu sinh phẩm chẩn đoán In-vitro,76763,305,16,DA_NANG,Vũ Lê Quân,13/05/2020,https://files.customs.gov.vn/DA_NANG/Uploads/65e32243-11bf-4695-985d-c1563e8c13ba/1964_2020 (NK Sinh phẩm chuẩn đoán Invitro).pdf,https://www.customs.gov.vn/index.jsp?pageId=3&id=76763&cid=1294,2020,05/2020,2026-10-08T09:32:22Z
469,3087/TCHQ-TXNK,13/05/2020,Tổng cục hải quan,V/v phân tích hàng hóa,53325,305,16,TP_HO_CHI_MINH,Đào Thu Hương,13/05/2020,https://files.customs.gov.vn/CustomsCMS/TP_HO_CHI_MINH/2020/Web/Data/DocumentAttachments/Vanban_3087.PDF,https://www.customs.gov.vn/index.jsp?pageId=3&id=53325&cid=1294,2020,05/2020,2026-10-08T09:32:22Z
470,3060/TCHQ-GSQL,12/05/2020,Tổng cục hải quan,V/v cửa khẩu nhập phế liệu,55798,305,16,TP_HO_CHI_MINH,Mai Xuân Thành,12/05/2020,https://files.customs.gov.vn/CustomsCMS/TP_HO_CHI_MINH/2020/Web/Data/DocumentAttachments/Vanban_3060.PDF,https://www.customs.gov.vn/index.jsp?pageId=3&id=55798&cid=1294,2020,05/2020,2026-10-08T09:32:22Z
471,3066/TB-TCHQ,12/05/2020,Tổng cục hải quan,"Chế phẩm thực phẩm, dạng lỏng, không chứa cồn, không có ga, đóng gói 200ml/hộp. Thành phần cơ bản là sữa tiệt trùng, đã bổ sung thêm đường Fructose, Glucose, Saccharose, hương liệu và chất ổn định, dạng lỏng sệt.",58426,305,16,TP_HO_CHI_MINH,Lưu Mạnh Tưởng,12/05/2020,https://files.customs.gov.vn/CustomsCMS/TP_HO_CHI_MINH/2020/Web/Data/DocumentAttachments/Vanban_3066.PDF,https://www.customs.gov.vn/index.jsp?pageId=3&id=58426&cid=1294,2020,05/2020,2026-10-08T09:32:22Z
472,68/NQ-CP,12/05/2020,Chính phủ,"Ban hành Chương trình cắt giảm, đơn giản hóa quy định liên quan đến hoạt động kinh doanh giai đoạn 2020 - 2025",55671,305,7,TP_HO_CHI_MINH,Nguyễn Xuân Phúc,12/05/2020,https://files.customs.gov.vn/CustomsCMS/TP_HO_CHI_MINH/2020/Web/Data/DocumentAttachments/68_NQ-CP_442424.doc,https://www.customs.gov.vn/index.jsp?pageId=3&id=55671&cid=1294,2020,05/2020,2026-10-08T09:32:22Z
473,1360/HQHCM-GSQL,11/05/2020,Tổng cục hải quan,V/v trả lời công văn số 01/MGT-HQ ngày 04/5/2020 - Công ty TNHH thực phẩm MEGA Trần,52730,305,16,TP_HO_CHI_MINH,Lê Xuân Mỹ,11/05/2020,https://files.customs.gov.vn/CustomsCMS/TP_HO_CHI_MINH/2020/Web/Data/DocumentAttachments/Vanban_1360.pdf,https://www.customs.gov.vn/index.jsp?pageId=3&id=52730&cid=1294,2020,05/2020,2026-10-08T09:32:22Z
474,3027/TB-TCHQ,11/05/2020,Tổng cục hải quan,"Sản phẩm dùng để tắm, dạng cục đã được đóng gói bán lẻ, trọng lượng 30,9 gam/gói, thành phần gồm natri bicarbonat, talc, limonene, linalool, linalyl acetate...",57861,305,16,TP_HO_CHI_MINH,Lưu Mạnh Tưởng,11/05/2020,https://files.customs.gov.vn/CustomsCMS/TP_HO_CHI_MINH/2020/Web/Data/DocumentAttachments/Vanban_3027.PDF,https://www.customs.gov.vn/index.jsp?pageId=3&id=57861&cid=1294,2020,05/2020,2026-10-08T09:32:22Z
475,3049/TB-TCHQ,11/05/2020,Tổng cục hải quan,"Biotin (vitamin H) trên nền chất mang maltodextrin, dạng bột.",55772,305,16,TP_HO_CHI_MINH,Lưu Mạnh Tưởng,11/05/2020,https://files.customs.gov.vn/CustomsCMS/TP_HO_CHI_MINH/2020/Web/Data/DocumentAttachments/Vanban_3049.PDF,https://www.customs.gov.vn/index.jsp?pageId=3&id=55772&cid=1294,2020,05/2020,2026-10-08T09:32:22Z
476,896/HQĐNa-GSQL,11/05/2020,Cục Hải Quan tỉnh Đồng Nai,Hòan thuế nhập khẩu đối với tàu MV.QING PING SHAN (Nhà máy nhiệt điện Vĩnh Tân 4 - CN Tập đoàn điện lực Đồng Nai),67010,305,16,DONG_NAI,null,null,https://files.customs.gov.vn/DONG_NAI//Data/Cv_Hqdn/896_HQDNa_GSQL_11_05_2020.pdf,https://www.customs.gov.vn/index.jsp?pageId=3&id=67010&cid=1294,2020,05/2020,2026-10-08T09:32:22Z
477,36/2020/NĐ-CP,10/05/2020,null,Quy định về xử phạt vi phạm hành chính trong lĩnh vực tài nguyên nước và khoáng sản,61865,305,8,QUANG_NGAI,Thủ tướng Nguyễn Xuân Phúc,01/01/1900,https://files.customs.gov.vn/QUANG_NGAI/20200324_36_2020_NĐ-CP.pdf,https://www.customs.gov.vn/index.jsp?pageId=3&id=61865&cid=1294,2020,05/2020,2026-10-08T09:32:22Z
478,1337/HQHCM-GSQL,08/05/2020,Bộ Thương Mại,V/v nhập khẩu mặt hàng Dinitơ monoxit (N2O),53129,305,16,TP_HO_CHI_MINH,Lê Xuân Mỹ,08/05/2020,https://files.customs.gov.vn/CustomsCMS/TP_HO_CHI_MINH/2020/Web/Data/DocumentAttachments/Vanban_1337.PDF,https://www.customs.gov.vn/index.jsp?pageId=3&id=53129&cid=1294,2020,05/2020,2026-10-08T09:32:22Z
479,1341/HQHCM-GSQL,08/05/2020,Bộ Thương Mại,V/v trả lời công văn số 0805/2020/DKSH ngày 08/5/2020 - Công ty TNHH DKSH Việt Nam,58859,305,16,TP_HO_CHI_MINH,Lê Xuân Mỹ,08/05/2020,https://files.customs.gov.vn/CustomsCMS/TP_HO_CHI_MINH/2020/Web/Data/DocumentAttachments/Vanban_1341.pdf,https://www.customs.gov.vn/index.jsp?pageId=3&id=58859&cid=1294,2020,05/2020,2026-10-08T09:32:22Z
480,1363/QĐ-TCHQ,08/05/2020,Tổng cục hải quan,"Quyết định số 1363/QĐ-TCHQ ngày 08/5/2020 của Tổng cục trưởng Tổng cục Hải quan v/v Công nhận địa điểm tập kết, kiểm tra, giám sát hàng hóa xuất khẩu, nhập khẩu ở biên giới thuộc Khu kinh tế cửa khẩu Mộc Bài (của Công ty Kinh doanh sản phẩm Khí tại xã Lợi Thuận, huyện Bến Cầu, Tây Ninh)",60205,305,10,TONG_CUC,Mai Xuân Thành,08/05/2020,https://files.customs.gov.vn/van_ban_phap_luat/Lists/VanBanPhapLuat/Attachments/13199/QD1363TCHQ2020.PDF,https://www.customs.gov.vn/index.jsp?pageId=3&id=60205&cid=1294,2020,05/2020,2026-10-08T09:32:22Z
481,2991/TCHQ-TXNK,08/05/2020,Tổng cục hải quan,V/v phân loại máy xới đất,54843,305,16,TP_HO_CHI_MINH,Đào Thu Hương,08/05/2020,https://files.customs.gov.vn/CustomsCMS/TP_HO_CHI_MINH/2020/Web/Data/DocumentAttachments/Vanban_2991.PDF,https://www.customs.gov.vn/index.jsp?pageId=3&id=54843&cid=1294,2020,05/2020,2026-10-08T09:32:22Z
482,3002/TCHQ-TXNK,08/05/2020,Tổng cục hải quan,"Triển khai thực hiện Đề án thí điểm tham vấn một lần, sử dụng kết quả nhiều lần",67055,305,16,DONG_NAI,null,null,https://files.customs.gov.vn/DONG_NAI//Data/CV_TCHQ/3002_TCHQ_TXNK_08_05_2020.pdf,https://www.customs.gov.vn/index.jsp?pageId=3&id=67055&cid=1294,2020,05/2020,2026-10-08T09:32:22Z
483,1233/HQBD-TXNK,07/05/2020,Cục Hải quan Tỉnh Bình Dương,"V/v hướng dẫn thủ tục nộp phí, lệ phí",61076,305,16,BINH_DUONG,null,07/05/2020,https://files.customs.gov.vn/BINH_DUONG/CMS/Lists/VanBanPhapQuy_VN/Attachments/4519/1233HQBD-TXNK_2020.pdf,https://www.customs.gov.vn/index.jsp?pageId=3&id=61076&cid=1294,2020,05/2020,2026-10-08T09:32:22Z
484,1235/HQBD-VP,07/05/2020,Cục Hải quan Tỉnh Bình Dương,V/v niêm yết bộ thủ tục hành chính,61075,305,19,BINH_DUONG,null,07/05/2020,https://files.customs.gov.vn/BINH_DUONG/CMS/Lists/VanBanPhapQuy_VN/Attachments/4518/1235HQBD-VP-2020.pdf,https://www.customs.gov.vn/index.jsp?pageId=3&id=61075&cid=1294,2020,05/2020,2026-10-08T09:32:22Z
485,1236/HQBD-VP,07/05/2020,Cục Hải quan Tỉnh Bình Dương,V/v bãi bỏ một số văn bản quy phạm pháp luật,61077,305,16,BINH_DUONG,null,07/05/2020,https://files.customs.gov.vn/BINH_DUONG/CMS/Lists/VanBanPhapQuy_VN/Attachments/4520/1236HQBD-VP-2020.pdf,https://www.customs.gov.vn/index.jsp?pageId=3&id=61077&cid=1294,2020,05/2020,2026-10-08T09:32:22Z
486,1331/QĐ-TCHQ,07/05/2020,Tổng cục hải quan,Quyết định số 1331/QĐ-TCHQ ngày 07/5/2020 của Tổng cục trưởng Tổng cục Hải quan v/v Công nhận hoạt động đại lý làm TTHQ đối với Công ty TNHH VIDA Logistics Việt Nam,60201,305,10,TONG_CUC,Âu Anh Tuấn,07/05/2020,https://files.customs.gov.vn/van_ban_phap_luat/Lists/VanBanPhapLuat/Attachments/13195/QD1331TCHQ2020.PDF,https://www.customs.gov.vn/index.jsp?pageId=3&id=60201&cid=1294,2020,05/2020,2026-10-08T09:32:22Z
487,1350/QĐ-TCHQ,07/05/2020,Tổng cục hải quan,Quyết định số 1350/QĐ-TCHQ ngày 07/5/2020 của Tổng cục trưởng Tổng cục Hải quan v/v Thu hồi mã số nhân viên đại lý làm TTHQ,60202,305,10,TONG_CUC,Âu Anh Tuấn,07/05/2020,https://files.customs.gov.vn/van_ban_phap_luat/Lists/VanBanPhapLuat/Attachments/13196/QD1350TCHQ2020.PDF,https://www.customs.gov.vn/index.jsp?pageId=3&id=60202&cid=1294,2020,05/2020,2026-10-08T09:32:22Z
488,1351/QÐ-TCHQ,07/05/2020,Tổng cục hải quan,Về việc công nhận hoạt động đại lý làm thủ tục hải quan - Công ty TNHH CEVA Logistics (Việt Nam);,56369,305,10,TP_HO_CHI_MINH,Âu Anh Tuấn,07/05/2020,https://files.customs.gov.vn/CustomsCMS/TP_HO_CHI_MINH/2020/Web/Data/DocumentAttachments/Vanban_1351.PDF,https://www.customs.gov.vn/index.jsp?pageId=3&id=56369&cid=1294,2020,05/2020,2026-10-08T09:32:22Z
489,1351/QĐ-TCHQ,07/05/2020,Tổng cục hải quan,Quyết định số 1351/QĐ-TCHQ ngày 07/5/2020 của Tổng cục trưởng Tổng cục Hải quan v/v Công nhận hoạt động đại lý làm TTHQ đối với Công ty TNHH CEVA Logistics Việt Nam,60203,305,10,TONG_CUC,Âu Anh Tuấn,07/05/2020,https://files.customs.gov.vn/van_ban_phap_luat/Lists/VanBanPhapLuat/Attachments/13197/QD1351TCHQ2020.PDF,https://www.customs.gov.vn/index.jsp?pageId=3&id=60203&cid=1294,2020,05/2020,2026-10-08T09:32:22Z
490,1352/QÐ-TCHQ,07/05/2020,Tổng cục hải quan,Về việc thay đổi thông tin đại lý làm thủ tục hải quan - Công ty TNHH Thương mại Giao nhận Vận chuyển và Tiếp vận Thế Giới Mới,56380,305,10,TP_HO_CHI_MINH,Âu Anh Tuấn,07/05/2020,https://files.customs.gov.vn/CustomsCMS/TP_HO_CHI_MINH/2020/Web/Data/DocumentAttachments/Vanban_1352.PDF,https://www.customs.gov.vn/index.jsp?pageId=3&id=56380&cid=1294,2020,05/2020,2026-10-08T09:32:22Z
491,1352/QĐ-TCHQ,07/05/2020,Tổng cục hải quan,"Quyết định số 1352/QĐ-TCHQ ngày 07/5/2020 của Tổng cục trưởng Tổng cục Hải quan v/v Thay đổi thông tin đại lý làm TTHQ đối với đại chỉ Công ty TNHH Thương mại Giao nhận Vận chuyển và Tiếp vận Thế Giới Mới tại Quận Tân Phú, TP. Hồ Chí Minh",60204,305,10,TONG_CUC,Âu Anh Tuấn,07/05/2020,https://files.customs.gov.vn/van_ban_phap_luat/Lists/VanBanPhapLuat/Attachments/13198/QD1352TCHQ2020.PDF,https://www.customs.gov.vn/index.jsp?pageId=3&id=60204&cid=1294,2020,05/2020,2026-10-08T09:32:22Z
492,3248/BCT-TKNL,07/05/2020,Bộ và ngang bộ,"Công văn số 3248/BCT-TKNL ngày 07/5/2020 của Bộ Công Thương về việc thực hiện dán nhãn năng lượng cho xe mô tô, xe gắn máy",60172,305,16,TONG_CUC,Nguyễn Việt Dũng,07/05/2020,https://files.customs.gov.vn/van_ban_phap_luat/Lists/VanBanPhapLuat/Attachments/13147/CV3248BCT.PDF,https://www.customs.gov.vn/index.jsp?pageId=3&id=60172&cid=1294,2020,05/2020,2026-10-08T09:32:22Z
493,2942/TCHQ-TXNK,06/05/2020,Tổng cục hải quan,Hướng dẫn mã số hàng hóa và chính sách xuất nhập khẩu (Công ty TNHH XNK Wow Korea Im Hye Rim Việt Nam),67009,305,16,DONG_NAI,null,null,,https://www.customs.gov.vn/index.jsp?pageId=3&id=67009&cid=1294,2020,05/2020,2026-10-08T09:32:22Z
494,2946/TB-TCHQ,06/05/2020,Tổng cục hải quan,"Chế phẩm dạng sệt, thành phần gồm: 40% từ bưởi, đường 20%, mật ong, nước đường, sodium benzeoate, chất ổn định, tạo đặc, hương liệu, đóng gói chai 1,4kg, được dùng để tạo mùi cho nước trà vị bưởi đỏ, không dùng để uống trực tiếp.",56091,305,16,TP_HO_CHI_MINH,Lưu Mạnh Tưởng,06/05/2020,https://files.customs.gov.vn/CustomsCMS/TP_HO_CHI_MINH/2020/Web/Data/DocumentAttachments/Vanban_2946.PDF,https://www.customs.gov.vn/index.jsp?pageId=3&id=56091&cid=1294,2020,05/2020,2026-10-08T09:32:22Z
495,854/HQĐNa-GSQL,06/05/2020,Cục Hải Quan tỉnh Đồng Nai,"Thủ tục xuất khẩu khẩu trang y tế (Các doanh nghiệp XNK trên địa bàn tỉnh Đồng Nai, Bình Thuận)",67008,305,16,DONG_NAI,null,null,https://files.customs.gov.vn/DONG_NAI//Data/Cv_Hqdn/854_HQDNa_GSQL_06_05_2020.pdf,https://www.customs.gov.vn/index.jsp?pageId=3&id=67008&cid=1294,2020,05/2020,2026-10-08T09:32:22Z
496,1327/QĐ-TCHQ,05/05/2020,Tổng cục hải quan,"Quyết định số 1327/QĐ-TCHQ ngày 05/5/2020 của Tổng cục trưởng Tổng cục Hải quan v/v Di chuyển và mở rộng kho ngoại quan đối với Công ty CP Liên Việt Logistics tại Quận Hải An, TP. Hải Phòng",60200,305,10,TONG_CUC,Mai Xuân Thành,05/05/2020,https://files.customs.gov.vn/van_ban_phap_luat/Lists/VanBanPhapLuat/Attachments/13194/QD1327TCHQ2020.PDF,https://www.customs.gov.vn/index.jsp?pageId=3&id=60200&cid=1294,2020,05/2020,2026-10-08T09:32:22Z
497,1536/BNG-UBBG,05/05/2020,Bộ và ngang bộ,Công văn số 1536/BNG-UBBG ngày 05/5/2020 về phía Lào thông báo tiếp tục đóng các loại cửa khẩu trên toàn tuyến biên giới Việt Nam - Lào,60160,305,16,TONG_CUC,Lê Hoài Trung,05/05/2020,https://files.customs.gov.vn/van_ban_phap_luat/Lists/VanBanPhapLuat/Attachments/13131/TB1536-BNG2020.PDF,https://www.customs.gov.vn/index.jsp?pageId=3&id=60160&cid=1294,2020,05/2020,2026-10-08T09:32:22Z
498,1273/HQHCM-GSQL,04/05/2020,Bộ Thương Mại,V/v hướng dẫn thủ tục hải quan tạm nhập tái xuất tank Container,57053,305,16,TP_HO_CHI_MINH,Lê Xuân Mỹ,04/05/2020,https://files.customs.gov.vn/CustomsCMS/TP_HO_CHI_MINH/2020/Web/Data/DocumentAttachments/Vanban_1273.PDF,https://www.customs.gov.vn/index.jsp?pageId=3&id=57053&cid=1294,2020,05/2020,2026-10-08T09:32:22Z
499,2878/TB-TCHQ,04/05/2020,Tổng cục hải quan,"Sợi xe từ filament polyeste, độ mảnh 13858 decitex, chưa ngâm tẩm, tráng, phủ hoặc bao ngoài bằng cao su hoặc plastic.",52223,305,16,TP_HO_CHI_MINH,Lưu Mạnh Tưởng,04/05/2020,https://files.customs.gov.vn/CustomsCMS/TP_HO_CHI_MINH/2020/Web/Data/DocumentAttachments/Vanban_2878.PDF,https://www.customs.gov.vn/index.jsp?pageId=3&id=52223&cid=1294,2020,05/2020,2026-10-08T09:32:22Z
500,2879/TB-TCHQ,04/05/2020,Tổng cục hải quan,"Sợi xe từ filament polyeste, độ mảnh 13211 decitex, chưa ngâm tẩm, tráng, phủ hoặc bao ngoài bằng cao su hoặc plastic.",55922,305,16,TP_HO_CHI_MINH,Lưu Mạnh Tưởng,04/05/2020,https://files.customs.gov.vn/CustomsCMS/TP_HO_CHI_MINH/2020/Web/Data/DocumentAttachments/Vanban_2879.PDF,https://www.customs.gov.vn/index.jsp?pageId=3&id=55922&cid=1294,2020,05/2020,2026-10-08T09:32:22Z
501,2880/TB-TCHQ,04/05/2020,Tổng cục hải quan,"Thuốc trừ côn trùng trong chuồng trại chăn nuôi chứa thiamethoxam, dạng hạt, đóng gói 400g/hộp.",56839,305,16,TP_HO_CHI_MINH,Lưu Mạnh Tưởng,04/05/2020,https://files.customs.gov.vn/CustomsCMS/TP_HO_CHI_MINH/2020/Web/Data/DocumentAttachments/Vanban_2880.PDF,https://www.customs.gov.vn/index.jsp?pageId=3&id=56839&cid=1294,2020,05/2020,2026-10-08T09:32:22Z
502,2885/TB-TCHQ,04/05/2020,Tổng cục hải quan,"Tricanxi phosphat tổng hợp, dạng bột",57987,305,16,TP_HO_CHI_MINH,Lưu Mạnh Tưởng,04/05/2020,https://files.customs.gov.vn/CustomsCMS/TP_HO_CHI_MINH/2020/Web/Data/DocumentAttachments/Vanban_2885.PDF,https://www.customs.gov.vn/index.jsp?pageId=3&id=57987&cid=1294,2020,05/2020,2026-10-08T09:32:22Z
503,834/HQĐNa-GSQL,04/05/2020,Tổng cục hải quan,Thực hiện thủ tục xuất khẩu khẩu trang y tế Masquer Anti-fog (Cty TNHH Dược phẩn Orange),67007,305,16,DONG_NAI,null,null,https://files.customs.gov.vn/DONG_NAI//Data/Cv_Hqdn/834_HQDNa_GSQL_04_05_2020.pdf,https://www.customs.gov.vn/index.jsp?pageId=3&id=67007&cid=1294,2020,05/2020,2026-10-08T09:32:22Z
504,1272/HQĐNa-TXNK,30/06/2020,Cục Hải Quan tỉnh Đồng Nai,"Triển khai Nghị định 57/2020/NĐ-CP của Chính phủ (Các doanh nghiệp làm thủ tục xuất khẩu, nhập khẩu trên địa bàn tỉnh Đồng Nai, tỉnh Bình Thuận)",67026,305,16,DONG_NAI,null,null,https://files.customs.gov.vn/DONG_NAI//Data/Cv_Hqdn/1272_HQDNa_TXNK_30_06_2020(1).pdf,https://www.customs.gov.vn/index.jsp?pageId=3&id=67026&cid=1294,2020,06/2020,2026-10-08T09:32:22Z
505,1283/HQĐNa-GSQL,30/06/2020,Cục Hải Quan tỉnh Đồng Nai,Hướng dẫn việc thực hiện Cơ chế tạm quản theo Công ước Istanbul,67028,305,16,DONG_NAI,null,null,https://files.customs.gov.vn/DONG_NAI//Data/Cv_Hqdn/1283_HQDNa_GSQL_30_06_2020.pdf,https://www.customs.gov.vn/index.jsp?pageId=3&id=67028&cid=1294,2020,06/2020,2026-10-08T09:32:22Z
506,1697/QÐ-TCHQ,30/06/2020,Tổng cục hải quan,Về việc công nhận hoạt động đại lý làm thủ tục hải quan - Công ty TNHH Zoby,56139,305,10,TP_HO_CHI_MINH,Âu Anh Tuấn,30/06/2020,https://files.customs.gov.vn/CustomsCMS/TP_HO_CHI_MINH/2020/Web/Data/DocumentAttachments/Vanban_1697.PDF,https://www.customs.gov.vn/index.jsp?pageId=3&id=56139&cid=1294,2020,06/2020,2026-10-08T09:32:22Z
507,509/PVTM-P1,30/06/2020,null,áp dụng biện pháp PVTM đối với tôn màu (vụ việc AD04 và SG05),76788,305,16,DA_NANG,Phạm Châu Giang,30/06/2020,https://files.customs.gov.vn/DA_NANG/Uploads/65e32243-11bf-4695-985d-c1563e8c13ba/60(14).pdf,https://www.customs.gov.vn/index.jsp?pageId=3&id=76788&cid=1294,2020,06/2020,2026-10-08T09:32:22Z
508,1715/QĐ-BCT,29/06/2020,null,Quyết định điều tra chống bán phá giá đối với một số sản phẩm đường lỏng chiết xuất từ tinh bột ngô có xuất xứ từ Trung Quốc và Hàn Quốc,76787,305,10,DA_NANG,Trần Quốc Khánh,29/06/2020,https://files.customs.gov.vn/DA_NANG/Uploads/65e32243-11bf-4695-985d-c1563e8c13ba/1715_QĐ-BCT.pdf,https://www.customs.gov.vn/index.jsp?pageId=3&id=76787&cid=1294,2020,06/2020,2026-10-08T09:32:22Z
509,1882/HQHCM-TXNK,29/06/2020,Bộ Thương Mại,V/v thủ tục xuất trả và hoàn thuế hàng hóa nhập khẩu không đạt chất lượng,54342,305,16,TP_HO_CHI_MINH,Nguyễn Quốc Toản,29/06/2020,https://files.customs.gov.vn/CustomsCMS/TP_HO_CHI_MINH/2020/Web/Data/DocumentAttachments/1882.pdf,https://www.customs.gov.vn/index.jsp?pageId=3&id=54342&cid=1294,2020,06/2020,2026-10-08T09:32:22Z
510,1885/HQHCM-GSQL,29/06/2020,Bộ Thương Mại,V/v phúc đáp công văn số 20200624/BLXSGN_LH,53906,305,16,TP_HO_CHI_MINH,Nguyễn Hữu Nghiệp,29/06/2020,,https://www.customs.gov.vn/index.jsp?pageId=3&id=53906&cid=1294,2020,06/2020,2026-10-08T09:32:22Z
511,2542/GSQL-GQ4,29/06/2020,null,Vướng mắc C/O mẫu AI,61863,305,16,QUANG_NGAI,PCT Vũ Lê Quân,01/01/1900,https://files.customs.gov.vn/QUANG_NGAI/20200629_2542_GSQL-GQ4.pdf,https://www.customs.gov.vn/index.jsp?pageId=3&id=61863&cid=1294,2020,06/2020,2026-10-08T09:32:22Z
512,1255/HQĐNa-TXNK,26/06/2020,Cục Hải Quan tỉnh Đồng Nai,Sử dụng hóa đơn điện tử trong khai báo hải quan hàng xuất khẩu (Cty TNHH On Semiconductor Việt Nam),67024,305,16,DONG_NAI,null,null,https://files.customs.gov.vn/DONG_NAI//Data/Cv_Hqdn/1255_HQDNa_TXNK_26_06_2020.pdf,https://www.customs.gov.vn/index.jsp?pageId=3&id=67024&cid=1294,2020,06/2020,2026-10-08T09:32:22Z
513,1649/QĐ-TCHQ,26/06/2020,null,"Quyết định ban hành Kế hoạch thực hiện Nghị quyết 68/NQ-CP ngày 12/5/2020 của Chính phủ ban hành chương trình cắt giảm, đơn giản hóa quy định liên quan đến hoạt động kinh doanh giai đoạn 2020 - 2025 của Tổng cục Hải quan",61867,305,10,QUANG_NGAI,PTCT Nguyễn Dương Thái,01/01/1900,https://files.customs.gov.vn/QUANG_NGAI/20200626_1649_QĐ-TCHQ.pdf,https://www.customs.gov.vn/index.jsp?pageId=3&id=61867&cid=1294,2020,06/2020,2026-10-08T09:32:22Z
514,2533/GSQL-GQ1,26/06/2020,null,Thông báo cơ quan kiểm tra Nhà nước đối với thực phẩm nhập khẩu,76786,305,16,DA_NANG,Vũ Lê Quân,26/06/2020,https://files.customs.gov.vn/DA_NANG/Uploads/65e32243-11bf-4695-985d-c1563e8c13ba/2533_TCHQ (KTNN về ATTP).pdf,https://www.customs.gov.vn/index.jsp?pageId=3&id=76786&cid=1294,2020,06/2020,2026-10-08T09:32:22Z
515,4303/TCHQ-GSQL,26/06/2020,Tổng cục hải quan,Tạm xuất tái nhập cấu kiện chứa hàng quay vòng (Công ty Honda Việt Nam),67025,305,16,DONG_NAI,null,null,,https://www.customs.gov.vn/index.jsp?pageId=3&id=67025&cid=1294,2020,06/2020,2026-10-08T09:32:22Z
516,1242/HQĐNa-GSQL,25/06/2020,Cục Hải Quan tỉnh Đồng Nai,"Triển khai thực hiện Quy trình lựa chọn, kiểm tra hàng hóa bằng máy soi container (Các doanh nghiệp đăng ký làm thủ tục hải quan trên địa bàn tỉnh Đồng Nai, tỉnh Bình Thuận)",67023,305,16,DONG_NAI,null,null,https://files.customs.gov.vn/DONG_NAI//Data/Cv_Hqdn/1242_HQDNa_GSQL_25_06_2020.pdf,https://www.customs.gov.vn/index.jsp?pageId=3&id=67023&cid=1294,2020,06/2020,2026-10-08T09:32:22Z
517,44/KTNN-TT,25/06/2020,null,cung cấp danh sách các NHTM nới KBNN mở tài khoản,76785,305,16,DA_NANG,Hoàng Trung Lương,25/06/2020,https://files.customs.gov.vn/DA_NANG/Uploads/65e32243-11bf-4695-985d-c1563e8c13ba/_69(6).pdf,https://www.customs.gov.vn/index.jsp?pageId=3&id=76785&cid=1294,2020,06/2020,2026-10-08T09:32:22Z
518,1848/HQHCM-GSQL,24/06/2020,Bộ Thương Mại,V/v vướng mắc về dán nhãn hàng hóa,58882,305,16,TP_HO_CHI_MINH,Lê Xuân Mỹ,24/06/2020,https://files.customs.gov.vn/CustomsCMS/TP_HO_CHI_MINH/2020/Web/Data/DocumentAttachments/Vanban_1848.pdf,https://www.customs.gov.vn/index.jsp?pageId=3&id=58882&cid=1294,2020,06/2020,2026-10-08T09:32:22Z
519,1853/HQHCM-GSQL,24/06/2020,Bộ Thương Mại,V/v chuyển hàng hóa từ kho ngoại quan này sang kho ngoại quan khác,57802,305,16,TP_HO_CHI_MINH,Lê Xuân Mỹ,24/06/2020,https://files.customs.gov.vn/CustomsCMS/TP_HO_CHI_MINH/2020/Web/Data/DocumentAttachments/1853.pdf,https://www.customs.gov.vn/index.jsp?pageId=3&id=57802&cid=1294,2020,06/2020,2026-10-08T09:32:22Z
520,4228/TB-TCHQ,24/06/2020,Tổng cục hải quan,"Chế phẩm bổ sung trong thức ăn chăn nuôi, thành phần chính gồm Cinnamaldehyde, Carvacrol và Capsicum oleoresin trong chất mang, đã được tạo hạt dạng vi nang.",54238,305,16,TP_HO_CHI_MINH,Lưu Mạnh Tưởng,24/06/2020,https://files.customs.gov.vn/CustomsCMS/TP_HO_CHI_MINH/2020/Web/Data/DocumentAttachments/Vanban_4228.PDF,https://www.customs.gov.vn/index.jsp?pageId=3&id=54238&cid=1294,2020,06/2020,2026-10-08T09:32:22Z
521,68/2020/NĐ-CP,24/06/2020,Chính phủ,"Nghị định số 68/2020/NĐ-CP ngày 24/6/2020 của Chính phủ sửa đổi, bổ sung khoản 3 điều 8 Nghị định số 20/2017/NĐ-CP ngày 24 tháng 02 năm 2017 của Chính phủ quy định về quản lý thuế đối với doanh nghiêp có giao dịch liên kết",60271,305,8,TONG_CUC,Nguyễn Xuân Phúc,24/06/2020,https://files.customs.gov.vn/van_ban_phap_luat/Lists/VanBanPhapLuat/Attachments/13301/ND68-CP2020.PDF,https://www.customs.gov.vn/index.jsp?pageId=3&id=60271&cid=1294,2020,06/2020,2026-10-08T09:32:22Z
522,1835/HQHCM-TXNK,23/06/2020,Bộ Thương Mại,"V/v hướng dẫn phân loại mặt hàng “Tủ rượu làm lạnh bằng nhiệt điện, không sử dụng máy nén”",53623,305,16,TP_HO_CHI_MINH,Nguyễn Quốc Toản,23/06/2020,https://files.customs.gov.vn/CustomsCMS/TP_HO_CHI_MINH/2020/Web/Data/DocumentAttachments/1835.pdf,https://www.customs.gov.vn/index.jsp?pageId=3&id=53623&cid=1294,2020,06/2020,2026-10-08T09:32:22Z
523,1843/HQHCM-GSQL,23/06/2020,Bộ Thương Mại,V/v trả lời công văn Công ty CP Vận Tải và DV Hàng Hải,56802,305,16,TP_HO_CHI_MINH,Lê Xuân Mỹ,23/06/2020,https://files.customs.gov.vn/CustomsCMS/TP_HO_CHI_MINH/2020/Web/Data/DocumentAttachments/1843.pdf,https://www.customs.gov.vn/index.jsp?pageId=3&id=56802&cid=1294,2020,06/2020,2026-10-08T09:32:22Z
524,4204/TCHQ-TXNK,22/06/2020,Tổng cục hải quan,V/v thuế nhập khẩu Khung giá đỡ tấm pin quang điện,56023,305,16,TP_HO_CHI_MINH,Lê Mạnh Hùng,22/06/2020,https://files.customs.gov.vn/CustomsCMS/TP_HO_CHI_MINH/2020/Web/Data/DocumentAttachments/1581997_7937.pdf,https://www.customs.gov.vn/index.jsp?pageId=3&id=56023&cid=1294,2020,06/2020,2026-10-08T09:32:22Z
525,08/2020/TT-BNNPTNT,19/06/2020,null,"Sửa đổi, bổ sung Điều 2 của Thông tư số 04/2020/TT-BNNPTNT về Quy chuẩn thức ăn chăn nuôi",76823,305,4,DA_NANG,Phùng Đức Tiến,20/08/2020,https://files.customs.gov.vn/DA_NANG/Uploads/65e32243-11bf-4695-985d-c1563e8c13ba/08_2020_tt_BNNPTNT (quy chuẩn thức ăn chăn nuôi).pdf,https://www.customs.gov.vn/index.jsp?pageId=3&id=76823&cid=1294,2020,06/2020,2026-10-08T09:32:22Z
526,11/2020/TT-BYT,19/06/2020,null,"Ban hành Danh mục hóa chất cấm sử dụng và hạn chế sử dụng trong chế phẩm diệt côn trùng, diệt khuẩn dùng trong lĩnh vực gia dụng y tế",76822,305,4,DA_NANG,Đỗ Xuân Tuyên,20/08/2020,https://files.customs.gov.vn/DA_NANG/Uploads/65e32243-11bf-4695-985d-c1563e8c13ba/11_2020_TT_BYT (chế phẩm diệt côn trùng).pdf,https://www.customs.gov.vn/index.jsp?pageId=3&id=76822&cid=1294,2020,06/2020,2026-10-08T09:32:22Z
527,4166/TCHQ-GSQL,19/06/2020,Tổng cục hải quan,V/v chứng từ chứng nhận xuất xứ trong Hiệp định CPTPP,56094,305,16,TP_HO_CHI_MINH,Mai Xuân Thành,19/06/2020,https://files.customs.gov.vn/CustomsCMS/TP_HO_CHI_MINH/2020/Web/Data/DocumentAttachments/Vanban_4166.pdf,https://www.customs.gov.vn/index.jsp?pageId=3&id=56094&cid=1294,2020,06/2020,2026-10-08T09:32:22Z
528,13/2020/TT-BCT,18/06/2020,Bộ và ngang bộ,"Thông tư số 13/2020/TT-BCT ngày 18/6/3020 của Bộ Công Thương sửa đổi, bổ sung, bãi bỏ một số quy định về điều kiện đầu tư kinh doanh thuộc lĩnh vực quản lý nhà nước của Bộ Công thương",60277,305,4,TONG_CUC,Trần Tuấn Anh,03/08/2020,https://files.customs.gov.vn/van_ban_phap_luat/Lists/VanBanPhapLuat/Attachments/13308/TT13-BCT2020.PDF,https://www.customs.gov.vn/index.jsp?pageId=3&id=60277&cid=1294,2020,06/2020,2026-10-08T09:32:22Z
529,1607/QÐ-TCHQ,18/06/2020,Tổng cục hải quan,Về việc thu hồi mã số nhân viên đại lý làm thủ tục hải quan,57513,305,10,TP_HO_CHI_MINH,Âu Anh Tuấn,18/06/2020,https://files.customs.gov.vn/CustomsCMS/TP_HO_CHI_MINH/2020/Web/Data/DocumentAttachments/Vanban_1607.PDF,https://www.customs.gov.vn/index.jsp?pageId=3&id=57513&cid=1294,2020,06/2020,2026-10-08T09:32:22Z
530,2553/QĐ-BYT,18/06/2020,Bộ Y tế,"Quyết định số 2553/QĐ-BYT ngày 18 tháng 6 năm 2020 của Bộ Y tế về việc hướng dẫn tạm thời công tác kiểm dịch y tế phòng chống lây nhiễm Covid-19 đối với phương tiện và người điều khiển phương tiện vận chuyển hàng hóa tại các cửa khẩu đường bộ, đường sắt, đường thủy và đường hàng không.",38597,305,18,DAK_LAK,hqdaklak2,18/07/2020,https://files.customs.gov.vn/CustomsCMS/DAK_LAK/2020/other/2553.pdf,https://www.customs.gov.vn/index.jsp?pageId=3&id=38597&cid=1294,2020,06/2020,2026-10-08T09:32:22Z
531,280/QĐ-QLD,18/06/2020,Bộ và ngang bộ,Quyết định số 280/QĐ-QLD ngày 18/6/2020 của Cục Quản lý Dược (Bộ Y tế) v/v thu hồi 09 giấy đăng ký lưu hành thuốc tại Việt Nam,60281,305,10,TONG_CUC,Nguyễn Thành Lâm,18/06/2020,https://files.customs.gov.vn/van_ban_phap_luat/Lists/VanBanPhapLuat/Attachments/13314/QD280-QLD-BYT2020.PDF,https://www.customs.gov.vn/index.jsp?pageId=3&id=60281&cid=1294,2020,06/2020,2026-10-08T09:32:22Z
532,281/QĐ-QLD,18/06/2020,Bộ và ngang bộ,Quyết định số 281/QĐ-QLD ngày 18/6/2020 của Cục Quản lý Dược (Bộ Y tế) v/v thu hồi 13 giấy đăng ký lưu hành thuốc tại Việt Nam,60282,305,10,TONG_CUC,Nguyễn Thành Lâm,18/06/2020,https://files.customs.gov.vn/van_ban_phap_luat/Lists/VanBanPhapLuat/Attachments/13315/QD281-QLD-BYT2020.PDF,https://www.customs.gov.vn/index.jsp?pageId=3&id=60282&cid=1294,2020,06/2020,2026-10-08T09:32:22Z
533,1787/HQHCM-GSQL,17/06/2020,Bộ Thương Mại,V/v trả lời công văn số 02/06-2020/CV - Công ty TNHH Shima Seiki,54030,305,16,TP_HO_CHI_MINH,Lê Xuân Mỹ,17/06/2020,https://files.customs.gov.vn/CustomsCMS/TP_HO_CHI_MINH/2020/Web/Data/DocumentAttachments/Vanban_1787.pdf,https://www.customs.gov.vn/index.jsp?pageId=3&id=54030&cid=1294,2020,06/2020,2026-10-08T09:32:22Z
534,3997/TCHQ-TXNK,17/06/2020,Tổng cục hải quan,V/v phân loại và áp dụng mức thuế đối với mặt hàng hạt giống nhập khẩu,58131,305,16,TP_HO_CHI_MINH,Đào Thu Hương,17/06/2020,https://files.customs.gov.vn/CustomsCMS/TP_HO_CHI_MINH/2020/Web/Data/DocumentAttachments/CV3997TCHQ2020.PDF,https://www.customs.gov.vn/index.jsp?pageId=3&id=58131&cid=1294,2020,06/2020,2026-10-08T09:32:22Z
535,61/2020/QH14,17/06/2020,null,LUẬT ĐẦU TƯ 2020,76864,305,13,DA_NANG,Nguyễn Thị Kim Ngân,01/01/2021,https://files.customs.gov.vn/DA_NANG/Uploads/65e32243-11bf-4695-985d-c1563e8c13ba/Luật đầu tư só 61-2020.pdf,https://www.customs.gov.vn/index.jsp?pageId=3&id=76864&cid=1294,2020,06/2020,2026-10-08T09:32:22Z
536,11/TB-HĐNVKHQ,16/06/2020,Tổng cục hải quan,"Thông báo danh sách phòng thi. lịch thi, ca thi của kỳ thi cấp chứng chỉ nghiệp vụ khai hải quan năm 2020 khu vực phía Nam",61083,305,19,BINH_DUONG,null,16/06/2020,https://files.customs.gov.vn/BINH_DUONG/CMS/Lists/VanBanPhapQuy_VN/Attachments/4538/11-TB-HĐNVKHQ-2020.pdf,https://www.customs.gov.vn/index.jsp?pageId=3&id=61083&cid=1294,2020,06/2020,2026-10-08T09:32:22Z
537,1575/QÐ-BCT,16/06/2020,Bộ Công thương,"Đính chính Thông tư số 05/2020/TT-BCT ngày 16 tháng 3 năm 2020 của Bộ trưởng Bộ Công Thương sửa đổi, bổ sung một số điều của Thông tư liên tịch số 47/2011/TTLT-BCT-BTNMT ngày 30 tháng 12 năm 2011 của Bộ trưởng Bộ Công Thương và Bộ trưởng Bộ Tài nguyên và Môi trường quy định việc quản lý nhập khẩu, xuất khẩu và tạm nhập - tái xuất các chất làm suy giảm tầng ô-dôn theo quy định của Nghị định thư Montreal về các chất làm suy giảm tầng ô-dôn",58032,305,10,TP_HO_CHI_MINH,Trần Quốc Khánh,16/06/2020,https://files.customs.gov.vn/CustomsCMS/TP_HO_CHI_MINH/2020/Web/Data/DocumentAttachments/QD1575-BCT2020.PDF,https://www.customs.gov.vn/index.jsp?pageId=3&id=58032&cid=1294,2020,06/2020,2026-10-08T09:32:22Z
538,1588/QÐ-TCHQ,16/06/2020,Tổng cục hải quan,Về việc thu hồi mã số nhân viên đại lý làm thủ tục hải quan,53164,305,10,TP_HO_CHI_MINH,Âu Anh Tuấn,16/06/2020,https://files.customs.gov.vn/CustomsCMS/TP_HO_CHI_MINH/2020/Web/Data/DocumentAttachments/Vanban_1588.PDF,https://www.customs.gov.vn/index.jsp?pageId=3&id=53164&cid=1294,2020,06/2020,2026-10-08T09:32:22Z
539,1589/QÐ-TCHQ,16/06/2020,Tổng cục hải quan,Kế hoạch của Tổng cục Hải quan triển khai các giải pháp nâng cao xếp hạng chỉ số Giao dịch thương mại qua biên giới của Việt Nam giai đoạn 2020-2021,52710,305,10,TP_HO_CHI_MINH,Hoàng Việt Cường,16/06/2020,https://files.customs.gov.vn/CustomsCMS/TP_HO_CHI_MINH/2020/Web/Data/DocumentAttachments/QD15892020TCHQ.pdf,https://www.customs.gov.vn/index.jsp?pageId=3&id=52710&cid=1294,2020,06/2020,2026-10-08T09:32:22Z
540,3961/TCHQ-TXNK,16/06/2020,Tổng cục hải quan,V/v phân loại hàng hóa,53183,305,16,TP_HO_CHI_MINH,Đào Thu Hương,16/06/2020,https://files.customs.gov.vn/CustomsCMS/TP_HO_CHI_MINH/2020/Web/Data/DocumentAttachments/Vanban_3961.PDF,https://www.customs.gov.vn/index.jsp?pageId=3&id=53183&cid=1294,2020,06/2020,2026-10-08T09:32:22Z
541,3986/TB-TCHQ,16/06/2020,Tổng cục hải quan,"Chế phẩm dùng trong công nghiệp sản xuất mỹ phẩm, thành phần có chứa este của axit béo, dầu từ thực vật, chiết xuất thực vật..., dạng lỏng.",54897,305,16,TP_HO_CHI_MINH,Lưu Mạnh Tưởng,16/06/2020,https://files.customs.gov.vn/CustomsCMS/TP_HO_CHI_MINH/2020/Web/Data/DocumentAttachments/Vanban_3986.PDF,https://www.customs.gov.vn/index.jsp?pageId=3&id=54897&cid=1294,2020,06/2020,2026-10-08T09:32:22Z
542,3987/TB-TCHQ,16/06/2020,Tổng cục hải quan,"Chế phẩm dùng trong công nghiệp sản xuất mỹ phẩm, thành phần có chứa este của axit béo, dâu từ thực vật, chiết xuất thực vật..., dạng lỏng.",58900,305,16,TP_HO_CHI_MINH,Lưu Mạnh Tưởng,16/06/2020,https://files.customs.gov.vn/CustomsCMS/TP_HO_CHI_MINH/2020/Web/Data/DocumentAttachments/Vanban_3987.PDF,https://www.customs.gov.vn/index.jsp?pageId=3&id=58900&cid=1294,2020,06/2020,2026-10-08T09:32:22Z
543,11/2020/TT-BCT,15/06/2020,Khác,Thông tư quy định Quy tắc xuất xứ hàng hóa trong Hiệp định Thương mại tự do giữa Việt Nam và Liên minh châu Âu,43065,305,18,QUANG_BINH,null,null,https://files.customs.gov.vn/CustomsCMS/QUANG_BINH/2021/04/images/stories/files/11-2020-TTBCT.pdf,https://www.customs.gov.vn/index.jsp?pageId=3&id=43065&cid=1294,2020,06/2020,2026-10-08T09:32:22Z
544,1574/QÐ-TCHQ,15/06/2020,Tổng cục hải quan,Về việc thu hồi mã số nhân viên đại lý làm thủ tục hải quan,52256,305,10,TP_HO_CHI_MINH,Âu Anh Tuấn,15/06/2020,https://files.customs.gov.vn/CustomsCMS/TP_HO_CHI_MINH/2020/Web/Data/DocumentAttachments/Vanban_1574.PDF,https://www.customs.gov.vn/index.jsp?pageId=3&id=52256&cid=1294,2020,06/2020,2026-10-08T09:32:22Z
545,1575/QÐ-TCHQ,15/06/2020,Tổng cục hải quan,Về việc chấm dứt hoạt động đại lý làm thủ tục hải quan - Công ty TNHH Đầu tư phát triển Huy Quang,56634,305,10,TP_HO_CHI_MINH,Âu Anh Tuấn,15/06/2020,https://files.customs.gov.vn/CustomsCMS/TP_HO_CHI_MINH/2020/Web/Data/DocumentAttachments/Vanban_1575.PDF,https://www.customs.gov.vn/index.jsp?pageId=3&id=56634&cid=1294,2020,06/2020,2026-10-08T09:32:22Z
546,1755/HQHCM-GSQL,15/06/2020,Bộ Thương Mại,V/v hướng dẫn thủ tục hải quan,56304,305,16,TP_HO_CHI_MINH,Lê Xuân Mỹ,15/06/2020,https://files.customs.gov.vn/CustomsCMS/TP_HO_CHI_MINH/2020/Web/Data/DocumentAttachments/Vanban_1755.PDF,https://www.customs.gov.vn/index.jsp?pageId=3&id=56304&cid=1294,2020,06/2020,2026-10-08T09:32:22Z
547,1758/HQHCM-GSQL,15/06/2020,Bộ Thương Mại,V/v xuất nhập khẩu tại chỗ của doanh nghiệp FDI,52378,305,16,TP_HO_CHI_MINH,Lê Xuân Mỹ,15/06/2020,https://files.customs.gov.vn/CustomsCMS/TP_HO_CHI_MINH/2020/Web/Data/DocumentAttachments/Vanban_1758.PDF,https://www.customs.gov.vn/index.jsp?pageId=3&id=52378&cid=1294,2020,06/2020,2026-10-08T09:32:22Z
548,3917/TCHQ-TXNK,15/06/2020,Tổng cục hải quan,V/v thuế GTGT đối với trang thiết bị y tế,54710,305,16,TP_HO_CHI_MINH,Lê Mạnh Hùng,15/06/2020,https://files.customs.gov.vn/CustomsCMS/TP_HO_CHI_MINH/2020/Web/Data/DocumentAttachments/Vanban_3917.PDF,https://www.customs.gov.vn/index.jsp?pageId=3&id=54710&cid=1294,2020,06/2020,2026-10-08T09:32:22Z
549,3923/TB-TCHQ,15/06/2020,Tổng cục hải quan,"Chế phẩm hóa học thành phần chứa benzotriazole; propanediol-1,2; dodecanedioic axit..., hòa tan trong môi trường nước.",56307,305,16,TP_HO_CHI_MINH,Lưu Mạnh Tưởng,15/06/2020,,https://www.customs.gov.vn/index.jsp?pageId=3&id=56307&cid=1294,2020,06/2020,2026-10-08T09:32:22Z
550,3929/TB-TCHQ,15/06/2020,Tổng cục hải quan,"Dầu thực vật (Sea buckthorn oil), chỉ số axit ~ 12.5mg KOH/g dầu, dạng viên nang, 1000 viên/túi.",56966,305,16,TP_HO_CHI_MINH,Lưu Mạnh Tưởng,15/06/2020,https://files.customs.gov.vn/CustomsCMS/TP_HO_CHI_MINH/2020/Web/Data/DocumentAttachments/Vanban_3929.PDF,https://www.customs.gov.vn/index.jsp?pageId=3&id=56966&cid=1294,2020,06/2020,2026-10-08T09:32:22Z
551,67/2020/NÐ-CP,15/06/2020,Chính phủ,"Nghị định sửa đổi, bổ sung một số điều của Nghị định số 68/2016/NĐ-CP ngày 01 tháng 7 năm 2016 của Chính phủ quy định về điều kiện kinh doanh hàng miễn thuế, kho bãi, địa điểm làm thủ tục hải quan, tập kết, kiểm tra, giám sát hải quan",56620,305,8,TP_HO_CHI_MINH,Nguyễn Xuân Phúc,10/08/2020,https://files.customs.gov.vn/CustomsCMS/TP_HO_CHI_MINH/2020/Web/Data/DocumentAttachments/67_2020_ND-CP_389436.doc,https://www.customs.gov.vn/index.jsp?pageId=3&id=56620&cid=1294,2020,06/2020,2026-10-08T09:32:22Z
552,67/2020/NĐ-CP,15/06/2020,Chính phủ,"Nghị định số 67/2020/NĐ-CP ngày 15 tháng 6 năm 2020 của Chính phủ sửa đổi, bổ sung một số điều của Nghị định số 68/2016/NĐ-CP ngày 01 tháng 7 năm 2016 của Chính phủ quy định về điều kiện kinh doanh hàng miễn thuế, kho bãi, địa điểm làm thủ tục hải quan, tập kết, kiểm tra, giám sát hải quan. Hiệu lực từ ngày 10 tháng 8 năm 2020.",38596,305,18,DAK_LAK,hqdaklak2,30/09/2020,https://files.customs.gov.vn/CustomsCMS/DAK_LAK/2020/other/67_signed.pdf,https://www.customs.gov.vn/index.jsp?pageId=3&id=38596&cid=1294,2020,06/2020,2026-10-08T09:32:22Z
553,995/HQĐNg-GSQL,15/06/2020,null,V/v lưu ý tiếp nhận hồ sơ làm thủ tục đối với hàng hóa viện trợ nhập khẩu,76782,305,16,DA_NANG,Nguyễn Hương,15/06/2020,https://files.customs.gov.vn/DA_NANG/Uploads/65e32243-11bf-4695-985d-c1563e8c13ba/CV-995-HQDNg-GSQL.pdf,https://www.customs.gov.vn/index.jsp?pageId=3&id=76782&cid=1294,2020,06/2020,2026-10-08T09:32:22Z
554,1164/HQĐNa-GSQL,12/06/2020,Cục Hải Quan tỉnh Đồng Nai,"Quy định mới trong xuất khẩu lương thực, thực phẩm vào thị trường Pakistan (Các doanh nghiệp kinh doanh XNK trên địa bàn tỉnh Đồng Nai, tỉnh Bình Thuận)",67021,305,16,DONG_NAI,null,null,https://files.customs.gov.vn/DONG_NAI//Data/Cv_Hqdn/1164_HQDNa_GSQL_12_06_2020.pdf,https://www.customs.gov.vn/index.jsp?pageId=3&id=67021&cid=1294,2020,06/2020,2026-10-08T09:32:22Z
555,1562/QÐ-TCHQ,12/06/2020,Tổng cục hải quan,Về việc chấm dứt hoạt động đại lý làm thủ tục hải quan và thu hồi mã số nhân viên đại lý làm thủ tục hải quan - Danh sách theo file đính kèm,56210,305,10,TP_HO_CHI_MINH,Âu Anh Tuấn,12/06/2020,https://files.customs.gov.vn/CustomsCMS/TP_HO_CHI_MINH/2020/Web/Data/DocumentAttachments/Vanban_1562.PDF,https://www.customs.gov.vn/index.jsp?pageId=3&id=56210&cid=1294,2020,06/2020,2026-10-08T09:32:22Z
556,1563/QÐ-TCHQ,12/06/2020,Tổng cục hải quan,Về việc thu hồi mã số nhân viên đại lý làm thủ tục hải quan - Danh sách theo file đính kèm,56285,305,10,TP_HO_CHI_MINH,Âu Anh Tuấn,12/06/2020,https://files.customs.gov.vn/CustomsCMS/TP_HO_CHI_MINH/2020/Web/Data/DocumentAttachments/Vanban_1563.PDF,https://www.customs.gov.vn/index.jsp?pageId=3&id=56285&cid=1294,2020,06/2020,2026-10-08T09:32:22Z
557,1564/QÐ-TCHQ,12/06/2020,Tổng cục hải quan,Về việc tạm dừng hoạt động đại lý làm thủ tục hải quan - Công ty TNHH Thương mại - Dịch vụ Hàng hóa A.N.C,52782,305,10,TP_HO_CHI_MINH,Âu Anh Tuấn,12/06/2020,https://files.customs.gov.vn/CustomsCMS/TP_HO_CHI_MINH/2020/Web/Data/DocumentAttachments/Vanban_1564.PDF,https://www.customs.gov.vn/index.jsp?pageId=3&id=52782&cid=1294,2020,06/2020,2026-10-08T09:32:22Z
558,1737/HQHCM-GSQL,12/06/2020,Bộ Thương Mại,V/v xử lý phế liệu thu được trong quá trình sản xuất xuất khẩu - Công ty TNHH Tae Yang Việt Nam,57333,305,16,TP_HO_CHI_MINH,Lê Xuân Mỹ,12/06/2020,https://files.customs.gov.vn/CustomsCMS/TP_HO_CHI_MINH/2020/Web/Data/DocumentAttachments/Vanban_1737.PDF,https://www.customs.gov.vn/index.jsp?pageId=3&id=57333&cid=1294,2020,06/2020,2026-10-08T09:32:22Z
559,1738/HQHCM-GSQL,12/06/2020,Bộ Thương Mại,V/v khai báo trên tờ khai hải quan - Tổng Công Ty May Nhà Bè - CTCP,53251,305,16,TP_HO_CHI_MINH,Lê Xuân Mỹ,12/06/2020,https://files.customs.gov.vn/CustomsCMS/TP_HO_CHI_MINH/2020/Web/Data/DocumentAttachments/Vanban_1738.PDF,https://www.customs.gov.vn/index.jsp?pageId=3&id=53251&cid=1294,2020,06/2020,2026-10-08T09:32:22Z
560,1741/HQHCM-TXNK,12/06/2020,Bộ Thương Mại,V/v hướng dẫn phân loại mặt hàng “Gương phản xạ”,56113,305,16,TP_HO_CHI_MINH,Nguyễn Quốc Toản,12/06/2020,https://files.customs.gov.vn/CustomsCMS/TP_HO_CHI_MINH/2020/Web/Data/DocumentAttachments/Vanban_1741.PDF,https://www.customs.gov.vn/index.jsp?pageId=3&id=56113&cid=1294,2020,06/2020,2026-10-08T09:32:22Z
561,1743/HQHCM-GSQL,12/06/2020,Bộ Thương Mại,V/v hướng dẫn thủ tục tạm nhập máy móc thiết bị,53011,305,16,TP_HO_CHI_MINH,Lê Xuân Mỹ,12/06/2020,https://files.customs.gov.vn/CustomsCMS/TP_HO_CHI_MINH/2020/Web/Data/DocumentAttachments/Vanban_1743.PDF,https://www.customs.gov.vn/index.jsp?pageId=3&id=53011&cid=1294,2020,06/2020,2026-10-08T09:32:22Z
562,1745/HQHCM-TXNK,12/06/2020,Bộ Thương Mại,V/v gia hạn thời gian nộp thuế của hàng hóa nhập khẩu,55098,305,16,TP_HO_CHI_MINH,Nguyễn Quốc Toản,12/06/2020,https://files.customs.gov.vn/CustomsCMS/TP_HO_CHI_MINH/2020/Web/Data/DocumentAttachments/Vanban_1745.PDF,https://www.customs.gov.vn/index.jsp?pageId=3&id=55098&cid=1294,2020,06/2020,2026-10-08T09:32:22Z
563,1155/HQĐNa-GSQL,11/06/2020,Cục Hải Quan tỉnh Đồng Nai,Kết quả xác minh C/O (Công ty cổ phần thực phẩm và nước giải khát Dona Newtower),67019,305,16,DONG_NAI,null,null,https://files.customs.gov.vn/DONG_NAI//Data/Cv_Hqdn/1155_HQDNa_GSQL_11_06_2020.pdf,https://www.customs.gov.vn/index.jsp?pageId=3&id=67019&cid=1294,2020,06/2020,2026-10-08T09:32:22Z
564,1161/HQĐNa-VP,11/06/2020,Cục Hải Quan tỉnh Đồng Nai,Công khai TTHC mới ban hành lĩnh vực hải quan thuộc phạm vi chức năng quản lý của Bộ Tài chính,67020,305,16,DONG_NAI,null,null,https://files.customs.gov.vn/DONG_NAI//Data/Cv_Hqdn/1161_HQDNa_VP_11_06_2020(1).pdf,https://www.customs.gov.vn/index.jsp?pageId=3&id=67020&cid=1294,2020,06/2020,2026-10-08T09:32:22Z
565,1556/QÐ-TCHQ,11/06/2020,Tổng cục hải quan,Về việc tiếp tục hoạt động đại lý làm thủ tục hải quan - Công ty TNHH SITC Logistics Việt Nam,53977,305,10,TP_HO_CHI_MINH,Âu Anh Tuấn,11/06/2020,https://files.customs.gov.vn/CustomsCMS/TP_HO_CHI_MINH/2020/Web/Data/DocumentAttachments/Vanban_1556.PDF,https://www.customs.gov.vn/index.jsp?pageId=3&id=53977&cid=1294,2020,06/2020,2026-10-08T09:32:22Z
566,1715/HQHCM-GSQL,11/06/2020,Bộ Thương Mại,V/v trả lời công văn số 02/CV của Cty TNHH MTV TM XNK Tân Ánh Dương,53945,305,16,TP_HO_CHI_MINH,Lê Xuân Mỹ,11/06/2020,https://files.customs.gov.vn/CustomsCMS/TP_HO_CHI_MINH/2020/Web/Data/DocumentAttachments/Vanban_1715.PDF,https://www.customs.gov.vn/index.jsp?pageId=3&id=53945&cid=1294,2020,06/2020,2026-10-08T09:32:22Z
567,1716/HQHCM-GSQL,11/06/2020,Bộ Thương Mại,V/v phân loại mặt hàng máy chiếu - Công ty TNHH Truyền Thông Đa Phương Tiện Bảo Huy,54872,305,16,TP_HO_CHI_MINH,Lê Xuân Mỹ,11/06/2020,https://files.customs.gov.vn/CustomsCMS/TP_HO_CHI_MINH/2020/Web/Data/DocumentAttachments/Vanban_1716.PDF,https://www.customs.gov.vn/index.jsp?pageId=3&id=54872&cid=1294,2020,06/2020,2026-10-08T09:32:22Z
568,1724/HQHCM-GSQL,11/06/2020,Bộ Thương Mại,V/v địa điểm tái xuất hàng hóa - Công ty TNHH Rochdale Spears,56595,305,16,TP_HO_CHI_MINH,Lê Xuân Mỹ,11/06/2020,https://files.customs.gov.vn/CustomsCMS/TP_HO_CHI_MINH/2020/Web/Data/DocumentAttachments/Vanban_1724.PDF,https://www.customs.gov.vn/index.jsp?pageId=3&id=56595&cid=1294,2020,06/2020,2026-10-08T09:32:22Z
569,3853/TB-TCHQ,11/06/2020,Tổng cục hải quan,"Nhôm lá mỏng đã bồi, loại không cách nhiệt, dùng để cách âm chống ồn cho ô tô.",54152,305,16,TP_HO_CHI_MINH,Lưu Mạnh Tưởng,11/06/2020,https://files.customs.gov.vn/CustomsCMS/TP_HO_CHI_MINH/2020/Web/Data/DocumentAttachments/Vanban_3853.PDF,https://www.customs.gov.vn/index.jsp?pageId=3&id=54152&cid=1294,2020,06/2020,2026-10-08T09:32:22Z
570,3864/TCHQ-TXNK,11/06/2020,Tổng cục hải quan,V/v xử lý thuế đối với mặt hàng giống cây trồng nhập khẩu,52454,305,16,TP_HO_CHI_MINH,Lưu Mạnh Tưởng,11/06/2020,https://files.customs.gov.vn/CustomsCMS/TP_HO_CHI_MINH/2020/Web/Data/DocumentAttachments/Vanban_3864.PDF,https://www.customs.gov.vn/index.jsp?pageId=3&id=52454&cid=1294,2020,06/2020,2026-10-08T09:32:22Z
571,1542/QÐ-TCHQ,10/06/2020,Tổng cục hải quan,Về việc thu hồi mã số nhân viên đại lý làm thủ tục hải quan,54054,305,10,TP_HO_CHI_MINH,Âu Anh Tuấn,10/06/2020,https://files.customs.gov.vn/CustomsCMS/TP_HO_CHI_MINH/2020/Web/Data/DocumentAttachments/Vanban_1542.PDF,https://www.customs.gov.vn/index.jsp?pageId=3&id=54054&cid=1294,2020,06/2020,2026-10-08T09:32:22Z
572,1545/QÐ-TCHQ,10/06/2020,Tổng cục hải quan,Về việc thay đổi thông tin đại lý làm thủ tục hải quan - Công ty TNHH Thương mại và Dịch vụ AEL,52208,305,10,TP_HO_CHI_MINH,Âu Anh Tuấn,10/06/2020,https://files.customs.gov.vn/CustomsCMS/TP_HO_CHI_MINH/2020/Web/Data/DocumentAttachments/Vanban_1545.PDF,https://www.customs.gov.vn/index.jsp?pageId=3&id=52208&cid=1294,2020,06/2020,2026-10-08T09:32:22Z
573,3784/TB-TCHQ,10/06/2020,Tổng cục hải quan,"Nước ép hỗn hợp cô đặc (nho, quả cơm cháy, anh đào, mâm xôi và dâu tây), có trị số brix ~71,6° Brix, hàm lượng axit citric -2,24%",56401,305,16,TP_HO_CHI_MINH,Lưu Mạnh Tưởng,10/06/2020,https://files.customs.gov.vn/CustomsCMS/TP_HO_CHI_MINH/2020/Web/Data/DocumentAttachments/Vanban_3784.PDF,https://www.customs.gov.vn/index.jsp?pageId=3&id=56401&cid=1294,2020,06/2020,2026-10-08T09:32:22Z
574,3786/TB-TCHQ,10/06/2020,Tổng cục hải quan,"Nước ép hỗn hợp cô đặc (xoài, táo), có trị số brix ~66,7° Brix, hàm lượng axit citric ~2,11%.",57167,305,16,TP_HO_CHI_MINH,Lưu Mạnh Tưởng,10/06/2020,https://files.customs.gov.vn/CustomsCMS/TP_HO_CHI_MINH/2020/Web/Data/DocumentAttachments/Vanban_3786.PDF,https://www.customs.gov.vn/index.jsp?pageId=3&id=57167&cid=1294,2020,06/2020,2026-10-08T09:32:22Z
575,3787/TB-TCHQ,10/06/2020,Tổng cục hải quan,"Nước ép hỗn hợp cô đặc (chanh, táo), có trị số brix ~67,3° Brix, hàm lượng axit citric ~4,99%.",54767,305,16,TP_HO_CHI_MINH,Lưu Mạnh Tưởng,10/06/2020,https://files.customs.gov.vn/CustomsCMS/TP_HO_CHI_MINH/2020/Web/Data/DocumentAttachments/Vanban_3787.PDF,https://www.customs.gov.vn/index.jsp?pageId=3&id=54767&cid=1294,2020,06/2020,2026-10-08T09:32:22Z
576,3788/TB-TCHQ,10/06/2020,Tổng cục hải quan,"Nước ép cam cô đặc, không đông lạnh, có trị số brix -67,5 °Brix, hàm lượng axit citric -3,65%.",56859,305,16,TP_HO_CHI_MINH,Lưu Mạnh Tưởng,10/06/2020,https://files.customs.gov.vn/CustomsCMS/TP_HO_CHI_MINH/2020/Web/Data/DocumentAttachments/Vanban_3788.PDF,https://www.customs.gov.vn/index.jsp?pageId=3&id=56859&cid=1294,2020,06/2020,2026-10-08T09:32:22Z
577,3795/TB-TCHQ,10/06/2020,Tổng cục hải quan,"Hỗn hợp gồm mật ong lên men (đường khử, gluconic,...), phenoxyethanol và nước, dùng làm nguyên liệu trong sản xuất mỹ phẩm.",56964,305,16,TP_HO_CHI_MINH,Lưu Mạnh Tưởng,10/06/2020,https://files.customs.gov.vn/CustomsCMS/TP_HO_CHI_MINH/2020/Web/Data/DocumentAttachments/Vanban_3795.PDF,https://www.customs.gov.vn/index.jsp?pageId=3&id=56964&cid=1294,2020,06/2020,2026-10-08T09:32:22Z
578,3812/TB-TCHQ,10/06/2020,Tổng cục hải quan,"Chế phẩm thực phẩm, thành phần có chứa hỗn hợp Whey protein (Whey protein concentrate, whey protein Isolate), hàm lượng protein tính theo Nitơ tổng ~71% tính theo trọng lượng khô, đường, maltodextrin, hương vani, bột đậu nành, đường nhân tạo steviol glycoside ... dạng bột, đóng gói 600g/hộp.",58800,305,16,TP_HO_CHI_MINH,Lưu Mạnh Tưởng,10/06/2020,https://files.customs.gov.vn/CustomsCMS/TP_HO_CHI_MINH/2020/Web/Data/DocumentAttachments/Vanban_3812.PDF,https://www.customs.gov.vn/index.jsp?pageId=3&id=58800&cid=1294,2020,06/2020,2026-10-08T09:32:22Z
579,3831/TB-TCHQ,10/06/2020,Tổng cục hải quan,"Màng plastic từ poly(etylen terephtalat), không xốp và chưa được gia cố, chưa gắn lớp mặt, chưa được bổ trợ hoặc chưa được kết hợp tương tự với các vật liệu khác",54923,305,16,TP_HO_CHI_MINH,Lưu Mạnh Tưởng,10/06/2020,https://files.customs.gov.vn/CustomsCMS/TP_HO_CHI_MINH/2020/Web/Data/DocumentAttachments/Vanban_3831.PDF,https://www.customs.gov.vn/index.jsp?pageId=3&id=54923&cid=1294,2020,06/2020,2026-10-08T09:32:22Z
580,64/2020/NÐ-CP,10/06/2020,Chính phủ,Nghị định hướng dẫn việc thực hiện cơ chế tạm quản theo Công ước Istanbul.,57130,305,8,TP_HO_CHI_MINH,Nguyễn Xuân Phúc,30/07/2020,https://files.customs.gov.vn/CustomsCMS/TP_HO_CHI_MINH/2020/Web/Data/DocumentAttachments/64_2020_ND-CP_444935.doc,https://www.customs.gov.vn/index.jsp?pageId=3&id=57130&cid=1294,2020,06/2020,2026-10-08T09:32:22Z
581,64/2020/NĐ-CP,10/06/2020,Chính phủ,Nghị định hướng dẫn cơ chế tạm quản theo Công ước Istanbul,38595,305,18,DAK_LAK,hqdaklak2,30/08/2020,https://files.customs.gov.vn/CustomsCMS/DAK_LAK/2020/other/64ND.PDF,https://www.customs.gov.vn/index.jsp?pageId=3&id=38595&cid=1294,2020,06/2020,2026-10-08T09:32:22Z
582,1130/HQĐNa-TXNK,09/06/2020,Cục Hải Quan tỉnh Đồng Nai,Xác nhận hoàn thành nghĩa vụ nộp thuế Công ty Cổ phần BOT Đường vào Cảng Phước An,67018,305,16,DONG_NAI,null,null,https://files.customs.gov.vn/DONG_NAI//Data/Cv_Hqdn/1130_HQDNa_TXNK_09_06_2020.PDF,https://www.customs.gov.vn/index.jsp?pageId=3&id=67018&cid=1294,2020,06/2020,2026-10-08T09:32:22Z
583,1692/HQHCM-GSQL,09/06/2020,Bộ Thương Mại,V/v hướng dẫn thủ tục hải quan - Công ty TNHH Panasonic Việt Nam,53687,305,16,TP_HO_CHI_MINH,Lê Xuân Mỹ,09/06/2020,https://files.customs.gov.vn/CustomsCMS/TP_HO_CHI_MINH/2020/Web/Data/DocumentAttachments/Vanban_1692.PDF,https://www.customs.gov.vn/index.jsp?pageId=3&id=53687&cid=1294,2020,06/2020,2026-10-08T09:32:22Z
584,3770/TB-TCHQ,09/06/2020,Tổng cục hải quan,Ống dẫn bằng hợp kim đồng-niken (đồng kền),56558,305,16,TP_HO_CHI_MINH,Lưu Mạnh Tưởng,09/06/2020,https://files.customs.gov.vn/CustomsCMS/TP_HO_CHI_MINH/2020/Web/Data/DocumentAttachments/Vanban_3770.PDF,https://www.customs.gov.vn/index.jsp?pageId=3&id=56558&cid=1294,2020,06/2020,2026-10-08T09:32:22Z
585,3778/TCHQ-GSQL,09/06/2020,null,"Điều kiện kiểm tra, giám sát hải quan khi thành lập DN chế xuất",76780,305,16,DA_NANG,Mai Xuân Thành,09/06/2020,https://files.customs.gov.vn/DA_NANG/Uploads/65e32243-11bf-4695-985d-c1563e8c13ba/1_3778_2020 (KT DNCX).pdf,https://www.customs.gov.vn/index.jsp?pageId=3&id=76780&cid=1294,2020,06/2020,2026-10-08T09:32:22Z
586,102/2020/QH14,08/06/2020,Quốc hội,Nghị quyết phê chuẩn Hiệp định Thương mại Tự do giữa CHXHCN Việt Nam và Liên minh Châu Âu,61866,305,7,QUANG_NGAI,Nguyễn Thị Kim Ngân,01/01/1900,https://files.customs.gov.vn/QUANG_NGAI/20200608_102_2020_QH14.pdf,https://www.customs.gov.vn/index.jsp?pageId=3&id=61866&cid=1294,2020,06/2020,2026-10-08T09:32:22Z
587,1123/HQĐNa-VP,08/06/2020,Cục Hải Quan tỉnh Đồng Nai,"Công khai thủ tục hành chính được sửa đổi, bổ sung trong lĩnh vực hải quan thuộc phạm vi, chức năng quản lý của Bộ Tài chính",67017,305,16,DONG_NAI,null,null,https://files.customs.gov.vn/DONG_NAI//Data/Cv_Hqdn/1123_HQDNa_VP_08_06_2020.pdf,https://www.customs.gov.vn/index.jsp?pageId=3&id=67017&cid=1294,2020,06/2020,2026-10-08T09:32:22Z
588,3715/TB-TCHQ,08/06/2020,Tổng cục hải quan,"Về kết quả phân loại đối với hàng hóa xuất khẩu, nhập khẩu",60388,305,16,TONG_CUC,Lưu Mạnh Tưởng,08/06/2020,https://files.customs.gov.vn/van_ban_phap_luat/Lists/VanBanPhapLuat/Attachments/13504/Vanban_3715.PDF,https://www.customs.gov.vn/index.jsp?pageId=3&id=60388&cid=1294,2020,06/2020,2026-10-08T09:32:22Z
589,3723/TB-TCHQ,08/06/2020,Tổng cục hải quan,"Về kết quả phân loại đối với hàng hóa xuất khẩu, nhập khẩu",60387,305,16,TONG_CUC,Lưu Mạnh Tưởng,08/06/2020,https://files.customs.gov.vn/van_ban_phap_luat/Lists/VanBanPhapLuat/Attachments/13503/Vanban_3723.PDF,https://www.customs.gov.vn/index.jsp?pageId=3&id=60387&cid=1294,2020,06/2020,2026-10-08T09:32:22Z
590,3728/TB-TCHQ,08/06/2020,Tổng cục hải quan,"Chế phẩm gây ức chế ăn mòn kim loại có thành phần chính là dẫn xuất của bezyl (coconut oil alkyl), hợp chất amine, chất hoạt động bề mặt..., dạng lỏng.",55031,305,16,TP_HO_CHI_MINH,Lưu Mạnh Tưởng,08/06/2020,https://files.customs.gov.vn/CustomsCMS/TP_HO_CHI_MINH/2020/Web/Data/DocumentAttachments/Vanban_3728.PDF,https://www.customs.gov.vn/index.jsp?pageId=3&id=55031&cid=1294,2020,06/2020,2026-10-08T09:32:22Z
591,3729/TB-TCHQ,08/06/2020,Tổng cục hải quan,"Chế phẩm chống cáu cặn dùng trong quá trình xử lý nước có thành phần chính gồm hỗn hợp muối phốt phát, clorua của kim loại kiềm, dẫn xuất của phosphonic axit...dạng lỏng.",54602,305,16,TP_HO_CHI_MINH,Lưu Mạnh Tưởng,08/06/2020,https://files.customs.gov.vn/CustomsCMS/TP_HO_CHI_MINH/2020/Web/Data/DocumentAttachments/Vanban_3729.PDF,https://www.customs.gov.vn/index.jsp?pageId=3&id=54602&cid=1294,2020,06/2020,2026-10-08T09:32:22Z
592,3734/TCHQ-GSQL,08/06/2020,null,Triển khai Thông tư 09/2020/TT-BCT,76778,305,16,DA_NANG,Mai Xuân Thành,08/06/2020,https://files.customs.gov.vn/DA_NANG/Uploads/65e32243-11bf-4695-985d-c1563e8c13ba/3734_2020_TCHQ (Triển khai TT 09_2020_BCT).PDF,https://www.customs.gov.vn/index.jsp?pageId=3&id=76778&cid=1294,2020,06/2020,2026-10-08T09:32:22Z
593,1650/HQHCM-GSQL,05/06/2020,Bộ Thương Mại,V/v trả lời công văn số 542/05/2020/CV-NDFC ngày 02/6/2020 - Công ty TNHH Thực phẩm quốc tế Nam Dương,53030,305,16,TP_HO_CHI_MINH,Lê Xuân Mỹ,05/06/2020,https://files.customs.gov.vn/CustomsCMS/TP_HO_CHI_MINH/2020/Web/Data/DocumentAttachments/Vanban_1650.pdf,https://www.customs.gov.vn/index.jsp?pageId=3&id=53030&cid=1294,2020,06/2020,2026-10-08T09:32:22Z
594,1651/HQHCM-GSQL,05/06/2020,Bộ Thương Mại,V/v trả lời công văn số 03-2020/CV-Asia-Shine ngày 29/5/2020 - Công ty TNHH TM&DV ÁNH SÁNG CHÂU Á,53953,305,16,TP_HO_CHI_MINH,Lê Xuân Mỹ,05/06/2020,https://files.customs.gov.vn/CustomsCMS/TP_HO_CHI_MINH/2020/Web/Data/DocumentAttachments/Vanban_1651.pdf,https://www.customs.gov.vn/index.jsp?pageId=3&id=53953&cid=1294,2020,06/2020,2026-10-08T09:32:22Z
595,3690/TCHQ-TXNK,05/06/2020,Tổng cục hải quan,V/v chính sách thuế giá trị gia tăng,57488,305,16,TP_HO_CHI_MINH,Lê Mạnh Hùng,05/06/2020,https://files.customs.gov.vn/CustomsCMS/TP_HO_CHI_MINH/2020/Web/Data/DocumentAttachments/CV3690TCHQ2020.PDF,https://www.customs.gov.vn/index.jsp?pageId=3&id=57488&cid=1294,2020,06/2020,2026-10-08T09:32:22Z
596,3704/TCHQ-TXNK,05/06/2020,Tổng cục hải quan,V/v miễn thuế nhập khẩu đối với mặt hàng ngô hạt,56855,305,16,TP_HO_CHI_MINH,Lê Mạnh Hùng,05/06/2020,https://files.customs.gov.vn/CustomsCMS/TP_HO_CHI_MINH/2020/Web/Data/DocumentAttachments/Vanban_3704.PDF,https://www.customs.gov.vn/index.jsp?pageId=3&id=56855&cid=1294,2020,06/2020,2026-10-08T09:32:22Z
597,3593/TB-TCHQ,03/06/2020,Tổng cục hải quan,"Chế phẩm hóa chất có thành phân chính là silicone, silic dioxit, este của acid béo, carboxymethyl cellulose dùng làm chất chống tạo bọt dùng trong sản xuất thực phẩm.",58739,305,16,TP_HO_CHI_MINH,Lưu Mạnh Tưởng,03/06/2020,https://files.customs.gov.vn/CustomsCMS/TP_HO_CHI_MINH/2020/Web/Data/DocumentAttachments/Vanban_3593.PDF,https://www.customs.gov.vn/index.jsp?pageId=3&id=58739&cid=1294,2020,06/2020,2026-10-08T09:32:22Z
598,3596/TB-TCHQ,03/06/2020,Tổng cục hải quan,"Chế phẩm làm sạch, dạng lỏng, chứa chất hữu cơ hoạt động bề mặt, canxi carbonat, hương liệu, nước,...đóng gói bán lẻ chai 500ml.",53755,305,16,TP_HO_CHI_MINH,Lưu Mạnh Tưởng,03/06/2020,https://files.customs.gov.vn/CustomsCMS/TP_HO_CHI_MINH/2020/Web/Data/DocumentAttachments/Vanban_3596.PDF,https://www.customs.gov.vn/index.jsp?pageId=3&id=53755&cid=1294,2020,06/2020,2026-10-08T09:32:22Z
599,1005/HQCT-NV,02/06/2020,null,Công văn triển khai thực hiện Nghị định số 57/2020/NĐ-CP của Chính phủ,67511,305,18,CAN_THO,null,02/06/2020,https://files.customs.gov.vn/CAN_THO/1005_HQCT-NV_2020.pdf,https://www.customs.gov.vn/index.jsp?pageId=3&id=67511&cid=1294,2020,06/2020,2026-10-08T09:32:22Z
600,3550/TCHQ-TXNK,02/06/2020,Tổng cục hải quan,V/v thuế nhập khẩu phụ tùng thay thế phục vụ hoạt động đường sắt,56559,305,16,TP_HO_CHI_MINH,Lưu Mạnh Tưởng,02/06/2020,https://files.customs.gov.vn/CustomsCMS/TP_HO_CHI_MINH/2020/Web/Data/DocumentAttachments/Vanban_3550.PDF,https://www.customs.gov.vn/index.jsp?pageId=3&id=56559&cid=1294,2020,06/2020,2026-10-08T09:32:22Z
601,806/QĐ-BTC,02/06/2020,Bộ Tài chính,Quyết định v/v đính chính QĐ số 70/QĐ-BTC ngày 16/01/2020 của Bộ trưởng Bộ Tài chính v/v công bố Danh mục văn bản quy phạm pháp luật đã hết hiệu lực toàn bộ hoặc một phần thuộc lĩnh vực quản lý nhà nước của Bộ Tài chính năm 2019,43063,305,18,QUANG_BINH,null,null,https://files.customs.gov.vn/CustomsCMS/QUANG_BINH/2021/04/images/stories/files/806-QDBTC.pdf,https://www.customs.gov.vn/index.jsp?pageId=3&id=43063&cid=1294,2020,06/2020,2026-10-08T09:32:22Z
602,1465/QĐ-TCHQ,01/06/2020,Tổng cục hải quan,"Quyết định số 1465/QĐ-TCHQ ngày 01/6/2020 của Tổng cục trưởng Tổng cục Hải quan v/v Công nhận hoạt động đại lý làm TTHQ (đối với Công ty TNHH Excel Express tại phường Xuân Phương, Nam Từ Liêm, HN)",60233,305,10,TONG_CUC,Âu Anh Tuấn,01/06/2020,https://files.customs.gov.vn/van_ban_phap_luat/Lists/VanBanPhapLuat/Attachments/13239/QD1465TCHQ2020.PDF,https://www.customs.gov.vn/index.jsp?pageId=3&id=60233&cid=1294,2020,06/2020,2026-10-08T09:32:22Z
603,1466/QÐ-TCHQ,01/06/2020,Tổng cục hải quan,Về việc công nhận hoạt động đại lý làm thủ tục hải quan - Công ty Cổ phần Sân Bay Sài Gòn,54179,305,10,TP_HO_CHI_MINH,Âu Anh Tuấn,01/06/2020,https://files.customs.gov.vn/CustomsCMS/TP_HO_CHI_MINH/2020/Web/Data/DocumentAttachments/Vanban_1466.PDF,https://www.customs.gov.vn/index.jsp?pageId=3&id=54179&cid=1294,2020,06/2020,2026-10-08T09:32:22Z
604,1466/QĐ-TCHQ,01/06/2020,Tổng cục hải quan,Quyết định số 1466/QĐ-TCHQ ngày 01/6/2020 của Tổng cục trưởng Tổng cục Hải quan v/v Công nhận hoạt động đại lý làm TTHQ (đối với Công ty Cổ phần Sân bay Sài Gòn),60234,305,10,TONG_CUC,Âu Anh Tuấn,01/06/2020,https://files.customs.gov.vn/van_ban_phap_luat/Lists/VanBanPhapLuat/Attachments/13240/QD1466TCHQ2020.PDF,https://www.customs.gov.vn/index.jsp?pageId=3&id=60234&cid=1294,2020,06/2020,2026-10-08T09:32:22Z
605,1468/QĐ-TCHQ,01/06/2020,Tổng cục hải quan,"Quyết định số 1468/QĐ-TCHQ ngày 01/6/2020 của Tổng cục trưởng Tổng cục Hải quan v/v Công nhận mở rộng địa điểm tập kết, kiểm tra, giám sát hàng hóa XK, NK ở biên giới thuộc Khu kinh tế cửa khẩu Đồng Đăng, tỉnh Lạng Sơn",60235,305,10,TONG_CUC,Mai Xuân Thành,01/06/2020,https://files.customs.gov.vn/van_ban_phap_luat/Lists/VanBanPhapLuat/Attachments/13241/QD1468TCHQ2020.PDF,https://www.customs.gov.vn/index.jsp?pageId=3&id=60235&cid=1294,2020,06/2020,2026-10-08T09:32:22Z
606,62/2020/NĐ-CP,01/06/2020,Chính phủ,Nghị định về vị trí việc làm và biên chế công chức,43250,305,8,AN_GIANG,null,20/07/2020,https://files.customs.gov.vn/CustomsCMS/AN_GIANG/2021/04/document/159152153962.signed.pdf,https://www.customs.gov.vn/index.jsp?pageId=3&id=43250&cid=1294,2020,06/2020,2026-10-08T09:32:22Z
607,1517/HQĐNa-GSQL,31/07/2020,Cục Hải Quan tỉnh Đồng Nai,Ngăn chặn hàng xâm phạm quyền sở hữu trí tuệ nhập vào Việt Nam (Cty CP XNK Máy Công trình Nagoya Việt Nam),67037,305,16,DONG_NAI,null,null,https://files.customs.gov.vn/DONG_NAI//Data/Cv_Hqdn/1517_HQDNa_GSQL_31_07_2020.pdf,https://www.customs.gov.vn/index.jsp?pageId=3&id=67037&cid=1294,2020,07/2020,2026-10-08T09:32:22Z
608,2051/QÐ-TCHQ,31/07/2020,Tổng cục hải quan,Về việc thu hồi mã số nhân viên đại lý làm thủ tục hải quan,55786,305,10,TP_HO_CHI_MINH,Âu Anh Tuấn,31/07/2020,https://files.customs.gov.vn/CustomsCMS/TP_HO_CHI_MINH/2020/Web/Data/DocumentAttachments/Vanban_2051.PDF,https://www.customs.gov.vn/index.jsp?pageId=3&id=55786&cid=1294,2020,07/2020,2026-10-08T09:32:22Z
609,2053/QÐ-TCHQ,31/07/2020,Tổng cục hải quan,Về việc thu hồi mã số nhân viên đại lý làm thủ tục hải quan,56448,305,10,TP_HO_CHI_MINH,Âu Anh Tuấn,31/07/2020,https://files.customs.gov.vn/CustomsCMS/TP_HO_CHI_MINH/2020/Web/Data/DocumentAttachments/Vanban_2053.PDF,https://www.customs.gov.vn/index.jsp?pageId=3&id=56448&cid=1294,2020,07/2020,2026-10-08T09:32:22Z
610,5079/TCHQ-GSQL,31/07/2020,null,TRiển khai Điều 4.11 Hiệp định EVFTA,76812,305,16,DA_NANG,Mai Xuân Thành,31/07/2020,https://files.customs.gov.vn/DA_NANG/Uploads/65e32243-11bf-4695-985d-c1563e8c13ba/5079_TCHQ (triển khai HĐ EVFTA).PDF,https://www.customs.gov.vn/index.jsp?pageId=3&id=76812&cid=1294,2020,07/2020,2026-10-08T09:32:22Z
611,139/TB-HQĐNa,30/07/2020,Cục Hải Quan tỉnh Đồng Nai,Triển khai Hệ thống quản lý hải quan tự động (VASSCM),67035,305,19,DONG_NAI,null,null,https://files.customs.gov.vn/DONG_NAI//Data/Cv_Hqdn/139_TB_HQDNa_30_07_2020(1).pdf,https://www.customs.gov.vn/index.jsp?pageId=3&id=67035&cid=1294,2020,07/2020,2026-10-08T09:32:22Z
612,1499/HQĐNa-TXNK,30/07/2020,Cục Hải Quan tỉnh Đồng Nai,Xác minh C/O form D (Công ty CP kinh doanh sản xuất khí),67034,305,16,DONG_NAI,null,null,https://files.customs.gov.vn/DONG_NAI//Data/Cv_Hqdn/1499_HQDNa_GSQL_30_07_2020.pdf,https://www.customs.gov.vn/index.jsp?pageId=3&id=67034&cid=1294,2020,07/2020,2026-10-08T09:32:22Z
613,1506/HQĐNa-GSQL,30/07/2020,Cục Hải Quan tỉnh Đồng Nai,Tư vấn thủ tục hải quan (Cty TNHH Điện tử ONFU),67036,305,16,DONG_NAI,null,null,https://files.customs.gov.vn/DONG_NAI//Data/Cv_Hqdn/1506_HQDNa_GSQL_30_07_2020.pdf,https://www.customs.gov.vn/index.jsp?pageId=3&id=67036&cid=1294,2020,07/2020,2026-10-08T09:32:22Z
614,2042/QÐ-TCHQ,30/07/2020,Tổng cục hải quan,Về việc công nhận hoạt động đại lý làm thủ tục hải quan - Công ty TNHH Pyramid Logistics Việt Nam,58467,305,10,TP_HO_CHI_MINH,Âu Anh Tuấn,30/07/2020,https://files.customs.gov.vn/CustomsCMS/TP_HO_CHI_MINH/2020/Web/Data/DocumentAttachments/Vanban_2042.PDF,https://www.customs.gov.vn/index.jsp?pageId=3&id=58467&cid=1294,2020,07/2020,2026-10-08T09:32:22Z
615,5010/TB-TCHQ,29/07/2020,Tổng cục hải quan,Dung dịch Kali Phosphit trong nước.,58861,305,16,TP_HO_CHI_MINH,Lưu Mạnh Tưởng,29/07/2020,https://files.customs.gov.vn/CustomsCMS/TP_HO_CHI_MINH/2020/Web/Data/DocumentAttachments/Vanban_5010.PDF,https://www.customs.gov.vn/index.jsp?pageId=3&id=58861&cid=1294,2020,07/2020,2026-10-08T09:32:22Z
616,2138/HQHCM-GSQL,28/07/2020,Bộ Thương Mại,V/v thông báo bồ sung cơ sở sản xuất,58390,305,16,TP_HO_CHI_MINH,Đặng Thái Thiện,28/07/2020,https://files.customs.gov.vn/CustomsCMS/TP_HO_CHI_MINH/2020/Web/Data/DocumentAttachments/Vanban_2138.pdf,https://www.customs.gov.vn/index.jsp?pageId=3&id=58390&cid=1294,2020,07/2020,2026-10-08T09:32:22Z
617,2139/HQHCM-GSQL,28/07/2020,Bộ Thương Mại,V/v hướng dẫn thủ tục hải quan,57580,305,16,TP_HO_CHI_MINH,Đặng Thái Thiện,28/07/2020,https://files.customs.gov.vn/CustomsCMS/TP_HO_CHI_MINH/2020/Web/Data/DocumentAttachments/Vanban_2139.pdf,https://www.customs.gov.vn/index.jsp?pageId=3&id=57580&cid=1294,2020,07/2020,2026-10-08T09:32:22Z
618,4983/TB-TCHQ,28/07/2020,Tổng cục hải quan,"3-ethoxy-1,1,1,2,3,4,4,5,5,6,6,6-dodecafluoro-2-trifluoromethyl-hexane(2- Trifluoromethyl-3-ethoxydodecafluorohexane) C9H5F15O.",53818,305,16,TP_HO_CHI_MINH,Lưu Mạnh Tưởng,28/07/2020,https://files.customs.gov.vn/CustomsCMS/TP_HO_CHI_MINH/2020/Web/Data/DocumentAttachments/Vanban_4983.PDF,https://www.customs.gov.vn/index.jsp?pageId=3&id=53818&cid=1294,2020,07/2020,2026-10-08T09:32:22Z
619,4985/TCHQ-TXNK,28/07/2020,Tổng cục hải quan,V/v phân loại mặt hàng muối,53168,305,16,TP_HO_CHI_MINH,Đào Thu Hương,28/07/2020,https://files.customs.gov.vn/CustomsCMS/TP_HO_CHI_MINH/2020/Web/Data/DocumentAttachments/Vanban_4985.PDF,https://www.customs.gov.vn/index.jsp?pageId=3&id=53168&cid=1294,2020,07/2020,2026-10-08T09:32:22Z
620,1463/HQĐNa-GSQL,27/07/2020,Cục Hải Quan tỉnh Đồng Nai,"Xin xác định xuất xứ, bao bì nhãn mác hàng xuất khẩu (Công ty TNHH Điện tử ONFU)",67033,305,16,DONG_NAI,null,null,https://files.customs.gov.vn/DONG_NAI//Data/Cv_Hqdn/1463_HQDNa_GSQL_27_07_2020.pdf,https://www.customs.gov.vn/index.jsp?pageId=3&id=67033&cid=1294,2020,07/2020,2026-10-08T09:32:22Z
621,2016/QÐ-TCHQ,27/07/2020,Tổng cục hải quan,Về việc công nhận hoạt động đại lý làm thủ tục hải quan - Công ty TNHH Vận tải KAF,54860,305,10,TP_HO_CHI_MINH,Âu Anh Tuấn,27/07/2020,https://files.customs.gov.vn/CustomsCMS/TP_HO_CHI_MINH/2020/Web/Data/DocumentAttachments/Vanban_2016.PDF,https://www.customs.gov.vn/index.jsp?pageId=3&id=54860&cid=1294,2020,07/2020,2026-10-08T09:32:22Z
622,2025/QĐ-TCHQ,27/07/2020,Tổng cục hải quan,"Quyết định số 2025/QĐ-TCHQ ngày 27/7/2020 về việc chấm dứt hiệu lực thi hành Quyets định cưỡng chế dừng làm thủ tục hải quan đối với hàng hóa xuất khẩu, nhập khẩu",60302,305,10,TONG_CUC,Nguyễn Tiến Lộc,27/07/2020,https://files.customs.gov.vn/van_ban_phap_luat/Lists/VanBanPhapLuat/Attachments/13348/Vanban_2025.PDF,https://www.customs.gov.vn/index.jsp?pageId=3&id=60302&cid=1294,2020,07/2020,2026-10-08T09:32:22Z
623,2118/HQHCM-GSQL,27/07/2020,Bộ Thương Mại,V/v tạm ngưng để sửa chữa địa điểm thu gom hàng lẻ (Kho CFS),54719,305,16,TP_HO_CHI_MINH,Đặng Thái Thiện,27/07/2020,https://files.customs.gov.vn/CustomsCMS/TP_HO_CHI_MINH/2020/Web/Data/DocumentAttachments/Vanban_2118.pdf,https://www.customs.gov.vn/index.jsp?pageId=3&id=54719&cid=1294,2020,07/2020,2026-10-08T09:32:22Z
624,2120/HQHCM-GSQL,27/07/2020,Bộ Thương Mại,V/v thủ tục xuất trả máy móc của hợp đồng gia công,58711,305,16,TP_HO_CHI_MINH,Đặng Thái Thiện,27/07/2020,https://files.customs.gov.vn/CustomsCMS/TP_HO_CHI_MINH/2020/Web/Data/DocumentAttachments/Vanban_2120.pdf,https://www.customs.gov.vn/index.jsp?pageId=3&id=58711&cid=1294,2020,07/2020,2026-10-08T09:32:22Z
625,4956/TCHQ-TXNK,27/07/2020,Tổng cục hải quan,V/v thuế GTGT đối với trang thiết bị Y tế,52419,305,16,TP_HO_CHI_MINH,Lê Mạnh Hùng,27/07/2020,https://files.customs.gov.vn/CustomsCMS/TP_HO_CHI_MINH/2020/Web/Data/DocumentAttachments/CV4956TCHQ2020.PDF,https://www.customs.gov.vn/index.jsp?pageId=3&id=52419&cid=1294,2020,07/2020,2026-10-08T09:32:22Z
626,1949/QĐ-BCT,24/07/2020,Khác,Quyết định 1949/QĐ-BCT năm 2020 về đính chính Thông tư 11/2020/TT-BCT quy định Quy tắc xuất xứ hàng hóa trong Hiệp định Thương mại tự do giữa Việt Nam và Liên minh châu Âu do Bộ trưởng Bộ Công Thương ban hành,43070,305,18,QUANG_BINH,null,null,https://files.customs.gov.vn/CustomsCMS/QUANG_BINH/2021/04/images/stories/files/QD1949BCT.pdf,https://www.customs.gov.vn/index.jsp?pageId=3&id=43070&cid=1294,2020,07/2020,2026-10-08T09:32:22Z
627,2009/QÐ-TCHQ,24/07/2020,Tổng cục hải quan,Về việc công nhận hoạt động đại lý làm thủ tục hải quan - Công ty Cổ phần Tiếp vận Phước Tạo,53108,305,10,TP_HO_CHI_MINH,Âu Anh Tuấn,24/07/2020,https://files.customs.gov.vn/CustomsCMS/TP_HO_CHI_MINH/2020/Web/Data/DocumentAttachments/Vanban_2009.PDF,https://www.customs.gov.vn/index.jsp?pageId=3&id=53108&cid=1294,2020,07/2020,2026-10-08T09:32:22Z
628,404/TB-THQVN,24/07/2020,null,"Tổ chức Lớp Hướng dẫn kỹ năng khai hải quan và lập báo cáo quyết toán tình hình sử dụng nguyên liệu, vật tư nhập khẩu, hàng hóa xuất khẩu dành cho các doanh nghiệp gia công, sản xuất xuất khẩu và chế xuất",67512,305,18,CAN_THO,null,24/07/2020,https://files.customs.gov.vn/CAN_THO/404_2020_TB-THQVN.pdf,https://www.customs.gov.vn/index.jsp?pageId=3&id=67512&cid=1294,2020,07/2020,2026-10-08T09:32:22Z
629,4902/TCHQ-TXNK,24/07/2020,Tổng cục hải quan,V/v hướng dẫn thực hiện công văn số 4470/TCHQ-TXNK ngày 09/7/2019 về Hiệp định CPTPP,56169,305,16,TP_HO_CHI_MINH,Lưu Mạnh Tưởng,24/07/2020,https://files.customs.gov.vn/CustomsCMS/TP_HO_CHI_MINH/2020/Web/Data/DocumentAttachments/CV4902TCHQ2020.PDF,https://www.customs.gov.vn/index.jsp?pageId=3&id=56169&cid=1294,2020,07/2020,2026-10-08T09:32:22Z
630,4903/TCHQ-TXNK,24/07/2020,Tổng cục hải quan,V/v thuế tiêu thụ đặc biệt,53655,305,16,TP_HO_CHI_MINH,Lê Mạnh Hùng,24/07/2020,https://files.customs.gov.vn/CustomsCMS/TP_HO_CHI_MINH/2020/Web/Data/DocumentAttachments/Vanban_4903.PDF,https://www.customs.gov.vn/index.jsp?pageId=3&id=53655&cid=1294,2020,07/2020,2026-10-08T09:32:22Z
631,4929/TCHQ-TXNK,24/07/2020,null,Thực hiện Nghị định số 57/2020/NĐ-CP ngày 25/5/2020,76807,305,16,DA_NANG,Lưu Mạnh Tưởng,24/07/2020,https://files.customs.gov.vn/DA_NANG/Uploads/65e32243-11bf-4695-985d-c1563e8c13ba/4929(1).pdf,https://www.customs.gov.vn/index.jsp?pageId=3&id=76807&cid=1294,2020,07/2020,2026-10-08T09:32:22Z
632,110/NQ-CP,23/07/2020,Chính phủ,"Nghị quyết số 110/NQ-CP ngày 23/7/2020 của Chính phủ v/v phê duyệt Nghị định thư thứ nhất sửa đổi, Hiệp định thương mại hàng hóa ASEAN (ATIGA)",60315,305,7,TONG_CUC,Nguyễn Xuân Phúc,23/07/2020,https://files.customs.gov.vn/van_ban_phap_luat/Lists/VanBanPhapLuat/Attachments/13363/NQ110-CP2020.PDF,https://www.customs.gov.vn/index.jsp?pageId=3&id=60315&cid=1294,2020,07/2020,2026-10-08T09:32:22Z
633,2097/HQHCM-TXNK,23/07/2020,Bộ Thương Mại,"V/v hướng dẫn phân loại mặt hàng “Màng bằng plastic cắt sẵn, in hình, in chữ logo”",56524,305,16,TP_HO_CHI_MINH,Nguyễn Quốc Toản,23/07/2020,https://files.customs.gov.vn/CustomsCMS/TP_HO_CHI_MINH/2020/Web/Data/DocumentAttachments/Vanban_2097.pdf,https://www.customs.gov.vn/index.jsp?pageId=3&id=56524&cid=1294,2020,07/2020,2026-10-08T09:32:22Z
634,2739/GSQL-TH,23/07/2020,Bộ Công nghiệp,V/v cấp mã số nhân viên đại lý làm thủ tục hải quan,52885,305,16,TP_HO_CHI_MINH,Âu Anh Tuấn,23/07/2020,https://files.customs.gov.vn/CustomsCMS/TP_HO_CHI_MINH/2020/Web/Data/DocumentAttachments/1595455_9310.pdf,https://www.customs.gov.vn/index.jsp?pageId=3&id=52885&cid=1294,2020,07/2020,2026-10-08T09:32:22Z
635,29/CT-TTG,23/07/2020,Thủ tướng Chính phủ,Về một số giải pháp cấp bách quản lý động vật hoang dã,53635,305,3,TP_HO_CHI_MINH,Nguyễn Xuân Phúc,23/07/2020,https://files.customs.gov.vn/CustomsCMS/TP_HO_CHI_MINH/2020/Web/Data/DocumentAttachments/CT292020TTg.doc,https://www.customs.gov.vn/index.jsp?pageId=3&id=53635&cid=1294,2020,07/2020,2026-10-08T09:32:22Z
636,4857/TB-TCHQ,22/07/2020,Tổng cục hải quan,"Chế phẩm ngăn ngừa mụn trứng cá, dạng gel, chứa hoạt chất benzoyl peroxid, adapalene, đóng gói 15g/tuýp/ hộp",57688,305,16,TP_HO_CHI_MINH,Lưu Mạnh Tưởng,22/07/2020,https://files.customs.gov.vn/CustomsCMS/TP_HO_CHI_MINH/2020/Web/Data/DocumentAttachments/Vanban_4857.PDF,https://www.customs.gov.vn/index.jsp?pageId=3&id=57688&cid=1294,2020,07/2020,2026-10-08T09:32:22Z
637,4870/TCHQ-TXNK,22/07/2020,Tổng cục hải quan,"V/v chính sách thuế XK đối với sản phẩm được sản xuất từ hoạt động tái chế, xử lý chất thải",53770,305,16,TP_HO_CHI_MINH,Lê Mạnh Hùng,22/07/2020,https://files.customs.gov.vn/CustomsCMS/TP_HO_CHI_MINH/2020/Web/Data/DocumentAttachments/Vanban_4870_.PDF,https://www.customs.gov.vn/index.jsp?pageId=3&id=53770&cid=1294,2020,07/2020,2026-10-08T09:32:22Z
638,2080/HQHCM-GSQL,21/07/2020,Bộ Thương Mại,V/v chuyển hàng hóa từ kho ngoại quan này sang kho ngoại quan khác,54671,305,16,TP_HO_CHI_MINH,Phan Bình Tuy,21/07/2020,https://files.customs.gov.vn/CustomsCMS/TP_HO_CHI_MINH/2020/Web/Data/DocumentAttachments/Vanban_2080.pdf,https://www.customs.gov.vn/index.jsp?pageId=3&id=54671&cid=1294,2020,07/2020,2026-10-08T09:32:22Z
639,2081/HQBD-GSQL,21/07/2020,Cục Hải quan Tỉnh Bình Dương,V/v triển khai các hoạt động nhằm phát triển và nâng cao chất lượng ĐLHQ,61084,305,16,BINH_DUONG,null,21/07/2020,https://files.customs.gov.vn/BINH_DUONG/CMS/Lists/VanBanPhapQuy_VN/Attachments/4543/2081HQBD-GSQL-2020.pdf,https://www.customs.gov.vn/index.jsp?pageId=3&id=61084&cid=1294,2020,07/2020,2026-10-08T09:32:22Z
640,2112/HQHCM-GSQL,21/07/2020,Bộ Thương Mại,V/v nhập khẩu mặt hàng polyol trộn sẵn HCFC-141b,57572,305,16,TP_HO_CHI_MINH,Đặng Thái Thiện,21/07/2020,https://files.customs.gov.vn/CustomsCMS/TP_HO_CHI_MINH/2020/Web/Data/DocumentAttachments/Vanban_2112.pdf,https://www.customs.gov.vn/index.jsp?pageId=3&id=57572&cid=1294,2020,07/2020,2026-10-08T09:32:22Z
641,4837/TCHQ-TXNK,21/07/2020,null,hàng TXTN thi công công trình,76803,305,16,DA_NANG,Lưu Mạnh Tưởng,21/07/2020,https://files.customs.gov.vn/DA_NANG/Uploads/65e32243-11bf-4695-985d-c1563e8c13ba/4837.pdf,https://www.customs.gov.vn/index.jsp?pageId=3&id=76803&cid=1294,2020,07/2020,2026-10-08T09:32:22Z
642,1900/QĐ-BCT,20/07/2020,null,"áp dụng thuế chống bán phá giá chính thức đối với một số sản phẩm plastic và sản phẩm bằng plastic được làm từ các polyme từ propylen có xuất xứ từ Cộng hòa Nhân dân Trung Hoa, Vương quốc Thái Lan và Ma-lai-xi-a",76805,305,10,DA_NANG,Trần Tuấn Anh,23/07/2020,https://files.customs.gov.vn/DA_NANG/Uploads/65e32243-11bf-4695-985d-c1563e8c13ba/1900.pdf,https://www.customs.gov.vn/index.jsp?pageId=3&id=76805&cid=1294,2020,07/2020,2026-10-08T09:32:22Z
643,1924/QÐ-TCHQ,20/07/2020,Tổng cục hải quan,Về việc thu hồi mã số nhân viên đại lý làm thủ tục hải quan,54707,305,10,TP_HO_CHI_MINH,Âu Anh Tuấn,20/07/2020,https://files.customs.gov.vn/CustomsCMS/TP_HO_CHI_MINH/2020/Web/Data/DocumentAttachments/Vanban_1924.PDF,https://www.customs.gov.vn/index.jsp?pageId=3&id=54707&cid=1294,2020,07/2020,2026-10-08T09:32:22Z
644,1927/QÐ-TCHQ,20/07/2020,Tổng cục hải quan,Về việc thu hồi mã số nhân viên đại lý làm thủ tục hải quan,55359,305,10,TP_HO_CHI_MINH,Âu Anh Tuấn,20/07/2020,https://files.customs.gov.vn/CustomsCMS/TP_HO_CHI_MINH/2020/Web/Data/DocumentAttachments/Vanban_1927.PDF,https://www.customs.gov.vn/index.jsp?pageId=3&id=55359&cid=1294,2020,07/2020,2026-10-08T09:32:22Z
645,2707/GSQL-TH,20/07/2020,Bộ Công nghiệp,V/v gia hạn mã số nhân viên đại lý làm thủ tục hải quan,52691,305,16,TP_HO_CHI_MINH,Trần Đức Hùng,20/07/2020,https://files.customs.gov.vn/CustomsCMS/TP_HO_CHI_MINH/2020/Web/Data/DocumentAttachments/1594127_9194.pdf,https://www.customs.gov.vn/index.jsp?pageId=3&id=52691&cid=1294,2020,07/2020,2026-10-08T09:32:22Z
646,4815/TCHQ-TXNK,20/07/2020,Tổng cục hải quan,"Tạm xuất, tái nhập thiết bị theo hợp đồng thuê mượn (Công ty cổ phần công trình ngầm Fecon)",67032,305,16,DONG_NAI,null,null,,https://www.customs.gov.vn/index.jsp?pageId=3&id=67032&cid=1294,2020,07/2020,2026-10-08T09:32:22Z
647,4816/TCHQ-TXNK,20/07/2020,Tổng cục hải quan,V/v phần mềm nhập khẩu,53940,305,16,TP_HO_CHI_MINH,Đào Thu Hương,20/07/2020,https://files.customs.gov.vn/CustomsCMS/TP_HO_CHI_MINH/2020/Web/Data/DocumentAttachments/Vanban_4816_.PDF,https://www.customs.gov.vn/index.jsp?pageId=3&id=53940&cid=1294,2020,07/2020,2026-10-08T09:32:22Z
648,1900/QÐ-TCHQ,17/07/2020,Tổng cục hải quan,Về việc công nhận hoạt động đại lý làm thủ tục hải quan - Công ty TNHH Tiếp vận Rubik,52906,305,10,TP_HO_CHI_MINH,Âu Anh Tuấn,17/07/2020,https://files.customs.gov.vn/CustomsCMS/TP_HO_CHI_MINH/2020/Web/Data/DocumentAttachments/Vanban_1900.PDF,https://www.customs.gov.vn/index.jsp?pageId=3&id=52906&cid=1294,2020,07/2020,2026-10-08T09:32:22Z
649,2074/HQHCM-GSQL,17/07/2020,Bộ Thương Mại,V/v trả lời công văn số 02-20/CV-20 ngày 16/7/2020 - Công ty TNHH sản phẩm kim loại HUISHAN Việt Nam,54401,305,16,TP_HO_CHI_MINH,Đặng Thái Thiện,17/07/2020,https://files.customs.gov.vn/CustomsCMS/TP_HO_CHI_MINH/2020/Web/Data/DocumentAttachments/2074.pdf,https://www.customs.gov.vn/index.jsp?pageId=3&id=54401&cid=1294,2020,07/2020,2026-10-08T09:32:22Z
650,2694/GSQL-GQ2,17/07/2020,null,Chính sách nhập khẩu phế liệu của DNCX,76801,305,16,DA_NANG,Vũ Lê Quân,17/07/2020,https://files.customs.gov.vn/DA_NANG/Uploads/65e32243-11bf-4695-985d-c1563e8c13ba/3284_TCHQ (NK Phế liệu của DNCX).pdf,https://www.customs.gov.vn/index.jsp?pageId=3&id=76801&cid=1294,2020,07/2020,2026-10-08T09:32:22Z
651,4788/TB-TCHQ,17/07/2020,Tổng cục hải quan,"Tinh dầu Tràm trà (Tea tree oil), dạng lỏng",57691,305,16,TP_HO_CHI_MINH,Lưu Mạnh Tưởng,17/07/2020,https://files.customs.gov.vn/CustomsCMS/TP_HO_CHI_MINH/2020/Web/Data/DocumentAttachments/Vanban_4788.PDF,https://www.customs.gov.vn/index.jsp?pageId=3&id=57691&cid=1294,2020,07/2020,2026-10-08T09:32:22Z
652,4793/TCHQ-GSQL,17/07/2020,Tổng cục hải quan,Nhập khẩu gạch ốp lát (Hiệp hội Gốm sứ xây dựng Việt Nam),67031,305,16,DONG_NAI,null,null,,https://www.customs.gov.vn/index.jsp?pageId=3&id=67031&cid=1294,2020,07/2020,2026-10-08T09:32:22Z
653,4797/TCHQ-GSQL,17/07/2020,Tổng cục hải quan,V/v nhập khẩu phế liệu,57321,305,16,TP_HO_CHI_MINH,Mai Xuân Thành,17/07/2020,https://files.customs.gov.vn/CustomsCMS/TP_HO_CHI_MINH/2020/Web/Data/DocumentAttachments/Vanban_4797_.PDF,https://www.customs.gov.vn/index.jsp?pageId=3&id=57321&cid=1294,2020,07/2020,2026-10-08T09:32:22Z
654,4798/TCHQ-TXNK,17/07/2020,null,Trả lời vướng mắc,76802,305,16,DA_NANG,Lê Mạnh Hùng,17/07/2020,https://files.customs.gov.vn/DA_NANG/Uploads/65e32243-11bf-4695-985d-c1563e8c13ba/4798(2).pdf,https://www.customs.gov.vn/index.jsp?pageId=3&id=76802&cid=1294,2020,07/2020,2026-10-08T09:32:22Z
655,1891/QÐ-TCHQ,16/07/2020,Tổng cục hải quan,Về việc thu hồi mã số nhân viên đại lý làm thủ tục hải quan,53178,305,10,TP_HO_CHI_MINH,Âu Anh Tuấn,16/07/2020,https://files.customs.gov.vn/CustomsCMS/TP_HO_CHI_MINH/2020/Web/Data/DocumentAttachments/Vanban_1891.PDF,https://www.customs.gov.vn/index.jsp?pageId=3&id=53178&cid=1294,2020,07/2020,2026-10-08T09:32:22Z
656,1674/GSQL-GQ1,15/07/2020,null,Áp dụng biện pháp PVTM đối với mặt hàng tôn màu nhập khẩu,76800,305,16,DA_NANG,Vũ Lê Quân,15/07/2020,https://files.customs.gov.vn/DA_NANG/Uploads/65e32243-11bf-4695-985d-c1563e8c13ba/2674 (QĐ 1931 Hết hiệu lực).pdf,https://www.customs.gov.vn/index.jsp?pageId=3&id=76800&cid=1294,2020,07/2020,2026-10-08T09:32:22Z
657,1873/QÐ-TCHQ,15/07/2020,Tổng cục hải quan,Về việc công nhận hoạt động đại lý làm thủ tục hải quan - Công ty TNHH Worldwide Fashion & Trading,54434,305,10,TP_HO_CHI_MINH,Âu Anh Tuấn,15/07/2020,https://files.customs.gov.vn/CustomsCMS/TP_HO_CHI_MINH/2020/Web/Data/DocumentAttachments/Vanban_1873.PDF,https://www.customs.gov.vn/index.jsp?pageId=3&id=54434&cid=1294,2020,07/2020,2026-10-08T09:32:22Z
658,1876/QÐ-TCHQ,15/07/2020,Tổng cục hải quan,Về việc công nhận hoạt động đại lý làm thủ tục hải quan - Công ty TNHH Thương mại - Dịch vụ Giao nhận Ti La,55182,305,10,TP_HO_CHI_MINH,Âu Anh Tuấn,15/07/2020,https://files.customs.gov.vn/CustomsCMS/TP_HO_CHI_MINH/2020/Web/Data/DocumentAttachments/Vanban_1876.PDF,https://www.customs.gov.vn/index.jsp?pageId=3&id=55182&cid=1294,2020,07/2020,2026-10-08T09:32:22Z
659,2040/HQHCM-GSQL,15/07/2020,Bộ Thương Mại,V/v nhập khẩu hàng mẫu có tính năng mật mã dân sự,58955,305,16,TP_HO_CHI_MINH,Đặng Thái Thiện,15/07/2020,https://files.customs.gov.vn/CustomsCMS/TP_HO_CHI_MINH/2020/Web/Data/DocumentAttachments/Vanban_2040.pdf,https://www.customs.gov.vn/index.jsp?pageId=3&id=58955&cid=1294,2020,07/2020,2026-10-08T09:32:22Z
660,69/2020/TT-BTC,15/07/2020,null,"THÔNG TƯ QUY ĐỊNH VỀ HỒ SƠ VÀ TRÌNH TỰ, THỦ TỤC XỬ LÝ NỢ THEO NGHỊ QUYẾT 94/2019/QH14 NGÀY 26/11/2019 CỦA QUỐC HỘI",76791,305,4,DA_NANG,Trần Xuân Hà,01/07/2020,https://files.customs.gov.vn/DA_NANG/Uploads/65e32243-11bf-4695-985d-c1563e8c13ba/TT69.pdf,https://www.customs.gov.vn/index.jsp?pageId=3&id=76791&cid=1294,2020,07/2020,2026-10-08T09:32:22Z
661,1387/HQĐNa-GSQL,14/07/2020,Cục Hải Quan tỉnh Đồng Nai,"Hỗ trợ rà soát, kiểm tra xác nhận tờ khai qua khu vực giám sát (Các doanh nghiệp làm thủ tục xuất khẩu, nhập khẩu trên địa bàn tỉnh Đồng Nai, tỉnh Bình Thuận)",67030,305,16,DONG_NAI,null,null,https://files.customs.gov.vn/DONG_NAI//Data/Cv_Hqdn/1387_HQDNa_GSQL_14_07_2020.pdf,https://www.customs.gov.vn/index.jsp?pageId=3&id=67030&cid=1294,2020,07/2020,2026-10-08T09:32:22Z
662,2016/HQHCM-GSQL,14/07/2020,Bộ Thương Mại,V/v hoạt động mua bán hàng hóa của doanh nghiệp FDI tại Việt Nam,58466,305,16,TP_HO_CHI_MINH,Đặng Thái Thiện,14/07/2020,https://files.customs.gov.vn/CustomsCMS/TP_HO_CHI_MINH/2020/Web/Data/DocumentAttachments/Vanban_2016.pdf,https://www.customs.gov.vn/index.jsp?pageId=3&id=58466&cid=1294,2020,07/2020,2026-10-08T09:32:22Z
663,2029/HQHCM-TXNK,14/07/2020,Bộ Thương Mại,V/v chính sách thuế hàng tạm nhập dưới hình thức thuê mướn,54320,305,16,TP_HO_CHI_MINH,Nguyễn Quốc Toản,14/07/2020,https://files.customs.gov.vn/CustomsCMS/TP_HO_CHI_MINH/2020/Web/Data/DocumentAttachments/2029.pdf,https://www.customs.gov.vn/index.jsp?pageId=3&id=54320&cid=1294,2020,07/2020,2026-10-08T09:32:22Z
664,2658/GSQL-GQ1,14/07/2020,null,Nhập khẩu giống cây trồng,76798,305,16,DA_NANG,Vũ Lê Quân,14/07/2020,https://files.customs.gov.vn/DA_NANG/Uploads/65e32243-11bf-4695-985d-c1563e8c13ba/2658_2020_TCHQ (NK giống cây trông).pdf,https://www.customs.gov.vn/index.jsp?pageId=3&id=76798&cid=1294,2020,07/2020,2026-10-08T09:32:22Z
665,4701/TCHQ-TXNK,14/07/2020,null,"Phân loại mặt hàng ""Ensure Liquide Vanilla"" và ""Ensure Gold Vigor",76799,305,16,DA_NANG,Lưu Mạnh Tưởng,14/07/2020,https://files.customs.gov.vn/DA_NANG/Uploads/65e32243-11bf-4695-985d-c1563e8c13ba/4701(4).pdf,https://www.customs.gov.vn/index.jsp?pageId=3&id=76799&cid=1294,2020,07/2020,2026-10-08T09:32:22Z
666,4669/TCHQ-TXNK,13/07/2020,Tổng cục hải quan,V/v phân loại hàng hóa,58204,305,16,TP_HO_CHI_MINH,Đào Thu Hương,13/07/2020,https://files.customs.gov.vn/CustomsCMS/TP_HO_CHI_MINH/2020/Web/Data/DocumentAttachments/Vanban_4669_.PDF,https://www.customs.gov.vn/index.jsp?pageId=3&id=58204&cid=1294,2020,07/2020,2026-10-08T09:32:22Z
667,1998/HQHCM-TXNK,10/07/2020,Bộ Thương Mại,V/v hướng dẫn phân loại và chính sách quản lý đối với mặt hàng thiết bị nhận diện khuôn mặt,53539,305,16,TP_HO_CHI_MINH,Nguyễn Quốc Toản,10/07/2020,https://files.customs.gov.vn/CustomsCMS/TP_HO_CHI_MINH/2020/Web/Data/DocumentAttachments/1998.pdf,https://www.customs.gov.vn/index.jsp?pageId=3&id=53539&cid=1294,2020,07/2020,2026-10-08T09:32:22Z
668,2001/HQHCM-GSQL,10/07/2020,Bộ Thương Mại,V/v hướng dẫn thủ tục tạm nhập tái xuất,57281,305,16,TP_HO_CHI_MINH,Đặng Thái Thiện,10/07/2020,https://files.customs.gov.vn/CustomsCMS/TP_HO_CHI_MINH/2020/Web/Data/DocumentAttachments/Vanban_2001.pdf,https://www.customs.gov.vn/index.jsp?pageId=3&id=57281&cid=1294,2020,07/2020,2026-10-08T09:32:22Z
669,2003/HQHCM-GSQL,10/07/2020,Bộ Thương Mại,V/v hướng dẫn thủ tục hải quan,52953,305,16,TP_HO_CHI_MINH,Đặng Thái Thiện,10/07/2020,https://files.customs.gov.vn/CustomsCMS/TP_HO_CHI_MINH/2020/Web/Data/DocumentAttachments/2003.pdf,https://www.customs.gov.vn/index.jsp?pageId=3&id=52953&cid=1294,2020,07/2020,2026-10-08T09:32:22Z
670,2006/HQHCM-GSQL,10/07/2020,Bộ Thương Mại,V/v nhập khẩu sử dụng giấy ủy quyền và công bố của doanh nghiệp khác để nhập khẩu thực phẩm chức năng,55092,305,16,TP_HO_CHI_MINH,Đặng Thái Thiện,10/07/2020,https://files.customs.gov.vn/CustomsCMS/TP_HO_CHI_MINH/2020/Web/Data/DocumentAttachments/2006.pdf,https://www.customs.gov.vn/index.jsp?pageId=3&id=55092&cid=1294,2020,07/2020,2026-10-08T09:32:22Z
671,1844/QÐ-TCHQ,09/07/2020,Tổng cục hải quan,Về việc thay đổi thông tin đại lý làm thủ tục hải quan - Công ty TNHH Hưng Thịnh Global,55324,305,10,TP_HO_CHI_MINH,Âu Anh Tuấn,09/07/2020,https://files.customs.gov.vn/CustomsCMS/TP_HO_CHI_MINH/2020/Web/Data/DocumentAttachments/Vanban_1844.PDF,https://www.customs.gov.vn/index.jsp?pageId=3&id=55324&cid=1294,2020,07/2020,2026-10-08T09:32:22Z
672,1846/QÐ-TCHQ,09/07/2020,Tổng cục hải quan,Về việc thay đổi thông tin đại lý làm thủ tục hải quan -  Công ty TNHH H2O Logistics,56389,305,10,TP_HO_CHI_MINH,Âu Anh Tuấn,09/07/2020,https://files.customs.gov.vn/CustomsCMS/TP_HO_CHI_MINH/2020/Web/Data/DocumentAttachments/Vanban_1846.PDF,https://www.customs.gov.vn/index.jsp?pageId=3&id=56389&cid=1294,2020,07/2020,2026-10-08T09:32:22Z
673,1848/QÐ-TCHQ,09/07/2020,Tổng cục hải quan,Về việc thay đổi thông tin đại lý làm thủ tục hải quan - Công ty TNHH Dịch vụ tiếp vận Weixin,58241,305,10,TP_HO_CHI_MINH,Âu Anh Tuấn,09/07/2020,https://files.customs.gov.vn/CustomsCMS/TP_HO_CHI_MINH/2020/Web/Data/DocumentAttachments/Vanban_1848.PDF,https://www.customs.gov.vn/index.jsp?pageId=3&id=58241&cid=1294,2020,07/2020,2026-10-08T09:32:22Z
674,1850/QĐ-TCHQ,09/07/2020,Tổng cục hải quan,Quyết định số 1850/QĐ-TCHQ ngày 09/7/2020 của Tổng cục Hải quan V/v Công nhận kho ngoại quan của Cty CP Cảng Quy Nhơn.,60348,305,10,TONG_CUC,null,09/07/2020,https://files.customs.gov.vn/van_ban_phap_luat/Lists/VanBanPhapLuat/Attachments/13417/1850-QD-TCHQ-2020.pdf,https://www.customs.gov.vn/index.jsp?pageId=3&id=60348&cid=1294,2020,07/2020,2026-10-08T09:32:22Z
675,1851/QĐ-TCHQ,09/07/2020,Tổng cục hải quan,Quyết định số 1851/QĐ-TCHQ ngày 09/7/2020 của Tổng cục Hải quan V/v chấm dứt hoạt động kho ngoại quan của Cty TNHH Dịch vụ phân phối Senko Việt Nam.,60349,305,10,TONG_CUC,null,09/07/2020,https://files.customs.gov.vn/van_ban_phap_luat/Lists/VanBanPhapLuat/Attachments/13419/1851-QD-TCHQ-2020.pdf,https://www.customs.gov.vn/index.jsp?pageId=3&id=60349&cid=1294,2020,07/2020,2026-10-08T09:32:22Z
676,1972/HQHCM-GSQL,09/07/2020,Bộ Thương Mại,V/v phúc đáp công văn số 07/XNK-PY-2020 ngày 02/7/2020,58662,305,16,TP_HO_CHI_MINH,Nguyễn Hữu Nghiệp,09/07/2020,,https://www.customs.gov.vn/index.jsp?pageId=3&id=58662&cid=1294,2020,07/2020,2026-10-08T09:32:22Z
677,1974/HQHCM-GSQL,09/07/2020,Bộ Thương Mại,V/v phúc đáp công văn số 3006/ALTUS ngày 30/6/2020,57328,305,16,TP_HO_CHI_MINH,Nguyễn Hữu Nghiệp,09/07/2020,,https://www.customs.gov.vn/index.jsp?pageId=3&id=57328&cid=1294,2020,07/2020,2026-10-08T09:32:22Z
678,1981/HQHCM-GSQL,09/07/2020,Bộ Thương Mại,V/v chuyển hàng hóa từ kho ngoại quan này sang kho ngoại quan khác,54780,305,16,TP_HO_CHI_MINH,Nguyễn Hữu Nghiệp,09/07/2020,https://files.customs.gov.vn/CustomsCMS/TP_HO_CHI_MINH/2020/Web/Data/DocumentAttachments/1981.pdf,https://www.customs.gov.vn/index.jsp?pageId=3&id=54780&cid=1294,2020,07/2020,2026-10-08T09:32:22Z
679,4617/TCHQ-TXNK,09/07/2020,Tổng cục hải quan,V/v phân loại hàng hóa,55507,305,16,TP_HO_CHI_MINH,Đào Thu Hương,09/07/2020,https://files.customs.gov.vn/CustomsCMS/TP_HO_CHI_MINH/2020/Web/Data/DocumentAttachments/Vanban_4617_.PDF,https://www.customs.gov.vn/index.jsp?pageId=3&id=55507&cid=1294,2020,07/2020,2026-10-08T09:32:22Z
680,1959/HQHCM-GSQL,08/07/2020,Bộ Thương Mại,V/v ngăn một phần kho ngoại quan để làm kho mát,53057,305,16,TP_HO_CHI_MINH,Nguyễn Hữu Nghiệp,08/07/2020,https://files.customs.gov.vn/CustomsCMS/TP_HO_CHI_MINH/2020/Web/Data/DocumentAttachments/1959.pdf,https://www.customs.gov.vn/index.jsp?pageId=3&id=53057&cid=1294,2020,07/2020,2026-10-08T09:32:22Z
681,1960/HQHCM-TXNK,08/07/2020,Bộ Thương Mại,V/v phân loại mặt hàng khẩu trang vải thông thường,57439,305,16,TP_HO_CHI_MINH,Nguyễn Quốc Toản,08/07/2020,https://files.customs.gov.vn/CustomsCMS/TP_HO_CHI_MINH/2020/Web/Data/DocumentAttachments/1960.pdf,https://www.customs.gov.vn/index.jsp?pageId=3&id=57439&cid=1294,2020,07/2020,2026-10-08T09:32:22Z
682,1962/HQHCM-GSQL,08/07/2020,Bộ Thương Mại,V/v bán hàng tại cảng,56291,305,16,TP_HO_CHI_MINH,Nguyễn Hữu Nghiệp,08/07/2020,https://files.customs.gov.vn/CustomsCMS/TP_HO_CHI_MINH/2020/Web/Data/DocumentAttachments/1962.pdf,https://www.customs.gov.vn/index.jsp?pageId=3&id=56291&cid=1294,2020,07/2020,2026-10-08T09:32:22Z
683,1968/HQHCM-TXNK,08/07/2020,Bộ Thương Mại,V/v hướng dẫn phân loại “Thiết bị đo độ rung của máy móc”,54572,305,16,TP_HO_CHI_MINH,Nguyễn Quốc Toản,08/07/2020,https://files.customs.gov.vn/CustomsCMS/TP_HO_CHI_MINH/2020/Web/Data/DocumentAttachments/1968.pdf,https://www.customs.gov.vn/index.jsp?pageId=3&id=54572&cid=1294,2020,07/2020,2026-10-08T09:32:22Z
684,4586/TB-TCHQ,08/07/2020,Tổng cục hải quan,"Chế phẩm bổ sung trong thức ăn chăn nuôi, dạng bột. Thành phần có chứa vitamin B3, khoáng, dầu cam, hương liệu ... trên nền chất mang silic dioxit.",52789,305,16,TP_HO_CHI_MINH,Lưu Mạnh Tưởng,08/07/2020,https://files.customs.gov.vn/CustomsCMS/TP_HO_CHI_MINH/2020/Web/Data/DocumentAttachments/Vanban_4586.PDF,https://www.customs.gov.vn/index.jsp?pageId=3&id=52789&cid=1294,2020,07/2020,2026-10-08T09:32:22Z
685,4587/TB-TCHQ,08/07/2020,Tổng cục hải quan,"Chế phấm bổ sung trong thức ăn chăn nuôi, dạng bột. Thành phần có chứa vitamin B3, khoáng, ethyl vanillin, hương liệu ... trên nền chất mang silic dioxit.",53592,305,16,TP_HO_CHI_MINH,Lưu Mạnh Tưởng,08/07/2020,https://files.customs.gov.vn/CustomsCMS/TP_HO_CHI_MINH/2020/Web/Data/DocumentAttachments/Vanban_4587.PDF,https://www.customs.gov.vn/index.jsp?pageId=3&id=53592&cid=1294,2020,07/2020,2026-10-08T09:32:22Z
686,4588/TB-TCHQ,08/07/2020,Tổng cục hải quan,"Chế phấm bổ sung trong thức ăn chăn nuôi, dạng bột. Thành phần có chứa vitamin B3, khoáng, chiết xuất từ mực, hương liệu ... trên nền chất mang silic dioxit",55951,305,16,TP_HO_CHI_MINH,Lưu Mạnh Tưởng,08/07/2020,https://files.customs.gov.vn/CustomsCMS/TP_HO_CHI_MINH/2020/Web/Data/DocumentAttachments/Vanban_4588.PDF,https://www.customs.gov.vn/index.jsp?pageId=3&id=55951&cid=1294,2020,07/2020,2026-10-08T09:32:22Z
687,4598/TB-TCHQ,08/07/2020,Tổng cục hải quan,"Hợp chất có thành phần chính là nhựa epoxy, chất độn vô cơ, chất màu hữu cơ..., hàm lượng tro 13.2% dùng để kết dính và trám trét giữa các lớp thép hoặc nhôm kính trên vỏ xe, có tác dụng làm kín, chống vô nước, chống bụi..., dạng nhão đã được đóng gói 0.36g/tuýp",58166,305,16,TP_HO_CHI_MINH,Lưu Mạnh Tưởng,08/07/2020,https://files.customs.gov.vn/CustomsCMS/TP_HO_CHI_MINH/2020/Web/Data/DocumentAttachments/Vanban_4598.PDF,https://www.customs.gov.vn/index.jsp?pageId=3&id=58166&cid=1294,2020,07/2020,2026-10-08T09:32:22Z
688,4599/TB-TCHQ,08/07/2020,Tổng cục hải quan,"Hợp chất có thành phần chính là nhựa epoxy, chất độn vô cơ, chất màu hữu cơ..., hàm lượng tro 14.5% dùng để kết dính và trám trét giữa các lớp thép hoặc nhôm kính trên vỏ xe, có tác dụng làm kín, chống vô nước, chống bụi..., dạng nhão đã được đóng gói 25kg/thùng",54416,305,16,TP_HO_CHI_MINH,Lưu Mạnh Tưởng,08/07/2020,https://files.customs.gov.vn/CustomsCMS/TP_HO_CHI_MINH/2020/Web/Data/DocumentAttachments/Vanban_4599.PDF,https://www.customs.gov.vn/index.jsp?pageId=3&id=54416&cid=1294,2020,07/2020,2026-10-08T09:32:22Z
689,80/2020/NÐ-CP,08/07/2020,Chính phủ,"Nghị định quản lý và sử dụng viện trợ không hoàn lại không thuộc hỗ trợ phát triển chính thức của các cơ quan, tổ chức, cá nhân nước ngoài dành cho Việt Nam",58263,305,8,TP_HO_CHI_MINH,Nguyễn Xuân Phúc,17/09/2020,https://files.customs.gov.vn/CustomsCMS/TP_HO_CHI_MINH/2020/Web/Data/DocumentAttachments/80_2020_ND-CP.doc,https://www.customs.gov.vn/index.jsp?pageId=3&id=58263&cid=1294,2020,07/2020,2026-10-08T09:32:22Z
690,4550/TB-TCHQ,07/07/2020,Tổng cục hải quan,"Thuốc trừ côn trùng, chứa hoạt chất cyromazine, dạng bột.",55300,305,16,TP_HO_CHI_MINH,Lưu Mạnh Tưởng,07/07/2020,https://files.customs.gov.vn/CustomsCMS/TP_HO_CHI_MINH/2020/Web/Data/DocumentAttachments/Vanban_4550.PDF,https://www.customs.gov.vn/index.jsp?pageId=3&id=55300&cid=1294,2020,07/2020,2026-10-08T09:32:22Z
691,4557/TCHQ-TXNK,07/07/2020,Tổng cục hải quan,V/v hoàn thuế hàng NK sau đó XK vào khu phi thuế quan,53535,305,16,TP_HO_CHI_MINH,Lê Mạnh Hùng,07/07/2020,https://files.customs.gov.vn/CustomsCMS/TP_HO_CHI_MINH/2020/Web/Data/DocumentAttachments/Vanban_4557_.PDF,https://www.customs.gov.vn/index.jsp?pageId=3&id=53535&cid=1294,2020,07/2020,2026-10-08T09:32:22Z
692,1936/HQHCM-GSQL,06/07/2020,Bộ Thương Mại,V/v cấp mã địa điểm lưu kho của Công ty CP Vantage Logistics,55609,305,16,TP_HO_CHI_MINH,Nguyễn Hữu Nghiệp,06/07/2020,https://files.customs.gov.vn/CustomsCMS/TP_HO_CHI_MINH/2020/Web/Data/DocumentAttachments/1936.pdf,https://www.customs.gov.vn/index.jsp?pageId=3&id=55609&cid=1294,2020,07/2020,2026-10-08T09:32:22Z
693,1732/QÐ-TCHQ,03/07/2020,Tổng cục hải quan,Về việc thu hồi mã số nhân viên đại lý làm thủ tục hải quan,57517,305,10,TP_HO_CHI_MINH,Âu Anh Tuấn,03/07/2020,https://files.customs.gov.vn/CustomsCMS/TP_HO_CHI_MINH/2020/Web/Data/DocumentAttachments/Vanban_1732.PDF,https://www.customs.gov.vn/index.jsp?pageId=3&id=57517&cid=1294,2020,07/2020,2026-10-08T09:32:22Z
694,4486/TB-TCHQ,03/07/2020,Tổng cục hải quan,"Chế phẩm dùng cho da, chứa thành phần gồm hỗn hợp glycerid đã bão hòa oxy cao của các acid béo như linoleic, oleic, stearic, palmitic; hương hoa hồi; ..., dạng lỏng trong, đóng gói lọ có đầu phun dung tích 20ml/hộp.",58212,305,16,TP_HO_CHI_MINH,Lưu Mạnh Tưởng,03/07/2020,https://files.customs.gov.vn/CustomsCMS/TP_HO_CHI_MINH/2020/Web/Data/DocumentAttachments/Vanban_4486.PDF,https://www.customs.gov.vn/index.jsp?pageId=3&id=58212&cid=1294,2020,07/2020,2026-10-08T09:32:22Z
695,1923/HQHCM-GSQL,02/07/2020,Bộ Thương Mại,V/v hướng dẫn NK ô tô dưới 16 chỗ ngồi vào nội địa từ kho ngoại quan.,58722,305,16,TP_HO_CHI_MINH,Nguyễn Hữu Nghiệp,02/07/2020,https://files.customs.gov.vn/CustomsCMS/TP_HO_CHI_MINH/2020/Web/Data/DocumentAttachments/Vanban_1923.pdf,https://www.customs.gov.vn/index.jsp?pageId=3&id=58722&cid=1294,2020,07/2020,2026-10-08T09:32:22Z
696,4462/TB-TCHQ,02/07/2020,Tổng cục hải quan,"Sitosterol, dạng bột",56387,305,16,TP_HO_CHI_MINH,Lưu Mạnh Tưởng,02/07/2020,https://files.customs.gov.vn/CustomsCMS/TP_HO_CHI_MINH/2020/Web/Data/DocumentAttachments/Vanban_4462.PDF,https://www.customs.gov.vn/index.jsp?pageId=3&id=56387&cid=1294,2020,07/2020,2026-10-08T09:32:22Z
697,46/KTNN-TT,02/07/2020,null,cung cấp danh sách các NHTM nới KBNN mở tài khoản,76795,305,16,DA_NANG,Hoàng Trung Lương,02/07/2020,https://files.customs.gov.vn/DA_NANG/Uploads/65e32243-11bf-4695-985d-c1563e8c13ba/70.pdf,https://www.customs.gov.vn/index.jsp?pageId=3&id=76795&cid=1294,2020,07/2020,2026-10-08T09:32:22Z
698,1713/QÐ-TCHQ,01/07/2020,Tổng cục hải quan,Về việc công nhận hoạt động đại lý làm thủ tục hải quan - Công ty TNHH Minh Anh Logistics,53287,305,10,TP_HO_CHI_MINH,Âu Anh Tuấn,01/07/2020,https://files.customs.gov.vn/CustomsCMS/TP_HO_CHI_MINH/2020/Web/Data/DocumentAttachments/Vanban_1713.PDF,https://www.customs.gov.vn/index.jsp?pageId=3&id=53287&cid=1294,2020,07/2020,2026-10-08T09:32:22Z
699,2575/GSQL-GQ1,01/07/2020,Bộ Công nghiệp,V/v nhập khẩu thiết bị điện tử làm nóng thuốc lá,54293,305,16,TP_HO_CHI_MINH,Vũ Lê Quân,01/07/2020,https://files.customs.gov.vn/CustomsCMS/TP_HO_CHI_MINH/2020/Web/Data/DocumentAttachments/Vanban_2575.pdf,https://www.customs.gov.vn/index.jsp?pageId=3&id=54293&cid=1294,2020,07/2020,2026-10-08T09:32:22Z
700,4418/TCHQ-GSQL,01/07/2020,Tổng cục hải quan,"Chấp nhận khai báo thủ công các tờ khai tái xuất, tái nhập (Công ty TNHH MTV Dầu khí Sông Hồng)",67029,305,16,DONG_NAI,null,null,,https://www.customs.gov.vn/index.jsp?pageId=3&id=67029&cid=1294,2020,07/2020,2026-10-08T09:32:22Z
701,4420/TB-TCHQ,01/07/2020,Tổng cục hải quan,"Chế phẩm hóa học thành phần có chứa cacbon; TiO2; ZrO2; SiO2, sợi thủy tinh...dùng làm phụ gia cho dung dịch khoan",58311,305,16,TP_HO_CHI_MINH,Lưu Mạnh Tưởng,01/07/2020,https://files.customs.gov.vn/CustomsCMS/TP_HO_CHI_MINH/2020/Web/Data/DocumentAttachments/Vanban_4420.PDF,https://www.customs.gov.vn/index.jsp?pageId=3&id=58311&cid=1294,2020,07/2020,2026-10-08T09:32:22Z
702,75/2020/NĐ-CP,01/07/2020,Chính phủ,"Nghị định 75/2020/NĐ-CP hướng dẫn Luật Nhập cảnh, xuất cảnh, quá cảnh, cư trú của người nước ngoài tại Việt Nam sửa đổi",43079,305,18,QUANG_BINH,null,null,https://files.customs.gov.vn/CustomsCMS/QUANG_BINH/2021/04/images/stories/files/75NDCP2020.pdf,https://www.customs.gov.vn/index.jsp?pageId=3&id=43079&cid=1294,2020,07/2020,2026-10-08T09:32:22Z
703,76/2020/NĐ-CP,01/07/2020,Chính phủ,"Nghị định 76/2020/NĐ-CP hướng dẫn về đối tượng, trình tự, thủ tục, thẩm quyền cấp, thu hồi, hủy giá trị sử dụng giấy thông hành",43078,305,18,QUANG_BINH,null,null,https://files.customs.gov.vn/CustomsCMS/QUANG_BINH/2021/04/images/stories/files/76NDCP2020.pdf,https://www.customs.gov.vn/index.jsp?pageId=3&id=43078&cid=1294,2020,07/2020,2026-10-08T09:32:22Z
704,77/2020/NĐ-CP,01/07/2020,Chính phủ,"Nghị định 77/2020/NĐ-CP quy định về quản lý, khai thác thông tin trong Cơ sở dữ liệu quốc gia về xuất nhập cảnh; dịch vụ công trực tuyến phục vụ cấp, quản lý, kiểm soát hộ chiếu của công dân Việt Nam; kiểm soát xuất nhập cảnh bằng cổng kiểm soát tự động",43077,305,18,QUANG_BINH,null,null,https://files.customs.gov.vn/CustomsCMS/QUANG_BINH/2021/04/images/stories/files/77NDCP2020.pdf,https://www.customs.gov.vn/index.jsp?pageId=3&id=43077&cid=1294,2020,07/2020,2026-10-08T09:32:22Z
705,1709/HQĐNa-VP,31/08/2020,Cục Hải Quan tỉnh Đồng Nai,Nghỉ lễ Quốc khánh 02/9/2020,67044,305,16,DONG_NAI,null,null,https://files.customs.gov.vn/DONG_NAI//Data/Cv_Hqdn/1709_HQDNa_VP_31_08_2020.pdf,https://www.customs.gov.vn/index.jsp?pageId=3&id=67044&cid=1294,2020,08/2020,2026-10-08T09:32:22Z
706,2512/HQHCM-GSQL,31/08/2020,Bộ Thương Mại,V/v chuyển hàng hóa từ kho ngoại quan này sang kho ngoại quan khác,53872,305,16,TP_HO_CHI_MINH,Đặng Thái Thiện,31/08/2020,https://files.customs.gov.vn/CustomsCMS/TP_HO_CHI_MINH/2020/Web/Data/DocumentAttachments/Vanban_2512.pdf,https://www.customs.gov.vn/index.jsp?pageId=3&id=53872&cid=1294,2020,08/2020,2026-10-08T09:32:22Z
707,5743/TB-TCHQ,31/08/2020,Tổng cục hải quan,"Màng poly (etylen terephthalate) không xốp, chưa được gia cố, chưa gắn lớp mặt, chưa được bổ trợ và được phủ bề mặt lớp kim loại (chủ yếu là nhôm), dày -0,012 mm, khổ rộng 770 mm.",53312,305,16,TP_HO_CHI_MINH,Lưu Mạnh Tưởng,31/08/2020,https://files.customs.gov.vn/CustomsCMS/TP_HO_CHI_MINH/2020/Web/Data/DocumentAttachments/Vanban_5743_.PDF,https://www.customs.gov.vn/index.jsp?pageId=3&id=53312&cid=1294,2020,08/2020,2026-10-08T09:32:22Z
708,5747/TB-TCHQ,31/08/2020,Bộ Thương Mại,"Hỗn hợp hóa chất dùng trong chế biến thực phẩm, thành phần gồm Butylate hydroxyanisole, butylated hydroxytoluene, dạng lỏng.",53982,305,16,TP_HO_CHI_MINH,Lưu Mạnh Tưởng,31/08/2020,https://files.customs.gov.vn/CustomsCMS/TP_HO_CHI_MINH/2020/Web/Data/DocumentAttachments/Vanban_5747_.PDF,https://www.customs.gov.vn/index.jsp?pageId=3&id=53982&cid=1294,2020,08/2020,2026-10-08T09:32:22Z
709,69/2020/TT-BTC,30/08/2020,null,"THÔNG TƯ QUY ĐỊNH HỒ SƠ VÀ TRÌNH TỰ, THỦ TỤC XỬ LÝ NỢ THEO NGHỊ QUYẾT SỐ 94/2019/QH14 NGÀY 26 THÁNG 11 NĂM 2019 CỦA QUỐC HỘI",61868,305,4,QUANG_NGAI,null,01/01/1900,,https://www.customs.gov.vn/index.jsp?pageId=3&id=61868&cid=1294,2020,08/2020,2026-10-08T09:32:22Z
710,100/2020/NĐ-CP,28/08/2020,Chính phủ,Nghị định về kinh doanh hàng miễn thuế,40530,305,8,HAI_PHONG,null,15/10/2020,,https://www.customs.gov.vn/index.jsp?pageId=3&id=40530&cid=1294,2020,08/2020,2026-10-08T09:32:22Z
711,20/2020/TT-BCT,28/08/2020,Khác,"Thông tư 20/2020/TT-BCT quy định về áp dụng hạn ngạch thuế quan nhập khẩu thuốc lá nguyên liệu và trứng gia cầm có xuất xứ từ các nước thành viên của Liên minh Kinh tế Á Âu năm 2020, 2021, 2022",43090,305,18,QUANG_BINH,null,null,https://files.customs.gov.vn/CustomsCMS/QUANG_BINH/2021/04/images/stories/files/20TTBCT2020.pdf,https://www.customs.gov.vn/index.jsp?pageId=3&id=43090&cid=1294,2020,08/2020,2026-10-08T09:32:22Z
712,2499/HQHCM-GSQL,28/08/2020,Bộ Thương Mại,V/v nhập khẩu linh kiện đã qua sử dụng,58378,305,16,TP_HO_CHI_MINH,Đặng Thái Thiện,28/08/2020,https://files.customs.gov.vn/CustomsCMS/TP_HO_CHI_MINH/2020/Web/Data/DocumentAttachments/Vanban_2499.pdf,https://www.customs.gov.vn/index.jsp?pageId=3&id=58378&cid=1294,2020,08/2020,2026-10-08T09:32:22Z
713,3017/GSQL-TH,28/08/2020,Bộ Công nghiệp,V/v gia hạn mã số nhân viên đại lý làm thủ tục hải quan,55578,305,16,TP_HO_CHI_MINH,Trần Đức Hùng,28/08/2020,https://files.customs.gov.vn/CustomsCMS/TP_HO_CHI_MINH/2020/Web/Data/DocumentAttachments/Vanban_3017.pdf,https://www.customs.gov.vn/index.jsp?pageId=3&id=55578&cid=1294,2020,08/2020,2026-10-08T09:32:22Z
714,3019/GSQL-TH,28/08/2020,Bộ Công nghiệp,V/v gia hạn mã số nhân viên đại lý làm thủ tục hải quan,55019,305,16,TP_HO_CHI_MINH,Trần Đức Hùng,28/08/2020,https://files.customs.gov.vn/CustomsCMS/TP_HO_CHI_MINH/2020/Web/Data/DocumentAttachments/Vanban_3019.pdf,https://www.customs.gov.vn/index.jsp?pageId=3&id=55019&cid=1294,2020,08/2020,2026-10-08T09:32:22Z
715,3026/GSQL-TH,28/08/2020,Bộ Công nghiệp,V/v gia hạn mã số nhân viên đại lý làm thủ tục hải quan.,55286,305,16,TP_HO_CHI_MINH,Âu Anh Tuấn,28/08/2020,https://files.customs.gov.vn/CustomsCMS/TP_HO_CHI_MINH/2020/Web/Data/DocumentAttachments/Vanban_3026.pdf,https://www.customs.gov.vn/index.jsp?pageId=3&id=55286&cid=1294,2020,08/2020,2026-10-08T09:32:22Z
716,2496/HQHCM-GSQL,27/08/2020,Bộ Thương Mại,V/v kiểm tra chất lượng mặt hàng Máy nén lạnh kèm bình không chứa khí,55424,305,16,TP_HO_CHI_MINH,Đặng Thái Thiện,27/08/2020,https://files.customs.gov.vn/CustomsCMS/TP_HO_CHI_MINH/2020/Web/Data/DocumentAttachments/Vanban_2496.pdf,https://www.customs.gov.vn/index.jsp?pageId=3&id=55424&cid=1294,2020,08/2020,2026-10-08T09:32:22Z
717,3007/GSQL-TH,27/08/2020,Bộ Công nghiệp,V/v cấp mã số nhân viên đại lý làm thủ tục hải quan,54231,305,16,TP_HO_CHI_MINH,Trần Đức Hùng,27/08/2020,https://files.customs.gov.vn/CustomsCMS/TP_HO_CHI_MINH/2020/Web/Data/DocumentAttachments/Vanban_10940.pdf,https://www.customs.gov.vn/index.jsp?pageId=3&id=54231&cid=1294,2020,08/2020,2026-10-08T09:32:22Z
718,5681/TB-TCHQ,27/08/2020,Tổng cục hải quan,"Chế phẩm dùng làm gia vị trong chế biến thực phẩm, có thành phần gồm rượu gạo, đường khử và phụ gia, dạng lỏng (cooking sauce).",57117,305,16,TP_HO_CHI_MINH,Lưu Mạnh Tưởng,27/08/2020,https://files.customs.gov.vn/CustomsCMS/TP_HO_CHI_MINH/2020/Web/Data/DocumentAttachments/Vanban_5681_.PDF,https://www.customs.gov.vn/index.jsp?pageId=3&id=57117&cid=1294,2020,08/2020,2026-10-08T09:32:22Z
719,5710/TCHQ-TXNK,27/08/2020,Tổng cục hải quan,V/v triển khai thực hiện Thông tư số 92/2019/TT-BTC,58937,305,16,TP_HO_CHI_MINH,Lưu Mạnh Tưởng,27/08/2020,https://files.customs.gov.vn/CustomsCMS/TP_HO_CHI_MINH/2020/Web/Data/DocumentAttachments/CV5710TCHQ2020.PDF,https://www.customs.gov.vn/index.jsp?pageId=3&id=58937&cid=1294,2020,08/2020,2026-10-08T09:32:22Z
720,2347/QĐ-BKHCN,26/08/2020,Bộ và ngang bộ,Quyết định số 2347/QĐ-BKHCN ngày 26/8/2020 của Bộ Khoa học và công nghệ về việc chỉ định tổ chức giám định,60351,305,10,TONG_CUC,Nguyễn Thị Ngọc Diệp,26/08/2020,https://files.customs.gov.vn/van_ban_phap_luat/Lists/VanBanPhapLuat/Attachments/13423/QD2347-BKHCN2020.PDF,https://www.customs.gov.vn/index.jsp?pageId=3&id=60351&cid=1294,2020,08/2020,2026-10-08T09:32:22Z
721,2475/HQHCM-TXNK,26/08/2020,Bộ Thương Mại,V/v hướng dẫn thủ tục hải quan,56602,305,16,TP_HO_CHI_MINH,Nguyễn Quốc Toản,26/08/2020,,https://www.customs.gov.vn/index.jsp?pageId=3&id=56602&cid=1294,2020,08/2020,2026-10-08T09:32:22Z
722,2480/HQHCM-GSQL,26/08/2020,Bộ Thương Mại,V/v trả lời công văn số 1708/2020/CV về hướng dẫn cách thể hiện thông tin tự chứng nhận xuất xứ hàng hóa.,53148,305,16,TP_HO_CHI_MINH,Đặng Thái Thiện,26/08/2020,https://files.customs.gov.vn/CustomsCMS/TP_HO_CHI_MINH/2020/Web/Data/DocumentAttachments/Vanban_2480.pdf,https://www.customs.gov.vn/index.jsp?pageId=3&id=53148&cid=1294,2020,08/2020,2026-10-08T09:32:22Z
723,5660/TCHQ-TXNK,26/08/2020,Tổng cục hải quan,"V/v thuế GTGT, mã số HS đối với thiết bị y tế",53699,305,16,TP_HO_CHI_MINH,Lê Mạnh Hùng,26/08/2020,https://files.customs.gov.vn/CustomsCMS/TP_HO_CHI_MINH/2020/Web/Data/DocumentAttachments/Vanban_5660.PDF,https://www.customs.gov.vn/index.jsp?pageId=3&id=53699&cid=1294,2020,08/2020,2026-10-08T09:32:22Z
724,98/2020/NÐ-CP,26/08/2020,Chính phủ,"Nghị định quy định xử phạt vi phạm hành chính trong hoạt động thương mại, sản xuất, buôn bán hàng giả, hàng cấm và bảo vệ quyền lợi người tiêu dùng",57796,305,8,TP_HO_CHI_MINH,Nguyễn Xuân Phúc,15/10/2020,https://files.customs.gov.vn/CustomsCMS/TP_HO_CHI_MINH/2020/Web/Data/DocumentAttachments/98_2020_ND-CP.doc,https://www.customs.gov.vn/index.jsp?pageId=3&id=57796&cid=1294,2020,08/2020,2026-10-08T09:32:22Z
725,98/2020/NĐ-CP,26/08/2020,Chính phủ,"Nghị định quy định xử phạt VPHC trong hoạt động thương mại, sản xuất, buôn bán hàng giả, hàng cấm và bảo vệ người tiêu dùng",40534,305,8,HAI_PHONG,Nguyễn Xuân Phúc,15/10/2020,,https://www.customs.gov.vn/index.jsp?pageId=3&id=40534&cid=1294,2020,08/2020,2026-10-08T09:32:22Z
726,99/2020/NĐ-CP,26/08/2020,Chính phủ,"Nghị định 99/2020/NĐ-CP quy định về xử phạt vi phạm hành chính trong lĩnh vực dầu khí, kinh doanh xăng dầu và khí",43089,305,18,QUANG_BINH,null,null,https://files.customs.gov.vn/CustomsCMS/QUANG_BINH/2021/04/images/stories/files/99NDCP2020.pdf,https://www.customs.gov.vn/index.jsp?pageId=3&id=43089&cid=1294,2020,08/2020,2026-10-08T09:32:22Z
727,17/TB-HĐNVKHQ,25/08/2020,Tổng cục hải quan,Công nhận kết quả thi của thí sinh tham dự Kỳ thi cấp chứng chỉ nghiệp vụ khai hải quan năm 2020,61086,305,19,BINH_DUONG,null,25/08/2020,https://files.customs.gov.vn/BINH_DUONG/CMS/Lists/VanBanPhapQuy_VN/Attachments/4563/Vanban_17(20)_2020.PDF,https://www.customs.gov.vn/index.jsp?pageId=3&id=61086&cid=1294,2020,08/2020,2026-10-08T09:32:22Z
728,2456/HQHCM-TXNK,25/08/2020,Bộ Thương Mại,"V/v hướng dẫn phân loại và thủ tục nhập khẩu mặt hàng Tai nghe loại nhét tai,kết nối bằng bluetooth",54465,305,16,TP_HO_CHI_MINH,Nguyễn Quốc Toản,25/08/2020,https://files.customs.gov.vn/CustomsCMS/TP_HO_CHI_MINH/2020/Web/Data/DocumentAttachments/Vanban_2456.pdf,https://www.customs.gov.vn/index.jsp?pageId=3&id=54465&cid=1294,2020,08/2020,2026-10-08T09:32:22Z
729,2251/QĐ-BCT,24/08/2020,Bộ Công Thương,V/v Điều tra áp dụng biện pháp chống bán phá giá đối với một số sản phẩm thép hình chữ h có xuất xứ từ MA-LAY-XI-A,90605,305,10,DONG_NAI,null,24/08/2020,https://files.customs.gov.vn/CustomsCMS/DONG_NAI/2024/1/22/2251_QD_BCT_24_08_2020.pdf,https://www.customs.gov.vn/index.jsp?pageId=3&id=90605&cid=1294,2020,08/2020,2026-10-08T09:32:22Z
730,96/2020/NÐ-CP,24/08/2020,Chính phủ,"Nghị định quy định xử phạt vi phạm hành chính trong lĩnh vực quản lý, bảo vệ biên giới quốc gia.",52626,305,8,TP_HO_CHI_MINH,Nguyễn Xuân Phúc,10/10/2020,https://files.customs.gov.vn/CustomsCMS/TP_HO_CHI_MINH/2020/Web/Data/DocumentAttachments/96_2020_ND-CP.doc,https://www.customs.gov.vn/index.jsp?pageId=3&id=52626&cid=1294,2020,08/2020,2026-10-08T09:32:22Z
731,96/2020/NĐ-CP,24/08/2020,Chính phủ,"Nghị định 96/2020/NĐ-CP quy định xử phạt vi phạm hành chính trong lĩnh vực quản lý, bảo vệ biên giới quốc gia",43084,305,18,QUANG_BINH,null,null,https://files.customs.gov.vn/CustomsCMS/QUANG_BINH/2021/04/images/stories/files/96NDCP2020.pdf,https://www.customs.gov.vn/index.jsp?pageId=3&id=43084&cid=1294,2020,08/2020,2026-10-08T09:32:22Z
732,1652/HQĐNa-TXNK,21/08/2020,Cục Hải Quan tỉnh Đồng Nai,"Hoàn lại tiền thuế than nhập khẩu phục vụ chạy thử, nghiệm thu dự án Nhà máy nhiệt điện Vĩnh Tân 4",67043,305,16,DONG_NAI,null,null,https://files.customs.gov.vn/DONG_NAI//Data/Cv_Hqdn/1652_HQDNa_TXNK_21_08_2020.pdf,https://www.customs.gov.vn/index.jsp?pageId=3&id=67043&cid=1294,2020,08/2020,2026-10-08T09:32:22Z
733,5568/TB-TCHQ,21/08/2020,Tổng cục hải quan,"Sản phẩm dạng lưới, bề dày 0,1 mm, khổ rộng lớn hơn 1 m, dạng cuộn, dùng trong sản xuất băng keo",55309,305,16,TP_HO_CHI_MINH,Lưu Mạnh Tưởng,21/08/2020,https://files.customs.gov.vn/CustomsCMS/TP_HO_CHI_MINH/2020/Web/Data/DocumentAttachments/Vanban_5568_.PDF,https://www.customs.gov.vn/index.jsp?pageId=3&id=55309&cid=1294,2020,08/2020,2026-10-08T09:32:22Z
734,5575/TCHQ-GSQL,21/08/2020,Tổng cục hải quan,V/v chứng từ chứng nhận xuất xứ hàng hóa trong hiệp định EVFTA,57693,305,16,TP_HO_CHI_MINH,Mai Xuân Thành,21/08/2020,https://files.customs.gov.vn/CustomsCMS/TP_HO_CHI_MINH/2020/Web/Data/DocumentAttachments/Vanban_5575.pdf,https://www.customs.gov.vn/index.jsp?pageId=3&id=57693&cid=1294,2020,08/2020,2026-10-08T09:32:22Z
735,5583/TCHQ-TXNK,21/08/2020,Tổng cục hải quan,V/v nhập khẩu máy thở,58425,305,16,TP_HO_CHI_MINH,Lưu Mạnh Tưởng,21/08/2020,https://files.customs.gov.vn/CustomsCMS/TP_HO_CHI_MINH/2020/Web/Data/DocumentAttachments/Vanban_5583.PDF,https://www.customs.gov.vn/index.jsp?pageId=3&id=58425&cid=1294,2020,08/2020,2026-10-08T09:32:22Z
736,5589/TCHQ-TXNK,21/08/2020,Tổng cục hải quan,V/v chính sách thuế đối với DNCX,52978,305,16,TP_HO_CHI_MINH,Lê Mạnh Hùng,21/08/2020,https://files.customs.gov.vn/CustomsCMS/TP_HO_CHI_MINH/2020/Web/Data/DocumentAttachments/Vanban_5589.PDF,https://www.customs.gov.vn/index.jsp?pageId=3&id=52978&cid=1294,2020,08/2020,2026-10-08T09:32:22Z
737,5529/TCHQ-TXNK,20/08/2020,null,"phân loại linh kiện sản xuất, lắp ráp module màn hình dẹt",76824,305,16,DA_NANG,Lưu Mạnh Tưởng,20/08/2020,https://files.customs.gov.vn/DA_NANG/Uploads/65e32243-11bf-4695-985d-c1563e8c13ba/5529.pdf,https://www.customs.gov.vn/index.jsp?pageId=3&id=76824&cid=1294,2020,08/2020,2026-10-08T09:32:22Z
738,5538/TCHQ-TXNK,20/08/2020,Tổng cục hải quan,V/v hàng hóa nhập khẩu theo điều ước quốc tế,52518,305,16,TP_HO_CHI_MINH,Lê Mạnh Hùng,20/08/2020,https://files.customs.gov.vn/CustomsCMS/TP_HO_CHI_MINH/2020/Web/Data/DocumentAttachments/Vanban_5538.PDF,https://www.customs.gov.vn/index.jsp?pageId=3&id=52518&cid=1294,2020,08/2020,2026-10-08T09:32:22Z
739,2372/HQHCM-TXNK,19/08/2020,Bộ Thương Mại,V/v hướng dẫn phân loại Máy tách chất béo và Bộ phận điều khiển nhiệt độ,52580,305,16,TP_HO_CHI_MINH,Nguyễn Quốc Toản,19/08/2020,https://files.customs.gov.vn/CustomsCMS/TP_HO_CHI_MINH/2020/Web/Data/DocumentAttachments/Vanban_2372.pdf,https://www.customs.gov.vn/index.jsp?pageId=3&id=52580&cid=1294,2020,08/2020,2026-10-08T09:32:22Z
740,5514/TB-TCHQ,19/08/2020,Tổng cục hải quan,"Polydextrose tổng hợp, dạng bột.",53213,305,16,TP_HO_CHI_MINH,Lưu Mạnh Tưởng,19/08/2020,https://files.customs.gov.vn/CustomsCMS/TP_HO_CHI_MINH/2020/Web/Data/DocumentAttachments/Vanban_5514_.PDF,https://www.customs.gov.vn/index.jsp?pageId=3&id=53213&cid=1294,2020,08/2020,2026-10-08T09:32:22Z
741,2921/GSQL-TH,18/08/2020,Bộ Công nghiệp,V/v cấp mã số nhân viên đại lý làm thủ tục hải quan,53346,305,16,TP_HO_CHI_MINH,Trần Đức Hùng,18/08/2020,https://files.customs.gov.vn/CustomsCMS/TP_HO_CHI_MINH/2020/Web/Data/DocumentAttachments/1606311_10328.pdf,https://www.customs.gov.vn/index.jsp?pageId=3&id=53346&cid=1294,2020,08/2020,2026-10-08T09:32:22Z
742,5470/TCHQ-TXNK,18/08/2020,Tổng cục hải quan,Hàng hóa thuê DNCX gia công (Công ty TNHH Esprinta (Việt Nam); Công ty TNHH Colltex (VN)),67041,305,16,DONG_NAI,null,null,,https://www.customs.gov.vn/index.jsp?pageId=3&id=67041&cid=1294,2020,08/2020,2026-10-08T09:32:22Z
743,5471/TCHQ-TXNK,18/08/2020,Tổng cục hải quan,V/v phân loại hàng hóa,57839,305,16,TP_HO_CHI_MINH,Đào Thu Hương,18/08/2020,https://files.customs.gov.vn/CustomsCMS/TP_HO_CHI_MINH/2020/Web/Data/DocumentAttachments/Vanban_5471.PDF,https://www.customs.gov.vn/index.jsp?pageId=3&id=57839&cid=1294,2020,08/2020,2026-10-08T09:32:22Z
744,5481/TCHQ-TXNK,18/08/2020,Tổng cục hải quan,"Phân loại mặt hàng khai báo ""Thực phẩm bổ sung Alaska Deep Sea Fish Oil Omega-3,6,9"" (Công ty CP Thương mại Polvita)",67042,305,16,DONG_NAI,null,null,,https://www.customs.gov.vn/index.jsp?pageId=3&id=67042&cid=1294,2020,08/2020,2026-10-08T09:32:22Z
745,1258/QĐ-TTg,17/08/2020,Thủ tướng Chính phủ,"Quyết định số 1258/QĐ-TTg ngày 17/8/2020 sửa đổi, bổ sung một số nội dung của Quyết định số 1254/QĐ-TTg ngày 26 tháng 9 năm 2018 của Thủ tướng Chính phủ về việc ban hành Kế hoạch hành động thúc đẩu Cơ chế một cửa quốc gia, Cơ chế một cưa ASEAN, cải cách công tác kiểm tra chuyên ngành đối với hàng hóa xuất khẩu, nhập khẩu và tạo thuận lợi thương mại giai đoạn 2018-2020",60328,305,10,TONG_CUC,Nguyễn Xuân Phúc,17/08/2020,https://files.customs.gov.vn/van_ban_phap_luat/Lists/VanBanPhapLuat/Attachments/13385/42879-1258-THU TUONG CP.pdf.PDF,https://www.customs.gov.vn/index.jsp?pageId=3&id=60328&cid=1294,2020,08/2020,2026-10-08T09:32:22Z
746,5410/TB-TCHQ,17/08/2020,Tổng cục hải quan,"Polydextrose tổng hợp, dạng bột.",56806,305,16,TP_HO_CHI_MINH,Lưu Mạnh Tưởng,17/08/2020,https://files.customs.gov.vn/CustomsCMS/TP_HO_CHI_MINH/2020/Web/Data/DocumentAttachments/Vanban_5410.PDF,https://www.customs.gov.vn/index.jsp?pageId=3&id=56806&cid=1294,2020,08/2020,2026-10-08T09:32:22Z
747,5412/TB-TCHQ,17/08/2020,Tổng cục hải quan,"Vảy yến mạch chưa được làm chín và chưa sử dụng ngay, thu được từ quá trình cán dẹt (rolling) hạt yến mạch đã bỏ vỏ và cắt nhỏ.",57478,305,16,TP_HO_CHI_MINH,Lưu Mạnh Tưởng,17/08/2020,https://files.customs.gov.vn/CustomsCMS/TP_HO_CHI_MINH/2020/Web/Data/DocumentAttachments/Vanban_5412.PDF,https://www.customs.gov.vn/index.jsp?pageId=3&id=57478&cid=1294,2020,08/2020,2026-10-08T09:32:22Z
748,2304/HQHCM-TXNK,14/08/2020,Bộ Thương Mại,Về việc phân loại mặt hàng chất màu hữu cơ tổng hợp,55727,305,16,TP_HO_CHI_MINH,Nguyễn Quốc Toản,14/08/2020,https://files.customs.gov.vn/CustomsCMS/TP_HO_CHI_MINH/2020/Web/Data/DocumentAttachments/Vanban_2304.pdf,https://www.customs.gov.vn/index.jsp?pageId=3&id=55727&cid=1294,2020,08/2020,2026-10-08T09:32:22Z
749,2918/GSQL-TH,14/08/2020,Bộ Công nghiệp,V/v cấp mã số nhân viên đại lý làm thủ tục hải quan,58362,305,16,TP_HO_CHI_MINH,Âu Anh Tuấn,14/08/2020,https://files.customs.gov.vn/CustomsCMS/TP_HO_CHI_MINH/2020/Web/Data/DocumentAttachments/1604604_10200.pdf,https://www.customs.gov.vn/index.jsp?pageId=3&id=58362&cid=1294,2020,08/2020,2026-10-08T09:32:22Z
750,2919/GSQL-TH,14/08/2020,Bộ Công nghiệp,V/v cấp mã số nhân viên đại lý làm thủ tục hải quan,58784,305,16,TP_HO_CHI_MINH,Âu Anh Tuấn,14/08/2020,https://files.customs.gov.vn/CustomsCMS/TP_HO_CHI_MINH/2020/Web/Data/DocumentAttachments/1604603_10201.pdf,https://www.customs.gov.vn/index.jsp?pageId=3&id=58784&cid=1294,2020,08/2020,2026-10-08T09:32:22Z
751,5379/TCHQ-TXNK,14/08/2020,Tổng cục hải quan,"V/v thuế GTGT đối với thiết bị, dụng cụ dùng trong nha khoa",55986,305,16,TP_HO_CHI_MINH,Lê Mạnh Hùng,14/08/2020,https://files.customs.gov.vn/CustomsCMS/TP_HO_CHI_MINH/2020/Web/Data/DocumentAttachments/Vanban_5379.PDF,https://www.customs.gov.vn/index.jsp?pageId=3&id=55986&cid=1294,2020,08/2020,2026-10-08T09:32:22Z
752,2896/GSQL-TH,13/08/2020,Bộ Công nghiệp,V/v cấp mã số nhân viên đại lý làm thủ tục hải quan,54738,305,16,TP_HO_CHI_MINH,Âu Anh Tuấn,13/08/2020,https://files.customs.gov.vn/CustomsCMS/TP_HO_CHI_MINH/2020/Web/Data/DocumentAttachments/1604248_10144.pdf,https://www.customs.gov.vn/index.jsp?pageId=3&id=54738&cid=1294,2020,08/2020,2026-10-08T09:32:22Z
753,8444/TXNK-PL,13/08/2020,Cục Thuế xuất nhập khẩu,V/v miễn thuế xuất khẩu trầm hương được tạo ra từ cây dó bầu trồng,57261,305,16,TP_HO_CHI_MINH,Đào Thu Hương,13/08/2020,https://files.customs.gov.vn/CustomsCMS/TP_HO_CHI_MINH/2020/Web/Data/DocumentAttachments/1604238_10155.pdf,https://www.customs.gov.vn/index.jsp?pageId=3&id=57261&cid=1294,2020,08/2020,2026-10-08T09:32:22Z
754,2131/QÐ-TCHQ,12/08/2020,Tổng cục hải quan,Về việc công nhận hoạt động đại lý làm thủ tục hải quan - Công ty Cổ phần Tâm Cảng,55781,305,10,TP_HO_CHI_MINH,Âu Anh Tuấn,12/08/2020,https://files.customs.gov.vn/CustomsCMS/TP_HO_CHI_MINH/2020/Web/Data/DocumentAttachments/Vanban_2131.PDF,https://www.customs.gov.vn/index.jsp?pageId=3&id=55781&cid=1294,2020,08/2020,2026-10-08T09:32:22Z
755,2132/QÐ-TCHQ,12/08/2020,Tổng cục hải quan,Về việc công nhận hoạt động đại lý làm thủ tục hải quan - Công ty TNHH Logistics Shibusawa Việt Nam,55848,305,10,TP_HO_CHI_MINH,Âu Anh Tuấn,12/08/2020,https://files.customs.gov.vn/CustomsCMS/TP_HO_CHI_MINH/2020/Web/Data/DocumentAttachments/Vanban_2132.PDF,https://www.customs.gov.vn/index.jsp?pageId=3&id=55848&cid=1294,2020,08/2020,2026-10-08T09:32:22Z
756,2136/QÐ-TCHQ,12/08/2020,Tổng cục hải quan,Về việc thu hồi mã số nhân viên đại lý làm thủ tục hải quan,55966,305,10,TP_HO_CHI_MINH,Âu Anh Tuấn,12/08/2020,https://files.customs.gov.vn/CustomsCMS/TP_HO_CHI_MINH/2020/Web/Data/DocumentAttachments/Vanban_2136.PDF,https://www.customs.gov.vn/index.jsp?pageId=3&id=55966&cid=1294,2020,08/2020,2026-10-08T09:32:22Z
757,2139/QÐ-TCHQ,12/08/2020,Tổng cục hải quan,Về việc công nhận hoạt động đại lý làm thủ tục hải quan - Công ty TNHH Thương mại Dịch vụ CMI,52783,305,10,TP_HO_CHI_MINH,Âu Anh Tuấn,12/08/2020,https://files.customs.gov.vn/CustomsCMS/TP_HO_CHI_MINH/2020/Web/Data/DocumentAttachments/Vanban_2139.PDF,https://www.customs.gov.vn/index.jsp?pageId=3&id=52783&cid=1294,2020,08/2020,2026-10-08T09:32:22Z
758,2272/HQHCM-TXNK,12/08/2020,Bộ Thương Mại,V/v hướng dẫn phân loại mặt hàng “Ván gỗ dùng làm cốp pha trong xây dựng”,52269,305,16,TP_HO_CHI_MINH,Nguyễn Quốc Toản,12/08/2020,https://files.customs.gov.vn/CustomsCMS/TP_HO_CHI_MINH/2020/Web/Data/DocumentAttachments/Vanban_2272.pdf,https://www.customs.gov.vn/index.jsp?pageId=3&id=52269&cid=1294,2020,08/2020,2026-10-08T09:32:22Z
759,2290/HQHCM-GSQL,12/08/2020,Bộ Thương Mại,V/v thủ tục hải quan đối với bưu gửi chuyển cửa khẩu,57883,305,16,TP_HO_CHI_MINH,Đặng Thái Thiện,12/08/2020,https://files.customs.gov.vn/CustomsCMS/TP_HO_CHI_MINH/2020/Web/Data/DocumentAttachments/Vanban_2290.pdf,https://www.customs.gov.vn/index.jsp?pageId=3&id=57883&cid=1294,2020,08/2020,2026-10-08T09:32:22Z
760,2892/GSQL-TH,12/08/2020,Bộ Công nghiệp,V/v gia hạn mã số và báo cáo tình hình nhân viên đại lý làm thủ tục hải quan,53246,305,16,TP_HO_CHI_MINH,Trần Đức Hùng,12/08/2020,https://files.customs.gov.vn/CustomsCMS/TP_HO_CHI_MINH/2020/Web/Data/DocumentAttachments/1603741_10113.pdf,https://www.customs.gov.vn/index.jsp?pageId=3&id=53246&cid=1294,2020,08/2020,2026-10-08T09:32:22Z
761,2268/HQHCM-TXNK,11/08/2020,Bộ Thương Mại,V/v hướng dẫn phân loại mặt hàng viên ngậm GeloRevoice,56058,305,16,TP_HO_CHI_MINH,Nguyễn Quốc Toản,11/08/2020,https://files.customs.gov.vn/CustomsCMS/TP_HO_CHI_MINH/2020/Web/Data/DocumentAttachments/Vanban_2268.pdf,https://www.customs.gov.vn/index.jsp?pageId=3&id=56058&cid=1294,2020,08/2020,2026-10-08T09:32:22Z
762,2270/HQHCM-GSQL,11/08/2020,Bộ Thương Mại,V/v thay đổi tên nhà xuất khẩu trên Phiếu công bố sản phẩm mỹ phẩm,55704,305,16,TP_HO_CHI_MINH,Đặng Thái Thiện,11/08/2020,https://files.customs.gov.vn/CustomsCMS/TP_HO_CHI_MINH/2020/Web/Data/DocumentAttachments/Vanban_2270.pdf,https://www.customs.gov.vn/index.jsp?pageId=3&id=55704&cid=1294,2020,08/2020,2026-10-08T09:32:22Z
763,5286/TB-TCHQ,11/08/2020,Tổng cục hải quan,Propylene glycol n-propyl ether.,56623,305,16,TP_HO_CHI_MINH,Lưu Mạnh Tưởng,11/08/2020,https://files.customs.gov.vn/CustomsCMS/TP_HO_CHI_MINH/2020/Web/Data/DocumentAttachments/Vanban_5286.PDF,https://www.customs.gov.vn/index.jsp?pageId=3&id=56623&cid=1294,2020,08/2020,2026-10-08T09:32:22Z
764,03/2020/TT-BKHCN,10/08/2020,Khác,"Thông tư 03/2020/TT-BKHCN ngưng hiệu lực thi hành Thông tư 15/2019/TT-BKHCN về ""Quy chuẩn kỹ thuật quốc gia về Thép không gỉ""",43083,305,18,QUANG_BINH,null,null,https://files.customs.gov.vn/CustomsCMS/QUANG_BINH/2021/04/images/stories/files/03TTBKHCN2020.pdf,https://www.customs.gov.vn/index.jsp?pageId=3&id=43083&cid=1294,2020,08/2020,2026-10-08T09:32:22Z
765,2116/QÐ-TCHQ,10/08/2020,Tổng cục hải quan,Về việc thu hồi mã số nhân viên đại lý làm thủ tục hải quan,52201,305,10,TP_HO_CHI_MINH,Âu Anh Tuấn,10/08/2020,https://files.customs.gov.vn/CustomsCMS/TP_HO_CHI_MINH/2020/Web/Data/DocumentAttachments/Vanban_2116.PDF,https://www.customs.gov.vn/index.jsp?pageId=3&id=52201&cid=1294,2020,08/2020,2026-10-08T09:32:22Z
766,2117/QÐ-TCHQ,10/08/2020,Tổng cục hải quan,Về việc thay đổi thông tin đại lý làm thủ tục hải quan - Công ty Cổ phần Tiếp vận Quốc Gia,53033,305,10,TP_HO_CHI_MINH,Âu Anh Tuấn,10/08/2020,https://files.customs.gov.vn/CustomsCMS/TP_HO_CHI_MINH/2020/Web/Data/DocumentAttachments/Vanban_2117.PDF,https://www.customs.gov.vn/index.jsp?pageId=3&id=53033&cid=1294,2020,08/2020,2026-10-08T09:32:22Z
767,2247/HQHCM-GSQL,10/08/2020,Bộ Thương Mại,V/v chuyển hàng hóa từ kho ngoại quan này sang kho ngoại quan khác,52817,305,16,TP_HO_CHI_MINH,Đặng Thái Thiện,10/08/2020,https://files.customs.gov.vn/CustomsCMS/TP_HO_CHI_MINH/2020/Web/Data/DocumentAttachments/Vanban_2247.pdf,https://www.customs.gov.vn/index.jsp?pageId=3&id=52817&cid=1294,2020,08/2020,2026-10-08T09:32:22Z
768,2251/HQHCM-TXNK,10/08/2020,Bộ Thương Mại,"V/v quản lý chuyên ngành, thuế GTGT và phân loại mặt hàng Tea Seed Meal (Bột bã trà)",54325,305,16,TP_HO_CHI_MINH,Nguyễn Quốc Toản,10/08/2020,https://files.customs.gov.vn/CustomsCMS/TP_HO_CHI_MINH/2020/Web/Data/DocumentAttachments/Vanban_2251.pdf,https://www.customs.gov.vn/index.jsp?pageId=3&id=54325&cid=1294,2020,08/2020,2026-10-08T09:32:22Z
769,5247/TCHQ-GSQL,10/08/2020,null,Thực hiện Thông tư số 19/2019/TT-BXD,76819,305,16,DA_NANG,Mai Xuân Thành,10/08/2020,https://files.customs.gov.vn/DA_NANG/Uploads/65e32243-11bf-4695-985d-c1563e8c13ba/5247 (thực hiện TT 19_BXD).PDF,https://www.customs.gov.vn/index.jsp?pageId=3&id=76819&cid=1294,2020,08/2020,2026-10-08T09:32:22Z
770,5259/TB-TCHQ,10/08/2020,Tổng cục hải quan,"Chế phẩm thuốc màu hữu cơ tổng hợp trong môi trường không chứa nước, dạng lỏng, dùng trong ngành nhựa",56423,305,16,TP_HO_CHI_MINH,Lưu Mạnh Tưởng,10/08/2020,https://files.customs.gov.vn/CustomsCMS/TP_HO_CHI_MINH/2020/Web/Data/DocumentAttachments/Vanban_5259.PDF,https://www.customs.gov.vn/index.jsp?pageId=3&id=56423&cid=1294,2020,08/2020,2026-10-08T09:32:22Z
771,15/TB-HĐNVKHQ,07/08/2020,Tổng cục hải quan,Kết quả phúc tra - phúc khảo bài thi của thí sinh tham dự Kỳ thi cấp chứng chỉ nghiệp vụ khai hải quan năm 2020,61085,305,19,BINH_DUONG,null,07/08/2020,https://files.customs.gov.vn/BINH_DUONG/CMS/Lists/VanBanPhapQuy_VN/Attachments/4558/15_TB-HĐNVKHQ.PDF,https://www.customs.gov.vn/index.jsp?pageId=3&id=61085&cid=1294,2020,08/2020,2026-10-08T09:32:22Z
772,247/QĐ-HQCT,07/08/2020,null,"Ban hành Quy chế tiếp nhận, xử lý tin báo về buôn lậu, gian lận thương mại và vận chuyển trái phép hàng hóa qua biên giới",67513,305,18,CAN_THO,null,07/08/2020,https://files.customs.gov.vn/CAN_THO/2020_247QDHQCT.pdf,https://www.customs.gov.vn/index.jsp?pageId=3&id=67513&cid=1294,2020,08/2020,2026-10-08T09:32:22Z
773,5203/TCHQ-TXNK,07/08/2020,null,Bổ sung danh sách ngân hàng phối hợp thu với TCHQ và triển khai nộp thuế điện tử 24/7,76817,305,16,DA_NANG,Lưu Mạnh Tưởng,07/08/2020,https://files.customs.gov.vn/DA_NANG/Uploads/65e32243-11bf-4695-985d-c1563e8c13ba/5203(2).pdf,https://www.customs.gov.vn/index.jsp?pageId=3&id=76817&cid=1294,2020,08/2020,2026-10-08T09:32:22Z
774,5210/TB-TCHQ,07/08/2020,Tổng cục hải quan,"L-Valine, dạng bột",55763,305,16,TP_HO_CHI_MINH,Lưu Mạnh Tưởng,07/08/2020,https://files.customs.gov.vn/CustomsCMS/TP_HO_CHI_MINH/2020/Web/Data/DocumentAttachments/Vanban_5210.PDF,https://www.customs.gov.vn/index.jsp?pageId=3&id=55763&cid=1294,2020,08/2020,2026-10-08T09:32:22Z
775,5220/TB-TCHQ,07/08/2020,Tổng cục hải quan,"Thuốc thú y chứa kháng sinh Flavophospholipol, dạng bột đã tạo hạt, sử dụng đường uống, đóng gói 25kg/bao",56469,305,16,TP_HO_CHI_MINH,Lưu Mạnh Tưởng,07/08/2020,https://files.customs.gov.vn/CustomsCMS/TP_HO_CHI_MINH/2020/Web/Data/DocumentAttachments/Vanban_5220.PDF,https://www.customs.gov.vn/index.jsp?pageId=3&id=56469&cid=1294,2020,08/2020,2026-10-08T09:32:22Z
776,1549/HQĐNa-TXNK,06/08/2020,Cục Hải Quan tỉnh Đồng Nai,Xin miễn đóng tiền chậm nộp và phạt vi phạm hành chính (Cty TNHH Điện máy AQUA Việt Nam),67038,305,16,DONG_NAI,null,null,https://files.customs.gov.vn/DONG_NAI//Data/Cv_Hqdn/1549_HQDNa_TXNK_06_08_2020.pdf,https://www.customs.gov.vn/index.jsp?pageId=3&id=67038&cid=1294,2020,08/2020,2026-10-08T09:32:22Z
777,5158/TCHQ-TXNK,06/08/2020,null,Phân loại mặt ahngf ray thép đã qua sử dụng,76816,305,16,DA_NANG,ĐÀO THU HƯƠNG,06/08/2020,https://files.customs.gov.vn/DA_NANG/Uploads/65e32243-11bf-4695-985d-c1563e8c13ba/5158.pdf,https://www.customs.gov.vn/index.jsp?pageId=3&id=76816&cid=1294,2020,08/2020,2026-10-08T09:32:22Z
778,5170/TB-TCHQ,06/08/2020,Tổng cục hải quan,"Magiê lactat, dạng bột",53049,305,16,TP_HO_CHI_MINH,Lưu Mạnh Tưởng,06/08/2020,https://files.customs.gov.vn/CustomsCMS/TP_HO_CHI_MINH/2020/Web/Data/DocumentAttachments/Vanban_5170.PDF,https://www.customs.gov.vn/index.jsp?pageId=3&id=53049&cid=1294,2020,08/2020,2026-10-08T09:32:22Z
779,2218/HQHCM-GSQL,05/08/2020,Bộ Thương Mại,V/v thủ tục cung ứng thực phẩm,58756,305,16,TP_HO_CHI_MINH,Đặng Thái Thiện,05/08/2020,https://files.customs.gov.vn/CustomsCMS/TP_HO_CHI_MINH/2020/Web/Data/DocumentAttachments/Vanban_2218.pdf,https://www.customs.gov.vn/index.jsp?pageId=3&id=58756&cid=1294,2020,08/2020,2026-10-08T09:32:22Z
780,5145/TCHQ-TXNK,05/08/2020,Tổng cục hải quan,V/v thuế GTGT đối với trang thiết bị Y tế,57275,305,16,TP_HO_CHI_MINH,Lê Mạnh Hùng,05/08/2020,https://files.customs.gov.vn/CustomsCMS/TP_HO_CHI_MINH/2020/Web/Data/DocumentAttachments/1600262_Vanban_5145.pdf,https://www.customs.gov.vn/index.jsp?pageId=3&id=57275&cid=1294,2020,08/2020,2026-10-08T09:32:22Z
781,2207/HQHCM-GSQL,04/08/2020,Bộ Thương Mại,V/v tạm ngưng để sửa chữa địa điểm thu gom hàng lẻ (Kho CFS),52809,305,16,TP_HO_CHI_MINH,Đặng Thái Thiện,04/08/2020,https://files.customs.gov.vn/CustomsCMS/TP_HO_CHI_MINH/2020/Web/Data/DocumentAttachments/Vanban_2207.pdf,https://www.customs.gov.vn/index.jsp?pageId=3&id=52809&cid=1294,2020,08/2020,2026-10-08T09:32:22Z
782,2821/GSQL-TH,04/08/2020,Bộ Công nghiệp,V/v cấp mã số nhân viên đại lý làm thủ tục hải quan,55121,305,16,TP_HO_CHI_MINH,Âu Anh Tuấn,04/08/2020,,https://www.customs.gov.vn/index.jsp?pageId=3&id=55121&cid=1294,2020,08/2020,2026-10-08T09:32:22Z
783,2825/GSQL-TH,04/08/2020,Bộ Công nghiệp,V/v cấp mã số nhân viên đại lý làm thủ tục hải quan,55970,305,16,TP_HO_CHI_MINH,Âu Anh Tuấn,04/08/2020,https://files.customs.gov.vn/CustomsCMS/TP_HO_CHI_MINH/2020/Web/Data/DocumentAttachments/1600648_9778.pdf,https://www.customs.gov.vn/index.jsp?pageId=3&id=55970&cid=1294,2020,08/2020,2026-10-08T09:32:22Z
784,2826/GSQL-TH,04/08/2020,Bộ Công nghiệp,V/v cấp mã số nhân viên đại lý làm thủ tục hải quan,56858,305,16,TP_HO_CHI_MINH,Trần Đức Hùng,04/08/2020,https://files.customs.gov.vn/CustomsCMS/TP_HO_CHI_MINH/2020/Web/Data/DocumentAttachments/1600647_9779.pdf,https://www.customs.gov.vn/index.jsp?pageId=3&id=56858&cid=1294,2020,08/2020,2026-10-08T09:32:22Z
785,2187/HQHCM-TXNK,03/08/2020,Bộ Thương Mại,V/v hướng dẫn phân loại và thuế GTGT mặt hàng phụ kiện kim luồn tĩnh mạch,56752,305,16,TP_HO_CHI_MINH,Nguyễn Quốc Toản,03/08/2020,https://files.customs.gov.vn/CustomsCMS/TP_HO_CHI_MINH/2020/Web/Data/DocumentAttachments/Vanban_2187.pdf,https://www.customs.gov.vn/index.jsp?pageId=3&id=56752&cid=1294,2020,08/2020,2026-10-08T09:32:22Z
786,2191/HQHCM-GSQL,03/08/2020,Bộ Thương Mại,V/v trả lời công văn số 010720/MK-HQ hỏi về C/O mẫu D cho mặt hàng cáp sạc điện thoại,54415,305,16,TP_HO_CHI_MINH,Đặng Thái Thiện,03/08/2020,https://files.customs.gov.vn/CustomsCMS/TP_HO_CHI_MINH/2020/Web/Data/DocumentAttachments/Vanban_2191.pdf,https://www.customs.gov.vn/index.jsp?pageId=3&id=54415&cid=1294,2020,08/2020,2026-10-08T09:32:22Z
787,2193/HQHCM-GSQL,03/08/2020,Bộ Thương Mại,V/v trả lời công văn số 07/2020/CV-NSX ngày 23/6/2020,53526,305,16,TP_HO_CHI_MINH,Đặng Thái Thiện,03/08/2020,https://files.customs.gov.vn/CustomsCMS/TP_HO_CHI_MINH/2020/Web/Data/DocumentAttachments/Vanban_2193.pdf,https://www.customs.gov.vn/index.jsp?pageId=3&id=53526&cid=1294,2020,08/2020,2026-10-08T09:32:22Z
788,5365/TCHQ-TXNK,03/08/2020,null,cung cấp danh sách các NHTM nơi KBNN mở tài khoàn,76815,305,16,DA_NANG,Hoàng Trung Lương,03/08/2020,https://files.customs.gov.vn/DA_NANG/Uploads/65e32243-11bf-4695-985d-c1563e8c13ba/3927.pdf,https://www.customs.gov.vn/index.jsp?pageId=3&id=76815&cid=1294,2020,08/2020,2026-10-08T09:32:22Z
789,1242/TB-KĐ3,30/09/2020,Tổng cục hải quan,Thông báo số 1242/TB-KĐ3 ngày 30/9/2020 về kết quả phân tích kèm mã số hàng hóa,60395,305,16,TONG_CUC,Nguyễn Xuân Cường,30/09/2020,https://files.customs.gov.vn/van_ban_phap_luat/Lists/VanBanPhapLuat/Attachments/13511/50803_1242--1246-KD3.PDF,https://www.customs.gov.vn/index.jsp?pageId=3&id=60395&cid=1294,2020,09/2020,2026-10-08T09:32:22Z
790,2172-2173/QĐ-KV3,30/09/2020,Tổng cục hải quan,"Quyết định vv Giải tỏa biện pháp cưỡng chế dừng làm thủ tục Hải quan đối với hàng hóa xuất khẩu, nhập khẩu",61089,305,10,BINH_DUONG,null,30/09/2020,https://files.customs.gov.vn/BINH_DUONG/CMS/Lists/VanBanPhapQuy_VN/Attachments/4577/2172_2020.pdf,https://www.customs.gov.vn/index.jsp?pageId=3&id=61089&cid=1294,2020,09/2020,2026-10-08T09:32:22Z
791,2730/HQBD-CBL&XL,30/09/2020,Cục Hải quan Tỉnh Bình Dương,V/v hướng dẫn và cảnh báo nghiệp vụ tăng cường quản lý hạt điều NK theo loại hình SXXK,61090,305,16,BINH_DUONG,null,30/09/2020,https://files.customs.gov.vn/BINH_DUONG/CMS/Lists/VanBanPhapQuy_VN/Attachments/4578/2730_2020.pdf,https://www.customs.gov.vn/index.jsp?pageId=3&id=61090&cid=1294,2020,09/2020,2026-10-08T09:32:22Z
792,6403/TCHQ-TXNK,30/09/2020,Tổng cục hải quan,V/v triển khai chính thức chương trình nộp thuế điện tử 24/7,55835,305,16,TP_HO_CHI_MINH,Lưu Mạnh Tưởng,30/09/2020,https://files.customs.gov.vn/CustomsCMS/TP_HO_CHI_MINH/2020/Web/Data/DocumentAttachments/CV6403TCHQ2020.PDF,https://www.customs.gov.vn/index.jsp?pageId=3&id=55835&cid=1294,2020,09/2020,2026-10-08T09:32:22Z
793,TLHD,30/09/2020,null,Hướng dẫn doanh nghiệp thực hiện thủ tục hải quan xuất nhập khẩu điện tử,67514,305,18,CAN_THO,null,30/09/2020,https://files.customs.gov.vn/CAN_THO/TLHD_DN_HQDT.doc,https://www.customs.gov.vn/index.jsp?pageId=3&id=67514&cid=1294,2020,09/2020,2026-10-08T09:32:22Z
794,1219/TB-KĐ3,29/09/2020,Tổng cục hải quan,Thông báo số 1219/TB-KĐ3 ngày 29/9/2020 về kết quả phân tích kèm mã số hàng hóa từ 1219--1221-1223-1224-1126-1127,60406,305,16,TONG_CUC,Nguyễn Xuân Cường,29/09/2020,https://files.customs.gov.vn/van_ban_phap_luat/Lists/VanBanPhapLuat/Attachments/13523/50322_1219--1221-1223-1224-1226-1227.PDF,https://www.customs.gov.vn/index.jsp?pageId=3&id=60406&cid=1294,2020,09/2020,2026-10-08T09:32:22Z
795,1228/TB-KĐ3,29/09/2020,Tổng cục hải quan,Thông báo số 1228/TB-KĐ3 ngày 29/9/2020 về kết quả phân tích kèm mã số hàng hóa từ 1228--1230-1233,60405,305,16,TONG_CUC,Nguyễn Xuân Cường,29/09/2020,https://files.customs.gov.vn/van_ban_phap_luat/Lists/VanBanPhapLuat/Attachments/13522/50320_1228--1230-1232-1233-KD3.PDF,https://www.customs.gov.vn/index.jsp?pageId=3&id=60405&cid=1294,2020,09/2020,2026-10-08T09:32:22Z
796,26/2020/TT-BCT,29/09/2020,Bộ Công thương,Thông tư hướng dẫn về đấu giá ngạch thuế quan nhập khẩu đường năm 2020,58234,305,4,TP_HO_CHI_MINH,Trần Quốc Khánh,13/11/2020,https://files.customs.gov.vn/CustomsCMS/TP_HO_CHI_MINH/2020/Web/Data/DocumentAttachments/26_2020_TT-BCT.doc,https://www.customs.gov.vn/index.jsp?pageId=3&id=58234&cid=1294,2020,09/2020,2026-10-08T09:32:22Z
797,2826/HQHCM-TXNK,29/09/2020,Bộ Thương Mại,"V/v thuế GTGT của ""Bộ phận trao đổi nhiệt (tấm giấy làm mát)""",54076,305,16,TP_HO_CHI_MINH,Nguyễn Quốc Toản,29/09/2020,https://files.customs.gov.vn/CustomsCMS/TP_HO_CHI_MINH/2020/Web/Data/DocumentAttachments/Vanban_2826.pdf,https://www.customs.gov.vn/index.jsp?pageId=3&id=54076&cid=1294,2020,09/2020,2026-10-08T09:32:22Z
798,38/CT-TTG,29/09/2020,Thủ tướng Chính phủ,"Chỉ thị về việc tiếp tục tăng cường công tác quản lý nhà nước đối với các hoạt động thăm dò, khai thác, chế biến, sử dụng và xuất khẩu khoáng sản",54901,305,3,TP_HO_CHI_MINH,Nguyễn Xuân Phúc,29/09/2020,https://files.customs.gov.vn/CustomsCMS/TP_HO_CHI_MINH/2020/Web/Data/DocumentAttachments/CT38-TTG2020.PDF,https://www.customs.gov.vn/index.jsp?pageId=3&id=54901&cid=1294,2020,09/2020,2026-10-08T09:32:22Z
799,6245/TCHQ-CNTT,29/09/2020,Tổng cục hải quan,tích hợp DVCTT ngành Hải quan lên Cổng DVC Quốc gia,61633,305,16,BA_RIA_VUNG_TAU,Nguyễn Dương Thái,23/09/2020,https://files.customs.gov.vn/BA_RIA_VUNG_TAU/uploads/document/2704/Vanban_6245(3).PDF,https://www.customs.gov.vn/index.jsp?pageId=3&id=61633&cid=1294,2020,09/2020,2026-10-08T09:32:22Z
800,6365/TB-TCHQ,29/09/2020,Tổng cục hải quan,"Bộ sản phẩm thuốc thú y, đóng gói dạng 5 liều, sử dụng đường tiêm",55407,305,16,TP_HO_CHI_MINH,Lưu Mạnh Tưởng,29/09/2020,https://files.customs.gov.vn/CustomsCMS/TP_HO_CHI_MINH/2020/Web/Data/DocumentAttachments/Vanban_6365.PDF,https://www.customs.gov.vn/index.jsp?pageId=3&id=55407&cid=1294,2020,09/2020,2026-10-08T09:32:22Z
801,1475/QĐ-TCHQ,28/09/2020,null,"Quyết định triển khai Hệ thống một cửa quốc gia đối với tàu bay nhập cảnh và Hệ thống quản lý, giám sát tự động hàng hóa nhập khẩu đường hàng không tại Sân bay Quốc tế Nội Bài",76828,305,10,DA_NANG,Vũ Thị Mai,28/09/2020,https://files.customs.gov.vn/DA_NANG/Uploads/65e32243-11bf-4695-985d-c1563e8c13ba/1475_QĐ (triển khai MCQG đối với tàu bay).PDF,https://www.customs.gov.vn/index.jsp?pageId=3&id=76828&cid=1294,2020,09/2020,2026-10-08T09:32:22Z
802,6322/TB-TCHQ,28/09/2020,Tổng cục hải quan,Thông báo số 6322/TB-TCHQ ngày 28/9/2020 Về kết quả xác định trước mã số,60392,305,16,TONG_CUC,Lưu Mạnh Tưởng,28/09/2020,https://files.customs.gov.vn/van_ban_phap_luat/Lists/VanBanPhapLuat/Attachments/13508/Vanban_6322.PDF,https://www.customs.gov.vn/index.jsp?pageId=3&id=60392&cid=1294,2020,09/2020,2026-10-08T09:32:22Z
803,6334/TCHQ-TXNK,28/09/2020,Tổng cục hải quan,V/v vướng mắc về áp dụng biện pháp cưỡng chế,53514,305,16,TP_HO_CHI_MINH,Lê Mạnh Hùng,28/09/2020,https://files.customs.gov.vn/CustomsCMS/TP_HO_CHI_MINH/2020/Web/Data/DocumentAttachments/CV6334TCHQ2020.PDF,https://www.customs.gov.vn/index.jsp?pageId=3&id=53514&cid=1294,2020,09/2020,2026-10-08T09:32:22Z
804,2106/QĐ-HQKV3,25/09/2020,Tổng cục hải quan,"Quyết định vv Áp dụng biện pháp cưỡng chế dừng làm thủ tục Hải quan đối với hàng hóa xuất khẩu, nhập khẩu",61087,305,10,BINH_DUONG,null,25/09/2020,https://files.customs.gov.vn/BINH_DUONG/CMS/Lists/VanBanPhapQuy_VN/Attachments/4569/2106_2020.pdf,https://www.customs.gov.vn/index.jsp?pageId=3&id=61087&cid=1294,2020,09/2020,2026-10-08T09:32:22Z
805,2433/QÐ-TCHQ,25/09/2020,Tổng cục hải quan,Về việc thay đổi thông tin đại lý làm thủ tục hải quan,57323,305,10,TP_HO_CHI_MINH,Âu Anh Tuấn,25/09/2020,https://files.customs.gov.vn/CustomsCMS/TP_HO_CHI_MINH/2020/Web/Data/DocumentAttachments/Vanban_2433.PDF,https://www.customs.gov.vn/index.jsp?pageId=3&id=57323&cid=1294,2020,09/2020,2026-10-08T09:32:22Z
806,6276/TB-KĐ6,25/09/2020,Tổng cục hải quan,Thông báo số 6276/TB-KĐ6 ngày 25/9/2020 về kết quả xác định trước mã số,60400,305,16,TONG_CUC,Lưu Mạnh Tưởng,25/09/2020,https://files.customs.gov.vn/van_ban_phap_luat/Lists/VanBanPhapLuat/Attachments/13516/Vanban_6276.PDF,https://www.customs.gov.vn/index.jsp?pageId=3&id=60400&cid=1294,2020,09/2020,2026-10-08T09:32:22Z
807,6304/TCHQ-TXNK,25/09/2020,Tổng cục hải quan,V/v thuế GTGT đối với máy phân loại màu chè,53653,305,16,TP_HO_CHI_MINH,Đào Thu Hương,25/09/2020,https://files.customs.gov.vn/CustomsCMS/TP_HO_CHI_MINH/2020/Web/Data/DocumentAttachments/CV6304TCHQ2020.PDF,https://www.customs.gov.vn/index.jsp?pageId=3&id=53653&cid=1294,2020,09/2020,2026-10-08T09:32:22Z
808,6305/TB-TCHQ,25/09/2020,Tổng cục hải quan,"Thông báo số 6305/TB-TCHQ ngày 25/9/2020 Về kết quả phân loại đối với hàng hóa xuất khẩu, nhập khẩu",60393,305,16,TONG_CUC,Lưu Mạnh Tưởng,25/09/2020,https://files.customs.gov.vn/van_ban_phap_luat/Lists/VanBanPhapLuat/Attachments/13509/Vanban_6305.PDF,https://www.customs.gov.vn/index.jsp?pageId=3&id=60393&cid=1294,2020,09/2020,2026-10-08T09:32:22Z
809,6308/TB-TCHQ,25/09/2020,Tổng cục hải quan,"Thông báo số 6308/TB-TCHQ ngày 25/9/2020 Về kết quả phân loại đối với hàng hóa xuất khẩu, nhập khẩu",60404,305,16,TONG_CUC,Lưu Mạnh Tưởng,25/09/2020,https://files.customs.gov.vn/van_ban_phap_luat/Lists/VanBanPhapLuat/Attachments/13520/Vanban_6308.PDF,https://www.customs.gov.vn/index.jsp?pageId=3&id=60404&cid=1294,2020,09/2020,2026-10-08T09:32:22Z
810,6309/TB-TCHQ,25/09/2020,Tổng cục hải quan,"Về kết quả phân loại đối với hàng hóa xuất khẩu, nhập khẩu từ 6309-6313",60390,305,16,TONG_CUC,Lưu Mạnh Tưởng,25/09/2020,https://files.customs.gov.vn/van_ban_phap_luat/Lists/VanBanPhapLuat/Attachments/13506/Vanban_6312.PDF,https://www.customs.gov.vn/index.jsp?pageId=3&id=60390&cid=1294,2020,09/2020,2026-10-08T09:32:22Z
811,6311/TB-TCHQ,25/09/2020,Tổng cục hải quan,"Dihydro-3-(tetrapropenyl)furan-2,5- dione (hoặc Tetrapropenylsuccinic Anhydride)",55934,305,16,TP_HO_CHI_MINH,Lưu Mạnh Tưởng,25/09/2020,https://files.customs.gov.vn/CustomsCMS/TP_HO_CHI_MINH/2020/Web/Data/DocumentAttachments/Vanban_6311.PDF,https://www.customs.gov.vn/index.jsp?pageId=3&id=55934&cid=1294,2020,09/2020,2026-10-08T09:32:22Z
812,666/TB-KĐ6,25/09/2020,Tổng cục hải quan,Thông báo số 666/TB-KĐ6 ngày 25/9/2020 Về phân tích kèm mã số hàng hóa,60394,305,16,TONG_CUC,Hoàng Văn Thành,25/09/2020,https://files.customs.gov.vn/van_ban_phap_luat/Lists/VanBanPhapLuat/Attachments/13510/50804_666--670-KD6.PDF,https://www.customs.gov.vn/index.jsp?pageId=3&id=60394&cid=1294,2020,09/2020,2026-10-08T09:32:22Z
813,1450/QÐ-BTC,24/09/2020,Bộ Tài chính,"Quyết định về việc Công bố thủ tục hành chính mới ban hành, thủ tục hành chính thay thế lĩnh vực hải quan thuộc phạm vi chức năng quản lý của Bộ Tài chính",56042,305,10,TP_HO_CHI_MINH,Vũ Thị Mai,24/09/2020,https://files.customs.gov.vn/CustomsCMS/TP_HO_CHI_MINH/2020/Web/Data/DocumentAttachments/1450_QD-BTC.doc,https://www.customs.gov.vn/index.jsp?pageId=3&id=56042&cid=1294,2020,09/2020,2026-10-08T09:32:22Z
814,2777/HQHCM-GSQL,24/09/2020,Bộ Thương Mại,V/v trả lời công văn số 19.20/PRO-HQ về C/O để hưởng ưu đãi thuế XNK theo Hiệp định thương mại VN-EU,53382,305,16,TP_HO_CHI_MINH,Phan Minh Lê,24/09/2020,https://files.customs.gov.vn/CustomsCMS/TP_HO_CHI_MINH/2020/Web/Data/DocumentAttachments/Vanban_2777_.pdf,https://www.customs.gov.vn/index.jsp?pageId=3&id=53382&cid=1294,2020,09/2020,2026-10-08T09:32:22Z
815,2778/HQHCM-GSQL,24/09/2020,Bộ Thương Mại,V/v trả lời công văn số 885/DKSH-HQHCM/2020 về thực hiện hướng dẫn TT 11/2020/TT-BCT.,54298,305,16,TP_HO_CHI_MINH,Phan Minh Lê,24/09/2020,https://files.customs.gov.vn/CustomsCMS/TP_HO_CHI_MINH/2020/Web/Data/DocumentAttachments/Vanban_2778_.pdf,https://www.customs.gov.vn/index.jsp?pageId=3&id=54298&cid=1294,2020,09/2020,2026-10-08T09:32:22Z
816,2780/HQHCM-GSQL,24/09/2020,Bộ Thương Mại,V/v về việc nhập khẩu nguyên liệu làm thuốc của nhà cung cấp Evonik,56190,305,16,TP_HO_CHI_MINH,Phan Minh Lê,24/09/2020,https://files.customs.gov.vn/CustomsCMS/TP_HO_CHI_MINH/2020/Web/Data/DocumentAttachments/Vanban_2780_.pdf,https://www.customs.gov.vn/index.jsp?pageId=3&id=56190&cid=1294,2020,09/2020,2026-10-08T09:32:22Z
817,2782/HQHCM-GSQL,24/09/2020,Bộ Thương Mại,V/v trả lời Công ty TNHH Thương mại dịch vụ Tiến Hào,54309,305,16,TP_HO_CHI_MINH,Phan Minh Lê,24/09/2020,https://files.customs.gov.vn/CustomsCMS/TP_HO_CHI_MINH/2020/Web/Data/DocumentAttachments/Vanban_2782_.pdf,https://www.customs.gov.vn/index.jsp?pageId=3&id=54309&cid=1294,2020,09/2020,2026-10-08T09:32:22Z
818,28/2020/QĐ-TTg,24/09/2020,Thủ tướng Chính phủ,Quyết định 28/2020/QĐ-TTg về Danh mục phế liệu được phép nhập khẩu từ nước ngoài làm nguyên liệu sản xuất,43092,305,18,QUANG_BINH,null,null,https://files.customs.gov.vn/CustomsCMS/QUANG_BINH/2021/04/images/stories/files/28QDTTg2020.pdf,https://www.customs.gov.vn/index.jsp?pageId=3&id=43092&cid=1294,2020,09/2020,2026-10-08T09:32:22Z
819,6268/TB-TCHQ,24/09/2020,Tổng cục hải quan,"Thông báo số 6268/TB-TCHQ ngày 24/9/2020 Về kết quả phân loại đối với hàng hóa xuất khẩu, nhập khẩu từ 6268-6269",60398,305,16,TONG_CUC,Lưu Mạnh Tưởng,24/09/2020,https://files.customs.gov.vn/van_ban_phap_luat/Lists/VanBanPhapLuat/Attachments/13514/Vanban_6268.PDF,https://www.customs.gov.vn/index.jsp?pageId=3&id=60398&cid=1294,2020,09/2020,2026-10-08T09:32:22Z
820,6283/TCHQ-TXNK,24/09/2020,Tổng cục hải quan,V/v thực hiện Nghị định số 111/2020/NĐ-CP ngày 18/9/2020,55450,305,16,TP_HO_CHI_MINH,Lưu Mạnh Tưởng,24/09/2020,https://files.customs.gov.vn/CustomsCMS/TP_HO_CHI_MINH/2020/Web/Data/DocumentAttachments/CV6283TCHQ2020.PDF,https://www.customs.gov.vn/index.jsp?pageId=3&id=55450&cid=1294,2020,09/2020,2026-10-08T09:32:22Z
821,6284/TB-TCHQ,24/09/2020,Tổng cục hải quan,"Về kết quả p0hân loại đối với hàng hóa xuất khẩu, nhập khẩu",60391,305,16,TONG_CUC,Lưu Mạnh Tưởng,24/09/2020,,https://www.customs.gov.vn/index.jsp?pageId=3&id=60391&cid=1294,2020,09/2020,2026-10-08T09:32:22Z
822,1190TB-KĐ3,23/09/2020,Tổng cục hải quan,Thông báo số 1190TB-KĐ3 ngày 23/9/2020 về kết quả phân tích kèm mã số hàng hóa từ 1190-1191-1193-1194,60396,305,16,TONG_CUC,Nguyễn Phương Nhi,23/09/2020,https://files.customs.gov.vn/van_ban_phap_luat/Lists/VanBanPhapLuat/Attachments/13512/49308_1190-1191-1193-1194-kd3.PDF,https://www.customs.gov.vn/index.jsp?pageId=3&id=60396&cid=1294,2020,09/2020,2026-10-08T09:32:22Z
823,2765/HQHCM-TXNK,23/09/2020,Bộ Thương Mại,V/v hướng dẫn phân loại mặt hàng “Hệ thống Cửa cuốn tự động”,58436,305,16,TP_HO_CHI_MINH,Nguyễn Quốc Toản,23/09/2020,https://files.customs.gov.vn/CustomsCMS/TP_HO_CHI_MINH/2020/Web/Data/DocumentAttachments/Vanban_2765_.pdf,https://www.customs.gov.vn/index.jsp?pageId=3&id=58436&cid=1294,2020,09/2020,2026-10-08T09:32:22Z
824,6240/TB-TCHQ,23/09/2020,Tổng cục hải quan,"Thông báo số 6240/TB-TCHQ ngày 23/9/2020 Về kết quả phân loại đối với hàng hóa xuất khẩu, nhập khẩu",60403,305,16,TONG_CUC,Lưu Mạnh Tưởng,23/09/2020,https://files.customs.gov.vn/van_ban_phap_luat/Lists/VanBanPhapLuat/Attachments/13519/Vanban_6240.PDF,https://www.customs.gov.vn/index.jsp?pageId=3&id=60403&cid=1294,2020,09/2020,2026-10-08T09:32:22Z
825,6257/TB-TCHQ,23/09/2020,Tổng cục hải quan,"Thông báo số 6257/TB-TCHQ ngày 23/9/2020 Về kết quả phân loại đối với hàng hóa xuất khẩu, nhập khẩu 6257-6258 và 6260",60399,305,16,TONG_CUC,Lưu Mạnh Tưởng,23/09/2020,https://files.customs.gov.vn/van_ban_phap_luat/Lists/VanBanPhapLuat/Attachments/13515/Vanban_6260.PDF,https://www.customs.gov.vn/index.jsp?pageId=3&id=60399&cid=1294,2020,09/2020,2026-10-08T09:32:22Z
826,6425/TCHQ-CNTT,23/09/2020,Tổng cục hải quan,V/v tích hợp DVCTT ngành Hải quan lên cổng DVC Quốc gia,53702,305,16,TP_HO_CHI_MINH,Nguyễn Dương Thái,23/09/2020,https://files.customs.gov.vn/CustomsCMS/TP_HO_CHI_MINH/2020/Web/Data/DocumentAttachments/Vanban_6245.pdf,https://www.customs.gov.vn/index.jsp?pageId=3&id=53702&cid=1294,2020,09/2020,2026-10-08T09:32:22Z
827,653/TB-KĐ6,22/09/2020,Tổng cục hải quan,Thông báo số 653/TB-KĐ6 ngày 22/9/2020 về kết quả phân tích kèm mã số hàng hóa,60397,305,4,TONG_CUC,Chu Minh Hải,22/09/2020,https://files.customs.gov.vn/van_ban_phap_luat/Lists/VanBanPhapLuat/Attachments/13513/49311_653-KD6 .PDF,https://www.customs.gov.vn/index.jsp?pageId=3&id=60397&cid=1294,2020,09/2020,2026-10-08T09:32:22Z
828,1080/-TCHQ,21/09/2020,Bộ Tài chính,"Công bố thủ tục hành chính mới ban hành, thủ tục hành chính thay thế lĩnh vực hải quan thuộc phạm vi chức năng quản lý của Bộ Tài chính",61632,305,10,BA_RIA_VUNG_TAU,Bộ Trưởng Bộ Tài Chính,10/08/2020,https://files.customs.gov.vn/BA_RIA_VUNG_TAU/uploads/document/2703/187658_Vanban_1080(6).pdf,https://www.customs.gov.vn/index.jsp?pageId=3&id=61632&cid=1294,2020,09/2020,2026-10-08T09:32:22Z
829,1178/TB-KĐ3,21/09/2020,Tổng cục hải quan,Thông báo số 1178/TB-KĐ3 về Kết quả phân tích kèm mã số hàng hóa 1187-1188,60383,305,16,TONG_CUC,Nguyễn Phương Nhi,21/09/2020,https://files.customs.gov.vn/van_ban_phap_luat/Lists/VanBanPhapLuat/Attachments/13499/49128_1187-1188-KD3  (1).PDF,https://www.customs.gov.vn/index.jsp?pageId=3&id=60383&cid=1294,2020,09/2020,2026-10-08T09:32:22Z
830,1187/TB-KĐ3,21/09/2020,Tổng cục hải quan,Kết quả phân tích kèm mã số hàng hóa 1187-1188,60382,305,16,TONG_CUC,Nguyễn Phương Nhi,21/09/2020,https://files.customs.gov.vn/van_ban_phap_luat/Lists/VanBanPhapLuat/Attachments/13498/49128_1187-1188-KD3 .PDF,https://www.customs.gov.vn/index.jsp?pageId=3&id=60382&cid=1294,2020,09/2020,2026-10-08T09:32:22Z
831,27/2020/QÐ-TTG,21/09/2020,Thủ tướng Chính phủ,Quyết định Quy định về danh mục hàng hóa nhập khẩu không được gửi kho ngoại quan,57661,305,10,TP_HO_CHI_MINH,Nguyễn Xuân Phúc,15/11/2020,https://files.customs.gov.vn/CustomsCMS/TP_HO_CHI_MINH/2020/Web/Data/DocumentAttachments/27_2020_QD-TTg.doc,https://www.customs.gov.vn/index.jsp?pageId=3&id=57661&cid=1294,2020,09/2020,2026-10-08T09:32:22Z
832,27/2020/QĐ-TTG,21/09/2020,Chính phủ,Quy định về danh mục hàng hóa nhập khẩu không được gửi kho ngoại quan,67153,305,10,DONG_NAI,null,15/11/2020,https://files.customs.gov.vn/DONG_NAI//Data/Nghi_dinh/27_signed.pdf,https://www.customs.gov.vn/index.jsp?pageId=3&id=67153&cid=1294,2020,09/2020,2026-10-08T09:32:22Z
833,27/2020/QĐ-TTg,21/09/2020,Thủ tướng Chính phủ,Quyết định 27/2020/QĐ-TTg quy định về danh mục hàng hóa nhập khẩu không được gửi kho ngoại quan,43087,305,18,QUANG_BINH,null,null,https://files.customs.gov.vn/CustomsCMS/QUANG_BINH/2021/04/images/stories/files/27QDTTg2020.pdf,https://www.customs.gov.vn/index.jsp?pageId=3&id=43087&cid=1294,2020,09/2020,2026-10-08T09:32:22Z
834,6157/TB-TCHQ,21/09/2020,Tổng cục hải quan,"Protein chiết xuất từ động vật (từ Lợn theo tài liệu kỹ thuật), hàm lượng Protein ~ 86%, dùng trong chế biến thực phẩm.",55610,305,16,TP_HO_CHI_MINH,Lưu Mạnh Tưởng,21/09/2020,https://files.customs.gov.vn/CustomsCMS/TP_HO_CHI_MINH/2020/Web/Data/DocumentAttachments/Vanban_6157.PDF,https://www.customs.gov.vn/index.jsp?pageId=3&id=55610&cid=1294,2020,09/2020,2026-10-08T09:32:22Z
835,6158/TB-TCHQ,21/09/2020,Tổng cục hải quan,"Protein chiết xuất từ động vật (từ Lợn theo tài liệu kỹ thuật), hàm lượng Protein ~ 83.3%, dùng trong chế biến thực phẩm.",54081,305,16,TP_HO_CHI_MINH,Lưu Mạnh Tưởng,21/09/2020,https://files.customs.gov.vn/CustomsCMS/TP_HO_CHI_MINH/2020/Web/Data/DocumentAttachments/Vanban_6158.PDF,https://www.customs.gov.vn/index.jsp?pageId=3&id=54081&cid=1294,2020,09/2020,2026-10-08T09:32:22Z
836,6192/TCHQ-TXNK,21/09/2020,Tổng cục hải quan,V/v thuế GTGT đối với trang thiết bị y tế,54227,305,16,TP_HO_CHI_MINH,Lê Mạnh Hùng,21/09/2020,https://files.customs.gov.vn/CustomsCMS/TP_HO_CHI_MINH/2020/Web/Data/DocumentAttachments/CV6192TCHQ2020.PDF,https://www.customs.gov.vn/index.jsp?pageId=3&id=54227&cid=1294,2020,09/2020,2026-10-08T09:32:22Z
837,111/2020/NÐ-CP,18/09/2020,Chính phủ,Nghị định Biểu thuế nhập khẩu ưu đãi đặc biệt của Việt Nam để thực hiện Hiệp định Thương mại tự do giữa Cộng hòa xã hội chủ nghĩa Việt Nam và Liên minh châu Âu giai đoạn 2020 - 2022,58484,305,8,TP_HO_CHI_MINH,Nguyễn Xuân Phúc,18/09/2020,https://files.customs.gov.vn/CustomsCMS/TP_HO_CHI_MINH/2020/Web/Data/DocumentAttachments/111_2020_ND-CP.doc,https://www.customs.gov.vn/index.jsp?pageId=3&id=58484&cid=1294,2020,09/2020,2026-10-08T09:32:22Z
838,111/2020/NĐ-CP,18/09/2020,Chính phủ,"Nghị định 111/2020/NĐ-CP về Biểu thuế xuất khẩu ưu đãi, Biểu thuế nhập khẩu ưu đãi đặc biệt của Việt Nam để thực hiện Hiệp định Thương mại tự do giữa Việt Nam và Liên minh châu Âu giai đoạn 2020-2022",43088,305,18,QUANG_BINH,null,null,https://files.customs.gov.vn/CustomsCMS/QUANG_BINH/2021/04/images/stories/files/111NDCP2020rg.pdf,https://www.customs.gov.vn/index.jsp?pageId=3&id=43088&cid=1294,2020,09/2020,2026-10-08T09:32:22Z
839,2088-2091/QĐ-KV3,18/09/2020,Tổng cục hải quan,"Quyết định vv Áp dụng biện pháp cưỡng chế dừng làm thủ tục Hải quan đối với hàng hóa xuất khẩu, nhập khẩu",61088,305,10,BINH_DUONG,null,18/09/2020,https://files.customs.gov.vn/BINH_DUONG/CMS/Lists/VanBanPhapQuy_VN/Attachments/4570/2088_2020.pdf,https://www.customs.gov.vn/index.jsp?pageId=3&id=61088&cid=1294,2020,09/2020,2026-10-08T09:32:22Z
840,2728/HQHCM-TXNK,18/09/2020,Bộ Thương Mại,V/v điều chỉnh mã số mặt hàng “kem trị mụn trứng cá”,55112,305,16,TP_HO_CHI_MINH,Nguyễn Quốc Toản,18/09/2020,https://files.customs.gov.vn/CustomsCMS/TP_HO_CHI_MINH/2020/Web/Data/DocumentAttachments/Vanban_2728.pdf,https://www.customs.gov.vn/index.jsp?pageId=3&id=55112&cid=1294,2020,09/2020,2026-10-08T09:32:22Z
841,2729/HQHCM-TXNK,18/09/2020,Bộ Thương Mại,V/v phân loại mặt hàng lốp xe,58455,305,16,TP_HO_CHI_MINH,Nguyễn Quốc Toản,18/09/2020,https://files.customs.gov.vn/CustomsCMS/TP_HO_CHI_MINH/2020/Web/Data/DocumentAttachments/Vanban_2729.pdf,https://www.customs.gov.vn/index.jsp?pageId=3&id=58455&cid=1294,2020,09/2020,2026-10-08T09:32:22Z
842,6129/TCHQ-TXNK,18/09/2020,Tổng cục hải quan,V/v phân loại mặt hàng Engine ECU,52254,305,16,TP_HO_CHI_MINH,Đào Thu Hương,18/09/2020,https://files.customs.gov.vn/CustomsCMS/TP_HO_CHI_MINH/2020/Web/Data/DocumentAttachments/CV6129TCHQ2020.PDF,https://www.customs.gov.vn/index.jsp?pageId=3&id=52254&cid=1294,2020,09/2020,2026-10-08T09:32:22Z
843,1177/TB-KĐ3,17/09/2020,Tổng cục hải quan,Thông báo số 1177/TB-KĐ3 ngày 17/9/2020 về kết quả phân tích kèm mã số hàng hóa từ  1177-1186,60401,305,16,TONG_CUC,Nguyễn Xuân Cường,17/09/2020,https://files.customs.gov.vn/van_ban_phap_luat/Lists/VanBanPhapLuat/Attachments/13517/48856_1177-1186-CHI CUC KIEM DINH HQ 3.PDF,https://www.customs.gov.vn/index.jsp?pageId=3&id=60401&cid=1294,2020,09/2020,2026-10-08T09:32:22Z
844,2697/HQHCM-GSQL,17/09/2020,Bộ Thương Mại,V/v thủ tục nhập khẩu thiết bị truyền dẫn tín hiệu viba để thử nghiệm,58418,305,16,TP_HO_CHI_MINH,Đặng Thái Thiện,17/09/2020,https://files.customs.gov.vn/CustomsCMS/TP_HO_CHI_MINH/2020/Web/Data/DocumentAttachments/Vanban_2697.pdf,https://www.customs.gov.vn/index.jsp?pageId=3&id=58418&cid=1294,2020,09/2020,2026-10-08T09:32:22Z
845,2701/HQHCM-TXNK,17/09/2020,Bộ Thương Mại,V/v phân loại mặt hàng máy chiếu,56788,305,16,TP_HO_CHI_MINH,Nguyễn Quốc Toản,17/09/2020,https://files.customs.gov.vn/CustomsCMS/TP_HO_CHI_MINH/2020/Web/Data/DocumentAttachments/Vanban_2701.pdf,https://www.customs.gov.vn/index.jsp?pageId=3&id=56788&cid=1294,2020,09/2020,2026-10-08T09:32:22Z
846,2702/HQHCM-TXNK,17/09/2020,Bộ Thương Mại,V/v phân loại mặt hàng máy xử lý dữ liệu tự động dùng cho máy chiếu,56533,305,16,TP_HO_CHI_MINH,Nguyễn Quốc Toản,17/09/2020,https://files.customs.gov.vn/CustomsCMS/TP_HO_CHI_MINH/2020/Web/Data/DocumentAttachments/Vanban_2702.pdf,https://www.customs.gov.vn/index.jsp?pageId=3&id=56533&cid=1294,2020,09/2020,2026-10-08T09:32:22Z
847,6107/TCHQ-TXNK,17/09/2020,Tổng cục hải quan,V/v thuế GTGT đối với trang thiết bị y tế,54533,305,16,TP_HO_CHI_MINH,Lê Mạnh Hùng,17/09/2020,https://files.customs.gov.vn/CustomsCMS/TP_HO_CHI_MINH/2020/Web/Data/DocumentAttachments/CV6107TCHQ2020.PDF,https://www.customs.gov.vn/index.jsp?pageId=3&id=54533&cid=1294,2020,09/2020,2026-10-08T09:32:22Z
848,6111/TB-TCHQ,17/09/2020,Tổng cục hải quan,"Chế phấm thực phấm có thành phần gồm hỗn hợp ngũ cốc giòn (cereal grain) dạng vảy hình cong và hình tròn, được phủ cacao sữa có hàm lượng cacao <6%, đã ép thành bánh dạng thanh hình chữ nhật ~2,5x8,5cm, đóng gói bán lẻ 25g/thanh.",53430,305,16,TP_HO_CHI_MINH,Lưu Mạnh Tưởng,17/09/2020,https://files.customs.gov.vn/CustomsCMS/TP_HO_CHI_MINH/2020/Web/Data/DocumentAttachments/Vanban_6111.PDF,https://www.customs.gov.vn/index.jsp?pageId=3&id=53430&cid=1294,2020,09/2020,2026-10-08T09:32:22Z
849,6085/TCHQ-GSQL,16/09/2020,Tổng cục hải quan,Chứng từ chứng nhận xuất xứ hàng hóa theo EVFTA (Công ty Moet Hennessy),67045,305,16,DONG_NAI,null,null,,https://www.customs.gov.vn/index.jsp?pageId=3&id=67045&cid=1294,2020,09/2020,2026-10-08T09:32:22Z
850,109/2020/NĐ-CP,15/09/2020,Chính phủ,Nghị định số 109/2020/NĐ-CP ngày 15/9/2020 của Chính phủ v/v gia hạn thời hạn nộp thuế tiêu thụ đặc biệt đối với ô tô sản xuất hoặc lắp ráp trong nước,60367,305,8,TONG_CUC,Nguyễn Xuân Phúc,15/09/2020,https://files.customs.gov.vn/van_ban_phap_luat/Lists/VanBanPhapLuat/Attachments/13460/ND109-CP2020.PDF,https://www.customs.gov.vn/index.jsp?pageId=3&id=60367&cid=1294,2020,09/2020,2026-10-08T09:32:22Z
851,25/2020/QÐ-UBND,15/09/2020,UBND Tỉnh/TP,"Ban hành Quy định về tổ chức đánh giá việc giải quyết thủ tục hành chính theo cơ chế một cửa, một cửa liên thông trên địa bàn Thành phố",53579,305,10,TP_HO_CHI_MINH,Nguyễn Thành Phong,15/09/2020,https://files.customs.gov.vn/CustomsCMS/TP_HO_CHI_MINH/2020/Web/Data/DocumentAttachments/252020.pdf,https://www.customs.gov.vn/index.jsp?pageId=3&id=53579&cid=1294,2020,09/2020,2026-10-08T09:32:22Z
852,6050/TCHQ-TXNK,15/09/2020,Tổng cục hải quan,V/v phân loại mặt hàng Thực phẩm dinh dưỡng y học Delical HP HC,56813,305,16,TP_HO_CHI_MINH,Lưu Mạnh Tưởng,15/09/2020,https://files.customs.gov.vn/CustomsCMS/TP_HO_CHI_MINH/2020/Web/Data/DocumentAttachments/CV6050TCHQ2020.PDF,https://www.customs.gov.vn/index.jsp?pageId=3&id=56813&cid=1294,2020,09/2020,2026-10-08T09:32:22Z
853,1053/TB-KĐ4,14/09/2020,Tổng cục hải quan,Thông báo số 1053/TB-KĐ4 ngày 14/9/2020 về kết quả phân tích kèm mã số hàng hóa từ 1053-1056,60402,305,16,TONG_CUC,Lâm Đại Tú,14/09/2020,https://files.customs.gov.vn/van_ban_phap_luat/Lists/VanBanPhapLuat/Attachments/13518/48855_1053-1056-CHI CUC KIEM DINH HQ 4.PDF,https://www.customs.gov.vn/index.jsp?pageId=3&id=60402&cid=1294,2020,09/2020,2026-10-08T09:32:22Z
854,1314/QÐ-BTC,14/09/2020,Bộ Tài chính,Quyết định Công bố danh mục chế độ báo cáo định kỳ thuộc phạm vi chức năng quản lý của Bộ Tài chính,52814,305,10,TP_HO_CHI_MINH,Tạ Anh Tuấn,14/09/2020,https://files.customs.gov.vn/CustomsCMS/TP_HO_CHI_MINH/2020/Web/Data/DocumentAttachments/1314.pdf,https://www.customs.gov.vn/index.jsp?pageId=3&id=52814&cid=1294,2020,09/2020,2026-10-08T09:32:22Z
855,6013/TB-TCHQ,14/09/2020,Tổng cục hải quan,"Chế phẩm thực phẩm, dạng lỏng, có thành phần chính là đạm, đường, béo, hương liệu..., đóng gói 237ml/chai, không chứa lactose.",57041,305,16,TP_HO_CHI_MINH,Lưu Mạnh Tưởng,14/09/2020,https://files.customs.gov.vn/CustomsCMS/TP_HO_CHI_MINH/2020/Web/Data/DocumentAttachments/Vanban_6013.PDF,https://www.customs.gov.vn/index.jsp?pageId=3&id=57041&cid=1294,2020,09/2020,2026-10-08T09:32:22Z
856,6025/TCHQ-TXNK,14/09/2020,Tổng cục hải quan,V/v Chính sách thuế hàng NK để viện trợ không hoàn lại cho CHDCND Lào,53195,305,16,TP_HO_CHI_MINH,Lê Mạnh Hùng,14/09/2020,https://files.customs.gov.vn/CustomsCMS/TP_HO_CHI_MINH/2020/Web/Data/DocumentAttachments/CV6025TCHQ2020.PDF,https://www.customs.gov.vn/index.jsp?pageId=3&id=53195&cid=1294,2020,09/2020,2026-10-08T09:32:22Z
857,6040/TCHQ-TXNK,14/09/2020,Tổng cục hải quan,V/v thuế GTGT hàng tạm nhập khẩu dưới hình thức thuê,55236,305,16,TP_HO_CHI_MINH,Lê Mạnh Hùng,14/09/2020,https://files.customs.gov.vn/CustomsCMS/TP_HO_CHI_MINH/2020/Web/Data/DocumentAttachments/CV6040TCHQ2020.PDF,https://www.customs.gov.vn/index.jsp?pageId=3&id=55236&cid=1294,2020,09/2020,2026-10-08T09:32:22Z
858,6041/TCHQ-TXNK,14/09/2020,Tổng cục hải quan,V/v xử lý thuế GTGT,53318,305,16,TP_HO_CHI_MINH,Lê Mạnh Hùng,14/09/2020,https://files.customs.gov.vn/CustomsCMS/TP_HO_CHI_MINH/2020/Web/Data/DocumentAttachments/CV6041TCHQ2020.PDF,https://www.customs.gov.vn/index.jsp?pageId=3&id=53318&cid=1294,2020,09/2020,2026-10-08T09:32:22Z
859,5994/TB-TCHQ,11/09/2020,Tổng cục hải quan,"Tấm phủ tường từ polymer Polyacrylate loại trùng hợp, ở dạng cuộn, có chiều rộng 1,34m, loại không tự dính, cấu trúc gồm một lớp Polyacrylate đã in hoa văn và được gia cố bằng lớp vải dệt thoi từ polyeste",55007,305,16,TP_HO_CHI_MINH,Lưu Mạnh Tưởng,11/09/2020,https://files.customs.gov.vn/CustomsCMS/TP_HO_CHI_MINH/2020/Web/Data/DocumentAttachments/Vanban_5994.PDF,https://www.customs.gov.vn/index.jsp?pageId=3&id=55007&cid=1294,2020,09/2020,2026-10-08T09:32:22Z
860,6001/TCHQ-TXNK,11/09/2020,Bộ Thương Mại,V/v chính sách thuế GTGT,54488,305,16,TP_HO_CHI_MINH,Lê Mạnh Hùng,11/09/2020,https://files.customs.gov.vn/CustomsCMS/TP_HO_CHI_MINH/2020/Web/Data/DocumentAttachments/CV6001TCHQ2020.PDF,https://www.customs.gov.vn/index.jsp?pageId=3&id=54488&cid=1294,2020,09/2020,2026-10-08T09:32:22Z
861,6002/TCHQ-TXNK,11/09/2020,Tổng cục hải quan,V/v phân loại hàng hóa,56302,305,16,TP_HO_CHI_MINH,Đào Thu Hương,11/09/2020,https://files.customs.gov.vn/CustomsCMS/TP_HO_CHI_MINH/2020/Web/Data/DocumentAttachments/CV6002TCHQ2020.PDF,https://www.customs.gov.vn/index.jsp?pageId=3&id=56302&cid=1294,2020,09/2020,2026-10-08T09:32:22Z
862,5941/TB-TCHQ,10/09/2020,Tổng cục hải quan,"Sản phẩm chứa hỗn hợp vitamin D3, muối canxi, natri, phospho,..., dạng viên nén 3.5 gram/viên, đóng gói 10 viên/vỉ, 3 vỉ/hộp",55375,305,16,TP_HO_CHI_MINH,Lưu Mạnh Tưởng,10/09/2020,https://files.customs.gov.vn/CustomsCMS/TP_HO_CHI_MINH/2020/Web/Data/DocumentAttachments/Vanban_5941.PDF,https://www.customs.gov.vn/index.jsp?pageId=3&id=55375&cid=1294,2020,09/2020,2026-10-08T09:32:22Z
863,5949/TCHQ-TXNK,10/09/2020,Tổng cục hải quan,V/v thuế GTGT đối với trang thiết bị y tế,54972,305,16,TP_HO_CHI_MINH,Lê Mạnh Hùng,10/09/2020,https://files.customs.gov.vn/CustomsCMS/TP_HO_CHI_MINH/2020/Web/Data/DocumentAttachments/CV5949TCHQ2020.PDF,https://www.customs.gov.vn/index.jsp?pageId=3&id=54972&cid=1294,2020,09/2020,2026-10-08T09:32:22Z
864,5929/TCHQ-TXNK,09/09/2020,Tổng cục hải quan,V/v phân loại hàng hóa,57618,305,16,TP_HO_CHI_MINH,Đào Thu Hương,09/09/2020,https://files.customs.gov.vn/CustomsCMS/TP_HO_CHI_MINH/2020/Web/Data/DocumentAttachments/CV5929TCHQ2020.PDF,https://www.customs.gov.vn/index.jsp?pageId=3&id=57618&cid=1294,2020,09/2020,2026-10-08T09:32:22Z
865,2295/QÐ-TCHQ,08/09/2020,Tổng cục hải quan,Về việc thu hồi mã số nhân viên đại lý làm thủ tục hải quan,52657,305,10,TP_HO_CHI_MINH,Âu Anh Tuấn,08/09/2020,https://files.customs.gov.vn/CustomsCMS/TP_HO_CHI_MINH/2020/Web/Data/DocumentAttachments/Vanban_2295.PDF,https://www.customs.gov.vn/index.jsp?pageId=3&id=52657&cid=1294,2020,09/2020,2026-10-08T09:32:22Z
866,2595/HQHCM-TXNK,08/09/2020,Bộ Thương Mại,"Về việc thủ tục tham vấn giá 1 lần, sử dụng kết quả nhiều lần tiếp theo",56665,305,16,TP_HO_CHI_MINH,Nguyễn Quốc Toản,08/09/2020,https://files.customs.gov.vn/CustomsCMS/TP_HO_CHI_MINH/2020/Web/Data/DocumentAttachments/Vanban_2595.pdf,https://www.customs.gov.vn/index.jsp?pageId=3&id=56665&cid=1294,2020,09/2020,2026-10-08T09:32:22Z
867,2610/HQHCM-TXNK,08/09/2020,Bộ Thương Mại,V/v hướng dẫn phân loại và chính sách quản lý đối với mặt hàng nắp bồn cầu điện tử,52496,305,16,TP_HO_CHI_MINH,Nguyễn Quốc Toản,08/09/2020,https://files.customs.gov.vn/CustomsCMS/TP_HO_CHI_MINH/2020/Web/Data/DocumentAttachments/Vanban_2610.pdf,https://www.customs.gov.vn/index.jsp?pageId=3&id=52496&cid=1294,2020,09/2020,2026-10-08T09:32:22Z
868,5892/TCHQ-TXNK,08/09/2020,Tổng cục hải quan,V/v thuế GTGT đối với trang thiết bị y tế,58200,305,16,TP_HO_CHI_MINH,Lê Mạnh Hùng,08/09/2020,https://files.customs.gov.vn/CustomsCMS/TP_HO_CHI_MINH/2020/Web/Data/DocumentAttachments/CV5892TCHQ2020.PDF,https://www.customs.gov.vn/index.jsp?pageId=3&id=58200&cid=1294,2020,09/2020,2026-10-08T09:32:22Z
869,103/2020/NĐ-CP,04/09/2020,Chính phủ,Nghị định 103/2020/NĐ-CP quy định về chứng nhận chủng loại gạo thơm xuất khẩu sang Liên minh châu Âu,43082,305,18,QUANG_BINH,null,null,https://files.customs.gov.vn/CustomsCMS/QUANG_BINH/2021/04/images/stories/files/103NDCP2020.pdf,https://www.customs.gov.vn/index.jsp?pageId=3&id=43082&cid=1294,2020,09/2020,2026-10-08T09:32:22Z
870,5864/TCHQ-TXNK,04/09/2020,Tổng cục hải quan,V/v hàng hóa thuê DNCX gia công,55213,305,16,TP_HO_CHI_MINH,Lưu Mạnh Tưởng,04/09/2020,https://files.customs.gov.vn/CustomsCMS/TP_HO_CHI_MINH/2020/Web/Data/DocumentAttachments/CV5864TCHQ2020.PDF,https://www.customs.gov.vn/index.jsp?pageId=3&id=55213&cid=1294,2020,09/2020,2026-10-08T09:32:22Z
871,2534/HQHCM-GSQL,03/09/2020,Bộ Thương Mại,V/v trả lời công văn số MHVD/2020/CV-08 về chứng nhận xuất xứ hàng hóa EVFTA,54889,305,16,TP_HO_CHI_MINH,Đặng Thái Thiện,03/09/2020,https://files.customs.gov.vn/CustomsCMS/TP_HO_CHI_MINH/2020/Web/Data/DocumentAttachments/Vanban_2534.pdf,https://www.customs.gov.vn/index.jsp?pageId=3&id=54889&cid=1294,2020,09/2020,2026-10-08T09:32:22Z
872,2535/HQHCM-GSQL,03/09/2020,Bộ Thương Mại,V/v trả lời công văn số SE2508/CV2020 về C/O form A điện tử,54960,305,16,TP_HO_CHI_MINH,Đặng Thái Thiện,03/09/2020,https://files.customs.gov.vn/CustomsCMS/TP_HO_CHI_MINH/2020/Web/Data/DocumentAttachments/Vanban_2535.pdf,https://www.customs.gov.vn/index.jsp?pageId=3&id=54960&cid=1294,2020,09/2020,2026-10-08T09:32:22Z
873,2536/HQHCM-GSQL,03/09/2020,Bộ Thương Mại,V/v trả lời công văn số 01/COKV/2020,54014,305,16,TP_HO_CHI_MINH,Đặng Thái Thiện,03/09/2020,https://files.customs.gov.vn/CustomsCMS/TP_HO_CHI_MINH/2020/Web/Data/DocumentAttachments/Vanban_2536.pdf,https://www.customs.gov.vn/index.jsp?pageId=3&id=54014&cid=1294,2020,09/2020,2026-10-08T09:32:22Z
874,2539/HQHCM-TXNK,03/09/2020,Bộ Thương Mại,"V/v miễn thuế đối với quà biếu, quà tặng",55264,305,16,TP_HO_CHI_MINH,Nguyễn Quốc Toản,03/09/2020,https://files.customs.gov.vn/CustomsCMS/TP_HO_CHI_MINH/2020/Web/Data/DocumentAttachments/Vanban_2539.pdf,https://www.customs.gov.vn/index.jsp?pageId=3&id=55264&cid=1294,2020,09/2020,2026-10-08T09:32:22Z
875,102/2020/NÐ-CP,01/09/2020,Chính phủ,Nghị định quy định Hệ thống bảo đảm gỗ hợp pháp Việt Nam,54064,305,8,TP_HO_CHI_MINH,Nguyễn Xuân Phúc,30/10/2020,https://files.customs.gov.vn/CustomsCMS/TP_HO_CHI_MINH/2020/Web/Data/DocumentAttachments/102_2020_ND-CP.doc,https://www.customs.gov.vn/index.jsp?pageId=3&id=54064&cid=1294,2020,09/2020,2026-10-08T09:32:22Z
876,102/2020/NĐ-CP,01/09/2020,Chính phủ,Nghị định 102/2020/NĐ-CP quy định về Hệ thống bảo đảm gỗ hợp pháp Việt Nam,43086,305,18,QUANG_BINH,null,null,https://files.customs.gov.vn/CustomsCMS/QUANG_BINH/2021/04/images/stories/files/102NDCP2020.pdf,https://www.customs.gov.vn/index.jsp?pageId=3&id=43086&cid=1294,2020,09/2020,2026-10-08T09:32:22Z
877,2091/QĐ-BCT,01/09/2020,Bộ Công Thương,"V/v Điều tra áp dụng biện pháp chống bán phá giá đối với một số sản phẩm bàn, ghế có xuất xứ từ cộng hòa nhân dân trung hoa và ma-lai-xi-a",90638,305,10,DONG_NAI,null,01/09/2020,https://files.customs.gov.vn/CustomsCMS/DONG_NAI/2024/1/23/2091_QD_BCT_01_09_2021.pdf,https://www.customs.gov.vn/index.jsp?pageId=3&id=90638&cid=1294,2020,09/2020,2026-10-08T09:32:22Z
878,130/2020/NĐ-CP,30/10/2020,Chính phủ,"Nghị định về kiểm soát tài sản, thu nhập của người có chức vụ, quyền hạn trong cơ quan, tổ chức, đơn vị",67543,305,18,CAN_THO,null,20/12/2020,https://files.customs.gov.vn/CAN_THO/130.2020.ND_CP.signed.pdf,https://www.customs.gov.vn/index.jsp?pageId=3&id=67543&cid=1294,2020,10/2020,2026-10-08T09:32:22Z
879,2111/HQĐNa-GSQL,30/10/2020,Cục Hải Quan tỉnh Đồng Nai,"Hồ sơ, thủ tục xuất khẩu, nhập khẩu mặt hàng gỗ (Các doanh nghiệp làm thủ tục XNK trên địa bàn Đồng Nai, Bình Thuận)",67060,305,16,DONG_NAI,null,null,https://files.customs.gov.vn/DONG_NAI//Data/Cv_Hqdn/2111_HQDNa_GSQL_30_10_2020.pdf,https://www.customs.gov.vn/index.jsp?pageId=3&id=67060&cid=1294,2020,10/2020,2026-10-08T09:32:22Z
880,2766/QÐ-TCHQ,30/10/2020,Tổng cục hải quan,Về việc công nhận hoạt động đại lý làm thủ tục hải quan,56142,305,10,TP_HO_CHI_MINH,Âu Anh Tuấn,30/10/2020,https://files.customs.gov.vn/CustomsCMS/TP_HO_CHI_MINH/2020/Web/Data/DocumentAttachments/Vanban_2766.PDF,https://www.customs.gov.vn/index.jsp?pageId=3&id=56142&cid=1294,2020,10/2020,2026-10-08T09:32:22Z
881,2850/QÐ-TCHQ,30/10/2020,Tổng cục hải quan,Về việc công nhận hoạt động đại lý làm thủ tục hải quan,55275,305,10,TP_HO_CHI_MINH,Âu Anh Tuấn,30/10/2020,https://files.customs.gov.vn/CustomsCMS/TP_HO_CHI_MINH/2020/Web/Data/DocumentAttachments/Vanban_2850.PDF,https://www.customs.gov.vn/index.jsp?pageId=3&id=55275&cid=1294,2020,10/2020,2026-10-08T09:32:22Z
882,2852/QÐ-TCHQ,30/10/2020,Tổng cục hải quan,Về việc thu hồi mã số nhân viên đại lý làm thủ tục hải quan,54811,305,10,TP_HO_CHI_MINH,Âu Anh Tuấn,30/10/2020,https://files.customs.gov.vn/CustomsCMS/TP_HO_CHI_MINH/2020/Web/Data/DocumentAttachments/Vanban_2852.PDF,https://www.customs.gov.vn/index.jsp?pageId=3&id=54811&cid=1294,2020,10/2020,2026-10-08T09:32:22Z
883,2853/QÐ-TCHQ,30/10/2020,Tổng cục hải quan,Về việc công nhận hoạt động đại lý làm thủ tục hải quan,54861,305,10,TP_HO_CHI_MINH,Âu Anh Tuấn,30/10/2020,https://files.customs.gov.vn/CustomsCMS/TP_HO_CHI_MINH/2020/Web/Data/DocumentAttachments/Vanban_2853.PDF,https://www.customs.gov.vn/index.jsp?pageId=3&id=54861&cid=1294,2020,10/2020,2026-10-08T09:32:22Z
884,3182/HQHCM-GSQL,29/10/2020,Bộ Thương Mại,V/v gia công cho đối tác nước ngoài thuộc danh mục sản phẩm CNTT đã qua sử dụng cấm nhập khẩu,54412,305,16,TP_HO_CHI_MINH,Phan Minh Lê,29/10/2020,https://files.customs.gov.vn/CustomsCMS/TP_HO_CHI_MINH/2020/Web/Data/DocumentAttachments/Vanban_3182.pdf,https://www.customs.gov.vn/index.jsp?pageId=3&id=54412&cid=1294,2020,10/2020,2026-10-08T09:32:22Z
885,3184/HQHCM-GSQL,29/10/2020,Bộ Thương Mại,V/v C/O mẫu E bên thứ 3,57845,305,16,TP_HO_CHI_MINH,Phan Minh Lê,29/10/2020,https://files.customs.gov.vn/CustomsCMS/TP_HO_CHI_MINH/2020/Web/Data/DocumentAttachments/Vanban_3184.pdf,https://www.customs.gov.vn/index.jsp?pageId=3&id=57845&cid=1294,2020,10/2020,2026-10-08T09:32:22Z
886,6956/TCHQ-TXNK,29/10/2020,Tổng cục hải quan,V/v tiền chậm nộp,53117,305,16,TP_HO_CHI_MINH,Đào Thu Hương,29/10/2020,https://files.customs.gov.vn/CustomsCMS/TP_HO_CHI_MINH/2020/Web/Data/DocumentAttachments/CV6956TCHQ2020.PDF,https://www.customs.gov.vn/index.jsp?pageId=3&id=53117&cid=1294,2020,10/2020,2026-10-08T09:32:22Z
887,3157/HQHCM-GSQL,28/10/2020,Bộ Thương Mại,V/v trả lời công văn số 02-TM/HQ/2020 về chứng nhận xuất xứ EVFTA,54310,305,16,TP_HO_CHI_MINH,Phan Minh Lê,28/10/2020,https://files.customs.gov.vn/CustomsCMS/TP_HO_CHI_MINH/2020/Web/Data/DocumentAttachments/Vanban_3157.pdf,https://www.customs.gov.vn/index.jsp?pageId=3&id=54310&cid=1294,2020,10/2020,2026-10-08T09:32:22Z
888,3158/HQHCM-GSQL,28/10/2020,Bộ Thương Mại,V/v trả lời công văn số 02CV2020 về việc hướng dẫn thủ tục nộp C/O xác nhận xuất xứ để hoàn thuế chống bán phá giá,55494,305,16,TP_HO_CHI_MINH,Phan Minh Lê,28/10/2020,https://files.customs.gov.vn/CustomsCMS/TP_HO_CHI_MINH/2020/Web/Data/DocumentAttachments/Vanban_3158.pdf,https://www.customs.gov.vn/index.jsp?pageId=3&id=55494&cid=1294,2020,10/2020,2026-10-08T09:32:22Z
889,3159/HQHCM-GSQL,28/10/2020,Bộ Thương Mại,V/v thủ tục xin giấy phép và thủ tục hải quan về gia công vàng và nữ trang,58428,305,16,TP_HO_CHI_MINH,Phan Minh Lê,28/10/2020,https://files.customs.gov.vn/CustomsCMS/TP_HO_CHI_MINH/2020/Web/Data/DocumentAttachments/Vanban_3159.pdf,https://www.customs.gov.vn/index.jsp?pageId=3&id=58428&cid=1294,2020,10/2020,2026-10-08T09:32:22Z
890,3164/HQHCM-TXNK,28/10/2020,Bộ Thương Mại,V/v phân loại viên thủy tinh,55406,305,16,TP_HO_CHI_MINH,Nguyễn Quốc Toản,28/10/2020,https://files.customs.gov.vn/CustomsCMS/TP_HO_CHI_MINH/2020/Web/Data/DocumentAttachments/Vanban_3164.pdf,https://www.customs.gov.vn/index.jsp?pageId=3&id=55406&cid=1294,2020,10/2020,2026-10-08T09:32:22Z
891,6924/TCHQ-GSQL,28/10/2020,Tổng cục hải quan,Thủ tục pháp lý để thành lập khu phi thuế quan và kho ngoại quan (Công ty TNHH Hòa Bình),67059,305,16,DONG_NAI,null,null,,https://www.customs.gov.vn/index.jsp?pageId=3&id=67059&cid=1294,2020,10/2020,2026-10-08T09:32:22Z
892,6943/TCHQ-TXNK,28/10/2020,Tổng cục hải quan,V/v xử lý thuế nguyên liệu chênh lệch tồn kho,55139,305,16,TP_HO_CHI_MINH,Lê Mạnh Hùng,28/10/2020,https://files.customs.gov.vn/CustomsCMS/TP_HO_CHI_MINH/2020/Web/Data/DocumentAttachments/CV6943TCHQ2020.PDF,https://www.customs.gov.vn/index.jsp?pageId=3&id=55139&cid=1294,2020,10/2020,2026-10-08T09:32:22Z
893,3132/HQHCM-GSQL,27/10/2020,Bộ Thương Mại,V/v nhập khẩu rễ cây cam thảo,56604,305,16,TP_HO_CHI_MINH,Lê Xuân Mỹ,27/10/2020,https://files.customs.gov.vn/CustomsCMS/TP_HO_CHI_MINH/2020/Web/Data/DocumentAttachments/Vanban_3132.pdf,https://www.customs.gov.vn/index.jsp?pageId=3&id=56604&cid=1294,2020,10/2020,2026-10-08T09:32:22Z
894,3136/HQHCM-TXNK,27/10/2020,Bộ Thương Mại,V/v phân loại và chính sách thuế đối với mặt hàng rượu vang,58639,305,16,TP_HO_CHI_MINH,Nguyễn Quốc Toản,27/10/2020,https://files.customs.gov.vn/CustomsCMS/TP_HO_CHI_MINH/2020/Web/Data/DocumentAttachments/Vanban_3136.pdf,https://www.customs.gov.vn/index.jsp?pageId=3&id=58639&cid=1294,2020,10/2020,2026-10-08T09:32:22Z
895,6915/TCHQ-TXNK,27/10/2020,null,Phân loại viên thủy tinh dùng cho đèn chùm,76839,305,16,DA_NANG,ĐÀO THU HƯƠNG,27/10/2020,https://files.customs.gov.vn/DA_NANG/Uploads/65e32243-11bf-4695-985d-c1563e8c13ba/6915(2).pdf,https://www.customs.gov.vn/index.jsp?pageId=3&id=76839&cid=1294,2020,10/2020,2026-10-08T09:32:22Z
896,6922/TCHQ-TXNK,27/10/2020,Tổng cục hải quan,V/v phân loại mặt hàng pin dioxit mangan,55669,305,16,TP_HO_CHI_MINH,Đào Thu Hương,27/10/2020,https://files.customs.gov.vn/CustomsCMS/TP_HO_CHI_MINH/2020/Web/Data/DocumentAttachments/CV6922TCHQ2020.PDF,https://www.customs.gov.vn/index.jsp?pageId=3&id=55669&cid=1294,2020,10/2020,2026-10-08T09:32:22Z
897,2703/QÐ-TCHQ,26/10/2020,Tổng cục hải quan,Về việc công nhận hoạt động đại lý làm thủ tục hải quan,55836,305,10,TP_HO_CHI_MINH,Âu Anh Tuấn,26/10/2020,https://files.customs.gov.vn/CustomsCMS/TP_HO_CHI_MINH/2020/Web/Data/DocumentAttachments/Vanban_2703.PDF,https://www.customs.gov.vn/index.jsp?pageId=3&id=55836&cid=1294,2020,10/2020,2026-10-08T09:32:22Z
898,2669/QÐ-TCHQ,22/10/2020,Tổng cục hải quan,Về việc công nhận hoạt động đại lý làm thủ tục hải quan,55444,305,10,TP_HO_CHI_MINH,Âu Anh Tuấn,22/10/2020,https://files.customs.gov.vn/CustomsCMS/TP_HO_CHI_MINH/2020/Web/Data/DocumentAttachments/Vanban_2669.PDF,https://www.customs.gov.vn/index.jsp?pageId=3&id=55444&cid=1294,2020,10/2020,2026-10-08T09:32:22Z
899,2671/QÐ-TCHQ,22/10/2020,Tổng cục hải quan,Về việc công nhận hoạt động đại lý làm thủ tục hải quan,53530,305,10,TP_HO_CHI_MINH,Âu Anh Tuấn,22/10/2020,https://files.customs.gov.vn/CustomsCMS/TP_HO_CHI_MINH/2020/Web/Data/DocumentAttachments/Vanban_2671.PDF,https://www.customs.gov.vn/index.jsp?pageId=3&id=53530&cid=1294,2020,10/2020,2026-10-08T09:32:22Z
900,2685/QÐ-TCHQ,22/10/2020,Tổng cục hải quan,Về việc thay đổi thông tin đại lý làm thủ tục hải quan,56063,305,10,TP_HO_CHI_MINH,Âu Anh Tuấn,22/10/2020,https://files.customs.gov.vn/CustomsCMS/TP_HO_CHI_MINH/2020/Web/Data/DocumentAttachments/Vanban_2685.PDF,https://www.customs.gov.vn/index.jsp?pageId=3&id=56063&cid=1294,2020,10/2020,2026-10-08T09:32:22Z
901,2980/HQBD-VP,22/10/2020,Cục Hải quan Tỉnh Bình Dương,V/v triển khai CV số 6737/TCHQ-CNTT về việc cung cấp dịch vụ công trực tuyến mới,61093,305,16,BINH_DUONG,null,22/10/2020,https://files.customs.gov.vn/BINH_DUONG/CMS/Lists/VanBanPhapQuy_VN/Attachments/4586/2980HQBD-VP-2020.pdf,https://www.customs.gov.vn/index.jsp?pageId=3&id=61093&cid=1294,2020,10/2020,2026-10-08T09:32:22Z
902,6734/TB-TCHQ,22/10/2020,Tổng cục hải quan,"Thông báo số 6734/TB-TCHQ ngày 19/10/2020 Về kết quả phân loại đối với hàng hóa xuất khẩu, nhập khẩu 6734-6735",60384,305,16,TONG_CUC,Lưu Mạnh Tưởng,22/10/2020,https://files.customs.gov.vn/van_ban_phap_luat/Lists/VanBanPhapLuat/Attachments/13500/Vanban_6734.PDF,https://www.customs.gov.vn/index.jsp?pageId=3&id=60384&cid=1294,2020,10/2020,2026-10-08T09:32:22Z
903,3085/HQHCM-TXNK,21/10/2020,Bộ Thương Mại,V/v hướng dẫn phân loại mặt hàng “Chậu rửa Lavabo bằng đá”,53675,305,16,TP_HO_CHI_MINH,Nguyễn Quốc Toản,21/10/2020,https://files.customs.gov.vn/CustomsCMS/TP_HO_CHI_MINH/2020/Web/Data/DocumentAttachments/Vanban_3085.pdf,https://www.customs.gov.vn/index.jsp?pageId=3&id=53675&cid=1294,2020,10/2020,2026-10-08T09:32:22Z
904,6774/TCHQ-TXNK,21/10/2020,null,Vướng mắc chính sách thuế,76834,305,16,DA_NANG,Lưu Mạnh Tưởng,21/10/2020,https://files.customs.gov.vn/DA_NANG/Uploads/65e32243-11bf-4695-985d-c1563e8c13ba/6774(1).pdf,https://www.customs.gov.vn/index.jsp?pageId=3&id=76834&cid=1294,2020,10/2020,2026-10-08T09:32:22Z
905,6784/TB-TCHQ,21/10/2020,Tổng cục hải quan,"Mẫu phân tích là hỗn hợp acid béo có thành phần chính là acid dodecanoic (-60%) và các acid octanoic, acid decanoic, acid tetradecanoic, acid hexadecanoic, acid octadecenoic. Dạng lỏng, màu vàng.",58601,305,16,TP_HO_CHI_MINH,Lưu Mạnh Tưởng,21/10/2020,https://files.customs.gov.vn/CustomsCMS/TP_HO_CHI_MINH/2020/Web/Data/DocumentAttachments/Vanban_6784.PDF,https://www.customs.gov.vn/index.jsp?pageId=3&id=58601&cid=1294,2020,10/2020,2026-10-08T09:32:22Z
906,6797/TB-TCHQ,21/10/2020,Tổng cục hải quan,"Màng copolymer ethylene - propylene (trong đó comonome propylene chiếm hàm lượng vượt trội), không xốp, và chưa được gia cố, chưa được kết hợp tương tự với các vật liệu khác, loại không tự dính, dày 0,025mm, khổ 480mm, dạng cuộn",56856,305,16,TP_HO_CHI_MINH,Lưu Mạnh Tưởng,21/10/2020,https://files.customs.gov.vn/CustomsCMS/TP_HO_CHI_MINH/2020/Web/Data/DocumentAttachments/Vanban_6797.PDF,https://www.customs.gov.vn/index.jsp?pageId=3&id=56856&cid=1294,2020,10/2020,2026-10-08T09:32:22Z
907,6798/TB-TCHQ,21/10/2020,Tổng cục hải quan,"Màng copolymer ethylene - propylene (trong đó comonome ethylene chiếm hàm lượng vượt trội), không xốp, và chưa được gia cố, chưa được kết hợp tương tự với các vật liệu khác, loại không tự dính, dày 0,012mm, khổ 385mm, dạng cuộn",54886,305,16,TP_HO_CHI_MINH,Lưu Mạnh Tưởng,21/10/2020,https://files.customs.gov.vn/CustomsCMS/TP_HO_CHI_MINH/2020/Web/Data/DocumentAttachments/Vanban_6798.PDF,https://www.customs.gov.vn/index.jsp?pageId=3&id=54886&cid=1294,2020,10/2020,2026-10-08T09:32:22Z
908,6814/TCHQ-TXNK,21/10/2020,Tổng cục hải quan,Mã HS mặt hàng lốp xe (Công ty TNHH Gấu Trúc Vàng),67052,305,16,DONG_NAI,null,null,,https://www.customs.gov.vn/index.jsp?pageId=3&id=67052&cid=1294,2020,10/2020,2026-10-08T09:32:22Z
909,2716/QĐ-BCT,20/10/2020,null,Về kết quả rà soát lần thứ nhất việc áp dụng biện pháp chống bán phá giá đối với một số sản phẩm thép hình chữ H.,40552,305,10,HAI_PHONG,null,15/10/2020,https://files.customs.gov.vn/CustomsCMS/HAI_PHONG/2020/12/8/2716-THEP HINH-2020.pdf,https://www.customs.gov.vn/index.jsp?pageId=3&id=40552&cid=1294,2020,10/2020,2026-10-08T09:32:22Z
910,2716/QĐ-BCT,20/10/2020,null,Kết quả rà soát lần thứ nhất việc áp dụng biện pháp chống bán phá giá đối với một số sản phẩm thép hình chữ H,76838,305,10,DA_NANG,Trần Tuấn Anh,25/10/2020,https://files.customs.gov.vn/DA_NANG/Uploads/65e32243-11bf-4695-985d-c1563e8c13ba/2716.pdf,https://www.customs.gov.vn/index.jsp?pageId=3&id=76838&cid=1294,2020,10/2020,2026-10-08T09:32:22Z
911,2717/QĐ-BCT,20/10/2020,null,Về kết quả rà soát lần thứ nhất việc áp dụng biện pháp chống bán phá giá đối với sản phẩm thép mạ.,40553,305,10,HAI_PHONG,null,25/10/2020,https://files.customs.gov.vn/CustomsCMS/HAI_PHONG/2020/12/8/2717-THEP HINH-2020.pdf,https://www.customs.gov.vn/index.jsp?pageId=3&id=40553&cid=1294,2020,10/2020,2026-10-08T09:32:22Z
912,2717/QĐ-BCT,20/10/2020,null,kết quả rà soát lần thứ nhất việc áp dụng biện pháp chống bán phá giá đối với sản phẩm thép mạ,76837,305,10,DA_NANG,Trần Tuấn Anh,25/10/2020,https://files.customs.gov.vn/DA_NANG/Uploads/65e32243-11bf-4695-985d-c1563e8c13ba/_2717.pdf,https://www.customs.gov.vn/index.jsp?pageId=3&id=76837&cid=1294,2020,10/2020,2026-10-08T09:32:22Z
913,3062/HQHCM-GSQL,20/10/2020,Bộ Thương Mại,V/v thủ tục hải quan đối với phương tiện quay vòng,55679,305,16,TP_HO_CHI_MINH,Lê Xuân Mỹ,20/10/2020,https://files.customs.gov.vn/CustomsCMS/TP_HO_CHI_MINH/2020/Web/Data/DocumentAttachments/Vanban_3062.pdf,https://www.customs.gov.vn/index.jsp?pageId=3&id=55679&cid=1294,2020,10/2020,2026-10-08T09:32:22Z
914,3068/HQHCM-TXNK,20/10/2020,Bộ Thương Mại,V/v thuế suất GTGT máy hấp tiệt trùng dùng trong y tế,52591,305,16,TP_HO_CHI_MINH,Nguyễn Quốc Toản,20/10/2020,https://files.customs.gov.vn/CustomsCMS/TP_HO_CHI_MINH/2020/Web/Data/DocumentAttachments/Vanban_3068.pdf,https://www.customs.gov.vn/index.jsp?pageId=3&id=52591&cid=1294,2020,10/2020,2026-10-08T09:32:22Z
915,3069/HQHCM-TXNK,20/10/2020,Bộ Thương Mại,V/v khai bổ sung và xử lý thuế sau khi có kết quả phân loại.,57405,305,16,TP_HO_CHI_MINH,Nguyễn Quốc Toản,20/10/2020,https://files.customs.gov.vn/CustomsCMS/TP_HO_CHI_MINH/2020/Web/Data/DocumentAttachments/Vanban_3069.pdf,https://www.customs.gov.vn/index.jsp?pageId=3&id=57405&cid=1294,2020,10/2020,2026-10-08T09:32:22Z
916,6770/TCHQ-TXNK,20/10/2020,Tổng cục hải quan,V/v mã số HS mặt hàng SHARP PS60FP-IP,53431,305,16,TP_HO_CHI_MINH,Đào Thu Hương,20/10/2020,https://files.customs.gov.vn/CustomsCMS/TP_HO_CHI_MINH/2020/Web/Data/DocumentAttachments/CV6770TCHQ2020.PDF,https://www.customs.gov.vn/index.jsp?pageId=3&id=53431&cid=1294,2020,10/2020,2026-10-08T09:32:22Z
917,100/2020/TT-BTC,19/10/2020,Bộ Tài chính,"Thông tư 100/2020/TT-BTC về việc bãi bỏ một số văn bản quy phạm pháp luật do Bộ trưởng Bộ Tài chính ban hành và liên tịch ban hành trong các lĩnh vực: hải quan; thuế xuất khẩu, thuế nhập khẩu; phí, lệ phí và hướng dẫn về chế độ tài chính, thủ tục hải quan áp dụng tại các khu kinh tế, khu thương mại và công nghiệp thuộc Khu kinh tế cửa khẩu",44397,305,4,QUANG_BINH,Vũ Thị Mai,02/01/2021,https://files.customs.gov.vn/CustomsCMS/QUANG_BINH/2021/7/15/126-2020-ND-CP.SIGNED.PDF,https://www.customs.gov.vn/index.jsp?pageId=3&id=44397&cid=1294,2020,10/2020,2026-10-08T09:32:22Z
918,123/2020/NĐ-CP,19/10/2020,Thủ tướng Chính phủ,"Quy định về hóa đơn, chứng từ",44399,305,8,QUANG_BINH,Nguyễn Xuân Phúc,01/07/2022,https://files.customs.gov.vn/CustomsCMS/QUANG_BINH/2021/7/15/123_2020_ND_CP_19_10_2020.PDF,https://www.customs.gov.vn/index.jsp?pageId=3&id=44399&cid=1294,2020,10/2020,2026-10-08T09:32:22Z
919,125/2020/NĐ-CP,19/10/2020,Chính phủ,"Nghị định số 125/2020/NĐ-CP ngày 19/10/2020 của Chính phủ quy định xử phạt vi phạm hành chính về thuế, hóa đơn",60415,305,8,TONG_CUC,Nguyễn Xuân Phúc,05/12/2020,https://files.customs.gov.vn/van_ban_phap_luat/Lists/VanBanPhapLuat/Attachments/13540/ND125CP2020.pdf,https://www.customs.gov.vn/index.jsp?pageId=3&id=60415&cid=1294,2020,10/2020,2026-10-08T09:32:22Z
920,126/2020/NÐ-CP,19/10/2020,Chính phủ,Nghị định quy định chi tiết một số điều của Luật Quản lý thuế,57366,305,8,TP_HO_CHI_MINH,Nguyễn Xuân Phúc,05/12/2020,https://files.customs.gov.vn/CustomsCMS/TP_HO_CHI_MINH/2020/Web/Data/DocumentAttachments/126_2020_ND-CP.doc,https://www.customs.gov.vn/index.jsp?pageId=3&id=57366&cid=1294,2020,10/2020,2026-10-08T09:32:22Z
921,126/2020/NĐ-CP,19/10/2020,Chính phủ,Quyết định chi tiết một số điều của Luật Quản lý thuế,40549,305,10,HAI_PHONG,null,05/12/2020,,https://www.customs.gov.vn/index.jsp?pageId=3&id=40549&cid=1294,2020,10/2020,2026-10-08T09:32:22Z
922,128/2020/NÐ-CP,19/10/2020,Chính phủ,Nghị định quy định xử phạt vi phạm hành chính trong lĩnh vực hải quan,56849,305,8,TP_HO_CHI_MINH,Nguyễn Xuân Phúc,10/12/2020,https://files.customs.gov.vn/CustomsCMS/TP_HO_CHI_MINH/2020/Web/Data/DocumentAttachments/128_2020_ND-CP.doc,https://www.customs.gov.vn/index.jsp?pageId=3&id=56849&cid=1294,2020,10/2020,2026-10-08T09:32:22Z
923,2030/HQĐNa-GSQL,19/10/2020,Cục Hải Quan tỉnh Đồng Nai,"Kiểm tra, giám sát về sở hữu trí tuệ đối với hàng hóa xuất khẩu, nhập khẩu mang nhãn hiệu ""RP7"", ""SELLEYS"" (Cty TNHH Nippon Paint Việt Nam)",67050,305,16,DONG_NAI,null,null,https://files.customs.gov.vn/DONG_NAI//Data/Cv_Hqdn/2030_HQDNa_GSQL_19_10_2020.pdf,https://www.customs.gov.vn/index.jsp?pageId=3&id=67050&cid=1294,2020,10/2020,2026-10-08T09:32:22Z
924,6737/TCHQ-CNTT,19/10/2020,Tổng cục hải quan,"Triển khai, cung cấp dịch vụ công trực tuyến mới",67053,305,16,DONG_NAI,null,null,https://files.customs.gov.vn/DONG_NAI//Data/CV_TCHQ/6737_TCHQ_CNTT_19_10_2020.PDF,https://www.customs.gov.vn/index.jsp?pageId=3&id=67053&cid=1294,2020,10/2020,2026-10-08T09:32:22Z
925,6751/TCHQ-TXNK,19/10/2020,Tổng cục hải quan,Hướng dẫn thủ tục (Công ty Cổ phần Silkroad Vina,67051,305,16,DONG_NAI,null,null,,https://www.customs.gov.vn/index.jsp?pageId=3&id=67051&cid=1294,2020,10/2020,2026-10-08T09:32:22Z
926,126/2020/NĐ-CP,16/10/2020,null,NGHỊ ĐỊNH 126/2020/NĐ-CP VỀ HƯỚNG DẪN LUẬT QUẢN LÝ THUẾ,76856,305,8,DA_NANG,Nguyễn Xuân Phúc,05/12/2020,https://files.customs.gov.vn/DA_NANG/Uploads/65e32243-11bf-4695-985d-c1563e8c13ba/1_Nghị định 126-2020 qd Luật qly thue.pdf,https://www.customs.gov.vn/index.jsp?pageId=3&id=76856&cid=1294,2020,10/2020,2026-10-08T09:32:22Z
927,2590/QÐ-TCHQ,16/10/2020,Tổng cục hải quan,Về việc thu hồi mã số nhân viên đại lý làm thủ tục hải quan,58626,305,10,TP_HO_CHI_MINH,Âu Anh Tuấn,16/10/2020,https://files.customs.gov.vn/CustomsCMS/TP_HO_CHI_MINH/2020/Web/Data/DocumentAttachments/Vanban_2590.PDF,https://www.customs.gov.vn/index.jsp?pageId=3&id=58626&cid=1294,2020,10/2020,2026-10-08T09:32:22Z
928,2591/QÐ-TCHQ,16/10/2020,Tổng cục hải quan,Về việc thu hồi mã số nhân viên đại lý làm thủ tục hải quan,54196,305,10,TP_HO_CHI_MINH,Âu Anh Tuấn,16/10/2020,https://files.customs.gov.vn/CustomsCMS/TP_HO_CHI_MINH/2020/Web/Data/DocumentAttachments/Vanban_2591.PDF,https://www.customs.gov.vn/index.jsp?pageId=3&id=54196&cid=1294,2020,10/2020,2026-10-08T09:32:22Z
929,613/QĐ-HQNA,16/10/2020,Cục Hải quan tỉnh Nghệ An,"Quyết định về việc gia hạn địa điểm kiểm tra hàng hóa tại cơ sở sản xuất, nhà máy",39970,305,10,NGHE_AN,Nguyễn Văn Viễn,16/10/2020,https://files.customs.gov.vn/CustomsCMS/NGHE_AN/2020/11/2/613-HQNA.pdf,https://www.customs.gov.vn/index.jsp?pageId=3&id=39970&cid=1294,2020,10/2020,2026-10-08T09:32:22Z
930,6688/TCHQ-TXNK,16/10/2020,Tổng cục hải quan,V/v hàng hóa nhập khẩu theo điều ước quốc tế,57946,305,16,TP_HO_CHI_MINH,Lưu Mạnh Tưởng,16/10/2020,https://files.customs.gov.vn/CustomsCMS/TP_HO_CHI_MINH/2020/Web/Data/DocumentAttachments/CV6688TCHQ2020.PDF,https://www.customs.gov.vn/index.jsp?pageId=3&id=57946&cid=1294,2020,10/2020,2026-10-08T09:32:22Z
931,6689/TCHQ-TXNK,16/10/2020,Tổng cục hải quan,V/v hàng hóa nhập khẩu theo điều ước quốc tế,54673,305,16,TP_HO_CHI_MINH,Lưu Mạnh Tưởng,16/10/2020,https://files.customs.gov.vn/CustomsCMS/TP_HO_CHI_MINH/2020/Web/Data/DocumentAttachments/CV6689TCHQ2020.PDF,https://www.customs.gov.vn/index.jsp?pageId=3&id=54673&cid=1294,2020,10/2020,2026-10-08T09:32:22Z
932,6709/TCHQ-TXNK,16/10/2020,Tổng cục hải quan,V/v thuế GTGT đối với trang thiết bị y tế,54483,305,16,TP_HO_CHI_MINH,Lê Mạnh Hùng,16/10/2020,https://files.customs.gov.vn/CustomsCMS/TP_HO_CHI_MINH/2020/Web/Data/DocumentAttachments/CV6709TCHQ2020.PDF,https://www.customs.gov.vn/index.jsp?pageId=3&id=54483&cid=1294,2020,10/2020,2026-10-08T09:32:22Z
933,3000/HQHCM-GSQL,15/10/2020,Bộ Thương Mại,V/v chuyển tiêu thụ nội địa rượu thành phẩm,55732,305,16,TP_HO_CHI_MINH,Lê Xuân Mỹ,15/10/2020,https://files.customs.gov.vn/CustomsCMS/TP_HO_CHI_MINH/2020/Web/Data/DocumentAttachments/Vanban_3000.pdf,https://www.customs.gov.vn/index.jsp?pageId=3&id=55732&cid=1294,2020,10/2020,2026-10-08T09:32:22Z
934,3001/HQHCM-GSQL,15/10/2020,Bộ Thương Mại,V/v nhập khẩu cá rồng,52909,305,16,TP_HO_CHI_MINH,Lê Xuân Mỹ,15/10/2020,https://files.customs.gov.vn/CustomsCMS/TP_HO_CHI_MINH/2020/Web/Data/DocumentAttachments/Vanban_3001.pdf,https://www.customs.gov.vn/index.jsp?pageId=3&id=52909&cid=1294,2020,10/2020,2026-10-08T09:32:22Z
935,3002/HQHCM-GSQL,15/10/2020,Bộ Thương Mại,V/v áp dụng phương thức kiểm tra giảm đối với mặt hàng kiểm tra an toàn thực phẩm,53072,305,16,TP_HO_CHI_MINH,Lê Xuân Mỹ,15/10/2020,https://files.customs.gov.vn/CustomsCMS/TP_HO_CHI_MINH/2020/Web/Data/DocumentAttachments/Vanban_3002.pdf,https://www.customs.gov.vn/index.jsp?pageId=3&id=53072&cid=1294,2020,10/2020,2026-10-08T09:32:22Z
936,6658/TCHQ-TXNK,15/10/2020,Tổng cục hải quan,V/v thuế GTGT đối với trang thiết bị y tế,52341,305,16,TP_HO_CHI_MINH,Lê Mạnh Hùng,15/10/2020,https://files.customs.gov.vn/CustomsCMS/TP_HO_CHI_MINH/2020/Web/Data/DocumentAttachments/CV6658TCHQ2020.PDF,https://www.customs.gov.vn/index.jsp?pageId=3&id=52341&cid=1294,2020,10/2020,2026-10-08T09:32:22Z
937,6676/TCHQ-TXNK,15/10/2020,Tổng cục hải quan,V/v thuế nhập khẩu hệ thống giá đỡ xoay các dự án nhà máy điện mặt trời,56882,305,16,TP_HO_CHI_MINH,Lê Mạnh Hùng,15/10/2020,https://files.customs.gov.vn/CustomsCMS/TP_HO_CHI_MINH/2020/Web/Data/DocumentAttachments/CV6676TCHQ2020.PDF,https://www.customs.gov.vn/index.jsp?pageId=3&id=56882&cid=1294,2020,10/2020,2026-10-08T09:32:22Z
938,6677/TCHQ-TXNK,15/10/2020,Tổng cục hải quan,V/v thuế GTGT đối với trang thiết bị y tế,54182,305,16,TP_HO_CHI_MINH,Lê Mạnh Hùng,15/10/2020,https://files.customs.gov.vn/CustomsCMS/TP_HO_CHI_MINH/2020/Web/Data/DocumentAttachments/CV6677TCHQ2020.PDF,https://www.customs.gov.vn/index.jsp?pageId=3&id=54182&cid=1294,2020,10/2020,2026-10-08T09:32:22Z
939,6679/TB-TCHQ,15/10/2020,Tổng cục hải quan,"Thuốc thú y chứa hoạt chất nicarbazin và kháng sinh monensin, dạng bột đã tạo hạt, sử dụng đường uống, đóng gói 20kg/bao.",55930,305,16,TP_HO_CHI_MINH,Lưu Mạnh Tưởng,15/10/2020,https://files.customs.gov.vn/CustomsCMS/TP_HO_CHI_MINH/2020/Web/Data/DocumentAttachments/Vanban_6679.PDF,https://www.customs.gov.vn/index.jsp?pageId=3&id=55930&cid=1294,2020,10/2020,2026-10-08T09:32:22Z
940,6680/TB-TCHQ,15/10/2020,Tổng cục hải quan,"Chế phẩm dạng kem, đóng gói 50ml/tuýp/hộp, thành phần chứa hỗn hợp cetylated fatty acid, cyclotetradecane, heptacosane, glycerol tricaprylate, hương liệu,... chỉ định để hỗ trợ điều trị các bệnh khớp gây ra do viêm khớp, cải thiện chức năng vận động và giảm đau",55210,305,16,TP_HO_CHI_MINH,Lưu Mạnh Tưởng,15/10/2020,https://files.customs.gov.vn/CustomsCMS/TP_HO_CHI_MINH/2020/Web/Data/DocumentAttachments/Vanban_6680.PDF,https://www.customs.gov.vn/index.jsp?pageId=3&id=55210&cid=1294,2020,10/2020,2026-10-08T09:32:22Z
941,2984/HQHCM-GSQL,14/10/2020,Bộ Thương Mại,V/v tự chứng nhận xuất xứ,56739,305,16,TP_HO_CHI_MINH,Phan Minh Lê,14/10/2020,https://files.customs.gov.vn/CustomsCMS/TP_HO_CHI_MINH/2020/Web/Data/DocumentAttachments/Vanban_2984.pdf,https://www.customs.gov.vn/index.jsp?pageId=3&id=56739&cid=1294,2020,10/2020,2026-10-08T09:32:22Z
942,2985/HQHCM-GSQL,14/10/2020,Bộ Thương Mại,V/v nộp C/O sau khi có kết quả phân tích phân loại,56900,305,16,TP_HO_CHI_MINH,Phan Minh Lê,14/10/2020,https://files.customs.gov.vn/CustomsCMS/TP_HO_CHI_MINH/2020/Web/Data/DocumentAttachments/Vanban_2985.pdf,https://www.customs.gov.vn/index.jsp?pageId=3&id=56900&cid=1294,2020,10/2020,2026-10-08T09:32:22Z
943,2986/HQHCM-GSQL,14/10/2020,Bộ Thương Mại,V/v xác minh C/O mẫu AK,55736,305,16,TP_HO_CHI_MINH,Phan Minh Lê,14/10/2020,https://files.customs.gov.vn/CustomsCMS/TP_HO_CHI_MINH/2020/Web/Data/DocumentAttachments/Vanban_2986.pdf,https://www.customs.gov.vn/index.jsp?pageId=3&id=55736&cid=1294,2020,10/2020,2026-10-08T09:32:22Z
944,6626/TCHQ-TXNK,14/10/2020,Tổng cục hải quan,V/v phân loại hàng hóa,53012,305,16,TP_HO_CHI_MINH,Đào Thu Hương,14/10/2020,https://files.customs.gov.vn/CustomsCMS/TP_HO_CHI_MINH/2020/Web/Data/DocumentAttachments/CV6626TCHQ2020.PDF,https://www.customs.gov.vn/index.jsp?pageId=3&id=53012&cid=1294,2020,10/2020,2026-10-08T09:32:22Z
945,203/TB-HQĐNa,13/10/2020,Cục Hải Quan tỉnh Đồng Nai,Triển khai Hệ thống quản lý hải quan tự động (VASSCM),67048,305,16,DONG_NAI,null,null,https://files.customs.gov.vn/DONG_NAI//Data/Cv_Hqdn/203_TB_HQDNa_13_10_2020.pdf,https://www.customs.gov.vn/index.jsp?pageId=3&id=67048&cid=1294,2020,10/2020,2026-10-08T09:32:22Z
946,2965/HQHCM-GSQL,13/10/2020,Bộ Thương Mại,V/v xem xét tính hợp lệ của C/O mẫu E,58020,305,16,TP_HO_CHI_MINH,Phan Minh Lê,13/10/2020,https://files.customs.gov.vn/CustomsCMS/TP_HO_CHI_MINH/2020/Web/Data/DocumentAttachments/Vanban_2965.pdf,https://www.customs.gov.vn/index.jsp?pageId=3&id=58020&cid=1294,2020,10/2020,2026-10-08T09:32:22Z
947,2966/HQHCM-GSQL,13/10/2020,Bộ Thương Mại,V/v C/O mẫu E hết thời hạn hiệu lực,58926,305,16,TP_HO_CHI_MINH,Phan Minh Lê,13/10/2020,https://files.customs.gov.vn/CustomsCMS/TP_HO_CHI_MINH/2020/Web/Data/DocumentAttachments/Vanban_2966.pdf,https://www.customs.gov.vn/index.jsp?pageId=3&id=58926&cid=1294,2020,10/2020,2026-10-08T09:32:22Z
948,2968/HQHCM-GSQL,13/10/2020,Bộ Thương Mại,V/v Nhãn hiệu hàng hóa liên quan đến sở hữu trí tuệ,54815,305,16,TP_HO_CHI_MINH,Lê Xuân Mỹ,13/10/2020,https://files.customs.gov.vn/CustomsCMS/TP_HO_CHI_MINH/2020/Web/Data/DocumentAttachments/Vanban_2968.pdf,https://www.customs.gov.vn/index.jsp?pageId=3&id=54815&cid=1294,2020,10/2020,2026-10-08T09:32:22Z
949,2980/HQHCM-GSQL,13/10/2020,Tổng cục hải quan,V/v vướng mắc thủ tục nhập khẩu thuốc nguyên liệu làm thuốc theo công văn số 6068/TCHQ-GSQL ngày 16/9/2020,54304,305,16,TP_HO_CHI_MINH,Lê Xuân Mỹ,13/10/2020,,https://www.customs.gov.vn/index.jsp?pageId=3&id=54304&cid=1294,2020,10/2020,2026-10-08T09:32:22Z
950,6601/TCHQ-TXNK,13/10/2020,Tổng cục hải quan,V/v hàng hóa nhập khẩu theo hạn ngạch thuế quan của Công ty TNHH Gaz Thành Đạt,52656,305,16,TP_HO_CHI_MINH,Đào Thu Hương,13/10/2020,https://files.customs.gov.vn/CustomsCMS/TP_HO_CHI_MINH/2020/Web/Data/DocumentAttachments/CV6601TCHQ2020.PDF,https://www.customs.gov.vn/index.jsp?pageId=3&id=52656&cid=1294,2020,10/2020,2026-10-08T09:32:22Z
951,2952/HQHCM-TXNK,12/10/2020,Bộ Thương Mại,V/v áp dụng thuế suất thuế nhập khẩu,52277,305,16,TP_HO_CHI_MINH,Nguyễn Quốc Toản,12/10/2020,https://files.customs.gov.vn/CustomsCMS/TP_HO_CHI_MINH/2020/Web/Data/DocumentAttachments/Vanban_2952.pdf,https://www.customs.gov.vn/index.jsp?pageId=3&id=52277&cid=1294,2020,10/2020,2026-10-08T09:32:22Z
952,1016/HQTTH-NV,08/10/2020,Tổng cục hải quan,V/v mất Danh mục hàng hoá miễn thuế,61092,305,16,BINH_DUONG,null,08/10/2020,https://files.customs.gov.vn/BINH_DUONG/CMS/Lists/VanBanPhapQuy_VN/Attachments/4580/1016HQTTH-NV-2020.pdf,https://www.customs.gov.vn/index.jsp?pageId=3&id=61092&cid=1294,2020,10/2020,2026-10-08T09:32:22Z
953,2529/QÐ-TCHQ,08/10/2020,Tổng cục hải quan,Về việc thu hồi mã số nhân viên đại lý làm thủ tục hải quan,57544,305,10,TP_HO_CHI_MINH,Âu Anh Tuấn,08/10/2020,https://files.customs.gov.vn/CustomsCMS/TP_HO_CHI_MINH/2020/Web/Data/DocumentAttachments/Vanban_2529.pdf,https://www.customs.gov.vn/index.jsp?pageId=3&id=57544&cid=1294,2020,10/2020,2026-10-08T09:32:22Z
954,2530/QÐ-TCHQ,08/10/2020,Tổng cục hải quan,Về việc thu hồi mã số nhân viên đại lý làm thủ tục hải quan,53263,305,10,TP_HO_CHI_MINH,Âu Anh Tuấn,08/10/2020,https://files.customs.gov.vn/CustomsCMS/TP_HO_CHI_MINH/2020/Web/Data/DocumentAttachments/Vanban_2530.pdf,https://www.customs.gov.vn/index.jsp?pageId=3&id=53263&cid=1294,2020,10/2020,2026-10-08T09:32:22Z
955,2531/QÐ-TCHQ,08/10/2020,Tổng cục hải quan,Về việc chấm dứt hoạt động đại lý làm thủ tục hải quan,52543,305,10,TP_HO_CHI_MINH,Âu Anh Tuấn,08/10/2020,https://files.customs.gov.vn/CustomsCMS/TP_HO_CHI_MINH/2020/Web/Data/DocumentAttachments/Vanban_2531.pdf,https://www.customs.gov.vn/index.jsp?pageId=3&id=52543&cid=1294,2020,10/2020,2026-10-08T09:32:22Z
956,2534/QÐ-TCHQ,08/10/2020,Tổng cục hải quan,Về việc công nhận hoạt động đại lý làm thủ tục hải quan,55421,305,10,TP_HO_CHI_MINH,Âu Anh Tuấn,08/10/2020,https://files.customs.gov.vn/CustomsCMS/TP_HO_CHI_MINH/2020/Web/Data/DocumentAttachments/Vanban_2534.pdf,https://www.customs.gov.vn/index.jsp?pageId=3&id=55421&cid=1294,2020,10/2020,2026-10-08T09:32:22Z
957,6529/TCHQ-TXNK,08/10/2020,Tổng cục hải quan,V/v hoàn thuế hàng NK sau đó XK,53078,305,16,TP_HO_CHI_MINH,Lưu Mạnh Tưởng,08/10/2020,https://files.customs.gov.vn/CustomsCMS/TP_HO_CHI_MINH/2020/Web/Data/DocumentAttachments/CV6529TCHQ2020.PDF,https://www.customs.gov.vn/index.jsp?pageId=3&id=53078&cid=1294,2020,10/2020,2026-10-08T09:32:22Z
958,07/TB-THQVN,07/10/2020,Tổng cục hải quan,"Tổ chức Lớp Bồi dưỡng, cập nhật kiến thức về Quy tắc xuất xứ trong các Hiệp định Thương mại tự do thế hệ mới",67047,305,16,DONG_NAI,null,null,https://files.customs.gov.vn/DONG_NAI//Data/CV_TCHQ/562_TB_THQVN_07_10_2020.PDF,https://www.customs.gov.vn/index.jsp?pageId=3&id=67047&cid=1294,2020,10/2020,2026-10-08T09:32:22Z
959,1267/KĐ3,06/10/2020,Tổng cục hải quan,"Thông báo kết quả phân tích kèm mã số hàng hóa (1267, 1270...1276)",60386,305,16,TONG_CUC,Nguyễn Xuân Cường,06/10/2020,https://files.customs.gov.vn/van_ban_phap_luat/Lists/VanBanPhapLuat/Attachments/13502/52062_1267-1270--1276-KD3.PDF,https://www.customs.gov.vn/index.jsp?pageId=3&id=60386&cid=1294,2020,10/2020,2026-10-08T09:32:22Z
960,2902/HQHCM-GSQL,06/10/2020,Bộ Thương Mại,V/v vướng mắc thủ tục dán nhãn năng lượng và kiểm tra hiệu suất năng lượng,52644,305,16,TP_HO_CHI_MINH,Lê Xuân Mỹ,06/10/2020,https://files.customs.gov.vn/CustomsCMS/TP_HO_CHI_MINH/2020/Web/Data/DocumentAttachments/Vanban_2902.pdf,https://www.customs.gov.vn/index.jsp?pageId=3&id=52644&cid=1294,2020,10/2020,2026-10-08T09:32:22Z
961,6495/TCHQ-TXNK,06/10/2020,Tổng cục hải quan,V/v mã HS mặt hàng gioăng cao su,58400,305,16,TP_HO_CHI_MINH,Đào Thu Hương,06/10/2020,https://files.customs.gov.vn/CustomsCMS/TP_HO_CHI_MINH/2020/Web/Data/DocumentAttachments/CV6495TCHQ2020.PDF,https://www.customs.gov.vn/index.jsp?pageId=3&id=58400&cid=1294,2020,10/2020,2026-10-08T09:32:22Z
962,2488/QÐ-TCHQ,05/10/2020,Tổng cục hải quan,Về việc thu hồi mã số nhân viên đại lý làm thủ tục hải quan,54482,305,10,TP_HO_CHI_MINH,Âu Anh Tuấn,05/10/2020,https://files.customs.gov.vn/CustomsCMS/TP_HO_CHI_MINH/2020/Web/Data/DocumentAttachments/Vanban_2488.PDF,https://www.customs.gov.vn/index.jsp?pageId=3&id=54482&cid=1294,2020,10/2020,2026-10-08T09:32:22Z
963,2854/HQHCM-GSQL,05/10/2020,Bộ Thương Mại,V/v trả lời Công văn số 2809/2020-TRA ngày 28/9/2020,54337,305,16,TP_HO_CHI_MINH,Lê Xuân Mỹ,05/10/2020,https://files.customs.gov.vn/CustomsCMS/TP_HO_CHI_MINH/2020/Web/Data/DocumentAttachments/Vanban_2854.pdf,https://www.customs.gov.vn/index.jsp?pageId=3&id=54337&cid=1294,2020,10/2020,2026-10-08T09:32:22Z
964,2878/HQHCM-GSQL,05/10/2020,Bộ Thương Mại,V/v trả lời kiến nghị của doanh nghiệp trên Hệ thống thông tin Chính phủ,52933,305,16,TP_HO_CHI_MINH,Phan Minh Lê,05/10/2020,https://files.customs.gov.vn/CustomsCMS/TP_HO_CHI_MINH/2020/Web/Data/DocumentAttachments/Vanban_2878.pdf,https://www.customs.gov.vn/index.jsp?pageId=3&id=52933&cid=1294,2020,10/2020,2026-10-08T09:32:22Z
965,2879/HQHCM-GSQL,05/10/2020,Bộ Thương Mại,V/v trả lời công văn số 10/2020/CV-NSX ngày 09/9/2020 và 12/2020/CV-NSX ngày 29/9/2020,54745,305,16,TP_HO_CHI_MINH,Phan Minh Lê,05/10/2020,https://files.customs.gov.vn/CustomsCMS/TP_HO_CHI_MINH/2020/Web/Data/DocumentAttachments/Vanban_2879.pdf,https://www.customs.gov.vn/index.jsp?pageId=3&id=54745&cid=1294,2020,10/2020,2026-10-08T09:32:22Z
966,2880/HQHCM-GSQL,05/10/2020,Bộ Thương Mại,V/v thông quan thuốc theo hướng dẫn tại công văn số 6068/TCHQ-GSQL ngày 16/9/2020,54154,305,16,TP_HO_CHI_MINH,Lê Xuân Mỹ,05/10/2020,https://files.customs.gov.vn/CustomsCMS/TP_HO_CHI_MINH/2020/Web/Data/DocumentAttachments/Vanban_2880.pdf,https://www.customs.gov.vn/index.jsp?pageId=3&id=54154&cid=1294,2020,10/2020,2026-10-08T09:32:22Z
967,2883/HQHCM-GSQL,05/10/2020,Bộ Thương Mại,V/v trả lời công văn số 01/CV/TGNH về chứng nhận xuất xứ hàng hóa EVFTA,57685,305,16,TP_HO_CHI_MINH,Lê Xuân Mỹ,05/10/2020,https://files.customs.gov.vn/CustomsCMS/TP_HO_CHI_MINH/2020/Web/Data/DocumentAttachments/Vanban_2883.pdf,https://www.customs.gov.vn/index.jsp?pageId=3&id=57685&cid=1294,2020,10/2020,2026-10-08T09:32:22Z
968,2884/HQHCM-GSQL,05/10/2020,Bộ Thương Mại,V/v thể hiện thông tin trên ô số 9 của giấy chứng nhận xuất xứ form AI,58734,305,16,TP_HO_CHI_MINH,Lê Xuân Mỹ,05/10/2020,https://files.customs.gov.vn/CustomsCMS/TP_HO_CHI_MINH/2020/Web/Data/DocumentAttachments/Vanban_2884.pdf,https://www.customs.gov.vn/index.jsp?pageId=3&id=58734&cid=1294,2020,10/2020,2026-10-08T09:32:22Z
969,2886/HQHCM-GSQL,05/10/2020,Bộ Thương Mại,V/v trả lời công văn số 1061/09/2020/CV-NDFC về thu hồi và nộp bổ sung C/O form E,54254,305,16,TP_HO_CHI_MINH,Lê Xuân Mỹ,05/10/2020,https://files.customs.gov.vn/CustomsCMS/TP_HO_CHI_MINH/2020/Web/Data/DocumentAttachments/Vanban_2886.pdf,https://www.customs.gov.vn/index.jsp?pageId=3&id=54254&cid=1294,2020,10/2020,2026-10-08T09:32:22Z
970,6408/TCHQ-CNTT,05/10/2020,Tổng cục hải quan,triển khai các thủ tục của Bộ Y tế trên Cơ chế một cửa quốc gia,61634,305,16,BA_RIA_VUNG_TAU,Nguyễn Dương Thái,01/10/2020,https://files.customs.gov.vn/BA_RIA_VUNG_TAU/uploads/document/2705/191981_Vanban_6408(1).pdf,https://www.customs.gov.vn/index.jsp?pageId=3&id=61634&cid=1294,2020,10/2020,2026-10-08T09:32:22Z
971,679/TB-KĐ6,05/10/2020,Tổng cục hải quan,Thông báo số 679/TB-KĐ6 về kết quả phân tích kèm mã số hàng hóa từ 679-682,60385,305,16,TONG_CUC,Chu Minh Hải,05/10/2020,https://files.customs.gov.vn/van_ban_phap_luat/Lists/VanBanPhapLuat/Attachments/13501/52061_679-KD6 .PDF,https://www.customs.gov.vn/index.jsp?pageId=3&id=60385&cid=1294,2020,10/2020,2026-10-08T09:32:22Z
972,2846/HQHCM-GSQL,02/10/2020,Bộ Thương Mại,"V/v kinh doanh tạm nhập, tái xuất thuốc lá điếu",54964,305,16,TP_HO_CHI_MINH,Lê Xuân Mỹ,02/10/2020,https://files.customs.gov.vn/CustomsCMS/TP_HO_CHI_MINH/2020/Web/Data/DocumentAttachments/Vanban_2846.pdf,https://www.customs.gov.vn/index.jsp?pageId=3&id=54964&cid=1294,2020,10/2020,2026-10-08T09:32:22Z
973,6429/TB-TCHQ,02/10/2020,Tổng cục hải quan,"Sản phẩm từ nhựa Polypropylen hình khuôn mặt, đã được cắt tạo hình tại vị trí mắt, mũi, miệng và được dập nhiều lỗ tròn nhỏ",57716,305,16,TP_HO_CHI_MINH,Lưu Mạnh Tưởng,02/10/2020,https://files.customs.gov.vn/CustomsCMS/TP_HO_CHI_MINH/2020/Web/Data/DocumentAttachments/Vanban_6429.PDF,https://www.customs.gov.vn/index.jsp?pageId=3&id=57716&cid=1294,2020,10/2020,2026-10-08T09:32:22Z
974,1912/HQĐNa-GSQL,01/10/2020,Cục Hải Quan tỉnh Đồng Nai,Đăng ký khai báo hải quan mặt hàng găng tay cách điện (Cty TNHH Ngân Anh Phát),67046,305,16,DONG_NAI,null,null,https://files.customs.gov.vn/DONG_NAI//Data/Cv_Hqdn/1912_HQDNa_GSQL_01_10_2020.pdf,https://www.customs.gov.vn/index.jsp?pageId=3&id=67046&cid=1294,2020,10/2020,2026-10-08T09:32:22Z
975,6410/TCHQ-TXNK,01/10/2020,Tổng cục hải quan,V/v xử lý thuế đối với hàng nhập khẩu để sản xuất xuất khẩu,54457,305,16,TP_HO_CHI_MINH,Lê Mạnh Hùng,01/10/2020,https://files.customs.gov.vn/CustomsCMS/TP_HO_CHI_MINH/2020/Web/Data/DocumentAttachments/CV6410TCHQ2020.PDF,https://www.customs.gov.vn/index.jsp?pageId=3&id=54457&cid=1294,2020,10/2020,2026-10-08T09:32:22Z
976,31/2020/TT-BCT,30/11/2020,null,"Sửa đổi, bổ sung một số điều của Thông tư 13/2018/TT-BCT ngày 16/6/2018 quy định về quản lý, sử dụng vật liệu nổ công nghiệp, tiền chất thuốc nổ sử dụng để sản xuất vật liệu nổ công nghiệp",76869,305,4,DA_NANG,Trần Tuấn Anh,15/01/2021,https://files.customs.gov.vn/DA_NANG/Uploads/65e32243-11bf-4695-985d-c1563e8c13ba/31_2020 BCT.pdf,https://www.customs.gov.vn/index.jsp?pageId=3&id=76869&cid=1294,2020,11/2020,2026-10-08T09:32:22Z
977,3489/HQHCM-GSQL,30/11/2020,Bộ Thương Mại,V/v giấy phép hàng nhập khẩu,57569,305,16,TP_HO_CHI_MINH,Lê Xuân Mỹ,30/11/2020,https://files.customs.gov.vn/CustomsCMS/TP_HO_CHI_MINH/2020/Web/Data/DocumentAttachments/Vanban_3489.pdf,https://www.customs.gov.vn/index.jsp?pageId=3&id=57569&cid=1294,2020,11/2020,2026-10-08T09:32:22Z
978,3494/HQHCM-GSQL,30/11/2020,Bộ Thương Mại,V/v vi phạm nhãn hiệu hàng hóa,55119,305,16,TP_HO_CHI_MINH,Lê Xuân Mỹ,30/11/2020,https://files.customs.gov.vn/CustomsCMS/TP_HO_CHI_MINH/2020/Web/Data/DocumentAttachments/Vanban_3494.pdf,https://www.customs.gov.vn/index.jsp?pageId=3&id=55119&cid=1294,2020,11/2020,2026-10-08T09:32:22Z
979,3495/HQHCM-GSQL,30/11/2020,Bộ Thương Mại,V/v trả lời công văn số 06 nộp C/O mẫu E không đúng thời hạn quy định,58152,305,16,TP_HO_CHI_MINH,Lê Xuân Mỹ,30/11/2020,https://files.customs.gov.vn/CustomsCMS/TP_HO_CHI_MINH/2020/Web/Data/DocumentAttachments/Vanban_3495.pdf,https://www.customs.gov.vn/index.jsp?pageId=3&id=58152&cid=1294,2020,11/2020,2026-10-08T09:32:22Z
980,3496/HQHCM-GSQL,30/11/2020,Bộ Thương Mại,V/v trả lời công văn số 21/2020/CV-XNK về chứng nhận xuất xứ EVFTA,55981,305,16,TP_HO_CHI_MINH,Lê Xuân Mỹ,30/11/2020,https://files.customs.gov.vn/CustomsCMS/TP_HO_CHI_MINH/2020/Web/Data/DocumentAttachments/Vanban_3496.pdf,https://www.customs.gov.vn/index.jsp?pageId=3&id=55981&cid=1294,2020,11/2020,2026-10-08T09:32:22Z
981,3497/HQHCM-GSQL,30/11/2020,Bộ Thương Mại,V/v tên người ký khai báo tự chứng nhận xuất xứ EVFTA thể hiện bằng chữ viết tay.,54936,305,16,TP_HO_CHI_MINH,Lê Xuân Mỹ,30/11/2020,https://files.customs.gov.vn/CustomsCMS/TP_HO_CHI_MINH/2020/Web/Data/DocumentAttachments/Vanban_3497.pdf,https://www.customs.gov.vn/index.jsp?pageId=3&id=54936&cid=1294,2020,11/2020,2026-10-08T09:32:22Z
982,3498/HQHCM-GSQL,30/11/2020,Bộ Thương Mại,V/v trả lời công văn số 0111/2020CASTROL về C/O mẫu D cấp sau,53522,305,16,TP_HO_CHI_MINH,Lê Xuân Mỹ,30/11/2020,https://files.customs.gov.vn/CustomsCMS/TP_HO_CHI_MINH/2020/Web/Data/DocumentAttachments/Vanban_3498.pdf,https://www.customs.gov.vn/index.jsp?pageId=3&id=53522&cid=1294,2020,11/2020,2026-10-08T09:32:22Z
983,3499/HQHCM-GSQL,30/11/2020,Bộ Thương Mại,V/v trả lời công văn số 18/CO/2020 về đóng nhầm dấu sao y bản chính trên C/O form E bản chính,57675,305,16,TP_HO_CHI_MINH,Lê Xuân Mỹ,30/11/2020,https://files.customs.gov.vn/CustomsCMS/TP_HO_CHI_MINH/2020/Web/Data/DocumentAttachments/Vanban_3499.pdf,https://www.customs.gov.vn/index.jsp?pageId=3&id=57675&cid=1294,2020,11/2020,2026-10-08T09:32:22Z
984,3704/GSQL-GQ1,30/11/2020,null,Thông báo cơ quan kiểm tra nhà nước đối với thực phẩm nhập khẩu,76849,305,16,DA_NANG,Vũ Lê Quân,30/11/2020,https://files.customs.gov.vn/DA_NANG/Uploads/65e32243-11bf-4695-985d-c1563e8c13ba/3704_2020_GSQL (thông báo cơ quan KTNN thực phẩm NK).pdf,https://www.customs.gov.vn/index.jsp?pageId=3&id=76849&cid=1294,2020,11/2020,2026-10-08T09:32:22Z
985,103/2020/TT-BTC,26/11/2020,Bộ Tài chính,Bãi bỏ một số văn bản quy phạm pháp luật do Bộ trưởng Bộ Tài chính ban hành và liên tịch ban hành,61096,305,4,BINH_DUONG,null,26/11/2020,https://files.customs.gov.vn/BINH_DUONG/CMS/Lists/VanBanPhapQuy_VN/Attachments/4613/103_2020TT-BTC.pdf,https://www.customs.gov.vn/index.jsp?pageId=3&id=61096&cid=1294,2020,11/2020,2026-10-08T09:32:22Z
986,30/2020/TT-BCT,26/11/2020,Bộ và ngang bộ,Thông tư số 30/2020/TT-BCT ngày 26/11/2020 của Bộ trưởng Bộ Công Thương hướng dẫn thực hiện Hiệp định Thương mại tự do giữa Cộng hòa xã hội chủ nghĩa Việt Nam và Liên minh châu Âu về phòng vệ thương mại,60457,305,4,TONG_CUC,Trần Tuấn Anh,11/01/2021,https://files.customs.gov.vn/van_ban_phap_luat/Lists/VanBanPhapLuat/Attachments/13599/TT30-BCT2020.pdf,https://www.customs.gov.vn/index.jsp?pageId=3&id=60457&cid=1294,2020,11/2020,2026-10-08T09:32:22Z
987,3450/HQHCM-GSQL,26/11/2020,Bộ Thương Mại,V/v lựa chọn thực hiện hoặc không thực hiện thủ tục hải quan,53180,305,16,TP_HO_CHI_MINH,Phan Minh Lê,26/11/2020,https://files.customs.gov.vn/CustomsCMS/TP_HO_CHI_MINH/2020/Web/Data/DocumentAttachments/Vanban_3450.pdf,https://www.customs.gov.vn/index.jsp?pageId=3&id=53180&cid=1294,2020,11/2020,2026-10-08T09:32:22Z
988,3454/HQHCM-TXNK,26/11/2020,Bộ Thương Mại,V/v hướng dẫn thủ tục nhập khẩu và phân loại mặt hàng “Máy tăm nước”,56288,305,16,TP_HO_CHI_MINH,Nguyễn Quốc Toản,26/11/2020,https://files.customs.gov.vn/CustomsCMS/TP_HO_CHI_MINH/2020/Web/Data/DocumentAttachments/Vanban_3454.pdf,https://www.customs.gov.vn/index.jsp?pageId=3&id=56288&cid=1294,2020,11/2020,2026-10-08T09:32:22Z
989,392/QĐ-HQCT,26/11/2020,null,"Thành lập Tổ hỗ trợ triển khai Hệ thống miễn thuế, giảm thuế, hoàn thuế, không thu thuế và xử lý tiền thuế nộp thừa điện tử của Cục Hải quan TP. Cần Thơ",67516,305,18,CAN_THO,null,26/11/2020,https://files.customs.gov.vn/CAN_THO/392_QD-HQCT.signed.pdf,https://www.customs.gov.vn/index.jsp?pageId=3&id=67516&cid=1294,2020,11/2020,2026-10-08T09:32:22Z
990,6907/TCHQ-TXNK,26/11/2020,Tổng cục hải quan,"V/v thuế GTGT thiết bị, dụng cụ chuyên dùng cho y tế",58589,305,16,TP_HO_CHI_MINH,Lê Mạnh Hùng,26/11/2020,https://files.customs.gov.vn/CustomsCMS/TP_HO_CHI_MINH/2020/Web/Data/DocumentAttachments/CV6907TCHQ2020.PDF,https://www.customs.gov.vn/index.jsp?pageId=3&id=58589&cid=1294,2020,11/2020,2026-10-08T09:32:22Z
991,3281/QÐ-TCHQ,24/11/2020,Tổng cục hải quan,Về việc thu hồi mã số nhân viên đại lý làm thủ tục hải quan,52641,305,10,TP_HO_CHI_MINH,Âu Anh Tuấn,24/11/2020,https://files.customs.gov.vn/CustomsCMS/TP_HO_CHI_MINH/2020/Web/Data/DocumentAttachments/Vanban_3281.PDF,https://www.customs.gov.vn/index.jsp?pageId=3&id=52641&cid=1294,2020,11/2020,2026-10-08T09:32:22Z
992,3427/HQHCM-GSQL,24/11/2020,Bộ Thương Mại,V/v thực thì cơ chế tự chứng nhận xuất xứ hàng hóa toàn ASEAN,53540,305,16,TP_HO_CHI_MINH,Phan Minh Lê,24/11/2020,https://files.customs.gov.vn/CustomsCMS/TP_HO_CHI_MINH/2020/Web/Data/DocumentAttachments/Vanban_3427.pdf,https://www.customs.gov.vn/index.jsp?pageId=3&id=53540&cid=1294,2020,11/2020,2026-10-08T09:32:22Z
993,3428/HQHCM-GSQL,24/11/2020,Bộ Thương Mại,V/v thực thi cơ chế tự chứng nhận xuất xứ hàng hóa toàn ASEAN,56740,305,16,TP_HO_CHI_MINH,Phan Minh Lê,24/11/2020,https://files.customs.gov.vn/CustomsCMS/TP_HO_CHI_MINH/2020/Web/Data/DocumentAttachments/Vanban_3428.pdf,https://www.customs.gov.vn/index.jsp?pageId=3&id=56740&cid=1294,2020,11/2020,2026-10-08T09:32:22Z
994,3432/HQHCM-GSQL,24/11/2020,Bộ Thương Mại,V/v hướng dẫn thủ tục nhập khẩu thiết bị bay không người lái,56295,305,16,TP_HO_CHI_MINH,Phan Minh Lê,24/11/2020,https://files.customs.gov.vn/CustomsCMS/TP_HO_CHI_MINH/2020/Web/Data/DocumentAttachments/Vanban_3432.pdf,https://www.customs.gov.vn/index.jsp?pageId=3&id=56295&cid=1294,2020,11/2020,2026-10-08T09:32:22Z
995,3436/HQHCM-GSQL,24/11/2020,Bộ Thương Mại,V/v hướng dẫn thủ tục hải quan cho Công ty Nidec VN Corporation,53154,305,16,TP_HO_CHI_MINH,Lê Xuân Mỹ,24/11/2020,https://files.customs.gov.vn/CustomsCMS/TP_HO_CHI_MINH/2020/Web/Data/DocumentAttachments/Vanban_3436.pdf,https://www.customs.gov.vn/index.jsp?pageId=3&id=53154&cid=1294,2020,11/2020,2026-10-08T09:32:22Z
996,3437/HQHCM-GSQL,24/11/2020,Bộ Thương Mại,V/v hướng dẫn thủ tục hải quan cho Hội Mỹ nghệ và Chế biến Gỗ TP.HCM (HAWA),57595,305,16,TP_HO_CHI_MINH,Lê Xuân Mỹ,24/11/2020,https://files.customs.gov.vn/CustomsCMS/TP_HO_CHI_MINH/2020/Web/Data/DocumentAttachments/Vanban_3437.pdf,https://www.customs.gov.vn/index.jsp?pageId=3&id=57595&cid=1294,2020,11/2020,2026-10-08T09:32:22Z
997,14302/BTC-CST,23/11/2020,Bộ Tài chính,"Thuế giá trị gia tăng, thuế xuất khẩu đối với mặt hàng đạm Urê xuất khẩu (Tổng Công ty Phân bón và Hóa Chất Dầu khí)",44403,305,16,QUANG_BINH,Phạm Đình Thi,null,https://files.customs.gov.vn/CustomsCMS/QUANG_BINH/2021/7/15/VBDI_1430223112020143100.PDF,https://www.customs.gov.vn/index.jsp?pageId=3&id=44403&cid=1294,2020,11/2020,2026-10-08T09:32:22Z
998,3023/QĐ-BCT,20/11/2020,null,Về kết quả rà soát lần thứ nhất việc áp dụng biện pháp chống bán phá giá đối với sản phẩm thép mạ.,40550,305,10,HAI_PHONG,null,25/10/2020,https://files.customs.gov.vn/CustomsCMS/HAI_PHONG/2020/12/8/Vanban_3023.pdf,https://www.customs.gov.vn/index.jsp?pageId=3&id=40550&cid=1294,2020,11/2020,2026-10-08T09:32:22Z
999,3024/QĐ-BCT,20/11/2020,null,Về kết quả rà soát lần thứ nhất việc áp dụng biện pháp chống bán phá giá đối với một số sản phẩm thép hình chữ H.,40551,305,10,HAI_PHONG,null,25/10/2020,,https://www.customs.gov.vn/index.jsp?pageId=3&id=40551&cid=1294,2020,11/2020,2026-10-08T09:32:22Z
1000,3382/HQHCM-GSQL,19/11/2020,Bộ Thương Mại,V/v trả lời Công ty TNHH Ngân Anh Phát,55470,305,16,TP_HO_CHI_MINH,Lê Xuân Mỹ,19/11/2020,https://files.customs.gov.vn/CustomsCMS/TP_HO_CHI_MINH/2020/Web/Data/DocumentAttachments/Vanban_3382.pdf,https://www.customs.gov.vn/index.jsp?pageId=3&id=55470&cid=1294,2020,11/2020,2026-10-08T09:32:22Z
1001,3384/HQHCM-TXNK,19/11/2020,Bộ Thương Mại,V/v thuế suất thuế NK theo chương trình ưu đãi thuế CNHT ôtô,57850,305,16,TP_HO_CHI_MINH,Nguyễn Quốc Toản,19/11/2020,https://files.customs.gov.vn/CustomsCMS/TP_HO_CHI_MINH/2020/Web/Data/DocumentAttachments/Vanban_3384.pdf,https://www.customs.gov.vn/index.jsp?pageId=3&id=57850&cid=1294,2020,11/2020,2026-10-08T09:32:22Z
1002,7373/TCHQ-TXNK,19/11/2020,Tổng cục hải quan,"V/v triển khai hệ thống miễn, giảm, hoàn, không thu thuế, xử lý tiền thuế nộp thừa điện tử",52389,305,16,TP_HO_CHI_MINH,Lưu Mạnh Tưởng,19/11/2020,https://files.customs.gov.vn/CustomsCMS/TP_HO_CHI_MINH/2020/Web/Data/DocumentAttachments/MGT_7373.pdf,https://www.customs.gov.vn/index.jsp?pageId=3&id=52389&cid=1294,2020,11/2020,2026-10-08T09:32:22Z
1003,3207/QÐ-TCHQ,18/11/2020,Tổng cục hải quan,Về việc thay đổi thông tin đại lý làm thủ tục hải quan,58427,305,10,TP_HO_CHI_MINH,Âu Anh Tuấn,18/11/2020,https://files.customs.gov.vn/CustomsCMS/TP_HO_CHI_MINH/2020/Web/Data/DocumentAttachments/Vanban_3207.PDF,https://www.customs.gov.vn/index.jsp?pageId=3&id=58427&cid=1294,2020,11/2020,2026-10-08T09:32:22Z
1004,3208/QÐ-TCHQ,18/11/2020,Tổng cục hải quan,Về việc chấm dứt hoạt động đại lý làm thủ tục hải quan,54871,305,10,TP_HO_CHI_MINH,Âu Anh Tuấn,18/11/2020,https://files.customs.gov.vn/CustomsCMS/TP_HO_CHI_MINH/2020/Web/Data/DocumentAttachments/Vanban_3208.PDF,https://www.customs.gov.vn/index.jsp?pageId=3&id=54871&cid=1294,2020,11/2020,2026-10-08T09:32:22Z
1005,3209/QÐ-TCHQ,18/11/2020,Tổng cục hải quan,Về việc công nhận hoạt động đại lý làm thủ tục hải quan,53958,305,10,TP_HO_CHI_MINH,Âu Anh Tuấn,18/11/2020,https://files.customs.gov.vn/CustomsCMS/TP_HO_CHI_MINH/2020/Web/Data/DocumentAttachments/Vanban_3209.PDF,https://www.customs.gov.vn/index.jsp?pageId=3&id=53958&cid=1294,2020,11/2020,2026-10-08T09:32:22Z
1006,7339/TCHQ-TXNK,18/11/2020,null,Phân loại mặt hàng Hexamethylene diamine carbamate,76846,305,16,DA_NANG,Lưu Mạnh Tưởng,18/11/2020,https://files.customs.gov.vn/DA_NANG/Uploads/65e32243-11bf-4695-985d-c1563e8c13ba/_7339.pdf,https://www.customs.gov.vn/index.jsp?pageId=3&id=76846&cid=1294,2020,11/2020,2026-10-08T09:32:22Z
1007,240/TB-HQĐNa,17/11/2020,Cục Hải Quan tỉnh Đồng Nai,Lựa chọn Tổ chức đấu giá tài sản,67064,305,16,DONG_NAI,null,null,https://files.customs.gov.vn/DONG_NAI//Data/Cv_Hqdn/240_TB_HQDNa_17_11_2020.pdf,https://www.customs.gov.vn/index.jsp?pageId=3&id=67064&cid=1294,2020,11/2020,2026-10-08T09:32:22Z
1008,3191/QĐ-TCHQ,17/11/2020,Tổng cục hải quan,Quyết định số 3191/QĐ-TCHQ ngày 17/11/2020 của Tổng cục Hải quan Ban hành kế hoạch hợp tác và hội nhập quốc tế của Hải quan Việt Nam giai đoạn 2021-2025,60438,305,10,TONG_CUC,Nguyễn Văn Cẩn,17/11/2020,https://files.customs.gov.vn/van_ban_phap_luat/Lists/VanBanPhapLuat/Attachments/13577/QD31912020TCHQ.PDF,https://www.customs.gov.vn/index.jsp?pageId=3&id=60438&cid=1294,2020,11/2020,2026-10-08T09:32:22Z
1009,3361/HQHCM-GSQL,17/11/2020,Bộ Thương Mại,V/v xuất khẩu máy móc đã nhập khẩu tạo tài sản cố định,52826,305,16,TP_HO_CHI_MINH,Lê Xuân Mỹ,17/11/2020,https://files.customs.gov.vn/CustomsCMS/TP_HO_CHI_MINH/2020/Web/Data/DocumentAttachments/Vanban_3361.pdf,https://www.customs.gov.vn/index.jsp?pageId=3&id=52826&cid=1294,2020,11/2020,2026-10-08T09:32:22Z
1010,3362/HQHCM-GSQL,17/11/2020,Bộ Thương Mại,V/v thủ tục xuất nhập khẩu tại chỗ,54657,305,16,TP_HO_CHI_MINH,Lê Xuân Mỹ,17/11/2020,https://files.customs.gov.vn/CustomsCMS/TP_HO_CHI_MINH/2020/Web/Data/DocumentAttachments/Vanban_3362.pdf,https://www.customs.gov.vn/index.jsp?pageId=3&id=54657&cid=1294,2020,11/2020,2026-10-08T09:32:22Z
1011,3115/QĐ-BKHCN,13/11/2020,null,"Sửa đổi, bổ sung Quyết định số 3810/QĐ-BKHCN về việc Công bố sản phẩm nhóm 2 thuộc trách nhiệm của Bộ Khoa học và Công nghệ",76843,305,10,DA_NANG,Lê Xuân Định,13/11/2020,https://files.customs.gov.vn/DA_NANG/Uploads/65e32243-11bf-4695-985d-c1563e8c13ba/3115_QĐ-BKHCN.pdf,https://www.customs.gov.vn/index.jsp?pageId=3&id=76843&cid=1294,2020,11/2020,2026-10-08T09:32:22Z
1012,3159/QÐ-TCHQ,13/11/2020,Tổng cục hải quan,Về việc công nhận hoạt động đại lý làm thủ tục hải quan,54841,305,10,TP_HO_CHI_MINH,Âu Anh Tuấn,13/11/2020,https://files.customs.gov.vn/CustomsCMS/TP_HO_CHI_MINH/2020/Web/Data/DocumentAttachments/Vanban_3159.PDF,https://www.customs.gov.vn/index.jsp?pageId=3&id=54841&cid=1294,2020,11/2020,2026-10-08T09:32:22Z
1013,3160/QÐ-TCHQ,13/11/2020,Tổng cục hải quan,Về việc công nhận hoạt động đại lý làm thủ tục hải quan,55327,305,10,TP_HO_CHI_MINH,Âu Anh Tuấn,13/11/2020,https://files.customs.gov.vn/CustomsCMS/TP_HO_CHI_MINH/2020/Web/Data/DocumentAttachments/Vanban_3160.PDF,https://www.customs.gov.vn/index.jsp?pageId=3&id=55327&cid=1294,2020,11/2020,2026-10-08T09:32:22Z
1014,3161/QÐ-TCHQ,13/11/2020,Tổng cục hải quan,Về việc tạm dừng hoạt động đại lý làm thủ tục hải quan,56831,305,10,TP_HO_CHI_MINH,Âu Anh Tuấn,13/11/2020,https://files.customs.gov.vn/CustomsCMS/TP_HO_CHI_MINH/2020/Web/Data/DocumentAttachments/Vanban_3161.PDF,https://www.customs.gov.vn/index.jsp?pageId=3&id=56831&cid=1294,2020,11/2020,2026-10-08T09:32:22Z
1015,3162/QÐ-TCHQ,13/11/2020,Tổng cục hải quan,Về việc thay đổi thông tin đại lý làm thủ tục hải quan,55168,305,10,TP_HO_CHI_MINH,Âu Anh Tuấn,13/11/2020,https://files.customs.gov.vn/CustomsCMS/TP_HO_CHI_MINH/2020/Web/Data/DocumentAttachments/Vanban_3162.PDF,https://www.customs.gov.vn/index.jsp?pageId=3&id=55168&cid=1294,2020,11/2020,2026-10-08T09:32:22Z
1016,3163/QÐ-TCHQ,13/11/2020,Tổng cục hải quan,Về việc thu hồi mã số nhân viên đại lý làm thủ tục hải quan,52461,305,10,TP_HO_CHI_MINH,Âu Anh Tuấn,13/11/2020,https://files.customs.gov.vn/CustomsCMS/TP_HO_CHI_MINH/2020/Web/Data/DocumentAttachments/Vanban_3163.PDF,https://www.customs.gov.vn/index.jsp?pageId=3&id=52461&cid=1294,2020,11/2020,2026-10-08T09:32:22Z
1017,67/2020/QH14,13/11/2020,Quốc hội,"Sửa đổi, bổ sung một số của Luật xử lý vi phạm hành chính",42517,305,13,CAO_BANG,null,01/01/2022,https://files.customs.gov.vn/CustomsCMS/CAO_BANG/2021/4/8/LUAT SUA DOI LUAT XLVPHC 2012 CHUAN.PDF,https://www.customs.gov.vn/index.jsp?pageId=3&id=42517&cid=1294,2020,11/2020,2026-10-08T09:32:22Z
1018,3143/QÐ-TCHQ,12/11/2020,Tổng cục hải quan,Về việc thu hồi mã số nhân viên đại lý làm thủ tục hải quan,54504,305,10,TP_HO_CHI_MINH,Âu Anh Tuấn,12/11/2020,https://files.customs.gov.vn/CustomsCMS/TP_HO_CHI_MINH/2020/Web/Data/DocumentAttachments/Vanban_3143.PDF,https://www.customs.gov.vn/index.jsp?pageId=3&id=54504&cid=1294,2020,11/2020,2026-10-08T09:32:22Z
1019,3337/HQHCM-GSQL,12/11/2020,Bộ Thương Mại,V/v hướng dẫn thủ tục hải quan cho Công ty TNHH VINAWOOD,57361,305,16,TP_HO_CHI_MINH,Lê Xuân Mỹ,12/11/2020,https://files.customs.gov.vn/CustomsCMS/TP_HO_CHI_MINH/2020/Web/Data/DocumentAttachments/Vanban_3337.pdf,https://www.customs.gov.vn/index.jsp?pageId=3&id=57361&cid=1294,2020,11/2020,2026-10-08T09:32:22Z
1020,169/NQ-CP,11/11/2020,Chính phủ,Nghị quyết số 169/NQ-CP ngày 11/11/2020 của Chính phủ v/v phiên họp Chính phủ thường kỳ tháng 10/2020,60519,305,7,TONG_CUC,Nguyễn Xuân Phúc,11/11/2020,https://files.customs.gov.vn/van_ban_phap_luat/Lists/VanBanPhapLuat/Attachments/13671/NQ169-CP2020.PDF,https://www.customs.gov.vn/index.jsp?pageId=3&id=60519&cid=1294,2020,11/2020,2026-10-08T09:32:22Z
1021,3074/QĐ-TCH,11/11/2020,Tổng cục hải quan,Quyết định số 3074/QĐ-TCHQ ngày 11/11/2020 của Tổng cục Hải quan về việc thu hẹp kho hàng không kéo dài của Công ty cổ phần tiếp vận thế kỷ.,60434,305,10,TONG_CUC,null,11/11/2020,https://files.customs.gov.vn/van_ban_phap_luat/Lists/VanBanPhapLuat/Attachments/13572/3074-QD-TCHQ-2020.pdf,https://www.customs.gov.vn/index.jsp?pageId=3&id=60434&cid=1294,2020,11/2020,2026-10-08T09:32:22Z
1022,3299/HQHCM-TXNK,11/11/2020,Bộ Thương Mại,V/v trả lời công văn số 2710/CV-CMCo,54615,305,16,TP_HO_CHI_MINH,Nguyễn Quốc Toản,11/11/2020,https://files.customs.gov.vn/CustomsCMS/TP_HO_CHI_MINH/2020/Web/Data/DocumentAttachments/Vanban_3299.pdf,https://www.customs.gov.vn/index.jsp?pageId=3&id=54615&cid=1294,2020,11/2020,2026-10-08T09:32:22Z
1023,3303/HQHCM-GSQL,11/11/2020,Bộ Thương Mại,V/v mở tờ khai nhập khẩu tại chỗ,58352,305,16,TP_HO_CHI_MINH,Lê Xuân Mỹ,11/11/2020,https://files.customs.gov.vn/CustomsCMS/TP_HO_CHI_MINH/2020/Web/Data/DocumentAttachments/Vanban_3303.pdf,https://www.customs.gov.vn/index.jsp?pageId=3&id=58352&cid=1294,2020,11/2020,2026-10-08T09:32:22Z
1024,3318/HQHCM-GSQL,11/11/2020,Bộ Thương Mại,V/v kiểm tra hàng hóa tại chân công trình hoặc cơ sở sản xuất,57306,305,16,TP_HO_CHI_MINH,Lê Xuân Mỹ,11/11/2020,https://files.customs.gov.vn/CustomsCMS/TP_HO_CHI_MINH/2020/Web/Data/DocumentAttachments/Vanban_3318.pdf,https://www.customs.gov.vn/index.jsp?pageId=3&id=57306&cid=1294,2020,11/2020,2026-10-08T09:32:22Z
1025,3319/HQHCM-GSQL,11/11/2020,Bộ Thương Mại,V/v xử lý phế phẩm sau gia công,58811,305,16,TP_HO_CHI_MINH,Lê Xuân Mỹ,11/11/2020,https://files.customs.gov.vn/CustomsCMS/TP_HO_CHI_MINH/2020/Web/Data/DocumentAttachments/Vanban_3319.pdf,https://www.customs.gov.vn/index.jsp?pageId=3&id=58811&cid=1294,2020,11/2020,2026-10-08T09:32:22Z
1026,66/2020/QH14,11/11/2020,Quốc hội,Luật Biên phòng,42518,305,13,CAO_BANG,null,01/01/2022,https://files.customs.gov.vn/CustomsCMS/CAO_BANG/2021/4/8/LUAT BPVN.DOCX,https://www.customs.gov.vn/index.jsp?pageId=3&id=42518&cid=1294,2020,11/2020,2026-10-08T09:32:22Z
1027,7213/TB-TCHQ,11/11/2020,Tổng cục hải quan,"Sản phẩm từ polypropylene, đã được tạo gai một mặt, dạng dải, kích thước: dày ~ 0,3mm, rộng ~ 25mm. Công dụng: dùng làm dải dán gai một mặt cho tã lót.",52870,305,16,TP_HO_CHI_MINH,Lưu Mạnh Tưởng,11/11/2020,https://files.customs.gov.vn/CustomsCMS/TP_HO_CHI_MINH/2020/Web/Data/DocumentAttachments/Vanban_7213.PDF,https://www.customs.gov.vn/index.jsp?pageId=3&id=52870&cid=1294,2020,11/2020,2026-10-08T09:32:22Z
1028,90/2020/TT-BTC,11/11/2020,Khác,Ngày 11/11/2020 Bộ Tài chính ban hành Thông tư số 90/2020/TT-BTC Thông tư Quy định các Biểu mẫu sử dụng để xử phạt vi phạm hành chính trong lĩnh vực hải quan có hiệu lực từ ngày 26/12/2020,43576,305,18,GIA_LAI_KON_TUM,null,null,https://files.customs.gov.vn/CustomsCMS/GIA_LAI_KON_TUM/2021/04/files/THONG_TU_90_2020_TT_BTC_11112020_QUY_DINH_BIEU_MAU_SU_DUNG_XPVPHC_HAI_QUAN.docx,https://www.customs.gov.vn/index.jsp?pageId=3&id=43576&cid=1294,2020,11/2020,2026-10-08T09:32:22Z
1029,3067/QÐ-TCHQ,10/11/2020,Tổng cục hải quan,Về việc thay đổi thông tin đại lý làm thủ tục hải quan,55259,305,10,TP_HO_CHI_MINH,Âu Anh Tuấn,10/11/2020,https://files.customs.gov.vn/CustomsCMS/TP_HO_CHI_MINH/2020/Web/Data/DocumentAttachments/Vanban_3067.PDF,https://www.customs.gov.vn/index.jsp?pageId=3&id=55259&cid=1294,2020,11/2020,2026-10-08T09:32:22Z
1030,3295/HQHCM-GSQL,10/11/2020,Bộ Thương Mại,V/v chuyển tiêu thụ nội địa rượu thành phẩm,53875,305,16,TP_HO_CHI_MINH,Lê Xuân Mỹ,10/11/2020,https://files.customs.gov.vn/CustomsCMS/TP_HO_CHI_MINH/2020/Web/Data/DocumentAttachments/Vanban_3295.pdf,https://www.customs.gov.vn/index.jsp?pageId=3&id=53875&cid=1294,2020,11/2020,2026-10-08T09:32:22Z
1031,673/QĐ-HQNA,10/11/2020,Cục Hải quan tỉnh Nghệ An,"Quyết định v/v công nhận địa điểm kiểm tra hàng hóa tại cơ sở sản xuất, nhà máy",40269,305,10,NGHE_AN,Chu Quang Hải,10/11/2020,https://files.customs.gov.vn/CustomsCMS/NGHE_AN/2020/11/17/673-hqna.pdf,https://www.customs.gov.vn/index.jsp?pageId=3&id=40269&cid=1294,2020,11/2020,2026-10-08T09:32:22Z
1032,2163/HQĐNa-TXNK,09/11/2020,Cục Hải Quan tỉnh Đồng Nai,"Triển khai Hệ thống miễn thuế, giảm thuế, hoàn thuế, không thu thuế, xử lý tiền thuế nộp thừa điện tử",67062,305,16,DONG_NAI,null,null,https://files.customs.gov.vn/DONG_NAI//Data/Cv_Hqdn/2163_HQDNa_TXNK_09_11_2020.pdf,https://www.customs.gov.vn/index.jsp?pageId=3&id=67062&cid=1294,2020,11/2020,2026-10-08T09:32:22Z
1033,3274/HQHCM-GSQL,09/11/2020,Bộ Thương Mại,V/v trả lời Công ty TNHH MTV SX TM DV XNK Nhựa Việt Nhật,54422,305,16,TP_HO_CHI_MINH,Phan Minh Lê,09/11/2020,https://files.customs.gov.vn/CustomsCMS/TP_HO_CHI_MINH/2020/Web/Data/DocumentAttachments/Vanban_3274.pdf,https://www.customs.gov.vn/index.jsp?pageId=3&id=54422&cid=1294,2020,11/2020,2026-10-08T09:32:22Z
1034,7180/TCHQ-TXNK,09/11/2020,Tổng cục hải quan,Thời điểm điều chỉnh mã số mặt hàng Rong biện đã chế biến ( Công ty TNHH XNK TM Ngọc Yến),67063,305,16,DONG_NAI,null,null,,https://www.customs.gov.vn/index.jsp?pageId=3&id=67063&cid=1294,2020,11/2020,2026-10-08T09:32:22Z
1035,3252/HQHCM-GSQL,06/11/2020,Bộ Thương Mại,V/v về thông tin trên nhãn trang thiết bị y tế nhập khẩu,56029,305,16,TP_HO_CHI_MINH,Phan Minh Lê,06/11/2020,https://files.customs.gov.vn/CustomsCMS/TP_HO_CHI_MINH/2020/Web/Data/DocumentAttachments/Vanban_3252.pdf,https://www.customs.gov.vn/index.jsp?pageId=3&id=56029&cid=1294,2020,11/2020,2026-10-08T09:32:22Z
1036,7128/TCHQ-TXNK,06/11/2020,Tổng cục hải quan,V/v vướng mắc liên quan mặt hàng Bột hồng sâm,56175,305,16,TP_HO_CHI_MINH,Đào Thu Hương,06/11/2020,https://files.customs.gov.vn/CustomsCMS/TP_HO_CHI_MINH/2020/Web/Data/DocumentAttachments/CV7128TCHQ2020.PDF,https://www.customs.gov.vn/index.jsp?pageId=3&id=56175&cid=1294,2020,11/2020,2026-10-08T09:32:22Z
1037,7151/TCHQ-GSQL,06/11/2020,Tổng cục hải quan,Hàng hóa tạm nhập tái xuất và gửi kho ngoại quan (Công ty TNHH Xuất nhập khẩu Song Toàn),67061,305,16,DONG_NAI,null,null,,https://www.customs.gov.vn/index.jsp?pageId=3&id=67061&cid=1294,2020,11/2020,2026-10-08T09:32:22Z
1038,12051/TXNK-CST,05/11/2020,null,Áp dụng thuế chống bán phá giá,76841,305,16,DA_NANG,Lê Mạnh Hùng,05/11/2020,https://files.customs.gov.vn/DA_NANG/Uploads/65e32243-11bf-4695-985d-c1563e8c13ba/12051.pdf,https://www.customs.gov.vn/index.jsp?pageId=3&id=76841&cid=1294,2020,11/2020,2026-10-08T09:32:22Z
1039,3235/HQHCM-GSQL,05/11/2020,Bộ Thương Mại,V/v thủ tục TN-TX hàng hóa từ kho ngoại quan,54347,305,16,TP_HO_CHI_MINH,Lê Xuân Mỹ,05/11/2020,https://files.customs.gov.vn/CustomsCMS/TP_HO_CHI_MINH/2020/Web/Data/DocumentAttachments/Vanban_3235.pdf,https://www.customs.gov.vn/index.jsp?pageId=3&id=54347&cid=1294,2020,11/2020,2026-10-08T09:32:22Z
1040,7113/TCHQ-GSQL,05/11/2020,Tổng cục hải quan,"V/v đăng ký tờ khai hải quan một lần, XNK nhiều lần",58287,305,16,TP_HO_CHI_MINH,Mai Xuân Thành,05/11/2020,https://files.customs.gov.vn/CustomsCMS/TP_HO_CHI_MINH/2020/Web/Data/DocumentAttachments/CV71132020TCHQ.PDF,https://www.customs.gov.vn/index.jsp?pageId=3&id=58287&cid=1294,2020,11/2020,2026-10-08T09:32:22Z
1041,2869/QÐ-TCHQ,04/11/2020,Tổng cục hải quan,Về việc tiếp tục hoạt động đại lý làm thủ tục hải quan,53532,305,10,TP_HO_CHI_MINH,Âu Anh Tuấn,04/11/2020,https://files.customs.gov.vn/CustomsCMS/TP_HO_CHI_MINH/2020/Web/Data/DocumentAttachments/Vanban_2869.PDF,https://www.customs.gov.vn/index.jsp?pageId=3&id=53532&cid=1294,2020,11/2020,2026-10-08T09:32:22Z
1042,2870/QÐ-TCHQ,04/11/2020,Tổng cục hải quan,Về việc thay đổi thông tin đại lý làm thủ tục hải quan,58608,305,10,TP_HO_CHI_MINH,Âu Anh Tuấn,04/11/2020,https://files.customs.gov.vn/CustomsCMS/TP_HO_CHI_MINH/2020/Web/Data/DocumentAttachments/Vanban_2870.PDF,https://www.customs.gov.vn/index.jsp?pageId=3&id=58608&cid=1294,2020,11/2020,2026-10-08T09:32:22Z
1043,2870/QĐ-TCHQ,04/11/2020,Tổng cục hải quan,Quyết định số 2870/QĐ-TCHQ ngày 04/11/2020 của Tổng cục trưởng Tổng cục Hải quan Về việc thay đổi thông tin đại lý làm thủ tục hải quan đối với Công ty Cổ phần Thương mại - Dịch vụ Sài Gòn Tiến Đoàn,60431,305,10,TONG_CUC,Âu Anh Tuấn,04/11/2020,https://files.customs.gov.vn/van_ban_phap_luat/Lists/VanBanPhapLuat/Attachments/13569/QD2870TCHQ2020.PDF,https://www.customs.gov.vn/index.jsp?pageId=3&id=60431&cid=1294,2020,11/2020,2026-10-08T09:32:22Z
1044,2871/QÐ-TCHQ,04/11/2020,Tổng cục hải quan,Về việc thu hồi mã số nhân viên đại lý làm thủ tục hải quan,57997,305,10,TP_HO_CHI_MINH,Âu Anh Tuấn,04/11/2020,https://files.customs.gov.vn/CustomsCMS/TP_HO_CHI_MINH/2020/Web/Data/DocumentAttachments/Vanban_2871.PDF,https://www.customs.gov.vn/index.jsp?pageId=3&id=57997&cid=1294,2020,11/2020,2026-10-08T09:32:22Z
1045,2871/QĐ-TCHQ,04/11/2020,Chính phủ,Quyết định số 2871/QĐ-TCHQ ngày 04/11/2020 của Tổng cục trưởng Tổng cục Hải quan Về việc thu hồi mã số nhân viên đại lý làm thủ tục hải quan,60432,305,10,TONG_CUC,Âu Anh Tuấn,04/11/2020,https://files.customs.gov.vn/van_ban_phap_luat/Lists/VanBanPhapLuat/Attachments/13570/QD2871TCHQ2020.PDF,https://www.customs.gov.vn/index.jsp?pageId=3&id=60432&cid=1294,2020,11/2020,2026-10-08T09:32:22Z
1046,3221/HQHCM-GSQL,04/11/2020,Bộ Thương Mại,V/v nhập khẩu nguyên liệu giấy để sản xuất hàng XK có in sẵn dòng chữ “Made in Vietnam” và nhập mỹ phẩm SXXK,52728,305,16,TP_HO_CHI_MINH,Phan Minh Lê,04/11/2020,https://files.customs.gov.vn/CustomsCMS/TP_HO_CHI_MINH/2020/Web/Data/DocumentAttachments/Vanban_3221.pdf,https://www.customs.gov.vn/index.jsp?pageId=3&id=52728&cid=1294,2020,11/2020,2026-10-08T09:32:22Z
1047,3222/HQHCM-GSQL,04/11/2020,Bộ Thương Mại,V/v ghi nhãn mỹ phẩm nhập khẩu,52846,305,16,TP_HO_CHI_MINH,Phan Minh Lê,04/11/2020,https://files.customs.gov.vn/CustomsCMS/TP_HO_CHI_MINH/2020/Web/Data/DocumentAttachments/Vanban_3222.pdf,https://www.customs.gov.vn/index.jsp?pageId=3&id=52846&cid=1294,2020,11/2020,2026-10-08T09:32:22Z
1048,3224/HQHCM-GSQL,04/11/2020,Bộ Thương Mại,V/v hướng dẫn thực hiện công văn 6693/TCHQ-GSQL,55708,305,16,TP_HO_CHI_MINH,Phan Minh Lê,04/11/2020,https://files.customs.gov.vn/CustomsCMS/TP_HO_CHI_MINH/2020/Web/Data/DocumentAttachments/Vanban_3224.pdf,https://www.customs.gov.vn/index.jsp?pageId=3&id=55708&cid=1294,2020,11/2020,2026-10-08T09:32:22Z
1049,3225/HQHCM-GSQL,04/11/2020,Bộ Thương Mại,V/v thay đổi tên cơ sở sản xuất hoặc cơ sở đóng gói trên Phiếu kiểm nghiệm thuốc,53336,305,16,TP_HO_CHI_MINH,Phan Minh Lê,04/11/2020,https://files.customs.gov.vn/CustomsCMS/TP_HO_CHI_MINH/2020/Web/Data/DocumentAttachments/Vanban_3225.pdf,https://www.customs.gov.vn/index.jsp?pageId=3&id=53336&cid=1294,2020,11/2020,2026-10-08T09:32:22Z
1050,7092/TCHQ-TXNK,04/11/2020,Tổng cục hải quan,V/v mã số HS mặt hàng Apivit,55695,305,16,TP_HO_CHI_MINH,Đào Thu Hương,04/11/2020,https://files.customs.gov.vn/CustomsCMS/TP_HO_CHI_MINH/2020/Web/Data/DocumentAttachments/CV7092TCHQ2020.PDF,https://www.customs.gov.vn/index.jsp?pageId=3&id=55695&cid=1294,2020,11/2020,2026-10-08T09:32:22Z
1051,2462/QĐ-BTC,03/11/2020,Bộ Tài chính,Công bố Danh mục thông tin được công khai theo quy định của Luật Tiếp cận thông tin thuộc trách nhiệm của Bộ Tài chính,61635,305,10,BA_RIA_VUNG_TAU,Đinh Tiến Dũng,28/12/2018,"https://files.customs.gov.vn/BA_RIA_VUNG_TAU/uploads/document/2707/QUYET DINH 2462_QD_BTC 28122018 DANH MUC THONG TIN DUOC CONG KHAI.docx,/BA_RIA_VUNG_TAU/uploads/document/2707/DANH MUC THONG TIN CONG KHAI THEO QD 2462_QD_BTC 28122018.xlsx",https://www.customs.gov.vn/index.jsp?pageId=3&id=61635&cid=1294,2020,11/2020,2026-10-08T09:32:22Z
1052,2866/QÐ-TCHQ,03/11/2020,Tổng cục hải quan,Về việc thay đổi thông tin đại lý làm thủ tục hải quan,55456,305,10,TP_HO_CHI_MINH,Âu Anh Tuấn,03/11/2020,https://files.customs.gov.vn/CustomsCMS/TP_HO_CHI_MINH/2020/Web/Data/DocumentAttachments/Vanban_2866.PDF,https://www.customs.gov.vn/index.jsp?pageId=3&id=55456&cid=1294,2020,11/2020,2026-10-08T09:32:22Z
1053,7078/TCHQ-TXNK,03/11/2020,Tổng cục hải quan,V/v hoàn thuế,52725,305,16,TP_HO_CHI_MINH,Lê Mạnh Hùng,03/11/2020,https://files.customs.gov.vn/CustomsCMS/TP_HO_CHI_MINH/2020/Web/Data/DocumentAttachments/CV7078TCHQ2020.PDF,https://www.customs.gov.vn/index.jsp?pageId=3&id=52725&cid=1294,2020,11/2020,2026-10-08T09:32:22Z
