stt,so_hieu,ngay_ban_hanh,co_quan_ban_hanh,noi_dung_tom_tat,ma_noi_bo,linh_vuc,loai_van_ban,chuyen_trang,nguoi_ky,ngay_hieu_luc,pdf_url,url_chi_tiet,nam,nam_thang,crawled_at
1,136/TB-HQĐT,22/01/2025,Cục Hải quan tỉnh Đồng Tháp,Thông báo lịch tiếp công dân định kỳ tháng 02/2025,98797,305,19,DONG_THAP,null,null,https://files.customs.gov.vn/CustomsCMS/DONG_THAP/2025/2/4/517136-TB-HQDT.pdf,https://www.customs.gov.vn/index.jsp?pageId=3&id=98797&cid=1294,2025,01/2025,2026-10-08T09:33:47Z
2,224/KL-HQQN,21/01/2025,Cục Hải quan tỉnh Quảng Ninh,"Kết luận thanh tra về việc thanh tra tại Tổng Công ty Rau quả, Nông sản - Công ty cổ phẩn",98585,305,18,QUANG_NINH,Trịnh Văn Nhuận,21/01/2025,https://files.customs.gov.vn/CustomsCMS/QUANG_NINH/2025/1/23/KL thanh kiem tra.pdf,https://www.customs.gov.vn/index.jsp?pageId=3&id=98585&cid=1294,2025,01/2025,2026-10-08T09:33:47Z
3,45/QĐ-HQHT,21/01/2025,Cục Hải quan tỉnh Hà Tĩnh,Về việc công bố công khai điều chỉnh dự toán chi ngân sách nhà nước năm 2024 của Cục HQHT,98578,305,10,HA_TINH,Đ/c Bùi Thanh San,21/01/2025,,https://www.customs.gov.vn/index.jsp?pageId=3&id=98578&cid=1294,2025,01/2025,2026-10-08T09:33:47Z
4,46/QĐ-HQHT,21/01/2025,Cục Hải quan tỉnh Hà Tĩnh,"Về việc công bố công khai giao dự toán thu, chi ngân sách nhà nước năm 2025 cho Cục Hài quan tỉnh Hà Tĩnh",98577,305,10,HA_TINH,null,null,https://files.customs.gov.vn/CustomsCMS/HA_TINH/2025/1/21/46 QĐ_0001.signed.pdf,https://www.customs.gov.vn/index.jsp?pageId=3&id=98577&cid=1294,2025,01/2025,2026-10-08T09:33:47Z
5,168/ĐT-ĐNVĐTKD,16/01/2025,Chi cục Hải quan Quản lý Hàng Đầu tư,Triển khai các quy định về Danh mục hàng hóa miễn thuế,98551,305,16,TP_HO_CHI_MINH,null,null,https://files.customs.gov.vn/CustomsCMS/TP_HO_CHI_MINH/2025/1/21/168.signed.pdf,https://www.customs.gov.vn/index.jsp?pageId=3&id=98551&cid=1294,2025,01/2025,2026-10-08T09:33:47Z
6,61/QĐ-TCHQ,16/01/2025,Tổng cục Hải quan,Về việc thu hồi mã số nhân viên đại lý làm thủ tục hải quan,98563,305,10,TONG_CUC,Âu Anh Tuấn,null,https://files.customs.gov.vn/CustomsCMS/TONG_CUC/2025/1/21/61.Thu hồi mã số - Cty TNHH NN MTV TM và XNK Viettel.pdf,https://www.customs.gov.vn/index.jsp?pageId=3&id=98563&cid=1294,2025,01/2025,2026-10-08T09:33:47Z
7,65/QĐ-TCHQ,16/01/2025,Tổng cục Hải quan,Về việc thu hồi mã số nhân viên đại lý làm thủ tục hải quan,98564,305,10,TONG_CUC,Âu Anh Tuấn,null,https://files.customs.gov.vn/CustomsCMS/TONG_CUC/2025/1/21/65. Quyết định thu hồi Công ty TNHH Đầu tư và Thương mại XNK Tomato.pdf,https://www.customs.gov.vn/index.jsp?pageId=3&id=98564&cid=1294,2025,01/2025,2026-10-08T09:33:47Z
8,71/QĐ-TCHQ,16/01/2025,Tổng cục Hải quan,"Về việc công nhận địa điểm tập kết, kiểm tra, giám sát tập trung đối với hàng bưu chính, chuyển phát nhanh",98562,305,10,TONG_CUC,Âu Anh Tuấn,null,"https://files.customs.gov.vn/CustomsCMS/TONG_CUC/2025/1/21/71. Cong nhan Dia diem...QĐ Cty Xuân Cương - Ga Đồng Đăng.pdf,/CustomsCMS/TONG_CUC/2025/1/21/71. Cong nhan Dia diem...Sơ đồ kèm theo QĐ.pdf",https://www.customs.gov.vn/index.jsp?pageId=3&id=98562&cid=1294,2025,01/2025,2026-10-08T09:33:47Z
9,72/QĐ-TCHQ,16/01/2025,Tổng cục Hải quan,Về việc thu hồi mã số nhân viên đại lý làm thủ tục hải quan,98566,305,10,TONG_CUC,Âu Anh Tuấn,null,https://files.customs.gov.vn/CustomsCMS/TONG_CUC/2025/1/21/72. Thu hoi MS.pdf,https://www.customs.gov.vn/index.jsp?pageId=3&id=98566&cid=1294,2025,01/2025,2026-10-08T09:33:47Z
10,75/QĐ-TCHQ,16/01/2025,Tổng cục Hải quan,Về việc chấm dứt hoạt động kho ngoại quan,98567,305,10,TONG_CUC,Âu Anh Tuấn,null,https://files.customs.gov.vn/CustomsCMS/TONG_CUC/2025/1/21/75.Cham dut KNQ. 2025.01.14.Cty Cổ phần Thương mại và Dịch vụ Trí Đức. Chấm dứt HĐ KNQ. QĐ KNQ.pdf,https://www.customs.gov.vn/index.jsp?pageId=3&id=98567&cid=1294,2025,01/2025,2026-10-08T09:33:47Z
11,104/HQĐNa-VP,15/01/2025,Cục Hải quan tỉnh Đồng Nai,V/v Thông báo nghỉ Tết âm lịch năm 2025 (Các doanh nghiệp),98413,305,16,DONG_NAI,null,null,https://files.customs.gov.vn/CustomsCMS/DONG_NAI/2025/1/16/104_HQDNa_VP_16_01_2025.pdf,https://www.customs.gov.vn/index.jsp?pageId=3&id=98413&cid=1294,2025,01/2025,2026-10-08T09:33:47Z
12,114/HQTPHCM-TVQT,13/01/2025,Cục Hải quan TP. Hồ Chí Minh - Phòng TVQT,V/v mời cung cấp bảng báo giá dịch vụ giám định tài sản là tang vật vi phạm hành chính bị tịch thu,98392,305,16,TP_HO_CHI_MINH,null,null,https://files.customs.gov.vn/CustomsCMS/TP_HO_CHI_MINH/2025/1/14/114.signed.pdf,https://www.customs.gov.vn/index.jsp?pageId=3&id=98392&cid=1294,2025,01/2025,2026-10-08T09:33:47Z
13,100/HQTPHCM-TVQT,10/01/2025,Cục Hải quan TP. Hồ Chí Minh - Phòng TVQT,V.v mời cung cấp bảng báo giá dịch vụ giám định tài sản là tang vật vi phạm hành hành chính tịch thu,98363,305,16,TP_HO_CHI_MINH,null,null,https://files.customs.gov.vn/CustomsCMS/TP_HO_CHI_MINH/2025/1/13/100.signed.pdf,https://www.customs.gov.vn/index.jsp?pageId=3&id=98363&cid=1294,2025,01/2025,2026-10-08T09:33:47Z
14,04/QĐ-HQKH,09/01/2025,Cục Hải quan tỉnh Khánh Hòa,"Quyết định công bố công khai giao dự toán thu, chi NSNN năm 2025 của Cục Hải quan tỉnh Khánh Hòa",98923,305,10,KHANH_HOA,null,null,https://files.customs.gov.vn/CustomsCMS/KHANH_HOA/2025/2/11/04-QD_cong_khai_giao_du_toan_thu_chi_NSNN2025.pdf,https://www.customs.gov.vn/index.jsp?pageId=3&id=98923&cid=1294,2025,01/2025,2026-10-08T09:33:47Z
15,39/KH-HQTPHCM,08/01/2025,Cục Hải quan TP Hồ Chí Minh,"Kế hoạch Cục Hải quan TP Hồ Chí Minh và cộng đồng doanh nghiệp là đối tác đồng hành, đổi mới, hiệu quả, phát triển đột phá",99484,305,18,TONG_CUC,null,null,https://files.customs.gov.vn/CustomsCMS/TONG_CUC/2025/3/12/39. KH HQ HCM v DN la doi tac...pdf,https://www.customs.gov.vn/index.jsp?pageId=3&id=99484&cid=1294,2025,01/2025,2026-10-08T09:33:47Z
16,59/TB-HQQN,07/01/2025,Cục Hải quan tỉnh Quảng Ninh,V/v bán chỉ định 316 tài sản thanh lý,98301,305,19,QUANG_NINH,Vũ Quý Hưng,null,https://files.customs.gov.vn/CustomsCMS/QUANG_NINH/2025/1/8/Thong bao Tai san.pdf,https://www.customs.gov.vn/index.jsp?pageId=3&id=98301&cid=1294,2025,01/2025,2026-10-08T09:33:47Z
17,02/2025/TT-BKHĐT,03/01/2025,Bộ Kế hoạch và Đầu tư,Thông tư số 02/2025/TT-BKHĐT ngày 03 tháng 01 năm 2025 của Bộ Kế hoạch và Đầu tư về việc quy định Bộ chỉ tiêu thống kê phát triển bền vững của Việt Nam,98315,305,4,TONG_CUC,Nguyễn Chí Dũng,null,https://files.customs.gov.vn/CustomsCMS/TONG_CUC/2025/1/9/TT02.2025.TT-BKHĐT.pdf,https://www.customs.gov.vn/index.jsp?pageId=3&id=98315&cid=1294,2025,01/2025,2026-10-08T09:33:47Z
18,90/QĐ-HQKH,28/02/2025,Cục Hải quan tỉnh Khánh Hòa,"Quyết định ban hành Kế hoạch thực hiện chương trình hành động thực hiện Nghị quyết số 03/NQ-CP ngày 09/01/2025 của Chính phủ ban hành Chương trình hành động của Chính phủ và Nghị quyết số 48/-NQ/TU ngày 20/02/2025 của Ban Chấp hành Đảng bộ tỉnh Khánh Hòa thực hiện Nghị quyết số 57-NQ/TW ngày 22/12/2024 của Bộ Chính trị về đột phá phát triển khoa học, cộng nghệ, đổi mới sáng tạo và chuyển đổi số quốc gia của Cục Hải quan tỉnh Khánh Hòa",99320,305,10,KHANH_HOA,null,null,https://files.customs.gov.vn/CustomsCMS/KHANH_HOA/2025/3/5/90-QD_KH_hanhdong_NQ03CDS.pdf,https://www.customs.gov.vn/index.jsp?pageId=3&id=99320&cid=1294,2025,02/2025,2026-10-08T09:33:47Z
19,67/QĐ-HQHT,27/02/2025,Cục Hải quan tỉnh Hà Tĩnh,Quyết định về việc công bố công khai quyết toán chi ngân sách nhà nước năm 2024 của Cục Hải quan tỉnh Hà Tĩnh,99195,305,10,HA_TINH,Đ/c Bùi Thanh San,null,https://files.customs.gov.vn/CustomsCMS/HA_TINH/2025/2/27/67 QĐ.signed.signed.pdf,https://www.customs.gov.vn/index.jsp?pageId=3&id=99195&cid=1294,2025,02/2025,2026-10-08T09:33:47Z
20,10/TB-TTĐGQN,26/02/2025,Trung tâm đấu giá Quảng Ninh,Thông báo đấu giá tài sản,99241,305,19,QUANG_NINH,Ngô Thế Giáp,null,https://files.customs.gov.vn/CustomsCMS/QUANG_NINH/2025/2/28/Thong bao dau gia 28.2.pdf,https://www.customs.gov.vn/index.jsp?pageId=3&id=99241&cid=1294,2025,02/2025,2026-10-08T09:33:47Z
21,382/QD-BTC,26/02/2025,Cục Hải quan,"Quy định chức năng, nhiệm vụ, quyền hạn và cơ cấu tổ chức của Cục Hải quan",99369,305,10,HA_NOI,null,null,https://files.customs.gov.vn/CustomsCMS/HA_NOI/2025/3/7/590382.2.pdf,https://www.customs.gov.vn/index.jsp?pageId=3&id=99369&cid=1294,2025,02/2025,2026-10-08T09:33:47Z
22,382/QĐ-BTC,26/02/2025,Bộ Tài chính,"Quyết định số 382/QĐ-BTC ngày 26/02/2025 của Bộ Tài chính quy định chức năng, nhiệm vụ, quyền hạn và cơ cấu tổ chức của Cục Hải quan",99301,305,10,TONG_CUC,Nguyễn Văn Thắng,01/03/2025,https://files.customs.gov.vn/CustomsCMS/TONG_CUC/2025/3/3/QD3822025BTC.pdf,https://www.customs.gov.vn/index.jsp?pageId=3&id=99301&cid=1294,2025,02/2025,2026-10-08T09:33:47Z
23,84/QĐ-HQKH,26/02/2025,Cục Hải quan tỉnh Khánh Hòa,Quyết định công bố công khai quyết toán chi NSNN năm 2024 của Cục Hải quan tỉnh Khánh Hòa,99200,305,10,KHANH_HOA,null,null,https://files.customs.gov.vn/CustomsCMS/KHANH_HOA/2025/2/28/84-QDcongkhai_QTchiNS2024.pdf,https://www.customs.gov.vn/index.jsp?pageId=3&id=99200&cid=1294,2025,02/2025,2026-10-08T09:33:47Z
24,246/KV4-ĐQLT,25/02/2025,Chi cục HQ cửa khẩu CSG KV 4,V/v đề nghị khôi phục tình trạng pháp lý của doanh nghiệp,99125,305,16,TP_HO_CHI_MINH,null,null,https://files.customs.gov.vn/CustomsCMS/TP_HO_CHI_MINH/2025/2/25/246.signed.pdf,https://www.customs.gov.vn/index.jsp?pageId=3&id=99125&cid=1294,2025,02/2025,2026-10-08T09:33:47Z
25,29/2025/NĐ-CP,24/02/2025,Chính phủ,"Về việc Quy định chức năng, nhiệm vụ, quyền hạn và cơ cấu tổ chức của Bộ Tài chính",100558,305,19,TONG_CUC,Hồ Đức Phớc,01/03/2025,https://files.customs.gov.vn/CustomsCMS/TONG_CUC/2025/7/3/2. Nghi dinh 29.pdf,https://www.customs.gov.vn/index.jsp?pageId=3&id=100558&cid=1294,2025,02/2025,2026-10-08T09:33:47Z
26,0460/QĐ-BCT,21/02/2025,Bộ Công Thương,V/v Áp dung thuế chống bán phá giá tạm thời đối với một số sản phẩm thép cán nóng có xuất xứ từ Cộng hòa Ấn Độ và Cộng hòa nhân dân Trung Hòa,100826,305,10,DONG_NAI,null,08/03/2025,https://files.customs.gov.vn/CustomsCMS/DONG_NAI/2025/7/29/460_QD_BCT_21_02_2025.pdf,https://www.customs.gov.vn/index.jsp?pageId=3&id=100826&cid=1294,2025,02/2025,2026-10-08T09:33:47Z
27,149/TCCB-TĐKT,21/02/2025,Cục Hải quan TP. Hồ Chí Minh,Về việc công khai danh sách đề nghị khen thưởng huân chương năm 2024,99106,305,16,TP_HO_CHI_MINH,Võ Thị Dương Liễu,null,https://files.customs.gov.vn/CustomsCMS/TP_HO_CHI_MINH/2025/2/24/149_0001.pdf,https://www.customs.gov.vn/index.jsp?pageId=3&id=99106&cid=1294,2025,02/2025,2026-10-08T09:33:47Z
28,462/TB-HQQN,21/02/2025,Cục Hải quan tỉnh Quảng Ninh,Thông báo kết quả lựa chọn tổ chức hành nghề đấu giá tài sản,99096,305,19,QUANG_NINH,Bùi Ngọc Lợi,21/02/2025,https://files.customs.gov.vn/CustomsCMS/QUANG_NINH/2025/2/24/Ket qua lua chon to chuc dau gia.pdf,https://www.customs.gov.vn/index.jsp?pageId=3&id=99096&cid=1294,2025,02/2025,2026-10-08T09:33:47Z
29,12/KTNN-TT,19/02/2025,Kho bạc Nhà nước,Cung cấp danh sách các NHTM nơi KBNN mở tài khoản,99067,305,16,TONG_CUC,Hoàng Trung Lương,21/02/2025,"https://files.customs.gov.vn/CustomsCMS/TONG_CUC/2025/2/20/12.KTTT.CV.pdf,/CustomsCMS/TONG_CUC/2025/2/20/12.KTTT.phuluc.pdf",https://www.customs.gov.vn/index.jsp?pageId=3&id=99067&cid=1294,2025,02/2025,2026-10-08T09:33:47Z
30,65/2025/QH15,19/02/2025,Quốc hội,Luật Tổ chức Chính quyền địa phương,99715,305,13,TONG_CUC,null,null,"https://files.customs.gov.vn/CustomsCMS/TONG_CUC/2025/3/31/luat65, Luật TCCQĐP.pdf",https://www.customs.gov.vn/index.jsp?pageId=3&id=99715&cid=1294,2025,02/2025,2026-10-08T09:33:47Z
31,231/TB-HQCT,18/02/2025,Cục Hải quan TP. Cần Thơ,Kết quả lựa chọn tổ chức hành nghề đấu giá tài sản,99020,305,19,CAN_THO,null,18/02/2025,https://files.customs.gov.vn/CustomsCMS/CAN_THO/2025/2/18/2025-231.signed.pdf,https://www.customs.gov.vn/index.jsp?pageId=3&id=99020&cid=1294,2025,02/2025,2026-10-08T09:33:47Z
32,63/2025/QH15,18/02/2025,Quốc hội,Luật Tổ chức Chính phủ,99714,305,13,TONG_CUC,null,null,https://files.customs.gov.vn/CustomsCMS/TONG_CUC/2025/3/31/luat63. Luật TCCP.pdf,https://www.customs.gov.vn/index.jsp?pageId=3&id=99714&cid=1294,2025,02/2025,2026-10-08T09:33:47Z
33,64/2025/QH15,17/02/2025,Quốc hội,Luật Ban hành văn bản quy phạm pháp luật,101428,305,13,DONG_NAI,null,01/04/2025,https://files.customs.gov.vn/CustomsCMS/DONG_NAI/2025/9/23/64_2025_QH15_19_02_2025.pdf,https://www.customs.gov.vn/index.jsp?pageId=3&id=101428&cid=1294,2025,02/2025,2026-10-08T09:33:47Z
34,57/QĐ-HQHT,14/02/2025,Cục Hải quan tỉnh Hà Tĩnh,Quyết định về việc công bố công khai tình hình thực hiện dự toán năm 2024 của Cục Hải quan tỉnh Hà Tĩnh,99194,305,10,HA_TINH,Đ/c Bùi Thanh San,null,https://files.customs.gov.vn/CustomsCMS/HA_TINH/2025/2/27/57 QĐ.signed.pdf,https://www.customs.gov.vn/index.jsp?pageId=3&id=99194&cid=1294,2025,02/2025,2026-10-08T09:33:47Z
35,618/TCHQ-TXNK,11/02/2025,Cục Thuế xuất nhập khẩu,"V/v Đề nghị giám định, xác định HS code (Công ty TNHH Nippo Mechatronics Việt Nam)",98924,305,16,DONG_NAI,null,null,https://files.customs.gov.vn/CustomsCMS/DONG_NAI/2025/2/11/618_TCHQ_TXNK_11_02_2025.pdf,https://www.customs.gov.vn/index.jsp?pageId=3&id=98924&cid=1294,2025,02/2025,2026-10-08T09:33:47Z
36,1046-1050/HQHP-TVQT,10/02/2025,Cục Hải quan thành phố Hải Phòng,"Mời làm việc về đối chiếu, xác nhận các khoản phải trả",98950,305,16,HAI_PHONG,Trần Mạnh Hùng,null,https://files.customs.gov.vn/CustomsCMS/HAI_PHONG/2025/2/13/CV gửi DN về đối chiếu các khoản fai trả_0001.pdf,https://www.customs.gov.vn/index.jsp?pageId=3&id=98950&cid=1294,2025,02/2025,2026-10-08T09:33:47Z
37,325/TB-HQQN,07/02/2025,Cục Hải quan tỉnh Quảng Ninh,"Thông báo về việc lựa chọn tổ chức hành
nghề đấu giá tài sản",98917,305,19,QUANG_NINH,Bùi Ngọc Lợi,null,https://files.customs.gov.vn/CustomsCMS/QUANG_NINH/2025/2/10/303HQQN thong bao dau gia.pdf,https://www.customs.gov.vn/index.jsp?pageId=3&id=98917&cid=1294,2025,02/2025,2026-10-08T09:33:47Z
38,172/TB-HQCT,06/02/2025,Cục Hải quan TP. Cần Thơ,Lựa chọn tổ chức hành nghền đấu giá tài sản,98842,305,19,CAN_THO,null,06/02/2025,https://files.customs.gov.vn/CustomsCMS/CAN_THO/2025/2/7/10--172-Thong bao lua chon to chuac dau gia.pdf,https://www.customs.gov.vn/index.jsp?pageId=3&id=98842&cid=1294,2025,02/2025,2026-10-08T09:33:47Z
39,79/HQKV13-QLRR&CNTT,31/03/2025,Chi cục Hải quan khu vực XIII,Kế hoạch triển khai Hệ thống thông quan điện tử phiên bản 6 (Ecus6),99717,305,18,KHANH_HOA,null,null,https://files.customs.gov.vn/CustomsCMS/KHANH_HOA/2025/4/1/79_KH-trien-khai-Ecus6.pdf,https://www.customs.gov.vn/index.jsp?pageId=3&id=99717&cid=1294,2025,03/2025,2026-10-08T09:33:47Z
40,162/CKKV2-QLT,28/03/2025,Hải quan cửa khẩu cảng Hải Phòng khu vực 2,Đề nghị thu hồi giấy chứng nhận đăng ký doanh nghiệp,99751,305,19,HAI_PHONG,Lại An Ninh,28/03/2025,https://files.customs.gov.vn/CustomsCMS/HAI_PHONG/2025/4/3/162-CKKV2-Đề nghị thu hồi giấy chứng nhận đăng ký doanh nghiệp.pdf,https://www.customs.gov.vn/index.jsp?pageId=3&id=99751&cid=1294,2025,03/2025,2026-10-08T09:33:47Z
41,118/HQKV8-VP,26/03/2025,Cục Hải quan tỉnh Quảng Ninh,"V/v đề nghị cung cấp báo giá dịch vụ 
thẩm định giá",99703,305,16,QUANG_NINH,Vũ Quý Hưng,null,https://files.customs.gov.vn/CustomsCMS/QUANG_NINH/2025/3/27/Thẩm định giá.pdf,https://www.customs.gov.vn/index.jsp?pageId=3&id=99703&cid=1294,2025,03/2025,2026-10-08T09:33:47Z
42,29/TB-HQKV19,21/03/2025,Chi cục Hải quan khu vực XIX,Danh sách đơn vị Hải quan thuộc Chi cục Hải quan khu vực XIX,99679,305,19,CAN_THO,null,21/03/2025,https://files.customs.gov.vn/CustomsCMS/CAN_THO/2025/3/24/29.pdf,https://www.customs.gov.vn/index.jsp?pageId=3&id=99679&cid=1294,2025,03/2025,2026-10-08T09:33:47Z
43,32/HQKV1-NVHQ,19/03/2025,Chi cục Hải quan khu vực I,"Phát hành, sử dụng biên lai thuế, lệ phí hải quan",99670,305,19,TONG_CUC,null,null,https://files.customs.gov.vn/CustomsCMS/TONG_CUC/2025/3/21/32. Bien lai KV I.pdf,https://www.customs.gov.vn/index.jsp?pageId=3&id=99670&cid=1294,2025,03/2025,2026-10-08T09:33:47Z
44,34/HQKV1-NVHQ,19/03/2025,Chi cục Hải quan Khu vực I,"Phát hành, sử dụng biên lai thuế, lệ phí hải quan",99669,305,19,TONG_CUC,null,null,https://files.customs.gov.vn/CustomsCMS/TONG_CUC/2025/3/21/34. Bien lai.pdf,https://www.customs.gov.vn/index.jsp?pageId=3&id=99669&cid=1294,2025,03/2025,2026-10-08T09:33:47Z
45,02/TB-PT&STQ,17/03/2025,Chi cục Hải quan khu vực XVIII,"V/v Giới thiệu mẫu dấu mới của Đội Phúc tập và Kiểm tra sau thông quan, chức danh và chữ ký của Lãnh đạo Đội phúc tập và kiểm tra sau thông quan",99609,305,19,DONG_NAI,null,null,https://files.customs.gov.vn/CustomsCMS/DONG_NAI/2025/3/18/02_TB_PTSTQ_17_03_2025.PDF,https://www.customs.gov.vn/index.jsp?pageId=3&id=99609&cid=1294,2025,03/2025,2026-10-08T09:33:47Z
46,03/TB-PT&STQ,17/03/2025,Chi cục Hải quan khu vực XVIII,V/v Thay đổi tên cơ quan,99610,305,19,DONG_NAI,null,null,https://files.customs.gov.vn/CustomsCMS/DONG_NAI/2025/3/18/03_TB_PTSTQ_17_03_2025.PDF,https://www.customs.gov.vn/index.jsp?pageId=3&id=99610&cid=1294,2025,03/2025,2026-10-08T09:33:47Z
47,06/TB-HQKV18,17/03/2025,Chi cục Hải quan khu vực XVIII,V/v Triển khai Cổng thông tin điện tử Chi cục Hải quan KV XVIII,99611,305,19,DONG_NAI,null,null,https://files.customs.gov.vn/CustomsCMS/DONG_NAI/2025/3/18/06_TB_HQKV18_17_03_2025.pdf,https://www.customs.gov.vn/index.jsp?pageId=3&id=99611&cid=1294,2025,03/2025,2026-10-08T09:33:47Z
48,151/QĐ-CHQ,17/03/2025,Cục Hải quan,"Công nhận địa điểm tập kết, kiểm tra, giám sát tập trung đối với hàng bưu chính, chuyển phát nhanh.",99630,305,10,TONG_CUC,null,null,https://files.customs.gov.vn/CustomsCMS/TONG_CUC/2025/3/19/151. Dia diem tap ket. Cty Logistis QT Bắc Giang.pdf,https://www.customs.gov.vn/index.jsp?pageId=3&id=99630&cid=1294,2025,03/2025,2026-10-08T09:33:47Z
49,5/TB-HQKV19,17/03/2025,Chi cục Hải quan khu vực XIX,Thay đổi tên cơ quan,99758,305,19,CAN_THO,null,17/03/2025,https://files.customs.gov.vn/CustomsCMS/CAN_THO/2025/4/4/05 HQCK19-2025.pdf,https://www.customs.gov.vn/index.jsp?pageId=3&id=99758&cid=1294,2025,03/2025,2026-10-08T09:33:47Z
50,01/TB-HQHG,15/03/2025,Hải quan cửa khẩu cảng Hòn Gai,Thông báo về việc giới thiệu mẫu dấu mới của Hải quan cửa khẩu cảng Hòn Gai,99590,305,19,QUANG_NINH,Võ Hồng Chung,15/03/2025,https://files.customs.gov.vn/CustomsCMS/QUANG_NINH/2025/3/17/Thong bao dau Hon Gai.pdf,https://www.customs.gov.vn/index.jsp?pageId=3&id=99590&cid=1294,2025,03/2025,2026-10-08T09:33:47Z
51,01/TB-HQKV18,15/03/2025,Chi cục Hải quan khu vực XVIII,V/v Thay đổi tên cơ quan (Chi cục HQ khu vực XVIII),99608,305,19,DONG_NAI,null,null,https://files.customs.gov.vn/CustomsCMS/DONG_NAI/2025/3/18/01_TB_HQKV18_15_03_2025.pdf,https://www.customs.gov.vn/index.jsp?pageId=3&id=99608&cid=1294,2025,03/2025,2026-10-08T09:33:47Z
52,01/TB-HQKV8-VP,15/03/2025,Cục Hải quan tỉnh Quảng Ninh,Thông báo mẫu dấu mới của Chi cục Hải quan Khu vực VIII,99592,305,19,QUANG_NINH,null,null,https://files.customs.gov.vn/CustomsCMS/QUANG_NINH/2025/3/17/Thong bao mau dau Chi cục HQKV VIII.pdf,https://www.customs.gov.vn/index.jsp?pageId=3&id=99592&cid=1294,2025,03/2025,2026-10-08T09:33:47Z
53,02/HQKV8-VP,15/03/2025,Cục Hải quan tỉnh Quảng Ninh,Thông báo về việc thay đổi tên cơ quan,99591,305,19,QUANG_NINH,Bùi Ngọc Lợi,15/03/2025,https://files.customs.gov.vn/CustomsCMS/QUANG_NINH/2025/3/17/Thong bao doi ten Chi cục HQKV8.pdf,https://www.customs.gov.vn/index.jsp?pageId=3&id=99591&cid=1294,2025,03/2025,2026-10-08T09:33:47Z
54,03/HQKV18-CNTT,15/03/2025,Chi cục Hải quan khu vực XVIII,V/v Thay đổi tên đơn vị theo tổ chức bộ máy mới,99583,305,16,DONG_NAI,null,null,https://files.customs.gov.vn/CustomsCMS/DONG_NAI/2025/3/15/03_HQKV18_CNTT_15_03_2025.pdf,https://www.customs.gov.vn/index.jsp?pageId=3&id=99583&cid=1294,2025,03/2025,2026-10-08T09:33:47Z
55,03/TB-ĐKS,15/03/2025,Chi cục Hải quan khu vực XVIII,V/v Mẫu dấu hành chính  mới của Đội Kiểm soát hải quan thuộc Chi cục Hải quan khu vực XVIII,99616,305,19,DONG_NAI,null,null,https://files.customs.gov.vn/CustomsCMS/DONG_NAI/2025/3/18/03_TB_DKS_15_03_2025.pdf,https://www.customs.gov.vn/index.jsp?pageId=3&id=99616&cid=1294,2025,03/2025,2026-10-08T09:33:47Z
56,04/TB-HQKV18,15/03/2025,Chi cục Hải quan khu vực XVIII,V/v Giới thiệu chức danh và chữ ký cán bộ Lãnh đạo Chi cục Hải quan khu vực XVIII,99612,305,19,DONG_NAI,null,null,https://files.customs.gov.vn/CustomsCMS/DONG_NAI/2025/3/18/04_TB_HQKV18_15_03_2025.pdf,https://www.customs.gov.vn/index.jsp?pageId=3&id=99612&cid=1294,2025,03/2025,2026-10-08T09:33:47Z
57,352/TB-HQKH,14/03/2025,Cục Hải quan tỉnh Khánh Hòa,"Thông báo tên gọi, mã hải quan theo mô hình tổ chức bộ máy mới",99588,305,19,KHANH_HOA,null,null,https://files.customs.gov.vn/CustomsCMS/KHANH_HOA/2025/3/15/362352-TB.pdf,https://www.customs.gov.vn/index.jsp?pageId=3&id=99588&cid=1294,2025,03/2025,2026-10-08T09:33:47Z
58,128/CHQ-GSQL,13/03/2025,Cục Hải quan,Công văn số 128/CHQ-GSQL ngày 13/3/2025 của Cục Hải quan v/v triển khai mô hình tổ chức mới của cơ quan Hải quan,99503,305,16,TONG_CUC,Âu Anh Tuấn,null,https://files.customs.gov.vn/CustomsCMS/TONG_CUC/2025/3/13/VB_128.pdf,https://www.customs.gov.vn/index.jsp?pageId=3&id=99503&cid=1294,2025,03/2025,2026-10-08T09:33:47Z
59,130/CHQ-CNTT,13/03/2025,Cục Hải quan,Công văn số 130/CHQ-CNTT ngày 13/3/2025 của Cục Hải quan v/v thông báo tạm dừng tiếp nhận khai hải quan từ 23h00 ngày 14/3/2025 đến 05h00 ngày 15/3/2025,99505,305,16,TONG_CUC,Trần Đức Hùng,null,https://files.customs.gov.vn/CustomsCMS/TONG_CUC/2025/3/13/VB_130.pdf,https://www.customs.gov.vn/index.jsp?pageId=3&id=99505&cid=1294,2025,03/2025,2026-10-08T09:33:47Z
60,136/TB-KS1,13/03/2025,Đội KSHQ số 1,Thông báo kết quả lựa chọn tổ chức hành nghề đấu giá tài sản,99537,305,19,QUANG_NINH,Kiểu Văn Ninh,13/03/2025,https://files.customs.gov.vn/CustomsCMS/QUANG_NINH/2025/3/14/KS1 thong bao ket qua lua chon dau gia tai san.pdf,https://www.customs.gov.vn/index.jsp?pageId=3&id=99537&cid=1294,2025,03/2025,2026-10-08T09:33:47Z
61,137/CHQ-CNTT,13/03/2025,Cục Hải quan,Công văn số 137/CHQ-CNTT ngày 13/3/2025 của Cục Hải quan v/v hoàn thành phối hợp xử lý kết nối giữa Cổng thông tin một cửa quốc gia với Hệ thống của cơ quan Đăng kiểm,99541,305,16,TONG_CUC,Trần Đức Hùng,null,https://files.customs.gov.vn/CustomsCMS/TONG_CUC/2025/3/14/VB_137.pdf,https://www.customs.gov.vn/index.jsp?pageId=3&id=99541&cid=1294,2025,03/2025,2026-10-08T09:33:47Z
62,0662/QĐ-BCT,12/03/2025,Bộ Công Thương,V/v Kết quả rà soát vụ việc áp dụng biện pháp chống lẩn trách biện pháp phòng vệ thương mại đối với một số sản phẩm đường mía (mã vụ việc AR31.AC02-AD13.AS01),99708,305,10,DONG_NAI,null,null,https://files.customs.gov.vn/CustomsCMS/DONG_NAI/2025/3/28/662_QD_BCT_12_03_2025.pdf,https://www.customs.gov.vn/index.jsp?pageId=3&id=99708&cid=1294,2025,03/2025,2026-10-08T09:33:47Z
63,362/HQĐNa-CNTT,12/03/2025,Cục Hải quan tỉnh Đồng Nai,V/v Tạm dừng hệ thống để triển khai hệ thống CNTT theo mô hình tổ chức hải quan mới (Doanh nghiệp làm thủ tục tại Đồng Nai),99486,305,16,DONG_NAI,null,null,https://files.customs.gov.vn/CustomsCMS/DONG_NAI/2025/3/13/362_HQDNa_CNTT_12_03_2025.pdf,https://www.customs.gov.vn/index.jsp?pageId=3&id=99486&cid=1294,2025,03/2025,2026-10-08T09:33:47Z
64,55./CHQ-PC,11/03/2025,Cục Hải quan,Công khai thông tin theo quy định tại Điều 12 Nghị quyết số 190/2025/QH15,99488,305,19,HA_NOI,null,null,"https://files.customs.gov.vn/CustomsCMS/HA_NOI/2025/3/13/826Phu luc 1.pdf,/CustomsCMS/HA_NOI/2025/3/13/889Phu luc 2.pdf,/CustomsCMS/HA_NOI/2025/3/13/770CV huong dan NQ 190.pdf,/CustomsCMS/HA_NOI/2025/3/13/1. Nghi quyet 190_QH.pdf,/CustomsCMS/HA_NOI/2025/3/13/2. Nghi dinh 29_2025_CP.pdf,/CustomsCMS/HA_NOI/2025/3/13/5. QĐ 958_BTC.pdf,/CustomsCMS/HA_NOI/2025/3/13/4. QĐ 955_BTC.pdf,/CustomsCMS/HA_NOI/2025/3/13/6. QĐ 966_BTC.pdf,/CustomsCMS/HA_NOI/2025/3/13/3. QĐ 382_BTC.pdf,/CustomsCMS/HA_NOI/2025/3/13/7. QĐ 968_BTC.pdf,/CustomsCMS/HA_NOI/2025/3/13/8. QĐ 01_Ban thuong truc.pdf,/CustomsCMS/HA_NOI/2025/3/13/12. QĐ 05_ Ban Thanh tra.pdf,/CustomsCMS/HA_NOI/2025/3/13/14. QĐ 07.pdf,/CustomsCMS/HA_NOI/2025/3/13/11. QĐ 04_Ban QLRR.pdf,/CustomsCMS/HA_NOI/2025/3/13/15. QĐ 08_Ban PC.pdf,/CustomsCMS/HA_NOI/2025/3/13/13. QĐ 06_Ban GSQL.pdf,/CustomsCMS/HA_NOI/2025/3/13/9. QĐ 02_ Ban Thue.pdf,/CustomsCMS/HA_NOI/2025/3/13/10. QĐ 03 Ban CNTT.pdf,/CustomsCMS/HA_NOI/2025/3/13/16. QĐ 09_Ban TCCB.pdf,/CustomsCMS/HA_NOI/2025/3/13/20. QĐ 13.pdf,/CustomsCMS/HA_NOI/2025/3/13/17. QĐ 10.pdf,/CustomsCMS/HA_NOI/2025/3/13/21. QĐ 14.pdf,/CustomsCMS/HA_NOI/2025/3/13/22. QĐ 17.pdf,/CustomsCMS/HA_NOI/2025/3/13/24. QĐ 20.pdf,/CustomsCMS/HA_NOI/2025/3/13/19. QĐ 12.pdf,/CustomsCMS/HA_NOI/2025/3/13/25. QĐ 21.pdf,/CustomsCMS/HA_NOI/2025/3/13/18. QĐ 11.pdf,/CustomsCMS/HA_NOI/2025/3/13/27. QĐ 23.pdf,/CustomsCMS/HA_NOI/2025/3/13/28. QĐ 24.pdf,/CustomsCMS/HA_NOI/2025/3/13/26. QĐ 22.pdf,/CustomsCMS/HA_NOI/2025/3/13/23. QĐ 19.pdf,/CustomsCMS/HA_NOI/2025/3/13/29. QĐ 25.pdf,/CustomsCMS/HA_NOI/2025/3/13/30. QĐ 30.pdf",https://www.customs.gov.vn/index.jsp?pageId=3&id=99488&cid=1294,2025,03/2025,2026-10-08T09:33:47Z
65,55/CHQ-PC,11/03/2025,Ban Pháp chế,V/v Công khai thông tin theo quy định tại Điều 12 Nghị quyết số 190/2025/QH15,99478,305,16,DONG_NAI,null,null,https://files.customs.gov.vn/CustomsCMS/DONG_NAI/2025/3/12/55_CHQ_PC_11_03_2025.pdf,https://www.customs.gov.vn/index.jsp?pageId=3&id=99478&cid=1294,2025,03/2025,2026-10-08T09:33:47Z
66,62./CHQ-CNTT,11/03/2025,Cục Hải quan,Triển khai hệ thống CNTT theo mô hình tổ chức hải quan mới,99483,305,16,HA_NOI,null,null,https://files.customs.gov.vn/CustomsCMS/HA_NOI/2025/3/12/62.pdf,https://www.customs.gov.vn/index.jsp?pageId=3&id=99483&cid=1294,2025,03/2025,2026-10-08T09:33:47Z
67,62/CHQ-CNTT,11/03/2025,Cục Hải quan,Công văn số 62/CHQ-CNTT ngày 11/3/2025 của Cục Hải quan về việc triển khai hệ thống CNTT theo mô hình tổ chức hải quan mới,99477,305,16,TONG_CUC,Trần Đức Hùng,null,https://files.customs.gov.vn/CustomsCMS/TONG_CUC/2025/3/12/CV622025CHQ.pdf,https://www.customs.gov.vn/index.jsp?pageId=3&id=99477&cid=1294,2025,03/2025,2026-10-08T09:33:47Z
68,122/TB-KS1,07/03/2025,Đội KSHQ số 1,V/v thông báo lựa chọn tổ chức hành nghề đấu giá tài sản,99366,305,19,QUANG_NINH,Kiểu Văn Ninh,07/03/2025,"https://files.customs.gov.vn/CustomsCMS/QUANG_NINH/2025/3/13/KS 1 đấu giá.pdf,/CustomsCMS/QUANG_NINH/2025/3/13/KS1 dau gia 122.pdf",https://www.customs.gov.vn/index.jsp?pageId=3&id=99366&cid=1294,2025,03/2025,2026-10-08T09:33:47Z
69,02/QĐ-CHQ,05/03/2025,Cục Hải quan,"Quyết định số 02/QĐ-CHQ ngày 05/3/2025 của Cục Hải quan về việc quy định chức năng, nhiệm vụ, quyền hạn và cơ cấu tổ chức của Ban Nghiệp vụ thuế hải quan thuộc Cục Hải quan.",99446,305,10,TONG_CUC,Nguyễn Văn Thọ,null,https://files.customs.gov.vn/CustomsCMS/TONG_CUC/2025/3/10/QD02.2025.pdf,https://www.customs.gov.vn/index.jsp?pageId=3&id=99446&cid=1294,2025,03/2025,2026-10-08T09:33:47Z
70,03/QĐ-CHQ,05/03/2025,Cục Hải quan,"Quyết định số 03/QĐ-CHQ ngày 05/3/2025 của Cục Hải quan về việc quy định chức năng, nhiệm vụ, quyền hạn và cơ cấu tổ chức của Ban Công nghệ thông tin và Thống kê hải quan thuộc Cục Hải quan.",99438,305,10,TONG_CUC,Nguyễn Văn Thọ,null,https://files.customs.gov.vn/CustomsCMS/TONG_CUC/2025/3/10/QD03.2025.pdf,https://www.customs.gov.vn/index.jsp?pageId=3&id=99438&cid=1294,2025,03/2025,2026-10-08T09:33:47Z
71,04/QĐ-CHQ,05/03/2025,Cục Hải quan,"Quyết định số 04/QĐ-CHQ ngày 05/3/2025 của Cục Hải quan về việc quy định chức năng, nhiệm vụ, quyền hạn và cơ cấu tổ chức của Ban Quản lý rủi ro thuộc Cục Hải quan.",99434,305,10,TONG_CUC,Nguyễn Văn Thọ,null,https://files.customs.gov.vn/CustomsCMS/TONG_CUC/2025/3/10/QD04.2025.pdf,https://www.customs.gov.vn/index.jsp?pageId=3&id=99434&cid=1294,2025,03/2025,2026-10-08T09:33:47Z
72,05/QĐ-CHQ,05/03/2025,Cục Hải quan,"Quyết định số 05/QĐ-CHQ ngày 05/3/2025 của Cục Hải quan về việc quy định chức năng, nhiệm vụ, quyền hạn và cơ cấu tổ chức của Ban Thanh tra - Kiểm tra thuộc Cục Hải quan.",99435,305,10,TONG_CUC,Nguyễn Văn Thọ,null,https://files.customs.gov.vn/CustomsCMS/TONG_CUC/2025/3/10/QD05.2025.pdf,https://www.customs.gov.vn/index.jsp?pageId=3&id=99435&cid=1294,2025,03/2025,2026-10-08T09:33:47Z
73,06/QĐ-CHQ,05/03/2025,Cục Hải quan,"Quyết định số 06/QĐ-CHQ ngày 05/3/2025 của Cục Hải quan về việc quy định chức năng, nhiệm vụ, quyền hạn và cơ cấu tổ chức của Ban Giám sát quản lý về hải quan thuộc Cục Hải quan.",99437,305,10,TONG_CUC,Nguyễn Văn Thọ,null,https://files.customs.gov.vn/CustomsCMS/TONG_CUC/2025/3/10/QD06.2025.pdf,https://www.customs.gov.vn/index.jsp?pageId=3&id=99437&cid=1294,2025,03/2025,2026-10-08T09:33:47Z
74,07/QĐ-CHQ,05/03/2025,Cục Hải quan,"Quyết định số 07/QĐ-CHQ ngày 05/3/2025 của Cục Hải quan ban hành quy định chức năng, nhiệm vụ và quyền hạn của các Phòng thuộc Chi cục Kiểm định hải quan.",99447,305,10,TONG_CUC,Nguyễn Văn Thọ,null,https://files.customs.gov.vn/CustomsCMS/TONG_CUC/2025/3/10/QD07.2025.pdf,https://www.customs.gov.vn/index.jsp?pageId=3&id=99447&cid=1294,2025,03/2025,2026-10-08T09:33:47Z
75,08/QĐ-CHQ,05/03/2025,Cục Hải quan,"Quyết định số 08/QĐ-CHQ ngày 05/3/2025 của Cục Hải quan về việc quy định chức năng, nhiệm vụ, quyền hạn và cơ cấu tổ chức của Ban Pháp chế thuộc Cục Hải quan.",99448,305,10,TONG_CUC,Nguyễn Văn Thọ,null,https://files.customs.gov.vn/CustomsCMS/TONG_CUC/2025/3/10/QD08.2025.pdf,https://www.customs.gov.vn/index.jsp?pageId=3&id=99448&cid=1294,2025,03/2025,2026-10-08T09:33:47Z
76,09/QĐ-CHQ,05/03/2025,Cục Hải quan,"Quyết định số 09/QĐ-CHQ ngày 05/3/2025 của Cục Hải quan về việc quy định chức năng, nhiệm vụ, quyền hạn và cơ cấu tổ chức của Ban Tổ chức cán bộ thuộc Cục Hải quan.",99436,305,10,TONG_CUC,Nguyễn Văn Thọ,null,https://files.customs.gov.vn/CustomsCMS/TONG_CUC/2025/3/10/QD09.2025.pdf,https://www.customs.gov.vn/index.jsp?pageId=3&id=99436&cid=1294,2025,03/2025,2026-10-08T09:33:47Z
77,10/QĐ-CHQ,05/03/2025,Cục Hải quan,"về việc quy định Văn Phòng, Phòng, Đội và Hải quan cửa khẩu/ngoài cửa khẩu thuộc Chi cục Hải quan khu vực",99368,305,10,HA_NOI,null,null,https://files.customs.gov.vn/CustomsCMS/HA_NOI/2025/3/7/CamScanner 03-06-2025 08.48.pdf,https://www.customs.gov.vn/index.jsp?pageId=3&id=99368&cid=1294,2025,03/2025,2026-10-08T09:33:47Z
78,11/QĐ-CHQ,05/03/2025,Cục Hải quan,"Ban hành Quy định chức năng, nhiệm vụ và quyền hạn của Văn phòng, Phòng thuộc Chi cục Hải quan khu vực",99370,305,10,HA_NOI,null,null,,https://www.customs.gov.vn/index.jsp?pageId=3&id=99370&cid=1294,2025,03/2025,2026-10-08T09:33:47Z
79,12/QĐ-CHQ,05/03/2025,Cục Hải quan,"Quyết định số 12/QĐ-CHQ ngày 05/3/2025 của Cục Hải quan về việc quy định chức năng, nhiệm vụ, quyền hạn và cơ cấu tổ chức của Ban Tài vụ - Quản trị thuộc Cục Hải quan.",99433,305,10,TONG_CUC,Nguyễn Văn Thọ,null,https://files.customs.gov.vn/CustomsCMS/TONG_CUC/2025/3/10/QD12.2025.pdf,https://www.customs.gov.vn/index.jsp?pageId=3&id=99433&cid=1294,2025,03/2025,2026-10-08T09:33:47Z
80,13/QĐ-CHQ,05/03/2025,Cục Hải quan,"Quyết định số 13/QĐ-CHQ ngày 05/3/2025 của Cục Hải quan về việc quy định chức năng, nhiệm vụ và quyền hạn của các Đội Kiểm định hải quan thuộc Chi cục Kiểm định hải quan.",99441,305,10,TONG_CUC,Nguyễn Văn Thọ,null,https://files.customs.gov.vn/CustomsCMS/TONG_CUC/2025/3/10/QD13.2025.pdf,https://www.customs.gov.vn/index.jsp?pageId=3&id=99441&cid=1294,2025,03/2025,2026-10-08T09:33:47Z
81,14/QĐ-CHQ,05/03/2025,Cục Hải quan,"Quyết định số 14/QĐ-CHQ ngày 05/3/2025 của Cục Hải quan về việc quy định chức năng, nhiệm vụ, quyền hạn của Đội Kiểm soát hải quan thuộc Chi cục Hải quan khu vực.",99443,305,10,TONG_CUC,Nguyễn Văn Thọ,null,https://files.customs.gov.vn/CustomsCMS/TONG_CUC/2025/3/10/QD14.2025.pdf,https://www.customs.gov.vn/index.jsp?pageId=3&id=99443&cid=1294,2025,03/2025,2026-10-08T09:33:47Z
82,17/QĐ-CHQ,05/03/2025,Cục Hải quan,"Quyết định số 17/QĐ-CHQ ngày 05/3/2025 của Cục Hải quan về việc quy định chức năng, nhiệm vụ, quyền hạn và cơ cấu tổ chức của Đội Phúc tập và Kiểm tra sau thông quan thuộc Chi cục Hải quan khu vực.",99453,305,10,TONG_CUC,Nguyễn Văn Thọ,null,https://files.customs.gov.vn/CustomsCMS/TONG_CUC/2025/3/10/QD17.2025.pdf,https://www.customs.gov.vn/index.jsp?pageId=3&id=99453&cid=1294,2025,03/2025,2026-10-08T09:33:47Z
83,19/QQĐ-CHQ,05/03/2025,Cục Hải quan,"Quyết định số 19/QĐ-CHQ ngày 05/3/2025 của Cục Hải quan về việc quy định chức năng, nhiệm vụ, quyền hạn và cơ cấu tổ chức của Văn phòng Cục Hải quan.",99432,305,10,TONG_CUC,Nguyễn Văn Thọ,null,https://files.customs.gov.vn/CustomsCMS/TONG_CUC/2025/3/10/QD19.2025.pdf,https://www.customs.gov.vn/index.jsp?pageId=3&id=99432&cid=1294,2025,03/2025,2026-10-08T09:33:47Z
84,20/QĐ-CHQ,05/03/2025,Cục Hải quan,"Quyết định số 20/QĐ-CHQ ngày 05/3/2025 của Cục Hải quan về việc quy định chức năng, nhiệm vụ, quyền hạn và cơ cấu tổ chức của Hải quan cửa khẩu/ngoài cửa khẩu thuộc Chi cục Hải quan khu vực.",99439,305,10,TONG_CUC,Nguyễn Văn Thọ,null,https://files.customs.gov.vn/CustomsCMS/TONG_CUC/2025/3/10/QD20.2025.pdf,https://www.customs.gov.vn/index.jsp?pageId=3&id=99439&cid=1294,2025,03/2025,2026-10-08T09:33:47Z
85,21/QĐ-CHQ,05/03/2025,Cục Hải quan,"Quyết định số 21/QĐ-CHQ ngày 05/3/2025 của Cục Hải quan về việc quy định chức năng, nhiệm vụ và quyền hạn của các Đội Kiểm soát chống buôn lậu thuộc Chi cục Điều tra chống buôn lậu.",99449,305,10,TONG_CUC,Nguyễn Văn Thọ,null,https://files.customs.gov.vn/CustomsCMS/TONG_CUC/2025/3/10/QD21.2025.pdf,https://www.customs.gov.vn/index.jsp?pageId=3&id=99449&cid=1294,2025,03/2025,2026-10-08T09:33:47Z
86,22/QĐ-CHQ,05/03/2025,Cục Hải quan,"Quyết định số 22/QĐ-CHQ ngày 05/3/2025 của Cục Hải quan ban hành quy định chức năng, nhiệm vụ và quyền hạn của các Phòng thuộc Chi cục Điều tra chống buôn lậu.",99450,305,10,TONG_CUC,Nguyễn Văn Thọ,null,https://files.customs.gov.vn/CustomsCMS/TONG_CUC/2025/3/10/QD22.2025.pdf,https://www.customs.gov.vn/index.jsp?pageId=3&id=99450&cid=1294,2025,03/2025,2026-10-08T09:33:47Z
87,23/QĐ-CHQ,05/03/2025,Cục Hải quan,"Quyết định số 23/QĐ-CHQ ngày 05/3/2025 của Cục Hải quan về việc quy định chức năng, nhiệm vụ và quyền hạn của các Đội Kiểm soát chống buôn lậu ma túy thuộc Chi cục Điều tra chống buôn lậu.",99451,305,10,TONG_CUC,Nguyễn Văn Thọ,null,https://files.customs.gov.vn/CustomsCMS/TONG_CUC/2025/3/10/QD23.2025.pdf,https://www.customs.gov.vn/index.jsp?pageId=3&id=99451&cid=1294,2025,03/2025,2026-10-08T09:33:47Z
88,25/QĐ-CHQ,05/03/2025,Cục Hải quan,"Quyết định số 25/QĐ-CHQ ngày 05/3/2025 của Cục Hải quan ban hành quy định chức năng, nhiệm vụ và quyền hạn của các Đội Kiểm tra sau thông quan khu vực thuộc Chi cục Kiểm tra sau thông quan.",99440,305,10,TONG_CUC,Nguyễn Văn Thọ,null,https://files.customs.gov.vn/CustomsCMS/TONG_CUC/2025/3/10/QD25.2025.pdf,https://www.customs.gov.vn/index.jsp?pageId=3&id=99440&cid=1294,2025,03/2025,2026-10-08T09:33:47Z
89,30/QĐ-CHQ,05/03/2025,Cục Hải quan,"Quyết định số 30/QĐ-CHQ ngày 05/3/2025 của Cục Hải quan ban hành quy định chức năng, nhiệm vụ và quyền hạn của các Phòng thuộc Chi cục Kiểm tra sau thông quan.",99445,305,10,TONG_CUC,Nguyễn Văn Thọ,null,https://files.customs.gov.vn/CustomsCMS/TONG_CUC/2025/3/10/QD30.2025.pdf,https://www.customs.gov.vn/index.jsp?pageId=3&id=99445&cid=1294,2025,03/2025,2026-10-08T09:33:47Z
90,383/QĐ-HQHP,03/03/2025,Cục Hải quan thành phố Hải Phòng,Quyết định công bố công khai quyết toán chi ngân sách nhà nước năm 2024,99455,305,10,HAI_PHONG,Trần Mạnh Hùng,null,https://files.customs.gov.vn/CustomsCMS/HAI_PHONG/2025/3/11/383QĐHQHP_0001.pdf,https://www.customs.gov.vn/index.jsp?pageId=3&id=99455&cid=1294,2025,03/2025,2026-10-08T09:33:47Z
91,93/2025/NĐ-CP,26/04/2025,Chính phủ,"V/v Sửa đổi, bổ sung một số điều của Nghị định số 19/2020/NĐ-CP ngày 12 tháng 02 năm 2020 của Chính phù về Kiểm tra, xử lý kỷ luật trong thi hành pháp luật về xử lý vi phạm hành chính",100136,305,8,DONG_NAI,null,15/06/2025,https://files.customs.gov.vn/CustomsCMS/DONG_NAI/2025/5/22/93_2025_ND_CP_26_04_2025.pdf,https://www.customs.gov.vn/index.jsp?pageId=3&id=100136&cid=1294,2025,04/2025,2026-10-08T09:33:47Z
92,103/QĐ-HQKV11,25/04/2025,Chi cục Hải quan khu vực XI,Quyết định v/v công bố Hệ thống quản lý chất lượng phù hợp Tiêu chuẩn Quốc gia TCVN ISO 9001:2015,99917,305,10,HA_TINH,Đ/c Bùi Thanh San,null,https://files.customs.gov.vn/CustomsCMS/HA_TINH/2025/4/25/QĐ 103.pdf,https://www.customs.gov.vn/index.jsp?pageId=3&id=99917&cid=1294,2025,04/2025,2026-10-08T09:33:47Z
93,104/QĐ-HQKV11,25/04/2025,Chi cục Hải quan khu vực XI,Quyết định v/v ban hành Chính sách chất lượng và Mục tiêu chất lượng của Chi cục Hải quan khu vực XI,99918,305,10,HA_TINH,Đ/c Bùi Thanh San,25/04/2025,,https://www.customs.gov.vn/index.jsp?pageId=3&id=99918&cid=1294,2025,04/2025,2026-10-08T09:33:47Z
94,01474/QĐ-BTC,24/04/2025,Bộ Tài chính,V/v Công bố danh mục thủ tục hành chính thuộc phạm vi chức năng quản lý của Bộ Tài chính,100335,305,10,DONG_NAI,null,24/04/2025,https://files.customs.gov.vn/CustomsCMS/DONG_NAI/2025/6/12/1474.pdf,https://www.customs.gov.vn/index.jsp?pageId=3&id=100335&cid=1294,2025,04/2025,2026-10-08T09:33:47Z
95,1123/TB-HQKV3,23/04/2025,Chi cục Hải quan khu vực III,Thông báo lựa chọn tổ chức đấu giá tài sản,99902,305,19,HAI_PHONG,Hạ Thành Kiên,23/04/2025,https://files.customs.gov.vn/CustomsCMS/HAI_PHONG/2025/4/23/Thông báo lựa chọn tổ chức đấu giá 10 lô_23.4.2025.pdf,https://www.customs.gov.vn/index.jsp?pageId=3&id=99902&cid=1294,2025,04/2025,2026-10-08T09:33:47Z
96,2648/CHQ-VP,21/04/2025,Cục Hải quan,Công văn số 2648/CHQ-VP ngày 21/4/2025 của Cục Hải quan v/v triển khai “Tháng hành động vì an toàn thực phẩm” năm 2025,99898,305,16,TONG_CUC,Trương Thị Thúy Vinh,null,https://files.customs.gov.vn/CustomsCMS/TONG_CUC/2025/4/23/CV26482025CHQ.pdf,https://www.customs.gov.vn/index.jsp?pageId=3&id=99898&cid=1294,2025,04/2025,2026-10-08T09:33:47Z
97,320/HQKV2-VP,18/04/2025,Chi cục Hải quan khu vực II,V/v báo giá dịch vụ tư vấn lập E-HSMT và đánh giá E-HSDT gói Mực photocopy,99869,305,19,TP_HO_CHI_MINH,null,null,https://files.customs.gov.vn/CustomsCMS/TP_HO_CHI_MINH/2025/4/21/320.signed.pdf,https://www.customs.gov.vn/index.jsp?pageId=3&id=99869&cid=1294,2025,04/2025,2026-10-08T09:33:47Z
98,321/HQKV2-VP,18/04/2025,Chi cục Hải quan khu vực II,"V/v báo giá dịch vụ thẩm định KHLCNT, E-HSMT và KQLCNT gói Mực photocopy",99871,305,19,TP_HO_CHI_MINH,null,null,https://files.customs.gov.vn/CustomsCMS/TP_HO_CHI_MINH/2025/4/21/321.signed.pdf,https://www.customs.gov.vn/index.jsp?pageId=3&id=99871&cid=1294,2025,04/2025,2026-10-08T09:33:47Z
99,59/QĐ-HQKV13,18/04/2025,Chi cục Hải quan khu vực XIII,"Quyết định ban hành Kế hoạch phát triển khoa học, công nghệ, đổi mới sáng tạo và chuyển đổi số của Chi cục Hải quan khu vực XIII năm 2025, định hướng 2026-2030",99863,305,10,KHANH_HOA,null,null,https://files.customs.gov.vn/CustomsCMS/KHANH_HOA/2025/4/21/59-HQKV13-QD_banhanh_KHKHCN.pdf,https://www.customs.gov.vn/index.jsp?pageId=3&id=99863&cid=1294,2025,04/2025,2026-10-08T09:33:47Z
100,277/HQKV2-CNTT,17/04/2025,Chi cục Hải quan khu vực II,V/v đề nghị cung cấp bảng báo giá,99830,305,19,TP_HO_CHI_MINH,null,null,https://files.customs.gov.vn/CustomsCMS/TP_HO_CHI_MINH/2025/4/18/277.signed.pdf,https://www.customs.gov.vn/index.jsp?pageId=3&id=99830&cid=1294,2025,04/2025,2026-10-08T09:33:47Z
101,278/HQKV2-CNTT,17/04/2025,Chi cục Hải quan khu vực II,V/v đề nghị cung cấp bảng báo giá,99831,305,19,TP_HO_CHI_MINH,null,null,https://files.customs.gov.vn/CustomsCMS/TP_HO_CHI_MINH/2025/4/18/278.signed.pdf,https://www.customs.gov.vn/index.jsp?pageId=3&id=99831&cid=1294,2025,04/2025,2026-10-08T09:33:47Z
102,279/HQKV2-CNTT,17/04/2025,Chi cục Hải quan khu vực II,V/v đề nghị cung cấp bảng báo giá,99832,305,19,TP_HO_CHI_MINH,null,null,https://files.customs.gov.vn/CustomsCMS/TP_HO_CHI_MINH/2025/4/18/279.signed.pdf,https://www.customs.gov.vn/index.jsp?pageId=3&id=99832&cid=1294,2025,04/2025,2026-10-08T09:33:47Z
103,280/HQKV2-CNTT,17/04/2025,Chi cục Hải quan khu vực II,V/v đề nghị cung cấp bảng báo giá,99833,305,19,TP_HO_CHI_MINH,null,null,https://files.customs.gov.vn/CustomsCMS/TP_HO_CHI_MINH/2025/4/18/280.signed.pdf,https://www.customs.gov.vn/index.jsp?pageId=3&id=99833&cid=1294,2025,04/2025,2026-10-08T09:33:47Z
104,281/HQKV2-CNTT,17/04/2025,Chi cục Hải quan khu vực II,V/v đề nghị cung cấp bảng báo giá,99834,305,19,TP_HO_CHI_MINH,null,null,https://files.customs.gov.vn/CustomsCMS/TP_HO_CHI_MINH/2025/4/18/281.signed.pdf,https://www.customs.gov.vn/index.jsp?pageId=3&id=99834&cid=1294,2025,04/2025,2026-10-08T09:33:47Z
105,282/HQKV2-CNTT,17/04/2025,Chi cục Hải quan khu vực II,V/v đề nghị cung cấp bảng báo giá,99835,305,19,TP_HO_CHI_MINH,null,null,https://files.customs.gov.vn/CustomsCMS/TP_HO_CHI_MINH/2025/4/18/282.signed.pdf,https://www.customs.gov.vn/index.jsp?pageId=3&id=99835&cid=1294,2025,04/2025,2026-10-08T09:33:47Z
106,283/HQKV2-CNTT,17/04/2025,Chi cục Hải quan khu vực II,V/v đề nghị cung cấp bảng báo giá,99836,305,19,TP_HO_CHI_MINH,null,null,https://files.customs.gov.vn/CustomsCMS/TP_HO_CHI_MINH/2025/4/18/283.signed.pdf,https://www.customs.gov.vn/index.jsp?pageId=3&id=99836&cid=1294,2025,04/2025,2026-10-08T09:33:47Z
107,1729/CHQ-GSQL,11/04/2025,Ban Giám sát quản lý về Hải quan,Vv Giấy phép khai thác khoáng sản (Công ty TNHH Vôi Hạ Long),99789,305,16,DONG_NAI,null,null,https://files.customs.gov.vn/CustomsCMS/DONG_NAI/2025/4/11/1729_CHQ_GSQL_11_04_2025.pdf,https://www.customs.gov.vn/index.jsp?pageId=3&id=99789&cid=1294,2025,04/2025,2026-10-08T09:33:47Z
108,311/TB-HQKV8,11/04/2025,Cục Hải quan tỉnh Quảng Ninh,Thông báo kết quả lựa chọn tổ chức hành nghề đấu giá tài sản,99815,305,19,QUANG_NINH,Phạm Quốc Hưng,11/04/2025,https://files.customs.gov.vn/CustomsCMS/QUANG_NINH/2025/4/16/TB ket qua lua chon to chuc dau gia.pdf,https://www.customs.gov.vn/index.jsp?pageId=3&id=99815&cid=1294,2025,04/2025,2026-10-08T09:33:47Z
109,86/2025/NĐ-CP,11/04/2025,Chính phủ,V/v Quy định chi tiết một số điều của Luật Quản lý ngoại thương về các biện pháp phòng vệ thương mại,100692,305,8,DONG_NAI,null,01/07/2025,https://files.customs.gov.vn/CustomsCMS/DONG_NAI/2025/7/15/86_2025_ND_CP_11_04_2025.pdf,https://www.customs.gov.vn/index.jsp?pageId=3&id=100692&cid=1294,2025,04/2025,2026-10-08T09:33:47Z
110,1391/CHQ-NVTHQ,09/04/2025,Ban Nghiệp vụ thuế HQ,V/v Phân loại hàng hóa (Công ty TNHH Thang máy Mitsubishi Việt Nam),99782,305,16,DONG_NAI,null,null,https://files.customs.gov.vn/CustomsCMS/DONG_NAI/2025/4/9/1391_CHQ_NVTHQ_09_04_2025.pdf,https://www.customs.gov.vn/index.jsp?pageId=3&id=99782&cid=1294,2025,04/2025,2026-10-08T09:33:47Z
111,1392/CHQ-NVTHQ,09/04/2025,Ban Nghiệp vụ thuế HQ,"V/v Phân loại ""xy lanh điện"" (Công ty TNHH Tsubakimoto Việt Nam)",99783,305,16,DONG_NAI,null,null,https://files.customs.gov.vn/CustomsCMS/DONG_NAI/2025/4/9/1392_CHQ_NVTHQ_09_04_2025.pdf,https://www.customs.gov.vn/index.jsp?pageId=3&id=99783&cid=1294,2025,04/2025,2026-10-08T09:33:47Z
112,291/TBXC-CKKV2,09/04/2025,Hải quan cửa khẩu cảng Hải Phòng khu vực 2,Về việc tạm hoãn xuất cảnh,99785,305,19,HAI_PHONG,Trần Trung Đối,09/04/2025,https://files.customs.gov.vn/CustomsCMS/HAI_PHONG/2025/4/9/291 - TB.pdf,https://www.customs.gov.vn/index.jsp?pageId=3&id=99785&cid=1294,2025,04/2025,2026-10-08T09:33:47Z
113,1153/CHQ-NVTHQ,04/04/2025,Ban Nghiệp vụ thuế HQ,V/v Phân loại mặt hàng Bộ cửa nhôm (Công ty TNHH Vĩnh Phát Motors),99764,305,16,DONG_NAI,null,null,https://files.customs.gov.vn/CustomsCMS/DONG_NAI/2025/4/4/1153_CHQ_NVTHQ_04_04_2025.pdf,https://www.customs.gov.vn/index.jsp?pageId=3&id=99764&cid=1294,2025,04/2025,2026-10-08T09:33:47Z
114,134/HQKV18-VP,04/04/2025,Chi cục Hải quan khu vực XVIII,V/v Thông báo trực nghỉ Lễ Giỗ Tổ Hùng Vương và nghỉ lễ 30/4-1/5 năm 2025 (Các doanh nghiệp),99756,305,16,DONG_NAI,null,null,https://files.customs.gov.vn/CustomsCMS/DONG_NAI/2025/4/4/134_HQKV18_VP_04_04_2025.pdf,https://www.customs.gov.vn/index.jsp?pageId=3&id=99756&cid=1294,2025,04/2025,2026-10-08T09:33:47Z
115,147/HQKV2-VP,04/04/2025,Chi cục Hải quan khu vực II,V.v báo giá thẩm định giá gói thầu Mực máy photocopy,99767,305,19,TP_HO_CHI_MINH,null,null,https://files.customs.gov.vn/CustomsCMS/TP_HO_CHI_MINH/2025/4/8/147.signed.pdf,https://www.customs.gov.vn/index.jsp?pageId=3&id=99767&cid=1294,2025,04/2025,2026-10-08T09:33:47Z
116,157/HQKV2-CNTT,04/04/2025,Chi cục Hải quan khu vực II,V/v cung cấp bảng báo giá,99770,305,19,TP_HO_CHI_MINH,null,null,https://files.customs.gov.vn/CustomsCMS/TP_HO_CHI_MINH/2025/4/8/157.signed.pdf,https://www.customs.gov.vn/index.jsp?pageId=3&id=99770&cid=1294,2025,04/2025,2026-10-08T09:33:47Z
117,88/KTSTQ-Đ1,04/04/2025,Chi cục Kiểm tra sau thông quan,V/v  thu hồi giấy chứng nhận đăng ký kinh doanh,99780,305,16,TONG_CUC,Nguyễn Hồng Linh,null,https://files.customs.gov.vn/CustomsCMS/TONG_CUC/2025/4/9/88.KTSTQ.pdf,https://www.customs.gov.vn/index.jsp?pageId=3&id=99780&cid=1294,2025,04/2025,2026-10-08T09:33:47Z
118,7/TB-HQKV2,03/04/2025,Chi cục Hải quan khu vực II,V/v triển khai Chương trình khuyến khích doanh nghiệp tự nguyện tuân thủ pháp luật Hải quan,99768,305,19,TP_HO_CHI_MINH,null,null,"https://files.customs.gov.vn/CustomsCMS/TP_HO_CHI_MINH/2025/4/8/07.signed.pdf,/CustomsCMS/TP_HO_CHI_MINH/2025/4/8/DsDNTuanthu_TB07.xlsx",https://www.customs.gov.vn/index.jsp?pageId=3&id=99768&cid=1294,2025,04/2025,2026-10-08T09:33:47Z
119,112/HQKV2-CNTT,02/04/2025,Chi cục Hải quan khu vực II,V/v cung cấp bảng báo giá,99732,305,16,TP_HO_CHI_MINH,null,null,https://files.customs.gov.vn/CustomsCMS/TP_HO_CHI_MINH/2025/4/3/14112.signed.pdf,https://www.customs.gov.vn/index.jsp?pageId=3&id=99732&cid=1294,2025,04/2025,2026-10-08T09:33:47Z
120,113/HQKV2-CNTT,02/04/2025,V/v cung cấp bảng báo giá,V/v cung cấp bảng báo giá,99734,305,16,TP_HO_CHI_MINH,null,null,https://files.customs.gov.vn/CustomsCMS/TP_HO_CHI_MINH/2025/4/3/113.signed.pdf,https://www.customs.gov.vn/index.jsp?pageId=3&id=99734&cid=1294,2025,04/2025,2026-10-08T09:33:47Z
121,114/HQKV2-CNTT,02/04/2025,Chi cục Hải quan khu vực II,V/v cung cấp bảng báo giá,99769,305,19,TP_HO_CHI_MINH,null,null,https://files.customs.gov.vn/CustomsCMS/TP_HO_CHI_MINH/2025/4/8/114.signed.pdf,https://www.customs.gov.vn/index.jsp?pageId=3&id=99769&cid=1294,2025,04/2025,2026-10-08T09:33:47Z
122,115/HQKV2-CNTT,02/04/2025,Chi cục Hải quan khu vực II,V/v cung cấp bảng báo giá,99735,305,16,TP_HO_CHI_MINH,null,null,https://files.customs.gov.vn/CustomsCMS/TP_HO_CHI_MINH/2025/4/3/115.signed.pdf,https://www.customs.gov.vn/index.jsp?pageId=3&id=99735&cid=1294,2025,04/2025,2026-10-08T09:33:47Z
123,116/HQKV2-CNTT,02/04/2025,Chi cục Hải quan khu vực II,V/v cung cấp bảng báo giá,99736,305,16,TP_HO_CHI_MINH,Bùi Tuấn Hải,null,https://files.customs.gov.vn/CustomsCMS/TP_HO_CHI_MINH/2025/4/3/116.signed.pdf,https://www.customs.gov.vn/index.jsp?pageId=3&id=99736&cid=1294,2025,04/2025,2026-10-08T09:33:47Z
124,117/HQKV2-CNTT,02/04/2025,Chi cục Hải quan khu vực II,V/v cung cấp bảng báo giá,99737,305,16,TP_HO_CHI_MINH,null,null,https://files.customs.gov.vn/CustomsCMS/TP_HO_CHI_MINH/2025/4/3/117.signed.pdf,https://www.customs.gov.vn/index.jsp?pageId=3&id=99737&cid=1294,2025,04/2025,2026-10-08T09:33:47Z
125,118/HQKV2-CNTT,02/04/2025,Chi cục Hải quan khu vực II,V/v cung cấp bảng báo giá,99738,305,16,TP_HO_CHI_MINH,Bùi Tuấn Hải,null,https://files.customs.gov.vn/CustomsCMS/TP_HO_CHI_MINH/2025/4/3/118.signed.pdf,https://www.customs.gov.vn/index.jsp?pageId=3&id=99738&cid=1294,2025,04/2025,2026-10-08T09:33:47Z
126,119/HQKV2-CNTT,02/04/2025,Chi cục Hải quan khu vực II,V/v cung cấp bảng báo giá,99739,305,16,TP_HO_CHI_MINH,Bùi Tuấn Hải,null,https://files.customs.gov.vn/CustomsCMS/TP_HO_CHI_MINH/2025/4/3/119.signed.pdf,https://www.customs.gov.vn/index.jsp?pageId=3&id=99739&cid=1294,2025,04/2025,2026-10-08T09:33:47Z
127,120/HQKV2-CNTT,02/04/2025,Chi cục Hải quan khu vực II,V/v cung cấp bảng báo giá,99740,305,16,TP_HO_CHI_MINH,Bùi Tuấn Hải,null,https://files.customs.gov.vn/CustomsCMS/TP_HO_CHI_MINH/2025/4/3/120.signed.pdf,https://www.customs.gov.vn/index.jsp?pageId=3&id=99740&cid=1294,2025,04/2025,2026-10-08T09:33:47Z
128,121/HQKV2-CNTT,02/04/2025,Chi cục Hải quan khu vực II,V/v cung cấp bảng báo giá,99741,305,16,TP_HO_CHI_MINH,Bùi Tuấn Hải,null,https://files.customs.gov.vn/CustomsCMS/TP_HO_CHI_MINH/2025/4/3/121.signed.pdf,https://www.customs.gov.vn/index.jsp?pageId=3&id=99741&cid=1294,2025,04/2025,2026-10-08T09:33:47Z
129,122/HQKV2-CNTT,02/04/2025,Chi cục Hải quan khu vực II,V/v cung cấp bảng báo giá,99742,305,16,TP_HO_CHI_MINH,Bùi Tuấn Hải,null,https://files.customs.gov.vn/CustomsCMS/TP_HO_CHI_MINH/2025/4/3/122.signed.pdf,https://www.customs.gov.vn/index.jsp?pageId=3&id=99742&cid=1294,2025,04/2025,2026-10-08T09:33:47Z
130,123/HQKV2-CNTT,02/04/2025,Chi cục Hải quan khu vực II,V/v cung cấp bảng báo giá,99743,305,16,TP_HO_CHI_MINH,Bùi Tuấn Hải,null,https://files.customs.gov.vn/CustomsCMS/TP_HO_CHI_MINH/2025/4/3/123.signed.pdf,https://www.customs.gov.vn/index.jsp?pageId=3&id=99743&cid=1294,2025,04/2025,2026-10-08T09:33:47Z
131,124/HQKV2-CNTT,02/04/2025,Chi cục Hải quan khu vực II,V/v cung cấp bảng báo giá,99744,305,16,TP_HO_CHI_MINH,Bùi Tuấn Hải,null,https://files.customs.gov.vn/CustomsCMS/TP_HO_CHI_MINH/2025/4/3/124.signed.pdf,https://www.customs.gov.vn/index.jsp?pageId=3&id=99744&cid=1294,2025,04/2025,2026-10-08T09:33:47Z
132,125/HQKV2-CNTT,02/04/2025,Chi cục Hải quan khu vực II,V/v cung cấp bảng báo giá,99745,305,16,TP_HO_CHI_MINH,Bùi Tuấn Hải,null,https://files.customs.gov.vn/CustomsCMS/TP_HO_CHI_MINH/2025/4/3/125.signed.pdf,https://www.customs.gov.vn/index.jsp?pageId=3&id=99745&cid=1294,2025,04/2025,2026-10-08T09:33:47Z
133,126/HQKV2-CNTT,02/04/2025,Chi cục Hải quan khu vực II,V/v cung cấp bảng báo giá,99746,305,16,TP_HO_CHI_MINH,Bùi Tuấn Hải,null,https://files.customs.gov.vn/CustomsCMS/TP_HO_CHI_MINH/2025/4/3/126.signed.pdf,https://www.customs.gov.vn/index.jsp?pageId=3&id=99746&cid=1294,2025,04/2025,2026-10-08T09:33:47Z
134,127/HQKV2-CNTT,02/04/2025,Chi cục Hải quan khu vực II,V/v cung cấp bảng báo giá,99747,305,16,TP_HO_CHI_MINH,Bùi Tuấn Hải,null,https://files.customs.gov.vn/CustomsCMS/TP_HO_CHI_MINH/2025/4/3/127.signed.pdf,https://www.customs.gov.vn/index.jsp?pageId=3&id=99747&cid=1294,2025,04/2025,2026-10-08T09:33:47Z
135,128/HQKV2-CNTT,02/04/2025,Chi cục Hải quan khu vực II,V/v cung cấp bảng báo giá,99748,305,16,TP_HO_CHI_MINH,Bùi Tuấn Hải,null,https://files.customs.gov.vn/CustomsCMS/TP_HO_CHI_MINH/2025/4/3/128.signed.pdf,https://www.customs.gov.vn/index.jsp?pageId=3&id=99748&cid=1294,2025,04/2025,2026-10-08T09:33:47Z
136,129/HQKV2-CNTT,02/04/2025,Chi cục Hải quan khu vực II,V/v cung cấp bảng báo giá,99749,305,16,TP_HO_CHI_MINH,Bùi Tuấn Hải,null,https://files.customs.gov.vn/CustomsCMS/TP_HO_CHI_MINH/2025/4/3/129.signed.pdf,https://www.customs.gov.vn/index.jsp?pageId=3&id=99749&cid=1294,2025,04/2025,2026-10-08T09:33:47Z
137,914/QĐ-BCT,01/04/2025,Bộ Công Thương,V/v Áp dụng thuế chống bán phá giá tạm thời đối với một số sản phẩm thép mạ có xuất xứ từ Cộng hòa nhân dân Trung Hoa và Đại Hàn Dân Quốc,99750,305,10,DONG_NAI,null,null,https://files.customs.gov.vn/CustomsCMS/DONG_NAI/2025/4/3/914_QD_BCT_01_04_2025.pdf,https://www.customs.gov.vn/index.jsp?pageId=3&id=99750&cid=1294,2025,04/2025,2026-10-08T09:33:47Z
138,31/2025/TT-BTC,31/05/2025,Bộ Tài chính,"V/v Sửa đổi, bổ sung một số điều của Thông tư số 23/2021/TT-BTC ngày 30 tháng 3 năm 2021 của Bộ trưởng Bộ Tài chính hướng dẫn việc in, phát hành, quản lý và sử dụng tem điện tử rượu và tem điện tử thuốc lá",100297,305,4,DONG_NAI,null,01/06/2025,https://files.customs.gov.vn/CustomsCMS/DONG_NAI/2025/6/6/31_2025_TT_BTC_31_05_2025.pdf,https://www.customs.gov.vn/index.jsp?pageId=3&id=100297&cid=1294,2025,05/2025,2026-10-08T09:33:47Z
139,1892/QĐ-BTC,30/05/2025,Bộ Tài chính,"Quyết định 1892/QĐ-BTC ngày 30/5/2025 của Bộ Tài chính sửa đổi, bổ sung các Quyết định quy định chức năng, nhiệm vụ, quyền hạn và cơ cấu tổ chức của đơn vị thuộc Bộ Tài chính",100500,305,10,TONG_CUC,Nguyễn Văn Thắng,01/06/2025,https://files.customs.gov.vn/CustomsCMS/TONG_CUC/2025/7/1/VB_1892.pdf,https://www.customs.gov.vn/index.jsp?pageId=3&id=100500&cid=1294,2025,05/2025,2026-10-08T09:33:47Z
140,1913/QĐ-BTC,30/05/2025,Bộ Tài chính,"V/v Công bố thủ tục hành chính mới ban hành, được sửa đổi, bổ sung, bị bãi bỏ trong lĩnh vực quản lý Thuế, Hải quan thuộc phạm vi chức năng quản lý của Bộ Tài chính",100397,305,10,DONG_NAI,null,null,https://files.customs.gov.vn/CustomsCMS/DONG_NAI/2025/6/18/1913_QD_BTC_30_05_2025.pdf,https://www.customs.gov.vn/index.jsp?pageId=3&id=100397&cid=1294,2025,05/2025,2026-10-08T09:33:47Z
141,QĐ 1913/QĐ-BTC,30/05/2025,Bộ Tài Chính,"Quyết định 1913/QĐ-BTC ngày 30/05/2025 công bố thủ tục hành chính mới, được sửa đổi, bổ sung, bị bãi bỏ trong lĩnh vực Quản lý Thuế, Hải quan thuộc phạm vi chức năng quản lý của Bộ Tài chính",100479,305,10,TP_HO_CHI_MINH,Cao Anh Tuấn,null,https://files.customs.gov.vn/CustomsCMS/TP_HO_CHI_MINH/2025/6/30/1913QD-BTC.pdf,https://www.customs.gov.vn/index.jsp?pageId=3&id=100479&cid=1294,2025,05/2025,2026-10-08T09:33:47Z
142,163/QĐ-HQKV11,28/05/2025,Chi cục Hải quan khu vực XI,V/v công bố công khai bổ sung dự toán chi NSNN năm 2025 của Chi cục Hải quan khu vực XI,100182,305,10,HA_TINH,Đ/c Bùi Thanh San,null,https://files.customs.gov.vn/CustomsCMS/HA_TINH/2025/5/28/QD165.pdf,https://www.customs.gov.vn/index.jsp?pageId=3&id=100182&cid=1294,2025,05/2025,2026-10-08T09:33:47Z
143,29/2025/TT-BTC,26/05/2025,Bộ Tài chính,"V/v Sửa đổi, bổ sung một số điều của Thông tư số 191/2015/TT-BTC ngày 24 tháng 11 năm 2015 quy định thủ tục hải quan đối với hàng hóa xuất khẩu, nhập khẩu, quá cảnh gửi qua dịch vụ chuyển phát nhanh quốc tế đã được sửa đổi, bổ sung tại Thông tư số 56/2019/TT-BTC ngày 23 tháng 8 năm 2019 của Bộ trưởng Bộ Tài chính",100693,305,4,DONG_NAI,null,09/07/2025,https://files.customs.gov.vn/CustomsCMS/DONG_NAI/2025/7/15/29_2025_TT_BTC_26_05_2025.pdf,https://www.customs.gov.vn/index.jsp?pageId=3&id=100693&cid=1294,2025,05/2025,2026-10-08T09:33:47Z
144,624/HQKV7-VP,26/05/2025,Chi cục Hải quan khu vực VII,Mời khảo sát và cung cấp báo giá,100160,305,19,LAO_CAI,Trần Phú Cương,null,https://files.customs.gov.vn/CustomsCMS/LAO_CAI/2025/5/26/624-HQKV7-VP moi khao sat va cung cap bao gia.pdf,https://www.customs.gov.vn/index.jsp?pageId=3&id=100160&cid=1294,2025,05/2025,2026-10-08T09:33:47Z
145,6232/CHQ-GSQL,23/05/2025,Ban Giám sát quản lý về Hải quan,V/v Hướng dẫn nhập khẩu (Công ty TNHH Liên vận Quốc tế),100153,305,16,DONG_NAI,null,null,https://files.customs.gov.vn/CustomsCMS/DONG_NAI/2025/5/26/6232_CHQ_GSQL_23_05_2025.pdf,https://www.customs.gov.vn/index.jsp?pageId=3&id=100153&cid=1294,2025,05/2025,2026-10-08T09:33:47Z
146,80/QĐ-HQKV13,23/05/2025,Chi cục Hải quan khu vực XIII,Quyết định công bố Hệ thống quản lý chất lượng phù hợp Tiêu chuẩn quốc gia TCVN ISO 9001:2015,101119,305,10,KHANH_HOA,null,null,https://files.customs.gov.vn/CustomsCMS/KHANH_HOA/2025/8/27/80-HQKV13-QD_cong_bo_HTQLCL_ISO9001.2015.pdf,https://www.customs.gov.vn/index.jsp?pageId=3&id=101119&cid=1294,2025,05/2025,2026-10-08T09:33:47Z
147,5847/CHQ-TVQT,22/05/2025,Tổng cục Hải quan,Công khai giao bổ sung chi NSNN năm 2025 của Cục Hải quan,100176,305,16,TONG_CUC,Trịnh Văn Nhuận,null,https://files.customs.gov.vn/CustomsCMS/TONG_CUC/2025/5/27/VB_5847.pdf,https://www.customs.gov.vn/index.jsp?pageId=3&id=100176&cid=1294,2025,05/2025,2026-10-08T09:33:47Z
148,595/HQKV7-VP,22/05/2025,Chi cục Hải quan khu vực VII,Mời khảo sát và cung cấp báo giá,100159,305,19,LAO_CAI,Trần Phú Cương,null,https://files.customs.gov.vn/CustomsCMS/LAO_CAI/2025/5/26/349595-HQKV7-VP moi khao sat va cung cap bao gia.pdf,https://www.customs.gov.vn/index.jsp?pageId=3&id=100159&cid=1294,2025,05/2025,2026-10-08T09:33:47Z
149,29/2025/TT-BCT,20/05/2025,Bộ Công Thương,"V/v Sửa đổi, bổ sung một số điều của Thông tư số 07/2022/TT-BCT ngày 23 tháng 3 năm 2022 của Bộ trưởng Bộ Công Thương hướng dẫn thực hiện các biện pháp phòng vệ thương mại trong Hiệp định đối tác Kinh tế Toàn diện Khu vực",100104,305,4,DONG_NAI,null,01/07/2025,https://files.customs.gov.vn/CustomsCMS/DONG_NAI/2025/5/20/29_2025_TT_BCT_15_05_2025.pdf,https://www.customs.gov.vn/index.jsp?pageId=3&id=100104&cid=1294,2025,05/2025,2026-10-08T09:33:47Z
150,5639/TB-CHQ,20/05/2025,Tổng cục Hải quan,Về việc phát hành tem rượu điện tử,100175,305,19,TONG_CUC,Trịnh Văn Nhuận,null,https://files.customs.gov.vn/CustomsCMS/TONG_CUC/2025/5/27/VB_5639.pdf,https://www.customs.gov.vn/index.jsp?pageId=3&id=100175&cid=1294,2025,05/2025,2026-10-08T09:33:47Z
151,421/TB-HQKH13,19/05/2025,Chi cục Hải quan khu vực XIII,Thông báo niêm yết thủ tục hành chính trong lĩnh vực Hải quan bằng mã QR code,100143,305,19,KHANH_HOA,null,null,https://files.customs.gov.vn/CustomsCMS/KHANH_HOA/2025/5/23/421-TBboTTHCmoi1474.pdf,https://www.customs.gov.vn/index.jsp?pageId=3&id=100143&cid=1294,2025,05/2025,2026-10-08T09:33:47Z
152,544/KVIII-DTT,19/05/2025,Chi cục Hải quan,Thông báo mất tờ khai,100173,305,16,TONG_CUC,Lê Văn Triển,null,https://files.customs.gov.vn/CustomsCMS/TONG_CUC/2025/5/27/VB_544.pdf,https://www.customs.gov.vn/index.jsp?pageId=3&id=100173&cid=1294,2025,05/2025,2026-10-08T09:33:47Z
153,728?KVXI-NV,19/05/2025,Chi cục Hải quan,Công khai doanh nghiệp nợ thuế,100174,305,16,TONG_CUC,Nguyễn Thành Trung,null,https://files.customs.gov.vn/CustomsCMS/TONG_CUC/2025/5/27/VB_728.pdf,https://www.customs.gov.vn/index.jsp?pageId=3&id=100174&cid=1294,2025,05/2025,2026-10-08T09:33:47Z
154,03/2025/TT-BNNMT,16/05/2025,Bộ Nông nghiệp và Môi trường,"V/v Sửa đổi, bổ sung Thông tư số 25/2024/TT-BNNPTNT ngày 16/12/2024 của Bộ trưởng Bộ Nông nghiệp và Phát triển nông thôn về ban hành Danh mục thuốc bảo vệ thực vật và được phép sử dụng tại Việt Nam và Danh mục thuốc bảo vệ thực vật cấm sử dụng tại Việt Nam",100094,305,4,DONG_NAI,null,02/07/2025,https://files.customs.gov.vn/CustomsCMS/DONG_NAI/2025/5/20/03_2025_TT_BNNMT_16_05_2025.pdf,https://www.customs.gov.vn/index.jsp?pageId=3&id=100094&cid=1294,2025,05/2025,2026-10-08T09:33:47Z
155,12/2025/TT-BYT,16/05/2025,Bộ Y tế,"V/v Quy định việc đăng ký lưu hành thuốc, nguyên liệu làm thuốc",100825,305,4,DONG_NAI,null,01/07/2025,https://files.customs.gov.vn/CustomsCMS/DONG_NAI/2025/7/29/12_2025_TT_BYT_16_05_2025.pdf,https://www.customs.gov.vn/index.jsp?pageId=3&id=100825&cid=1294,2025,05/2025,2026-10-08T09:33:47Z
156,543/HQKVX-NVHQ,16/05/2025,Chi cục Hải quan,Báo cáo danh sách doanh nghiệp nợ thuế,100172,305,16,TONG_CUC,Trần Văn Tráng,null,https://files.customs.gov.vn/CustomsCMS/TONG_CUC/2025/5/27/VB_543.pdf,https://www.customs.gov.vn/index.jsp?pageId=3&id=100172&cid=1294,2025,05/2025,2026-10-08T09:33:47Z
157,026/2025/TT-BCT,15/05/2025,Bộ Công Thương,V/v Quy định chi tiết một số nội dung về các biện pháp phòng vệ thương mại,100827,305,4,DONG_NAI,null,01/07/2025,https://files.customs.gov.vn/CustomsCMS/DONG_NAI/2025/7/29/26_2025_QD_BCT_15_05_2025.pdf,https://www.customs.gov.vn/index.jsp?pageId=3&id=100827&cid=1294,2025,05/2025,2026-10-08T09:33:47Z
158,027/2025/TT-BCT,15/05/2025,Bộ Công Thương,"V/v Sửa đổi, bổ sung một số điều của Thông tư số 14/2021/TT-BCT ngày 29 tháng 10 năm 2021 của Bộ trưởng Bộ Công Thương hướng dẫn thực hiện Hiệp định Thương mại tự do giữa Cộng hòa xã hội chủ nghĩa Việt Nam và Liên hiệp Vương quốc Anh và Bắc Ai-len về phòng vệ thương mại",100828,305,4,DONG_NAI,null,01/07/2025,https://files.customs.gov.vn/CustomsCMS/DONG_NAI/2025/7/29/27_2025_QD_BCT_15_05_2025.pdf,https://www.customs.gov.vn/index.jsp?pageId=3&id=100828&cid=1294,2025,05/2025,2026-10-08T09:33:47Z
159,028/2025/TT-BCT,15/05/2025,Bộ Công Thương,"V/v Sửa đổi, bổ sung một số điều của Thông tư số 30/2020/TT-BCT ngày 26 tháng 11 năm 2020 của Bộ trưởng Bộ Công Thương hướng dẫn thực hiện Hiệp định thương mại tự do giữa Cộng hòa xã hội chủ nghĩa Việt Nam và Liên minh Châu Âu về phòng vệ thương mại",100829,305,4,DONG_NAI,null,01/07/2025,https://files.customs.gov.vn/CustomsCMS/DONG_NAI/2025/7/29/28_2025_QD_BCT_15_05_2025.pdf,https://www.customs.gov.vn/index.jsp?pageId=3&id=100829&cid=1294,2025,05/2025,2026-10-08T09:33:47Z
160,26/2025/TT-BCT,15/05/2025,Bộ Công Thương,Thông tư số 26/2025/TT-BCT của Bộ Công thương: Quy định chi tiết một số nội dung về các biện pháp phòng vệ thương mại,100170,305,4,TONG_CUC,Nguyễn Sinh Nhật Tân,null,https://files.customs.gov.vn/CustomsCMS/TONG_CUC/2025/5/27/1_TT_2025_26.pdf,https://www.customs.gov.vn/index.jsp?pageId=3&id=100170&cid=1294,2025,05/2025,2026-10-08T09:33:47Z
161,29/2025/TT-BCT,15/05/2025,Bộ Công Thương,"Thông tư số 29/2025/TT-BCT của Bộ Công thương: Sửa đổi, bổ sung một số điều của Thông tư số 07/2022/TT-BCT ngày 23 tháng 3 năm 2022 của Bộ trưởng Bộ Công Thương hướng dẫn thực hiện các biện pháp phòng vệ thương mại trong Hiệp định Đối tác Kinh tế Toàn diện Khu vực",100171,305,4,TONG_CUC,Nguyễn Sinh Nhật Tân,null,https://files.customs.gov.vn/CustomsCMS/TONG_CUC/2025/5/27/TT29.2025.pdf,https://www.customs.gov.vn/index.jsp?pageId=3&id=100171&cid=1294,2025,05/2025,2026-10-08T09:33:47Z
162,30/2025/TT-BCT,15/05/2025,Bộ Công Thương,"V/v Sửa đổi, bổ sung một số điều của Thông tư số 19/2019/TT-BCT ngày 30 tháng 9 năm 2019 của Bộ trưởng Bộ Công Thương quy định về áp dụng các biện pháp tự vệ đặc biệt để thực thi Hiệp định Đối tác Toàn diện và Tiến bộ xuyên Thái Bình Dương",100093,305,4,DONG_NAI,null,01/07/2025,https://files.customs.gov.vn/CustomsCMS/DONG_NAI/2025/5/20/30_2025_TT_BCT_15_05_2025.pdf,https://www.customs.gov.vn/index.jsp?pageId=3&id=100093&cid=1294,2025,05/2025,2026-10-08T09:33:47Z
163,Dự thảo,13/05/2025,Quốc Hội,"V/v Dự thảo Nghị quyết sửa đổi, bổ sung một số điều của Hiến pháp nước Cộng hòa xã hội chủ nghĩa Việt Nam năm 2013",100054,305,7,DONG_NAI,null,null,https://files.customs.gov.vn/CustomsCMS/DONG_NAI/2025/5/13/DT_NQHP2013_13052025.pdf,https://www.customs.gov.vn/index.jsp?pageId=3&id=100054&cid=1294,2025,05/2025,2026-10-08T09:33:47Z
164,143/QĐ-HQKV11,12/05/2025,Chi cục Hải quan khu vực XI,"Quyết định V/v công khai điều chỉnh dự toán thu, chi NSNN năm 2025",100037,305,10,HA_TINH,Đ/c Bùi Thanh San,null,https://files.customs.gov.vn/CustomsCMS/HA_TINH/2025/5/13/qd143.pdf,https://www.customs.gov.vn/index.jsp?pageId=3&id=100037&cid=1294,2025,05/2025,2026-10-08T09:33:47Z
165,4462/CHQ-TVQT,09/05/2025,Cục Hải quan,"Công khai giao, điều chỉnh dự toán thu, chi NSNN năm 2025 của Cục Hải quan",100022,305,16,TONG_CUC,null,null,https://files.customs.gov.vn/CustomsCMS/TONG_CUC/2025/5/12/VB_4462.pdf,https://www.customs.gov.vn/index.jsp?pageId=3&id=100022&cid=1294,2025,05/2025,2026-10-08T09:33:47Z
166,432/TB-HQKV7,08/05/2025,Chi cục Hải quan khu vực VII,Thông báo Lịch tiếp công dân của Chi cục Hải quan khu vực VII năm 2025,100014,305,19,LAO_CAI,null,null,https://files.customs.gov.vn/CustomsCMS/LAO_CAI/2025/5/9/432.TCCB.PDF,https://www.customs.gov.vn/index.jsp?pageId=3&id=100014&cid=1294,2025,05/2025,2026-10-08T09:33:47Z
167,287/QĐ-HQKV3,06/05/2025,Chi cục Hải quan khu vực III,Quyết định về việc Công bố công khai điều chỉnh dự toán ngân sách nhà nước năm 2025 của Chi cục Hải quan khu vực III,100069,305,10,HAI_PHONG,null,null,https://files.customs.gov.vn/CustomsCMS/HAI_PHONG/2025/5/15/2025-05-15-11-13-43-01.pdf,https://www.customs.gov.vn/index.jsp?pageId=3&id=100069&cid=1294,2025,05/2025,2026-10-08T09:33:47Z
168,288/QĐ-HQKV3,06/05/2025,Chi cục Hải quan khu vực III,"Quyết định ban hành Chương trình thực hành tiết kiệm, chống lãng phí năm 2025 của Chi cục Hải quan khu vực III",100154,305,10,HAI_PHONG,Trần Mạnh Cường,null,https://files.customs.gov.vn/CustomsCMS/HAI_PHONG/2025/5/26/2025-05-26-10-04-36-01.pdf,https://www.customs.gov.vn/index.jsp?pageId=3&id=100154&cid=1294,2025,05/2025,2026-10-08T09:33:47Z
169,68/QĐ-HQKV13,06/05/2025,Chi cục Hải quan khu vực XIII,"Quyết định công bố công khai điều chỉnh dự toán thu, chi NSNN năm 2025 của Chi cục Hải quan khu vực XIII",100346,305,10,KHANH_HOA,null,null,https://files.customs.gov.vn/CustomsCMS/KHANH_HOA/2025/6/13/68-HQKV13-QD-congkhai-dieu-chinh-du-toan-thu-chiNSNN .pdf,https://www.customs.gov.vn/index.jsp?pageId=3&id=100346&cid=1294,2025,05/2025,2026-10-08T09:33:47Z
170,472/HQKV1-NVHQ,05/05/2025,Chi cục Hải quan khu vực I,"Phát hành, sử dụng biên lai thuế, lệ phí hải quan",100024,305,16,TONG_CUC,null,null,https://files.customs.gov.vn/CustomsCMS/TONG_CUC/2025/5/12/472. Phat hanh Sd Bien lai Thue Le phi HQ.pdf,https://www.customs.gov.vn/index.jsp?pageId=3&id=100024&cid=1294,2025,05/2025,2026-10-08T09:33:47Z
171,117/QĐ-HQKV13,30/06/2025,Chi cục Hải quan khu vực XIII,"Quyết định ban hành Kế hoạch thực hiện Chương trình hành động của Chính phủ và chi tiết triển khai từng nhiệm vụ mục tiêu, nhiệm vụ Nghị quyết số 48-NQ/TU ngày 20/02/2025 của Ban Chấp hành Đảng bộ tỉnh Khánh Hòa thực hiện Nghị quyết số 57-NQ/TW ngày 22/12/2024 của Bộ Chính trị về đột phá phát triển khoa học, công nghệ, đổi mới sáng tạo và chuyển đổi số quốc gia của Chi cục Hải quan khu vực XIII",100497,305,10,KHANH_HOA,null,null,https://files.customs.gov.vn/CustomsCMS/KHANH_HOA/2025/7/1/117-QDchuong-trinh-thuc-hien-NQ48.pdf,https://www.customs.gov.vn/index.jsp?pageId=3&id=100497&cid=1294,2025,06/2025,2026-10-08T09:33:47Z
172,2219/QĐ-BTC,30/06/2025,Bộ Tài chính,"Về việc tổ chức, triển khai hoạt động của Cục Hải quan",100560,305,10,TONG_CUC,Nguyễn Đức Chi,30/06/2025,,https://www.customs.gov.vn/index.jsp?pageId=3&id=100560&cid=1294,2025,06/2025,2026-10-08T09:33:47Z
173,242,30/06/2025,Hải quan Khu chế xuất và Khu công nghiệp Hải Phòng,Thông báo mã bộ phận xử lý tờ khai,100475,305,19,HAI_PHONG,null,null,,https://www.customs.gov.vn/index.jsp?pageId=3&id=100475&cid=1294,2025,06/2025,2026-10-08T09:33:47Z
174,44/TB-HQKV2,30/06/2025,Chi cục Hải quan khu vực II,"Về việc thông tin liên hệ, cơ cấu tổ chức bộ máy mới của Chi cục Hải quan khu vực II từ ngày 01/7/2025",100520,305,19,TP_HO_CHI_MINH,null,null,https://files.customs.gov.vn/CustomsCMS/TP_HO_CHI_MINH/2025/7/1/44.signed.pdf,https://www.customs.gov.vn/index.jsp?pageId=3&id=100520&cid=1294,2025,06/2025,2026-10-08T09:33:47Z
175,45/TB-HQKV2,30/06/2025,Chi cục Hải quan khu vực II,Về việc chuyển đổi mô hình tổ chức bộ máy mới,100517,305,19,TP_HO_CHI_MINH,null,null,https://files.customs.gov.vn/CustomsCMS/TP_HO_CHI_MINH/2025/7/1/45.signed.pdf,https://www.customs.gov.vn/index.jsp?pageId=3&id=100517&cid=1294,2025,06/2025,2026-10-08T09:33:47Z
176,813/QĐ-CHQ,30/06/2025,Cục Hải quan,"Ban hành Quy định tạm thời về định dạng thông điệp dữ liệu tờ khai hàng hóa xuất khẩu, nhập khẩu trị giá thấp gửi qua dịch vụ chuyển phát nhanh quốc tế",100623,305,19,TONG_CUC,Trần Đức Hùng,30/06/2025,"https://files.customs.gov.vn/CustomsCMS/TONG_CUC/2025/7/9/QD 813.pdf,/CustomsCMS/TONG_CUC/2025/7/9/Quy định chuan.pdf,/CustomsCMS/TONG_CUC/2025/7/9/Phu luc 3.pdf,/CustomsCMS/TONG_CUC/2025/7/9/Phu luc 1.pdf,/CustomsCMS/TONG_CUC/2025/7/9/Phu luc 2.pdf",https://www.customs.gov.vn/index.jsp?pageId=3&id=100623&cid=1294,2025,06/2025,2026-10-08T09:33:47Z
177,819/QĐ-CHQ,30/06/2025,Cục Hải quan,"Quyết định 819/QĐ-CHQ của Cục Hải quan ngày 30/6/2025 về việc quy định chức năng, nhiệm vụ, quyền hạn và cơ cấu tổ chức của Chi cục Hải quan khu vực thuộc Cục Hải quan",100501,305,10,TONG_CUC,Nguyễn Văn Thọ,01/07/2025,https://files.customs.gov.vn/CustomsCMS/TONG_CUC/2025/7/1/VB_819.pdf.PDF,https://www.customs.gov.vn/index.jsp?pageId=3&id=100501&cid=1294,2025,06/2025,2026-10-08T09:33:47Z
178,820/QĐ-CHQ,30/06/2025,Cục Hải quan,"Quyết định 820/QĐ-CHQ của Cục Hải quan ngày 30/6/2025 về việc quy định chức năng, nhiệm vụ, quyền hạn và cơ cấu tổ chức của Chi cục Điều tra chống buôn lậu thuộc Cục Hải quan",100502,305,10,TONG_CUC,Nguyễn Văn Thọ,01/07/2025,https://files.customs.gov.vn/CustomsCMS/TONG_CUC/2025/7/1/VB_820.pdf.PDF,https://www.customs.gov.vn/index.jsp?pageId=3&id=100502&cid=1294,2025,06/2025,2026-10-08T09:33:47Z
179,821/QĐ-CHQ,30/06/2025,Cục Hải quan,"Quyết định 821/QĐ-CHQ của Cục Hải quan ngày 30/6/2025 về việc quy định chức năng, nhiệm vụ, quyền hạn và cơ cấu tổ chức của Chi cục Kiểm tra sau thông quan thuộc Cục Hải quan",100503,305,10,TONG_CUC,Nguyễn Văn Thọ,01/07/2025,https://files.customs.gov.vn/CustomsCMS/TONG_CUC/2025/7/1/VB_821.pdf.PDF,https://www.customs.gov.vn/index.jsp?pageId=3&id=100503&cid=1294,2025,06/2025,2026-10-08T09:33:47Z
180,822/QĐ-CHQ,30/06/2025,Cục Hải quan,"Quyết định 822/QĐ-CHQ của Cục Hải quan ngày 30/6/2025 về việc quy định chức năng, nhiệm vụ, quyền hạn và cơ cấu tổ chức của Chi cục Kiểm định hải quan thuộc Cục Hải quan",100504,305,10,TONG_CUC,Nguyễn Văn Thọ,01/07/2025,https://files.customs.gov.vn/CustomsCMS/TONG_CUC/2025/7/1/VB_822.pdf.PDF,https://www.customs.gov.vn/index.jsp?pageId=3&id=100504&cid=1294,2025,06/2025,2026-10-08T09:33:47Z
181,823/QĐ-CHQ,30/06/2025,Cục Hải quan,"Quyết định 823/QĐ-CHQ ngày 30/6/2025 của Cục Hải quan về việc sửa đổi, bổ sung các Quyết định quy định chức năng, nhiệm vụ, quyền hạn và cơ cấu tổ chức của đơn vị thuộc Cục Hải quan",100505,305,10,TONG_CUC,Nguyễn Văn Thọ,30/06/2025,https://files.customs.gov.vn/CustomsCMS/TONG_CUC/2025/7/1/VB_823.pdf.PDF,https://www.customs.gov.vn/index.jsp?pageId=3&id=100505&cid=1294,2025,06/2025,2026-10-08T09:33:47Z
182,824/QĐ-CHQ,30/06/2025,Cục Hải quan,"Quyết định 824/QĐ-CHQ ngày 30/6/2025 của Cục Hải quan ban hành Quy định chức năng, nhiệm vụ, quyền hạn của các Phòng thuộc Chi cục Điều tra chống buôn lậu",100506,305,10,TONG_CUC,Nguyễn Văn Thọ,01/07/2025,https://files.customs.gov.vn/CustomsCMS/TONG_CUC/2025/7/1/VB_824.pdf.PDF,https://www.customs.gov.vn/index.jsp?pageId=3&id=100506&cid=1294,2025,06/2025,2026-10-08T09:33:47Z
183,825/QĐ-CHQ,30/06/2025,Cục Hải quan,"Quyết định 825/QĐ-CHQ ngày 30/6/2025 của Cục Hải quan quy định chức năng, nhiệm vụ và quyền hạn của các Đội Kiểm soát chống buôn lậu ma túy thuộc Chi cục Điều tra chống buôn lậu",100507,305,10,TONG_CUC,Nguyễn Văn Thọ,01/07/2025,https://files.customs.gov.vn/CustomsCMS/TONG_CUC/2025/7/1/VB_825.pdf.PDF,https://www.customs.gov.vn/index.jsp?pageId=3&id=100507&cid=1294,2025,06/2025,2026-10-08T09:33:47Z
184,826/QĐ-CHQ,30/06/2025,Cục Hải quan,"Quyết định 826/QĐ-CHQ ngày 30/6/2025 của Cục Hải quan quy định chức năng, nhiệm vụ và quyền hạn của Đội Quản lý, huấn luyện viên và sử dụng chó nghiệp vụ thuộc Chi cục Điều tra chống buôn lậu",100508,305,10,TONG_CUC,Nguyễn Văn Thọ,01/07/2025,https://files.customs.gov.vn/CustomsCMS/TONG_CUC/2025/7/1/VB_826.pdf.PDF,https://www.customs.gov.vn/index.jsp?pageId=3&id=100508&cid=1294,2025,06/2025,2026-10-08T09:33:47Z
185,827/QĐ-CHQ,30/06/2025,Cục Hải quan,"Quyết định 827/QĐ-CHQ ngày 30/6/2025 của Cục Hải quan quy định chức năng, nhiệm vụ và quyền hạn của các Đội kiểm soát chống buôn lậu thuộc Chi cục Điều tra chống buôn lậu",100509,305,10,TONG_CUC,Nguyễn Văn Thọ,01/07/2025,https://files.customs.gov.vn/CustomsCMS/TONG_CUC/2025/7/1/VB_827.pdf.PDF,https://www.customs.gov.vn/index.jsp?pageId=3&id=100509&cid=1294,2025,06/2025,2026-10-08T09:33:47Z
186,828/QĐ-CHQ,30/06/2025,Cục Hải quan,"Quyết định 828/QĐ-CHQ ngày 30/6/2025 của Cục Hải quan ban hành quy định chức năng, nhiệm vụ và quyền hạn của các Phòng thuộc Chi cục sau thông quan",100510,305,10,TONG_CUC,Nguyễn Văn Thọ,01/07/2025,https://files.customs.gov.vn/CustomsCMS/TONG_CUC/2025/7/1/VB_828.pdf.PDF,https://www.customs.gov.vn/index.jsp?pageId=3&id=100510&cid=1294,2025,06/2025,2026-10-08T09:33:47Z
187,829/QĐ-CHQ,30/06/2025,Cục Hải quan,"Quyết định 829/QĐ-CHQ ngày 30/6/2025 của Cục Hải quan quy định chức năng, nhiệm vụ và quyền hạn của các Đội Kiểm tra sau thông quan khu vực thuộc Chi cục Kiểm tra sau thông quan",100511,305,10,TONG_CUC,Nguyễn Văn Thọ,01/07/2025,https://files.customs.gov.vn/CustomsCMS/TONG_CUC/2025/7/1/VB_829.pdf,https://www.customs.gov.vn/index.jsp?pageId=3&id=100511&cid=1294,2025,06/2025,2026-10-08T09:33:47Z
188,830/QĐ-CHQ,30/06/2025,Cục Hải quan,"Quyết định 830/QĐ-CHQ ngày 30/6/2025 của Cục Hải quan ban hành Quy định chức năng, nhiệm vụ và quyền hạn của các Phòng thuộc Chi cục Kiểm định hải quan",100512,305,10,TONG_CUC,Nguyễn Văn Thọ,01/07/2025,https://files.customs.gov.vn/CustomsCMS/TONG_CUC/2025/7/1/VB_830.pdf.PDF,https://www.customs.gov.vn/index.jsp?pageId=3&id=100512&cid=1294,2025,06/2025,2026-10-08T09:33:47Z
189,831/QĐ-CHQ,30/06/2025,Cục Hải quan,"Quyết định 831/QĐ-CHQ ngày 30/6/2025 của Cục Hải quan quy định chức năng, nhiệm vụ và quyền hạn của các Đội Kiểm định hải quan thuộc Chi cục Kiểm định hải quan",100513,305,10,TONG_CUC,Nguyễn Văn Thọ,01/07/2025,https://files.customs.gov.vn/CustomsCMS/TONG_CUC/2025/7/1/VB_831.pdf.PDF,https://www.customs.gov.vn/index.jsp?pageId=3&id=100513&cid=1294,2025,06/2025,2026-10-08T09:33:47Z
190,832/QĐ-CHQ,30/06/2025,Cục Hải quan,"Quyết định 832/QĐ-CHQ ngày 30/6/2025 của Cục Hải quan quy định Văn phòng, Phòng, Đội và Hải quan cửa khẩu/ngoài cửa khẩu thuộc Chi cục Hải quan khu vực",100514,305,10,TONG_CUC,Nguyễn Văn Thọ,01/07/2025,https://files.customs.gov.vn/CustomsCMS/TONG_CUC/2025/7/1/VB_832.pdf,https://www.customs.gov.vn/index.jsp?pageId=3&id=100514&cid=1294,2025,06/2025,2026-10-08T09:33:47Z
191,833/QĐ-CHQ,30/06/2025,Cục Hải quan,"Quyết định 833/QĐ-CHQ ngày 30/6/2025 của Cục Hải quan ban hành Quy định chức năng, nhiệm vụ và quyền hạn của Văn phòng, Phòng thuộc Chi cục Hải quan khu vực",100515,305,10,TONG_CUC,Nguyễn Văn Thọ,01/07/2025,https://files.customs.gov.vn/CustomsCMS/TONG_CUC/2025/7/1/VB_833.pdf.PDF,https://www.customs.gov.vn/index.jsp?pageId=3&id=100515&cid=1294,2025,06/2025,2026-10-08T09:33:47Z
192,834/QĐ-CHQ,30/06/2025,Cục Hải quan,"Quyết định 834/QĐ-CHQ ngày 30/6/2025 của Cục Hải quan quy định chức năng, nhiệm vụ và quyền hạn của Đội Kiểm soát hải quan thuộc Chi cục  Hải quan khu vực",100516,305,10,TONG_CUC,Nguyễn Văn Thọ,01/07/2025,https://files.customs.gov.vn/CustomsCMS/TONG_CUC/2025/7/1/VB_834.pdf.PDF,https://www.customs.gov.vn/index.jsp?pageId=3&id=100516&cid=1294,2025,06/2025,2026-10-08T09:33:47Z
193,835/QĐ-CHQ,30/06/2025,Cục Hải quan,"Quyết định 835/QĐ-CHQ ngày 30/6/2025 của Cục Hải quan quy định chức năng, nhiệm vụ và quyền hạn của các Đội Phúc tạp và Kiểm tra sau thông quan thuộc Chi cục Hải quan khu vực",100518,305,10,TONG_CUC,Nguyễn Văn Thọ,01/07/2025,https://files.customs.gov.vn/CustomsCMS/TONG_CUC/2025/7/1/VB_835.pdf.PDF,https://www.customs.gov.vn/index.jsp?pageId=3&id=100518&cid=1294,2025,06/2025,2026-10-08T09:33:47Z
194,836/QĐ-CHQ,30/06/2025,Cục Hải quan,"Quyết định 836/QĐ-CHQ ngày 30/6/2025 của Cục Hải quan quy định chức năng, nhiệm vụ, quyền hạn và cơ cấu tổ chức của Hải quan cửa khẩu/ngoài cửa khẩu thuộc Chi cục Hải quan khu vực",100519,305,10,TONG_CUC,Nguyễn Văn Thọ,01/07/2025,https://files.customs.gov.vn/CustomsCMS/TONG_CUC/2025/7/1/VB_836.pdf,https://www.customs.gov.vn/index.jsp?pageId=3&id=100519&cid=1294,2025,06/2025,2026-10-08T09:33:47Z
195,163/2025/NĐ-CP,29/06/2025,Chính phủ,"V/v Quy định chi tiết một số điều và biện pháp để tổ chức, hướng dẫn thi hành Luật Dược",102590,305,8,DONG_NAI,null,01/07/2025,https://files.customs.gov.vn/CustomsCMS/DONG_NAI/2026/2/11/163_2025_ND_CP_29_06_2025.pdf,https://www.customs.gov.vn/index.jsp?pageId=3&id=102590&cid=1294,2025,06/2025,2026-10-08T09:33:47Z
196,41/TB-HQKV2,27/06/2025,Chi cục Hải quan khu vực II,V/v tạm dừng tiếp nhận khai hải quan,100474,305,19,TP_HO_CHI_MINH,null,null,https://files.customs.gov.vn/CustomsCMS/TP_HO_CHI_MINH/2025/6/27/TB41HQKV2.pdf,https://www.customs.gov.vn/index.jsp?pageId=3&id=100474&cid=1294,2025,06/2025,2026-10-08T09:33:47Z
197,2064/CT-NVT,26/06/2025,Cục Thuế,Sử dụng số định danh cá nhân thay cho mã số thuế và triển khai mô hình chính quyền địa phương 02 cấp,100608,305,19,TONG_CUC,Mai Sơn,26/06/2025,https://files.customs.gov.vn/CustomsCMS/TONG_CUC/2025/7/8/28766.pdf,https://www.customs.gov.vn/index.jsp?pageId=3&id=100608&cid=1294,2025,06/2025,2026-10-08T09:33:47Z
198,780/QĐ-CHQ,26/06/2025,Cục Hải quan,"Ban hành Quy trình kiểm tra, giám sát hải quan đối với hành lý của người xuất cảnh, nhập cảnh; phương tiện xuất cảnh, nhập cảnh, quá cảnh; phương tiện ra, vào cửa khẩu đường thủy nội địa",100629,305,19,TONG_CUC,Âu Anh Tuấn,null,https://files.customs.gov.vn/CustomsCMS/TONG_CUC/2025/7/9/VB_780.pdf,https://www.customs.gov.vn/index.jsp?pageId=3&id=100629&cid=1294,2025,06/2025,2026-10-08T09:33:47Z
199,90/2025/QH15,26/06/2025,Quốc hội,"LUẬT SỐ 90/2025/QH15 VỀ VIỆC SỬA ĐỔI, BỔ SUNG MỘT SỐ ĐIỀU CỦA LUẬT ĐẤU THẦU, LUẬT ĐẦU TƯ THEO PHƯƠNG THỨC ĐỐI TÁC CÔNG TƯ, LUẬT HẢI QUAN, LUẬT THUẾ GIÁ TRỊ GIA TĂNG, LUẬT THUẾ XUẤT KHẨU, THUẾ NHẬP KHẨU, LUẬT ĐẦU TƯ, LUẬT ĐẦU TƯ CÔNG, LUẬT QUẢN LÝ, SỬ DỤNG TÀI SẢN CÔNG CỦA QUỐC HỘI KHÓA XV",100628,305,13,TONG_CUC,Trần Thanh Mẫn,null,https://files.customs.gov.vn/CustomsCMS/TONG_CUC/2025/7/9/A54.15_Dt Luat sdbsmsd 8 luat_Sua ky thuat_TrinhCTQH ky ban hanh FN.pdf.pdf.pdf,https://www.customs.gov.vn/index.jsp?pageId=3&id=100628&cid=1294,2025,06/2025,2026-10-08T09:33:47Z
200,55/2025/TT-BTC,25/06/2025,Bộ Tài chính,"Thông tư số 55/2025/TT-BTC ngày 25/6/2025 của Bộ Tài chính về việc quy định mức thu, miễn, chế độ thu, nộp, quản lý và sử dụng lệ phí phân bổ và phí sử dụng mã, số viễn thông",100627,305,4,TONG_CUC,Cao Anh Tuấn,20/07/2025,https://files.customs.gov.vn/CustomsCMS/TONG_CUC/2025/7/9/55_30062025_151617.pdf,https://www.customs.gov.vn/index.jsp?pageId=3&id=100627&cid=1294,2025,06/2025,2026-10-08T09:33:47Z
201,85/2025/QH15,25/06/2025,Quốc hội,"V/v Luật sửa đổi, bổ sung một số điều của Bộ Luật tố tụng dân sự, Luật tố tụng hành chính, Luật tư pháp người chưa thành niên, Luật phá sản và Luật hòa giải, đối thoại tại tòa án",101904,305,13,DONG_NAI,null,01/07/2025,https://files.customs.gov.vn/CustomsCMS/DONG_NAI/2025/11/24/85_2025_QH15_25_06_2025.pdf,https://www.customs.gov.vn/index.jsp?pageId=3&id=101904&cid=1294,2025,06/2025,2026-10-08T09:33:47Z
202,944/HQKV2-VP,25/06/2025,Chi cục Hải quan khu vực II,V/v mới báo giá dịch vụ sữa chữa máy soi container hãng SMITHS ( lần 2),100462,305,16,TP_HO_CHI_MINH,null,null,https://files.customs.gov.vn/CustomsCMS/TP_HO_CHI_MINH/2025/6/26/944.signed.pdf,https://www.customs.gov.vn/index.jsp?pageId=3&id=100462&cid=1294,2025,06/2025,2026-10-08T09:33:47Z
203,26/2025/TT-BNNMT,24/06/2025,Bộ Nông nghiệp và Môi trường,"V/v Quy định về quản lý lâm sản; xử lý lâm sản, thủy sản là tài sản được xác lập quyền sở hữu toàn dân",101508,305,4,DONG_NAI,null,01/07/2025,https://files.customs.gov.vn/CustomsCMS/DONG_NAI/2025/10/1/26_2025_TT_BNNMT_26_06_2025.pdf,https://www.customs.gov.vn/index.jsp?pageId=3&id=101508&cid=1294,2025,06/2025,2026-10-08T09:33:47Z
204,27/2025/TT-BNNMT,24/06/2025,Bộ Nông nghiệp và Môi trường,"V/v Quy định về quản lý loài nguy cấp, quý, hiếm; nuôi động vật rừng thông thường và thực thi Công ước về buôn bán quốc tế các loài động vật, thực vật hoang dã nguy cấp",100682,305,4,DONG_NAI,null,01/07/2025,https://files.customs.gov.vn/CustomsCMS/DONG_NAI/2025/7/15/27_2025_TT_BNNMT_24_06_2025.pdf,https://www.customs.gov.vn/index.jsp?pageId=3&id=100682&cid=1294,2025,06/2025,2026-10-08T09:33:47Z
205,941/HQKV2-VP,24/06/2025,Chi cục Hải quan khu vực II,V/v mời cung cấp bảng báo giá dịch vụ giám định tài sản là tang vật vi phạm hành chính bị tịch thu,100461,305,16,TP_HO_CHI_MINH,null,null,https://files.customs.gov.vn/CustomsCMS/TP_HO_CHI_MINH/2025/6/26/941.signed.pdf,https://www.customs.gov.vn/index.jsp?pageId=3&id=100461&cid=1294,2025,06/2025,2026-10-08T09:33:47Z
206,205/QĐ-HQKV11,23/06/2025,Chi cục Hải quan khu vực XI,Quyết định về việccông bố công khai bổ sung dự toán chi ngân sách nhà nước năm 2025 của Chi cục Hải quan khu vực XI,101821,305,10,HA_TINH,Bùi Thanh San,null,https://files.customs.gov.vn/CustomsCMS/HA_TINH/2025/11/13/3. Cong khai quyet dinh 705 pdf.pdf,https://www.customs.gov.vn/index.jsp?pageId=3&id=101821&cid=1294,2025,06/2025,2026-10-08T09:33:47Z
207,871/HQKV2-VP,17/06/2025,Chi cục Hải quan khu vực II,"V/v mời báo giá dịch vụ phá dỡ, hủy bỏ tài sản là tang vật hành chính bị tịch thu kết hợp thu mua vật tư thu hồi từ tháo dỡ, hủy bỏ tài sản",100396,305,16,TP_HO_CHI_MINH,null,null,https://files.customs.gov.vn/CustomsCMS/TP_HO_CHI_MINH/2025/6/18/871.signed.pdf,https://www.customs.gov.vn/index.jsp?pageId=3&id=100396&cid=1294,2025,06/2025,2026-10-08T09:33:47Z
208,876/HQKV2-VP,17/06/2025,Chi cục Hải quan khu vực II,V/v mời báo giá dịch vụ tư vấn thẩm định các nội dung trong lựa chọn nhà thầu thuộc dự toán mua sắm sửa chữa hệ thống máy soi container,100395,305,16,TP_HO_CHI_MINH,null,null,https://files.customs.gov.vn/CustomsCMS/TP_HO_CHI_MINH/2025/6/18/876.signed.pdf,https://www.customs.gov.vn/index.jsp?pageId=3&id=100395&cid=1294,2025,06/2025,2026-10-08T09:33:47Z
209,105/QĐ-HQKV13,16/06/2025,Chi cục Hải quan khu vực XIII,Quyết định công bố công khai giao bổ sung dự toán chi NSNN năm 2025 của Chi cục Hải quan khu vực XIII,100432,305,10,KHANH_HOA,null,null,https://files.customs.gov.vn/CustomsCMS/KHANH_HOA/2025/6/24/105-HQKV13-QD cong-khai-du-toan-dieu-chinh-2025.pdf,https://www.customs.gov.vn/index.jsp?pageId=3&id=100432&cid=1294,2025,06/2025,2026-10-08T09:33:47Z
210,2038/QĐ-BTC,16/06/2025,Bộ Tài chính,"V/v Công bố thủ tục hành chính được sửa đổi, bổ sung trong lĩnh vực hải quan thuộc phạm vi chức năng quản lý nhà nước của Bộ Tài chính",100399,305,10,DONG_NAI,null,null,https://files.customs.gov.vn/CustomsCMS/DONG_NAI/2025/6/18/2038_QD_BTC_16_06_2025.pdf,https://www.customs.gov.vn/index.jsp?pageId=3&id=100399&cid=1294,2025,06/2025,2026-10-08T09:33:47Z
211,853/HQKV2-VP,16/06/2025,Chi cục Hải quan khu vực II,V/v mời báo giá dịch vụ vận chuyển xe kéo container chạy bằng điện,100393,305,16,TP_HO_CHI_MINH,null,null,https://files.customs.gov.vn/CustomsCMS/TP_HO_CHI_MINH/2025/6/18/853.signed.pdf,https://www.customs.gov.vn/index.jsp?pageId=3&id=100393&cid=1294,2025,06/2025,2026-10-08T09:33:47Z
212,854/HQKV2-VP,16/06/2025,Chi cục Hải quan khu vực II,V/v mời báo giá dịch vụ tiêu hủy tài sản là tang vật vi phạm hành chính bị tịch thu,100394,305,16,TP_HO_CHI_MINH,null,null,https://files.customs.gov.vn/CustomsCMS/TP_HO_CHI_MINH/2025/6/18/854.signed.pdf,https://www.customs.gov.vn/index.jsp?pageId=3&id=100394&cid=1294,2025,06/2025,2026-10-08T09:33:47Z
213,635/TB-HQKV18,13/06/2025,Chi cục Hải quan khu vực XVIII,"V/v Mã định danh gửi, nhận văn bản điện tử của Đội kiểm soát hải quan và Đội Phúc tập & Kiểm tra sau thông quan thuộc Chi cục Hải quan khu vực XVIII",100350,305,19,DONG_NAI,null,null,https://files.customs.gov.vn/CustomsCMS/DONG_NAI/2025/6/13/635_TB_HQKV18_13_06_2025.pdf,https://www.customs.gov.vn/index.jsp?pageId=3&id=100350&cid=1294,2025,06/2025,2026-10-08T09:33:47Z
214,840/HQKV2-VP,13/06/2025,Chi cục Hải quan khu vực II,"V/v mời cung cấp bảng báo giá dịch vụ thẩm định giá tài sản là vật liệu, vật tư thu hồi từ phá dỡ, hủy bỏ tang vật hành chính bị tịch thu",100354,305,19,TP_HO_CHI_MINH,null,null,https://files.customs.gov.vn/CustomsCMS/TP_HO_CHI_MINH/2025/6/16/840.signed.pdf,https://www.customs.gov.vn/index.jsp?pageId=3&id=100354&cid=1294,2025,06/2025,2026-10-08T09:33:47Z
215,841/HQKV2-VP,13/06/2025,Chi cục Hải quan khu vực II,"V/v mời cung cấp bảng báo giá dịch vụ phá dỡ, hủy bỏ tài sản là tang vật hành chính bị tịch thu",100355,305,19,TP_HO_CHI_MINH,null,null,https://files.customs.gov.vn/CustomsCMS/TP_HO_CHI_MINH/2025/6/16/841.signed.pdf,https://www.customs.gov.vn/index.jsp?pageId=3&id=100355&cid=1294,2025,06/2025,2026-10-08T09:33:47Z
216,823/HQKV2-VP,12/06/2025,Chi cục Hải quan khu vực II,"V/v mời báo giá dịch vụ bảo dưỡng, bảo trì hệ thống máy soi Container- Hãng Rapiscan (823)",100339,305,19,TP_HO_CHI_MINH,null,null,https://files.customs.gov.vn/CustomsCMS/TP_HO_CHI_MINH/2025/6/13/332823.signed.pdf,https://www.customs.gov.vn/index.jsp?pageId=3&id=100339&cid=1294,2025,06/2025,2026-10-08T09:33:47Z
217,824/HQKV2-VP,12/06/2025,Chi cục Hải quan khu vực II,"V/v mời báo giá dịch vụ bảo dưỡng, bảo trì hệ thống máy soi hàng lý, hàng hóa",100340,305,19,TP_HO_CHI_MINH,null,null,https://files.customs.gov.vn/CustomsCMS/TP_HO_CHI_MINH/2025/6/13/824.signed.pdf,https://www.customs.gov.vn/index.jsp?pageId=3&id=100340&cid=1294,2025,06/2025,2026-10-08T09:33:47Z
218,825/HQKV2-VP,12/06/2025,Chi cục Hải quan khu vực II,"V/v mời báo giá dịch vụ bảo dưỡng, bảo trì hệ thống máy soi Container- Hãng Smiths Detection",100341,305,19,TP_HO_CHI_MINH,null,null,https://files.customs.gov.vn/CustomsCMS/TP_HO_CHI_MINH/2025/6/13/825.signed.pdf,https://www.customs.gov.vn/index.jsp?pageId=3&id=100341&cid=1294,2025,06/2025,2026-10-08T09:33:47Z
219,2019/QĐ-BTC,11/06/2025,Bộ Tài chính,"Về việc sửa đổi, bổ sung một số điều của Quyết định số 382/QĐ-BTC ngày 26/02/2025 của Bộ Tài chính quy định chức năng, nhiệm vụ, quyền hạn và cơ cấu tổ chức của Cục Hải quan",100559,305,10,TONG_CUC,Nguyễn Văn Thắng,11/06/2025,https://files.customs.gov.vn/CustomsCMS/TONG_CUC/2025/7/3/5. QD 2019.BTC.pdf,https://www.customs.gov.vn/index.jsp?pageId=3&id=100559&cid=1294,2025,06/2025,2026-10-08T09:33:47Z
220,605/TB-HQKV13,06/06/2025,Chi cục Hải quan khu vực XIII,Thông báo niêm yết thủ tục hành chính trong lĩnh vực Hải quan,100711,305,19,KHANH_HOA,null,null,https://files.customs.gov.vn/CustomsCMS/KHANH_HOA/2025/7/16/605-Tb niem yet TTHC trong linh vuc HQ.pdf,https://www.customs.gov.vn/index.jsp?pageId=3&id=100711&cid=1294,2025,06/2025,2026-10-08T09:33:47Z
221,94/QĐ-HQKV13,06/06/2025,Chi cục Hải quan khu vực XIII,Quyết định công bố Hệ thống quản lý chất lượng phù hợp Tiêu chuẩn quốc gia TCVN ISO 9001:2015,101120,305,10,KHANH_HOA,null,null,https://files.customs.gov.vn/CustomsCMS/KHANH_HOA/2025/8/27/94-HQKV13-QD_cong_bo_HTQLCL_ISO9001.2015.pdf,https://www.customs.gov.vn/index.jsp?pageId=3&id=101120&cid=1294,2025,06/2025,2026-10-08T09:33:47Z
222,83/TB-HQKV18,05/06/2025,Chi cục Hải quan khu vực XVIII,"V/v Mã định danh gửi, nhận văn bản điện tử của Chi cục Hải quan khu vực XVIII và các đơn vị thuộc Chi cục",100295,305,19,DONG_NAI,null,null,https://files.customs.gov.vn/CustomsCMS/DONG_NAI/2025/6/6/83_TB_HQKV18_05_06_2025.pdf,https://www.customs.gov.vn/index.jsp?pageId=3&id=100295&cid=1294,2025,06/2025,2026-10-08T09:33:47Z
223,190/QĐ-HQKV13,31/07/2025,Chi cục Hải quan khu vực XIII,Quyết định ban hành Kế hoạch cải cách hành chính năm 2025 của Chi cục Hải quan khu vực XIII,100896,305,10,KHANH_HOA,null,null,https://files.customs.gov.vn/CustomsCMS/KHANH_HOA/2025/8/6/190-HQKV13-QD_banhanh_KH_CCHC_2025.pdf,https://www.customs.gov.vn/index.jsp?pageId=3&id=100896&cid=1294,2025,07/2025,2026-10-08T09:33:47Z
224,191/QĐ-HQKV13,31/07/2025,Chi cục Hải quan khu vực XIII,Quyết định ban hành Kế hoạch triển khai nhiệm vụ kiểm soát thủ tục hành chính năm 2025 của Chi cục Hải quan khu vực XIII,100897,305,10,KHANH_HOA,null,null,https://files.customs.gov.vn/CustomsCMS/KHANH_HOA/2025/8/6/191-HQKV13-QD_banhanh_KH_ KSTTHC_2025.pdf,https://www.customs.gov.vn/index.jsp?pageId=3&id=100897&cid=1294,2025,07/2025,2026-10-08T09:33:47Z
225,1656/TB-HQKV6,29/07/2025,Chi cục Hải quan cửa khẩu Hữu Nghị,Mời tham gia thẩm định giá gói thầu,100856,305,19,LANG_SON,Mã Thanh Giang,null,https://files.customs.gov.vn/CustomsCMS/LANG_SON/2025/7/31/3. Thông báo mời thẩm định giá.pdf,https://www.customs.gov.vn/index.jsp?pageId=3&id=100856&cid=1294,2025,07/2025,2026-10-08T09:33:47Z
226,866/TB-HQKV19,24/07/2025,Chi cục Hải quan khu vực XIX,Thông báo về việc tuyển dụng hợp đồng lao động,100809,305,19,CAN_THO,null,24/07/2025,https://files.customs.gov.vn/CustomsCMS/CAN_THO/2025/7/24/866.signed.pdf,https://www.customs.gov.vn/index.jsp?pageId=3&id=100809&cid=1294,2025,07/2025,2026-10-08T09:33:47Z
227,164/QĐ-HQKV13,23/07/2025,Chi cục Hải quan khu vực XIII,"Quyết định công khai tình hình thực hiện dự toán thu, chi NSNN 06 tháng năm 2025 của Chi cục Hải quan khu vực XIII",100866,305,10,KHANH_HOA,null,null,https://files.customs.gov.vn/CustomsCMS/KHANH_HOA/2025/8/1/164-QD_congkhai_thuchien_dutoan_NSNN_6thang_2025.pdf,https://www.customs.gov.vn/index.jsp?pageId=3&id=100866&cid=1294,2025,07/2025,2026-10-08T09:33:47Z
228,203/HQKV2-VP,23/07/2025,Chi cục Hải quan khu vực II,"V/v kiểm tra, báo giá sửa chữa máy soi container di động",100799,305,19,TP_HO_CHI_MINH,null,null,https://files.customs.gov.vn/CustomsCMS/TP_HO_CHI_MINH/2025/7/23/203.signed.pdf,https://www.customs.gov.vn/index.jsp?pageId=3&id=100799&cid=1294,2025,07/2025,2026-10-08T09:33:47Z
229,277/QĐ-HQKV11,22/07/2025,Chi cục Hải quan khu vực XI,Quyết định về việc công bố công khai tình hình thực hiện dự toán 06 tháng đầu năm 2025 của Chi cục Hải quan khu vực XI,101988,305,10,HA_TINH,Bùi Thanh San,null,https://files.customs.gov.vn/CustomsCMS/HA_TINH/2025/12/3/277.qd.pdf,https://www.customs.gov.vn/index.jsp?pageId=3&id=101988&cid=1294,2025,07/2025,2026-10-08T09:33:47Z
230,278/QĐ-HQKV11,22/07/2025,Chi cục Hải quan khu vực XI,QĐ về việc công bố công khai bổ sung dự toán chi ngân sách nhà nước năm 2025 của Chi cục Hải quan khu vực XI,101822,305,10,HA_TINH,Bùi Thanh San,null,https://files.customs.gov.vn/CustomsCMS/HA_TINH/2025/11/13/4. Cong khai quyet dinh1081.pdf,https://www.customs.gov.vn/index.jsp?pageId=3&id=101822&cid=1294,2025,07/2025,2026-10-08T09:33:47Z
231,280/QĐ-HQKV11,22/07/2025,Chi cục Hải quan khu vực XI,QĐ v/v công bố công khai tình hình thực hiện dự toán Quý II năm 2025 của Chi cục Hải quan khu vực XI,101989,305,10,HA_TINH,Bùi Thanh San,null,https://files.customs.gov.vn/CustomsCMS/HA_TINH/2025/12/3/280.pdf,https://www.customs.gov.vn/index.jsp?pageId=3&id=101989&cid=1294,2025,07/2025,2026-10-08T09:33:47Z
232,136/TB-HQKV18,18/07/2025,Chi cục Hải quan khu vực XVIII,V/v Giới thiệu chức danh và chữ ký cán bộ Lãnh đạo thuộc Chi cục Hải quan khu vực XVIII,100743,305,19,DONG_NAI,null,18/07/2025,https://files.customs.gov.vn/CustomsCMS/DONG_NAI/2025/7/21/136_TB_HQKV18_18_07_2025.pdf,https://www.customs.gov.vn/index.jsp?pageId=3&id=100743&cid=1294,2025,07/2025,2026-10-08T09:33:47Z
233,162/HQKV2-VP,18/07/2025,Chi cục Hải quan khu vực II,V/v mời cung cấp bảng báo giá dịch vụ giám định tài sản là hàng hóa của 13 container phế liệu nhựa tồn đọng tại Cảng VICT,100749,305,16,TP_HO_CHI_MINH,null,null,https://files.customs.gov.vn/CustomsCMS/TP_HO_CHI_MINH/2025/7/21/162.signed.pdf,https://www.customs.gov.vn/index.jsp?pageId=3&id=100749&cid=1294,2025,07/2025,2026-10-08T09:33:47Z
234,164/HQKV2-VP,18/07/2025,Chi cục Hải quan khu vực II,V/v mời cung cấp bảng bảo giá dịch vụ thẩm định giá tài sản là hàng hoá của 13 container phế liệu nhựa tồn đọng tại cảng VICT,100750,305,16,TP_HO_CHI_MINH,null,null,https://files.customs.gov.vn/CustomsCMS/TP_HO_CHI_MINH/2025/7/21/164.signed.pdf,https://www.customs.gov.vn/index.jsp?pageId=3&id=100750&cid=1294,2025,07/2025,2026-10-08T09:33:47Z
235,1479/TB-HQKV6,15/07/2025,Chi cục Hải quan khu vực VI,Mời tham gia Tư vấn lập E-HSMT và đánh giá E-HSDT; Tư vấn thẩm định E-HSMT và KQ LCNT,100689,305,19,LANG_SON,Mã Thanh Giang,null,https://files.customs.gov.vn/CustomsCMS/LANG_SON/2025/7/15/1479.pdf,https://www.customs.gov.vn/index.jsp?pageId=3&id=100689&cid=1294,2025,07/2025,2026-10-08T09:33:47Z
236,785/TB-HQKV19,15/07/2025,Chi cục Hải quan khu vực XIX,Lịch tiếp công dân của Chi cục Hải quan khu vực XIX,100703,305,19,CAN_THO,null,15/07/2025,https://files.customs.gov.vn/CustomsCMS/CAN_THO/2025/7/16/2025_785.signed.pdf,https://www.customs.gov.vn/index.jsp?pageId=3&id=100703&cid=1294,2025,07/2025,2026-10-08T09:33:47Z
237,13961/TB-CHQ,14/07/2025,Cục Hải quan,Thay đổi địa chỉ Trụ sở làm việc do điều chỉnh địa giới hành chính,100681,305,19,TONG_CUC,Nguyễn Thành Sơn,null,https://files.customs.gov.vn/CustomsCMS/TONG_CUC/2025/7/15/tchqdi_Th_ng_b_o_thay_i_a_ch_tr_s_l_m_vi_c_C_c_H_i_quan_3455428.pdf,https://www.customs.gov.vn/index.jsp?pageId=3&id=100681&cid=1294,2025,07/2025,2026-10-08T09:33:47Z
238,5/TB-HQKV2,14/07/2025,Chi cục Hải quan khu vực II,"V/v giới thiệu chức danh, chữ ký cán bộ lãnh đạo Chi cục hải quan khu vực II",100798,305,19,TP_HO_CHI_MINH,null,null,https://files.customs.gov.vn/CustomsCMS/TP_HO_CHI_MINH/2025/7/23/05.signed.pdf,https://www.customs.gov.vn/index.jsp?pageId=3&id=100798&cid=1294,2025,07/2025,2026-10-08T09:33:47Z
239,150/QĐ-HQKV13,09/07/2025,Chi cục Hải quan khu vực XIII,Quyết định công bố Hệ thống quản lý chất lượng phù hợp Tiêu chuẩn quốc gia TCVN ISO 9001:2015,101121,305,10,KHANH_HOA,null,null,https://files.customs.gov.vn/CustomsCMS/KHANH_HOA/2025/8/27/150-HQKV13-QD_cong_bo_HTQLCL_ISO9001.2015.pdf,https://www.customs.gov.vn/index.jsp?pageId=3&id=101121&cid=1294,2025,07/2025,2026-10-08T09:33:47Z
240,831/TB-HQKV13,09/07/2025,Chi cục Hải quan khu vực XIII,Thông báo niêm yết thủ tục hành chính trong lĩnh vực Hải quan,100712,305,19,KHANH_HOA,null,null,https://files.customs.gov.vn/CustomsCMS/KHANH_HOA/2025/7/16/831-Thong bao niem yet TTHC.pdf,https://www.customs.gov.vn/index.jsp?pageId=3&id=100712&cid=1294,2025,07/2025,2026-10-08T09:33:47Z
241,102/TB-HQKV18,07/07/2025,Chi cục Hải quan khu vực XVIII,"V/v Mã định danh gửi, nhận văn bản điện tử của Hải quan cửa khẩu quốc tế Hoa Lư, Hải quan cửa khẩu Hoàng Diệu, Hải quan cửa khẩu Lộc Thịnh và Hải quan Chơn Thành thuộc Chi cục Hải quan khu vực XVIII",100595,305,19,DONG_NAI,null,null,https://files.customs.gov.vn/CustomsCMS/DONG_NAI/2025/7/7/102_TB_HQKV18_07_07_2025.pdf,https://www.customs.gov.vn/index.jsp?pageId=3&id=100595&cid=1294,2025,07/2025,2026-10-08T09:33:47Z
242,713/TB-HQKV19,04/07/2025,Chi cục Hải quan khu vực XIX,Thay đổi địa chỉ cơ quan và danh sách đơn vị Hải quan thuộc Chi cục Hải quan khu vực XIX,100567,305,19,CAN_THO,null,04/07/2025,https://files.customs.gov.vn/CustomsCMS/CAN_THO/2025/7/4/713_001HQKV19_2025.signed.pdf,https://www.customs.gov.vn/index.jsp?pageId=3&id=100567&cid=1294,2025,07/2025,2026-10-08T09:33:47Z
243,100/TB-HQKV18,03/07/2025,Chi cục Hải quan khu vực XVIII,V/v Thay đổi địa chỉ trụ sở làm việc của Chi cục Hải quan khu vực XVIII và các đơn vị thuộc Chi cục Hải quan khu vực XVIII,100556,305,19,DONG_NAI,null,null,https://files.customs.gov.vn/CustomsCMS/DONG_NAI/2025/7/3/100_TB_HQKV18_03_07_2025.pdf,https://www.customs.gov.vn/index.jsp?pageId=3&id=100556&cid=1294,2025,07/2025,2026-10-08T09:33:47Z
244,12252/CHQ-GSQL,03/07/2025,Cục Hải quan,Cục Hải quan hướng dẫn thủ tục hải quan khi thay đổi địa chỉ theo phương án sắp xếp các đơn vị hành chính,100555,"305, 310",19,TONG_CUC,Đào Duy Tám,null,https://files.customs.gov.vn/CustomsCMS/TONG_CUC/2025/7/3/Thay đổi địa chỉ doanh nghiệp.pdf,https://www.customs.gov.vn/index.jsp?pageId=3&id=100555&cid=1294,2025,07/2025,2026-10-08T09:33:47Z
245,1351/TB-HQKV6,03/07/2025,Chi cục Hải quan khu vực VI,Thay đổi địa chỉ trụ sở làm việc của Chi cục Hải quan khu vực VI,100688,305,19,LANG_SON,Nguyễn Hữu Trí,null,https://files.customs.gov.vn/CustomsCMS/LANG_SON/2025/7/15/1351.pdf,https://www.customs.gov.vn/index.jsp?pageId=3&id=100688&cid=1294,2025,07/2025,2026-10-08T09:33:47Z
246,194/2025/NĐ-CP,03/07/2025,Chính phủ,"V/v Quy định chi tiết một số điều của Luật Giao dịch điện tử về cơ sở dữ liệu quốc gia, kết nối và chia sẻ dữ liệu, dữ liệu mở phục vụ giao dịch điện tử của cơ quan nhà nước.",100691,305,8,DONG_NAI,null,19/08/2025,https://files.customs.gov.vn/CustomsCMS/DONG_NAI/2025/7/15/194_2025_ND_CP_03_07_2025.pdf,https://www.customs.gov.vn/index.jsp?pageId=3&id=100691&cid=1294,2025,07/2025,2026-10-08T09:33:47Z
247,34/2025/TT-BYT,03/07/2025,Bộ Y tế,"V/v Sửa đổi, bổ sung một số điều của Thông tư số 06/2011/TT-BYT ngày 25 tháng 01 năm 2011 của Bộ trưởng Bộ Y tế quy định về quản lý mỹ phẩm",100728,305,4,DONG_NAI,null,18/08/2025,https://files.customs.gov.vn/CustomsCMS/DONG_NAI/2025/7/17/34_2025_TT_BYT_03_07_2025.pdf,https://www.customs.gov.vn/index.jsp?pageId=3&id=100728&cid=1294,2025,07/2025,2026-10-08T09:33:47Z
248,796/HQKV13-NVHQ,03/07/2025,Chi cục HQKV13,Triển khai thực hiện các nội dung tại Nghị quyết số 190/2025/NQ15 khi thực hiện điều chỉnh về tổ chức bộ máy từ 1/7/2025,100569,305,16,KHANH_HOA,null,null,https://files.customs.gov.vn/CustomsCMS/KHANH_HOA/2025/7/7/473796-HQKV13-Tkhai cac noi dung tai NQ 190.pdf,https://www.customs.gov.vn/index.jsp?pageId=3&id=100569&cid=1294,2025,07/2025,2026-10-08T09:33:47Z
249,1914/QĐ-BCT,02/07/2025,Bộ Công Thương,V/v Kết quả rà soát cuối kỳ việc áp dụng biện pháp chống bán phá giá đối với một số sản phẩm bột ngọt có xuất xứ từ Cộng hòa Indonesia và Cộng hòa nhân dân Trung Hoa,100621,305,10,DONG_NAI,null,23/07/2025,https://files.customs.gov.vn/CustomsCMS/DONG_NAI/2025/7/9/1914_QD_BCT_02_07_2025.pdf,https://www.customs.gov.vn/index.jsp?pageId=3&id=100621&cid=1294,2025,07/2025,2026-10-08T09:33:47Z
250,11867/CHQ-PC,01/07/2025,Ban Pháp chế,V/v Triển khai thực hiện nội dung tại Nghị quyết số 190/2025/QH15 khi thực hiện điều chỉnh về tổ chức bộ máy từ 01/07/2025,100526,305,16,DONG_NAI,null,null,https://files.customs.gov.vn/CustomsCMS/DONG_NAI/2025/7/2/11867_CHQ_PC_01_07_2025.pdf,https://www.customs.gov.vn/index.jsp?pageId=3&id=100526&cid=1294,2025,07/2025,2026-10-08T09:33:47Z
251,11867/chq-pc,01/07/2025,Cục Hải quan,Triển khai thực hiện các nội dung tại Nghị quyết số 190/2025/QH15 khi thực hiện điều chỉnh về tổ chức bộ máy từ 01/7/2025,100561,305,16,CAO_BANG,null,null,"https://files.customs.gov.vn/CustomsCMS/CAO_BANG/2025/7/3/19730.6 CV huong dan.pdf,/CustomsCMS/CAO_BANG/2025/7/3/448Phu luc 1.pdf,/CustomsCMS/CAO_BANG/2025/7/3/863Phu luc 2.pdf",https://www.customs.gov.vn/index.jsp?pageId=3&id=100561&cid=1294,2025,07/2025,2026-10-08T09:33:47Z
252,31/2025/TT-BYT,01/07/2025,Bộ Y tế,"V/v Quy định chi tiết một số điều của Luật Dược và Nghị định số 163/2025/NĐ-CP ngày 29 tháng 6 năm 2025 của Chính phủ quy định chi tiết một số điều và biện pháp để tổ chức, hướng dẫn thi hành Luật Dược",100727,305,4,DONG_NAI,null,01/07/2025,https://files.customs.gov.vn/CustomsCMS/DONG_NAI/2025/7/17/31_2025_TT_BYT_01_07_2025.pdf,https://www.customs.gov.vn/index.jsp?pageId=3&id=100727&cid=1294,2025,07/2025,2026-10-08T09:33:47Z
253,71/2025/TT-BTC,01/07/2025,Bộ Tài chính,"V/v Sửa đổi, bổ sung một số điều của các Thông tư của Bộ trưởng Bộ Tài chính quy định về phí, lệ phí",100694,305,4,DONG_NAI,null,01/07/2025,,https://www.customs.gov.vn/index.jsp?pageId=3&id=100694&cid=1294,2025,07/2025,2026-10-08T09:33:47Z
254,21067/CHQ-GSQL,28/08/2025,Cục Hải quan,Triển khai thực hiện Nghị định số 167/2025/NĐ-CP,101182,305,16,LANG_SON,Nguyễn Anh Tài,null,https://files.customs.gov.vn/CustomsCMS/LANG_SON/2025/8/29/21067.pdf,https://www.customs.gov.vn/index.jsp?pageId=3&id=101182&cid=1294,2025,08/2025,2026-10-08T09:33:47Z
255,882/QĐ-HQKV3,28/08/2025,Chi cục Hải quan khu vực III,công bố công khai việc điều chỉnh dự toán chi ngân sách nhà nước năm 2025,101759,305,10,HAI_PHONG,null,28/08/2025,https://files.customs.gov.vn/CustomsCMS/HAI_PHONG/2025/11/7/887882.pdf,https://www.customs.gov.vn/index.jsp?pageId=3&id=101759&cid=1294,2025,08/2025,2026-10-08T09:33:47Z
256,1215/HQKV18-VP,26/08/2025,Chi cục Hải quan khu vực XVIII,V/v Nghỉ lễ Quốc khánh 02/9/2025 (Các doanh nghiệp làm thủ tục tại Chi cục HQ khu vực XVIII),101108,305,16,DONG_NAI,null,null,https://files.customs.gov.vn/CustomsCMS/DONG_NAI/2025/8/26/1215_HQKV18_VP_26_08_2025.pdf,https://www.customs.gov.vn/index.jsp?pageId=3&id=101108&cid=1294,2025,08/2025,2026-10-08T09:33:47Z
257,3040/TB-HQHN,26/08/2025,Hải quan cửa khẩu Quốc tế Hữu Nghị,Lựa chọn Tổ chức hành nghề đấu giá tài sản,101138,305,19,LANG_SON,Bùi Công Thành,null,https://files.customs.gov.vn/CustomsCMS/LANG_SON/2025/8/27/Thông báo lựa chọn TCHNĐGTS.pdf,https://www.customs.gov.vn/index.jsp?pageId=3&id=101138&cid=1294,2025,08/2025,2026-10-08T09:33:47Z
258,635/HQKV2-VP,26/08/2025,Chi cục Hải quan khu vực II,"V/v kiểm tra, báo giá sửa chữa máy soi container dạng cổng",101180,305,19,TP_HO_CHI_MINH,null,null,https://files.customs.gov.vn/CustomsCMS/TP_HO_CHI_MINH/2025/8/29/635.signed.pdf,https://www.customs.gov.vn/index.jsp?pageId=3&id=101180&cid=1294,2025,08/2025,2026-10-08T09:33:47Z
259,02902/QĐ-BTC,25/08/2025,Bộ Tài chính,"V/v Công bố kèm theo Quyết định này thủ tục hành chính được sửa đổi, bổ sung và bị bãi bỏ trong lĩnh vực hải quan thuộc phạm vụ chức năng quản lý của Bộ Tài chính",101226,305,10,DONG_NAI,null,null,https://files.customs.gov.vn/CustomsCMS/DONG_NAI/2025/9/3/2902_QD_BTC_25_08_2025.pdf,https://www.customs.gov.vn/index.jsp?pageId=3&id=101226&cid=1294,2025,08/2025,2026-10-08T09:33:47Z
260,227/QĐ-HQKV13,25/08/2025,Chi cục Hải quan khu vực XIII,Quyết định công bố Hệ thống quản lý chất lượng phù hợp Tiêu chuẩn quốc gia TCVN ISO 9001:2015,101122,305,10,KHANH_HOA,null,null,https://files.customs.gov.vn/CustomsCMS/KHANH_HOA/2025/8/27/227-HQKV13-QD_cong_bo_HTQLCL_ISO9001.2015.pdf,https://www.customs.gov.vn/index.jsp?pageId=3&id=101122&cid=1294,2025,08/2025,2026-10-08T09:33:47Z
261,226/QĐ-HQKV13,22/08/2025,Chi cục Hải quan khu vực XIII,Quyết định ban hành Nội quy trụ sở cơ quan Chi cục Hải quan khu vực XIII,101117,305,10,KHANH_HOA,null,null,https://files.customs.gov.vn/CustomsCMS/KHANH_HOA/2025/8/27/226-HQKV13-QD_ban_hanh_noi_quy_co_quan.pdf,https://www.customs.gov.vn/index.jsp?pageId=3&id=101117&cid=1294,2025,08/2025,2026-10-08T09:33:47Z
262,02864/QĐ-BTC,20/08/2025,Bộ Tài chính,V/v Công bố thủ tục hành chính mới ban hành trong lĩnh vực hải quan thuộc phạm vụ chức năng quản lý của Bộ Tài chính,101528,305,10,DONG_NAI,null,null,https://files.customs.gov.vn/CustomsCMS/DONG_NAI/2025/10/6/2864_QD_BTC_20_08_2025.pdf,https://www.customs.gov.vn/index.jsp?pageId=3&id=101528&cid=1294,2025,08/2025,2026-10-08T09:33:47Z
263,1094/HQKV5-NVHQ,19/08/2025,Chi cục Hải quan khu vực V,V/v Thông báo doanh nghiệp không được đưa hàng về bảo quản,101053,305,10,DONG_NAI,null,null,https://files.customs.gov.vn/CustomsCMS/DONG_NAI/2025/8/20/1094_HQKV5_NVHQ_19_08_2025.pdf,https://www.customs.gov.vn/index.jsp?pageId=3&id=101053&cid=1294,2025,08/2025,2026-10-08T09:33:47Z
264,20117/TB-CHQ,19/08/2025,Cục Hải quan,Thông báo phát hành phát hành tem điện tử rượu nhập khẩu,101052,305,19,TONG_CUC,Trịnh Văn Nhuận,null,https://files.customs.gov.vn/CustomsCMS/TONG_CUC/2025/8/19/10.VB_20117.pdf,https://www.customs.gov.vn/index.jsp?pageId=3&id=101052&cid=1294,2025,08/2025,2026-10-08T09:33:47Z
265,5242/TB-HQKV3,18/08/2025,Chi cục Hải quan khu vực III,Thông báo về mẫu con dấu số hiệu công chức của Chi cục Hải quan khu vực III,101055,305,19,HAI_PHONG,Trần Mạnh Cường,15/08/2025,,https://www.customs.gov.vn/index.jsp?pageId=3&id=101055&cid=1294,2025,08/2025,2026-10-08T09:33:47Z
266,1637/HQKV 1,14/08/2025,Chi cục Hải quan khu vực I,"Phát hành, sử dụng biên lai thuế, lệ phí hải quan",102719,305,19,TONG_CUC,null,null,https://files.customs.gov.vn/CustomsCMS/TONG_CUC/2026/3/6/41998.pdf,https://www.customs.gov.vn/index.jsp?pageId=3&id=102719&cid=1294,2025,08/2025,2026-10-08T09:33:47Z
267,699/CTr-BCĐ,14/08/2025,"Ban Chỉ đạo phòng chống TP, TNXH",V/v Chương trình thực hiện công tác trọng tâm xây dựng phong trào toàn dân bảo vệ an ninh Tổ quốc năm 2025,101036,305,18,DONG_NAI,null,null,https://files.customs.gov.vn/CustomsCMS/DONG_NAI/2025/8/19/699_CTr_BCD_14_08_2025.PDF,https://www.customs.gov.vn/index.jsp?pageId=3&id=101036&cid=1294,2025,08/2025,2026-10-08T09:33:47Z
268,1906/HQKV8-VP,13/08/2025,Cục Hải quan tỉnh Quảng Ninh,V/v đề nghị báo giá thay thế camera thuộc hệ thống camera giám sát HQCK cảng Hòn Gai,100978,305,16,QUANG_NINH,Bùi Ngọc Lợi,null,https://files.customs.gov.vn/CustomsCMS/QUANG_NINH/2025/8/14/1906.DeNghiBaoGia.pdf,https://www.customs.gov.vn/index.jsp?pageId=3&id=100978&cid=1294,2025,08/2025,2026-10-08T09:33:47Z
269,459/HQKV2-VP,12/08/2025,Chi cục Hải quan khu vực II,V/v mời báo giá dịch vụ tiêu hủy tài sản là tang vật vi phạm hành chính bị tịch thu,100966,305,16,TP_HO_CHI_MINH,null,null,https://files.customs.gov.vn/CustomsCMS/TP_HO_CHI_MINH/2025/8/13/459.signed.pdf,https://www.customs.gov.vn/index.jsp?pageId=3&id=100966&cid=1294,2025,08/2025,2026-10-08T09:33:47Z
270,18538/CHQ-VP,11/08/2025,Cục Hải quan,Thông báo Người phát ngôn và đầu mối tiếp nhận thông tin báo chí của Cục Hải quan,100991,305,19,TONG_CUC,Phạm Thị Thu Hương,null,https://files.customs.gov.vn/CustomsCMS/TONG_CUC/2025/8/15/5. CV gửi cơ quan quản lý báo chí.pdf,https://www.customs.gov.vn/index.jsp?pageId=3&id=100991&cid=1294,2025,08/2025,2026-10-08T09:33:47Z
271,439/HQKV2-VP,08/08/2025,Chi cục Hải quan khu vực II,V/v mời cung cấp bảng báo giá dịch vụ giám định tài sản là hàng hóa của 410 container phế liệu nhựa tồn đọng tawji hải quan CK Cảng Sài Gòn KV1,100943,305,16,TP_HO_CHI_MINH,null,null,https://files.customs.gov.vn/CustomsCMS/TP_HO_CHI_MINH/2025/8/11/439.signed.pdf,https://www.customs.gov.vn/index.jsp?pageId=3&id=100943&cid=1294,2025,08/2025,2026-10-08T09:33:47Z
272,440/HQKV2-VP,08/08/2025,Chi cục Hải quan khu vực II,V/v mời cung cấp bảng báo giá dịch vụ giám định tài sản là hàng hóa của 410 container phế liệu nhựa tồn đọng tại hải quan CK Cảng Sài Gòn KV1,100944,305,16,TP_HO_CHI_MINH,null,null,https://files.customs.gov.vn/CustomsCMS/TP_HO_CHI_MINH/2025/8/11/440.signed.pdf,https://www.customs.gov.vn/index.jsp?pageId=3&id=100944&cid=1294,2025,08/2025,2026-10-08T09:33:47Z
273,4949/HQKV3-VP,08/08/2025,Chi cục Hải quan khu vực III,Thư mời chào giá thiết bị chuyển mạch,100964,305,16,HAI_PHONG,null,null,https://files.customs.gov.vn/CustomsCMS/HAI_PHONG/2025/8/12/thuchaogia.pdf,https://www.customs.gov.vn/index.jsp?pageId=3&id=100964&cid=1294,2025,08/2025,2026-10-08T09:33:47Z
274,1179/QĐ-CHQ,04/08/2025,Cục Hải quan,"Quy trình kiểm tra, giám sát hải quan đối với hành lý của người xuất cảnh, nhập cảnh; phương tiện xuất cảnh, nhập cảnh, quá cảnh; phương tiện ra, vào cửa khẩu biên giới đường bộ",100890,"305, 310",10,TONG_CUC,Âu Anh Tuấn,15/08/2025,https://files.customs.gov.vn/CustomsCMS/TONG_CUC/2025/8/4/VB_1179.pdf,https://www.customs.gov.vn/index.jsp?pageId=3&id=100890&cid=1294,2025,08/2025,2026-10-08T09:33:47Z
275,869/TB-TCCB,04/08/2025,Phòng Tổ chức cán bộ,Về việc Lịch tiếp công dân thường xuyên tại trụ sở Chi cục Hải quan khu vực II,100873,305,19,TP_HO_CHI_MINH,null,null,https://files.customs.gov.vn/CustomsCMS/TP_HO_CHI_MINH/2025/8/4/869.signed.pdf,https://www.customs.gov.vn/index.jsp?pageId=3&id=100873&cid=1294,2025,08/2025,2026-10-08T09:33:47Z
276,17529/CHQ-GSQL,01/08/2025,Cục Hải quan,Hướng dẫn thực hiện tự động phân công công chức kiểm tra hồ sơ trên hệ thống VNACCS/VCIS,100894,"305, 310",19,TONG_CUC,Âu Anh Tuấn,null,https://files.customs.gov.vn/CustomsCMS/TONG_CUC/2025/8/4/CV 17529.pdf,https://www.customs.gov.vn/index.jsp?pageId=3&id=100894&cid=1294,2025,08/2025,2026-10-08T09:33:47Z
277,1113/HQKV2-VP,29/09/2025,Chi cục Hải quan khu vực II,V/v mờii cung cấp bảng báo dịch vụ giám định tài sản là hàng hóa của 13 container phế liệu nhựa tồn đọng tại cảng VICT (lần 2),101491,305,16,TP_HO_CHI_MINH,null,null,https://files.customs.gov.vn/CustomsCMS/TP_HO_CHI_MINH/2025/9/29/1113.signed.pdf,https://www.customs.gov.vn/index.jsp?pageId=3&id=101491&cid=1294,2025,09/2025,2026-10-08T09:33:47Z
278,1120/HQKV2-VP,29/09/2025,Chi cục Hải quan khu vực II,V/v mời cung cấp bảng báo giá dịch vụ thẩm định giá tài sản là hàng hóa của 13 container phế liệu nhựa tồn đọng tại cảng VICT (lần 2),101509,305,16,TP_HO_CHI_MINH,null,null,https://files.customs.gov.vn/CustomsCMS/TP_HO_CHI_MINH/2025/10/1/1120cv.signed.pdf,https://www.customs.gov.vn/index.jsp?pageId=3&id=101509&cid=1294,2025,09/2025,2026-10-08T09:33:47Z
279,1353/TB-HQKV19,29/09/2025,Chi cục Hải quan khu vực XIX,Lựa chọn tổ chức hành nghề đấu giá tài sản,101505,305,19,CAN_THO,null,29/09/2025,https://files.customs.gov.vn/CustomsCMS/CAN_THO/2025/9/30/1353_TD.pdf,https://www.customs.gov.vn/index.jsp?pageId=3&id=101505&cid=1294,2025,09/2025,2026-10-08T09:33:47Z
280,10363/KBNN-QLTT,26/09/2025,Kho bạc Nhà nước,Cung cấp danh sách các NHTM nơi KBNN mở tài khoản triển khai theo Thông tư số 81/2025/TT-BTC (bản phụ lục gửi trên Cổng Dịch vụ công KBNN và file gửi qua mail),102282,305,19,TONG_CUC,Nguyễn Mạnh Cường,null,https://files.customs.gov.vn/CustomsCMS/TONG_CUC/2026/1/6/vbdi10363_20250926112129_1.pdf,https://www.customs.gov.vn/index.jsp?pageId=3&id=102282&cid=1294,2025,09/2025,2026-10-08T09:33:47Z
281,1094/HQKV2-VP,26/09/2025,Chi cục Hải quan khu vực II,V/v mời báo giá cung cấp dịch vụ,101485,305,16,TP_HO_CHI_MINH,null,null,https://files.customs.gov.vn/CustomsCMS/TP_HO_CHI_MINH/2025/9/29/1094.signed.pdf,https://www.customs.gov.vn/index.jsp?pageId=3&id=101485&cid=1294,2025,09/2025,2026-10-08T09:33:47Z
282,1095/HQKV2-VP,26/09/2025,Chi cục Hải quan khu vực II,V/v mời cung cấp bảng báo giá dịch vụ thẩm định giá tài sản là tang vật vi phạm hành chính bị tịch thu,101488,305,16,TP_HO_CHI_MINH,null,null,https://files.customs.gov.vn/CustomsCMS/TP_HO_CHI_MINH/2025/9/29/1095.signed.pdf,https://www.customs.gov.vn/index.jsp?pageId=3&id=101488&cid=1294,2025,09/2025,2026-10-08T09:33:47Z
283,10352/KBNN-QLTT,25/09/2025,Kho bạc Nhà nước,Thông báo cung cấp danh sách các NHTM nơi KBNN mở tài khoản,101506,305,19,TONG_CUC,Khương Xuân Lợi,null,https://files.customs.gov.vn/CustomsCMS/TONG_CUC/2025/9/30/phuluc29925.pdf,https://www.customs.gov.vn/index.jsp?pageId=3&id=101506&cid=1294,2025,09/2025,2026-10-08T09:33:47Z
284,1076/HQKV2-VP,25/09/2025,Chi cục Hải quan khu vực II,V/v mời báo giá dịch vụ tư vấn lập E-HSMT và đánh giá E-HSDT,101460,305,16,TP_HO_CHI_MINH,null,null,https://files.customs.gov.vn/CustomsCMS/TP_HO_CHI_MINH/2025/9/26/1076.signed.pdf,https://www.customs.gov.vn/index.jsp?pageId=3&id=101460&cid=1294,2025,09/2025,2026-10-08T09:33:47Z
285,1077/HQKV2-VP,25/09/2025,Chi cục Hải quan khu vực II,V/v mời báo giá dịch vụ tư vấn thẩm định các nội dung trong lựa chọn nhà thầu,101461,305,16,TP_HO_CHI_MINH,null,null,https://files.customs.gov.vn/CustomsCMS/TP_HO_CHI_MINH/2025/9/26/1077CV.signed.pdf,https://www.customs.gov.vn/index.jsp?pageId=3&id=101461&cid=1294,2025,09/2025,2026-10-08T09:33:47Z
286,1078/HQKV2-VP,25/09/2025,Chi cục Hải quan khu vực II,V/v mời báo giá dịch vụ tư vấn thẩm định các nội dung trong lựa chọn nhà thầu,101462,305,16,TP_HO_CHI_MINH,null,null,https://files.customs.gov.vn/CustomsCMS/TP_HO_CHI_MINH/2025/9/26/1078CV.signed.pdf,https://www.customs.gov.vn/index.jsp?pageId=3&id=101462&cid=1294,2025,09/2025,2026-10-08T09:33:47Z
287,1079/HQKV2-VP,25/09/2025,Chi cục Hải quan khu vực II,V/v mời báo giá dịch vụ tư vấn thẩm định các nội dung trong lựa chọn nhà thầu,101463,305,16,TP_HO_CHI_MINH,null,null,https://files.customs.gov.vn/CustomsCMS/TP_HO_CHI_MINH/2025/9/26/1079CV.signed.pdf,https://www.customs.gov.vn/index.jsp?pageId=3&id=101463&cid=1294,2025,09/2025,2026-10-08T09:33:47Z
288,1008/QĐ-HQKV3,22/09/2025,Chi cục Hải quan khu vực III,công bố công khai việc giao bổ sung dự toán chi ngân sách nhà nước năm 2025,101761,305,10,HAI_PHONG,null,22/09/2025,"https://files.customs.gov.vn/CustomsCMS/HAI_PHONG/2025/11/7/1393.xls,/CustomsCMS/HAI_PHONG/2025/11/7/1008.pdf",https://www.customs.gov.vn/index.jsp?pageId=3&id=101761&cid=1294,2025,09/2025,2026-10-08T09:33:47Z
289,991/HQKV2-VP,18/09/2025,Chi cục Hải quan khu vực II,V/v chào giá tiêu hủy tài sản,101372,305,16,TP_HO_CHI_MINH,null,null,https://files.customs.gov.vn/CustomsCMS/TP_HO_CHI_MINH/2025/9/19/991.signed.pdf,https://www.customs.gov.vn/index.jsp?pageId=3&id=101372&cid=1294,2025,09/2025,2026-10-08T09:33:47Z
290,966/HQKV2-NVHQ,17/09/2025,Chi cục Hải quan khu vực II,Thông tin phát hành biên lai,101427,305,19,TONG_CUC,Bùi Tuấn Hải,null,https://files.customs.gov.vn/CustomsCMS/TONG_CUC/2025/9/23/93650784. 966.HQKV2. Bien lai (Cces 23.9.2025).pdf,https://www.customs.gov.vn/index.jsp?pageId=3&id=101427&cid=1294,2025,09/2025,2026-10-08T09:33:47Z
291,1414/HQKV13-NVHQ,16/09/2025,Chi cục Hải quan khu vực XIII,Triển khai Thông tư số 86/2025/TT-BTC ngày 28/8/2025 của Bộ trưởng Bộ Tài chính,101356,305,16,KHANH_HOA,null,null,https://files.customs.gov.vn/CustomsCMS/KHANH_HOA/2025/9/18/1414- HQKV13 trien khai Thong tu 86.2025.pdf,https://www.customs.gov.vn/index.jsp?pageId=3&id=101356&cid=1294,2025,09/2025,2026-10-08T09:33:47Z
292,952/HQKV2-VP,16/09/2025,Chi cục Hải quan khu vực II,V/v báo giá phí dịch vụ thẩm định giá,101351,305,16,TP_HO_CHI_MINH,null,null,https://files.customs.gov.vn/CustomsCMS/TP_HO_CHI_MINH/2025/9/17/952.signed.pdf,https://www.customs.gov.vn/index.jsp?pageId=3&id=101351&cid=1294,2025,09/2025,2026-10-08T09:33:47Z
293,371/QĐ-HQKV11,11/09/2025,Chi cục Hải quan khu vực XI,V/v công bố công khai bổ sung dự toán chi ngân sách nhà nước năm 2025 của Chi cục Hải quan khu vực XI,101823,305,10,HA_TINH,Bùi Thanh San,null,https://files.customs.gov.vn/CustomsCMS/HA_TINH/2025/11/13/6. Cong khai quyet dinh 1393.pdf,https://www.customs.gov.vn/index.jsp?pageId=3&id=101823&cid=1294,2025,09/2025,2026-10-08T09:33:47Z
294,479/QĐ-HQKV18,09/09/2025,Chi cục Hải quan khu vực XVIII,V/v Ban hành Quy chế tiếp công dân tại trụ sở Chi cục Hải quan khu vực XVIII và các đơn vị thuộc Chi cục,101264,305,10,DONG_NAI,null,null,https://files.customs.gov.vn/CustomsCMS/DONG_NAI/2025/9/10/479_QD_HQKV18_09_09_2025.pdf,https://www.customs.gov.vn/index.jsp?pageId=3&id=101264&cid=1294,2025,09/2025,2026-10-08T09:33:47Z
295,2203/HQKV8-VP,08/09/2025,Chi cục Hải quan khu vực VIII,V/v báo giá dịch vụ thẩm định giá tài sản thanh lý,101271,305,16,QUANG_NINH,Nguyễn Huy Đông,08/09/2025,https://files.customs.gov.vn/CustomsCMS/QUANG_NINH/2025/9/11/Đề nghị báo giá.pdf,https://www.customs.gov.vn/index.jsp?pageId=3&id=101271&cid=1294,2025,09/2025,2026-10-08T09:33:47Z
296,920/QĐ-HQKV3,08/09/2025,Chi cục Hải quan khu vực III,công bố công khai việc giao bổ sung dự toán chi ngân sách nhà nước năm 2025,101760,305,10,HAI_PHONG,null,08/09/2025,"https://files.customs.gov.vn/CustomsCMS/HAI_PHONG/2025/11/7/1323.xls,/CustomsCMS/HAI_PHONG/2025/11/7/920.pdf",https://www.customs.gov.vn/index.jsp?pageId=3&id=101760&cid=1294,2025,09/2025,2026-10-08T09:33:47Z
297,3078/QĐ-BTC,03/09/2025,Bộ Tài chính,"V/v Công bố thủ tục hành chính được sửa đổi, bổ sung trong lĩnh vực quản lý thuế thuộc phạm vi chức năng quản lý của Bộ Tài chính",101236,305,10,DONG_NAI,null,null,https://files.customs.gov.vn/CustomsCMS/DONG_NAI/2025/9/5/3078_QD_BTC_03_09_2025.pdf,https://www.customs.gov.vn/index.jsp?pageId=3&id=101236&cid=1294,2025,09/2025,2026-10-08T09:33:47Z
298,446/QĐ-HQKV20,31/10/2025,Chi cục Hải quan khu vực XX,Quyết định Về việc công bố công khai giao bổ sung dự toán chi NSNN  năm 2025 của Chi cục Hải quan khu vực XX,101783,305,10,DONG_THAP,Bùi Thị Thùy Giang,31/10/2025,"https://files.customs.gov.vn/CustomsCMS/DONG_THAP/2025/11/10/quyet dinh 446 cong khai QD1667.pdf,/CustomsCMS/DONG_THAP/2025/11/10/phuluc kem qd446 cong khai qd1667.pdf",https://www.customs.gov.vn/index.jsp?pageId=3&id=101783&cid=1294,2025,10/2025,2026-10-08T09:33:47Z
299,1564/HQKV2-VP,30/10/2025,Chi cục Hải quan khu vực II,V/v mời báo giá cung cấp dịch vụ,101723,305,16,TP_HO_CHI_MINH,null,null,https://files.customs.gov.vn/CustomsCMS/TP_HO_CHI_MINH/2025/10/31/VB_1564.pdf,https://www.customs.gov.vn/index.jsp?pageId=3&id=101723&cid=1294,2025,10/2025,2026-10-08T09:33:47Z
300,1578/HQKV2-VP,30/10/2025,Chi cục Hải quan khu vực II,V/v mời báo giá dịch vụ,101724,305,16,TP_HO_CHI_MINH,null,null,https://files.customs.gov.vn/CustomsCMS/TP_HO_CHI_MINH/2025/10/31/VB_1578.pdf,https://www.customs.gov.vn/index.jsp?pageId=3&id=101724&cid=1294,2025,10/2025,2026-10-08T09:33:47Z
301,1691/QĐ-CHQ,29/10/2025,Cục Hải quan,Đổi tên Hải quan cửa khẩu Tà Lùng,101994,305,19,TONG_CUC,Nguyễn Văn Thọ,29/10/2025,https://files.customs.gov.vn/CustomsCMS/TONG_CUC/2025/12/4/VB_1691.pdf,https://www.customs.gov.vn/index.jsp?pageId=3&id=101994&cid=1294,2025,10/2025,2026-10-08T09:33:47Z
302,1746/HQKV18-NV,29/10/2025,Chi cục Hải quan khu vực XVIII,"V/v Tham gia ý kiến về chủ trương triển khai Đề án mô hình thông quan tập trung của Cục Hải quan (Các doanh nghiệp, Hiệp hội doanh nghiệp trên địa bàn tỉnh Đồng Nai)",101700,305,16,DONG_NAI,null,null,"https://files.customs.gov.vn/CustomsCMS/DONG_NAI/2025/10/31/1746_HQKV18_NV_29_10_2025.pdf,/CustomsCMS/DONG_NAI/2025/10/31/1746_DK.docx",https://www.customs.gov.vn/index.jsp?pageId=3&id=101700&cid=1294,2025,10/2025,2026-10-08T09:33:47Z
303,1540/HQKV2-VP,28/10/2025,Chi cục Hải quan khu vực II,Mời báo giá dịch vụ,101698,305,16,TP_HO_CHI_MINH,null,null,https://files.customs.gov.vn/CustomsCMS/TP_HO_CHI_MINH/2025/10/29/VB_1540.pdf,https://www.customs.gov.vn/index.jsp?pageId=3&id=101698&cid=1294,2025,10/2025,2026-10-08T09:33:47Z
304,516/QĐ-HQKV11,28/10/2025,Chi cục Hải quan khu vực XI,Quyết định về việc công bố công khai bổ sung dự toán chi ngân sách nhà nước năm 2025 của Chi cục Hải quan khu vực XI,101787,305,10,HA_TINH,Bùi Thanh San,null,https://files.customs.gov.vn/CustomsCMS/HA_TINH/2025/11/10/8. Cong khai quyet dinh 1667.pdf,https://www.customs.gov.vn/index.jsp?pageId=3&id=101787&cid=1294,2025,10/2025,2026-10-08T09:33:47Z
305,1669/QĐ-CHQ,24/10/2025,Cục Hải quan,"Ban hành quy trình thực hiện các nội dung quản lý ngân sách, tài sản công, đầu tư xây dựng, đầu tư ứng dụng công nghệ thông tin của Cục Hải quan theo phân cấp tại Thông tư số 66/2025/TT-BTC ngày 1/7/2025 của Bộ trưởng Bộ Tài chính",101969,305,19,TONG_CUC,Nguyễn Văn Thọ,null,https://files.customs.gov.vn/CustomsCMS/TONG_CUC/2025/12/2/VB_1669.pdf,https://www.customs.gov.vn/index.jsp?pageId=3&id=101969&cid=1294,2025,10/2025,2026-10-08T09:33:47Z
306,2648 /TB-HQKV6,24/10/2025,Chi cục Hải quan khu vực VI,Kết quả lựa chọn tổ chức thẩm định giá,101683,305,19,LANG_SON,Mã Thanh Giang,null,https://files.customs.gov.vn/CustomsCMS/LANG_SON/2025/10/27/2648.pdf,https://www.customs.gov.vn/index.jsp?pageId=3&id=101683&cid=1294,2025,10/2025,2026-10-08T09:33:47Z
307,1457/HQKV2-VP,23/10/2025,Chi cục Hải quan khu vực II,"V/v mời báo giá dịch vụ thanh lý, phá dỡ hủy bỏ tài sản là tang vật vi phạm hành chính bị tịch thu",101695,305,19,TP_HO_CHI_MINH,null,null,https://files.customs.gov.vn/CustomsCMS/TP_HO_CHI_MINH/2025/10/28/VB_1457.pdf,https://www.customs.gov.vn/index.jsp?pageId=3&id=101695&cid=1294,2025,10/2025,2026-10-08T09:33:47Z
308,1667/TB-HQKV13,22/10/2025,Chi cục Hải quan khu vực XIII,"Thông báo mã Chương nộp thuế, phí theo mô hình chính quyền địa phương 2 cấp từ ngày 01/7/2025",101642,305,19,KHANH_HOA,null,null,https://files.customs.gov.vn/CustomsCMS/KHANH_HOA/2025/10/22/1667-HQKV13-TB-ma-chuong-nop-thue-phi.pdf,https://www.customs.gov.vn/index.jsp?pageId=3&id=101642&cid=1294,2025,10/2025,2026-10-08T09:33:47Z
309,2825/TB-HQTT,21/10/2025,Hải quan cửa khẩu Tân Thanh,Kết quả lựa chọn tổ chức hành nghề đấu giá tài sản,101641,305,19,LANG_SON,Trần Anh Tuấn,null,https://files.customs.gov.vn/CustomsCMS/LANG_SON/2025/10/22/2825.pdf,https://www.customs.gov.vn/index.jsp?pageId=3&id=101641&cid=1294,2025,10/2025,2026-10-08T09:33:47Z
310,500/QĐ-HQKV11,21/10/2025,Chi cục Hải quan khu vực XI,Quyết định Về việc công bố công khai tình hình thực hiện dự toán Quý III năm 2025 của Chi cục Hải quan khu vực XI,101990,305,10,HA_TINH,Bùi Thanh San,null,https://files.customs.gov.vn/CustomsCMS/HA_TINH/2025/12/3/500.pdf,https://www.customs.gov.vn/index.jsp?pageId=3&id=101990&cid=1294,2025,10/2025,2026-10-08T09:33:47Z
311,1323/QĐ-HQKV2,20/10/2025,Chi cục Hải quan khu vực II,Về việc ban hành Nội quy Tiếp công dân tại trụ sở Chi cục Hải quan khu vực II,101699,305,10,TP_HO_CHI_MINH,Nguyễn Hoàng Tuấn,null,https://files.customs.gov.vn/CustomsCMS/TP_HO_CHI_MINH/2025/10/29/VB_1323.pdf,https://www.customs.gov.vn/index.jsp?pageId=3&id=101699&cid=1294,2025,10/2025,2026-10-08T09:33:47Z
312,67341/TB-TCS2,20/10/2025,Cục Thuế,về việc hủy bỏ tạm hoãn xuất cảnh,101744,305,19,TONG_CUC,null,null,https://files.customs.gov.vn/CustomsCMS/TONG_CUC/2025/11/4/VB_63129.pdf,https://www.customs.gov.vn/index.jsp?pageId=3&id=101744&cid=1294,2025,10/2025,2026-10-08T09:33:47Z
313,1615/QĐ-CHQ,17/10/2025,Cục Hải quan,"Ban hành Quy chế quản lý, sử dụng máy móc, thiết bị chuyên dùng tại các đơn vị thuộc Cục Hải quan",101996,305,19,TONG_CUC,Lưu Mạnh Tưởng,null,https://files.customs.gov.vn/CustomsCMS/TONG_CUC/2025/12/4/VBDI_1615.pdf,https://www.customs.gov.vn/index.jsp?pageId=3&id=101996&cid=1294,2025,10/2025,2026-10-08T09:33:47Z
314,12664/QĐ-HCM-KĐT,16/10/2025,Cục Thuế,"Thông báo Chấm dứt hiệu lực quyết định cưỡng chế thi hành quyết định hành chính về quản lý thuế bằng biện pháp trích tiền từ TK, phong tỏa TK của NNT bị CC thi hành QĐHC về quản lý thuế",101729,305,19,TONG_CUC,null,null,https://files.customs.gov.vn/CustomsCMS/TONG_CUC/2025/10/31/VB_60885.pdf,https://www.customs.gov.vn/index.jsp?pageId=3&id=101729&cid=1294,2025,10/2025,2026-10-08T09:33:47Z
315,408/QĐ-HQKV20,16/10/2025,Chi cục Hải quan khu vực XX,QUYẾT ĐỊNH Về việc công bố công khai giao điều chỉnh dự toán chi ngân sách nhà nước  năm 2025 của Chi cục Hải quan khu vực XX,101784,305,10,DONG_THAP,Bùi Thị Thùy Giang,16/10/2025,"https://files.customs.gov.vn/CustomsCMS/DONG_THAP/2025/11/10/408 cong khai theo 1554.pdf,/CustomsCMS/DONG_THAP/2025/11/10/phuluckem1554.pdf,/CustomsCMS/DONG_THAP/2025/11/10/2264 cong khai du toan.pdf,/CustomsCMS/DONG_THAP/2025/11/10/phuluc1 kem 2264.pdf",https://www.customs.gov.vn/index.jsp?pageId=3&id=101784&cid=1294,2025,10/2025,2026-10-08T09:33:47Z
316,2711/TB-HQTT,13/10/2025,Hải quan cửa khẩu Tân Thanh,"Lựa chọn tổ chức, đơn vị đấu giá tài sản",101584,305,19,LANG_SON,Trần Anh Tuấn,null,https://files.customs.gov.vn/CustomsCMS/LANG_SON/2025/10/14/2711.pdf,https://www.customs.gov.vn/index.jsp?pageId=3&id=101584&cid=1294,2025,10/2025,2026-10-08T09:33:47Z
317,1177/QĐ-HQKV3,10/10/2025,Chi cục Hải quan khu vực III,công bố công khai việc giao bổ sung dự toán chi ngân sách nhà nước năm 2025,101762,305,10,HAI_PHONG,null,10/10/2025,"https://files.customs.gov.vn/CustomsCMS/HAI_PHONG/2025/11/7/1554.xls,/CustomsCMS/HAI_PHONG/2025/11/7/1177.pdf",https://www.customs.gov.vn/index.jsp?pageId=3&id=101762&cid=1294,2025,10/2025,2026-10-08T09:33:47Z
318,2474/HQKV6-TB,10/10/2025,Chi cục Hải quan khu vực VI,Thông báo mời tham gia thẩm định giá dịch vụ,101578,305,19,LANG_SON,Mã Thanh Giang,null,https://files.customs.gov.vn/CustomsCMS/LANG_SON/2025/10/14/2474.pdf,https://www.customs.gov.vn/index.jsp?pageId=3&id=101578&cid=1294,2025,10/2025,2026-10-08T09:33:47Z
319,2718/HQKV8-VP,10/10/2025,Chi cục Hải quan khu vực VIII,"V/v đề nghị báo giá bảo trì, bảo dưỡng máy soi hành lý của Chi cục Hải quan khu vực VIII.",101548,305,16,QUANG_NINH,Bùi Ngọc Lợi,10/10/2025,https://files.customs.gov.vn/CustomsCMS/QUANG_NINH/2025/10/10/Bảo dưỡng máy soi.pdf,https://www.customs.gov.vn/index.jsp?pageId=3&id=101548&cid=1294,2025,10/2025,2026-10-08T09:33:47Z
320,2719/HQKV8-VP,10/10/2025,Chi cục Hải quan khu vực VIII,"V/v đề nghị báo giá sửa chữa máy soi hành lý, hàng hóa tại HQCKQT Móng Cái.",101547,305,16,QUANG_NINH,Bùi Ngọc Lợi,null,https://files.customs.gov.vn/CustomsCMS/QUANG_NINH/2025/10/10/Báo giá máy soi.pdf,https://www.customs.gov.vn/index.jsp?pageId=3&id=101547&cid=1294,2025,10/2025,2026-10-08T09:33:47Z
321,301/QĐ-HQKV13,10/10/2025,Chi cục Hải quan khu vực XIII,Quyết định công khai giao bổ sung dự toán chi NSNN năm 2025 của Chi cục Hải quan khu vực XIII,101941,305,10,KHANH_HOA,null,null,https://files.customs.gov.vn/CustomsCMS/KHANH_HOA/2025/11/27/301_QD-HQKV13_cong-khai-giao-bo-sung-chi-NSNN2025.pdf,https://www.customs.gov.vn/index.jsp?pageId=3&id=101941&cid=1294,2025,10/2025,2026-10-08T09:33:47Z
322,302/QĐ-HQKV13,10/10/2025,Chi cục Hải quan khu vực XIII,"Quyết định công khai tình hình thực hiện dự toán thu, chi NSNN Quý III năm 2025 của Chi cục Hải quan khu vực XIII",101942,305,10,KHANH_HOA,null,null,https://files.customs.gov.vn/CustomsCMS/KHANH_HOA/2025/11/27/302-HQKV13-QD_cong-khai-tinh-hinh-thu-chi-NSNN-QuyIII-nam2025.pdf,https://www.customs.gov.vn/index.jsp?pageId=3&id=101942&cid=1294,2025,10/2025,2026-10-08T09:33:47Z
323,474/QĐ-HQKV11,09/10/2025,Chi cục Hải quan khu vực XI,QĐ về việc công bố công khai điều chỉnh dự toán chi ngân sách nhà nước năm 2025 của Chi cục Hải quan khu vực XI,101824,305,10,HA_TINH,Bùi Thanh San,null,https://files.customs.gov.vn/CustomsCMS/HA_TINH/2025/11/13/7. Cong khai quyet dinh so 1554.pdf,https://www.customs.gov.vn/index.jsp?pageId=3&id=101824&cid=1294,2025,10/2025,2026-10-08T09:33:47Z
324,1442/TB-HQKV19,08/10/2025,Chi cục Hải quan khu vực XIX,Kết quả lựa chọn tổ chức hành nghề đấu giá tài sản,101539,305,19,CAN_THO,null,08/10/2025,,https://www.customs.gov.vn/index.jsp?pageId=3&id=101539&cid=1294,2025,10/2025,2026-10-08T09:33:47Z
325,Số:  2700/TB-HQKV8,08/10/2025,CHI CỤC HẢI QUAN KHU VỰC VIII,Thông báo về việc bán chỉ định lô tài sản thanh lý,101543,305,19,QUANG_NINH,Bùi Ngọc Lợi,08/10/2025,"https://files.customs.gov.vn/CustomsCMS/QUANG_NINH/2025/10/9/TVQT 1.pdf,/CustomsCMS/QUANG_NINH/2025/10/9/TVQT2.pdf,/CustomsCMS/QUANG_NINH/2025/10/9/TVQT3.pdf",https://www.customs.gov.vn/index.jsp?pageId=3&id=101543&cid=1294,2025,10/2025,2026-10-08T09:33:47Z
326,Số: 2688/TB-HQKV8,08/10/2025,Chi cục Hải quan khu vực VIII,Thông báo về việc lựa chọn tổ chức hành nghề đấu giá tài sản,101544,305,19,QUANG_NINH,Bùi Ngọc Lợi,08/10/2025,"https://files.customs.gov.vn/CustomsCMS/QUANG_NINH/2025/10/9/TB1.pdf,/CustomsCMS/QUANG_NINH/2025/10/9/TB2.pdf,/CustomsCMS/QUANG_NINH/2025/10/9/QD1.pdf,/CustomsCMS/QUANG_NINH/2025/10/9/QD2.pdf",https://www.customs.gov.vn/index.jsp?pageId=3&id=101544&cid=1294,2025,10/2025,2026-10-08T09:33:47Z
327,2364  /TB-HQKV6,01/10/2025,Chi cục Hải quan khu vực VI,"Lựa chọn tổ chức, doanh nghiệp thẩm định giá",101519,305,19,LANG_SON,Mã Thanh Giang,null,https://files.customs.gov.vn/CustomsCMS/LANG_SON/2025/10/3/2364.pdf,https://www.customs.gov.vn/index.jsp?pageId=3&id=101519&cid=1294,2025,10/2025,2026-10-08T09:33:47Z
328,27091/TB-CHQ,01/10/2025,Cục Hải quan,Thông báo về thông tin tài khoản thu NSNN của Hải quan Buôn Ma Thuột thuộc Chi Cục Hải quan khu vực XIX,101520,305,19,TONG_CUC,Mai Thị Vân Anh,null,https://files.customs.gov.vn/CustomsCMS/TONG_CUC/2025/10/2/VBDI_27091.pdf,https://www.customs.gov.vn/index.jsp?pageId=3&id=101520&cid=1294,2025,10/2025,2026-10-08T09:33:47Z
329,9486/BCT-ĐB,29/11/2025,Bộ Công thương,"Phối hợp và hỗ trợ trong quá trình Tổ chức điều tra, tổng hợp, phân tích dữ liệu và xây dựng Bộ chỉ số đánh giá kết quả thực hiện các FTA (FTA Index) tại các địa phương năm 2025",102036,305,16,HAI_PHONG,null,null,https://files.customs.gov.vn/CustomsCMS/HAI_PHONG/2025/12/10/3. VB so 9486.BCT-DB.pdf,https://www.customs.gov.vn/index.jsp?pageId=3&id=102036&cid=1294,2025,11/2025,2026-10-08T09:33:47Z
330,1472/QĐ-HQKV3,28/11/2025,Chi cục Hải quan khu vực III,Quyết định công bố công khai việc giao điều chỉnh dự toán chi ngân sách nhà nước năm 2025 của Chi cục Hải quan khu vực III,102088,305,10,HAI_PHONG,null,null,,https://www.customs.gov.vn/index.jsp?pageId=3&id=102088&cid=1294,2025,11/2025,2026-10-08T09:33:47Z
331,38547/CHQ-TVQT,27/11/2025,Cục Hải quan,Công khai điều chỉnh dự toán chị NSNN và giao kế hoạch vốn đầu tư cho Cục Hải quan (đơn vị sử dụng Ngân sách).,101968,305,19,TONG_CUC,Trịnh Văn Nhuận,null,https://files.customs.gov.vn/CustomsCMS/TONG_CUC/2025/12/2/VB_38547.pdf,https://www.customs.gov.vn/index.jsp?pageId=3&id=101968&cid=1294,2025,11/2025,2026-10-08T09:33:47Z
332,2012/HQKV2-VP,25/11/2025,Chi cục Hải quan khu vực II,V/v mời báo giá dịch vụ vận chuyển tài sản là tang vật vi phạm hành chính bị tịch thu,101933,305,19,TP_HO_CHI_MINH,null,null,https://files.customs.gov.vn/CustomsCMS/TP_HO_CHI_MINH/2025/11/26/VB_2012.pdf,https://www.customs.gov.vn/index.jsp?pageId=3&id=101933&cid=1294,2025,11/2025,2026-10-08T09:33:47Z
333,37719/CHQ-TVQT,24/11/2025,Cục Hải quan,Công khai dự toán chi NSNN năm 2025,101925,305,19,TONG_CUC,Trịnh Văn Nhuận,null,https://files.customs.gov.vn/CustomsCMS/TONG_CUC/2025/11/25/VB_37719.pdf,https://www.customs.gov.vn/index.jsp?pageId=3&id=101925&cid=1294,2025,11/2025,2026-10-08T09:33:47Z
334,594/QĐ-HQKV11,24/11/2025,Chi cục Hải quan khu vực XI,Về việc công bố công khai điều chỉnh dự toán chi ngân sách nhà nước năm 2025 của Chi cục Hải quan khu vực XI,101907,305,10,HA_TINH,Bùi Thanh San,null,https://files.customs.gov.vn/CustomsCMS/HA_TINH/2025/11/25/594.pdf,https://www.customs.gov.vn/index.jsp?pageId=3&id=101907&cid=1294,2025,11/2025,2026-10-08T09:33:47Z
335,595/QĐ-HQKV11,24/11/2025,Chi cục Hải quan khu vực XI,Về việc công bố công khai điều chỉnh dự toán chi ngân sách nhà nước năm 2025 của Chi cục Hải quan khu vực XI,101908,305,10,HA_TINH,Bùi Thanh San,null,https://files.customs.gov.vn/CustomsCMS/HA_TINH/2025/11/25/595..pdf,https://www.customs.gov.vn/index.jsp?pageId=3&id=101908&cid=1294,2025,11/2025,2026-10-08T09:33:47Z
336,597/QĐ-HQKV11,24/11/2025,Chi cục Hải quan khu vực XI,Về việc công bố công khai điều chỉnh dự toán chi ngân sách nhà nước năm 2025 của Chi cục Hải quan khu vực XI,101909,305,10,HA_TINH,Bùi Thanh San,null,https://files.customs.gov.vn/CustomsCMS/HA_TINH/2025/11/25/597.pdf,https://www.customs.gov.vn/index.jsp?pageId=3&id=101909&cid=1294,2025,11/2025,2026-10-08T09:33:47Z
337,1391/QĐ-HQKV3,21/11/2025,Chi cục Hải quan khu vực III,Quyết định công bố công khai việc giao bổ sung dự toán chi NSNN năm 2025 của Chi cục Hải quan khu vực III,101986,305,10,HAI_PHONG,null,null,https://files.customs.gov.vn/CustomsCMS/HAI_PHONG/2025/12/3/công khai QĐ giao dự toán theo QĐ 1824.pdf,https://www.customs.gov.vn/index.jsp?pageId=3&id=101986&cid=1294,2025,11/2025,2026-10-08T09:33:47Z
338,1395/QĐ-HQKV3,21/11/2025,Chi cục Hải quan khu vực III,Quyết định công bố công khai việc giao điều chỉnh dự toán chi NSNN năm 2025 của Chi cục Hải quan khu vực III,101987,305,10,HAI_PHONG,null,null,"https://files.customs.gov.vn/CustomsCMS/HAI_PHONG/2025/12/3/bieu cong khai T11.2025 QĐ 1811.pdf,/CustomsCMS/HAI_PHONG/2025/12/3/công khai -T11.2025 QĐ giao 1811.pdf",https://www.customs.gov.vn/index.jsp?pageId=3&id=101987&cid=1294,2025,11/2025,2026-10-08T09:33:47Z
339,115/TB-HQKV2,20/11/2025,Chi cục Hải quan khu vực II,THÔNG BÁO KẾT QUẢ LỰA CHỌN TỔ CHỨC HÀNH NGHỀ ĐẤU GIÁ TÀI SẢN,101894,305,19,TP_HO_CHI_MINH,null,null,https://files.customs.gov.vn/CustomsCMS/TP_HO_CHI_MINH/2025/11/21/VB_115.pdf,https://www.customs.gov.vn/index.jsp?pageId=3&id=101894&cid=1294,2025,11/2025,2026-10-08T09:33:47Z
340,478/QĐ-HQKV19,20/11/2025,Chi cục Hải quan khu vực XIX,Công bố công khai điều chỉnh dự toán chi NSNN năm 2025 của Chi cục Hải quan khu vực XIX,101911,305,10,CAN_THO,null,20/11/2025,https://files.customs.gov.vn/CustomsCMS/CAN_THO/2025/11/25/QD478_2025.pdf,https://www.customs.gov.vn/index.jsp?pageId=3&id=101911&cid=1294,2025,11/2025,2026-10-08T09:33:47Z
341,479/QĐ-HQKV19,20/11/2025,Chi cục Hải quan khu vực XIX,Công bố công khai điều chỉnh dự toán chi NSNN năm 2025 của Chi cục Hải quan khu vực XIX,101912,305,10,CAN_THO,null,20/11/2025,https://files.customs.gov.vn/CustomsCMS/CAN_THO/2025/11/25/QD479_2025.pdf,https://www.customs.gov.vn/index.jsp?pageId=3&id=101912&cid=1294,2025,11/2025,2026-10-08T09:33:47Z
342,480/QĐ-HQKV19,20/11/2025,Chi cục Hải quan khu vực XIX,Công bố công khai điều chỉnh dự toán chi NSNN năm 2025 của Chi cục Hải quan khu vực XIX,101913,305,10,CAN_THO,null,20/11/2025,https://files.customs.gov.vn/CustomsCMS/CAN_THO/2025/11/25/QD480_2025.pdf,https://www.customs.gov.vn/index.jsp?pageId=3&id=101913&cid=1294,2025,11/2025,2026-10-08T09:33:47Z
343,221/CĐ-TTg,19/11/2025,Chính phủ,Tập trung ưu tiên giữ vững ổn định kinh tế vĩ mô và thúc đẩy xuất khẩu,101930,305,19,TONG_CUC,Phạm Minh Chính,null,https://files.customs.gov.vn/CustomsCMS/TONG_CUC/2025/11/25/221-cd-cp.pdf,https://www.customs.gov.vn/index.jsp?pageId=3&id=101930&cid=1294,2025,11/2025,2026-10-08T09:33:47Z
344,3344/HQKV8-VP,19/11/2025,Chi cục Hải quan khu vực VIII,V/v đề nghị cung cấp báo giá,101882,305,16,QUANG_NINH,Bùi Ngọc Lợi,19/11/2025,"https://files.customs.gov.vn/CustomsCMS/QUANG_NINH/2025/11/20/Đề nghị báo giá.pdf,/CustomsCMS/QUANG_NINH/2025/11/20/Phụ lục đề nghị báo giá.pdf",https://www.customs.gov.vn/index.jsp?pageId=3&id=101882&cid=1294,2025,11/2025,2026-10-08T09:33:47Z
345,3014/Tb-HQKV11,18/11/2025,Chi cục Hải quan khu vực XI,Thông báo về việc bán tài sản thanh lý thuộc Chi cục Hải quan khu vực XI,101871,305,19,HA_TINH,Bùi Thanh San,null,"https://files.customs.gov.vn/CustomsCMS/HA_TINH/2025/11/18/3014 VP.pdf,/CustomsCMS/HA_TINH/2025/11/18/3014 Danh sách thanh lý tài sản trụ sở 154 TP- kèm Thông báo (2).pdf",https://www.customs.gov.vn/index.jsp?pageId=3&id=101871&cid=1294,2025,11/2025,2026-10-08T09:33:47Z
346,387/QĐ-HQKV13,18/11/2025,Chi cục Hải quan khu vực XIII,Quyết định công khai giao bổ sung dự toán chi NSNN năm 2025 của Chi cục Hải quan khu vực XIII,101944,305,10,KHANH_HOA,null,null,https://files.customs.gov.vn/CustomsCMS/KHANH_HOA/2025/11/27/387_HQKV13-QD_giao-bo-sung-du-toan-chi-NSNN-2025.pdf,https://www.customs.gov.vn/index.jsp?pageId=3&id=101944&cid=1294,2025,11/2025,2026-10-08T09:33:47Z
347,35822/TB-CHQ,14/11/2025,Cục Hải quan,Thông báo phát hành ấn chỉ nghiệp vụ hải quan,101872,305,19,TONG_CUC,Trịnh Văn Nhuận,null,https://files.customs.gov.vn/CustomsCMS/TONG_CUC/2025/11/18/VB_35822.pdf,https://www.customs.gov.vn/index.jsp?pageId=3&id=101872&cid=1294,2025,11/2025,2026-10-08T09:33:47Z
348,29/2025/TT-BKHCN,13/11/2025,Bộ Khoa học và Công nghệ,"V/v Quy định Danh mục sản phẩm, hàng hóa có khả năng gây mất an toàn lĩnh vực công nghệ thông tin và viễn thông thuộc trách nhiệm quản lý của Bộ Khoa học và Công nghệ",101837,305,4,DONG_NAI,null,31/12/2025,https://files.customs.gov.vn/CustomsCMS/DONG_NAI/2025/11/14/29_2025_TT_BKHCN_13_11_2025_1.pdf,https://www.customs.gov.vn/index.jsp?pageId=3&id=101837&cid=1294,2025,11/2025,2026-10-08T09:33:47Z
349,374/QĐ-HQKV13,07/11/2025,Chi cục Hải quan khu vực XIII,Quyết định công khai giao bổ sung dự toán chi NSNN năm 2025 của Chi cục Hải quan khu vực XIII,101943,305,10,KHANH_HOA,null,null,https://files.customs.gov.vn/CustomsCMS/KHANH_HOA/2025/11/27/374_HQKV13-QD_cong-khai-giao-bo-sung-du-toan-chi-nam2025.pdf,https://www.customs.gov.vn/index.jsp?pageId=3&id=101943&cid=1294,2025,11/2025,2026-10-08T09:33:47Z
350,1663/TB-HQKV19,06/11/2025,Chi cục Hải quan khu vực XIX,Người phát ngôn và cung cấp thông tin cho báo chí,101763,305,19,CAN_THO,null,06/11/2025,,https://www.customs.gov.vn/index.jsp?pageId=3&id=101763&cid=1294,2025,11/2025,2026-10-08T09:33:47Z
351,1688/HQKV2-VP,06/11/2025,Chi cục Hải quan khu vực II,Về việc mời báo giá dịch vụ,101776,305,16,TP_HO_CHI_MINH,null,null,https://files.customs.gov.vn/CustomsCMS/TP_HO_CHI_MINH/2025/11/10/VB_1688.pdf,https://www.customs.gov.vn/index.jsp?pageId=3&id=101776&cid=1294,2025,11/2025,2026-10-08T09:33:47Z
352,1797/HQKV18-NV,06/11/2025,Chi cục Hải quan khu vực XVIII,"V/v Phổ biến, tuyên truyền chức năng cho phép người dân, doanh nghiệp theo dõi quá trình thực hiện thủ tục hải quan (Các doanh nghiệp làm thủ tục tại Chi cục HQ khu vực XVIII)",101758,305,16,DONG_NAI,null,null,https://files.customs.gov.vn/CustomsCMS/DONG_NAI/2025/11/6/1797_HQKV18_NV_06_11_2025.pdf,https://www.customs.gov.vn/index.jsp?pageId=3&id=101758&cid=1294,2025,11/2025,2026-10-08T09:33:47Z
353,33452/CĐ-CHQ,04/11/2025,Cục Hải quan,"Chủ động ứng phó với cơn bão số 13 (bão Kalmaegi), Cục Hải quan ban hành Công điện yêu cầu các đơn vị khẩn trương triển khai một số nhiệm vụ.",101743,305,19,TONG_CUC,Lưu Mạnh Tưởng,null,https://files.customs.gov.vn/CustomsCMS/TONG_CUC/2025/11/4/VB_33452-ban cap nhat.pdf.PDF,https://www.customs.gov.vn/index.jsp?pageId=3&id=101743&cid=1294,2025,11/2025,2026-10-08T09:33:47Z
