stt,so_hieu,ngay_ban_hanh,co_quan_ban_hanh,noi_dung_tom_tat,ma_noi_bo,linh_vuc,loai_van_ban,chuyen_trang,nguoi_ky,ngay_hieu_luc,pdf_url,url_chi_tiet,nam,nam_thang,crawled_at
1,Cv513/TCHQ-GSQL,31/01/2008,Tổng cục hải quan,V/v TN-TX bình xy lanh chứa gas lạnh dưới dạng bao bì luân chuyển,64640,305,16,DONG_NAI,null,null,,https://www.customs.gov.vn/index.jsp?pageId=3&id=64640&cid=1294,2008,01/2008,2026-10-08T09:46:20Z
2,08/2008/TT-BTC,30/01/2008,Bộ Tài chính,Quyết định về việc thuế nhập khẩu đối với hàng nhập khẩu có xuất xứ từ Campuchia,67217,305,18,CAN_THO,null,25/02/2008,https://files.customs.gov.vn/CAN_THO/53_701C0d01.PDF,https://www.customs.gov.vn/index.jsp?pageId=3&id=67217&cid=1294,2008,01/2008,2026-10-08T09:46:20Z
3,22-NQ/TW,30/01/2008,BCH TW Đảng,"Nghị quyết số 22-NQ/TW về nâng cao năng lực lãnh đạo, sức chiến đấu của tổ chức cơ sở Đảng và chất lượng đội ngũ cán bộ, đảng viên (Tại Hội nghị lần thứ Sáu Ban Chấp hành Trung ương Đảng khóa X)",40176,305,7,HA_TINH,Đ/c Nông Đức Mạnh,null,https://files.customs.gov.vn/CustomsCMS/HA_TINH/2020/upload/office/2018/05/405/file/22-NQ_TW_69805.doc,https://www.customs.gov.vn/index.jsp?pageId=3&id=40176&cid=1294,2008,01/2008,2026-10-08T09:46:20Z
4,Cv471/TCHQ-GSQL,30/01/2008,Tổng cục hải quan,V/v Chứng từ thuộc bộ hồ sơ hải quan,64641,305,16,DONG_NAI,null,null,,https://www.customs.gov.vn/index.jsp?pageId=3&id=64641&cid=1294,2008,01/2008,2026-10-08T09:46:20Z
5,QĐ16/2008/QĐ-TTg,28/01/2008,Chính phủ,V/v Công bố danh mục phân loại cảng biển Việt Nam,64642,305,10,DONG_NAI,null,null,https://files.customs.gov.vn/DONG_NAI//Data/Nghi_dinh/16_2008_QD_TTg_28_01_2008.pdf,https://www.customs.gov.vn/index.jsp?pageId=3&id=64642&cid=1294,2008,01/2008,2026-10-08T09:46:20Z
6,Cv195/HQĐN-VP,24/01/2008,Cục Hải Quan tỉnh Đồng Nai,V/v Nghỉ Tết Nguyên Đán Mậu Tý 2007,65833,305,16,DONG_NAI,null,null,,https://www.customs.gov.vn/index.jsp?pageId=3&id=65833&cid=1294,2008,01/2008,2026-10-08T09:46:20Z
7,Cv386/TCHQ-KTTT,24/01/2008,Tổng cục hải quan,V/v Miễn thuế hàng nguyên liệu bị cháy,64644,305,16,DONG_NAI,null,null,,https://www.customs.gov.vn/index.jsp?pageId=3&id=64644&cid=1294,2008,01/2008,2026-10-08T09:46:20Z
8,Cv398/TCHQ-GSQL,24/01/2008,Tổng cục hải quan,V/v Vướng mắc về chính sách mặt hàng,64643,305,16,DONG_NAI,null,null,,https://www.customs.gov.vn/index.jsp?pageId=3&id=64643&cid=1294,2008,01/2008,2026-10-08T09:46:20Z
9,QĐ157/QĐ-BTC,23/01/2008,Bộ Tài chính,"Về việc đính chính hiệu lực thi hành Danh mục hàng hóa xuất khẩu, nhập khẩu Việt Nam theo Quyết định số 107/2007/QĐ-BTC ngày 25/12/2007",64645,305,10,DONG_NAI,null,null,,https://www.customs.gov.vn/index.jsp?pageId=3&id=64645&cid=1294,2008,01/2008,2026-10-08T09:46:20Z
10,104/2008/QĐ-BNN,21/01/2008,Bộ Nông nghiệp và Phát triển nông thôn,Quyết định 104/2008/QĐ-BNN về danh mục bổ sung giống cây trồng được phép sản xuất kinh doanh,61309,305,10,TONG_CUC,Bùi Bá Bổng,16/11/2008,,https://www.customs.gov.vn/index.jsp?pageId=3&id=61309&cid=1294,2008,01/2008,2026-10-08T09:46:20Z
11,Cv196/CLTY-CL,21/01/2008,Khác,V/v Xuất khẩu thủy sản,64646,305,16,DONG_NAI,null,null,https://files.customs.gov.vn/DONG_NAI//Data/CV_nganh_khac/196_CLTY_CL_21_01_2008.pdf,https://www.customs.gov.vn/index.jsp?pageId=3&id=64646&cid=1294,2008,01/2008,2026-10-08T09:46:20Z
12,06/2008/QĐ-BNN,18/01/2008,Bộ Nông nghiệp và Phát triển nông thôn,"Quyết định 06/2008/QĐ-BNN sửa đổi danh mục thuốc thú y thuỷ sản, sản phẩm xử lý cải tạo môi trường nuôi trồng thuỷ sản được phép lưu hành tại Việt Nam",61228,305,10,BA_RIA_VUNG_TAU,Lương Lê Phương,17/02/2008,"https://files.customs.gov.vn/BA_RIA_VUNG_TAU/uploads/document/151/Phu luc I.doc,/BA_RIA_VUNG_TAU/uploads/document/151/Phu luc III.doc,/BA_RIA_VUNG_TAU/uploads/document/151/Phu luc II.doc",https://www.customs.gov.vn/index.jsp?pageId=3&id=61228&cid=1294,2008,01/2008,2026-10-08T09:46:20Z
13,QĐ06/2008/QĐ-BNN,18/01/2008,Bộ Nông nghiệp và Phát triển nông thôn,"V/v Bổ sung, sửa đổi Danh mục thuốc thú y thuỷ sản, sản phẩm xử lý cải tạo môi trường nuôi trồng thuỷ sảnđược phép lưu hành tại Việt Nam",64647,305,10,DONG_NAI,null,null,,https://www.customs.gov.vn/index.jsp?pageId=3&id=64647&cid=1294,2008,01/2008,2026-10-08T09:46:20Z
14,Cv265/TCHQ-GSQL,17/01/2008,Tổng cục hải quan,V/v Nộp hồ sơ hải quan,64648,305,16,DONG_NAI,null,null,,https://www.customs.gov.vn/index.jsp?pageId=3&id=64648&cid=1294,2008,01/2008,2026-10-08T09:46:20Z
15,NĐ06/2008/NĐ-CP,16/01/2008,Chính phủ,Quy định về xử phạt vi phạm hành chính trong hoạt động thương mại,64649,305,8,DONG_NAI,null,null,,https://www.customs.gov.vn/index.jsp?pageId=3&id=64649&cid=1294,2008,01/2008,2026-10-08T09:46:20Z
16,CV543/BTC-TCDN,15/01/2008,Bộ Tài chính,V/v Mức thu lệ phí XK cà phê năm 2008,64650,305,16,DONG_NAI,null,null,,https://www.customs.gov.vn/index.jsp?pageId=3&id=64650&cid=1294,2008,01/2008,2026-10-08T09:46:20Z
17,Cv19/CV-NXBTC,10/01/2008,Bộ Tài chính,Về việc Giới thiệu sách thuế mới,64651,305,16,DONG_NAI,null,null,,https://www.customs.gov.vn/index.jsp?pageId=3&id=64651&cid=1294,2008,01/2008,2026-10-08T09:46:20Z
18,CV341/QLD-DK,09/01/2008,Bộ Y tế,"Về việc nhập khẩu, kinh doanh thuốc có chứa hoạt chất Nimesulid",64652,305,16,DONG_NAI,null,null,,https://www.customs.gov.vn/index.jsp?pageId=3&id=64652&cid=1294,2008,01/2008,2026-10-08T09:46:20Z
19,QĐ01/2008/QĐ-BTC,04/01/2008,Bộ Tài chính,Về việc Ban hành Quy chế công nhận tổ chức cung cấp dịch vụ giá trị gia tăng về giao dịch điện tử trong lĩnh vực hải quan,64653,305,10,DONG_NAI,null,05/02/2008,,https://www.customs.gov.vn/index.jsp?pageId=3&id=64653&cid=1294,2008,01/2008,2026-10-08T09:46:20Z
20,QĐ01/2008/QĐ-BCT,03/01/2008,Bộ Công thương,Về việc Ban hành Quy chế xuất khẩu xăng dầu và quy chế kinh doanh tạm nhập tái xuất xăng dầu,64654,305,10,DONG_NAI,null,null,,https://www.customs.gov.vn/index.jsp?pageId=3&id=64654&cid=1294,2008,01/2008,2026-10-08T09:46:20Z
21,Cv08/HQĐN-TM,02/01/2008,Cục Hải Quan tỉnh Đồng Nai,V/v Thời hiệu của Quyết định công nhận địa điểm kiểm tra hàng hóa do Cục Hải quan Đồng Nai ban hành,65834,305,16,DONG_NAI,null,null,,https://www.customs.gov.vn/index.jsp?pageId=3&id=65834&cid=1294,2008,01/2008,2026-10-08T09:46:20Z
22,Cv842/TCHQ-GSQL,29/02/2008,Tổng cục hải quan,V/v Thủ tục hải quan đối với hàng hóa nhập khẩu của doanh nghiệp chế xuất gửi qua dịch vụ CPN,64627,305,16,DONG_NAI,null,null,,https://www.customs.gov.vn/index.jsp?pageId=3&id=64627&cid=1294,2008,02/2008,2026-10-08T09:46:20Z
23,21/2008/NĐ-CP,28/02/2008,Chính phủ,Nghị định 21/2008/NĐ-CP sửa đổi Nghị định 80/2006/NĐ-CP Hướng dẫn Luật Bảo vệ môi trường,61332,305,8,TONG_CUC,Nguyễn Tấn Dũng,21/03/2008,,https://www.customs.gov.vn/index.jsp?pageId=3&id=61332&cid=1294,2008,02/2008,2026-10-08T09:46:20Z
24,Cv822/TCHQ-GSQL,28/02/2008,Tổng cục hải quan,V/v Phân loại mặt hàng giấy làm bao xi măng,64629,305,16,DONG_NAI,null,null,,https://www.customs.gov.vn/index.jsp?pageId=3&id=64629&cid=1294,2008,02/2008,2026-10-08T09:46:20Z
25,QĐ38/2008/QĐ-BNN,28/02/2008,Bộ Nông nghiệp và Phát triển nông thôn,"Về việc Ban hành danh mục áp mã số HS hàng hóa xuất khẩu, nhập khẩu chuyên ngành thủy sản",64628,305,10,DONG_NAI,null,27/03/2008,,https://www.customs.gov.vn/index.jsp?pageId=3&id=64628&cid=1294,2008,02/2008,2026-10-08T09:46:20Z
26,04/2008/TT-BLĐTBXH,27/02/2008,Bộ Lao Động Thương Binh và Xã Hội,"Thông tư hướng dẫn thủ tục đăng ký và kiểm định các loại máy, thiết bị, vật tư có yêu cầu nghiêm ngặt về an toàn lao động",61349,305,4,BA_RIA_VUNG_TAU,Bùi Hồng Lĩnh,21/03/2008,https://files.customs.gov.vn/BA_RIA_VUNG_TAU/uploads/document/469/04_2008_TT-BLDTBXH.doc,https://www.customs.gov.vn/index.jsp?pageId=3&id=61349&cid=1294,2008,02/2008,2026-10-08T09:46:20Z
27,CV2092/BTC-CST,25/02/2008,Bộ Tài chính,V/v Hướng dẫn thu phí niêm phong bằng Seal dây cáp đồng và Seal dây nhựa dẹt,64630,305,16,DONG_NAI,null,null,,https://www.customs.gov.vn/index.jsp?pageId=3&id=64630&cid=1294,2008,02/2008,2026-10-08T09:46:20Z
28,Cv720/TCHQ-GSQL,22/02/2008,Tổng cục hải quan,V/v Nhập khẩu giống cây trồng,64632,305,16,DONG_NAI,null,null,,https://www.customs.gov.vn/index.jsp?pageId=3&id=64632&cid=1294,2008,02/2008,2026-10-08T09:46:20Z
29,QĐ03/2008/QĐ-BGTVT,22/02/2008,Bộ Giao thông vận tải,"Về việc Ban hành Quy định về kiểm tra chất lượng an toàn kỹ thuật và bảo vệ môi trường trong sản xuất, lắp ráp, nhập khẩu xe mô tô, xe gắn máy ba bánh dùng cho người tàn tật",64631,305,10,DONG_NAI,null,18/03/2008,,https://www.customs.gov.vn/index.jsp?pageId=3&id=64631&cid=1294,2008,02/2008,2026-10-08T09:46:20Z
30,Cv266/TTg-KTTH,21/02/2008,Chính phủ,V/v Điều hành xuất khẩu gạo,64633,305,16,DONG_NAI,null,null,,https://www.customs.gov.vn/index.jsp?pageId=3&id=64633&cid=1294,2008,02/2008,2026-10-08T09:46:20Z
31,CV1265/UBND-KT,15/02/2008,Khác,Về việc Thuế nhập khẩu đối với hàng hóa nhập khẩu có xuất xứ từ Campuchia,64635,305,16,DONG_NAI,null,null,,https://www.customs.gov.vn/index.jsp?pageId=3&id=64635&cid=1294,2008,02/2008,2026-10-08T09:46:20Z
32,Cv814/TCT-CS,15/02/2008,Tổng Cục Thuế,V/v Chính sách thuế GTGT,64634,305,16,DONG_NAI,null,null,,https://www.customs.gov.vn/index.jsp?pageId=3&id=64634&cid=1294,2008,02/2008,2026-10-08T09:46:20Z
33,TT16/2008/TT-BTC,13/02/2008,Bộ Tài chính,"Về việc Hướng dẫn việc nhập khẩu, tạm nhập khẩu xe gắn máy hai bánh không nhằm mục đích thương mại",64636,305,4,DONG_NAI,null,null,,https://www.customs.gov.vn/index.jsp?pageId=3&id=64636&cid=1294,2008,02/2008,2026-10-08T09:46:20Z
34,Cv302/HQĐN-NV,04/02/2008,Cục Hải Quan tỉnh Đồng Nai,V/v Điều chỉnh cơ cấu vốn cố định của Công ty YKK Việt Nam,65832,305,16,DONG_NAI,null,null,,https://www.customs.gov.vn/index.jsp?pageId=3&id=65832&cid=1294,2008,02/2008,2026-10-08T09:46:20Z
35,QĐ28/QĐ-QLD,04/02/2008,Bộ Y tế,Về việc ban hành danh mục mỹ phẩm nước ngoài được cấp số đăng ký lưu hành tại Việt Nam,64637,305,10,DONG_NAI,null,null,,https://www.customs.gov.vn/index.jsp?pageId=3&id=64637&cid=1294,2008,02/2008,2026-10-08T09:46:20Z
36,04/2008/QÐ-BYT,01/02/2008,Bộ Y tế,Quyết Định về việc ban hành quy chế kê đơn thuốc trong điều trị ngoại trú,53145,305,10,TP_HO_CHI_MINH,Nguyễn Thị Xuyên,16/02/2008,https://files.customs.gov.vn/CustomsCMS/TP_HO_CHI_MINH/2020/Web/Data/DocumentAttachments/04_2008_QD-BYT_65259.doc,https://www.customs.gov.vn/index.jsp?pageId=3&id=53145&cid=1294,2008,02/2008,2026-10-08T09:46:20Z
37,QĐ211/QĐ-BTC,01/02/2008,Bộ Tài chính,Về việc đính chính Quyết định số 106/2007/QĐ-BTC ngày 20/12/2007 và Quyết định số 65/2007/QĐ-BTC ngày 30/07/2007 của Bộ trưởng Bộ Tài chính,64639,305,10,DONG_NAI,null,01/02/2008,,https://www.customs.gov.vn/index.jsp?pageId=3&id=64639&cid=1294,2008,02/2008,2026-10-08T09:46:20Z
38,QĐ916/QĐ-TCHQL,31/03/2008,Tổng cục hải quan,"V/v Ban hành quy chế tiếp nhận đơn yêu cầu kiểm soát hàng hoá XK,NK liên quan SHTT",64103,305,10,DONG_NAI,null,null,https://files.customs.gov.vn/DONG_NAI//Data/CV_TCHQ/916_TCHQ_31032008.pdf,https://www.customs.gov.vn/index.jsp?pageId=3&id=64103&cid=1294,2008,03/2008,2026-10-08T09:46:20Z
39,QĐ49/2008/QĐ-BNN,27/03/2008,Bộ Nông nghiệp và Phát triển nông thôn,"Về việc Ban hành Danh mục Thuốc bảo vệ thực vật được phép sử dụng,hạn chế sử dụng, cấm sử dụng ở Việt Nam",64104,305,10,DONG_NAI,null,null,,https://www.customs.gov.vn/index.jsp?pageId=3&id=64104&cid=1294,2008,03/2008,2026-10-08T09:46:20Z
40,CV1762/BGTVT-VT,24/03/2008,Bộ Giao thông vận tải,"Về việc Kiểm tra chất lượng, an toàn kỹ thuật và bảo vệ môi trường đối với xe cơ giới ba bánh",64105,305,16,DONG_NAI,null,null,,https://www.customs.gov.vn/index.jsp?pageId=3&id=64105&cid=1294,2008,03/2008,2026-10-08T09:46:20Z
41,Cv1253/TCHQ-GSQL,21/03/2008,Tổng cục hải quan,V/v phân loại ô tô đông lạnh,64106,305,16,DONG_NAI,null,null,,https://www.customs.gov.vn/index.jsp?pageId=3&id=64106&cid=1294,2008,03/2008,2026-10-08T09:46:20Z
42,Cv1187/TCHQ-GSQL,19/03/2008,Tổng cục hải quan,V/v áp dụng thuế suất ưu đãi đối với hàng phi mậu dịch,64107,305,16,DONG_NAI,null,null,,https://www.customs.gov.vn/index.jsp?pageId=3&id=64107&cid=1294,2008,03/2008,2026-10-08T09:46:20Z
43,29/2008/NÐ-CP,14/03/2008,Chính phủ,"Quy định về khu công nghiệp, khu chế xuất và khu kinh tế",58134,305,8,TP_HO_CHI_MINH,Nguyễn Tấn Dũng,10/04/2008,https://files.customs.gov.vn/CustomsCMS/TP_HO_CHI_MINH/2020/Web/Data/DocumentAttachments/29_2008_ND_CP_Quy_dinh_ve_khu_cong_nghiep__khu_che_xuat_va_khu_kinh_te.doc,https://www.customs.gov.vn/index.jsp?pageId=3&id=58134&cid=1294,2008,03/2008,2026-10-08T09:46:20Z
44,29/2008/NĐ-CP,14/03/2008,Chính phủ,"Nghị định của Chính phủ quy định về khu công nghiệp, khu chế xuất và khu kinh tế",67242,305,18,CAN_THO,null,10/04/2008,https://files.customs.gov.vn/CAN_THO/13_BBF58d01.PDF,https://www.customs.gov.vn/index.jsp?pageId=3&id=67242&cid=1294,2008,03/2008,2026-10-08T09:46:20Z
45,NĐ29/2008/NĐ-CP,14/03/2008,Chính phủ,"V/v Quy định về khu công nghiệp, khu chế xuất, khu kinh tế",64108,305,8,DONG_NAI,null,10/04/2008,,https://www.customs.gov.vn/index.jsp?pageId=3&id=64108&cid=1294,2008,03/2008,2026-10-08T09:46:20Z
46,CV585/CT-TTHT,12/03/2008,Khác,Về việc Các thủ tục về thuế,64516,305,16,DONG_NAI,null,null,,https://www.customs.gov.vn/index.jsp?pageId=3&id=64516&cid=1294,2008,03/2008,2026-10-08T09:46:20Z
47,CV586/CT-TTHT,12/03/2008,Khác,Về việc Rà soát ưu đãi thuế TNDN,64109,305,16,DONG_NAI,null,null,,https://www.customs.gov.vn/index.jsp?pageId=3&id=64109&cid=1294,2008,03/2008,2026-10-08T09:46:20Z
48,QĐ13/2008/QĐ-BTC,11/03/2008,Bộ Tài chính,Về việc Sửa đổi mức thuế suất thuế nhập khẩu ưu đãi đối với mặt hàng xe ô tô chở người trong Biểu thuế nhập khẩu ưu đãi,64110,305,10,DONG_NAI,null,02/04/2008,,https://www.customs.gov.vn/index.jsp?pageId=3&id=64110&cid=1294,2008,03/2008,2026-10-08T09:46:20Z
49,QĐ14/2008/QĐ-BTC,11/03/2008,Bộ Tài chính,Về việc Quy định mức thuế tuyệt đối thuế nhập khẩu xe ô tô đã qua sử dụng nhập khẩu,64009,305,10,DONG_NAI,null,02/04/2008,,https://www.customs.gov.vn/index.jsp?pageId=3&id=64009&cid=1294,2008,03/2008,2026-10-08T09:46:20Z
50,Cv2107/NHNN-QLNH,06/03/2008,Ngân hàng nhà nước,V/v Loại vàng nhập khẩu,64111,305,16,DONG_NAI,null,null,,https://www.customs.gov.vn/index.jsp?pageId=3&id=64111&cid=1294,2008,03/2008,2026-10-08T09:46:20Z
51,CV1746/BCT-XNK,05/03/2008,Bộ Công thương,Về việc Điều hành xuất khẩu gạo năm 2008,64622,305,16,DONG_NAI,null,null,,https://www.customs.gov.vn/index.jsp?pageId=3&id=64622&cid=1294,2008,03/2008,2026-10-08T09:46:20Z
52,Cv906/TCHQ-KTTT,04/03/2008,Tổng cục hải quan,V/v Hướng dẫn thủ tục hoàn thuế cho Công ty ARKEMA,64623,305,16,DONG_NAI,null,null,,https://www.customs.gov.vn/index.jsp?pageId=3&id=64623&cid=1294,2008,03/2008,2026-10-08T09:46:20Z
53,Cv057/CNTT-CNTT,03/03/2008,Tổng cục hải quan,V/v Chấp nhận kết nối cho phần mềm khai hải quan từ xa CDS,64626,305,16,DONG_NAI,null,null,,https://www.customs.gov.vn/index.jsp?pageId=3&id=64626&cid=1294,2008,03/2008,2026-10-08T09:46:20Z
54,Cv867/TCHQ-GSQL,03/03/2008,Tổng cục hải quan,V/v Loại hình tạm nhập - tái xuất đối với hàng phi mậu dịch,64625,305,16,DONG_NAI,null,null,,https://www.customs.gov.vn/index.jsp?pageId=3&id=64625&cid=1294,2008,03/2008,2026-10-08T09:46:20Z
55,Cv869/TCHQ-GSQL,03/03/2008,Tổng cục hải quan,V/v Phân loại mặt hàng ván sàn,64624,305,16,DONG_NAI,null,null,,https://www.customs.gov.vn/index.jsp?pageId=3&id=64624&cid=1294,2008,03/2008,2026-10-08T09:46:20Z
56,Cv893/HQĐN-NV,29/04/2008,Cục Hải Quan tỉnh Đồng Nai,V/v Nhập khẩu hàng hóa từ kho ngoại quan,65621,305,16,DONG_NAI,null,null,,https://www.customs.gov.vn/index.jsp?pageId=3&id=65621&cid=1294,2008,04/2008,2026-10-08T09:46:20Z
57,Cv874/HQĐN-NV,25/04/2008,Cục Hải Quan tỉnh Đồng Nai,V/v Nhập khẩu phế liệu,65687,305,16,DONG_NAI,null,null,https://files.customs.gov.vn/DONG_NAI//Data/CV_Hqdn/874_HQDN_NV_25_04_2008.pdf,https://www.customs.gov.vn/index.jsp?pageId=3&id=65687&cid=1294,2008,04/2008,2026-10-08T09:46:20Z
58,Cv1869/TCHQ-GSQL,24/04/2008,Tổng cục hải quan,V/v Kiểm tra chất lượng bình ga đã qua sử dụng nhập khẩu,64087,305,16,DONG_NAI,null,null,,https://www.customs.gov.vn/index.jsp?pageId=3&id=64087&cid=1294,2008,04/2008,2026-10-08T09:46:20Z
59,Cv851/HQĐN-NV,23/04/2008,Cục Hải Quan tỉnh Đồng Nai,V/v Đăng ký nhân viên tham gia khóa đào tạo nghiệp vụ khai hải quan,65828,305,16,DONG_NAI,null,null,https://files.customs.gov.vn/DONG_NAI//Data/CV_Hqdn/851_HQDN_NV_23_04_2008.pdf,https://www.customs.gov.vn/index.jsp?pageId=3&id=65828&cid=1294,2008,04/2008,2026-10-08T09:46:20Z
60,Cv855/HQĐN-NV,23/04/2008,Cục Hải Quan tỉnh Đồng Nai,V/v Tái xuất hàng vào kho ngoại quan,63510,305,16,DONG_NAI,null,null,https://files.customs.gov.vn/DONG_NAI//Data/CV_Hqdn/855_HQDN_NV_23_04_2008.pdf,https://www.customs.gov.vn/index.jsp?pageId=3&id=63510&cid=1294,2008,04/2008,2026-10-08T09:46:20Z
61,Cv137/ATLĐ-QCKTATLĐ,22/04/2008,Khác,V/v Thông báo đổi tên và trụ sở giao dịch,64089,305,16,DONG_NAI,null,null,,https://www.customs.gov.vn/index.jsp?pageId=3&id=64089&cid=1294,2008,04/2008,2026-10-08T09:46:20Z
62,Cv1450/BVHTTDL-TCTDTT,22/04/2008,"Bộ Văn hóa, Thể thao và Du lịch",V/v Tiêu chuẩn xe đạp đua thể thao,64088,305,16,DONG_NAI,null,null,,https://www.customs.gov.vn/index.jsp?pageId=3&id=64088&cid=1294,2008,04/2008,2026-10-08T09:46:20Z
63,CV4715/BTC-CST,21/04/2008,Bộ Tài chính,V/v Đồng tiền thanh toán xăng dầu tạm nhập tái xuất,64091,305,16,DONG_NAI,null,null,,https://www.customs.gov.vn/index.jsp?pageId=3&id=64091&cid=1294,2008,04/2008,2026-10-08T09:46:20Z
64,NĐ50/2008/NĐ-CP,21/04/2008,Chính phủ,"V/v Quản lý, bảo vệ an ninh, trật tự tại cửa khẩu cảng biển",64090,305,8,DONG_NAI,null,17/05/2008,,https://www.customs.gov.vn/index.jsp?pageId=3&id=64090&cid=1294,2008,04/2008,2026-10-08T09:46:20Z
65,Cv1792/TCHQ-GSQL,18/04/2008,Tổng cục hải quan,V/v Áp dụng chuyển luồng đối với hàng dệt may,64093,305,16,DONG_NAI,null,null,,https://www.customs.gov.vn/index.jsp?pageId=3&id=64093&cid=1294,2008,04/2008,2026-10-08T09:46:20Z
66,Cv1794/TCHQ-GSQL,18/04/2008,Tổng cục hải quan,V/v Phân loại mặt hàng đỗ xanh hạt,64092,305,16,DONG_NAI,null,null,,https://www.customs.gov.vn/index.jsp?pageId=3&id=64092&cid=1294,2008,04/2008,2026-10-08T09:46:20Z
67,Cv822/HQĐN-NV,17/04/2008,Cục Hải Quan tỉnh Đồng Nai,V/v Kiểm tra thực tế hàng hóa XNK của Công ty TNHH Ulhwa Việt Nam,65829,305,16,DONG_NAI,null,null,https://files.customs.gov.vn/DONG_NAI//Data/CV_Hqdn/822_HQDN_NV_17_04_2008.pdf,https://www.customs.gov.vn/index.jsp?pageId=3&id=65829&cid=1294,2008,04/2008,2026-10-08T09:46:20Z
68,QĐ17/2008/QĐ-BTC,17/04/2008,Bộ Tài chính,"Về việc sửa đổi mức thuế suất thuế xuất khẩu, mức thuế suất thuế nhập khẩu ưu đãi đối với một số nhóm mặt hàng trong Biểu thuế xuất khẩu, Biểu thuế nhập khẩu ưu đãi",64094,305,10,DONG_NAI,null,null,,https://www.customs.gov.vn/index.jsp?pageId=3&id=64094&cid=1294,2008,04/2008,2026-10-08T09:46:20Z
69,TT30/2008/TT-BTC,16/04/2008,Bộ Tài chính,"Về việc Sửa đổi, bổ sung Thông tư số 32/2007/TT-BTC ngày 09/04/2007 hướng dẫn thi hành Nghị định số 158/2003/NĐ-CP ngày 10/12/2003, Nghị định số 148/2004/NĐ-CP ngày 23/07/2004 và Nghị định số 156/2005/NĐ-CP ngày 15/12/2005 của Chính phủ quy định chi tiết thi hành Luật thuế giá trị gia tăng và Luật sửa đổi, bổ sung một số điều của Luật thuế giá trị gia tăng",64095,305,4,DONG_NAI,null,10/05/2008,,https://www.customs.gov.vn/index.jsp?pageId=3&id=64095&cid=1294,2008,04/2008,2026-10-08T09:46:20Z
70,CV2961/BCT-CNNg,14/04/2008,Bộ Công thương,Về việc Xuất khẩu quặng titan,64096,305,16,DONG_NAI,null,null,,https://www.customs.gov.vn/index.jsp?pageId=3&id=64096&cid=1294,2008,04/2008,2026-10-08T09:46:20Z
71,QĐ16/2008/QĐ-BTC,14/04/2008,Bộ Tài chính,"Về việc Điều chỉnh các mức thuế suất trong Biểu thuế tài nguyên ban hành kèm theo Nghị định số 68/1998/NĐ-CP ngày 03/09/1998 của Chính Phủ quy định chi tiêt thi hành Pháp lệnh thuế tài nguyên (sửa đổi) và Nghị định số 147/2006/NĐ-CP ngày 01/12/2006 của Chính Phủ sửa đổi, bổ sung một số Điều của Nghị định số 68/1998/NĐ-CP",64097,305,10,DONG_NAI,null,10/05/2008,,https://www.customs.gov.vn/index.jsp?pageId=3&id=64097&cid=1294,2008,04/2008,2026-10-08T09:46:20Z
72,TT05/2008/TT-BCT,14/04/2008,Bộ Công thương,"Về việc Sửa đổi, bổ sung Thông tư số 09/2007/TT-BTM ngày 17/07/2007 của Bộ Thương Mại hướng dẫn thi hành Nghị định số 23/2007/NĐ-CP ngày 12/02/2007 quy định chi tiết Luật Thương Mại về hoạt động mua bán hàng hóa và các hoạt động liên quan trực tiếp đến mua bán hàng hóa của doanh nghiệp có vốn đầu tư nước ngoài tại Việt Nam",64098,305,4,DONG_NAI,null,10/05/2008,,https://www.customs.gov.vn/index.jsp?pageId=3&id=64098&cid=1294,2008,04/2008,2026-10-08T09:46:20Z
73,1659/TCHQ-GSQL,11/04/2008,null,Phân loại áp mã thiết bị treo,67273,305,18,CAN_THO,null,11/04/2008,https://files.customs.gov.vn/CAN_THO/57_1D44Fd01.PDF,https://www.customs.gov.vn/index.jsp?pageId=3&id=67273&cid=1294,2008,04/2008,2026-10-08T09:46:20Z
74,1623/TCHQ-GSQL,09/04/2008,null,Phân loại mặt hàng ván sàn lắm trên đế nhựa và thanh ốp trụ các loại,67274,305,18,CAN_THO,null,09/04/2008,https://files.customs.gov.vn/CAN_THO/58_ECCF9d01.PDF,https://www.customs.gov.vn/index.jsp?pageId=3&id=67274&cid=1294,2008,04/2008,2026-10-08T09:46:20Z
75,Cv764/HQĐN-VP,08/04/2008,Cục Hải Quan tỉnh Đồng Nai,V/v Nghỉ lễ tháng 4 và tháng 05/2008,65831,305,16,DONG_NAI,null,null,https://files.customs.gov.vn/DONG_NAI//Data/CV_Hqdn/764_HQDN_VP_08_04_2008.pdf,https://www.customs.gov.vn/index.jsp?pageId=3&id=65831&cid=1294,2008,04/2008,2026-10-08T09:46:20Z
76,QĐ161/QĐ-HQĐN,08/04/2008,Cục Hải Quan tỉnh Đồng Nai,V/v Thành lập tổ tuyên truyền và giải quyết vướng mắc cấp Cục,65830,305,10,DONG_NAI,null,null,https://files.customs.gov.vn/DONG_NAI//Data/CV_Hqdn/161_QD_HQDN_08_04_2008.pdf,https://www.customs.gov.vn/index.jsp?pageId=3&id=65830&cid=1294,2008,04/2008,2026-10-08T09:46:20Z
77,NĐ40/2008/NĐ-CP,07/04/2008,Chính phủ,V/v Sản xuất kinh doanh rượu,64099,305,8,DONG_NAI,null,01/05/2008,,https://www.customs.gov.vn/index.jsp?pageId=3&id=64099&cid=1294,2008,04/2008,2026-10-08T09:46:20Z
78,TT28/2008/TT-BTC,03/04/2008,Bộ Tài chính,"Về việc Hướng dẫn việc đăng ký hành nghề và quản lý hoạt động hành nghề dịch vụ làm thủ tục về thuế, việc tổ chức thi, cấp, thu hồi chứng chỉ hành nghề dịch vụ làm thủ tục về thuế.",64100,305,4,DONG_NAI,null,null,,https://www.customs.gov.vn/index.jsp?pageId=3&id=64100&cid=1294,2008,04/2008,2026-10-08T09:46:20Z
79,04/2008/UBTVQH12,02/04/2008,Quốc hội,"Căn cứ Hiến pháp nước Cộng hòa xã hội chủ nghĩa Việt Nam năm 1992 đã được sửa đổi, bổ sung một số điều theo Nghị quyết số 51/2001/QH10;",66237,305,13,DONG_NAI,null,01/08/2008,,https://www.customs.gov.vn/index.jsp?pageId=3&id=66237&cid=1294,2008,04/2008,2026-10-08T09:46:20Z
80,50/2008/QĐ-BNN,02/04/2008,Bộ Nông nghiệp và Phát triển nông thôn,Quyết định 50/2008/QĐ-BNN về danh mục bổ sung giống cây trồng được phép sản xuất kinh doanh,61273,305,10,TONG_CUC,Bùi Bá Bổng,24/04/2008,,https://www.customs.gov.vn/index.jsp?pageId=3&id=61273&cid=1294,2008,04/2008,2026-10-08T09:46:20Z
81,QĐ1150/QĐ-BYT,01/04/2008,Bộ Y tế,Về việc công bố danh sách doanh nghiệp nước ngoài được cấp giấy phép hoạt động về thuốc và nguyên liệu làm thuốc tại Việt Nam,64101,305,10,DONG_NAI,null,null,,https://www.customs.gov.vn/index.jsp?pageId=3&id=64101&cid=1294,2008,04/2008,2026-10-08T09:46:20Z
82,TT04/2008/TT-BCT,01/04/2008,Bộ Công thương,"Về việc Hướng dẫn đăng ký kế hoạch sản xuất, chế biến, nhập khẩu nguyên liệu, tiêu thụ sản phẩm xăng dầu",64102,305,4,DONG_NAI,null,null,,https://www.customs.gov.vn/index.jsp?pageId=3&id=64102&cid=1294,2008,04/2008,2026-10-08T09:46:20Z
83,Cv2542/TCHQ-GSQL,29/05/2008,Tổng cục hải quan,V/v Xử lý phế liệu gia công,64075,305,16,DONG_NAI,null,null,,https://www.customs.gov.vn/index.jsp?pageId=3&id=64075&cid=1294,2008,05/2008,2026-10-08T09:46:20Z
84,43/2008/TTLT-BTC-BTTTT,26/05/2008,Liên bộ,Thông tư liên tịch số 43/2008/TTLT-BTC-BTTTT của Liên Bộ Tài chính - Bộ Thông tin và Truyền thông hướng dẫn việc quản lý và sử dụng kinh phí chi ứng dụng công nghệ thông tin trong hoạt động của cơ quan nhà nước,59466,305,4,TONG_CUC,"Trần Đức Lai,Phạm Sỹ Danh",26/05/2008,https://files.customs.gov.vn/van_ban_phap_luat/Lists/VanBanPhapLuat/Attachments/5118/TTLT4308BTCBTTTT.doc,https://www.customs.gov.vn/index.jsp?pageId=3&id=59466&cid=1294,2008,05/2008,2026-10-08T09:46:20Z
85,Cv1060/HQĐN-STQ,26/05/2008,Cục Hải Quan tỉnh Đồng Nai,V/v Trả lời công văn số 256/08/XNK-MVC ngày 20/03/2008,65822,305,16,DONG_NAI,null,null,https://files.customs.gov.vn/DONG_NAI//Data/CV_Hqdn/1060_HQDN_STQ_26_05_2008.pdf,https://www.customs.gov.vn/index.jsp?pageId=3&id=65822&cid=1294,2008,05/2008,2026-10-08T09:46:20Z
86,Cv1062/HQĐN-NV,26/05/2008,Cục Hải Quan tỉnh Đồng Nai,V/v Gia hạn nộp hồ sơ thanh khoản,65821,305,16,DONG_NAI,null,null,https://files.customs.gov.vn/DONG_NAI//Data/CV_Hqdn/1062_HQDN_NV_26_05_2008.pdf,https://www.customs.gov.vn/index.jsp?pageId=3&id=65821&cid=1294,2008,05/2008,2026-10-08T09:46:20Z
87,Cv184/HQĐN-NV,22/05/2008,Cục Hải Quan tỉnh Đồng Nai,"V/v Hướng dẫn tạm thời chế độ quản lý thư bảo lãnh nộp thuế, nộp phạt",65823,305,16,DONG_NAI,null,null,https://files.customs.gov.vn/DONG_NAI//Data/CV_Hqdn/184_HQDN_NV_22_05_2008.pdf,https://www.customs.gov.vn/index.jsp?pageId=3&id=65823&cid=1294,2008,05/2008,2026-10-08T09:46:20Z
88,Cv2399/TCHQ-GSQL,22/05/2008,Tổng cục hải quan,V/v Xác nhận thực xuất đối với hàng hóa XNK tại chỗ,64076,305,16,DONG_NAI,null,null,,https://www.customs.gov.vn/index.jsp?pageId=3&id=64076&cid=1294,2008,05/2008,2026-10-08T09:46:20Z
89,30/2008/QĐ-BTC,21/05/2008,null,V/v ban hành tờ khai trị giá tính thuế hàng hóa nhập khẩu và hướng dẫn khai báo,73161,305,10,DA_NANG,admin,21/05/2008,https://files.customs.gov.vn/DA_NANG/Uploads/65e32243-11bf-4695-985d-c1563e8c13ba/QĐ 30.doc,https://www.customs.gov.vn/index.jsp?pageId=3&id=73161&cid=1294,2008,05/2008,2026-10-08T09:46:20Z
90,QĐ1102/QĐ-BTC,21/05/2008,Bộ Tài chính,"V/v Xây dựng, quản lý, sử dụng cơ sở dữ liệu giá",64077,305,10,DONG_NAI,null,18/06/2008,,https://www.customs.gov.vn/index.jsp?pageId=3&id=64077&cid=1294,2008,05/2008,2026-10-08T09:46:20Z
91,QĐ30/2008/QĐ-BTC,21/05/2008,Bộ Tài chính,V/v Ban hành tờ khai trị giá tính thuế hàng hóa nhập khẩu và hướng dẫn khai báo,63999,305,10,DONG_NAI,null,18/06/2008,,https://www.customs.gov.vn/index.jsp?pageId=3&id=63999&cid=1294,2008,05/2008,2026-10-08T09:46:20Z
92,TT40/2008/TT-BTC,21/05/2008,Bộ Tài chính,"V/v Hướng dẫn Nghị định số 40/2007/NĐ-CP ngày 16 tháng 3 năm 2007 của Chính phủ quy định về việc xác định trị giá hải quan đối với hàng hoá xuất khẩu, nhập khẩu",64078,305,4,DONG_NAI,null,18/06/2008,,https://www.customs.gov.vn/index.jsp?pageId=3&id=64078&cid=1294,2008,05/2008,2026-10-08T09:46:20Z
93,06/2008/TT-BCT,19/05/2008,Bộ Công thương,Hướng dẫn việc quản lý chất lượng vật liệu nổ công nghiệp,61341,305,4,BA_RIA_VUNG_TAU,Đỗ Hữu Hào,16/07/2008,https://files.customs.gov.vn/BA_RIA_VUNG_TAU/uploads/document/447/06_2008_TT-BCT.doc,https://www.customs.gov.vn/index.jsp?pageId=3&id=61341&cid=1294,2008,05/2008,2026-10-08T09:46:20Z
94,QĐ28/2008/QĐ-BTC,19/05/2008,Bộ Tài chính,Về việc Sửa đổi mức thuế suất thuế nhập khẩu ưu đãi đối với mặt hàng nhiên liệu động cơ tuốc bin dùng cho ngành hàng không trong Biểu thuế nhập khẩu ưu đãi,64079,305,10,DONG_NAI,null,null,,https://www.customs.gov.vn/index.jsp?pageId=3&id=64079&cid=1294,2008,05/2008,2026-10-08T09:46:20Z
95,Cv1004/HQĐN-NV,16/05/2008,Cục Hải Quan tỉnh Đồng Nai,V/v Trả lời công văn số 080502/CV-CS ngày 05/05/2008,65824,305,16,DONG_NAI,null,null,https://files.customs.gov.vn/DONG_NAI//Data/CV_Hqdn/1004_HQDN_NV_16_05_2008.pdf,https://www.customs.gov.vn/index.jsp?pageId=3&id=65824&cid=1294,2008,05/2008,2026-10-08T09:46:20Z
96,Cv990/HQĐN-NV,16/05/2008,Cục Hải Quan tỉnh Đồng Nai,V/vTrả lời công văn số 016/XNK-CSĐN ngày 12/05/2008,65826,305,16,DONG_NAI,null,null,https://files.customs.gov.vn/DONG_NAI//Data/CV_Hqdn/990_HQDN_NV_16_05_2008.pdf,https://www.customs.gov.vn/index.jsp?pageId=3&id=65826&cid=1294,2008,05/2008,2026-10-08T09:46:20Z
97,Cv991/HQĐN-NV,16/05/2008,Cục Hải Quan tỉnh Đồng Nai,V/v Đăng ký danh mục nhập máy móc thiết bị,65825,305,16,DONG_NAI,null,null,https://files.customs.gov.vn/DONG_NAI//Data/CV_Hqdn/991_HQDN_NV_16_05_2008.pdf,https://www.customs.gov.vn/index.jsp?pageId=3&id=65825&cid=1294,2008,05/2008,2026-10-08T09:46:20Z
98,QĐ10/2008/QĐ-BCT,16/05/2008,Bộ Công thương,Về việc Bổ sung Danh mục hàng tiêu dùng để phục vụ việc xác định thời hạn nộp thuế nhập khẩu,64080,305,10,DONG_NAI,null,15/06/2008,,https://www.customs.gov.vn/index.jsp?pageId=3&id=64080&cid=1294,2008,05/2008,2026-10-08T09:46:20Z
99,60/2008/TT-BNN,15/05/2008,Bộ nông nghiệp và phát triển nông thôn,"Thông Tư sửa đổi, bổ sung một số nội dung tại thông tư số 92/2007/BNN ngày 19  tháng 11 năm 2007 của bộ nông nghiệp và phát triển nông thôn về việc hướng dẫn thực hiện một số điều tại quyết định số 1405/QĐ-TTG ngày 16/10/2007 của thủ tướng chính phủ về điều kiện ấp trứng gia cầm và chăn nuôi thuỷ cầm.",57652,305,4,TP_HO_CHI_MINH,Bùi Bá Bổng,11/06/2008,https://files.customs.gov.vn/CustomsCMS/TP_HO_CHI_MINH/2020/Web/Data/DocumentAttachments/60_2008_TT-BNN_65942.doc,https://www.customs.gov.vn/index.jsp?pageId=3&id=57652&cid=1294,2008,05/2008,2026-10-08T09:46:20Z
100,CV5607/BTC-TCHQ,14/05/2008,Bộ Tài chính,V/v Thời hạn nộp hồ sơ thanh khoản của doanh nghiệp chế xuất,64081,305,16,DONG_NAI,null,null,,https://www.customs.gov.vn/index.jsp?pageId=3&id=64081&cid=1294,2008,05/2008,2026-10-08T09:46:20Z
101,Cv968/HQĐN-NV,13/05/2008,Cục Hải Quan tỉnh Đồng Nai,V/vTrả lời công văn số 95/CT ngày 02/05/2008,65827,305,16,DONG_NAI,null,null,https://files.customs.gov.vn/DONG_NAI//Data/CV_Hqdn/968_HQDN_NV_13_05_2008.pdf,https://www.customs.gov.vn/index.jsp?pageId=3&id=65827&cid=1294,2008,05/2008,2026-10-08T09:46:20Z
102,QĐ25/2008/QĐ-BTC,13/05/2008,Bộ Tài chính,Về việc Sửa đổi mức thuế suất thuế nhập khẩu ưu đãi đối với một số nhóm mặt hàng trong Biểu thuế nhập khẩu ưu đãi,64082,305,10,DONG_NAI,null,06/06/2008,,https://www.customs.gov.vn/index.jsp?pageId=3&id=64082&cid=1294,2008,05/2008,2026-10-08T09:46:20Z
103,04/2008/TT-BYT,12/05/2008,Bộ Y tế,Thông tư hướng dẫn ghi nhãn thuốc,58079,305,4,TP_HO_CHI_MINH,Cao Minh Quang,10/08/2008,https://files.customs.gov.vn/CustomsCMS/TP_HO_CHI_MINH/2020/Web/Data/DocumentAttachments/04_2008_TT-BYT_66062.doc,https://www.customs.gov.vn/index.jsp?pageId=3&id=58079&cid=1294,2008,05/2008,2026-10-08T09:46:20Z
104,59/2008/QĐ-BNN,09/05/2008,Bộ Nông nghiệp và Phát triển nông thôn,"Quyết định 59/2008/QĐ-BNN về Danh mục bổ sung phân bón được phép sản xuất, kinh doanh và sử dụng ở Việt Nam",61280,305,10,TONG_CUC,Bùi Bá Bổng,04/06/2008,,https://www.customs.gov.vn/index.jsp?pageId=3&id=61280&cid=1294,2008,05/2008,2026-10-08T09:46:20Z
105,QĐ23/2008/QĐ-BTC,08/05/2008,Bộ Tài chính,Về việc Quy định mức thuế tuyệt đối thuế nhập khẩu xe ô tô đã qua sử dụng nhập khẩu,64083,305,10,DONG_NAI,null,29/05/2008,,https://www.customs.gov.vn/index.jsp?pageId=3&id=64083&cid=1294,2008,05/2008,2026-10-08T09:46:20Z
106,5229/BTC-TCT,07/05/2008,Bộ Tài chính,Công văn số 5229/ BTC-TCT V/v thù lao của tổ chức khấu trừ thuế và thù lao ủy nhiệm thu thuế TNCN.,54576,305,16,TP_HO_CHI_MINH,Đỗ Hoàng Anh Tuấn,07/05/2008,https://files.customs.gov.vn/CustomsCMS/TP_HO_CHI_MINH/2020/Web/Data/DocumentAttachments/5229_BTC-TCT_66728.doc,https://www.customs.gov.vn/index.jsp?pageId=3&id=54576&cid=1294,2008,05/2008,2026-10-08T09:46:20Z
107,Cv941/HQĐN-TM,07/05/2008,Cục Hải Quan tỉnh Đồng Nai,V/v Tạm ngừng việc cấp Thẻ ưu tiên thủ tục Hải quan,65604,305,16,DONG_NAI,null,null,https://files.customs.gov.vn/DONG_NAI//Data/CV_Hqdn/941_HQDN_TM_07_05_2008.pdf,https://www.customs.gov.vn/index.jsp?pageId=3&id=65604&cid=1294,2008,05/2008,2026-10-08T09:46:20Z
108,CV3790/QLD-DK,05/05/2008,Bộ Y tế,"Về việc nhập khẩu, kinh doanh thuốc có chứa hoạt chất Nimesulid",64086,305,16,DONG_NAI,null,null,,https://www.customs.gov.vn/index.jsp?pageId=3&id=64086&cid=1294,2008,05/2008,2026-10-08T09:46:20Z
109,QĐ20/2008/QĐ-BTC,05/05/2008,Bộ Tài chính,V/v Ban hành Biểu thuế nhập khẩu ưu đãi đặc biệt của Việt Nam để thực hiện khu vực mậu dịch tự do ASEAN-Trung Quốc,64085,305,10,DONG_NAI,null,08/06/2008,https://files.customs.gov.vn/DONG_NAI//Data/CV_BTC/20_2008_QD_BTC_05_05_2008.pdf,https://www.customs.gov.vn/index.jsp?pageId=3&id=64085&cid=1294,2008,05/2008,2026-10-08T09:46:20Z
110,QĐ21/2008/QĐ-BTC,05/05/2008,Bộ Tài chính,V/v Ban hành Biểu thuế nhập khẩu ưu đãi đặc biệt của Việt Nam để thực hiện khu vực mậu dịch tự do ASEAN-Hàn Quốc,64084,305,10,DONG_NAI,null,10/06/2008,https://files.customs.gov.vn/DONG_NAI//Data/CV_BTC/21_2008_QD_BTC_05_05_2008.pdf,https://www.customs.gov.vn/index.jsp?pageId=3&id=64084&cid=1294,2008,05/2008,2026-10-08T09:46:20Z
111,57/2008/QÐ-BNN,02/05/2008,Bộ nông nghiệp và phát triển nông thôn,"Quyết định về việc ban hành danh mục giống thuỷ sản được phép sản xuất, kinh doanh",54446,305,10,TP_HO_CHI_MINH,Nguyễn Việt Thắng,17/05/2008,https://files.customs.gov.vn/CustomsCMS/TP_HO_CHI_MINH/2020/Web/Data/DocumentAttachments/57_2008_QD-BNN_65562.doc,https://www.customs.gov.vn/index.jsp?pageId=3&id=54446&cid=1294,2008,05/2008,2026-10-08T09:46:20Z
112,Cv1348/HQĐN-TM,30/06/2008,Cục Hải Quan tỉnh Đồng Nai,V/v Phúc đáp công văn số 2406/08/TH ngày 24/06/2008,65811,305,16,DONG_NAI,null,null,https://files.customs.gov.vn/DONG_NAI//Data/CV_Hqdn/1348_HQDN_TM_30_06_2008.pdf,https://www.customs.gov.vn/index.jsp?pageId=3&id=65811&cid=1294,2008,06/2008,2026-10-08T09:46:20Z
113,QĐ14/2008/QĐ-BCT,30/06/2008,Bộ Công thương,Về việc Nhập khẩu theo hạn ngạch thuế quan năm 2008 với thuế suất thuế nhập khẩu 0% đối với hàng hóa có xuất xứ từ Lào,64066,305,10,DONG_NAI,null,31/07/2008,https://files.customs.gov.vn/DONG_NAI//Data/CV_BCT/14_2008_QD_BCT_30_06_2008.pdf,https://www.customs.gov.vn/index.jsp?pageId=3&id=64066&cid=1294,2008,06/2008,2026-10-08T09:46:20Z
114,Cv1330/HQĐN-NV,26/06/2008,Cục Hải Quan tỉnh Đồng Nai,V/v Trả lời công văn CV/080612,65812,305,16,DONG_NAI,null,null,https://files.customs.gov.vn/DONG_NAI//Data/CV_Hqdn/1330_HQDN_NV_26_06_2008.pdf,https://www.customs.gov.vn/index.jsp?pageId=3&id=65812&cid=1294,2008,06/2008,2026-10-08T09:46:20Z
115,Cv1316/HQĐN-NV,25/06/2008,Cục Hải Quan tỉnh Đồng Nai,V/v Thuê kho để chứa hàng hóa của doanh nghiệp chế xuất,65813,305,16,DONG_NAI,null,null,https://files.customs.gov.vn/DONG_NAI//Data/CV_Hqdn/1316_HQDN_NV_25_06_2008.pdf,https://www.customs.gov.vn/index.jsp?pageId=3&id=65813&cid=1294,2008,06/2008,2026-10-08T09:46:20Z
116,Cv1296/HQĐN-NV,20/06/2008,Cục Hải Quan tỉnh Đồng Nai,V/v Nhập khẩu lô hàng gelatin,65814,305,16,DONG_NAI,null,null,https://files.customs.gov.vn/DONG_NAI//Data/CV_Hqdn/1296_HQDN_NV_20_06_2008.pdf,https://www.customs.gov.vn/index.jsp?pageId=3&id=65814&cid=1294,2008,06/2008,2026-10-08T09:46:20Z
117,QĐ38/2008/QĐ-BTC,19/06/2008,Bộ Tài chính,V/v Sửa đổi mức thuế suất thuế nhập khẩu ưu đãi đối với mặt hàng nhiên liệu động cơ tuốc bin dùng cho ngành hàng không trong Biểu thuế nhập khẩu ưu đãi.,64068,305,10,DONG_NAI,null,13/07/2008,,https://www.customs.gov.vn/index.jsp?pageId=3&id=64068&cid=1294,2008,06/2008,2026-10-08T09:46:20Z
118,QĐ39/2008/QĐ-BTC,19/06/2008,Bộ Tài chính,V/v Sửa đổi mức thuế suất thuế xuất khẩu đối với một số mặt hàng thép không hợp kim của Biểu thuế xuất khẩu.,64067,305,10,DONG_NAI,null,13/07/2008,,https://www.customs.gov.vn/index.jsp?pageId=3&id=64067&cid=1294,2008,06/2008,2026-10-08T09:46:20Z
119,08/2008/TT-BCT,18/06/2008,null,Hướng dẫn xuất khẩu khoáng sản,72952,305,4,DA_NANG,Lê Dương Quang,null,https://files.customs.gov.vn/DA_NANG/Uploads/65e32243-11bf-4695-985d-c1563e8c13ba/TT08-2008-khoang san.tiff,https://www.customs.gov.vn/index.jsp?pageId=3&id=72952&cid=1294,2008,06/2008,2026-10-08T09:46:20Z
120,1131/2008/QĐ-TTCP,18/06/2008,null,"Ban hành Mẫu văn bản trong hoạt động thanh tra, giải quyết khiếu nại, tố cáo",67316,305,18,CAN_THO,null,16/09/2008,https://files.customs.gov.vn/CAN_THO/09_QD_1131-TTCP.doc,https://www.customs.gov.vn/index.jsp?pageId=3&id=67316&cid=1294,2008,06/2008,2026-10-08T09:46:20Z
121,TT08/2008/TT-BCT,18/06/2008,Bộ Công thương,V/v Hướng dẫn xuất khẩu khoáng sản,64069,305,4,DONG_NAI,null,12/07/2008,,https://www.customs.gov.vn/index.jsp?pageId=3&id=64069&cid=1294,2008,06/2008,2026-10-08T09:46:20Z
122,Cv1234/HQĐN-NV,17/06/2008,Cục Hải Quan tỉnh Đồng Nai,V/v Bổ sung C/O mẫu D,65816,305,16,DONG_NAI,null,null,https://files.customs.gov.vn/DONG_NAI//Data/CV_Hqdn/1234_HQDN_NV_17_06_2008.pdf,https://www.customs.gov.vn/index.jsp?pageId=3&id=65816&cid=1294,2008,06/2008,2026-10-08T09:46:20Z
123,Cv1239/HQĐN-TM,17/06/2008,Cục Hải Quan tỉnh Đồng Nai,V/v Trả lời công văn số 86/CV/XNK của Công ty All Super,65815,305,16,DONG_NAI,null,null,https://files.customs.gov.vn/DONG_NAI//Data/CV_Hqdn/1239_HQDN_TM_17_06_2008.pdf,https://www.customs.gov.vn/index.jsp?pageId=3&id=65815&cid=1294,2008,06/2008,2026-10-08T09:46:20Z
124,QĐ2203/QĐ-BYT,17/06/2008,Bộ Y tế,Về việc công bố 01 vắc xin được phép lưu hành tại Việt Nam,64070,305,10,DONG_NAI,null,null,,https://www.customs.gov.vn/index.jsp?pageId=3&id=64070&cid=1294,2008,06/2008,2026-10-08T09:46:20Z
125,Cv1223/HQĐN-NV,16/06/2008,Cục Hải Quan tỉnh Đồng Nai,V/v Ghi chép đầy đủ các nội dung trên Giấy nộp tiền thuế,65818,305,16,DONG_NAI,null,null,https://files.customs.gov.vn/DONG_NAI//Data/CV_Hqdn/1223_HQDN_NV_16_06_2008.pdf,https://www.customs.gov.vn/index.jsp?pageId=3&id=65818&cid=1294,2008,06/2008,2026-10-08T09:46:20Z
126,Cv1227/HQĐN-NV,16/06/2008,Cục Hải Quan tỉnh Đồng Nai,V/v Gia hạn nộp chứng từ thanh toán hàng xuất khẩu,65817,305,16,DONG_NAI,null,null,https://files.customs.gov.vn/DONG_NAI//Data/CV_Hqdn/1227_HQDN_NV_16_06_2008.pdf,https://www.customs.gov.vn/index.jsp?pageId=3&id=65817&cid=1294,2008,06/2008,2026-10-08T09:46:20Z
127,QĐ2159/QĐ-BYT,13/06/2008,Bộ Y tế,Về việc công bố danh sách doanh nghiệp nước ngoài được cấp giấy phép hoạt động về thuốc và nguyên liệu làm thuốc tại Việt Nam,64071,305,10,DONG_NAI,null,null,,https://www.customs.gov.vn/index.jsp?pageId=3&id=64071&cid=1294,2008,06/2008,2026-10-08T09:46:20Z
128,QĐ36/2008/QĐ-BTC,12/06/2008,Bộ Tài chính,V/v Ban hành Biểu thuế nhập khẩu ưu đãi đặc biệt của Việt Nam để thực hiện Hiệp định về chương trình ưu đãi thuế quan có hiệu lực chung (CEPT) của các nước ASEAN giai đoạn 2008 - 2013,64073,305,10,DONG_NAI,null,24/07/2008,,https://www.customs.gov.vn/index.jsp?pageId=3&id=64073&cid=1294,2008,06/2008,2026-10-08T09:46:20Z
129,QĐ37/2008/QĐ-BTC,12/06/2008,Bộ Tài chính,V/v Sửa đổi mức thuế suất thuế nhập khẩu ưu đãi đối với một số nhóm mặt hàng trong Biểu thuế nhập khẩu ưu đãi,64072,305,10,DONG_NAI,null,09/07/2008,,https://www.customs.gov.vn/index.jsp?pageId=3&id=64072&cid=1294,2008,06/2008,2026-10-08T09:46:20Z
130,Cv1170/HQĐN-NV,09/06/2008,Cục Hải Quan tỉnh Đồng Nai,V/v Trả lời công văn số 08/CTS/CV/HQ ngày 05/06/2008,65819,305,16,DONG_NAI,null,null,https://files.customs.gov.vn/DONG_NAI//Data/CV_Hqdn/1170_HQDN_NV_09_06_2008.pdf,https://www.customs.gov.vn/index.jsp?pageId=3&id=65819&cid=1294,2008,06/2008,2026-10-08T09:46:20Z
131,QĐ35/2008/QĐ-BTC,06/06/2008,Bộ Tài chính,V/v Sửa đổi mức thuế suất thuế xuất khẩu một số mặt hàng trong Biểu thuế xuất khẩu,64074,305,10,DONG_NAI,null,21/06/2008,,https://www.customs.gov.vn/index.jsp?pageId=3&id=64074&cid=1294,2008,06/2008,2026-10-08T09:46:20Z
132,09/2008/QH12,03/06/2008,Quốc hội,"Luật quản lý, sử dụng tài sản nhà nước.",42648,305,13,QUANG_BINH,null,null,https://files.customs.gov.vn/CustomsCMS/QUANG_BINH/2021/04/images/stories/files/Luat quan li tai san NN.doc,https://www.customs.gov.vn/index.jsp?pageId=3&id=42648&cid=1294,2008,06/2008,2026-10-08T09:46:20Z
133,10/2008/QH12,03/06/2008,Quốc hội,"Luật Sửa đổi, bổ sung một số điều của Luật dầu khí",55478,305,13,TP_HO_CHI_MINH,Nguyễn Phú Trọng,01/01/2009,https://files.customs.gov.vn/CustomsCMS/TP_HO_CHI_MINH/2020/Web/Data/DocumentAttachments/10_2008_QH12-LUAT_SUA_DOI_BO_SUNG_LUAT_DAU_KHI_NAM_2000.doc,https://www.customs.gov.vn/index.jsp?pageId=3&id=55478&cid=1294,2008,06/2008,2026-10-08T09:46:20Z
134,12/2008/QH12,03/06/2008,Quốc hội,"Luật Sửa đổi, bổ sung một số điều của Luật xuất bản",53156,305,13,TP_HO_CHI_MINH,Nguyễn Phú Trọng,01/01/2009,https://files.customs.gov.vn/CustomsCMS/TP_HO_CHI_MINH/2020/Web/Data/DocumentAttachments/12_2008_QH12_BO_SUNG_SUA_DOI_MOT_SO_DIEU_LUAT_XUAT_BAN.doc,https://www.customs.gov.vn/index.jsp?pageId=3&id=53156&cid=1294,2008,06/2008,2026-10-08T09:46:20Z
135,14/2008/QH12,03/06/2008,Quốc hội,Luật thuế thu nhập doanh nghiệp của Quốc hội khóa XII,42995,305,13,QUANG_BINH,null,null,https://files.customs.gov.vn/CustomsCMS/QUANG_BINH/2021/04/images/stories/files/L14QH.doc,https://www.customs.gov.vn/index.jsp?pageId=3&id=42995&cid=1294,2008,06/2008,2026-10-08T09:46:20Z
136,15/2008/QH12,03/06/2008,Quốc hội,"Căn cứ Hiến pháp nước Cộng hòa xã hội chủ nghĩa Việt Nam năm 1992 đã được sửa đổi, bổ sung một số điều theo Nghị quyết số 51/2001/QH10;
Quốc hội ban hành Luật trưng mua, trưng dụng tài sản.",66236,305,13,DONG_NAI,null,01/01/2009,,https://www.customs.gov.vn/index.jsp?pageId=3&id=66236&cid=1294,2008,06/2008,2026-10-08T09:46:20Z
137,17/2008/QH12,03/06/2008,Quốc hội,Luật ban hành văn bản quy phạm pháp luật,42651,305,13,QUANG_BINH,null,null,https://files.customs.gov.vn/CustomsCMS/QUANG_BINH/2021/04/images/stories/files/Luat ban hanh VB quy pham PL.doc,https://www.customs.gov.vn/index.jsp?pageId=3&id=42651&cid=1294,2008,06/2008,2026-10-08T09:46:20Z
138,Cv1119/HQĐN-NV,03/06/2008,Cục Hải Quan tỉnh Đồng Nai,V/v Trả lời công văn số 74/VSD-IE ngày 26/05/2008,65820,305,16,DONG_NAI,null,null,https://files.customs.gov.vn/DONG_NAI//Data/CV_Hqdn/1119_HQDN_NV_03_06_2008.pdf,https://www.customs.gov.vn/index.jsp?pageId=3&id=65820&cid=1294,2008,06/2008,2026-10-08T09:46:20Z
139,33/2008/QÐ-BTC,02/06/2008,Bộ Tài chính,Quyết định về việc ban hành hệ thống mục lục ngân sách nhà nước,55672,305,10,TP_HO_CHI_MINH,Nguyễn Công Nghiệp,01/01/2009,https://files.customs.gov.vn/CustomsCMS/TP_HO_CHI_MINH/2020/Web/Data/DocumentAttachments/33_2008_QD-BTC_66670.doc,https://www.customs.gov.vn/index.jsp?pageId=3&id=55672&cid=1294,2008,06/2008,2026-10-08T09:46:20Z
140,Cv1577/HQĐN-NV,31/07/2008,Cục Hải Quan tỉnh Đồng Nai,V/v Miễn thuế nhập khẩu,65801,305,16,DONG_NAI,null,null,https://files.customs.gov.vn/DONG_NAI//Data/CV_Hqdn/1577_HQDN_NV_31_07_2008.pdf,https://www.customs.gov.vn/index.jsp?pageId=3&id=65801&cid=1294,2008,07/2008,2026-10-08T09:46:20Z
141,Cv3536/TCHQ-GSQL,25/07/2008,Tổng cục hải quan,V/v Phân loại mặt hàng động cơ diesel dùng cho máy phát điện,64059,305,16,DONG_NAI,null,null,,https://www.customs.gov.vn/index.jsp?pageId=3&id=64059&cid=1294,2008,07/2008,2026-10-08T09:46:20Z
142,19/2008/QÐ-BCT,24/07/2008,Bộ Công thương,Quyết định 19/2008/QĐ-BCT về Quy chế cấp Giấy chứng nhận xuất xứ hàng hóa Mẫu D để hưởng các ưu đãi theo Hiệp định về chương trình ưu đãi thuế quan có hiệu lực chung (CEPT) để thành lập Khu vực thương mại tự do ASEAN (AFTA) do Bộ trưởng Bộ Công thương ban hành,56353,305,10,TP_HO_CHI_MINH,Nguyễn Thành Biên,04/09/2008,https://files.customs.gov.vn/CustomsCMS/TP_HO_CHI_MINH/2020/Web/Data/DocumentAttachments/19_2008_QD-BCT_68687.doc,https://www.customs.gov.vn/index.jsp?pageId=3&id=56353&cid=1294,2008,07/2008,2026-10-08T09:46:20Z
143,36/2008/QĐ-BTC,24/07/2008,null,Ban hành Biểu thuế nhập khẩu ưu đãi đặc biệt của Việt Nam để thực hiện Hiệp định về chương trình ưu đãi thuế quan có hiệu lực chung (CEPT) của các nước ASEAN giai đoạn 2008-2013.,73166,305,16,DA_NANG,admin,24/07/2008,https://files.customs.gov.vn/DA_NANG/Uploads/65e32243-11bf-4695-985d-c1563e8c13ba/1_QĐ 36-BTC.doc,https://www.customs.gov.vn/index.jsp?pageId=3&id=73166&cid=1294,2008,07/2008,2026-10-08T09:46:20Z
144,Cv1521/HQĐN-NV,24/07/2008,Cục Hải Quan tỉnh Đồng Nai,V/v Thủ tục Hải quan đối với nguyên phụ liệu tái xuất vào Kho ngoại quan ICD Biên Hòa,65802,305,16,DONG_NAI,null,null,https://files.customs.gov.vn/DONG_NAI//Data/CV_Hqdn/1521_HQDN_NV_24_07_2008.pdf,https://www.customs.gov.vn/index.jsp?pageId=3&id=65802&cid=1294,2008,07/2008,2026-10-08T09:46:20Z
145,Cv1502/HQĐN-NV,23/07/2008,Cục Hải Quan tỉnh Đồng Nai,V/v Hạn ngạch nhập khẩu mặt hàng vàng phục vụ sản xuất,65805,305,16,DONG_NAI,null,null,https://files.customs.gov.vn/DONG_NAI//Data/CV_Hqdn/1502_HQDN_NV_23_07_2008.pdf,https://www.customs.gov.vn/index.jsp?pageId=3&id=65805&cid=1294,2008,07/2008,2026-10-08T09:46:20Z
146,Cv1505/HQĐN-NV,23/07/2008,Cục Hải Quan tỉnh Đồng Nai,V/v Tạm xuất tái nhập kim cương đi giám định ở nước ngoài,65804,305,16,DONG_NAI,null,null,https://files.customs.gov.vn/DONG_NAI//Data/CV_Hqdn/1505_HQDN_NV_23_07_2008.pdf,https://www.customs.gov.vn/index.jsp?pageId=3&id=65804&cid=1294,2008,07/2008,2026-10-08T09:46:20Z
147,Cv1515/HQĐN-NV,23/07/2008,Cục Hải Quan tỉnh Đồng Nai,V/v Tờ khai xuất nhập khẩu tại chỗ bị quá hạn,65803,305,16,DONG_NAI,null,null,https://files.customs.gov.vn/DONG_NAI//Data/CV_Hqdn/1515_HQDN_NV_23_07_2008.pdf,https://www.customs.gov.vn/index.jsp?pageId=3&id=65803&cid=1294,2008,07/2008,2026-10-08T09:46:20Z
148,Cv1491/HQĐN-NV,22/07/2008,Cục Hải Quan tỉnh Đồng Nai,V/v Nhập khẩu hàng hóa để bán tại thị trường Việt Nam,65807,305,16,DONG_NAI,null,null,https://files.customs.gov.vn/DONG_NAI//Data/CV_Hqdn/1491_HQDN_NV_22_07_2008.pdf,https://www.customs.gov.vn/index.jsp?pageId=3&id=65807&cid=1294,2008,07/2008,2026-10-08T09:46:20Z
149,Cv1494/HQĐN-NV,22/07/2008,Cục Hải Quan tỉnh Đồng Nai,V/v Một số nội dung lưu ý khi triển khai các đại lý làm thủ tục Hải quan,65806,305,16,DONG_NAI,null,null,https://files.customs.gov.vn/DONG_NAI//Data/CV_Hqdn/1494_HQDN_NV_22_07_2008.pdf,https://www.customs.gov.vn/index.jsp?pageId=3&id=65806&cid=1294,2008,07/2008,2026-10-08T09:46:20Z
150,CV8543/BTC-CST,21/07/2008,Bộ Tài chính,V/v Hướng dẫn thuế tiêu thụ đặc biệt xe ô tô tải Van,64061,305,16,DONG_NAI,null,null,,https://www.customs.gov.vn/index.jsp?pageId=3&id=64061&cid=1294,2008,07/2008,2026-10-08T09:46:20Z
151,QĐ104/2008/QĐ-TTg,21/07/2008,Chính phủ,V/v Ban hành mức thuế tuyệt đối thuế xuất khẩu đối với mặt hàng gạo và phân bón xuất khẩu,64060,305,10,DONG_NAI,null,null,,https://www.customs.gov.vn/index.jsp?pageId=3&id=64060&cid=1294,2008,07/2008,2026-10-08T09:46:20Z
152,79/2008/NĐ-CP,18/07/2008,Chính phủ,"Nghị định số 79/2008/NĐ-CP quy định hệ thống tổ chức quản lý, thanh tra và kiểm nghiệm về vệ sinh an toàn thực phẩm",67241,305,18,CAN_THO,null,30/11/0002,https://files.customs.gov.vn/CAN_THO/12_ND79CP-Kiem_dich_ve_sinh_ATTP.doc,https://www.customs.gov.vn/index.jsp?pageId=3&id=67241&cid=1294,2008,07/2008,2026-10-08T09:46:20Z
153,Cv1481/HQĐN-NV,18/07/2008,Cục Hải Quan tỉnh Đồng Nai,V/v Thủ tục và chính sách thuế đối với hàng hóa nhập khẩu tạo TSCĐ,65808,305,16,DONG_NAI,null,null,https://files.customs.gov.vn/DONG_NAI//Data/CV_Hqdn/1481_HQDN_NV_18_07_2008.pdf,https://www.customs.gov.vn/index.jsp?pageId=3&id=65808&cid=1294,2008,07/2008,2026-10-08T09:46:20Z
154,81/2008/QĐ-BNN,15/07/2008,Bộ Nông nghiệp và Phát triển nông thôn,"Quyết định 81/2008/QĐ-BNN về Danh mục bổ sung thuốc thú y, vắc xin, chế phẩm sinh học, vi sinh vật, hoá chất dùng trong thú y được phép lưu hành tại Việt Nam đợt I năm 2008",61301,305,10,TONG_CUC,Bùi Bá Bổng,14/08/2008,,https://www.customs.gov.vn/index.jsp?pageId=3&id=61301&cid=1294,2008,07/2008,2026-10-08T09:46:20Z
155,Cv1439/HQĐN-NV,15/07/2008,Cục Hải Quan tỉnh Đồng Nai,V/v Miễn thuế nhập khẩu,65201,305,16,DONG_NAI,null,null,https://files.customs.gov.vn/DONG_NAI//Data/CV_Hqdn/1439_HQDN_NV_15_07_2008.pdf,https://www.customs.gov.vn/index.jsp?pageId=3&id=65201&cid=1294,2008,07/2008,2026-10-08T09:46:20Z
156,Cv1440/HQĐN-NV,15/07/2008,Cục Hải Quan tỉnh Đồng Nai,V/v Xác nhận mặt hàng trong nước chưa sản xuất được,62211,305,16,DONG_NAI,null,null,https://files.customs.gov.vn/DONG_NAI//Data/CV_Hqdn/1440_HQDN_NV_15_07_2008.pdf,https://www.customs.gov.vn/index.jsp?pageId=3&id=62211&cid=1294,2008,07/2008,2026-10-08T09:46:20Z
157,QĐ54/2008/QĐ-BTC,15/07/2008,Bộ Tài chính,V/v Thuế suất thuế nhập khẩu đối với hàng hoá nhập khẩu có xuất xứ từ Lào.,64062,305,10,DONG_NAI,null,16/08/2008,,https://www.customs.gov.vn/index.jsp?pageId=3&id=64062&cid=1294,2008,07/2008,2026-10-08T09:46:20Z
158,Cv1431/HQĐN-NV,14/07/2008,Cục Hải Quan tỉnh Đồng Nai,V/v Nhập khẩu lô hàng gelatin,62234,305,16,DONG_NAI,null,null,https://files.customs.gov.vn/DONG_NAI//Data/CV_Hqdn/1431_HQDN_NV_14_07_2008.pdf,https://www.customs.gov.vn/index.jsp?pageId=3&id=62234&cid=1294,2008,07/2008,2026-10-08T09:46:20Z
159,Cv1424/HQĐN-NV,11/07/2008,Cục Hải Quan tỉnh Đồng Nai,V/v Thuế nhập khẩu hàng hóa tạo tài sản cố định,65998,305,16,DONG_NAI,null,null,https://files.customs.gov.vn/DONG_NAI//Data/CV_Hqdn/1424_HQDN_NV_11_07_2008.pdf,https://www.customs.gov.vn/index.jsp?pageId=3&id=65998&cid=1294,2008,07/2008,2026-10-08T09:46:20Z
160,Cv3254/TCHQ-GSQL,11/07/2008,Tổng cục hải quan,V/v Thủ tục xuất nhập khẩu tại chỗ,64063,305,16,DONG_NAI,null,null,,https://www.customs.gov.vn/index.jsp?pageId=3&id=64063&cid=1294,2008,07/2008,2026-10-08T09:46:20Z
161,TT04/2008/TT-BTTTT,09/07/2008,Bộ Thông Tin Truyền Thông,V/v Hướng dẫn thực hiện một số nội dung của Nghị định số 105/2007/NĐ-CP ngày 21 tháng 6 năm 2007 của Chính phủ về hoạt động in các sản phẩm không phải là xuất bản phẩm,64064,305,4,DONG_NAI,null,null,,https://www.customs.gov.vn/index.jsp?pageId=3&id=64064&cid=1294,2008,07/2008,2026-10-08T09:46:20Z
162,79/2008/QĐ-BNN,08/07/2008,Bộ Nông nghiệp và Phát triển nông thôn,"Quyết định 79/2008/QĐ-BNN về Danh mục bổ sung phân bón được phép sản xuất, kinh doanh và sử dụng ở Việt Nam",61299,305,10,TONG_CUC,Bùi Bá Bổng,06/08/2008,,https://www.customs.gov.vn/index.jsp?pageId=3&id=61299&cid=1294,2008,07/2008,2026-10-08T09:46:20Z
163,CV916/QLCL-QL1,08/07/2008,Khác,Về việc Xuất khẩu thủy sản,64065,305,16,DONG_NAI,null,null,https://files.customs.gov.vn/DONG_NAI//Data/CV_BYT/916_QLCL_CL1_08_07_2008.pdf,https://www.customs.gov.vn/index.jsp?pageId=3&id=64065&cid=1294,2008,07/2008,2026-10-08T09:46:20Z
164,3126/TCHQ-GSQL,04/07/2008,null,Hướng dẫn việc PTPL hàng hoá XNK,67270,305,18,CAN_THO,null,04/07/2008,https://files.customs.gov.vn/CAN_THO/52_1F1CAd01.PDF,https://www.customs.gov.vn/index.jsp?pageId=3&id=67270&cid=1294,2008,07/2008,2026-10-08T09:46:20Z
165,58/2008/TTLT-BTC-BTN&MT,04/07/2008,Bộ Công thương,"Thông tư liên tịch 58/2008/TTLT-BTC-BTN&MT hướng dẫn Quyết định 130/2007/QĐ-TTg về một số cơ chế, chính sách tài chính đối với dự án đầu tư theo cơ chế phát triển sạch do Bộ Tài chính - Bộ Tài nguyên và Môi trường ban hành",61335,305,4,TONG_CUC,Nguyễn Công Thành - Đỗ Hoàng Anh Tuấn,04/08/2008,,https://www.customs.gov.vn/index.jsp?pageId=3&id=61335&cid=1294,2008,07/2008,2026-10-08T09:46:20Z
166,Cv1396/HQĐN-NV,04/07/2008,Cục Hải Quan tỉnh Đồng Nai,V/v Thành lập kho ngoại quan,65810,305,16,DONG_NAI,null,null,https://files.customs.gov.vn/DONG_NAI//Data/CV_Hqdn/1396_HQDN_NV_04_07_2008.pdf,https://www.customs.gov.vn/index.jsp?pageId=3&id=65810&cid=1294,2008,07/2008,2026-10-08T09:46:20Z
167,Cv1399/HQĐN-NV,04/07/2008,Cục Hải Quan tỉnh Đồng Nai,V/v Hướng dẫn thanh toán tiền lệ phí và ấn chỉ qua thẻ của Ngân hàng,65809,305,16,DONG_NAI,null,null,https://files.customs.gov.vn/DONG_NAI//Data/CV_Hqdn/1399_HQDN_NV_04_07_2008.pdf,https://www.customs.gov.vn/index.jsp?pageId=3&id=65809&cid=1294,2008,07/2008,2026-10-08T09:46:20Z
168,Cv1401/HQĐN-NV,04/07/2008,Cục Hải Quan tỉnh Đồng Nai,V/v Nhập khẩu lô hàng gelatin,65535,305,16,DONG_NAI,null,null,https://files.customs.gov.vn/DONG_NAI//Data/CV_Hqdn/1401_HQDN_NV_04_07_2008.pdf,https://www.customs.gov.vn/index.jsp?pageId=3&id=65535&cid=1294,2008,07/2008,2026-10-08T09:46:20Z
169,Cv1788/HQĐN-NV,29/08/2008,Cục Hải Quan tỉnh Đồng Nai,V/v Bổ sung hồ sơ thành lập điểm thông quan nội địa ICD Tân Cảng - Long Bình,65788,305,16,DONG_NAI,null,null,https://files.customs.gov.vn/DONG_NAI//Data/CV_Hqdn/1788_HQDN_NV_29_08_2008.pdf,https://www.customs.gov.vn/index.jsp?pageId=3&id=65788&cid=1294,2008,08/2008,2026-10-08T09:46:20Z
170,Cv1794/HQĐN-NV,29/08/2008,Cục Hải Quan tỉnh Đồng Nai,V/v Gia hạn nộp thuế của Công ty Xe đạp Con rồng TNHH Việt Nam,65787,305,16,DONG_NAI,null,null,https://files.customs.gov.vn/DONG_NAI//Data/CV_Hqdn/1794_HQDN_NV_29_08_2008.pdf,https://www.customs.gov.vn/index.jsp?pageId=3&id=65787&cid=1294,2008,08/2008,2026-10-08T09:46:20Z
171,Cv1795/HQĐN-NV,29/08/2008,Cục Hải Quan tỉnh Đồng Nai,V/v  Đăng ký tờ khai hải quan xuất khẩu tại chỗ bị quá hạn,65786,305,16,DONG_NAI,null,null,https://files.customs.gov.vn/DONG_NAI//Data/CV_Hqdn/1795_HQDN_NV_29_08_2008.pdf,https://www.customs.gov.vn/index.jsp?pageId=3&id=65786&cid=1294,2008,08/2008,2026-10-08T09:46:20Z
172,QĐ2670/QĐ-BNN-QLCL,29/08/2008,Bộ Nông nghiệp và Phát triển nông thôn,Về việc Công bố danh mục các chỉ tiêu chỉ định kiểm tra đối với lô hàng thủy sản,64047,305,10,DONG_NAI,null,null,,https://www.customs.gov.vn/index.jsp?pageId=3&id=64047&cid=1294,2008,08/2008,2026-10-08T09:46:20Z
173,97/2008/NĐ-CP,28/08/2008,Chính phủ,"Nghị định số 97/2008/NĐ-CP của Chính phủ về quản lý, cung cấp, sử dụng dịch vụ Internet và thông tin điện tử trên Internet",42698,305,18,QUANG_BINH,null,null,https://files.customs.gov.vn/CustomsCMS/QUANG_BINH/2021/04/images/stories/files/ND9708CP.doc,https://www.customs.gov.vn/index.jsp?pageId=3&id=42698&cid=1294,2008,08/2008,2026-10-08T09:46:20Z
174,Cv1778/HQĐN-NV,27/08/2008,Cục Hải Quan tỉnh Đồng Nai,V/v Xem xét đề xuất xử lý kiến nghị của Trường Trung học lâm nghiệp số 2,65792,305,16,DONG_NAI,null,null,https://files.customs.gov.vn/DONG_NAI//Data/CV_Hqdn/1778_HQDN_NV_27_08_2008.pdf,https://www.customs.gov.vn/index.jsp?pageId=3&id=65792&cid=1294,2008,08/2008,2026-10-08T09:46:20Z
175,Cv1779/HQĐN-NV,27/08/2008,Cục Hải Quan tỉnh Đồng Nai,V/v Trả lời công văn số 305/2008/XNK-UL của Công ty TNHH Ulhwa Việt Nam,65791,305,16,DONG_NAI,null,null,https://files.customs.gov.vn/DONG_NAI//Data/CV_Hqdn/1779_HQDN_NV_27_08_2008.pdf,https://www.customs.gov.vn/index.jsp?pageId=3&id=65791&cid=1294,2008,08/2008,2026-10-08T09:46:20Z
176,Cv1780/HQĐN-NV,27/08/2008,Cục Hải Quan tỉnh Đồng Nai,V/v Kinh doanh theo phương thức tạm nhập tái xuất,65790,305,16,DONG_NAI,null,null,https://files.customs.gov.vn/DONG_NAI//Data/CV_Hqdn/1780_HQDN_NV_27_08_2008.pdf,https://www.customs.gov.vn/index.jsp?pageId=3&id=65790&cid=1294,2008,08/2008,2026-10-08T09:46:20Z
177,Cv1783/HQĐN-VP,27/08/2008,Cục Hải Quan tỉnh Đồng Nai,V/v Nghỉ lễ Quốc khánh 02/09/2008,65789,305,16,DONG_NAI,null,null,https://files.customs.gov.vn/DONG_NAI//Data/CV_Hqdn/1783_HQDN_VP_27_08_2008.pdf,https://www.customs.gov.vn/index.jsp?pageId=3&id=65789&cid=1294,2008,08/2008,2026-10-08T09:46:20Z
178,Cv1769/HQĐN-NV,26/08/2008,Cục Hải Quan tỉnh Đồng Nai,"V/v Truy thu thuế mặt hàng ""Thùng cúi""",65793,305,16,DONG_NAI,null,null,https://files.customs.gov.vn/DONG_NAI//Data/CV_Hqdn/1769_HQDN_NV_26_08_2008.pdf,https://www.customs.gov.vn/index.jsp?pageId=3&id=65793&cid=1294,2008,08/2008,2026-10-08T09:46:20Z
179,Cv1755/HQĐN-NV,25/08/2008,Cục Hải Quan tỉnh Đồng Nai,V/v Trả lời công văn số 318/VBCT ngày 20/08/2008  của Công ty CB XNK NSTP Đồng Nai,65794,305,16,DONG_NAI,null,null,https://files.customs.gov.vn/DONG_NAI//Data/CV_Hqdn/1755_HQDN_NV_25_08_2008.pdf,https://www.customs.gov.vn/index.jsp?pageId=3&id=65794&cid=1294,2008,08/2008,2026-10-08T09:46:20Z
180,TT03/2008/TT-BTP,25/08/2008,Bộ Tư pháp,"V/v Hướng dẫn thi hành một số điều của Nghị định số 79/2007/NĐ-CP ngày 18 tháng 5 năm 2007 của Chính phủ về cấp bản sao từ sổ gốc, chứng thực bản sao từ bản chính, chứng thực chữ ký",64048,305,4,DONG_NAI,null,28/09/2008,,https://www.customs.gov.vn/index.jsp?pageId=3&id=64048&cid=1294,2008,08/2008,2026-10-08T09:46:20Z
181,88/2008/QĐ-BNN,22/08/2008,Bộ Nông nghiệp và Phát triển nông thôn,"Quyết định 88/2008/QĐ-BNN về ""danh mục thức ăn chăn nuôi, nguyên liệu thức ăn chăn nuôi nhập khẩu vào Việt Nam theo mã số HS""",61304,305,10,TONG_CUC,Vũ Văn Tám,27/09/2009,,https://www.customs.gov.vn/index.jsp?pageId=3&id=61304&cid=1294,2008,08/2008,2026-10-08T09:46:20Z
182,Cv1744/HQĐN-NV,22/08/2008,Cục Hải Quan tỉnh Đồng Nai,V/vThủ tục nhập khẩu thiết bị máy móc miễn thuế,65795,305,16,DONG_NAI,null,null,https://files.customs.gov.vn/DONG_NAI//Data/CV_Hqdn/1744_HQDN_NV_22_08_2008.pdf,https://www.customs.gov.vn/index.jsp?pageId=3&id=65795&cid=1294,2008,08/2008,2026-10-08T09:46:20Z
183,Cv5499/VPCP-KNTN,22/08/2008,Chính phủ,V/v: Nhập khẩu bình gas cũ đã qua sử dụng ở nước ngoài vào Việt Nam,64049,305,16,DONG_NAI,null,null,,https://www.customs.gov.vn/index.jsp?pageId=3&id=64049&cid=1294,2008,08/2008,2026-10-08T09:46:20Z
184,QĐ30/2008/QĐ-BCT,22/08/2008,Bộ Công thương,"V/v Tạm thời ngừng áp dụng chế độ cấp Giấy phép xuất khẩu tự động đối với sắt, thép",64050,305,10,DONG_NAI,null,23/09/2008,,https://www.customs.gov.vn/index.jsp?pageId=3&id=64050&cid=1294,2008,08/2008,2026-10-08T09:46:20Z
185,Cv1727/HQĐN-NV,21/08/2008,Cục Hải Quan tỉnh Đồng Nai,V/v Mã số thuế mặt hàng nắp lon nhôm của Công ty INTERFOOD,65797,305,16,DONG_NAI,null,null,https://files.customs.gov.vn/DONG_NAI//Data/CV_Hqdn/1727_HQDN_NV_21_08_2008.pdf,https://www.customs.gov.vn/index.jsp?pageId=3&id=65797&cid=1294,2008,08/2008,2026-10-08T09:46:20Z
186,Cv1729/HQĐN-NV,21/08/2008,Cục Hải Quan tỉnh Đồng Nai,V/v Hoàn thuế mặt hàng cửa cuốn,65796,305,16,DONG_NAI,null,null,https://files.customs.gov.vn/DONG_NAI//Data/CV_Hqdn/1729_HQDN_NV_21_08_2008.pdf,https://www.customs.gov.vn/index.jsp?pageId=3&id=65796&cid=1294,2008,08/2008,2026-10-08T09:46:20Z
187,Cv1723/HQĐN-NV,20/08/2008,Cục Hải Quan tỉnh Đồng Nai,V/v Nhận lại C/O mẫu D,65798,305,16,DONG_NAI,null,null,https://files.customs.gov.vn/DONG_NAI//Data/CV_Hqdn/1723_HQDN_NV_20_08_2008.pdf,https://www.customs.gov.vn/index.jsp?pageId=3&id=65798&cid=1294,2008,08/2008,2026-10-08T09:46:20Z
188,TT12/2008/TT-BCA-C11,20/08/2008,Bộ Công an,"V/v Sửa đổi, bổ sung một số quy định của Thông tư số 01/2007/TT-BCA-C11 ngày 02/01/2007 của Bộ Công an quy định về việc tổ chức đăng ký, cấp biển số phương tiện giao thông cơ giới đường bộ",64051,305,4,DONG_NAI,null,null,,https://www.customs.gov.vn/index.jsp?pageId=3&id=64051&cid=1294,2008,08/2008,2026-10-08T09:46:20Z
189,Cv1714/HQĐN-NV,19/08/2008,Cục Hải Quan tỉnh Đồng Nai,V/v Kiến nghị vì không chấp nhận C/O form D do mặt sau không có tên nước Việt Nam,65799,305,16,DONG_NAI,null,null,https://files.customs.gov.vn/DONG_NAI//Data/CV_Hqdn/1714_HQDN_NV_19_08_2008.pdf,https://www.customs.gov.vn/index.jsp?pageId=3&id=65799&cid=1294,2008,08/2008,2026-10-08T09:46:20Z
190,QĐ2698/QĐ-UBND,19/08/2008,null,"V/v Công bố Danh mục do UBND tỉnh, Chủ tịch UBND tỉnh ban hành đã hết hiệu lực",64052,305,10,DONG_NAI,null,null,https://files.customs.gov.vn/DONG_NAI//Data/CV_nganh_khac/2698_QD_UBND_19_08_2008.pdf,https://www.customs.gov.vn/index.jsp?pageId=3&id=64052&cid=1294,2008,08/2008,2026-10-08T09:46:20Z
191,Cv1693/HQĐN-NV,15/08/2008,Cục Hải Quan tỉnh Đồng Nai,V/v Dự án xây dựng và kinh doanh sân golf,65800,305,16,DONG_NAI,null,null,https://files.customs.gov.vn/DONG_NAI//Data/CV_Hqdn/1693_HQDN_NV_15_08_2008.pdf,https://www.customs.gov.vn/index.jsp?pageId=3&id=65800&cid=1294,2008,08/2008,2026-10-08T09:46:20Z
192,CV9417/BTC-CST,12/08/2008,Bộ Tài chính,V/v Triển khai thực hiện Quyết định số 104/2008/QĐ-TTg ngày 21/07/2008,64053,305,16,DONG_NAI,null,null,,https://www.customs.gov.vn/index.jsp?pageId=3&id=64053&cid=1294,2008,08/2008,2026-10-08T09:46:20Z
193,QĐ27/2008/QĐ-BCT,11/08/2008,Bộ Công thương,V/v Bổ sung Danh mục Hàng tiêu dùng để phục vụ việc xác định thời hạn nộp thuế nhập khẩu,64054,305,10,DONG_NAI,null,09/09/2008,https://files.customs.gov.vn/DONG_NAI//Data/CV_BCT/27_BCT_11_08_2008.pdf,https://www.customs.gov.vn/index.jsp?pageId=3&id=64054&cid=1294,2008,08/2008,2026-10-08T09:46:20Z
194,3796/TCHQ-ĐTCBL,07/08/2008,null,Chấn chỉnh và nâng cao chất lượng công tác thực thi bảo vệ quyền SHTT,67267,305,18,CAN_THO,null,07/08/2008,https://files.customs.gov.vn/CAN_THO/46_9EE6Ad01.PDF,https://www.customs.gov.vn/index.jsp?pageId=3&id=67267&cid=1294,2008,08/2008,2026-10-08T09:46:20Z
195,Cv3762/TCHQ-GSQL,06/08/2008,Tổng cục hải quan,V/v Thủ tục hải quan đối với hàng hóa cung ứng cho tàu biển đang vận chuyển khách quốc tế cao cấp tham quan du lịch Việt nam theo đường biển,64055,305,16,DONG_NAI,null,null,,https://www.customs.gov.vn/index.jsp?pageId=3&id=64055&cid=1294,2008,08/2008,2026-10-08T09:46:20Z
196,CV8956/BTC-TCHQ,01/08/2008,Bộ Tài chính,V/v Thực hiện Thông tư số 40/2008/TT-BTC và Quyết định số 30/2008/QĐ-BTC,64057,305,16,DONG_NAI,null,null,,https://www.customs.gov.vn/index.jsp?pageId=3&id=64057&cid=1294,2008,08/2008,2026-10-08T09:46:20Z
197,QĐ24/2008/QĐ-BCT,01/08/2008,Bộ Công thương,Về việc Áp dụng chế độ cấp giấy phép nhập khẩu tự động đối với một số mặt hàng.,64058,305,10,DONG_NAI,null,07/09/2008,,https://www.customs.gov.vn/index.jsp?pageId=3&id=64058&cid=1294,2008,08/2008,2026-10-08T09:46:20Z
198,QĐ64/2008/QĐ-BTC,01/08/2008,Bộ Tài chính,V/v Sửa đổi mức thuế suất thuế xuất khẩu đối với một số mặt hàng sắt thép không hợp kim của Biểu thuế xuất khẩu,64056,305,10,DONG_NAI,null,29/08/2008,,https://www.customs.gov.vn/index.jsp?pageId=3&id=64056&cid=1294,2008,08/2008,2026-10-08T09:46:20Z
199,QĐ82/2008/QĐ-BTC,30/09/2008,Bộ Tài chính,V/v Điều chỉnh mức thuế suất thuế nhập khẩu ưu đãi đối với mặt hàng Kerosene trong Biểu thuế nhập khẩu ưu đãi,64023,305,10,DONG_NAI,null,29/10/2008,,https://www.customs.gov.vn/index.jsp?pageId=3&id=64023&cid=1294,2008,09/2008,2026-10-08T09:46:20Z
200,TT84/2008/TT-BTC,30/09/2008,Bộ Tài chính,V/v Hướng dẫn thi hành một số điều của Luật Thuế thu nhập cá nhân và hướng dẫn thi hành Nghị định số 100/2008/NĐ-CP ngày 08/9/2008 của Chính phủ quy định chi tiết một số điều của Luật Thuế thu nhập cá nhân,64022,305,4,DONG_NAI,null,22/11/2008,,https://www.customs.gov.vn/index.jsp?pageId=3&id=64022&cid=1294,2008,09/2008,2026-10-08T09:46:20Z
201,Cv1994/HQĐN-NV,29/09/2008,Cục Hải Quan tỉnh Đồng Nai,Trả lời Công ty Thương mại Dầu khí Đồng Tháp v/v đề nghị chủ động trong việc chuyển tiền nộp thuế trước khi làm thủ tục chuyển loại hình hàng TNTX sang nhập kinh doanh,66216,305,16,DONG_NAI,null,null,https://files.customs.gov.vn/DONG_NAI//Data/CV_Hqdn/1994_HQDN_NV_29_09_2008.pdf,https://www.customs.gov.vn/index.jsp?pageId=3&id=66216&cid=1294,2008,09/2008,2026-10-08T09:46:20Z
202,Cv2000/HQĐN-NV,29/09/2008,Cục Hải Quan tỉnh Đồng Nai,Trả lời công ty TNHH MTV Chế tạo động cơ v/v chứng từ thanh toán hàng xuất khẩu,66215,305,16,DONG_NAI,null,null,https://files.customs.gov.vn/DONG_NAI//Data/CV_Hqdn/2000_HQDN_NV_29_09_2008.pdf,https://www.customs.gov.vn/index.jsp?pageId=3&id=66215&cid=1294,2008,09/2008,2026-10-08T09:46:20Z
203,Cv4859/TCHQ-GSQL,26/09/2008,Tổng cục hải quan,V/v Phân loại mặt hàng muối,64024,305,16,DONG_NAI,null,null,,https://www.customs.gov.vn/index.jsp?pageId=3&id=64024&cid=1294,2008,09/2008,2026-10-08T09:46:20Z
204,Cv4791/TCHQ-GSQL,24/09/2008,Tổng cục hải quan,V/v Thành lập ICD Đức Khải,64025,305,16,DONG_NAI,null,null,,https://www.customs.gov.vn/index.jsp?pageId=3&id=64025&cid=1294,2008,09/2008,2026-10-08T09:46:20Z
205,Cv1961/HQĐN-NV,23/09/2008,Cục Hải Quan tỉnh Đồng Nai,V/v Truy thu thuế xe ô tô có nguồn gốc giả,66218,305,16,DONG_NAI,null,null,https://files.customs.gov.vn/DONG_NAI//Data/CV_Hqdn/1961_HQDN_NV_23_09_2008.pdf,https://www.customs.gov.vn/index.jsp?pageId=3&id=66218&cid=1294,2008,09/2008,2026-10-08T09:46:20Z
206,Cv1963/HQĐN-NV,23/09/2008,Cục Hải Quan tỉnh Đồng Nai,Trả lời Công ty TNHH Trung tâm gia công Posco Việt Nam v/v đề nghị hướng dẫn thủ tục làm hồ sơ thanh khoản đối với nguyên liệu vật tư nhập khẩu,66217,305,16,DONG_NAI,null,null,https://files.customs.gov.vn/DONG_NAI//Data/CV_Hqdn/1963_HQDN_NV_23_09_2008.pdf,https://www.customs.gov.vn/index.jsp?pageId=3&id=66217&cid=1294,2008,09/2008,2026-10-08T09:46:20Z
207,QĐ32/2008/QĐ-BCT,23/09/2008,Bộ Công thương,"V/v Bãi bỏ quy định địa bàn xa cảng quốc tế tiếp nhận xăng dầu và mức thù lao đại lý bán xăng, dầu",64026,305,10,DONG_NAI,null,null,,https://www.customs.gov.vn/index.jsp?pageId=3&id=64026&cid=1294,2008,09/2008,2026-10-08T09:46:20Z
208,Cv1947/HQĐN-NV,22/09/2008,Cục Hải Quan tỉnh Đồng Nai,V/v Trả lời công văn số 1114/XNK-2008 ngày 10/09/2008 của Công ty xe đạp Con Rồng,66219,305,16,DONG_NAI,null,null,https://files.customs.gov.vn/DONG_NAI//Data/CV_Hqdn/1947_HQDN_NV_22_09_2008.pdf,https://www.customs.gov.vn/index.jsp?pageId=3&id=66219&cid=1294,2008,09/2008,2026-10-08T09:46:20Z
209,QĐ80/2008/QĐ-BTC,22/09/2008,Bộ Tài chính,"V/v Bãi bỏ điểm b và d, mục 5.2, phần II, Thông tư số 45/2007/TT-BTC ngày 07/5/2007 của Bộ Tài chính",64028,305,10,DONG_NAI,null,23/10/2008,,https://www.customs.gov.vn/index.jsp?pageId=3&id=64028&cid=1294,2008,09/2008,2026-10-08T09:46:20Z
210,QĐ81/2008/QĐ-BTC,22/09/2008,Bộ Tài chính,V/v Sửa đổi mức thuế suất thuế xuất khẩu đối với một số mặt hàng sắt thép không hợp kim của Biểu thuế xuất khẩu,64027,305,10,DONG_NAI,null,23/10/2008,,https://www.customs.gov.vn/index.jsp?pageId=3&id=64027&cid=1294,2008,09/2008,2026-10-08T09:46:20Z
211,Cv4676/TCHQ-GSQL,19/09/2008,Tổng cục hải quan,V/v Cấp thẻ nhân viên đại lý Hải quan,64030,305,16,DONG_NAI,null,null,,https://www.customs.gov.vn/index.jsp?pageId=3&id=64030&cid=1294,2008,09/2008,2026-10-08T09:46:20Z
212,QĐ129/2008/QĐ-TTg,19/09/2008,Chính phủ,V/v Ban hành mức thuế tuyệt đối thuế xuất khẩu mặt hàng quặng Barite và Apatit,64029,305,10,DONG_NAI,null,19/10/2008,,https://www.customs.gov.vn/index.jsp?pageId=3&id=64029&cid=1294,2008,09/2008,2026-10-08T09:46:20Z
213,CV11100/BTC-CST,18/09/2008,Bộ Tài chính,"V/v Thuế suất thuế GTGT mặt hàng băng, nẹp dùng cho y tế",64031,305,16,DONG_NAI,null,null,,https://www.customs.gov.vn/index.jsp?pageId=3&id=64031&cid=1294,2008,09/2008,2026-10-08T09:46:20Z
214,Cv1920/HQĐN-NV,18/09/2008,Cục Hải Quan tỉnh Đồng Nai,Trả lời Công ty TNHH MTV Chế tạo động cơ (Vinappro) v/v nộp bổ sung C/O form D,66221,305,16,DONG_NAI,null,null,https://files.customs.gov.vn/DONG_NAI//Data/CV_Hqdn/1920_HQDN_NV_18_09_2008.pdf,https://www.customs.gov.vn/index.jsp?pageId=3&id=66221&cid=1294,2008,09/2008,2026-10-08T09:46:20Z
215,Cv1925/HQĐN-NV,18/09/2008,Cục Hải Quan tỉnh Đồng Nai,V/v Phúc đáp công văn 53/2008/VIB.ĐN của Ngân hàng Quốc tế VIBank - Chi nhánh Đồng Nai,66220,305,16,DONG_NAI,null,null,https://files.customs.gov.vn/DONG_NAI//Data/CV_Hqdn/1925_HQDN_NV_18_09_2008.pdf,https://www.customs.gov.vn/index.jsp?pageId=3&id=66220&cid=1294,2008,09/2008,2026-10-08T09:46:20Z
216,Cv1912/HQĐN-NV,17/09/2008,Cục Hải Quan tỉnh Đồng Nai,V/v Đề nghị giảm mức truy thu thuế tiêu thụ đặc biệt của Trường Trung học Lâm nghiệp số 2,66223,305,16,DONG_NAI,null,null,https://files.customs.gov.vn/DONG_NAI//Data/CV_Hqdn/1912_HQDN_NV_17_09_2008.pdf,https://www.customs.gov.vn/index.jsp?pageId=3&id=66223&cid=1294,2008,09/2008,2026-10-08T09:46:20Z
217,Cv1913/HQĐN-NV,17/09/2008,Cục Hải Quan tỉnh Đồng Nai,Trả lời Công ty Cổ phần Vinacafe' Biên Hòa v/v nhập khẩu hàng hóa phục vụ sản xuất,66222,305,16,DONG_NAI,null,null,https://files.customs.gov.vn/DONG_NAI//Data/CV_Hqdn/1913_HQDN_NV_17_09_2008.pdf,https://www.customs.gov.vn/index.jsp?pageId=3&id=66222&cid=1294,2008,09/2008,2026-10-08T09:46:20Z
218,Cv4601/TCHQ-GSQL,16/09/2008,Tổng cục hải quan,V/v Phân loại kim cương đã đánh bóng,64032,305,16,DONG_NAI,null,null,,https://www.customs.gov.vn/index.jsp?pageId=3&id=64032&cid=1294,2008,09/2008,2026-10-08T09:46:20Z
219,CV8237/BCT-XNK,15/09/2008,Bộ Công thương,V/v Cấp phép nhập khẩu tự động theo Quyết định số 24/2008/QĐ-BCT,64035,305,16,DONG_NAI,null,null,https://files.customs.gov.vn/DONG_NAI//Data/CV_BCT/8237_BCT_XNK_15_09_2008.pdf,https://www.customs.gov.vn/index.jsp?pageId=3&id=64035&cid=1294,2008,09/2008,2026-10-08T09:46:20Z
220,Cv1881/HQĐN-NV,15/09/2008,Cục Hải Quan tỉnh Đồng Nai,Trả lời Cty TNHH Unipax v/v hàng từ kho ngoại quan nhập khẩu trở lại thị trường nội địa,66225,305,16,DONG_NAI,null,null,https://files.customs.gov.vn/DONG_NAI//Data/CV_Hqdn/1881_HQDN_NV_15_09_2008.pdf,https://www.customs.gov.vn/index.jsp?pageId=3&id=66225&cid=1294,2008,09/2008,2026-10-08T09:46:20Z
221,Cv1882/HQĐN-NV,15/09/2008,Cục Hải Quan tỉnh Đồng Nai,Công ty May Đồng Nai đề nghị chuyển làm thủ tục hải quan từ TP HCM về Đồng Nai,66224,305,16,DONG_NAI,null,null,https://files.customs.gov.vn/DONG_NAI//Data/CV_Hqdn/1882_HQDN_NV_15_09_2008.pdf,https://www.customs.gov.vn/index.jsp?pageId=3&id=66224&cid=1294,2008,09/2008,2026-10-08T09:46:20Z
222,TT77/2008/TT-BTC,15/09/2008,Bộ Tài chính,V/v Hướng dẫn thi hành một số biện pháp xử lý nợ đọng thuế,64034,305,4,DONG_NAI,null,null,,https://www.customs.gov.vn/index.jsp?pageId=3&id=64034&cid=1294,2008,09/2008,2026-10-08T09:46:20Z
223,TT79/2008/TT-BTC,15/09/2008,Bộ Tài chính,"V/vHướng dẫn thực hiện Nghị định số 80/2008/NĐ-CP ngày 29/07/2008 Sửa đổi, bổ sung một số điều của Nghị định 176/1999/NĐ-CP ngày 21/12/1999 và Nghị định số 47/2003/NĐ-CP ngày 12/05/2003 của Chính phủ về lệ phí trước bạ",64033,305,4,DONG_NAI,null,null,,https://www.customs.gov.vn/index.jsp?pageId=3&id=64033&cid=1294,2008,09/2008,2026-10-08T09:46:20Z
224,Cv1871/HQĐN-NV,12/09/2008,Cục Hải Quan tỉnh Đồng Nai,V/v Quyền lợi và trách nhiệm của các doanh nghiệp khi triển khai hoạt động đại lý hải quan,65777,305,16,DONG_NAI,null,null,https://files.customs.gov.vn/DONG_NAI//Data/CV_Hqdn/1871_HQDN_NV_12_09_2008.pdf,https://www.customs.gov.vn/index.jsp?pageId=3&id=65777&cid=1294,2008,09/2008,2026-10-08T09:46:20Z
225,Cv4525/TCHQ-GSQL,12/09/2008,Tổng cục hải quan,V/v Trả lời vướng mắc về C/O mẫu AK điện tử của Hàn Quốc,64036,305,16,DONG_NAI,null,null,,https://www.customs.gov.vn/index.jsp?pageId=3&id=64036&cid=1294,2008,09/2008,2026-10-08T09:46:20Z
226,Cv1854/HQĐN-NV,11/09/2008,Cục Hải Quan tỉnh Đồng Nai,V/v Sắp xếp buổi gặp gỡ với Ngân hàng VIBank-CN Đồng Nai,65779,305,16,DONG_NAI,null,null,https://files.customs.gov.vn/DONG_NAI//Data/CV_Hqdn/1854_HQDN_NV_11_09_2008.pdf,https://www.customs.gov.vn/index.jsp?pageId=3&id=65779&cid=1294,2008,09/2008,2026-10-08T09:46:20Z
227,Cv1855/HQĐN-NV,11/09/2008,Cục Hải Quan tỉnh Đồng Nai,V/v Tờ khai photocopy trong hồ sơ thanh khoản và tờ khai đối ứng của doanh nghiệp chế xuất,65778,305,16,DONG_NAI,null,null,https://files.customs.gov.vn/DONG_NAI//Data/CV_Hqdn/1855_HQDN_NV_11_09_2008.pdf,https://www.customs.gov.vn/index.jsp?pageId=3&id=65778&cid=1294,2008,09/2008,2026-10-08T09:46:20Z
228,QĐ76/2008/QĐ-BTC,11/09/2008,Bộ Tài chính,V/v Ban hành mức thuế suất thuế nhập khẩu đối với một số mặt hành thuộc nhóm 2710 trong Biểu thuế nhập khẩu ưu đãi,64037,305,10,DONG_NAI,null,11/10/2008,,https://www.customs.gov.vn/index.jsp?pageId=3&id=64037&cid=1294,2008,09/2008,2026-10-08T09:46:20Z
229,Cv1843/HQĐN-NV,10/09/2008,Cục Hải Quan tỉnh Đồng Nai,V/v Gia hạn nộp chứng từ thanh toán hàng xuất khẩu,65780,305,16,DONG_NAI,null,null,https://files.customs.gov.vn/DONG_NAI//Data/CV_Hqdn/1843_HQDN_NV_10_09_2008.pdf,https://www.customs.gov.vn/index.jsp?pageId=3&id=65780&cid=1294,2008,09/2008,2026-10-08T09:46:20Z
230,Cv4398/TCHQ-KTTT,10/09/2008,Tổng cục hải quan,V/vTrị giá tính thuế hàng hóa nhập khẩu,64039,305,16,DONG_NAI,null,null,,https://www.customs.gov.vn/index.jsp?pageId=3&id=64039&cid=1294,2008,09/2008,2026-10-08T09:46:20Z
231,Cv4399/TCHQ-GSQL,10/09/2008,Tổng cục hải quan,V/v Phân loại mặt hàng sàn nâng kỹ thuật chống tĩnh điện đồng bộ,64038,305,16,DONG_NAI,null,null,,https://www.customs.gov.vn/index.jsp?pageId=3&id=64038&cid=1294,2008,09/2008,2026-10-08T09:46:20Z
232,10532/BTC-NSNN,09/09/2008,Bộ Tài chính,Hướng dẫn thực hiện một số nội dung của Mục lục NSNN,40046,305,16,HA_TINH,Tô Nguyên,null,https://files.customs.gov.vn/CustomsCMS/HA_TINH/2020/upload/news/2015/08/121/file/10532_doc.docx,https://www.customs.gov.vn/index.jsp?pageId=3&id=40046&cid=1294,2008,09/2008,2026-10-08T09:46:20Z
233,CV7988/BCT-XNK,09/09/2008,Bộ Công thương,V/v Cấp C/O bắt buộc hàng dệt may xuất khẩu sang thị trường Hoa Kỳ,64040,305,16,DONG_NAI,null,null,,https://www.customs.gov.vn/index.jsp?pageId=3&id=64040&cid=1294,2008,09/2008,2026-10-08T09:46:20Z
234,Cv1835/HQĐN-NV,09/09/2008,Cục Hải Quan tỉnh Đồng Nai,Trả lời công ty Cty sản phẩm máy tính Fujitsu Việt Nam V/v Xin được miễn giấy phép nhập khẩu tự động cho vật tư phục vụ sản xuất hàng xuất khẩu,65781,305,16,DONG_NAI,null,null,https://files.customs.gov.vn/DONG_NAI//Data/CV_Hqdn/1835_HQDN_NV_09_09_2008.pdf,https://www.customs.gov.vn/index.jsp?pageId=3&id=65781&cid=1294,2008,09/2008,2026-10-08T09:46:20Z
235,100/2008/NÐ-CP,08/09/2008,Chính phủ,Nghị Định Quy định chi tiết một số điều của Luật Thuế thu nhập cá nhân,55517,305,8,TP_HO_CHI_MINH,Nguyễn Tấn Dũng,01/01/2009,https://files.customs.gov.vn/CustomsCMS/TP_HO_CHI_MINH/2020/Web/Data/DocumentAttachments/ND1002008CP_Quy_dinh_chi_tiet_Luat_Thue_thu_nhap_ca_nhan.doc,https://www.customs.gov.vn/index.jsp?pageId=3&id=55517&cid=1294,2008,09/2008,2026-10-08T09:46:20Z
236,100/2008/NĐ-CP,08/09/2008,Chính phủ,Nghị định số 100/2008/NĐ-CP của Chính phủ quy định chi tiết một số điều của Luật Thuế thu nhập cá nhân,42710,305,18,QUANG_BINH,null,null,https://files.customs.gov.vn/CustomsCMS/QUANG_BINH/2021/04/images/stories/files/ND10008CP.doc,https://www.customs.gov.vn/index.jsp?pageId=3&id=42710&cid=1294,2008,09/2008,2026-10-08T09:46:20Z
237,CV7890/BCT-XNK,08/09/2008,Bộ Công thương,Về việc Thực hiện Quyết định 24/2008/QĐ-BCT,64044,305,16,DONG_NAI,null,null,,https://www.customs.gov.vn/index.jsp?pageId=3&id=64044&cid=1294,2008,09/2008,2026-10-08T09:46:20Z
238,CV7893/BCT-XNK,08/09/2008,Bộ Công thương,Về việc Tạm nhập tái xuất phế liệu,64043,305,16,DONG_NAI,null,null,,https://www.customs.gov.vn/index.jsp?pageId=3&id=64043&cid=1294,2008,09/2008,2026-10-08T09:46:20Z
239,CV7928/BCT-XNK,08/09/2008,Bộ Công thương,Về việc Thực hiện Quyết định số 24/2008/QĐ-BCT,64041,305,16,DONG_NAI,null,null,,https://www.customs.gov.vn/index.jsp?pageId=3&id=64041&cid=1294,2008,09/2008,2026-10-08T09:46:20Z
240,Cv1820/HQĐN-NV,08/09/2008,Cục Hải Quan tỉnh Đồng Nai,V/v Trả lời công văn số 333/TT.CT ngày 29/08/2008 của Công ty CB XNK NSTP Đồng Nai,65782,305,16,DONG_NAI,null,null,https://files.customs.gov.vn/DONG_NAI//Data/CV_Hqdn/1820_HQDN_NV_08_09_2008.pdf,https://www.customs.gov.vn/index.jsp?pageId=3&id=65782&cid=1294,2008,09/2008,2026-10-08T09:46:20Z
241,QĐ74/2008/QĐ-BTC,08/09/2008,Bộ Tài chính,V/v Sửa đổi mức thuế suất thuế xuất khẩu đối với một số mặt hàng trong Biểu thuế xuất khẩu,64042,305,10,DONG_NAI,null,09/10/2008,,https://www.customs.gov.vn/index.jsp?pageId=3&id=64042&cid=1294,2008,09/2008,2026-10-08T09:46:20Z
242,73/2008/QĐ-BTC,05/09/2008,null,"Về việc sửa đổi mức thuế suất thuê nhập khẩu ưu đãi đặc biệt đối với một số mặt hàng trong 
Biểu thuế nhập khẩu ưu đãi đặc biệt của Việt Nam để thực hiện hiệp định về chương trình ưu đãi thuế quan có hiệu lực chung (CEPT)
của các nước ASIAN giai đoạn 2",73167,305,10,DA_NANG,admin,05/09/2008,https://files.customs.gov.vn/DA_NANG/Uploads/65e32243-11bf-4695-985d-c1563e8c13ba/QĐ 73 - BTC.doc,https://www.customs.gov.vn/index.jsp?pageId=3&id=73167&cid=1294,2008,09/2008,2026-10-08T09:46:20Z
243,Cv1814/HQĐN-NV,05/09/2008,Cục Hải Quan tỉnh Đồng Nai,V/v Trả lời công văn số 333/TT.CT ngày 29/08/2008 của Công ty CB XNK NSTP Đồng Nai,65783,305,16,DONG_NAI,null,null,https://files.customs.gov.vn/DONG_NAI//Data/CV_Hqdn/1814_HQDN_NV_05_09_2008.pdf,https://www.customs.gov.vn/index.jsp?pageId=3&id=65783&cid=1294,2008,09/2008,2026-10-08T09:46:20Z
244,QĐ73/2008/QĐ-BTC,05/09/2008,Bộ Tài chính,V/v Sửa đổi mức thuế suất thuê nhập khẩu ưu đãi đặc biệt đối với một số mặt hàng trong Biểu thuế nhập khẩu ưu đãi đặc biệt của Việt Nam để thực hiện hiệp định về chương trình ưu đãi thuế quan có hiệu lực chung (CEPT) của các nước ASEAN giai đoạn 2008-2013,64045,305,10,DONG_NAI,null,09/10/2008,,https://www.customs.gov.vn/index.jsp?pageId=3&id=64045&cid=1294,2008,09/2008,2026-10-08T09:46:20Z
245,4286/TCHQ-GSQL,04/09/2008,null,Công văn số 4286/TCHQ-GSQL của Tổng cục Hải quan v/v hướng dẫn về thủ tục hải quan.,42813,305,18,QUANG_BINH,null,null,https://files.customs.gov.vn/CustomsCMS/QUANG_BINH/2021/04/images/stories/files/CV428608TCHQ.doc,https://www.customs.gov.vn/index.jsp?pageId=3&id=42813&cid=1294,2008,09/2008,2026-10-08T09:46:20Z
246,Cv1808/HQĐN-NV,04/09/2008,Cục Hải Quan tỉnh Đồng Nai,V/v Trả lời Công ty TNHH TM Vĩnh Phú về việc hướng dẫn thủ tục miễn thuế hàng nhập khẩu,65784,305,16,DONG_NAI,null,null,https://files.customs.gov.vn/DONG_NAI//Data/CV_Hqdn/1808_HQDN_NV_04_09_2008.pdf,https://www.customs.gov.vn/index.jsp?pageId=3&id=65784&cid=1294,2008,09/2008,2026-10-08T09:46:20Z
247,Cv1800/HQĐN-TM,03/09/2008,Cục Hải Quan tỉnh Đồng Nai,V/v Phúc đáp công văn ngày 14/08/2008 (của ông Huỳnh Minh Hoàng),65785,305,16,DONG_NAI,null,null,https://files.customs.gov.vn/DONG_NAI//Data/CV_Hqdn/1800_HQDN_TM_03_09_2008.pdf,https://www.customs.gov.vn/index.jsp?pageId=3&id=65785&cid=1294,2008,09/2008,2026-10-08T09:46:20Z
248,QĐ71/2008/QĐ-BTC,01/09/2008,Bộ Tài chính,V/v Sửa đổi mức thuế suất thuế nhập khẩu ưu đãi đối với một số nhóm mặt hàng trong Biểu thuế nhập khẩu ưu đãi.,64046,305,10,DONG_NAI,null,02/10/2008,,https://www.customs.gov.vn/index.jsp?pageId=3&id=64046&cid=1294,2008,09/2008,2026-10-08T09:46:20Z
249,Cv5549/TCHQ-VP,31/10/2008,Tổng cục hải quan,V/v Thay đổi số điện thoại cố định,64538,305,16,DONG_NAI,null,null,,https://www.customs.gov.vn/index.jsp?pageId=3&id=64538&cid=1294,2008,10/2008,2026-10-08T09:46:20Z
250,Cv2257/HQĐN-NV,30/10/2008,Cục Hải Quan tỉnh Đồng Nai,Trả lời Công ty Cổ phần thiết bị Vệ sinh Caesar Việt Nam v/v xem xét lại mã số thuế nhập khẩu,66195,305,16,DONG_NAI,null,null,https://files.customs.gov.vn/DONG_NAI//Data/CV_Hqdn/2257_HQDN_NV_30_10_2008.pdf,https://www.customs.gov.vn/index.jsp?pageId=3&id=66195&cid=1294,2008,10/2008,2026-10-08T09:46:20Z
251,Cv5493/TCHQ-KTTT,29/10/2008,Tổng cục hải quan,V/v Vướng mắc hàng hóa nhập khẩu tạo tài sản cố định của Dự án đầu tư,64540,305,16,DONG_NAI,null,null,,https://www.customs.gov.vn/index.jsp?pageId=3&id=64540&cid=1294,2008,10/2008,2026-10-08T09:46:20Z
252,Cv5512/TCHQ-GSQL,29/10/2008,Tổng cục hải quan,V/v Ủy thác nhập khẩu,64539,305,16,DONG_NAI,null,null,,https://www.customs.gov.vn/index.jsp?pageId=3&id=64539&cid=1294,2008,10/2008,2026-10-08T09:46:20Z
253,QĐ93/2008/QĐ-BTC,29/10/2008,Bộ Tài chính,"V/v Ban hành Quy định về thủ tục hải quan đối với hàng hoá, vật phẩm xuất khẩu, nhập khẩu, quá cảnh gửi qua dịch vụ chuyển phát nhanh đường bộ",64543,305,10,DONG_NAI,null,09/12/2008,,https://www.customs.gov.vn/index.jsp?pageId=3&id=64543&cid=1294,2008,10/2008,2026-10-08T09:46:20Z
254,QĐ94/2008/QĐ-BTC,29/10/2008,Bộ Tài chính,"V/v Điều chỉnh mức thuế suất thuế xuất khẩu đối với dầu mỏ và các loại dầu thu được từ các khoáng bitum, ở dạng thô tại Biểu thuế xuất khẩu",64542,305,10,DONG_NAI,null,29/11/2008,,https://www.customs.gov.vn/index.jsp?pageId=3&id=64542&cid=1294,2008,10/2008,2026-10-08T09:46:20Z
255,QĐ95/2008/QĐ-BTC,29/10/2008,Bộ Tài chính,V/v Điều chỉnh mức thuế suất thuế nhập khẩu ưu đãi đối với một số mặt hàng thuộc nhóm 2710 tại Biểu thuế nhập khẩu ưu đãi,64541,305,10,DONG_NAI,null,29/11/2008,,https://www.customs.gov.vn/index.jsp?pageId=3&id=64541&cid=1294,2008,10/2008,2026-10-08T09:46:20Z
256,24/2008/NQ-CP,28/10/2008,Chính phủ,"Nghị Quyết ban hành chương trình hành động của chính phủ thực hiện nghị quyết hội nghị lần thứ 7 ban chấp hành trung ương đảng khóa X về nông nghiệp, nông dân, nông thôn",56928,305,7,TP_HO_CHI_MINH,Nguyễn Tấn Dũng,24/11/2008,https://files.customs.gov.vn/CustomsCMS/TP_HO_CHI_MINH/2020/Web/Data/DocumentAttachments/24_2008_NQ-CP_80735.doc,https://www.customs.gov.vn/index.jsp?pageId=3&id=56928&cid=1294,2008,10/2008,2026-10-08T09:46:20Z
257,Cv2227/HQĐN-NV,28/10/2008,Cục Hải Quan tỉnh Đồng Nai,Trả lời Công ty TNHH KAO (Việt Nam) v/v nhãn hàng hóa xuất khẩu,66198,305,16,DONG_NAI,null,null,https://files.customs.gov.vn/DONG_NAI//Data/CV_Hqdn/2227_HQDN_NV_28_10_2008.pdf,https://www.customs.gov.vn/index.jsp?pageId=3&id=66198&cid=1294,2008,10/2008,2026-10-08T09:46:20Z
258,Cv2229/HQĐN-NV,28/10/2008,Cục Hải Quan tỉnh Đồng Nai,Trả lời Công ty TNHH Một thành viên Tín Nghĩa v/v gửi hàng hóa vào kho ngoại quan của Công ty Nestle's,66197,305,16,DONG_NAI,null,null,https://files.customs.gov.vn/DONG_NAI//Data/CV_Hqdn/2229_HQDN_NV_28_10_2008.pdf,https://www.customs.gov.vn/index.jsp?pageId=3&id=66197&cid=1294,2008,10/2008,2026-10-08T09:46:20Z
259,Cv2239/HQĐN-NV,28/10/2008,Cục Hải Quan tỉnh Đồng Nai,Trả lời Công ty Sản phẩm máy tính Fujitsu Việt Nam TNHH v/v xuất hàng ra kho ngoại quan ở nước ngoài,66196,305,16,DONG_NAI,null,null,https://files.customs.gov.vn/DONG_NAI//Data/CV_Hqdn/2239_HQDN_NV_28_10_2008.pdf,https://www.customs.gov.vn/index.jsp?pageId=3&id=66196&cid=1294,2008,10/2008,2026-10-08T09:46:20Z
260,QĐ92/2008/QĐ-BTC,28/10/2008,Bộ Tài chính,V/v Điều chỉnh mức thuế suất thuế xuất khẩu đối với một số mặt hàng sắt thép không hợp kim của Biểu thuế xuất khẩu,64544,305,10,DONG_NAI,null,24/11/2008,,https://www.customs.gov.vn/index.jsp?pageId=3&id=64544&cid=1294,2008,10/2008,2026-10-08T09:46:20Z
261,CV12724/BTC-CST,27/10/2008,Bộ Tài chính,"V/v Thuế xuất khẩu hàng hóa sản xuất từ nguyên liệu, vật tư nhập khẩu",64546,305,16,DONG_NAI,null,null,,https://www.customs.gov.vn/index.jsp?pageId=3&id=64546&cid=1294,2008,10/2008,2026-10-08T09:46:20Z
262,CV12725/BTC-CST,27/10/2008,Bộ Tài chính,V/v Thời hạn nộp thuế GTGT,64545,305,16,DONG_NAI,null,null,,https://www.customs.gov.vn/index.jsp?pageId=3&id=64545&cid=1294,2008,10/2008,2026-10-08T09:46:20Z
263,Cv2208/HQĐN-NV,24/10/2008,Cục Hải Quan tỉnh Đồng Nai,Trả lời Công ty Công nghệ TECO VN v/v xin thay thế C/O mẫu D mặt sau không ghi tên nước Việt Nam,66199,305,16,DONG_NAI,null,null,https://files.customs.gov.vn/DONG_NAI//Data/CV_Hqdn/2208_HQDN_NV_24_10_2008.pdf,https://www.customs.gov.vn/index.jsp?pageId=3&id=66199&cid=1294,2008,10/2008,2026-10-08T09:46:20Z
264,TB5395/TB-TCHQ,23/10/2008,Tổng cục hải quan,V/v Kết luận của Lãnh đạo Tổng cục Hải quan sau Hội nghị sơ kết đại lý làm thủ tục Hải quan mẫu tại Hà Nội và TP. Hồ Chí Minh,64547,305,19,DONG_NAI,null,null,,https://www.customs.gov.vn/index.jsp?pageId=3&id=64547&cid=1294,2008,10/2008,2026-10-08T09:46:20Z
265,105/2008/QĐ-BNN,22/10/2008,Bộ Nông nghiệp và Phát triển nông thôn,"Quyết định 105/2008/QĐ-BNN về ""Danh mục bổ sung phân bón được phép sản xuất, kinh doanh và sử dụng ở Việt Nam""",61310,305,10,TONG_CUC,Bùi Bá Bổng,22/10/2008,,https://www.customs.gov.vn/index.jsp?pageId=3&id=61310&cid=1294,2008,10/2008,2026-10-08T09:46:20Z
266,QĐ88/2008/QĐ-BTC,22/10/2008,Bộ Tài chính,V/v Điều chỉnh mức thuế suất thuế nhập khẩu ưu đãi đối với mặt hàng nhiên liệu động cơ tuốc bin dùng cho hàng không trong Biểu thuế nhập khẩu ưu đãi,64548,305,10,DONG_NAI,null,16/11/2008,,https://www.customs.gov.vn/index.jsp?pageId=3&id=64548&cid=1294,2008,10/2008,2026-10-08T09:46:20Z
267,QĐ140/2008/QĐ-TTg,21/10/2008,Chính phủ,"V/v Sửa đổi, bổ sung Quyết định số 09/2007/QĐ-TTg ngày 19 tháng 01 năm 2007 của Thủ tướng Chính phủ về việc sắp xếp lại, xử lý nhà, đất thuộc sở hữu Nhà nước",64010,305,10,DONG_NAI,null,null,,https://www.customs.gov.vn/index.jsp?pageId=3&id=64010&cid=1294,2008,10/2008,2026-10-08T09:46:20Z
268,QĐ5610/QĐ-BCT,21/10/2008,Bộ Công thương,V/v Điều chỉnh nhiệm vụ của Phòng Quản lý xuất nhập khẩu khu vực Quảng Ninh và Phòng Quản lý xuất nhập khẩu khu vực Lạng Sơn,64011,305,10,DONG_NAI,null,null,,https://www.customs.gov.vn/index.jsp?pageId=3&id=64011&cid=1294,2008,10/2008,2026-10-08T09:46:20Z
269,CV12450/BTC-CST,20/10/2008,Bộ Tài chính,V/v Thuế suất thuế GTGT mặt hàng sản phẩm cấy ghép lâu dài trong cơ thể người,64012,305,16,DONG_NAI,null,null,,https://www.customs.gov.vn/index.jsp?pageId=3&id=64012&cid=1294,2008,10/2008,2026-10-08T09:46:20Z
270,Cv2164/HQĐN-NV,20/10/2008,Cục Hải Quan tỉnh Đồng Nai,Trả lời Công ty HUALON Corporation VN v/v tờ khai hải quan xuất khẩu tại chỗ bị quá hạn,66200,305,16,DONG_NAI,null,null,https://files.customs.gov.vn/DONG_NAI//Data/CV_Hqdn/2164_HQDN_NV_20_10_2008.pdf,https://www.customs.gov.vn/index.jsp?pageId=3&id=66200&cid=1294,2008,10/2008,2026-10-08T09:46:20Z
271,Cv5272/TCHQ-KTTT,16/10/2008,Tổng cục hải quan,V/v Xác định thuế truy thu đối với ô tô nhập khẩu thay đổi mục đích sử dụng,64013,305,16,DONG_NAI,null,null,,https://www.customs.gov.vn/index.jsp?pageId=3&id=64013&cid=1294,2008,10/2008,2026-10-08T09:46:20Z
272,Cv2131/HQĐN-NV,15/10/2008,Cục Hải Quan tỉnh Đồng Nai,Trả lời Công ty Cổ phần Đồng Tiến v/v gia hạn thực hiện hợp đồng gia công số 02DT-Tople/08,66202,305,16,DONG_NAI,null,null,https://files.customs.gov.vn/DONG_NAI//Data/CV_Hqdn/2131_HQDN_NV_15_10_2008.pdf,https://www.customs.gov.vn/index.jsp?pageId=3&id=66202&cid=1294,2008,10/2008,2026-10-08T09:46:20Z
273,Cv2147/HQĐN-NV,15/10/2008,Cục Hải Quan tỉnh Đồng Nai,Trả lời Công ty TNHH Artus Việt Nam v/v thủ tục xuất khẩu sản phẩm,66201,305,16,DONG_NAI,null,null,https://files.customs.gov.vn/DONG_NAI//Data/CV_Hqdn/2147_HQDN_NV_17_10_2008.pdf,https://www.customs.gov.vn/index.jsp?pageId=3&id=66201&cid=1294,2008,10/2008,2026-10-08T09:46:20Z
274,Cv5247/TCHQ-KTTT,15/10/2008,Tổng cục hải quan,V/v Giải đáp chính sách thuế hàng NK tạo TSCĐ,64014,305,16,DONG_NAI,null,null,,https://www.customs.gov.vn/index.jsp?pageId=3&id=64014&cid=1294,2008,10/2008,2026-10-08T09:46:20Z
275,5213/TCHQ-KTTT,14/10/2008,Tổng cục hải quan,Công văn số 5213 /TCHQ-KTTT của Tổng cục Hải quan v/v giá tính thuế xe máy.,42664,305,18,QUANG_BINH,null,null,https://files.customs.gov.vn/CustomsCMS/QUANG_BINH/2021/04/images/stories/files/CV521308TCHQ.doc,https://www.customs.gov.vn/index.jsp?pageId=3&id=42664&cid=1294,2008,10/2008,2026-10-08T09:46:20Z
276,Cv2109/HQĐN-NV,14/10/2008,Cục Hải Quan tỉnh Đồng Nai,V/v Bổ sung mục tiêu hoạt động Công ty TNHH Ritek Việt Nam,66206,305,16,DONG_NAI,null,null,https://files.customs.gov.vn/DONG_NAI//Data/CV_Hqdn/2109_HQDN_NV_14_10_2008.pdf,https://www.customs.gov.vn/index.jsp?pageId=3&id=66206&cid=1294,2008,10/2008,2026-10-08T09:46:20Z
277,Cv2110/HQĐN-NV,14/10/2008,Cục Hải Quan tỉnh Đồng Nai,Trả lời Công ty LD thuốc lá Bat VINATABA v/v Ủy quyền thực hiện thủ tục sau khi thuê kho ngoại quan,66205,305,16,DONG_NAI,null,null,https://files.customs.gov.vn/DONG_NAI//Data/CV_Hqdn/2110_HQDN_NV_14_10_2008.pdf,https://www.customs.gov.vn/index.jsp?pageId=3&id=66205&cid=1294,2008,10/2008,2026-10-08T09:46:20Z
278,Cv2111/HQĐN-NV,14/10/2008,Cục Hải Quan tỉnh Đồng Nai,Trả lời Công ty TNHH Đông Phương Đồng Nai v/v thủ tục đối với nguyên liệu tái xuất vào Kho ngoại quan ICD Biên Hòa,66204,305,16,DONG_NAI,null,null,https://files.customs.gov.vn/DONG_NAI//Data/CV_Hqdn/2111_HQDN_NV_14_10_2008.pdf,https://www.customs.gov.vn/index.jsp?pageId=3&id=66204&cid=1294,2008,10/2008,2026-10-08T09:46:20Z
279,Cv2112/HQĐN-NV,14/10/2008,Cục Hải Quan tỉnh Đồng Nai,Trả lời Công ty TNHH Nippon Paint v/v đăng ký danh mục hàng hóa miễn thuế tạo TSCĐ,66203,305,16,DONG_NAI,null,null,https://files.customs.gov.vn/DONG_NAI//Data/CV_Hqdn/2112_HQDN_NV_14_10_2008.pdf,https://www.customs.gov.vn/index.jsp?pageId=3&id=66203&cid=1294,2008,10/2008,2026-10-08T09:46:20Z
280,5158/TCHQ-KTTT,13/10/2008,Tổng cục hải quan,Công văn số 5158 /TCHQ-KTTT của Tổng cục Hải quan v/v xử lý nợ thuế.,42663,305,18,QUANG_BINH,null,null,https://files.customs.gov.vn/CustomsCMS/QUANG_BINH/2021/04/images/stories/files/CV515808TCHQ.doc,https://www.customs.gov.vn/index.jsp?pageId=3&id=42663&cid=1294,2008,10/2008,2026-10-08T09:46:20Z
281,5177/TCHQ-KTTT,13/10/2008,Tổng cục hải quan,Công văn số 5177 /TCHQ-KTTT của Tổng cục Hải quan v/v thuế suất GTGT.,42662,305,18,QUANG_BINH,null,null,https://files.customs.gov.vn/CustomsCMS/QUANG_BINH/2021/04/images/stories/files/CV517708TCHQ.doc,https://www.customs.gov.vn/index.jsp?pageId=3&id=42662&cid=1294,2008,10/2008,2026-10-08T09:46:20Z
282,Cv2099/HQĐN-NV,13/10/2008,Cục Hải Quan tỉnh Đồng Nai,Trả lời Công ty TNHH Foam Hwa Ching Đồng Nai v/v Tờ khai hải quan xuất khẩu tại chỗ bị quá hạn,66207,305,16,DONG_NAI,null,null,https://files.customs.gov.vn/DONG_NAI//Data/CV_Hqdn/2099_HQDN_NV_13_10_2008.pdf,https://www.customs.gov.vn/index.jsp?pageId=3&id=66207&cid=1294,2008,10/2008,2026-10-08T09:46:20Z
283,Cv5170/TCHQ-GSQL,13/10/2008,Tổng cục hải quan,"V/v Uỷ quyền quản lý, điều hành hoạt động của kho ngoại quan",64015,305,16,DONG_NAI,null,null,,https://www.customs.gov.vn/index.jsp?pageId=3&id=64015&cid=1294,2008,10/2008,2026-10-08T09:46:20Z
284,5137/TCHQ-KTTT,10/10/2008,Tổng cục hải quan,Công văn số 5137 /TCHQ-KTTT của Tổng cục Hải quan v/v thời gian ân hạn nộp thuế.,42778,305,18,QUANG_BINH,null,null,https://files.customs.gov.vn/CustomsCMS/QUANG_BINH/2021/04/images/stories/files/CV513708TCHQ.doc,https://www.customs.gov.vn/index.jsp?pageId=3&id=42778&cid=1294,2008,10/2008,2026-10-08T09:46:20Z
285,QĐ2233/QĐ-BTC,09/10/2008,Bộ Tài chính,V/v Đính chính Quyết định số 83/2008/QĐ-BTC ngày 03/10/2008 của Bộ trưởng Bộ Tài chính,64017,305,10,DONG_NAI,null,09/11/2008,,https://www.customs.gov.vn/index.jsp?pageId=3&id=64017&cid=1294,2008,10/2008,2026-10-08T09:46:20Z
286,QĐ35/2008/QĐ-BCT,09/10/2008,Bộ Công thương,V/v Cấp giấy chứng nhận xuất xứ hàng dệt may đối với một số chủng loại hàng xuất khẩu sang Hoa Kỳ,64016,305,10,DONG_NAI,null,07/11/2008,,https://www.customs.gov.vn/index.jsp?pageId=3&id=64016&cid=1294,2008,10/2008,2026-10-08T09:46:20Z
287,Cv2066/HQĐN-NV,08/10/2008,Cục Hải Quan tỉnh Đồng Nai,Trả lời Công ty TNHH Eye Graphic (Việt Nam) v/v thay đổi cơ cấu vốn đầu tư,66212,305,16,DONG_NAI,null,null,https://files.customs.gov.vn/DONG_NAI//Data/CV_Hqdn/2070_HQDN_NV_08_10_2008.pdf,https://www.customs.gov.vn/index.jsp?pageId=3&id=66212&cid=1294,2008,10/2008,2026-10-08T09:46:20Z
288,Cv2070/HQĐN-NV,08/10/2008,Cục Hải Quan tỉnh Đồng Nai,Trả lời Công ty TNHH Công nghiệp Plus v/v nhập khẩu máy in Offset,66210,305,16,DONG_NAI,null,null,https://files.customs.gov.vn/DONG_NAI//Data/CV_Hqdn/2070_HQDN_NV_08_10_2008.pdf,https://www.customs.gov.vn/index.jsp?pageId=3&id=66210&cid=1294,2008,10/2008,2026-10-08T09:46:20Z
289,Cv2073/HQĐN-NV,08/10/2008,Cục Hải Quan tỉnh Đồng Nai,Trả lời Công ty TNHH Giao nhận hàng hóa XNK Củ Chi  v/v chuyển hàng hóa từ kho ngoại quan này sang kho ngoại quan khác,66209,305,16,DONG_NAI,null,null,https://files.customs.gov.vn/DONG_NAI//Data/CV_Hqdn/2073_HQDN_NV_08_10_2008.pdf,https://www.customs.gov.vn/index.jsp?pageId=3&id=66209&cid=1294,2008,10/2008,2026-10-08T09:46:20Z
290,Cv2076/HQĐN-NV,08/10/2008,Cục Hải Quan tỉnh Đồng Nai,V/v Trả lời công văn 09/CV-XNK/08 ngày 27/08/2008 của Công ty Sika hữu hạn Việt Nam,66208,305,16,DONG_NAI,null,null,https://files.customs.gov.vn/DONG_NAI//Data/CV_Hqdn/2076_HQDN_NV_08_10_2008.pdf,https://www.customs.gov.vn/index.jsp?pageId=3&id=66208&cid=1294,2008,10/2008,2026-10-08T09:46:20Z
291,Cv60/HQĐN-NV,08/10/2008,Cục Hải Quan tỉnh Đồng Nai,V/v Giấy mời họp Hội nghị sơ kết hoạt động đại lý Hải quan các tỉnh miền Nam,66211,305,16,DONG_NAI,null,null,https://files.customs.gov.vn/DONG_NAI//Data/CV_Hqdn/60_HQDN_NV_08_10_2008.pdf,https://www.customs.gov.vn/index.jsp?pageId=3&id=66211&cid=1294,2008,10/2008,2026-10-08T09:46:20Z
292,108/2008/NÐ-CP,07/10/2008,Chính phủ,Quy định chi tiết và hướng dẫn thi hành một số điều của Luật Hóa chất,53909,305,8,TP_HO_CHI_MINH,Nguyễn Tấn Dũng,05/11/2008,"https://files.customs.gov.vn/CustomsCMS/TP_HO_CHI_MINH/2020/Web/Data/DocumentAttachments/108_2008_ND_CP_Quy_dinh_chi_tiet_va_huong_dan_thi_hanh_mot_so_dieu_cua_Luat_Hoa_chat.doc,/CustomsCMS/TP_HO_CHI_MINH/2020/Web/Data/DocumentAttachments/108_2008_ND_CP_Phu_luc.doc",https://www.customs.gov.vn/index.jsp?pageId=3&id=53909&cid=1294,2008,10/2008,2026-10-08T09:46:20Z
293,108/2008/NĐ-CP,07/10/2008,Chính phủ,V/v Quy định chi tiết và hướng dẫn thi hành một số điều của Luật hóa chất,64018,305,8,DONG_NAI,null,05/11/2008,,https://www.customs.gov.vn/index.jsp?pageId=3&id=64018&cid=1294,2008,10/2008,2026-10-08T09:46:20Z
294,5014/TCHQ-GSQL,06/10/2008,Tổng cục hải quan,V/v phân loại mặt hàng cáp điều khiển,56957,305,16,TP_HO_CHI_MINH,Đặng Văn Tạo,06/10/2008,https://files.customs.gov.vn/CustomsCMS/TP_HO_CHI_MINH/2020/Web/Data/DocumentAttachments/5014-TCHQ-GSQL.tif,https://www.customs.gov.vn/index.jsp?pageId=3&id=56957&cid=1294,2008,10/2008,2026-10-08T09:46:20Z
295,Cv2042/HQĐN-NV,06/10/2008,Cục Hải Quan tỉnh Đồng Nai,Trả lời Công ty Muto Việt Nam v/v Thủ tục Hải quan đối với mặt hàng bao bì luân chuyển,66213,305,16,DONG_NAI,null,null,https://files.customs.gov.vn/DONG_NAI//Data/CV_Hqdn/2042_HQDN_NV_06_10_2008.pdf,https://www.customs.gov.vn/index.jsp?pageId=3&id=66213&cid=1294,2008,10/2008,2026-10-08T09:46:20Z
296,Cv5018/TCHQ-GSQL,06/10/2008,Tổng cục hải quan,V/v Giải quyết vướng mắc nghiệp vụ GSQL,64020,305,16,DONG_NAI,null,null,,https://www.customs.gov.vn/index.jsp?pageId=3&id=64020&cid=1294,2008,10/2008,2026-10-08T09:46:20Z
297,QĐ84/2008/QĐ-BTC,06/10/2008,Bộ Tài chính,V/v Thuế suất thuế xuất khẩu đối với một số mặt hàng sắt thép không hợp kim của Biểu thuế xuất khẩu,64019,305,10,DONG_NAI,null,03/11/2008,,https://www.customs.gov.vn/index.jsp?pageId=3&id=64019&cid=1294,2008,10/2008,2026-10-08T09:46:20Z
298,QĐ83/2008/QĐ-BTC,03/10/2008,Bộ Tài chính,V/v Điều chỉnh mức thuế suất thuế nhập khẩu ưu đãi đối với một số nhóm mặt hàng trong Biểu thuế nhập khẩu ưu đãi,64021,305,10,DONG_NAI,null,03/11/2008,https://files.customs.gov.vn/DONG_NAI//Data/CV_BTC/83_2008_QD_BTC_03_10_2008.pdf,https://www.customs.gov.vn/index.jsp?pageId=3&id=64021&cid=1294,2008,10/2008,2026-10-08T09:46:20Z
299,4951/TCHQ-KTTT,02/10/2008,Tổng cục hải quan,Công văn số 4951 /TCHQ-KTTT của Tổng cục Hải quan v/v áp dụng chính sách ưu đãi đầu tư.,43014,305,18,QUANG_BINH,null,null,https://files.customs.gov.vn/CustomsCMS/QUANG_BINH/2021/04CV495108TCHQ.doc,https://www.customs.gov.vn/index.jsp?pageId=3&id=43014&cid=1294,2008,10/2008,2026-10-08T09:46:20Z
300,Cv2027/HQĐN-NV,02/10/2008,Cục Hải Quan tỉnh Đồng Nai,"V/v Đôn đốc xử lý tình hình tồn đọng hàng gia công, sản xuất xuất khẩu",66214,305,16,DONG_NAI,null,null,https://files.customs.gov.vn/DONG_NAI//Data/CV_Hqdn/2027_HQDN_NV_02_10_2008.pdf,https://www.customs.gov.vn/index.jsp?pageId=3&id=66214&cid=1294,2008,10/2008,2026-10-08T09:46:20Z
301,113/2008/QĐ-BNN,28/11/2008,Bộ Nông nghiệp và Phát triển nông thôn,Quyết định 113/2008/QĐ-BNN sửa đổi thuốc trong Danh mục thuốc BVTV được phép sử dụng kèm theo Quyết định 49/2008/QĐ-BNN và thuốc bổ sung vào Danh mục thuốc BVTV được phép sử dụng kèm theo Quyết định 93/2008/QĐ-BNN,61311,305,10,TONG_CUC,Bùi Bá Bổng,25/12/2008,,https://www.customs.gov.vn/index.jsp?pageId=3&id=61311&cid=1294,2008,11/2008,2026-10-08T09:46:20Z
302,119/2008/NÐ-CP,28/11/2008,Chính phủ,"Sửa đổi, bổ sung một số điều của Nghị định số 33/2005/NĐ-CP ngày 15 tháng 3 năm 2005 của Chính phủ quy định chi tiết thi hành một số điều của Pháp lệnh Thú y",55921,305,8,TP_HO_CHI_MINH,Nguyễn Tấn Dũng,23/12/2008,https://files.customs.gov.vn/CustomsCMS/TP_HO_CHI_MINH/2020/Web/Data/DocumentAttachments/119_2008_ND-CP-SUA_DOI__BO_SUNG__NGHI_DINH_SO_33_2005_ND-CP__NAM_2005_QUY_DINH_CHI_TIET_THI_HANH_MOT_SO_DIEU_CUA_PHAP_LENH_THU_Y.doc,https://www.customs.gov.vn/index.jsp?pageId=3&id=55921&cid=1294,2008,11/2008,2026-10-08T09:46:20Z
303,152/2008//QÐ-TTG,28/11/2008,Thủ tướng Chính phủ,"Quyết định phê duyệt quy hoạch thăm dò, khai thác, chế biến và sử dụng khoáng sản làm vật liệu xây dựng ở Việt Nam đến năm 2020",55301,305,10,TP_HO_CHI_MINH,Nguyễn Tấn Dũng,23/12/2008,https://files.customs.gov.vn/CustomsCMS/TP_HO_CHI_MINH/2020/Web/Data/DocumentAttachments/152_2008_QD-TTg_82310.doc,https://www.customs.gov.vn/index.jsp?pageId=3&id=55301&cid=1294,2008,11/2008,2026-10-08T09:46:20Z
304,152/2008/QÐ-TTG,28/11/2008,Thủ tướng Chính phủ,"Quyết định phê duyệt quy hoạch thăm dò, khai thác, chế biến và sử dụng khoáng sản làm vật liệu xây dựng ở Việt Nam đến năm 2020",55892,305,4,TP_HO_CHI_MINH,Nguyễn Tấn Dũng,23/12/2008,https://files.customs.gov.vn/CustomsCMS/TP_HO_CHI_MINH/2020/Web/Data/DocumentAttachments/83481_QD152TTG1.DOC,https://www.customs.gov.vn/index.jsp?pageId=3&id=55892&cid=1294,2008,11/2008,2026-10-08T09:46:20Z
305,6165/TCHQ-KTTT,28/11/2008,null,Hạch toán kế toán mặt hàng điều xuất khẩu,67266,305,18,CAN_THO,null,28/11/2008,https://files.customs.gov.vn/CAN_THO/45_3B8F5d01.PDF,https://www.customs.gov.vn/index.jsp?pageId=3&id=67266&cid=1294,2008,11/2008,2026-10-08T09:46:20Z
306,710/2008/NQ-UBTVQH12,28/11/2008,Quốc hội,"V/v Sửa đổi nghị quyết số 295/2007/NQ-UBTVQH12 ngày 28/09/2007 của Ủy ban thường vụ quốc hội về việc ban hành Biểu thuế xuất khẩu theo danh mục nhóm hàng chịu thuế và khung thuế suất đối với từng nhóm hàng, Biểu thuế nhập khẩu ưu đãi theo danh mục nhóm hàng chịu thuế và khung thuế suất ưu đãi đối với từng nhóm hàng",64520,305,18,DONG_NAI,null,null,https://files.customs.gov.vn/DONG_NAI//Data/CV_BTC/710_2008_NQ_UBTVQH12.pdf,https://www.customs.gov.vn/index.jsp?pageId=3&id=64520&cid=1294,2008,11/2008,2026-10-08T09:46:20Z
307,Cv4560/TCT-CS,28/11/2008,Tổng Cục Thuế,V/v Thuế GTGT đối với văn phòng phẩm và hàng hóa từ thị trường nội địa phục vụ sinh hoạt hằng ngày của DNCX,64517,305,16,DONG_NAI,null,null,,https://www.customs.gov.vn/index.jsp?pageId=3&id=64517&cid=1294,2008,11/2008,2026-10-08T09:46:20Z
308,QĐ109/2008/QĐ-BTC,28/11/2008,Bộ Tài chính,V/v Điều chỉnh mức thuế suất thuế xuất khẩu đối với gỗ và các mặt hàng gỗ trong Biểu thuế xuất khẩu,64515,305,10,DONG_NAI,null,26/12/2008,,https://www.customs.gov.vn/index.jsp?pageId=3&id=64515&cid=1294,2008,11/2008,2026-10-08T09:46:20Z
309,118/2008/NĐ-CP,27/11/2008,Chính phủ,"Nghị định số 118/2008/NĐ-CP của Chính phủ quy định chức năng, nhiệm vụ, quyền hạn và cơ cấu tổ chức của Bộ Tài chính",42709,305,18,QUANG_BINH,null,null,https://files.customs.gov.vn/CustomsCMS/QUANG_BINH/2021/04/images/stories/files/ND11808CP.doc,https://www.customs.gov.vn/index.jsp?pageId=3&id=42709&cid=1294,2008,11/2008,2026-10-08T09:46:20Z
310,6129/TCHQ-KTTT,27/11/2008,Tổng cục hải quan,Công văn số 6129/TCHQ-KTTT của Tổng cục Hải quan v/v miễn thuế hàng quà tặng,42661,305,18,QUANG_BINH,null,null,https://files.customs.gov.vn/CustomsCMS/QUANG_BINH/2021/04/images/stories/files/CV612908TCHQ.doc,https://www.customs.gov.vn/index.jsp?pageId=3&id=42661&cid=1294,2008,11/2008,2026-10-08T09:46:20Z
311,Cv2475/HQĐN-NV,27/11/2008,Cục Hải Quan tỉnh Đồng Nai,"Trả lời Công ty TNHH Joengsan Vina v/v Thủ tục, hồ sơ đăng ký danh mục hàng hóa nhập khẩu miễn thuế",66179,305,16,DONG_NAI,null,null,https://files.customs.gov.vn/DONG_NAI//Data/CV_Hqdn/2475_HQDN_NV_27_11_2008.pdf,https://www.customs.gov.vn/index.jsp?pageId=3&id=66179&cid=1294,2008,11/2008,2026-10-08T09:46:20Z
312,Cv6132/TCHQ-GSQL,27/11/2008,Tổng cục hải quan,V/v Đơn vị tính kim cương trong hợp đồng gia công,64519,305,16,DONG_NAI,null,null,,https://www.customs.gov.vn/index.jsp?pageId=3&id=64519&cid=1294,2008,11/2008,2026-10-08T09:46:20Z
313,NĐ118/2008/NĐ-CP,27/11/2008,Chính phủ,"V/v Quy định chức năng, nhiệm vụ, quyền hạn và cơ cấu tổ chức của Bộ Tài chính",64518,305,8,DONG_NAI,null,null,,https://www.customs.gov.vn/index.jsp?pageId=3&id=64518&cid=1294,2008,11/2008,2026-10-08T09:46:20Z
314,Cv2463/HQĐN-NV,26/11/2008,Cục Hải Quan tỉnh Đồng Nai,Trả lời Công ty TNHH Tiếp vận Thăng Long v/v doanh nghiệp chế xuất gửi hàng hóa vào kho ngoại quan,66180,305,16,DONG_NAI,null,null,https://files.customs.gov.vn/DONG_NAI//Data/CV_Hqdn/2463_HQDN_NV_26_11_2008.pdf,https://www.customs.gov.vn/index.jsp?pageId=3&id=66180&cid=1294,2008,11/2008,2026-10-08T09:46:20Z
315,Cv6077/TCHQ-GSQL,26/11/2008,Tổng cục hải quan,V/v Phân loại mặt hàng nắp chụp bồn nước bằng thép không gỉ,64521,305,16,DONG_NAI,null,null,,https://www.customs.gov.vn/index.jsp?pageId=3&id=64521&cid=1294,2008,11/2008,2026-10-08T09:46:20Z
316,6071/TCHQ-KTTT,25/11/2008,Tổng cục hải quan,Công văn số 6071/TCHQ-KTTT của Tổng cục Hải quan về việc miễn thuế nhập khẩu.,42669,305,18,QUANG_BINH,null,null,https://files.customs.gov.vn/CustomsCMS/QUANG_BINH/2021/04/images/stories/files/CV607108TCHQ.doc,https://www.customs.gov.vn/index.jsp?pageId=3&id=42669&cid=1294,2008,11/2008,2026-10-08T09:46:20Z
317,Cv2440/HQĐN-NV,24/11/2008,Cục Hải Quan tỉnh Đồng Nai,Trả lời Công ty TNHH GREAT VECA v/v Thuế xuất khẩu gỗ từ nguyên liệu nhập khẩu,66182,305,16,DONG_NAI,null,null,https://files.customs.gov.vn/DONG_NAI//Data/CV_Hqdn/2440_HQDN_NV_24_11_2008.pdf,https://www.customs.gov.vn/index.jsp?pageId=3&id=66182&cid=1294,2008,11/2008,2026-10-08T09:46:20Z
318,Cv2441/HQĐN-NV,24/11/2008,Cục Hải Quan tỉnh Đồng Nai,Trả lời Công ty TNHH ARKEMA v/v Xuất hàng ra kho ngoại quan ở nước ngoài,66181,305,16,DONG_NAI,null,null,https://files.customs.gov.vn/DONG_NAI//Data/CV_Hqdn/2441_HQDN_NV_24_11_2008.pdf,https://www.customs.gov.vn/index.jsp?pageId=3&id=66181&cid=1294,2008,11/2008,2026-10-08T09:46:20Z
319,CV11210/BCT-XNK,21/11/2008,Bộ Công thương,V/v Thông báo về việc thực hiện Hiệp định AJCEP,64522,305,16,DONG_NAI,null,null,,https://www.customs.gov.vn/index.jsp?pageId=3&id=64522&cid=1294,2008,11/2008,2026-10-08T09:46:20Z
320,Cv2421/HQĐN-NV,21/11/2008,Cục Hải Quan tỉnh Đồng Nai,Trả lời Công ty TNHH Yuan Chang v/v xin miễn thuế nhập khẩu,66184,305,16,DONG_NAI,null,null,https://files.customs.gov.vn/DONG_NAI//Data/CV_Hqdn/2421_HQDN_NV_21_11_2008.pdf,https://www.customs.gov.vn/index.jsp?pageId=3&id=66184&cid=1294,2008,11/2008,2026-10-08T09:46:20Z
321,Cv2422/HQĐN-NV,21/11/2008,Cục Hải Quan tỉnh Đồng Nai,Trả lời Công ty cổ phần công nghiệp Chính xác Việt Nam v/v mở tờ khai xuất nhập khẩu tại chỗ,66183,305,16,DONG_NAI,null,null,https://files.customs.gov.vn/DONG_NAI//Data/CV_Hqdn/2422_HQDN_NV_21_11_2008.pdf,https://www.customs.gov.vn/index.jsp?pageId=3&id=66183&cid=1294,2008,11/2008,2026-10-08T09:46:20Z
322,Cv5986/TCHQ-GSQL,21/11/2008,Tổng cục hải quan,V/v Áp mã số mặt hàng bộ phận của xe ô tô đồ chơi bằng nhựa,64523,305,16,DONG_NAI,null,null,,https://www.customs.gov.vn/index.jsp?pageId=3&id=64523&cid=1294,2008,11/2008,2026-10-08T09:46:20Z
323,QĐ107/2008/QĐ-BTC,18/11/2008,Bộ Tài chính,V/v Điều chỉnh mức thuế suất thuế nhập khẩu ưu đãi đối với một số mặt hàng trong Biểu thuế nhập khẩu ưu đãi,64525,305,10,DONG_NAI,null,16/12/2008,https://files.customs.gov.vn/DONG_NAI//Data/CV_BTC/107_QD_BTC_18_11_2008.pdf,https://www.customs.gov.vn/index.jsp?pageId=3&id=64525&cid=1294,2008,11/2008,2026-10-08T09:46:20Z
324,QĐ4541/QĐ-BYT,18/11/2008,Bộ Y tế,Về việc công bố 01 vắc xin được phép lưu hành tại Việt Nam,64524,305,10,DONG_NAI,null,null,,https://www.customs.gov.vn/index.jsp?pageId=3&id=64524&cid=1294,2008,11/2008,2026-10-08T09:46:20Z
325,QĐ106/2008/QĐ-BTC,17/11/2008,Bộ Tài chính,"V/v Quy định mức thu, chế độ thu, nộp, quản lý và sử dụng lệ phí đăng ký hoạt động nhượng quyền thương mại",64526,305,10,DONG_NAI,null,15/12/2008,,https://www.customs.gov.vn/index.jsp?pageId=3&id=64526&cid=1294,2008,11/2008,2026-10-08T09:46:20Z
326,QĐ2538/QĐ-BTC,17/11/2008,Bộ Tài chính,V/v Đính chính Thông tư số 61/2007/TT-BTC ngày 14/6/2007 của Bộ Tài chính hướng dẫn thực hiện xử lý vi phạm pháp luật về thuế,64527,305,10,DONG_NAI,null,null,,https://www.customs.gov.vn/index.jsp?pageId=3&id=64527&cid=1294,2008,11/2008,2026-10-08T09:46:20Z
327,116/2008/NÐ-CP,14/11/2008,Chính phủ,"Nghị định 116/2008/NĐ-CP quy định chức năng, nhiệm vụ, quyền hạn và cơ cấu tổ chức của Bộ Kế hoạch và Đầu tư",52917,305,8,TP_HO_CHI_MINH,Nguyễn Tấn Dũng,13/12/2008,https://files.customs.gov.vn/CustomsCMS/TP_HO_CHI_MINH/2020/Web/Data/DocumentAttachments/116_2008_ND-CP_81590.doc,https://www.customs.gov.vn/index.jsp?pageId=3&id=52917&cid=1294,2008,11/2008,2026-10-08T09:46:20Z
328,25/2008/QH12,14/11/2008,Quốc hội,Luật bảo hiểm y tế,52495,305,13,TP_HO_CHI_MINH,Nguyễn Phú Trọng,01/07/2009,https://files.customs.gov.vn/CustomsCMS/TP_HO_CHI_MINH/2020/Web/Data/DocumentAttachments/25_2008_QH12_Luat_bao_hiem_y_te.doc,https://www.customs.gov.vn/index.jsp?pageId=3&id=52495&cid=1294,2008,11/2008,2026-10-08T09:46:20Z
329,26/2008/QH12,14/11/2008,Quốc hội,"Căn cứ Hiến pháp nước Cộng hoà xã hội chủ nghĩa Việt Nam năm 1992 đã được sửa đổi, bổ sung một số điều theo Nghị quyết số 51/2001/QH10;

Quốc hội ban hành Luật thi hành án dân sự.",66235,305,13,DONG_NAI,null,01/04/2009,,https://www.customs.gov.vn/index.jsp?pageId=3&id=66235&cid=1294,2008,11/2008,2026-10-08T09:46:20Z
330,5851/TCHQ-KTTT,14/11/2008,Tổng cục hải quan,Công văn số 5851/TCHQ-KTTT của Tổng cục Hải quan về việc thuế nhập khẩu và thuế GTGT đối với ô tô tự đổ có trọng tải tối đa 15 tấn.,42668,305,18,QUANG_BINH,null,null,https://files.customs.gov.vn/CustomsCMS/QUANG_BINH/2021/04/images/stories/files/CV585108TCHQ.doc,https://www.customs.gov.vn/index.jsp?pageId=3&id=42668&cid=1294,2008,11/2008,2026-10-08T09:46:20Z
331,Cv2376/HQĐN-NV,14/11/2008,Cục Hải Quan tỉnh Đồng Nai,V/v Thủ tục Hải quan đối với hàng dệt may xuất khẩu sang thị trường Hoa Kỳ,66185,305,16,DONG_NAI,null,null,https://files.customs.gov.vn/DONG_NAI//Data/CV_Hqdn/2376_HQDN_NV_14_11_2008.pdf,https://www.customs.gov.vn/index.jsp?pageId=3&id=66185&cid=1294,2008,11/2008,2026-10-08T09:46:20Z
332,Cv5850/TCHQ-GSQL,14/11/2008,Tổng cục hải quan,V/v Thủ tục Hải quan đối với đặt gia công hàng hóa ở nước ngoài,64528,305,16,DONG_NAI,null,null,,https://www.customs.gov.vn/index.jsp?pageId=3&id=64528&cid=1294,2008,11/2008,2026-10-08T09:46:20Z
333,QĐ105/2008/QĐ-BTC,14/11/2008,Bộ Tài chính,V/v Điều chỉnh mức thuế suất thuế nhập khẩu ưu đãi đối với một số mặt hàng thuộc nhóm 2710 tại Biểu thuế nhập khẩu ưu đãi,64529,305,10,DONG_NAI,null,13/12/2008,https://files.customs.gov.vn/DONG_NAI//Data/CV_BTC/105_2008_QD_BTC_14_11_2008.pdf,https://www.customs.gov.vn/index.jsp?pageId=3&id=64529&cid=1294,2008,11/2008,2026-10-08T09:46:20Z
334,20/2008/QH12,13/11/2008,Quốc hội,Luật đa dạng sinh học 2008,55694,305,13,TP_HO_CHI_MINH,Nguyễn Phú Trọng,01/07/2009,https://files.customs.gov.vn/CustomsCMS/TP_HO_CHI_MINH/2020/Web/Data/DocumentAttachments/20_2008_QH12_82200.doc,https://www.customs.gov.vn/index.jsp?pageId=3&id=55694&cid=1294,2008,11/2008,2026-10-08T09:46:20Z
335,21/2008/QH12,13/11/2008,Quốc hội,Luật Công nghệ cao,52751,305,13,TP_HO_CHI_MINH,Nguyễn Phú Trọng,01/07/2009,https://files.customs.gov.vn/CustomsCMS/TP_HO_CHI_MINH/2020/Web/Data/DocumentAttachments/21_2008_QH12_Luat_Cong_nghe_cao.doc,https://www.customs.gov.vn/index.jsp?pageId=3&id=52751&cid=1294,2008,11/2008,2026-10-08T09:46:20Z
336,22/2008/QH12,13/11/2008,Quốc hội,"Luật cán bộ, công chức",42650,305,13,QUANG_BINH,null,null,https://files.customs.gov.vn/CustomsCMS/QUANG_BINH/2021/04/images/stories/files/L2208QH12.doc,https://www.customs.gov.vn/index.jsp?pageId=3&id=42650&cid=1294,2008,11/2008,2026-10-08T09:46:20Z
337,23/2008/QH12,13/11/2008,Quốc hội,Luật Giao thông đường bộ,54787,305,13,TP_HO_CHI_MINH,Nguyễn Phú Trọng,01/07/2009,https://files.customs.gov.vn/CustomsCMS/TP_HO_CHI_MINH/2020/Web/Data/DocumentAttachments/23_2008_QH12_Luat_giao_thong_duong_bo.doc,https://www.customs.gov.vn/index.jsp?pageId=3&id=54787&cid=1294,2008,11/2008,2026-10-08T09:46:20Z
338,24/2008/QH12,13/11/2008,Quốc hội,Quốc hội ban hành Luật quốc tịch Việt Nam.,43001,305,13,QUANG_BINH,null,null,https://files.customs.gov.vn/CustomsCMS/QUANG_BINH/2021/04/images/stories/files/LUẬT quoc tich VN.doc,https://www.customs.gov.vn/index.jsp?pageId=3&id=43001&cid=1294,2008,11/2008,2026-10-08T09:46:20Z
339,CV10896/BCT-CNNg,13/11/2008,Bộ Công thương,V/v Xác nhận khai báo hóa chất nguy hiểm,64531,305,16,DONG_NAI,null,null,,https://www.customs.gov.vn/index.jsp?pageId=3&id=64531&cid=1294,2008,11/2008,2026-10-08T09:46:20Z
340,CV13711/BTC-CST,13/11/2008,Bộ Tài chính,V/v Chính sách thuế GTGT,64530,305,16,DONG_NAI,null,null,,https://www.customs.gov.vn/index.jsp?pageId=3&id=64530&cid=1294,2008,11/2008,2026-10-08T09:46:20Z
341,Cv2358/HQĐN-TMXL,13/11/2008,Cục Hải Quan tỉnh Đồng Nai,V/v Chấn chỉnh công tác XNK ( Doanh nghiệp tư nhân Duy Tùng),66186,305,16,DONG_NAI,null,null,https://files.customs.gov.vn/DONG_NAI//Data/CV_Hqdn/2358_HQDN_TMXL_13_11_2008.pdf,https://www.customs.gov.vn/index.jsp?pageId=3&id=66186&cid=1294,2008,11/2008,2026-10-08T09:46:20Z
342,103/2008/TTLT/BTC-BGTVT,12/11/2008,Liên bộ,"Thông tư liên tịch số 103/2008/TTLT/BTC-BGTVT của Bộ Tài chính và Bộ Giao thông vận tải hướng dẫn về quản lý giá cước vận chuyển hàng không nội địa và giá dịch vụ hàng không tại cảng hàng không, sân bay Việt Nam",59467,305,4,TONG_CUC,"Lê Mạnh Hùng,Trần Xuân Hà",12/11/2008,https://files.customs.gov.vn/van_ban_phap_luat/Lists/VanBanPhapLuat/Attachments/5198/TTLT10308BTCBGTVT.doc,https://www.customs.gov.vn/index.jsp?pageId=3&id=59467&cid=1294,2008,11/2008,2026-10-08T09:46:20Z
343,Cv2344/HQĐN-NV,12/11/2008,Cục Hải Quan tỉnh Đồng Nai,Trả lời Công ty TNHH Ritek Việt Nam v/v nhập khẩu đĩa CD và DVD chưa ghi thông tin,66188,305,16,DONG_NAI,null,null,https://files.customs.gov.vn/DONG_NAI//Data/CV_Hqdn/2344_HQDN_NV_12_11_2008.pdf,https://www.customs.gov.vn/index.jsp?pageId=3&id=66188&cid=1294,2008,11/2008,2026-10-08T09:46:20Z
344,Cv2345/HQĐN-NV,12/11/2008,Cục Hải Quan tỉnh Đồng Nai,"V/v Thuế xuất khẩu đối với sản phẩm được sản xuất từ nguyên liệu, vật tư nhập khẩu",66187,305,16,DONG_NAI,null,null,https://files.customs.gov.vn/DONG_NAI//Data/CV_Hqdn/2345_HQDN_NV_12_11_2008.pdf,https://www.customs.gov.vn/index.jsp?pageId=3&id=66187&cid=1294,2008,11/2008,2026-10-08T09:46:20Z
345,QĐ102/2008/QĐ-BTC,12/11/2008,Bộ Tài chính,V/v Ban hành mẫu chứng từ thu thuế thu nhập cá nhân,64532,305,10,DONG_NAI,null,09/12/2008,,https://www.customs.gov.vn/index.jsp?pageId=3&id=64532&cid=1294,2008,11/2008,2026-10-08T09:46:20Z
346,TT101/2008/TT-BTC,11/11/2008,Bộ Tài chính,"V/v Hướng dẫn chế độ thu, nộp và quản lý sử dụng phí, lệ phí áp dụng tại cảng vụ đường thủy nội địa",64533,305,4,DONG_NAI,null,09/12/2008,,https://www.customs.gov.vn/index.jsp?pageId=3&id=64533&cid=1294,2008,11/2008,2026-10-08T09:46:20Z
347,QĐ100/2008/QĐ-BTC,10/11/2008,Bộ Tài chính,V/v Điều chỉnh thuế suất thuế nhập khẩu ưu đãi đối với mặt hàng khí hóa lỏng trong Biểu thuế nhập khẩu ưu đãi,64534,305,10,DONG_NAI,null,04/12/2008,https://files.customs.gov.vn/DONG_NAI//Data/CV_BTC/100_2008_QD_BTC 10_11_2008.pdf,https://www.customs.gov.vn/index.jsp?pageId=3&id=64534&cid=1294,2008,11/2008,2026-10-08T09:46:20Z
348,Cv2317/HQĐN-NV,07/11/2008,Cục Hải Quan tỉnh Đồng Nai,Trả lời Công ty TNHH Yupoong Việt Nam v/v thủ tục tái xuất nguyên liệu vào kho ngoại quan,66192,305,16,DONG_NAI,null,null,https://files.customs.gov.vn/DONG_NAI//Data/CV_Hqdn/2317_HQDN_NV_07_11_2008.pdf,https://www.customs.gov.vn/index.jsp?pageId=3&id=66192&cid=1294,2008,11/2008,2026-10-08T09:46:20Z
349,Cv2318/HQĐN-NV,07/11/2008,Cục Hải Quan tỉnh Đồng Nai,Trả lời Công ty TNHH Công nghệ Teco VN v/v xin gia hạn nộp thuế,66191,305,16,DONG_NAI,null,null,https://files.customs.gov.vn/DONG_NAI//Data/CV_Hqdn/2318_HQDN_NV_07_11_2008.pdf,https://www.customs.gov.vn/index.jsp?pageId=3&id=66191&cid=1294,2008,11/2008,2026-10-08T09:46:20Z
350,Cv2323/HQĐN-TMXL,07/11/2008,Cục Hải Quan tỉnh Đồng Nai,V/v Chấn chỉnh công tác XNK,66190,305,16,DONG_NAI,null,null,https://files.customs.gov.vn/DONG_NAI//Data/CV_Hqdn/2323_HQDN_TMXL_07_11_2008.pdf,https://www.customs.gov.vn/index.jsp?pageId=3&id=66190&cid=1294,2008,11/2008,2026-10-08T09:46:20Z
351,Cv2324/HQĐN-NV,07/11/2008,Cục Hải Quan tỉnh Đồng Nai,Trả lời Công ty Công nghệ TECO VN v/v xin thay thế C/O mẫu D mặt sau không ghi tên nước Việt Nam,66189,305,16,DONG_NAI,null,null,https://files.customs.gov.vn/DONG_NAI//Data/CV_Hqdn/2324_HQDN_NV_07_11_2008.pdf,https://www.customs.gov.vn/index.jsp?pageId=3&id=66189&cid=1294,2008,11/2008,2026-10-08T09:46:20Z
352,QĐ108/2008/QĐ-BNN,06/11/2008,Bộ Nông nghiệp và Phát triển nông thôn,"V/v Ban hành danh mục bổ sung sản phẩm xử lý, cải tạo môi trường nuôi trồng thuỷ sản được phép lưu hành tại Việt Nam",64535,305,10,DONG_NAI,null,null,,https://www.customs.gov.vn/index.jsp?pageId=3&id=64535&cid=1294,2008,11/2008,2026-10-08T09:46:20Z
353,Cv2295/HQĐN-NV,05/11/2008,Cục Hải Quan tỉnh Đồng Nai,"Trả lời Công ty TNHH JASE VINA v/v vướng mắc đối với nguyên liệu, vật tư nhập khẩu miễn thuế",66194,305,16,DONG_NAI,null,null,https://files.customs.gov.vn/DONG_NAI//Data/CV_Hqdn/2295_HQDN_NV_05_11_2008.pdf,https://www.customs.gov.vn/index.jsp?pageId=3&id=66194&cid=1294,2008,11/2008,2026-10-08T09:46:20Z
354,Cv2296/HQĐN-NV,05/11/2008,Cục Hải Quan tỉnh Đồng Nai,Trả lời Công ty TNHH DV XNK Trường Thịnh v/v cấp thẻ nhân viên đại lý hải quan,66193,305,16,DONG_NAI,null,null,https://files.customs.gov.vn/DONG_NAI//Data/CV_Hqdn/2296_HQDN_NV_05_11_2008.pdf,https://www.customs.gov.vn/index.jsp?pageId=3&id=66193&cid=1294,2008,11/2008,2026-10-08T09:46:20Z
355,Cv1577/TĐC-ĐGPH,04/11/2008,Khác,V/v Hướng dẫn thủ tục nhập khẩu mũ bảo hiểm,64536,305,16,DONG_NAI,null,null,,https://www.customs.gov.vn/index.jsp?pageId=3&id=64536&cid=1294,2008,11/2008,2026-10-08T09:46:20Z
356,QĐ98/2008/QĐ-BTC,04/11/2008,Bộ Tài chính,"V/v Ban hành Quy định về phí, lệ phí hàng hải và Biểu mức thu phí, lệ phí hàng hải",64537,305,10,DONG_NAI,null,07/12/2008,,https://www.customs.gov.vn/index.jsp?pageId=3&id=64537&cid=1294,2008,11/2008,2026-10-08T09:46:20Z
