stt,so_hieu,ngay_ban_hanh,co_quan_ban_hanh,noi_dung_tom_tat,ma_noi_bo,linh_vuc,loai_van_ban,chuyen_trang,nguoi_ky,ngay_hieu_luc,pdf_url,url_chi_tiet,nam,nam_thang,crawled_at
1,Cv0184/HQĐNa-NV,29/01/2010,Cục Hải Quan tỉnh Đồng Nai,Trả lời Công ty TNHH Gi-Wang Việt Nam v/v Đăng ký Danh mục hàng hoá nhập khẩu miễn thuế tạo TSCĐ,65411,305,16,DONG_NAI,null,null,https://files.customs.gov.vn/DONG_NAI//Data/CV_Hqdn/184_HQDN_NV_29_01_2010.PDF,https://www.customs.gov.vn/index.jsp?pageId=3&id=65411&cid=1294,2010,01/2010,2026-10-08T09:45:37Z
2,Cv0189/HQĐNa-NV,29/01/2010,Cục Hải Quan tỉnh Đồng Nai,Trả lời Công ty Cổ phần Kinh doanh Vận tải Xăng dầu Miền Nam v/v Hướng dẫn thủ tục xuất khẩu cát nhiễm mặn,65410,305,16,DONG_NAI,null,null,https://files.customs.gov.vn/DONG_NAI//Data/CV_Hqdn/189_HQDNa_NV_29_01_2010.PDF,https://www.customs.gov.vn/index.jsp?pageId=3&id=65410&cid=1294,2010,01/2010,2026-10-08T09:45:37Z
3,Cv0191/HQĐNa-NV,29/01/2010,Cục Hải Quan tỉnh Đồng Nai,Trả lời Công ty TNHH Một thành viên Shin Heung Vina v/v Đăng ký danh mục hàng hoá nhập khẩu miễn thuế tạo TSCĐ,65409,305,16,DONG_NAI,null,null,https://files.customs.gov.vn/DONG_NAI//Data/CV_Hqdn/191_HQDNa_NV_29_01_2010.PDF,https://www.customs.gov.vn/index.jsp?pageId=3&id=65409&cid=1294,2010,01/2010,2026-10-08T09:45:37Z
4,Cv0192/HQĐNa-NV,29/01/2010,Cục Hải Quan tỉnh Đồng Nai,V/v Hướng dẫn sử dụng chương trình đăng ký danh mục hàng hoá nhập khẩu miễn thuế trực tuyến,65408,305,16,DONG_NAI,null,null,https://files.customs.gov.vn/DONG_NAI//Data/CV_Hqdn/192_HQDNa_NV_29_01_2010.PDF,https://www.customs.gov.vn/index.jsp?pageId=3&id=65408&cid=1294,2010,01/2010,2026-10-08T09:45:37Z
5,CV575/TCHQ-GSQL,28/01/2010,Tổng cục hải quan,"V/v Xử lý phế liệu, phế phẩm gia công",63691,305,16,DONG_NAI,null,null,,https://www.customs.gov.vn/index.jsp?pageId=3&id=63691&cid=1294,2010,01/2010,2026-10-08T09:45:37Z
6,CV1098/BCT-CNN,27/01/2010,Bộ Công thương,V/v Áp dụng Thông tư 32/2009/TT-BCT của Bộ Công Thương,63692,305,16,DONG_NAI,null,null,,https://www.customs.gov.vn/index.jsp?pageId=3&id=63692&cid=1294,2010,01/2010,2026-10-08T09:45:37Z
7,TT13/2010/TT-BTC,26/01/2010,Bộ Tài chính,V/v Hướng dẫn thực hiện mức thuế suất thuế nhập khẩu ưu đãi đối với một số mặt hàng thuộc nhóm 2710 tại Biểu thuế nhập khẩu ưu đãi,63693,305,4,DONG_NAI,null,null,,https://www.customs.gov.vn/index.jsp?pageId=3&id=63693&cid=1294,2010,01/2010,2026-10-08T09:45:37Z
8,06/2010/NĐ-CP,25/01/2010,Chính phủ,Nghị định số 06/2010/NĐ-CP của Chính phủ quy định những người là công chức,59477,305,8,TONG_CUC,Nguyễn Tấn Dũng,15/03/2010,https://files.customs.gov.vn/van_ban_phap_luat/Lists/VanBanPhapLuat/Attachments/5656/ND0610CP.doc,https://www.customs.gov.vn/index.jsp?pageId=3&id=59477&cid=1294,2010,01/2010,2026-10-08T09:45:37Z
9,07/2010/NĐ-CP,25/01/2010,null,Nghị định số 07/2010/NĐ-CP của Chính phủ quy định chi tiết và hướng dẫn thi hành một số điều của Luật Năng lượng nguyên tử,42743,305,18,QUANG_BINH,null,null,https://files.customs.gov.vn/CustomsCMS/QUANG_BINH/2021/04/images/stories/files/ND0710CP.doc,https://www.customs.gov.vn/index.jsp?pageId=3&id=42743&cid=1294,2010,01/2010,2026-10-08T09:45:37Z
10,64/2010/TT-BCT,25/01/2010,null,Thông tư Thực hiện quy tắc xuất xứ trong Bản thoả thuận giữa Bộ công thương nước Cộng hoà xã hội chủ nghĩa Việt Nam và Bộ Công Thương nước Cộng hoà Dân chủ Nhân Dân Lào về Quy tắc xuất xứ áp dụng cho các mặt hàng được hưởng ưu đãi thuế suất thuế nhập khẩu Việt Nam - Lào<br />,73255,305,4,DA_NANG,admin,25/01/2010,https://files.customs.gov.vn/DA_NANG/Uploads/65e32243-11bf-4695-985d-c1563e8c13ba/TT64-2010- cap CO mau S.tif,https://www.customs.gov.vn/index.jsp?pageId=3&id=73255&cid=1294,2010,01/2010,2026-10-08T09:45:37Z
11,CV1101/BTC-TCT,25/01/2010,Bộ Tài chính,V/v Giảm thuế suất thuế GTGT,63698,305,16,DONG_NAI,null,null,,https://www.customs.gov.vn/index.jsp?pageId=3&id=63698&cid=1294,2010,01/2010,2026-10-08T09:45:37Z
12,CV1128/BTC-TCDN,25/01/2010,Bộ Tài chính,V/v Mức thu lệ phí xuất khẩu cà phê năm 2010,63694,305,16,DONG_NAI,null,null,,https://www.customs.gov.vn/index.jsp?pageId=3&id=63694&cid=1294,2010,01/2010,2026-10-08T09:45:37Z
13,CV23/KTSTQ-NV4,25/01/2010,Khác,V/v Xác định trị giá tính thuế nhập khẩu hàng hóa liên quan đến phí kỳ vụ,63699,305,16,DONG_NAI,null,null,,https://www.customs.gov.vn/index.jsp?pageId=3&id=63699&cid=1294,2010,01/2010,2026-10-08T09:45:37Z
14,CV466/TCHQ-KTTT,25/01/2010,Tổng cục hải quan,V/v Thông báo hết thời gian giảm thuế,63701,305,16,DONG_NAI,null,null,,https://www.customs.gov.vn/index.jsp?pageId=3&id=63701&cid=1294,2010,01/2010,2026-10-08T09:45:37Z
15,CV484/TCHQ-GSQL,25/01/2010,Tổng cục hải quan,V/v Vướng mắc xử lý thuế đối với nguyên phụ liệu dư thừa tiêu huỷ,63700,305,16,DONG_NAI,null,null,,https://www.customs.gov.vn/index.jsp?pageId=3&id=63700&cid=1294,2010,01/2010,2026-10-08T09:45:37Z
16,Cv0161/HQĐNa-NV,25/01/2010,Cục Hải Quan tỉnh Đồng Nai,Trả lời Công ty TNHH Samil Vina v/v Gia hạn thời gian kê khai nộp thuế,65412,305,16,DONG_NAI,null,null,https://files.customs.gov.vn/DONG_NAI//Data/CV_Hqdn/161_HQDN_NV_25_01_2010.PDF,https://www.customs.gov.vn/index.jsp?pageId=3&id=65412&cid=1294,2010,01/2010,2026-10-08T09:45:37Z
17,NĐ07/2010/NĐ-CP,25/01/2010,Chính phủ,V/v Quy định chi tiết và hướng dẫn thi hành một số điều của Luật năng lượng nguyên tử,63695,305,8,DONG_NAI,null,null,,https://www.customs.gov.vn/index.jsp?pageId=3&id=63695&cid=1294,2010,01/2010,2026-10-08T09:45:37Z
18,TT04/2010/TT-BCT,25/01/2010,Bộ Công thương,V/v Thực hiện Quy tắc xuất xứ trong Bản Thoả thuận giữa Bộ Công Thương nước Cộng hoà xã hội chủ nghĩa Việt Nam và Bộ Công Thương nước Cộng hoà dân chủ nhân dân Lào về Quy tắc xuất xứ áp dụng cho các mặt hàng được hưởng ưu đãi thuế suất thuế nhập khẩu Việt Nam - Lào,63697,305,4,DONG_NAI,null,null,,https://www.customs.gov.vn/index.jsp?pageId=3&id=63697&cid=1294,2010,01/2010,2026-10-08T09:45:37Z
19,TT05/2010/TT-BCT,25/01/2010,Bộ Công thương,"V/v Sửa đổi, bổ sung Thông tư số 02/2007/TT-BTM ngày 02 tháng 02 năm 2007 của Bộ Thương mại về phân loại chi tiết nguyên liệu sản xuất, vật tư, linh kiện được miễn thuế nhập khẩu theo quy định tại Khoản 15 Điều 16 Nghị định số 149/2005/NĐ-CP ngày 08 tháng 12 năm 2005 của Chính phủ quy định chi tiết thi hành Luật thuế xuất khẩu, thuế nhập khẩu",63696,305,4,DONG_NAI,null,null,,https://www.customs.gov.vn/index.jsp?pageId=3&id=63696&cid=1294,2010,01/2010,2026-10-08T09:45:37Z
20,05/2010/TT-BNNPTNT,22/01/2010,Bộ nông nghiệp và phát triển nông thôn,"Thông Tư hướng dẫn việc kiểm tra, giám sát vệ sinh an toàn thực phẩm nông sản trước khi đưa ra thị trường",57002,305,4,TP_HO_CHI_MINH,Cao Đức Phát,08/03/2010,https://files.customs.gov.vn/CustomsCMS/TP_HO_CHI_MINH/2020/Web/Data/DocumentAttachments/05_2010_TT-BNNPTNT_100572.doc,https://www.customs.gov.vn/index.jsp?pageId=3&id=57002&cid=1294,2010,01/2010,2026-10-08T09:45:37Z
21,Cv0147/HQĐNa-HĐH,22/01/2010,Cục Hải Quan tỉnh Đồng Nai,Trả lời Chi nhánh Công ty TNHH KDDI Việt Nam tại TP Hồ Chí Minh v/v Thủ tục kê khai thuế nhập khẩu đối với hàng hoá tái nhập từ DNCX,65414,305,16,DONG_NAI,null,null,https://files.customs.gov.vn/DONG_NAI//Data/CV_Hqdn/147_HQDNa_HDH_22_01_2010.PDF,https://www.customs.gov.vn/index.jsp?pageId=3&id=65414&cid=1294,2010,01/2010,2026-10-08T09:45:37Z
22,Cv0150/HQĐNa-NV,22/01/2010,Cục Hải Quan tỉnh Đồng Nai,Trả lời Công ty Công trình xử lý môi trường Chile Việt Nam v/v Hướng dẫn mở tờ khai hải quan cho công trình xây dựng tại DNCX,65413,305,16,DONG_NAI,null,null,https://files.customs.gov.vn/DONG_NAI//Data/CV_Hqdn/150_HQDN_NV_22_01_2010.PDF,https://www.customs.gov.vn/index.jsp?pageId=3&id=65413&cid=1294,2010,01/2010,2026-10-08T09:45:37Z
23,TT02/2010/TT-BGTVT,22/01/2010,Bộ Giao thông vận tải,V/v Về việc công bố Vùng nước cảng biển thuộc địa phận tỉnh Bình Thuận và khu vực quản lý của Cảng vụ hàng hải Bình Thuận,63702,305,4,DONG_NAI,null,08/03/2010,,https://www.customs.gov.vn/index.jsp?pageId=3&id=63702&cid=1294,2010,01/2010,2026-10-08T09:45:37Z
24,Cv0141/HQĐNa-NV,21/01/2010,Cục Hải Quan tỉnh Đồng Nai,Trả lời Công ty TNHH Vopak Việt Nam v/v Hưởng ưu đãi thuế nhập khẩu theo Giấy phép đầu tư ban đầu,65415,305,16,DONG_NAI,null,null,https://files.customs.gov.vn/DONG_NAI//Data/CV_Hqdn/141_HQDNa_NV_21_01_2010.PDF,https://www.customs.gov.vn/index.jsp?pageId=3&id=65415&cid=1294,2010,01/2010,2026-10-08T09:45:37Z
25,TT12/2010/TT-BTC,20/01/2010,Bộ Tài chính,"V/v Hướng dẫn việc xử lý tang vật vi phạm hành chính là hàng hoá, vật phẩm dễ bị hư hỏng và quản l‎ý số tiền thu được từ xử lý tang vật, phương tiện tịch thu sung quỹ nhà nước do vi phạm hành chính",63703,305,4,DONG_NAI,null,06/03/2010,,https://www.customs.gov.vn/index.jsp?pageId=3&id=63703&cid=1294,2010,01/2010,2026-10-08T09:45:37Z
26,03/2010/TT-BLÐTBXH,19/01/2010,Bộ Lao Động Thương Binh và Xã Hội,"Thông tư ban hành danh mục sản phẩm hàng hóa nhóm 2 và hướng dẫn trình tự, thủ tục và nội dung kiểm tra chất lượng sản phẩm, hàng hóa trong sản xuất",58720,305,4,TP_HO_CHI_MINH,Bùi Hồng Lĩnh,01/03/2010,"https://files.customs.gov.vn/CustomsCMS/TP_HO_CHI_MINH/2020/Web/Data/DocumentAttachments/03_2010_TT-BLDTBXH_100419.doc,/CustomsCMS/TP_HO_CHI_MINH/2020/Web/Data/DocumentAttachments/Phu_luc.doc",https://www.customs.gov.vn/index.jsp?pageId=3&id=58720&cid=1294,2010,01/2010,2026-10-08T09:45:37Z
27,03/2010/TT-BLĐTBXH03/2010/TT-BLĐTBXH,19/01/2010,Bộ Lao Động Thương Binh và Xã Hội,"Thông tư ban hành danh mục sản phẩm hàng hóa nhóm 2 và hướng dẫn trình tự, thủ tục và nội dụng kiểm tra chất lượng sản phẩm, hàng hóa trong sản xuất",61350,305,4,BA_RIA_VUNG_TAU,Bùi Hồng Lĩnh,01/03/2010,https://files.customs.gov.vn/BA_RIA_VUNG_TAU/uploads/document/470/03_2010_TT-BLDTBXH.doc,https://www.customs.gov.vn/index.jsp?pageId=3&id=61350&cid=1294,2010,01/2010,2026-10-08T09:45:37Z
28,CV837/BTC-CST,19/01/2010,Bộ Tài chính,"V/v Các mức thuế suất thuế nhập khẩu ưu đãi mặt hàng xăng, dầu tương ứng với giá mặt hàng xăng, dầu trên thị trường thế giới",63704,305,16,DONG_NAI,null,null,,https://www.customs.gov.vn/index.jsp?pageId=3&id=63704&cid=1294,2010,01/2010,2026-10-08T09:45:37Z
29,Cv0110/HQĐNa-NV,19/01/2010,Cục Hải Quan tỉnh Đồng Nai,"Trả lời Công ty TNHH Samil Vina Việt Nam v/v Xử lý thuế đối với phế liệu, phế phẩm gia công dệt may",65417,305,16,DONG_NAI,null,null,https://files.customs.gov.vn/DONG_NAI//Data/CV_Hqdn/110_HQDN_NV_19_01_2010.PDF,https://www.customs.gov.vn/index.jsp?pageId=3&id=65417&cid=1294,2010,01/2010,2026-10-08T09:45:37Z
30,Cv0113/HQĐNa-NV,19/01/2010,Cục Hải Quan tỉnh Đồng Nai,Trả lời Công ty TNHH OTO Vina v/v Đăng ký danh mục hàng hóa nhập khẩu miễn thuế 05 năm,65416,305,16,DONG_NAI,null,null,https://files.customs.gov.vn/DONG_NAI//Data/CV_Hqdn/113_HQDN_NV_19_01_2010.PDF,https://www.customs.gov.vn/index.jsp?pageId=3&id=65416&cid=1294,2010,01/2010,2026-10-08T09:45:37Z
31,TT11/2010/TT-BTC,19/01/2010,Bộ Tài chính,V/v Hướng dẫn thực hiện nghĩa vụ thuế đối với nhà đầu tư Việt Nam đầu tư ra nước ngoài,63705,305,4,DONG_NAI,null,05/03/2010,,https://www.customs.gov.vn/index.jsp?pageId=3&id=63705&cid=1294,2010,01/2010,2026-10-08T09:45:37Z
32,CV724/BTC-TTr,18/01/2010,Bộ Tài chính,V/v Trả lời Công văn số 01/KN MM của Công ty TNHH Bao bì giấy Hong Chang,63706,305,16,DONG_NAI,null,null,,https://www.customs.gov.vn/index.jsp?pageId=3&id=63706&cid=1294,2010,01/2010,2026-10-08T09:45:37Z
33,Cv0093/HQĐNa-NV,18/01/2010,Cục Hải Quan tỉnh Đồng Nai,Trả lời Công ty TNHH một thành viên XD cấp nước Đồng Nai v/v Đăng ký danh mục hàng hóa nhập khẩu miễn thuế tạo TSCĐ,65421,305,16,DONG_NAI,null,null,https://files.customs.gov.vn/DONG_NAI//Data/CV_Hqdn/93_HQDN_NV_18_01_2010.PDF,https://www.customs.gov.vn/index.jsp?pageId=3&id=65421&cid=1294,2010,01/2010,2026-10-08T09:45:37Z
34,Cv0102/HQĐNa-NV,18/01/2010,Cục Hải Quan tỉnh Đồng Nai,Trả lời Công ty TNHH DIING JYUO v/v Đăng ký danh mục hàng hóa nhập khẩu miễn thuế tạo TSCĐ,65420,305,16,DONG_NAI,null,null,https://files.customs.gov.vn/DONG_NAI//Data/CV_Hqdn/102_HQDN_NV_18_01_2010.PDF,https://www.customs.gov.vn/index.jsp?pageId=3&id=65420&cid=1294,2010,01/2010,2026-10-08T09:45:37Z
35,Cv0106/HQĐNa-NV,18/01/2010,Cục Hải Quan tỉnh Đồng Nai,V/v Xác nhận số liệu hàng hóa nhập khẩu,65419,305,16,DONG_NAI,null,null,https://files.customs.gov.vn/DONG_NAI//Data/CV_Hqdn/106_HQDN_NV_18_01_2010.PDF,https://www.customs.gov.vn/index.jsp?pageId=3&id=65419&cid=1294,2010,01/2010,2026-10-08T09:45:37Z
36,Cv0107/HQĐNa-NV,18/01/2010,Cục Hải Quan tỉnh Đồng Nai,Trả lời Công ty TNHH Pouchen Việt Nam v/v Mua hàng từ nội địa sử dụng hóa đơn GTGT thay cho tờ khai Hải quan,65418,305,16,DONG_NAI,null,null,https://files.customs.gov.vn/DONG_NAI//Data/CV_Hqdn/107_HQDN_NV_18_01_2010.PDF,https://www.customs.gov.vn/index.jsp?pageId=3&id=65418&cid=1294,2010,01/2010,2026-10-08T09:45:37Z
37,03/NQ-CP,15/01/2010,null,"Nghị quyết số 03/NQ-CP của Chính phủ về những giải pháp chủ yếu chỉ đạo, điều hành thực hiện kế hoạch phát triển kinh tế - xã hội và dự toán ngân sách nhà nước năm 2010",42744,305,18,QUANG_BINH,null,null,https://files.customs.gov.vn/CustomsCMS/QUANG_BINH/2021/04/images/stories/files/NQ0310CP.doc,https://www.customs.gov.vn/index.jsp?pageId=3&id=42744&cid=1294,2010,01/2010,2026-10-08T09:45:37Z
38,04/2010/TT-BNNPTNT,15/01/2010,Bộ nông nghiệp và phát triển nông thôn,"Thông tư ban hành quy chuẩn kỹ thuật quốc gia về điều kiện trại chăn nuôi lợn, trại chăn nuôi gia cầm an toàn sinh hoc",53333,305,4,TP_HO_CHI_MINH,Bùi Bá Bổng,15/07/2010,https://files.customs.gov.vn/CustomsCMS/TP_HO_CHI_MINH/2020/Web/Data/DocumentAttachments/04_2010_TT-BNNPTNT_100318.doc,https://www.customs.gov.vn/index.jsp?pageId=3&id=53333&cid=1294,2010,01/2010,2026-10-08T09:45:37Z
39,275/TCHQ-GSQL,15/01/2010,null,Công văn số 275/TCHQ-GSQL về thời hạn hiệu lực của giấy phép nhập khẩu hàng hóa theo hạn ngạch thuế quan năm 2010,67198,305,18,CAN_THO,null,15/01/2010,https://files.customs.gov.vn/CAN_THO/09_Cv275_Thoi_hieu_han_ngach_TT37.tif,https://www.customs.gov.vn/index.jsp?pageId=3&id=67198&cid=1294,2010,01/2010,2026-10-08T09:45:37Z
40,CV275/TCHQ-GSQL,15/01/2010,Tổng cục hải quan,V/v Thời hạn hiệu lực của giấy phép nhập khẩu hàng hóa theo hạn ngạch thuế quan năm 2010,63708,305,18,DONG_NAI,null,null,,https://www.customs.gov.vn/index.jsp?pageId=3&id=63708&cid=1294,2010,01/2010,2026-10-08T09:45:37Z
41,QĐ02/2010/QĐ-TTg,15/01/2010,Chính phủ,"V/v Quy định chức năng, nhiệm vụ, quyền hạn và cơ cấu tổ chức của Tổng cục Hải quan trực thuộc Bộ Tài chính",63707,305,10,DONG_NAI,null,null,https://files.customs.gov.vn/DONG_NAI//Data/Nghi_dinh/02_2010_QD_TTg_15_01_2010.pdf,https://www.customs.gov.vn/index.jsp?pageId=3&id=63707&cid=1294,2010,01/2010,2026-10-08T09:45:37Z
42,249/TCHQ-GSQL,14/01/2010,null,Đóng dấu lên TK XNK tại chỗ,73252,305,16,DA_NANG,admin,14/01/2010,https://files.customs.gov.vn/DA_NANG/Uploads/65e32243-11bf-4695-985d-c1563e8c13ba/249.tif,https://www.customs.gov.vn/index.jsp?pageId=3&id=73252&cid=1294,2010,01/2010,2026-10-08T09:45:37Z
43,CV249/TCHQ-GSQL,14/01/2010,Tổng cục hải quan,V/v Đóng dấu đã làm thủ tục hải quan trên tờ khai XNK tại chỗ,63712,305,18,DONG_NAI,null,null,,https://www.customs.gov.vn/index.jsp?pageId=3&id=63712&cid=1294,2010,01/2010,2026-10-08T09:45:37Z
44,TT02/2010/TT-BCT,14/01/2010,Bộ Công thương,V/v Quy định việc nhập khẩu thuốc lá phục vụ kinh doanh bán hàng miễn thuế,63709,305,4,DONG_NAI,null,null,,https://www.customs.gov.vn/index.jsp?pageId=3&id=63709&cid=1294,2010,01/2010,2026-10-08T09:45:37Z
45,TT07/2010/TT-BTC,14/01/2010,Bộ Tài chính,"V/v Hướng dẫn sửa đổi, bổ sung Thông tư số 45/2008/TT-BTC ngày 05/6/2008 của Bộ Tài chính hướng dẫn Chế độ tài chính và thủ tục hải quan áp dụng đối với khu kinh tế cửa khẩu quốc tế Cầu Treo tỉnh Hà Tĩnh",63711,305,4,DONG_NAI,null,28/02/2010,,https://www.customs.gov.vn/index.jsp?pageId=3&id=63711&cid=1294,2010,01/2010,2026-10-08T09:45:37Z
46,TT08/2010/TT-BTC,14/01/2010,Bộ Tài chính,"V/v Hướng dẫn thực hiện Quyết định số 93/2009/QĐ-TTg ngày 10/7/2009 của Thủ tướng Chính phủ sửa đổi, bổ sung khoản 4 Điều 21 Quyết định số 33/2009/QĐ-TTg ngày 02/3/2009 của Thủ tướng Chính phủ ban hành cơ chế, chính sách tài chính đối với khu kinh tế cửa khẩu",63710,305,4,DONG_NAI,null,28/02/2010,,https://www.customs.gov.vn/index.jsp?pageId=3&id=63710&cid=1294,2010,01/2010,2026-10-08T09:45:37Z
47,219/TCHQ-KTTT,13/01/2010,Cục Hải quan Hà Nam Ninh,V/v lưu hóa đơn GTGT liên 3,42247,305,18,QUANG_NAM,Nguyễn Văn Cẩn,13/01/2010,https://files.customs.gov.vn/CustomsCMS/QUANG_NAM/2020/Document/CV 219_TCHQ_KTTT.tif,https://www.customs.gov.vn/index.jsp?pageId=3&id=42247&cid=1294,2010,01/2010,2026-10-08T09:45:37Z
48,QĐ90/QĐ-BTC,13/01/2010,Bộ Tài chính,V/v Công bố Danh mục văn bản quy phạm pháp luật do Bộ Tài chính ban hành đã hết hiệu lực pháp luật,63714,305,10,DONG_NAI,null,13/01/2010,https://files.customs.gov.vn/DONG_NAI//Data/CV_BTC/90_QD_BTC_13_01_2010.pdf,https://www.customs.gov.vn/index.jsp?pageId=3&id=63714&cid=1294,2010,01/2010,2026-10-08T09:45:37Z
49,TT05/2010/TT-BTC,13/01/2010,Bộ Tài chính,"V/v Quy định mức thuế suất thuế nhập khẩu ưu đãi một số mặt hàng phục vụ cho việc đóng mới, sửa chữa, bảo dưỡng đầu máy, toa xe",63713,305,4,DONG_NAI,null,27/02/2010,,https://www.customs.gov.vn/index.jsp?pageId=3&id=63713&cid=1294,2010,01/2010,2026-10-08T09:45:37Z
50,CV159/TCHQ-GSQL,12/01/2010,Tổng cục hải quan,V/v Kiểm tra chất lượng sản phẩm dệt may nhập khẩu,63715,305,18,DONG_NAI,null,null,,https://www.customs.gov.vn/index.jsp?pageId=3&id=63715&cid=1294,2010,01/2010,2026-10-08T09:45:37Z
51,TT02/2010/TT-BTC,11/01/2010,Bộ Tài chính,V/v Hướng dẫn bổ sung Thông tư số 84/2008/TT-BTC ngày 30/9/2008 của Bộ Tài chính hướng dẫn thi hành một số điều của Luật thuế thu nhập cá nhân và hướng dẫn thi hành Nghị định số 100/2008/NĐ-CP ngày 8/9/208 của Chính phủ quy định chi tiết một số điều của Luật thuế Thu nhập cá nhân,63716,305,4,DONG_NAI,null,null,,https://www.customs.gov.vn/index.jsp?pageId=3&id=63716&cid=1294,2010,01/2010,2026-10-08T09:45:37Z
52,TT02/2010/TT-BTTTT,11/01/2010,Bộ Thông Tin Truyền Thông,"V/v Quy định chi tiết thi hành một số quy định của Luật Xuất bản ngày 03 tháng 12 năm 2004, Luật sửa đổi, bổ sung một số điều của Luật Xuất bản ngày 03 tháng 6 năm 2008, Nghị định số 111/2005/NĐ-CP ngày 26 tháng 8 năm 2005 và Nghị định số 11/2009/NĐ-CP ngày 10 tháng 02 năm 2009",63717,305,4,DONG_NAI,null,null,,https://www.customs.gov.vn/index.jsp?pageId=3&id=63717&cid=1294,2010,01/2010,2026-10-08T09:45:37Z
53,01/2010/TTLT-BTNMT-BNV-BTC,08/01/2010,Liên bộ,"Thông tư liên tịch số 01/2010/TTLT-BTNMT-BNV-BTC của Bộ Tài nguyên và Môi trường, Bộ Nội vụ và Bộ Tài chính hướng dẫn về chức năng, nhiệm vụ, quyền hạn, cơ cấu tổ chức và cơ chế tài chính của Tổ chức phát triển quỹ đất",59476,305,4,TONG_CUC,"Nguyễn Duy Thăng, Nguyễn Hữu Chí, Nguyễn Mạnh Hiển",22/02/2010,https://files.customs.gov.vn/van_ban_phap_luat/Lists/VanBanPhapLuat/Attachments/5645/TTLT0110BTNMTBNVBTC.doc,https://www.customs.gov.vn/index.jsp?pageId=3&id=59476&cid=1294,2010,01/2010,2026-10-08T09:45:37Z
54,Cv0052/HQĐNa-HĐH,08/01/2010,Cục Hải Quan tỉnh Đồng Nai,V/v Triển khai chính thức thủ tục Hải quan điện tử,65422,305,16,DONG_NAI,null,null,https://files.customs.gov.vn/DONG_NAI//Data/CV_Hqdn/0052_HQDNa_HDH_08_01_2010.PDF,https://www.customs.gov.vn/index.jsp?pageId=3&id=65422&cid=1294,2010,01/2010,2026-10-08T09:45:37Z
55,TT01/2010/TT-BXD,08/01/2010,Bộ Xây dựng,V/v Quy định công tác quản lý chất lượng clanhke xi măng poóc lăng thương phẩm,63718,305,4,DONG_NAI,null,22/02/2010,,https://www.customs.gov.vn/index.jsp?pageId=3&id=63718&cid=1294,2010,01/2010,2026-10-08T09:45:37Z
56,01/2010/TT-BNNPTNT,07/01/2010,Bộ nông nghiệp và phát triển nông thôn,Ban hành “Danh mục bổ sung giống vật nuôi được phép sản xuất kinh doanh”,53161,305,4,TP_HO_CHI_MINH,Diệp Kỉnh Tần,21/02/2010,"https://files.customs.gov.vn/CustomsCMS/TP_HO_CHI_MINH/2020/Web/Data/DocumentAttachments/01_2010_TT-BNNPTNT_Ban_hanh_danh_muc_bo_sung_giong_vat_nuoi_duoc_phep_san_xuat_kinh_doanh.doc,/CustomsCMS/TP_HO_CHI_MINH/2020/Web/Data/DocumentAttachments/01_2010_TT-BNNPTNT_Danh_muc.doc",https://www.customs.gov.vn/index.jsp?pageId=3&id=53161&cid=1294,2010,01/2010,2026-10-08T09:45:37Z
57,266/BTC-TCHQ,07/01/2010,Bộ Tài chính,"V/v Xử lý thuế TTĐB, thuế GTGT đối với xe ôtô chuyên dùng nhập khẩu",57189,305,16,TP_HO_CHI_MINH,Đỗ Hoàng Anh Tuấn,07/01/2010,https://files.customs.gov.vn/CustomsCMS/TP_HO_CHI_MINH/2020/Web/Data/DocumentAttachments/266-BTC-TCHQ.tif,https://www.customs.gov.vn/index.jsp?pageId=3&id=57189&cid=1294,2010,01/2010,2026-10-08T09:45:37Z
58,CV302/BTC-TCHQ,07/01/2010,Bộ Tài chính,V/v Thuế tiêu thụ đặc biệt,63719,305,16,DONG_NAI,null,null,,https://www.customs.gov.vn/index.jsp?pageId=3&id=63719&cid=1294,2010,01/2010,2026-10-08T09:45:37Z
59,Cv0040/HQĐNa-NV,07/01/2010,Cục Hải Quan tỉnh Đồng Nai,Trả lời Công ty TNHH Vật liệu KHKT Triển Vũ Việt Nam v/v Mất danh mục nhập khẩu máy móc thiết bị tạo TSCĐ,65429,305,16,DONG_NAI,null,null,https://files.customs.gov.vn/DONG_NAI//Data/CV_Hqdn/0040_HQDNa_NV_07_01_2010.PDF,https://www.customs.gov.vn/index.jsp?pageId=3&id=65429&cid=1294,2010,01/2010,2026-10-08T09:45:37Z
60,Cv0041/HQĐNa-HĐH,07/01/2010,Cục Hải Quan tỉnh Đồng Nai,V/v Cài đặt chương trình khai báo thực hiện thủ tục Hải quan điện tử (Công ty Chế biến XNK nông sản thực phẩm Đồng Nai),65428,305,16,DONG_NAI,null,null,https://files.customs.gov.vn/DONG_NAI//Data/CV_Hqdn/0041_HQDNa_HDH_07_01_2010.PDF,https://www.customs.gov.vn/index.jsp?pageId=3&id=65428&cid=1294,2010,01/2010,2026-10-08T09:45:37Z
61,Cv0042/HQĐNa-HĐH,07/01/2010,Cục Hải Quan tỉnh Đồng Nai,V/v Cài đặt chương trình khai báo thực hiện thủ tục Hải quan điện tử (Công ty TNHH thép SEAH Việt Nam),65427,305,16,DONG_NAI,null,null,https://files.customs.gov.vn/DONG_NAI//Data/CV_Hqdn/0042_HQDNa_HDH_07_01_2010.PDF,https://www.customs.gov.vn/index.jsp?pageId=3&id=65427&cid=1294,2010,01/2010,2026-10-08T09:45:37Z
62,Cv0043/HQĐNa-HĐH,07/01/2010,Cục Hải Quan tỉnh Đồng Nai,V/v Cài đặt chương trình khai báo thực hiện thủ tục Hải quan điện tử (Công ty TNHH Fashion Garment 2),65426,305,16,DONG_NAI,null,null,https://files.customs.gov.vn/DONG_NAI//Data/CV_Hqdn/0043_HQDNa_HDH_07_01_2010.PDF,https://www.customs.gov.vn/index.jsp?pageId=3&id=65426&cid=1294,2010,01/2010,2026-10-08T09:45:37Z
63,Cv0044/HQĐNa-HĐH,07/01/2010,Cục Hải Quan tỉnh Đồng Nai,V/v Cài đặt chương trình khai báo thực hiện thủ tục Hải quan điện tử (Công ty điện và điện tử TCL Việt Nam),65425,305,16,DONG_NAI,null,null,https://files.customs.gov.vn/DONG_NAI//Data/CV_Hqdn/0044_HQDNa_HDH_07_01_2010.PDF,https://www.customs.gov.vn/index.jsp?pageId=3&id=65425&cid=1294,2010,01/2010,2026-10-08T09:45:37Z
64,Cv0045/HQĐNa-HĐH,07/01/2010,Cục Hải Quan tỉnh Đồng Nai,V/v Cài đặt chương trình khai báo thực hiện thủ tục Hải quan điện tử (Công ty cổ phần Đồng Tiến),65424,305,16,DONG_NAI,null,null,https://files.customs.gov.vn/DONG_NAI//Data/CV_Hqdn/0045_HQDNa_HDH_07_01_2010.PDF,https://www.customs.gov.vn/index.jsp?pageId=3&id=65424&cid=1294,2010,01/2010,2026-10-08T09:45:37Z
65,Cv0046/HQĐNa-HĐH,07/01/2010,Cục Hải Quan tỉnh Đồng Nai,V/v Cài đặt chương trình khai báo thực hiện thủ tục Hải quan điện tử (Công ty cổ phần tổng hợp gỗ Tân Mai),65423,305,16,DONG_NAI,null,null,https://files.customs.gov.vn/DONG_NAI//Data/CV_Hqdn/0046_HQDNa_HDH_07_01_2010.PDF,https://www.customs.gov.vn/index.jsp?pageId=3&id=65423&cid=1294,2010,01/2010,2026-10-08T09:45:37Z
66,CV62/TCHQ-KHTC,06/01/2010,Tổng cục hải quan,V/v Quy định bán tờ khai nguồn gốc,63720,305,18,DONG_NAI,null,null,,https://www.customs.gov.vn/index.jsp?pageId=3&id=63720&cid=1294,2010,01/2010,2026-10-08T09:45:37Z
67,Cv0020/HQĐNa-NV,06/01/2010,Cục Hải Quan tỉnh Đồng Nai,Trả lời Công ty Cổ phần Đồng Tiến v/v Giám định hàm lượng formaldehyt vải nhập khẩu loại hình NSXXK,65431,305,16,DONG_NAI,null,null,https://files.customs.gov.vn/DONG_NAI//Data/CV_Hqdn/0020_HQDNa_NV_06_01_2010.PDF,https://www.customs.gov.vn/index.jsp?pageId=3&id=65431&cid=1294,2010,01/2010,2026-10-08T09:45:37Z
68,Cv0025/HQĐNa-NV,06/01/2010,Cục Hải Quan tỉnh Đồng Nai,Trả lời Công ty TNHH Muto Việt Nam v/v Vướng mắc hồ sơ thanh khoản có tờ khai xuất khẩu vào khu phi thuế quan,65430,305,16,DONG_NAI,null,null,https://files.customs.gov.vn/DONG_NAI//Data/CV_Hqdn/25_HQDNa_NV_06_01_2010.PDF,https://www.customs.gov.vn/index.jsp?pageId=3&id=65430&cid=1294,2010,01/2010,2026-10-08T09:45:37Z
69,Cv0011/HQĐNa-NV,05/01/2010,Cục Hải Quan tỉnh Đồng Nai,Trả lời Công ty TNHH Fashion Garments v/v lấy mẫu vãi nhập SXXK để giám định theo Thông tư số 32/2009/TT-BCT,65438,305,16,DONG_NAI,null,null,https://files.customs.gov.vn/DONG_NAI//Data/CV_Hqdn/11_HQDNa_NV_05_01_2010.PDF,https://www.customs.gov.vn/index.jsp?pageId=3&id=65438&cid=1294,2010,01/2010,2026-10-08T09:45:37Z
70,Cv0012/HQĐNa-HĐH,05/01/2010,Cục Hải Quan tỉnh Đồng Nai,V/v Mời họp triển khai thực hiện thủ tục Hải quan điện tử,65437,305,16,DONG_NAI,null,null,https://files.customs.gov.vn/DONG_NAI//Data/CV_Hqdn/0012_HQDNa_HDH_05_01_2010.PDF,https://www.customs.gov.vn/index.jsp?pageId=3&id=65437&cid=1294,2010,01/2010,2026-10-08T09:45:37Z
71,Cv0013/HQĐNa-HĐH,05/01/2010,Cục Hải Quan tỉnh Đồng Nai,V/v Cài đặt chương trình khai báo thực hiện thủ tục Hải quan điện tử (Công ty Vina cafe Biên Hòa),65435,305,16,DONG_NAI,null,null,https://files.customs.gov.vn/DONG_NAI//Data/CV_Hqdn/0013_HQDNa_HDH_05_01_2010.PDF,https://www.customs.gov.vn/index.jsp?pageId=3&id=65435&cid=1294,2010,01/2010,2026-10-08T09:45:37Z
72,Cv0014/HQĐNa-HĐH,05/01/2010,Cục Hải Quan tỉnh Đồng Nai,V/v Cài đặt chương trình khai báo thực hiện thủ tục Hải quan điện tử (Công ty TNHH Akema),65434,305,16,DONG_NAI,null,null,https://files.customs.gov.vn/DONG_NAI//Data/CV_Hqdn/0014_HQDNa_HDH_05_01_2010.PDF,https://www.customs.gov.vn/index.jsp?pageId=3&id=65434&cid=1294,2010,01/2010,2026-10-08T09:45:37Z
73,Cv0015/HQĐNa-HĐH,05/01/2010,Cục Hải Quan tỉnh Đồng Nai,V/v Cài đặt chương trình khai báo thực hiện thủ tục Hải quan điện tử (Công ty VMEP),65433,305,16,DONG_NAI,null,null,https://files.customs.gov.vn/DONG_NAI//Data/CV_Hqdn/0015_HQDNa_HDH_05_01_2010.PDF,https://www.customs.gov.vn/index.jsp?pageId=3&id=65433&cid=1294,2010,01/2010,2026-10-08T09:45:37Z
74,Cv0016/HQĐNa-HĐH,05/01/2010,Cục Hải Quan tỉnh Đồng Nai,V/v Cài đặt chương trình khai báo thực hiện thủ tục Hải quan điện tử (Công ty TNHH Bình Tiên Đồng Nai),65432,305,16,DONG_NAI,null,null,https://files.customs.gov.vn/DONG_NAI//Data/CV_Hqdn/0016_HQDNa_HDH_05_01_2010.PDF,https://www.customs.gov.vn/index.jsp?pageId=3&id=65432&cid=1294,2010,01/2010,2026-10-08T09:45:37Z
75,CV266/BTC-TCHQ,04/01/2010,Bộ Tài chính,"V/v Xử lý thuế TTĐB, thuế GTGT đối với xeôtô chuyên dùng nhập khẩu",63721,305,16,DONG_NAI,null,null,,https://www.customs.gov.vn/index.jsp?pageId=3&id=63721&cid=1294,2010,01/2010,2026-10-08T09:45:37Z
76,09/2010/TT-BNNPTNT,26/02/2010,Bộ Nông nghiệp và Phát triển nông thôn,"Thông tư 09/2010/TT-BNNPTNT ban hành các yêu cầu đảm bảo chất lượng, vệ sinh an toàn thực phẩm trong chế biến sản phẩm cá tra, basa xuất khẩu",61229,305,4,TONG_CUC,Lương Lê Phương,12/04/2010,,https://www.customs.gov.vn/index.jsp?pageId=3&id=61229&cid=1294,2010,02/2010,2026-10-08T09:45:37Z
77,CV1049/TCHQ-GSQL,26/02/2010,Tổng cục hải quan,V/v Kiểm tra chất lượng xe đạp điện nhập khẩu,63678,305,16,DONG_NAI,null,null,,https://www.customs.gov.vn/index.jsp?pageId=3&id=63678&cid=1294,2010,02/2010,2026-10-08T09:45:37Z
78,Cv0296/HQĐNa-HĐH,26/02/2010,Cục Hải Quan tỉnh Đồng Nai,Trả lời Công ty TNHH SM ALUPACK v/v Nhập khẩu xe ô tô làm TSCĐ,65395,305,16,DONG_NAI,null,null,https://files.customs.gov.vn/DONG_NAI//Data/CV_Hqdn/296_HQDN_HDH_26_02_2010.PDF,https://www.customs.gov.vn/index.jsp?pageId=3&id=65395&cid=1294,2010,02/2010,2026-10-08T09:45:37Z
79,TT09/2010/TT-BNNPTNT,26/02/2010,Bộ Nông nghiệp và Phát triển nông thôn,"V/v Ban hành các yêu cầu đảm bảo chất lượng, vệ sinh an toàn thực phẩm trong chế biến sản phẩm cá tra, basa xuất khẩu",63677,305,4,DONG_NAI,null,12/04/2010,,https://www.customs.gov.vn/index.jsp?pageId=3&id=63677&cid=1294,2010,02/2010,2026-10-08T09:45:37Z
80,290-QĐ/TW,25/02/2010,BCH TW Đảng,Quyết định số 290-QĐ/TW về việc ban hành Quy chế công tác dân vận của Hệ thống chính trị,40263,305,10,HA_TINH,Nông Đức Mạnh,null,https://files.customs.gov.vn/CustomsCMS/HA_TINH/2020/upload/news/2016/05/583/file/06.tif,https://www.customs.gov.vn/index.jsp?pageId=3&id=40263&cid=1294,2010,02/2010,2026-10-08T09:45:37Z
81,Cv0295/HQĐNa-NV,25/02/2010,Cục Hải Quan tỉnh Đồng Nai,"Trả lời Công ty TNHH KMV Việt Nam v/v Thanh lý máy móc, thiết bị văn phòng do ngưng hoạt động",65396,305,16,DONG_NAI,null,null,https://files.customs.gov.vn/DONG_NAI//Data/CV_Hqdn/295_HQDN_NV_25_02_2010.PDF,https://www.customs.gov.vn/index.jsp?pageId=3&id=65396&cid=1294,2010,02/2010,2026-10-08T09:45:37Z
82,Cv0285/HQĐNa-NV,24/02/2010,Cục Hải Quan tỉnh Đồng Nai,"Trả lời Hiệp hội Dệt may Việt Nam v/v Thuế đối với nguyên phụ liệu dư thừa loại hình gia công, sản xuất xuất khẩu tiêu hủy",65398,305,16,DONG_NAI,null,null,https://files.customs.gov.vn/DONG_NAI//Data/CV_Hqdn/285_HQDN_NV_24_02_2010.PDF,https://www.customs.gov.vn/index.jsp?pageId=3&id=65398&cid=1294,2010,02/2010,2026-10-08T09:45:37Z
83,Cv0286/HQĐNa-NV,24/02/2010,Cục Hải Quan tỉnh Đồng Nai,V/v Một số lưu ý liên quan đến loại hình gia công và sản xuất xuất khẩu,65397,305,16,DONG_NAI,null,null,https://files.customs.gov.vn/DONG_NAI//Data/CV_Hqdn/286_HQDN_NV_24_02_2010.PDF,https://www.customs.gov.vn/index.jsp?pageId=3&id=65397&cid=1294,2010,02/2010,2026-10-08T09:45:37Z
84,23/2010/TT-BTC,12/02/2010,null,"Sửa đổi thuế suất thuế xuất khẩu đối với một số mặt hàng trong Biểu thuế xuất khẩu, Biểu thuế nhập khẩu ưu đãi",73257,305,4,DA_NANG,admin,12/02/2010,https://files.customs.gov.vn/DA_NANG/Uploads/65e32243-11bf-4695-985d-c1563e8c13ba/TT 23-BTC.doc,https://www.customs.gov.vn/index.jsp?pageId=3&id=73257&cid=1294,2010,02/2010,2026-10-08T09:45:37Z
85,CV2138/BTC-TCHQ,12/02/2010,Bộ Tài chính,V/v Thủ tục hải quan và chính sách thuế đối với hàng hóa phục vụ DNCX,63681,305,16,DONG_NAI,null,null,,https://www.customs.gov.vn/index.jsp?pageId=3&id=63681&cid=1294,2010,02/2010,2026-10-08T09:45:37Z
86,Cv0272/HQĐNa-NV,12/02/2010,Cục Hải Quan tỉnh Đồng Nai,Trả lời Công ty cổ phần Taekwang Vina Industrial v/v Xuất chất thải từ doanh nghiệp chế xuất vào thị trường Việt Nam,65399,305,16,DONG_NAI,null,null,https://files.customs.gov.vn/DONG_NAI//Data/CV_Hqdn/272_HQDNa_NV_12_02_2010.PDF,https://www.customs.gov.vn/index.jsp?pageId=3&id=65399&cid=1294,2010,02/2010,2026-10-08T09:45:37Z
87,TT07/2010/TT-BCT,12/02/2010,Bộ Công thương,V/v Quy định việc nhập khẩu bổ sung đường theo hạn ngạch thuế quan năm 2010,63682,305,4,DONG_NAI,null,null,,https://www.customs.gov.vn/index.jsp?pageId=3&id=63682&cid=1294,2010,02/2010,2026-10-08T09:45:37Z
88,TT22/2010/TT-BTC,12/02/2010,Bộ Tài chính,V/vHướng dẫn thực hiện Nghị định số 100/2009/NĐ-CP ngày  03/11/2009 của Chính phủ quy định thu phụ thu đối với phần dầu lãi  được chia của nhà thầu dầu khí khi giá dầu thô biến động tăng,63680,305,4,DONG_NAI,null,29/03/2010,,https://www.customs.gov.vn/index.jsp?pageId=3&id=63680&cid=1294,2010,02/2010,2026-10-08T09:45:37Z
89,TT23/2010/TT-BTC,12/02/2010,Bộ Tài chính,"V/v Sửa đổi thuế suất thuế xuất khẩu đối với một số mặt hàng trong Biểu thuế xuất khẩu, Biểu thuế nhập khẩu ưu đãi",63679,305,4,DONG_NAI,null,29/03/2010,,https://www.customs.gov.vn/index.jsp?pageId=3&id=63679&cid=1294,2010,02/2010,2026-10-08T09:45:37Z
90,Cv0259/HQĐNa-VP,11/02/2010,Cục Hải Quan tỉnh Đồng Nai,V/v Nghỉ Tết nguyên đán Canh Dần,65400,305,16,DONG_NAI,null,null,https://files.customs.gov.vn/DONG_NAI//Data/CV_Hqdn/259_HQDNa_VP_11_02_2010.PDF,https://www.customs.gov.vn/index.jsp?pageId=3&id=65400&cid=1294,2010,02/2010,2026-10-08T09:45:37Z
91,10/2010/QÐ-TTG,10/02/2010,Thủ tướng Chính phủ,"Quy định giấy chứng nhận lưu hành tự do đối với sản phẩm, hàng hóa xuất khẩu và nhập khẩu",52340,305,10,TP_HO_CHI_MINH,Hoàng Trung Hải,01/05/2010,"https://files.customs.gov.vn/CustomsCMS/TP_HO_CHI_MINH/2020/Web/Data/DocumentAttachments/10_2010_QD_TTg_Quy_dinh_giay_chung_nhan_luu_hanh_tu_do_doi_voi_san_pham__hang_hoa_xuat_khau_va_nhap_khau_.doc,/CustomsCMS/TP_HO_CHI_MINH/2020/Web/Data/DocumentAttachments/10_2010_QD_TTg_Phuluc.doc",https://www.customs.gov.vn/index.jsp?pageId=3&id=52340&cid=1294,2010,02/2010,2026-10-08T09:45:37Z
92,CV837/TCHQ-GSQL,10/02/2010,Tổng cục hải quan,V/v Xác nhận thực xuất đối với hàng hóa đưa từ khu phi thuế quan này sang khu phi thuế quan khác,63684,305,16,DONG_NAI,null,null,,https://www.customs.gov.vn/index.jsp?pageId=3&id=63684&cid=1294,2010,02/2010,2026-10-08T09:45:37Z
93,Cv0250/HQĐNa-NV,10/02/2010,Cục Hải Quan tỉnh Đồng Nai,Trả lời Công ty cổ phần Logistics Tín Nghĩa - ICD Biên Hòa v/v Chuyển cửa khẩu hàng nhập khẩu về kho ngoại quan tại ICD,65401,305,16,DONG_NAI,null,null,https://files.customs.gov.vn/DONG_NAI//Data/CV_Hqdn/250_HQDN_NV_10_02_2010.PDF,https://www.customs.gov.vn/index.jsp?pageId=3&id=65401&cid=1294,2010,02/2010,2026-10-08T09:45:37Z
94,QĐ10/2010/QĐ-TTg,10/02/2010,Chính phủ,"V/v Quy định giấy chứng nhận lưu hành tự do đối với sản phẩm, hàng hóa xuất khẩu và nhập khẩu",63683,305,10,DONG_NAI,null,null,https://files.customs.gov.vn/DONG_NAI//Data/Nghi_dinh/10_2010_QD_TTg_10_02_2010.pdf,https://www.customs.gov.vn/index.jsp?pageId=3&id=63683&cid=1294,2010,02/2010,2026-10-08T09:45:37Z
95,Cv0247/HQĐNa-HĐH,09/02/2010,Cục Hải Quan tỉnh Đồng Nai,Trả lời Công ty TNHH Rostaing Technic v/v Đăng ký làm thủ tục XNK do thay đổi địa điểm trụ sở chính,65402,305,16,DONG_NAI,null,null,https://files.customs.gov.vn/DONG_NAI//Data/CV_Hqdn/247_HQDN_HDH_09_02_2010.PDF,https://www.customs.gov.vn/index.jsp?pageId=3&id=65402&cid=1294,2010,02/2010,2026-10-08T09:45:37Z
96,CV756/TCHQ-GSQL,08/02/2010,Tổng cục hải quan,V/v Thủ tục tạm nhập tái xuất sợi thuốc lá,63685,305,16,DONG_NAI,null,null,,https://www.customs.gov.vn/index.jsp?pageId=3&id=63685&cid=1294,2010,02/2010,2026-10-08T09:45:37Z
97,TB944/TB-UBND,08/02/2010,null,V/v Nghỉ Tết Nguyên đán Canh Dần năm 2010,63686,305,19,DONG_NAI,null,null,https://files.customs.gov.vn/DONG_NAI//Data/CV_nganh_khac/944_TB_UBND_08_02_2010.pdf,https://www.customs.gov.vn/index.jsp?pageId=3&id=63686&cid=1294,2010,02/2010,2026-10-08T09:45:37Z
98,08/2010/NÐ-CP,05/02/2010,Chính phủ,Nghị định về quản lý thức ăn chăn nuôi,58440,305,8,TP_HO_CHI_MINH,Nguyễn Tấn Dũng,25/03/2010,https://files.customs.gov.vn/CustomsCMS/TP_HO_CHI_MINH/2020/Web/Data/DocumentAttachments/08_2010_ND-CP_QUAN_LY_THUC_AN_CHAN_NUOI.doc,https://www.customs.gov.vn/index.jsp?pageId=3&id=58440&cid=1294,2010,02/2010,2026-10-08T09:45:37Z
99,08/2010/NĐ-CP,05/02/2010,Chính phủ,Nghị định về quản lý thức ăn chăn nuôi,66324,305,8,DONG_NAI,null,null,,https://www.customs.gov.vn/index.jsp?pageId=3&id=66324&cid=1294,2010,02/2010,2026-10-08T09:45:37Z
100,Cv0228/HQĐNa-LT,05/02/2010,Cục Hải Quan tỉnh Đồng Nai,"V/v Phối hợp kiểm tra sổ sách, chứng từ kế toán của Công ty TNHH Soya Nitting",65403,305,16,DONG_NAI,null,null,https://files.customs.gov.vn/DONG_NAI//Data/CV_Hqdn/228_HQDN_LT_05_02_2010.PDF,https://www.customs.gov.vn/index.jsp?pageId=3&id=65403&cid=1294,2010,02/2010,2026-10-08T09:45:37Z
101,NĐ08/2010/NĐ-CP,05/02/2010,Chính phủ,V/v Quản lý thức ăn chăn nuôi,63687,305,8,DONG_NAI,null,null,,https://www.customs.gov.vn/index.jsp?pageId=3&id=63687&cid=1294,2010,02/2010,2026-10-08T09:45:37Z
102,CV695/TCHQ-KHTC,03/02/2010,Tổng cục hải quan,V/v Quy định bán tờ khai nguồn gốc,63688,305,16,DONG_NAI,null,null,,https://www.customs.gov.vn/index.jsp?pageId=3&id=63688&cid=1294,2010,02/2010,2026-10-08T09:45:37Z
103,Cv0204/HQĐNa-NV,02/02/2010,Cục Hải Quan tỉnh Đồng Nai,Trả lời Hiệp hội Dệt may Việt Nam v/v Hủy nguyên phụ liệu thừa sau khi thanh lý hợp đồng gia công,65406,305,16,DONG_NAI,null,null,https://files.customs.gov.vn/DONG_NAI//Data/CV_Hqdn/204_HQDN_NV_02_02_2010.PDF,https://www.customs.gov.vn/index.jsp?pageId=3&id=65406&cid=1294,2010,02/2010,2026-10-08T09:45:37Z
104,Cv0209/HQĐNa-LT,02/02/2010,Cục Hải Quan tỉnh Đồng Nai,V/v Thất lạc tờ khai của Công ty TNHH Mộc Nghệ Thuật,65405,305,16,DONG_NAI,null,null,https://files.customs.gov.vn/DONG_NAI//Data/CV_Hqdn/209_HQDN_LT_03_02_2010.PDF,https://www.customs.gov.vn/index.jsp?pageId=3&id=65405&cid=1294,2010,02/2010,2026-10-08T09:45:37Z
105,Cv0212/HQĐNa-NV,02/02/2010,Cục Hải Quan tỉnh Đồng Nai,Trả lời Công ty TNHH Timber Industries v/v Đăng ký danh mục hàng hóa nhập khẩu miễn thuế tạo TSCĐ,65404,305,16,DONG_NAI,null,null,https://files.customs.gov.vn/DONG_NAI//Data/CV_Hqdn/212_HQDN_NV_03_02_2010.PDF,https://www.customs.gov.vn/index.jsp?pageId=3&id=65404&cid=1294,2010,02/2010,2026-10-08T09:45:37Z
106,TT06/2010/TT-BNNPTNT,02/02/2010,Bộ Nông nghiệp và Phát triển nông thôn,"V/v Quy định trình tự, thủ tục kiểm dịch thủy sản, sản phẩm thủy sản",63689,305,4,DONG_NAI,null,null,,https://www.customs.gov.vn/index.jsp?pageId=3&id=63689&cid=1294,2010,02/2010,2026-10-08T09:45:37Z
107,16/2010/TT0BTC,01/02/2010,Bộ Tài chính,"Thông tư số 16/2010/TT-BTC Hướng dẫn sửa đổi, bổ sung Thông tư số 120/2002/TT-BTC ngày 30/12/2002 của Bộ Tài chính hướng dẫn thi hành Nghị định số 89/2002/NĐ CP ngày 07/11/2002 của Chính phủ về việc in, phát hành, sử dụng, quản lý hoá đơn",67210,305,18,CAN_THO,null,01/02/2010,https://files.customs.gov.vn/CAN_THO/31_TT1610BTC.doc,https://www.customs.gov.vn/index.jsp?pageId=3&id=67210&cid=1294,2010,02/2010,2026-10-08T09:45:37Z
108,Cv0199/HQĐNa-NV,01/02/2010,Cục Hải Quan tỉnh Đồng Nai,V/v Xác nhận thời điểm đi vào hoạt động của Công ty TNHH Robert Bosch,65407,305,16,DONG_NAI,null,null,https://files.customs.gov.vn/DONG_NAI//Data/CV_Hqdn/199_HQDN_NV_01_02_2010.PDF,https://www.customs.gov.vn/index.jsp?pageId=3&id=65407&cid=1294,2010,02/2010,2026-10-08T09:45:37Z
109,TT16/2010/TT-BTC,01/02/2010,Bộ Tài chính,"V/v Hướng dẫn sửa đổi, bổ sung Thông tư số 120/2002/TT-BTC ngày 30/12/2002 của Bộ Tài chính hướng dẫn thi hành Nghị định số 89/2002/NĐ-CP ngày 07/11/2002 của Chính phủ  về việc in, phát hành, sử dụng, quản lý hoá đơn",63690,305,4,DONG_NAI,null,01/02/2010,,https://www.customs.gov.vn/index.jsp?pageId=3&id=63690&cid=1294,2010,02/2010,2026-10-08T09:45:37Z
110,Cv0479/HQĐNa-NV,29/03/2010,Cục Hải Quan tỉnh Đồng Nai,V/v Cấp lại thẻ nhân viên đại lý hải quan,65366,305,16,DONG_NAI,null,null,https://files.customs.gov.vn/DONG_NAI//Data/CV_Hqdn/479_HQDN_NV_29_03_2010.PDF,https://www.customs.gov.vn/index.jsp?pageId=3&id=65366&cid=1294,2010,03/2010,2026-10-08T09:45:37Z
111,TT10/2010/TT-BCT,29/03/2010,Bộ Công thương,"V/v Quy định hàng hóa được sản xuất từ nước có chung biên giới nhập khẩu vào nước Cộng hòa Xã hội chủ nghĩa Việt Nam dưới hình thức mua, bán, trao đổi hàng hóa cư dân biên giới thời kỳ 2010 - 2012",63659,305,4,DONG_NAI,null,null,,https://www.customs.gov.vn/index.jsp?pageId=3&id=63659&cid=1294,2010,03/2010,2026-10-08T09:45:37Z
112,Cv0472/HQĐNa-NV,26/03/2010,Cục Hải Quan tỉnh Đồng Nai,Trả lời Công ty TNHH Shiseido Việt Nam v/v Thời hạn nợ giấy xác nhận khai báo hóa chất nguy hiểm,65367,305,16,DONG_NAI,null,null,https://files.customs.gov.vn/DONG_NAI//Data/CV_Hqdn/472_HQDNa_NV_26_03_2010.PDF,https://www.customs.gov.vn/index.jsp?pageId=3&id=65367&cid=1294,2010,03/2010,2026-10-08T09:45:37Z
113,Cv0454/HQĐNa-NV,24/03/2010,Cục Hải Quan tỉnh Đồng Nai,Trả lời Công ty TNHH Yupoong Việt Nam v/v Thủ tục thanh lý xe ô tô của DNCX,65368,305,16,DONG_NAI,null,null,https://files.customs.gov.vn/DONG_NAI//Data/CV_Hqdn/454_HQDN_NV_24_03_2010.PDF,https://www.customs.gov.vn/index.jsp?pageId=3&id=65368&cid=1294,2010,03/2010,2026-10-08T09:45:37Z
114,CV3013/BCT-XNK,23/03/2010,Bộ Công thương,V/v Nhập khẩu muối theo hạn ngạch thuế quan,63660,305,16,DONG_NAI,null,null,,https://www.customs.gov.vn/index.jsp?pageId=3&id=63660&cid=1294,2010,03/2010,2026-10-08T09:45:37Z
115,Cv0442/HQĐNa-NV,23/03/2010,Cục Hải Quan tỉnh Đồng Nai,Trả lời Công ty Xe đạp Con Rồng Việt Nam TNHH v/v Trả nợ thuế và phạt chậm nộp thuế,65369,305,16,DONG_NAI,null,null,https://files.customs.gov.vn/DONG_NAI//Data/CV_Hqdn/442_HQDN_NV_23_03_2010.PDF,https://www.customs.gov.vn/index.jsp?pageId=3&id=65369&cid=1294,2010,03/2010,2026-10-08T09:45:37Z
116,15/2010/TT-BNNPTNT,22/03/2010,Bộ Nông nghiệp và Phát triển nông thôn,Thông tư 15/2010/TT-BNNPTNT ban hành Danh mục bổ sung giống cây trồng lâm nghiệp được phép sản xuất kinh doanh,61241,305,4,TONG_CUC,Hứa Đức Nhị,06/05/2010,,https://www.customs.gov.vn/index.jsp?pageId=3&id=61241&cid=1294,2010,03/2010,2026-10-08T09:45:37Z
117,Cv0427/HQĐNa-NV,22/03/2010,Cục Hải Quan tỉnh Đồng Nai,Trả lời Công ty TNHH Olympus Việt Nam v/v Thủ tục xuất khẩu sản phẩm của DNCX,65372,305,16,DONG_NAI,null,null,https://files.customs.gov.vn/DONG_NAI//Data/CV_Hqdn/427_HQDN_NV_22_03_2010.PDF,https://www.customs.gov.vn/index.jsp?pageId=3&id=65372&cid=1294,2010,03/2010,2026-10-08T09:45:37Z
118,Cv0428/HQĐNa-NV,22/03/2010,Cục Hải Quan tỉnh Đồng Nai,Trả lời Công ty TNHH Arkema v/v Xuất khẩu nhựa PVC dạng bột và dạng nhão của Công ty TNHH Arkema,65371,305,16,DONG_NAI,null,null,https://files.customs.gov.vn/DONG_NAI//Data/CV_Hqdn/428_HQDN_NV_22_03_2010.PDF,https://www.customs.gov.vn/index.jsp?pageId=3&id=65371&cid=1294,2010,03/2010,2026-10-08T09:45:37Z
119,Cv0435/HQĐNa-NV,22/03/2010,Cục Hải Quan tỉnh Đồng Nai,Trả lời Công ty TNHH Y.S.P Việt Nam v/v Đăng ký Danh mục hàng hóa nhập khẩu miễn thuế tạo TSCĐ,65370,305,16,DONG_NAI,null,null,https://files.customs.gov.vn/DONG_NAI//Data/CV_Hqdn/435_HQDN_NV_22_03_2010.PDF,https://www.customs.gov.vn/index.jsp?pageId=3&id=65370&cid=1294,2010,03/2010,2026-10-08T09:45:37Z
120,TT39/2010/TT-BTC,22/03/2010,Bộ Tài chính,"V/v Hướng dẫn thực hiện Quyết định số 12/2010/QĐ-TTg ngày 12 tháng 02 năm 2010 của Thủ tướng Chính phủ về việc gia hạn nộp thuế thu nhập doanh nghiệp nhằm tiếp tục tháo gỡ khó khăn cho doanh nghiệp, góp phần thúc đẩy phát triển kinh tế năm 2010",63661,305,4,DONG_NAI,null,10/04/2010,,https://www.customs.gov.vn/index.jsp?pageId=3&id=63661&cid=1294,2010,03/2010,2026-10-08T09:45:37Z
121,TT38/2010/TT-BTC,19/03/2010,Bộ Tài chính,"V/v Hướng dẫn thực hiện quy định về thuế đối với tổ chức, cá nhân chuyển nhượng quyền thăm dò, khai thác, chế biến khoáng sản",63662,305,4,DONG_NAI,null,03/05/2010,,https://www.customs.gov.vn/index.jsp?pageId=3&id=63662&cid=1294,2010,03/2010,2026-10-08T09:45:37Z
122,CV1436/TCHQ-KTTT,18/03/2010,Tổng cục hải quan,V/v Vướng mắc hoàn trả tiền thuế,63667,305,16,DONG_NAI,null,null,,https://www.customs.gov.vn/index.jsp?pageId=3&id=63667&cid=1294,2010,03/2010,2026-10-08T09:45:37Z
123,CV1444/TCHQ-GSQL,18/03/2010,Tổng cục hải quan,V/v Vướng mắc chuyển NPL dư sau thanh khoản HHGC để thực hiện gia công tiếp theo,63666,305,16,DONG_NAI,null,null,,https://www.customs.gov.vn/index.jsp?pageId=3&id=63666&cid=1294,2010,03/2010,2026-10-08T09:45:37Z
124,CV1446/TCHQ-GSQL,18/03/2010,Tổng cục hải quan,V/v Xuất khẩu nguyên liệu ra nước ngoài,63665,305,16,DONG_NAI,null,null,,https://www.customs.gov.vn/index.jsp?pageId=3&id=63665&cid=1294,2010,03/2010,2026-10-08T09:45:37Z
125,CV1447/TCHQ-GSQL,18/03/2010,Tổng cục hải quan,V/v Đầu tư trang thiết bị tại địa điểm làm thủ tục hải quan đối với hàng CPN và vận chuyển hàng NK về kho hàng không tại ICD Mỹ Đình.,63664,305,16,DONG_NAI,null,null,,https://www.customs.gov.vn/index.jsp?pageId=3&id=63664&cid=1294,2010,03/2010,2026-10-08T09:45:37Z
126,Cv0418/HQĐNa-NV,18/03/2010,Cục Hải Quan tỉnh Đồng Nai,Trả lời Công ty Xe đạp Con Rồng Việt Nam TNHH v/v phương án trả nợ thuế,65373,305,16,DONG_NAI,null,null,https://files.customs.gov.vn/DONG_NAI//Data/CV_Hqdn/418_HQDN_NV_18_03_2010.PDF,https://www.customs.gov.vn/index.jsp?pageId=3&id=65373&cid=1294,2010,03/2010,2026-10-08T09:45:37Z
127,TT37/2010/TT-BTC,18/03/2010,Bộ Tài chính,"V/v Hướng dẫn về việc phát hành, sử dụng, quản lý chứng từ khấu trừ thuế thu nhập cá nhân tự in trên máy tính",63663,305,4,DONG_NAI,null,02/05/2010,,https://www.customs.gov.vn/index.jsp?pageId=3&id=63663&cid=1294,2010,03/2010,2026-10-08T09:45:37Z
128,QĐ1282/QĐ-BCT,16/03/2010,Bộ Công thương,V/v Ủy quyền ký giấy phép nhập khẩu tự động,63311,305,10,DONG_NAI,null,null,,https://www.customs.gov.vn/index.jsp?pageId=3&id=63311&cid=1294,2010,03/2010,2026-10-08T09:45:37Z
129,24/2010/NĐ-CP,15/03/2010,Chính phủ,"Nghị định số 24/2010/NĐ-CP của Chính phủ quy định về tuyển dụng, sử dụng và quản lý công chức",42742,305,18,QUANG_BINH,null,null,https://files.customs.gov.vn/CustomsCMS/QUANG_BINH/2021/04/images/stories/files/ND2410CP.doc,https://www.customs.gov.vn/index.jsp?pageId=3&id=42742&cid=1294,2010,03/2010,2026-10-08T09:45:37Z
130,Cv0391/HQĐNa-NV,15/03/2010,Cục Hải Quan tỉnh Đồng Nai,Trả lời Công ty TNHH Giày Dona Standard Việt Nam v/v Đăng ký danh mục hàng hóa nhập khẩu miễn thuế tạo TSCĐ,65374,305,16,DONG_NAI,null,null,https://files.customs.gov.vn/DONG_NAI//Data/CV_Hqdn/391_HQDN_NV_15_03_2010.PDF,https://www.customs.gov.vn/index.jsp?pageId=3&id=65374&cid=1294,2010,03/2010,2026-10-08T09:45:37Z
131,35/2010/TT-BTC,12/03/2010,Bộ Tài chính,Thông tư số 35/2010/TT-BTC hướng dẫn về thuế xuất khẩu đối với gỗ và than cốc được sản xuất từ nguyên liệu nhập khẩu,67207,305,18,CAN_THO,null,26/04/2010,"https://files.customs.gov.vn/CAN_THO/28_Thue_XK_go,_than_coc_tu_NK-TT35.tif",https://www.customs.gov.vn/index.jsp?pageId=3&id=67207&cid=1294,2010,03/2010,2026-10-08T09:45:37Z
132,Cv0384/HQĐNa-NV,12/03/2010,Cục Hải Quan tỉnh Đồng Nai,Trả lời Công ty TNHH Đông Phương Đồng Nai Việt Vinh v/v Đăng ký định mức theo size,65377,305,16,DONG_NAI,null,null,https://files.customs.gov.vn/DONG_NAI//Data/CV_Hqdn/384_HQDN_NV_12_03_2010.PDF,https://www.customs.gov.vn/index.jsp?pageId=3&id=65377&cid=1294,2010,03/2010,2026-10-08T09:45:37Z
133,Cv0385/HQĐNa-NV,12/03/2010,Cục Hải Quan tỉnh Đồng Nai,Trả lời Công ty TNHH Hwaseung Vina v/v Đăng ký định mức theo size,65376,305,16,DONG_NAI,null,null,https://files.customs.gov.vn/DONG_NAI//Data/CV_Hqdn/385_HQDN_NV_12_03_2010.PDF,https://www.customs.gov.vn/index.jsp?pageId=3&id=65376&cid=1294,2010,03/2010,2026-10-08T09:45:37Z
134,Cv0386/HQĐNa-NV,12/03/2010,Cục Hải Quan tỉnh Đồng Nai,Trả lời Công ty TNHH Dịch vụ vận tải và Thương mại Công Thành v/v Đăng ký định mức theo size,65375,305,16,DONG_NAI,null,null,https://files.customs.gov.vn/DONG_NAI//Data/CV_Hqdn/386_HQDN_NV_12_03_2010.PDF,https://www.customs.gov.vn/index.jsp?pageId=3&id=65375&cid=1294,2010,03/2010,2026-10-08T09:45:37Z
135,TT34/2010/TT-BTC,12/03/2010,Bộ Tài chính,V/v Hướng dẫn thực hiện xoá nợ thuế và các khoản phải nộp Ngân sách Nhà nước đối với Doanh nghiệp Nhà nước thực hiện sắp xếp chuyển đổi trước ngày 01/7/2007,63669,305,4,DONG_NAI,null,26/04/2010,,https://www.customs.gov.vn/index.jsp?pageId=3&id=63669&cid=1294,2010,03/2010,2026-10-08T09:45:37Z
136,TT35/2010/TT-BTC,12/03/2010,Bộ Tài chính,V/v Hướng dẫn về thuế xuất khẩu đối với gỗ và than cốc được sản xuất từ nguyên liệu nhập khẩu,63668,305,4,DONG_NAI,null,26/04/2010,,https://www.customs.gov.vn/index.jsp?pageId=3&id=63668&cid=1294,2010,03/2010,2026-10-08T09:45:37Z
137,Cv0370/HQĐNa-NV,11/03/2010,Cục Hải Quan tỉnh Đồng Nai,Trả lời Công ty TNHH Splendour v/v Đăng ký định mức theo size,65379,305,16,DONG_NAI,null,null,https://files.customs.gov.vn/DONG_NAI//Data/CV_Hqdn/370_HQDN_NV_11_03_2010.PDF,https://www.customs.gov.vn/index.jsp?pageId=3&id=65379&cid=1294,2010,03/2010,2026-10-08T09:45:37Z
138,Cv0371/HQĐNa-NV,11/03/2010,Cục Hải Quan tỉnh Đồng Nai,Trả lời Công ty TNHH May mặc United Sweethearts Việt Nam v/v Đăng ký định mức theo size,65378,305,16,DONG_NAI,null,null,https://files.customs.gov.vn/DONG_NAI//Data/CV_Hqdn/371_HQDN_NV_11_03_2010.PDF,https://www.customs.gov.vn/index.jsp?pageId=3&id=65378&cid=1294,2010,03/2010,2026-10-08T09:45:37Z
139,11/2010/TT-BNNPTNT,10/03/2010,Bộ Nông nghiệp và Phát triển nông thôn,Thông tư Ban hành “Danh mục bổ sung giống cây trồng được phép sản xuất kinh doanh ở Việt Nam”,61234,305,4,TONG_CUC,Bùi Bá Bổng,24/04/2010,,https://www.customs.gov.vn/index.jsp?pageId=3&id=61234&cid=1294,2010,03/2010,2026-10-08T09:45:37Z
140,Cv0361/HQĐNa-NV,10/03/2010,Cục Hải Quan tỉnh Đồng Nai,Trả lời Công ty TNHH một thành viên XD cấp nước Đồng Nai v/v Điều chỉnh Giấy chứng nhận đầu tư,65380,305,16,DONG_NAI,null,null,https://files.customs.gov.vn/DONG_NAI//Data/CV_Hqdn/361_HQDN_NV_10_03_2010.PDF,https://www.customs.gov.vn/index.jsp?pageId=3&id=65380&cid=1294,2010,03/2010,2026-10-08T09:45:37Z
141,TT11/2010/TT-BNNPTNT,10/03/2010,Bộ Nông nghiệp và Phát triển nông thôn,V/v Ban hành “Danh mục bổ sung giống cây trồng được phép sản xuất kinh doanh ở Việt Nam”,63670,305,4,DONG_NAI,null,24/04/2010,,https://www.customs.gov.vn/index.jsp?pageId=3&id=63670&cid=1294,2010,03/2010,2026-10-08T09:45:37Z
142,31/2010/TT-BTC,09/03/2010,Bộ Tài chính,"Thông tư số 31/2010/TT-BTC về việc sửa đổi, bổ sung thuế suất thuế nhập khẩu ưu đãi một số mặt hàng tại Thông tư 216/2009/TT-BTC ngày 12/11/2009",67208,305,18,CAN_THO,null,14/04/2010,https://files.customs.gov.vn/CAN_THO/29_TT31-Sua_doi_bieu_thue.tif,https://www.customs.gov.vn/index.jsp?pageId=3&id=67208&cid=1294,2010,03/2010,2026-10-08T09:45:37Z
143,CV2824/BTC-TCHQ,09/03/2010,Bộ Tài chính,V/v Chứng từ trong hồ sơ,63672,305,16,DONG_NAI,null,null,,https://www.customs.gov.vn/index.jsp?pageId=3&id=63672&cid=1294,2010,03/2010,2026-10-08T09:45:37Z
144,Cv0352/HQĐNa-NV,09/03/2010,Cục Hải Quan tỉnh Đồng Nai,Trả lời Công ty Xe đạp Con Rồng Việt Nam TNHH v/v Phương án trả nợ thuế,65387,305,16,DONG_NAI,null,null,https://files.customs.gov.vn/DONG_NAI//Data/CV_Hqdn/352_HQDN_NV_09_03_2010.PDF,https://www.customs.gov.vn/index.jsp?pageId=3&id=65387&cid=1294,2010,03/2010,2026-10-08T09:45:37Z
145,Cv0353/HQĐNa-NV,09/03/2010,Cục Hải Quan tỉnh Đồng Nai,V/v Thực hiện công văn số 286/HQĐNa-NV ngày 24/02/2010,65386,305,16,DONG_NAI,null,null,https://files.customs.gov.vn/DONG_NAI//Data/CV_Hqdn/353_HQDN_NV_09_03_2010.PDF,https://www.customs.gov.vn/index.jsp?pageId=3&id=65386&cid=1294,2010,03/2010,2026-10-08T09:45:37Z
146,Cv0354/HQĐNa-NV,09/03/2010,Cục Hải Quan tỉnh Đồng Nai,Trả lời Công ty TNHH Canova Rostaing Việt Nam v/v Chuyển địa điểm thực hiện dự án đầu tư,65385,305,16,DONG_NAI,null,null,https://files.customs.gov.vn/DONG_NAI//Data/CV_Hqdn/354_HQDN_NV_09_03_2010.PDF,https://www.customs.gov.vn/index.jsp?pageId=3&id=65385&cid=1294,2010,03/2010,2026-10-08T09:45:37Z
147,Cv0355/HQĐNa-NV,09/03/2010,Cục Hải Quan tỉnh Đồng Nai,Trả lời Công ty TNHH SXTMDV Đồng Gia Việt v/v Xác định mã số thuế XK mặt hàng ván gỗ ghép,65384,305,16,DONG_NAI,null,null,https://files.customs.gov.vn/DONG_NAI//Data/CV_Hqdn/355_HQDN_NV_09_03_2010.PDF,https://www.customs.gov.vn/index.jsp?pageId=3&id=65384&cid=1294,2010,03/2010,2026-10-08T09:45:37Z
148,Cv0356/HQĐNa-NV,09/03/2010,Cục Hải Quan tỉnh Đồng Nai,Trả lời Công ty Chang Shin Việt Nam TNHH v/v Xuất khẩu phế liệu của DNCX vào thị trường nội địa,65383,305,16,DONG_NAI,null,null,https://files.customs.gov.vn/DONG_NAI//Data/CV_Hqdn/356_HQDN_NV_09_03_2010.PDF,https://www.customs.gov.vn/index.jsp?pageId=3&id=65383&cid=1294,2010,03/2010,2026-10-08T09:45:37Z
149,Cv0357/HQĐNa-NV,09/03/2010,Cục Hải Quan tỉnh Đồng Nai,Trả lời Doanh nghiệp tư nhân Tân Phát Tài v/v Mua phế liệu của DNCX không có trong DM phế liệu được phép NK,65382,305,16,DONG_NAI,null,null,https://files.customs.gov.vn/DONG_NAI//Data/CV_Hqdn/357_HQDN_NV_09_03_2010.PDF,https://www.customs.gov.vn/index.jsp?pageId=3&id=65382&cid=1294,2010,03/2010,2026-10-08T09:45:37Z
150,Cv0358/HQĐNa-NV,09/03/2010,Cục Hải Quan tỉnh Đồng Nai,Trả lời Công ty sản phẩm máy tính Fujitsu Việt Nam v/v Xuất khẩu phế liệu của DNCX vào thị trường nội địa,65381,305,16,DONG_NAI,null,null,https://files.customs.gov.vn/DONG_NAI//Data/CV_Hqdn/358_HQDN_NV_09_03_2010.PDF,https://www.customs.gov.vn/index.jsp?pageId=3&id=65381&cid=1294,2010,03/2010,2026-10-08T09:45:37Z
151,TT31/2010/TT-BTC,09/03/2010,Bộ Tài chính,"V/v Sửa đổi, bổ sung thuế suất thuế nhập khẩu ưu đãi một số mặt hàng  tại Thông tư 216/2009/TT-BTC ngày 12/11/2009",63671,305,4,DONG_NAI,null,null,,https://www.customs.gov.vn/index.jsp?pageId=3&id=63671&cid=1294,2010,03/2010,2026-10-08T09:45:37Z
152,1422/BKH-KTCN,08/03/2010,null,"Công văn số 1422/BKH-KTCN về việc xem xét nguyên liệu nhập khẩu ""ngô hạt"" thuộc loại trong nước sản xuất được",67302,305,18,CAN_THO,null,08/03/2010,https://files.customs.gov.vn/CAN_THO/kh1_3EFA2d01.PDF,https://www.customs.gov.vn/index.jsp?pageId=3&id=67302&cid=1294,2010,03/2010,2026-10-08T09:45:37Z
153,2786/BTC-CST,08/03/2010,Bộ Tài chính,Công văn số 2786/BTC-CST về việc thuế nhập khẩu ưu đãi mặt hàng thép cốt bê tông,67209,305,18,CAN_THO,null,08/03/2010,https://files.customs.gov.vn/CAN_THO/30_Thue_Thep_cot_be_tong-CV2786.tif,https://www.customs.gov.vn/index.jsp?pageId=3&id=67209&cid=1294,2010,03/2010,2026-10-08T09:45:37Z
154,CV1422/BKH-KTCN,08/03/2010,Bộ Kế Hoạch và Đầu Tư,V/v Xem xét nguyên liệu nhập khẩu “ngô hạt” thuộc loại trong nước sản xuất được,63673,305,16,DONG_NAI,null,null,,https://www.customs.gov.vn/index.jsp?pageId=3&id=63673&cid=1294,2010,03/2010,2026-10-08T09:45:37Z
155,Cv0341/HQĐNa-ĐKS,08/03/2010,Cục Hải Quan tỉnh Đồng Nai,V/v Triển khai hoạt động tại địa điểm kiểm tra tập trung ICD Tân Cảng - Long Bình,65389,305,16,DONG_NAI,null,null,https://files.customs.gov.vn/DONG_NAI//Data/CV_Hqdn/341_HQDN_DKS_08_03_2010.PDF,https://www.customs.gov.vn/index.jsp?pageId=3&id=65389&cid=1294,2010,03/2010,2026-10-08T09:45:37Z
156,Cv0342/HQĐNa-NV,08/03/2010,Cục Hải Quan tỉnh Đồng Nai,Trả lời Công ty TNHH Hight Point Việt Nam v/v Giải trình kế hoạch nộp thuế nhập khẩu và xin mở tờ khai nhập khẩu,65388,305,16,DONG_NAI,null,null,https://files.customs.gov.vn/DONG_NAI//Data/CV_Hqdn/342_HQDN_NV_08_03_2010.PDF,https://www.customs.gov.vn/index.jsp?pageId=3&id=65388&cid=1294,2010,03/2010,2026-10-08T09:45:37Z
157,1195/TCHQ-KTTT,05/03/2010,null,Công văn số 1195/TCHQ-KTTT về thuế TTĐB đối với mặt hàng bộ chuyển đổi Autogas,67200,305,18,CAN_THO,null,05/03/2010,https://files.customs.gov.vn/CAN_THO/07_Thue_TTDB_bo_chuyen_doi_Autogas_CV1195.tif,https://www.customs.gov.vn/index.jsp?pageId=3&id=67200&cid=1294,2010,03/2010,2026-10-08T09:45:37Z
158,1196/TCHQ-GSQL,05/03/2010,null,Công văn số 1196/TCHQ-GSQL về việc vướng mắc thực hiện Thông tư số 32/2009/TT-BCT ngày 05/11/2009 của Bộ Công Thương,67199,305,18,CAN_THO,null,05/03/2010,https://files.customs.gov.vn/CAN_THO/08_Vuong_mac_TT32_CV1196.tif,https://www.customs.gov.vn/index.jsp?pageId=3&id=67199&cid=1294,2010,03/2010,2026-10-08T09:45:37Z
159,CV1195/TCHQ-KTTT,05/03/2010,Tổng cục hải quan,V/v Thuế tiêu thụ đặc biệt đối với mặt hàng bộ chuyển đổi Autogas,63674,305,16,DONG_NAI,null,null,,https://www.customs.gov.vn/index.jsp?pageId=3&id=63674&cid=1294,2010,03/2010,2026-10-08T09:45:37Z
160,Cv0334/HQĐNa-LT,05/03/2010,Cục Hải Quan tỉnh Đồng Nai,V/v Thất lạc tờ khai (Công ty TNHH MTV Phan Kim),65390,305,16,DONG_NAI,null,null,https://files.customs.gov.vn/DONG_NAI//Data/CV_Hqdn/334_HQDN_LT_05_03_2010.PDF,https://www.customs.gov.vn/index.jsp?pageId=3&id=65390&cid=1294,2010,03/2010,2026-10-08T09:45:37Z
161,Cv0325/HQĐNa-NV,04/03/2010,Cục Hải Quan tỉnh Đồng Nai,Trả lời Công ty TNHH Gi-Wang Việt Nam v/v Đăng ký Danh mục hàng hóa nhập khẩu miễn thuế tạo TSCĐ,65394,305,16,DONG_NAI,null,null,https://files.customs.gov.vn/DONG_NAI//Data/CV_Hqdn/325_HQDN_NV_04_03_2010.PDF,https://www.customs.gov.vn/index.jsp?pageId=3&id=65394&cid=1294,2010,03/2010,2026-10-08T09:45:37Z
162,Cv0326/HQĐNa-NV,04/03/2010,Cục Hải Quan tỉnh Đồng Nai,Trả lời Công ty TNHH Shiogai Seiki Việt Nam v/v Đăng ký Danh mục hàng hóa nhập khẩu miễn thuế tạo TSCĐ,65393,305,16,DONG_NAI,null,null,https://files.customs.gov.vn/DONG_NAI//Data/CV_Hqdn/326_HQDN_NV_04_03_2010.PDF,https://www.customs.gov.vn/index.jsp?pageId=3&id=65393&cid=1294,2010,03/2010,2026-10-08T09:45:37Z
163,Cv0327/HQĐNa-NV,04/03/2010,Cục Hải Quan tỉnh Đồng Nai,Trả lời Xí nghiệp Epic Designers Việt Nam v/v Phạt chậm nộp thuế GTGT,65392,305,16,DONG_NAI,null,null,https://files.customs.gov.vn/DONG_NAI//Data/CV_Hqdn/327_HQDN_NV_04_03_2010.PDF,https://www.customs.gov.vn/index.jsp?pageId=3&id=65392&cid=1294,2010,03/2010,2026-10-08T09:45:37Z
164,Cv0331/HQĐNa-NV,04/03/2010,Cục Hải Quan tỉnh Đồng Nai,Trả lời Công ty Cổ phần Hòa Bình v/v Hồ sơ hoàn thuế nhập khẩu hàng xuất vào khu chế xuất và doanh nghiệp chế xuất,65391,305,16,DONG_NAI,null,null,https://files.customs.gov.vn/DONG_NAI//Data/CV_Hqdn/331_HQDN_NV_04_03_2010.PDF,https://www.customs.gov.vn/index.jsp?pageId=3&id=65391&cid=1294,2010,03/2010,2026-10-08T09:45:37Z
165,248/TB-HQCT,03/03/2010,null,V/v tuyển dụng công chức vào Cục Hải quan TP. Cần Thơ năm 2010,67194,305,18,CAN_THO,null,03/03/2010,https://files.customs.gov.vn/CAN_THO/03Danh_cho_thi_sinh_thi_tuyen.doc,https://www.customs.gov.vn/index.jsp?pageId=3&id=67194&cid=1294,2010,03/2010,2026-10-08T09:45:37Z
166,28/2010//TTLT-BTC-BKHCN,03/03/2010,Bộ Khoa Học Công Nghệ,"Thông Tư Liên Tịch hướng dẫn quản lý và sử dụng kinh phí đối với hoạt động kiểm tra Nhà Nước về chất lượng sản phẩm, hàng hoá",54424,305,4,TP_HO_CHI_MINH,Nguyễn Quân,17/04/2010,https://files.customs.gov.vn/CustomsCMS/TP_HO_CHI_MINH/2020/Web/Data/DocumentAttachments/28_2010_TTLT-BTC-BKHCN_101785.doc,https://www.customs.gov.vn/index.jsp?pageId=3&id=54424&cid=1294,2010,03/2010,2026-10-08T09:45:37Z
167,QĐ458/QĐ-BTC,02/03/2010,Bộ Tài chính,"V/v Đính chính Thông tư số 216/2009/TT-BTC ngày 12/11/2009 của Bộ trưởng Bộ Tài chính qui định mức thuế suất của Biểu thuế xuất khẩu, Biểu thuế nhập khẩu ưu đãi theo Danh mục mặt hàng chịu thuế",63675,305,10,DONG_NAI,null,01/01/2010,,https://www.customs.gov.vn/index.jsp?pageId=3&id=63675&cid=1294,2010,03/2010,2026-10-08T09:45:37Z
168,NĐ15/2010/NĐ-CP,01/03/2010,Chính phủ,"V/v Quy định về xử phạt vi phạm hành chính trong hoạt động sản xuất, kinh doanh phân bón",63676,305,8,DONG_NAI,null,14/04/2010,,https://www.customs.gov.vn/index.jsp?pageId=3&id=63676&cid=1294,2010,03/2010,2026-10-08T09:45:37Z
169,10/2010/TT-BYT,29/04/2010,Bộ Y tế,Thông tư 10/2010/TT-BYT hướng dẫn các hoạt động liên quan đến thuốc gây nghiện,61343,305,4,BA_RIA_VUNG_TAU,Cao Minh Quang,13/06/2010,https://files.customs.gov.vn/BA_RIA_VUNG_TAU/uploads/document/450/10_2010_TT_BYT Phu luc.doc,https://www.customs.gov.vn/index.jsp?pageId=3&id=61343&cid=1294,2010,04/2010,2026-10-08T09:45:37Z
170,11/2010/TT-BYT,29/04/2010,Bộ Y tế,Thông tư 11/2010/TT-BYT hướng dẫn các hoạt động liên quan đến thuốc hướng tâm thần và tiền chất dùng làm thuốc,61344,305,4,BA_RIA_VUNG_TAU,Cao Minh Quang,13/06/2010,https://files.customs.gov.vn/BA_RIA_VUNG_TAU/uploads/document/451/11_2010_TT_BYT phu luc.doc,https://www.customs.gov.vn/index.jsp?pageId=3&id=61344&cid=1294,2010,04/2010,2026-10-08T09:45:37Z
171,QĐ934/QĐ-BTC,29/04/2010,Bộ Tài chính,V/v Đính chính Thông tư số 34/2010/TT-BTC ngày 12/03/2010 của Bộ Tài chính hướng dẫn thực hiện xóa nợ thuế và các khoản phải nộp ngân sách nhà nước đối với doanh nghiệp nhà nước thực hiện sắp xếp chuyển đổi trước ngày,63641,305,10,DONG_NAI,null,26/04/2010,,https://www.customs.gov.vn/index.jsp?pageId=3&id=63641&cid=1294,2010,04/2010,2026-10-08T09:45:37Z
172,TT11/2010/TT-BYT,29/04/2010,Bộ Y tế,V/v Hướng dẫn các hoạt động liên quan đến thuốc hướng tâm thần và tiền chất dùng làm thuốc,63640,305,4,DONG_NAI,null,null,,https://www.customs.gov.vn/index.jsp?pageId=3&id=63640&cid=1294,2010,04/2010,2026-10-08T09:45:37Z
173,09/2010/TT-BYT,28/04/2010,Bộ Y tế,Thông tư 09/2010/TT-BYT hướng dẫn việc quản lý chất lượng thuốc,61342,305,4,TONG_CUC,Cao Minh Quang,01/07/2010,,https://www.customs.gov.vn/index.jsp?pageId=3&id=61342&cid=1294,2010,04/2010,2026-10-08T09:45:37Z
174,CV5371/BTC-HTQT,28/04/2010,Bộ Tài chính,V/v Bổ sung Inđônêxia và Campuchia vào danh sách nước được hưởng thuế AJCEP,63643,305,16,DONG_NAI,null,null,,https://www.customs.gov.vn/index.jsp?pageId=3&id=63643&cid=1294,2010,04/2010,2026-10-08T09:45:37Z
175,Cv0638/HQĐNa-NV,28/04/2010,Cục Hải Quan tỉnh Đồng Nai,Trả lời Công ty Cổ phần Hòa Việt v/v Xin phép tiêu thụ nội địa phế liệu thuốc lá nằm trong định mức tiêu hao,65343,305,16,DONG_NAI,null,null,https://files.customs.gov.vn/DONG_NAI//Data/CV_Hqdn/638_HQDNa_NV_28_04_2010.PDF,https://www.customs.gov.vn/index.jsp?pageId=3&id=65343&cid=1294,2010,04/2010,2026-10-08T09:45:37Z
176,Cv0639/HQĐNa-NV,28/04/2010,Cục Hải Quan tỉnh Đồng Nai,Trả lời Công ty TNHH Việt Hoằng v/v Đăng ký danh mục hàng hóa nhập khẩu miễn thuế tạo TSCĐ,65342,305,16,DONG_NAI,null,null,https://files.customs.gov.vn/DONG_NAI//Data/CV_Hqdn/639_HQDNa_NV_28_04_2010.PDF,https://www.customs.gov.vn/index.jsp?pageId=3&id=65342&cid=1294,2010,04/2010,2026-10-08T09:45:37Z
177,TT09/2010/TT-BYT,28/04/2010,Bộ Y tế,V/v Hướng dẫn việc quản lý chất lượng thuốc,63642,305,4,DONG_NAI,null,01/07/2010,https://files.customs.gov.vn/DONG_NAI//Data/CV_BYT/09_2010_TT_BYT_28_04_2010.pdf,https://www.customs.gov.vn/index.jsp?pageId=3&id=63642&cid=1294,2010,04/2010,2026-10-08T09:45:37Z
178,Cv0628/HQĐNa-NV,27/04/2010,Cục Hải Quan tỉnh Đồng Nai,Trả lời Công ty TNHH Thương mại - Dịch vụ - Giao nhận Hùng Anh v/v Xin làm đại lý Hải quan,65344,305,16,DONG_NAI,null,null,https://files.customs.gov.vn/DONG_NAI//Data/CV_Hqdn/628_HQDNa_NV_27_04_2010.PDF,https://www.customs.gov.vn/index.jsp?pageId=3&id=65344&cid=1294,2010,04/2010,2026-10-08T09:45:37Z
179,2154/TCHQ-KTTT,26/04/2010,Tổng cục hải quan,Công văn số 2154/TCHQ-KTTT của Tổng cục Hải quan về việc xử lý đề nghị miễn thuế NK thiết bị viện trợ,42906,305,18,QUANG_BINH,null,null,https://files.customs.gov.vn/CustomsCMS/QUANG_BINH/2021/04CV215410TCHQKTTT.doc,https://www.customs.gov.vn/index.jsp?pageId=3&id=42906&cid=1294,2010,04/2010,2026-10-08T09:45:37Z
180,Cv0625/HQĐNa-NV,26/04/2010,Cục Hải Quan tỉnh Đồng Nai,Trả lời Công ty TNHH Bultel International Việt Nam v/v Giải tỏa cưỡng chế,65345,305,16,DONG_NAI,null,null,https://files.customs.gov.vn/DONG_NAI//Data/CV_Hqdn/625_HQDNa_NV_26_04_2010.PDF,https://www.customs.gov.vn/index.jsp?pageId=3&id=65345&cid=1294,2010,04/2010,2026-10-08T09:45:37Z
181,TT68/2010/TT-BTC,26/04/2010,Bộ Tài chính,V/v Hướng dẫn về lệ phí trước bạ,63644,305,4,DONG_NAI,null,10/06/2010,,https://www.customs.gov.vn/index.jsp?pageId=3&id=63644&cid=1294,2010,04/2010,2026-10-08T09:45:37Z
182,65/2010/TT-BTC,22/04/2010,null,Sửa đổi mức thuế suất thuế nhập khẩu mặt hàng xe ôtô thuộc nhóm 8704 tại Biểu thuế nhập khẩu ưu đãi và hướng dẫn phân loại xe tự đổ,73266,305,4,DA_NANG,admin,22/04/2010,https://files.customs.gov.vn/DA_NANG/Uploads/65e32243-11bf-4695-985d-c1563e8c13ba/TT 65 - BTC.doc,https://www.customs.gov.vn/index.jsp?pageId=3&id=73266&cid=1294,2010,04/2010,2026-10-08T09:45:37Z
183,Cv0613/HQĐNa-NV,22/04/2010,Cục Hải Quan tỉnh Đồng Nai,Trả lời Công ty TNHH Yupoong Việt Nam v/v Thanh lý bán xe ô tô của doanh nghiệp chế xuất,65348,305,16,DONG_NAI,null,null,https://files.customs.gov.vn/DONG_NAI//Data/CV_Hqdn/613_HQDNa_NV_22_04_2010.PDF,https://www.customs.gov.vn/index.jsp?pageId=3&id=65348&cid=1294,2010,04/2010,2026-10-08T09:45:37Z
184,Cv0619/HQĐNa-HĐH,22/04/2010,Cục Hải Quan tỉnh Đồng Nai,V/v Triển khai thủ tục Hải quan điện tử đối với loại hình SXXK,65347,305,16,DONG_NAI,null,null,https://files.customs.gov.vn/DONG_NAI//Data/CV_Hqdn/619_HQDNa_HDH_22_04_2010.PDF,https://www.customs.gov.vn/index.jsp?pageId=3&id=65347&cid=1294,2010,04/2010,2026-10-08T09:45:37Z
185,Cv0621/HQĐNa-NV,22/04/2010,Cục Hải Quan tỉnh Đồng Nai,Trả lời Công ty TNHH Jang In Furniture Việt Nam v/v Điều chỉnh Danh mục hàng hóa NK miễn thuế tạo TSCĐ,65346,305,16,DONG_NAI,null,null,https://files.customs.gov.vn/DONG_NAI//Data/CV_Hqdn/621_HQDNa_NV_22_04_2010.PDF,https://www.customs.gov.vn/index.jsp?pageId=3&id=65346&cid=1294,2010,04/2010,2026-10-08T09:45:37Z
186,TT63/2010/TT-BTC,22/04/2010,Bộ Tài chính,V/v Hướng dẫn việc điều chỉnh mức thuế suất thuế nhập khẩu ưu đãi đối với một số mặt hàng trong Biểu thuế nhập khẩu ưu đãi,63646,305,4,DONG_NAI,null,06/06/2010,,https://www.customs.gov.vn/index.jsp?pageId=3&id=63646&cid=1294,2010,04/2010,2026-10-08T09:45:37Z
187,TT65/2010/TT-BTC,22/04/2010,Bộ Tài chính,V/v Sửa đổi mức thuế suất thuế nhập khẩu mặt hàng xe ôtô thuộc nhóm 8704 tại Biểu thuế nhập khẩu ưu đãi  và hướng dẫn phân loại xe tự đổ,63645,305,4,DONG_NAI,null,26/04/2010,,https://www.customs.gov.vn/index.jsp?pageId=3&id=63645&cid=1294,2010,04/2010,2026-10-08T09:45:37Z
188,Cv0603/HQĐNa-NV,21/04/2010,Cục Hải Quan tỉnh Đồng Nai,Trả lời Công ty TNHH Hyosung Việt Nam v/v Đăng ký Danh mục hàng hóa nhập khẩu miễn thuế tạo TSCĐ,65350,305,16,DONG_NAI,null,null,https://files.customs.gov.vn/DONG_NAI//Data/CV_Hqdn/603_HQDNa_NV_21_04_2010.PDF,https://www.customs.gov.vn/index.jsp?pageId=3&id=65350&cid=1294,2010,04/2010,2026-10-08T09:45:37Z
189,Cv0604/HQĐNa-NV,21/04/2010,Cục Hải Quan tỉnh Đồng Nai,Trả lời Công ty Ajinomoto Việt Nam v/v Đăng ký Danh mục hàng hóa nhập khẩu miễn thuế tạo TSCĐ,65349,305,16,DONG_NAI,null,null,https://files.customs.gov.vn/DONG_NAI//Data/CV_Hqdn/604_HQDNa_NV_21_04_2010.PDF,https://www.customs.gov.vn/index.jsp?pageId=3&id=65349&cid=1294,2010,04/2010,2026-10-08T09:45:37Z
190,TT61/2010/TT-BTC,21/04/2010,Bộ Tài chính,V/v Hướng dẫn miễn thuế nhập khẩu đối với máy thu trực canh cấp cho ngư dân,63647,305,4,DONG_NAI,null,04/06/2010,,https://www.customs.gov.vn/index.jsp?pageId=3&id=63647&cid=1294,2010,04/2010,2026-10-08T09:45:37Z
191,Cv0590/HQĐNa-NV,20/04/2010,Cục Hải Quan tỉnh Đồng Nai,Trả lời Công ty TNHH Shiseido Việt Nam v/v Nhập khẩu hàng hóa nợ giấy xác nhận khai báo hóa chất nguy hiểm,65353,305,16,DONG_NAI,null,null,https://files.customs.gov.vn/DONG_NAI//Data/CV_Hqdn/590_HQDNa_NV_20_04_2010.PDF,https://www.customs.gov.vn/index.jsp?pageId=3&id=65353&cid=1294,2010,04/2010,2026-10-08T09:45:37Z
192,Cv0592/HQĐNa-NV,20/04/2010,Cục Hải Quan tỉnh Đồng Nai,Trả lời Công ty TNHH Da Luen Việt Nam v/v Đăng ký Danh mục hàng hóa nhập khẩu miễn thuế tạo TSCĐ,65352,305,16,DONG_NAI,null,null,https://files.customs.gov.vn/DONG_NAI//Data/CV_Hqdn/592_HQDNa_NV_20_04_2010.PDF,https://www.customs.gov.vn/index.jsp?pageId=3&id=65352&cid=1294,2010,04/2010,2026-10-08T09:45:37Z
193,Cv0595/HQĐNa-NV,20/04/2010,Cục Hải Quan tỉnh Đồng Nai,Trả lời Công ty TNHH Posco VST v/v Đăng ký Danh mục hàng hóa nhập khẩu miễn thuế tạo TSCĐ,65351,305,16,DONG_NAI,null,null,https://files.customs.gov.vn/DONG_NAI//Data/CV_Hqdn/595_HQDNa_NV_20_04_2010.PDF,https://www.customs.gov.vn/index.jsp?pageId=3&id=65351&cid=1294,2010,04/2010,2026-10-08T09:45:37Z
194,TT16/2010/TT-BCT,20/04/2010,Bộ Công thương,V/v Cấp mã số nhà sản xuất hàng dệt may xuất khẩu sang thị trường Hoa Kỳ,63648,305,4,DONG_NAI,null,null,,https://www.customs.gov.vn/index.jsp?pageId=3&id=63648&cid=1294,2010,04/2010,2026-10-08T09:45:37Z
195,Cv0577/HQĐNa-VP,19/04/2010,Cục Hải Quan tỉnh Đồng Nai,"V/v Nghỉ lễ Giỗ tổ Hùng Vương, kỷ niệm 35 năm ngày giải phóng hoàn toàn miền Nam thống nhất đất nước và ngày quốc tế Lao động 01/05",65355,305,16,DONG_NAI,null,null,https://files.customs.gov.vn/DONG_NAI//Data/CV_Hqdn/577_HQDNa_VP_19_04_2010.PDF,https://www.customs.gov.vn/index.jsp?pageId=3&id=65355&cid=1294,2010,04/2010,2026-10-08T09:45:37Z
196,Cv0580/HQĐNa-NV,19/04/2010,Cục Hải Quan tỉnh Đồng Nai,Trả lời Công ty TNHH Vopak Việt Nam v/v Thành lập kho ngoại quan,65354,305,16,DONG_NAI,null,null,https://files.customs.gov.vn/DONG_NAI//Data/CV_Hqdn/580_HQDNa_NV_19_04_2010.PDF,https://www.customs.gov.vn/index.jsp?pageId=3&id=65354&cid=1294,2010,04/2010,2026-10-08T09:45:37Z
197,TT59/2010/TT-BTC,19/04/2010,Bộ Tài chính,V/v Hướng dẫn thực hiện mức thuế suất thuế nhập khẩu ưu đãi đối với một số mặt hàng thuộc nhóm 2710 tại Biểu thuế nhập khẩu ưu đãi,63649,305,4,DONG_NAI,null,21/04/2010,,https://www.customs.gov.vn/index.jsp?pageId=3&id=63649&cid=1294,2010,04/2010,2026-10-08T09:45:37Z
198,CV1967/TCHQ-KTTT,16/04/2010,Tổng cục hải quan,V/v Thu lệ phí Hải quan,63283,305,16,DONG_NAI,null,null,,https://www.customs.gov.vn/index.jsp?pageId=3&id=63283&cid=1294,2010,04/2010,2026-10-08T09:45:37Z
199,Cv0557/HQĐNa-NV,16/04/2010,Cục Hải Quan tỉnh Đồng Nai,Trả lời Công ty TNHH Samwoo Việt Nam v/v Đăng ký Danh mục hàng hóa nhập khẩu tạo TSCĐ,65356,305,16,DONG_NAI,null,null,https://files.customs.gov.vn/DONG_NAI//Data/CV_Hqdn/557_HQDNa_NV_16_04_2010.PDF,https://www.customs.gov.vn/index.jsp?pageId=3&id=65356&cid=1294,2010,04/2010,2026-10-08T09:45:37Z
200,TT55/2010/TT-BTC,16/04/2010,Bộ Tài chính,"V/v Hướng dẫn về thuế giá trị gia tăng và thuế thu nhập doanh nghiệp đối với Đài Truyền hình Việt Nam và các Đài Truyền hình, Đài Phát thanh-Truyền hình tỉnh, thành phố",63651,305,4,DONG_NAI,null,null,,https://www.customs.gov.vn/index.jsp?pageId=3&id=63651&cid=1294,2010,04/2010,2026-10-08T09:45:37Z
201,TT58/2010/TT-BTC,16/04/2010,Bộ Tài chính,V/v Ban hành Biểu thuế nhập khẩu ưu đãi đặc biệt của Việt Nam để thực hiện Khu vực mậu dịch tự do ASEAN-Ấn Độ giai đoạn 2010-2012,63650,305,4,DONG_NAI,null,01/06/2010,,https://www.customs.gov.vn/index.jsp?pageId=3&id=63650&cid=1294,2010,04/2010,2026-10-08T09:45:37Z
202,36/2010/QÐ-TTG,15/04/2010,Thủ tướng Chính phủ,"Ban hành “Quy chế phối hợp kiểm tra chất lượng sản phẩm, hàng hoá”",53769,305,10,TP_HO_CHI_MINH,Nguyễn Thiện Nhân,07/06/2010,"https://files.customs.gov.vn/CustomsCMS/TP_HO_CHI_MINH/2020/Web/Data/DocumentAttachments/Quy_che.doc,/CustomsCMS/TP_HO_CHI_MINH/2020/Web/Data/DocumentAttachments/36_2010_QD_TTg_Ban_hanh_“Quy_che_phoi_hop_kiem_tra_chat_luong_san_pham__hang_hoa”.doc",https://www.customs.gov.vn/index.jsp?pageId=3&id=53769&cid=1294,2010,04/2010,2026-10-08T09:45:37Z
203,CV4695/BCT-CST,15/04/2010,Bộ Công thương,V/v Thuế suất thuế GTGT đối với phim,63652,305,16,DONG_NAI,null,null,,https://www.customs.gov.vn/index.jsp?pageId=3&id=63652&cid=1294,2010,04/2010,2026-10-08T09:45:37Z
204,Cv0554/HQĐNa-NV,15/04/2010,Cục Hải Quan tỉnh Đồng Nai,Trả lời Công ty Sun Metallurgy v/v Đăng ký Danh mục hàng hóa nhập khẩu miễn thuế tạo TSCĐ,65357,305,16,DONG_NAI,null,null,https://files.customs.gov.vn/DONG_NAI//Data/CV_Hqdn/554_HQDNa_NV_15_04_2010.PDF,https://www.customs.gov.vn/index.jsp?pageId=3&id=65357&cid=1294,2010,04/2010,2026-10-08T09:45:37Z
205,Cv0543/HQĐNa-NV,14/04/2010,Cục Hải Quan tỉnh Đồng Nai,V/v Hướng dẫn thực hiện công văn số 0286/HQĐNa-NV,65360,305,16,DONG_NAI,null,null,https://files.customs.gov.vn/DONG_NAI//Data/CV_Hqdn/543_HQDNa_NV_14_04_2010.PDF,https://www.customs.gov.vn/index.jsp?pageId=3&id=65360&cid=1294,2010,04/2010,2026-10-08T09:45:37Z
206,Cv0544/HQĐNa-NV,14/04/2010,Cục Hải Quan tỉnh Đồng Nai,Trả lời Công ty Liên doanh Cáp Taihan - Sacom v/v Đăng ký Danh mục hàng hóa nhập khẩu tạo TSCĐ,65359,305,16,DONG_NAI,null,null,https://files.customs.gov.vn/DONG_NAI//Data/CV_Hqdn/544_HQDNa_NV_14_04_2010.PDF,https://www.customs.gov.vn/index.jsp?pageId=3&id=65359&cid=1294,2010,04/2010,2026-10-08T09:45:37Z
207,Cv0550/HQĐNa-NV,14/04/2010,Cục Hải Quan tỉnh Đồng Nai,Trả lời Công ty TNHH Posco VST v/v Đăng ký Danh mục hàng hóa nhập khẩu tạo TSCĐ,65358,305,16,DONG_NAI,null,null,https://files.customs.gov.vn/DONG_NAI//Data/CV_Hqdn/550_HQDNa_NV_14_04_2010.PDF,https://www.customs.gov.vn/index.jsp?pageId=3&id=65358&cid=1294,2010,04/2010,2026-10-08T09:45:37Z
208,40/2010/NĐ-CP,12/04/2010,Chính phủ,Nghị định số 40/2010/NĐ-CP của Chính phủ về kiểm tra và xử lý văn bản quy phạm pháp luật,42741,305,18,QUANG_BINH,null,null,https://files.customs.gov.vn/CustomsCMS/QUANG_BINH/2021/04/images/stories/files/ND4010CP.doc,https://www.customs.gov.vn/index.jsp?pageId=3&id=42741&cid=1294,2010,04/2010,2026-10-08T09:45:37Z
209,48/2010/TT-BTC,12/04/2010,Bộ Tài chính,"Thông Tư hướng dẫn chế độ thu, nộp và quản lý sử dụng lệ phí cấp giấy phép kinh doanh lữ hành Quốc Tế, cấp giấy phép thành lập chi nhánh, văn phòng đại diện doanh nghiệp du lịch nước ngoài tại Việt Nam, cấp thẻ hướng dẫn viên du lịch, cấp giấy chứng nhận thuyết minh viên",58461,305,4,TP_HO_CHI_MINH,Đỗ Hoàng Anh Tuấn,27/05/2010,https://files.customs.gov.vn/CustomsCMS/TP_HO_CHI_MINH/2020/Web/Data/DocumentAttachments/48_2010_TT-BTC_104194.doc,https://www.customs.gov.vn/index.jsp?pageId=3&id=58461&cid=1294,2010,04/2010,2026-10-08T09:45:37Z
210,49/2010/TT-BTC,12/04/2010,null,"Hướng dẫn việc phân loại, áp dụng mức thuế đối với
hàng hóa xuất khẩu, nhập khẩu",73259,305,4,DA_NANG,admin,12/04/2010,https://files.customs.gov.vn/DA_NANG/Uploads/65e32243-11bf-4695-985d-c1563e8c13ba/TT 49-2010.doc,https://www.customs.gov.vn/index.jsp?pageId=3&id=73259&cid=1294,2010,04/2010,2026-10-08T09:45:37Z
211,Cv0526/HQĐNa-NV,12/04/2010,Cục Hải Quan tỉnh Đồng Nai,Trả lời Công ty TNHH Sun Metallurgy v/v Đăng ký danh mục hàng hóa nhập khẩu tạo TSCĐ,65363,305,16,DONG_NAI,null,null,https://files.customs.gov.vn/DONG_NAI//Data/CV_Hqdn/526_HQDNa_NV_12_04_2010.PDF,https://www.customs.gov.vn/index.jsp?pageId=3&id=65363&cid=1294,2010,04/2010,2026-10-08T09:45:37Z
212,Cv0527/HQĐNa-NV,12/04/2010,Cục Hải Quan tỉnh Đồng Nai,Trả lời Công ty TNHH Gas Việt Nhật v/v Đăng ký danh mục hàng hóa nhập khẩu tạo TSCĐ,65362,305,16,DONG_NAI,null,null,https://files.customs.gov.vn/DONG_NAI//Data/CV_Hqdn/527_HQDNa_NV_12_04_2010.PDF,https://www.customs.gov.vn/index.jsp?pageId=3&id=65362&cid=1294,2010,04/2010,2026-10-08T09:45:37Z
213,Cv0528/HQĐNa-NV,12/04/2010,Cục Hải Quan tỉnh Đồng Nai,Trả lời Công ty TNHH Da Luen Việt Nam v/v Đăng ký danh mục hàng hóa nhập khẩu tạo TSCĐ,65361,305,16,DONG_NAI,null,null,https://files.customs.gov.vn/DONG_NAI//Data/CV_Hqdn/528_HQDNa_NV_12_04_2010.PDF,https://www.customs.gov.vn/index.jsp?pageId=3&id=65361&cid=1294,2010,04/2010,2026-10-08T09:45:37Z
214,NĐ40/2010/NĐ-CP,12/04/2010,Chính phủ,V/v Kiểm tra và xử lý văn bản quy phạm pháp luật,63656,305,8,DONG_NAI,null,null,https://files.customs.gov.vn/DONG_NAI//Data/Nghi_dinh/40_2010_ND_CP_12_04_2010.pdf,https://www.customs.gov.vn/index.jsp?pageId=3&id=63656&cid=1294,2010,04/2010,2026-10-08T09:45:37Z
215,QĐ1162/QĐ-BYT,12/04/2010,Bộ Y tế,V/v Công bố 05 sinh phẩm y tế  được phép lưu hành tại Việt Nam - đợt 10,63654,305,10,DONG_NAI,null,null,,https://www.customs.gov.vn/index.jsp?pageId=3&id=63654&cid=1294,2010,04/2010,2026-10-08T09:45:37Z
216,QĐ1163/QĐ-BYT,12/04/2010,Bộ Y tế,V/v Công bố 01 vắc xin   được phép lưu hành tại Việt Nam,63653,305,10,DONG_NAI,null,null,https://files.customs.gov.vn/DONG_NAI//Data/CV_BYT/1163_QD_BYT_12_4_2010.pdf,https://www.customs.gov.vn/index.jsp?pageId=3&id=63653&cid=1294,2010,04/2010,2026-10-08T09:45:37Z
217,TT49/2010/TT-BTC,12/04/2010,Bộ Tài chính,"V/v Hướng dẫn việc phân loại, áp dụng mức thuế đối với hàng hóa xuất khẩu, nhập khẩu",63655,305,4,DONG_NAI,null,27/05/2010,https://files.customs.gov.vn/DONG_NAI//Data/CV_BTC/49_2010_TT_BTC_12_04_2010.pdf,https://www.customs.gov.vn/index.jsp?pageId=3&id=63655&cid=1294,2010,04/2010,2026-10-08T09:45:37Z
218,582/QLCL-CL1,09/04/2010,null,Công văn số 582/QLCL-CL1 về việc triển khai thực hiện Thông tư số 09/2010/TT-BNNPTNT,67306,305,18,CAN_THO,null,09/04/2010,https://files.customs.gov.vn/CAN_THO/nn5_ED1FCd01.PDF,https://www.customs.gov.vn/index.jsp?pageId=3&id=67306&cid=1294,2010,04/2010,2026-10-08T09:45:37Z
219,Cv0523/HQĐNa-NV,09/04/2010,Cục Hải Quan tỉnh Đồng Nai,Trả lời Công ty Xe đạp Con Rồng Việt Nam TNHH v/v Trả nợ thuế và phạt chậm nộp thuế,65364,305,16,DONG_NAI,null,null,https://files.customs.gov.vn/DONG_NAI//Data/CV_Hqdn/523_HQDNa_NV_09_04_2010.PDF,https://www.customs.gov.vn/index.jsp?pageId=3&id=65364&cid=1294,2010,04/2010,2026-10-08T09:45:37Z
220,25/2010//TT-BNNPTNT,08/04/2010,Bộ nông nghiệp và phát triển nông thôn,Thông Tư hướng dẫn việc kiểm tra vệ sinh an toàn thực phẩm đối với hàng hóa có nguồn gốc động vật nhập khẩu,53990,305,4,TP_HO_CHI_MINH,Lương Lê Phương,01/07/2010,https://files.customs.gov.vn/CustomsCMS/TP_HO_CHI_MINH/2020/Web/Data/DocumentAttachments/25_2010_TT-BNNPTNT_104040.doc,https://www.customs.gov.vn/index.jsp?pageId=3&id=53990&cid=1294,2010,04/2010,2026-10-08T09:45:37Z
221,TT24/2010/TT-BNNPTNT,08/04/2010,Bộ Nông nghiệp và Phát triển nông thôn,"V/v Ban hành Danh mục thuốc bảo vệ thực vật được phép sử dụng, hạn chế sử dụng, cấm sử dụng ở Việt Nam",63658,305,4,DONG_NAI,null,23/05/2010,,https://www.customs.gov.vn/index.jsp?pageId=3&id=63658&cid=1294,2010,04/2010,2026-10-08T09:45:37Z
222,TT25/2010/TT-BNNPTNT,08/04/2010,Bộ Nông nghiệp và Phát triển nông thôn,V/v Hướng dẫn việc kiểm tra vệ sinh an toàn thực phẩm đối với hàng hóa có nguồn gốc động vật nhập khẩu,63657,305,4,DONG_NAI,null,01/07/2010,,https://www.customs.gov.vn/index.jsp?pageId=3&id=63657&cid=1294,2010,04/2010,2026-10-08T09:45:37Z
223,18/NQ-CP,06/04/2010,Chính phủ,"Nghị quyết số 18/NQ-CP của Chính phủ về những giải pháp bảo đảm ổn định kinh tế vĩ mô, không để lạm phát cao và đạt tốc độ tăng trưởng kinh tế khoảng 6,5% trong năm 2010",59478,305,7,TONG_CUC,Nguyễn Tấn Dũng,06/04/2010,https://files.customs.gov.vn/van_ban_phap_luat/Lists/VanBanPhapLuat/Attachments/5687/NQ1810CP.doc,https://www.customs.gov.vn/index.jsp?pageId=3&id=59478&cid=1294,2010,04/2010,2026-10-08T09:45:37Z
224,22/2010/TT-BNNPTNT,06/04/2010,Bộ Nông nghiệp và Phát triển nông thôn,Thông tư 22/2010/TT-BNNPTNT ban hành Danh mục bổ sung giống cây trồng được phép sản xuất kinh doanh ở Việt Nam,61245,305,4,TONG_CUC,Bùi Bá Bổng,07/01/2014,,https://www.customs.gov.vn/index.jsp?pageId=3&id=61245&cid=1294,2010,04/2010,2026-10-08T09:45:37Z
225,Cv0502/HQĐNa-NV,06/04/2010,Cục Hải Quan tỉnh Đồng Nai,Trả lời Công ty TNHH Việt Nam Shine v/v Đăng ký Danh mục hàng hóa nhập khẩu miễn thuế tạo TSCĐ,65365,305,16,DONG_NAI,null,null,https://files.customs.gov.vn/DONG_NAI//Data/CV_Hqdn/502_HQDNa_NV_06_04_2010.PDF,https://www.customs.gov.vn/index.jsp?pageId=3&id=65365&cid=1294,2010,04/2010,2026-10-08T09:45:37Z
226,20/2010/TT-BNNPTNT,02/04/2010,Bộ Nông nghiệp và Phát triển nông thôn,"Thông tư 20/2010/TT-BNNPTNT sửa đổi Thông tư 15/2009/TT-BNN về danh mục thuốc, hoá chất, kháng sinh cấm sử dụng, hạn chế sử dụng",61242,305,4,TONG_CUC,Diệp Kỉnh Tần,17/05/2010,,https://www.customs.gov.vn/index.jsp?pageId=3&id=61242&cid=1294,2010,04/2010,2026-10-08T09:45:37Z
227,1675/TCHQ-GSQL,01/04/2010,Tổng cục hải quan,V/v phân loại mặt hàng máy massage.,58191,305,16,TP_HO_CHI_MINH,Ngô Minh Hải,01/04/2010,https://files.customs.gov.vn/CustomsCMS/TP_HO_CHI_MINH/2020/Web/Data/DocumentAttachments/1675-TCHQ-GSQL.tif,https://www.customs.gov.vn/index.jsp?pageId=3&id=58191&cid=1294,2010,04/2010,2026-10-08T09:45:37Z
228,Cv0801/HQĐNa-ĐKS,31/05/2010,Cục Hải Quan tỉnh Đồng Nai,V/v Kiểm tra hàng hóa tại địa điểm kiểm tra tập trung,65315,305,16,DONG_NAI,null,null,https://files.customs.gov.vn/DONG_NAI//Data/CV_Hqdn/801_HQDNa_DKS_31_05_2010.PDF,https://www.customs.gov.vn/index.jsp?pageId=3&id=65315&cid=1294,2010,05/2010,2026-10-08T09:45:37Z
229,24/2010/TT-BCT,28/05/2010,Bộ Công thương,Quy định việc áp dụng chế độ cấp giấy phép nhập khẩu tự động đối với một số mặt hàng,61325,305,4,BA_RIA_VUNG_TAU,Nguyễn Thành Biên,12/07/2010,https://files.customs.gov.vn/BA_RIA_VUNG_TAU/uploads/document/389/24_2010_TT-BCT.doc,https://www.customs.gov.vn/index.jsp?pageId=3&id=61325&cid=1294,2010,05/2010,2026-10-08T09:45:37Z
230,80/2010/TT-BTC,28/05/2010,null,Chi tiết mã số và sửa đổi mức thuế suất thuế nhập khẩu ưu đãi một số mặt hàng  thuộc nhóm 1104 tại Thông tư 216/2009/TT-BTC ngày 12/11/2009,73270,305,4,DA_NANG,admin,28/05/2010,https://files.customs.gov.vn/DA_NANG/Uploads/65e32243-11bf-4695-985d-c1563e8c13ba/TT80-BTC.doc,https://www.customs.gov.vn/index.jsp?pageId=3&id=73270&cid=1294,2010,05/2010,2026-10-08T09:45:37Z
231,Cv0793/HQĐNa-NV,28/05/2010,Cục Hải Quan tỉnh Đồng Nai,Trả lời Công ty Cổ phần Việt Hàn và Công ty CP Ô tô Hyundai Thành Công VN v/v Mua tờ khai nguồn gốc xe ô tô,65316,305,16,DONG_NAI,null,null,https://files.customs.gov.vn/DONG_NAI//Data/CV_Hqdn/793_HQDNa_NV_28_05_2010.PDF,https://www.customs.gov.vn/index.jsp?pageId=3&id=65316&cid=1294,2010,05/2010,2026-10-08T09:45:37Z
232,TT24/2010/TT-BCT,28/05/2010,Bộ Công thương,V/v Quy định việc áp dụng chế độ cấp giấy phép nhập khẩu tự động đối với một số mặt hàng,63622,305,4,DONG_NAI,null,null,,https://www.customs.gov.vn/index.jsp?pageId=3&id=63622&cid=1294,2010,05/2010,2026-10-08T09:45:37Z
233,TT80/2010/TT-BTC,28/05/2010,Bộ Tài chính,V/v Chi tiết mã số và sửa đổi mức thuế suất thuế nhập khẩu ưu đãi một số mặt hàng  thuộc nhóm 1104 tại Thông tư 216/2009/TT-BTC ngày 12/11/2009,63623,305,4,DONG_NAI,null,null,,https://www.customs.gov.vn/index.jsp?pageId=3&id=63623&cid=1294,2010,05/2010,2026-10-08T09:45:37Z
234,CV3465/BKH-PC,27/05/2010,Bộ Kế Hoạch và Đầu Tư,V/v Ưu đãi đầu tư theo Nghị định số 108/2006/NĐ-CP ngày 22/9/2006,63624,305,18,DONG_NAI,null,null,,https://www.customs.gov.vn/index.jsp?pageId=3&id=63624&cid=1294,2010,05/2010,2026-10-08T09:45:37Z
235,CV5072/BKH-KTCN,25/05/2010,Bộ Kế Hoạch và Đầu Tư,V/v Giải đáp thắc mắc trong quá trình thực hiện Thông tư số 32/2009/TT-BTC ngày 05/11/2009 của Bộ Công Thương,63625,305,16,DONG_NAI,null,null,,https://www.customs.gov.vn/index.jsp?pageId=3&id=63625&cid=1294,2010,05/2010,2026-10-08T09:45:37Z
236,Cv0758/HQĐNa-NV,24/05/2010,Cục Hải Quan tỉnh Đồng Nai,Trả lời Công ty TNHH Vopak Việt Nam v/v Khảo sát các điều kiện thành lập kho ngoại quan,65317,305,16,DONG_NAI,null,null,https://files.customs.gov.vn/DONG_NAI//Data/CV_Hqdn/758_HQDN_NV_24_05_2010.PDF,https://www.customs.gov.vn/index.jsp?pageId=3&id=65317&cid=1294,2010,05/2010,2026-10-08T09:45:37Z
237,NĐ55/2010/NĐ-CP,24/05/2010,Chính phủ,"V/v Sửa đổi, bổ sung một số điều của Nghị định số 142/2004/NĐ-CP ngày 08 tháng 7 năm 2004 của Chính phủ quy định xử phạt vi phạm hành chính về bưu chính, viễn thông và tần số vô tuyến",63626,305,8,DONG_NAI,null,null,,https://www.customs.gov.vn/index.jsp?pageId=3&id=63626&cid=1294,2010,05/2010,2026-10-08T09:45:37Z
238,Cv0754/HQĐNa-NV,21/05/2010,Cục Hải Quan tỉnh Đồng Nai,Trả lời Công ty TNHH Japfa Compeed Long An v/v Đăng ký Danh mục hàng hóa nhập khẩu miễn thuế tạo TSCĐ,65318,305,16,DONG_NAI,null,null,https://files.customs.gov.vn/DONG_NAI//Data/CV_Hqdn/754_HQDNa_NV_21_05_2010.PDF,https://www.customs.gov.vn/index.jsp?pageId=3&id=65318&cid=1294,2010,05/2010,2026-10-08T09:45:37Z
239,Cv0742/HQĐNa-NV,20/05/2010,Cục Hải Quan tỉnh Đồng Nai,Trả lời Công ty HH Khai thác Quốc tế Heng Tong v/v Đăng ký Danh mục hàng hóa nhập khẩu tạo TSCĐ,65319,305,16,DONG_NAI,null,null,https://files.customs.gov.vn/DONG_NAI//Data/CV_Hqdn/742_HQDNa_NV_20_05_2010.PDF,https://www.customs.gov.vn/index.jsp?pageId=3&id=65319&cid=1294,2010,05/2010,2026-10-08T09:45:37Z
240,TT22/2010/TT-BCT,20/05/2010,Bộ Công thương,V/v Áp dụng Giấy phép nhập khẩu tự động đối với một số sản phẩm thép,63628,305,4,DONG_NAI,null,null,https://files.customs.gov.vn/DONG_NAI//Data/CV_BCT/22_2010_TT_BCT_20_05_2010.pdf,https://www.customs.gov.vn/index.jsp?pageId=3&id=63628&cid=1294,2010,05/2010,2026-10-08T09:45:37Z
241,TT23/2010/TT-BCT,20/05/2010,Bộ Công thương,V/v Quy định việc nhập khẩu muối,63627,305,4,DONG_NAI,null,null,,https://www.customs.gov.vn/index.jsp?pageId=3&id=63627&cid=1294,2010,05/2010,2026-10-08T09:45:37Z
242,TT78/2010/TT-BTC,20/05/2010,Bộ Tài chính,"V/v Sửa đổi mức thuế suất thuế xuất khẩu một số mặt hàng thuộc nhóm 2614 trong Biễu thuế xuất khẩu, Biểu thuế nhập khẩu ưu đãi",63629,305,4,DONG_NAI,null,04/07/2010,https://files.customs.gov.vn/DONG_NAI//Data/CV_BTC/78_2010_TT_BTC_20_05_2010.pdf,https://www.customs.gov.vn/index.jsp?pageId=3&id=63629&cid=1294,2010,05/2010,2026-10-08T09:45:37Z
243,53/2010/NÐ-CP,19/05/2010,Chính phủ,"Nghị định Quy định về địa bàn ưu đãi đầu tư, ưu đãi thuế thu nhập doanh nghiệp đối với đơn vị hành chính mới thành lập do chính phủ điều chỉnh địa giới hành chính",58665,305,8,TP_HO_CHI_MINH,Nguyễn Tấn Dũng,15/07/2010,https://files.customs.gov.vn/CustomsCMS/TP_HO_CHI_MINH/2020/Web/Data/DocumentAttachments/53_2010_ND-CP_105899.doc,https://www.customs.gov.vn/index.jsp?pageId=3&id=58665&cid=1294,2010,05/2010,2026-10-08T09:45:37Z
244,53/2010/NĐ-CP,19/05/2010,Chính phủ,"Nghị định quy định về ưu đãi đầu tư, ưu đãi thuế thu nhập  doanh nghiệp đối với đơn vị hành chính mới thành lập do chính phủ điều chỉnh địa giới hành chính",61232,305,8,TONG_CUC,Nguyễn Tấn Dũng,15/07/2010,,https://www.customs.gov.vn/index.jsp?pageId=3&id=61232&cid=1294,2010,05/2010,2026-10-08T09:45:37Z
245,Cv0719/HQĐNa-NV,18/05/2010,Cục Hải Quan tỉnh Đồng Nai,Trả lời Công ty TNHH Livart Vina v/v Đăng ký Danh mục hàng hóa nhập khẩu tạo TSCĐ,65321,305,16,DONG_NAI,null,null,https://files.customs.gov.vn/DONG_NAI//Data/CV_Hqdn/719_HQDNa_NV_18_05_2010.PDF,https://www.customs.gov.vn/index.jsp?pageId=3&id=65321&cid=1294,2010,05/2010,2026-10-08T09:45:37Z
246,Cv0724/HQĐNa-NV,18/05/2010,Cục Hải Quan tỉnh Đồng Nai,Trả lời Công ty TNHH Mỹ phẩm Aira Việt Nam v/v Đăng ký Danh mục hàng hóa nhập khẩu miễn thuế tạo TSCĐ,65320,305,16,DONG_NAI,null,null,https://files.customs.gov.vn/DONG_NAI//Data/CV_Hqdn/724_HQDNa_NV_18_05_2010.PDF,https://www.customs.gov.vn/index.jsp?pageId=3&id=65320&cid=1294,2010,05/2010,2026-10-08T09:45:37Z
247,TT77/2010/TT-BTC,18/05/2010,Bộ Tài chính,V/v Ban hành Biểu thuế nhập khẩu ưu đãi đặc biệt của Việt Nam để thực hiện Khu vực Mậu dịch Tự do ASEAN – Hàn Quốc giai đoạn 2010-2011,63630,305,4,DONG_NAI,null,null,,https://www.customs.gov.vn/index.jsp?pageId=3&id=63630&cid=1294,2010,05/2010,2026-10-08T09:45:37Z
248,20/2010/TT-BCT,17/05/2010,Bộ Công thương,Quy định Danh mục Hàng tiêu dùng để phục vụ việc xác định thời hạn nộp thuế nhập khẩu,61326,305,4,BA_RIA_VUNG_TAU,Nguyễn Thành Biên,02/07/2010,https://files.customs.gov.vn/BA_RIA_VUNG_TAU/uploads/document/392/20_2010_TT-BCT.doc,https://www.customs.gov.vn/index.jsp?pageId=3&id=61326&cid=1294,2010,05/2010,2026-10-08T09:45:37Z
249,Cv0712/HQĐNa-NV,17/05/2010,Cục Hải Quan tỉnh Đồng Nai,Trả lời Công ty cổ phần Logistics Tín Nghĩa - ICD Biên Hòa v/v Kiểm tra hàng hóa tại Địa điểm kiểm tra tập trung ICD Biên Hòa,65324,305,16,DONG_NAI,null,null,https://files.customs.gov.vn/DONG_NAI//Data/CV_Hqdn/712_HQDNa_NV_17_05_2010.PDF,https://www.customs.gov.vn/index.jsp?pageId=3&id=65324&cid=1294,2010,05/2010,2026-10-08T09:45:37Z
250,Cv0715/HQĐNa-NV,17/05/2010,Cục Hải Quan tỉnh Đồng Nai,Trả lời Công ty TNHH San Lim Furniture Việt Nam v/v Đăng ký Danh mục hàng hóa nhập khẩu miễn thuế tạo TSCĐ,65323,305,16,DONG_NAI,null,null,https://files.customs.gov.vn/DONG_NAI//Data/CV_Hqdn/715_HQDNa_NV_17_05_2010.PDF,https://www.customs.gov.vn/index.jsp?pageId=3&id=65323&cid=1294,2010,05/2010,2026-10-08T09:45:37Z
251,Cv0716/HQĐNa-NV,17/05/2010,Cục Hải Quan tỉnh Đồng Nai,Trả lời Công ty Cổ phần Thép Biên Hòa v/v Đăng ký Danh mục hàng hóa nhập khẩu tạo TSCĐ,65322,305,16,DONG_NAI,null,null,https://files.customs.gov.vn/DONG_NAI//Data/CV_Hqdn/716_HQDNa_NV_17_05_2010.PDF,https://www.customs.gov.vn/index.jsp?pageId=3&id=65322&cid=1294,2010,05/2010,2026-10-08T09:45:37Z
252,TT19/2010/TT-BCT,17/05/2010,Bộ Công thương,"V/v Ban hành Danh mục sản phẩm, hàng hóa có khả năng gây mất an toàn thuộc trách nhiệm quản lý của Bộ Công Thương",63633,305,4,DONG_NAI,null,null,,https://www.customs.gov.vn/index.jsp?pageId=3&id=63633&cid=1294,2010,05/2010,2026-10-08T09:45:37Z
253,TT20/2010/TT-BCT,17/05/2010,Bộ Công thương,V/v Quy định danh mục hàng tiêu dùng để phục vụ việc xác định thời hạn nộp thuế nhập khẩu,63632,305,4,DONG_NAI,null,null,https://files.customs.gov.vn/DONG_NAI//Data/CV_BCT/20_2010_TT_BCT_17_05_2010.pdf,https://www.customs.gov.vn/index.jsp?pageId=3&id=63632&cid=1294,2010,05/2010,2026-10-08T09:45:37Z
254,TT21/2010/TT-BCT,17/05/2010,Bộ Công thương,V/v Thực hiện Quy tắc xuất xứ trong Hiệp định thương mại hàng hóa ASEAN,63631,305,4,DONG_NAI,null,null,https://files.customs.gov.vn/DONG_NAI//Data/CV_BCT/21_2010_TT_BCT_17_05_2010.pdf,https://www.customs.gov.vn/index.jsp?pageId=3&id=63631&cid=1294,2010,05/2010,2026-10-08T09:45:37Z
255,51/2010/NÐ-CP,14/05/2010,Chính phủ,"Nghị định quy định về hóa đơn bán hàng hóa, cung ứng dịch vụ",54232,305,8,TP_HO_CHI_MINH,Nguyễn Tấn Dũng,01/01/2011,https://files.customs.gov.vn/CustomsCMS/TP_HO_CHI_MINH/2020/Web/Data/DocumentAttachments/51_2010_ND-CP_105694.doc,https://www.customs.gov.vn/index.jsp?pageId=3&id=54232&cid=1294,2010,05/2010,2026-10-08T09:45:37Z
256,73/2010/TTLT-BTC-BTP,14/05/2010,Liên bộ,"Thông tư liên tịch số 73/2010/TTLT-BTC-BTP của Bộ Tài chính, Bộ Tư pháp hướng dẫn việc lập, quản lý, sử dụng và quyết toán kinh phí bảo đảm cho công tác phổ biến, giáo dục pháp luật",59479,305,4,TONG_CUC,"Nguyễn Thuý Hiền, Phạm Sỹ Danh",14/05/2010,https://files.customs.gov.vn/van_ban_phap_luat/Lists/VanBanPhapLuat/Attachments/5725/TTLT7310BTCBTP.doc,https://www.customs.gov.vn/index.jsp?pageId=3&id=59479&cid=1294,2010,05/2010,2026-10-08T09:45:37Z
257,74/2010/TT-BT,14/05/2010,Bộ Tài chính,"Thông tư số 74/2010/TT-BTC Sửa đổi, bổ sung một số nội dung Thông tư số 116/2008/TT-BTC ngày 04/12/2008 của Bộ Tài chính hướng dẫn thủ tục hải quan đối với hàng hóa gia công với thương nhân nước ngoài",67205,305,18,CAN_THO,null,28/06/2010,https://files.customs.gov.vn/CAN_THO/24_320EDd01.PDF,https://www.customs.gov.vn/index.jsp?pageId=3&id=67205&cid=1294,2010,05/2010,2026-10-08T09:45:37Z
258,74/2010/TT-BTC,14/05/2010,BCH ĐẢNG BỘ TỈNH,"Sửa đổi, bổ sung một số nội dung Thông tư số 116/2008/TT-BTC ngày 04/12/2008 của Bộ trưởng Bộ Tài chính hướng dẫn thủ tục hải quan đối với  hàng hoá gia công với thương nhân nước ngoài",42249,305,4,QUANG_NAM,Đỗ Hoàng Anh Tuấn,14/05/2010,https://files.customs.gov.vn/CustomsCMS/QUANG_NAM/2020/Document/Thong tu 74 sua doi tt 116 ve hang hoa gia cong.rar,https://www.customs.gov.vn/index.jsp?pageId=3&id=42249&cid=1294,2010,05/2010,2026-10-08T09:45:37Z
259,Cv0710/HQĐNa-NV,14/05/2010,Cục Hải Quan tỉnh Đồng Nai,Trả lời Công ty TNHH Homn Reen Việt Nam v/v Đăng ký Danh mục hàng hóa nhập khẩu miễn thuế tạo TSCĐ,65325,305,16,DONG_NAI,null,null,https://files.customs.gov.vn/DONG_NAI//Data/CV_Hqdn/710_HQDNa_NV_14_05_2010.PDF,https://www.customs.gov.vn/index.jsp?pageId=3&id=65325&cid=1294,2010,05/2010,2026-10-08T09:45:37Z
260,TT74/2010/TT-BTC,14/05/2010,Bộ Tài chính,"V/v Sửa đổi, bổ sung một số nội dung Thông tư số 116/2008/TT-BTC ngày 04/12/2008 của Bộ trưởng Bộ Tài chính hướng dẫn thủ tục hải quan đối với  hàng hoá gia công với thương nhân nước ngoài",63634,305,4,DONG_NAI,null,null,,https://www.customs.gov.vn/index.jsp?pageId=3&id=63634&cid=1294,2010,05/2010,2026-10-08T09:45:37Z
261,CV2459/TCHQ-GSQL,13/05/2010,Tổng cục hải quan,V/v Hướng dẫn thực hiện Quyết định 10/2010/QĐ-TTg ngày 10/02/2010 của Thủ tướng Chính phủ,63635,305,16,DONG_NAI,null,null,,https://www.customs.gov.vn/index.jsp?pageId=3&id=63635&cid=1294,2010,05/2010,2026-10-08T09:45:37Z
262,Cv0695/HQĐNa-LT,13/05/2010,Cục Hải Quan tỉnh Đồng Nai,"V/v Phối hợp kiểm tra sổ sách, chứng từ kế toán của Công ty TNHH SOYA KNITTING",65327,305,16,DONG_NAI,null,null,https://files.customs.gov.vn/DONG_NAI//Data/CV_Hqdn/695_HQDNa_LT_13_05_2010.PDF,https://www.customs.gov.vn/index.jsp?pageId=3&id=65327&cid=1294,2010,05/2010,2026-10-08T09:45:37Z
263,Cv0703/HQĐNa-NV,13/05/2010,Cục Hải Quan tỉnh Đồng Nai,Trả lời Công ty TNHH Midas Vina v/v Đăng ký Danh mục hàng hóa nhập khẩu miễn thuế tạo TSCĐ,65326,305,16,DONG_NAI,null,null,https://files.customs.gov.vn/DONG_NAI//Data/CV_Hqdn/703_HQDNa_NV_13_05_2010.PDF,https://www.customs.gov.vn/index.jsp?pageId=3&id=65326&cid=1294,2010,05/2010,2026-10-08T09:45:37Z
264,Cv0685/HQĐNa-NV,12/05/2010,Cục Hải Quan tỉnh Đồng Nai,Trả lời Công ty TNHH AB Mauri Việt Nam v/v Đăng ký Danh mục hàng hóa nhập khẩu miễn thuế tạo TSCĐ,65330,305,16,DONG_NAI,null,null,https://files.customs.gov.vn/DONG_NAI//Data/CV_Hqdn/685_HQDNa_NV_12_05_2010.PDF,https://www.customs.gov.vn/index.jsp?pageId=3&id=65330&cid=1294,2010,05/2010,2026-10-08T09:45:37Z
265,Cv0690/HQĐNa-NV,12/05/2010,Cục Hải Quan tỉnh Đồng Nai,Trả lời Công ty Thương mại - Dịch vụ - Giao nhận Hùng Anh v/v hoạt động đại lý làm thủ tục Hải quan,65329,305,16,DONG_NAI,null,null,https://files.customs.gov.vn/DONG_NAI//Data/CV_Hqdn/690_HQDNa_NV_12_05_2010.PDF,https://www.customs.gov.vn/index.jsp?pageId=3&id=65329&cid=1294,2010,05/2010,2026-10-08T09:45:37Z
266,Cv0693/HQĐNa-STQ,12/05/2010,Cục Hải Quan tỉnh Đồng Nai,V/v Xác định trị giá tính thuế hàng hóa nhập khẩu liên quan đến phí bản quyền (phí kỳ vụ),65328,305,16,DONG_NAI,null,null,https://files.customs.gov.vn/DONG_NAI//Data/CV_Hqdn/693_HQDNa_NV_12_05_2010.PDF,https://www.customs.gov.vn/index.jsp?pageId=3&id=65328&cid=1294,2010,05/2010,2026-10-08T09:45:37Z
267,1381/BTTTT-CNTT,11/05/2010,null,Công văn số 1381/BTTTT-CNTT về việc vướng mắc thực hiện Thông tư 43/2009/TT-BTTTT,67312,305,18,CAN_THO,null,11/05/2010,https://files.customs.gov.vn/CAN_THO/01_42DD0d01.PDF,https://www.customs.gov.vn/index.jsp?pageId=3&id=67312&cid=1294,2010,05/2010,2026-10-08T09:45:37Z
268,30/2010/TT-BNNPTNT,11/05/2010,Bộ Nông nghiệp và Phát triển nông thôn,Thông tư 30/2010/TT-BNNPTNT ban hành Danh mục bổ sung giống cây trồng được phép sản xuất kinh doanh ở Việt Nam do Bộ Nông nghiệp và Phát triển nông thôn ban hành,61251,305,4,TONG_CUC,Bùi Bá Bổng,25/06/2010,,https://www.customs.gov.vn/index.jsp?pageId=3&id=61251&cid=1294,2010,05/2010,2026-10-08T09:45:37Z
269,CV1381/BTTTT-CNTT,11/05/2010,Bộ Thông Tin Truyền Thông,V/vV/v Vướng mắc thực hiện Thông tư số 43/2009/TT-BTTTT,63269,305,16,DONG_NAI,null,null,,https://www.customs.gov.vn/index.jsp?pageId=3&id=63269&cid=1294,2010,05/2010,2026-10-08T09:45:37Z
270,Cv0676/HQĐNa-NV,11/05/2010,Cục Hải Quan tỉnh Đồng Nai,Trả lời Công ty TNHH Hóa chất Công nghệ SamSung Việt Nam v/v Đăng ký Danh mục hàng hóa nhập khẩu tạo TSCĐ,65333,305,16,DONG_NAI,null,null,https://files.customs.gov.vn/DONG_NAI//Data/CV_Hqdn/676_HQDNa_NV_11_05_2010.PDF,https://www.customs.gov.vn/index.jsp?pageId=3&id=65333&cid=1294,2010,05/2010,2026-10-08T09:45:37Z
271,Cv0677/HQĐNa-NV,11/05/2010,Cục Hải Quan tỉnh Đồng Nai,Trả lời Công ty TNHH Jang In Furniture Việt Nam v/v Điều chỉnh danh mục hàng hóa NK miễn thuế tạo TSCĐ,65332,305,16,DONG_NAI,null,null,https://files.customs.gov.vn/DONG_NAI//Data/CV_Hqdn/677_HQDNa_NV_11_05_2010.PDF,https://www.customs.gov.vn/index.jsp?pageId=3&id=65332&cid=1294,2010,05/2010,2026-10-08T09:45:37Z
272,Cv0678/HQĐNa-NV,11/05/2010,Cục Hải Quan tỉnh Đồng Nai,Trả lời Công ty Xe đạp Con Rồng Việt Nam TNHH v/v Số tiền thuế và tiền phạt chậm nộp thuế,65331,305,16,DONG_NAI,null,null,https://files.customs.gov.vn/DONG_NAI//Data/CV_Hqdn/678_HQDNa_NV_11_05_2010.PDF,https://www.customs.gov.vn/index.jsp?pageId=3&id=65331&cid=1294,2010,05/2010,2026-10-08T09:45:37Z
273,TT30/2010/TT-BNNPTNT,11/05/2010,Bộ Nông nghiệp và Phát triển nông thôn,"V/v Ban hành "" Danh mục bổ sung giống cây trồng được phép sản xuất kinh doanh tại Việt Nam""",63636,305,4,DONG_NAI,null,25/06/2010,https://files.customs.gov.vn/DONG_NAI//Data/Bo_NN_PTNN/30_2010_TT_BNNPTNT_11_05_2010.pdf,https://www.customs.gov.vn/index.jsp?pageId=3&id=63636&cid=1294,2010,05/2010,2026-10-08T09:45:37Z
274,Cv0669/HQĐNa-NV,10/05/2010,Cục Hải Quan tỉnh Đồng Nai,Trả lời Công ty TNHH Kho vận - Xuất nhập khẩu Gia Hưng v/v Thành lập kho ngoại quan,65334,305,16,DONG_NAI,null,null,https://files.customs.gov.vn/DONG_NAI//Data/CV_Hqdn/669_HQDNa_NV_10_05_2010.PDF,https://www.customs.gov.vn/index.jsp?pageId=3&id=65334&cid=1294,2010,05/2010,2026-10-08T09:45:37Z
275,NĐ47/2010/NĐ-CP,06/05/2010,Chính phủ,V/v Quy định xử phạt hành chính về hành vi vi phạm pháp luật lao động,63637,305,8,DONG_NAI,null,null,https://files.customs.gov.vn/DONG_NAI//Data/Nghi_dinh/47_2010_ND_CP_06_05_2010.pdf,https://www.customs.gov.vn/index.jsp?pageId=3&id=63637&cid=1294,2010,05/2010,2026-10-08T09:45:37Z
276,1377TB-HQCT,05/05/2010,null,Về việc tiếp nhận hồ sơ tuyển dụng công chức vào Cục Hải quan TP. Cần Thơ năm 2010,67190,305,18,CAN_THO,null,05/11/2010,,https://www.customs.gov.vn/index.jsp?pageId=3&id=67190&cid=1294,2010,05/2010,2026-10-08T09:45:37Z
277,Cv0654/HQĐNa-NV,05/05/2010,Cục Hải Quan tỉnh Đồng Nai,Trả lời Công ty TNHH Infinity v/v Đăng ký Danh mục hàng hóa nhập khẩu miễn thuế tạo TSCĐ,65340,305,16,DONG_NAI,null,null,https://files.customs.gov.vn/DONG_NAI//Data/CV_Hqdn/654_HQDNa_NV_05_05_2010.PDF,https://www.customs.gov.vn/index.jsp?pageId=3&id=65340&cid=1294,2010,05/2010,2026-10-08T09:45:37Z
278,Cv0655/HQĐNa-HĐH,05/05/2010,Cục Hải Quan tỉnh Đồng Nai,Trả lời Công ty TNHH Polycom v/v Thủ tục xuất nhập khẩu tại chỗ,65339,305,16,DONG_NAI,null,null,https://files.customs.gov.vn/DONG_NAI//Data/CV_Hqdn/655_HQDNa_HDH_05_05_2010.PDF,https://www.customs.gov.vn/index.jsp?pageId=3&id=65339&cid=1294,2010,05/2010,2026-10-08T09:45:37Z
279,Cv0658/HQĐNa-NV,05/05/2010,Cục Hải Quan tỉnh Đồng Nai,V/v Thay đổi số hiệu tài khoản thu phí xuất khẩu cà phê,65338,305,16,DONG_NAI,null,null,https://files.customs.gov.vn/DONG_NAI//Data/CV_Hqdn/658_HQDNa_NV_05_05_2010.PDF,https://www.customs.gov.vn/index.jsp?pageId=3&id=65338&cid=1294,2010,05/2010,2026-10-08T09:45:37Z
280,Cv0659/HQĐNa-NV,05/05/2010,Cục Hải Quan tỉnh Đồng Nai,Trả lời Công ty Dâu tằm tơ Tân Lộc v/v Đề nghị được tiếp tục thực hiện hợp đồng gia công,65337,305,16,DONG_NAI,null,null,https://files.customs.gov.vn/DONG_NAI//Data/CV_Hqdn/659_HQDNa_NV_05_05_2010.PDF,https://www.customs.gov.vn/index.jsp?pageId=3&id=65337&cid=1294,2010,05/2010,2026-10-08T09:45:37Z
281,Cv0662/HQĐNa-NV,05/05/2010,Cục Hải Quan tỉnh Đồng Nai,Trả lời Chi nhánh Công ty TNHH Robert Bosch Việt Nam tại Đồng Nai v/v Thủ tục XK bao bì đóng gói nguyên liệu,65336,305,16,DONG_NAI,null,null,https://files.customs.gov.vn/DONG_NAI//Data/CV_Hqdn/662_HQDNa_NV_05_05_2010.PDF,https://www.customs.gov.vn/index.jsp?pageId=3&id=65336&cid=1294,2010,05/2010,2026-10-08T09:45:37Z
282,Cv0663/HQĐNa-NV,05/05/2010,Cục Hải Quan tỉnh Đồng Nai,Trả lời Công ty TNHH Super Gas Việt Nam v/v Thu hồi Danh mục hàng hóa nhập khẩu miễn thuế tạo TSCĐ,65335,305,16,DONG_NAI,null,null,https://files.customs.gov.vn/DONG_NAI//Data/CV_Hqdn/663_HQDNa_NV_05_05_2010.PDF,https://www.customs.gov.vn/index.jsp?pageId=3&id=65335&cid=1294,2010,05/2010,2026-10-08T09:45:37Z
283,QĐ888/QĐ-TCHQ,05/05/2010,Tổng cục hải quan,V/v Thành lập địa điểm kiểm tra hàng hóa tập trung tại ICD Biên Hòa tỉnh Đồng Nai,63638,305,10,DONG_NAI,null,null,https://files.customs.gov.vn/DONG_NAI//Data/CV_TCHQ/888_QD_TCHQ_05_05_2010.pdf,https://www.customs.gov.vn/index.jsp?pageId=3&id=63638&cid=1294,2010,05/2010,2026-10-08T09:45:37Z
284,28/2010/TT-BNNPTNT,04/05/2010,Bộ Nông nghiệp và Phát triển nông thôn,"Thông tư 28/2010/TT-BNNPTNT ban hành Danh mục bổ sung thuốc thú y, vắc xin, chế phẩm sinh học, vi sinh vật, hoá chất dùng trong thú y được phép lưu hành tại Việt Nam đợt I năm 2010",61249,305,4,BA_RIA_VUNG_TAU,Diệp Kỉnh Tần,10/06/2010,https://files.customs.gov.vn/BA_RIA_VUNG_TAU/uploads/document/187/Danh muc.doc,https://www.customs.gov.vn/index.jsp?pageId=3&id=61249&cid=1294,2010,05/2010,2026-10-08T09:45:37Z
285,CV5468/BTC-TCHQ,04/05/2010,Bộ Tài chính,V/v Thuế xuất khẩu gỗ,63639,305,16,DONG_NAI,null,null,,https://www.customs.gov.vn/index.jsp?pageId=3&id=63639&cid=1294,2010,05/2010,2026-10-08T09:45:37Z
286,Cv0653/HQĐNa-HĐH,04/05/2010,Cục Hải Quan tỉnh Đồng Nai,V/v Giải đáp vướng mắc về thủ tục Hải quan và chính sách XNK,65341,305,16,DONG_NAI,null,null,https://files.customs.gov.vn/DONG_NAI//Data/CV_Hqdn/653_HQDNa_HDH_04_05_2010.PDF,https://www.customs.gov.vn/index.jsp?pageId=3&id=65341&cid=1294,2010,05/2010,2026-10-08T09:45:37Z
287,CV2310/TCT-CS,30/06/2010,Tổng Cục Thuế,V/v Xác định chứng từ hợp lý đối với tem thu lệ phí Hải quan,63600,305,16,DONG_NAI,null,null,,https://www.customs.gov.vn/index.jsp?pageId=3&id=63600&cid=1294,2010,06/2010,2026-10-08T09:45:37Z
288,Cv0972/HQĐNa-NV,30/06/2010,Cục Hải Quan tỉnh Đồng Nai,Trả lời Công ty TNHH JeongSan Vina v/v Đăng ký Danh mục hàng hóa nhập khẩu miễn thuế tạo TSCĐ,65301,305,16,DONG_NAI,null,null,https://files.customs.gov.vn/DONG_NAI//Data/CV_Hqdn/972_HQDNa_NV_30_06_2010.PDF,https://www.customs.gov.vn/index.jsp?pageId=3&id=65301&cid=1294,2010,06/2010,2026-10-08T09:45:37Z
289,Cv0973/HQĐNa-ĐKS,30/06/2010,Cục Hải Quan tỉnh Đồng Nai,V/v Thành lập địa điểm kiểm tra hàng hóa tại nơi sản xuất của doanh nghiệp chế xuất,65300,305,16,DONG_NAI,null,null,https://files.customs.gov.vn/DONG_NAI//Data/CV_Hqdn/973_HQDNa_DKS_30_06_2010.PDF,https://www.customs.gov.vn/index.jsp?pageId=3&id=65300&cid=1294,2010,06/2010,2026-10-08T09:45:37Z
290,TT94/2010/TT-BTC,30/06/2010,Bộ Tài chính,V/v Hướng dẫn thực hiện hoàn thuế giá trị gia tăng đối với hàng hóa xuất khẩu,63599,305,4,DONG_NAI,null,14/08/2010,https://files.customs.gov.vn/DONG_NAI//Data/CV_BTC/94_2010_TT_BTC_30_06_2010.pdf,https://www.customs.gov.vn/index.jsp?pageId=3&id=63599&cid=1294,2010,06/2010,2026-10-08T09:45:37Z
291,40/2010/TT-BNNPTNT,29/06/2010,Bộ Nông nghiệp và Phát triển nông thôn,"Thông tư 40/2010/TT-BNNPTNT ban hành Danh mục bổ sung phân bón được phép sản xuất, kinh doanh và sử dụng ở Việt Nam",61261,305,4,BA_RIA_VUNG_TAU,Bùi Bá Bổng,13/08/2010,https://files.customs.gov.vn/BA_RIA_VUNG_TAU/uploads/document/209/Phu luc 40_2010_TT_BNNPTNT.doc,https://www.customs.gov.vn/index.jsp?pageId=3&id=61261&cid=1294,2010,06/2010,2026-10-08T09:45:37Z
292,CV3496/TCHQ-TXNK,29/06/2010,Tổng cục hải quan,V/v Ánh xạ tài khoản thu NSNN giữa hệ thống TCS và Tabmis,63601,305,16,DONG_NAI,null,null,,https://www.customs.gov.vn/index.jsp?pageId=3&id=63601&cid=1294,2010,06/2010,2026-10-08T09:45:37Z
293,Cv0958/HQĐNa-NV,29/06/2010,Cục Hải Quan tỉnh Đồng Nai,Trả lời Công ty TNHH Việt Nam Center Power Tech v/v Đăng ký Danh mục hàng hóa nhập khẩu miễn thuế tạo TSCĐ,65303,305,16,DONG_NAI,null,null,https://files.customs.gov.vn/DONG_NAI//Data/CV_Hqdn/958_HQDNa_NV_29_06_2010.PDF,https://www.customs.gov.vn/index.jsp?pageId=3&id=65303&cid=1294,2010,06/2010,2026-10-08T09:45:37Z
294,Cv0959/HQĐNa-NV,29/06/2010,Cục Hải Quan tỉnh Đồng Nai,Trả lời Công ty TNHH Formosa Taffeta Đồng Nai v/v Đăng ký Danh mục hàng hóa nhập khẩu miễn thuế tạo TSCĐ,65302,305,16,DONG_NAI,null,null,https://files.customs.gov.vn/DONG_NAI//Data/CV_Hqdn/959_HQDNa_NV_29_06_2010.PDF,https://www.customs.gov.vn/index.jsp?pageId=3&id=65302&cid=1294,2010,06/2010,2026-10-08T09:45:37Z
295,28/2010/TT-BCT,28/06/2010,Bộ Công thương,Thông tư quy định cụ thể một số điều của luật hóa chất và nghị định số 108/2008/NĐ-CP ngày 07 tháng 10 năm 2008 của Chính phủ quy định chi tiết và hướng dẫn thi hành một số điều của Luật hóa chất,56778,305,4,TP_HO_CHI_MINH,Nguyễn Nam Hải,16/08/2010,https://files.customs.gov.vn/CustomsCMS/TP_HO_CHI_MINH/2020/Web/Data/DocumentAttachments/28_2010_TT-BCT_108243.doc,https://www.customs.gov.vn/index.jsp?pageId=3&id=56778&cid=1294,2010,06/2010,2026-10-08T09:45:37Z
296,TT93/2010/TT-BTC,28/06/2010,Bộ Tài chính,"V/v Hướng dẫn việc xác định các hành vi vi phạm hành chính trong lĩnh vực tài chính là hành vi buôn lậu, gian lận thương mại và hàng giả",63602,305,4,DONG_NAI,null,12/08/2010,https://files.customs.gov.vn/DONG_NAI//Data/CV_BTC/93_TT_BTC_28_06_2010.pdf,https://www.customs.gov.vn/index.jsp?pageId=3&id=63602&cid=1294,2010,06/2010,2026-10-08T09:45:37Z
297,57/2010/NĐ-CP,25/06/2010,Chính phủ,Nghị định số 57/2010/NĐ-CP Quy định chi tiết và hướng dẫn thi hành Pháp lệnh Thủ tục bắt giữ tàu biển,67237,305,18,CAN_THO,null,09/07/2010,https://files.customs.gov.vn/CAN_THO/03_8E9F4d01.PDF,https://www.customs.gov.vn/index.jsp?pageId=3&id=67237&cid=1294,2010,06/2010,2026-10-08T09:45:37Z
298,Cv0945/HQĐNa-NV,25/06/2010,Cục Hải Quan tỉnh Đồng Nai,Trả lời Công ty TNHH Bayer Việt Nam v/v Khấu trừ thuế GTGT theo quyết định truy thu thuế,65305,305,16,DONG_NAI,null,null,https://files.customs.gov.vn/DONG_NAI//Data/CV_Hqdn/945_HQDNa_NV_25_06_2010.PDF,https://www.customs.gov.vn/index.jsp?pageId=3&id=65305&cid=1294,2010,06/2010,2026-10-08T09:45:37Z
299,Cv0946/HQĐNa-NV,25/06/2010,Cục Hải Quan tỉnh Đồng Nai,V/v Khấu trừ thuế GTGT theo quyết định truy thu thuế của Công ty TNHH Bayer VN,65304,305,16,DONG_NAI,null,null,https://files.customs.gov.vn/DONG_NAI//Data/CV_Hqdn/946_HQDNa_NV_25_06_2010.PDF,https://www.customs.gov.vn/index.jsp?pageId=3&id=65304&cid=1294,2010,06/2010,2026-10-08T09:45:37Z
300,1794/QĐ-BNN-QLCL,24/06/2010,null,Quyết định số 1794/QĐ-BNN-QLCL Gia hạn hiệu lực áp dụng Thông tư hướng dẫn việc kiểm tra vệ sinh an toàn thực phẩm đối với hàng hóa có nguồn gốc động vật nhập khẩu (TT 25/2010/TT-BNNPTNT),67305,305,18,CAN_THO,null,24/06/2010,https://files.customs.gov.vn/CAN_THO/nn4_B73E0d01.PDF,https://www.customs.gov.vn/index.jsp?pageId=3&id=67305&cid=1294,2010,06/2010,2026-10-08T09:45:37Z
301,36/2010/TT-BNNPTNT,24/06/2010,Bộ Nông nghiệp và Phát triển nông thôn,"Thông tư 36/2010/TT-BNNPTNT ban hành Quy định sản xuất, kinh doanh và sử dụng phân bón",61257,305,4,BA_RIA_VUNG_TAU,Bùi Bá Bổng,08/08/2010,https://files.customs.gov.vn/BA_RIA_VUNG_TAU/uploads/document/197/Phu luc.doc,https://www.customs.gov.vn/index.jsp?pageId=3&id=61257&cid=1294,2010,06/2010,2026-10-08T09:45:37Z
302,CV3394/TCHQ-TXNK,24/06/2010,Tổng cục hải quan,V/v Vướng mắc xử lý thuế đối với nguyên phụ liệu dư thừa tiêu hủy,63605,305,16,DONG_NAI,null,null,,https://www.customs.gov.vn/index.jsp?pageId=3&id=63605&cid=1294,2010,06/2010,2026-10-08T09:45:37Z
303,Cv54/TB-HQĐNa,24/06/2010,Cục Hải Quan tỉnh Đồng Nai,"V/v Kết quả điểm thi tuyển công chức, viên chức năm 2010 tại Hội đồng sơ tuyển Cục Hải quan Đồng Nai",65306,305,16,DONG_NAI,null,null,https://files.customs.gov.vn/DONG_NAI//Data/CV_Hqdn/54_TB_HQDNa_24_06_2010.PDF,https://www.customs.gov.vn/index.jsp?pageId=3&id=65306&cid=1294,2010,06/2010,2026-10-08T09:45:37Z
304,QĐ1794/QĐ-BNN-QLCL,24/06/2010,Bộ Nông nghiệp và Phát triển nông thôn,V/v Gia hạn hiệu lực áp dụng Thông tư hướng dẫn việc kiểm tra vệ sinh an toàn thực phẩm đối với hàng hoá có nguồn gốc động vật nhập khẩu,63604,305,10,DONG_NAI,null,null,,https://www.customs.gov.vn/index.jsp?pageId=3&id=63604&cid=1294,2010,06/2010,2026-10-08T09:45:37Z
305,34/2010/TT-BNNPTNT,23/06/2010,Bộ Nông nghiệp và Phát triển nông thôn,Thông tư 34/2010/TT-BNNPTNT ban hành Danh mục bổ sung giống cây trồng được phép sản xuất kinh doanh ở Việt Nam,61255,305,4,TONG_CUC,Bùi Bá Bổng,07/08/2010,,https://www.customs.gov.vn/index.jsp?pageId=3&id=61255&cid=1294,2010,06/2010,2026-10-08T09:45:37Z
306,6147/BCT-XNK,23/06/2010,null,Công văn số 6147/BCT-XNK V/v hướng dẫn thủ tục tạm nhập tái xuất,67301,305,18,CAN_THO,null,23/06/2010,https://files.customs.gov.vn/CAN_THO/ct4_7F115d01.PDF,https://www.customs.gov.vn/index.jsp?pageId=3&id=67301&cid=1294,2010,06/2010,2026-10-08T09:45:37Z
307,CV6147/BCT-XNK,23/06/2010,Bộ Công thương,V/v Hướng dẫn thủ tục tạm nhập tái xuất,63606,305,16,DONG_NAI,null,null,,https://www.customs.gov.vn/index.jsp?pageId=3&id=63606&cid=1294,2010,06/2010,2026-10-08T09:45:37Z
308,1323/QĐ-TCHQ,22/06/2010,Tổng cục hải quan,"Quyết định 1323/QĐ-TCHQ năm 2010 ban hành Quy trình kiểm tra việc phân loại hàng hóa, áp dụng mức thuế đối với hàng hóa xuất khẩu, nhập khẩu trong khi làm thủ tục hải quan",61222,305,10,TONG_CUC,Nguyễn Văn Cẩn,07/07/2010,,https://www.customs.gov.vn/index.jsp?pageId=3&id=61222&cid=1294,2010,06/2010,2026-10-08T09:45:37Z
309,33/2010/TT-BNNPTNT,22/06/2010,Bộ nông nghiệp và phát triển nông thôn,Ban hành “Danh mục bổ sung giống vật nuôi được phép sản xuất kinh doanh”,56865,305,4,TP_HO_CHI_MINH,Diệp Kỉnh Tần,06/08/2010,https://files.customs.gov.vn/CustomsCMS/TP_HO_CHI_MINH/2020/Web/Data/DocumentAttachments/33_2010_TT-BNNPTNT_Ban_hanh_danh_muc_bo_sung_giong_vat_nuoi_duoc_phep_san_xuat_kinh_doanh.doc,https://www.customs.gov.vn/index.jsp?pageId=3&id=56865&cid=1294,2010,06/2010,2026-10-08T09:45:37Z
310,69/2010/NÐ-CP,21/06/2010,Chính phủ,"Về an toàn sinh học đối với sinh vật biến đổi gen, mẫu vật di truyền và sản phẩm của sinh vật biến đổi gen",52476,305,8,TP_HO_CHI_MINH,Nguyễn Tấn Dũng,10/08/2010,https://files.customs.gov.vn/CustomsCMS/TP_HO_CHI_MINH/2020/Web/Data/DocumentAttachments/69_2010_ND_CP_Ve_an_toan_sinh_hoc_doi_voi_sinh_vat_bien_doi_gen__mau_vat_di_truyen_va_san_pham_cua_sinh_vat_bien_doi_gen.doc,https://www.customs.gov.vn/index.jsp?pageId=3&id=52476&cid=1294,2010,06/2010,2026-10-08T09:45:37Z
311,CV3263/TCHQ-GSQL,21/06/2010,Tổng cục hải quan,V/v Thực hiện Thông tư 32/2009/TT-BCT của Bộ Công thương,63607,305,16,DONG_NAI,null,null,,https://www.customs.gov.vn/index.jsp?pageId=3&id=63607&cid=1294,2010,06/2010,2026-10-08T09:45:37Z
312,48/2010/QH12,19/06/2010,Quốc hội,"Nghị quyết chương trình xây dựng luật, pháp lệnh năm 2011, điều chỉnh chương trình xây dựng luật, pháp lệnh năm 2010 và bổ sung chương trình xây dựng luật, pháp lệnh của Quốc Hội nhiệm kỳ khóa XII",55459,305,7,TP_HO_CHI_MINH,Nguyễn Phú Trọng,19/06/2010,https://files.customs.gov.vn/CustomsCMS/TP_HO_CHI_MINH/2020/Web/Data/DocumentAttachments/48_2010_QH12_108620.doc,https://www.customs.gov.vn/index.jsp?pageId=3&id=55459&cid=1294,2010,06/2010,2026-10-08T09:45:37Z
313,CV7957/BTC-TCHQ,18/06/2010,Bộ Tài chính,V/v Thực hiện Thông tư số 79/2009/TT-BTC,63608,305,16,DONG_NAI,null,null,,https://www.customs.gov.vn/index.jsp?pageId=3&id=63608&cid=1294,2010,06/2010,2026-10-08T09:45:37Z
314,Cv0915/HQĐNa-NV,18/06/2010,Cục Hải Quan tỉnh Đồng Nai,V/v Trả lời Công ty TNHH Japfa Comfeed Long An v/v Đăng ký Danh mục hàng hóa nhập khẩu miễn thuế tạo TSCĐ,65307,305,16,DONG_NAI,null,null,https://files.customs.gov.vn/DONG_NAI//Data/CV_Hqdn/915_HQDNa_NV_18_06_2010.PDF,https://www.customs.gov.vn/index.jsp?pageId=3&id=65307&cid=1294,2010,06/2010,2026-10-08T09:45:37Z
315,32/2010/TT-BNNPTNT,17/06/2010,Bộ nông nghiệp và phát triển nông thôn,"Thông tư quy định về chỉ định và quản lý hoạt động người lấy mẫu, người kiểm định, phòng kiểm nghiệm, tổ chức chứng nhận chất lượng giống, sản phẩm cây trồng và phân bón",57239,305,4,TP_HO_CHI_MINH,Bùi Bá Bổng,01/08/2010,https://files.customs.gov.vn/CustomsCMS/TP_HO_CHI_MINH/2020/Web/Data/DocumentAttachments/32_2010_TT-BNNPTNT_107994.doc,https://www.customs.gov.vn/index.jsp?pageId=3&id=57239&cid=1294,2010,06/2010,2026-10-08T09:45:37Z
316,54/2010/QH12,17/06/2010,Quốc hội,Luật số 54/2010/QH12 của Quốc hội khóa 12 về trọng tài thương mại,42989,305,13,QUANG_BINH,null,null,https://files.customs.gov.vn/CustomsCMS/QUANG_BINH/2021/04/images/stories/files/Luat trong tai thuong mai.doc,https://www.customs.gov.vn/index.jsp?pageId=3&id=42989&cid=1294,2010,06/2010,2026-10-08T09:45:37Z
317,TT92/2010/TT-BTC,17/06/2010,Bộ Tài chính,"V/v Hướng dẫn thủ tục gia hạn nộp thuế và hoàn thuế giá trị gia tăng đối với thiết bị, máy móc, phương tiện vận tải chuyên dùng nằm trong dây chuyền công nghệ và vật tư xây dựng thuộc loại trong nước chưa sản xuất được cần nhập khẩu để tạo tài sản cố định của doanh nghiệp.",63609,305,4,DONG_NAI,null,null,,https://www.customs.gov.vn/index.jsp?pageId=3&id=63609&cid=1294,2010,06/2010,2026-10-08T09:45:37Z
318,46/2010/QH12,16/06/2010,Quốc hội,Luật Ngân hàng Nhà nước Việt Nam,54723,305,13,TP_HO_CHI_MINH,Nguyễn Phú Trọng,27/01/2007,https://files.customs.gov.vn/CustomsCMS/TP_HO_CHI_MINH/2020/Web/Data/DocumentAttachments/46.2010.QH12.doc,https://www.customs.gov.vn/index.jsp?pageId=3&id=54723&cid=1294,2010,06/2010,2026-10-08T09:45:37Z
319,47/2010/QH12,16/06/2010,Quốc hội,Luật Các tổ chức tín dụng,56484,305,13,TP_HO_CHI_MINH,Nguyễn Phú Trọng,01/01/2011,https://files.customs.gov.vn/CustomsCMS/TP_HO_CHI_MINH/2020/Web/Data/DocumentAttachments/47_2010_QH12_Luat_cac_to_chuc_tin_dung.doc,https://www.customs.gov.vn/index.jsp?pageId=3&id=56484&cid=1294,2010,06/2010,2026-10-08T09:45:37Z
320,TT27/2010/TT-BCT,16/06/2010,Bộ Công thương,"V/v Điều chỉnh, sửa đổi Thông tư số 34/2009/TT-BCT ngày 17 tháng 11 năm 2009 của Bộ trưởng Bộ Công Thương về việc nhập khẩu theo hạn ngạch thuế quan năm 2010 với thuế suất thuế nhập khẩu 0% đối với hàng hóa có xuất xứ từ Lào",63610,305,4,DONG_NAI,null,null,,https://www.customs.gov.vn/index.jsp?pageId=3&id=63610&cid=1294,2010,06/2010,2026-10-08T09:45:37Z
321,88/2010/TT-BTC,15/06/2010,Bộ Tài chính,"Thông tư số 88/2010/TT-BTC Hướng dẫn thực hiện một số nội dung của Nghị định 96/2009/NĐ-CP ngày 30/10/2009 của Chính phủ về việc xử lý tài sản bị chôn giấu, bị chìm đắm được phát hiện hoặc tìm thấy thuộc đất liền, các hải đảo và vùng biển Viêt Nam",67206,305,18,CAN_THO,null,01/08/2010,https://files.customs.gov.vn/CAN_THO/25_23E42d01.PDF,https://www.customs.gov.vn/index.jsp?pageId=3&id=67206&cid=1294,2010,06/2010,2026-10-08T09:45:37Z
322,CV7645/BTC-TCHQ,15/06/2010,Bộ Tài chính,V/v Đăng ký danh mục miễn thuế,63612,305,16,DONG_NAI,null,null,,https://www.customs.gov.vn/index.jsp?pageId=3&id=63612&cid=1294,2010,06/2010,2026-10-08T09:45:37Z
323,CV7664/BTC-TCHQ,15/06/2010,Bộ Tài chính,V/v Chính sách thuế đối với ô tô mua từ nội địa,63611,305,16,DONG_NAI,null,null,,https://www.customs.gov.vn/index.jsp?pageId=3&id=63611&cid=1294,2010,06/2010,2026-10-08T09:45:37Z
324,25/2010/TTLT-...,14/06/2010,Bộ Giao thông vận tải,"25/2010/TTLT-BCT-BGTVT-BTC Quy định việc nhập khẩu ô tô chở người dưới 16 chỗ ngồi, loại mới (chưa qua sử dụng)",42250,305,18,QUANG_NAM,"Lê Mạnh Hùng, Nguyễn Thành Biên, Đỗ Hoàng Anh Tuấn",14/06/2010,https://files.customs.gov.vn/CustomsCMS/QUANG_NAM/2020/Document/25-2010TTLT-BCT-BGTVT-BTC.doc,https://www.customs.gov.vn/index.jsp?pageId=3&id=42250&cid=1294,2010,06/2010,2026-10-08T09:45:37Z
325,25/2010/TTLT-BCT-BGTVT-BTC,14/06/2010,Bộ Công thương,"Quy định việc nhập khẩu ô tô chở người dưới 16 chỗ ngồi, loại mới (chưa qua sử dụng)",53593,305,4,TP_HO_CHI_MINH,Nguyễn Thành Biên; Lê Mạnh Hùng; Đỗ Hoàng Anh Tuấn,29/07/2010,https://files.customs.gov.vn/CustomsCMS/TP_HO_CHI_MINH/2020/Web/Data/DocumentAttachments/25_2010_TTLT_BCT_BGTVT_BTC_Quy_dinh_viec_nhap_khau_o_to_cho_nguoi_duoi_16_cho_ngoi__loai_moi_(chua_qua_su_dung)_.doc,https://www.customs.gov.vn/index.jsp?pageId=3&id=53593&cid=1294,2010,06/2010,2026-10-08T09:45:37Z
326,Cv0879/HQĐNa-LT,14/06/2010,Cục Hải Quan tỉnh Đồng Nai,"V/v Phối hợp kiểm tra sổ sách, chứng từ kế toán của Công ty TNHH SOYA KNITTING (lần 3)",65308,305,16,DONG_NAI,null,null,https://files.customs.gov.vn/DONG_NAI//Data/CV_Hqdn/879_HQDNa_LT_14_06_2010.PDF,https://www.customs.gov.vn/index.jsp?pageId=3&id=65308&cid=1294,2010,06/2010,2026-10-08T09:45:37Z
327,TT25/2010/TTLT-BCT-BGTVT-BTC,14/06/2010,Bộ Công thương,"V/v Quy định việc nhập khẩu ô tô chở người dưới 16 chỗ ngồi, loại mới (chưa qua sử dụng)",63614,305,4,DONG_NAI,null,null,,https://www.customs.gov.vn/index.jsp?pageId=3&id=63614&cid=1294,2010,06/2010,2026-10-08T09:45:37Z
328,TT26/2010/TT-BCT,14/06/2010,Bộ Công thương,"V/v Quy định việc đăng ký kế hoạch sản xuất, nhập khẩu nguyên liệu, tiêu thụ sản phẩm xăng dầu",63613,305,4,DONG_NAI,null,null,,https://www.customs.gov.vn/index.jsp?pageId=3&id=63613&cid=1294,2010,06/2010,2026-10-08T09:45:37Z
329,CV3042/TCHQ-GSQL,11/06/2010,Tổng cục hải quan,V/v Điều kiện thành lập kho ngoại quan,63615,305,16,DONG_NAI,null,null,,https://www.customs.gov.vn/index.jsp?pageId=3&id=63615&cid=1294,2010,06/2010,2026-10-08T09:45:37Z
330,Cv0866/HQĐNa-NV,10/06/2010,Cục Hải Quan tỉnh Đồng Nai,Trả lời Công ty TNHH Sang Gee Roll Việt Nam v/v Đăng ký danh mục hàng hóa nhập khẩu miễn thuế tạo TSCĐ,65311,305,16,DONG_NAI,null,null,https://files.customs.gov.vn/DONG_NAI//Data/CV_Hqdn/866_HQDNa_NV_10_06_2010.PDF,https://www.customs.gov.vn/index.jsp?pageId=3&id=65311&cid=1294,2010,06/2010,2026-10-08T09:45:37Z
331,Cv0867/HQĐNa-NV,10/06/2010,Cục Hải Quan tỉnh Đồng Nai,Trả lời Công ty HH Khai thác Quốc tế Heng Tong v/v Đăng ký danh mục hàng hóa nhập khẩu tạo TSCĐ,65310,305,16,DONG_NAI,null,null,https://files.customs.gov.vn/DONG_NAI//Data/CV_Hqdn/867_HQDNa_NV_10_06_2010.PDF,https://www.customs.gov.vn/index.jsp?pageId=3&id=65310&cid=1294,2010,06/2010,2026-10-08T09:45:37Z
332,Cv0868/HQĐNa-NV,10/06/2010,Cục Hải Quan tỉnh Đồng Nai,Trả lời Công ty TNHH Honm Reen Việt Nam v/v Đăng ký danh mục hàng hóa nhập khẩu miễn thuế tạo TSCĐ,65309,305,16,DONG_NAI,null,null,https://files.customs.gov.vn/DONG_NAI//Data/CV_Hqdn/868_HQDNa_NV_10_06_2010.PDF,https://www.customs.gov.vn/index.jsp?pageId=3&id=65309&cid=1294,2010,06/2010,2026-10-08T09:45:37Z
333,CV3008/TCHQ-GSQL,09/06/2010,Tổng cục hải quan,"V/v Phân loại mặt hàng ""đông trùng hạ thảo""",63617,305,16,DONG_NAI,null,null,,https://www.customs.gov.vn/index.jsp?pageId=3&id=63617&cid=1294,2010,06/2010,2026-10-08T09:45:37Z
334,CV3009/TCHQ-GSQL,09/06/2010,Tổng cục hải quan,"V/v Phân loại mặt hàng ""thiết bị làm lạnh nước""",63616,305,16,DONG_NAI,null,null,,https://www.customs.gov.vn/index.jsp?pageId=3&id=63616&cid=1294,2010,06/2010,2026-10-08T09:45:37Z
335,63/2010/NÐ-CP,08/06/2010,Chính phủ,VỀ KIỂM SOÁT THỦ TỤC HÀNH CHÍNH,56131,305,8,TP_HO_CHI_MINH,Nguyễn Tấn Dũng,14/10/2010,,https://www.customs.gov.vn/index.jsp?pageId=3&id=56131&cid=1294,2010,06/2010,2026-10-08T09:45:37Z
336,Cv0855/HQĐNa-ĐKS,08/06/2010,Cục Hải Quan tỉnh Đồng Nai,"V/v Công nhận địa điểm kiểm tra hàng hóa tại nơi sản xuất, chân công trình và kho của công trình",65312,305,16,DONG_NAI,null,08/06/2010,https://files.customs.gov.vn/DONG_NAI//Data/CV_Hqdn/855_HQDNa_DKS_08_06_2010.PDF,https://www.customs.gov.vn/index.jsp?pageId=3&id=65312&cid=1294,2010,06/2010,2026-10-08T09:45:37Z
337,NĐ63/2010/NĐ-CP,08/06/2010,Chính phủ,V/v Kiểm soát thủ tục hành chính,63618,305,8,DONG_NAI,null,null,https://files.customs.gov.vn/DONG_NAI//Data/Nghi_dinh/63_2010_ND_CP_08_06_2010.pdf,https://www.customs.gov.vn/index.jsp?pageId=3&id=63618&cid=1294,2010,06/2010,2026-10-08T09:45:37Z
338,CV7294/BTC-TCHQ,07/06/2010,Bộ Tài chính,V/v Hồ sơ hoàn thuế NK hàng xuất vào kho ngoại quan,63619,305,16,DONG_NAI,null,null,,https://www.customs.gov.vn/index.jsp?pageId=3&id=63619&cid=1294,2010,06/2010,2026-10-08T09:45:37Z
339,26/NQ-CP,04/06/2010,null,Nghị quyết số 26/NQ-CP phiên họp Chính phủ thường kỳ tháng 5 năm 2010,42729,305,18,QUANG_BINH,null,null,https://files.customs.gov.vn/CustomsCMS/QUANG_BINH/2021/04/images/stories/files/NQ2610CP.doc,https://www.customs.gov.vn/index.jsp?pageId=3&id=42729&cid=1294,2010,06/2010,2026-10-08T09:45:37Z
340,CV7164/BTC-TCHQ,04/06/2010,Bộ Tài chính,V/v Phí xếp dỡ (THC),63620,305,16,DONG_NAI,null,null,,https://www.customs.gov.vn/index.jsp?pageId=3&id=63620&cid=1294,2010,06/2010,2026-10-08T09:45:37Z
341,7109/BTC-CST,03/06/2010,null,Thuế suất thuế TTĐB đối với xe ô tô chạy bằng xăng kết hợp năng lượng điện,73271,305,16,DA_NANG,admin,03/06/2010,https://files.customs.gov.vn/DA_NANG/Uploads/65e32243-11bf-4695-985d-c1563e8c13ba/CV 7109-BTC-CST.doc,https://www.customs.gov.vn/index.jsp?pageId=3&id=73271&cid=1294,2010,06/2010,2026-10-08T09:45:37Z
342,25/NQ-CP,02/06/2010,null,"Nghị quyết 25/NQ-CP của Chính phủ về việc đơn giản hoá 258 thủ tục hành chính thuộc phạm vi chức năng quản lý của Bộ, ngành",42726,305,18,QUANG_BINH,null,null,https://files.customs.gov.vn/CustomsCMS/QUANG_BINH/2021/04/images/stories/files/NQ2510CP.PDF,https://www.customs.gov.vn/index.jsp?pageId=3&id=42726&cid=1294,2010,06/2010,2026-10-08T09:45:37Z
343,CV7082/BTC-TCT,02/06/2010,Bộ Tài chính,"V/v Hướng dẫn bổ sung, thủ tục ở khâu nhập khẩu đối với loại xe ô tô thuộc đối tượng không chịu thuế TTĐB",63621,305,16,DONG_NAI,null,null,,https://www.customs.gov.vn/index.jsp?pageId=3&id=63621&cid=1294,2010,06/2010,2026-10-08T09:45:37Z
344,Cv0821/HQĐNa-NV,02/06/2010,Cục Hải Quan tỉnh Đồng Nai,Trả lời Tổng Công ty Khí Việt Nam  - Công ty TNHH một thành viên v/v Đăng ký Danh mục hàng hóa nhập khẩu miễn thuế tạo TSCĐ,65313,305,16,DONG_NAI,null,null,https://files.customs.gov.vn/DONG_NAI//Data/CV_Hqdn/821_HQDNa_NV_02_06_2010.PDF,https://www.customs.gov.vn/index.jsp?pageId=3&id=65313&cid=1294,2010,06/2010,2026-10-08T09:45:37Z
345,Cv0812/HQĐNa-NV,01/06/2010,Cục Hải Quan tỉnh Đồng Nai,Trả lời Công ty TNHH Vopak Việt Nam v/v Thành lập kho ngoại quan,65314,305,16,DONG_NAI,null,null,https://files.customs.gov.vn/DONG_NAI//Data/CV_Hqdn/812_HQDNa_NV_01_06_2010.PDF,https://www.customs.gov.vn/index.jsp?pageId=3&id=65314&cid=1294,2010,06/2010,2026-10-08T09:45:37Z
346,111/TT-BTC,30/07/2010,null,"<p><span style=""font-family: Times New Roman;""><span style=""font-size: small;"">Sửa đổi mức thuế suất thuế nhập khẩu ưu đãi đối với một số mặt hàng đồ chơi thuộc nhóm 95.03 tại Biểu thuế nhập khẩu ưu đãi",73283,305,4,DA_NANG,admin,30/07/2010,https://files.customs.gov.vn/DA_NANG/Uploads/65e32243-11bf-4695-985d-c1563e8c13ba/TT111BTC.doc,https://www.customs.gov.vn/index.jsp?pageId=3&id=73283&cid=1294,2010,07/2010,2026-10-08T09:45:37Z
347,19/2010/TT-BGTVT,30/07/2010,Bộ Giao thông vận tải,"Thông tư sửa đổi, bổ sung một số điều của TT 23/2009/TT-BGTVT ngày 15/10/2009 của Bộ trưởng Bộ Giao thông vận tải.",61356,305,4,BA_RIA_VUNG_TAU,Hồ Nghĩa Dũng,13/09/2010,https://files.customs.gov.vn/BA_RIA_VUNG_TAU/uploads/document/479/19_2010_TT-BGTVT.doc,https://www.customs.gov.vn/index.jsp?pageId=3&id=61356&cid=1294,2010,07/2010,2026-10-08T09:45:37Z
348,CV4246/TCHQ-TTr,30/07/2010,Tổng cục hải quan,V/v Trả lời về việc ấn định thuế đối với hàng hóa tạo tài sản cố định,63556,305,16,DONG_NAI,null,null,,https://www.customs.gov.vn/index.jsp?pageId=3&id=63556&cid=1294,2010,07/2010,2026-10-08T09:45:37Z
349,TT110/2010/TT-BTC,30/07/2010,Bộ Tài chính,"V/v Hướng dẫn việc xác nhận và thông quan xe thiết kế chở tiền thuộc phân nhóm 8705.10 tại Biểu thuế xuất khẩu, Biểu thuế nhập khẩu ưu đãi",63555,305,4,DONG_NAI,null,12/09/2010,,https://www.customs.gov.vn/index.jsp?pageId=3&id=63555&cid=1294,2010,07/2010,2026-10-08T09:45:37Z
350,TT111/2010/TT-BTC,30/07/2010,Bộ Tài chính,V/v Sửa đổi mức thuế suất thuế nhập khẩu ưu đãi đối với một số mặt hàng thuộc nhóm 9503 tại Biểu thuế nhập khẩu ưu đãi,63554,305,4,DONG_NAI,null,null,https://files.customs.gov.vn/DONG_NAI//Data/CV_BTC/111_2010_TT_BTC_30_07_2010.pdf,https://www.customs.gov.vn/index.jsp?pageId=3&id=63554&cid=1294,2010,07/2010,2026-10-08T09:45:37Z
351,TT19/2010/TT-BGTVT,30/07/2010,Bộ Giao thông vận tải,"V/v Sửa đổi, bổ sung một số điều của Thông tư số 23/2009/TT-BGTVT ngày 15 tháng 10 năm 2009 của Bộ trưởng Bộ Giao thông vận tải",63553,305,4,DONG_NAI,null,14/09/2010,,https://www.customs.gov.vn/index.jsp?pageId=3&id=63553&cid=1294,2010,07/2010,2026-10-08T09:45:37Z
352,CV1214/HQĐNa-GSQL,29/07/2010,Cục Hải Quan tỉnh Đồng Nai,V/v Thay đổi mục đích sử dụng hàng NK,65274,305,16,DONG_NAI,null,null,https://files.customs.gov.vn/DONG_NAI//Data/CV_Hqdn/1214_HQDNa_GSQL_29_07_2010.PDF,https://www.customs.gov.vn/index.jsp?pageId=3&id=65274&cid=1294,2010,07/2010,2026-10-08T09:45:37Z
353,CV1217/HQĐNa-TXNK,29/07/2010,Cục Hải Quan tỉnh Đồng Nai,Trả lời Công ty TNHH Hóa chất Washin Việt Nam v/v xin được không thu - hoàn thuế đối với các tờ khai xuất khẩu trích lục,65273,305,16,DONG_NAI,null,null,https://files.customs.gov.vn/DONG_NAI//Data/CV_Hqdn/1217_HQDNa_TXNK_29_07_2010.PDF,https://www.customs.gov.vn/index.jsp?pageId=3&id=65273&cid=1294,2010,07/2010,2026-10-08T09:45:37Z
354,1820/QĐ-TCHQ,28/07/2010,null,Ban hành qui trình nghiệp vụ quản lý hải quan đối với hàng hóa gia công với thương nhân nước ngoài,73282,305,10,DA_NANG,admin,28/07/2010,https://files.customs.gov.vn/DA_NANG/Uploads/65e32243-11bf-4695-985d-c1563e8c13ba/1820-giacong.tif,https://www.customs.gov.vn/index.jsp?pageId=3&id=73282&cid=1294,2010,07/2010,2026-10-08T09:45:37Z
355,CV4180/TCHQ-GSQL,28/07/2010,Tổng cục hải quan,"V/v Nhập khẩu động cơ ô tô đã qua sử dụng cho mục đích nghiên cứu, thiết kế",63559,305,16,DONG_NAI,null,null,,https://www.customs.gov.vn/index.jsp?pageId=3&id=63559&cid=1294,2010,07/2010,2026-10-08T09:45:37Z
356,CV4204/TCHQ-TXNK,28/07/2010,Tổng cục hải quan,V/v Truy thu thuế XK nguyên liệu gỗ cung ứng cho hợp đồng gia công,63558,305,16,DONG_NAI,null,null,,https://www.customs.gov.vn/index.jsp?pageId=3&id=63558&cid=1294,2010,07/2010,2026-10-08T09:45:37Z
357,CV4212/TCHQ-GSQL,28/07/2010,Tổng cục hải quan,V/v Bán phế liệu của DNCX vào thị trường nội địa,63557,305,16,DONG_NAI,null,null,,https://www.customs.gov.vn/index.jsp?pageId=3&id=63557&cid=1294,2010,07/2010,2026-10-08T09:45:37Z
358,104/2010/TT-BTC,27/07/2010,null,"Quy định mức thuế suất thuế nhập khẩu ưu đãi đối với vật tư, linh kiện nhập khẩu để sản xuất thiết bị nâng hạ thuộc Danh mục các sản phẩm cơ khí trọng điểm ban hành kèm theo Quyết định số 10/2009/QĐ-TTg",73281,305,4,DA_NANG,admin,27/07/2010,https://files.customs.gov.vn/DA_NANG/Uploads/65e32243-11bf-4695-985d-c1563e8c13ba/TT 104.doc,https://www.customs.gov.vn/index.jsp?pageId=3&id=73281&cid=1294,2010,07/2010,2026-10-08T09:45:37Z
359,1807/QÐ-TCHQ,27/07/2010,Tổng cục hải quan,"Quyết định 1807/QĐ-TCHQ năm 2010 ban hành quy định phân luồng hàng hóa nhập khẩu, xuất khẩu và kiểm tra hải quan do Tổng cục trưởng Tổng cục Hải quan ban hành",53380,305,16,TP_HO_CHI_MINH,Vũ Ngọc Anh,22/08/2010,https://files.customs.gov.vn/CustomsCMS/TP_HO_CHI_MINH/2020/Web/Data/DocumentAttachments/1807_QD-TCHQ_109397.doc,https://www.customs.gov.vn/index.jsp?pageId=3&id=53380&cid=1294,2010,07/2010,2026-10-08T09:45:37Z
360,CV5220/VPCP-KTN,27/07/2010,Chính phủ,"V/v Xử lý cát nhiễm mặn tận thu từ nạo vét, khơi thông luồng mạch",63560,305,16,DONG_NAI,null,null,,https://www.customs.gov.vn/index.jsp?pageId=3&id=63560&cid=1294,2010,07/2010,2026-10-08T09:45:37Z
361,TT31/2010/TT-BCT,27/07/2010,Bộ Công thương,V/v Bổ sung mặt hàng áp dụng Giấy phép nhập khẩu tự động được quy định tại Thông tư số 22/2010/TT-BCT ngày 20 tháng 5 năm 2010 của Bộ trưởng Bộ Công Thương áp dụng Giấy phép nhập khẩu tự động đối với một số sản phẩm thép,63561,305,4,DONG_NAI,null,null,,https://www.customs.gov.vn/index.jsp?pageId=3&id=63561&cid=1294,2010,07/2010,2026-10-08T09:45:37Z
362,CV1189/HQĐNa-TXNK,26/07/2010,Cục Hải Quan tỉnh Đồng Nai,Trả lời Công ty TNHH Hưng Nghiệp Formosa v/v Đăng ký Danh mục hàng hóa nhập khẩu miễn thuế tạo TSCĐ,65275,305,16,DONG_NAI,null,null,https://files.customs.gov.vn/DONG_NAI//Data/CV_Hqdn/1189_HQDNa_TXNK_26_07_2010.PDF,https://www.customs.gov.vn/index.jsp?pageId=3&id=65275&cid=1294,2010,07/2010,2026-10-08T09:45:37Z
363,CV4141/TCHQ-TXNK,26/07/2010,Tổng cục hải quan,V/v Trả lời Công ty TNHH TM Trường Xuân V/v Gia hạn thời hạn nộp thuế,63563,305,16,DONG_NAI,null,null,,https://www.customs.gov.vn/index.jsp?pageId=3&id=63563&cid=1294,2010,07/2010,2026-10-08T09:45:37Z
364,TT30/2010/TT-BCT,26/07/2010,Bộ Công thương,V/v Quy định việc nhập khẩu bổ sung đường theo hạn ngạch thuế quan lần thứ 2 năm 2010,63562,305,4,DONG_NAI,null,null,,https://www.customs.gov.vn/index.jsp?pageId=3&id=63562&cid=1294,2010,07/2010,2026-10-08T09:45:37Z
365,CV1184/HQĐNa-GSQL,23/07/2010,Cục Hải Quan tỉnh Đồng Nai,"V/v Trả lời Công ty TNHH Mabuchi Motor Việt nam v/v thủ tục vận chuyển phế liệu, chất thải vào nội địa để xử lý",65277,305,16,DONG_NAI,null,null,https://files.customs.gov.vn/DONG_NAI//Data/CV_Hqdn/1184_HQDN_GSQL_23_07_2010.PDF,https://www.customs.gov.vn/index.jsp?pageId=3&id=65277&cid=1294,2010,07/2010,2026-10-08T09:45:37Z
366,CV1185/HQĐNa-ĐKS,23/07/2010,Cục Hải Quan tỉnh Đồng Nai,V/v Hướng dẫn kiểm tra hàng hóa tại địa điểm kiểm tra tập trung,65276,305,16,DONG_NAI,null,null,https://files.customs.gov.vn/DONG_NAI//Data/CV_Hqdn/1185_HQDN_DKS_23_07_2010.PDF,https://www.customs.gov.vn/index.jsp?pageId=3&id=65276&cid=1294,2010,07/2010,2026-10-08T09:45:37Z
367,CV2340/TNMT-CCBVMT,23/07/2010,Khác,"V/v Ý kiến đối với phương án hủy máy móc, thiết bị của Công ty TNHH Việt Nam Meiwa",63564,305,16,DONG_NAI,null,null,,https://www.customs.gov.vn/index.jsp?pageId=3&id=63564&cid=1294,2010,07/2010,2026-10-08T09:45:37Z
368,CV4101/TCHQ-TXNK,23/07/2010,Tổng cục hải quan,V/v Thuế nhập khẩu khung giá sắt,63568,305,16,DONG_NAI,null,null,,https://www.customs.gov.vn/index.jsp?pageId=3&id=63568&cid=1294,2010,07/2010,2026-10-08T09:45:37Z
369,CV4102/TCHQ-TXNK,23/07/2010,Tổng cục hải quan,V/v Nộp lệ phí hải quan,63567,305,16,DONG_NAI,null,null,,https://www.customs.gov.vn/index.jsp?pageId=3&id=63567&cid=1294,2010,07/2010,2026-10-08T09:45:37Z
370,CV4109/TCHQ-TXNK,23/07/2010,Tổng cục hải quan,V/v Thuế suất thuế GTGT mặt hàng Xích răng,63566,305,16,DONG_NAI,null,null,,https://www.customs.gov.vn/index.jsp?pageId=3&id=63566&cid=1294,2010,07/2010,2026-10-08T09:45:37Z
371,CV4110/TCHQ-TXNK,23/07/2010,Tổng cục hải quan,V/v Phân loại bộ thu giải mã truyền hình,63565,305,16,DONG_NAI,null,null,,https://www.customs.gov.vn/index.jsp?pageId=3&id=63565&cid=1294,2010,07/2010,2026-10-08T09:45:37Z
372,CV1177/HQĐNa-TXNK,22/07/2010,Cục Hải Quan tỉnh Đồng Nai,V/v Trả lời Công ty TNHH Việt Hoằng v/v Đăng ký danh mục hàng hóa nhập khẩu miễn thuế tạo TSCĐ,65279,305,16,DONG_NAI,null,null,https://files.customs.gov.vn/DONG_NAI//Data/CV_Hqdn/1177_HQDN_TXNK_22_07_2010.PDF,https://www.customs.gov.vn/index.jsp?pageId=3&id=65279&cid=1294,2010,07/2010,2026-10-08T09:45:37Z
373,CV1179/HQĐNa-NV,22/07/2010,Cục Hải Quan tỉnh Đồng Nai,V/v Phúc đáp công văn số 2010/406/XNK của Công ty Cổ phần Tea kwang Vina Industrial,65278,305,16,DONG_NAI,null,null,https://files.customs.gov.vn/DONG_NAI//Data/CV_Hqdn/1179_HQDN_NV_22_07_2010.PDF,https://www.customs.gov.vn/index.jsp?pageId=3&id=65278&cid=1294,2010,07/2010,2026-10-08T09:45:37Z
374,TT08/2010/TT-BKHCN,22/07/2010,Bộ Khoa Học Công Nghệ,"V/v Hướng dẫn về việc khai báo, cấp giấy phép tiến hành công việc bức xạ và cấp chứng chỉ nhân viên bức xạ",63569,305,4,DONG_NAI,null,null,,https://www.customs.gov.vn/index.jsp?pageId=3&id=63569&cid=1294,2010,07/2010,2026-10-08T09:45:37Z
375,TT104/2010/TT-BTC,22/07/2010,Bộ Tài chính,"V/v Quy định mức thuế suất thuế nhập khẩu ưu đãi đối với vật tư, linh kiện nhập khẩu để sản xuất thiết bị nâng hạ thuộc Danh mục các sản phẩm cơ khí trọng điểm ban hành kèm theo Quyết định số 10/2009/QĐ-TTg",63570,305,4,DONG_NAI,null,null,,https://www.customs.gov.vn/index.jsp?pageId=3&id=63570&cid=1294,2010,07/2010,2026-10-08T09:45:37Z
376,4033/TCHQ-GSQL,21/07/2010,null,Công văn số 4033/TCHQ- GSQL của Tổng cục Hải quan về việc thủ tục NK đối với thực phẩm tươi sống phải có giấy phép NK tự động vận chuyển bằng đường hàng không,42780,305,18,QUANG_BINH,null,null,https://files.customs.gov.vn/CustomsCMS/QUANG_BINH/2021/04/images/stories/files/4033TCHQ-GSQL 21.07.2010.doc,https://www.customs.gov.vn/index.jsp?pageId=3&id=42780&cid=1294,2010,07/2010,2026-10-08T09:45:37Z
377,CV4033/TCHQ-GSQL,21/07/2010,Tổng cục hải quan,V/v V/v Thủ tục nhập khẩu đối với thực phẩm tươi sống phải có giấy phép NK tự động vận chuyển bằng đường hàng không,63573,305,16,DONG_NAI,null,null,,https://www.customs.gov.vn/index.jsp?pageId=3&id=63573&cid=1294,2010,07/2010,2026-10-08T09:45:37Z
378,CV4040/TCHQ-TXNK,21/07/2010,Tổng cục hải quan,V/v Lĩnh vực ưu đãi đầu tư,63572,305,16,DONG_NAI,null,null,,https://www.customs.gov.vn/index.jsp?pageId=3&id=63572&cid=1294,2010,07/2010,2026-10-08T09:45:37Z
379,CV4047/TCHQ-GSQL,21/07/2010,Tổng cục hải quan,V/v Trao đổi hàng hoá giữa các DNCX,63571,305,16,DONG_NAI,null,null,,https://www.customs.gov.vn/index.jsp?pageId=3&id=63571&cid=1294,2010,07/2010,2026-10-08T09:45:37Z
380,4021/TCHQ-GSQL,20/07/2010,null,Công văn số 4021/TCHQ- GSQL của Tổng cục Hải quan về việc vướng mắc xử lý nguyên phụ liệu dư thuộc hợp đồng gia công,42779,305,18,QUANG_BINH,null,null,https://files.customs.gov.vn/CustomsCMS/QUANG_BINH/2021/04/images/stories/files/4021TCHQ-GSQL 20.07.2010.doc,https://www.customs.gov.vn/index.jsp?pageId=3&id=42779&cid=1294,2010,07/2010,2026-10-08T09:45:37Z
381,CV1166/HQĐNa-TXNK,20/07/2010,Cục Hải Quan tỉnh Đồng Nai,V/v Trả lời Công ty CP Kiến trúc và nội thất Nano Chi nhánh Đồng Nai v/v Đăng ký danh mục hàng hóa nhập khẩu miễn thuế tạo TSCĐ,65282,305,16,DONG_NAI,null,null,https://files.customs.gov.vn/DONG_NAI//Data/CV_Hqdn/1166_HQDNa_TXNK_20_07_2010.PDF,https://www.customs.gov.vn/index.jsp?pageId=3&id=65282&cid=1294,2010,07/2010,2026-10-08T09:45:37Z
382,CV1167/HQĐNa-TXNK,20/07/2010,Cục Hải Quan tỉnh Đồng Nai,V/v Trả lời Công ty CP Điện lực Dầu khí Nhơn Trạch 2 v/v Đăng ký danh mục hàng hóa nhập khẩu miễn thuế tạo TSCĐ,65281,305,16,DONG_NAI,null,null,https://files.customs.gov.vn/DONG_NAI//Data/CV_Hqdn/1167_HQDNa_TXNK_20_07_2010.PDF,https://www.customs.gov.vn/index.jsp?pageId=3&id=65281&cid=1294,2010,07/2010,2026-10-08T09:45:37Z
383,CV1169/HQĐNa-LT,20/07/2010,Cục Hải Quan tỉnh Đồng Nai,V/v Thông báo mất tờ khai hải quan,65280,305,16,DONG_NAI,null,null,https://files.customs.gov.vn/DONG_NAI//Data/CV_Hqdn/1169_HQDN_LT_20_07_2010.PDF,https://www.customs.gov.vn/index.jsp?pageId=3&id=65280&cid=1294,2010,07/2010,2026-10-08T09:45:37Z
384,CV4016/TCHQ-GSQL,20/07/2010,Tổng cục hải quan,V/v Áp dụng thuế suất đối với mặt hàng nhập khẩu theo hạn ngạch thuế quan,63575,305,16,DONG_NAI,null,null,,https://www.customs.gov.vn/index.jsp?pageId=3&id=63575&cid=1294,2010,07/2010,2026-10-08T09:45:37Z
385,CV4020/TCHQ-GSQL,20/07/2010,Tổng cục hải quan,V/v Vướng mắc C/O mẫu AJ,63574,305,16,DONG_NAI,null,null,,https://www.customs.gov.vn/index.jsp?pageId=3&id=63574&cid=1294,2010,07/2010,2026-10-08T09:45:37Z
386,29/2010/TT-BCT,19/07/2010,Bộ Công thương,"Về việc nhập khẩu ô tô chưa qua sử dụng bị đục sửa số khung, máy",61324,305,4,BA_RIA_VUNG_TAU,Nguyễn Thành Biên,05/09/2010,https://files.customs.gov.vn/BA_RIA_VUNG_TAU/uploads/document/386/29_2010_TT-BCT.doc,https://www.customs.gov.vn/index.jsp?pageId=3&id=61324&cid=1294,2010,07/2010,2026-10-08T09:45:37Z
387,49/2010/QĐ-TTg,19/07/2010,Chính phủ,Phê duyệt Danh mục công nghệ cao được ưu tiên đầu tư phát triển và Danh mục sản phẩm công nghệ cao được khuyến khích phát triển do Thủ tướng Chính phủ ban hành,66335,305,10,DONG_NAI,null,null,,https://www.customs.gov.vn/index.jsp?pageId=3&id=66335&cid=1294,2010,07/2010,2026-10-08T09:45:37Z
388,CV1134/HQĐNa-GSQL,19/07/2010,Cục Hải Quan tỉnh Đồng Nai,V/v Thành lập kho ngoại quan,65285,305,16,DONG_NAI,null,null,https://files.customs.gov.vn/DONG_NAI//Data/CV_Hqdn/1134_HQDN_GSQL_19_07_2010.PDF,https://www.customs.gov.vn/index.jsp?pageId=3&id=65285&cid=1294,2010,07/2010,2026-10-08T09:45:37Z
389,CV1137/HQĐNa-TXNK,19/07/2010,Cục Hải Quan tỉnh Đồng Nai,Trả lời Công ty Cổ phần thực phẩm Hồng Phú V/v Đăng ký danh mục hàng hóa nhập khẩu miễn thuế tạo TSCĐ,65284,305,16,DONG_NAI,null,null,https://files.customs.gov.vn/DONG_NAI//Data/CV_Hqdn/1137_HQDN_TXNK-19_07_2010.PDF,https://www.customs.gov.vn/index.jsp?pageId=3&id=65284&cid=1294,2010,07/2010,2026-10-08T09:45:37Z
390,CV1138/HQĐNa-TXNK,19/07/2010,Cục Hải Quan tỉnh Đồng Nai,Trả lời Công ty TNHH Shing Mark Vina V/v Đăng ký danh mục hàng hóa nhập khẩu miễn thuế tạo TSCĐ,65283,305,16,DONG_NAI,null,null,https://files.customs.gov.vn/DONG_NAI//Data/CV_Hqdn/1138_HQDN_TXNK-19_07_2010.PDF,https://www.customs.gov.vn/index.jsp?pageId=3&id=65283&cid=1294,2010,07/2010,2026-10-08T09:45:37Z
391,TT29/2010/TT-BCT,19/07/2010,Bộ Công thương,"V/v Nhập khẩu ô tô chưa qua sử dụng bị đục sửa số khung, máy",63576,305,4,DONG_NAI,null,null,,https://www.customs.gov.vn/index.jsp?pageId=3&id=63576&cid=1294,2010,07/2010,2026-10-08T09:45:37Z
392,CV9269/BTC-TCHQ,16/07/2010,Bộ Tài chính,V/v Bổ sung nội dung khai Hải quan và Ban hành phiếu giám sát đối với hàng xuất khẩu bằng đường biển,63577,305,16,DONG_NAI,null,null,https://files.customs.gov.vn/DONG_NAI//Data/CV_BTC/9269_BTC_TCHQ_16_07_2010.PDF,https://www.customs.gov.vn/index.jsp?pageId=3&id=63577&cid=1294,2010,07/2010,2026-10-08T09:45:37Z
393,1628/QĐ-TCHQ,15/07/2010,null,"Ban hành quy chế phân tích, phân loại hàng hóa xuất nhập khẩu trong ngành hải quan",73279,305,10,DA_NANG,admin,15/07/2010,https://files.customs.gov.vn/DA_NANG/Uploads/65e32243-11bf-4695-985d-c1563e8c13ba/QĐ 1628-BTC.doc,https://www.customs.gov.vn/index.jsp?pageId=3&id=73279&cid=1294,2010,07/2010,2026-10-08T09:45:37Z
394,102/2010/TTLT-BTC-NHNN,14/07/2010,Liên bộ,"Thông tư liên tịch số 102/2010/TTLT-BTC-NHNN của Liên Bộ Tài chính, Ngân hàng Nhà nước hướng dẫn về việc trao đổi, cung cấp thông tin giữa cơ quan quản lý thuế và các tổ chức tín dụng",59481,305,4,TONG_CUC,"Nguyễn Toàn Thắng, Đỗ Hoàng Anh Tuấn",28/08/2010,https://files.customs.gov.vn/van_ban_phap_luat/Lists/VanBanPhapLuat/Attachments/5740/TTLT10210BTCNHNN.doc,https://www.customs.gov.vn/index.jsp?pageId=3&id=59481&cid=1294,2010,07/2010,2026-10-08T09:45:37Z
395,3895/TCHQ-PTPL,14/07/2010,Tổng cục hải quan,Danh mục các mặt hàng chưa tiếp nhận PTPL,61223,305,16,TONG_CUC,Hoàng Việt Cường,14/07/2010,,https://www.customs.gov.vn/index.jsp?pageId=3&id=61223&cid=1294,2010,07/2010,2026-10-08T09:45:37Z
396,CV1063/HQĐNa-HĐH,14/07/2010,Cục Hải Quan tỉnh Đồng Nai,V/v Triển khai chữ ký số trong TTHQĐT,64611,305,16,DONG_NAI,null,null,https://files.customs.gov.vn/DONG_NAI//Data/CV_Hqdn/1063_HQDN_HDH_14_07_2010.PDF,https://www.customs.gov.vn/index.jsp?pageId=3&id=64611&cid=1294,2010,07/2010,2026-10-08T09:45:37Z
397,CV1064/HQĐNa-HĐH,14/07/2010,Cục Hải Quan tỉnh Đồng Nai,V/v Triển khai chữ ký số trong TTHQĐT,64594,305,16,DONG_NAI,null,null,https://files.customs.gov.vn/DONG_NAI//Data/CV_Hqdn/1064_HQDN_HDH_14_07_2010.PDF,https://www.customs.gov.vn/index.jsp?pageId=3&id=64594&cid=1294,2010,07/2010,2026-10-08T09:45:37Z
398,CV1065/HQĐNa-HĐH,14/07/2010,Cục Hải Quan tỉnh Đồng Nai,V/v Triển khai chữ ký số trong TTHQĐT,64578,305,16,DONG_NAI,null,null,https://files.customs.gov.vn/DONG_NAI//Data/CV_Hqdn/1065_HQDN_HDH_14_07_2010.PDF,https://www.customs.gov.vn/index.jsp?pageId=3&id=64578&cid=1294,2010,07/2010,2026-10-08T09:45:37Z
399,CV1066/HQĐNa-HĐH,14/07/2010,Cục Hải Quan tỉnh Đồng Nai,V/v Triển khai chữ ký số trong TTHQĐT,64407,305,16,DONG_NAI,null,null,https://files.customs.gov.vn/DONG_NAI//Data/CV_Hqdn/1066_HQDN_HDH_14_07_2010.PDF,https://www.customs.gov.vn/index.jsp?pageId=3&id=64407&cid=1294,2010,07/2010,2026-10-08T09:45:37Z
400,CV1067/HQĐNa-HĐH,14/07/2010,Cục Hải Quan tỉnh Đồng Nai,V/v Triển khai chữ ký số trong TTHQĐT,63025,305,16,DONG_NAI,null,null,https://files.customs.gov.vn/DONG_NAI//Data/CV_Hqdn/1067_HQDN_HDH_14_07_2010.PDF,https://www.customs.gov.vn/index.jsp?pageId=3&id=63025&cid=1294,2010,07/2010,2026-10-08T09:45:37Z
401,CV1068/HQĐNa-HĐH,14/07/2010,Cục Hải Quan tỉnh Đồng Nai,V/v Triển khai chữ ký số trong TTHQĐT,65920,305,16,DONG_NAI,null,null,https://files.customs.gov.vn/DONG_NAI//Data/CV_Hqdn/1068_HQDN_HDH_14_07_2010.PDF,https://www.customs.gov.vn/index.jsp?pageId=3&id=65920&cid=1294,2010,07/2010,2026-10-08T09:45:37Z
402,CV1069/HQĐNa-HĐH,14/07/2010,Cục Hải Quan tỉnh Đồng Nai,V/v Triển khai chữ ký số trong TTHQĐT,65289,305,16,DONG_NAI,null,null,https://files.customs.gov.vn/DONG_NAI//Data/CV_Hqdn/1069_HQDN_HDH_14_07_2010.PDF,https://www.customs.gov.vn/index.jsp?pageId=3&id=65289&cid=1294,2010,07/2010,2026-10-08T09:45:37Z
403,CV1070/HQĐNa-HĐH,14/07/2010,Cục Hải Quan tỉnh Đồng Nai,V/v Triển khai chữ ký số trong TTHQĐT,65288,305,16,DONG_NAI,null,null,https://files.customs.gov.vn/DONG_NAI//Data/CV_Hqdn/1070_HQDN_HDH_14_07_2010.PDF,https://www.customs.gov.vn/index.jsp?pageId=3&id=65288&cid=1294,2010,07/2010,2026-10-08T09:45:37Z
404,CV1071/HQĐNa-HĐH,14/07/2010,Cục Hải Quan tỉnh Đồng Nai,V/v Triển khai chữ ký số trong TTHQĐT,65287,305,16,DONG_NAI,null,null,https://files.customs.gov.vn/DONG_NAI//Data/CV_Hqdn/1071_HQDN_HDH_14_07_2010.PDF,https://www.customs.gov.vn/index.jsp?pageId=3&id=65287&cid=1294,2010,07/2010,2026-10-08T09:45:37Z
405,CV1072/HQĐNa-HĐH,14/07/2010,Cục Hải Quan tỉnh Đồng Nai,V/v Triển khai chữ ký số trong TTHQĐT,65286,305,16,DONG_NAI,null,null,https://files.customs.gov.vn/DONG_NAI//Data/CV_Hqdn/1072_HQDN_HDH_14_07_2010.PDF,https://www.customs.gov.vn/index.jsp?pageId=3&id=65286&cid=1294,2010,07/2010,2026-10-08T09:45:38Z
406,TT101/2010/TT-BTC,14/07/2010,Bộ Tài chính,"V/v Hướng dẫn việc miễn thuế nhập khẩu theo quy định tại Nghị định số 04/2009/NĐ-CP ngày 14/01/2009 của Chính phủ về ưu đãi, hỗ trợ hoạt động bảo vệ môi trường",63580,305,4,DONG_NAI,null,null,,https://www.customs.gov.vn/index.jsp?pageId=3&id=63580&cid=1294,2010,07/2010,2026-10-08T09:45:38Z
407,TT102/2010/TTLT-BTC-NHNN,14/07/2010,Bộ Tài chính,"V/v Hướng dẫn về việc trao đổi, cung cấp thông tin giữa cơ quan quản lý thuế và các tổ chức tín dụng",63579,305,4,DONG_NAI,null,null,,https://www.customs.gov.vn/index.jsp?pageId=3&id=63579&cid=1294,2010,07/2010,2026-10-08T09:45:38Z
408,TT43/2010/TT-BNNPTNT,14/07/2010,Bộ Nông nghiệp và Phát triển nông thôn,"V/v Sửa đổi, bổ sung Điều 16 và Điều 17 của Thông tư số 06/TT-BNN-NNPTNT ngày 02/02/2010 của Bộ Nông nghiệp và Phát triển nông thôn Quy định trình tự, thủ tục kiểm dịch thủy sản, sản phẩm thủy sản",63578,305,4,DONG_NAI,null,null,,https://www.customs.gov.vn/index.jsp?pageId=3&id=63578&cid=1294,2010,07/2010,2026-10-08T09:45:38Z
409,CV3840/TCHQ-TXNK,13/07/2010,Tổng cục hải quan,V/v Hoàn thuế nhập khẩu,63584,305,16,DONG_NAI,null,null,,https://www.customs.gov.vn/index.jsp?pageId=3&id=63584&cid=1294,2010,07/2010,2026-10-08T09:45:38Z
410,CV3859/TCHQ-GSQL,13/07/2010,Tổng cục hải quan,V/v Giải quyết khiếu nại việc nộp bổ sung C/O quá thời hạn,63582,305,16,DONG_NAI,null,null,,https://www.customs.gov.vn/index.jsp?pageId=3&id=63582&cid=1294,2010,07/2010,2026-10-08T09:45:38Z
411,CV3955/TCHQ-TXNK,13/07/2010,Tổng cục hải quan,V/v nộp tờ khai bản sao trong hồ sơ thanh khoản,63583,305,16,DONG_NAI,null,null,,https://www.customs.gov.vn/index.jsp?pageId=3&id=63583&cid=1294,2010,07/2010,2026-10-08T09:45:38Z
412,QĐ116/QĐ_HQĐNa,13/07/2010,Cục Hải Quan tỉnh Đồng Nai,"V/v Công nhận địa điểm kiểm tra hàng hóa xuất khẩu, nhập khẩu tại nơi sản xuất",65293,305,10,DONG_NAI,null,null,https://files.customs.gov.vn/DONG_NAI//Data/CV_Hqdn/116_HQDNa_13_07_2010.PDF,https://www.customs.gov.vn/index.jsp?pageId=3&id=65293&cid=1294,2010,07/2010,2026-10-08T09:45:38Z
413,QĐ117/QĐ_HQĐNa,13/07/2010,Cục Hải Quan tỉnh Đồng Nai,"V/v Công nhận địa điểm kiểm tra hàng hóa xuất khẩu, nhập khẩu tại nơi sản xuất",65292,305,10,DONG_NAI,null,null,https://files.customs.gov.vn/DONG_NAI//Data/CV_Hqdn/117_HQDNa_13_07_2010.PDF,https://www.customs.gov.vn/index.jsp?pageId=3&id=65292&cid=1294,2010,07/2010,2026-10-08T09:45:38Z
414,QĐ118/QĐ_HQĐNa,13/07/2010,Cục Hải Quan tỉnh Đồng Nai,"V/v Công nhận địa điểm kiểm tra hàng hóa xuất khẩu, nhập khẩu tại nơi sản xuất",65291,305,10,DONG_NAI,null,null,https://files.customs.gov.vn/DONG_NAI//Data/CV_Hqdn/118_HQDNa_13_07_2010.PDF,https://www.customs.gov.vn/index.jsp?pageId=3&id=65291&cid=1294,2010,07/2010,2026-10-08T09:45:38Z
415,QĐ134/QĐ_HQĐNa,13/07/2010,Cục Hải Quan tỉnh Đồng Nai,"V/v Công nhận địa điểm kiểm tra hàng hóa xuất khẩu, nhập khẩu tại nơi sản xuất",65290,305,10,DONG_NAI,null,null,https://files.customs.gov.vn/DONG_NAI//Data/CV_Hqdn/134_QD_HQDN_13_07_2010.PDF,https://www.customs.gov.vn/index.jsp?pageId=3&id=65290&cid=1294,2010,07/2010,2026-10-08T09:45:38Z
416,QĐ190/QĐ-QLD,13/07/2010,Bộ Y tế,V/v Công bố 28 sinh phẩm y tế được phép lưu hành tại Việt Nam đợt 11,63581,305,10,DONG_NAI,null,null,https://files.customs.gov.vn/DONG_NAI//Data/CV_BYT/190_QD_QLD_13_07_2010.pdf,https://www.customs.gov.vn/index.jsp?pageId=3&id=63581&cid=1294,2010,07/2010,2026-10-08T09:45:38Z
417,76/2010/NĐ-CP,12/07/2010,null,"Nghị định số 76/2010/NĐ-CP của Chính phủ về việc sửa đổi, bổ sung Điều 11 Nghị định số 06/2009/NĐ-CP ngày 22 tháng 01 năm 2009 của Chính phủ về xử phạt vi phạm hành chính trong lĩnh vực sản xuất, kinh doanh rượu và thuốc lá",42725,305,18,QUANG_BINH,null,null,https://files.customs.gov.vn/CustomsCMS/QUANG_BINH/2021/04/images/stories/files/ND762010CP ngay 12.07.2010.doc,https://www.customs.gov.vn/index.jsp?pageId=3&id=42725&cid=1294,2010,07/2010,2026-10-08T09:45:38Z
418,CV3829/TCHQ-TXNK,12/07/2010,Tổng cục hải quan,V/v Dừng làm thủ tục hải quan Công ty TNHH Viko Glown,63587,305,16,DONG_NAI,null,null,,https://www.customs.gov.vn/index.jsp?pageId=3&id=63587&cid=1294,2010,07/2010,2026-10-08T09:45:38Z
419,Cv1041/HQĐNa-TXNK,12/07/2010,Cục Hải Quan tỉnh Đồng Nai,V/v Đăng ký danh mục hàng hóa nhập khẩu miễn thuế tạo TSCĐ,65294,305,16,DONG_NAI,null,null,https://files.customs.gov.vn/DONG_NAI//Data/CV_Hqdn/1041_HQDNa_TXNK_12_07_2010.PDF,https://www.customs.gov.vn/index.jsp?pageId=3&id=65294&cid=1294,2010,07/2010,2026-10-08T09:45:38Z
420,NĐ75/2010/NĐ-CP,12/07/2010,Chính phủ,V/v Quy định xử phạt vi phạm hành chính trong hoạt động văn hoá,63586,305,8,DONG_NAI,null,null,,https://www.customs.gov.vn/index.jsp?pageId=3&id=63586&cid=1294,2010,07/2010,2026-10-08T09:45:38Z
421,NĐ76/2010/NĐ-CP,12/07/2010,Chính phủ,"V/v Sửa đổi, bổ sung Điều 11 Nghị định số 06/2009/NĐ-CP ngày 22 tháng 01 năm 2009 của Chính phủ về xử phạt vi phạm hành chính trong lĩnh vực sản xuất, kinh doanh rượu và thuốc lá",63585,305,8,DONG_NAI,null,null,,https://www.customs.gov.vn/index.jsp?pageId=3&id=63585&cid=1294,2010,07/2010,2026-10-08T09:45:38Z
422,Cv1027/HQĐNa-GSQL,09/07/2010,Cục Hải Quan tỉnh Đồng Nai,Trả lời Công ty TNHH WHA IL VINA V/v Kinh doanh tạm nhập tái xuất,65296,305,16,DONG_NAI,null,null,https://files.customs.gov.vn/DONG_NAI//Data/CV_Hqdn/1027_HQDNa_GSQL_09_07_2010.PDF,https://www.customs.gov.vn/index.jsp?pageId=3&id=65296&cid=1294,2010,07/2010,2026-10-08T09:45:38Z
423,Cv1028/HQĐNa-TXNK,09/07/2010,Cục Hải Quan tỉnh Đồng Nai,Trả lời Công ty TNHH Sang Gee Roll Việt Nam v/v Đăng ký danh mục hàng hóa nhập khẩu miễn thuế tạo TSCĐ,65295,305,16,DONG_NAI,null,null,https://files.customs.gov.vn/DONG_NAI//Data/CV_Hqdn/1028_HQDNa_TXNK_09_07_2010.PDF,https://www.customs.gov.vn/index.jsp?pageId=3&id=65295&cid=1294,2010,07/2010,2026-10-08T09:45:38Z
424,TT100/2010/TT-BTC,09/07/2010,Bộ Tài chính,"V/v Quy định thủ tục Hải quan đối với hàng hóa xuất khẩu, nhập khẩu gửi qua dịch vụ chuyển phát nhanh, đường hàng không quốc tế",63588,305,4,DONG_NAI,null,null,https://files.customs.gov.vn/DONG_NAI//Data/CV_BTC/100_2010_TT-BTC_09_07_2010.pdf,https://www.customs.gov.vn/index.jsp?pageId=3&id=63588&cid=1294,2010,07/2010,2026-10-08T09:45:38Z
425,TT99/2010/TT-BTC,09/07/2010,Bộ Tài chính,"V/v Quy định thủ tục Hải quan đối với bưu phẩm, bưu kiện, hàng hóa xuất khẩu, nhập khẩu gửi qua dịch vụ bưu chính",63589,305,4,DONG_NAI,null,null,https://files.customs.gov.vn/DONG_NAI//Data/CV_BTC/99_2010_TT_BTC_09_07_2010.pdf,https://www.customs.gov.vn/index.jsp?pageId=3&id=63589&cid=1294,2010,07/2010,2026-10-08T09:45:38Z
426,98/2010/TTLT-BTC-BNNPTNT-BYT,08/07/2010,Bộ Nông nghiệp và Phát triển nông thôn,"V/v Hướng dẫn thực hiện cung cấp, trao đổi thông tin liên quan đến người nộp thuế, quản lý nhà nước về hải quan, nông nghiệp và y tế",66349,305,4,DONG_NAI,null,22/08/2010,,https://www.customs.gov.vn/index.jsp?pageId=3&id=66349&cid=1294,2010,07/2010,2026-10-08T09:45:38Z
427,98/2010/TTLT/BTC-BNNPTNT-BYT,08/07/2010,Liên bộ,"Thông tư liên tịch số 98/2010/TTLT/BTC-BNNPTNT-BYT của Liên Bộ Tài chính, Bộ Nông nghiệp và Phát triển nông thôn, Bộ Y tế hướng dẫn thực hiện cung cấp, trao đổi thông tin liên quan đến người nộp thuế, quản lý nhà nước về hải quan, nông nghiệp và y tế",59480,305,4,TONG_CUC,"Cao Minh Quang, Diệp Kỉnh Tần, Đỗ Hoàng Anh Tuấn",22/08/2010,https://files.customs.gov.vn/van_ban_phap_luat/Lists/VanBanPhapLuat/Attachments/5736/TTLT9810BTCBNNPTNTBYT.doc,https://www.customs.gov.vn/index.jsp?pageId=3&id=59480&cid=1294,2010,07/2010,2026-10-08T09:45:38Z
428,NĐ72/2010/NĐ-CP,08/07/2010,Chính phủ,"V/v Quy định về phòng ngừa, đấu tranh chống tội phạm và vi phạm pháp luật khác về môi trường",63591,305,8,DONG_NAI,null,null,https://files.customs.gov.vn/DONG_NAI//Data/Nghi_dinh/72_2010_ND_CP_08_07_2010.pdf,https://www.customs.gov.vn/index.jsp?pageId=3&id=63591&cid=1294,2010,07/2010,2026-10-08T09:45:38Z
429,TT98/2010/TTLT-BTC-BNNPTNT-BYT,08/07/2010,Bộ Y tế,"V/v Hướng dẫn thực hiện cung cấp, trao đổi thông tin liên quan đến người nộp thuế, quản lý nhà nước về hải quan, nông nghiệp và y tế",63590,305,4,DONG_NAI,null,22/08/2010,,https://www.customs.gov.vn/index.jsp?pageId=3&id=63590&cid=1294,2010,07/2010,2026-10-08T09:45:38Z
430,Cv1006/HQĐNa-ĐKS,06/07/2010,Cục Hải Quan tỉnh Đồng Nai,V/v Thời gian thực hiện công văn số 855/HQĐNa-ĐKS ngày 08/06/2010,65297,305,16,DONG_NAI,null,null,https://files.customs.gov.vn/DONG_NAI//Data/CV_Hqdn/1006_HQDNa_DKS_06_07_2010.PDF,https://www.customs.gov.vn/index.jsp?pageId=3&id=65297&cid=1294,2010,07/2010,2026-10-08T09:45:38Z
431,3595/TCHQ-GSQL,05/07/2010,null,Công văn số 3595/TCHQ-GSQL V/v thực hiện thủ tục nhập khẩu xe ôtô đang sử dụng theo chế độ tài sản di chuyển của Việt kiều được phép hồi hương,67201,305,18,CAN_THO,null,05/07/2010,https://files.customs.gov.vn/CAN_THO/04_NK_xe_cua_Viet_kieu_hoi_huong_CV3595.pdf,https://www.customs.gov.vn/index.jsp?pageId=3&id=67201&cid=1294,2010,07/2010,2026-10-08T09:45:38Z
432,Cv0999/HQĐNa-NV,05/07/2010,Cục Hải Quan tỉnh Đồng Nai,"V/v Giám sát tiêu hủy phế liệu, phế phẩm không còn giá trị thương mại của DNCX",65299,305,16,DONG_NAI,null,null,https://files.customs.gov.vn/DONG_NAI//Data/CV_Hqdn/999_HQDNa_NV_05_07_2010.PDF,https://www.customs.gov.vn/index.jsp?pageId=3&id=65299&cid=1294,2010,07/2010,2026-10-08T09:45:38Z
433,Cv1000/HQĐNa-NV,05/07/2010,Cục Hải Quan tỉnh Đồng Nai,Trả lời Công ty cổ phần dịch vụ Dầu khí Nhơn Trạch 2 v/v Đăng ký Danh mục hàng hóa nhập khẩu miễn thuế tạo TSCĐ,65298,305,16,DONG_NAI,null,null,https://files.customs.gov.vn/DONG_NAI//Data/CV_Hqdn/1000_HQDNa_NV_05_07_2010.PDF,https://www.customs.gov.vn/index.jsp?pageId=3&id=65298&cid=1294,2010,07/2010,2026-10-08T09:45:38Z
434,QĐ1871/QĐ-BNN-CB,05/07/2010,Bộ Nông nghiệp và Phát triển nông thôn,V/v Ban hành Quy định tạm thời thủ tục xác nhận chất lượng muối nhập khẩu,63592,305,10,DONG_NAI,null,null,https://files.customs.gov.vn/DONG_NAI//Data/BO_NN_PTNN/1871_QD_BNN_CB_05_07_2010.pdf,https://www.customs.gov.vn/index.jsp?pageId=3&id=63592&cid=1294,2010,07/2010,2026-10-08T09:45:38Z
435,QĐ1519/QĐ-BTC,02/07/2010,Bộ Tài chính,"V/v Đính chính Thông tư số 49/2010/TT-BTC ngày 12/4/2010 của Bộ Tài chính hướng dẫn việc phân loại, áp dụng mức thuế đối với hàng hoá xuất khẩu, nhập khẩu",63594,305,10,DONG_NAI,null,null,,https://www.customs.gov.vn/index.jsp?pageId=3&id=63594&cid=1294,2010,07/2010,2026-10-08T09:45:38Z
436,QĐ34/2010/QĐ-UBND,02/07/2010,null,"V/v Tổ chức làm việc vào buổi sáng ngày thứ bảy hàng tuần để tiếp nhận, giải quyết thủ tục hành chính trên địa bàn tỉnh Đồng Nai",63593,305,10,DONG_NAI,null,null,https://files.customs.gov.vn/DONG_NAI//Data/CV_nganh_khac/34_2010_QD_UBND_02_07_2010.pdf,https://www.customs.gov.vn/index.jsp?pageId=3&id=63593&cid=1294,2010,07/2010,2026-10-08T09:45:38Z
437,CV3519/TCHQ-GSQL,01/07/2010,Tổng cục hải quan,V/v Thanh lý hàng tồn đọng trong kho ngoại quan,63598,305,16,DONG_NAI,null,null,,https://www.customs.gov.vn/index.jsp?pageId=3&id=63598&cid=1294,2010,07/2010,2026-10-08T09:45:38Z
438,CV3520/TCHQ-GSQL,01/07/2010,Tổng cục hải quan,V/v Tiêu thụ nội địa nguyên liệu vật tư do bên thuê gia công từ bỏ,63597,305,16,DONG_NAI,null,null,,https://www.customs.gov.vn/index.jsp?pageId=3&id=63597&cid=1294,2010,07/2010,2026-10-08T09:45:38Z
439,CV3522/TCHQ-GSQL,01/07/2010,Tổng cục hải quan,V/v Khai báo nhập khẩu hoá chất,63596,305,16,DONG_NAI,null,null,,https://www.customs.gov.vn/index.jsp?pageId=3&id=63596&cid=1294,2010,07/2010,2026-10-08T09:45:38Z
440,CV3536/TCHQ-TXNK,01/07/2010,Tổng cục hải quan,V/v Thuế suất thuế NK mặt hàng Xút natri hydroxit,63595,305,16,DONG_NAI,null,null,,https://www.customs.gov.vn/index.jsp?pageId=3&id=63595&cid=1294,2010,07/2010,2026-10-08T09:45:38Z
441,93/2010/NĐ-CP,31/08/2010,null,"Nghị định số 93/2010/NĐ-CP của Chính phủ sửa đổi một số điều của Nghị định số 24/2010/NĐ-CP ngày 15 tháng 3 năm 2010 của Chính phủ quy định về tuyển dụng, sử dụng và quản lý công chức",42706,305,18,QUANG_BINH,null,null,https://files.customs.gov.vn/CustomsCMS/QUANG_BINH/2021/04/images/stories/files/NĐ932010CP ngay 31.08.2010.doc,https://www.customs.gov.vn/index.jsp?pageId=3&id=42706&cid=1294,2010,08/2010,2026-10-08T09:45:38Z
442,NĐ93/2010/NĐ-CP,31/08/2010,Chính phủ,"V/v Sửa đổi một số điều của Nghị định số 24/2010/NĐ-CP ngày 15/03/2010 của Chính phủ quy định về tuyển dụng, sử dụng và quản lý công chức",62155,305,8,DONG_NAI,null,null,https://files.customs.gov.vn/DONG_NAI//Data/Nghi_dinh/93_2010_ND_CP_31_08_2010.pdf,https://www.customs.gov.vn/index.jsp?pageId=3&id=62155&cid=1294,2010,08/2010,2026-10-08T09:45:38Z
443,50/2010/TT-BNNPTNT,30/08/2010,Bộ nông nghiệp và phát triển nông thôn,"Thông tư 50/2010/TT-BNNPTNT sửa đổi Danh mục sản phẩm, hàng hóa nhóm 2 kèm theo Thông tư 50/2009/TT-BNNPTNT do Bộ Nông nghiệp và Phát triển nông thôn ban hành",57959,305,4,TP_HO_CHI_MINH,Diệp Kỉnh Tần,14/10/2010,https://files.customs.gov.vn/CustomsCMS/TP_HO_CHI_MINH/2020/Web/Data/DocumentAttachments/50_2010_TT-BNNPTNT_111229.doc,https://www.customs.gov.vn/index.jsp?pageId=3&id=57959&cid=1294,2010,08/2010,2026-10-08T09:45:38Z
444,92/2010/NÐ-CP,30/08/2010,Chính phủ,"Nghị Định quy định chi tiết thi hành Luật phòng, chống bệnh truyền nhiễm về bảo đảm an toàn sinh học tại phòng xét nghiệm",52864,305,8,TP_HO_CHI_MINH,Nguyễn Tấn Dũng,01/11/2010,"https://files.customs.gov.vn/CustomsCMS/TP_HO_CHI_MINH/2020/Web/Data/DocumentAttachments/92_2010_ND-CP_111164.doc,/CustomsCMS/TP_HO_CHI_MINH/2020/Web/Data/DocumentAttachments/MAU_BIEN_BAO.docx",https://www.customs.gov.vn/index.jsp?pageId=3&id=52864&cid=1294,2010,08/2010,2026-10-08T09:45:38Z
445,CV1485/HQĐNa-VP,30/08/2010,Cục Hải Quan tỉnh Đồng Nai,V/v Thông báo nghỉ lễ Quốc Khánh,66036,305,16,DONG_NAI,null,null,https://files.customs.gov.vn/DONG_NAI//Data/CV_Hqdn/1485_HQDNa_VP_30_08_2010.PDF,https://www.customs.gov.vn/index.jsp?pageId=3&id=66036&cid=1294,2010,08/2010,2026-10-08T09:45:38Z
446,CV1487/HQĐNa-TXNK,30/08/2010,Cục Hải Quan tỉnh Đồng Nai,Trả lời Công ty TNHH Gạch men Bách Thành V/v Đăng ký danh mục hàng hóa nhập khẩu miễn thuế tạo TSCĐ,66035,305,16,DONG_NAI,null,null,https://files.customs.gov.vn/DONG_NAI//Data/CV_Hqdn/1487_HQDNa_TXNK_30_08_2010.PDF,https://www.customs.gov.vn/index.jsp?pageId=3&id=66035&cid=1294,2010,08/2010,2026-10-08T09:45:38Z
447,CV1472/HQĐNa-TXNK,26/08/2010,Cục Hải Quan tỉnh Đồng Nai,Trả lời Công ty TNHH Mainetti Việt Nam v/v Xin nộp hồ sơ thanh khoản,66037,305,16,DONG_NAI,null,null,https://files.customs.gov.vn/DONG_NAI//Data/CV_Hqdn/1472_HQDNa_TXNK_26_08_2010.PDF,https://www.customs.gov.vn/index.jsp?pageId=3&id=66037&cid=1294,2010,08/2010,2026-10-08T09:45:38Z
448,TT128/2010/TT-BTC,26/08/2010,Bộ Tài chính,"V/v Tạm thời điều chỉnh thời hạn nộp thuế giá trị gia tăng đối với nguyên liệu sản xuất thức ăn chăn nuôi, thức ăn chăn nuôi, phân bón và thuốc trừ sâu",62156,305,4,DONG_NAI,null,10/10/2010,,https://www.customs.gov.vn/index.jsp?pageId=3&id=62156&cid=1294,2010,08/2010,2026-10-08T09:45:38Z
449,CV1441/HQĐNa-TXNK,25/08/2010,Cục Hải Quan tỉnh Đồng Nai,Trả lời Công ty TNHH Great Veca Việt Nam v/v Đăng ký Danh mục hàng hóa nhập khẩu miễn thuế tạo TSCĐ,66041,305,16,DONG_NAI,null,null,https://files.customs.gov.vn/DONG_NAI//Data/CV_Hqdn/1441_HQDNa_TXNK_25_08_2010.PDF,https://www.customs.gov.vn/index.jsp?pageId=3&id=66041&cid=1294,2010,08/2010,2026-10-08T09:45:38Z
450,CV1442/HQĐNa-TXNK,25/08/2010,Cục Hải Quan tỉnh Đồng Nai,Trả lời Công ty CP Kiến trúc và Nội thất Nano v/v Đăng ký Danh mục hàng hóa nhập khẩu miễn thuế tạo TSCĐ,66040,305,16,DONG_NAI,null,null,https://files.customs.gov.vn/DONG_NAI//Data/CV_Hqdn/1442_HQDNa_TXNK_25_08_2010.PDF,https://www.customs.gov.vn/index.jsp?pageId=3&id=66040&cid=1294,2010,08/2010,2026-10-08T09:45:38Z
451,CV1443/HQĐNa-TXNK,25/08/2010,Cục Hải Quan tỉnh Đồng Nai,Trả lời Công ty TNHH Rohm and Hass Việt Nam v/v Kết thúc thực hiện danh mục hàng hóa nhập khẩu miễn thuế tạo TSCĐ,66039,305,16,DONG_NAI,null,null,https://files.customs.gov.vn/DONG_NAI//Data/CV_Hqdn/1443_HQDNa_TXNK_25_08_2010.PDF,https://www.customs.gov.vn/index.jsp?pageId=3&id=66039&cid=1294,2010,08/2010,2026-10-08T09:45:38Z
452,CV1452/HQĐNa-TXNK,25/08/2010,Cục Hải Quan tỉnh Đồng Nai,Trả lời Công ty TNHH Robert Bosch Việt Nam tại Đồng Nai V/v Xin được hoàn thuế đối với các tờ khai nhập khẩu trích lục,66038,305,16,DONG_NAI,null,null,https://files.customs.gov.vn/DONG_NAI//Data/CV_Hqdn/1452_HQDNa_TXNK_25_08_2010.PDF,https://www.customs.gov.vn/index.jsp?pageId=3&id=66038&cid=1294,2010,08/2010,2026-10-08T09:45:38Z
453,49/2010/TT-BNNPTNT,24/08/2010,Bộ Nông nghiệp và Phát triển nông thôn,"Thông tư 49/2010/TT-BNNPTNT ban hành “Danh mục bổ sung giống cây trồng, phân bón được phép sản xuất, kinh doanh và sử dụng ở Việt Nam”",61271,305,4,TONG_CUC,Bùi Bá Bổng,08/10/2010,,https://www.customs.gov.vn/index.jsp?pageId=3&id=61271&cid=1294,2010,08/2010,2026-10-08T09:45:38Z
454,CV11234/BTC-TCHQ,24/08/2010,Bộ Tài chính,V/v Bổ sung Phi-líp-pin vào danh sách nước được hưởng thuế AJCEP,62157,305,16,DONG_NAI,null,null,,https://www.customs.gov.vn/index.jsp?pageId=3&id=62157&cid=1294,2010,08/2010,2026-10-08T09:45:38Z
455,CV1436/HQĐNa-GSQL,24/08/2010,Cục Hải Quan tỉnh Đồng Nai,Trả lời Công ty TNHH Sản phẩm công nghiệp Toshiba Asia v/v Xin hướng dẫn thủ tục hàng đặt gia công tại nước ngoài từ nguyên liệu mua ở nước ngoài,66043,305,16,DONG_NAI,null,null,https://files.customs.gov.vn/DONG_NAI//Data/CV_Hqdn/1436_HQDNa_GSQL_24_08_2010.PDF,https://www.customs.gov.vn/index.jsp?pageId=3&id=66043&cid=1294,2010,08/2010,2026-10-08T09:45:38Z
456,CV1437/HQĐNa-VP,24/08/2010,Cục Hải Quan tỉnh Đồng Nai,V/v Thông báo nghỉ lễ Quốc Khánh,66042,305,16,DONG_NAI,null,null,https://files.customs.gov.vn/DONG_NAI//Data/CV_Hqdn/1437_HQDNa_VP_24_08_2010.PDF,https://www.customs.gov.vn/index.jsp?pageId=3&id=66042&cid=1294,2010,08/2010,2026-10-08T09:45:38Z
457,CV4902/TCHQ-GSQL,24/08/2010,Tổng cục hải quan,Trả lời Công ty TNHH Intel Products Việt Nam v/v Kiến nghị một số nội dung liên quan đến thủ tục hải quan,62158,305,16,DONG_NAI,null,null,,https://www.customs.gov.vn/index.jsp?pageId=3&id=62158&cid=1294,2010,08/2010,2026-10-08T09:45:38Z
458,CV11101/BTC-TCHQ,23/08/2010,Bộ Tài chính,V/v Áp dụng tỷ giá tính thuế,62159,305,16,DONG_NAI,null,null,,https://www.customs.gov.vn/index.jsp?pageId=3&id=62159&cid=1294,2010,08/2010,2026-10-08T09:45:38Z
459,CV4896/TCHQ-TXNK,23/08/2010,Tổng cục hải quan,Trả lời Công ty CP Bóng đèn Điện Quang v/v Gia hạn thời hạn xuất khẩu,62160,305,16,DONG_NAI,null,null,,https://www.customs.gov.vn/index.jsp?pageId=3&id=62160&cid=1294,2010,08/2010,2026-10-08T09:45:38Z
460,CV4846/TCHQ-TXNK,19/08/2010,Tổng cục hải quan,V/v Phân loại máy photocopy đơn sắc đã qua sử dụng,62161,305,16,DONG_NAI,null,null,,https://www.customs.gov.vn/index.jsp?pageId=3&id=62161&cid=1294,2010,08/2010,2026-10-08T09:45:38Z
461,CV4821/TCHQ-TXNK,18/08/2010,Tổng cục hải quan,V/v Thủ tục hoàn thuế nhập khẩu nguyên liệu để sản xuất hàng xuất khẩu,63528,305,16,DONG_NAI,null,null,,https://www.customs.gov.vn/index.jsp?pageId=3&id=63528&cid=1294,2010,08/2010,2026-10-08T09:45:38Z
462,CV1386/HQĐNa-TXNK,17/08/2010,Cục Hải Quan tỉnh Đồng Nai,Trả lời Công ty cổ phần Greenfeed Việt Nam - Chi nhánh Đồng Nai v/v Đăng ký danh mục hàng hóa nhập khẩu miễn thuế tạo TSCĐ,66044,305,16,DONG_NAI,null,null,https://files.customs.gov.vn/DONG_NAI//Data/CV_Hqdn/1386_HQDNa_TXNK_17_08_2010.PDF,https://www.customs.gov.vn/index.jsp?pageId=3&id=66044&cid=1294,2010,08/2010,2026-10-08T09:45:38Z
463,4786/TCHQ-TXNK,16/08/2010,Tổng cục hải quan,V/v phân loại mặt hàng micro không dây,56165,305,16,TP_HO_CHI_MINH,Hoàng Việt Cường,16/08/2010,https://files.customs.gov.vn/CustomsCMS/TP_HO_CHI_MINH/2020/Web/Data/DocumentAttachments/4786_TCHQ-TXNK_110451.doc,https://www.customs.gov.vn/index.jsp?pageId=3&id=56165&cid=1294,2010,08/2010,2026-10-08T09:45:38Z
464,88/2010/NÐ-CP,16/08/2010,Chính phủ,"Quy định chi tiết, hướng dẫn thi hành một số điều của Luật Sở hữu trí tuệ và Luật sửa đổi, bổ sung một số điều của Luật Sở hữu trí tuệ về quyền đối với giống cây trồng",52635,305,8,TP_HO_CHI_MINH,Nguyễn Tấn Dũng,01/10/2010,https://files.customs.gov.vn/CustomsCMS/TP_HO_CHI_MINH/2020/Web/Data/DocumentAttachments/88_2010_ND_CP_Quy_dinh_chi_tiet__huong_dan_thi_hanh_mot_so_dieu_cua_Luat_So_huu_tri_tue_va_Luat_sua_doi__bo_sung_mot_so_dieu_cua_Luat_So_huu_tri_tue_ve_quyen_doi_voi_giong_cay_trong.doc,https://www.customs.gov.vn/index.jsp?pageId=3&id=52635&cid=1294,2010,08/2010,2026-10-08T09:45:38Z
465,88/2010/NĐ-CP,16/08/2010,Chính phủ,"Nghị định 88/2010/NĐ-CP ngày 16/8/2010 của Chính phủ quy định chi tiết, hướng dẫn thi hành một số điều của Luật Sở hữu trí tuệ và Luật sửa đổi, bổ sung một số điều của Luật Sở hữu trí tuệ về quyền đối với giống cây trồng",59571,305,8,TONG_CUC,Nguyễn Tấn Dũng,01/10/2010,https://files.customs.gov.vn/van_ban_phap_luat/Lists/VanBanPhapLuat/Attachments/7927/ND882010CP.doc,https://www.customs.gov.vn/index.jsp?pageId=3&id=59571&cid=1294,2010,08/2010,2026-10-08T09:45:38Z
466,CV10771/BTC-TCHQ,16/08/2010,Bộ Tài chính,"V/v Khai số lượng, ký mã hiệu container hàng hóa là thủy sản xuất khẩu",63529,305,16,DONG_NAI,null,null,,https://www.customs.gov.vn/index.jsp?pageId=3&id=63529&cid=1294,2010,08/2010,2026-10-08T09:45:38Z
467,CV1363/HQĐNa-TXNK,16/08/2010,Cục Hải Quan tỉnh Đồng Nai,Trả lời Công ty Cổ phần Dệt Texhong Việt Nam v/v Đăng ký danh mục hàng hóa nhập khẩu miễn thuế tạo TSCĐ,66047,305,16,DONG_NAI,null,null,https://files.customs.gov.vn/DONG_NAI//Data/CV_Hqdn/1363_HQDNa_TXNK_16_08_2010.PDF,https://www.customs.gov.vn/index.jsp?pageId=3&id=66047&cid=1294,2010,08/2010,2026-10-08T09:45:38Z
468,CV1364/HQĐNa-TXNK,16/08/2010,Cục Hải Quan tỉnh Đồng Nai,Trả lời Công ty HH Khai thác Quốc tế Heng Tong v/v Đăng ký danh mục hàng hóa nhập khẩu miễn thuế tạo TSCĐ,66046,305,16,DONG_NAI,null,null,https://files.customs.gov.vn/DONG_NAI//Data/CV_Hqdn/1364_HQDNa_TXNK_16_08_2010.PDF,https://www.customs.gov.vn/index.jsp?pageId=3&id=66046&cid=1294,2010,08/2010,2026-10-08T09:45:38Z
469,CV1382/HQĐNa-TXNK,16/08/2010,Cục Hải Quan tỉnh Đồng Nai,Trả lời Công ty Shell Việt Nam TNHH v/v Đăng ký danh mục hàng hóa nhập khẩu miễn thuế tạo TSCĐ,66045,305,16,DONG_NAI,null,null,https://files.customs.gov.vn/DONG_NAI//Data/CV_Hqdn/1382_HQDNa_TXNK_16_08_2010.PDF,https://www.customs.gov.vn/index.jsp?pageId=3&id=66045&cid=1294,2010,08/2010,2026-10-08T09:45:38Z
470,CV4796/TCHQ-TXNK,16/08/2010,Tổng cục hải quan,V/v Nộp lệ phí Hải quan theo tháng,63530,305,16,DONG_NAI,null,null,,https://www.customs.gov.vn/index.jsp?pageId=3&id=63530&cid=1294,2010,08/2010,2026-10-08T09:45:38Z
471,87/2010/NÐ-CP,13/08/2010,Chính phủ,"Nghị định quy định chi tiết thi hành một số điều của Luật thuế xuất khẩu, thuế nhập khẩu",58182,305,8,TP_HO_CHI_MINH,Nguyễn Tấn Dũng,01/10/2010,"https://files.customs.gov.vn/CustomsCMS/TP_HO_CHI_MINH/2020/Web/Data/DocumentAttachments/ND872010CP_Phu_luc.doc,/CustomsCMS/TP_HO_CHI_MINH/2020/Web/Data/DocumentAttachments/87_2010_ND-CP_110413.pdf",https://www.customs.gov.vn/index.jsp?pageId=3&id=58182&cid=1294,2010,08/2010,2026-10-08T09:45:38Z
472,CV1333/HQĐNa-GSQL,13/08/2010,Cục Hải Quan tỉnh Đồng Nai,Trả lời Công ty TNHH Mailetti Việt Nam v/v Nộp hồ sơ thanh khoản,65260,305,16,DONG_NAI,null,null,https://files.customs.gov.vn/DONG_NAI//Data/CV_Hqdn/1333_HQDNa_GSQL_13_08_2010.PDF,https://www.customs.gov.vn/index.jsp?pageId=3&id=65260&cid=1294,2010,08/2010,2026-10-08T09:45:38Z
473,CV1354/HQĐNa-ĐKS,13/08/2010,Cục Hải Quan tỉnh Đồng Nai,Trả lời Công ty TNHH Mailetti TNHH SinPoong Vina v/v đề nghị thành lập địa đi63m kiểm tra hàng hóa tại nơi sản xuất,66049,305,16,DONG_NAI,null,null,https://files.customs.gov.vn/DONG_NAI//Data/CV_Hqdn/1354_HQDNa_DKS_13_08_2010.PDF,https://www.customs.gov.vn/index.jsp?pageId=3&id=66049&cid=1294,2010,08/2010,2026-10-08T09:45:38Z
474,CV4653/TCHQ-GSQL,13/08/2010,Tổng cục hải quan,V/v Trả lời Công ty TNHH Tân Chung về vướng mắc khi xuất hàng vào doanh nghiệp chế xuất (DNCX),63534,305,16,DONG_NAI,null,null,,https://www.customs.gov.vn/index.jsp?pageId=3&id=63534&cid=1294,2010,08/2010,2026-10-08T09:45:38Z
475,CV4654/TCHQ-TXNK,13/08/2010,Tổng cục hải quan,V/v Vướng mắc chứng từ thanh toán,63533,305,16,DONG_NAI,null,null,,https://www.customs.gov.vn/index.jsp?pageId=3&id=63533&cid=1294,2010,08/2010,2026-10-08T09:45:38Z
476,CV4656/TCHQ-TXNK,13/08/2010,Tổng cục hải quan,V/v Thuế nhập khẩu dầu FO,63532,305,16,DONG_NAI,null,null,,https://www.customs.gov.vn/index.jsp?pageId=3&id=63532&cid=1294,2010,08/2010,2026-10-08T09:45:38Z
477,NĐ87/2010/NĐ-CP,13/08/2010,Chính phủ,"V/v Quy định chi tiết thi hành một số điều của Luật Thuế xuất khẩu, Thuế nhập khẩu",63531,305,8,DONG_NAI,null,null,,https://www.customs.gov.vn/index.jsp?pageId=3&id=63531&cid=1294,2010,08/2010,2026-10-08T09:45:38Z
478,QĐ183/QĐ-HQĐNa,13/08/2010,Cục Hải Quan tỉnh Đồng Nai,"V/v Công nhận địa điểm kiểm tra hàng hóa xuất khẩu, nhập khẩu tại nơi sản xuất (Công ty TNHH CN vật liệu Gốm sứ Shun Yin)",66048,305,10,DONG_NAI,null,null,https://files.customs.gov.vn/DONG_NAI//Data/CV_Hqdn/183_QD_HQDNa_13_08_2010.PDF,https://www.customs.gov.vn/index.jsp?pageId=3&id=66048&cid=1294,2010,08/2010,2026-10-08T09:45:38Z
479,2053/QĐ-BTC,12/08/2010,null,"Quyết định số 2053/QĐ-BTC của Bộ Tài chính sửa đổi, bổ sung Quyết định số 1027/QĐ-BTC ngày 11/5/2010 của Bộ trưởng Bộ Tài chính quy định chức năng, nhiệm vụ, quyền hạn và cơ cấu tổ chức của Cục Hải quan tỉnh, liên tỉnh, thành phố trực thuộc Trung ương",42888,305,18,QUANG_BINH,null,null,https://files.customs.gov.vn/CustomsCMS/QUANG_BINH/2021/04/images/stories/files/QD205310BTC.doc,https://www.customs.gov.vn/index.jsp?pageId=3&id=42888&cid=1294,2010,08/2010,2026-10-08T09:45:38Z
480,CV1321/HQĐNa-TXNK,12/08/2010,Cục Hải Quan tỉnh Đồng Nai,Trả lời Công ty Cổ phần Tập đoàn Tân Mai v/v Đăng ký danh mục hàng hóa nhập khẩu miễn thuế tạo TSCĐ,65261,305,16,DONG_NAI,null,null,https://files.customs.gov.vn/DONG_NAI//Data/CV_Hqdn/1321_HQDNa_TXNK_12_08_2010.PDF,https://www.customs.gov.vn/index.jsp?pageId=3&id=65261&cid=1294,2010,08/2010,2026-10-08T09:45:38Z
481,TT122/2010/TT-BTC,12/08/2010,Bộ Tài chính,"V/v Sửa đổi, bổ sung Thông tư số 104/2008/TT-BTC ngày 13 tháng 11 năm 2008 của Bộ Tài chính hướng dẫn thực hiện Nghị định số 170/2003/NĐ-CP ngày 25 tháng 12 năm 2003 của Chính phủ quy định chi tiết thi hành một số điều của Pháp lệnh Giá và Nghị định số 75/2008/NĐ-CP ngày 09 tháng 6 năm 2008 của Chính phủ về việc sửa đổi, bổ sung một số điều của Nghị định số 170/2003/NĐ-CP ngày 25 tháng 12 năm 2003 của Chính phủ quy định chi tiết thi hành một số điều của Pháp lệnh Giá",63535,305,4,DONG_NAI,null,01/10/2010,,https://www.customs.gov.vn/index.jsp?pageId=3&id=63535&cid=1294,2010,08/2010,2026-10-08T09:45:38Z
482,CV1311/HQĐNa-TXNK,11/08/2010,Cục Hải Quan tỉnh Đồng Nai,Trả lời Công ty TNHH Hyosung Việt Nam v/v Đăng ký danh mục hàng hóa nhập khẩu miễn thuế tạo TSCĐ,65263,305,16,DONG_NAI,null,null,https://files.customs.gov.vn/DONG_NAI//Data/CV_Hqdn/1311_HQDNa_TXNK_11_08_2010.PDF,https://www.customs.gov.vn/index.jsp?pageId=3&id=65263&cid=1294,2010,08/2010,2026-10-08T09:45:38Z
483,CV1315/HQĐNa-GSQL,11/08/2010,Cục Hải Quan tỉnh Đồng Nai,Trả lời Công ty TNHH Sản phẩm công nghiệp Toshiba Asia v/v DNCX thuê máy photocopy đã qua sử dụng từ nội địa,65262,305,16,DONG_NAI,null,null,https://files.customs.gov.vn/DONG_NAI//Data/CV_Hqdn/1315_HQDNa_GSQL_11_08_2010.PDF,https://www.customs.gov.vn/index.jsp?pageId=3&id=65262&cid=1294,2010,08/2010,2026-10-08T09:45:38Z
484,CV4577/TCHQ-TXNK,11/08/2010,Tổng cục hải quan,V/v Phân loại mặt hàng giống nấm mèo,63537,305,16,DONG_NAI,null,null,,https://www.customs.gov.vn/index.jsp?pageId=3&id=63537&cid=1294,2010,08/2010,2026-10-08T09:45:38Z
485,TT120/2010/TT-BTC,11/08/2010,Bộ Tài chính,V/v Hướng dẫn việc điều chỉnh mức thuế suất thuế nhập khẩu ưu đãi đối với một số mặt hàng phân bón tại Danh mục mức thuế suất của Biểu thuế nhập khẩu ưu đãi,63536,305,4,DONG_NAI,null,null,,https://www.customs.gov.vn/index.jsp?pageId=3&id=63536&cid=1294,2010,08/2010,2026-10-08T09:45:38Z
486,CV4473/TCHQ-TXNK,10/08/2010,Tổng cục hải quan,"V/v Phân loại mặt hàng ""ống thép không hàn""",63539,305,16,DONG_NAI,null,null,,https://www.customs.gov.vn/index.jsp?pageId=3&id=63539&cid=1294,2010,08/2010,2026-10-08T09:45:38Z
487,CV4482/TCHQ-TXNK,10/08/2010,Tổng cục hải quan,V/v Phân loại dây chuyền sơn tĩnh điện theo máy chính,63538,305,16,DONG_NAI,null,null,,https://www.customs.gov.vn/index.jsp?pageId=3&id=63538&cid=1294,2010,08/2010,2026-10-08T09:45:38Z
488,CV10361/BTC-CST,09/08/2010,Bộ Tài chính,V/v Hướng dẫn phân loại và thủ tục thông quan xe thiết kế chở tiền,63540,305,16,DONG_NAI,null,null,,https://www.customs.gov.vn/index.jsp?pageId=3&id=63540&cid=1294,2010,08/2010,2026-10-08T09:45:38Z
489,CV258/CNTT-CNTT,09/08/2010,Tổng cục hải quan,V/v Chấp nhận kết nối cho phần mềm khai hải quan điện tử ECUS,63541,305,16,DONG_NAI,null,null,,https://www.customs.gov.vn/index.jsp?pageId=3&id=63541&cid=1294,2010,08/2010,2026-10-08T09:45:38Z
490,CV1291/HQĐNa-TXNK,06/08/2010,Cục Hải Quan tỉnh Đồng Nai,Trả lời Công ty Sanyo Ha Asean v/v Xin được hoàn thuế đối với các tờ khai nhập khẩu trích lục,65264,305,16,DONG_NAI,null,null,https://files.customs.gov.vn/DONG_NAI//Data/CV_Hqdn/1291_HQDNa_TXNK_06_08_2010.PDF,https://www.customs.gov.vn/index.jsp?pageId=3&id=65264&cid=1294,2010,08/2010,2026-10-08T09:45:38Z
491,CV4389/TCHQ-TXNK,06/08/2010,Tổng cục hải quan,V/v Sử dụng tờ khai sao trong hồ sơ hoàn thuế,63543,305,16,DONG_NAI,null,null,,https://www.customs.gov.vn/index.jsp?pageId=3&id=63543&cid=1294,2010,08/2010,2026-10-08T09:45:38Z
492,CV4407/TCHQ-GSQL,06/08/2010,Tổng cục hải quan,V/v Thủ tục hải quan đối với mặt hàng thuỷ sản nhập khẩu,63542,305,16,DONG_NAI,null,null,,https://www.customs.gov.vn/index.jsp?pageId=3&id=63542&cid=1294,2010,08/2010,2026-10-08T09:45:38Z
493,CV1281/HQĐNa-TXNK,05/08/2010,Cục Hải Quan tỉnh Đồng Nai,Trả lời Công ty Cổ phần Bibica v/v Đăng ký Danh mục hàng hóa nhập khẩu miễn thuế tạo TSCĐ,65266,305,16,DONG_NAI,null,null,https://files.customs.gov.vn/DONG_NAI//Data/CV_Hqdn/1281_HQDNa_TXNK_05_08_2010.PDF,https://www.customs.gov.vn/index.jsp?pageId=3&id=65266&cid=1294,2010,08/2010,2026-10-08T09:45:38Z
494,CV1283/HQĐNa-ĐKS,05/08/2010,Cục Hải Quan tỉnh Đồng Nai,"Trả lời Công ty Cổ phần ICD Tân cảng Long Bình v/v Đề nghị giải quyết những khó khăn, vướng mắc liên quan đến hàng hóa xuất nhập khẩu đưa ra kiểm tra tại địa điểm kiểm tra tập trung",65265,305,16,DONG_NAI,null,null,https://files.customs.gov.vn/DONG_NAI//Data/CV_Hqdn/1283_HQDNa_DKS_05_08_2010.PDF,https://www.customs.gov.vn/index.jsp?pageId=3&id=65265&cid=1294,2010,08/2010,2026-10-08T09:45:38Z
495,CV1274/HQĐNa-GSQL,04/08/2010,Cục Hải Quan tỉnh Đồng Nai,Trả lời Công ty TNHH Tiếp vận Thăng Long v/v Thủ tục ký hợp đồng thuê kho ngoại quan,65268,305,16,DONG_NAI,null,null,https://files.customs.gov.vn/DONG_NAI//Data/CV_Hqdn/1274_HQDNa_GSQL_04_08_2010.PDF,https://www.customs.gov.vn/index.jsp?pageId=3&id=65268&cid=1294,2010,08/2010,2026-10-08T09:45:38Z
496,CV1277/HQĐNa-ĐKS,04/08/2010,Cục Hải Quan tỉnh Đồng Nai,Trả lời Công ty TNHH Bao bì Keo Ten Việt Nam v/v Đề nghị thành lập địa điểm kiểm tra hàng hóa xuất nhập khẩu tại nơi sản xuất,65267,305,16,DONG_NAI,null,null,https://files.customs.gov.vn/DONG_NAI//Data/CV_Hqdn/1277_HQDNa_DKS_04_08_2010.PDF,https://www.customs.gov.vn/index.jsp?pageId=3&id=65267&cid=1294,2010,08/2010,2026-10-08T09:45:38Z
497,CV4334/TCHQ-GSQL,04/08/2010,Tổng cục hải quan,V/v Nhập khẩu xe ô tô theo chế độ tài sản di chuyển của Việt kiều hồi hương,63547,305,16,DONG_NAI,null,null,,https://www.customs.gov.vn/index.jsp?pageId=3&id=63547&cid=1294,2010,08/2010,2026-10-08T09:45:38Z
498,CV4362/TCHQ-TXNK,04/08/2010,Tổng cục hải quan,V/v Trả lời Công ty TNHH Truyền thông Megastar v/v Thuế đối với hàng hoá nhập khẩu,63546,305,16,DONG_NAI,null,null,,https://www.customs.gov.vn/index.jsp?pageId=3&id=63546&cid=1294,2010,08/2010,2026-10-08T09:45:38Z
499,TT115/2010/TT-BTC,04/08/2010,Bộ Tài chính,V/v Sửa đổi mức thuế suất thuế nhập khẩu ưu đãi một số mặt hàng  thuộc nhóm 7606 tại Danh mục mức thuế suất của Biểu thuế nhập khẩu ưu đãi theo danh mục mặt hàng chịu thuế ban hành kèm theo Thông tư 216/2009/TT-BTC ngày 12/11/2009,63545,305,4,DONG_NAI,null,18/09/2010,,https://www.customs.gov.vn/index.jsp?pageId=3&id=63545&cid=1294,2010,08/2010,2026-10-08T09:45:38Z
500,TT116/2010/TT-BTC,04/08/2010,Bộ Tài chính,"V/v Sửa đổi, bổ sung Thông tư số 137/2009/TT-BTC ngày 03/7/2009 của Bộ Tài chính hướng dẫn thực hiện một số điều của Quyết định số 33/2009/QĐ-TTg ngày 02/3/2009 của Thủ tướng Chính phủ ban hành cơ chế, chính sách tài chính đối với khu kinh tế cửa khẩu",63544,305,4,DONG_NAI,null,04/08/2010,,https://www.customs.gov.vn/index.jsp?pageId=3&id=63544&cid=1294,2010,08/2010,2026-10-08T09:45:38Z
501,CV1246/HQĐNa-TXNK,03/08/2010,Cục Hải Quan tỉnh Đồng Nai,V/v Báo cáo tình hình sử dụng hàng hóa nhập khẩu miễn thuế tạo tài sản cố định,65269,305,16,DONG_NAI,null,null,https://files.customs.gov.vn/DONG_NAI//Data/CV_Hqdn/1246_HQDNa_TXNK_03_08_2010.PDF,https://www.customs.gov.vn/index.jsp?pageId=3&id=65269&cid=1294,2010,08/2010,2026-10-08T09:45:38Z
502,102/2010/TTLT-BQP-BLĐTBXH-BNV-BTC,02/08/2010,Liên bộ,"Thông tư liên tịch số 102/2010/TTLT-BQP-BLĐTBXH-BNV-BTC của Bộ Quốc phòng, Bộ Lao động - Thương binh và Xã hội, Bộ Nội vụ và Bộ Tài chính hướng dẫn thực hiện một số chế độ, chính sách đối với dân quân tự vệ và việc lập dự toán, chấp hành và quyết toán ngân sách cho công tác dân quân tự vệ.",59482,305,4,TONG_CUC,"Nguyễn Công Nghiệp, Thượng tướng Nguyễn Văn Được, Nguyễn Duy Thăng, Đàm Hữu Đắc",02/08/2010,https://files.customs.gov.vn/van_ban_phap_luat/Lists/VanBanPhapLuat/Attachments/5744/TTLT10210BQPBLDTBXHBNVBTC.doc,https://www.customs.gov.vn/index.jsp?pageId=3&id=59482&cid=1294,2010,08/2010,2026-10-08T09:45:38Z
503,CV10013/BTC-CST,02/08/2010,Bộ Tài chính,V/v Thuế xuất khẩu gỗ cao su vào khu chế xuất,63549,305,16,DONG_NAI,null,null,,https://www.customs.gov.vn/index.jsp?pageId=3&id=63549&cid=1294,2010,08/2010,2026-10-08T09:45:38Z
504,CV1222/HQĐNa-TXNK,02/08/2010,Cục Hải Quan tỉnh Đồng Nai,V/v Báo cáo rà soát số hiệu tài khoản,65271,305,16,DONG_NAI,null,null,https://files.customs.gov.vn/DONG_NAI//Data/CV_Hqdn/1222_HQDNa_TXNK_02_08_2010.PDF,https://www.customs.gov.vn/index.jsp?pageId=3&id=65271&cid=1294,2010,08/2010,2026-10-08T09:45:38Z
505,CV1233/HQĐNa-TXNK,02/08/2010,Cục Hải Quan tỉnh Đồng Nai,Trả lời Công ty TNHH Namu Vina v/v Đăng ký Danh mục hàng hóa nhập khẩu miễn thuế tạo TSCĐ,65270,305,16,DONG_NAI,null,null,https://files.customs.gov.vn/DONG_NAI//Data/CV_Hqdn/1233_HQDNa_TXNK_02_08_2010.PDF,https://www.customs.gov.vn/index.jsp?pageId=3&id=65270&cid=1294,2010,08/2010,2026-10-08T09:45:38Z
506,CV1352/TB-KBNN,02/08/2010,Khác,V/v Tỷ giá hạch toán ngoại tệ tháng 08 năm 2010,63548,305,16,DONG_NAI,null,null,,https://www.customs.gov.vn/index.jsp?pageId=3&id=63548&cid=1294,2010,08/2010,2026-10-08T09:45:38Z
507,CV27/GSQL-GQ2,02/08/2010,Tổng cục hải quan,V/v Trả lời Công ty TNHH SX Ván sàn Việt Nam v/v Mất tờ khai hải quan,63552,305,16,DONG_NAI,null,null,,https://www.customs.gov.vn/index.jsp?pageId=3&id=63552&cid=1294,2010,08/2010,2026-10-08T09:45:38Z
508,CV28/GSQL-GQ2,02/08/2010,Tổng cục hải quan,V/v Thủ tục Hải quan đối với doanh nghiệp có vốn đầu tư nước ngoài,63551,305,16,DONG_NAI,null,null,,https://www.customs.gov.vn/index.jsp?pageId=3&id=63551&cid=1294,2010,08/2010,2026-10-08T09:45:38Z
509,CV4256/TCHQ-GSQL,02/08/2010,Tổng cục hải quan,V/v Bán hàng nhập khẩu cho DNCX thông qua kho ngoại quan,63550,305,16,DONG_NAI,null,null,,https://www.customs.gov.vn/index.jsp?pageId=3&id=63550&cid=1294,2010,08/2010,2026-10-08T09:45:38Z
510,CV13032/BTC-TCT,29/09/2010,Bộ Tài chính,V/v Thuế GTGT đối với trang phục và vật dụng trong phòng mổ,62128,305,16,DONG_NAI,null,null,,https://www.customs.gov.vn/index.jsp?pageId=3&id=62128&cid=1294,2010,09/2010,2026-10-08T09:45:38Z
511,CV1693/HQĐNa-NV,29/09/2010,Cục Hải Quan tỉnh Đồng Nai,Trả lời Công ty Công nghiệp T.A Việt Nam v/v Đăng ký Danh mục hàng hóa nhập khẩu miễn thuế tạo TSCĐ,66000,305,16,DONG_NAI,null,null,https://files.customs.gov.vn/DONG_NAI//Data/CV_Hqdn/1693_HQDNa_NV_29_09_2010.PDF,https://www.customs.gov.vn/index.jsp?pageId=3&id=66000&cid=1294,2010,09/2010,2026-10-08T09:45:38Z
512,CV1694/HQĐNa-TXNK,29/09/2010,Cục Hải Quan tỉnh Đồng Nai,Trả lời Công ty Cổ phần Dệt Texhong Việt Nam v/v Đăng ký Danh mục hàng hóa nhập khẩu miễn thuế tạo TSCĐ,65999,305,16,DONG_NAI,null,null,https://files.customs.gov.vn/DONG_NAI//Data/CV_Hqdn/1694_HQDNa_TXNK_29_09_2010.PDF,https://www.customs.gov.vn/index.jsp?pageId=3&id=65999&cid=1294,2010,09/2010,2026-10-08T09:45:38Z
513,CV9786/BCT-TTTN,29/09/2010,Bộ Công thương,"V/v Xác nhận thương nhân đủ điều kiện xuất khẩu, nhập khẩu khí dầu mỏ hóa lỏng",62130,305,16,DONG_NAI,null,null,,https://www.customs.gov.vn/index.jsp?pageId=3&id=62130&cid=1294,2010,09/2010,2026-10-08T09:45:38Z
514,CV9787/BCT-TTTN,29/09/2010,Bộ Công thương,"V/v Danh sách thương nhân đủ điều kiện xuất khẩu, nhập khẩu LPG đợt 3 năm 2010",62129,305,16,DONG_NAI,null,null,,https://www.customs.gov.vn/index.jsp?pageId=3&id=62129&cid=1294,2010,09/2010,2026-10-08T09:45:38Z
515,100/2010/NĐ-CP,28/09/2010,Chính phủ,Nghị định số 100/2010/NĐ-CP của Chính phủ về công báo,42722,305,18,QUANG_BINH,null,null,https://files.customs.gov.vn/CustomsCMS/QUANG_BINH/2021/04/images/stories/files/ND1002010CP ngay 28.09.2010.doc,https://www.customs.gov.vn/index.jsp?pageId=3&id=42722&cid=1294,2010,09/2010,2026-10-08T09:45:38Z
516,55/2010/TT-BNNPTNT,28/09/2010,Bộ Nông nghiệp và Phát triển nông thôn,Thông tư 55/2010/TT-BNNPTNT ban hành Danh mục bổ sung giống cây trồng được phép sản xuất kinh doanh ở Việt Nam,61278,305,4,TONG_CUC,null,12/11/2010,,https://www.customs.gov.vn/index.jsp?pageId=3&id=61278&cid=1294,2010,09/2010,2026-10-08T09:45:38Z
517,CV1681/HQĐNa-GSQL,28/09/2010,Cục Hải Quan tỉnh Đồng Nai,Trả lời Công ty TNHH Muto Việt Nam v/v Hướng dẫn vướng mắc về thủ tục hải quan,66004,305,16,DONG_NAI,null,null,https://files.customs.gov.vn/DONG_NAI//Data/CV_Hqdn/1681_HQDNa_GSQL_28_09_2010.PDF,https://www.customs.gov.vn/index.jsp?pageId=3&id=66004&cid=1294,2010,09/2010,2026-10-08T09:45:38Z
518,CV1682/HQĐNa-GSQL,28/09/2010,Cục Hải Quan tỉnh Đồng Nai,Trả lời Công ty Hualon Corporation Việt Nam v/v Thay đổi định mức trên tờ khai hải quan xuất khẩu,66003,305,16,DONG_NAI,null,null,https://files.customs.gov.vn/DONG_NAI//Data/CV_Hqdn/1682_HQDNa_GSQL_28_09_2010.PDF,https://www.customs.gov.vn/index.jsp?pageId=3&id=66003&cid=1294,2010,09/2010,2026-10-08T09:45:38Z
519,CV1684/HQĐNa-STQ,28/09/2010,Cục Hải Quan tỉnh Đồng Nai,Trả lời Công ty Sanyo Ha Asean v/v Bổ sung C/O form D,66002,305,16,DONG_NAI,null,null,https://files.customs.gov.vn/DONG_NAI//Data/CV_Hqdn/1684_HQDNa_STQ_28_09_2010.PDF,https://www.customs.gov.vn/index.jsp?pageId=3&id=66002&cid=1294,2010,09/2010,2026-10-08T09:45:38Z
520,CV1686/HQĐNa-GSQL,28/09/2010,Cục Hải Quan tỉnh Đồng Nai,Trả lời Công ty TNHH Pacorini VN v/v đưa hàng từ kho ngoại quan vào nội địa,66001,305,16,DONG_NAI,null,null,https://files.customs.gov.vn/DONG_NAI//Data/CV_Hqdn/1686_HQDNa_GSQL_28_09_2010.PDF,https://www.customs.gov.vn/index.jsp?pageId=3&id=66001&cid=1294,2010,09/2010,2026-10-08T09:45:38Z
521,TT153/2010/TT-BTC,28/09/2010,Bộ Tài chính,"V/v Hướng dẫn thi hành Nghị định số 51/2010/NĐ-CP ngày 14 tháng 5 năm 2010 của Chính phủ quy định về hoá đơn bán hàng hóa, cung ứng dịch vụ",62131,305,4,DONG_NAI,null,null,,https://www.customs.gov.vn/index.jsp?pageId=3&id=62131&cid=1294,2010,09/2010,2026-10-08T09:45:38Z
522,CV5722/TCHQ-TXNK,27/09/2010,Tổng cục hải quan,V/v Hoàn thuế nguyên liệu nhập khẩu để sản xuất xuất khẩu,62134,305,16,DONG_NAI,null,null,,https://www.customs.gov.vn/index.jsp?pageId=3&id=62134&cid=1294,2010,09/2010,2026-10-08T09:45:38Z
523,CV7893/UBND-KT,27/09/2010,Khác,V/v Miễn thuế nhập khẩu đối với máy móc thiết bị xử lý bảo vệ môi trường của Công ty TNHH AB Mauri Việt Nam,62133,305,16,DONG_NAI,null,null,,https://www.customs.gov.vn/index.jsp?pageId=3&id=62133&cid=1294,2010,09/2010,2026-10-08T09:45:38Z
524,CV97/TCHQ-GSQL,27/09/2010,Tổng cục hải quan,"V/v Thủ tục đối với bưu phẩm, bưu kiện nhập khẩu chuyển cửa khẩu",62135,305,16,DONG_NAI,null,null,,https://www.customs.gov.vn/index.jsp?pageId=3&id=62135&cid=1294,2010,09/2010,2026-10-08T09:45:38Z
525,TT149/2010/TT-BTC,27/09/2010,Bộ Tài chính,"V/v Hướng dẫn về thuế giá trị gia tăng và quản lý hải quan đối với hàng hóa, dịch vụ bán tại khu cách ly",62132,305,4,DONG_NAI,null,null,,https://www.customs.gov.vn/index.jsp?pageId=3&id=62132&cid=1294,2010,09/2010,2026-10-08T09:45:38Z
526,CV1672/HQĐNa-GSQL,24/09/2010,Cục Hải Quan tỉnh Đồng Nai,Trả lời Công ty TNHH Công nghiệp Plus Việt Nam v/v Chuyển hàng kho ngoại quan,66006,305,16,DONG_NAI,null,null,https://files.customs.gov.vn/DONG_NAI//Data/CV_Hqdn/1672_HQDNa_GSQL_24_09_2010.PDF,https://www.customs.gov.vn/index.jsp?pageId=3&id=66006&cid=1294,2010,09/2010,2026-10-08T09:45:38Z
527,CV1673/HQĐNa-TXNK,24/09/2010,Cục Hải Quan tỉnh Đồng Nai,Trả lời Công ty TNHH Gạch men Bách Thành v/v Đăng ký Danh mục hàng hóa nhập khẩu miễn thuế tạo TSCĐ,66005,305,16,DONG_NAI,null,null,https://files.customs.gov.vn/DONG_NAI//Data/CV_Hqdn/1673_HQDNa_TXNK_24_09_2010.PDF,https://www.customs.gov.vn/index.jsp?pageId=3&id=66005&cid=1294,2010,09/2010,2026-10-08T09:45:38Z
528,CV5684/TCHQ-GSQL,24/09/2010,Tổng cục hải quan,V/v Thanh khoản hàng xuất khẩu,62141,305,16,DONG_NAI,null,null,,https://www.customs.gov.vn/index.jsp?pageId=3&id=62141&cid=1294,2010,09/2010,2026-10-08T09:45:38Z
529,CV5690/TCHQ-GSQL,24/09/2010,Tổng cục hải quan,V/v Hướng dẫn thủ tục nhập khẩu trở lại đối với hàng đã xuất khẩu,62140,305,16,DONG_NAI,null,null,,https://www.customs.gov.vn/index.jsp?pageId=3&id=62140&cid=1294,2010,09/2010,2026-10-08T09:45:38Z
530,CV5691/TCHQ-GSQL,24/09/2010,Tổng cục hải quan,"V/v Bán phế liệu, phế phẩm của DNCX vào thị trường nội địa",62139,305,16,DONG_NAI,null,null,,https://www.customs.gov.vn/index.jsp?pageId=3&id=62139&cid=1294,2010,09/2010,2026-10-08T09:45:38Z
531,CV5692/TCHQ-GSQL,24/09/2010,Tổng cục hải quan,V/v Thanh khoản NPL nhập khẩu,62138,305,16,DONG_NAI,null,null,,https://www.customs.gov.vn/index.jsp?pageId=3&id=62138&cid=1294,2010,09/2010,2026-10-08T09:45:38Z
532,TT147/2010/TT-BTC,24/09/2010,Bộ Tài chính,V/v Sửa đổi mức thuế suất thuế xuất khẩu đối với một số mặt hàng thuộc nhóm 2601 tại Danh mục mức thuế suất của Biểu thuế xuất khẩu,62137,305,4,DONG_NAI,null,08/11/2010,,https://www.customs.gov.vn/index.jsp?pageId=3&id=62137&cid=1294,2010,09/2010,2026-10-08T09:45:38Z
533,146/2010/TTLT/BTC-BCA-BQP,23/09/2010,Liên bộ,"Thông tư liên tịch số 146/2010/TTLT/BTC-BCA-BQP của Bộ Tài chính, Bộ Công an và Bộ Quốc phòng hướng dẫn việc trao đổi, cung cấp thông tin hải quan và thông tin về người nộp thuế",59483,305,4,TONG_CUC,"Thượng tướng Phan Trung Kiên, Thượng tướng Lê Thế Tiệm, Đỗ Hoàng Anh Tuấn",07/11/2010,https://files.customs.gov.vn/van_ban_phap_luat/Lists/VanBanPhapLuat/Attachments/5747/TT14610BTC.doc,https://www.customs.gov.vn/index.jsp?pageId=3&id=59483&cid=1294,2010,09/2010,2026-10-08T09:45:38Z
534,CV1663/HQĐNa-TXNK,23/09/2010,Cục Hải Quan tỉnh Đồng Nai,Trả lời Công ty TNHH Emivest V/v Đăng ký Danh mục hàng hóa nhập khẩu miễn thuế tạo TSCĐ,66008,305,16,DONG_NAI,null,null,https://files.customs.gov.vn/DONG_NAI//Data/CV_Hqdn/1663_HQDNa_TXNK_23_09_2010.PDF,https://www.customs.gov.vn/index.jsp?pageId=3&id=66008&cid=1294,2010,09/2010,2026-10-08T09:45:38Z
535,CV1667/HQĐNa-TXNK,23/09/2010,Cục Hải Quan tỉnh Đồng Nai,Trả lời Công ty Cổ phần Vương Hải V/v Đăng ký Danh mục hàng hóa nhập khẩu miễn thuế tạo TSCĐ,66007,305,16,DONG_NAI,null,null,https://files.customs.gov.vn/DONG_NAI//Data/CV_Hqdn/1667_HQDNa_TXNK_23_09_2010.PDF,https://www.customs.gov.vn/index.jsp?pageId=3&id=66007&cid=1294,2010,09/2010,2026-10-08T09:45:38Z
536,CV92/GSQL-GQ2,22/09/2010,Tổng cục hải quan,V/v Tạm nhập máy nén khí về sửa chữa sau đó tái xuất,62142,305,16,DONG_NAI,null,null,,https://www.customs.gov.vn/index.jsp?pageId=3&id=62142&cid=1294,2010,09/2010,2026-10-08T09:45:38Z
537,97/2010/NĐ-CP,21/09/2010,Chính phủ,Nghị định số 97/2010/NĐ-CP của Chính phủ về việc xử phạt vi phạm hành chính trong lĩnh vực sở hữu công nghiệp,42724,305,18,QUANG_BINH,null,null,https://files.customs.gov.vn/CustomsCMS/QUANG_BINH/2021/04/images/stories/files/ND972010CP ngay 21.09.2010.doc,https://www.customs.gov.vn/index.jsp?pageId=3&id=42724&cid=1294,2010,09/2010,2026-10-08T09:45:38Z
538,98/2010/NĐ-CP,21/09/2010,Chính phủ,"Nghị định số 98/2010/NĐ-CP của Chính phủ về việc quy định chi tiết thi hành một số điều của Luật di sản văn hóa và Luật sửa đổi, bổ sung một số điều của Luật di sản văn hóa",42723,305,18,QUANG_BINH,null,null,https://files.customs.gov.vn/CustomsCMS/QUANG_BINH/2021/04/images/stories/files/ND982010CP ngay 21.09.2010.doc,https://www.customs.gov.vn/index.jsp?pageId=3&id=42723&cid=1294,2010,09/2010,2026-10-08T09:45:38Z
539,CV12609/BTC-CST,21/09/2010,Bộ Tài chính,"V/v Thuế nhập khẩu và thuế GTGT đối với vật tư, thiết bị xây dựng các công trình điện",62144,305,16,DONG_NAI,null,null,,https://www.customs.gov.vn/index.jsp?pageId=3&id=62144&cid=1294,2010,09/2010,2026-10-08T09:45:38Z
540,CV1643/HQĐNa-GSQL,21/09/2010,Cục Hải Quan tỉnh Đồng Nai,Trả lời Công ty HH chế tạo CN và Gia công chế biến hàng XK (VMEP) v/v Thanh lý tài sản khuôn mẫu dùng để sản xuất linh kiện xe máy,66012,305,16,DONG_NAI,null,null,https://files.customs.gov.vn/DONG_NAI//Data/CV_Hqdn/1643_HQDNa_GSQL_21_09_2010.PDF,https://www.customs.gov.vn/index.jsp?pageId=3&id=66012&cid=1294,2010,09/2010,2026-10-08T09:45:38Z
541,CV1644/HQĐNa-GSQL,21/09/2010,Cục Hải Quan tỉnh Đồng Nai,Trả lời Công ty Sản phẩm máy tính Fujitsu Việt Nam v/v Bán phế liệu vào thị trường nội địa,66011,305,16,DONG_NAI,null,null,https://files.customs.gov.vn/DONG_NAI//Data/CV_Hqdn/1644_HQDNa_GSQL_21_09_2010.PDF,https://www.customs.gov.vn/index.jsp?pageId=3&id=66011&cid=1294,2010,09/2010,2026-10-08T09:45:38Z
542,CV1647/HQĐNa-GSQL,21/09/2010,Cục Hải Quan tỉnh Đồng Nai,Trả lời Công ty TNHH Tiếp vận Thăng Long v/v Thủ tục ký hợp đồng thuê kho ngoại quan,66010,305,16,DONG_NAI,null,null,https://files.customs.gov.vn/DONG_NAI//Data/CV_Hqdn/1647_HQDNa_GSQL_21_09_2010.PDF,https://www.customs.gov.vn/index.jsp?pageId=3&id=66010&cid=1294,2010,09/2010,2026-10-08T09:45:38Z
543,CV1648/HQĐNa-TXNK,21/09/2010,Cục Hải Quan tỉnh Đồng Nai,V/v Tỷ giá tính thuế khi thực hiện thủ tục hải quan điện tử,66009,305,16,DONG_NAI,null,null,https://files.customs.gov.vn/DONG_NAI//Data/CV_Hqdn/1648_HQDNa_TXNK_21_09_2010.PDF,https://www.customs.gov.vn/index.jsp?pageId=3&id=66009&cid=1294,2010,09/2010,2026-10-08T09:45:38Z
544,NĐ97/2010/NĐ-CP,21/09/2010,Chính phủ,V/v Xử phạt vi phạm hành chính trong lĩnh vực sở hữu công nghiệp,62143,305,8,DONG_NAI,null,null,https://files.customs.gov.vn/DONG_NAI//Data/Nghi_dinh/97_2010_ND_CP_21_09_2010.pdf,https://www.customs.gov.vn/index.jsp?pageId=3&id=62143&cid=1294,2010,09/2010,2026-10-08T09:45:38Z
545,CV1632/HQĐNa-TXNK,20/09/2010,Cục Hải Quan tỉnh Đồng Nai,Trả lời Công ty TNHH Emivest Việt Nam v/v Đăng ký Danh mục hàng hóa nhập khẩu miễn thuế tạo TSCĐ,66014,305,16,DONG_NAI,null,null,https://files.customs.gov.vn/DONG_NAI//Data/CV_Hqdn/1632_HQDNa_TXNK_20_09_2010.PDF,https://www.customs.gov.vn/index.jsp?pageId=3&id=66014&cid=1294,2010,09/2010,2026-10-08T09:45:38Z
546,CV1637/HQĐNa-STQ,20/09/2010,Cục Hải Quan tỉnh Đồng Nai,V/v Hướng dẫn thực hiện khai báo phí THC hàng hóa nhập khẩu,66013,305,16,DONG_NAI,null,null,https://files.customs.gov.vn/DONG_NAI//Data/CV_Hqdn/1637_HQDNa_STQ_20_09_2010.PDF,https://www.customs.gov.vn/index.jsp?pageId=3&id=66013&cid=1294,2010,09/2010,2026-10-08T09:45:38Z
547,QĐ4872/QĐ-BCT,20/09/2010,Bộ Công thương,"V/v Bổ sung danh mục máy móc, thiết bị vật tư, nguyên liệu trong nước đã sản xuất được",62145,305,10,DONG_NAI,null,null,https://files.customs.gov.vn/DONG_NAI//Data/CV_BCT/4872_QD_BCT_20_09_2010.pdf,https://www.customs.gov.vn/index.jsp?pageId=3&id=62145&cid=1294,2010,09/2010,2026-10-08T09:45:38Z
548,CV1618/HQĐNa-TXNK,17/09/2010,Cục Hải Quan tỉnh Đồng Nai,Trả lời Công ty TNHH Sunjin Vina v/v Đăng ký Danh mục hàng hóa nhập khẩu miễn thuế tạo TSCĐ,66018,305,16,DONG_NAI,null,null,https://files.customs.gov.vn/DONG_NAI//Data/CV_Hqdn/1618_HQDNa_TXNK_17_09_2010.PDF,https://www.customs.gov.vn/index.jsp?pageId=3&id=66018&cid=1294,2010,09/2010,2026-10-08T09:45:38Z
549,CV1623/HQĐNa-HĐH,17/09/2010,Cục Hải Quan tỉnh Đồng Nai,Trả lời Công ty TNHH Thương mại và Dịch vụ Hàng hải Tấn Đạt v/v Thủ tục tái nhập hàng đã xuất khẩu,66017,305,16,DONG_NAI,null,null,https://files.customs.gov.vn/DONG_NAI//Data/CV_Hqdn/1623_HQDNa_HDH_17_09_2010.PDF,https://www.customs.gov.vn/index.jsp?pageId=3&id=66017&cid=1294,2010,09/2010,2026-10-08T09:45:38Z
550,CV1625/HQĐNa-TXNK,17/09/2010,Cục Hải Quan tỉnh Đồng Nai,Trả lời Công ty TNHH Rohm anhd Haas v/v Đăng ký Danh mục hàng hóa nhập khẩu miễn thuế tạo TSCĐ,66016,305,16,DONG_NAI,null,null,https://files.customs.gov.vn/DONG_NAI//Data/CV_Hqdn/1625_HQDNa_TXNK_17_09_2010.PDF,https://www.customs.gov.vn/index.jsp?pageId=3&id=66016&cid=1294,2010,09/2010,2026-10-08T09:45:38Z
551,CV1627/HQĐNa-TXNK,17/09/2010,Cục Hải Quan tỉnh Đồng Nai,Trả lời Công ty TNHH Shing Mark Vina v/v Đăng ký Danh mục hàng hóa nhập khẩu miễn thuế tạo TSCĐ,66015,305,16,DONG_NAI,null,null,https://files.customs.gov.vn/DONG_NAI//Data/CV_Hqdn/1627_HQDNa_TXNK_17_09_2010.PDF,https://www.customs.gov.vn/index.jsp?pageId=3&id=66015&cid=1294,2010,09/2010,2026-10-08T09:45:38Z
552,CV87/2010/GSXD,17/09/2010,Khác,V/v Nhập khẩu gạch ốp lát,62146,305,16,DONG_NAI,null,null,https://files.customs.gov.vn/DONG_NAI//Data/CV_nganh_khac/87_2010_GSXD_17_09_2010.pdf,https://www.customs.gov.vn/index.jsp?pageId=3&id=62146&cid=1294,2010,09/2010,2026-10-08T09:45:38Z
553,CV1614/HQĐNa-TXNK,16/09/2010,Cục Hải Quan tỉnh Đồng Nai,Trả lời Công ty TNHH Zagro Việt Nam v/v Đăng ký Danh mục hàng hóa nhập khẩu miễn thuế tạo TSCĐ,66019,305,16,DONG_NAI,null,null,https://files.customs.gov.vn/DONG_NAI//Data/CV_Hqdn/1614_HQDNa_TXNK_16_09_2010.PDF,https://www.customs.gov.vn/index.jsp?pageId=3&id=66019&cid=1294,2010,09/2010,2026-10-08T09:45:38Z
554,1136/TB-HQCT,15/09/2010,null,V/v Thông báo tuyển dụng điều tiết công chức năm 2010,67193,305,18,CAN_THO,null,15/05/2010,https://files.customs.gov.vn/CAN_THO/02_HQCT1136_3.pdf,https://www.customs.gov.vn/index.jsp?pageId=3&id=67193&cid=1294,2010,09/2010,2026-10-08T09:45:38Z
555,CV1592/HQĐNa-TXNK,15/09/2010,Cục Hải Quan tỉnh Đồng Nai,Trả lời Công ty TNHH Yuoyi Việt Nam v/v Đăng ký Danh mục hàng hóa nhập khẩu miễn thuế tạo TSCĐ,66021,305,16,DONG_NAI,null,null,https://files.customs.gov.vn/DONG_NAI//Data/CV_Hqdn/1592_HQDNa_TXNK_15_09_2010.PDF,https://www.customs.gov.vn/index.jsp?pageId=3&id=66021&cid=1294,2010,09/2010,2026-10-08T09:45:38Z
556,CV1600/HQĐNa-TXNK,15/09/2010,Cục Hải Quan tỉnh Đồng Nai,Trả lời Công ty TNHH Mao Bảo Việt Nam v/v Đăng ký Danh mục hàng hóa nhập khẩu miễn thuế tạo TSCĐ,66020,305,16,DONG_NAI,null,null,https://files.customs.gov.vn/DONG_NAI//Data/CV_Hqdn/1600_HQDNa_TXNK_15_09_2010.PDF,https://www.customs.gov.vn/index.jsp?pageId=3&id=66020&cid=1294,2010,09/2010,2026-10-08T09:45:38Z
557,CV1585/HQĐNa-GSQL,13/09/2010,Cục Hải Quan tỉnh Đồng Nai,Trả lời Công ty Ajinomoto Việt Nam v/v Thủ tục nhập khẩu bột ngọt làm nguyên liệu sản xuất Ajingon,66022,305,16,DONG_NAI,null,null,https://files.customs.gov.vn/DONG_NAI//Data/CV_Hqdn/1585_HQDNa_GSQL_13_09_2010.PDF,https://www.customs.gov.vn/index.jsp?pageId=3&id=66022&cid=1294,2010,09/2010,2026-10-08T09:45:38Z
558,CV1571/HQĐNa-GSQL,11/09/2010,Cục Hải Quan tỉnh Đồng Nai,Trả lời Công ty TNHH Yupoong Việt Nam v/v Đăng ký tờ khai gia công,66025,305,16,DONG_NAI,null,null,https://files.customs.gov.vn/DONG_NAI//Data/CV_Hqdn/1571_HQDNa_GSQL_11_09_2010.PDF,https://www.customs.gov.vn/index.jsp?pageId=3&id=66025&cid=1294,2010,09/2010,2026-10-08T09:45:38Z
559,CV1573/HQĐNa-GSQL,11/09/2010,Cục Hải Quan tỉnh Đồng Nai,Trả lời Công ty TNHH Aureole Fine Chemical Products v/v Xử lý chất thải của DNCX,66024,305,16,DONG_NAI,null,null,https://files.customs.gov.vn/DONG_NAI//Data/CV_Hqdn/1573_HQDNa_GSQL_11_09_2010.PDF,https://www.customs.gov.vn/index.jsp?pageId=3&id=66024&cid=1294,2010,09/2010,2026-10-08T09:45:38Z
560,CV1574/HQĐNa-GSQL,11/09/2010,Cục Hải Quan tỉnh Đồng Nai,Trả lời Công ty Công nghiệp Plus Việt Nam v/v Chuyển hàng kho ngoại quan,66023,305,16,DONG_NAI,null,null,https://files.customs.gov.vn/DONG_NAI//Data/CV_Hqdn/1574_HQDNa_GSQL_11_09_2010.PDF,https://www.customs.gov.vn/index.jsp?pageId=3&id=66023&cid=1294,2010,09/2010,2026-10-08T09:45:38Z
561,CV5287/TCHQ-GSQL,11/09/2010,Tổng cục hải quan,V/v Ủy quyền nhập khẩu hành lý cá nhân của người nước ngoài sang Việt Nam làm việc,62148,305,16,DONG_NAI,null,null,,https://www.customs.gov.vn/index.jsp?pageId=3&id=62148&cid=1294,2010,09/2010,2026-10-08T09:45:38Z
562,CV7381/UBND-KT,11/09/2010,Khác,V/v Danh mục văn bản quy phạm pháp luật do Bộ Tài chính ban hành và liên tịch ban hành đã hết hiệu lực pháp luật,62149,305,16,DONG_NAI,null,null,https://files.customs.gov.vn/DONG_NAI//Data/CV_nganh_khac/7381_UBND_KT_11_09_2010.pdf,https://www.customs.gov.vn/index.jsp?pageId=3&id=62149&cid=1294,2010,09/2010,2026-10-08T09:45:38Z
563,TT33/2010/TT-BCT,11/09/2010,Bộ Công thương,"V/v Quy định việc kinh doanh tạm nhập tái xuất, chuyển khẩu phủ tạng gia súc, phủ tạng gia cầm đông lạnh và không đông lạnh",62147,305,4,DONG_NAI,null,null,,https://www.customs.gov.vn/index.jsp?pageId=3&id=62147&cid=1294,2010,09/2010,2026-10-08T09:45:38Z
564,53/2010/TT-BNNPTNT,10/09/2010,Bộ Nông nghiệp và Phát triển nông thôn,"Thông tư 53/2010/TT-BNNPTNT sửa đổi Quyết định 86/2005/QĐ-BNN và Thông tư 06/2010/TT-BNNPTNT quy định mẫu hồ sơ kiểm dịch động vật, sản phẩm động vật; kiểm tra vệ sinh thú y",61277,305,4,BA_RIA_VUNG_TAU,Cao Đức Phát,10/09/2010,https://files.customs.gov.vn/BA_RIA_VUNG_TAU/uploads/document/248/53_2010_TT_BNNPTNT Bieu mau.doc,https://www.customs.gov.vn/index.jsp?pageId=3&id=61277&cid=1294,2010,09/2010,2026-10-08T09:45:38Z
565,133/TT-BTC,09/09/2010,Bộ Tài chính,V/v Sửa đổi mức thuế suất thuế nhập khẩu ưu đãi một số mặt hàng tại Biểu thuế nhập khẩu ưu đãi,62150,305,4,DONG_NAI,null,null,,https://www.customs.gov.vn/index.jsp?pageId=3&id=62150&cid=1294,2010,09/2010,2026-10-08T09:45:38Z
566,CV1552/HQĐNa-HĐH,09/09/2010,Cục Hải Quan tỉnh Đồng Nai,Trả lời Công ty TNHH thương mại và dịch vụ giao nhận Lê Hòa v/v Thủ tục NK gỗ Tùng Formosa,66027,305,16,DONG_NAI,null,null,https://files.customs.gov.vn/DONG_NAI//Data/CV_Hqdn/1552_HQDNa_HDH_09_09_2010.PDF,https://www.customs.gov.vn/index.jsp?pageId=3&id=66027&cid=1294,2010,09/2010,2026-10-08T09:45:38Z
567,CV1559/HQĐNa-TXNK,09/09/2010,Cục Hải Quan tỉnh Đồng Nai,Trả lời Công ty TNHH Mao Bảo Việt Nam v/v Đăng ký Danh mục hàng hóa nhập khẩu miễn thuế tạo TSCĐ,66026,305,16,DONG_NAI,null,null,https://files.customs.gov.vn/DONG_NAI//Data/CV_Hqdn/1559_HQDNa_TXNK_09_09_2010.PDF,https://www.customs.gov.vn/index.jsp?pageId=3&id=66026&cid=1294,2010,09/2010,2026-10-08T09:45:38Z
568,CV69/GSQL-GQ2,09/09/2010,Tổng cục hải quan,V/v Thủ tục Hải quan đối với hàng hóa trao đổi giữa DN nội địa và DN chế xuất,62151,305,16,DONG_NAI,null,null,,https://www.customs.gov.vn/index.jsp?pageId=3&id=62151&cid=1294,2010,09/2010,2026-10-08T09:45:38Z
569,CV1537/HQĐNa-TXNK,08/09/2010,Cục Hải Quan tỉnh Đồng Nai,Trả lời Công ty cổ phần Johnson Wood v/v Điều chỉnh Danh mục hàng hóa nhập khẩu miễn thuế tạo TSCĐ,66028,305,16,DONG_NAI,null,null,https://files.customs.gov.vn/DONG_NAI//Data/CV_Hqdn/1537_HQDNa_TXNK_08_09_2010.PDF,https://www.customs.gov.vn/index.jsp?pageId=3&id=66028&cid=1294,2010,09/2010,2026-10-08T09:45:38Z
570,CV1524/HQĐNa-ĐKS,07/09/2010,Cục Hải Quan tỉnh Đồng Nai,Trả lời Công ty TNHH SX và TM Miền Quê v/v Xin tái xem xét cho kiểm tra  tại nơi sản xuất đối với hàng hóa xuất khẩu có yêu cầu riêng,66029,305,16,DONG_NAI,null,null,https://files.customs.gov.vn/DONG_NAI//Data/CV_Hqdn/1524_HQDNa_DKS_07_09_2010.PDF,https://www.customs.gov.vn/index.jsp?pageId=3&id=66029&cid=1294,2010,09/2010,2026-10-08T09:45:38Z
571,5138/TCHQ-GSQL,06/09/2010,Tổng cục hải quan,V/v triển khai thực hiện Thông tư số 100/2010/TT-BTC ngày 09/7/2010 của Bộ Tài chính,58732,305,16,TP_HO_CHI_MINH,Vũ Ngọc Anh,06/09/2010,https://files.customs.gov.vn/CustomsCMS/TP_HO_CHI_MINH/2020/Web/Data/DocumentAttachments/5138-TCHQ-GSQL.tif,https://www.customs.gov.vn/index.jsp?pageId=3&id=58732&cid=1294,2010,09/2010,2026-10-08T09:45:38Z
572,CV1515/HQĐNa-TXNK,06/09/2010,Cục Hải Quan tỉnh Đồng Nai,Trả lời Công ty TNHH Shing Mark Vina v/v Đăng ký Danh mục hàng hóa nhập khẩu miễn thuế tạo TSCĐ,66030,305,16,DONG_NAI,null,null,https://files.customs.gov.vn/DONG_NAI//Data/CV_Hqdn/1515_HQDNa_TXNK_06_09_2010.PDF,https://www.customs.gov.vn/index.jsp?pageId=3&id=66030&cid=1294,2010,09/2010,2026-10-08T09:45:38Z
573,CV1501/HQĐNa-TXNK,01/09/2010,Cục Hải Quan tỉnh Đồng Nai,Trả lời Công ty Cổ phần tập đoàn Tân Mai V/v Nhập khẩu hàng hóa ngoài MMTB trong dây chuyền sản xuất,66034,305,16,DONG_NAI,null,null,https://files.customs.gov.vn/DONG_NAI//Data/CV_Hqdn/1501_HQDNa_TXNK_01_09_2010.PDF,https://www.customs.gov.vn/index.jsp?pageId=3&id=66034&cid=1294,2010,09/2010,2026-10-08T09:45:38Z
574,CV1502/HQĐNa-TXNK,01/09/2010,Cục Hải Quan tỉnh Đồng Nai,Trả lời Công ty TNHH Robert Bosch Việt Nam tại Đồng Nai v/v Đăng ký Danh mục hàng hóa nhập khẩu miễn thuế tạo TSCĐ,66033,305,16,DONG_NAI,null,null,https://files.customs.gov.vn/DONG_NAI//Data/CV_Hqdn/1502_HQDNa_TXNK_01_09_2010.PDF,https://www.customs.gov.vn/index.jsp?pageId=3&id=66033&cid=1294,2010,09/2010,2026-10-08T09:45:38Z
575,CV1506/HQĐNa-ĐKS,01/09/2010,Cục Hải Quan tỉnh Đồng Nai,"V/v Hướng dẫn công nhận địa điểm kiểm tra hàng hóa tại nơi sản xuất, chân công trình",66032,305,16,DONG_NAI,null,01/09/2010,https://files.customs.gov.vn/DONG_NAI//Data/CV_Hqdn/1506_HQDNa_DKS_01_09_2010.PDF,https://www.customs.gov.vn/index.jsp?pageId=3&id=66032&cid=1294,2010,09/2010,2026-10-08T09:45:38Z
576,CV1512/HQĐNa-GSQL,01/09/2010,Cục Hải Quan tỉnh Đồng Nai,V/v Hướng dẫn thực hiện công văn số 7957/BTC-TCHQ ngày 18/06/2010 của Bộ Tài chính,66031,305,16,DONG_NAI,null,null,https://files.customs.gov.vn/DONG_NAI//Data/CV_Hqdn/1512_HQDNa_GSQL_01_09_2010.PDF,https://www.customs.gov.vn/index.jsp?pageId=3&id=66031&cid=1294,2010,09/2010,2026-10-08T09:45:38Z
577,CV5096/TCHQ-GSQL,01/09/2010,Tổng cục hải quan,V/v Vướng mắc sử dụng nguyên liệu vật tư tự cung ứng cho hợp đồng gia công,62154,305,16,DONG_NAI,null,null,,https://www.customs.gov.vn/index.jsp?pageId=3&id=62154&cid=1294,2010,09/2010,2026-10-08T09:45:38Z
578,CV5103/TCHQ-TXNK,01/09/2010,Tổng cục hải quan,V/v Chính sách thuế đối với hàng hóa xuất khẩu,62153,305,16,DONG_NAI,null,null,,https://www.customs.gov.vn/index.jsp?pageId=3&id=62153&cid=1294,2010,09/2010,2026-10-08T09:45:38Z
579,CV6321/BCT-TTTN,01/09/2010,Bộ Công thương,"V/v Danh sách thương nhân đủ điều kiện xuất khẩu, nhập khẩu LPG",62152,305,16,DONG_NAI,null,null,,https://www.customs.gov.vn/index.jsp?pageId=3&id=62152&cid=1294,2010,09/2010,2026-10-08T09:45:38Z
580,119/2010/NĐ-CP,30/10/2010,Chính phủ,"Nghị định 119/2010/NĐ-CP ngày 30/10/2010 của Chính phủ sửa đổi, bổ sung một số điều của Nghị định số 105/2006/NĐ-CP ngày 22/9/2006 của Chính phủ quy định chi tiết và hướng dẫn thi hành một số điều của Luật Sở hữu trí tuệ về bảo vệ quyền sở hữu trí tuệ và quản lý nhà nước về sở hữu trí tuệ",59572,305,8,TONG_CUC,Nguyễn Tấn Dũng,20/02/2011,https://files.customs.gov.vn/van_ban_phap_luat/Lists/VanBanPhapLuat/Attachments/7929/ND1192010CP.doc,https://www.customs.gov.vn/index.jsp?pageId=3&id=59572&cid=1294,2010,10/2010,2026-10-08T09:45:38Z
581,106/2010/NÐ-CP,28/10/2010,Chính phủ,"Nghị Định Sửa đổi, bổ sung một số điều của Nghị định số 85/2007/NĐ-CP ngày 25 tháng 5 năm 2007 của Chính phủ quy định chi tiết thi hành một số điều của Luật Quản lý thuế và Nghị định số 100/2008/NĐ-CP ngày 08 tháng 9 năm 2008 của Chính phủ quy định chi tiết một số điều của Luật Thuế thu nhập cá nhân",52661,305,8,TP_HO_CHI_MINH,Nguyễn Tấn Dũng,01/01/2011,https://files.customs.gov.vn/CustomsCMS/TP_HO_CHI_MINH/2020/Web/Data/DocumentAttachments/ND1062010CP_Sua_doi_ND852007CP_va_ND1002008CP.doc,https://www.customs.gov.vn/index.jsp?pageId=3&id=52661&cid=1294,2010,10/2010,2026-10-08T09:45:38Z
582,106/2010/NĐ-CP,28/10/2010,null,"Nghị định số 106/2010/NĐ-CP của Chính phủ về việc Sửa đổi, bổ sung một số điều của Nghị định số 85/2007/NĐ-CP ngày 25 tháng 5 năm 2007 của Chính phủ quy định chi tiết thi hành một số điều của Luật Quản lý thuế và Nghị định số 100/2008/NĐ-CP ngày 08 tháng 9 năm 2008 của Chính phủ quy định chi tiết một số điều của Luật Thuế thu nhập cá nhân",42720,305,18,QUANG_BINH,null,null,https://files.customs.gov.vn/CustomsCMS/QUANG_BINH/2021/04/images/stories/files/ND1062010CP ngay 28.10.2010.doc,https://www.customs.gov.vn/index.jsp?pageId=3&id=42720&cid=1294,2010,10/2010,2026-10-08T09:45:38Z
583,CV1843/HQĐNa-TXNK,27/10/2010,Cục Hải Quan tỉnh Đồng Nai,Trả lời Công ty TNHH Sunjin Vina v/v điều chỉnh Danh mục hàng hóa nhập khẩu miễn thuế,65983,305,16,DONG_NAI,null,null,https://files.customs.gov.vn/DONG_NAI//Data/CV_Hqdn/1843_HQDNa_TXNK_27_10_2010.PDF,https://www.customs.gov.vn/index.jsp?pageId=3&id=65983&cid=1294,2010,10/2010,2026-10-08T09:45:38Z
584,CV1840/HQĐNa-GSQL,26/10/2010,Cục Hải Quan tỉnh Đồng Nai,Trả lời Công ty TNHH Super Gas v/v Nhập khẩu ủy thác LPG,65984,305,16,DONG_NAI,null,null,https://files.customs.gov.vn/DONG_NAI//Data/CV_Hqdn/1840_HQDNa_GSQL_26_10_2010.PDF,https://www.customs.gov.vn/index.jsp?pageId=3&id=65984&cid=1294,2010,10/2010,2026-10-08T09:45:38Z
585,TT165/2010/TT-BTC,26/10/2010,Bộ Tài chính,"V/vQuy định thủ tục hải quan đối với xuất khẩu, nhập khẩu, tạm nhập tái xuất, chuyển khẩu xăng dầu; nhập khẩu nguyên liệu để sản xuất và pha chế xăng dầu; nhập khẩu nguyên liệu để gia công xuất khẩu xăng dầu",62111,305,4,DONG_NAI,null,10/12/2010,,https://www.customs.gov.vn/index.jsp?pageId=3&id=62111&cid=1294,2010,10/2010,2026-10-08T09:45:38Z
586,CV1832/HQĐNa-TXNK,25/10/2010,Cục Hải Quan tỉnh Đồng Nai,Trả lời Công ty TNHH Noroo-Nanpao Paints & Coatings Việt Nam v/v Đăng ký danh mục hàng hóa nhập khẩu miễn thuế tạo TSCĐ,65985,305,16,DONG_NAI,null,null,https://files.customs.gov.vn/DONG_NAI//Data/CV_Hqdn/1832_HQDNa_TXNK_25_10_2010.PDF,https://www.customs.gov.vn/index.jsp?pageId=3&id=65985&cid=1294,2010,10/2010,2026-10-08T09:45:38Z
587,CV7626/BKH-KTCN,21/10/2010,Bộ Kế Hoạch và Đầu Tư,Trả lời Công ty Premier Oil Việt Nam v/v Miễn thuế nhập khẩu theo Hợp đồng chia sản phẩm dầu khí,62112,305,16,DONG_NAI,null,null,,https://www.customs.gov.vn/index.jsp?pageId=3&id=62112&cid=1294,2010,10/2010,2026-10-08T09:45:38Z
588,163/2010/TTLT-BTC-BNV,20/10/2010,Liên bộ,"Thông tư liên tịch số 163/2010/TTLT-BTC-BNV của Bộ Tài chính và Bộ Nội vụ hướng dẫn mức thu, chế độ thu, nộp, quản lý và sử dụng phí dự thi tuyển và phí dự thi nâng ngạch công chức, viên chức",59485,305,4,TONG_CUC,Nguyễn Duy Thăng - Đỗ Hoàng Anh Tuấn,20/10/2010,https://files.customs.gov.vn/van_ban_phap_luat/Lists/VanBanPhapLuat/Attachments/5863/TTLT1632010BTC-BNV ngay 20.10.2010.doc,https://www.customs.gov.vn/index.jsp?pageId=3&id=59485&cid=1294,2010,10/2010,2026-10-08T09:45:38Z
589,CV1810/HQĐNa-GSQL,20/10/2010,Cục Hải Quan tỉnh Đồng Nai,Trả lời Công ty Cổ phần giám định Ngôi sao SPICA v/v Đăng ký làm dịch vụ giám định hàng hóa phục vụ quản lý Nhà nước,65988,305,16,DONG_NAI,null,null,https://files.customs.gov.vn/DONG_NAI//Data/CV_Hqdn/1810_HQDNa_GSQL_20_10_2010.PDF,https://www.customs.gov.vn/index.jsp?pageId=3&id=65988&cid=1294,2010,10/2010,2026-10-08T09:45:38Z
590,CV1811/HQĐNa-GSQL,20/10/2010,Cục Hải Quan tỉnh Đồng Nai,V/v Thủ tục hoàn thuế nguyên liệu NKD sản xuất hàng hóa xuất khẩu,65987,305,16,DONG_NAI,null,null,https://files.customs.gov.vn/DONG_NAI//Data/CV_Hqdn/1811_HQDNa_GSQL_20_10_2010.PDF,https://www.customs.gov.vn/index.jsp?pageId=3&id=65987&cid=1294,2010,10/2010,2026-10-08T09:45:38Z
591,CV1812/HQĐNa-GSQL,20/10/2010,Cục Hải Quan tỉnh Đồng Nai,V/v Phân loại chất thải của DNCX,65986,305,16,DONG_NAI,null,null,https://files.customs.gov.vn/DONG_NAI//Data/CV_Hqdn/1812_HQDNa_GSQL_20_10_2010.PDF,https://www.customs.gov.vn/index.jsp?pageId=3&id=65986&cid=1294,2010,10/2010,2026-10-08T09:45:38Z
592,CV1799/HQĐNa-TXNK,19/10/2010,Cục Hải Quan tỉnh Đồng Nai,Trả lời Công ty TNHH Công nghiệp T.A Việt Nam v/v Đăng ký Danh mục hàng hóa nhập khẩu miễn thuế tạo TSCĐ,65989,305,16,DONG_NAI,null,null,https://files.customs.gov.vn/DONG_NAI//Data/CV_Hqdn/1799_HQDNa_TXNK_19_10_2010.PDF,https://www.customs.gov.vn/index.jsp?pageId=3&id=65989&cid=1294,2010,10/2010,2026-10-08T09:45:38Z
593,TT59/2010/TT-BNNPTNT,19/10/2010,Bộ Nông nghiệp và Phát triển nông thôn,"V/v Ban hành Danh mục các loài động vật, thực vật hoang dã thuộc quản lý của Công ước về buôn bán quốc tế các loài động vật, thực vật hoang dã nguy cấp",62113,305,4,DONG_NAI,null,03/12/2010,,https://www.customs.gov.vn/index.jsp?pageId=3&id=62113&cid=1294,2010,10/2010,2026-10-08T09:45:38Z
594,CV1792/HQĐNa-GSQL,18/10/2010,Cục Hải Quan tỉnh Đồng Nai,Trả lời Công ty TNHH Pacorini Việt Nam v/v Đưa hàng từ kho ngoại quan vào nội địa,65990,305,16,DONG_NAI,null,null,https://files.customs.gov.vn/DONG_NAI//Data/CV_Hqdn/1792_HQDNa_GSQL_18_10_2010.PDF,https://www.customs.gov.vn/index.jsp?pageId=3&id=65990&cid=1294,2010,10/2010,2026-10-08T09:45:38Z
595,CV529/MT-HC,18/10/2010,Khác,"V/v Mẫu Giấy chứng nhận đăng ký lưu hành hóa chất, chế phẩm diệt côn trùng, diệt khuẩn",62114,305,16,DONG_NAI,null,null,https://files.customs.gov.vn/DONG_NAI//Data/CV_BYT/529_MT_HC_18_10_2010.pdf,https://www.customs.gov.vn/index.jsp?pageId=3&id=62114&cid=1294,2010,10/2010,2026-10-08T09:45:38Z
596,CV1777/HQĐNa-TXNK,14/10/2010,Cục Hải Quan tỉnh Đồng Nai,Trả lời Công ty TNHH Infinity v/v Đăng ký Danh mục hàng hóa nhập khẩu miễn thuế tạo TSCĐ,65992,305,16,DONG_NAI,null,null,https://files.customs.gov.vn/DONG_NAI//Data/CV_Hqdn/1777_HQDNa_TXNK_14_10_2010.PDF,https://www.customs.gov.vn/index.jsp?pageId=3&id=65992&cid=1294,2010,10/2010,2026-10-08T09:45:38Z
597,CV1780/HQĐNa-GSQL,14/10/2010,Cục Hải Quan tỉnh Đồng Nai,Trả lời Công ty TNHH Pacorini Việt Nam v/v Đưa hàng từ kho ngoại quan vào nội địa,65991,305,16,DONG_NAI,null,null,https://files.customs.gov.vn/DONG_NAI//Data/CV_Hqdn/1780_HQDNa_GSQL_14_10_2010.PDF,https://www.customs.gov.vn/index.jsp?pageId=3&id=65991&cid=1294,2010,10/2010,2026-10-08T09:45:38Z
598,QĐ333/QĐ-QLD,14/10/2010,Bộ Y tế,"V/v Công bố 29 vắc xin, sinh phẩm y tế được phép lưu hành tại Việt Nam đợt 2",62115,305,10,DONG_NAI,null,null,https://files.customs.gov.vn/DONG_NAI//Data/CV_BYT/333_QD_QLD_14_10_2010.pdf,https://www.customs.gov.vn/index.jsp?pageId=3&id=62115&cid=1294,2010,10/2010,2026-10-08T09:45:38Z
599,CV1770/HQĐNa-GSQL,13/10/2010,Cục Hải Quan tỉnh Đồng Nai,Trả lời Công ty TNHH Aureole Fine Chemical Products v/v Nhập khẩu bã dừa để SXXK,65994,305,16,DONG_NAI,null,null,https://files.customs.gov.vn/DONG_NAI//Data/CV_Hqdn/1770_HQDNa_GSQL_13_10_2010.PDF,https://www.customs.gov.vn/index.jsp?pageId=3&id=65994&cid=1294,2010,10/2010,2026-10-08T09:45:38Z
600,CV1773/HQĐNa-TXNK,13/10/2010,Cục Hải Quan tỉnh Đồng Nai,Trả lời Công ty TNHH Kwang Sung Polymer VN v/v Đăng ký Danh mục hàng hóa nhập khẩu miễn thuế tạo TSCĐ,65993,305,16,DONG_NAI,null,null,https://files.customs.gov.vn/DONG_NAI//Data/CV_Hqdn/1773_HQDNa_TXNK_13_10_2010.PDF,https://www.customs.gov.vn/index.jsp?pageId=3&id=65993&cid=1294,2010,10/2010,2026-10-08T09:45:38Z
601,CV1761/HQĐNa-GSQL,12/10/2010,Cục Hải Quan tỉnh Đồng Nai,Trả lời Công ty TNHH Shing Mark Vina v/v Xin thông báo theo công văn số 547/KCNĐN-ĐT ngày 19/04/2010 của Ban Quản lý các KCN,65996,305,16,DONG_NAI,null,null,https://files.customs.gov.vn/DONG_NAI//Data/CV_Hqdn/1761_HQDNa_GSQL_12_10_2010.PDF,https://www.customs.gov.vn/index.jsp?pageId=3&id=65996&cid=1294,2010,10/2010,2026-10-08T09:45:38Z
602,CV1762/HQĐNa-GSQL,12/10/2010,Cục Hải Quan tỉnh Đồng Nai,Trả lời Công ty TNHH MTV Thương mại dầu khí Đồng Tháp v/v tham vấn thủ tục Hải quan,65995,305,16,DONG_NAI,null,null,https://files.customs.gov.vn/DONG_NAI//Data/CV_Hqdn/1762_HQDNa_GSQL_12_10_2010.PDF,https://www.customs.gov.vn/index.jsp?pageId=3&id=65995&cid=1294,2010,10/2010,2026-10-08T09:45:38Z
603,35/2010/TT-BCA,11/10/2010,null,Quy định về cấp giấy phép vận chuyển vật liệu nổ công nghiệp và hàng nguy hiểm,73299,305,4,DA_NANG,admin,11/10/2010,https://files.customs.gov.vn/DA_NANG/Uploads/65e32243-11bf-4695-985d-c1563e8c13ba/TT35-van chuyen hang nguy hiem.tif,https://www.customs.gov.vn/index.jsp?pageId=3&id=73299&cid=1294,2010,10/2010,2026-10-08T09:45:38Z
604,TT156/2010/TT-BTC,11/10/2010,Bộ Tài chính,V/v Sửa đổi mức thuế suất thuế xuất khẩu đối với mặt hàng quặng Apatit thuộc nhóm 2510 quy định tại Biểu thuế xuất khẩu,62116,305,4,DONG_NAI,null,25/11/2010,,https://www.customs.gov.vn/index.jsp?pageId=3&id=62116&cid=1294,2010,10/2010,2026-10-08T09:45:38Z
605,CV13369/BTC-HTQT,06/10/2010,Bộ Tài chính,V/v Bổ sung các nước Indonesia và Brunei vào danh sách các nước được hưởng thuế AIFTA,62118,305,16,DONG_NAI,null,null,,https://www.customs.gov.vn/index.jsp?pageId=3&id=62118&cid=1294,2010,10/2010,2026-10-08T09:45:38Z
606,TT22/2010/TT-BTTTT,06/10/2010,Bộ Thông Tin Truyền Thông,"V/v Quy định về tổ chức và hoạt động in; sửa đổi, bổ sung một số quy định của Thông tư số 04/2008/TT-BTTTT ngày 09 tháng 7 năm 2008 và Thông tư số 02/2010/TT-BTTTT  ngày 11 tháng 01 năm 2010 của Bộ Thông tin và Truyền thông",62117,305,4,DONG_NAI,null,21/11/2010,,https://www.customs.gov.vn/index.jsp?pageId=3&id=62117&cid=1294,2010,10/2010,2026-10-08T09:45:38Z
607,CV5884/TCHQ-TXNK,05/10/2010,Tổng cục hải quan,V/v Trả lời Công ty TNHH Hanesbrands Việt Nam v/v Sử dụng tờ khai sao trong hồ sơ hoàn thuế,62121,305,16,DONG_NAI,null,null,,https://www.customs.gov.vn/index.jsp?pageId=3&id=62121&cid=1294,2010,10/2010,2026-10-08T09:45:38Z
608,CV5885/TCHQ-TXNK,05/10/2010,Tổng cục hải quan,V/v Trả lời Công ty Cổ phần Vận tải Quốc tế KA v/v Sử dụng tờ khai sao trong hồ sơ hoàn thuế,62120,305,16,DONG_NAI,null,null,,https://www.customs.gov.vn/index.jsp?pageId=3&id=62120&cid=1294,2010,10/2010,2026-10-08T09:45:38Z
609,CV5886/TCHQ-TXNK,05/10/2010,Tổng cục hải quan,V/v Trả lời Công ty TNHH Washin Việt Nam v/v Sử dụng tờ khai sao trong hồ sơ hoàn thuế,62119,305,16,DONG_NAI,null,null,,https://www.customs.gov.vn/index.jsp?pageId=3&id=62119&cid=1294,2010,10/2010,2026-10-08T09:45:38Z
610,CV13263/BTC-CST,04/10/2010,Bộ Tài chính,V/v Triển khai thực hiện Thông tư số 116/2010/TT-BTC,62122,305,16,DONG_NAI,null,null,,https://www.customs.gov.vn/index.jsp?pageId=3&id=62122&cid=1294,2010,10/2010,2026-10-08T09:45:38Z
611,CV5860/TCHQ-TXNK,04/10/2010,Tổng cục hải quan,"V/v Thuế nhập khẩu vật tư, linh kiện, phụ tùng thay thế, bảo trì",62123,305,16,DONG_NAI,null,null,,https://www.customs.gov.vn/index.jsp?pageId=3&id=62123&cid=1294,2010,10/2010,2026-10-08T09:45:38Z
612,102/2010/NĐ-CP,01/10/2010,null,Hướng dẫn chi tiết thi hành một số điều của Luật doanh nghiệp,73294,305,8,DA_NANG,admin,01/10/2010,https://files.customs.gov.vn/DA_NANG/Uploads/65e32243-11bf-4695-985d-c1563e8c13ba/ND 102- hd Luat DN.tif,https://www.customs.gov.vn/index.jsp?pageId=3&id=73294&cid=1294,2010,10/2010,2026-10-08T09:45:38Z
613,103/2010/NÐ-CP,01/10/2010,Chính phủ,"Quy định chi tiết thi hành một số điều của Luật phòng, chống bệnh truyền nhiễm về kiểm dịch y tế biên giới",56995,305,8,TP_HO_CHI_MINH,Nguyễn Tấn Dũng,01/12/2010,"https://files.customs.gov.vn/CustomsCMS/TP_HO_CHI_MINH/2020/Web/Data/DocumentAttachments/103_2010_ND_CP_Quy_dinh_chi_tiet_thi_hanh_mot_so_dieu_cua_Luat_phong__chong_benh_truyen_nhiem_ve_kiem_dich_y_te_bien_gioi.doc,/CustomsCMS/TP_HO_CHI_MINH/2020/Web/Data/DocumentAttachments/103_2010_ND_CP_Phu_luc.doc",https://www.customs.gov.vn/index.jsp?pageId=3&id=56995&cid=1294,2010,10/2010,2026-10-08T09:45:38Z
614,103/2010/NĐ-CP,01/10/2010,Chính phủ,"Nghị định số 103/2010/NĐ-CP của Chính phủ về việc quy định chi tiết thi hành một số điều của Luật Phòng, chống bệnh truyền nhiễm về kiểm dịch y tế biên giới",42721,305,18,QUANG_BINH,null,null,https://files.customs.gov.vn/CustomsCMS/QUANG_BINH/2021/04/images/stories/files/ND1032010CP ngay 01.10.2010.doc,https://www.customs.gov.vn/index.jsp?pageId=3&id=42721&cid=1294,2010,10/2010,2026-10-08T09:45:38Z
615,CV13224/BTC-TCHQ,01/10/2010,Bộ Tài chính,V/v Thực hiện công văn 9269/BTC-TCHQ ngày 16/07/2010,62126,305,16,DONG_NAI,null,null,,https://www.customs.gov.vn/index.jsp?pageId=3&id=62126&cid=1294,2010,10/2010,2026-10-08T09:45:38Z
616,CV1703/HQĐNa-GSQL,01/10/2010,Cục Hải Quan tỉnh Đồng Nai,Trả lời Công ty TNHH Việt Nam Center Power Tech v/v Chuyển máy móc thiết bị,65997,305,16,DONG_NAI,null,null,https://files.customs.gov.vn/DONG_NAI//Data/CV_Hqdn/1703_HQDNa_GSQL_01_10_2010.PDF,https://www.customs.gov.vn/index.jsp?pageId=3&id=65997&cid=1294,2010,10/2010,2026-10-08T09:45:38Z
617,CV5853/TCHQ-TXNK,01/10/2010,Tổng cục hải quan,V/v Vướng mắc thủ tục hàng hóa nhập khẩu vào khu KTCK sau đó bán vào thị trường nội địa,62127,305,16,DONG_NAI,null,null,,https://www.customs.gov.vn/index.jsp?pageId=3&id=62127&cid=1294,2010,10/2010,2026-10-08T09:45:38Z
618,NĐ102/2010/NĐ-CP,01/10/2010,Chính phủ,V/v Hướng dẫn chi tiết thi hành một số điều của Luật Doanh nghiệp,62125,305,8,DONG_NAI,null,null,https://files.customs.gov.vn/DONG_NAI//Data/Nghi_dinh/102_2010_ND_CP_01_10_2010.pdf,https://www.customs.gov.vn/index.jsp?pageId=3&id=62125&cid=1294,2010,10/2010,2026-10-08T09:45:38Z
619,NĐ103/2010/NĐ-CP,01/10/2010,Chính phủ,"V/v Quy định chi tiết thi hành một số điều của Luật Phòng, chống bệnh truyền nhiễm và kiểm dịch y tế biên giới",62124,305,8,DONG_NAI,null,null,https://files.customs.gov.vn/DONG_NAI//Data/Nghi_dinh/103_2010_ND_CP_01_10_2010.pdf,https://www.customs.gov.vn/index.jsp?pageId=3&id=62124&cid=1294,2010,10/2010,2026-10-08T09:45:38Z
620,78/2010/QÐ-TTG,30/11/2010,Thủ tướng Chính phủ,Quyết định về mức giá trị hàng hóa nhập khẩu gửi qua dịch vụ chuyển phát nhanh được miễn thuế,56643,305,10,TP_HO_CHI_MINH,Nguyễn Tấn Dũng,01/02/2011,https://files.customs.gov.vn/CustomsCMS/TP_HO_CHI_MINH/2020/Web/Data/DocumentAttachments/78_2010_QD-TTg_115145.doc,https://www.customs.gov.vn/index.jsp?pageId=3&id=56643&cid=1294,2010,11/2010,2026-10-08T09:45:38Z
621,QĐ78/2010/QĐ-TTg,30/11/2010,Chính phủ,V/v Về mức giá trị hàng hóa nhập khẩu gửi qua đường chuyển phát nhanh được miễn thuế,63478,305,10,DONG_NAI,null,null,https://files.customs.gov.vn/DONG_NAI//Data/Nghi_dinh/78_2010_QD_TTg_30_11_2010.pdf,https://www.customs.gov.vn/index.jsp?pageId=3&id=63478&cid=1294,2010,11/2010,2026-10-08T09:45:38Z
622,58/2010/QH12,29/11/2010,Quốc hội,"Căn cứ Hiến pháp nước Cộng hòa xã hội chủ nghĩa Việt Nam năm 1992 đã được sửa đổi, bổ sung một số điều theo Nghị quyết số 51/2001/QH10,
Quốc hội ban hành Luật viên chức.",66231,305,13,DONG_NAI,null,01/01/2012,,https://www.customs.gov.vn/index.jsp?pageId=3&id=66231&cid=1294,2010,11/2010,2026-10-08T09:45:38Z
623,CV2048/HQĐNa-TXNK,29/11/2010,Cục Hải Quan tỉnh Đồng Nai,Trả lời Công ty Cổ phần Bảo Sơn Xanh v/v Đăng ký danh mục hàng hóa nhập khẩu miễn thuế tạo TSCĐ,65961,305,16,DONG_NAI,null,null,https://files.customs.gov.vn/DONG_NAI//Data/CV_Hqdn/2048_HQDNa_TXNK_29_11_2010.PDF,https://www.customs.gov.vn/index.jsp?pageId=3&id=65961&cid=1294,2010,11/2010,2026-10-08T09:45:38Z
624,59/2010/QH12,27/11/2010,Quốc hội,Luật bảo vệ quyền lợi người tiêu dùng,40045,305,13,HA_TINH,Nguyễn Phú Trọng,null,https://files.customs.gov.vn/CustomsCMS/HA_TINH/2020file/L5910QH12.DOC,https://www.customs.gov.vn/index.jsp?pageId=3&id=40045&cid=1294,2010,11/2010,2026-10-08T09:45:38Z
625,CV16053/BTC-CST,26/11/2010,Bộ Tài chính,V/v Hoàn thuế GTGT đối với hàng hóa xuất khẩu có vướng mắc về chứng từ thanh toán qua ngân hàng,63479,305,16,DONG_NAI,null,null,https://files.customs.gov.vn/DONG_NAI//Data/CV_BTC/16053_2010_BTC_CST_26_11_2010.pdf,https://www.customs.gov.vn/index.jsp?pageId=3&id=63479&cid=1294,2010,11/2010,2026-10-08T09:45:38Z
626,CV2040/HQĐNa-HĐH,26/11/2010,Cục Hải Quan tỉnh Đồng Nai,Trả lời Công ty Sản phẩm công nghiệp Toshiba Asia v/v Thủ tục xuất khẩu hàng mẫu không thanh toán từ nguyên liệu NSXXK,65963,305,16,DONG_NAI,null,null,https://files.customs.gov.vn/DONG_NAI//Data/CV_Hqdn/2040_HQDNa_HDH_26_11_2010.PDF,https://www.customs.gov.vn/index.jsp?pageId=3&id=65963&cid=1294,2010,11/2010,2026-10-08T09:45:38Z
627,CV2043/HQĐNa-TXNK,26/11/2010,Cục Hải Quan tỉnh Đồng Nai,Trả lời Công ty TNHH Pacorini Việt Nam v/v xuất cà phê nhân robusta loại 2 từ kho ngoại quan vào nội địa,65962,305,16,DONG_NAI,null,null,https://files.customs.gov.vn/DONG_NAI//Data/CV_Hqdn/2043_HQDNa_TXNK_26_11_2010.PDF,https://www.customs.gov.vn/index.jsp?pageId=3&id=65962&cid=1294,2010,11/2010,2026-10-08T09:45:38Z
628,CV7101/TCHQ-GSQL,26/11/2010,Tổng cục hải quan,V/v Vướng mắc về thuế và tái chế hàng hóa của DNCX,63481,305,16,DONG_NAI,null,null,,https://www.customs.gov.vn/index.jsp?pageId=3&id=63481&cid=1294,2010,11/2010,2026-10-08T09:45:38Z
629,CV7102/TCHQ-GSQL,26/11/2010,Tổng cục hải quan,"V/v Nhập khẩu máy móc, thiết bị linh kiện đi kèm đã qua sử dụng",63480,305,16,DONG_NAI,null,null,,https://www.customs.gov.vn/index.jsp?pageId=3&id=63480&cid=1294,2010,11/2010,2026-10-08T09:45:38Z
630,CV7060/TCHQ-TXNK,25/11/2010,Tổng cục hải quan,V/v Phí vận tải và phí dịch vụ đối với hàng xuất khẩu,63483,305,16,DONG_NAI,null,null,,https://www.customs.gov.vn/index.jsp?pageId=3&id=63483&cid=1294,2010,11/2010,2026-10-08T09:45:38Z
631,CV7061/TCHQ-TXNK,25/11/2010,Tổng cục hải quan,V/v Phí bản quyền,63482,305,16,DONG_NAI,null,null,,https://www.customs.gov.vn/index.jsp?pageId=3&id=63482&cid=1294,2010,11/2010,2026-10-08T09:45:38Z
632,61/2010/QH12,24/11/2010,Quốc hội,Luật Kinh doanh bảo hiểm sửa đổi 2010,61212,305,13,TONG_CUC,Nguyễn Phú Trọng,01/07/2011,,https://www.customs.gov.vn/index.jsp?pageId=3&id=61212&cid=1294,2010,11/2010,2026-10-08T09:45:38Z
633,62/2010/QH12,24/11/2010,Quốc hội,Luật Chứng khoán sửa đổi 2010,61213,305,13,TONG_CUC,Nguyễn Phú Trọng,01/07/2011,,https://www.customs.gov.vn/index.jsp?pageId=3&id=61213&cid=1294,2010,11/2010,2026-10-08T09:45:38Z
634,63/2010/QH12,24/11/2010,Quốc hội,Luật Bầu cử đại biểu quốc hội và bầu cử đại biểu hội đồng nhân dân sửa đổi 2010,61214,305,13,TONG_CUC,Nguyễn Phú Trọng,01/11/2011,,https://www.customs.gov.vn/index.jsp?pageId=3&id=61214&cid=1294,2010,11/2010,2026-10-08T09:45:38Z
635,64/2010/QH12,24/11/2010,Quốc hội,Luật tố tụng hành chính,40044,305,13,HA_TINH,Nguyễn Phú Trọng,null,https://files.customs.gov.vn/CustomsCMS/HA_TINH/2020file/L6410QH12.doc,https://www.customs.gov.vn/index.jsp?pageId=3&id=40044&cid=1294,2010,11/2010,2026-10-08T09:45:38Z
636,CV2019/HQĐNa-GSQL,24/11/2010,Cục Hải Quan tỉnh Đồng Nai,Trả lời Công ty TNHH Vopak Việt Nam v/v Khảo sát các điều kiện thành lập kho ngoại quan,65968,305,16,DONG_NAI,null,null,https://files.customs.gov.vn/DONG_NAI//Data/CV_Hqdn/2019_HQDNa_GSQL_24_11_2010.PDF,https://www.customs.gov.vn/index.jsp?pageId=3&id=65968&cid=1294,2010,11/2010,2026-10-08T09:45:38Z
637,CV2021/HQĐNa-GSQL,24/11/2010,Cục Hải Quan tỉnh Đồng Nai,Trả lời Công ty cổ phần Logistics Tín Nghĩa - ICD Biên Hòa v/v Báo cáo định kỳ về thực trạng hàng hóa trong kho và tình hình hoạt động của kho ngoại quan,65967,305,16,DONG_NAI,null,null,https://files.customs.gov.vn/DONG_NAI//Data/CV_Hqdn/2021_HQDNa_GSQL_24_11_2010.PDF,https://www.customs.gov.vn/index.jsp?pageId=3&id=65967&cid=1294,2010,11/2010,2026-10-08T09:45:38Z
638,CV2022/HQĐNa-GSQL,24/11/2010,Cục Hải Quan tỉnh Đồng Nai,Trả lời Công ty cổ phần ICD Tân Cảng - Long Bình v/v Báo cáo định kỳ về thực trạng hàng hóa trong kho và tình hình hoạt động của kho ngoại quan,65966,305,16,DONG_NAI,null,null,https://files.customs.gov.vn/DONG_NAI//Data/CV_Hqdn/2022_HQDNa_GSQL_24_11_2010.PDF,https://www.customs.gov.vn/index.jsp?pageId=3&id=65966&cid=1294,2010,11/2010,2026-10-08T09:45:38Z
639,CV2023/HQĐNa-GSQL,24/11/2010,Cục Hải Quan tỉnh Đồng Nai,Trả lời Công ty TNHH tiếp vận Thăng Long v/v Báo cáo định kỳ về thực trạng hàng hóa trong kho và tình hình hoạt động của kho ngoại quan,65965,305,16,DONG_NAI,null,null,https://files.customs.gov.vn/DONG_NAI//Data/CV_Hqdn/2023_HQDNa_GSQL_24_11_2010.PDF,https://www.customs.gov.vn/index.jsp?pageId=3&id=65965&cid=1294,2010,11/2010,2026-10-08T09:45:38Z
640,CV2024/HQĐNa-GSQL,24/11/2010,Cục Hải Quan tỉnh Đồng Nai,V/v Đính chính công văn số 1512/HQĐNa-GSQL ngày 01/09/2010 của Cục Hải quan Đồng Nai,65964,305,16,DONG_NAI,null,null,https://files.customs.gov.vn/DONG_NAI//Data/CV_Hqdn/2024_HQDNa_GSQL_24_11_2010.PDF,https://www.customs.gov.vn/index.jsp?pageId=3&id=65964&cid=1294,2010,11/2010,2026-10-08T09:45:38Z
641,CV2008/HQĐNa-TXNK,23/11/2010,Cục Hải Quan tỉnh Đồng Nai,Trả lời Chi nhánh Công ty CP Thực phẩm và nước giải khát Dona Newtower v/v Đăng ký Danh mục hàng hóa nhập khẩu miễn thuế tạo TSCĐ,65969,305,16,DONG_NAI,null,null,https://files.customs.gov.vn/DONG_NAI//Data/CV_Hqdn/2008_HQDNa_TXNK_23_11_2010.PDF,https://www.customs.gov.vn/index.jsp?pageId=3&id=65969&cid=1294,2010,11/2010,2026-10-08T09:45:38Z
642,CV6989/TCHQ-TXNK,23/11/2010,Tổng cục hải quan,"V/v Đối tượng mở tờ khai nhập khẩu, đối tượng nộp thuế và xác định trị giá",63484,305,16,DONG_NAI,null,null,,https://www.customs.gov.vn/index.jsp?pageId=3&id=63484&cid=1294,2010,11/2010,2026-10-08T09:45:38Z
643,CV6979/TCHQ-TXNK,22/11/2010,Tổng cục hải quan,"V/v Phí bốc, dỡ, xếp xuống cửa khẩu nhập đầu tiên",63485,305,16,DONG_NAI,null,null,,https://www.customs.gov.vn/index.jsp?pageId=3&id=63485&cid=1294,2010,11/2010,2026-10-08T09:45:38Z
644,CV1987/HQĐNa-GSQL,19/11/2010,Cục Hải Quan tỉnh Đồng Nai,Trả lời Công ty TNHH Pouyuen Việt Nam v/v Nhập hàng từ kho ngoại quan,65970,305,16,DONG_NAI,null,null,https://files.customs.gov.vn/DONG_NAI//Data/CV_Hqdn/1987_HQDNa_GSQL_19_11_2010.PDF,https://www.customs.gov.vn/index.jsp?pageId=3&id=65970&cid=1294,2010,11/2010,2026-10-08T09:45:38Z
645,CV6951/TCHQ-TXNK,19/11/2010,Tổng cục hải quan,"V/v Thuế nhập khẩu đối với hàng hóa tạm nhập, tái xuất",63486,305,16,DONG_NAI,null,null,,https://www.customs.gov.vn/index.jsp?pageId=3&id=63486&cid=1294,2010,11/2010,2026-10-08T09:45:38Z
646,CV1974/HQĐNa-GSQL,17/11/2010,Cục Hải Quan tỉnh Đồng Nai,"Trả lời Công ty TNHH Thương mại và Dịch vụ hàng hải Tấn Đạt v/v Đề nghị hướng dẫn thủ tục tạm nhập mặt hàng ""Hải đồ và sách hướng dẫn hàng hải""",65973,305,16,DONG_NAI,null,null,https://files.customs.gov.vn/DONG_NAI//Data/CV_Hqdn/1974_HQDNa_GSQL_17_11_2010.PDF,https://www.customs.gov.vn/index.jsp?pageId=3&id=65973&cid=1294,2010,11/2010,2026-10-08T09:45:38Z
647,CV1976/HQĐNa-GSQL,17/11/2010,Cục Hải Quan tỉnh Đồng Nai,Trả lời Công ty TNHH Bayer Việt Nam v/v Khấu trừ thuế GTGT theo Quyết định truy thu thuế,65972,305,16,DONG_NAI,null,null,https://files.customs.gov.vn/DONG_NAI//Data/CV_Hqdn/1976_HQDNa_GSQL_17_11_2010.PDF,https://www.customs.gov.vn/index.jsp?pageId=3&id=65972&cid=1294,2010,11/2010,2026-10-08T09:45:38Z
648,CV1977/HQĐNa-GSQL,17/11/2010,Cục Hải Quan tỉnh Đồng Nai,Trả lời Công ty TNHH Aureole BCD v/v Đưa hàng hóa từ kho ngoại quan vào nội địa,65971,305,16,DONG_NAI,null,null,https://files.customs.gov.vn/DONG_NAI//Data/CV_Hqdn/1977_HQDNa_GSQL_17_11_2010.PDF,https://www.customs.gov.vn/index.jsp?pageId=3&id=65971&cid=1294,2010,11/2010,2026-10-08T09:45:38Z
649,77/2010/TT-BTC,16/11/2010,null,Về việc ban hành Biểu thuế nhập khẩu ưu đãi đặc biệt của Việt Nam để thực hiện Khu vực Mậu dịch Tự do ASEAN – Hàn Quốc giai đoạn 2010-2011,73319,305,18,DA_NANG,Bộ Tài chính,16/11/2010,,https://www.customs.gov.vn/index.jsp?pageId=3&id=73319&cid=1294,2010,11/2010,2026-10-08T09:45:38Z
650,121/2007/TT-BTC,16/11/2010,null,"Sửa đổi, bổ sung Thông tư số 32/2006/TT-BTC ngày 10/4/2006 của Bộ Tài chính về hướng dẫn kế toán nghiệp vụ thuế và thu khác đối với hàng hoá xuất khẩu, nhập khẩu",73312,305,18,DA_NANG,Bộ Tài chính,16/11/2010,,https://www.customs.gov.vn/index.jsp?pageId=3&id=73312&cid=1294,2010,11/2010,2026-10-08T09:45:38Z
651,148/2009/TT-BTC,16/11/2010,null,V/v Hướng dẫn thực hiện mức thuế suất thuế nhập khẩu ưu đãi đối với một số mặt hàng thuộc nhóm 2710 tại Biểu thuế nhập khẩu ưu đãi,73318,305,18,DA_NANG,Bộ và ngang bộ,16/11/2010,,https://www.customs.gov.vn/index.jsp?pageId=3&id=73318&cid=1294,2010,11/2010,2026-10-08T09:45:38Z
652,158/2009/TT-BTC,16/11/2010,null,Về việc ban hành Biểu thuế nhập khẩu ưu đãi đặc biệt của Việt Nam để thực hiện Hiệp định đối tác kinh tế Việt Nam - Nhật Bản giai đoạn 2009 - 2012,73311,305,18,DA_NANG,Bộ Tài chính,16/11/2010,,https://www.customs.gov.vn/index.jsp?pageId=3&id=73311&cid=1294,2010,11/2010,2026-10-08T09:45:38Z
653,18/2009/NĐ-CP,16/11/2010,null,"Sửa đổi, bổ sung một số điều Nghị định số 97/2007/NĐ-CP ngày 07 tháng 6 năm 2007 của Chính phủ quy định việc xử lý vi phạm hành chính và cưỡng chế thi hành quyết định hành chính trong lĩnh vực hải qua...",73315,305,18,DA_NANG,Chính Phủ,16/11/2010,,https://www.customs.gov.vn/index.jsp?pageId=3&id=73315&cid=1294,2010,11/2010,2026-10-08T09:45:38Z
654,193/2009/TT-BTC,16/11/2010,null,Quy định chi tiết thi hành Nghị định số 97/2007/NĐ-CP quy định việc xử lý vi phạm hành chính và cưỡng chế thi hành QĐ hành chính trong lĩnh vực hải quan và Nghị định số 18/2009/NĐ-CP bổ sung một số đi...,73313,305,18,DA_NANG,Bộ Tài chính,16/11/2010,,https://www.customs.gov.vn/index.jsp?pageId=3&id=73313&cid=1294,2010,11/2010,2026-10-08T09:45:38Z
655,43/2009/TT-BTC,16/11/2010,null,"Quy định mức thu, nộp, quản lý và sử dụng phí, lệ phí trong lĩnh vực hải quan",73314,305,18,DA_NANG,Bộ Tài chính,16/11/2010,,https://www.customs.gov.vn/index.jsp?pageId=3&id=73314&cid=1294,2010,11/2010,2026-10-08T09:45:38Z
656,58/2010/TT-BTC,16/11/2010,null,Ban hành Biểu thuế nhập khẩu ưu đãi đặc biệt của Việt Nam để thực hiện Khu vực mậu dịch tự do ASEAN - Ấn Độ giai đoạn 2010 - 2012,73317,305,18,DA_NANG,Bộ Tài chính,16/11/2010,,https://www.customs.gov.vn/index.jsp?pageId=3&id=73317&cid=1294,2010,11/2010,2026-10-08T09:45:38Z
657,97/2007/NĐ-CP,16/11/2010,null,Quy định về xử lý vi phạm hành chính và cưỡng chế thi hành Quyết định hành chính trong lĩnh vực hải quan,73316,305,18,DA_NANG,Tổng cục Hải quan,16/11/2010,,https://www.customs.gov.vn/index.jsp?pageId=3&id=73316&cid=1294,2010,11/2010,2026-10-08T09:45:38Z
658,CV1957/HQĐNa-GSQL,16/11/2010,Cục Hải Quan tỉnh Đồng Nai,Trả lời Công ty TNHH Hwa Seung Vina v/v Đưa hàng vào kho ngoại quan,65975,305,16,DONG_NAI,null,null,https://files.customs.gov.vn/DONG_NAI//Data/CV_Hqdn/1957_HQDNa_GSQL_16_11_2010.PDF,https://www.customs.gov.vn/index.jsp?pageId=3&id=65975&cid=1294,2010,11/2010,2026-10-08T09:45:38Z
659,CV1961/HQĐNa-TXNK,16/11/2010,Cục Hải Quan tỉnh Đồng Nai,Trả lời Công ty TNHH Noroo-Nanpao Paints & Coating Việt Nam v/v Đăng ký Danh mục hàng hóa nhập khẩu miễn thuế tạo TSCĐ,65974,305,16,DONG_NAI,null,null,https://files.customs.gov.vn/DONG_NAI//Data/CV_Hqdn/1961_HQDNa_TXNK_16_11_2010.PDF,https://www.customs.gov.vn/index.jsp?pageId=3&id=65974&cid=1294,2010,11/2010,2026-10-08T09:45:38Z
660,56/2010/QH12,15/11/2010,null,Luật thanh tra,42817,305,18,QUANG_BINH,null,null,https://files.customs.gov.vn/CustomsCMS/QUANG_BINH/2021/04/images/stories/files/L5610QH12.doc,https://www.customs.gov.vn/index.jsp?pageId=3&id=42817&cid=1294,2010,11/2010,2026-10-08T09:45:38Z
661,57/2010/QH12,15/11/2010,Quốc hội,Luật thuế bảo vệ môi trường,40035,305,13,HA_TINH,Nguyễn Phú Trọng,null,https://files.customs.gov.vn/CustomsCMS/HA_TINH/2020file/L5710QH12.doc,https://www.customs.gov.vn/index.jsp?pageId=3&id=40035&cid=1294,2010,11/2010,2026-10-08T09:45:38Z
662,Law No. 57/2010/QH12,15/11/2010,NATIONAL ASSEMBLY,"Law No. 57/2010/QH12 of November 15, 2010 Environmental protection Tax",81147,305,561,CAN_THO,null,01/01/2012,,https://www.customs.gov.vn/index.jsp?pageId=3&id=81147&cid=1294,2010,11/2010,2026-10-08T09:45:38Z
663,Luật số 57/2010/QH12,15/11/2010,null,Luật thuế bảo vệ môi trường,73307,305,13,DA_NANG,ainpv,15/11/2010,,https://www.customs.gov.vn/index.jsp?pageId=3&id=73307&cid=1294,2010,11/2010,2026-10-08T09:45:38Z
664,TT184/2010/TT-BTC,15/11/2010,Bộ Tài chính,"V/v Quy định mức thuế suất của Biểu thuế xuất khẩu, Biểu thuế nhập khẩu ưu đãi theo danh mục mặt hàng chịu thuế",63487,305,4,DONG_NAI,null,01/01/2011,,https://www.customs.gov.vn/index.jsp?pageId=3&id=63487&cid=1294,2010,11/2010,2026-10-08T09:45:38Z
665,TT36/2010/TT-BCT,15/11/2010,Bộ Công thương,V/v Thực hiện quy tắc thủ tục cấp và kiểm tra xuất xứ sửa đổi và quy tắc cụ thể mặt hàng theo hệ thống hài hòa phiên bản 2007 trong Hiệp định thương mại hàng hóa thuộc Hiệp định khung hợp tác kinh tế toàn diện giữa Hiệp hội các quốc gia Đông Nam Á và nước Cộng hòa nhân dân Trung Hoa,63488,305,4,DONG_NAI,null,null,https://files.customs.gov.vn/DONG_NAI//Data/CV_BCT/36_2010_TT_BCT_15_11_2010.pdf,https://www.customs.gov.vn/index.jsp?pageId=3&id=63488&cid=1294,2010,11/2010,2026-10-08T09:45:38Z
666,TT182/2010/TT-BTC,12/11/2010,Bộ Tài chính,V/v Sửa đổi thuế suất thuế nhập khẩu ưu đãi mặt hàng vàng trong Biểu thuế nhập khẩu ưu đãi,63489,305,4,DONG_NAI,null,12/11/2010,https://files.customs.gov.vn/DONG_NAI//Data/CV_BTC/182_2010_TT_BTC_12_11_2010.pdf,https://www.customs.gov.vn/index.jsp?pageId=3&id=63489&cid=1294,2010,11/2010,2026-10-08T09:45:38Z
667,CV1938/HQĐNa-TXNK,11/11/2010,Cục Hải Quan tỉnh Đồng Nai,Trả lời Công ty TNHH Công nghiệp cao su Chính Tân v/v Điều chỉnh Danh mục hàng hóa nhập khẩu miễn thuế,65977,305,16,DONG_NAI,null,null,https://files.customs.gov.vn/DONG_NAI//Data/CV_Hqdn/1938_HQDNa_TXNK_11_11_2010.PDF,https://www.customs.gov.vn/index.jsp?pageId=3&id=65977&cid=1294,2010,11/2010,2026-10-08T09:45:38Z
668,CV1940/HQĐNa-TXNK,11/11/2010,Cục Hải Quan tỉnh Đồng Nai,Trả lời Công ty TNHH Noroo-Nanpao Paints & Coating Việt Nam v/v Đăng ký Danh mục hàng hóa nhập khẩu miễn thuế tạo TSCĐ,65976,305,16,DONG_NAI,null,null,https://files.customs.gov.vn/DONG_NAI//Data/CV_Hqdn/1940_HQDNa_TXNK_11_11_2010.PDF,https://www.customs.gov.vn/index.jsp?pageId=3&id=65976&cid=1294,2010,11/2010,2026-10-08T09:45:38Z
669,CV6727/TCHQ-TXNK,11/11/2010,Tổng cục hải quan,V/v Phân loại mặt hàng hệ thống thanh cái dẫn điện,63490,305,16,DONG_NAI,null,null,,https://www.customs.gov.vn/index.jsp?pageId=3&id=63490&cid=1294,2010,11/2010,2026-10-08T09:45:38Z
670,CV11378/BCT-TTTN,10/11/2010,Bộ Công thương,"V/v Danh sách thương nhân đủ điều kiện xuất khẩu, nhập khẩu LPG đợt 5 năm 2010",63491,305,16,DONG_NAI,null,null,,https://www.customs.gov.vn/index.jsp?pageId=3&id=63491&cid=1294,2010,11/2010,2026-10-08T09:45:38Z
671,CV1928/HQĐNa-GSQL,10/11/2010,Cục Hải Quan tỉnh Đồng Nai,Trả lời Công ty TNHH Pacorini Việt Nam v/v Đưa hàng từ kho ngoại quan vào nội địa,65978,305,16,DONG_NAI,null,null,https://files.customs.gov.vn/DONG_NAI//Data/CV_Hqdn/1928_HQDNa_GSQL_10_11_2010.PDF,https://www.customs.gov.vn/index.jsp?pageId=3&id=65978&cid=1294,2010,11/2010,2026-10-08T09:45:38Z
672,110/2010/NÐ-CP,09/11/2010,Chính phủ,"Sửa đổi, bổ sung một số điều của Nghị định số 111/2005/NĐ-CP ngày 26 tháng 8 năm 2005 của Chính phủ quy định chi tiết và hướng dẫn thi hành một số điều của Luật Xuất bản đã được sửa đổi, bổ sung bằng Nghị định số 11/2009/NĐ-CP ngày 10 tháng 02 năm 2009 của Chính phủ",57335,305,8,TP_HO_CHI_MINH,Nguyễn Tấn Dũng,31/12/2010,https://files.customs.gov.vn/CustomsCMS/TP_HO_CHI_MINH/2020/Web/Data/DocumentAttachments/110_2010_ND_CP_Sua_doi__bo_sung_1112005ND-CP_va_112009ND-CP.doc,https://www.customs.gov.vn/index.jsp?pageId=3&id=57335&cid=1294,2010,11/2010,2026-10-08T09:45:38Z
673,110/2010/NĐ-CP,09/11/2010,null,"Nghị định số 110/2010/NĐ-CP của Chính phủ Sửa đổi, bổ sung một số điều của Nghị định số 111/2005/NĐ-CP ngày 26 tháng 8 năm 2005 của Chính phủ quy định chi tiết và hướng dẫn thi hành một số điều của Luật Xuất bản đã được sửa đổi, bổ sung bằng Nghị định số 11/2009/NĐ-CP ngày 10 tháng 02 năm 2009 của Chính phủ",42703,305,18,QUANG_BINH,null,null,https://files.customs.gov.vn/CustomsCMS/QUANG_BINH/2021/04/images/stories/files/NĐ1102010CP ngay 09.11.2010.doc,https://www.customs.gov.vn/index.jsp?pageId=3&id=42703&cid=1294,2010,11/2010,2026-10-08T09:45:38Z
674,NĐ110/2010/NĐ-CP,09/11/2010,Chính phủ,"V/v Sửa đổi, bổ sung một số điều của Nghị định số 111/2005/NĐ-CP ngày 26 tháng 8 năm 2005 của Chính phủ quy định chi tiết và hướng dẫn thi hành một số điều của Luật Xuất bản đã được sửa đổi, bổ sung bằng Nghị định số 11/2009/NĐ-CP ngày 10 tháng 02 năm 2009 của Chính phủ",63492,305,8,DONG_NAI,null,null,https://files.customs.gov.vn/DONG_NAI//Data/Nghi_dinh/110_2010_ND_CP_09_11_2010.pdf,https://www.customs.gov.vn/index.jsp?pageId=3&id=63492&cid=1294,2010,11/2010,2026-10-08T09:45:38Z
675,QĐ2905/QĐ-BTC,09/11/2010,Bộ Tài chính,"V/v Đính chính Thông tư số 153/2010/TT-BTC ngày 28/9/2010 của Bộ Tài chính hướng dẫn thi hành Nghị định số 51/2010/NĐ-CP ngày 14/5/2010 của Chính phủ quy định về hóa đơn bán hàng hóa, cung ứng dịch vụ",62105,305,10,DONG_NAI,null,null,https://files.customs.gov.vn/DONG_NAI//Data/CV_BTC/2905_QD_BTC_09_11_2010.pdf,https://www.customs.gov.vn/index.jsp?pageId=3&id=62105&cid=1294,2010,11/2010,2026-10-08T09:45:38Z
676,65/2010/TT-BNNPTNT,05/11/2010,Bộ Nông nghiệp và Phát triển nông thôn,"Thông tư 65/2010/TT-BNNPTNT ban hành Danh mục bổ sung giống cây trồng, phân bón được phép sản xuất, kinh doanh, sử dụng và Danh mục thuốc thú y, vắc xin, chế phẩm sinh học, vi sinh vật, hóa chất dùng trong thú y được phép lưu hành tại Việt Nam",61288,305,4,TONG_CUC,Diệp Kỉnh Tần,20/12/2010,,https://www.customs.gov.vn/index.jsp?pageId=3&id=61288&cid=1294,2010,11/2010,2026-10-08T09:45:38Z
677,65/2010/TT-BNNPTNT,05/11/2010,null,"Ban hành danh mục bổ sung giống cây trồng, phân bón được phép sản xuất, kinh doanh, sử dụng và danh mục thuốc thú y, vắc xin, chế phẩm sinh học, vi sinh vật, hoá chất dùng trong thú y được phép lưu hành tại Việt Nam.<br />",73304,305,4,DA_NANG,admin,05/11/2010,https://files.customs.gov.vn/DA_NANG/Uploads/65e32243-11bf-4695-985d-c1563e8c13ba/TT65.tif,https://www.customs.gov.vn/index.jsp?pageId=3&id=73304&cid=1294,2010,11/2010,2026-10-08T09:45:38Z
678,CV1907/HQĐNa-GSQL,05/11/2010,Cục Hải Quan tỉnh Đồng Nai,Trả lời Công ty cổ phần ICD Tân Cảng - Long Bình v/v Thu hẹp kho ngoại quan tại ICD Tân Cảng - Long Bình,65979,305,16,DONG_NAI,null,null,https://files.customs.gov.vn/DONG_NAI//Data/CV_Hqdn/1907_HQDNa_GSQL_05_11_2010.PDF,https://www.customs.gov.vn/index.jsp?pageId=3&id=65979&cid=1294,2010,11/2010,2026-10-08T09:45:38Z
679,109/2010/NÐ-CP,04/11/2010,Chính phủ,Về kinh doanh xuất khẩu gạo,56125,305,8,TP_HO_CHI_MINH,Nguyễn Tấn Dũng,01/01/2011,"https://files.customs.gov.vn/CustomsCMS/TP_HO_CHI_MINH/2020/Web/Data/DocumentAttachments/109_2010_ND_CP_Ve_kinh_doanh_xuat_khau_gao.doc,/CustomsCMS/TP_HO_CHI_MINH/2020/Web/Data/DocumentAttachments/109_2010_ND_CP_Phu_luc.doc",https://www.customs.gov.vn/index.jsp?pageId=3&id=56125&cid=1294,2010,11/2010,2026-10-08T09:45:38Z
680,109/2010/NĐ-CP,04/11/2010,null,Nghị định số 109/2010/NĐ-CP về việc kinh doanh xuất khẩu gạo,42704,305,18,QUANG_BINH,null,null,https://files.customs.gov.vn/CustomsCMS/QUANG_BINH/2021/04/images/stories/files/NĐ1092010CP ngay 04.11.2010.doc,https://www.customs.gov.vn/index.jsp?pageId=3&id=42704&cid=1294,2010,11/2010,2026-10-08T09:45:38Z
681,NĐ109/2010/NĐ-CP,04/11/2010,Chính phủ,V/v Về kinh doanh xuất khẩu gạo,62106,305,8,DONG_NAI,null,null,,https://www.customs.gov.vn/index.jsp?pageId=3&id=62106&cid=1294,2010,11/2010,2026-10-08T09:45:38Z
682,TT64/2010/TT-BNNPTNT,04/11/2010,Bộ Nông nghiệp và Phát triển nông thôn,"V/v Đưa các sản phẩm có chứa Trifluralin ra khỏi Danh mục sản phẩm xử lý, cải tạo môi trường nuôi trồng thuỷ sản được phép lưu hành tại Việt Nam",62107,305,4,DONG_NAI,null,16/12/2010,,https://www.customs.gov.vn/index.jsp?pageId=3&id=62107&cid=1294,2010,11/2010,2026-10-08T09:45:38Z
683,172/TT-BTC,02/11/2010,null,"Hướng dẫn mức thu, chế độ thu, nộp quản lý và sd lệ phí trong lĩnh vực HQ",73343,305,4,DA_NANG,Đỗ Hoàng Anh Tuấn,01/01/2011,https://files.customs.gov.vn/DA_NANG/Uploads/65e32243-11bf-4695-985d-c1563e8c13ba/DE2010_61366S1.tif,https://www.customs.gov.vn/index.jsp?pageId=3&id=73343&cid=1294,2010,11/2010,2026-10-08T09:45:38Z
684,CV1880/HQĐNa-TXNK,02/11/2010,Cục Hải Quan tỉnh Đồng Nai,Trả lời Công ty TNHH Formosa Taffeta Đồng Nai V/v Điều chỉnh Danh mục hàng hóa nhập khẩu miễn thuế tạo TSCĐ,65981,305,16,DONG_NAI,null,null,https://files.customs.gov.vn/DONG_NAI//Data/CV_Hqdn/1880_HQDNa_TXNK_02_11_2010.PDF,https://www.customs.gov.vn/index.jsp?pageId=3&id=65981&cid=1294,2010,11/2010,2026-10-08T09:45:38Z
685,CV1882/HQĐNa-GSQL,02/11/2010,Cục Hải Quan tỉnh Đồng Nai,Trả lời Công ty cổ phần Đồng Tiến V/v Xin hủy NPL nhập GC thừa và không nộp thuế nhập khẩu,65980,305,16,DONG_NAI,null,null,https://files.customs.gov.vn/DONG_NAI//Data/CV_Hqdn/1882_HQDNa_GSQL_02_11_2010.PDF,https://www.customs.gov.vn/index.jsp?pageId=3&id=65980&cid=1294,2010,11/2010,2026-10-08T09:45:38Z
686,CV2106/QLCL-CL2,02/11/2010,Khác,V/v Giấy chứng nhận đối với lô hàng có nguồn gốc động vật nhập khẩu,62109,305,16,DONG_NAI,null,null,,https://www.customs.gov.vn/index.jsp?pageId=3&id=62109&cid=1294,2010,11/2010,2026-10-08T09:45:38Z
687,TT172/2010/TT-BTC,02/11/2010,Bộ Tài chính,"V/v Hướng dẫn mức thu, chế độ thu, nộp, quản lý và sử dụng lệ phí trong lĩnh vực hải quan",62108,305,4,DONG_NAI,null,01/01/2011,,https://www.customs.gov.vn/index.jsp?pageId=3&id=62108&cid=1294,2010,11/2010,2026-10-08T09:45:38Z
688,63/2010/TT-BNTPTNT,01/11/2010,null,"Hướng dẫn việc qui định Giấy chứng nhận lưu hành tự do đối với sản phẩm, hàng hóa xuất khẩu và nhập khẩu thuộc trách nhiệm quản lý của Bộ Nông nghiệp và Phát triển nông thôn.",73302,305,4,DA_NANG,admin,01/11/2010,https://files.customs.gov.vn/DA_NANG/Uploads/65e32243-11bf-4695-985d-c1563e8c13ba/63-sp luu hanh tu do CFS.tif,https://www.customs.gov.vn/index.jsp?pageId=3&id=73302&cid=1294,2010,11/2010,2026-10-08T09:45:38Z
689,CV1875/HQĐNa-TXNK,01/11/2010,Cục Hải Quan tỉnh Đồng Nai,Trả lời Công ty TNHH MTV Chung Ly v/v Xuất khẩu gỗ cao su ra nước ngoài,65982,305,16,DONG_NAI,null,null,https://files.customs.gov.vn/DONG_NAI//Data/CV_Hqdn/1875_HQDNa_TXNK_01_11_2010.PDF,https://www.customs.gov.vn/index.jsp?pageId=3&id=65982&cid=1294,2010,11/2010,2026-10-08T09:45:38Z
690,TT63/2010/TT-BNNPTNT,01/11/2010,Bộ Nông nghiệp và Phát triển nông thôn,"V/v Hướng dẫn việc quy định Giấy chứng nhận lưu hành tự do đối với sản phẩm, hàng hóa xuất khẩu và nhập khẩu thuộc trách nhiệm quản lý của Bộ Nông nghiệp và Phát triển nông thôn",62110,305,4,DONG_NAI,null,16/12/2010,,https://www.customs.gov.vn/index.jsp?pageId=3&id=62110&cid=1294,2010,11/2010,2026-10-08T09:45:38Z
