stt,so_hieu,ngay_ban_hanh,co_quan_ban_hanh,noi_dung_tom_tat,ma_noi_bo,linh_vuc,loai_van_ban,chuyen_trang,nguoi_ky,ngay_hieu_luc,pdf_url,url_chi_tiet,nam,nam_thang,crawled_at
1,221/HQKV18-VP,30/01/2026,Chi cục Hải quan khu vực XVIII,V/v Thông báo nghỉ Tết Âm lịch năm 2026 (Các doanh nghiệp làm thủ tục tại Chi cục Hải quan khu vực XVIII),102507,305,16,DONG_NAI,null,null,https://files.customs.gov.vn/CustomsCMS/DONG_NAI/2026/1/30/221_HQKV18_VP_30_01_2026.pdf,https://www.customs.gov.vn/index.jsp?pageId=3&id=102507&cid=1294,2026,01/2026,2026-10-08T09:33:54Z
2,394/HQKV2-VP,30/01/2026,Chi cục Hải quan khu vực II,V/v mời cung cấp bảng báo giá dịch vụ thẩm định giá tài sản là nhôm phế liệu,102511,305,19,TP_HO_CHI_MINH,null,null,https://files.customs.gov.vn/CustomsCMS/TP_HO_CHI_MINH/2026/2/2/VB_394.pdf,https://www.customs.gov.vn/index.jsp?pageId=3&id=102511&cid=1294,2026,01/2026,2026-10-08T09:33:54Z
3,31/QĐ-HQKV13,29/01/2026,Chi cục Hải quan khu vực XIII,"Quyết định ban hành Kế hoạch triển khai nhiệm vụ phát triển khoa học, công nghệ, đổi mới sáng tạo và chuyển đổi số trên địa bàn tỉnh Khánh Hòa năm 2026 của Chi cục Hải quan khu vực XIII",102505,305,10,KHANH_HOA,null,null,https://files.customs.gov.vn/CustomsCMS/KHANH_HOA/2026/1/30/31_QD-Ke-hoach-CDS-HQKV13.pdf,https://www.customs.gov.vn/index.jsp?pageId=3&id=102505&cid=1294,2026,01/2026,2026-10-08T09:33:54Z
4,196/CKKV4-QLT,28/01/2026,Chi cục Hải quan khu vực II,Đề nghị thu hồi giấy chứng nhận đăng ký doanh nghiệp,102725,305,19,TONG_CUC,null,null,https://files.customs.gov.vn/CustomsCMS/TONG_CUC/2026/3/6/VB_9851.pdf,https://www.customs.gov.vn/index.jsp?pageId=3&id=102725&cid=1294,2026,01/2026,2026-10-08T09:33:54Z
5,180/CKKV3-QLT,27/01/2026,HQ cửa khẩu CSG KV 3,V/v đề nghị thu hồi giấy chứng nhận đăng ký doanh nghiệp,102459,305,16,TP_HO_CHI_MINH,null,null,https://files.customs.gov.vn/CustomsCMS/TP_HO_CHI_MINH/2026/1/28/180.pdf,https://www.customs.gov.vn/index.jsp?pageId=3&id=102459&cid=1294,2026,01/2026,2026-10-08T09:33:54Z
6,332/HQKV2-VP,27/01/2026,Chi cục Hải quan khu vực II,V/v mời báo giá dịch vụ,102452,305,19,TP_HO_CHI_MINH,null,null,https://files.customs.gov.vn/CustomsCMS/TP_HO_CHI_MINH/2026/1/27/VB_332.pdf,https://www.customs.gov.vn/index.jsp?pageId=3&id=102452&cid=1294,2026,01/2026,2026-10-08T09:33:54Z
7,66.13/2026/NQ-CP,27/01/2026,Chính phủ,"V/v Quy định về công bố, đăng ký sản phẩm thực phẩm",102512,305,7,DONG_NAI,null,27/01/2026,https://files.customs.gov.vn/CustomsCMS/DONG_NAI/2026/2/2/66.13_2026_NQ_CP_27_01_2026.pdf,https://www.customs.gov.vn/index.jsp?pageId=3&id=102512&cid=1294,2026,01/2026,2026-10-08T09:33:54Z
8,164/QĐ-TTg,26/01/2026,Chính phủ,Quyết định số 164/QĐ-TTg của Thủ tướng Chính phủ: Phê duyệt Đề án thí điểm xây dựng cửa khẩu thông minh tại cặp cửa khẩu quốc tế Móng Cái (Việt Nam) - Đông Hưng (Trung Quốc),102543,305,10,TONG_CUC,Bùi Thanh Sơn,26/01/2026,https://files.customs.gov.vn/CustomsCMS/TONG_CUC/2026/2/3/164-ttg.signed.pdf,https://www.customs.gov.vn/index.jsp?pageId=3&id=102543&cid=1294,2026,01/2026,2026-10-08T09:33:54Z
9,195/CKKV4-QLT,26/01/2026,Chi cục Hải quan khu vực II,Đề nghị thu hồi giấy chứng nhận đăng ký doanh nghiệp,102726,305,19,TONG_CUC,null,null,https://files.customs.gov.vn/CustomsCMS/TONG_CUC/2026/3/6/VB_9852.pdf,https://www.customs.gov.vn/index.jsp?pageId=3&id=102726&cid=1294,2026,01/2026,2026-10-08T09:33:54Z
10,197/CKKV4-QLT,26/01/2026,Chi cục Hải quan khu vực II,Đề nghị thu hồi giấy chứng nhận đăng ký doanh nghiệp,102728,305,19,TONG_CUC,null,null,https://files.customs.gov.vn/CustomsCMS/TONG_CUC/2026/3/6/VB_9850.pdf,https://www.customs.gov.vn/index.jsp?pageId=3&id=102728&cid=1294,2026,01/2026,2026-10-08T09:33:54Z
11,198/CKKV4-QLT,26/01/2026,Chi cục Hải quan khu vực II,Đề nghị thu hồi giấy chứng nhận đăng ký doanh nghiệp,102711,305,19,TONG_CUC,null,null,https://files.customs.gov.vn/CustomsCMS/TONG_CUC/2026/3/5/VB_9849.pdf,https://www.customs.gov.vn/index.jsp?pageId=3&id=102711&cid=1294,2026,01/2026,2026-10-08T09:33:54Z
12,199/CKKV4-QLT,26/01/2026,Chi cục Hải quan khu vực II,Đề nghị thu hồi giấy chứng nhận đăng ký doanh nghiệp,102735,305,19,TONG_CUC,null,null,https://files.customs.gov.vn/CustomsCMS/TONG_CUC/2026/3/6/VB_9848.pdf,https://www.customs.gov.vn/index.jsp?pageId=3&id=102735&cid=1294,2026,01/2026,2026-10-08T09:33:54Z
13,26/2026/NĐ-CP,26/01/2026,Chính phủ,"V/v Quy định chi tiết thi hành một số điều và biện pháp để tổ chức, hướng dẫn thi hành Luật An toàn thực phẩm",102504,305,8,DONG_NAI,null,26/01/2026,https://files.customs.gov.vn/CustomsCMS/DONG_NAI/2026/1/30/46_2026_ND_CP_26_01_2026.pdf,https://www.customs.gov.vn/index.jsp?pageId=3&id=102504&cid=1294,2026,01/2026,2026-10-08T09:33:54Z
14,288/KH-HQKV2,23/01/2026,Chi cục Hải quan khu vực II,"Kế hoạch chi cục Hải quan khu vực II và cộng đồng doanh nghiệp là đối tác đồng hành, khơi thông nguồn lực, phục vụ hiệu quả, phát triển đột phá",102715,305,19,TONG_CUC,null,null,https://files.customs.gov.vn/CustomsCMS/TONG_CUC/2026/3/5/VB_9496.pdf,https://www.customs.gov.vn/index.jsp?pageId=3&id=102715&cid=1294,2026,01/2026,2026-10-08T09:33:54Z
15,318/HQKV8-VP,23/01/2026,Chi cục Hải quan khu vực VIII,"V/v đề nghị báo giá bảo trì, bảo dưỡng 
máy soi hành lý của Chi cục Hải quan 
khu vực VIII",102446,305,19,QUANG_NINH,Bùi Ngọc Lợi,23/01/2026,"https://files.customs.gov.vn/CustomsCMS/QUANG_NINH/2026/1/26/1.pdf,/CustomsCMS/QUANG_NINH/2026/1/26/2.pdf",https://www.customs.gov.vn/index.jsp?pageId=3&id=102446&cid=1294,2026,01/2026,2026-10-08T09:33:54Z
16,160/HQKV18-NV,21/01/2026,Chi cục Hải quan khu vực XVIII,V/v Tập huấn triển khai Thông tư số 121/2025/TT-BTC đến các DNCX (Các doanh nghiệp chế xuất làm thủ tục tại Chi cục Hải quan khu vực XVIII),102418,305,16,DONG_NAI,null,null,https://files.customs.gov.vn/CustomsCMS/DONG_NAI/2026/1/21/160_HQKV18_NV_21_01_2026.pdf,https://www.customs.gov.vn/index.jsp?pageId=3&id=102418&cid=1294,2026,01/2026,2026-10-08T09:33:54Z
17,185/HQKV2-VP,19/01/2026,Chi cục Hải quan khu vực II,V/v mời báo giá dịch vụ Cung cấp dịch vụ thuê cây mai trang trí đón xuân Bính Ngọ năm 2026 cho Chi cục Hải quan khu vực II,102389,305,16,TP_HO_CHI_MINH,null,null,https://files.customs.gov.vn/CustomsCMS/TP_HO_CHI_MINH/2026/1/20/VB_185.pdf,https://www.customs.gov.vn/index.jsp?pageId=3&id=102389&cid=1294,2026,01/2026,2026-10-08T09:33:54Z
18,186/HQKV2-VP,19/01/2026,Chi cục Hải quan khu vực II,V/v mời báo giá dịch vụ Cung cấp dịch vụ vệ sinh các kho lưu trữ của Chi cục Hải quan khu vực II,102390,305,16,TP_HO_CHI_MINH,null,null,https://files.customs.gov.vn/CustomsCMS/TP_HO_CHI_MINH/2026/1/20/VB_186.pdf,https://www.customs.gov.vn/index.jsp?pageId=3&id=102390&cid=1294,2026,01/2026,2026-10-08T09:33:54Z
19,28/2026/NĐ-CP,19/01/2026,Chính phủ,V/v Quy định các danh mục chất ma túy và tiền chất,102664,305,8,DONG_NAI,null,19/01/2026,https://files.customs.gov.vn/CustomsCMS/DONG_NAI/2026/3/2/28_2026_ND_CP_19_01_2026.pdf,https://www.customs.gov.vn/index.jsp?pageId=3&id=102664&cid=1294,2026,01/2026,2026-10-08T09:33:54Z
20,01/2026/TT-BCT,17/01/2026,Bộ Công Thương,"V/v Quy định chi tiết và hướng dẫn thi hành một số điều của Luật Hóa chất và Nghị định số 26/2026/NĐ-CP của Chính phủ quy định chi tiết và hướng dẫn thi hành một số điều của Luật Hóa chất về quản lý hoạt động hóa chất và hóa chất nguy hiểm trong sản phẩm, hàng hóa",102371,305,4,DONG_NAI,null,17/01/2026,https://files.customs.gov.vn/CustomsCMS/DONG_NAI/2026/1/19/01_2026_TT_BCT_17_01_2026.pdf,https://www.customs.gov.vn/index.jsp?pageId=3&id=102371&cid=1294,2026,01/2026,2026-10-08T09:33:54Z
21,02/2026/TT-BCT,17/01/2026,Bộ Công Thương,"V/v Quy định một số biện pháp thi hành Luật Hóa chất và Nghị định số 25/2026/NĐ-CP của Chính phủ quy định chi tiết và biện pháp để tổ chức, hướng dẫn thi hành một số điều của Luật Hóa chất về phát triển ngành công nghiệp hóa chất và an toàn, an ninh hóa chất",102372,305,4,DONG_NAI,null,17/01/2026,https://files.customs.gov.vn/CustomsCMS/DONG_NAI/2026/1/19/02_2026_TT_BCT_17_01_2026.pdf,https://www.customs.gov.vn/index.jsp?pageId=3&id=102372&cid=1294,2026,01/2026,2026-10-08T09:33:54Z
22,24/2026/NĐ-CP,17/01/2026,Chính phủ,V/v Quy định các danh mục hóa chất thuộc phạm vi điều chỉnh của Luật Hóa chất,102373,305,8,DONG_NAI,null,17/01/2026,https://files.customs.gov.vn/CustomsCMS/DONG_NAI/2026/1/19/24_2026_ND_CP_17_01_2026.pdf,https://www.customs.gov.vn/index.jsp?pageId=3&id=102373&cid=1294,2026,01/2026,2026-10-08T09:33:54Z
23,25/2026/NĐ-CP,17/01/2026,Chính phủ,"V/v Quy định chi tiết và biện pháp để tổ chức, hướng dẫn thi hành một số điều của Luật Hóa chất về phát triển ngành công nghiệp hóa chất và an toàn, an ninh hóa chất",102374,305,8,DONG_NAI,null,17/01/2026,https://files.customs.gov.vn/CustomsCMS/DONG_NAI/2026/1/19/25_2026_ND_CP_17_01_2026.pdf,https://www.customs.gov.vn/index.jsp?pageId=3&id=102374&cid=1294,2026,01/2026,2026-10-08T09:33:54Z
24,26/2026/NĐ-CP,17/01/2026,Chính phủ,"V/v Quy định chi tiết và hướng dẫn thi hành một số điều của Luật Hóa chất về quản lý hoạt động hóa chất và hóa chất nguy hiểm trong sản phẩm, hàng hóa",102375,305,8,DONG_NAI,null,17/01/2026,https://files.customs.gov.vn/CustomsCMS/DONG_NAI/2026/1/19/26_2026_ND_CP_17_01_2026.pdf,https://www.customs.gov.vn/index.jsp?pageId=3&id=102375&cid=1294,2026,01/2026,2026-10-08T09:33:54Z
25,77/QĐ-CHQ,16/01/2026,Cục Hải quan,Công bố công khai bổ sung dự toán chi ngân sách nhà nước năm 2025 của Cục Hải quan,102403,305,19,TONG_CUC,Trịnh Văn Nhuận,null,https://files.customs.gov.vn/CustomsCMS/TONG_CUC/2026/1/20/VB_77.pdf,https://www.customs.gov.vn/index.jsp?pageId=3&id=102403&cid=1294,2026,01/2026,2026-10-08T09:33:54Z
26,78/QĐ-CHQ,16/01/2026,Cục Hải quan,"Công bố công khai giao dự toán thu, chi ngân sách nhà nước năm 2025 của Cục Hải quan",102407,305,19,TONG_CUC,Trịnh Văn Nhuận,null,https://files.customs.gov.vn/CustomsCMS/TONG_CUC/2026/1/20/VB_78.pdf,https://www.customs.gov.vn/index.jsp?pageId=3&id=102407&cid=1294,2026,01/2026,2026-10-08T09:33:54Z
27,156/HQKV2-VP,15/01/2026,Chi cục Hải quan khu vực II,V/v mời báo giá dịch vụ,102386,305,16,TP_HO_CHI_MINH,null,null,https://files.customs.gov.vn/CustomsCMS/TP_HO_CHI_MINH/2026/1/20/VB_156.pdf,https://www.customs.gov.vn/index.jsp?pageId=3&id=102386&cid=1294,2026,01/2026,2026-10-08T09:33:54Z
28,81/TB-HQKV19,15/01/2026,Chi cục Hải quan khu vực XIX,Thông báo tuyển dụng hợp đồng lao động,102358,305,19,CAN_THO,null,15/01/2026,https://files.customs.gov.vn/CustomsCMS/CAN_THO/2026/1/16/2026_81.pdf,https://www.customs.gov.vn/index.jsp?pageId=3&id=102358&cid=1294,2026,01/2026,2026-10-08T09:33:54Z
29,107/TCS2-KDT,14/01/2026,Thuế cơ sở 2 TP Hà Nội,"Quyết định về việc cưỡng chế thi hành quyết định hành chính về quản lý thuế bằng biện pháp trích tiền từ tài khoản của đối tượng bị cưỡng chế tại kho bạc nhà nước, tổ chức tín dụng",102411,305,19,TONG_CUC,null,null,https://files.customs.gov.vn/CustomsCMS/TONG_CUC/2026/1/20/VB_5971.pdf,https://www.customs.gov.vn/index.jsp?pageId=3&id=102411&cid=1294,2026,01/2026,2026-10-08T09:33:54Z
30,140/TCS2-KDT,14/01/2026,Ngân hàng TMCP Tiên Phong,"Quyết định về việc cưỡng chế thi hành quyết định hành chính về quản lý thuế bằng biện pháp trích tiền từ tài khoản của đối tượng bị cưỡng chế tại kho bạc nhà nước, tổ chức tín dụng",102413,305,19,TONG_CUC,null,null,https://files.customs.gov.vn/CustomsCMS/TONG_CUC/2026/1/20/VB_5972.pdf,https://www.customs.gov.vn/index.jsp?pageId=3&id=102413&cid=1294,2026,01/2026,2026-10-08T09:33:54Z
31,144/TCS2-KDT,14/01/2026,Ngân hàng TMCP Tiên Phong,"Quyết định về việc cưỡng chế thi hành quyết định hành chính về quản lý thuế bằng biện pháp trích tiền từ tài khoản của đối tượng bị cưỡng chế tại kho bạc nhà nước, tổ chức tín dụng",102412,305,19,TONG_CUC,null,null,https://files.customs.gov.vn/CustomsCMS/TONG_CUC/2026/1/20/VB_5973.pdf,https://www.customs.gov.vn/index.jsp?pageId=3&id=102412&cid=1294,2026,01/2026,2026-10-08T09:33:54Z
32,2271/CHQ-TVQT,14/01/2026,Cục Hải quan,Công khai điều chỉnh dự toán chi NSNN năm 2026 của Cục Hải quan (đơn vị sử dụng ngân sách),102509,305,19,TONG_CUC,Trịnh Văn Nhuận,null,https://files.customs.gov.vn/CustomsCMS/TONG_CUC/2026/1/30/VB_2271.pdf,https://www.customs.gov.vn/index.jsp?pageId=3&id=102509&cid=1294,2026,01/2026,2026-10-08T09:33:54Z
33,56/QĐ-HQKV2,14/01/2026,Chi cục Hải quan khu vực II,"Về việc công bố, công khai dự toán thu, chi ngân sách nhà nước năm 2025 Chi cục Hải quan khu vực II",104039,305,10,TP_HO_CHI_MINH,null,null,https://files.customs.gov.vn/CustomsCMS/TP_HO_CHI_MINH/2026/5/26/VB_56.pdf,https://www.customs.gov.vn/index.jsp?pageId=3&id=104039&cid=1294,2026,01/2026,2026-10-08T09:33:54Z
34,57,14/01/2026,Chi cục Hải quan khu vực III,"Công bố công khai việc giao dự toán thu, chi NSNN năm 2026 của Chi cục Hải quan khu vực III",102706,305,10,HAI_PHONG,null,null,https://files.customs.gov.vn/CustomsCMS/HAI_PHONG/2026/3/5/Công khai QĐ 2146.pdf,https://www.customs.gov.vn/index.jsp?pageId=3&id=102706&cid=1294,2026,01/2026,2026-10-08T09:33:54Z
35,88/HQKV10-QLRR&CNTT,14/01/2026,HQKV10,V/v triển khai thi hành Luật Bảo vệ dữ liệu cá nhân,102355,305,16,THANH_HOA,null,null,"https://files.customs.gov.vn/CustomsCMS/THANH_HOA/2026/1/15/TK KH 03-UBND TINH- TK LUAT BAO VE DU LIEU CA NHAN.pdf,/CustomsCMS/THANH_HOA/2026/1/15/Luật-91-2025-QH15 bảo vệ dữ liệu cá nhân.pdf",https://www.customs.gov.vn/index.jsp?pageId=3&id=102355&cid=1294,2026,01/2026,2026-10-08T09:33:54Z
36,07/TB-HQKV18,12/01/2026,Chi cục Hải quan khu vực XVIII,V/v Lịch tiếp công dân năm 2026 của Chi cục trưởng Chi cục Hải quan khu vực XVIII,102327,305,19,DONG_NAI,null,null,https://files.customs.gov.vn/CustomsCMS/DONG_NAI/2026/1/13/07_TB_HQKV18_12_01_2026.pdf,https://www.customs.gov.vn/index.jsp?pageId=3&id=102327&cid=1294,2026,01/2026,2026-10-08T09:33:54Z
37,148/2025/QH15,12/01/2026,Quốc hội,Luật Chuyển đổi số,102965,305,13,CAO_BANG,Chủ tịch Quốc hội - Trần Thanh Mẫn,01/07/2026,https://files.customs.gov.vn/CustomsCMS/CAO_BANG/2026/4/1/luat148.signed.pdf (2).pdf,https://www.customs.gov.vn/index.jsp?pageId=3&id=102965&cid=1294,2026,01/2026,2026-10-08T09:33:54Z
38,60/QĐ-CHQ,12/01/2026,Cục Hải quan,"Ban hành Quy định về mẫu dấu, việc quản lý, sử dụng dấu VIET NAM CUSTOMS trong thực hiện thủ tục hải quan",102378,305,19,TONG_CUC,Âu Anh Tuấn,null,https://files.customs.gov.vn/CustomsCMS/TONG_CUC/2026/1/19/VB_60.pdf,https://www.customs.gov.vn/index.jsp?pageId=3&id=102378&cid=1294,2026,01/2026,2026-10-08T09:33:54Z
39,10/TB-HQKV2,10/01/2026,Chi cục Hải quan khu vực II,Về việc Lịch tiếp công dân định kỳ năm 2026 của Chi cục trưởng Chi cục Hải quan khu vực II,102575,305,19,TP_HO_CHI_MINH,null,null,https://files.customs.gov.vn/CustomsCMS/TP_HO_CHI_MINH/2026/2/9/VB_10.pdf,https://www.customs.gov.vn/index.jsp?pageId=3&id=102575&cid=1294,2026,01/2026,2026-10-08T09:33:54Z
40,04/QĐ-HQKV13,09/01/2026,Chi cục Hải quan khu vực XIII,"Quyết định công bố công khai giao dự toán thu, chi NSNN năm 2026 của Chi cục Hải quan khu vực XIII",102648,305,10,KHANH_HOA,null,null,https://files.customs.gov.vn/CustomsCMS/KHANH_HOA/2026/2/26/04-HQKV13_cong-khai-giao-du-toan-thu-chi-NSNN2026.pdf,https://www.customs.gov.vn/index.jsp?pageId=3&id=102648&cid=1294,2026,01/2026,2026-10-08T09:33:54Z
41,16/QĐ-HQKV19,09/01/2026,Chi cục Hải quan khu vực XIX,"Công bố công khai bổ sung dự toán thu, chi ngân sách nhà nước năm 2026 của Chi cục Hải quan khu vực XIX",105837,305,10,CAN_THO,null,09/01/2026,https://files.customs.gov.vn/CustomsCMS/CAN_THO/2026/9/15/2026_QD16.pdf,https://www.customs.gov.vn/index.jsp?pageId=3&id=105837&cid=1294,2026,01/2026,2026-10-08T09:33:54Z
42,36/HQKV13-NVHQ,09/01/2026,Chi cục Hải quan khu vực XIII,Triển khai Thông tư số 121/2025/TT-BTC ngày 18/12/2025 của Bộ trưởng Bộ Tài chính,102304,305,16,KHANH_HOA,null,null,https://files.customs.gov.vn/CustomsCMS/KHANH_HOA/2026/1/9/36_KV13.pdf,https://www.customs.gov.vn/index.jsp?pageId=3&id=102304&cid=1294,2026,01/2026,2026-10-08T09:33:54Z
43,40/QĐ-CHQ,09/01/2026,Cục Hải quan,"Công khai giao dự toán thu, chi ngân sách nhà nước năm 2026",102448,305,19,TONG_CUC,Trịnh Văn Nhuận,null,https://files.customs.gov.vn/CustomsCMS/TONG_CUC/2026/1/27/VB_40.pdf,https://www.customs.gov.vn/index.jsp?pageId=3&id=102448&cid=1294,2026,01/2026,2026-10-08T09:33:54Z
44,46/HQKV18-NV,08/01/2026,Chi cục Hải quan khu vực XVIII,V/v Áp dụng biện pháp CBPG đối với một số sản phẩm thép cán nguội (Các đơn vị Hải quan thuộc Chi cục Hải quan khu vực XVIII),102300,305,16,DONG_NAI,null,null,https://files.customs.gov.vn/CustomsCMS/DONG_NAI/2026/1/8/46_HQKV18_NV_08_01_2026.pdf,https://www.customs.gov.vn/index.jsp?pageId=3&id=102300&cid=1294,2026,01/2026,2026-10-08T09:33:54Z
45,Số 108/2025/QH15,08/01/2026,Quốc hội,Luật Quản lý thuế,105037,305,13,THANH_HOA,null,null,https://files.customs.gov.vn/CustomsCMS/THANH_HOA/2026/7/8/108-qh15.signed.pdf,https://www.customs.gov.vn/index.jsp?pageId=3&id=105037&cid=1294,2026,01/2026,2026-10-08T09:33:54Z
46,332/CHQ-TVQT,07/01/2026,Cục Hải quan,"Công khai giao dự toán thu, chi NSNN năm 2025 của Cục Hải quan",102410,305,19,TONG_CUC,null,null,https://files.customs.gov.vn/CustomsCMS/TONG_CUC/2026/1/20/VB_332.pdf,https://www.customs.gov.vn/index.jsp?pageId=3&id=102410&cid=1294,2026,01/2026,2026-10-08T09:33:54Z
47,14/HQKV2-VP,06/01/2026,Chi cục Hải quan khu vực II,V/v công khai thực hiện dự toán thu chi Quý IV năm 2025,104386,305,16,TP_HO_CHI_MINH,null,null,https://files.customs.gov.vn/CustomsCMS/TP_HO_CHI_MINH/2026/6/5/VB_14.pdf.PDF,https://www.customs.gov.vn/index.jsp?pageId=3&id=104386&cid=1294,2026,01/2026,2026-10-08T09:33:54Z
48,28/CHQ-TVQT,06/01/2026,Cục Hải quan,Công khai thuyết minh tình hình và số liệu thực hiện dự toán ngân sách nhà nước đến Quý IV năm 2025 của Cục Hải quan,102225,305,19,TONG_CUC,Trịnh Văn Nhuận,null,https://files.customs.gov.vn/CustomsCMS/TONG_CUC/2026/1/6/VB_28.pdf,https://www.customs.gov.vn/index.jsp?pageId=3&id=102225&cid=1294,2026,01/2026,2026-10-08T09:33:54Z
49,01/2026/NQ-HĐND,27/02/2026,HĐND tỉnh Cao Bằng,"Nghị quyết Quy định mức thu, chế độ thu, nộp, quản lý và sử dụng Phí sử dụng công trình kết cấu hạ tầng, công trình dịch vụ, tiện ích công cộng trong khu vực cửa khẩu trên địa bàn tỉnh Cao Bằng",102793,305,7,CAO_BANG,Bế Thanh Tịnh,null,"https://files.customs.gov.vn/CustomsCMS/CAO_BANG/2026/3/11/Nghị quyết 01.2026.NQ_HĐND ngày 27.2.2026_Quy định mức thu, chế độ thu, nộp, quản lý và sử dụng Phí hạ tầng của khẩu (sau kỳ họp số 41).pdf",https://www.customs.gov.vn/index.jsp?pageId=3&id=102793&cid=1294,2026,02/2026,2026-10-08T09:33:54Z
50,39/TB-HQKV2,27/02/2026,Chi cục Hải quan khu vực II,THÔNG BÁO KẾT QUẢ LỰA CHỌN TỔ CHỨC HÀNH NGHỀ ĐẤU GIÁ TÀI SẢN,102665,305,16,TP_HO_CHI_MINH,null,null,https://files.customs.gov.vn/CustomsCMS/TP_HO_CHI_MINH/2026/3/2/VB_39.pdf,https://www.customs.gov.vn/index.jsp?pageId=3&id=102665&cid=1294,2026,02/2026,2026-10-08T09:33:54Z
51,300/QĐ-CHQ,26/02/2026,Cục Hải quan,Về việc phân bổ số lượng xe ô tô phục vụ công tác chung cho các đơn vị thuộc Cục Hải quan,102676,305,19,TONG_CUC,Lưu Mạnh Tưởng,null,https://files.customs.gov.vn/CustomsCMS/TONG_CUC/2026/3/5/VB_300.pdf,https://www.customs.gov.vn/index.jsp?pageId=3&id=102676&cid=1294,2026,02/2026,2026-10-08T09:33:54Z
52,725/HQKV2-VP,26/02/2026,Chi cục Hải quan khu vực II,V/v mời cung cấp bảng báo giá dịch vụ thẩm định giá tài sản là tang vật VPHC bị tịch thu,102653,305,16,TP_HO_CHI_MINH,null,null,https://files.customs.gov.vn/CustomsCMS/TP_HO_CHI_MINH/2026/2/27/VB_725.pdf,https://www.customs.gov.vn/index.jsp?pageId=3&id=102653&cid=1294,2026,02/2026,2026-10-08T09:33:54Z
53,727/HQKV2-VP,26/02/2026,Chi cục Hải quan khu vực II,"V/v mời báo giá dịch vụ thanh lý, phá dỡ, hủy bỏ tài sản là tang vật vi phạm hành chính bị tịch thu",102652,305,16,TP_HO_CHI_MINH,null,null,https://files.customs.gov.vn/CustomsCMS/TP_HO_CHI_MINH/2026/2/27/VB_727.pdf,https://www.customs.gov.vn/index.jsp?pageId=3&id=102652&cid=1294,2026,02/2026,2026-10-08T09:33:54Z
54,77/QĐ-HQKV13,26/02/2026,Chi cục Hải quan khu vực XIII,Quyết định ban hành Kế hoạch cải cách hành chính năm 2026 của Chi cục Hải quan khu vực XIII,102682,305,10,KHANH_HOA,null,null,https://files.customs.gov.vn/CustomsCMS/KHANH_HOA/2026/3/5/77-QD_CCHC_2026.pdf,https://www.customs.gov.vn/index.jsp?pageId=3&id=102682&cid=1294,2026,02/2026,2026-10-08T09:33:54Z
55,78/QĐ-HQKV13,26/02/2026,Chi cục Hải quan khu vực XIII,Quyết định ban hành Kế hoạch triển khai nhiệm vụ kiểm soát thủ tục hành chính năm 2026 của Chi cục Hải quan khu vực XIII,102685,305,10,KHANH_HOA,null,null,https://files.customs.gov.vn/CustomsCMS/KHANH_HOA/2026/3/5/78-QD_KSTTHC_2026.pdf,https://www.customs.gov.vn/index.jsp?pageId=3&id=102685&cid=1294,2026,02/2026,2026-10-08T09:33:54Z
56,593/HQKV1-CNTT,25/02/2026,Phòng Công nghệ thông tin,mời báo giá cung cấp thuê máy chủ phục vụ công tác chuyên môn nghiệp vụ tại Chi cục Hải quan khu vực I,102650,305,19,HA_NOI,null,null,https://files.customs.gov.vn/CustomsCMS/HA_NOI/2026/2/27/cv 593-HQKVI-CNTT.pdf,https://www.customs.gov.vn/index.jsp?pageId=3&id=102650&cid=1294,2026,02/2026,2026-10-08T09:33:54Z
57,07/2026/TT-BCT,24/02/2026,Bộ Công Thương,"Thông tư sửa đổi, bổ sung một số điều của Thông tư số 37/2013/TT-BCT ngày 30 tháng 12 năm 2013 của Bộ trưởng Bộ Công Thương quy định nhập khẩu thuốc lá điếu, xì gà",102646,305,19,TONG_CUC,Thứ trưởng Nguyễn Sinh Nhật Tân,10/04/2026,https://files.customs.gov.vn/CustomsCMS/TONG_CUC/2026/2/25/07_2026_tt_bct_c818e.pdf,https://www.customs.gov.vn/index.jsp?pageId=3&id=102646&cid=1294,2026,02/2026,2026-10-08T09:33:54Z
58,173/QĐ-HQKV6,13/02/2026,Chi  cục Hải quan khu vực VI,Công bố  công khai thực hiện NSNN năm 2025 của Chi cục Hải quan khu vực VI,104286,305,10,LANG_SON,null,null,https://files.customs.gov.vn/CustomsCMS/LANG_SON/2026/6/3/173.pdf,https://www.customs.gov.vn/index.jsp?pageId=3&id=104286&cid=1294,2026,02/2026,2026-10-08T09:33:54Z
59,281/QĐ - CHQ,13/02/2026,Cục Hải quan,"Quyết định về việc sửa đổi, bổ sung các Quyết định quy định chức năng, nhiệm vụ, quyền hạn và cơ cấu tổ chức của Chi cục Hải quan khu vực và Quyết định quy định chức năng, nhiệm vụ và quyền hạn của Văn phòng, Phòng thuộc Chi cục Hải quan khu vực",102622,305,10,TONG_CUC,Nguyễn Văn Thọ,null,https://files.customs.gov.vn/CustomsCMS/TONG_CUC/2026/2/13/VB_281.pdf,https://www.customs.gov.vn/index.jsp?pageId=3&id=102622&cid=1294,2026,02/2026,2026-10-08T09:33:54Z
60,11809/CHQ-TVQT,12/02/2026,Cục Hải quan,Thuyết minh tình hình thực hiện và số liệu chi NSNN năm 2025 của Cục Hải quan (đơn vị sử dụng ngân sách),102620,305,19,TONG_CUC,Trịnh Văn Nhuận,null,https://files.customs.gov.vn/CustomsCMS/TONG_CUC/2026/2/13/VB_11809.pdf,https://www.customs.gov.vn/index.jsp?pageId=3&id=102620&cid=1294,2026,02/2026,2026-10-08T09:33:54Z
61,268/QĐ-TTg,12/02/2026,Chính phủ,V/v Ban hành Kế hoạch triển khai thi hành Luật Chuyển đổi số,102964,305,10,DONG_NAI,null,12/02/2026,https://files.customs.gov.vn/CustomsCMS/DONG_NAI/2026/4/1/268_QD_TTg_12_02_2026.pdf,https://www.customs.gov.vn/index.jsp?pageId=3&id=102964&cid=1294,2026,02/2026,2026-10-08T09:33:54Z
62,269//NVTHQ-PL,12/02/2026,Ban Nghiệp vụ thuế hải quan,V/v cập nhật Nghị định số 56/2026/NĐ-CP ngày 12/2/2026 về Biểu thuê nhập khâu ưu đãi đặc biệt của Việt Nam đê thực hiện Bản Thoả thuận thúc đây thương mại song phương giữa Chính phủ nước Cộng hoà xã hội chủ nghĩa Việt Nam và Chính phủ Vương quốc Campuchia giai đoạn 2025 - 2026,102621,305,19,TONG_CUC,Đào Thu Hương,null,"https://files.customs.gov.vn/CustomsCMS/TONG_CUC/2026/2/13/269.PDF,/CustomsCMS/TONG_CUC/2026/2/24/56_2026_ND-CP.pdf",https://www.customs.gov.vn/index.jsp?pageId=3&id=102621&cid=1294,2026,02/2026,2026-10-08T09:33:54Z
63,355/CTK-VP,12/02/2026,Cục Thống kê,Tổng điều tra kinh tế năm 2026,102645,305,19,TONG_CUC,null,null,"https://files.customs.gov.vn/CustomsCMS/TONG_CUC/2026/2/25/VBDI_19506_355_CongVan_1_2.pdf,/CustomsCMS/TONG_CUC/2026/2/25/Thư ngỏ.pdf,/CustomsCMS/TONG_CUC/2026/2/25/Poster ĐTKT Doanh Nghiệp.pdf",https://www.customs.gov.vn/index.jsp?pageId=3&id=102645&cid=1294,2026,02/2026,2026-10-08T09:33:54Z
64,322/CKKV4-QLT,11/02/2026,Chi cục Hải quan khu vực II,Đề nghị thu hồi giấy chứng nhận đăng ký doanh nghiệp,102697,305,19,TONG_CUC,null,null,https://files.customs.gov.vn/CustomsCMS/TONG_CUC/2026/3/5/VB_14351.pdf,https://www.customs.gov.vn/index.jsp?pageId=3&id=102697&cid=1294,2026,02/2026,2026-10-08T09:33:54Z
65,637/HQKV2-VP,11/02/2026,Chi cục Hải quan khu vực II,V/v công khai thực hiện dự án thu chi năm 2026,104247,305,16,TP_HO_CHI_MINH,null,null,https://files.customs.gov.vn/CustomsCMS/TP_HO_CHI_MINH/2026/6/2/637.PDF,https://www.customs.gov.vn/index.jsp?pageId=3&id=104247&cid=1294,2026,02/2026,2026-10-08T09:33:54Z
66,5211/CCT-QLDN2,09/02/2026,Cục Thuế,Thông báo về việc sẽ áp dụng biện pháp tạm hoãn xuất cảnh-Công Ty Cổ Phần Đầu Tư Và Thiết Kế Xây Dựng G6-0106478935(Nguyễn Kim Công-027079000383). BĐT,102704,305,19,TONG_CUC,null,null,https://files.customs.gov.vn/CustomsCMS/TONG_CUC/2026/3/5/Vanban_5211(1).PDF,https://www.customs.gov.vn/index.jsp?pageId=3&id=102704&cid=1294,2026,02/2026,2026-10-08T09:33:54Z
67,227/HQKV13-NVHQ,05/02/2026,Chi cục Hải quan khu vực XIII,Triển khai Thông tư số 06/2026/TT-BTC ngày 26/01/2026 của Bộ trưởng Bộ Tài chính,102560,305,16,KHANH_HOA,null,null,https://files.customs.gov.vn/CustomsCMS/KHANH_HOA/2026/2/6/227_HQKV13_TT06-2026-TT-BTC.pdf,https://www.customs.gov.vn/index.jsp?pageId=3&id=102560&cid=1294,2026,02/2026,2026-10-08T09:33:54Z
68,418/QĐ-UBND,05/02/2026,Ủy ban nhân dân tỉnh Quảng Ngãi,Quyết định về việc công bố Danh sách thương nhân hoạt động thương mại biên giới Việt Nam- Lào,103172,305,10,DA_NANG,Trần Phước Hiền,05/02/2026,https://files.customs.gov.vn/CustomsCMS/DA_NANG/2026/4/14/418-QD-UBND-Vv_cong_bo_DS_thuong_nhan_hoat_dong_VN-Lao.pdf,https://www.customs.gov.vn/index.jsp?pageId=3&id=103172&cid=1294,2026,02/2026,2026-10-08T09:33:54Z
69,09/CĐ-TTg,04/02/2026,Chính phủ,"Về viêc tăng cường cung cấp, quản bá sản phẩm, thương hiệu địa phương tại Hội chợ Mùa Xuân lần thứ nhất năm 2026",102559,305,19,TONG_CUC,Phạm Minh Chính,null,https://files.customs.gov.vn/CustomsCMS/TONG_CUC/2026/2/5/9_CD-TTg_04022026-signed.pdf,https://www.customs.gov.vn/index.jsp?pageId=3&id=102559&cid=1294,2026,02/2026,2026-10-08T09:33:54Z
70,44/QĐ-HQKV7,04/02/2026,Chi cục Hải quan khu vực VII,Công bố công khai tình hình thực hiện dự toán chi ngân sách nhà nước năm 2025 của Chi cục Hải quan khu vực VII,103580,305,10,TONG_CUC,Trần Phú Cương,null,"https://files.customs.gov.vn/CustomsCMS/TONG_CUC/2026/5/8/15. Công khai thực hiện dự toán giao năm 2025 (1).pdf,/CustomsCMS/TONG_CUC/2026/5/8/15. Quyet dinh cong khai thực hiện du toan năm 2025 (1).pdf",https://www.customs.gov.vn/index.jsp?pageId=3&id=103580&cid=1294,2026,02/2026,2026-10-08T09:33:54Z
71,147/TB-CKKV4,03/02/2026,HQ cửa khẩu CSG KV 4,Thông báo về việc sẽ áp dụng biện pháp tạm hoãn xuất cảnh,102553,305,19,TP_HO_CHI_MINH,null,null,https://files.customs.gov.vn/CustomsCMS/TP_HO_CHI_MINH/2026/2/4/147.signed.pdf,https://www.customs.gov.vn/index.jsp?pageId=3&id=102553&cid=1294,2026,02/2026,2026-10-08T09:33:54Z
72,452/HQKV2-VP,03/02/2026,Chi cục Hải quan khu vực II,V/v mời báo giá dịch vụ,102544,305,16,TP_HO_CHI_MINH,null,null,https://files.customs.gov.vn/CustomsCMS/TP_HO_CHI_MINH/2026/2/4/VB_452.pdf,https://www.customs.gov.vn/index.jsp?pageId=3&id=102544&cid=1294,2026,02/2026,2026-10-08T09:33:54Z
73,454/HQKV2-VP,03/02/2026,Chi cục Hải quan khu vực II,V/v mời báo giá dịch vụ,102545,305,16,TP_HO_CHI_MINH,null,null,https://files.customs.gov.vn/CustomsCMS/TP_HO_CHI_MINH/2026/2/4/VB_454.pdf,https://www.customs.gov.vn/index.jsp?pageId=3&id=102545&cid=1294,2026,02/2026,2026-10-08T09:33:54Z
74,455/HQKV2-VP,03/02/2026,Chi cục Hải quan khu vực II,V/v mời báo giá dịch vụ,102547,305,16,TP_HO_CHI_MINH,null,null,https://files.customs.gov.vn/CustomsCMS/TP_HO_CHI_MINH/2026/2/4/VB_455.pdf,https://www.customs.gov.vn/index.jsp?pageId=3&id=102547&cid=1294,2026,02/2026,2026-10-08T09:33:54Z
75,456/HQKV2-VP,03/02/2026,Chi cục Hải quan khu vực II,V/v mời báo giá dịch vụ,102548,305,16,TP_HO_CHI_MINH,null,null,https://files.customs.gov.vn/CustomsCMS/TP_HO_CHI_MINH/2026/2/4/VB_456.pdf,https://www.customs.gov.vn/index.jsp?pageId=3&id=102548&cid=1294,2026,02/2026,2026-10-08T09:33:54Z
76,13/TB-HQKV18,02/02/2026,Chi cục Hải quan khu vực XVIII,V/v Lưu chiểu mẫu dấu nghiệp vụ,102523,305,16,DONG_NAI,null,null,https://files.customs.gov.vn/CustomsCMS/DONG_NAI/2026/2/2/13_TB_HQKV18_02_02_2026.pdf,https://www.customs.gov.vn/index.jsp?pageId=3&id=102523&cid=1294,2026,02/2026,2026-10-08T09:33:54Z
77,1627/TB-HQĐV,31/03/2026,Hải quan cửa khẩu cảng Đình Vũ,Thông báo về việc hủy bỏ tạm hoãn xuất cảnh người đại diện pháp luật của Công ty TNHH Xuất nhập khẩu Á Châu ASIAN ; Mã số thuế: 0316792471,103132,"381, 305",19,HAI_PHONG,null,null,https://files.customs.gov.vn/CustomsCMS/HAI_PHONG/2026/4/13/Hủy tạm hoãn Á châu ASIAN.pdf,https://www.customs.gov.vn/index.jsp?pageId=3&id=103132&cid=1294,2026,03/2026,2026-10-08T09:33:54Z
78,1628/TB-HQĐV,31/03/2026,Hải quan cửa khẩu cảng Đình Vũ,Thông báo về việc hủy bỏ tạm hoãn xuất cảnh người đại diện pháp luật của Công ty TNHH Cổ phần Phát triển Hoàng Quân Việt Nam ; Mã số thuế: 0108278177,103133,"381, 305",19,HAI_PHONG,null,null,https://files.customs.gov.vn/CustomsCMS/HAI_PHONG/2026/4/13/Hủy tạm hoãn Hoàng Quân.pdf,https://www.customs.gov.vn/index.jsp?pageId=3&id=103133&cid=1294,2026,03/2026,2026-10-08T09:33:54Z
79,711./QĐ-BTC,31/03/2026,Bộ Tài chính,"Quyết định về việc công bố thủ tục hành chính được sửa đổi, bổ sung trong lĩnh vực Hải quan thuộc phạm vi quản lý nhà nước của Bộ Tài chính",103184,305,10,CAO_BANG,Thử trưởng Trần Quốc Phương,31/03/2026,https://files.customs.gov.vn/CustomsCMS/CAO_BANG/2026/4/15/QĐ 711 (1).pdf,https://www.customs.gov.vn/index.jsp?pageId=3&id=103184&cid=1294,2026,03/2026,2026-10-08T09:33:54Z
80,96/2026/NĐ-CP,31/03/2026,Chính phủ,V/v Quy định chi tiết và hướng dẫn thi hành một số điều của Luật Đầu tư,104840,305,8,DONG_NAI,null,31/03/2026,https://files.customs.gov.vn/CustomsCMS/DONG_NAI/2026/6/22/96_2026_ND_CP_31_03_2026.pdf,https://www.customs.gov.vn/index.jsp?pageId=3&id=104840&cid=1294,2026,03/2026,2026-10-08T09:33:54Z
81,2007/HQKV2-VP,30/03/2026,Chi cục Hải quan khu vực II,V/v mời báo giá dịch vụ tư vấn lập E- HSMT và đánh giá E-HSDT,102958,305,16,TP_HO_CHI_MINH,null,null,https://files.customs.gov.vn/CustomsCMS/TP_HO_CHI_MINH/2026/3/31/VB_2007.pdf,https://www.customs.gov.vn/index.jsp?pageId=3&id=102958&cid=1294,2026,03/2026,2026-10-08T09:33:54Z
82,2008/HQKV2-VP,30/03/2026,Chi cục Hải quan khu vực II,V/v mời báo giá dịch vụ tư vấn thẩm định các nội dung trong lựa chọn nhà thầu,102957,305,16,TP_HO_CHI_MINH,null,null,https://files.customs.gov.vn/CustomsCMS/TP_HO_CHI_MINH/2026/3/31/VB_2008.pdf,https://www.customs.gov.vn/index.jsp?pageId=3&id=102957&cid=1294,2026,03/2026,2026-10-08T09:33:54Z
83,1794/HQKV2-VP,27/03/2026,Chi cục Hải quan khu vực II,"Về việc công khai thực hiện dự toán chi năm 2025, nguồng ngân sách địa phương hỗ trợ",104040,305,16,TP_HO_CHI_MINH,null,null,https://files.customs.gov.vn/CustomsCMS/TP_HO_CHI_MINH/2026/5/27/1794 (1).PDF,https://www.customs.gov.vn/index.jsp?pageId=3&id=104040&cid=1294,2026,03/2026,2026-10-08T09:33:54Z
84,781/TB-QHKV6,26/03/2026,Chi  cục Hải quan khu vực VI,"Lựa chọn tổ chức, doanh nghiệp thẩm định giá",102946,305,19,LANG_SON,Mã Thanh Giang,null,https://files.customs.gov.vn/CustomsCMS/LANG_SON/2026/3/27/TB 781 26.3.2026 lua chon to chuc tham dinh gia.pdf,https://www.customs.gov.vn/index.jsp?pageId=3&id=102946&cid=1294,2026,03/2026,2026-10-08T09:33:54Z
85,145/TBXC-HQGT,25/03/2026,Hải quan Gia Thụy,Thông báo tạm hoãn xuất cảnh,102918,305,19,HA_NOI,null,null,https://files.customs.gov.vn/CustomsCMS/HA_NOI/2026/3/26/46902.25.tam hoan xuat canh.pdf,https://www.customs.gov.vn/index.jsp?pageId=3&id=102918&cid=1294,2026,03/2026,2026-10-08T09:33:54Z
86,1652/HQKV2-VP,25/03/2026,Chi cục Hải quan khu vực II,V/v mời báo giá,102917,305,16,TP_HO_CHI_MINH,null,null,https://files.customs.gov.vn/CustomsCMS/TP_HO_CHI_MINH/2026/3/26/VB_1652.pdf,https://www.customs.gov.vn/index.jsp?pageId=3&id=102917&cid=1294,2026,03/2026,2026-10-08T09:33:54Z
87,1619/HQKV2-VP,24/03/2026,Chi cục Hải quan khu vực II,V/v mời báo giá dịch vụ tư vấn thẩm định các nội dung trong lựa chọn nhà thầu,102899,305,16,TP_HO_CHI_MINH,null,null,https://files.customs.gov.vn/CustomsCMS/TP_HO_CHI_MINH/2026/3/24/VB_1619.pdf,https://www.customs.gov.vn/index.jsp?pageId=3&id=102899&cid=1294,2026,03/2026,2026-10-08T09:33:54Z
88,1620/HQKV2-VP,24/03/2026,Chi cục Hải quan khu vực II,V/v mời báo giá dịch vụ tư vấn lập E- HSMT và đánh giá E-HSDT,102898,305,16,TP_HO_CHI_MINH,null,null,https://files.customs.gov.vn/CustomsCMS/TP_HO_CHI_MINH/2026/3/24/VB_1620.pdf,https://www.customs.gov.vn/index.jsp?pageId=3&id=102898&cid=1294,2026,03/2026,2026-10-08T09:33:54Z
89,1622/HQKV2-VP,24/03/2026,Chi cục Hải quan khu vực II,V/v mời báo giá dịch vụ,102914,305,16,TP_HO_CHI_MINH,null,null,https://files.customs.gov.vn/CustomsCMS/TP_HO_CHI_MINH/2026/3/25/1622.pdf,https://www.customs.gov.vn/index.jsp?pageId=3&id=102914&cid=1294,2026,03/2026,2026-10-08T09:33:54Z
90,527/CNC-QLT2,24/03/2026,Chi cục Hải quan khu vực II,"Hủy bỏ Quyết định thu hồi giấy chứng nhận đầu tư/Giấy ĐKKD của Công ty TNHH Greation AD, Mã số thuế 0302568102",102924,305,19,TONG_CUC,null,null,https://files.customs.gov.vn/CustomsCMS/TONG_CUC/2026/3/26/VB_19182.pdf,https://www.customs.gov.vn/index.jsp?pageId=3&id=102924&cid=1294,2026,03/2026,2026-10-08T09:33:54Z
91,0232/TB-HQGT,23/03/2026,Hải quan Gia Thụy,Thông báo áp dụng biện pháp tạm hoãn xuất cảnh,102910,305,19,HA_NOI,null,null,https://files.customs.gov.vn/CustomsCMS/HA_NOI/2026/3/25/22003.23.tam hoan xuat canh.pdf,https://www.customs.gov.vn/index.jsp?pageId=3&id=102910&cid=1294,2026,03/2026,2026-10-08T09:33:54Z
92,100/QĐ-HQKV13,20/03/2026,Chi cục Hải quan khu vực XIII,Quyết định công bố công khai điều chỉnh số liệu quyết toán ngân sách năm 2024 của Cục Hải quan tỉnh Khánh Hòa (nay là Chi cục Hải quan khu vực XIII),102909,305,10,KHANH_HOA,null,null,https://files.customs.gov.vn/CustomsCMS/KHANH_HOA/2026/3/25/100_QD_cong-khai-dieu-chinh-NS2024.pdf,https://www.customs.gov.vn/index.jsp?pageId=3&id=102909&cid=1294,2026,03/2026,2026-10-08T09:33:54Z
93,1138/HQKV1-NVHQ,20/03/2026,Phòng Nghiệp vụ Hải quan,"Thông báo phát hành, sử dụng biên lai thu thuế, lệ phí hải quan công ty Cổ phần chuyển phát quốc tế ATL",102887,305,19,HA_NOI,null,null,https://files.customs.gov.vn/CustomsCMS/HA_NOI/2026/3/23/111 (1).PDF,https://www.customs.gov.vn/index.jsp?pageId=3&id=102887&cid=1294,2026,03/2026,2026-10-08T09:33:54Z
94,1343/HQKV2-VP,19/03/2026,Chi cục Hải quan khu vực II,V/v mời báo giá,102860,305,16,TP_HO_CHI_MINH,null,null,https://files.customs.gov.vn/CustomsCMS/TP_HO_CHI_MINH/2026/3/20/VB_1343.pdf,https://www.customs.gov.vn/index.jsp?pageId=3&id=102860&cid=1294,2026,03/2026,2026-10-08T09:33:54Z
95,1379/HQKV2-VP,19/03/2026,Chi cục Hải quan khu vực II,V/v mời báo giá dịch vụ,102889,305,16,TP_HO_CHI_MINH,null,null,https://files.customs.gov.vn/CustomsCMS/TP_HO_CHI_MINH/2026/3/23/VB_1379.pdf,https://www.customs.gov.vn/index.jsp?pageId=3&id=102889&cid=1294,2026,03/2026,2026-10-08T09:33:54Z
96,479/CKTSN-QLT,19/03/2026,HQ cửa khẩu Sân bay Quốc tế TSN,V/v đề nghị khôi phục tình trạng pháp lý của Công ty TNHH Sản Xuất Thương Mại Dịch Vụ Hân Hân,102863,305,16,TP_HO_CHI_MINH,null,null,https://files.customs.gov.vn/CustomsCMS/TP_HO_CHI_MINH/2026/3/20/CV479.signed.pdf,https://www.customs.gov.vn/index.jsp?pageId=3&id=102863&cid=1294,2026,03/2026,2026-10-08T09:33:54Z
97,Số: 1082/HQKV8-VP,19/03/2026,Chi cục Hải quan khu vực VIII,"V/v đề nghị cung cấp báo giá dịch vụ cho 
thuê kênh truyền internet và kênh truyền 
số liệu",102896,305,16,QUANG_NINH,Bùi Ngọc Lợi,19/03/2026,"https://files.customs.gov.vn/CustomsCMS/QUANG_NINH/2026/3/24/Báo giá thuê kênh truyefn internet.pdf,/CustomsCMS/QUANG_NINH/2026/3/24/Phụ lục kênh truyền.pdf",https://www.customs.gov.vn/index.jsp?pageId=3&id=102896&cid=1294,2026,03/2026,2026-10-08T09:33:54Z
98,1328/HQKV2-VP,18/03/2026,Chi cục Hải quan khu vực II,V/v báo giá dịch vụ tư vấn lập E-HSMT và đánh giá E-HSDT,102837,305,16,TP_HO_CHI_MINH,null,null,https://files.customs.gov.vn/CustomsCMS/TP_HO_CHI_MINH/2026/3/19/VB_1328.pdf,https://www.customs.gov.vn/index.jsp?pageId=3&id=102837&cid=1294,2026,03/2026,2026-10-08T09:33:54Z
99,1329/HQKV2-VP,18/03/2026,Chi cục Hải quan khu vực II,"V/v mời báo giá bảo trì, bảo dưỡng hệ thống cảnh báo phóng xạ",102836,305,16,TP_HO_CHI_MINH,null,null,https://files.customs.gov.vn/CustomsCMS/TP_HO_CHI_MINH/2026/3/19/VB_1329.pdf,https://www.customs.gov.vn/index.jsp?pageId=3&id=102836&cid=1294,2026,03/2026,2026-10-08T09:33:54Z
100,678/HQKV6-NVHQ,18/03/2026,Chi cục Hải quan khu vực VI,V/v thông báo doanh nghiệp vi phạm không được mang hàng về bảo quản Công Ty Tnhh Envision Energy Việt Nam,102881,305,19,TONG_CUC,null,null,https://files.customs.gov.vn/CustomsCMS/TONG_CUC/2026/3/21/Bảo quản Cty Energy Việt Nam.pdf,https://www.customs.gov.vn/index.jsp?pageId=3&id=102881&cid=1294,2026,03/2026,2026-10-08T09:33:54Z
101,Số:  1035/HQKV8-VP,18/03/2026,Chi cục Hải quan khu vực VIII,"V/v đề nghị cung cấp báo giá bảo dưỡng, 
kiểm định cân ô tô",102859,305,19,QUANG_NINH,Bùi Ngọc Lợi,18/03/2026,"https://files.customs.gov.vn/CustomsCMS/QUANG_NINH/2026/3/20/Báo giá bảo dưỡng cân.pdf,/CustomsCMS/QUANG_NINH/2026/3/20/Phụ lục bảo dưỡng cân.pdf",https://www.customs.gov.vn/index.jsp?pageId=3&id=102859&cid=1294,2026,03/2026,2026-10-08T09:33:54Z
102,Số:  1036/HQKV8-VP,18/03/2026,Cục Hải quan tỉnh Quảng Ninh,"V/v đề nghị cung cấp báo giá bảo dưỡng, 
máy soi container di động",102858,305,19,QUANG_NINH,Bùi Ngọc Lợi,18/03/2026,"https://files.customs.gov.vn/CustomsCMS/QUANG_NINH/2026/3/20/Báo giá bảo dưỡng máy soi.pdf,/CustomsCMS/QUANG_NINH/2026/3/20/Phu luc bảo dưỡng.pdf",https://www.customs.gov.vn/index.jsp?pageId=3&id=102858&cid=1294,2026,03/2026,2026-10-08T09:33:54Z
103,1005/HQKV1-CNTT,17/03/2026,Phòng Công nghệ thông tin,Báo giá thiết bị và dịch vụ công nghệ thông tin,102835,305,19,HA_NOI,null,null,https://files.customs.gov.vn/CustomsCMS/HA_NOI/2026/3/18/CV 1005 mơi bao gia Man hinh NB.pdf,https://www.customs.gov.vn/index.jsp?pageId=3&id=102835&cid=1294,2026,03/2026,2026-10-08T09:33:54Z
104,1006/HQKV1-CNTT,17/03/2026,Phòng Công nghệ thông tin,Báo giá dịch vụ công nghệ thông tin,102834,305,19,HA_NOI,null,null,https://files.customs.gov.vn/CustomsCMS/HA_NOI/2026/3/18/Cv 1006 moi bao gia BTBD Seal.pdf,https://www.customs.gov.vn/index.jsp?pageId=3&id=102834&cid=1294,2026,03/2026,2026-10-08T09:33:54Z
105,23/CĐ-TTg,16/03/2026,Chính phủ,"Công điện số 23/CĐ-TTg ngày 16/03/2026 về một số nhiệm vụ, giải pháp để tiếp tục thúc đẩy xuất khẩu năm 2026",102830,"305, 310",19,TONG_CUC,Phạm Minh Chính,null,https://files.customs.gov.vn/CustomsCMS/TONG_CUC/2026/3/17/23-cd.signed.pdf,https://www.customs.gov.vn/index.jsp?pageId=3&id=102830&cid=1294,2026,03/2026,2026-10-08T09:33:54Z
106,956/HQKV1-NVHQ,16/03/2026,Phòng Nghiệp vụ Hải quan,"Thông báo phát hành, sử dụng biên lai thu thuế, lệ phí hải quan công ty TNHH dịch vụ chuyển phát nhanh hàng hóa Tân Phong",102888,305,19,HA_NOI,null,null,https://files.customs.gov.vn/CustomsCMS/HA_NOI/2026/3/23/112.PDF,https://www.customs.gov.vn/index.jsp?pageId=3&id=102888&cid=1294,2026,03/2026,2026-10-08T09:33:54Z
107,1234/HQKV2-VP,12/03/2026,Chi cục Hải quan khu vực II,V/v báo giá dịch vụ tư vấn lập E-HSMT và đánh giá E-HSDT,102808,305,16,TP_HO_CHI_MINH,null,null,https://files.customs.gov.vn/CustomsCMS/TP_HO_CHI_MINH/2026/3/12/VB_1234.pdf,https://www.customs.gov.vn/index.jsp?pageId=3&id=102808&cid=1294,2026,03/2026,2026-10-08T09:33:54Z
108,1235/HQKV2-VP,12/03/2026,Chi cục Hải quan khu vực II,"V/v mời báo giá bảo trì, bảo dưỡng máy soi container di động HCVM 3528L",102807,305,16,TP_HO_CHI_MINH,null,null,https://files.customs.gov.vn/CustomsCMS/TP_HO_CHI_MINH/2026/3/12/VB_1235.pdf,https://www.customs.gov.vn/index.jsp?pageId=3&id=102807&cid=1294,2026,03/2026,2026-10-08T09:33:54Z
109,1236/HQKV2-VP,12/03/2026,Chi cục Hải quan khu vực II,"V/v mời báo giá bảo trì, bảo dưỡng hệ thống cảnh báo phóng xạ",102806,305,16,TP_HO_CHI_MINH,null,null,https://files.customs.gov.vn/CustomsCMS/TP_HO_CHI_MINH/2026/3/12/VB_1236.pdf,https://www.customs.gov.vn/index.jsp?pageId=3&id=102806&cid=1294,2026,03/2026,2026-10-08T09:33:54Z
110,1237/HQKV2-VP,12/03/2026,Chi cục Hải quan khu vực II,V/v báo giá dịch vụ tư vấn lập E-HSMT và đánh giá E-HSDT,102805,305,16,TP_HO_CHI_MINH,null,null,https://files.customs.gov.vn/CustomsCMS/TP_HO_CHI_MINH/2026/3/12/VB_1237.pdf,https://www.customs.gov.vn/index.jsp?pageId=3&id=102805&cid=1294,2026,03/2026,2026-10-08T09:33:54Z
111,934/HQKV8-VP,12/03/2026,Chi cục Hải quan khu vực VIII,V/v đề nghị cung cấp báo giá bảo dưỡng máy phát hiện ma túy.,102821,305,16,QUANG_NINH,Bùi Ngọc Lợi,12/03/2026,"https://files.customs.gov.vn/CustomsCMS/QUANG_NINH/2026/3/16/Báo giá máy phát hiện ma túy.pdf,/CustomsCMS/QUANG_NINH/2026/3/16/Phụ lục báo giá máy phát hiện ma túy.pdf",https://www.customs.gov.vn/index.jsp?pageId=3&id=102821&cid=1294,2026,03/2026,2026-10-08T09:33:54Z
112,01/CV-MTH-CHQ,10/03/2026,Ban Nghiệp vụ thuế hải quan,Thông báo phát hành biên lai điện tử Công ty CP tư vấn và vận tải Mặt Trời Hồng,102895,305,19,TONG_CUC,null,null,"https://files.customs.gov.vn/CustomsCMS/TONG_CUC/2026/3/24/Cty Mặt trời hồng.pdf,/CustomsCMS/TONG_CUC/2026/3/24/CamScanner 23-03-2026 13.57.pdf",https://www.customs.gov.vn/index.jsp?pageId=3&id=102895&cid=1294,2026,03/2026,2026-10-08T09:33:54Z
113,13582/TB-CHQ,10/03/2026,Cục Hải quan,Thông báo phát hành tem điện tử rượu nhập khẩu,102804,305,19,TONG_CUC,Trịnh Văn Nhuận,null,https://files.customs.gov.vn/CustomsCMS/TONG_CUC/2026/3/12/VB_13582.pdf,https://www.customs.gov.vn/index.jsp?pageId=3&id=102804&cid=1294,2026,03/2026,2026-10-08T09:33:54Z
114,2258/TBXC-HQKV3,09/03/2026,Chi cục Hải quan khu vực III,Thông báo về việc hủy bỏ tạm hoãn xuất cảnh,102761,"306, 305",19,HAI_PHONG,null,null,https://files.customs.gov.vn/CustomsCMS/HAI_PHONG/2026/3/10/Thông báo về việc hủy bỏ tạm hoãn xuất cảnh_0002.pdf,https://www.customs.gov.vn/index.jsp?pageId=3&id=102761&cid=1294,2026,03/2026,2026-10-08T09:33:54Z
115,85/TB-BDCB,05/03/2026,Trường Bồi dưỡng cán bộ Kinh tế - Tài chính,"Thông báo về việc tổ chức lớp Bồi dưỡng chuyên sâu: Báo cáo quyết toán và Kiểm tra sau thông quan - Phòng ngừa rủi ro cho doanh nghiệp gia công, sản xuất xuất khẩu, xuất nhập khẩu tại chỗ” (Mã lớp: HQ-BCQT01/2026)",102799,"306, 305",19,HAI_PHONG,null,null,"https://files.customs.gov.vn/CustomsCMS/HAI_PHONG/2026/3/11/Phụ lục CS - Lớp BCQT01.2026.xlsx,/CustomsCMS/HAI_PHONG/2026/3/11/85-TB.pdf",https://www.customs.gov.vn/index.jsp?pageId=3&id=102799&cid=1294,2026,03/2026,2026-10-08T09:33:54Z
116,821/HQKV2-NVHQ,04/03/2026,Chi cục Hải quan khu vực II,"Thông báo phát hành biên lai thu thuế, phí hải quan, lệ phí theo Thông tư số 113/2025/TT-BTC của Công ty TNHH Dịch vụ Giao nhận Hàng hóa Tân Sơn Nhất  (TECS)",102671,305,19,TONG_CUC,Bùi Tuấn Hải,null,https://files.customs.gov.vn/CustomsCMS/TONG_CUC/2026/3/4/56_TECS-TCKT.pdf,https://www.customs.gov.vn/index.jsp?pageId=3&id=102671&cid=1294,2026,03/2026,2026-10-08T09:33:54Z
117,835/HQKV2-VP,04/03/2026,Chi cục Hải quan khu vực II,V/v mời báo giá dịch vụ tư vấn thẩm tra báo cáo kinh tế kỹ thuật công trình,102768,305,16,TP_HO_CHI_MINH,null,null,https://files.customs.gov.vn/CustomsCMS/TP_HO_CHI_MINH/2026/3/10/835.PDF,https://www.customs.gov.vn/index.jsp?pageId=3&id=102768&cid=1294,2026,03/2026,2026-10-08T09:33:54Z
118,836/HQKV2-VP,04/03/2026,Chi cục Hải quan khu vực II,V/v mời báo giá dịch vụ tư vấn lập báo cáo kinh tế kỹ thuật công trình,102767,305,16,TP_HO_CHI_MINH,null,null,https://files.customs.gov.vn/CustomsCMS/TP_HO_CHI_MINH/2026/3/10/836.PDF,https://www.customs.gov.vn/index.jsp?pageId=3&id=102767&cid=1294,2026,03/2026,2026-10-08T09:33:54Z
119,030326/CV-S1EXPRESS,03/03/2026,CT TNHH Chuyển phát nhanh S1,Thông báo phát hành biên lai điện tử,102766,305,19,TONG_CUC,null,null,https://files.customs.gov.vn/CustomsCMS/TONG_CUC/2026/3/10/2 - CV 120226 Chuyen phat nhanh S1.pdf,https://www.customs.gov.vn/index.jsp?pageId=3&id=102766&cid=1294,2026,03/2026,2026-10-08T09:33:54Z
120,13157/CHQ-TVQT,03/03/2026,Cục Hải quan,V/v công khai thuyết minh tình hình và số liệu thực hiện dự toán ngân sách nhà nước năm 2025 của Cục Hải quan,102678,305,19,TONG_CUC,Trịnh Văn Nhuận,null,https://files.customs.gov.vn/CustomsCMS/TONG_CUC/2026/3/5/VB_13157.pdf,https://www.customs.gov.vn/index.jsp?pageId=3&id=102678&cid=1294,2026,03/2026,2026-10-08T09:33:54Z
121,31/TB-HQKV18,03/03/2026,Chi cục Hải quan khu vực XVIII,V/v Giới thiệu chức danh và chữ ký cán bộ Lãnh đạo thuộc Chi cục Hải quan khu vực XVIII,102668,305,19,DONG_NAI,null,null,https://files.customs.gov.vn/CustomsCMS/DONG_NAI/2026/3/3/31_TB_HQKV18_03_03_2026.pdf,https://www.customs.gov.vn/index.jsp?pageId=3&id=102668&cid=1294,2026,03/2026,2026-10-08T09:33:54Z
122,662/HQKV1-NVHQ,02/03/2026,Phòng Nghiệp vụ Hải quan,"Thông báo phát hành biên lai, cập nhật thông tin phát hành biên lai của Công ty cổ phần Bưu chính Viettel",102773,305,19,HA_NOI,null,null,https://files.customs.gov.vn/CustomsCMS/HA_NOI/2026/3/10/869662.PDF,https://www.customs.gov.vn/index.jsp?pageId=3&id=102773&cid=1294,2026,03/2026,2026-10-08T09:33:54Z
123,663/HQKV1-NVHQ,02/03/2026,Phòng Nghiệp vụ Hải quan,"Thông báo phát hành biên lai, cập nhật thông tin phát hành biên lai của Công ty TNHH Fedex Express Việt Nam",102772,305,19,HA_NOI,null,null,https://files.customs.gov.vn/CustomsCMS/HA_NOI/2026/3/10/663.PDF,https://www.customs.gov.vn/index.jsp?pageId=3&id=102772&cid=1294,2026,03/2026,2026-10-08T09:33:54Z
124,21/2026/QĐ-TTg,30/04/2026,Thủ tướng Chính phủ,V/v Ban hành Danh mục công nghệ chiến lược và Danh mục sản phẩm công nghệ chiến lược,104964,305,10,DONG_NAI,null,01/07/2026,https://files.customs.gov.vn/CustomsCMS/DONG_NAI/2026/7/1/21_2026_QD_TTg_30_04_2026.pdf,https://www.customs.gov.vn/index.jsp?pageId=3&id=104964&cid=1294,2026,04/2026,2026-10-08T09:33:54Z
125,1040./QĐ-BTC,29/04/2026,Bộ Tài chính,"Quyết định về việc công bố thủ tục hành chính được sửa đổi, bổ sung, bị bãi bỏ trong lĩnh vực Hải quan thuộc phạm vi chức năng quản lý nhà nước của Bộ Tài chính",103505,305,10,CAO_BANG,Nguyễn Đức Chi - Thứ trưởng,29/04/2026,https://files.customs.gov.vn/CustomsCMS/CAO_BANG/2026/5/5/1040_29042026_163917.pdf,https://www.customs.gov.vn/index.jsp?pageId=3&id=103505&cid=1294,2026,04/2026,2026-10-08T09:33:54Z
126,1258/TB-HQKV6,29/04/2026,Chi  cục Hải quan khu vực VI,"Lựa chọn tổ chức,  doanh nghiệp thẩm định giá (lần 2)",103497,305,19,LANG_SON,Mã Thanh Giang,null,https://files.customs.gov.vn/CustomsCMS/LANG_SON/2026/5/4/TB 1258 DN thẩm định giá (lần 2).pdf,https://www.customs.gov.vn/index.jsp?pageId=3&id=103497&cid=1294,2026,04/2026,2026-10-08T09:33:54Z
127,1259/TB-HQKV6,29/04/2026,Chi  cục Hải quan khu vực VI,"Lựa chọn tổ chức,  doanh nghiệp thẩm định giá (lần 2)",103499,305,19,LANG_SON,Mã Thanh Giang,null,"https://files.customs.gov.vn/CustomsCMS/LANG_SON/2026/5/4/TB1259 DN thẩm định giá (lần 2).pdf,/CustomsCMS/LANG_SON/2026/5/15/1259_PL.pdf",https://www.customs.gov.vn/index.jsp?pageId=3&id=103499&cid=1294,2026,04/2026,2026-10-08T09:33:54Z
128,1260/TB-HQKV6,29/04/2026,Chi  cục Hải quan khu vực VI,Bán tài sản được xác lập quyền sở hữu toàn dân theo hình thức chỉ định,103493,305,19,LANG_SON,Mã Thanh Giang,null,https://files.customs.gov.vn/CustomsCMS/LANG_SON/2026/5/4/1260.pdf,https://www.customs.gov.vn/index.jsp?pageId=3&id=103493&cid=1294,2026,04/2026,2026-10-08T09:33:54Z
129,1261/TB-HQKV6,29/04/2026,Chi  cục Hải quan khu vực VI,Bán tài sản được xác lập quyền sở hữu toàn dân theo hình thức chỉ định,103494,305,19,LANG_SON,Mã Thanh Giang,null,https://files.customs.gov.vn/CustomsCMS/LANG_SON/2026/5/4/1261.pdf,https://www.customs.gov.vn/index.jsp?pageId=3&id=103494&cid=1294,2026,04/2026,2026-10-08T09:33:54Z
130,1262/TB-HQKV6,29/04/2026,Chi  cục Hải quan khu vực VI,Bán tài sản được xác lập quyền sở hữu toàn dân theo hình thức chỉ định,103495,305,19,LANG_SON,Mã Thanh Giang,null,https://files.customs.gov.vn/CustomsCMS/LANG_SON/2026/5/4/1262.pdf,https://www.customs.gov.vn/index.jsp?pageId=3&id=103495&cid=1294,2026,04/2026,2026-10-08T09:33:54Z
131,1793/TB-CKKV2,29/04/2026,Hải quan cửa khẩu cảng Hải Phòng khu vực 2,"Thông báo tìm chủ sở hữu hàng hóa tồn đọng tại kho, bãi, cảng",103514,305,19,HAI_PHONG,null,null,"https://files.customs.gov.vn/CustomsCMS/HAI_PHONG/2026/5/5/THÔNG BÁO TÌM CHỦ SỞ HỮU HÀNG HÓA NHẬP KHẨU - Tháng 04.26.xlsx,/CustomsCMS/HAI_PHONG/2026/5/5/Công văn TB ngày 04.26.pdf",https://www.customs.gov.vn/index.jsp?pageId=3&id=103514&cid=1294,2026,04/2026,2026-10-08T09:33:54Z
132,19/2026/NQ-CP,29/04/2026,Chính phủ,"V/v Cắt giảm, phân cấp, đơn giản hóa thủ tục hành chính, điều kiện kinh doanh thuộc phạm vi quản lý của Bộ Công Thương",103521,305,7,DONG_NAI,null,null,https://files.customs.gov.vn/CustomsCMS/DONG_NAI/2026/5/6/19_2026_NQ_CP_29_04_2026.pdf,https://www.customs.gov.vn/index.jsp?pageId=3&id=103521&cid=1294,2026,04/2026,2026-10-08T09:33:54Z
133,2137/TB-CKKV1,29/04/2026,Hải quan cửa khẩu cảng Hải Phòng khu vực 1,Về việc tìm chủ hàng hóa tồn đọng,103586,"305, 310",19,HAI_PHONG,null,null,"https://files.customs.gov.vn/CustomsCMS/HAI_PHONG/2026/5/11/Thông báo tìm chủ hàng hóa tồn đọng (1).pdf,/CustomsCMS/HAI_PHONG/2026/5/11/Danh sách hàng hóa cần tìm chủ hàng..pdf",https://www.customs.gov.vn/index.jsp?pageId=3&id=103586&cid=1294,2026,04/2026,2026-10-08T09:33:54Z
134,24/2026/NQ-CP,29/04/2026,Chính phủ,"V/v Cắt giảm, phân cấp, đơn giản hóa thủ tục hành chính, điều kiện kinh doanh lĩnh vực quốc phòng, nội vụ, tài chính, xây dựng, ngoại giao, tư pháp, ngân hàng",104541,305,7,DONG_NAI,null,null,https://files.customs.gov.vn/CustomsCMS/DONG_NAI/2026/6/9/24_2026_NQ_CP_29_04_2026.pdf,https://www.customs.gov.vn/index.jsp?pageId=3&id=104541&cid=1294,2026,04/2026,2026-10-08T09:33:54Z
135,482/TB-CNC,29/04/2026,Chi cục Hải quan khu vực II,Thông báo về việc sẽ áp dụng biện pháp tạm hoãn xuất cảnh,103761,305,19,TONG_CUC,null,null,https://files.customs.gov.vn/CustomsCMS/TONG_CUC/2026/5/15/VB_23588.pdf,https://www.customs.gov.vn/index.jsp?pageId=3&id=103761&cid=1294,2026,04/2026,2026-10-08T09:33:54Z
136,NQ số 24/2026/NQ-CP,29/04/2026,Chính phủ,"Nghị quyết số 24/2026/NQ-CP của Chính phủ: Cắt giảm, phân cấp, đơn giản hóa thủ tục hành chính, điều kiện kinh doanh lĩnh vực quốc phòng, nội vụ, tài chính, xây dựng, ngoại giao, tư pháp, ngân hàng",104381,"305, 310",7,THANH_HOA,null,null,https://files.customs.gov.vn/CustomsCMS/THANH_HOA/2026/6/4/NQ 24.2026.CP.pdf,https://www.customs.gov.vn/index.jsp?pageId=3&id=104381&cid=1294,2026,04/2026,2026-10-08T09:33:54Z
137,277/QĐ-HQKV6,28/04/2026,Chi  cục Hải quan khu vực VI,Công bố công khai thực hiện NSNN quý I năm 2026 của Chi cục Hải quan khu vực VI,104287,305,10,LANG_SON,null,null,https://files.customs.gov.vn/CustomsCMS/LANG_SON/2026/6/3/277.pdf,https://www.customs.gov.vn/index.jsp?pageId=3&id=104287&cid=1294,2026,04/2026,2026-10-08T09:33:54Z
138,581/QĐ-CNC,28/04/2026,Chi cục Hải quan khu vực II,"Quyết định về việc cưỡng chế thi hành quyết định hành chính về quản lý thuế bằng biện pháp dừng làm thủ tục hải quan đối với hàng hóa xuất khẩu, nhập khẩu",103740,305,19,TONG_CUC,null,null,https://files.customs.gov.vn/CustomsCMS/TONG_CUC/2026/5/15/VB_23702.pdf,https://www.customs.gov.vn/index.jsp?pageId=3&id=103740&cid=1294,2026,04/2026,2026-10-08T09:33:54Z
139,41/2026/TT-BXD,26/04/2026,Bộ Xây Dựng,"V/v Quản lý chất lượng sản phẩm, hàng hóa vật liệu xây dựng",104967,305,4,DONG_NAI,null,01/07/2026,https://files.customs.gov.vn/CustomsCMS/DONG_NAI/2026/7/1/41_2026_TT_BXD_26_06_2026.pdf,https://www.customs.gov.vn/index.jsp?pageId=3&id=104967&cid=1294,2026,04/2026,2026-10-08T09:33:54Z
140,161/QĐ-ĐTCBL,24/04/2026,Chi cục Điều tra chống buôn lậu,Về việc công khai số liệu xét duyệt quyết toán ngân sách nhà nước năm 2025 của Chi cục Điều tra chống buôn lậu,103384,305,19,TONG_CUC,Đặng Thanh Dũng,null,https://files.customs.gov.vn/CustomsCMS/TONG_CUC/2026/4/24/161-P4.PDF,https://www.customs.gov.vn/index.jsp?pageId=3&id=103384&cid=1294,2026,04/2026,2026-10-08T09:33:54Z
141,3973/HQKV2-VP,24/04/2026,Chi cục Hải quan khu vực II,Về việc mời báo giá dịch vụ,103386,305,16,TP_HO_CHI_MINH,null,null,https://files.customs.gov.vn/CustomsCMS/TP_HO_CHI_MINH/2026/4/24/VB_3973.pdf,https://www.customs.gov.vn/index.jsp?pageId=3&id=103386&cid=1294,2026,04/2026,2026-10-08T09:33:54Z
142,4055/HQKV2-VP,24/04/2026,Chi cục Hải quan khu vực II,V/v mời báo giá dịch vụ,103393,305,16,TP_HO_CHI_MINH,null,null,https://files.customs.gov.vn/CustomsCMS/TP_HO_CHI_MINH/2026/4/28/VB_4055.pdf,https://www.customs.gov.vn/index.jsp?pageId=3&id=103393&cid=1294,2026,04/2026,2026-10-08T09:33:54Z
143,4264/HQKV3-CNTT,24/04/2026,Chi cục Hải quan khu vực III,"Về việc giảm mức thu phí sử dụng công trình, kết cấu hạ tầng cảng biển Hải Phòng",103394,305,19,HAI_PHONG,null,null,"https://files.customs.gov.vn/CustomsCMS/HAI_PHONG/2026/4/28/351.CVND.pdf,/CustomsCMS/HAI_PHONG/2026/4/28/350.CVND.pdf,/CustomsCMS/HAI_PHONG/2026/4/28/Thông báo Giảm phí CSHT.pdf",https://www.customs.gov.vn/index.jsp?pageId=3&id=103394&cid=1294,2026,04/2026,2026-10-08T09:33:54Z
144,773/HQKV9-HQHL,24/04/2026,Chi cục Hải quan khu vực IX,Đề nghị thu hồi Giấy chứng nhận đăng ký doanh nghiệp,103762,305,19,TONG_CUC,null,null,https://files.customs.gov.vn/CustomsCMS/TONG_CUC/2026/5/15/VB_773.pdf,https://www.customs.gov.vn/index.jsp?pageId=3&id=103762&cid=1294,2026,04/2026,2026-10-08T09:33:54Z
145,3852/HQKV2-VP,23/04/2026,Chi cục Hải quan khu vực II,V/v mời báo giá dịch vụ,103335,305,16,TP_HO_CHI_MINH,null,null,https://files.customs.gov.vn/CustomsCMS/TP_HO_CHI_MINH/2026/4/23/VB_3852.pdf,https://www.customs.gov.vn/index.jsp?pageId=3&id=103335&cid=1294,2026,04/2026,2026-10-08T09:33:54Z
146,3943/HQKV2-VP,23/04/2026,Chi cục Hải quan khu vực II,V/v mời báo giá dịch vụ,103334,305,16,TP_HO_CHI_MINH,null,null,https://files.customs.gov.vn/CustomsCMS/TP_HO_CHI_MINH/2026/4/23/VB_3943.pdf,https://www.customs.gov.vn/index.jsp?pageId=3&id=103334&cid=1294,2026,04/2026,2026-10-08T09:33:54Z
147,3944/HQKV2-VP,23/04/2026,Chi cục Hải quan khu vực II,V/v mời báo giá dịch vụ,103333,305,16,TP_HO_CHI_MINH,null,null,https://files.customs.gov.vn/CustomsCMS/TP_HO_CHI_MINH/2026/4/23/VB_3944.pdf,https://www.customs.gov.vn/index.jsp?pageId=3&id=103333&cid=1294,2026,04/2026,2026-10-08T09:33:54Z
148,3945/HQKV2-VP,23/04/2026,Chi cục Hải quan khu vực II,V/v mời báo giá dịch vụ,103332,305,19,TP_HO_CHI_MINH,null,null,https://files.customs.gov.vn/CustomsCMS/TP_HO_CHI_MINH/2026/4/23/VB_3945.pdf,https://www.customs.gov.vn/index.jsp?pageId=3&id=103332&cid=1294,2026,04/2026,2026-10-08T09:33:54Z
149,3972/HQKV2-VP,23/04/2026,Chi cục Hải quan khu vực II,Về việc mời báo giá dịch vụ,103387,305,16,TP_HO_CHI_MINH,null,null,https://files.customs.gov.vn/CustomsCMS/TP_HO_CHI_MINH/2026/4/24/VB_3972.pdf,https://www.customs.gov.vn/index.jsp?pageId=3&id=103387&cid=1294,2026,04/2026,2026-10-08T09:33:54Z
150,3983/HQKV2-NVHQ,23/04/2026,Chi cục Hải quan khu vực II,Cập nhật thông tin phát hành biên lai trên trang thông tin điện tử (FedEx Express),103383,305,19,TONG_CUC,null,null,https://files.customs.gov.vn/CustomsCMS/TONG_CUC/2026/4/24/Thông báo phát hành biên lai tự in (Công ty TNHH FedEx Express Việt Nam - Chi nhánh TP.HCM).pdf,https://www.customs.gov.vn/index.jsp?pageId=3&id=103383&cid=1294,2026,04/2026,2026-10-08T09:33:54Z
151,846/HQKV18-VP,22/04/2026,Chi cục Hải quan khu vực XVIII,V/v Thông báo nghỉ ngày Giỗ Tổ Hùng Vương và nghỉ lễ 30/4-1/5 năm 2026 (Các doanh nghiệp làm thủ tục tại Chi cục Hải quan khu vực XVIII),103322,305,16,DONG_NAI,null,null,https://files.customs.gov.vn/CustomsCMS/DONG_NAI/2026/4/22/846_HQKV18_VP_22_04_2026.pdf,https://www.customs.gov.vn/index.jsp?pageId=3&id=103322&cid=1294,2026,04/2026,2026-10-08T09:33:54Z
152,313/QĐ-HQKV6,21/04/2026,Chi  cục Hải quan khu vực VI,Công bố công khai số liệu  xét duyệt Quyết toán  ngân sách năm 2025 của Chi cục Hải quan khu vực VI,104464,305,10,LANG_SON,null,null,,https://www.customs.gov.vn/index.jsp?pageId=3&id=104464&cid=1294,2026,04/2026,2026-10-08T09:33:54Z
153,169/QĐ-HQKV19,17/04/2026,Chi cục Hải quan khu vực XIX,Công bố công khai số liệu quyết toán ngân sách năm 2025 của Chi cục Hải quan khu vực XIX,103579,305,10,CAN_THO,null,17/04/2026,https://files.customs.gov.vn/CustomsCMS/CAN_THO/2026/5/8/QD169_2026.pdf,https://www.customs.gov.vn/index.jsp?pageId=3&id=103579&cid=1294,2026,04/2026,2026-10-08T09:33:54Z
154,1986/TB-HQĐV,17/04/2026,Hải quan cửa khẩu cảng Đình Vũ,Thông báo tìm chủ sở hữu hàng hóa tồn đọng (Kỳ tháng 4/2026).,103307,305,19,HAI_PHONG,null,null,"https://files.customs.gov.vn/CustomsCMS/HAI_PHONG/2026/4/21/3.2- DS kèm TB tìm chủ sở hữu hàng hóa tồn đọng (kỳ tháng 4.2026).pdf,/CustomsCMS/HAI_PHONG/2026/4/21/3.1- Thông báo tìm chủ sở hữu hàng hóa tồn đọng (kỳ tháng 4.2026).pdf",https://www.customs.gov.vn/index.jsp?pageId=3&id=103307&cid=1294,2026,04/2026,2026-10-08T09:33:54Z
155,823/HQKV16-VP,17/04/2026,Chi cục Hải quan khu vực XVI,"V/v cung cấp báo giá dịch vụ bảo trì, bảo dưỡng cân ô tô 60 tấn",103262,305,19,CAO_BANG,Lê Viết Phong - Phó Chi cục trưởng,17/04/2026,https://files.customs.gov.vn/CustomsCMS/CAO_BANG/2026/4/17/1. CV lấy báo giá cân ô tô.pdf,https://www.customs.gov.vn/index.jsp?pageId=3&id=103262&cid=1294,2026,04/2026,2026-10-08T09:33:54Z
156,964./QĐ-BTC,17/04/2026,Bộ Tài chính,"Quyết định về việc công bố thủ tục hành chính được sửa đổi, bổ sung và bị bãi bỏ trong lĩnh vực hải quan thuộc phạm vi chức năng quản lý nhà nước của Bộ Tài chính",103314,305,10,CAO_BANG,Thứ trưởng Cao Anh Tuấn,17/04/2026,https://files.customs.gov.vn/CustomsCMS/CAO_BANG/2026/4/21/964_20042026_154349.pdf,https://www.customs.gov.vn/index.jsp?pageId=3&id=103314&cid=1294,2026,04/2026,2026-10-08T09:33:54Z
157,140/QĐ-HQKV13,16/04/2026,Chi cục Hải quan khu vực XIII,Quyết định công bố công khai quyết toán ngân sách năm 2025 của Chi cục Hải quan khu vực XIII,103477,305,10,KHANH_HOA,null,null,https://files.customs.gov.vn/CustomsCMS/KHANH_HOA/2026/4/29/656140_QD-HQKV13_congkhai-quyet-toan-ngan-sach-nam2025.pdf,https://www.customs.gov.vn/index.jsp?pageId=3&id=103477&cid=1294,2026,04/2026,2026-10-08T09:33:54Z
158,3768/HQKV2-VP,16/04/2026,Chi cục Hải quan khu vực II,V/v mời báo giá dịch vụ tư vấn lập E-HSMT và đánh giá E-HSDT,103254,305,16,TP_HO_CHI_MINH,null,null,https://files.customs.gov.vn/CustomsCMS/TP_HO_CHI_MINH/2026/4/17/VB_3768.pdf,https://www.customs.gov.vn/index.jsp?pageId=3&id=103254&cid=1294,2026,04/2026,2026-10-08T09:33:54Z
159,3769/HQKV2-VP,16/04/2026,Chi cục Hải quan khu vực II,V/v mời báo giá dịch vụ tư vấn thẩm định các nội dung trong lựa chọn nhà thầu,103253,305,16,TP_HO_CHI_MINH,null,null,https://files.customs.gov.vn/CustomsCMS/TP_HO_CHI_MINH/2026/4/17/VB_3769.pdf,https://www.customs.gov.vn/index.jsp?pageId=3&id=103253&cid=1294,2026,04/2026,2026-10-08T09:33:54Z
160,793/HQKV18-NV,16/04/2026,Chi cục Hải quan khu vực XVIII,"V/v Lấy ý kiến dự thảo Thông tư hướng dẫn Luật Quản lý thuế 2025 đối với hàng hóa xuất khẩu, nhập khẩu (Các doanh nghiệp làm thủ tục tại Chi cục Hải quan khu vực XVIII)",103240,305,16,DONG_NAI,null,null,https://files.customs.gov.vn/CustomsCMS/DONG_NAI/2026/4/16/793_HQKV18_NV_16_04_2026.pdf,https://www.customs.gov.vn/index.jsp?pageId=3&id=103240&cid=1294,2026,04/2026,2026-10-08T09:33:54Z
161,1068/TB-HQKV6,15/04/2026,Chi  cục Hải quan khu vực VI,Kết quả lựa chọn tổ chức thẩm định giá,103211,305,19,LANG_SON,Mã Thanh Giang,null,https://files.customs.gov.vn/CustomsCMS/LANG_SON/2026/4/15/1068.pdf,https://www.customs.gov.vn/index.jsp?pageId=3&id=103211&cid=1294,2026,04/2026,2026-10-08T09:33:54Z
162,1069/TB-HQKV6,15/04/2026,Chi  cục Hải quan khu vực VI,Lựa chọn doanh nghiệp thẩm định giá,103308,305,19,LANG_SON,Mã Thanh Giang,null,https://files.customs.gov.vn/CustomsCMS/LANG_SON/2026/4/21/1069.pdf,https://www.customs.gov.vn/index.jsp?pageId=3&id=103308&cid=1294,2026,04/2026,2026-10-08T09:33:54Z
163,1848/HQKV1-NVHQ,15/04/2026,Phòng Nghiệp vụ Hải quan,"Thông báo phát hành, sử dụng biên lai thu thuế, lệ phí hải quan",103385,305,19,HA_NOI,null,null,https://files.customs.gov.vn/CustomsCMS/HA_NOI/2026/4/24/1.PDF,https://www.customs.gov.vn/index.jsp?pageId=3&id=103385&cid=1294,2026,04/2026,2026-10-08T09:33:54Z
164,2537/CV-BCĐTƯATTP,10/04/2026,BAN CHỈ ĐẠO LIÊN NGÀNH TƯ  VỀ AN TOÀN THỰC PHẨM,Triển khai “Tháng hành động  vì an toàn thực phẩm” năm 2026,104065,305,19,TONG_CUC,null,null,https://files.customs.gov.vn/CustomsCMS/TONG_CUC/2026/5/28/2026.4.9  Cong van gui cac Bo.signed.pdf.pdf.pdf,https://www.customs.gov.vn/index.jsp?pageId=3&id=104065&cid=1294,2026,04/2026,2026-10-08T09:33:54Z
165,3701/HQKV2-VP,10/04/2026,Chi cục Hải quan khu vực II,V/v mời báo giá dịch vụ,103144,305,16,TP_HO_CHI_MINH,null,null,https://files.customs.gov.vn/CustomsCMS/TP_HO_CHI_MINH/2026/4/13/VB_3701.pdf,https://www.customs.gov.vn/index.jsp?pageId=3&id=103144&cid=1294,2026,04/2026,2026-10-08T09:33:54Z
166,3702/HQKV2-VP,10/04/2026,Chi cục Hải quan khu vực II,V/v mời báo giá dịch vụ,103169,305,16,TP_HO_CHI_MINH,null,null,https://files.customs.gov.vn/CustomsCMS/TP_HO_CHI_MINH/2026/4/14/VB_3702.pdf,https://www.customs.gov.vn/index.jsp?pageId=3&id=103169&cid=1294,2026,04/2026,2026-10-08T09:33:54Z
167,169/QĐ-HQKV7,09/04/2026,Chi cục Hải quan khu vực VII,Công bố công khai tình hình thực hiện dự toán chi ngân sách nhà nước 03 tháng năm 2026 của Chi cục Hải quan khu vực VII,103581,305,10,TONG_CUC,Trần Phú Cương,null,"https://files.customs.gov.vn/CustomsCMS/TONG_CUC/2026/5/8/1. Quyet dinh cong khai thực hiện du toan quý 1 năm 2026.pdf,/CustomsCMS/TONG_CUC/2026/5/8/1.Mẫu công khai thực hiện dự toán quý 1.2026 KV7.pdf,/CustomsCMS/TONG_CUC/2026/5/8/1.Phụ lục 1 công khai thực hien 03 tháng 2026.pdf",https://www.customs.gov.vn/index.jsp?pageId=3&id=103581&cid=1294,2026,04/2026,2026-10-08T09:33:54Z
168,185/QĐ-HQKV16,09/04/2026,Chi cục Hải quan khu vực XVI,Quyết định về việc công khai tình hình thực hiện dự toán chi NSNN quý I/2026,103199,305,10,CAO_BANG,Nguyễn Thế Bằng,09/04/2026,"https://files.customs.gov.vn/CustomsCMS/CAO_BANG/2026/4/15/d15e1950-4a4d-4708-b3c5-d3c2c2f6f0dd.pdf,/CustomsCMS/CAO_BANG/2026/4/15/c3883e26-ccdf-4a45-a841-a3ca7133c51b.pdf",https://www.customs.gov.vn/index.jsp?pageId=3&id=103199&cid=1294,2026,04/2026,2026-10-08T09:33:54Z
169,3679/HQKV2-VP,09/04/2026,Chi cục Hải quan khu vực II,V/v mời báo giá dịch vụ,103149,305,16,TP_HO_CHI_MINH,null,null,https://files.customs.gov.vn/CustomsCMS/TP_HO_CHI_MINH/2026/4/13/VB_3679.pdf,https://www.customs.gov.vn/index.jsp?pageId=3&id=103149&cid=1294,2026,04/2026,2026-10-08T09:33:54Z
170,3680/HQKV2-VP,09/04/2026,Chi cục Hải quan khu vực II,V/v mời báo giá dịch vụ,103148,305,16,TP_HO_CHI_MINH,null,null,https://files.customs.gov.vn/CustomsCMS/TP_HO_CHI_MINH/2026/4/13/VB_3680.pdf,https://www.customs.gov.vn/index.jsp?pageId=3&id=103148&cid=1294,2026,04/2026,2026-10-08T09:33:54Z
171,3681/HQKV2-VP,09/04/2026,Chi cục Hải quan khu vực II,V/v mời báo giá dịch vụ,103147,305,16,TP_HO_CHI_MINH,null,null,https://files.customs.gov.vn/CustomsCMS/TP_HO_CHI_MINH/2026/4/13/VB_3681.pdf,https://www.customs.gov.vn/index.jsp?pageId=3&id=103147&cid=1294,2026,04/2026,2026-10-08T09:33:54Z
172,3682/HQKV2-VP,09/04/2026,Chi cục Hải quan khu vực II,V/v mời báo giá dịch vụ,103146,305,16,TP_HO_CHI_MINH,null,null,https://files.customs.gov.vn/CustomsCMS/TP_HO_CHI_MINH/2026/4/13/VB_3682.pdf,https://www.customs.gov.vn/index.jsp?pageId=3&id=103146&cid=1294,2026,04/2026,2026-10-08T09:33:54Z
173,3685/HQKV2-VP,09/04/2026,Chi cục Hải quan khu vực II,V/v mời báo giá dịch vụ,103145,305,16,TP_HO_CHI_MINH,null,null,https://files.customs.gov.vn/CustomsCMS/TP_HO_CHI_MINH/2026/4/13/VB_3685.pdf,https://www.customs.gov.vn/index.jsp?pageId=3&id=103145&cid=1294,2026,04/2026,2026-10-08T09:33:54Z
174,14930/CHQ-TVQT,08/04/2026,Cục Hải quan,Công khai số liệu và thuyết minh tình hình thực hiện dự toán chi NSNN 03 tháng đầu năm 2026 của Cục Hải quan (đơn vị sử dụng ngân sách),103130,305,19,TONG_CUC,Trịnh Văn Nhuận,null,https://files.customs.gov.vn/CustomsCMS/TONG_CUC/2026/4/10/VB_14930.pdf,https://www.customs.gov.vn/index.jsp?pageId=3&id=103130&cid=1294,2026,04/2026,2026-10-08T09:33:54Z
175,14893/CHQ-TVQT,07/04/2026,Cục Hải quan,Công khai thuyết minh tình hình và số liệu thực hiện dự toán ngân sách nhà nước 03 tháng đầu năm 2026 của Cục Hải quan,103129,305,19,TONG_CUC,null,null,https://files.customs.gov.vn/CustomsCMS/TONG_CUC/2026/4/10/VB_14893.pdf,https://www.customs.gov.vn/index.jsp?pageId=3&id=103129&cid=1294,2026,04/2026,2026-10-08T09:33:54Z
176,3038/HQKV2-VP,07/04/2026,Chi cục Hải quan khu vực II,V/v mời báo giá dịch vụ tiêu hủy tài sản là hàng hóa tồn đọng (lần 3),103074,305,16,TP_HO_CHI_MINH,null,null,https://files.customs.gov.vn/CustomsCMS/TP_HO_CHI_MINH/2026/4/8/VB_3038.pdf,https://www.customs.gov.vn/index.jsp?pageId=3&id=103074&cid=1294,2026,04/2026,2026-10-08T09:33:54Z
177,3040/HQKV2-VP,07/04/2026,Chi cục Hải quan khu vực II,báo cáo công khai thực hiện dự toán thu chi NSNN 3 tháng đầu năm 2026 (nguồn ngân sách địa phương hỗ trợ),104014,305,16,TP_HO_CHI_MINH,null,null,https://files.customs.gov.vn/CustomsCMS/TP_HO_CHI_MINH/2026/5/25/VB_3040.pdf,https://www.customs.gov.vn/index.jsp?pageId=3&id=104014&cid=1294,2026,04/2026,2026-10-08T09:33:54Z
178,3042/HQKV2-VP,07/04/2026,Chi cục Hải quan khu vực II,báo cáo công khai thực hiện dự toán thu chi NSNN 3 tháng đầu năm 2026,104015,305,16,TP_HO_CHI_MINH,null,null,https://files.customs.gov.vn/CustomsCMS/TP_HO_CHI_MINH/2026/5/25/VB_3042.pdf,https://www.customs.gov.vn/index.jsp?pageId=3&id=104015&cid=1294,2026,04/2026,2026-10-08T09:33:54Z
179,3411/HQKV3-VP,07/04/2026,Chi cục Hải quan khu vực III,Thư chào giá tư vấn thầu,103050,305,18,HAI_PHONG,null,null,https://files.customs.gov.vn/CustomsCMS/HAI_PHONG/2026/4/7/3411 Thư chào giá.pdf,https://www.customs.gov.vn/index.jsp?pageId=3&id=103050&cid=1294,2026,04/2026,2026-10-08T09:33:54Z
180,66.16/2026/NQ-CP,07/04/2026,Chính phủ,"V/v Nghị quyết cắt giảm, đơn giản hóa thủ tục hành chính, quy định liên quan đến hoạt động sản xuất, kinh doanh",103189,305,7,DONG_NAI,null,15/04/2026,https://files.customs.gov.vn/CustomsCMS/DONG_NAI/2026/4/15/66.16_2026_NQ_CP_07_04_2026_1.pdf,https://www.customs.gov.vn/index.jsp?pageId=3&id=103189&cid=1294,2026,04/2026,2026-10-08T09:33:54Z
181,916/HQKV6-NVHQ,07/04/2026,Chi cục Hải quan khu vực VI,thông báo doanh nghiệp vi phạm không được mang hàng về bảo quản của Công Ty Tnhh Công Nghệ Công Trình Sheng Huei,103057,305,19,TONG_CUC,null,null,https://files.customs.gov.vn/CustomsCMS/TONG_CUC/2026/4/7/Bảo quản Cty Sheng Huei.pdf,https://www.customs.gov.vn/index.jsp?pageId=3&id=103057&cid=1294,2026,04/2026,2026-10-08T09:33:54Z
182,128/QĐ-HQKV13,06/04/2026,Chi cục Hải quan khu vực XIII,"Quyết định công khai tình hình thực hiện dự toán thu, chi NSNN 03 tháng năm 2026 của Chi cục Hải quan khu vực XIII",103236,305,10,KHANH_HOA,null,null,https://files.customs.gov.vn/CustomsCMS/KHANH_HOA/2026/4/16/128-HQKV13-QD_cong-khai-du-toan-thu-chi-quy-I_2026.pdf,https://www.customs.gov.vn/index.jsp?pageId=3&id=103236&cid=1294,2026,04/2026,2026-10-08T09:33:54Z
183,1388/HQKV8-VP,06/04/2026,Chi cục Hải quan khu vực VIII,V/v đề nghị cung cấp báo giá hệ thống kiểm soát truy cập mạng năm 2026,103077,305,16,QUANG_NINH,Bùi Ngọc Lợi,06/04/2026,"https://files.customs.gov.vn/CustomsCMS/QUANG_NINH/2026/4/8/Cung cấp báo giá hệ thống kiểm soát truy cập mạng.pdf,/CustomsCMS/QUANG_NINH/2026/4/8/Phu luc 8.4.pdf",https://www.customs.gov.vn/index.jsp?pageId=3&id=103077&cid=1294,2026,04/2026,2026-10-08T09:33:54Z
184,1390/HQKV8-VP,06/04/2026,Chi cục Hải quan khu vực VIII,"V/v đề nghị cung cấp báo giá sửa chữa 
seal định vị điện tử.",103049,305,16,QUANG_NINH,Bùi Ngọc Lợi,06/04/2026,"https://files.customs.gov.vn/CustomsCMS/QUANG_NINH/2026/4/7/Báo giá.pdf,/CustomsCMS/QUANG_NINH/2026/4/7/phụ lục.pdf",https://www.customs.gov.vn/index.jsp?pageId=3&id=103049&cid=1294,2026,04/2026,2026-10-08T09:33:54Z
185,2786/HQKV2-VP,06/04/2026,Chi cục Hải quan khu vực II,Về việc mời tham gia báo giá mực in máy photo,103054,305,16,TP_HO_CHI_MINH,null,null,https://files.customs.gov.vn/CustomsCMS/TP_HO_CHI_MINH/2026/4/7/VB_2786.pdf,https://www.customs.gov.vn/index.jsp?pageId=3&id=103054&cid=1294,2026,04/2026,2026-10-08T09:33:54Z
186,2808/HQKV2-VP,06/04/2026,Chi cục Hải quan khu vực II,V/v mời cung cấp báo giá dịch vụ giám định tài sản là hàng hóa của 13 container tồn đọng tại cảng VICT,103052,305,16,TP_HO_CHI_MINH,null,null,https://files.customs.gov.vn/CustomsCMS/TP_HO_CHI_MINH/2026/4/7/VB_2808.pdf,https://www.customs.gov.vn/index.jsp?pageId=3&id=103052&cid=1294,2026,04/2026,2026-10-08T09:33:54Z
187,2810/HQKV2-VP,06/04/2026,Chi cục Hải quan khu vực II,V/v mời báo giá dịch vụ tiêu hủy tài sản là tang vật vi phạm hành chính bị tịch thu,103051,305,16,TP_HO_CHI_MINH,null,null,https://files.customs.gov.vn/CustomsCMS/TP_HO_CHI_MINH/2026/4/7/VB_2810 (2).pdf,https://www.customs.gov.vn/index.jsp?pageId=3&id=103051&cid=1294,2026,04/2026,2026-10-08T09:33:54Z
188,59/TB-HQKV2,06/04/2026,Chi cục Hải quan khu vực II,Về việc tuyển dụng Hợp đồng lao động theo Nghị định 111/2022/NĐ-CP làm công tác bảo vệ tại Chi cục Hải quan khu vực II,103053,305,19,TP_HO_CHI_MINH,null,null,https://files.customs.gov.vn/CustomsCMS/TP_HO_CHI_MINH/2026/4/7/Thông báo tuyển dụng HĐLĐ 111.pdf,https://www.customs.gov.vn/index.jsp?pageId=3&id=103053&cid=1294,2026,04/2026,2026-10-08T09:33:54Z
189,120/QĐ-CKKV2,03/04/2026,Hải quan cửa khẩu cảng Hải Phòng khu vực 2,Quyết định về việc chấm dứt hiệu lực quyết định cưỡng chế thi hành quyết định hành chính về quản lý thuế bằng biện pháp trích tiền của Công ty cổ phần Hưng Hồng Phát; mã số thuế: 0500597218,103136,305,10,HAI_PHONG,null,null,https://files.customs.gov.vn/CustomsCMS/HAI_PHONG/2026/4/13/chấm dứt QD trích tiền.pdf,https://www.customs.gov.vn/index.jsp?pageId=3&id=103136&cid=1294,2026,04/2026,2026-10-08T09:33:54Z
190,121/QĐ-CKKV2,03/04/2026,Hải quan cửa khẩu cảng Hải Phòng khu vực 2,"Quyết định về việc chấm dứt hiệu lực quyết định cưỡng chế thi hành quyết định hành chính về quản lý thuế bằng biện pháp dừng làm thủ tục hải quan đối với hàng hóa xuất khẩu, nhập khẩu Công ty cổ phần Hưng Hồng Phát; mã số thuế: 0500597218",103135,"381, 305",10,HAI_PHONG,null,null,https://files.customs.gov.vn/CustomsCMS/HAI_PHONG/2026/4/13/chấm dứt QD dunglamTTHQ.pdf,https://www.customs.gov.vn/index.jsp?pageId=3&id=103135&cid=1294,2026,04/2026,2026-10-08T09:33:54Z
191,2528/HQKV2-VP,03/04/2026,Chi cục Hải quan khu vực II,V/v mời báo giá dịch vụ tư vấn lập E-HSMT và đánh giá E-HSDT,103040,305,16,TP_HO_CHI_MINH,null,null,https://files.customs.gov.vn/CustomsCMS/TP_HO_CHI_MINH/2026/4/6/VB_2528.pdf,https://www.customs.gov.vn/index.jsp?pageId=3&id=103040&cid=1294,2026,04/2026,2026-10-08T09:33:54Z
192,2529/HQKV2-VP,03/04/2026,Chi cục Hải quan khu vực II,V/v mời báo giá dịch vụ tư vấn lập E-HSMT và đánh giá E-HSDT,103039,305,16,TP_HO_CHI_MINH,null,null,https://files.customs.gov.vn/CustomsCMS/TP_HO_CHI_MINH/2026/4/6/VB_2529.pdf,https://www.customs.gov.vn/index.jsp?pageId=3&id=103039&cid=1294,2026,04/2026,2026-10-08T09:33:54Z
193,2530/HQKV2-VP,03/04/2026,Chi cục Hải quan khu vực II,V/v mời báo giá dịch vụ tư vấn thẩm định các nội dung trong lựa chọn nhà thầu,103038,305,16,TP_HO_CHI_MINH,null,null,https://files.customs.gov.vn/CustomsCMS/TP_HO_CHI_MINH/2026/4/6/VB_2530.pdf,https://www.customs.gov.vn/index.jsp?pageId=3&id=103038&cid=1294,2026,04/2026,2026-10-08T09:33:54Z
194,2531/HQKV2-VP,03/04/2026,Chi cục Hải quan khu vực II,V/v mời báo giá dịch vụ tư vấn thẩm định các nội dung trong lựa chọn nhà thầu,103037,305,16,TP_HO_CHI_MINH,null,null,https://files.customs.gov.vn/CustomsCMS/TP_HO_CHI_MINH/2026/4/6/VB_2531.pdf,https://www.customs.gov.vn/index.jsp?pageId=3&id=103037&cid=1294,2026,04/2026,2026-10-08T09:33:54Z
195,357/CKKV2-QLT,03/04/2026,Hải quan cửa khẩu cảng Hải Phòng khu vực 2,V/v đề nghị khôi phục tình trạng pháp lý của Công ty cổ phần Hưng Hồng Phát; mã số thuế: 0500597218,103137,305,16,HAI_PHONG,null,null,https://files.customs.gov.vn/CustomsCMS/HAI_PHONG/2026/4/13/chamdut thu hoi GPKD.pdf,https://www.customs.gov.vn/index.jsp?pageId=3&id=103137&cid=1294,2026,04/2026,2026-10-08T09:33:54Z
196,576/HQKV19-VP,03/04/2026,Chi cục Hải quan khu vực XIX,Công khai thực hiện dự toán thu chi ngân sách quý I/2026,103582,305,16,CAN_THO,null,03/04/2026,https://files.customs.gov.vn/CustomsCMS/CAN_THO/2026/5/8/CV576_2026.pdf,https://www.customs.gov.vn/index.jsp?pageId=3&id=103582&cid=1294,2026,04/2026,2026-10-08T09:33:54Z
197,881/TB-HQKV6,03/04/2026,Chi  cục Hải quan khu vực VI,"Lựa chọn tổ chức, doanh nghiệp thẩm định giá",102986,305,19,LANG_SON,Mã Thanh Giang,null,https://files.customs.gov.vn/CustomsCMS/LANG_SON/2026/4/3/881.pdf,https://www.customs.gov.vn/index.jsp?pageId=3&id=102986&cid=1294,2026,04/2026,2026-10-08T09:33:54Z
198,887/TB-HQKV6,03/04/2026,Chi  cục Hải quan khu vực VI,Kết quả lựa chọn tổ chức thẩm định giá,103034,305,19,LANG_SON,Mã Thanh Giang,null,https://files.customs.gov.vn/CustomsCMS/LANG_SON/2026/4/6/887.pdf,https://www.customs.gov.vn/index.jsp?pageId=3&id=103034&cid=1294,2026,04/2026,2026-10-08T09:33:54Z
199,2356/HQKV2-VP,02/04/2026,Chi cục Hải quan khu vực II,V/v mời báo giá dịch vụ tư vấn lập E- HSMT và đánh giá E-HSDT,102985,305,16,TP_HO_CHI_MINH,null,null,https://files.customs.gov.vn/CustomsCMS/TP_HO_CHI_MINH/2026/4/3/VB_2356.pdf,https://www.customs.gov.vn/index.jsp?pageId=3&id=102985&cid=1294,2026,04/2026,2026-10-08T09:33:54Z
200,2357/HQKV2-VP,02/04/2026,Chi cục Hải quan khu vực II,V/v mời báo giá dịch vụ tư vấn thẩm định các nội dung trong lựa chọn nhà thầu,102984,305,16,TP_HO_CHI_MINH,null,null,https://files.customs.gov.vn/CustomsCMS/TP_HO_CHI_MINH/2026/4/3/VB_2357.pdf,https://www.customs.gov.vn/index.jsp?pageId=3&id=102984&cid=1294,2026,04/2026,2026-10-08T09:33:54Z
201,612/QĐ-BTC,02/04/2026,Bộ Công Thương,Áp dụng biện pháp chống lẩn tránh biện pháp phòng vệ thương mại tạm thời đối với một số sản phẩm thép cán nóng có xuất xứ từ Cộng hòa nhân dân Trung Hoa,103232,305,19,TONG_CUC,Nguyễn Sinh Nhật Tân,null,"https://files.customs.gov.vn/CustomsCMS/TONG_CUC/2026/4/16/QD 612 ap dung chong lan tranh bien phap PVTM thep can nong.pdf,/CustomsCMS/TONG_CUC/2026/4/16/VB_15262.pdf",https://www.customs.gov.vn/index.jsp?pageId=3&id=103232&cid=1294,2026,04/2026,2026-10-08T09:33:54Z
202,2212/HQKV2-NVHQ,01/04/2026,Chi cục Hải quan khu vực II,"V/v mời báo trì, bảo dưỡng máy soi hành lý, hàng hóa tại các đơn vị thuộc Chi cục Hải quan Khu vực II",102978,305,16,TP_HO_CHI_MINH,null,null,https://files.customs.gov.vn/CustomsCMS/TP_HO_CHI_MINH/2026/4/2/VB_2212.pdf,https://www.customs.gov.vn/index.jsp?pageId=3&id=102978&cid=1294,2026,04/2026,2026-10-08T09:33:54Z
203,2213/HQKV2-VP,01/04/2026,Chi cục Hải quan khu vực II,V/v mời báo giá dịch vụ tư vấn thẩm định các nội dung trong lựa chọn nhà thầu,102977,305,16,TP_HO_CHI_MINH,null,null,https://files.customs.gov.vn/CustomsCMS/TP_HO_CHI_MINH/2026/4/2/VB_2213.pdf,https://www.customs.gov.vn/index.jsp?pageId=3&id=102977&cid=1294,2026,04/2026,2026-10-08T09:33:54Z
204,2214/HQKV2-VP,01/04/2026,Chi cục Hải quan khu vực II,V/v báo giá dịch vụ tư vấn lập E-HSMT và đánh giá E-HSDT,102976,305,16,TP_HO_CHI_MINH,null,null,https://files.customs.gov.vn/CustomsCMS/TP_HO_CHI_MINH/2026/4/2/VB_2214.pdf,https://www.customs.gov.vn/index.jsp?pageId=3&id=102976&cid=1294,2026,04/2026,2026-10-08T09:33:54Z
205,2231/HQKV2-VP,01/04/2026,Chi cục Hải quan khu vực II,Về việc mời báo giá dịch vụ,102975,305,16,TP_HO_CHI_MINH,null,null,https://files.customs.gov.vn/CustomsCMS/TP_HO_CHI_MINH/2026/4/2/VB_2231.pdf,https://www.customs.gov.vn/index.jsp?pageId=3&id=102975&cid=1294,2026,04/2026,2026-10-08T09:33:54Z
206,618/CKKV3-QLT,01/04/2026,HQ cửa khẩu CSG KV 3,V/v đề nghị thu hồi giấy chứng nhận đăng ký doanh nghiệp,102973,305,16,TP_HO_CHI_MINH,null,null,https://files.customs.gov.vn/CustomsCMS/TP_HO_CHI_MINH/2026/4/2/618.pdf,https://www.customs.gov.vn/index.jsp?pageId=3&id=102973&cid=1294,2026,04/2026,2026-10-08T09:33:54Z
207,628/HQKV18-NV,01/04/2026,Chi cục Hải quan khu vực XVIII,"V/v Lấy ý kiến hồ sơ dự án Luật sửa đổi, bổ sung một số điều của Luật Hải quan (Các doanh nghiệp làm thủ tục hải quan tại Chi cục Hải quan khu vực XVIII)",102970,305,16,DONG_NAI,null,null,https://files.customs.gov.vn/CustomsCMS/DONG_NAI/2026/4/1/628_HQKV18_NV_01_04_2026.pdf,https://www.customs.gov.vn/index.jsp?pageId=3&id=102970&cid=1294,2026,04/2026,2026-10-08T09:33:54Z
208,849-850/TB-HQKV6,01/04/2026,Chi  cục Hải quan khu vực VI,"Lựa chọn  tổ chức, doanh nghiệp thẩm định giá",102981,305,19,LANG_SON,Mã Thanh Giang,null,"https://files.customs.gov.vn/CustomsCMS/LANG_SON/2026/4/3/849CV.pdf,/CustomsCMS/LANG_SON/2026/4/3/850CV.pdf",https://www.customs.gov.vn/index.jsp?pageId=3&id=102981&cid=1294,2026,04/2026,2026-10-08T09:33:54Z
209,1009/TB-HQKV19,29/05/2026,Chi cục Hải quan khu vực XIX,Thông báo về việc điều chỉnh thời gian triển khai đồng bộ mã hải quan,104185,305,19,CAN_THO,null,29/05/2026,https://files.customs.gov.vn/CustomsCMS/CAN_THO/2026/5/31/TB1009HQKV19.pdf,https://www.customs.gov.vn/index.jsp?pageId=3&id=104185&cid=1294,2026,05/2026,2026-10-08T09:33:54Z
210,1107/TB-HQKV13,29/05/2026,Chi cục Hải quan khu vực XIII,Thông báo niêm yết thủ tục hành chính trong lĩnh vực Hải quan,104617,305,19,KHANH_HOA,null,null,https://files.customs.gov.vn/CustomsCMS/KHANH_HOA/2026/6/11/1107_TB-niem- yet-TTHC-trong-linh-vuc-HQ.pdf,https://www.customs.gov.vn/index.jsp?pageId=3&id=104617&cid=1294,2026,05/2026,2026-10-08T09:33:54Z
211,16951/CHQ-GSQL,29/05/2026,Cục Hải quan,V/v triển khai Nghị quyết số 19/2026/NQ-CP của Chính phủ,104615,305,16,THANH_HOA,null,null,"https://files.customs.gov.vn/CustomsCMS/THANH_HOA/2026/6/11/cv 16951.CHQ.pdf,/CustomsCMS/THANH_HOA/2026/6/11/cv 1413 ngày 04.6.2026 triển khai NQ19.pdf",https://www.customs.gov.vn/index.jsp?pageId=3&id=104615&cid=1294,2026,05/2026,2026-10-08T09:33:54Z
212,01292/QĐ-BTC,28/05/2026,Bộ Tài chính,"V/v Công bố thủ tục hành chính được sửa đổi, bổ sung trong lĩnh vực hải quan thuộc phạm vi chức năng quản lý nhà nước của Bộ Tài chính",104265,305,10,DONG_NAI,null,null,https://files.customs.gov.vn/CustomsCMS/DONG_NAI/2026/6/2/1292_QD_BTC_28_05_2026.pdf,https://www.customs.gov.vn/index.jsp?pageId=3&id=104265&cid=1294,2026,05/2026,2026-10-08T09:33:54Z
213,6881/HQKV2-VP,28/05/2026,Chi cục Hải quan khu vực II,V/v mời báo giá dịch vụ,104217,305,16,TP_HO_CHI_MINH,null,null,https://files.customs.gov.vn/CustomsCMS/TP_HO_CHI_MINH/2026/6/1/VB_6881.pdf,https://www.customs.gov.vn/index.jsp?pageId=3&id=104217&cid=1294,2026,05/2026,2026-10-08T09:33:54Z
214,6882/HQKV2-VP,28/05/2026,Chi cục Hải quan khu vực II,V/v mời báo giá dịch vụ,104215,305,16,TP_HO_CHI_MINH,null,null,https://files.customs.gov.vn/CustomsCMS/TP_HO_CHI_MINH/2026/6/1/VB_6882.pdf,https://www.customs.gov.vn/index.jsp?pageId=3&id=104215&cid=1294,2026,05/2026,2026-10-08T09:33:54Z
215,6883/HQKV2-VP,28/05/2026,Chi cục Hải quan khu vực II,V/v mời báo giá dịch vụ,104213,305,16,TP_HO_CHI_MINH,null,null,https://files.customs.gov.vn/CustomsCMS/TP_HO_CHI_MINH/2026/6/1/VB_6883.pdf,https://www.customs.gov.vn/index.jsp?pageId=3&id=104213&cid=1294,2026,05/2026,2026-10-08T09:33:54Z
216,6884/HQKV2-VP,28/05/2026,Chi cục Hải quan khu vực II,V/v mời báo giá dịch vụ,104211,305,16,TP_HO_CHI_MINH,null,null,https://files.customs.gov.vn/CustomsCMS/TP_HO_CHI_MINH/2026/6/1/VB_6884.pdf,https://www.customs.gov.vn/index.jsp?pageId=3&id=104211&cid=1294,2026,05/2026,2026-10-08T09:33:54Z
217,6885/HQKV2-VP,28/05/2026,Chi cục Hải quan khu vực II,V/v mời báo giá dịch vụ,104209,305,16,TP_HO_CHI_MINH,null,null,https://files.customs.gov.vn/CustomsCMS/TP_HO_CHI_MINH/2026/6/1/VB_6885.pdf,https://www.customs.gov.vn/index.jsp?pageId=3&id=104209&cid=1294,2026,05/2026,2026-10-08T09:33:54Z
218,6886/HQKV2-VP,28/05/2026,Chi cục Hải quan khu vực II,V/v mời báo giá dịch vụ,104206,305,16,TP_HO_CHI_MINH,null,null,https://files.customs.gov.vn/CustomsCMS/TP_HO_CHI_MINH/2026/6/1/VB_6886.pdf,https://www.customs.gov.vn/index.jsp?pageId=3&id=104206&cid=1294,2026,05/2026,2026-10-08T09:33:54Z
219,6887/HQKV2-VP,28/05/2026,Chi cục Hải quan khu vực II,V/v mời báo giá dịch vụ,104205,305,16,TP_HO_CHI_MINH,null,null,https://files.customs.gov.vn/CustomsCMS/TP_HO_CHI_MINH/2026/6/1/VB_6887.pdf,https://www.customs.gov.vn/index.jsp?pageId=3&id=104205&cid=1294,2026,05/2026,2026-10-08T09:33:54Z
220,6888/HQKV2-VP,28/05/2026,Chi cục Hải quan khu vực II,V/v mời báo giá dịch vụ,104204,305,16,TP_HO_CHI_MINH,null,null,https://files.customs.gov.vn/CustomsCMS/TP_HO_CHI_MINH/2026/6/1/VB_6888.pdf,https://www.customs.gov.vn/index.jsp?pageId=3&id=104204&cid=1294,2026,05/2026,2026-10-08T09:33:54Z
221,6889/HQKV2-VP,28/05/2026,Chi cục Hải quan khu vực II,V/v mời báo giá dịch vụ,104203,305,16,TP_HO_CHI_MINH,null,null,https://files.customs.gov.vn/CustomsCMS/TP_HO_CHI_MINH/2026/6/1/VB_6889.pdf,https://www.customs.gov.vn/index.jsp?pageId=3&id=104203&cid=1294,2026,05/2026,2026-10-08T09:33:54Z
222,6890/HQKV2-VP,28/05/2026,Chi cục Hải quan khu vực II,V/v mời báo giá dịch vụ,104202,305,16,TP_HO_CHI_MINH,null,null,https://files.customs.gov.vn/CustomsCMS/TP_HO_CHI_MINH/2026/6/1/VB_6890.pdf,https://www.customs.gov.vn/index.jsp?pageId=3&id=104202&cid=1294,2026,05/2026,2026-10-08T09:33:54Z
223,6891/HQKV2-VP,28/05/2026,Chi cục Hải quan khu vực II,V/v mời báo giá dịch vụ,104201,305,16,TP_HO_CHI_MINH,null,null,https://files.customs.gov.vn/CustomsCMS/TP_HO_CHI_MINH/2026/6/1/VB_6891.pdf,https://www.customs.gov.vn/index.jsp?pageId=3&id=104201&cid=1294,2026,05/2026,2026-10-08T09:33:54Z
224,6892/HQKV2-VP,28/05/2026,Chi cục Hải quan khu vực II,V/v mời báo giá dịch vụ,104200,305,16,TP_HO_CHI_MINH,null,null,https://files.customs.gov.vn/CustomsCMS/TP_HO_CHI_MINH/2026/6/1/VB_6892.pdf,https://www.customs.gov.vn/index.jsp?pageId=3&id=104200&cid=1294,2026,05/2026,2026-10-08T09:33:54Z
225,897/QĐ-CHQ,28/05/2026,Cục Hải quan,"Về việc sửa đổi, bổ sung Quyết định số 829/QĐ-CHQ ngày 30 tháng 6 năm 2025 của Cục trưởng Cục Hải quan quy định chức năng, nhiệm vụ và quyền hạn của các Đội Kiểm tra sau thông quan khu vực thuộc Chi cục Kiểm tra sau thông quan và Quyết định số 831/QĐ-CHQ ngày 30 tháng 6 năm 2025 của Cục trưởng Cục Hải quan quy định chức năng, nhiệm vụ và quyền hạn của các Đội Kiểm định hải quan thuộc Chi cục Kiểm định hải quan",104197,305,19,TONG_CUC,Nguyễn Văn Thọ,null,https://files.customs.gov.vn/CustomsCMS/TONG_CUC/2026/6/1/VB_897.pdf,https://www.customs.gov.vn/index.jsp?pageId=3&id=104197&cid=1294,2026,05/2026,2026-10-08T09:33:54Z
226,16753/TB-CHQ,27/05/2026,Cục Hải quan,Về thông tin tài khoản thu NSNN,104048,305,19,TONG_CUC,Bùi Tuấn Hải,null,https://files.customs.gov.vn/CustomsCMS/TONG_CUC/2026/5/27/VB_16753.pdf,https://www.customs.gov.vn/index.jsp?pageId=3&id=104048&cid=1294,2026,05/2026,2026-10-08T09:33:54Z
227,152/TB-HQTN,26/05/2026,Hải quan Thống Nhất - Chi cục HQ khu vực XVIII,V/v Hủy bỏ tạm  hoãn xuất khẩu (Nguyễn Thị Thu Thủy),104037,305,19,DONG_NAI,null,null,https://files.customs.gov.vn/CustomsCMS/DONG_NAI/2026/5/26/152_TB_HQTN_26_05_2026.pdf,https://www.customs.gov.vn/index.jsp?pageId=3&id=104037&cid=1294,2026,05/2026,2026-10-08T09:33:54Z
228,186/2026/NĐ-CP,26/05/2026,Chính phủ,"Nghị định sửa đổi, bổ sung một số Điều của Nghị định soos/2013/NĐ-CP ngày 29/8/2013 của Chính phủ quy định xử phạt vi phạm hành chính trong lĩnh vực sở hữu công nghiệp đã được sửa đổi, bổ sung một số điều theo Nghị định 126/2021/NĐ-CP ngày 30/12/2021 và Nghị định số 46/2024/NĐ-CP ngày 04/5/2024 của Chính phủ",104816,305,8,CAO_BANG,Phó Thủ tướng Chính phủ - Hồ Quốc Dũng,15/07/2026,https://files.customs.gov.vn/CustomsCMS/CAO_BANG/2026/6/19/186_2026_ND-CP_26052026-signed.pdf,https://www.customs.gov.vn/index.jsp?pageId=3&id=104816&cid=1294,2026,05/2026,2026-10-08T09:33:54Z
229,852/QĐ-CHQ,26/05/2026,Cục Hải quan,V/v công bố công khai điều chỉnh dự toán chi NSNN năm 2026,104046,305,19,TONG_CUC,Trịnh Văn Nhuận,null,https://files.customs.gov.vn/CustomsCMS/TONG_CUC/2026/5/27/VB_852.pdf,https://www.customs.gov.vn/index.jsp?pageId=3&id=104046&cid=1294,2026,05/2026,2026-10-08T09:33:54Z
230,977/HQKV19-QLRR&CNTT,26/05/2026,Chi cục Hải quan khu vực XIX,Thông báo về việc cập nhật thay đổi mã đơn vị hải quan,104033,305,19,CAN_THO,null,26/05/2026,https://files.customs.gov.vn/CustomsCMS/CAN_THO/2026/5/26/977TB-HQKV19_26052026.pdf,https://www.customs.gov.vn/index.jsp?pageId=3&id=104033&cid=1294,2026,05/2026,2026-10-08T09:33:54Z
231,3117/HQKV1-CNTT,25/05/2026,Phòng Công nghệ thông tin,Mời báo giá cung cấp thiết bị và dịch vụ công nghệ thông tin,104003,305,19,HA_NOI,null,null,https://files.customs.gov.vn/CustomsCMS/HA_NOI/2026/5/29/Cv3117 moi bao gia (1).pdf,https://www.customs.gov.vn/index.jsp?pageId=3&id=104003&cid=1294,2026,05/2026,2026-10-08T09:33:54Z
232,504/CNTT-QLVH,25/05/2026,Ban CNTT và TKHQ,Cập nhật thay đổi mã đơn vị hải quan - CCHQKV,104013,305,19,TONG_CUC,null,null,"https://files.customs.gov.vn/CustomsCMS/TONG_CUC/2026/5/25/22.05.2026-CV gửi CCHQKV.pdf,/CustomsCMS/TONG_CUC/2026/5/25/19.05.2026-CV gửi ĐVNV.pdf",https://www.customs.gov.vn/index.jsp?pageId=3&id=104013&cid=1294,2026,05/2026,2026-10-08T09:33:54Z
233,Công văn số 367/SPS-BNNMT,25/05/2026,Bộ TNMT,Sao y Công văn số 367/SPS-BNNMT ngày 25/5/2026 của Văn phòng SPS Việt Nam về bản dịch tiếng Việt: Sổ tay hướng dẫn sử dụng hệ thống quản lý đăng ký đối với cơ sở sản xuất thực phẩm nhập khẩu nước ngoài của Tổng cục Hải quan Trung Quốc.,104432,305,16,THANH_HOA,null,null,"https://files.customs.gov.vn/CustomsCMS/THANH_HOA/2026/6/8/cv 367.pdf,/CustomsCMS/THANH_HOA/2026/6/8/TABLE OF CONTENTS.pdf,/CustomsCMS/THANH_HOA/2026/6/8/Công văn phát hành Sổ tay hướng dẫn đăng ký theo CIFER_nxnam3_25_05_2026_12_15_31.docx",https://www.customs.gov.vn/index.jsp?pageId=3&id=104432&cid=1294,2026,05/2026,2026-10-08T09:33:54Z
234,504/CNTT-QLVH,22/05/2026,Ban CNTT&TKHQ,V/v Cập nhật đơn vị hải quan,104044,305,16,KV_15,null,null,https://files.customs.gov.vn/CustomsCMS/KV_15/2026/5/26/504_CNTT_QLVH_22_05_2026.pdf,https://www.customs.gov.vn/index.jsp?pageId=3&id=104044&cid=1294,2026,05/2026,2026-10-08T09:33:54Z
235,6542/HQKV2-VP,22/05/2026,Chi cục Hải quan khu vực II,V/v mời báo giá,103986,305,16,TP_HO_CHI_MINH,null,null,https://files.customs.gov.vn/CustomsCMS/TP_HO_CHI_MINH/2026/5/25/VB_6542.pdf,https://www.customs.gov.vn/index.jsp?pageId=3&id=103986&cid=1294,2026,05/2026,2026-10-08T09:33:54Z
236,16496/TB-CHQ,21/05/2026,Cục Hải quan,Về thông tin tài khoản thu NSNN,103971,305,19,TONG_CUC,null,null,https://files.customs.gov.vn/CustomsCMS/TONG_CUC/2026/5/22/VB_16496 (1).pdf,https://www.customs.gov.vn/index.jsp?pageId=3&id=103971&cid=1294,2026,05/2026,2026-10-08T09:33:54Z
237,200/QĐ-ĐTCBL,21/05/2026,Chi cục Điều tra chống buôn lậu,công khai số liệu điều chỉnh dự toán chi NSNN năm 2026 của Chi cục Điều tra chống buôn lậu,103970,305,19,TONG_CUC,null,null,https://files.customs.gov.vn/CustomsCMS/TONG_CUC/2026/5/22/200-P4.PDF,https://www.customs.gov.vn/index.jsp?pageId=3&id=103970&cid=1294,2026,05/2026,2026-10-08T09:33:54Z
238,6258/HQKV2-VP,21/05/2026,Chi cục Hải quan khu vực II,"V/v mời báo giá dịch vụ thanh lý phá dỡ, hủy bỏ tài sản là tang vật vi phạm hành chính bị tịch thu",103950,305,16,TP_HO_CHI_MINH,null,null,https://files.customs.gov.vn/CustomsCMS/TP_HO_CHI_MINH/2026/5/21/VB_6258.pdf,https://www.customs.gov.vn/index.jsp?pageId=3&id=103950&cid=1294,2026,05/2026,2026-10-08T09:33:54Z
239,217/QĐ-KTSTQ,20/05/2026,Chi cục Kiểm tra sau thông quan,Công bố công khai dự toán chi ngân sách năm 2026 của Chi cục KTSTQ,103969,305,19,TONG_CUC,null,null,https://files.customs.gov.vn/CustomsCMS/TONG_CUC/2026/5/22/CCI_009462.pdf,https://www.customs.gov.vn/index.jsp?pageId=3&id=103969&cid=1294,2026,05/2026,2026-10-08T09:33:54Z
240,372/QĐ-HQKV6,20/05/2026,Chi  cục Hải quan khu vực VI,Công bố công khai dự toán chi ngân sách năm 2026 của Chi cục hải quan khu vực VI,104465,305,10,LANG_SON,null,null,"https://files.customs.gov.vn/CustomsCMS/LANG_SON/2026/6/9/372.pdf,/CustomsCMS/LANG_SON/2026/6/9/PL 372.pdf",https://www.customs.gov.vn/index.jsp?pageId=3&id=104465&cid=1294,2026,05/2026,2026-10-08T09:33:54Z
241,976/QĐ-HQKV3,20/05/2026,Chi cục Hải quan khu vực III,Quyết định công bố công khai việc điều chỉnh dự toán thu/chi ngân sách nhà nước năm 2026 của Chi cục Hải quan khu vực III,104016,305,10,HAI_PHONG,null,null,"https://files.customs.gov.vn/CustomsCMS/HAI_PHONG/2026/5/25/QDgiao745.pdf,/CustomsCMS/HAI_PHONG/2026/5/25/QDgiao745.xls",https://www.customs.gov.vn/index.jsp?pageId=3&id=104016&cid=1294,2026,05/2026,2026-10-08T09:33:54Z
242,22/2026/TT-BNNMT,19/05/2026,Bộ Nông nghiệp và Môi trường,"V/v Sửa đổi, bổ sung một số Thông tư liên quan phân cấp, cắt giảm, đơn giản hóa thủ tục hành chính thuộc phạm vi quản lý nhà nước của Bộ Nông nghiệp và Môi trường",105797,305,4,DONG_NAI,null,19/05/2026,https://files.customs.gov.vn/CustomsCMS/DONG_NAI/2026/9/9/22_2026_TT_BNNMT_19_05_2026.pdf,https://www.customs.gov.vn/index.jsp?pageId=3&id=105797&cid=1294,2026,05/2026,2026-10-08T09:33:54Z
243,83//QĐ-CNTT,19/05/2026,Ban CNTT và Thống kê hải quan,Về việc công bố công khai điều chỉnh dự toán chi ngân sách nhà nước năm 2026 của Ban Công nghệ thông tin và Thống kê hải quan,103899,305,19,TONG_CUC,null,null,https://files.customs.gov.vn/CustomsCMS/TONG_CUC/2026/5/20/QĐ CK DT2026 QĐ745.pdf,https://www.customs.gov.vn/index.jsp?pageId=3&id=103899&cid=1294,2026,05/2026,2026-10-08T09:33:54Z
244,149/HQKV15-VP,18/05/2026,Chi cục Hải quan khu vực XV,V/v Mời báo giá dịch vụ chăm sóc cây xanh,103887,305,16,BA_RIA_VUNG_TAU,null,null,https://files.customs.gov.vn/CustomsCMS/BA_RIA_VUNG_TAU/2026/5/20/149_HQKV15_VP_18_05_2026.pdf,https://www.customs.gov.vn/index.jsp?pageId=3&id=103887&cid=1294,2026,05/2026,2026-10-08T09:33:54Z
245,482/TB-CNTT,18/05/2026,Ban CNTT và Thống kê hải quan,Thông báo về việc giới thiệu mẫu dấu mới của Ban Công nghệ thông tin và Thống kê Hải quan kể từ ngày 18/5/2026,103857,305,19,TONG_CUC,null,null,https://files.customs.gov.vn/CustomsCMS/TONG_CUC/2026/5/18/cv (8).pdf,https://www.customs.gov.vn/index.jsp?pageId=3&id=103857&cid=1294,2026,05/2026,2026-10-08T09:33:54Z
246,66.18/2026/NQ-CP,18/05/2026,Chính phủ,"V/v Nghị quyết phân quyền, cắt giảm, đơn giản hóa thủ tục hành chính điều kiện kinh doanh",104543,305,8,DONG_NAI,null,null,https://files.customs.gov.vn/CustomsCMS/DONG_NAI/2026/6/9/66.18_2026_NQ_CP_18_05_2026.pdf,https://www.customs.gov.vn/index.jsp?pageId=3&id=104543&cid=1294,2026,05/2026,2026-10-08T09:33:54Z
247,990/TB-HQKV13,18/05/2026,Chi cục Hải quan khu vực XIII,Thông báo niêm yết thủ tục hành chính trong lĩnh vực Hải quan,104618,305,19,KHANH_HOA,null,null,https://files.customs.gov.vn/CustomsCMS/KHANH_HOA/2026/6/11/990-TB-niem-yet-TTHC-trong-linh-vuc-HQ.pdf,https://www.customs.gov.vn/index.jsp?pageId=3&id=104618&cid=1294,2026,05/2026,2026-10-08T09:33:54Z
248,1026/QĐ-HQKV2,15/05/2026,Chi cục Hải quan khu vực II,"Về việc công bố, công khai dự toán thu, chi ngân sách nhà nước năm 2026 của Chi cục Hải quan khu vực II",104248,305,10,TP_HO_CHI_MINH,null,null,https://files.customs.gov.vn/CustomsCMS/TP_HO_CHI_MINH/2026/6/2/VB_1026.pdf,https://www.customs.gov.vn/index.jsp?pageId=3&id=104248&cid=1294,2026,05/2026,2026-10-08T09:33:54Z
249,119/QĐ-KĐHQ,15/05/2026,Chi cục Kiểm định hải quan,Công bố công khai dự toán chi ngân sách nhà nước năm 2026 của Chi cục KĐHQ,103786,305,19,TONG_CUC,null,null,https://files.customs.gov.vn/CustomsCMS/TONG_CUC/2026/5/18/119 QĐ.pdf,https://www.customs.gov.vn/index.jsp?pageId=3&id=103786&cid=1294,2026,05/2026,2026-10-08T09:33:54Z
250,209/QĐ-HQKV19,15/05/2026,Chi cục Hải quan khu vực XIX,Công bố công khai điều chỉnh dự toán chi NSNN năm 2026 của Chi cục Hải quan khu vực XIX,103765,305,10,CAN_THO,null,15/05/2026,https://files.customs.gov.vn/CustomsCMS/CAN_THO/2026/5/16/2026_QD209.pdf,https://www.customs.gov.vn/index.jsp?pageId=3&id=103765&cid=1294,2026,05/2026,2026-10-08T09:33:54Z
251,23/2026/QĐ-TTg,15/05/2026,Thủ tướng Chính phủ,V/v Ban hành Danh mục công nghệ cao được ưu tiên đầu tư phát triển và Danh mục sản phẩm công nghệ cao được khuyến khích phát triển,104965,305,10,DONG_NAI,null,01/07/2026,https://files.customs.gov.vn/CustomsCMS/DONG_NAI/2026/7/1/23_2026_QD_TTg_15_05_2026.pdf,https://www.customs.gov.vn/index.jsp?pageId=3&id=104965&cid=1294,2026,05/2026,2026-10-08T09:33:54Z
252,5481/HQKV2-VP,15/05/2026,Chi cục Hải quan khu vực II,V/v mời cung cấp bảng báo giá dịch vụ thẩm định giá tài sản là tang vật VPHC bị tịch thu,103791,305,16,TP_HO_CHI_MINH,null,null,https://files.customs.gov.vn/CustomsCMS/TP_HO_CHI_MINH/2026/5/18/VB_5481.pdf,https://www.customs.gov.vn/index.jsp?pageId=3&id=103791&cid=1294,2026,05/2026,2026-10-08T09:33:54Z
253,5484/HQKV2-VP,15/05/2026,Chi cục Hải quan khu vực II,V/v báo giá dịch vụ Tư vấn Lập E-HSMT và đánh giá E-HSDT,103790,305,16,TP_HO_CHI_MINH,null,null,https://files.customs.gov.vn/CustomsCMS/TP_HO_CHI_MINH/2026/5/18/VB_5484.pdf,https://www.customs.gov.vn/index.jsp?pageId=3&id=103790&cid=1294,2026,05/2026,2026-10-08T09:33:54Z
254,5485/HQKV2-VP,15/05/2026,Chi cục Hải quan khu vực II,V/v báo giá dịch vụ thẩm định E-HSMT và kết quả  LCNT,103789,305,16,TP_HO_CHI_MINH,null,null,https://files.customs.gov.vn/CustomsCMS/TP_HO_CHI_MINH/2026/5/18/VB_5485.pdf,https://www.customs.gov.vn/index.jsp?pageId=3&id=103789&cid=1294,2026,05/2026,2026-10-08T09:33:54Z
255,5517//HQKV2-NVHQ,15/05/2026,Chi cục Hải quan khu vực II,Cập nhật thông tin phát hành biên lai trên trang thông tin điện tử (Công ty Song Bình),103788,305,19,TONG_CUC,null,null,https://files.customs.gov.vn/CustomsCMS/TONG_CUC/2026/5/18/Thông báo phát hành biên lai tự in lần 2 (Công ty Song Bình).pdf,https://www.customs.gov.vn/index.jsp?pageId=3&id=103788&cid=1294,2026,05/2026,2026-10-08T09:33:54Z
256,66.17/2026/NQ-CP,15/05/2026,Chính phủ,"V/v Nghị quyết cắt giảm, sửa đổi ngành, nghề đầu tư kinh doanh có điều kiện",104542,305,8,DONG_NAI,null,null,https://files.customs.gov.vn/CustomsCMS/DONG_NAI/2026/6/9/66.17_2026_NQ_CP_15_05_2026.pdf,https://www.customs.gov.vn/index.jsp?pageId=3&id=104542&cid=1294,2026,05/2026,2026-10-08T09:33:54Z
257,770/QĐ-CHQ,15/05/2026,Cục Hải quan,Về việc công khai số liệu điều chỉnh dự toán chi NSNN năm 2026,103724,305,19,TONG_CUC,Trịnh Văn Nhuận,null,https://files.customs.gov.vn/CustomsCMS/TONG_CUC/2026/5/15/VB_770.pdf,https://www.customs.gov.vn/index.jsp?pageId=3&id=103724&cid=1294,2026,05/2026,2026-10-08T09:33:54Z
258,1161 / QĐ-BTC,14/05/2026,Bộ Tài chính,"Công bố thủ tục hành chính được sửa đổi, bổ sung trong lĩnh vực hải quan thuộc phạm vi chức năng quản lý nhà nước của Bộ Tài chính",103955,305,10,DONG_NAI,null,null,https://files.customs.gov.vn/CustomsCMS/DONG_NAI/2026/5/21/1161_QD_BTC_14_05_2026.pdf,https://www.customs.gov.vn/index.jsp?pageId=3&id=103955&cid=1294,2026,05/2026,2026-10-08T09:33:54Z
259,1395/TB-HQKV6,14/05/2026,Chi  cục Hải quan khu vực VI,Mời tham gia Tư vấn lập E-HSMT và đánh giá E-HSDT; Tư vấn thẩm định E-HSMT và KQ LCNT,103747,305,19,LANG_SON,Mã Thanh Giang,null,https://files.customs.gov.vn/CustomsCMS/LANG_SON/2026/5/15/Thong bao moi tham gia tu van dau thau LCNT.pdf,https://www.customs.gov.vn/index.jsp?pageId=3&id=103747&cid=1294,2026,05/2026,2026-10-08T09:33:54Z
260,16213/CHQ-TVQT,14/05/2026,Cục Hải quan,Công khai dự toán chi NSNN năm 2026 của Cục Hải quan (đơn vị sử dụng ngân sách),103699,305,19,TONG_CUC,null,null,https://files.customs.gov.vn/CustomsCMS/TONG_CUC/2026/5/15/VB_16213.pdf,https://www.customs.gov.vn/index.jsp?pageId=3&id=103699&cid=1294,2026,05/2026,2026-10-08T09:33:54Z
261,169/QĐ-HQKV13,14/05/2026,Chi cục Hải quan khu vực XIII,Quyết định công bố công khai giao điều chỉnh dự toán chi NSNN năm 2026 của Chi cục Hải quan khu vực XIII,103742,305,10,KHANH_HOA,null,null,https://files.customs.gov.vn/CustomsCMS/KHANH_HOA/2026/5/22/169_QD-HQKV13-cong-khai-dieu-chinh-du-toan-2026.pdf,https://www.customs.gov.vn/index.jsp?pageId=3&id=103742&cid=1294,2026,05/2026,2026-10-08T09:33:54Z
262,747/QĐ-CHQ,14/05/2026,Cục Hải quan,Công khai điều chỉnh dự toán chi NSNN năm 2026,103698,305,19,TONG_CUC,null,null,https://files.customs.gov.vn/CustomsCMS/TONG_CUC/2026/5/15/VB_747.pdf,https://www.customs.gov.vn/index.jsp?pageId=3&id=103698&cid=1294,2026,05/2026,2026-10-08T09:33:54Z
263,79/QĐ-CNTT,14/05/2026,Ban CNTT và Thống kê hải quan,"Quyết định Về việc công bố công khai giao dự toán thu, chi ngân sách nhà nước năm 2026 của Ban Công nghệ thông tin và Thống kê hải quan",103688,305,19,TONG_CUC,null,null,https://files.customs.gov.vn/CustomsCMS/TONG_CUC/2026/5/15/QĐ CK DT2026 QD 645.pdf,https://www.customs.gov.vn/index.jsp?pageId=3&id=103688&cid=1294,2026,05/2026,2026-10-08T09:33:54Z
264,1376-1377/TB-HQKV6,13/05/2026,Chi  cục Hải quan khu vực VI,"Lựa chọn tổ chức, doanh nghiệp thầm định giá (lần 3)",103654,305,19,LANG_SON,Mã Thanh Giang,null,"https://files.customs.gov.vn/CustomsCMS/LANG_SON/2026/5/13/1376.pdf,/CustomsCMS/LANG_SON/2026/5/13/1377.pdf,/CustomsCMS/LANG_SON/2026/5/14/PL1376.pdf,/CustomsCMS/LANG_SON/2026/5/14/PL 1377.pdf",https://www.customs.gov.vn/index.jsp?pageId=3&id=103654&cid=1294,2026,05/2026,2026-10-08T09:33:54Z
265,1361/TB-HQKV6,12/05/2026,Chi  cục Hải quan khu vực VI,Lựa chọn tổ chức đấu giá tài sản,103753,305,19,LANG_SON,Mã Thanh Giang,null,https://files.customs.gov.vn/CustomsCMS/LANG_SON/2026/5/15/1361.pdf,https://www.customs.gov.vn/index.jsp?pageId=3&id=103753&cid=1294,2026,05/2026,2026-10-08T09:33:54Z
266,140/HQKV15-VP,12/05/2026,Chi cục Hải quan khu vực XV,"V/v Mời báo giá dịch vụ trang bị máy trạm, máy in tại Chi cục Hải quan khu vực XV",103886,305,16,BA_RIA_VUNG_TAU,null,null,https://files.customs.gov.vn/CustomsCMS/BA_RIA_VUNG_TAU/2026/5/20/140_HQKV15_VP_12_05_2026.pdf,https://www.customs.gov.vn/index.jsp?pageId=3&id=103886&cid=1294,2026,05/2026,2026-10-08T09:33:54Z
267,16090/CHQ-TVQT,12/05/2026,Cục Hải quan,V/v công khai số liệu và thuyết minh quyết toán chi ngân sách nhà nước năm 2025 của Cục Hải quan (cấp 2),103697,305,19,TONG_CUC,null,null,https://files.customs.gov.vn/CustomsCMS/TONG_CUC/2026/5/15/VB_16090.pdf,https://www.customs.gov.vn/index.jsp?pageId=3&id=103697&cid=1294,2026,05/2026,2026-10-08T09:33:54Z
268,662/CKKV4,12/05/2026,Chi cục Hải quan khu vực VI,Đề nghị thu hồi giấy chứng nhận đăng ký doanh nghiệp,103759,305,19,TONG_CUC,null,null,https://files.customs.gov.vn/CustomsCMS/TONG_CUC/2026/5/15/VB_24873.pdf,https://www.customs.gov.vn/index.jsp?pageId=3&id=103759&cid=1294,2026,05/2026,2026-10-08T09:33:54Z
269,663/CKKV4,12/05/2026,Chi cục Hải quan khu vực II,Đề nghị thu hồi giấy chứng nhận đăng ký doanh nghiệp,103739,305,19,TONG_CUC,null,null,https://files.customs.gov.vn/CustomsCMS/TONG_CUC/2026/5/15/VB_24872.pdf,https://www.customs.gov.vn/index.jsp?pageId=3&id=103739&cid=1294,2026,05/2026,2026-10-08T09:33:54Z
270,664/CKKV4,12/05/2026,Chi cục Hải quan khu vực VI,Đề nghị thu hồi giấy chứng nhận đăng ký doanh nghiệp,103758,305,19,TONG_CUC,null,null,https://files.customs.gov.vn/CustomsCMS/TONG_CUC/2026/5/15/VB_24871.pdf,https://www.customs.gov.vn/index.jsp?pageId=3&id=103758&cid=1294,2026,05/2026,2026-10-08T09:33:54Z
271,665/CKKV4,12/05/2026,Chi cục Hải quan khu vực VI,Đề nghị thu hồi giấy chứng nhận đăng ký doanh nghiệp,103760,305,19,TONG_CUC,null,null,https://files.customs.gov.vn/CustomsCMS/TONG_CUC/2026/5/15/VB_24870.pdf,https://www.customs.gov.vn/index.jsp?pageId=3&id=103760&cid=1294,2026,05/2026,2026-10-08T09:33:54Z
272,666/CKKV4,12/05/2026,Chi cục Hải quan khu vực VI,Đề nghị thu hồi giấy chứng nhận đăng ký doanh nghiệp,103757,305,19,TONG_CUC,null,null,https://files.customs.gov.vn/CustomsCMS/TONG_CUC/2026/5/15/VB_24869.pdf,https://www.customs.gov.vn/index.jsp?pageId=3&id=103757&cid=1294,2026,05/2026,2026-10-08T09:33:54Z
273,667/CKKV4,12/05/2026,Chi cục Hải quan khu vực II,Đề nghị thu hồi giấy chứng nhận đăng ký doanh nghiệp,103738,305,19,TONG_CUC,null,null,https://files.customs.gov.vn/CustomsCMS/TONG_CUC/2026/5/15/VB_24868.pdf,https://www.customs.gov.vn/index.jsp?pageId=3&id=103738&cid=1294,2026,05/2026,2026-10-08T09:33:54Z
274,740/QĐ-CHQ,12/05/2026,Cục Hải quan,Công khai số liệu và thuyết minh quyết toán chi ngân sách nhà nước năm 2025 của Cục Hải quan (cấp 2),103722,305,19,TONG_CUC,Lưu Mạnh Tưởng,null,https://files.customs.gov.vn/CustomsCMS/TONG_CUC/2026/5/15/VB_740.pdf,https://www.customs.gov.vn/index.jsp?pageId=3&id=103722&cid=1294,2026,05/2026,2026-10-08T09:33:54Z
275,101/QĐ-KĐHQ,11/05/2026,Chi cục Kiểm định hải quan,Công bố công khai tình hình dự toán chi ngân sách nhà nước năm 2025 của Chi cục KĐHQ,103712,305,19,TONG_CUC,null,null,"https://files.customs.gov.vn/CustomsCMS/TONG_CUC/2026/5/15/101.QĐ.pdf,/CustomsCMS/TONG_CUC/2026/5/27/101.QĐ Cập nhật lần 2.pdf",https://www.customs.gov.vn/index.jsp?pageId=3&id=103712&cid=1294,2026,05/2026,2026-10-08T09:33:54Z
276,77/QĐ-CNTT,11/05/2026,Ban CNTT và Thống kê hải quan,Công khai số liệu quyết toán ngân sách năm 2025 của Ban Công nghệ thông tin và Thống kê hải quan,103656,305,19,TONG_CUC,null,null,https://files.customs.gov.vn/CustomsCMS/TONG_CUC/2026/5/14/77-QĐ-CNTT.pdf,https://www.customs.gov.vn/index.jsp?pageId=3&id=103656&cid=1294,2026,05/2026,2026-10-08T09:33:54Z
277,16016/TB-CHQ,08/05/2026,Cục Hải quan,"Thông tin mã ĐVQHNS của Đội Thông quan, CCHQ KV III",103610,305,19,TONG_CUC,null,null,https://files.customs.gov.vn/CustomsCMS/TONG_CUC/2026/5/11/VB_16016.pdf,https://www.customs.gov.vn/index.jsp?pageId=3&id=103610&cid=1294,2026,05/2026,2026-10-08T09:33:54Z
278,4595/HQKV2-VP,07/05/2026,Chi cục Hải quan khu vực II,V/v mời báo giá dịch vụ tư vấn lập E- HSMT và đánh giá E-HSDT,103609,305,19,TP_HO_CHI_MINH,null,null,https://files.customs.gov.vn/CustomsCMS/TP_HO_CHI_MINH/2026/5/11/VB_4595.pdf,https://www.customs.gov.vn/index.jsp?pageId=3&id=103609&cid=1294,2026,05/2026,2026-10-08T09:33:54Z
279,4596/HQKV2-VP,07/05/2026,Chi cục Hải quan khu vực II,V/v mời báo giá dịch vụ tư vấn thẩm định các nội dung trong lựa chọn nhà thầu,103608,305,19,TP_HO_CHI_MINH,null,null,https://files.customs.gov.vn/CustomsCMS/TP_HO_CHI_MINH/2026/5/11/VB_4596.pdf,https://www.customs.gov.vn/index.jsp?pageId=3&id=103608&cid=1294,2026,05/2026,2026-10-08T09:33:54Z
280,487/QĐ-HQKV8,07/05/2026,Chi cục Hải quan khu vực VIII,Quyết định về việc công bố công khai quyết toán ngân sách năm 2025 của Chi cục Hải quan khu vực VIII,103575,305,10,QUANG_NINH,Bùi Ngọc Lợi,07/05/2026,"https://files.customs.gov.vn/CustomsCMS/QUANG_NINH/2026/5/8/Công khai quyết toán 1.pdf,/CustomsCMS/QUANG_NINH/2026/5/8/Số liệu công khai.pdf,/CustomsCMS/QUANG_NINH/2026/5/8/Thuyết minh công khai.pdf",https://www.customs.gov.vn/index.jsp?pageId=3&id=103575&cid=1294,2026,05/2026,2026-10-08T09:33:54Z
281,01075/QĐ-BTC,06/05/2026,Bộ Tài chính,"V/v Công bố thủ tục hành chính được sửa đổi, bổ sung, bị bãi bỏ trong lĩnh vực hải quan thuộc phạm vi chức năng quản lý nhà nước của Bộ Tài chính",103604,305,10,DONG_NAI,null,null,https://files.customs.gov.vn/CustomsCMS/DONG_NAI/2026/5/11/1075_QD_BTC_06_05_2026.pdf,https://www.customs.gov.vn/index.jsp?pageId=3&id=103604&cid=1294,2026,05/2026,2026-10-08T09:33:54Z
282,1075./QĐ-BTC,06/05/2026,Bộ Tài chính,"Quyết định về việc công bố thủ tục hành chính được sửa đổi, bổ sung, bị bãi bỏ trong lĩnh vực hải quan thuộc phạm vi chức năng quản lý nhà nước của Bộ Tài chính",103613,305,10,CAO_BANG,Nguyễn Đức Chi - Thứ trưởng,06/05/2026,https://files.customs.gov.vn/CustomsCMS/CAO_BANG/2026/5/11/QĐ 1075 ngày 06.5.2026 (1).pdf,https://www.customs.gov.vn/index.jsp?pageId=3&id=103613&cid=1294,2026,05/2026,2026-10-08T09:33:54Z
283,260A/KĐHQ-TH,06/05/2026,Chi cục Kiểm định hải quan,Công khai thực hiện dự toán thu – chỉ ngân sách nhà nước 03 tháng đầu năm 2026,103546,305,19,TONG_CUC,null,null,https://files.customs.gov.vn/CustomsCMS/TONG_CUC/2026/5/7/260A.pdf,https://www.customs.gov.vn/index.jsp?pageId=3&id=103546&cid=1294,2026,05/2026,2026-10-08T09:33:54Z
284,4355/HQKV2-VP,06/05/2026,Chi cục Hải quan khu vực II,V/v mời báo giá dịch vụ tiêu hủy tài sản là tang vật vi phạm hành chính bị tịch thu,103554,305,19,TP_HO_CHI_MINH,null,null,https://files.customs.gov.vn/CustomsCMS/TP_HO_CHI_MINH/2026/5/7/VB_4355.pdf,https://www.customs.gov.vn/index.jsp?pageId=3&id=103554&cid=1294,2026,05/2026,2026-10-08T09:33:54Z
285,4356/HQKV2-VP,06/05/2026,Chi cục Hải quan khu vực II,V/v mời cung cấp bảng báo giá dịch vụ thẩm định giá tài sản là tang vật VPHC bị tịch thu,103555,305,19,TP_HO_CHI_MINH,null,null,https://files.customs.gov.vn/CustomsCMS/TP_HO_CHI_MINH/2026/5/7/VB_4356.pdf,https://www.customs.gov.vn/index.jsp?pageId=3&id=103555&cid=1294,2026,05/2026,2026-10-08T09:33:54Z
286,4444/HQKV2-VP,06/05/2026,Chi cục Hải quan khu vực II,Về việc mời báo giá dịch vụ,103556,305,19,TP_HO_CHI_MINH,null,null,https://files.customs.gov.vn/CustomsCMS/TP_HO_CHI_MINH/2026/5/7/VB_4444.pdf,https://www.customs.gov.vn/index.jsp?pageId=3&id=103556&cid=1294,2026,05/2026,2026-10-08T09:33:54Z
287,682/QĐ-CHQ,05/05/2026,Cục Hải quan,"V/v quy định chức năng, nhiệm vụ, quyền hạn và cơ cấu tổ chức của Đội Thông quan thuộc Chi cục Hải quan khu vực III",103516,305,19,TONG_CUC,Nguyễn Văn Thọ,null,https://files.customs.gov.vn/CustomsCMS/TONG_CUC/2026/5/5/VB_682.pdf,https://www.customs.gov.vn/index.jsp?pageId=3&id=103516&cid=1294,2026,05/2026,2026-10-08T09:33:54Z
288,683/QĐ-CHQ,05/05/2026,Cục Hải quan,"V/v tổ chức, triển khai hoạt động của Đội Thông quan thuộc Chi cục Hải quan khu vực III",103517,305,19,TONG_CUC,Nguyễn Văn Thọ,null,https://files.customs.gov.vn/CustomsCMS/TONG_CUC/2026/5/5/VB_683.pdf,https://www.customs.gov.vn/index.jsp?pageId=3&id=103517&cid=1294,2026,05/2026,2026-10-08T09:33:54Z
289,972/QĐ-HQKV2,05/05/2026,Chi cục Hải quan khu vực II,Về việc công khai số liệu quyết toán ngân sách nhà nước năm 2025 của  Chi cục Hải quan khu vực II,104042,305,10,TP_HO_CHI_MINH,null,null,https://files.customs.gov.vn/CustomsCMS/TP_HO_CHI_MINH/2026/6/2/VB_972.pdf,https://www.customs.gov.vn/index.jsp?pageId=3&id=104042&cid=1294,2026,05/2026,2026-10-08T09:33:54Z
290,Quyết định số 34/2026/QĐ-UBND ngày 30/4/2026 của Ủy ban nhân dân tỉnh Thanh Hóa,05/05/2026,UBND tỉnh Thanh Hóa,Quy chế Bảo vệ dữliệu cá nhân trong hoạt động của cơ quannhà nước trên địa bàn tỉnh Thanh Hóa,103522,305,10,THANH_HOA,null,null,https://files.customs.gov.vn/CustomsCMS/THANH_HOA/2026/5/6/Quy chế 34 về bảo vệ dữ liệu cá nhân.pdf,https://www.customs.gov.vn/index.jsp?pageId=3&id=103522&cid=1294,2026,05/2026,2026-10-08T09:33:54Z
291,681/QĐ-CHQ,04/05/2026,Cục Hải quan,"V/v sửa đổi, bổ sung Quyết định số 832/QĐ-CHQ ngày 30/6/2025 của Cục trưởng Cục Hải quan quy định Văn phòng, Phòng, Đội và Hải quan cửa khẩu/ngoài cửa khẩu thuộc Chi cục Hải quan khu vực",103512,305,19,TONG_CUC,Nguyễn Văn Thọ,null,https://files.customs.gov.vn/CustomsCMS/TONG_CUC/2026/5/5/VB_681.pdf,https://www.customs.gov.vn/index.jsp?pageId=3&id=103512&cid=1294,2026,05/2026,2026-10-08T09:33:54Z
292,71/TB-HQKV18,04/05/2026,Chi cục Hải quan khu vực XVIII,V/v Thay đổi địa chỉ trụ sở làm việc của Chi cục Hải quan khu vực XVIII và các đơn vị thuộc Chi cục Hải quan khu vực XVIII,103498,305,19,DONG_NAI,null,null,https://files.customs.gov.vn/CustomsCMS/DONG_NAI/2026/5/4/71_TB_HQKV18_04_05_2026.pdf,https://www.customs.gov.vn/index.jsp?pageId=3&id=103498&cid=1294,2026,05/2026,2026-10-08T09:33:54Z
293,082/2026/TT-BTC,30/06/2026,Bộ Tài chính,V/v Quy định tiêu chuẩn địa điểm kinh doanh hàng miễn thuế và quản lý hoạt động kinh doanh hàng miễn thuế,105115,305,4,DONG_NAI,null,01/07/2026,https://files.customs.gov.vn/CustomsCMS/DONG_NAI/2026/7/15/82_2026_TT_BTC_30_06_2026.pdf,https://www.customs.gov.vn/index.jsp?pageId=3&id=105115&cid=1294,2026,06/2026,2026-10-08T09:33:54Z
294,125/2026/TT-BCA,30/06/2026,Bộ Công an,"V/v Ban hành Danh mục sản phẩm, hàng hóa mức độ rủi ro trung bình, mức độ rủi ro cao thuộc trách nhiệm quản lý của Bộ Công an",105011,305,4,DONG_NAI,null,01/07/2026,https://files.customs.gov.vn/CustomsCMS/DONG_NAI/2026/7/6/125_2026_TT_BCA_30_06_2026.pdf,https://www.customs.gov.vn/index.jsp?pageId=3&id=105011&cid=1294,2026,06/2026,2026-10-08T09:33:54Z
295,1562/HQKV18-NV,30/06/2026,Chi cục Hải quan khu vực XVIII,"V/v Triển khai danh sách mã kho bãi, địa điểm thu hồi, thay đổi (Các doanh nghiệp)",104958,305,16,DONG_NAI,null,null,https://files.customs.gov.vn/CustomsCMS/DONG_NAI/2026/6/30/1562_HQKV18_NV_30_06_2026.pdf,https://www.customs.gov.vn/index.jsp?pageId=3&id=104958&cid=1294,2026,06/2026,2026-10-08T09:33:54Z
296,2044/TB-HQKV6,30/06/2026,Chi  cục Hải quan khu vực VI,Kết quả lựa chọn tổ chức thẩm định giá,104969,305,19,LANG_SON,Mã Thanh Giang,null,https://files.customs.gov.vn/CustomsCMS/LANG_SON/2026/7/1/2044.TB.HQKV6 kết quả lựa chọn tổ chức TĐG.pdf,https://www.customs.gov.vn/index.jsp?pageId=3&id=104969&cid=1294,2026,06/2026,2026-10-08T09:33:54Z
297,253/2026/NĐ-CP,30/06/2026,Chính phủ,"V/v Quy định chi tiết một số điều và biện pháp đề tổ chức, hướng dẫn thi hành Luật Thuế thu nhập cá nhân",105027,305,8,DONG_NAI,null,01/07/2026,https://files.customs.gov.vn/CustomsCMS/DONG_NAI/2026/7/7/253_2026_ND_CP_30_06_2026.pdf,https://www.customs.gov.vn/index.jsp?pageId=3&id=105027&cid=1294,2026,06/2026,2026-10-08T09:33:54Z
298,27/2026/TT-BNNMT,30/06/2026,Bộ Nông nghiệp và Môi trường,"V/v Ban hành Danh mục sản phẩm, hàng hóa có mức độ rủi ro trung bình, mức độ rủi ro cao thuộc trách nhiệm quản lý của Bộ Nông nghiệp và Môi trường",105010,305,4,DONG_NAI,null,01/07/2026,https://files.customs.gov.vn/CustomsCMS/DONG_NAI/2026/7/6/27_2026_TT_BNNMT_30_06_2026.pdf,https://www.customs.gov.vn/index.jsp?pageId=3&id=105010&cid=1294,2026,06/2026,2026-10-08T09:33:54Z
299,33/2026/TT-BCT,30/06/2026,Bộ Công Thương,"V/v Ban hành Danh mục sản phẩm, hàng hóa có mức độ rủi ro trung bình, mức độ rủi ro cao thuộc trách nhiệm quản lý nhà nước của Bộ Công Thương",104978,305,4,DONG_NAI,null,01/07/2026,https://files.customs.gov.vn/CustomsCMS/DONG_NAI/2026/7/2/33_2026_TT_BCT_30_06_2026.pdf,https://www.customs.gov.vn/index.jsp?pageId=3&id=104978&cid=1294,2026,06/2026,2026-10-08T09:33:54Z
300,34/2026/TT-BCT,30/06/2026,Bộ Công Thương,"V/v Quy định về quản lý chất lượng sản phẩm, hàng hóa thuộc trách nhiệm quản lý của Bộ Công Thương",104979,305,4,DONG_NAI,null,01/07/2026,https://files.customs.gov.vn/CustomsCMS/DONG_NAI/2026/7/2/34_2026_TT_BCT_30_06_2026.pdf,https://www.customs.gov.vn/index.jsp?pageId=3&id=104979&cid=1294,2026,06/2026,2026-10-08T09:33:54Z
301,36/2026/TT-BKHCN,30/06/2026,Bộ Khoa học Công nghệ,"V/v Ban hành Danh mục sản phẩm, hàng hóa có mức độ rủi ro trung bình, mức độ rủi ro cao thuộc trách nhiệm quản lý của Bộ Khoa học và Công nghệ",104968,305,4,DONG_NAI,null,01/07/2026,https://files.customs.gov.vn/CustomsCMS/DONG_NAI/2026/7/1/36_2026_TT_BKHCN_30_06_2026.pdf,https://www.customs.gov.vn/index.jsp?pageId=3&id=104968&cid=1294,2026,06/2026,2026-10-08T09:33:54Z
302,46/2026/TT-BXD,30/06/2026,Bộ Xây Dựng,V/v Ban hành Quy chuẩn kỹ thuật quốc gia về quy hoạch đô thị và nông thôn,105937,305,4,DONG_NAI,null,01/01/2027,https://files.customs.gov.vn/CustomsCMS/DONG_NAI/2026/9/17/46_2026_TT_BXD_29_06_2026.pdf,https://www.customs.gov.vn/index.jsp?pageId=3&id=105937&cid=1294,2026,06/2026,2026-10-08T09:33:54Z
303,49/2026/TT-BXD,30/06/2026,Bộ Xây Dựng,"V/v Ban hành Danh mục sản phẩm, hàng hóa có mức độ rủi ro trung bình, mức độ rủi ro cao lĩnh vực giao thông vận tải thuộc phạm vi quản lý của Bộ Xây dựng",104976,305,4,DONG_NAI,null,01/07/2026,https://files.customs.gov.vn/CustomsCMS/DONG_NAI/2026/7/2/49_2026_TT_BXD_30_06_2026.pdf,https://www.customs.gov.vn/index.jsp?pageId=3&id=104976&cid=1294,2026,06/2026,2026-10-08T09:33:54Z
304,78/2026/TT-BTC,30/06/2026,Bộ Tài chính,"V/v Sửa đổi, bổ sung một số điều của Thông tư số 203/2014/TT-BTC ngày 22 tháng 12 năm 2014 của Bộ trưởng Bộ trưởng Bộ Tài chính hướng dẫn xử lý hàng hóa tồng đọng thuộc địa bàn hoạt động hải quan",105114,305,4,DONG_NAI,null,01/07/2026,https://files.customs.gov.vn/CustomsCMS/DONG_NAI/2026/7/15/78_2026_TT_BTC_30_06_2026.pdf,https://www.customs.gov.vn/index.jsp?pageId=3&id=105114&cid=1294,2026,06/2026,2026-10-08T09:33:54Z
305,81/2026/TT-BTC,30/06/2026,Bộ Tài chính,"Sao y Thông tư sửa đổi điểm c Số TT 3 mục I Biểu mức thu phí, lệ phí trong lĩnh vực xuất cảnh, nhập cảnh, quá cảnh, cư trú tại Việt Nam ban hành kèm theo Thông tư số 28/2026/TT-BTC ngày 27 tháng 3 năm 2026 của Bộ trưởng Bộ Tài chính quy định mức thu, chế độ thu, nộp phí, lệ phí trong lĩnh vực xuất cảnh, nhập cảnh, quá cảnh, cư trú tại Việt Nam",105022,305,4,LANG_SON,null,null,,https://www.customs.gov.vn/index.jsp?pageId=3&id=105022&cid=1294,2026,06/2026,2026-10-08T09:33:54Z
306,83/2026/TT-BTC,30/06/2026,Bộ Tài chính,"V/v Quy định tiêu chuẩn hoạt động đại lý làm thủ tục hải quan, tiêu chuẩn nhân viên đại lý làm thủ tục hải quan; tổ chức thi, cấp chứng chỉ nghiệp vụ khai hải quan; quản lý hoạt động đại lý làm thủ tục hải quan, nhân viên đại lý làm thủ tục hải quan",105016,305,4,DONG_NAI,null,01/07/2026,https://files.customs.gov.vn/CustomsCMS/DONG_NAI/2026/7/6/83_2026_TT_BTC_30_06_2026.pdf,https://www.customs.gov.vn/index.jsp?pageId=3&id=105016&cid=1294,2026,06/2026,2026-10-08T09:33:54Z
307,84/2026/TT-BTC,30/06/2026,Bộ Tài chính,"V/v Quy định về hoàn thuế giá trị gia tăng đối với hàng hóa của người nước ngoài, người Việt Nam định cư ở nước ngoài mua tại Việt Nam mang theo khi xuất cảnh",105021,305,4,DONG_NAI,null,01/07/2026,https://files.customs.gov.vn/CustomsCMS/DONG_NAI/2026/7/7/84_2026_TT_BTC_30_06_2026.pdf,https://www.customs.gov.vn/index.jsp?pageId=3&id=105021&cid=1294,2026,06/2026,2026-10-08T09:33:54Z
308,85/2026/TT-BTC,30/06/2026,Bộ Tài chính,"V/v Quy định về phân loại hàng hóa, phân tích để phân loại hàng hóa xuất khẩu, nhập khẩu",105066,305,4,DONG_NAI,null,15/09/2026,https://files.customs.gov.vn/CustomsCMS/DONG_NAI/2026/7/9/85_2026_TT_BTC_30_06_2026.pdf,https://www.customs.gov.vn/index.jsp?pageId=3&id=105066&cid=1294,2026,06/2026,2026-10-08T09:33:54Z
309,86/2026/TT-BTC,30/06/2026,Bộ Tài chính,"V/v Quy định về quản lý thuế đối với hàng hóa xuất khẩu, nhập khẩu",105023,305,4,DONG_NAI,null,01/07/2026,https://files.customs.gov.vn/CustomsCMS/DONG_NAI/2026/7/7/86_2026_TT_BTC_30_06_2026_1.pdf,https://www.customs.gov.vn/index.jsp?pageId=3&id=105023&cid=1294,2026,06/2026,2026-10-08T09:33:54Z
310,87/2026/TT-BTC,30/06/2026,Bộ Tài chính,"V/v Quy định chi tiết một số điều của Luật Thuế thu nhập cá nhân và Nghị định số 253/2026/NĐ-CP của Chính phủ quy định chi tiết một số điều và biện pháp để tổ chức, hướng dẫn thi hành Luật Thuế thu nhập cá nhân",105029,305,4,DONG_NAI,null,01/07/2026,https://files.customs.gov.vn/CustomsCMS/DONG_NAI/2026/7/7/87_2026_TT_BTC_30_06_2026.pdf,https://www.customs.gov.vn/index.jsp?pageId=3&id=105029&cid=1294,2026,06/2026,2026-10-08T09:33:54Z
311,90/2026/TT-BTC,30/06/2026,Bộ Tài chính,V/v Quy định về đăng ký thuế,105070,305,4,DONG_NAI,null,01/07/2026,"https://files.customs.gov.vn/CustomsCMS/DONG_NAI/2026/7/9/90_2026_TT_BTC_30_06_2026.pdf,/CustomsCMS/DONG_NAI/2026/7/9/90_DK.rar",https://www.customs.gov.vn/index.jsp?pageId=3&id=105070&cid=1294,2026,06/2026,2026-10-08T09:33:54Z
312,Thông tư số 82/2026/TT-BTC,30/06/2026,Chính phủ,"THÔNG TƯ 82/2026/TT-BTCQuy định tiêu chuẩn địa điểm kinh doanh hàng miễn thuế và quản lý hoạt
động kinh doanh hàng miễn thuế",105024,305,4,THANH_HOA,null,null,https://files.customs.gov.vn/CustomsCMS/THANH_HOA/2026/7/7/Thông-tư-82-2026-TT-BTC.pdf,https://www.customs.gov.vn/index.jsp?pageId=3&id=105024&cid=1294,2026,06/2026,2026-10-08T09:33:54Z
313,Thông tư số 83/2026/TT-BTC,30/06/2026,Chính phủ,"THÔNG TƯ 83/2026/TT-BTC ngày 30/6/2026 Quy định tiêu chuẩn hoạt động đại lý làm thủ tục hải quan, tiêu chuẩn nhân
viên đại lý làm thủ tục hải quan; tổ chức thi, cấp chứng chỉ nghiệp vụ khai
hải quan; quản lý hoạt động đại lý làm thủ tục hải quan, nhân viên đại lý
làm thủ tục hải quan",105025,305,4,THANH_HOA,null,null,https://files.customs.gov.vn/CustomsCMS/THANH_HOA/2026/7/7/Thông-tư-83-2026-TT-BTC.pdf,https://www.customs.gov.vn/index.jsp?pageId=3&id=105025&cid=1294,2026,06/2026,2026-10-08T09:33:54Z
314,31/2026/QĐ-TTg,29/06/2026,Thủ tướng Chính phủ,V/v Ban hành Danh mục hàng hóa nhập khẩu phải làm thủ tục hải quan tại cửa khẩu nhập,104973,305,10,DONG_NAI,null,14/08/2026,https://files.customs.gov.vn/CustomsCMS/DONG_NAI/2026/7/2/31_2026_QD_TTg_29_06_2026.pdf,https://www.customs.gov.vn/index.jsp?pageId=3&id=104973&cid=1294,2026,06/2026,2026-10-08T09:33:54Z
315,42/2026/TT-BXD,29/06/2026,Bộ Xây Dựng,"V/v Sửa đổi, bổ sung một số điều của các Thông tư ban hành quy trình kiểm định kỹ thuật an toàn đối với máy, thiết bị, vật tư có yêu cầu nghiêm ngặt về an toàn lao động sử dụng trong thi công xây dựng thuộc phạm vi quản lý của Bộ Xây dựng",105936,305,4,DONG_NAI,null,15/08/2026,https://files.customs.gov.vn/CustomsCMS/DONG_NAI/2026/9/17/42_2026_TT_BXD_29_06_2026.pdf,https://www.customs.gov.vn/index.jsp?pageId=3&id=105936&cid=1294,2026,06/2026,2026-10-08T09:33:54Z
316,4558/HQKV1-NVHQ,29/06/2026,Phòng Nghiệp vụ,Thẩm định giá tài sản (lần 2),105018,305,19,HA_NOI,null,null,"https://files.customs.gov.vn/CustomsCMS/HA_NOI/2026/7/6/4558.pdf,/CustomsCMS/HA_NOI/2026/7/6/4558.2.pdf",https://www.customs.gov.vn/index.jsp?pageId=3&id=105018&cid=1294,2026,06/2026,2026-10-08T09:33:54Z
317,4516/HQKV1-CNTT,26/06/2026,Phòng Công nghệ thông tin,Mời báo giá cung cấp thiết bị và dịch vụ thiết bị chuyên dùng,104897,305,19,HA_NOI,null,null,https://files.customs.gov.vn/CustomsCMS/HA_NOI/2026/6/26/4516.pdf,https://www.customs.gov.vn/index.jsp?pageId=3&id=104897&cid=1294,2026,06/2026,2026-10-08T09:33:54Z
318,1531/TB-HQKV16,25/06/2026,Chi cục Hải quan khu vực XVI,Thông báo v/v bán tài sản là tang vật vi phạm hành chính bị tịch thu theo hình thức niêm yết giá,104874,305,19,CAO_BANG,Lê Viết Phong - Phó Chi cục trưởng,25/06/2026,https://files.customs.gov.vn/CustomsCMS/CAO_BANG/2026/6/25/1531- Thông báo niêm yết.pdf,https://www.customs.gov.vn/index.jsp?pageId=3&id=104874&cid=1294,2026,06/2026,2026-10-08T09:33:54Z
319,17920/TB-CHQ,25/06/2026,Cục Hải quan,V/v Thông tin tài khoản thu NSNN,104878,305,19,DONG_NAI,null,null,https://files.customs.gov.vn/CustomsCMS/DONG_NAI/2026/6/25/17920_TB_CHQ_25_04_2026.pdf,https://www.customs.gov.vn/index.jsp?pageId=3&id=104878&cid=1294,2026,06/2026,2026-10-08T09:33:54Z
320,865/CKKV4,25/06/2026,Chi cục Hải quan khu vực II,"Hải quan cửa khẩu cảng Sài Gòn khu vực 4, Đề nghị thu hồi giấy chứng nhận đăng ký doanh nghiệp",104893,305,19,TONG_CUC,null,null,https://files.customs.gov.vn/CustomsCMS/TONG_CUC/2026/6/26/VB_31160.pdf,https://www.customs.gov.vn/index.jsp?pageId=3&id=104893&cid=1294,2026,06/2026,2026-10-08T09:33:54Z
321,97/QĐ-CNTT,25/06/2026,Ban CNTT và TKHQ,Về việc công bố công khai điều chỉnh dự toán chi ngân sách nhà nước năm 2026 của Ban Công nghệ thông tin và Thống kê hải quan,104896,305,19,TONG_CUC,Ngô Như An,null,https://files.customs.gov.vn/CustomsCMS/TONG_CUC/2026/6/26/QĐ CK DT2026 QĐ1013.pdf,https://www.customs.gov.vn/index.jsp?pageId=3&id=104896&cid=1294,2026,06/2026,2026-10-08T09:33:54Z
322,1014/QĐ-CHQ,23/06/2026,Cục Hải quan,Công bố công khai điều chỉnh dự toán chi NSNN năm 2026 của Cục Hải quan,104886,305,19,TONG_CUC,null,null,https://files.customs.gov.vn/CustomsCMS/TONG_CUC/2026/6/26/VB_1014.pdf,https://www.customs.gov.vn/index.jsp?pageId=3&id=104886&cid=1294,2026,06/2026,2026-10-08T09:33:54Z
323,1496/HQKV18-CNTT,23/06/2026,Chi cục Hải quan khu vực XVIII,V/v Thay đổi mã đơn vị Hải quan tại Hải quan cửa khẩu cảng Đồng Nai (Các doanh nghiệp làm thủ tục tại Chi cục Hải quan khu vực XVIII),104865,305,16,DONG_NAI,null,null,https://files.customs.gov.vn/CustomsCMS/DONG_NAI/2026/6/23/1496_HQKV18_CNTT_23_06_2026.pdf,https://www.customs.gov.vn/index.jsp?pageId=3&id=104865&cid=1294,2026,06/2026,2026-10-08T09:33:54Z
324,1940/TB-HQKV6,23/06/2026,Chi  cục Hải quan khu vực VI,"Lựa chọn tổ chức, doanh nghiệp thẩm định giá",104866,305,19,LANG_SON,Mã Thanh Giang,null,https://files.customs.gov.vn/CustomsCMS/LANG_SON/2026/6/23/1940.pdf,https://www.customs.gov.vn/index.jsp?pageId=3&id=104866&cid=1294,2026,06/2026,2026-10-08T09:33:54Z
325,1978/QĐ-UBND,23/06/2026,UBND tỉnh Hưng Yên,"Về việc công bố Danh mục thủ tục hành chính mới ban hành; thủ tục hành chính sửa đổi, bổ sung trong lĩnh vực Người có công thuộc phạm vi chức năng quản lý nhà nước của Sở Nội vụ",104895,305,10,HA_NAM_NINH,null,null,"https://files.customs.gov.vn/CustomsCMS/HA_NAM_NINH/2026/6/26/1978 QD UBND ngay 23062026 cua UBND tinh Hung Yen ve cong bo danh muc thu tuc moi ban hanh trong linh vuc Nguoi co cong.pdf,/CustomsCMS/HA_NAM_NINH/2026/6/26/1978 QD UBND ngay 23062026 cua UBND tinh Hung Yen ve cong bo danh muc thu tuc moi ban hanh trong linh vuc Nguoi co cong Phu luc.pdf",https://www.customs.gov.vn/index.jsp?pageId=3&id=104895&cid=1294,2026,06/2026,2026-10-08T09:33:54Z
326,864/CKKV4,22/06/2026,Chi cục Hải quan khu vực II,Hải quan cửa khẩu cảng Sài Gòn khu vực 4 - Đề nghị thu hồi giấy chứng nhận đăng ký doanh nghiệp,104889,305,19,TONG_CUC,null,null,https://files.customs.gov.vn/CustomsCMS/TONG_CUC/2026/6/26/VB_31161.pdf,https://www.customs.gov.vn/index.jsp?pageId=3&id=104889&cid=1294,2026,06/2026,2026-10-08T09:33:54Z
327,217/2026/NĐ-CP,19/06/2026,Chính phủ,V/v Quy định chi tiết một số điều của Luật Xây dựng về quản lý hoạt động xây dựng,105584,305,8,DONG_NAI,null,01/07/2026,https://files.customs.gov.vn/CustomsCMS/DONG_NAI/2026/8/26/217_2026_ND_CP_19_06_2026.pdf,https://www.customs.gov.vn/index.jsp?pageId=3&id=105584&cid=1294,2026,06/2026,2026-10-08T09:33:54Z
328,2839/QĐ-BKHCN,18/06/2026,Bộ Khoa học Công nghệ,V/v Công bố thủ tục hành chính mới ban hành và bị bãi bỏ lĩnh vực tiêu chuẩn đo lường chất lượng thuộc phạm vi chức năng quản lý của Bộ Khoa học và Công nghệ,104975,305,4,DONG_NAI,null,01/07/2026,https://files.customs.gov.vn/CustomsCMS/DONG_NAI/2026/7/2/2839_QD_BKHCN_18_06_2026.pdf,https://www.customs.gov.vn/index.jsp?pageId=3&id=104975&cid=1294,2026,06/2026,2026-10-08T09:33:54Z
329,9226/HQKV2-VP,17/06/2026,Chi cục Hải quan khu vực II,V/v mời báo giá,104852,305,16,TP_HO_CHI_MINH,null,null,https://files.customs.gov.vn/CustomsCMS/TP_HO_CHI_MINH/2026/6/23/931VB_9226.pdf,https://www.customs.gov.vn/index.jsp?pageId=3&id=104852&cid=1294,2026,06/2026,2026-10-08T09:33:54Z
330,1017/TB-HQNB,16/06/2026,Hải quan CKSBQT Nội Bài,Thông báo về việc bán tài sản được xác lập quyền sở hữu toàn dân theo hình thức niêm yết giá,104858,305,19,HA_NOI,null,null,,https://www.customs.gov.vn/index.jsp?pageId=3&id=104858&cid=1294,2026,06/2026,2026-10-08T09:33:54Z
331,9010/HQKV2-VP,16/06/2026,Chi cục Hải quan Khu vực II,V/v mời cung cấp bảng báo giá dịch vụ thẩm định giá tài sản là hàng hóa tồn đọng tại cảng,104808,305,19,TP_HO_CHI_MINH,null,null,,https://www.customs.gov.vn/index.jsp?pageId=3&id=104808&cid=1294,2026,06/2026,2026-10-08T09:33:54Z
332,206/2026/NĐ-CP,15/06/2026,Chính phủ,V/v Quy định chi tiết về quản lý chi phí đầu tư xây dựng,105934,305,8,DONG_NAI,null,01/07/2026,https://files.customs.gov.vn/CustomsCMS/DONG_NAI/2026/9/17/206_2026_ND_CP_15_06_2026.pdf,https://www.customs.gov.vn/index.jsp?pageId=3&id=105934&cid=1294,2026,06/2026,2026-10-08T09:33:54Z
333,208/2026/NĐ-CP,15/06/2026,Chính phủ,Nghị định về vận tải hàng không,104977,305,8,DONG_NAI,null,01/07/2026,https://files.customs.gov.vn/CustomsCMS/DONG_NAI/2026/7/2/208_2026_ND_CP_15_06_2026.pdf,https://www.customs.gov.vn/index.jsp?pageId=3&id=104977&cid=1294,2026,06/2026,2026-10-08T09:33:54Z
334,8916/HQKV2-VP,15/06/2026,Chi cục Hải quan khu vực II,V/v mời báo giá dịch vụ tư vấn lập E- HSMT và đánh giá E-HSDT,104784,305,10,TP_HO_CHI_MINH,null,null,https://files.customs.gov.vn/CustomsCMS/TP_HO_CHI_MINH/2026/6/16/VB_8916.pdf,https://www.customs.gov.vn/index.jsp?pageId=3&id=104784&cid=1294,2026,06/2026,2026-10-08T09:33:54Z
335,8917/HQKV2-VP,15/06/2026,Chi cục Hải quan khu vực II,V/v mời báo giá dịch vụ tư vấn thẩm định các nội dung trong lựa chọn nhà thầu,104783,305,16,TP_HO_CHI_MINH,null,null,https://files.customs.gov.vn/CustomsCMS/TP_HO_CHI_MINH/2026/6/16/VB_8917.pdf,https://www.customs.gov.vn/index.jsp?pageId=3&id=104783&cid=1294,2026,06/2026,2026-10-08T09:33:54Z
336,8918/HQKV2-VP,15/06/2026,Chi cục Hải quan khu vực II,về việc báo giá phí dịch vụ thẩm định giá,104782,305,16,TP_HO_CHI_MINH,null,null,https://files.customs.gov.vn/CustomsCMS/TP_HO_CHI_MINH/2026/6/16/VB_8918.pdf,https://www.customs.gov.vn/index.jsp?pageId=3&id=104782&cid=1294,2026,06/2026,2026-10-08T09:33:54Z
337,8919/HQKV2-VP,15/06/2026,Chi cục Hải quan khu vực II,V/v mời báo giá dịch vụ tiêu hủy tài sản là tang vật vi phạm hành chính bị tịch thu,104781,305,16,TP_HO_CHI_MINH,null,null,https://files.customs.gov.vn/CustomsCMS/TP_HO_CHI_MINH/2026/6/16/VB_8919.pdf,https://www.customs.gov.vn/index.jsp?pageId=3&id=104781&cid=1294,2026,06/2026,2026-10-08T09:33:54Z
338,31/2026/TT-BCT,11/06/2026,Bộ Công Thương,"V/v Quy định về truy xuất nguồn gốc sản phẩm, hàng hóa thuộc phạm vi quản lý của Bộ Công Thương",104966,305,4,DONG_NAI,null,01/07/2026,https://files.customs.gov.vn/CustomsCMS/DONG_NAI/2026/7/1/31_2026_TT_BCT_11_06_2026.pdf,https://www.customs.gov.vn/index.jsp?pageId=3&id=104966&cid=1294,2026,06/2026,2026-10-08T09:33:54Z
339,8290/HQKV2-VP,11/06/2026,Chi cục Hải quan khu vực II,V/v mời báo giá dịch vụ,104637,305,16,TP_HO_CHI_MINH,null,null,https://files.customs.gov.vn/CustomsCMS/TP_HO_CHI_MINH/2026/6/12/VB_8290.pdf,https://www.customs.gov.vn/index.jsp?pageId=3&id=104637&cid=1294,2026,06/2026,2026-10-08T09:33:54Z
340,1249/HQKV13-NVHQ,10/06/2026,Chi cục Hải quan khu vực XIII,Triển khai thực hiện các Nghị quyết của Chính phủ và công khai TTHC theo quy định,104616,305,16,KHANH_HOA,null,null,https://files.customs.gov.vn/CustomsCMS/KHANH_HOA/2026/6/11/1249_HQKV13-trien-khai-NQCP-cong-khai-TTHC.pdf,https://www.customs.gov.vn/index.jsp?pageId=3&id=104616&cid=1294,2026,06/2026,2026-10-08T09:33:54Z
341,8266/HQKV2-VP,10/06/2026,Chi cục Hải quan khu vực II,V/v mời báo giá dịch vụ,104623,305,16,TP_HO_CHI_MINH,null,null,https://files.customs.gov.vn/CustomsCMS/TP_HO_CHI_MINH/2026/6/11/VB_8266.pdf,https://www.customs.gov.vn/index.jsp?pageId=3&id=104623&cid=1294,2026,06/2026,2026-10-08T09:33:54Z
342,1411/QĐ-BTC.,09/06/2026,Bộ Tài chính,"Quyết định về việc Công bố thủ tục hành chính được sửa đổi, bổ sung trong lĩnh vực hải quan thuộc phạm vi chức năng quản lý nhà nước của Bộ Tài chính",104550,305,10,CAO_BANG,Nguyễn Đức Chi - Thứ trưởng,01/03/2026,https://files.customs.gov.vn/CustomsCMS/CAO_BANG/2026/6/10/5431411_09062026_162220 (1).pdf,https://www.customs.gov.vn/index.jsp?pageId=3&id=104550&cid=1294,2026,06/2026,2026-10-08T09:33:54Z
343,3356/TB-SKHCN,08/06/2026,Sở khoa học và công nghệ,Danh sách các doanh nghiệp đã áp dụng biện pháp quản lý mức 3 đối với nhóm 2 nhập khẩu,104545,305,10,LANG_SON,null,null,"https://files.customs.gov.vn/CustomsCMS/LANG_SON/2026/6/10/3356.pdf,/CustomsCMS/LANG_SON/2026/6/10/ds cv 3356.pdf",https://www.customs.gov.vn/index.jsp?pageId=3&id=104545&cid=1294,2026,06/2026,2026-10-08T09:33:54Z
344,7932/HQKV2-VP,08/06/2026,Chi cục Hải quan khu vực II,V/v mời cung cấp bảng báo giá dịch vụ thẩm định giá tài sản là tang vật VPHC bị tịch thu,104539,305,16,TP_HO_CHI_MINH,null,null,https://files.customs.gov.vn/CustomsCMS/TP_HO_CHI_MINH/2026/6/9/VB_7932.pdf,https://www.customs.gov.vn/index.jsp?pageId=3&id=104539&cid=1294,2026,06/2026,2026-10-08T09:33:54Z
345,273/2026/NĐ-CP,07/06/2026,Chính phủ,V/v Kinh doanh hàng miễn thuế,105119,305,8,DONG_NAI,null,21/08/2026,https://files.customs.gov.vn/CustomsCMS/DONG_NAI/2026/7/15/273_2026_ND_CP_07_07_2026.pdf,https://www.customs.gov.vn/index.jsp?pageId=3&id=105119&cid=1294,2026,06/2026,2026-10-08T09:33:54Z
346,1428/HQKV10-NVHQ,05/06/2026,HQKV10,V/v triển khai thực hiện Hiệp định Thương mại biên giới Việt Nam - Trung Quốc.,104433,305,16,THANH_HOA,null,null,"https://files.customs.gov.vn/CustomsCMS/THANH_HOA/2026/6/8/cv 1428.pdf,/CustomsCMS/THANH_HOA/2026/6/8/1822_SCT_QLXNK.zip",https://www.customs.gov.vn/index.jsp?pageId=3&id=104433&cid=1294,2026,06/2026,2026-10-08T09:33:54Z
347,2789/CKKV1,05/06/2026,Hải quan cửa khẩu cảng Hải Phòng khu vực 1,Thông báo mất tờ khai,104456,305,19,TONG_CUC,Võ Sỹ Hùng,null,https://files.customs.gov.vn/CustomsCMS/TONG_CUC/2026/6/8/3.TB mất tờ khai.pdf,https://www.customs.gov.vn/index.jsp?pageId=3&id=104456&cid=1294,2026,06/2026,2026-10-08T09:33:54Z
348,3325/TB-SKHCN,05/06/2026,Sở khoa học và công nghệ,Danh sách các Doanh nghiệp đã áp dụng biện pháp  quản lý Mức 3 đối với hàng hóa nhóm 2 nhập khẩu,104417,305,19,LANG_SON,null,null,"https://files.customs.gov.vn/CustomsCMS/LANG_SON/2026/6/8/Thông báo áp dụng biện pháp quản lý Mức 3 đối với hàng hoá nhóm 2 nhập khẩu.pdf,/CustomsCMS/LANG_SON/2026/6/8/THÔNG BÁO QUAN LÝ MỨC 3.pdf",https://www.customs.gov.vn/index.jsp?pageId=3&id=104417&cid=1294,2026,06/2026,2026-10-08T09:33:54Z
349,7734/HQKV2-VP,05/06/2026,Chi cục Hải quan khu vực II,V/v báo giá dịch vụ Thẩm định E-HSMT và Kết quả LCNT,104425,305,16,TP_HO_CHI_MINH,null,null,https://files.customs.gov.vn/CustomsCMS/TP_HO_CHI_MINH/2026/6/8/VB_7734.pdf,https://www.customs.gov.vn/index.jsp?pageId=3&id=104425&cid=1294,2026,06/2026,2026-10-08T09:33:54Z
350,7743/HQKV2-VP,05/06/2026,Chi cục Hải quan khu vực II,V/v mời báo giá dịch vụ vận chuyển tài sản là tang vật vi phạm hành chính bị tịch thu,104424,305,16,TP_HO_CHI_MINH,null,null,https://files.customs.gov.vn/CustomsCMS/TP_HO_CHI_MINH/2026/6/8/VB_7743.pdf,https://www.customs.gov.vn/index.jsp?pageId=3&id=104424&cid=1294,2026,06/2026,2026-10-08T09:33:54Z
351,7772/HQKV2-VP,05/06/2026,Chi cục Hải quan khu vực II,V/v mời báo giá dịch vụ,104423,305,16,TP_HO_CHI_MINH,null,null,https://files.customs.gov.vn/CustomsCMS/TP_HO_CHI_MINH/2026/6/8/VB_7772.pdf,https://www.customs.gov.vn/index.jsp?pageId=3&id=104423&cid=1294,2026,06/2026,2026-10-08T09:33:54Z
352,1162/QĐ-HQKV2,04/06/2026,Cục Hải quan khu vực II,"Về việc ban hành Kế hoạch của Chi cục Hải quan khu vực II thực hiện Kết luận số 226-KL/TW ngày 11/12/2025 của Ban Bí thư về việc chấn chỉnh lề lối làm việc, nâng cao hiệu quả hoạt động của hệ thống chính trị, Quyết định số 534/QĐ-TTg ngày 31/3/2026 của Thủ tướng Chính phủ, Quyết định số 1224/QĐ-BTC ngày 21/5/2026 của Bộ trưởng Bộ Tài chính và Quyết định số 890/QĐ-CHQ ngày 28/5/2026 của Cục trưởng Cục Hải quan.",105320,305,10,TP_HO_CHI_MINH,Nguyễn Hoàng Tuấn,04/06/2026,,https://www.customs.gov.vn/index.jsp?pageId=3&id=105320&cid=1294,2026,06/2026,2026-10-08T09:33:54Z
353,7726/HQKV2-VP,04/06/2026,Chi cục Hải quan khu vực II,V/v mời báo giá dịch vụ,104385,305,16,TP_HO_CHI_MINH,null,null,https://files.customs.gov.vn/CustomsCMS/TP_HO_CHI_MINH/2026/6/5/VB_7726.pdf,https://www.customs.gov.vn/index.jsp?pageId=3&id=104385&cid=1294,2026,06/2026,2026-10-08T09:33:54Z
354,7729/HQKV2-VP,04/06/2026,Chi cục Hải quan khu vực II,V/v báo giá dịch vụ Tư vấn Lập E-HSMT và đánh giá E-HSDT,104430,305,16,TP_HO_CHI_MINH,null,null,https://files.customs.gov.vn/CustomsCMS/TP_HO_CHI_MINH/2026/6/8/VB_7729.pdf,https://www.customs.gov.vn/index.jsp?pageId=3&id=104430&cid=1294,2026,06/2026,2026-10-08T09:33:54Z
355,7730/HQKV2-VP,04/06/2026,Chi cục Hải quan khu vực II,V/v báo giá dịch vụ Tư vấn Lập E-HSMT và đánh giá E-HSDT,104429,305,16,TP_HO_CHI_MINH,null,null,https://files.customs.gov.vn/CustomsCMS/TP_HO_CHI_MINH/2026/6/8/VB_7730.pdf,https://www.customs.gov.vn/index.jsp?pageId=3&id=104429&cid=1294,2026,06/2026,2026-10-08T09:33:54Z
356,7731/HQKV2-VP,04/06/2026,Chi cục Hải quan khu vực II,V/v báo giá dịch vụ Thẩm định E-HSMT và Kết quả LCNT,104428,305,16,TP_HO_CHI_MINH,null,null,https://files.customs.gov.vn/CustomsCMS/TP_HO_CHI_MINH/2026/6/8/VB_7731.pdf,https://www.customs.gov.vn/index.jsp?pageId=3&id=104428&cid=1294,2026,06/2026,2026-10-08T09:33:54Z
357,7732/HQKV2-VP,04/06/2026,Chi cục Hải quan khu vực II,V/v báo giá dịch vụ Thẩm định E-HSMT và Kết quả LCNT,104427,305,16,TP_HO_CHI_MINH,null,null,https://files.customs.gov.vn/CustomsCMS/TP_HO_CHI_MINH/2026/6/8/VB_7732.pdf,https://www.customs.gov.vn/index.jsp?pageId=3&id=104427&cid=1294,2026,06/2026,2026-10-08T09:33:54Z
358,7733/HQKV2-VP,04/06/2026,Chi cục Hải quan khu vực II,V/v báo giá dịch vụ Tư vấn Lập E-HSMT và đánh giá E-HSDT,104426,305,16,TP_HO_CHI_MINH,null,null,https://files.customs.gov.vn/CustomsCMS/TP_HO_CHI_MINH/2026/6/8/VB_7733.pdf.PDF,https://www.customs.gov.vn/index.jsp?pageId=3&id=104426&cid=1294,2026,06/2026,2026-10-08T09:33:54Z
359,7735/HQKV2-NVHQ,04/06/2026,Chi cục Hải quan khu vực II,"Cập nhật thông tin phát hành biên lai đặt in, tự in  của Công ty  TNHH FedEx Express Việt Nam – Chi nhánh TP. Hồ Chí Minh.",104431,305,19,TONG_CUC,null,null,https://files.customs.gov.vn/CustomsCMS/TONG_CUC/2026/6/8/Cập nhật thông tin phát hành biên lai (FedEx).pdf,https://www.customs.gov.vn/index.jsp?pageId=3&id=104431&cid=1294,2026,06/2026,2026-10-08T09:33:54Z
360,7475/HQKV2-VP,03/06/2026,Chi cục Hải quan khu vực II,V/v mời báo giá,104292,305,16,TP_HO_CHI_MINH,null,null,https://files.customs.gov.vn/CustomsCMS/TP_HO_CHI_MINH/2026/6/4/VB_7475.pdf,https://www.customs.gov.vn/index.jsp?pageId=3&id=104292&cid=1294,2026,06/2026,2026-10-08T09:33:54Z
361,7678/HQKV2-VP,03/06/2026,Chi cục Hải quan khu vực II,V/v báo giá dịch vụ Thẩm định E-HSMT và Kết quả LCNT,104291,305,16,TP_HO_CHI_MINH,null,null,https://files.customs.gov.vn/CustomsCMS/TP_HO_CHI_MINH/2026/6/4/VB_7678.pdf,https://www.customs.gov.vn/index.jsp?pageId=3&id=104291&cid=1294,2026,06/2026,2026-10-08T09:33:54Z
362,7679/HQKV2-VP,03/06/2026,Chi cục Hải quan khu vực II,V/v báo giá dịch vụ tư vấn Lập E-HSMT và đánh giá LCNT,104290,305,16,TP_HO_CHI_MINH,null,null,https://files.customs.gov.vn/CustomsCMS/TP_HO_CHI_MINH/2026/6/4/VB_7679.pdf,https://www.customs.gov.vn/index.jsp?pageId=3&id=104290&cid=1294,2026,06/2026,2026-10-08T09:33:54Z
363,Số: 3561/GM-HQKV1,03/06/2026,Văn phòng,Giấy mời Hội nghị đối thoại Hải quan - Doanh nghiệp năm 2026,104445,305,19,HA_NOI,null,null,https://files.customs.gov.vn/CustomsCMS/HA_NOI/2026/6/8/Giay_moi_hang_loat.docx,https://www.customs.gov.vn/index.jsp?pageId=3&id=104445&cid=1294,2026,06/2026,2026-10-08T09:33:54Z
364,7458/HQKV2-VP,02/06/2026,Chi cục Hải quan khu vực II,V/v mời cung cấp bảng báo giá dịch vụ thẩm định giá tài sản là tang vật VPHC bị tịch thu,104282,305,16,TP_HO_CHI_MINH,null,null,https://files.customs.gov.vn/CustomsCMS/TP_HO_CHI_MINH/2026/6/3/VB_7458.pdf,https://www.customs.gov.vn/index.jsp?pageId=3&id=104282&cid=1294,2026,06/2026,2026-10-08T09:33:54Z
365,1256/HQKV18-NV,01/06/2026,Chi cục Hải quan khu vực XVIII,"V/v Lấy ý kiến dự thảo Thông tư hướng dẫn Luật Quản lý thuế 2025 đối với hàng hóa xuất khẩu, nhập khẩu (Các doanh nghiệp làm thủ tục hải quan tại Chi cục Hải quan khu vực XVIII)",104241,305,16,DONG_NAI,null,null,https://files.customs.gov.vn/CustomsCMS/DONG_NAI/2026/6/1/1256_HQKV18_NV_01_06_2026.pdf,https://www.customs.gov.vn/index.jsp?pageId=3&id=104241&cid=1294,2026,06/2026,2026-10-08T09:33:54Z
366,28/2026/TT-BCT,01/06/2026,Bộ Công Thương,V/v Ban hành Danh mục các mặt hàng nhập khẩu (kèm theo mã số HS) thực hiện kiểm tra nhà nước về an toàn thực phẩm thuộc trách nhiệm quản lý nhà nước của Bộ Công Thương,104996,305,4,DONG_NAI,null,07/07/2026,https://files.customs.gov.vn/CustomsCMS/DONG_NAI/2026/7/6/28_2026_TT_BCT_01_06_2026.pdf,https://www.customs.gov.vn/index.jsp?pageId=3&id=104996&cid=1294,2026,06/2026,2026-10-08T09:33:54Z
367,7108/HQKV2-VP,01/06/2026,Chi cục Hải quan khu vực II,V/v mời báo giá dịch vụ,104242,305,16,TP_HO_CHI_MINH,null,null,https://files.customs.gov.vn/CustomsCMS/TP_HO_CHI_MINH/2026/6/2/VB_7108.pdf,https://www.customs.gov.vn/index.jsp?pageId=3&id=104242&cid=1294,2026,06/2026,2026-10-08T09:33:54Z
368,7111/HQKV2-VP,01/06/2026,Chi cục Hải quan khu vực II,V/v mời báo giá,104243,305,16,TP_HO_CHI_MINH,null,null,https://files.customs.gov.vn/CustomsCMS/TP_HO_CHI_MINH/2026/6/2/VB_7111.pdf,https://www.customs.gov.vn/index.jsp?pageId=3&id=104243&cid=1294,2026,06/2026,2026-10-08T09:33:54Z
369,7177/HQKV2-VP,01/06/2026,Chi cục Hải quan khu vực II,V/v mời báo giá dịch vụ,104283,305,16,TP_HO_CHI_MINH,null,null,https://files.customs.gov.vn/CustomsCMS/TP_HO_CHI_MINH/2026/6/3/VB_7177.pdf,https://www.customs.gov.vn/index.jsp?pageId=3&id=104283&cid=1294,2026,06/2026,2026-10-08T09:33:54Z
370,1302/QĐ-CHQ,31/07/2026,Cục Hải quan,"Quy định tiêu chuẩn, định mức sử dụng máy móc, thiết bị chuyên dùng phục vụ công tác kiểm tra, giám sát Hải quan",105326,305,19,TONG_CUC,Lưu Mạnh Tưởng,null,https://files.customs.gov.vn/CustomsCMS/TONG_CUC/2026/8/6/VB_1302.pdf,https://www.customs.gov.vn/index.jsp?pageId=3&id=105326&cid=1294,2026,07/2026,2026-10-08T09:33:54Z
371,1303/QĐ-CHQ,31/07/2026,Cục Hải quan,"Quy định tiêu chuẩn, định mức sử dụng máy móc, thiết bị chuyên dùng phục vụ công tác kiểm soát hải quan, công tác chống buôn lậu",105533,305,19,TONG_CUC,null,null,https://files.customs.gov.vn/CustomsCMS/TONG_CUC/2026/8/22/VB_1303.pdf,https://www.customs.gov.vn/index.jsp?pageId=3&id=105533&cid=1294,2026,07/2026,2026-10-08T09:33:54Z
372,1304/QĐ-CHQ,31/07/2026,Cục Hải quan,"Sửa đổi, bổ sung một số điều của Quyết định số 1615/QĐ-CHQ ngày 17/10/2025 của Cục trưởng Cục Hải quan ban hành Quy chế quản lý, sử dụng máy móc, thiết bị chuyên dùng tại các đơn vị thuộc Cục Hải quan",105325,305,19,TONG_CUC,Lưu Mạnh Tưởng,null,https://files.customs.gov.vn/CustomsCMS/TONG_CUC/2026/8/6/VB_1304.pdf,https://www.customs.gov.vn/index.jsp?pageId=3&id=105325&cid=1294,2026,07/2026,2026-10-08T09:33:54Z
373,1305/QĐ-CHQ,31/07/2026,Cục Hải quan,"Về việc Ban hành quy trình xây dựng tiêu chuẩn, định mức sử dụng tài sản công tại các đơn vị thuộc Cục Hải quan",105539,305,19,TONG_CUC,null,null,https://files.customs.gov.vn/CustomsCMS/TONG_CUC/2026/8/22/VB_1305.pdf,https://www.customs.gov.vn/index.jsp?pageId=3&id=105539&cid=1294,2026,07/2026,2026-10-08T09:33:54Z
374,1839/TB-HQKV13,31/07/2026,Chi cục Hải quan khu vực XIII,Thông báo niêm yết thủ tục hành chính trong lĩnh vực Hải quan,105312,305,19,KHANH_HOA,null,null,https://files.customs.gov.vn/CustomsCMS/KHANH_HOA/2026/8/5/4651839-HQKV13_TB-TTHC-linh-vuc-HQ.pdf,https://www.customs.gov.vn/index.jsp?pageId=3&id=105312&cid=1294,2026,07/2026,2026-10-08T09:33:54Z
375,1938/TB-HQKV13,31/07/2026,Chi cục Hải quan khu vực XIII,Thông báo niêm yết thủ tục hành chính trong lĩnh vực Hải quan,105314,305,19,KHANH_HOA,null,null,https://files.customs.gov.vn/CustomsCMS/KHANH_HOA/2026/8/5/3541838-HQKV13_TB-TTHC-trong-linh-vuc-HQ.pdf,https://www.customs.gov.vn/index.jsp?pageId=3&id=105314&cid=1294,2026,07/2026,2026-10-08T09:33:54Z
376,16543/HQKV2-VP,30/07/2026,Chi cục hải quan khu vực II,V/v mời cung cấp bảng báo giá dịch vụ thẩm định giá tài sản,105270,305,16,TP_HO_CHI_MINH,null,null,https://files.customs.gov.vn/CustomsCMS/TP_HO_CHI_MINH/2026/7/30/1152011_image9129.pdf,https://www.customs.gov.vn/index.jsp?pageId=3&id=105270&cid=1294,2026,07/2026,2026-10-08T09:33:54Z
377,61/2026/TT-BXD,30/07/2026,Bộ Xây Dựng,V/v Ban hành Quy chuẩn kỹ thuật quốc gia về Công trình dân dụng - Phần 3: Công trình xây dựng sử dụng năng lượng hiệu quả,105939,305,4,DONG_NAI,null,01/02/2027,https://files.customs.gov.vn/CustomsCMS/DONG_NAI/2026/9/17/61_2026_TT_BXD_30_07_2026.pdf,https://www.customs.gov.vn/index.jsp?pageId=3&id=105939&cid=1294,2026,07/2026,2026-10-08T09:33:54Z
378,16121/HQKV2-VP,29/07/2026,Chi cục hải quan khu vực II,V/v mời báo giá dịch vụ tiêu hủy tài sản,105262,305,16,TP_HO_CHI_MINH,null,null,https://files.customs.gov.vn/CustomsCMS/TP_HO_CHI_MINH/2026/7/30/1151510_image9127.pdf,https://www.customs.gov.vn/index.jsp?pageId=3&id=105262&cid=1294,2026,07/2026,2026-10-08T09:33:54Z
379,42/2026/TT-BCT,29/07/2026,Bộ Công Thương,V/v Quy định Danh mục chi tiết hàng hóa lưỡng dụng thuộc thẩm quyền quản lý của Bộ Công Thương,105279,305,4,DONG_NAI,null,12/09/2026,https://files.customs.gov.vn/CustomsCMS/DONG_NAI/2026/7/31/42_2026_TT_BCT_29_07_2026.pdf,https://www.customs.gov.vn/index.jsp?pageId=3&id=105279&cid=1294,2026,07/2026,2026-10-08T09:33:54Z
380,7630/HQKV3-VP,29/07/2026,Chi cục Hải quan khu vực III,Thư mời chào giá tư vấn thầu,105269,305,16,HAI_PHONG,null,null,https://files.customs.gov.vn/CustomsCMS/HAI_PHONG/2026/7/30/Thumoi.pdf,https://www.customs.gov.vn/index.jsp?pageId=3&id=105269&cid=1294,2026,07/2026,2026-10-08T09:33:54Z
381,110/2026/TT-BTC,28/07/2026,Bộ Tài chính,V/v Bãi bò toàn bộ một số Thông tư và Quyết định của Bộ trưởng Bộ Tài chính trong lĩnh vực thuế,105260,305,4,DONG_NAI,null,12/09/2026,https://files.customs.gov.vn/CustomsCMS/DONG_NAI/2026/7/30/110_2026_TT_BTC_28_07_2026.pdf,https://www.customs.gov.vn/index.jsp?pageId=3&id=105260&cid=1294,2026,07/2026,2026-10-08T09:33:54Z
382,16/2026/TT-BNV,28/07/2026,Bộ Nội vụ,"V/v Quy định Danh mục sản phẩm, hàng hóa có mức độ rủi ro trung bình, mức độ rủi ro cao thuộc trách nhiệm quản lý nhà nước của Bộ Nội vụ",105280,305,4,DONG_NAI,null,28/07/2026,https://files.customs.gov.vn/CustomsCMS/DONG_NAI/2026/7/31/16_2026_TT_BNV_28_07_2026.pdf,https://www.customs.gov.vn/index.jsp?pageId=3&id=105280&cid=1294,2026,07/2026,2026-10-08T09:33:54Z
383,19525/CHQ-NVTHQ,28/07/2026,Cục Hải quan,Bổ sung Tuyển tập ý kiến phân loại của WCO tại phiên họp lần thứ 77,105268,305,19,TONG_CUC,Bùi Tuấn Hải,null,https://files.customs.gov.vn/CustomsCMS/TONG_CUC/2026/7/30/VB_19525.pdf,https://www.customs.gov.vn/index.jsp?pageId=3&id=105268&cid=1294,2026,07/2026,2026-10-08T09:33:54Z
384,2017/QĐ-BTC.,28/07/2026,Bộ Tài chính,"Quyết định v/v công bố kèm theo Quyết định này thủ tục hành chính được sửa đổi, bổ sung và bị bãi bỏ trong lĩnh vực Hải quan thuộc phạm vi chức năng, quản lý của Bộ Tài chính",105273,305,10,CAO_BANG,Nguyễn Đức Chi - Thứ trưởng,21/08/2026,https://files.customs.gov.vn/CustomsCMS/CAO_BANG/2026/7/30/2017_28072026_170437.pdf,https://www.customs.gov.vn/index.jsp?pageId=3&id=105273&cid=1294,2026,07/2026,2026-10-08T09:33:54Z
385,762/KCNVS,28/07/2026,Hải quan KCN Việt Nam - Singapore,Về việc sẽ áp dụng biện pháp tạm hoãn xuất cảnh Ông HUỲNH VĂN NHANH (Công ty Cổ phần Sài Gòn Kỹ Nghệ Kính – MST: 3701484890 ),105252,305,19,TP_HO_CHI_MINH,Hoàng Trọng Nghĩa,28/07/2026,https://files.customs.gov.vn/CustomsCMS/TP_HO_CHI_MINH/2026/7/28/5.2a. Thông báo sẽ áp dụng biện pháp tạm hoãn xuất cảnh ông Huỳnh Văn Nhanh_cổ đông KN Kính (1).pdf,https://www.customs.gov.vn/index.jsp?pageId=3&id=105252&cid=1294,2026,07/2026,2026-10-08T09:33:54Z
386,16073/HQKV2-VP,27/07/2026,Chi cục Hải quan khu vực II,"V/v mời báo giá dịch vụ sửa chữa, thay thế thiết bị nhà vệ sinh",105247,305,16,TP_HO_CHI_MINH,Nguyễn Thị Thanh Thủy,27/07/2026,https://files.customs.gov.vn/CustomsCMS/TP_HO_CHI_MINH/2026/7/27/16073.pdf,https://www.customs.gov.vn/index.jsp?pageId=3&id=105247&cid=1294,2026,07/2026,2026-10-08T09:33:54Z
387,16074/HQKV2-VP,27/07/2026,Chi cục Hải quan khu vực II,"V/v mời báo giá dịch vụ sửa khóa điện tử, tháo lắp, vận chuyển, bàn ghế, tủ",105248,305,16,TP_HO_CHI_MINH,Nguyễn Thị Thanh Thủy,27/07/2026,https://files.customs.gov.vn/CustomsCMS/TP_HO_CHI_MINH/2026/7/27/16074.pdf,https://www.customs.gov.vn/index.jsp?pageId=3&id=105248&cid=1294,2026,07/2026,2026-10-08T09:33:54Z
388,1835/TB-HQKV16,27/07/2026,Chi cục Hải quan khu vực XVI,Thông báo v/v bán tài sản là tang vật vi phạm hành chính bị tịch thu theo hình thức niêm yết giá,105285,305,19,CAO_BANG,Lê Viết Phong - Phó Chi cục trưởng,27/07/2026,"https://files.customs.gov.vn/CustomsCMS/CAO_BANG/2026/8/3/1835-TB-HQKV16 - Thông báo.pdf,/CustomsCMS/CAO_BANG/2026/8/3/27.7. Thông báo niêm yết bán TS.doc",https://www.customs.gov.vn/index.jsp?pageId=3&id=105285&cid=1294,2026,07/2026,2026-10-08T09:33:54Z
389,2481/TB-HQKV6,27/07/2026,Chi  cục Hải quan khu vực VI,Lựa chọn tổ chức hành nghề đấu giá tài sản,105254,305,19,LANG_SON,null,null,"https://files.customs.gov.vn/CustomsCMS/LANG_SON/2026/7/29/6152481.TB.HQKV6 thong bao lua chon to chuc dau gia.pdf,/CustomsCMS/LANG_SON/2026/7/29/3792481. Phu luc hang hoa.pdf",https://www.customs.gov.vn/index.jsp?pageId=3&id=105254&cid=1294,2026,07/2026,2026-10-08T09:33:54Z
390,1262/QĐ-CHQ,24/07/2026,Cục Hải quan,"Quy định tiêu chuẩn, định mức sử dụng tàu, ca nô phục vụ công tác chống buôn lậu",105267,305,10,TONG_CUC,Lưu Mạnh Tưởng,null,https://files.customs.gov.vn/CustomsCMS/TONG_CUC/2026/7/30/VB_1262.pdf,https://www.customs.gov.vn/index.jsp?pageId=3&id=105267&cid=1294,2026,07/2026,2026-10-08T09:33:54Z
391,1765/HQKV13-NVHQ,24/07/2026,Chi cục Hải quan khu vực XIII,Phổ biến các văn bản quy phạm pháp luật mới ban hành,105245,305,16,KHANH_HOA,null,null,https://files.customs.gov.vn/CustomsCMS/KHANH_HOA/2026/7/27/1765_HQKV13-NVHQ_Pho-bien-cac-van-ban-QPPL-moi-ban-hanh.pdf,https://www.customs.gov.vn/index.jsp?pageId=3&id=105245&cid=1294,2026,07/2026,2026-10-08T09:33:54Z
392,15603/HQKV2-VP,23/07/2026,Chi cục Hải quan Khu vực II,Mời báo giá sửa chữa máy lạnh,105215,305,19,TP_HO_CHI_MINH,Nguyễn Thị Thanh Thủy,null,https://files.customs.gov.vn/CustomsCMS/TP_HO_CHI_MINH/2026/7/23/Mời báo giá sửa chữa máy lạnh KCN sóng thần 15603.pdf,https://www.customs.gov.vn/index.jsp?pageId=3&id=105215&cid=1294,2026,07/2026,2026-10-08T09:33:54Z
393,15615/HQKV2-VP,23/07/2026,Chi cục Hải quan khu vực II,V/v mời báo giá,105218,305,19,TP_HO_CHI_MINH,null,null,https://files.customs.gov.vn/CustomsCMS/TP_HO_CHI_MINH/2026/7/23/VB15615.pdf,https://www.customs.gov.vn/index.jsp?pageId=3&id=105218&cid=1294,2026,07/2026,2026-10-08T09:33:54Z
394,15312/HQKV2-VP,22/07/2026,Chi cục Hải quan khu vực II,V/v mời báo giá,105202,305,19,TP_HO_CHI_MINH,null,null,https://files.customs.gov.vn/CustomsCMS/TP_HO_CHI_MINH/2026/7/22/VB15312.pdf,https://www.customs.gov.vn/index.jsp?pageId=3&id=105202&cid=1294,2026,07/2026,2026-10-08T09:33:54Z
395,41/2026/TT-BCT,22/07/2026,Bộ Công Thương,"V/v Quy định Danh mục phế liệu và Danh mục hàng hóa đã qua sử dụng tạm ngừng kinh doanh tạm nhập, tái xuất, chuyển khẩu",105249,305,4,DONG_NAI,null,05/09/2026,https://files.customs.gov.vn/CustomsCMS/DONG_NAI/2026/7/28/41_2026_TT_BCT_22_07_2026.PDF,https://www.customs.gov.vn/index.jsp?pageId=3&id=105249&cid=1294,2026,07/2026,2026-10-08T09:33:54Z
396,15159/TB,21/07/2026,Chi cục Hải quan Khu vực II,mời báo giá dịch vụ sửa chữa cano,105196,305,19,TP_HO_CHI_MINH,Nguyễn Thị Thanh Thủy,null,https://files.customs.gov.vn/CustomsCMS/TP_HO_CHI_MINH/2026/7/21/15159 - Mời báo giá sửa chữa cano KV2-2026.pdf,https://www.customs.gov.vn/index.jsp?pageId=3&id=105196&cid=1294,2026,07/2026,2026-10-08T09:33:54Z
397,15160/TB,21/07/2026,Chi cục Hải quan Khu vực II,Mời báo giá sửa chữa 03 xe ô tô 29 chỗ,105197,305,19,TP_HO_CHI_MINH,Nguyễn Thị Thanh Thủy,null,https://files.customs.gov.vn/CustomsCMS/TP_HO_CHI_MINH/2026/7/21/15160-KV2 MỜI BÁO GIÁ SỮA CHỮA 03 XE Ô TÔ 29 CHỖ.pdf,https://www.customs.gov.vn/index.jsp?pageId=3&id=105197&cid=1294,2026,07/2026,2026-10-08T09:33:54Z
398,14679/HQKV2-VP,20/07/2026,Chi cục Hải quan khu vực II,V/v mời cung cấp bảng báo giá dịch vụ giám định tài sản là hàng hóa của 410 container phế liệu nhựa tồn đọng tại Hải quan cửa khẩu cảng Sài Gòn khu vực 1.,105165,305,19,TP_HO_CHI_MINH,Ngô Thị Thanh Truyền,20/07/2026,https://files.customs.gov.vn/CustomsCMS/TP_HO_CHI_MINH/2026/7/20/CV 14679.pdf,https://www.customs.gov.vn/index.jsp?pageId=3&id=105165&cid=1294,2026,07/2026,2026-10-08T09:33:54Z
399,167/TB-HQKV2,20/07/2026,Chi cục hải quan khu vực II,Về việc bán tài sản theo hình thức niêm yết giá,105185,305,19,TP_HO_CHI_MINH,null,null,https://files.customs.gov.vn/CustomsCMS/TP_HO_CHI_MINH/2026/7/21/167.pdf,https://www.customs.gov.vn/index.jsp?pageId=3&id=105185&cid=1294,2026,07/2026,2026-10-08T09:33:54Z
400,0286/2026/NĐ-CP,17/07/2026,Chính Phủ,"Quy định cơ chế phối hợp giữa các bộ, cơ quan ngang bộ, Uỷ ban nhân dân tỉnh, thành phố trong công tác quản lý nhập cảnh, xuất cảnh, quá cảnh, cư trú của người nước ngoài tại Việt Nam",105831,305,8,KV_15,Phó Thủ tướng Phạm Gia Túc,15/09/2026,https://files.customs.gov.vn/CustomsCMS/KV_15/2026/9/14/nghị định số 286.2026.NĐ-CP.pdf,https://www.customs.gov.vn/index.jsp?pageId=3&id=105831&cid=1294,2026,07/2026,2026-10-08T09:33:54Z
401,104/2026/TT-BTC,17/07/2026,Bộ Tài chính,V/v Quy định phân cấp thẩm quyền và quy trình kiểm tra chuyên ngành trong một số lĩnh vực quản lý nhà nước của Bộ Tài chính,105585,305,4,DONG_NAI,null,17/07/2026,https://files.customs.gov.vn/CustomsCMS/DONG_NAI/2026/8/26/104_2026_TT_BTC_17_07_2026.pdf,https://www.customs.gov.vn/index.jsp?pageId=3&id=105585&cid=1294,2026,07/2026,2026-10-08T09:33:54Z
402,1896/QĐ-BTC,17/07/2026,Bộ Tài chính,"V/v Công bố thủ tục hành chính mới ban hành, được sửa đổi, bổ sung trong lĩnh vực quản lý thuế, hải quan thuộc phạm vi chức năng quản lý của Bộ Tài chính",105313,305,10,DONG_NAI,null,17/07/2026,https://files.customs.gov.vn/CustomsCMS/DONG_NAI/2026/8/5/1896_QD_BTC_17_07_2026.pdf,https://www.customs.gov.vn/index.jsp?pageId=3&id=105313&cid=1294,2026,07/2026,2026-10-08T09:33:54Z
403,1896/QĐ-BTC.,17/07/2026,Bộ Tài chính,"Quyết định công bố Thủ tục hành chính mới ban hành, được sửa đổi, bổ sung trong lĩnh vực thuế, hải quan thuộc phạm vi chức năng quản lý của Bộ Tài chính",105323,305,10,CAO_BANG,Thứ trưởng Lê Tấn Cận,null,https://files.customs.gov.vn/CustomsCMS/CAO_BANG/2026/8/6/1896 quyết định công bố TTHC.pdf,https://www.customs.gov.vn/index.jsp?pageId=3&id=105323&cid=1294,2026,07/2026,2026-10-08T09:33:54Z
404,1408/TB-HQKV19,16/07/2026,Chi cục Hải quan khu vực XIX,Lựa chọn tổ chức hành nghề đấu giá tài sản,105146,305,19,CAN_THO,null,16/07/2026,https://files.customs.gov.vn/CustomsCMS/CAN_THO/2026/7/16/1408 Thong bao lua cho to chuc dau gia-o to-2026-KV19.pdf,https://www.customs.gov.vn/index.jsp?pageId=3&id=105146&cid=1294,2026,07/2026,2026-10-08T09:33:54Z
405,14364/HQKV2-VP,16/07/2026,Chi cục Hải quan khu vực II,V/v mời báo giá,105141,305,16,TP_HO_CHI_MINH,Nguyễn Thị Thanh Thủy,16/07/2026,https://files.customs.gov.vn/CustomsCMS/TP_HO_CHI_MINH/2026/7/16/VB_14364.pdf,https://www.customs.gov.vn/index.jsp?pageId=3&id=105141&cid=1294,2026,07/2026,2026-10-08T09:33:54Z
406,14365/HQKV2-VP,16/07/2026,Chi cục Hải quan khu vực II,V/v mời báo giá,105143,305,19,TP_HO_CHI_MINH,Nguyễn Thị Thanh Thủy,16/07/2026,https://files.customs.gov.vn/CustomsCMS/TP_HO_CHI_MINH/2026/7/16/VB14365.pdf,https://www.customs.gov.vn/index.jsp?pageId=3&id=105143&cid=1294,2026,07/2026,2026-10-08T09:33:54Z
407,14366/HQKV2-VP,16/07/2026,Chi cục Hải quan khu vực II,V/v mời báo giá dịch vụ tư vấn thẩm định E-HSMT & thẩm định kết quả LCNT,105144,305,16,TP_HO_CHI_MINH,Nguyễn Thị Thanh Thủy,16/07/2026,https://files.customs.gov.vn/CustomsCMS/TP_HO_CHI_MINH/2026/7/16/VB14366.pdf,https://www.customs.gov.vn/index.jsp?pageId=3&id=105144&cid=1294,2026,07/2026,2026-10-08T09:33:54Z
408,14367/HQKV2-VP,16/07/2026,Chi cục Hải quan khu vực II,V/v mời báo giá dịch vụ tư vấn lập E-HSMT và đánh giá E-HSDT,105145,305,16,TP_HO_CHI_MINH,null,null,https://files.customs.gov.vn/CustomsCMS/TP_HO_CHI_MINH/2026/7/16/VB14367.pdf,https://www.customs.gov.vn/index.jsp?pageId=3&id=105145&cid=1294,2026,07/2026,2026-10-08T09:33:54Z
409,2328/TB-HQKV6,16/07/2026,Chi  cục Hải quan khu vực VI,"Lựa chọn tổ chức, doanh nghiệp thẩm định giá",105150,305,19,LANG_SON,null,null,"https://files.customs.gov.vn/CustomsCMS/LANG_SON/2026/7/17/8. QĐ Công khai điều chỉnh DT QD 1116.pdf,/CustomsCMS/LANG_SON/2026/7/17/8. PL công khai QD 1116.pdf",https://www.customs.gov.vn/index.jsp?pageId=3&id=105150&cid=1294,2026,07/2026,2026-10-08T09:33:54Z
410,552/QĐ-HQKV6,16/07/2026,Chi  cục Hải quan khu vực VI,"Phê duyệt chỉ định đơn vị tư vấn thẩm định E-HSMT và kết quả lựa chọn nhà thầu gói thầu: Mua sắm máy tính, máy in năm 2026",105151,305,10,LANG_SON,null,null,"https://files.customs.gov.vn/CustomsCMS/LANG_SON/2026/7/17/QĐ phê duyệt thẩm định HSMT và KQ mua máy in, photo 2026.pdf",https://www.customs.gov.vn/index.jsp?pageId=3&id=105151&cid=1294,2026,07/2026,2026-10-08T09:33:54Z
411,553/QĐ-HQKV6,16/07/2026,Chi  cục Hải quan khu vực VI,"Phê duyệt chỉ định đơn vị tư vấn lập E-HSMT và đánh giá E-HSDT gói thầu: Mua sắm máy tính, máy in năm 2026",105152,305,10,LANG_SON,null,null,"https://files.customs.gov.vn/CustomsCMS/LANG_SON/2026/7/17/QĐ phê duyệt tư vấn lập HSMT và đánh giá HSDT mua máy in, photo 2026.pdf",https://www.customs.gov.vn/index.jsp?pageId=3&id=105152&cid=1294,2026,07/2026,2026-10-08T09:33:54Z
412,14216/HQKV2-VP,15/07/2026,Chi cục Hải quan khu vực II,V/v mời báo giá dịch vụ,105128,305,19,TP_HO_CHI_MINH,Nguyễn Thị Thanh Thủy,15/07/2026,https://files.customs.gov.vn/CustomsCMS/TP_HO_CHI_MINH/2026/7/15/Cong van 14216.HQKV2-VP ngay 15.7.2026.pdf,https://www.customs.gov.vn/index.jsp?pageId=3&id=105128&cid=1294,2026,07/2026,2026-10-08T09:33:54Z
413,14227/HQKV2-VP,15/07/2026,Chi cục Hải quan khu vực II,V/v mời báo giá dịch vụ,105129,305,19,TP_HO_CHI_MINH,Nguyễn Thị Thanh Thủy,15/07/2026,https://files.customs.gov.vn/CustomsCMS/TP_HO_CHI_MINH/2026/7/15/Cong van 14227HQKV2-VP ngay 15.7.2026.pdf,https://www.customs.gov.vn/index.jsp?pageId=3&id=105129&cid=1294,2026,07/2026,2026-10-08T09:33:54Z
414,14228/HQKV2-VP,15/07/2026,Chi cục Hải quan khu vực II,V/v mời báo giá dịch vụ,105130,305,19,TP_HO_CHI_MINH,Nguyễn Thị Thanh Thủy,15/07/2026,https://files.customs.gov.vn/CustomsCMS/TP_HO_CHI_MINH/2026/7/15/Cong van 14228.HQKV2-VP ngay 15.7.2026.pdf,https://www.customs.gov.vn/index.jsp?pageId=3&id=105130&cid=1294,2026,07/2026,2026-10-08T09:33:54Z
415,18845/CHQ-GSQL,15/07/2026,Ban Giám sát quản lý về hải quan,"V/v Nhập khẩu, tạm nhập tái xuất tàu bay không người lái (Công ty CP Thiết bị Thắng Lợi)",105122,305,16,DONG_NAI,null,null,https://files.customs.gov.vn/CustomsCMS/DONG_NAI/2026/7/15/18845_CHQ_GSQL_15_07_2026.pdf,https://www.customs.gov.vn/index.jsp?pageId=3&id=105122&cid=1294,2026,07/2026,2026-10-08T09:33:54Z
416,2293/TB-HQKV6,15/07/2026,Chi  cục Hải quan khu vực VI,Thông báo bàn tài sản được xác lập quyền sở hữu toàn dân theo hình thức Niêm yết giá,105131,305,19,LANG_SON,null,null,"https://files.customs.gov.vn/CustomsCMS/LANG_SON/2026/7/16/2026_VP_Thông báo bán tài sản theo hình thức niêm yết giá_QĐ 178_QĐ_STC.pdf,/CustomsCMS/LANG_SON/2026/7/16/2026_Danh mục tài sản kèm theo Thông báo bán tài sản theo hình thức niêm yết giá.pdf,/CustomsCMS/LANG_SON/2026/7/16/mau-so-02-pdk-tsc.docx",https://www.customs.gov.vn/index.jsp?pageId=3&id=105131&cid=1294,2026,07/2026,2026-10-08T09:33:54Z
417,5204/TB-HQKV1,15/07/2026,Phòng Nghiệp vụ hải quan,Lựa chọn tổ chức đấu giá tài sản,105166,305,19,HA_NOI,null,null,https://files.customs.gov.vn/CustomsCMS/HA_NOI/2026/7/20/VB_5204.pdf,https://www.customs.gov.vn/index.jsp?pageId=3&id=105166&cid=1294,2026,07/2026,2026-10-08T09:33:54Z
418,547/QĐ-HQKV6,15/07/2026,Chi  cục Hải quan khu vực VI,Công bố công khai số liệu giao dự toán chi ngân sách nhà nước năm 2026 của Chi cục Hải quan khu vực VI,105134,305,10,LANG_SON,null,null,"https://files.customs.gov.vn/CustomsCMS/LANG_SON/2026/7/16/8. QĐ Công khai điều chỉnh DT QD 1116.pdf,/CustomsCMS/LANG_SON/2026/7/16/8. PL công khai QD 1116.pdf",https://www.customs.gov.vn/index.jsp?pageId=3&id=105134&cid=1294,2026,07/2026,2026-10-08T09:33:54Z
419,1643/HQKV13-NVHQ,14/07/2026,Chi cục Hải quan khu vực XIII,Triển khai Quyết định số 31/2026/QĐ-TTg và Thông tư số 78/2026/TT-BTC,105133,305,16,KHANH_HOA,null,null,https://files.customs.gov.vn/CustomsCMS/KHANH_HOA/2026/7/16/1643_HQKV13-trien-khai-QD31-TT78.pdf,https://www.customs.gov.vn/index.jsp?pageId=3&id=105133&cid=1294,2026,07/2026,2026-10-08T09:33:54Z
420,291/QĐ-HQKV13,14/07/2026,Chi cục Hải quan khu vực XIII,Quyết định công bố công khai giao dự toán chi NSNN năm 2026 của Chi cục Hải quan khu vực XIII,105132,305,10,KHANH_HOA,null,null,https://files.customs.gov.vn/CustomsCMS/KHANH_HOA/2026/7/16/291_QD-HQKV13-cong-bo-cong-khai-du-toan-chi-NSNN2026.pdf,https://www.customs.gov.vn/index.jsp?pageId=3&id=105132&cid=1294,2026,07/2026,2026-10-08T09:33:54Z
421,13862/HQKV2-VP,13/07/2026,Chi cục Hải quan khu vực II,Về việc mời báo giá cung cấp dịch vụ,105097,305,19,TP_HO_CHI_MINH,Nguyễn Thị Thanh Thủy,null,https://files.customs.gov.vn/CustomsCMS/TP_HO_CHI_MINH/2026/7/13/13862.HQKV2-VP_1.pdf,https://www.customs.gov.vn/index.jsp?pageId=3&id=105097&cid=1294,2026,07/2026,2026-10-08T09:33:54Z
422,45/2026/QĐ-UBND,13/07/2026,Chi  cục Hải quan khu vực VI,Quy định cơ quan có thẩm quyền cấp Giấy chứng nhận đủ điều kiện sản xuất tiền chất thuốc nổ trên địa bàn tỉnh Lạng Sơn,105116,305,10,LANG_SON,null,null,https://files.customs.gov.vn/CustomsCMS/LANG_SON/2026/7/15/Quyet dinh cua UBND tinh quy dinh tham quyen GCN VLNCN.pdf,https://www.customs.gov.vn/index.jsp?pageId=3&id=105116&cid=1294,2026,07/2026,2026-10-08T09:33:54Z
423,13836/HQKV2-VP,10/07/2026,Chi cục hải quan khu vực II,V/v mời cung cấp bảng báo giá dịch vụ thẩm định giá,105073,305,16,TP_HO_CHI_MINH,null,null,https://files.customs.gov.vn/CustomsCMS/TP_HO_CHI_MINH/2026/7/10/1129585_image8789.pdf,https://www.customs.gov.vn/index.jsp?pageId=3&id=105073&cid=1294,2026,07/2026,2026-10-08T09:33:54Z
424,1448/QD-HQKV2,10/07/2026,Chi cục Hải quan Khu vực II,"Về việc công bố, công khai dự toán thu, chỉ ngân sách nhà nước năm 2026 của Chỉ cục Hải quan Khu vực II",105198,305,10,TP_HO_CHI_MINH,Phan Minh Lê,null,https://files.customs.gov.vn/CustomsCMS/TP_HO_CHI_MINH/2026/7/22/VB_1448.pdf.PDF,https://www.customs.gov.vn/index.jsp?pageId=3&id=105198&cid=1294,2026,07/2026,2026-10-08T09:33:54Z
425,2204/TB-HQKV6,10/07/2026,Chi  cục Hải quan khu vực VI,Thông báo Mời tham gia Tư vấn lập E - HSMT và đánh giá E - HSDT Tư vấn thẩm định E - HSMT và KQ LCNT,105076,305,19,LANG_SON,null,null,https://files.customs.gov.vn/CustomsCMS/LANG_SON/2026/7/10/2204.pdf,https://www.customs.gov.vn/index.jsp?pageId=3&id=105076&cid=1294,2026,07/2026,2026-10-08T09:33:54Z
426,299/QĐ-HQKV19,10/07/2026,Chi cục Hải quan khu vực XIX,"Công bố công khai dự toán thu, chi NSNN năm 2026 của Chi cục Hải quan khu vực XIX",105104,305,10,CAN_THO,null,10/07/2026,https://files.customs.gov.vn/CustomsCMS/CAN_THO/2026/7/14/2026_299.signed.pdf,https://www.customs.gov.vn/index.jsp?pageId=3&id=105104&cid=1294,2026,07/2026,2026-10-08T09:33:54Z
427,321/QĐ-KTSTQ,10/07/2026,Chi cục Kiểm tra sau thông quan,Về việc công khai thực hiện ngân sách nhà nước 6 tháng đầu năm 2026 của Chi cục Kiểm tra sau thông quan,105100,305,19,TONG_CUC,null,null,https://files.customs.gov.vn/CustomsCMS/TONG_CUC/2026/7/13/CCI_010433.pdf,https://www.customs.gov.vn/index.jsp?pageId=3&id=105100&cid=1294,2026,07/2026,2026-10-08T09:33:54Z
428,5008/HQKV1-CNTT,10/07/2026,Phòng Công nghệ thông tin,Mời báo giá cung cấp thiết bị và dịch vụ công nghệ thông tin,105078,305,19,HA_NOI,null,null,https://files.customs.gov.vn/CustomsCMS/HA_NOI/2026/7/10/Cv 5008 mơi bao gia.pdf,https://www.customs.gov.vn/index.jsp?pageId=3&id=105078&cid=1294,2026,07/2026,2026-10-08T09:33:54Z
429,5009/HQKV1-CNTT,10/07/2026,Phòng Công nghệ thông tin,Mời báo giá cung cấp thiết bị và dịch vụ công nghệ thông tin,105077,305,19,HA_NOI,null,null,https://files.customs.gov.vn/CustomsCMS/HA_NOI/2026/7/10/Cv 5009 moi bao gia.pdf,https://www.customs.gov.vn/index.jsp?pageId=3&id=105077&cid=1294,2026,07/2026,2026-10-08T09:33:54Z
430,1162/QĐ-CHQ,09/07/2026,Cục Hải quan,"Công khai giao dự toán thu, chi ngân sách nhà nước năm 2026 của Cục Hải quan",105111,305,19,TONG_CUC,null,null,https://files.customs.gov.vn/CustomsCMS/TONG_CUC/2026/7/14/VB_1162.pdf,https://www.customs.gov.vn/index.jsp?pageId=3&id=105111&cid=1294,2026,07/2026,2026-10-08T09:33:54Z
431,13821,09/07/2026,Chi cục Hải quan khu vực II,V/v mời cung cấp bảng báo giá dịch vụ thẩm định giá tài sản là hàng hóa tồn đọng tại cảng.,105074,305,19,TP_HO_CHI_MINH,Ngô Thị Thanh Truyền,09/07/2026,https://files.customs.gov.vn/CustomsCMS/TP_HO_CHI_MINH/2026/7/10/mời chào báo giá.pdf,https://www.customs.gov.vn/index.jsp?pageId=3&id=105074&cid=1294,2026,07/2026,2026-10-08T09:33:54Z
432,16554/HQKV2-VP,09/07/2026,Chi cục Hải quan khu vực II,V/v mời cung cấp bảng báo giá dịch vụ giám định tài sản là hàng hóa của 410 container tồn đọng tại Hải quan cửa khẩu cảng Sài Gòn khu vực 1 (lần 2).,105275,305,19,TP_HO_CHI_MINH,Ngô Thị Thanh Truyền,31/07/2026,https://files.customs.gov.vn/CustomsCMS/TP_HO_CHI_MINH/2026/7/31/image9165.pdf,https://www.customs.gov.vn/index.jsp?pageId=3&id=105275&cid=1294,2026,07/2026,2026-10-08T09:33:54Z
433,18689/TB-CHQ,09/07/2026,Cục Hải quan,Việc phát hành ấn chỉ bán thu tiền,105112,305,19,TONG_CUC,Trịnh Văn Nhuận,null,https://files.customs.gov.vn/CustomsCMS/TONG_CUC/2026/7/14/VB_18689.pdf,https://www.customs.gov.vn/index.jsp?pageId=3&id=105112&cid=1294,2026,07/2026,2026-10-08T09:33:54Z
434,298/QĐ-HQKV19,09/07/2026,Chi cục Hải quan khu vực XIX,Công bố công khai bổ sung dự toán chi NSNN năm 2026 của Chi cục Hải quan khu vực XIX,105105,305,10,CAN_THO,null,09/07/2026,https://files.customs.gov.vn/CustomsCMS/CAN_THO/2026/7/14/2026_298.pdf,https://www.customs.gov.vn/index.jsp?pageId=3&id=105105&cid=1294,2026,07/2026,2026-10-08T09:33:54Z
435,524/QĐ-HQKV6,09/07/2026,Chi  cục Hải quan khu vực VI,"QĐ Phê duyệt chỉ định đơn vị tư vấn thẩm định giá dự toán mua sắm: Máy tính, máy in năm 2026",105075,305,10,LANG_SON,null,null,https://files.customs.gov.vn/CustomsCMS/LANG_SON/2026/7/10/524QĐ.pdf,https://www.customs.gov.vn/index.jsp?pageId=3&id=105075&cid=1294,2026,07/2026,2026-10-08T09:33:54Z
436,101/QĐ-CNTT,08/07/2026,Ban CNTT và TKHQ,Công khai dự toán ngân sách nhà nước 6 tháng năm 2026 của Ban Công nghệ thông tin và Thống kê hải quan,105107,305,19,TONG_CUC,null,null,https://files.customs.gov.vn/CustomsCMS/TONG_CUC/2026/7/14/CK THDT 6 thang 2026.pdf,https://www.customs.gov.vn/index.jsp?pageId=3&id=105107&cid=1294,2026,07/2026,2026-10-08T09:33:54Z
437,18624/CHQ-TVQT,08/07/2026,Cục Hải quan,Công khai thuyết minh tình hình và số liệu thực hiện dự toán ngân sách nhà nước 06 tháng đầu năm 2026 của Cục Hải quan,105051,305,19,TONG_CUC,Trịnh Văn Nhuận,null,https://files.customs.gov.vn/CustomsCMS/TONG_CUC/2026/7/8/VB_18624.pdf,https://www.customs.gov.vn/index.jsp?pageId=3&id=105051&cid=1294,2026,07/2026,2026-10-08T09:33:54Z
438,2178/TB-HQKV6,08/07/2026,Chi  cục Hải quan khu vực VI,Thông báo về việc bán tài sản được xác lập quyền sở hữu toàn dân theo hình thức chỉ định_QĐ PDPAXL số 495/QĐ-HQKV6 năm 2026.,105047,305,19,LANG_SON,null,null,"https://files.customs.gov.vn/CustomsCMS/LANG_SON/2026/7/8/2178.pdf,/CustomsCMS/LANG_SON/2026/7/8/495.pdf,/CustomsCMS/LANG_SON/2026/7/8/PL495.pdf",https://www.customs.gov.vn/index.jsp?pageId=3&id=105047&cid=1294,2026,07/2026,2026-10-08T09:33:54Z
439,275/2026/NĐ-CP,08/07/2026,Chính phủ,V/v Quy định xử phạt vi phạm hành chính trong lĩnh vực hóa chất và vật liệu nổ công nghiệp,105250,305,8,DONG_NAI,null,25/08/2026,https://files.customs.gov.vn/CustomsCMS/DONG_NAI/2026/7/28/275_2026_ND_CP_08_07_2026.pdf,https://www.customs.gov.vn/index.jsp?pageId=3&id=105250&cid=1294,2026,07/2026,2026-10-08T09:33:54Z
440,521/QĐ-HQKV6,08/07/2026,Chi  cục Hải quan khu vực VI,Về việc công bố công khai dự toán chi ngân sách năm 2026 của Chi cục Hải quan khu vực VI,105096,305,10,LANG_SON,Mã Thanh Giang,null,"https://files.customs.gov.vn/CustomsCMS/LANG_SON/2026/7/13/QĐ Công khai điều chỉnh DT QD 1138.pdf,/CustomsCMS/LANG_SON/2026/7/13/PL công khai QD 1138.pdf,/CustomsCMS/LANG_SON/2026/7/13/Biểu kèm QĐ 521_0001.pdf",https://www.customs.gov.vn/index.jsp?pageId=3&id=105096&cid=1294,2026,07/2026,2026-10-08T09:33:54Z
441,583/KĐHQ-TH,08/07/2026,Chi cục Kiểm định hải quan,công khai thực hiện dự toán Chi NSNN 06 tháng đầu năm 2026,105106,305,19,TONG_CUC,null,null,https://files.customs.gov.vn/CustomsCMS/TONG_CUC/2026/7/14/CV công khai thực hiện dự toán 06 tháng 2026.pdf,https://www.customs.gov.vn/index.jsp?pageId=3&id=105106&cid=1294,2026,07/2026,2026-10-08T09:33:54Z
442,1149/QĐ-CHQ,07/07/2026,Cục Hải quan,Công bố công khai bổ sung dự toán chi NSNN năm 2026 của Cục Hải quan,105032,305,19,TONG_CUC,Trịnh Văn Nhuận,null,https://files.customs.gov.vn/CustomsCMS/TONG_CUC/2026/7/7/VB_1149.pdf,https://www.customs.gov.vn/index.jsp?pageId=3&id=105032&cid=1294,2026,07/2026,2026-10-08T09:33:54Z
443,1154/QĐ-CHQ,07/07/2026,Cục Hải quan,Ban hành Niên giám tóm tắt 2025,105531,305,19,TONG_CUC,null,null,"https://files.customs.gov.vn/CustomsCMS/TONG_CUC/2026/8/22/VB_1154.pdf,/CustomsCMS/TONG_CUC/2026/8/22/Niengiam tom tat 2025.pdf",https://www.customs.gov.vn/index.jsp?pageId=3&id=105531&cid=1294,2026,07/2026,2026-10-08T09:33:54Z
444,13693/HQKV2-VP,07/07/2026,Chi cục hải quan khu vực II,"V/v mời báo giá dịch vụ thuê kho chứa hàng hóa, tang vật vi phạm hành chính",105071,305,19,TP_HO_CHI_MINH,null,null,https://files.customs.gov.vn/CustomsCMS/TP_HO_CHI_MINH/2026/7/9/2. CV bao gia thue kho lần 3.pdf,https://www.customs.gov.vn/index.jsp?pageId=3&id=105071&cid=1294,2026,07/2026,2026-10-08T09:33:54Z
445,273/QĐ-HQKV13,07/07/2026,Chi cục Hải quan khu vực XIII,Quyết định công khai tình hình thực hiện dự toán NSNN 06 tháng năm 2026 của Chi cục Hải quan khu vực XIII,105046,305,10,KHANH_HOA,null,null,https://files.customs.gov.vn/CustomsCMS/KHANH_HOA/2026/7/8/273_QD-cong-khai-tinh-hinh-thuc-hien-du-toan-NSNN-6thang2026.pdf,https://www.customs.gov.vn/index.jsp?pageId=3&id=105046&cid=1294,2026,07/2026,2026-10-08T09:33:54Z
446,3264/HQKV8-VP,07/07/2026,Chi cục Hải quan khu vực VIII,V/v công khai thực hiện dự toán Quý II năm 2026,105103,305,16,QUANG_NINH,Bùi Ngọc Lợi,null,"https://files.customs.gov.vn/CustomsCMS/QUANG_NINH/2026/7/14/Công khai dự toán Quý II.pdf,/CustomsCMS/QUANG_NINH/2026/7/14/Phụ lục 1 dự toán.pdf,/CustomsCMS/QUANG_NINH/2026/7/14/Phụ lục 2 dự toán.pdf,/CustomsCMS/QUANG_NINH/2026/7/14/Phụ lục 3 dự toán.pdf",https://www.customs.gov.vn/index.jsp?pageId=3&id=105103&cid=1294,2026,07/2026,2026-10-08T09:33:54Z
447,12866/HQKV2-VP,06/07/2026,Chi cục Hải quan Khu vực II,V/v Mời báo giá dịch vụ,105043,305,19,TP_HO_CHI_MINH,Nguyễn Thị Thanh Thủy,null,https://files.customs.gov.vn/CustomsCMS/TP_HO_CHI_MINH/2026/7/8/12866-2026 Mời báo giá vận chuyển Bình Dương.pdf,https://www.customs.gov.vn/index.jsp?pageId=3&id=105043&cid=1294,2026,07/2026,2026-10-08T09:33:54Z
448,13017/HQKV2-VP,06/07/2026,Chi cục Hải quan khu vực II,V/v mời cung cấp bảng báo giá dịch vụ thẩm định giá tài sản là hàng hóa tồn đọng tại cảng,105035,305,19,TP_HO_CHI_MINH,Ngô Thị Thanh Truyền,06/07/2026,https://files.customs.gov.vn/CustomsCMS/TP_HO_CHI_MINH/2026/7/8/VB_13017.pdf,https://www.customs.gov.vn/index.jsp?pageId=3&id=105035&cid=1294,2026,07/2026,2026-10-08T09:33:54Z
449,13018/HQKV2-VP,06/07/2026,Chi cục Hải quan Khu vực II,V/v mời báo giá dịch vụ,105042,305,19,TP_HO_CHI_MINH,Nguyễn Thị Thanh Thủy,null,https://files.customs.gov.vn/CustomsCMS/TP_HO_CHI_MINH/2026/7/8/13018-2026 MỜI BÁO GIÁ SỬA CHỮA SEAL ĐỊNH VỊ.pdf,https://www.customs.gov.vn/index.jsp?pageId=3&id=105042&cid=1294,2026,07/2026,2026-10-08T09:33:54Z
450,13021/HQKV2-VP,06/07/2026,Chi cục hải quan khu vực II,V/v mời báo giá sửa chữa hệ thống máy soi container L3 CX-GANTRY,105044,305,19,TP_HO_CHI_MINH,null,null,https://files.customs.gov.vn/CustomsCMS/TP_HO_CHI_MINH/2026/7/8/VB_13021 báo giá L3.pdf,https://www.customs.gov.vn/index.jsp?pageId=3&id=105044&cid=1294,2026,07/2026,2026-10-08T09:33:54Z
451,13022/HQKV2-VP,06/07/2026,Chi cục hải quan khu vực II,V/v mời báo giá sửa chữa máy soi dạng cổng Smiths Detection HCVP 6030,105045,305,19,TP_HO_CHI_MINH,null,null,https://files.customs.gov.vn/CustomsCMS/TP_HO_CHI_MINH/2026/7/8/VB_13022 báo giá 6030.pdf,https://www.customs.gov.vn/index.jsp?pageId=3&id=105045&cid=1294,2026,07/2026,2026-10-08T09:33:54Z
452,13024/HQKV2-VP,06/07/2026,Chi cục Hải quan Khu vực II,báo cáo công khai thực hiện dự án thu  chi NSNN 6 tháng đầu năm 2026,105156,305,16,TP_HO_CHI_MINH,Phan Minh Lê,null,https://files.customs.gov.vn/CustomsCMS/TP_HO_CHI_MINH/2026/7/17/VB_13024.pdf,https://www.customs.gov.vn/index.jsp?pageId=3&id=105156&cid=1294,2026,07/2026,2026-10-08T09:33:54Z
453,153/TB-HQKV2,06/07/2026,Chi cục hải quan khu vực II,Về việc bán thanh lý tài sản công theo hình thức chỉ định,105017,305,19,TP_HO_CHI_MINH,null,null,https://files.customs.gov.vn/CustomsCMS/TP_HO_CHI_MINH/2026/7/6/image8635.pdf,https://www.customs.gov.vn/index.jsp?pageId=3&id=105017&cid=1294,2026,07/2026,2026-10-08T09:33:54Z
454,1128/QĐ-CHQ,03/07/2026,Cục Hải quan,V/v công khai số liệu và thuyết minh tình hình thực hiện DT NSNN 6 tháng đầu năm 2026 của Cục Hải quan,105012,305,19,TONG_CUC,Trịnh Văn Nhuận,null,https://files.customs.gov.vn/CustomsCMS/TONG_CUC/2026/7/6/VB_1128.pdf,https://www.customs.gov.vn/index.jsp?pageId=3&id=105012&cid=1294,2026,07/2026,2026-10-08T09:33:54Z
455,12426/HQKV2-VP,03/07/2026,Chi cục hải quan khu vực II,"V/v mời cung cấp bảng báo giá dịch vụ thẩm định giá sắt, thép thu hồi được sau thanh lý phá dỡ, hủy bỏ",105014,305,16,TP_HO_CHI_MINH,null,null,https://files.customs.gov.vn/CustomsCMS/TP_HO_CHI_MINH/2026/7/6/87ab2d22-e6a3-4b17-a8f7-92401acc6a57.pdf,https://www.customs.gov.vn/index.jsp?pageId=3&id=105014&cid=1294,2026,07/2026,2026-10-08T09:33:54Z
456,1317/HQKV19-VP,03/07/2026,Chi cục Hải quan khu vực XIX,Công khai thực hiện dự toán NSNN 06 tháng đầu năm 2026,105427,305,16,CAN_THO,null,03/07/2026,https://files.customs.gov.vn/CustomsCMS/CAN_THO/2026/8/16/2026_1317.pdf,https://www.customs.gov.vn/index.jsp?pageId=3&id=105427&cid=1294,2026,07/2026,2026-10-08T09:33:54Z
457,506/QĐ-HQKV6,03/07/2026,Chi  cục Hải quan khu vực VI,Công bố công khai thực hiện ngân sách nhà nước 6 tháng năm 2026 của Chi cục Hải quan khu vực VI,105048,305,10,LANG_SON,null,null,https://files.customs.gov.vn/CustomsCMS/LANG_SON/2026/7/8/506.pdf,https://www.customs.gov.vn/index.jsp?pageId=3&id=105048&cid=1294,2026,07/2026,2026-10-08T09:33:54Z
458,12404HQKV2-VP,02/07/2026,Chi cục hải quan khu vực II,"V/v mời báo giá dịch vụ phá dỡ, hủy bỏ và tiêu hủy tài sản",105157,305,16,TP_HO_CHI_MINH,null,null,https://files.customs.gov.vn/CustomsCMS/TP_HO_CHI_MINH/2026/7/17/VB_12404.pdf,https://www.customs.gov.vn/index.jsp?pageId=3&id=105157&cid=1294,2026,07/2026,2026-10-08T09:33:54Z
459,1767/QĐ-BTC.,02/07/2026,Bộ Tài chính,"Quyết định công bố thủ tục hành chính được sửa đổi, bổ sung, bị bãi bỏ trong lĩnh vực thuế, hải quan thuộc phạm vi chức năng quản lý của Bộ Tài chính",105148,305,10,CAO_BANG,Nguyễn Đức Chi - Thứ trưởng,02/07/2026,https://files.customs.gov.vn/CustomsCMS/CAO_BANG/2026/7/16/1767.QĐ-BTC.pdf,https://www.customs.gov.vn/index.jsp?pageId=3&id=105148&cid=1294,2026,07/2026,2026-10-08T09:33:54Z
460,1768/QĐ-BTC.,02/07/2026,Bộ Tài chính,"Quyết định công bố thủ tục hành chính mới ban hành/được sửa đổi, bổ sung trong lĩnh vực Hải quan thuộc phạm vi chức năng quản lý của Bộ Tài chính",105147,305,10,CAO_BANG,Nguyễn Đức Chi - Thứ trưởng,02/07/2026,https://files.customs.gov.vn/CustomsCMS/CAO_BANG/2026/7/16/1768.QĐ-BTC.pdf,https://www.customs.gov.vn/index.jsp?pageId=3&id=105147&cid=1294,2026,07/2026,2026-10-08T09:33:54Z
461,1589/TB-HQKV18,01/07/2026,Chi cục Hải quan khu vực XVIII,V/v Giới thiệu chức danh và chữ ký cán bộ Lãnh đạo thuộc Chi cục Hải quan khu vực XVIII,104963,305,19,DONG_NAI,null,null,https://files.customs.gov.vn/CustomsCMS/DONG_NAI/2026/7/1/1589_TB_HQKV18_01_07_2026.pdf,https://www.customs.gov.vn/index.jsp?pageId=3&id=104963&cid=1294,2026,07/2026,2026-10-08T09:33:54Z
462,1611/QĐ-BCT,01/07/2026,Bộ Công Thương,V/v Tạm nhưng hiệu lực của Thông tư số 11/2026/TT-BCT ngày 27 tháng 02 năm 2026 của Bộ Công Thương quy định về truy xuất nguồn gốc thực phẩm thuộc phạm vi quản lý của Bộ Công Thương,105008,305,10,DONG_NAI,null,01/07/2026,https://files.customs.gov.vn/CustomsCMS/DONG_NAI/2026/7/6/1611_QD_BCT_01_07_2026.pdf,https://www.customs.gov.vn/index.jsp?pageId=3&id=105008&cid=1294,2026,07/2026,2026-10-08T09:33:54Z
463,27/2026/TT-BYT,01/07/2026,Bộ Y tế,"V/v Ban hành Danh mục thực phẩm; dụng cụ chứa đựng thực phẩm, vật liệu bao gói tiếp xúc trực tiếp với thực phẩm có mức độ rủi ro trung bình thuộc trách nhiệm quản lý của Bộ Y tế",105009,305,4,DONG_NAI,null,01/07/2026,https://files.customs.gov.vn/CustomsCMS/DONG_NAI/2026/7/6/27_2026_TT_BYT_01_07_2026.pdf,https://www.customs.gov.vn/index.jsp?pageId=3&id=105009&cid=1294,2026,07/2026,2026-10-08T09:33:54Z
464,41/2026/TT-BKHCN,01/07/2026,Bộ Khoa học Công nghệ,"V/v Quy định chi tiết về phát triển thử nghiệm trong chuyển đổi số và quản lý chất lượng các hoạt động đầu tư, mua sắm, thuê dịch vụ cho chuyển đổi số sử dụng ngân sách nhà nước",105072,305,4,DONG_NAI,null,01/07/2026,https://files.customs.gov.vn/CustomsCMS/DONG_NAI/2026/7/10/41_2026_TT_BKHCN_01_07_2026.pdf,https://www.customs.gov.vn/index.jsp?pageId=3&id=105072&cid=1294,2026,07/2026,2026-10-08T09:33:54Z
465,6725/TB-HQKVIII,01/07/2026,Chi cục Hải quan khu vực III,"Về việc giao, điều chuyển gỗ cho cơ quan, đơn vị có nhu cầu sử dụng gỗ tịch thu để xây dựng trụ sở, hình thành máy móc, thiết bị làm việc của cơ quan nhà nước, xây dựng các công trình công cộng phục vụ cho nhu cầu dân sinh",104991,305,19,HAI_PHONG,Đặng Công Thành,null,https://files.customs.gov.vn/CustomsCMS/HAI_PHONG/2026/7/3/590TB-KSHQ_0001_0001.pdf,https://www.customs.gov.vn/index.jsp?pageId=3&id=104991&cid=1294,2026,07/2026,2026-10-08T09:33:54Z
466,236/QĐ-KĐHQ,31/08/2026,Chi cục Kiểm định hải quan,Về việc công khai điều chỉnh xét duyệt quyết toán ngân sách nhà nước năm 2025 của Chi cục Kiểm định hải quan,105828,305,19,TONG_CUC,null,null,"https://files.customs.gov.vn/CustomsCMS/TONG_CUC/2026/9/12/0-VB_21164 Điều chỉnh SL Quyết toán 2025-KĐHQ.pdf,/CustomsCMS/TONG_CUC/2026/9/12/3.QĐ công khai điều chỉnh QT - NĂM 2025.pdf",https://www.customs.gov.vn/index.jsp?pageId=3&id=105828&cid=1294,2026,08/2026,2026-10-08T09:33:54Z
467,399/QĐ-HQKV13,28/08/2026,Chi cục Hải quan khu vực XIII,Quyết định công bố công khai giao dự toán chi NSNN năm 2026 của Chi cục Hải quan khu vực XIII,105694,305,10,KHANH_HOA,null,null,https://files.customs.gov.vn/CustomsCMS/KHANH_HOA/2026/9/3/399-HQKV13-QD-cong-khai-du-toan-chi-NSNN2026.pdf,https://www.customs.gov.vn/index.jsp?pageId=3&id=105694&cid=1294,2026,08/2026,2026-10-08T09:33:54Z
468,408/QĐ-ĐTCBL,28/08/2026,Chi cục Điều tra chống buôn lậu,Công bố công khai điều chỉnh dự toán chi NSNN năm 2026 của Chi cục Điều tra chống buôn lậu,105725,305,19,TONG_CUC,null,null,https://files.customs.gov.vn/CustomsCMS/TONG_CUC/2026/9/7/408-P4.PDF,https://www.customs.gov.vn/index.jsp?pageId=3&id=105725&cid=1294,2026,08/2026,2026-10-08T09:33:54Z
469,129/2026/TT-BTC,27/08/2026,Bộ Tài chính,"Sửa đổi, bổ sung một số điều của Thông tư số 98/2025/TT-BTC ngày 27 tháng 10 năm 2025 của Bộ trưởng Bộ Tài chính quy định mẫu hồ sơ đấu thầu lựa chọn nhà đầu tư thực hiện dự án đầu tư theo phương thức đối tác công tư, dự án đầu tựư kinh doanh; cung cấp, đăng tải thông tin về đầu tư theo phương thức đối tác công tư, đấu thầu lựa chọn nhà đầu tư trên Hệ thống mạng đấu thầu quốc gia",105731,305,4,HA_NAM_NINH,Trần Quốc Phương,null,https://files.customs.gov.vn/CustomsCMS/HA_NAM_NINH/2026/9/7/129 2026 TT BTC ngay 27082026 dau thau.pdf,https://www.customs.gov.vn/index.jsp?pageId=3&id=105731&cid=1294,2026,08/2026,2026-10-08T09:33:54Z
470,1445/QĐ-CHQ,27/08/2026,Cục Hải quan,Về việc đính chính nội dung tại Phụ lục Quyết định số 1303/QĐ-CHQ ngày 31/7/2026 của Cục trưởng Cục Hải quan,105705,305,19,TONG_CUC,Lưu Mạnh Tưởng,null,https://files.customs.gov.vn/CustomsCMS/TONG_CUC/2026/9/3/VB_1445.pdf,https://www.customs.gov.vn/index.jsp?pageId=3&id=105705&cid=1294,2026,08/2026,2026-10-08T09:33:54Z
471,1822/QĐ-HQKV2,27/08/2026,Chi cục Hải quan Khu vực II,"Công bố, công khai dự toán thu, chi ngân sách nhà nước năm 2026 của Chi cục Hải quan Khu vực II",105609,305,10,TP_HO_CHI_MINH,Phan Minh Lê,null,https://files.customs.gov.vn/CustomsCMS/TP_HO_CHI_MINH/2026/8/28/VB_1822.pdf,https://www.customs.gov.vn/index.jsp?pageId=3&id=105609&cid=1294,2026,08/2026,2026-10-08T09:33:54Z
472,637/QĐ-HQKV6,27/08/2026,Chi  cục Hải quan khu vực VI,Phê duyệt kết quả lựa chọn nhà thầu gói thầu: Thuê Máy chủ cho Chi cục Hải quan khu vực VI,105696,305,10,LANG_SON,null,null,https://files.customs.gov.vn/CustomsCMS/LANG_SON/2026/9/3/10. QĐ phê duyệt KQLCNT.pdf,https://www.customs.gov.vn/index.jsp?pageId=3&id=105696&cid=1294,2026,08/2026,2026-10-08T09:33:54Z
473,638/QĐ-HQKV6,27/08/2026,Chi  cục Hải quan khu vực VI,Công bố công khai dự toán chi ngân sách năm 2026 của Chi cục Hải quan khu vực VI,105695,305,10,LANG_SON,null,null,"https://files.customs.gov.vn/CustomsCMS/LANG_SON/2026/9/3/12. QĐ Công khai điều chỉnh DT QD 1427.pdf,/CustomsCMS/LANG_SON/2026/9/3/12. PL công khai QD 1427.pdf",https://www.customs.gov.vn/index.jsp?pageId=3&id=105695&cid=1294,2026,08/2026,2026-10-08T09:33:54Z
474,19818/HQKV2-VP,26/08/2026,Chi cục Hải quan khu vực II,V/v mời báo giá dịch vụ,105604,305,19,TP_HO_CHI_MINH,Nguyễn Thị Thanh Thủy,26/08/2026,https://files.customs.gov.vn/CustomsCMS/TP_HO_CHI_MINH/2026/8/27/VB_19818 bg.pdf,https://www.customs.gov.vn/index.jsp?pageId=3&id=105604&cid=1294,2026,08/2026,2026-10-08T09:33:54Z
475,19920/HQKV2-VP,26/08/2026,Chi cục Hải quan khu vực II,V/v mời báo giá cung cấp bình chữa cháy,105582,305,19,TP_HO_CHI_MINH,null,null,https://files.customs.gov.vn/CustomsCMS/TP_HO_CHI_MINH/2026/8/26/VB19920.pdf,https://www.customs.gov.vn/index.jsp?pageId=3&id=105582&cid=1294,2026,08/2026,2026-10-08T09:33:54Z
476,632/VP-VT,26/08/2026,Văn phòng,Về việc tra cứu xác nhận hoàn thành nghĩa vụ nộp thuế,105610,305,19,TP_HO_CHI_MINH,Nguyễn Đắc Hiếu,null,"https://files.customs.gov.vn/CustomsCMS/TP_HO_CHI_MINH/2026/8/28/Thong bao huong dan DN - VP.pdf,/CustomsCMS/TP_HO_CHI_MINH/2026/8/28/NỘI DUNG TRANG TIN.docx",https://www.customs.gov.vn/index.jsp?pageId=3&id=105610&cid=1294,2026,08/2026,2026-10-08T09:33:54Z
477,374/QĐ-HQKV19,25/08/2026,Chi cục Hải quan khu vực XIX,Công bố công khai điều chỉnh dự toán chi ngân sách nhà nước năm 2026 của Chi cục Hải quan khu vực XIX,105600,305,10,CAN_THO,null,25/08/2026,https://files.customs.gov.vn/CustomsCMS/CAN_THO/2026/8/27/2026_374.pdf,https://www.customs.gov.vn/index.jsp?pageId=3&id=105600&cid=1294,2026,08/2026,2026-10-08T09:33:54Z
478,4451/HQHN,25/08/2026,Hải quan cửa khẩu Quốc tế Hữu Nghị,Đề nghị thu hồi giấy chứng nhận đăng ký kinh doanh,105778,305,16,LANG_SON,null,null,https://files.customs.gov.vn/CustomsCMS/LANG_SON/2026/9/8/4451CV.pdf,https://www.customs.gov.vn/index.jsp?pageId=3&id=105778&cid=1294,2026,08/2026,2026-10-08T09:33:54Z
479,1431/QĐ-CHQ,24/08/2026,Cục Hải quan,Công bố công khai điều chỉnh dự toán chi ngân sách nhà nước năm 2026,106045,305,19,TONG_CUC,null,null,https://files.customs.gov.vn/CustomsCMS/TONG_CUC/2026/9/23/471VB_1431.pdf,https://www.customs.gov.vn/index.jsp?pageId=3&id=106045&cid=1294,2026,08/2026,2026-10-08T09:33:54Z
480,2203/HQKV18-VP,24/08/2026,Chi cục Hải quan khu vực XVIII,V/v Nghỉ lễ Quốc khánh 02/9/2026 (Các doanh nghiệp),105550,305,16,DONG_NAI,null,null,https://files.customs.gov.vn/CustomsCMS/DONG_NAI/2026/8/24/2203_HQKV18_VP_24_08_2026.pdf,https://www.customs.gov.vn/index.jsp?pageId=3&id=105550&cid=1294,2026,08/2026,2026-10-08T09:33:54Z
481,228/QĐ-KĐHQ,24/08/2026,Chi cục Kiểm định hải quan,V/v công bố công khai điều chỉnh dự toán chi NSNN năm 2026 của Chi cục Kiểm định hải quan (theo QĐ1427 ngày 24/8/2026),105829,305,19,TONG_CUC,null,null,https://files.customs.gov.vn/CustomsCMS/TONG_CUC/2026/9/12/QĐ công khai dự toán 2026.pdf,https://www.customs.gov.vn/index.jsp?pageId=3&id=105829&cid=1294,2026,08/2026,2026-10-08T09:33:54Z
482,4902/SNNMT-CLCB,23/08/2026,Sở Nông nghiệp và Môi trường,Đề nghị phối hợp thực hiện thủ tục hành chính Kiểm tra nhà nước về an toàn thực phẩm nhập khẩu theo Thông tư 22/2026/TT-BNNMT,105542,305,16,LANG_SON,null,null,"https://files.customs.gov.vn/CustomsCMS/LANG_SON/2026/8/24/4902.pdf,/CustomsCMS/LANG_SON/2026/8/24/DM TTHC.pdf",https://www.customs.gov.vn/index.jsp?pageId=3&id=105542&cid=1294,2026,08/2026,2026-10-08T09:33:54Z
483,19424/HQKV2-VP,21/08/2026,Chi cục hải quan khu vực II,mời báo giá sửa chữa máy soi di động Rapiscan M60 (Serial No.M60-369),105508,305,19,TP_HO_CHI_MINH,Nguyễn Thị Thanh Thủy,21/08/2026,https://files.customs.gov.vn/CustomsCMS/TP_HO_CHI_MINH/2026/8/21/VB_19424 BG sua M60 369.pdf,https://www.customs.gov.vn/index.jsp?pageId=3&id=105508&cid=1294,2026,08/2026,2026-10-08T09:33:54Z
484,19086/HQKV2-VP,20/08/2026,Chi cục hải quan khu vực II,V/v mời báo giá dịch vụ vận chuyển tài sản,105529,305,16,TP_HO_CHI_MINH,null,null,https://files.customs.gov.vn/CustomsCMS/TP_HO_CHI_MINH/2026/8/22/19086.pdf,https://www.customs.gov.vn/index.jsp?pageId=3&id=105529&cid=1294,2026,08/2026,2026-10-08T09:33:54Z
485,19425/HQKV2-VP,20/08/2026,Chi cục hải quan khu vực II,"mời báo giá bảo trì, bảo dưỡng máy phát điện của máy soi container di động Rapiscan Eagle M60",105507,305,19,TP_HO_CHI_MINH,Nguyễn Thị Thanh Thủy,24/08/2026,https://files.customs.gov.vn/CustomsCMS/TP_HO_CHI_MINH/2026/8/21/VB_19425 BG may phat dien.pdf,https://www.customs.gov.vn/index.jsp?pageId=3&id=105507&cid=1294,2026,08/2026,2026-10-08T09:33:54Z
486,2167/HQKV18-NV,20/08/2026,Chi cục Hải quan khu vực XVIII,"V/v Lấy ý kiến đối với các dự thảo Nghị định, Thông tư thay thế các Nghị định, Thông tư hương dẫn Luật Hải quan (Các doanh nghiệp)",105493,305,16,DONG_NAI,null,null,"https://files.customs.gov.vn/CustomsCMS/DONG_NAI/2026/8/20/2167_HQKV18_NV_20_08_2026.pdf,/CustomsCMS/DONG_NAI/2026/8/21/2167_DK_1.rar",https://www.customs.gov.vn/index.jsp?pageId=3&id=105493&cid=1294,2026,08/2026,2026-10-08T09:33:54Z
487,2177/HQKV18-CNTT,20/08/2026,Chi cục Hải quan khu vực XVIII,V/v Phối hợp thực hiện Điều tra thu thâp thông tin lập Bảng cân đối liên ngành và biên soạn hệ số chi phí trung gian năm 2026 trên địa bàn thành phố Đồng Nai (Các doanh nghiệp),105499,305,16,DONG_NAI,null,null,https://files.customs.gov.vn/CustomsCMS/DONG_NAI/2026/8/21/2177_HQKV18_CNTT_20_08_2026.pdf,https://www.customs.gov.vn/index.jsp?pageId=3&id=105499&cid=1294,2026,08/2026,2026-10-08T09:33:54Z
488,6390/TB-HQKV1,20/08/2026,Phòng nghiệp vụ hải quan,Lựa chọn tổ chức hành nghề đấu giá tài sản,105494,305,19,HA_NOI,null,null,https://files.customs.gov.vn/CustomsCMS/HA_NOI/2026/8/20/6390.pdf,https://www.customs.gov.vn/index.jsp?pageId=3&id=105494&cid=1294,2026,08/2026,2026-10-08T09:33:54Z
489,111/QĐ-CNTT,19/08/2026,Cục Hải quan,Quyết định công bố công khai điều chỉnh dự toán chi ngân sách nhà nước năm 2026 của Ban Công nghệ thông tin và Thống kê hải quan,105496,305,10,TONG_CUC,null,null,https://files.customs.gov.vn/CustomsCMS/TONG_CUC/2026/8/20/QĐ CK DT2026 QĐ1378.pdf,https://www.customs.gov.vn/index.jsp?pageId=3&id=105496&cid=1294,2026,08/2026,2026-10-08T09:33:54Z
490,1402/QĐ-CHQ,19/08/2026,Cục Hải quan,"Công bố công khai bổ sung, điều chỉnh dự toán chi ngân sách nhà nước năm 2026 của Cục Hải quan",105536,305,19,TONG_CUC,null,null,https://files.customs.gov.vn/CustomsCMS/TONG_CUC/2026/8/22/VB_1402.pdf,https://www.customs.gov.vn/index.jsp?pageId=3&id=105536&cid=1294,2026,08/2026,2026-10-08T09:33:54Z
491,1403/QĐ-CHQ,19/08/2026,Cục Hải quan,Công khai điều chỉnh dự toán chi NSNN năm 2026 của cơ quan Cục Hải quan (đơn vị sử dụng ngân sách),105537,305,19,TONG_CUC,null,null,https://files.customs.gov.vn/CustomsCMS/TONG_CUC/2026/8/22/VB_1403.pdf,https://www.customs.gov.vn/index.jsp?pageId=3&id=105537&cid=1294,2026,08/2026,2026-10-08T09:33:54Z
492,1407/QĐ-CHQ,19/08/2026,Cục Hải quan,Công khai điều chỉnh dự toán chi NSNN năm 2026 của Cục hải quan (đơn vị sử dụng ngân sách),105538,305,19,TONG_CUC,null,null,https://files.customs.gov.vn/CustomsCMS/TONG_CUC/2026/8/22/VB_1407.pdf,https://www.customs.gov.vn/index.jsp?pageId=3&id=105538&cid=1294,2026,08/2026,2026-10-08T09:33:54Z
493,1760/QĐ-HQKV2,19/08/2026,Chi cục Hải quan Khu vực II,"Công bố, công khai dự toán thu, chi ngân sách nhà nước năm 2026 của Chi cục Hải quan Khu vực II",105492,305,10,TP_HO_CHI_MINH,null,null,https://files.customs.gov.vn/CustomsCMS/TP_HO_CHI_MINH/2026/8/20/VB_1760.pdf,https://www.customs.gov.vn/index.jsp?pageId=3&id=105492&cid=1294,2026,08/2026,2026-10-08T09:33:54Z
494,19013/HQKV2-VP,19/08/2026,Chi cục Hải quan khu vực II,V/v mời cung cấp bảng báo giá dịch vụ thẩm định giá tài sản là hàng hóa tồn đọng tại cảng.,105486,305,19,TP_HO_CHI_MINH,Ngô Thị Thanh Truyền,19/08/2026,https://files.customs.gov.vn/CustomsCMS/TP_HO_CHI_MINH/2026/8/19/VB_19013.pdf,https://www.customs.gov.vn/index.jsp?pageId=3&id=105486&cid=1294,2026,08/2026,2026-10-08T09:33:54Z
495,19017/HQKV2-VP,19/08/2026,Chi cục Hải quan khu vực II,V/v mời báo giá dịch vụ tư vấn thẩm định các nội dung trong lựa chọn nhà thầu,105488,305,19,TP_HO_CHI_MINH,Ngô Thị Thanh Truyền,19/08/2026,https://files.customs.gov.vn/CustomsCMS/TP_HO_CHI_MINH/2026/8/19/19017.pdf,https://www.customs.gov.vn/index.jsp?pageId=3&id=105488&cid=1294,2026,08/2026,2026-10-08T09:33:54Z
496,19018/HQKV2-VP,19/08/2026,Chi cục Hải quan khu vực II,Về việc mời báo giá dịch vụ tư vấn lập E-HSMT và đánh giá E-HSDT,105489,305,19,TP_HO_CHI_MINH,Ngô Thị Thanh Truyền,19/08/2026,https://files.customs.gov.vn/CustomsCMS/TP_HO_CHI_MINH/2026/8/19/19018.pdf,https://www.customs.gov.vn/index.jsp?pageId=3&id=105489&cid=1294,2026,08/2026,2026-10-08T09:33:54Z
497,2886/QĐ-HQKV6,19/08/2026,Chi  cục Hải quan khu vực VI,Công bố công khai dự toán chi ngân sách năm 2026 của Chi cục Hải quan khu vực VI,105525,305,10,LANG_SON,null,null,"https://files.customs.gov.vn/CustomsCMS/LANG_SON/2026/8/22/2886.pdf,/CustomsCMS/LANG_SON/2026/8/22/PL2886.pdf",https://www.customs.gov.vn/index.jsp?pageId=3&id=105525&cid=1294,2026,08/2026,2026-10-08T09:33:54Z
498,376/QĐ-ĐTCBL,19/08/2026,Ban CNTT và TKHQ,Công khai bổ sung dự toán chi NSNN năm 2026 của Chi cục Điều tra chống buôn lậu,105498,305,19,TONG_CUC,null,null,https://files.customs.gov.vn/CustomsCMS/TONG_CUC/2026/8/20/376-P4.PDF,https://www.customs.gov.vn/index.jsp?pageId=3&id=105498&cid=1294,2026,08/2026,2026-10-08T09:33:54Z
499,628/QĐ-HQKV6,19/08/2026,Chi  cục Hải quan khu vực VI,Công bố công khai dự toán chi ngân sách năm 2026 của Chi cục Hải quan khu vực VI,105527,305,10,LANG_SON,null,null,"https://files.customs.gov.vn/CustomsCMS/LANG_SON/2026/8/22/628.pdf,/CustomsCMS/LANG_SON/2026/8/22/PL 628.pdf",https://www.customs.gov.vn/index.jsp?pageId=3&id=105527&cid=1294,2026,08/2026,2026-10-08T09:33:54Z
500,200TB-HQKV2,18/08/2026,Chi cục hải quan khu vực II,Về việc bán tài sản theo hình thức niêm yết giá,105464,305,19,TP_HO_CHI_MINH,null,null,https://files.customs.gov.vn/CustomsCMS/TP_HO_CHI_MINH/2026/8/18/200.pdf,https://www.customs.gov.vn/index.jsp?pageId=3&id=105464&cid=1294,2026,08/2026,2026-10-08T09:33:54Z
501,358/QĐ-HQKV19,18/08/2026,Chi cục Hải quan khu vực XIX,Công bố công khai bổ sung dự toán chi ngân sách nhà nước năm 2026 của Chi cục Hải quan khu vực XIX,105469,305,10,CAN_THO,null,18/08/2026,https://files.customs.gov.vn/CustomsCMS/CAN_THO/2026/8/18/2026_358.pdf,https://www.customs.gov.vn/index.jsp?pageId=3&id=105469&cid=1294,2026,08/2026,2026-10-08T09:33:54Z
502,169/TB-HQKV18,17/08/2026,Chi cục Hải quan khu vực XVIII,V/v Giới thiệu chức danh và chữ ký cán bộ Lãnh đạo thuộc Chi cục Hải quan khu vực XVIII,105438,305,19,DONG_NAI,null,null,https://files.customs.gov.vn/CustomsCMS/DONG_NAI/2026/8/17/169_TB_HQKV18_17_08_2026.pdf,https://www.customs.gov.vn/index.jsp?pageId=3&id=105438&cid=1294,2026,08/2026,2026-10-08T09:33:54Z
503,625/QĐ-HQKV6,17/08/2026,Chi  cục Hải quan khu vực VI,Công bố công khai dự toán chi ngân sách năm 2026 của Chi cục Hải quan khu vực VI,105528,305,10,LANG_SON,null,null,"https://files.customs.gov.vn/CustomsCMS/LANG_SON/2026/8/22/625.pdf,/CustomsCMS/LANG_SON/2026/8/22/625 cv.pdf",https://www.customs.gov.vn/index.jsp?pageId=3&id=105528&cid=1294,2026,08/2026,2026-10-08T09:33:54Z
504,1379/QĐ-CHQ,14/08/2026,Cục Hải quan,"Công bố công khai bổ sung, điều chỉnh dự toán chi NSNN năm 2026 của Cục Hải quan",105534,305,19,TONG_CUC,null,null,https://files.customs.gov.vn/CustomsCMS/TONG_CUC/2026/8/22/VB_1379.pdf,https://www.customs.gov.vn/index.jsp?pageId=3&id=105534&cid=1294,2026,08/2026,2026-10-08T09:33:54Z
505,18514/HQKV2-VP,14/08/2026,Chi cục hải quan khu vực II,V/v báo giá phí dịch vụ thẩm định,105428,305,16,TP_HO_CHI_MINH,null,null,https://files.customs.gov.vn/CustomsCMS/TP_HO_CHI_MINH/2026/8/17/18514.pdf,https://www.customs.gov.vn/index.jsp?pageId=3&id=105428&cid=1294,2026,08/2026,2026-10-08T09:33:54Z
506,2824/TB-HQKV6,14/08/2026,Chi  cục Hải quan khu vực VI,Lựa chọn tổ chức hành nghề đấu giá tài sản,105442,305,19,LANG_SON,null,null,"https://files.customs.gov.vn/CustomsCMS/LANG_SON/2026/8/17/2824.pdf,/CustomsCMS/LANG_SON/2026/8/17/2824 CV.pdf",https://www.customs.gov.vn/index.jsp?pageId=3&id=105442&cid=1294,2026,08/2026,2026-10-08T09:33:54Z
507,2825/TB-HQKV6,14/08/2026,Chi  cục Hải quan khu vực VI,Lựa chọn tổ chức đấu giá tài sản,105443,305,19,LANG_SON,null,null,https://files.customs.gov.vn/CustomsCMS/LANG_SON/2026/8/17/2825.pdf,https://www.customs.gov.vn/index.jsp?pageId=3&id=105443&cid=1294,2026,08/2026,2026-10-08T09:33:54Z
508,354/QD-HQKV13,14/08/2026,Chi cục Hải quan khu vực XIII,Quyết định công bố công khai giao bổ sung dự toán chi NSNN năm 2026 của Chi cục Hải quan khu vực XIII,105501,305,10,KHANH_HOA,null,null,https://files.customs.gov.vn/CustomsCMS/KHANH_HOA/2026/8/21/354-HQKV13-QD_cong-khai-bo-sung-du-toan-chi-2026.pdf,https://www.customs.gov.vn/index.jsp?pageId=3&id=105501&cid=1294,2026,08/2026,2026-10-08T09:33:54Z
509,4098/TB-HQKV8,14/08/2026,Chi cục Hải quan khu vực VIII,Thông báo về việc lựa chọn tổ chức hành nghề đấu giá tài sản,105491,305,19,QUANG_NINH,null,14/08/2026,"https://files.customs.gov.vn/CustomsCMS/QUANG_NINH/2026/8/20/Lựa chọn tổ chức đấu giá.pdf,/CustomsCMS/QUANG_NINH/2026/8/20/Phụ lục tổ chức đấu giá.pdf",https://www.customs.gov.vn/index.jsp?pageId=3&id=105491&cid=1294,2026,08/2026,2026-10-08T09:33:54Z
510,18122/HQKV2_VP,13/08/2026,Chi cục Hải quan khu vực II,V/v mời báo giá,105392,305,19,TP_HO_CHI_MINH,Nguyễn Thị Thanh Thủy,null,https://files.customs.gov.vn/CustomsCMS/TP_HO_CHI_MINH/2026/8/13/VB18122.pdf,https://www.customs.gov.vn/index.jsp?pageId=3&id=105392&cid=1294,2026,08/2026,2026-10-08T09:33:54Z
511,18123/HQKV2-VP,13/08/2026,Chi cục Hải quan khu vực II,V/v mời báo giá dịch vụ,105394,305,19,TP_HO_CHI_MINH,Nguyễn Thị Thanh Thủy,13/08/2026,https://files.customs.gov.vn/CustomsCMS/TP_HO_CHI_MINH/2026/8/13/VB_18123.pdf,https://www.customs.gov.vn/index.jsp?pageId=3&id=105394&cid=1294,2026,08/2026,2026-10-08T09:33:54Z
512,18225/HQKV2-VP,13/08/2026,Chi cục Hải quan khu vực II,Về việc mời cung cấp báo giá dịch vụ thẩm định giá tài sản là hàng hóa tồn đọng tại cảng,105439,305,19,TP_HO_CHI_MINH,Ngô Thị Thanh Truyền,13/08/2026,https://files.customs.gov.vn/CustomsCMS/TP_HO_CHI_MINH/2026/8/17/579image0059cs.pdf,https://www.customs.gov.vn/index.jsp?pageId=3&id=105439&cid=1294,2026,08/2026,2026-10-08T09:33:54Z
513,2010/TB-HQKV16,13/08/2026,Chi cục Hải quan khu vực XVI,Thông báo về việc mời cung cấp dịch vụ thẩm định giá hàng hóa,105399,305,19,CAO_BANG,Bế Văn Hải - Chánh Văn phòng,13/08/2026,https://files.customs.gov.vn/CustomsCMS/CAO_BANG/2026/8/14/2010-TB-HQKV16.pdf,https://www.customs.gov.vn/index.jsp?pageId=3&id=105399&cid=1294,2026,08/2026,2026-10-08T09:33:54Z
514,353/QĐ-HQKV13,13/08/2026,Chi cục Hải quan khu vực XIII,Quyết định công bố công khai giao điều chỉnh dự toán chi NSNN năm 2026 của Chi cục Hải quan khu vực XIII,105500,305,10,KHANH_HOA,null,null,https://files.customs.gov.vn/CustomsCMS/KHANH_HOA/2026/8/21/353-HQKV13-QD_cong-khai-dieu-chinh-du-toan-nam-2026.pdf,https://www.customs.gov.vn/index.jsp?pageId=3&id=105500&cid=1294,2026,08/2026,2026-10-08T09:33:54Z
515,110/QĐ-CNTT,12/08/2026,Cục Hải quan,Quyết định về việc công bố công khai điều chỉnh dự toán chi ngân sách nhà nước năm 2026 của Ban Công nghệ thông tin và Thống kê hải quan,105393,305,10,TONG_CUC,null,null,https://files.customs.gov.vn/CustomsCMS/TONG_CUC/2026/8/13/QĐ CK DT2026 QĐ1351.pdf,https://www.customs.gov.vn/index.jsp?pageId=3&id=105393&cid=1294,2026,08/2026,2026-10-08T09:33:54Z
516,1688/QĐ-HQKV2,12/08/2026,Chi cục Hải quan Khu vực II,"Về việc công bố, công khai dự toán thu, chi ngân sách nhà nước năm 2026 của Chi cục Hải quan Khu vực II",105390,305,10,TP_HO_CHI_MINH,Phan Minh Lê,null,https://files.customs.gov.vn/CustomsCMS/TP_HO_CHI_MINH/2026/8/13/VB_1688.pdf,https://www.customs.gov.vn/index.jsp?pageId=3&id=105390&cid=1294,2026,08/2026,2026-10-08T09:33:54Z
517,20227/CHQ-KT,12/08/2026,Cục Hải quan,Triển khai thực hiện Thông tư 104/2026/TT-BTC ngày 17/7/2026,105431,305,4,TONG_CUC,null,null,https://files.customs.gov.vn/CustomsCMS/TONG_CUC/2026/8/17/VB_20227 Trien khai thuc hien Thong tu.pdf,https://www.customs.gov.vn/index.jsp?pageId=3&id=105431&cid=1294,2026,08/2026,2026-10-08T09:33:54Z
518,20245/TB-CHQ,12/08/2026,Cục Hải quan,Thông báo phát hành ấn chỉ bán thu tiền,105485,305,19,TONG_CUC,null,null,https://files.customs.gov.vn/CustomsCMS/TONG_CUC/2026/8/19/VB_20245 (1).pdf,https://www.customs.gov.vn/index.jsp?pageId=3&id=105485&cid=1294,2026,08/2026,2026-10-08T09:33:54Z
519,353/QĐ-HQKV19,12/08/2026,Chi cục Hải quan khu vực XIX,Công bố công khai điều chỉnh dự toán chi NSNN năm 2026 của Chi cục Hải quan khu vực XIX,105426,305,10,CAN_THO,null,12/08/2026,https://files.customs.gov.vn/CustomsCMS/CAN_THO/2026/8/16/2026_353_12.8.pdf,https://www.customs.gov.vn/index.jsp?pageId=3&id=105426&cid=1294,2026,08/2026,2026-10-08T09:33:54Z
520,610/QĐ-HQKV6,12/08/2026,Chi  cục Hải quan khu vực VI,Công bố công khai dự toán chi ngân sách năm 2026 của Chi cục Hải quan khu vực VI,105387,305,10,LANG_SON,null,null,"https://files.customs.gov.vn/CustomsCMS/LANG_SON/2026/8/12/610.pdf,/CustomsCMS/LANG_SON/2026/8/12/PL 610.pdf",https://www.customs.gov.vn/index.jsp?pageId=3&id=105387&cid=1294,2026,08/2026,2026-10-08T09:33:54Z
521,1353/QĐ-CHQ,11/08/2026,Cục Hải quan,Về việc công bố công khai điều chỉnh dự toán chi ngân sách nhà nước năm 2026 của Cục Hải quan,105535,305,19,TONG_CUC,null,null,https://files.customs.gov.vn/CustomsCMS/TONG_CUC/2026/8/22/VB_1353 (1).pdf,https://www.customs.gov.vn/index.jsp?pageId=3&id=105535&cid=1294,2026,08/2026,2026-10-08T09:33:54Z
522,2753/TB-HQKV6,11/08/2026,Chi  cục Hải quan khu vực VI,KẾT QUẢ LỰA CHỌN TỔ CHỨC HÀNH NGHỀ ĐẤU GIÁ TÀI SẢN,105376,305,19,LANG_SON,null,null,https://files.customs.gov.vn/CustomsCMS/LANG_SON/2026/8/11/TB kết quả lựa chọn tổ chức đâu giá - hàng hóa tồn đọng 2019.pdf,https://www.customs.gov.vn/index.jsp?pageId=3&id=105376&cid=1294,2026,08/2026,2026-10-08T09:33:54Z
523,353/QĐ-CHQ,11/08/2026,Cục Hải quan,Về việc công bố công khai điều chỉnh dự toán chi ngân sách nhà nước năm 2026 của Cục Hải quan,105532,305,19,TONG_CUC,null,null,https://files.customs.gov.vn/CustomsCMS/TONG_CUC/2026/8/22/VB_1353.pdf,https://www.customs.gov.vn/index.jsp?pageId=3&id=105532&cid=1294,2026,08/2026,2026-10-08T09:33:54Z
524,1341/QĐ-CHQ,07/08/2026,Cục Hải quan,Về việc giải thể Hải quan cửa khẩu Pò Peo thuộc Chi cục Hải quan khu vực XVI,105359,305,19,TONG_CUC,Nguyễn Văn Thọ,null,https://files.customs.gov.vn/CustomsCMS/TONG_CUC/2026/8/7/VB_1341.pdf,https://www.customs.gov.vn/index.jsp?pageId=3&id=105359&cid=1294,2026,08/2026,2026-10-08T09:33:54Z
525,1654/QĐ-HQKV2,07/08/2026,Chi cục Hải quan Khu vực II,"Về việc công bố, công khai dự toán thu, chi ngân sách nhà nước năm 2026 của Chi cục Hải quan Khu vực II",105367,305,10,TP_HO_CHI_MINH,Phan Minh Lê,null,https://files.customs.gov.vn/CustomsCMS/TP_HO_CHI_MINH/2026/8/10/VB_1654.pdf,https://www.customs.gov.vn/index.jsp?pageId=3&id=105367&cid=1294,2026,08/2026,2026-10-08T09:33:54Z
526,17554/HQKV2-VP,07/08/2026,Chi cục Hải quan khu vực II,V/v mời báo giá dịch vụ,105369,305,19,TP_HO_CHI_MINH,Nguyễn Thị Thanh Thủy,07/08/2026,https://files.customs.gov.vn/CustomsCMS/TP_HO_CHI_MINH/2026/8/10/VB_17554.pdf,https://www.customs.gov.vn/index.jsp?pageId=3&id=105369&cid=1294,2026,08/2026,2026-10-08T09:33:54Z
527,2140/QĐ-BTC,07/08/2026,Bộ Tài chính,"V/v Công bố thủ tục hành chính được sửa đổi, bổ sung, bị bãi bỏ trong lĩnh vực hải quan thuộc phạm vi chức năng quản lý nhà nước của Bộ Tài chính",105366,305,10,DONG_NAI,null,null,https://files.customs.gov.vn/CustomsCMS/DONG_NAI/2026/8/10/2140_QD_BTC_07_08_2026.pdf,https://www.customs.gov.vn/index.jsp?pageId=3&id=105366&cid=1294,2026,08/2026,2026-10-08T09:33:54Z
528,2140/QĐ-BTC.,07/08/2026,Bộ Tài chính,"Quyết định về việc công bố TTHC được sửa đổi, bổ sung, bị bãi bỏ trong lĩnh vực Hải quan thuộc phạm vi chức năng quản lý của Bộ Tài chính",105370,305,10,CAO_BANG,Nguyễn Đức Chi - Thứ trưởng,15/09/2026,https://files.customs.gov.vn/CustomsCMS/CAO_BANG/2026/8/10/2140_07082026_182041.pdf,https://www.customs.gov.vn/index.jsp?pageId=3&id=105370&cid=1294,2026,08/2026,2026-10-08T09:33:54Z
529,2691/TB-HQKV6,06/08/2026,Chi  cục Hải quan khu vực VI,Bán tài sản được xác lập quyền sở hữu toàn dân theo hình thức niêm yết giá,105365,305,19,LANG_SON,Mã Thanh Giang,null,https://files.customs.gov.vn/CustomsCMS/LANG_SON/2026/8/10/Thông báo niêm yết bán TS xac lap so huu toan dan.pdf,https://www.customs.gov.vn/index.jsp?pageId=3&id=105365&cid=1294,2026,08/2026,2026-10-08T09:33:54Z
530,868/CNTT-QLVH,06/08/2026,Cục hải quan,Bảo trì hệ thống VNACCS/VCIS tại Trung tâm dữ liệu Hải quan ( BẢN CẬP NHẬT) THÊM ĐƠN VỊ,105327,305,16,LANG_SON,null,null,https://files.customs.gov.vn/CustomsCMS/LANG_SON/2026/8/7/CV gui cac CCHQ KV_Bao Tri.pdf,https://www.customs.gov.vn/index.jsp?pageId=3&id=105327&cid=1294,2026,08/2026,2026-10-08T09:33:54Z
531,1924/HQKV16-VP,05/08/2026,Chi cục Hải quan khu vực XVI,"V/v mời quan tâm, báo giá dịch vụ khám chữa bệnh và chăm sóc chó nghiệp vụ",105311,305,16,CAO_BANG,Lê Viết Phong - Phó Chi cục trưởng,05/08/2026,https://files.customs.gov.vn/CustomsCMS/CAO_BANG/2026/8/5/1. Công văn lấy báo giá.pdf,https://www.customs.gov.vn/index.jsp?pageId=3&id=105311&cid=1294,2026,08/2026,2026-10-08T09:33:54Z
532,19872/CHQ-TVQT,05/08/2026,Cục Hải quan,Quyết định tiêu chuẩn định mức sử dụng máy móc thiết bị trong ngành Hải quan,105316,305,19,TONG_CUC,null,null,"https://files.customs.gov.vn/CustomsCMS/TONG_CUC/2026/8/6/VB_1301.pdf (1).PDF,/CustomsCMS/TONG_CUC/2026/8/6/VB_19872 (1).pdf",https://www.customs.gov.vn/index.jsp?pageId=3&id=105316&cid=1294,2026,08/2026,2026-10-08T09:33:54Z
533,16972/HQKV2-VP,04/08/2026,Chi cục Hải quan Khu vực II,Mời báo giá dịch vụ cung cấp máy lạnh cho hải quan KCN Mỹ Phước,105308,305,19,TP_HO_CHI_MINH,Nguyễn Thị Thanh Thủy,null,https://files.customs.gov.vn/CustomsCMS/TP_HO_CHI_MINH/2026/8/5/16972 Mời báo giá cung cấp máy lạnh KCN Mỹ Phước.pdf,https://www.customs.gov.vn/index.jsp?pageId=3&id=105308&cid=1294,2026,08/2026,2026-10-08T09:33:54Z
534,16569/HQKV2-VP,03/08/2026,Chi cục hải quan khu vực II,V/v mời báo giá sữa chữa máy soi container di động Rapiscan Eagle M60,105291,305,19,TP_HO_CHI_MINH,Nguyễn Thị Thanh Thủy,03/08/2026,https://files.customs.gov.vn/CustomsCMS/TP_HO_CHI_MINH/2026/8/3/cv 16569 bao gia sua may rapiscan_1.pdf,https://www.customs.gov.vn/index.jsp?pageId=3&id=105291&cid=1294,2026,08/2026,2026-10-08T09:33:54Z
535,16570/HQKV2-VP,03/08/2026,Chi cục hải quan khu vực II,V/v báo giá dịch vụ tư vấn lập E-HSMT và đánh giá E-HSDT,105292,305,19,TP_HO_CHI_MINH,Nguyễn Thị Thanh Thủy,03/08/2026,https://files.customs.gov.vn/CustomsCMS/TP_HO_CHI_MINH/2026/8/3/cv 16570 tư vấn lập_1.pdf,https://www.customs.gov.vn/index.jsp?pageId=3&id=105292&cid=1294,2026,08/2026,2026-10-08T09:33:54Z
536,16576/HQKV2-VP,03/08/2026,Chi cục hải quan khu vực II,V/v mời báo giá dịch vụ tư vấn thẩm định các nội dung trong lựa chọn nhà thầu,105293,305,19,TP_HO_CHI_MINH,Nguyễn Thị Thanh Thủy,03/08/2026,https://files.customs.gov.vn/CustomsCMS/TP_HO_CHI_MINH/2026/8/3/cv 16576 bao gia tham dinh_1.pdf,https://www.customs.gov.vn/index.jsp?pageId=3&id=105293&cid=1294,2026,08/2026,2026-10-08T09:33:54Z
537,16635/HQKV2-VP,03/08/2026,Chi cục hải quan khu vực II,V/v mời báo giá sửa chữa xe chở máy soi container di động HCVM 3528L,105298,305,19,TP_HO_CHI_MINH,Nguyễn Thị Thanh Thủy,03/08/2026,https://files.customs.gov.vn/CustomsCMS/TP_HO_CHI_MINH/2026/8/4/VB_16635.pdf,https://www.customs.gov.vn/index.jsp?pageId=3&id=105298&cid=1294,2026,08/2026,2026-10-08T09:33:54Z
538,16817/HQKV2-VP,03/08/2026,Chi cục hải quan khu vực II,"V/v mời báo giá khảo sát sửa chữa máy soi dạng cổng Smiths Detection 
HCVP 6030",105303,305,19,TP_HO_CHI_MINH,Nguyễn Thị Thanh Thủy,03/08/2026,https://files.customs.gov.vn/CustomsCMS/TP_HO_CHI_MINH/2026/8/4/cv 16817 bao gia khao sat may soi kv4_1.pdf,https://www.customs.gov.vn/index.jsp?pageId=3&id=105303&cid=1294,2026,08/2026,2026-10-08T09:33:54Z
539,16818/HQKV2-VP,03/08/2026,Chi cục hải quan khu vực II,V/v báo giá dịch vụ tư vấn lập E-HSMT và đánh giá E-HSDT,105296,305,19,TP_HO_CHI_MINH,Nguyễn Thị Thanh Thủy,03/08/2026,https://files.customs.gov.vn/CustomsCMS/TP_HO_CHI_MINH/2026/8/3/cv 16818 bao gia lap hsmt msoi kv4_1.pdf,https://www.customs.gov.vn/index.jsp?pageId=3&id=105296&cid=1294,2026,08/2026,2026-10-08T09:33:54Z
540,16819/HQKV2-VP,03/08/2026,Chi cục hải quan khu vực II,V/v báo giá dịch vụ tư vấn lập E-HSMT và đánh giá E-HSDT,105297,305,19,TP_HO_CHI_MINH,Nguyễn Thị Thanh Thủy,03/08/2026,https://files.customs.gov.vn/CustomsCMS/TP_HO_CHI_MINH/2026/8/3/cv 16819 bao gia tham dinh msoi kv4_1.pdf,https://www.customs.gov.vn/index.jsp?pageId=3&id=105297&cid=1294,2026,08/2026,2026-10-08T09:33:54Z
541,16820/HQKV2-VP,03/08/2026,Chi cục hải quan khu vực II,"V/v mời báo giá sửa chữa máy soi hành lý, hàng hóa",105294,305,19,TP_HO_CHI_MINH,Nguyễn Thị Thanh Thủy,03/08/2026,https://files.customs.gov.vn/CustomsCMS/TP_HO_CHI_MINH/2026/8/3/cv 16820 bao gia may soi hiscan van_1.pdf,https://www.customs.gov.vn/index.jsp?pageId=3&id=105294&cid=1294,2026,08/2026,2026-10-08T09:33:54Z
542,180/TB-HQKV2,03/08/2026,Chi cục hải quan khu vực II,Về việc bán tài sản theo hình thức niêm yết giá,105299,305,19,TP_HO_CHI_MINH,null,null,https://files.customs.gov.vn/CustomsCMS/TP_HO_CHI_MINH/2026/8/4/180.pdf,https://www.customs.gov.vn/index.jsp?pageId=3&id=105299&cid=1294,2026,08/2026,2026-10-08T09:33:54Z
543,19789/CHQ-GSQL,03/08/2026,Cục Hải quan,Chương trình đào tạo bổ sung kiến thức pháp luật hải quan dành cho nhân viên đại lý làm thủ tục hải quan (Trường Bồi dưỡng cán bộ Kinh tế - Tài chính),105310,305,19,TONG_CUC,Âu Anh Tuấn,null,https://files.customs.gov.vn/CustomsCMS/TONG_CUC/2026/8/5/30.7.2026 CV thống nhất chương trình đào tạo BSKTPLHQ của TrBDCBKT-TC.pdf,https://www.customs.gov.vn/index.jsp?pageId=3&id=105310&cid=1294,2026,08/2026,2026-10-08T09:33:54Z
544,19812 /CHQ-GSQL,03/08/2026,Cục Hải quan,Chương trình đào tạo bổ sung kiến thức pháp luật hải quan dành  cho nhân viên đại lý làm thủ tục hải quan,105309,305,19,TONG_CUC,Âu Anh Tuấn,null,https://files.customs.gov.vn/CustomsCMS/TONG_CUC/2026/8/5/30.7.2026 CV thống nhất chương trình đào tạo BSKTPLHQ của TrDHTCMKT.pdf,https://www.customs.gov.vn/index.jsp?pageId=3&id=105309&cid=1294,2026,08/2026,2026-10-08T09:33:54Z
545,1611/QĐ-CHQ,30/09/2026,Cục Hải quan,V/v công bố công khai điều chỉnh dự toán chi ngân sách nhà nước năm 2026 của Cục Hải quan (đơn vị sử dụng ngân sách),106210,305,19,TONG_CUC,Trịnh Văn Nhuận,null,https://files.customs.gov.vn/CustomsCMS/TONG_CUC/2026/9/30/VB_1611.pdf,https://www.customs.gov.vn/index.jsp?pageId=3&id=106210&cid=1294,2026,09/2026,2026-10-08T09:33:54Z
546,3466/TB-HQKV6,30/09/2026,Chi  cục Hải quan khu vực VI,Thông báo về việc lựa chọn tổ chức hành nghề đấu giá tài sản,106208,305,19,LANG_SON,null,null,https://files.customs.gov.vn/CustomsCMS/LANG_SON/2026/9/30/13. Thong bao lua chon to chuc hành nghề đâu giá.pdf,https://www.customs.gov.vn/index.jsp?pageId=3&id=106208&cid=1294,2026,09/2026,2026-10-08T09:33:54Z
547,4994/HQKV8-VP,30/09/2026,Chi cục Hải quan khu vực VIII,V/v đề nghị báo giá.,106223,305,16,QUANG_NINH,Bùi Ngọc Lợi,null,https://files.customs.gov.vn/CustomsCMS/QUANG_NINH/2026/10/1/Báo giá T10.pdf,https://www.customs.gov.vn/index.jsp?pageId=3&id=106223&cid=1294,2026,09/2026,2026-10-08T09:33:54Z
548,704/QĐ-HQKV6,30/09/2026,Chi  cục Hải quan khu vực VI,Công bố công khai dự toán chi ngân sách năm 2026 của Chi cục Hải quan khu vực VI,106209,305,10,LANG_SON,null,null,"https://files.customs.gov.vn/CustomsCMS/LANG_SON/2026/9/30/14. QĐ Công khai điều chỉnh DT QD 1570.pdf,/CustomsCMS/LANG_SON/2026/9/30/14. PL công khai QD 1570.pdf",https://www.customs.gov.vn/index.jsp?pageId=3&id=106209&cid=1294,2026,09/2026,2026-10-08T09:33:54Z
549,120/QĐ-CNTT,29/09/2026,Ban Công nghệ thông tin và Thống kê hải quan,"Quyết định Về việc công bố công khai bổ sung, điều chỉnh dự toán chi ngân sách nhà nước năm 2026 của Ban Công nghệ thông tin và Thống kê hải quan.",106201,305,19,TONG_CUC,null,null,https://files.customs.gov.vn/CustomsCMS/TONG_CUC/2026/9/29/QĐ CK DT2026 QĐ1570.pdf,https://www.customs.gov.vn/index.jsp?pageId=3&id=106201&cid=1294,2026,09/2026,2026-10-08T09:33:54Z
550,1530/TB-CNC,29/09/2026,Chi cục Hải quan khu vực II,Thông báo tạm hoãn xuất cảnh,106233,305,19,TONG_CUC,null,null,https://files.customs.gov.vn/CustomsCMS/TONG_CUC/2026/10/2/VB_48907.pdf,https://www.customs.gov.vn/index.jsp?pageId=3&id=106233&cid=1294,2026,09/2026,2026-10-08T09:33:54Z
551,1183/CKCL-NV,28/09/2026,Hải quan cửa khẩu cảng Cát Lở,triển khai cuộc thi trực tuyến trên Cổng Pháp luật quốc gia Tìm hiểu Hiến pháp và pháp luật tại Hải quan cửa khẩu cảng Cát Lở,106181,305,19,TP_HO_CHI_MINH,Lý Minh Khôi,null,"https://files.customs.gov.vn/CustomsCMS/TP_HO_CHI_MINH/2026/9/29/2026 Noi dung triển khai cv 20781 tham gia cuoc thi phap luat (1).pdf,/CustomsCMS/TP_HO_CHI_MINH/2026/9/29/Banner cuộc thi.pdf",https://www.customs.gov.vn/index.jsp?pageId=3&id=106181&cid=1294,2026,09/2026,2026-10-08T09:33:54Z
552,22501/HQKV2-VP,28/09/2026,Chi cục Hải quan khu vực 2,V/v cung cấp bảng báo giá dịch vụ thẩm định giá,106174,305,16,TP_HO_CHI_MINH,null,null,https://files.customs.gov.vn/CustomsCMS/TP_HO_CHI_MINH/2026/9/29/22501.pdf,https://www.customs.gov.vn/index.jsp?pageId=3&id=106174&cid=1294,2026,09/2026,2026-10-08T09:33:54Z
553,22573/HQKV2-VP,28/09/2026,Chi cục Hải quan khu vực II,"V/v mời tham gia kiểm toán gói thầu Thi công, sửa chữa cải tạo trụ sở Hải quan cửa khẩu cảng Vũng Tàu",106176,305,19,TP_HO_CHI_MINH,null,null,https://files.customs.gov.vn/CustomsCMS/TP_HO_CHI_MINH/2026/9/29/VB_22573.pdf,https://www.customs.gov.vn/index.jsp?pageId=3&id=106176&cid=1294,2026,09/2026,2026-10-08T09:33:54Z
554,22574/HQKV2-VP,28/09/2026,Chi cục Hải quan khu vực II,V/v mời tham gia kiểm toán công trình Thi công cải tạo sửa trụ sở Hải quan CSG KV3 phục vụ mô hình thông quan tập trung,106177,305,19,TP_HO_CHI_MINH,null,null,https://files.customs.gov.vn/CustomsCMS/TP_HO_CHI_MINH/2026/9/29/VB_22574.pdf,https://www.customs.gov.vn/index.jsp?pageId=3&id=106177&cid=1294,2026,09/2026,2026-10-08T09:33:54Z
555,22575/HQKV2-VP,28/09/2026,Chi cục Hải quan khu vực II,V/v mời tham gia kiểm toán công trình Thi công sửa chữa trụ sở Hải quan KCX Tân Thuận,106178,305,19,TP_HO_CHI_MINH,null,null,https://files.customs.gov.vn/CustomsCMS/TP_HO_CHI_MINH/2026/9/29/VB_22575.pdf,https://www.customs.gov.vn/index.jsp?pageId=3&id=106178&cid=1294,2026,09/2026,2026-10-08T09:33:54Z
556,22576/HQKV2-VP,28/09/2026,Chi cục Hải quan khu vực II,V/v mời tham gia kiểm toán công trình Thi công sửa chữa nhà phao cano Hải quan CSG KV2,106179,305,19,TP_HO_CHI_MINH,null,null,https://files.customs.gov.vn/CustomsCMS/TP_HO_CHI_MINH/2026/9/29/VB_22576.pdf,https://www.customs.gov.vn/index.jsp?pageId=3&id=106179&cid=1294,2026,09/2026,2026-10-08T09:33:54Z
557,22577/HQKV2-VP,28/09/2026,Chi cục Hải quan khu vực II,"V/v mời tham gia kiểm toán công trình Thi công cải tạo, sửa chữa nhà làm việc, nhà vệ sinh, bếp ăn Hải quan cửa khẩu CSG KV4",106180,305,19,TP_HO_CHI_MINH,null,null,https://files.customs.gov.vn/CustomsCMS/TP_HO_CHI_MINH/2026/9/29/VB_22577_1.pdf,https://www.customs.gov.vn/index.jsp?pageId=3&id=106180&cid=1294,2026,09/2026,2026-10-08T09:33:54Z
558,22581/HQKV2-VP,28/09/2026,Chi cục Hải quan khu vực 2,V/v mời báo giá dịch vụ vận chuyển tài sản,106175,305,16,TP_HO_CHI_MINH,null,null,https://files.customs.gov.vn/CustomsCMS/TP_HO_CHI_MINH/2026/9/29/22581.pdf,https://www.customs.gov.vn/index.jsp?pageId=3&id=106175&cid=1294,2026,09/2026,2026-10-08T09:33:54Z
559,250/QĐ-KĐHQ,28/09/2026,Chi cục Kiểm định Hải quan,"Vv công bố công khai bổ sung, điều chỉnh dự toán chi NSNN năm 2026 của Chi cục Kiểm định hải quan (Theo QĐ1570/QĐ-CHQ)",106182,305,19,TONG_CUC,null,null,https://files.customs.gov.vn/CustomsCMS/TONG_CUC/2026/9/29/20260923. CV đăng tải  KHLCNT proxy.pdf,https://www.customs.gov.vn/index.jsp?pageId=3&id=106182&cid=1294,2026,09/2026,2026-10-08T09:33:54Z
560,QĐ 981/QĐ-HQKV8,28/09/2026,Chi cục Hải quan khu vực VIII,"Quyết định về việc công bố công khai dự toán ngân sách năm 2026
của Chi cục Hải quan khu vực VIII",106222,305,10,QUANG_NINH,Bùi Ngọc Lợi,28/09/2026,"https://files.customs.gov.vn/CustomsCMS/QUANG_NINH/2026/10/1/Công khai dự toán 1.10.pdf,/CustomsCMS/QUANG_NINH/2026/10/1/Phu luc cong khai 1.10.pdf",https://www.customs.gov.vn/index.jsp?pageId=3&id=106222&cid=1294,2026,09/2026,2026-10-08T09:33:54Z
561,2049/QĐ-HQKV2,25/09/2026,Chi cục Hải quan khu vực II,"công bố, công khai dự toán thu, chi ngân sách nhà nước năm 2026 của Chi cục Hải quan khu vực II",106207,305,10,TP_HO_CHI_MINH,Phan Minh Lê,25/09/2026,https://files.customs.gov.vn/CustomsCMS/TP_HO_CHI_MINH/2026/9/30/QĐ2049.pdf,https://www.customs.gov.vn/index.jsp?pageId=3&id=106207&cid=1294,2026,09/2026,2026-10-08T09:33:54Z
562,1578/QĐ-CHQ,24/09/2026,Cục Hải quan,"Về việc công bố công khai bổ sung, điều chỉnh dự toán thu, chi ngân sách nhà nước năm 2026 của Cục Hải quan",106199,305,19,TONG_CUC,Trịnh Văn Nhuận,null,https://files.customs.gov.vn/CustomsCMS/TONG_CUC/2026/9/29/VB_1578.pdf,https://www.customs.gov.vn/index.jsp?pageId=3&id=106199&cid=1294,2026,09/2026,2026-10-08T09:33:54Z
563,2100/CNC-ĐTKD,22/09/2026,Chi cục Hải quan khu vực II,Công bố danh sách doanh nghiệp đủ điều kiện đăng ký tham gia Chương trình ưu đãi thuế linh kiện ô tô nhập khẩu,106113,305,19,TONG_CUC,null,null,https://files.customs.gov.vn/CustomsCMS/TONG_CUC/2026/9/25/2100.pdf,https://www.customs.gov.vn/index.jsp?pageId=3&id=106113&cid=1294,2026,09/2026,2026-10-08T09:33:54Z
564,461/QĐ-KTSTQ,22/09/2026,Chi cục Kiểm tra sau thông quan,V/v công bố công khai số liệu điều chỉnh quyết toán ngân sách năm 2025 của Chi cục KTSTQ,106065,305,10,TONG_CUC,null,null,https://files.customs.gov.vn/CustomsCMS/TONG_CUC/2026/9/24/CCI_011721.pdf,https://www.customs.gov.vn/index.jsp?pageId=3&id=106065&cid=1294,2026,09/2026,2026-10-08T09:33:54Z
565,1557/QĐ-CHQ,21/09/2026,Cục Hải quan,V/v công bố công khai điều chỉnh dự toán Chi NSNN năm 2026 của Cục Hải quan (đơn vị sử dụng ngân sách),106046,305,19,TONG_CUC,null,null,https://files.customs.gov.vn/CustomsCMS/TONG_CUC/2026/9/23/VB_1557 (1).pdf,https://www.customs.gov.vn/index.jsp?pageId=3&id=106046&cid=1294,2026,09/2026,2026-10-08T09:33:54Z
566,2936/QĐ-UBND,21/09/2026,UBND tỉnh Hưng Yên,"V/v công bố danh mục thủ tục hành chính bị bãi bỏ trong lĩnh vực phòng bệnh thuộc phạm vi, chức năng quản lý nhà nước của Sở Y tế (tỉnh Hưng Yên)",106058,305,10,HA_NAM_NINH,Phạm Văn Nghiêm,null,"https://files.customs.gov.vn/CustomsCMS/HA_NAM_NINH/2026/9/23/2939 QD UBDN ngay 21092026 cong bo danh muc TTHC bi bai bo trong linh vuc cua So Y Te.pdf,/CustomsCMS/HA_NAM_NINH/2026/9/23/Phu luc 2939 QD UBDN ngay 21092026 cong bo danh muc TTHC bi bai bo trong linh vuc cua So Y Te.pdf",https://www.customs.gov.vn/index.jsp?pageId=3&id=106058&cid=1294,2026,09/2026,2026-10-08T09:33:54Z
567,3341/TB-HQKV6,21/09/2026,Chi  cục Hải quan khu vực VI,"Lựa chọn tổ chức, doanh nghiệp thẩm định giá",106061,305,19,LANG_SON,null,null,"https://files.customs.gov.vn/CustomsCMS/LANG_SON/2026/9/24/1. Vv lựa chọn tổ chức, doanh nghiệp thẩm định giá (39 mục).pdf,/CustomsCMS/LANG_SON/2026/9/24/1. Phu luc tai san tham dinh gia (kem theo TB).pdf",https://www.customs.gov.vn/index.jsp?pageId=3&id=106061&cid=1294,2026,09/2026,2026-10-08T09:33:54Z
568,9231/TB-HQKV3,21/09/2026,Chi cục Hải quan khu vực III,Công khai thông tin người nộp thuế,106002,"461, 305",19,HAI_PHONG,null,21/09/2026,"https://files.customs.gov.vn/CustomsCMS/HAI_PHONG/2026/9/22/CV9231.pdf,/CustomsCMS/HAI_PHONG/2026/9/22/92311.pdf",https://www.customs.gov.vn/index.jsp?pageId=3&id=106002&cid=1294,2026,09/2026,2026-10-08T09:33:54Z
569,332/2026/NĐ-CP,19/09/2026,Chính phủ,"V/v Quy định về hoạt động kinh doanh sản phẩm, dịch vụ an ninh mạng",106165,305,8,DONG_NAI,null,19/09/2026,https://files.customs.gov.vn/CustomsCMS/DONG_NAI/2026/9/28/332_2026_ND_CP_19_08_2026.pdf,https://www.customs.gov.vn/index.jsp?pageId=3&id=106165&cid=1294,2026,09/2026,2026-10-08T09:33:54Z
570,116/QĐ-CNTT,18/09/2026,Ban Công nghệ thông tin và Thống kê hải quan,Quyết định về việc công khai số liệu điều chỉnh quyết toán ngân sách năm 2025 của Ban Công nghệ thông tin và Thống kê hải quan,105985,305,10,TONG_CUC,Ngô Như An,null,https://files.customs.gov.vn/CustomsCMS/TONG_CUC/2026/9/21/QĐ công khai điều chỉnh quyết toán 2025.pdf,https://www.customs.gov.vn/index.jsp?pageId=3&id=105985&cid=1294,2026,09/2026,2026-10-08T09:33:54Z
571,1545/QĐ-CHQ,18/09/2026,Cục Hải quan,Về việc công khai điều chỉnh số liệu và thuyết minh quyết toán chi ngân sách nhà nước năm 2025 của Cục Hải quan (cấp 2),105988,305,19,TONG_CUC,Lưu Mạnh Tưởng,null,https://files.customs.gov.vn/CustomsCMS/TONG_CUC/2026/9/21/VB_1545.pdf,https://www.customs.gov.vn/index.jsp?pageId=3&id=105988&cid=1294,2026,09/2026,2026-10-08T09:33:54Z
572,21927/HQKV2-VP,18/09/2026,Chi cục Hải quan khu vực 2,V/v báo giá phí dich vụ thẩm định giá,105967,305,16,TP_HO_CHI_MINH,null,null,"https://files.customs.gov.vn/CustomsCMS/TP_HO_CHI_MINH/2026/9/18/CV 21927.pdf,/CustomsCMS/TP_HO_CHI_MINH/2026/9/18/QĐ 1821.pdf",https://www.customs.gov.vn/index.jsp?pageId=3&id=105967&cid=1294,2026,09/2026,2026-10-08T09:33:54Z
573,237/TB-HQKV2,17/09/2026,Chi cục Hải quan khu vực II,"THÔNG BÁO Về việc triển khai áp dụng Quy định tạm thời về định dạng thông điệp dữ liệu chứng từ điện tử liên quan đến hàng hóa nhập khẩu, xuất khẩu",105986,305,19,TP_HO_CHI_MINH,null,null,https://files.customs.gov.vn/CustomsCMS/TP_HO_CHI_MINH/2026/9/21/237_định dạng thông điệp dữ liệu.pdf,https://www.customs.gov.vn/index.jsp?pageId=3&id=105986&cid=1294,2026,09/2026,2026-10-08T09:33:54Z
574,2442/HQKV18-CNTT,17/09/2026,Chi cục Hải quan khu vực XVIII,V/v Triển khai kế hoạch làm sạch dữ liệu doanh nghiệp trên Hệ thống Đăng ký và quản lý người sử dụng (Các doanh nghiệp),105948,305,16,DONG_NAI,null,null,https://files.customs.gov.vn/CustomsCMS/DONG_NAI/2026/9/17/2442_HQKV18_CNTT_17_09_2026.pdf,https://www.customs.gov.vn/index.jsp?pageId=3&id=105948&cid=1294,2026,09/2026,2026-10-08T09:33:54Z
575,1536/QĐ-CHQ,16/09/2026,Cục Hải quan,Về việc công khai số liệu và thuyết minh quyết toán chi ngân sách nhà nước năm 2025 của Cục Hải quan,105947,305,19,TONG_CUC,null,null,https://files.customs.gov.vn/CustomsCMS/TONG_CUC/2026/9/17/VB_1536.pdf,https://www.customs.gov.vn/index.jsp?pageId=3&id=105947&cid=1294,2026,09/2026,2026-10-08T09:33:54Z
576,1915/HQKV19-QLRR&CNTT,16/09/2026,Chi cục Hải quan khu vực XIX,Triển khai Kế hoạch làm sạch dữ liệu doanh nghiệp trên Hệ thống Đăng ký và quản lý người sử dụng,105930,305,16,CAN_THO,null,16/09/2026,"https://files.customs.gov.vn/CustomsCMS/CAN_THO/2026/9/17/1915_PL.pdf,/CustomsCMS/CAN_THO/2026/9/17/1915.pdf",https://www.customs.gov.vn/index.jsp?pageId=3&id=105930&cid=1294,2026,09/2026,2026-10-08T09:33:54Z
577,1925/HQKV19-QLRR&CNTT,16/09/2026,Chi cục Hải quan khu vực XIX,"Triển khai áp dụng Quy định tạm thời về định dạng thông điệp dữ liệu chứng từ điện tử liên quan đến hàng hóa nhập khẩu, xuất khẩu",105931,305,16,CAN_THO,null,16/09/2026,"https://files.customs.gov.vn/CustomsCMS/CAN_THO/2026/9/17/3. Quy định ban hành kèm QĐ.docx,/CustomsCMS/CAN_THO/2026/9/17/CV1925.pdf,/CustomsCMS/CAN_THO/2026/9/17/4. Phụ lục kèm Quyết định_20260825_TSD_Fin.docx,/CustomsCMS/CAN_THO/2026/9/17/1434.pdf",https://www.customs.gov.vn/index.jsp?pageId=3&id=105931&cid=1294,2026,09/2026,2026-10-08T09:33:54Z
578,248/GM-CNC,16/09/2026,Hải quan Khu công nghệ cao,Giấy mời về tài sản thuộc dạng kê biên,105968,305,18,TP_HO_CHI_MINH,null,null,https://files.customs.gov.vn/CustomsCMS/TP_HO_CHI_MINH/2026/9/18/248.pdf,https://www.customs.gov.vn/index.jsp?pageId=3&id=105968&cid=1294,2026,09/2026,2026-10-08T09:33:54Z
579,3287/TB-HQKV6,16/09/2026,Chi  cục Hải quan khu vực VI,"Kết quả lựa chọn tổ chức, doanh nghiệp thẩm định giá",105965,305,19,LANG_SON,null,null,"https://files.customs.gov.vn/CustomsCMS/LANG_SON/2026/9/18/3287.TB.HQKV6 TB kết quả lựa chọn tổ chức thẩm định giá.pdf,/CustomsCMS/LANG_SON/2026/9/18/3287 Phu luc kem theo.pdf",https://www.customs.gov.vn/index.jsp?pageId=3&id=105965&cid=1294,2026,09/2026,2026-10-08T09:33:54Z
580,421/QĐ-HQKV13,16/09/2026,Chi cục Hải quan khu vực XIII,Quyết định công bố công khai điều chỉnh quyết toán ngân sách năm 2025 của Chi cục Hải quan khu vực XIII,106167,305,10,KHANH_HOA,null,null,https://files.customs.gov.vn/CustomsCMS/KHANH_HOA/2026/9/28/421_QD-HQKV13-cong-khai-dieu-chinh-quyet-toan-2025.pdf,https://www.customs.gov.vn/index.jsp?pageId=3&id=106167&cid=1294,2026,09/2026,2026-10-08T09:33:54Z
581,844/TB-HQTL,16/09/2026,Hải quan cửa khẩu Quốc tế Tà Lùng,Thông báo v/v tìm chủ sở hữu hàng hóa tồn đọng (đợt 2),106245,305,19,CAO_BANG,Hoàng Văn Bằng - Đội trưởng,16/09/2026,https://files.customs.gov.vn/CustomsCMS/CAO_BANG/2026/10/5/844-TB-HQTL.pdf,https://www.customs.gov.vn/index.jsp?pageId=3&id=106245&cid=1294,2026,09/2026,2026-10-08T09:33:54Z
582,1945/QĐ-HQKV2,14/09/2026,Chi cục Hải quan khu vực II,công khai điều chỉnh số liệu quyết toán ngân sách nhà nước năm 2025 của Chi cục Hải quan khu vực II,106206,305,10,TP_HO_CHI_MINH,Phan Minh Lê,14/09/2026,https://files.customs.gov.vn/CustomsCMS/TP_HO_CHI_MINH/2026/9/30/QĐ1945.pdf,https://www.customs.gov.vn/index.jsp?pageId=3&id=106206&cid=1294,2026,09/2026,2026-10-08T09:33:54Z
583,21582/TB-CHQ,11/09/2026,Cục hải quan,Triển khai thực hiện Nghị định số 286/2026/NĐ-CP ngày 17/7/2026 của Chính phủ,105827,305,19,LANG_SON,null,null,"https://files.customs.gov.vn/CustomsCMS/LANG_SON/2026/9/12/VB_21582.pdf,/CustomsCMS/LANG_SON/2026/9/12/nghị định số 286.2026.NĐ-CP.pdf",https://www.customs.gov.vn/index.jsp?pageId=3&id=105827&cid=1294,2026,09/2026,2026-10-08T09:33:54Z
584,2220/HQKV13-NVHQ,11/09/2026,Chi cục Hải quan khu vực XIII,Triển khai Thông tư số 128/TT-BTC ngày 27/8/2026,105830,305,16,KHANH_HOA,null,null,https://files.customs.gov.vn/CustomsCMS/KHANH_HOA/2026/9/14/2220_NVHQ_Trien-khai-TT128-cua-khau-thong-minh.pdf,https://www.customs.gov.vn/index.jsp?pageId=3&id=105830&cid=1294,2026,09/2026,2026-10-08T09:33:54Z
585,3007/KCX&KCN-TH,11/09/2026,Hải quan Khu chế xuất & Khu công nghiệp Hải Phòng,Thông báo về việc áp dụng biện pháp tạm hoãn xuất cảnh,105822,305,19,HAI_PHONG,null,11/09/2026,https://files.customs.gov.vn/CustomsCMS/HAI_PHONG/2026/9/11/3007.pdf,https://www.customs.gov.vn/index.jsp?pageId=3&id=105822&cid=1294,2026,09/2026,2026-10-08T09:33:54Z
586,Số: 947/QĐ-HQKV8,11/09/2026,Chi cục Hải quan khu vực VIII,"Về việc công bố công khai điều chỉnh quyết toán ngân sách năm 2025
của Chi cục Hải quan khu vực VIII",105859,305,10,QUANG_NINH,Bùi Ngọc Lợi,null,"https://files.customs.gov.vn/CustomsCMS/QUANG_NINH/2026/9/15/Công khai dự toán T9.pdf,/CustomsCMS/QUANG_NINH/2026/9/15/Phụ lục công khai.pdf,/CustomsCMS/QUANG_NINH/2026/9/15/Thuyết minh công khai.pdf",https://www.customs.gov.vn/index.jsp?pageId=3&id=105859&cid=1294,2026,09/2026,2026-10-08T09:33:54Z
587,183/TB-HQKV18,10/09/2026,Chi cục Hải quan khu vực XVIII,Lựa chọn Tổ chức hành nghề đấu giá tài sản,105814,305,19,DONG_NAI,null,null,https://files.customs.gov.vn/CustomsCMS/DONG_NAI/2026/9/10/183_TB_HQKV18_10_09_2026.pdf,https://www.customs.gov.vn/index.jsp?pageId=3&id=105814&cid=1294,2026,09/2026,2026-10-08T09:33:54Z
588,20900/HQKV2-VP,10/09/2026,Chi cục Hải quan khu vực 2,V/v mời báo giá dịch vụ tiêu hủy tài sản,105808,305,16,TP_HO_CHI_MINH,null,null,https://files.customs.gov.vn/CustomsCMS/TP_HO_CHI_MINH/2026/9/10/20900.pdf,https://www.customs.gov.vn/index.jsp?pageId=3&id=105808&cid=1294,2026,09/2026,2026-10-08T09:33:54Z
589,20901/HQKV2-VP,10/09/2026,Chi cục Hải quan khu vực 2,V/v mời cung cấp bảng báo giá dịch vụ thẩm định giá tài sản,105809,305,16,TP_HO_CHI_MINH,null,null,https://files.customs.gov.vn/CustomsCMS/TP_HO_CHI_MINH/2026/9/10/20901.pdf,https://www.customs.gov.vn/index.jsp?pageId=3&id=105809&cid=1294,2026,09/2026,2026-10-08T09:33:54Z
590,21074/HQKV2-VP,10/09/2026,Chi cục Hải quan khu vực 2,V/v mời cung cấp báo giá dịch vụ thẩm định giá tài sản,105818,305,16,TP_HO_CHI_MINH,null,null,https://files.customs.gov.vn/CustomsCMS/TP_HO_CHI_MINH/2026/9/11/21074.pdf,https://www.customs.gov.vn/index.jsp?pageId=3&id=105818&cid=1294,2026,09/2026,2026-10-08T09:33:54Z
591,2962/KCX&KCN-TH,10/09/2026,Hải quan Khu chế xuất & Khu công nghiệp Hải Phòng,Thông báo về việc sẽ áp dụng biện pháp tạm hoãn xuất cảnh,105821,305,19,HAI_PHONG,null,10/09/2026,https://files.customs.gov.vn/CustomsCMS/HAI_PHONG/2026/9/11/2962.pdf,https://www.customs.gov.vn/index.jsp?pageId=3&id=105821&cid=1294,2026,09/2026,2026-10-08T09:33:54Z
592,134/2026/TT-BTC,09/09/2026,Bộ Tài chính,"V/v Quy định chi tiết mẫu hồ sơ yêu cầu áp dụng hình thức chỉ định thầu, báo cáo đánh giá, báo cáo thẩm định, kiểm tra, giám sát, báo cáo tình hình thực hiện hoạt động đấu thầu",105935,305,4,DONG_NAI,null,09/09/2026,"https://files.customs.gov.vn/CustomsCMS/DONG_NAI/2026/9/17/551134_2026_TT_BTC_09_09_2026.pdf,/CustomsCMS/DONG_NAI/2026/9/17/477134_DK.rar",https://www.customs.gov.vn/index.jsp?pageId=3&id=105935&cid=1294,2026,09/2026,2026-10-08T09:33:54Z
593,135/2026/TT-BTC,09/09/2026,Bộ Tài chính,"V/v Sửa đổi, bổ sung một số điều của Thông tư số 152/2015/T-BTC ngày 02 tháng 10 năm 2015 của Bộ trưởng Bộ Tài chính hướng dẫn về thuế tài nguyên được sửa đổi, bổ sung bởi Thông tư số 41/2024/TT-BTC",105811,305,4,DONG_NAI,null,09/09/2026,https://files.customs.gov.vn/CustomsCMS/DONG_NAI/2026/9/10/135_2026_TT_BTC_09_09_2026.pdf,https://www.customs.gov.vn/index.jsp?pageId=3&id=105811&cid=1294,2026,09/2026,2026-10-08T09:33:54Z
594,3167/TB-HQKV6,09/09/2026,Chi  cục Hải quan khu vực VI,Mời tham gia thẩm định giá tài sản,105816,305,19,LANG_SON,null,null,https://files.customs.gov.vn/CustomsCMS/LANG_SON/2026/9/11/3167.pdf,https://www.customs.gov.vn/index.jsp?pageId=3&id=105816&cid=1294,2026,09/2026,2026-10-08T09:33:54Z
595,349/2026/NĐ-CP,09/09/2026,Chính phủ,"V/v Sửa đổi, bổ sung một số điều của các Nghị định quy định chi tiết một số điều và biện pháp thi hành Luật Đấu thầu về lựa chọn nhà thầu",105932,305,8,DONG_NAI,null,09/09/2026,"https://files.customs.gov.vn/CustomsCMS/DONG_NAI/2026/9/17/134_2026_TT_BTC_09_09_2026.pdf,/CustomsCMS/DONG_NAI/2026/9/17/134_DK.rar",https://www.customs.gov.vn/index.jsp?pageId=3&id=105932&cid=1294,2026,09/2026,2026-10-08T09:33:54Z
596,421/QĐ-ĐTCBL,09/09/2026,Chi cục điều tra chống buôn lậu,Công khai quyết toán NSNN năm 2025 của Chi cục Điều tra CBL,105815,305,19,TONG_CUC,null,null,https://files.customs.gov.vn/CustomsCMS/TONG_CUC/2026/9/11/421-P4.pdf,https://www.customs.gov.vn/index.jsp?pageId=3&id=105815&cid=1294,2026,09/2026,2026-10-08T09:33:54Z
597,655/QĐ-HQKV6,09/09/2026,Chi  cục Hải quan khu vực VI,Quyết định về việc công bố công khai số liệu điều chỉnh xét duyệt quyết toán NS năm 2025 của Chi cục HQKV6,105826,305,10,LANG_SON,null,null,https://files.customs.gov.vn/CustomsCMS/LANG_SON/2026/9/12/655_0001.pdf,https://www.customs.gov.vn/index.jsp?pageId=3&id=105826&cid=1294,2026,09/2026,2026-10-08T09:33:54Z
598,3138/TB-HQKV6,08/09/2026,Chi  cục Hải quan khu vực VI,"Lựa chọn tổ chức, doanh nghiệp thẩm định giá",105799,305,19,LANG_SON,null,null,"https://files.customs.gov.vn/CustomsCMS/LANG_SON/2026/9/9/4. Vv lựa chọn tổ chức, doanh nghiệp thẩm định giá (điện thoại, quạt, bồn tiểu nam).pdf,/CustomsCMS/LANG_SON/2026/9/9/4. Phụ lục tài sản kèm theo Công văn đề nghị thẩm định giá.pdf",https://www.customs.gov.vn/index.jsp?pageId=3&id=105799&cid=1294,2026,09/2026,2026-10-08T09:33:54Z
599,397/QĐ-HQKV19,08/09/2026,Chi cục Hải quan khu vực XIX,Công bố công khai điều chỉnh số liệu quyết toán ngân sách nhà nước năm 2025 của Chi cục Hải quan khu vực XIX,105834,305,10,CAN_THO,null,08/09/2026,https://files.customs.gov.vn/CustomsCMS/CAN_THO/2026/9/14/2026_QD397.pdf,https://www.customs.gov.vn/index.jsp?pageId=3&id=105834&cid=1294,2026,09/2026,2026-10-08T09:33:54Z
600,914/TB-KCNVS,08/09/2026,Hải quan KCN Việt Nam - Singapore,Thông báo về việc tạm hoãn xuất cảnh,105777,305,19,TP_HO_CHI_MINH,Hoàng Trọng Nghĩa,08/09/2026,https://files.customs.gov.vn/CustomsCMS/TP_HO_CHI_MINH/2026/9/8/5.2. Thông báo việc tạm hoãn xuất cảnh ông Huỳnh Văn Nhanh_cổ đông KN Kính.pdf,https://www.customs.gov.vn/index.jsp?pageId=3&id=105777&cid=1294,2026,09/2026,2026-10-08T09:33:54Z
601,1487/QĐ-CHQ,07/09/2026,Cục Hải quan,V/v công khai số liệu và thuyết minh quyết toán chi ngân sách nhà nước năm 2025 của Cục Hải quan (đơn vị sử dụng ngân sách),105987,305,19,TONG_CUC,Trịnh Văn Nhuận,null,https://files.customs.gov.vn/CustomsCMS/TONG_CUC/2026/9/21/VB_1487.pdf,https://www.customs.gov.vn/index.jsp?pageId=3&id=105987&cid=1294,2026,09/2026,2026-10-08T09:33:54Z
602,2174/QĐ-BCT,07/09/2026,Bộ Công Thương,"V/v Áp dụng thuế chống bán phá giá chính thức đối với một số sản phẩm gạch, sứ ốp lát có xuất xứ từ Cộng hòa Ấn Độ",105796,305,10,DONG_NAI,null,22/09/2026,https://files.customs.gov.vn/CustomsCMS/DONG_NAI/2026/9/9/2174_QD_BCT_07_09_2026.pdf,https://www.customs.gov.vn/index.jsp?pageId=3&id=105796&cid=1294,2026,09/2026,2026-10-08T09:33:54Z
603,227/TB-HQKV2,07/09/2026,Chi cục Hải quan khu vực 2,Về việc bán tài sản theo hình thức niêm yết giá,105734,305,19,TP_HO_CHI_MINH,null,null,https://files.customs.gov.vn/CustomsCMS/TP_HO_CHI_MINH/2026/9/7/227.pdf,https://www.customs.gov.vn/index.jsp?pageId=3&id=105734&cid=1294,2026,09/2026,2026-10-08T09:33:54Z
604,3104/TB-HQKV6,07/09/2026,Chi  cục Hải quan khu vực VI,Thông báo mời tham gia Tư vấn lập E-HSMT và đánh giá E-HSDT; Tư vấn thẩm định E-HSMT và KQ LCNT,105771,305,19,LANG_SON,null,null,https://files.customs.gov.vn/CustomsCMS/LANG_SON/2026/9/8/4. Thông báo mời TV. 7.9.pdf,https://www.customs.gov.vn/index.jsp?pageId=3&id=105771&cid=1294,2026,09/2026,2026-10-08T09:33:54Z
605,3105/TB-HQKV6,07/09/2026,Chi  cục Hải quan khu vực VI,Thông báo Mời tham gia thẩm định giá dịch vụ,105770,305,19,LANG_SON,null,null,https://files.customs.gov.vn/CustomsCMS/LANG_SON/2026/9/8/3. Thông báo mời thẩm định giá 7.9.pdf,https://www.customs.gov.vn/index.jsp?pageId=3&id=105770&cid=1294,2026,09/2026,2026-10-08T09:33:54Z
606,56/2026/TT-BKHCN,05/09/2026,Bộ Khoa học Công nghệ,"V/v Quy định việc nhập khẩu máy móc, thiết bị, dây chuyền công nghệ đã qua sử dụng",105798,305,4,DONG_NAI,null,05/09/2026,https://files.customs.gov.vn/CustomsCMS/DONG_NAI/2026/9/9/56_2026_TT_BKHCN_05_09_2026.pdf,https://www.customs.gov.vn/index.jsp?pageId=3&id=105798&cid=1294,2026,09/2026,2026-10-08T09:33:54Z
607,113/QĐ-CNTT,04/09/2026,Cục Hải quan,Cục Hải quan thông báo điều chỉnh dự toán chi ngân sách nhà nước năm 2026 của Ban Công nghệ thông tin và Thống kê hải quan.,105779,305,19,TONG_CUC,Ngô Như An,null,"https://files.customs.gov.vn/CustomsCMS/TONG_CUC/2026/9/8/QĐ CK DT2026 QĐ1427.pdf,/CustomsCMS/TONG_CUC/2026/9/8/VB_1418.pdf",https://www.customs.gov.vn/index.jsp?pageId=3&id=105779&cid=1294,2026,09/2026,2026-10-08T09:33:54Z
608,2147/HQKV13-NVHQ,04/09/2026,Chi cục Hải quan khu vực XIII,Triển khai Nghị định số 336/2026/NĐ-CP ngày 22/8/2026 của Chính phủ,105730,305,16,KHANH_HOA,null,null,https://files.customs.gov.vn/CustomsCMS/KHANH_HOA/2026/9/7/2147_HQKV13-trien-khai-Nghi dinh-336.pdf,https://www.customs.gov.vn/index.jsp?pageId=3&id=105730&cid=1294,2026,09/2026,2026-10-08T09:33:54Z
609,224/TB-HQKV2,04/09/2026,Chi cục Hải quan khu vực II,Về việc tham gia lựa chọn tổ chức hành nghề đấu giá tài sản,105708,305,19,TP_HO_CHI_MINH,Ngô Thị Thanh Truyền,07/10/2026,https://files.customs.gov.vn/CustomsCMS/TP_HO_CHI_MINH/2026/9/4/Thông báo.pdf,https://www.customs.gov.vn/index.jsp?pageId=3&id=105708&cid=1294,2026,09/2026,2026-10-08T09:33:54Z
610,8681/HQKV3-VP,03/09/2026,Chi cục Hải quan khu vực III,Thư chào giá Hệ thống kiểm soát truy cập mạng NAC,105733,305,19,HAI_PHONG,null,03/09/2026,https://files.customs.gov.vn/CustomsCMS/HAI_PHONG/2026/9/7/Thumoichaogiathietbi.pdf,https://www.customs.gov.vn/index.jsp?pageId=3&id=105733&cid=1294,2026,09/2026,2026-10-08T09:33:54Z
611,341/2026/NĐ-CP,01/09/2026,Chính phủ,V/v Quy định chi tiết một số điều và biện pháp thi hành Luật An ninh mạng về hoạt động mật mã dân sự,105966,305,8,DONG_NAI,null,01/09/2026,https://files.customs.gov.vn/CustomsCMS/DONG_NAI/2026/9/18/341_2026_ND_CP_01_09_2026.pdf,https://www.customs.gov.vn/index.jsp?pageId=3&id=105966&cid=1294,2026,09/2026,2026-10-08T09:33:54Z
612,262/TB-HQKV2,08/10/2026,Chi cục Hải quan khu vực 2,Về việc bán tài sản công theo hình thức chỉ định,106312,305,16,TP_HO_CHI_MINH,null,null,https://files.customs.gov.vn/CustomsCMS/TP_HO_CHI_MINH/2026/10/8/262.pdf,https://www.customs.gov.vn/index.jsp?pageId=3&id=106312&cid=1294,2026,10/2026,2026-10-08T09:33:54Z
613,124/QĐ-CNTT,07/10/2026,Ban Công nghệ thông tin và Thống kê hải quan,Quyết định về việc công bố công khai điều chỉnh dự toán chi ngân sách nhà nước năm 2026 của Ban Công nghệ thông tin và Thống kê hải quan,106293,305,19,TONG_CUC,null,null,"https://files.customs.gov.vn/CustomsCMS/TONG_CUC/2026/10/7/QĐ CK DT2026 QĐ1572.pdf,/CustomsCMS/TONG_CUC/2026/10/7/VB_1572.pdf",https://www.customs.gov.vn/index.jsp?pageId=3&id=106293&cid=1294,2026,10/2026,2026-10-08T09:33:54Z
614,22660/TB-CHQ,07/10/2026,Cục Hải quan,Thông báo phát hành ấn chỉ bán thu tiền,106313,305,19,TONG_CUC,null,null,https://files.customs.gov.vn/CustomsCMS/TONG_CUC/2026/10/8/VB_22660.pdf,https://www.customs.gov.vn/index.jsp?pageId=3&id=106313&cid=1294,2026,10/2026,2026-10-08T09:33:54Z
615,260/TB-HQKV2,07/10/2026,Chi cục Hải quan khu vực II,Thông báo về việc tham gia lựa chọn tổ chức hành nghề đấu giá,106306,305,19,TP_HO_CHI_MINH,Ngô Thị Thanh Truyền,08/10/2026,https://files.customs.gov.vn/CustomsCMS/TP_HO_CHI_MINH/2026/10/8/Thông báo 260.pdf,https://www.customs.gov.vn/index.jsp?pageId=3&id=106306&cid=1294,2026,10/2026,2026-10-08T09:33:54Z
616,2028/ĐTCBL,06/10/2026,Chi cục Điều tra chống buôn lậu,"Báo cáo tình hình thực hiện dự toán thu, chi NSNN 9 tháng đầu năm 2026",106278,305,19,TONG_CUC,null,null,"https://files.customs.gov.vn/CustomsCMS/TONG_CUC/2026/10/6/đối chiếu quý 3.2026 (tổng).pdf,/CustomsCMS/TONG_CUC/2026/10/6/đối chiếu dự toán quý 3.2026.pdf,/CustomsCMS/TONG_CUC/2026/10/6/tình hình thực hiện dự toán chi NSNN 9 tháng năm 2026_0001.pdf",https://www.customs.gov.vn/index.jsp?pageId=3&id=106278&cid=1294,2026,10/2026,2026-10-08T09:33:54Z
617,3560 /TB-HQKV6,06/10/2026,Chi  cục Hải quan khu vực VI,"Kết quả lựa chọn tổ chức, doanh nghiệp thẩm định giá",106307,305,19,LANG_SON,null,null,"https://files.customs.gov.vn/CustomsCMS/LANG_SON/2026/10/8/3. TB kết quả lựa chọn tổ chức thẩm định giá (39 mục TS).pdf,/CustomsCMS/LANG_SON/2026/10/8/3. Phu luc lua chon tô chuc tham dinh gia (kem theo TB).pdf",https://www.customs.gov.vn/index.jsp?pageId=3&id=106307&cid=1294,2026,10/2026,2026-10-08T09:33:54Z
618,3561 /TB-HQKV6,06/10/2026,Chi  cục Hải quan khu vực VI,Lựa chọn tổ chức hành nghề đấu giá tài sản,106308,305,19,LANG_SON,null,null,https://files.customs.gov.vn/CustomsCMS/LANG_SON/2026/10/8/23. TB lựa chọn tổ chức đâu giá - hàng hóa tồn đọng 2020 vải.pdf,https://www.customs.gov.vn/index.jsp?pageId=3&id=106308&cid=1294,2026,10/2026,2026-10-08T09:33:54Z
619,3562 /TB-HQKV6,06/10/2026,Chi  cục Hải quan khu vực VI,Lựa chọn tổ chức hành nghề đấu giá tài sản,106309,305,19,LANG_SON,null,null,https://files.customs.gov.vn/CustomsCMS/LANG_SON/2026/10/8/24. TB lựa chọn tổ chức đâu giá - hàng hóa tồn đọng 2020 đài niệm phật.pdf,https://www.customs.gov.vn/index.jsp?pageId=3&id=106309&cid=1294,2026,10/2026,2026-10-08T09:33:54Z
620,3563/TB-HQKV6,06/10/2026,Chi  cục Hải quan khu vực VI,Lựa chọn tổ chức hành nghề đấu giá tài sản,106310,305,19,LANG_SON,null,null,"https://files.customs.gov.vn/CustomsCMS/LANG_SON/2026/10/8/25. Phụ lục Bảng kê tài sản hàng hóa tồn đọng 2020 đá cắt, mũi khoan.pdf,/CustomsCMS/LANG_SON/2026/10/8/25. TB lựa chọn tổ chức đâu giá - hàng hóa tồn đọng 2020 đá cắt, mũi khoan.pdf",https://www.customs.gov.vn/index.jsp?pageId=3&id=106310&cid=1294,2026,10/2026,2026-10-08T09:33:54Z
621,710/CKTSN-QLT,06/10/2026,Hải quan CK sân bay quốc tế Tân Sơn Nhất,Khôi phục tình trạng pháp lý của Công Ty TNHH Kỹ Thuật Công Nghệ Đào Bá,106286,305,16,KV_15,Nguyễn Đức Lợi,null,https://files.customs.gov.vn/CustomsCMS/KV_15/2026/10/7/CV710.pdf,https://www.customs.gov.vn/index.jsp?pageId=3&id=106286&cid=1294,2026,10/2026,2026-10-08T09:33:54Z
622,724/QĐ-HQKV6,06/10/2026,Chi  cục Hải quan khu vực VI,Công bố công khai thực hiện ngân sách nhà nước Quý III năm 2026 của Chi cục Hải quan khu vực VI,106311,305,10,LANG_SON,null,null,"https://files.customs.gov.vn/CustomsCMS/LANG_SON/2026/10/8/15. PL công khai thực hiện quý 3.pdf,/CustomsCMS/LANG_SON/2026/10/8/15. Công khai TÌNH HÌNH THỰC HIỆN DT quý 3.pdf",https://www.customs.gov.vn/index.jsp?pageId=3&id=106311&cid=1294,2026,10/2026,2026-10-08T09:33:54Z
623,8021/TB-HQKV1,06/10/2026,Văn Phòng,Mời cung cấp dịch vụ tư vấn thẩm định giá,106292,305,19,HA_NOI,null,null,https://files.customs.gov.vn/CustomsCMS/HA_NOI/2026/10/7/VB_8021.pdf,https://www.customs.gov.vn/index.jsp?pageId=3&id=106292&cid=1294,2026,10/2026,2026-10-08T09:33:54Z
624,22531/CHQ-TVQT,05/10/2026,Ban Tài vụ - Quản trị,Công khai thuyết minh tình hình và số liệu thực hiện dự toán ngân sách nhà nước 9 tháng năm 2026 của Cục Hải quan,106266,305,19,TONG_CUC,null,null,https://files.customs.gov.vn/CustomsCMS/TONG_CUC/2026/10/5/VB_22531.pdf,https://www.customs.gov.vn/index.jsp?pageId=3&id=106266&cid=1294,2026,10/2026,2026-10-08T09:33:54Z
625,2521/HQKV16-VP,05/10/2026,Chi cục Hải quan khu vực XVI,"V/v mời quan tâm, báo giáo dịch vụ khám chữa bệnh và chăm sóc chó nghiệp vụ",106280,305,19,CAO_BANG,Lê Viết Phong - Phó Chi cục trưởng,05/10/2026,https://files.customs.gov.vn/CustomsCMS/CAO_BANG/2026/10/6/1. Công văn lấy báo giá 10.2026.pdf,https://www.customs.gov.vn/index.jsp?pageId=3&id=106280&cid=1294,2026,10/2026,2026-10-08T09:33:54Z
626,1625/QĐ-CHQ,02/10/2026,Cục Hải quan,Về việc công bố công khai điều chỉnh dự toán chi ngân sách nhà nước năm 2026 của Cục Hải quan,106265,305,19,TONG_CUC,null,null,https://files.customs.gov.vn/CustomsCMS/TONG_CUC/2026/10/5/VB_1625.pdf,https://www.customs.gov.vn/index.jsp?pageId=3&id=106265&cid=1294,2026,10/2026,2026-10-08T09:33:54Z
627,251/TB-SKHCN,01/10/2026,Sở Khoa học công nghệ tỉnh Vĩnh Long,Thông báo tiếp nhận hồ sơ đề nghị hỗ trợ đăng ký bảo hộ tài sản trí tuệ theo Nghị định số 44/2025/NĐ-HĐND ngày 22/12/2025 của Hội đồng nhân dân tỉnh Vĩnh Long (Đợt 2 năm 2026),106281,305,19,CAN_THO,null,01/10/2026,https://files.customs.gov.vn/CustomsCMS/CAN_THO/2026/10/6/2832066-251.pdf,https://www.customs.gov.vn/index.jsp?pageId=3&id=106281&cid=1294,2026,10/2026,2026-10-08T09:33:54Z
628,470/QĐ-ĐTCBL,01/10/2026,Chi cục Điều tra chống buôn lậu,"Công bố công khai bổ sung, điều chỉnh dự toán chi NSNN năm 2026",106232,305,19,TONG_CUC,null,null,https://files.customs.gov.vn/CustomsCMS/TONG_CUC/2026/10/2/470-P4.pdf,https://www.customs.gov.vn/index.jsp?pageId=3&id=106232&cid=1294,2026,10/2026,2026-10-08T09:33:54Z
629,707/QĐ-HQKV6,01/10/2026,Chi  cục Hải quan khu vực VI,Quyết định về việc công bố công khai dự toán chi ngân sách năm 2026 của Chi cục Hải quan khu vực VI,106234,305,10,LANG_SON,null,null,https://files.customs.gov.vn/CustomsCMS/LANG_SON/2026/10/2/707 QĐ_0001.pdf,https://www.customs.gov.vn/index.jsp?pageId=3&id=106234&cid=1294,2026,10/2026,2026-10-08T09:33:54Z
