stt,so_hieu,ngay_ban_hanh,co_quan_ban_hanh,noi_dung_tom_tat,ma_noi_bo,linh_vuc,loai_van_ban,chuyen_trang,nguoi_ky,ngay_hieu_luc,pdf_url,url_chi_tiet,nam,nam_thang,crawled_at
1,165/QĐ-HQHP,31/01/2024,Cục Hải quan thành phố Hải Phòng,Quyết định công bố công khai tình hình thực hiện dự toán chi Ngân sách nhà nước năm 2023,95464,305,10,HAI_PHONG,Trần Mạnh Hùng,null,https://files.customs.gov.vn/CustomsCMS/HAI_PHONG/2024/7/5/165QĐHQHP_0001.pdf,https://www.customs.gov.vn/index.jsp?pageId=3&id=95464&cid=1294,2024,01/2024,2026-10-08T09:33:34Z
2,318/QĐ-TCHQ,31/01/2024,Tổng cục Hải quan,Tạm dừng hoạt động địa điểm thu gom hàng lẻ (kho CFS) trong cảng Tân Vũ,90975,305,10,TONG_CUC,null,null,https://files.customs.gov.vn/CustomsCMS/TONG_CUC/2024/2/7/318. Tam dung Kho CFS.pdf,https://www.customs.gov.vn/index.jsp?pageId=3&id=90975&cid=1294,2024,01/2024,2026-10-08T09:33:34Z
3,319/QĐ-TCHQ,31/01/2024,Tổng cục Hải quan,"Ban hành Kế hoạch phổ biến, giáo dục pháp luật; tuyên truyền, hỗ trợ, cung cấp thông tin năm 2024 của Tổng cục Hải quan",91691,305,10,TONG_CUC,Hoàng Việt Cường,null,https://files.customs.gov.vn/CustomsCMS/TONG_CUC/2024/3/21/319.pdf,https://www.customs.gov.vn/index.jsp?pageId=3&id=91691&cid=1294,2024,01/2024,2026-10-08T09:33:34Z
4,70/QĐ-HQTPHCM,31/01/2024,Cục Hải quan TP. Hồ Chí Minh,V/v ban hành Kế hoạch phát triển quân hệ đối tác Hải quan - Doanh nghiệp và các bên liên quan năm 2024,90766,305,10,TP_HO_CHI_MINH,null,null,https://files.customs.gov.vn/CustomsCMS/TP_HO_CHI_MINH/2024/1/31/70KH.signed.pdf,https://www.customs.gov.vn/index.jsp?pageId=3&id=90766&cid=1294,2024,01/2024,2026-10-08T09:33:34Z
5,124/KV4-ĐGSKS,30/01/2024,Chi cục HQ cửa khẩu CSG KV 4,"Gửi báo giá giám định số lượng, chất lượng và chủng loại hàng hóa tồn đọng (lần 3)",90767,305,16,TP_HO_CHI_MINH,null,null,https://files.customs.gov.vn/CustomsCMS/TP_HO_CHI_MINH/2024/1/31/124.signed.pdf,https://www.customs.gov.vn/index.jsp?pageId=3&id=90767&cid=1294,2024,01/2024,2026-10-08T09:33:34Z
6,193/HQĐNa-VP,30/01/2024,Cục Hải quan tỉnh Đồng Nai,V/v Thông báo nghỉ Tết âm lịch năm 2024 (Các doanh nghiệp làm thủ tục tại Cục Hải quan tỉnh Đồng Nai),90785,305,16,DONG_NAI,null,null,https://files.customs.gov.vn/CustomsCMS/DONG_NAI/2024/1/30/193_HQDNa_VP_30_01_2024.pdf,https://www.customs.gov.vn/index.jsp?pageId=3&id=90785&cid=1294,2024,01/2024,2026-10-08T09:33:34Z
7,232/HQTPHCM-CNTT,26/01/2024,Cục Hải quan TP.HCM,V/v cung cấp báo giá,93677,305,16,TP_HO_CHI_MINH,Lã Việt Hùng,null,https://files.customs.gov.vn/CustomsCMS/TP_HO_CHI_MINH/2024/5/14/444232-26012024.pdf,https://www.customs.gov.vn/index.jsp?pageId=3&id=93677&cid=1294,2024,01/2024,2026-10-08T09:33:34Z
8,256/QĐ-TCHQ,26/01/2024,Tổng cục Hải quan,Công nhận bãi ngoại quan,90955,305,10,TONG_CUC,null,null,https://files.customs.gov.vn/CustomsCMS/TONG_CUC/2024/2/6/256. Cong nhan Bai ngoai quan.pdf,https://www.customs.gov.vn/index.jsp?pageId=3&id=90955&cid=1294,2024,01/2024,2026-10-08T09:33:34Z
9,39/QĐ-HQKH,26/01/2024,Cục Hải quan tỉnh Khánh Hòa,Quyết định công bố mục tiêu chất lượng năm 2024 của Cục Hải quan tỉnh Khánh Hòa,91235,305,10,KHANH_HOA,null,null,https://files.customs.gov.vn/CustomsCMS/KHANH_HOA/2024/3/5/39_QDbanhanhMTCL2024.pdf,https://www.customs.gov.vn/index.jsp?pageId=3&id=91235&cid=1294,2024,01/2024,2026-10-08T09:33:34Z
10,265/HQHN-CNTT,25/01/2024,Phòng Công nghệ thông tin,Mời báo giá dịch vụ thuê kênh truyền cho hệ thống camera giám sát hải quan,90714,305,19,HA_NOI,null,null,https://files.customs.gov.vn/CustomsCMS/HA_NOI/2024/1/29/265.pdf,https://www.customs.gov.vn/index.jsp?pageId=3&id=90714&cid=1294,2024,01/2024,2026-10-08T09:33:34Z
11,110/TB-HQCT,24/01/2024,Cục Hải quan TP. Cần Thơ,Điều chỉnh lịch tiếp công dân định kỳ tháng 02 năm 2024 của Cục trưởng Cục Hải quan TP. Cần Thơ,90710,305,19,CAN_THO,null,24/01/2024,https://files.customs.gov.vn/CustomsCMS/CAN_THO/2024/1/29/110.signed.pdf,https://www.customs.gov.vn/index.jsp?pageId=3&id=90710&cid=1294,2024,01/2024,2026-10-08T09:33:34Z
12,234/HQHN-TXNK,24/01/2024,Cục Hải quan Hà Nội,"Phát hành, sử dụng biên lai thuế, lệ phí hải quan",90976,305,16,TONG_CUC,null,null,https://files.customs.gov.vn/CustomsCMS/TONG_CUC/2024/2/7/234-HQHN. Bien lai.pdf,https://www.customs.gov.vn/index.jsp?pageId=3&id=90976&cid=1294,2024,01/2024,2026-10-08T09:33:34Z
13,377/TCHQ-TXNK,24/01/2024,Cục Thuế xuất nhập khẩu,V/v Chính sách thuế đối với hàng hóa nhập khẩu của DNCX (Công ty TNHH Công nghệ ASCENX Việt Nam),90653,305,16,DONG_NAI,null,null,https://files.customs.gov.vn/CustomsCMS/DONG_NAI/2024/1/25/377_TCHQ_TXNK_24_01_2024.PDF,https://www.customs.gov.vn/index.jsp?pageId=3&id=90653&cid=1294,2024,01/2024,2026-10-08T09:33:34Z
14,294/TB-HQQN,23/01/2024,Cục Hải quan tỉnh Quảng Ninh,V/v lựa chọn tổ chức đấu giá tài sản,90641,305,19,QUANG_NINH,Phạm Quốc Hưng,23/01/2024,,https://www.customs.gov.vn/index.jsp?pageId=3&id=90641&cid=1294,2024,01/2024,2026-10-08T09:33:34Z
15,61/TB-KS1,22/01/2024,Đội KSHQ số 1,Về việc lựa chọn đơn vị tổ chức đấu giá,90615,305,19,QUANG_NINH,Kiểu Văn Ninh,22/01/2024,https://files.customs.gov.vn/CustomsCMS/QUANG_NINH/2024/1/22/KS 1 TB về việc lựa chọn đơn vị tổ chức đấu giá ...pdf,https://www.customs.gov.vn/index.jsp?pageId=3&id=90615&cid=1294,2024,01/2024,2026-10-08T09:33:34Z
16,196/HQHN-CNTT,19/01/2024,Phòng Công nghệ thông tin,Báo giá dịch vụ thuê kênh truyền,91156,305,19,HA_NOI,null,null,https://files.customs.gov.vn/CustomsCMS/HA_NOI/2024/2/29/196.pdf,https://www.customs.gov.vn/index.jsp?pageId=3&id=91156&cid=1294,2024,01/2024,2026-10-08T09:33:34Z
17,281/TB-HQQN,19/01/2024,Cục Hải quan tỉnh Quảng Ninh,Về việc lựa chọn tổ chức đấu giá tài sản,90607,305,10,QUANG_NINH,Phạm Quốc Hưng,19/01/2024,https://files.customs.gov.vn/CustomsCMS/QUANG_NINH/2024/1/22/281 lua chon to chuc dau gia.pdf,https://www.customs.gov.vn/index.jsp?pageId=3&id=90607&cid=1294,2024,01/2024,2026-10-08T09:33:34Z
18,93/QĐ-TCHQ,18/01/2024,Tổng cục Hải quan,"Quyết định số 93/QĐ-TCHQ ngày 18/01/2024 của Tổng cục Hải quan quy định tiêu chuẩn, định mức sử dụng tàu, ca nô ngành Hải quan",90639,305,10,TONG_CUC,Lưu Mạnh Tưởng,18/01/2024,https://files.customs.gov.vn/CustomsCMS/TONG_CUC/2024/1/23/QD932024TCHQ.pdf,https://www.customs.gov.vn/index.jsp?pageId=3&id=90639&cid=1294,2024,01/2024,2026-10-08T09:33:34Z
19,36/QĐ-HQHG,17/01/2024,Cục Hải quan tỉnh Hà Giang,"Quyết định về việc công nhận địa điểm kiểm tra hàng hoá tại cơ sở sản xuất, nhà máy của Công ty TNHH một thành viên cơ khí hoá chất 13",90584,305,10,HA_GIANG,Nguyễn Minh Thành,17/01/2024,https://files.customs.gov.vn/CustomsCMS/HA_GIANG/2024/1/18/QD 2024 36 QĐ-HQHG(1).pdf,https://www.customs.gov.vn/index.jsp?pageId=3&id=90584&cid=1294,2024,01/2024,2026-10-08T09:33:34Z
20,18/QĐ-HQKH,12/01/2024,Cục Hải quan tỉnh Khánh Hòa,"Quyết định cưỡng chế thi hành quyết định hành chính về quản lý thuế bằng biện pháp dừng làm thủ tục hải quan đối với hàng hóa xuất khẩu, nhập khẩu",90475,305,10,KHANH_HOA,null,null,https://files.customs.gov.vn/CustomsCMS/KHANH_HOA/2024/1/15/18_QD_cuongche_thihanhcuongche_hc.pdf,https://www.customs.gov.vn/index.jsp?pageId=3&id=90475&cid=1294,2024,01/2024,2026-10-08T09:33:34Z
21,95/HQĐNa-CNTT,12/01/2024,Cục Hải quan tỉnh Đồng Nai,"V/v Chuẩn đối chiếu dữ liệu getin, getout (Các doanh nghiệp kinh doanh kho, bãi, cảng trên địa bàn tỉnh Đồng Nai và tỉnh Bình Thuận)",90421,305,16,DONG_NAI,null,null,https://files.customs.gov.vn/CustomsCMS/DONG_NAI/2024/1/15/95_HQDNa_CNTT_12_01_2024.pdf,https://www.customs.gov.vn/index.jsp?pageId=3&id=90421&cid=1294,2024,01/2024,2026-10-08T09:33:34Z
22,162/TB-HQQN,11/01/2024,Cục Hải quan tỉnh Quảng Ninh,v/v lựa chọn tổ chức đấu giá tài sản,90440,305,19,QUANG_NINH,Phạm Quốc Hưng,11/01/2024,https://files.customs.gov.vn/CustomsCMS/QUANG_NINH/2024/1/11/HQQN thông báo lựa chọn tổ chức đấu giá.pdf,https://www.customs.gov.vn/index.jsp?pageId=3&id=90440&cid=1294,2024,01/2024,2026-10-08T09:33:34Z
23,212/BTP-ĐKGDBĐ,11/01/2024,Bộ Tư pháp,Công văn số 212/BTP-ĐKGDBĐ ngày 11/01/2024 của Bộ Tư pháp v/v triển khai cấp mã số sử dụng cơ sở dữ liệu về biện pháp bảo đảm,90784,305,16,TONG_CUC,Nguyễn Hồng Hải,null,https://files.customs.gov.vn/CustomsCMS/TONG_CUC/2024/1/30/CV2122024BTP.pdf,https://www.customs.gov.vn/index.jsp?pageId=3&id=90784&cid=1294,2024,01/2024,2026-10-08T09:33:34Z
24,79/HQTPHCM-KV4,10/01/2024,Cục Hải quan TP. Hồ Chí Minh,V/v báo giá trưng cầu giám định chất lượng còn lại và thẩm định giá,90439,305,16,TP_HO_CHI_MINH,null,null,https://files.customs.gov.vn/CustomsCMS/TP_HO_CHI_MINH/2024/1/11/82379.signed.pdf,https://www.customs.gov.vn/index.jsp?pageId=3&id=90439&cid=1294,2024,01/2024,2026-10-08T09:33:34Z
25,64/TB-GC,09/01/2024,Chi cục Hải quan quản lý hàng gia công,Thông báo thay đổi trụ sở làm việc của Chi cục Hải quan quản lý hàng gia công,90455,305,19,TP_HO_CHI_MINH,Lê Thị Thanh Hà,null,https://files.customs.gov.vn/CustomsCMS/TP_HO_CHI_MINH/2024/1/12/45764.pdf,https://www.customs.gov.vn/index.jsp?pageId=3&id=90455&cid=1294,2024,01/2024,2026-10-08T09:33:34Z
26,47/HQTPHCM-TVQT,08/01/2024,Cục Hải quan TP. Hồ Chí Minh,V/v xác định trị giá khởi điểm lô hàng 09 container phế liệu tồn đọng tại cảng ICD Phước Long (lần 2),90399,305,16,TP_HO_CHI_MINH,null,null,https://files.customs.gov.vn/CustomsCMS/TP_HO_CHI_MINH/2024/1/9/47.signed.pdf,https://www.customs.gov.vn/index.jsp?pageId=3&id=90399&cid=1294,2024,01/2024,2026-10-08T09:33:34Z
27,48/HQTPHCM-TVQT,08/01/2024,Cục Hải quan TP. Hồ Chí Minh,V/v xác định trị giá khởi điểm lô hàng 13 container phế liệu tồn đọng tại cảng Vict ( lần 2),90400,305,16,TP_HO_CHI_MINH,null,null,https://files.customs.gov.vn/CustomsCMS/TP_HO_CHI_MINH/2024/1/9/48.signed.pdf,https://www.customs.gov.vn/index.jsp?pageId=3&id=90400&cid=1294,2024,01/2024,2026-10-08T09:33:34Z
28,11/QĐ-HQHT,05/01/2024,Cục Hải quan tỉnh Hà Tĩnh,"Quyết định về việc công khai giao dự toán thu, chi ngân sách nhà nước năm 2024 cho Cục Hải quan tỉnh Hà Tĩnh",96791,305,10,HA_TINH,Đ/c Bùi Thanh San - Cục trưởng,05/01/2024,https://files.customs.gov.vn/CustomsCMS/HA_TINH/2024/9/23/11 QĐ_0001.signed.pdf,https://www.customs.gov.vn/index.jsp?pageId=3&id=96791&cid=1294,2024,01/2024,2026-10-08T09:33:34Z
29,55 /TB-HQNA,05/01/2024,Cục Hải quan tỉnh Nghệ An,Về việc lựa chọn các tổ chức thực hiện thẩm định giá tài sản,90375,305,19,NGHE_AN,Mai Thị Vân Anh,05/01/2024,https://files.customs.gov.vn/CustomsCMS/NGHE_AN/2024/1/8/55-HQNA.pdf,https://www.customs.gov.vn/index.jsp?pageId=3&id=90375&cid=1294,2024,01/2024,2026-10-08T09:33:34Z
30,06/QĐ-HQKH,04/01/2024,Cục Hải quan tỉnh Khánh Hòa,"Quyết định công bố công khai giao dự toán thu, chi NSNN năm 2024 của Cục Hải quan tỉnh Khánh Hòa",91010,305,10,KHANH_HOA,null,null,https://files.customs.gov.vn/CustomsCMS/KHANH_HOA/2024/2/21/06_QDcongkhaidutoanchi2024.pdf,https://www.customs.gov.vn/index.jsp?pageId=3&id=91010&cid=1294,2024,01/2024,2026-10-08T09:33:34Z
31,1/KV4-ĐGSKS,02/01/2024,Chi cục HQ cửa khẩu CSG KV 4,"V/v gửi báo giá giám định số lượng,chất lượng và chủng loại hàng hóa tồn đọng ( Lần 2 )",90321,305,16,TP_HO_CHI_MINH,null,null,https://files.customs.gov.vn/CustomsCMS/TP_HO_CHI_MINH/2024/1/2/1.signed.pdf,https://www.customs.gov.vn/index.jsp?pageId=3&id=90321&cid=1294,2024,01/2024,2026-10-08T09:33:34Z
32,9/KH-HQTPHCM,02/01/2024,Cục Hải quan TP. Hồ Chí Minh,"Kế hoạch Cục Hải quan Thành phố Hồ Chí Minh và cộng đồng doanh nghiệp là đối tác tin cậy, đổi mới sáng tạo, chung tay chuyển đổi số",90414,305,16,TP_HO_CHI_MINH,null,null,https://files.customs.gov.vn/CustomsCMS/TP_HO_CHI_MINH/2024/1/10/19109.pdf,https://www.customs.gov.vn/index.jsp?pageId=3&id=90414&cid=1294,2024,01/2024,2026-10-08T09:33:34Z
33,259/HQKH-NV,28/02/2024,Cục Hải quan tỉnh Khánh Hòa,Về việc đề nghị thu hồi Giấy chứng nhận đăng ký doanh nghiệp,91086,305,16,KHANH_HOA,null,null,https://files.customs.gov.vn/CustomsCMS/KHANH_HOA/2024/2/28/259_DenghithuhoiGCNdangkyDN.pdf,https://www.customs.gov.vn/index.jsp?pageId=3&id=91086&cid=1294,2024,02/2024,2026-10-08T09:33:34Z
34,759/TB-HQQN,26/02/2024,Cục Hải quan tỉnh Quảng Ninh,Thông báo kết quả lựa chọn tổ chức đấu giá tài sản,91057,305,19,QUANG_NINH,Phạm Quốc Hưng,26/02/2024,https://files.customs.gov.vn/CustomsCMS/QUANG_NINH/2024/2/26/HQQN lua chon dau gia.pdf,https://www.customs.gov.vn/index.jsp?pageId=3&id=91057&cid=1294,2024,02/2024,2026-10-08T09:33:34Z
35,760/TB-HQQN,26/02/2024,Cục Hải quan tỉnh Quảng Ninh,V/v lựa chọn tổ chức đấu giá tài sản,91044,305,19,QUANG_NINH,Phạm Quốc Hưng,26/02/2024,https://files.customs.gov.vn/CustomsCMS/QUANG_NINH/2024/2/26/HQQN TB lua chon to chuc dau gia TS.pdf,https://www.customs.gov.vn/index.jsp?pageId=3&id=91044&cid=1294,2024,02/2024,2026-10-08T09:33:34Z
36,110/TB-KS1,23/02/2024,Đội KSHQ số 1,Về việc lựa chọn đơn vị tổ chức đấu giá,91016,305,19,QUANG_NINH,Kiểu Văn Ninh,23/02/2024,,https://www.customs.gov.vn/index.jsp?pageId=3&id=91016&cid=1294,2024,02/2024,2026-10-08T09:33:34Z
37,743/HQQN-CNTT,23/02/2024,Cục Hải quan tỉnh Quảng Ninh,V/v mời báo giá xây dựng phần mềm Quản lý theo dõi việc thực hiện kết luận thanh tra - kiểm tra tại Cục Hải quan tỉnh Quảng Ninh,91058,305,16,QUANG_NINH,Trương Ngọc Quảng,23/02/2024,https://files.customs.gov.vn/CustomsCMS/QUANG_NINH/2024/2/27/TB lua chon phan mem.pdf,https://www.customs.gov.vn/index.jsp?pageId=3&id=91058&cid=1294,2024,02/2024,2026-10-08T09:33:34Z
38,57/QĐ-HQKH,22/02/2024,Cục Hải quan tỉnh Khánh Hòa,Quyết định ban hành Kế hoạch cải cách hành chính năm 2024 của Cục Hải quan tỉnh Khánh Hòa,91935,305,10,KHANH_HOA,null,null,https://files.customs.gov.vn/CustomsCMS/KHANH_HOA/2024/3/28/57_QD_banhanhkehoachCCHC_2024.pdf,https://www.customs.gov.vn/index.jsp?pageId=3&id=91935&cid=1294,2024,02/2024,2026-10-08T09:33:34Z
39,58/QĐ-HQKH,22/02/2024,Cục Hải quan tỉnh Khánh Hòa,Quyết định ban hành Kế hoạch kiểm soát thủ tục hành chính năm 2024 của Cục Hải quan tỉnh Khánh Hòa,91936,305,10,KHANH_HOA,null,null,https://files.customs.gov.vn/CustomsCMS/KHANH_HOA/2024/3/28/58_QD_kiemsoatTTHC.pdf,https://www.customs.gov.vn/index.jsp?pageId=3&id=91936&cid=1294,2024,02/2024,2026-10-08T09:33:34Z
40,0272/TB-HQAG,07/02/2024,Cục Hải quan tỉnh An Giang,Thông báo về việc công khai danh sách đề nghị tặng Bằng khen Thủ tướng Chính phủ,90962,305,19,AN_GIANG,Nguyễn Thanh Toàn,07/02/2024,https://files.customs.gov.vn/CustomsCMS/AN_GIANG/2024/2/8/0272TB-HQAG.signed.pdf,https://www.customs.gov.vn/index.jsp?pageId=3&id=90962&cid=1294,2024,02/2024,2026-10-08T09:33:34Z
41,24/TB-HQĐNa,06/02/2024,Cục Hải quan tỉnh Đồng Nai,V/v Lịch tiếp công dân năm 2024 của Cục trưởng Cục Hải quan tỉnh Đồng Nai,90937,305,19,DONG_NAI,null,null,https://files.customs.gov.vn/CustomsCMS/DONG_NAI/2024/2/6/24_TB_HQDNa_06_02_2024.pdf,https://www.customs.gov.vn/index.jsp?pageId=3&id=90937&cid=1294,2024,02/2024,2026-10-08T09:33:34Z
42,237/TB-ĐT,02/02/2024,Chi cục Hải quan Quản lý Hàng Đầu tư,Nộp báo cáo tình hình sử dụng hàng hóa miễn thuế thuộc danh mục miễn thuế,90911,305,19,TP_HO_CHI_MINH,null,null,https://files.customs.gov.vn/CustomsCMS/TP_HO_CHI_MINH/2024/2/6/237.signed.pdf,https://www.customs.gov.vn/index.jsp?pageId=3&id=90911&cid=1294,2024,02/2024,2026-10-08T09:33:34Z
43,344/QĐ-TCHQ,02/02/2024,Tổng cục Hải quan,"Thu hồi Quyết định xác nhận kho xăng dầu của Công ty TNHH Vận tải thủy bộ Hải Hà đủ điều kiện kiểm tra, giám sát của cơ quan Hải quan",91115,305,10,TONG_CUC,null,null,https://files.customs.gov.vn/CustomsCMS/TONG_CUC/2024/2/28/344. Thu hoi QD Kho Xang dau.pdf,https://www.customs.gov.vn/index.jsp?pageId=3&id=91115&cid=1294,2024,02/2024,2026-10-08T09:33:34Z
44,159/TB-HQBĐ,01/02/2024,Cục Hải quan tỉnh Bình Định,"Tuyển Thuyền trưởng và Máy trưởng Ca nô cao tốc ST-1520A (số hiệu HQ 24-91-01, công suất 1204HP)",90824,305,19,BINH_DINH,Đặng Ngọc Bình,null,https://files.customs.gov.vn/CustomsCMS/BINH_DINH/2024/2/1/159-TB-HQBD-2024.signed.pdf,https://www.customs.gov.vn/index.jsp?pageId=3&id=90824&cid=1294,2024,02/2024,2026-10-08T09:33:34Z
45,374/TB-HQTN,01/02/2024,Cục Hải quan tỉnh Tây Ninh,Thông báo về việc tuyển dụng HĐLĐ làm công tác lái xe,90977,305,19,TAY_NINH,Nguyễn Văn Bổng,null,"https://files.customs.gov.vn/CustomsCMS/TAY_NINH/2024/2/15/374-TB-HQTN.signed.pdf,/CustomsCMS/TAY_NINH/2024/2/15/MAU 1A_24.doc,/CustomsCMS/TAY_NINH/2024/2/15/MAU 2.doc",https://www.customs.gov.vn/index.jsp?pageId=3&id=90977&cid=1294,2024,02/2024,2026-10-08T09:33:34Z
46,58/QĐ-HQHT,01/02/2024,Cục Hải quan tỉnh Hà Tĩnh,Quyết định về việc công bố công khai tình hình thực hiện dự toán năm 2023 của Cục Hải quan tỉnh Hà Tĩnh,96790,305,10,HA_TINH,Đ/c Bùi Thanh San - Cục trưởng,01/02/2024,https://files.customs.gov.vn/CustomsCMS/HA_TINH/2024/9/23/58 QĐ.signed.signed.signed.pdf,https://www.customs.gov.vn/index.jsp?pageId=3&id=96790&cid=1294,2024,02/2024,2026-10-08T09:33:34Z
47,02/2024/TT-BTTTT,29/03/2024,Bộ TTTT,"Quy định Danh mục sản phẩm, hàng hóa có khả năng gây mất an toàn thuộc trách nhiệm quản lý của Bộ Thông tin và Truyền thông",92956,305,4,TAY_NINH,Nguyễn Mạnh Hùng,15/05/2024,,https://www.customs.gov.vn/index.jsp?pageId=3&id=92956&cid=1294,2024,03/2024,2026-10-08T09:33:34Z
48,05/2024/TT-BCT,29/03/2024,Bộ Công thương,"Thông tư số 05/2024/TT-BCT của Bộ Công thương: Quy định về việc tạm ngừng kinh doanh tạm nhập, tái xuất mặt hàng quặng và tinh quặng Monazite",92235,305,4,TAY_NINH,Nguyễn Sinh Nhật Tân,13/05/2024,https://files.customs.gov.vn/CustomsCMS/TAY_NINH/2024/4/11/05-2024-bct.pdf,https://www.customs.gov.vn/index.jsp?pageId=3&id=92235&cid=1294,2024,03/2024,2026-10-08T09:33:34Z
49,196/TB-KS1,29/03/2024,Đội KSHQ số 1,Thông báo lựa chọn đơn vị tổ chức đấu giá,91868,305,19,QUANG_NINH,Kiểu Văn Ninh,29/03/2024,https://files.customs.gov.vn/CustomsCMS/QUANG_NINH/2024/4/1/KS 1 thong bao lua chon đv đấu giá.pdf,https://www.customs.gov.vn/index.jsp?pageId=3&id=91868&cid=1294,2024,03/2024,2026-10-08T09:33:34Z
50,780A/KH-HQTN,29/03/2024,Cục Hải quan tỉnh Tây Ninh,Thực hiện công tác dân vận chính quyền năm 2024,97275,305,18,TAY_NINH,Phan Văn Vũ,null,"https://files.customs.gov.vn/CustomsCMS/TAY_NINH/2024/10/29/KH 780A thuc hien cong tac dan van chinh quyen.pdf,/CustomsCMS/TAY_NINH/2024/10/29/01-bnv.signed.pdf,/CustomsCMS/TAY_NINH/2024/10/29/04-nd.signed.pdf,/CustomsCMS/TAY_NINH/2024/10/29/59-cp.signed.pdf,/CustomsCMS/TAY_NINH/2024/10/29/QD 631 HQTN 250724 ban hanh Quy che dan chu Cuc HQTN.pdf,/CustomsCMS/TAY_NINH/2024/10/29/QD-1263 TCHQ 290524 ban hanh quy che thuc hien dan chu trong hoa dong nganh HQ.pdf",https://www.customs.gov.vn/index.jsp?pageId=3&id=97275&cid=1294,2024,03/2024,2026-10-08T09:33:34Z
51,11/KTNN-TT,28/03/2024,Kho bạc Nhà nước,Cung cấp danh sách các NHTM nơi KBNN mở tài khoản,92016,305,16,TONG_CUC,Hoàng Trung Lương,03/04/2024,"https://files.customs.gov.vn/CustomsCMS/TONG_CUC/2024/4/1/11.KTNN.pdf,/CustomsCMS/TONG_CUC/2024/4/1/11.phuluc.pdf",https://www.customs.gov.vn/index.jsp?pageId=3&id=92016&cid=1294,2024,03/2024,2026-10-08T09:33:34Z
52,181/QĐ-HQNA,27/03/2024,Cục Hải quan tỉnh Nghệ An,"Quyết định số 181 /QĐ-HQNA ngày 27 tháng 3 năm 2024 về việc gia hạn điểm kiểm tra hàng hóa tại cơ sở sản xuất, nhà máy",91956,305,10,NGHE_AN,Nguyễn Thành Trung,27/03/2024,https://files.customs.gov.vn/CustomsCMS/NGHE_AN/2024/3/29/181-QĐ-HQNA.pdf,https://www.customs.gov.vn/index.jsp?pageId=3&id=91956&cid=1294,2024,03/2024,2026-10-08T09:33:34Z
53,830/HQHN-TXNK,27/03/2024,Cục Hải quan TP Hà Nội,"Phát hành, sử dụng biên lai thuế, lệ phí hải quan",92058,305,16,TONG_CUC,null,null,https://files.customs.gov.vn/CustomsCMS/TONG_CUC/2024/4/2/830-HQHN. Phat hanh Bien lai.pdf,https://www.customs.gov.vn/index.jsp?pageId=3&id=92058&cid=1294,2024,03/2024,2026-10-08T09:33:34Z
54,1113/TB-HQQN,25/03/2024,Cục Hải quan tỉnh Quảng Ninh,Thông báo kết quả lựa chọn tổ chức đấu giá tài sản,91895,305,19,QUANG_NINH,Trịnh Văn Nhuận,25/03/2024,https://files.customs.gov.vn/CustomsCMS/QUANG_NINH/2024/3/27/Thong bao ket qua lua chon to chuc dau gia.pdf,https://www.customs.gov.vn/index.jsp?pageId=3&id=91895&cid=1294,2024,03/2024,2026-10-08T09:33:34Z
55,626/KL-HQHNN,22/03/2024,Cục Hải quan Hà Nam Ninh,Về việc bổ sung Kết luận số 2009/KL-HQHNN ngày 31/8/2023 của Cục Hải quan Hà Nam Ninh,91875,305,18,HA_NAM_NINH,null,22/03/2024,https://files.customs.gov.vn/CustomsCMS/HA_NAM_NINH/2024/3/27/258626 KL HQHNN.pdf,https://www.customs.gov.vn/index.jsp?pageId=3&id=91875&cid=1294,2024,03/2024,2026-10-08T09:33:34Z
56,794/TBXC-HQHN,22/03/2024,Cục Hải quan TP. Hà Nội,Tạm hoãn xuất cảnh,92278,305,19,HA_NOI,null,null,https://files.customs.gov.vn/CustomsCMS/HA_NOI/2024/4/8/794.pdf,https://www.customs.gov.vn/index.jsp?pageId=3&id=92278&cid=1294,2024,03/2024,2026-10-08T09:33:34Z
57,182/TB-KS1,21/03/2024,Đội KSHQ số 1,Về việc lựa chọn đơn vị tổ chức đấu giá,91693,305,19,QUANG_NINH,Kiểu Văn Ninh,21/03/2024,https://files.customs.gov.vn/CustomsCMS/QUANG_NINH/2024/4/8/KS 1 thong bao lua chon dau gia.pdf,https://www.customs.gov.vn/index.jsp?pageId=3&id=91693&cid=1294,2024,03/2024,2026-10-08T09:33:34Z
58,754/HQTPHCM-CNTT,21/03/2024,Cục Hải quan TP.HCM,V/v cung cấp báo giá,93678,305,16,TP_HO_CHI_MINH,Lã Việt Hùng,null,https://files.customs.gov.vn/CustomsCMS/TP_HO_CHI_MINH/2024/5/14/754-21032024.pdf,https://www.customs.gov.vn/index.jsp?pageId=3&id=93678&cid=1294,2024,03/2024,2026-10-08T09:33:34Z
59,755/HQTPHCM-CNTT,21/03/2024,Cục Hải quan TP.HCM,V/v cung cấp báo giá,93679,305,16,TP_HO_CHI_MINH,Lã Việt Hùng,null,https://files.customs.gov.vn/CustomsCMS/TP_HO_CHI_MINH/2024/5/14/755-21032024.pdf,https://www.customs.gov.vn/index.jsp?pageId=3&id=93679&cid=1294,2024,03/2024,2026-10-08T09:33:34Z
60,756/HQTPHCM-CNTT,21/03/2024,Cục Hải quan TP.HCM,V/v cung cấp báo giá,93680,305,16,TP_HO_CHI_MINH,Lã Việt Hùng,null,https://files.customs.gov.vn/CustomsCMS/TP_HO_CHI_MINH/2024/5/14/756-21032024.pdf,https://www.customs.gov.vn/index.jsp?pageId=3&id=93680&cid=1294,2024,03/2024,2026-10-08T09:33:34Z
61,757/HQTPHCM-CNTT,21/03/2024,Cục Hải quan TP.HCM,V/v cung cấp báo giá,93681,305,16,TP_HO_CHI_MINH,Lã Việt Hùng,null,https://files.customs.gov.vn/CustomsCMS/TP_HO_CHI_MINH/2024/5/14/757-21032024.pdf,https://www.customs.gov.vn/index.jsp?pageId=3&id=93681&cid=1294,2024,03/2024,2026-10-08T09:33:34Z
62,758/HQTPHCM-CNTT,21/03/2024,Cục Hải quan TP.HCM,V/v cung cấp báo giá,93682,305,16,TP_HO_CHI_MINH,Lã Việt Hùng,null,https://files.customs.gov.vn/CustomsCMS/TP_HO_CHI_MINH/2024/5/14/758-21032024.pdf,https://www.customs.gov.vn/index.jsp?pageId=3&id=93682&cid=1294,2024,03/2024,2026-10-08T09:33:34Z
63,759/HQTPHCM-CNTT,21/03/2024,Cục Hải quan TP. Hồ Chí Minh,V/v cung cấp báo giá,93683,305,16,TP_HO_CHI_MINH,Lã Việt Hùng,null,https://files.customs.gov.vn/CustomsCMS/TP_HO_CHI_MINH/2024/5/14/759-21032024.pdf,https://www.customs.gov.vn/index.jsp?pageId=3&id=93683&cid=1294,2024,03/2024,2026-10-08T09:33:34Z
64,760/HQTPHCM-CNTT,21/03/2024,Cục Hải quan TP. Hồ Chí Minh,V/v cung cấp báo giá,93684,305,16,TP_HO_CHI_MINH,null,null,https://files.customs.gov.vn/CustomsCMS/TP_HO_CHI_MINH/2024/5/14/760-21032024.pdf,https://www.customs.gov.vn/index.jsp?pageId=3&id=93684&cid=1294,2024,03/2024,2026-10-08T09:33:34Z
65,761/HQTPHCM-CNTT,21/03/2024,Cục Hải quan TP. Hồ Chí Minh,V/v cung cấp báo giá,93685,305,16,TP_HO_CHI_MINH,null,null,https://files.customs.gov.vn/CustomsCMS/TP_HO_CHI_MINH/2024/5/14/761-21032024.pdf,https://www.customs.gov.vn/index.jsp?pageId=3&id=93685&cid=1294,2024,03/2024,2026-10-08T09:33:34Z
66,762/HQTPHCM-CNTT,21/03/2024,Cục Hải quan TP. Hồ Chí Minh,V/v cung cấp báo giá,93658,305,16,TP_HO_CHI_MINH,Lã Việt Hùng,null,https://files.customs.gov.vn/CustomsCMS/TP_HO_CHI_MINH/2024/5/14/762-21032024.pdf,https://www.customs.gov.vn/index.jsp?pageId=3&id=93658&cid=1294,2024,03/2024,2026-10-08T09:33:34Z
67,763/HQTPHCM-CNTT,21/03/2024,Cục Hải quan TP. Hồ Chí Minh,V/v cung cấp báo giá,93659,305,16,TP_HO_CHI_MINH,Lã Việt Hùng,null,https://files.customs.gov.vn/CustomsCMS/TP_HO_CHI_MINH/2024/5/14/763-21032024.pdf,https://www.customs.gov.vn/index.jsp?pageId=3&id=93659&cid=1294,2024,03/2024,2026-10-08T09:33:34Z
68,764/HQTPHCM-CNTT,21/03/2024,Cục Hải quan TP. Hồ Chí Minh,V/v cung cấp báo giá,93686,305,16,TP_HO_CHI_MINH,Lã Việt Hùng,null,https://files.customs.gov.vn/CustomsCMS/TP_HO_CHI_MINH/2024/5/14/764-21032024.pdf,https://www.customs.gov.vn/index.jsp?pageId=3&id=93686&cid=1294,2024,03/2024,2026-10-08T09:33:34Z
69,765/HQTPHCM-CNTT,21/03/2024,Cục Hải quan TP. Hồ Chí Minh,V/v cung cấp báo giá,93660,305,16,TP_HO_CHI_MINH,Lã Việt Hùng,null,https://files.customs.gov.vn/CustomsCMS/TP_HO_CHI_MINH/2024/5/14/765-21032024.pdf,https://www.customs.gov.vn/index.jsp?pageId=3&id=93660&cid=1294,2024,03/2024,2026-10-08T09:33:34Z
70,766/HQTPHCM-CNTT,21/03/2024,Cục Hải quan TP. Hồ Chí Minh,V/v cung cấp báo giá,93661,305,16,TP_HO_CHI_MINH,Lã Việt Hùng,null,https://files.customs.gov.vn/CustomsCMS/TP_HO_CHI_MINH/2024/5/14/766-21032024.pdf,https://www.customs.gov.vn/index.jsp?pageId=3&id=93661&cid=1294,2024,03/2024,2026-10-08T09:33:34Z
71,357/TB-HQBĐ,19/03/2024,Cục Hải quan tỉnh Bình Định,"Thông báo về việc tuyển nhân viên lái xe, nhân viên kỹ thuật",92109,305,19,BINH_DINH,Đặng Ngọc Bình,null,https://files.customs.gov.vn/CustomsCMS/BINH_DINH/2024/4/4/357_TB_HQBD_2024.signed.pdf,https://www.customs.gov.vn/index.jsp?pageId=3&id=92109&cid=1294,2024,03/2024,2026-10-08T09:33:34Z
72,105/TB-THQVN,15/03/2024,Trường Hải quan Việt Nam,V/v Tổ chức Khóa đào tạo bổ sung kiến thức pháp luật hải quan dành cho nhân viên đại lý làm thủ tục hải quan theo hình thức trực tuyến khóa 01 năm 2024,91705,305,19,DONG_NAI,null,null,https://files.customs.gov.vn/CustomsCMS/DONG_NAI/2024/3/20/105_TB_THQVN_15_03_2024.PDF,https://www.customs.gov.vn/index.jsp?pageId=3&id=91705&cid=1294,2024,03/2024,2026-10-08T09:33:34Z
73,983/TB-HQQN,14/03/2024,Cục Hải quan tỉnh Quảng Ninh,V/v lựa chọn tổ chức đấu giá tài sản,91609,305,19,QUANG_NINH,Bùi Ngọc Lợi,14/03/2024,https://files.customs.gov.vn/CustomsCMS/QUANG_NINH/2024/3/18/HQQN TB dau gia 3.pdf,https://www.customs.gov.vn/index.jsp?pageId=3&id=91609&cid=1294,2024,03/2024,2026-10-08T09:33:34Z
74,98/TB-THQVN,13/03/2024,Trường Hải quan Việt Nam,V/v Tổ chức thi cấp chứng chỉ nghiệp vụ khai hải quan năm 2024,91615,305,19,DONG_NAI,null,null,https://files.customs.gov.vn/CustomsCMS/DONG_NAI/2024/3/18/98_TB_THQVN_13_03_2024.PDF,https://www.customs.gov.vn/index.jsp?pageId=3&id=91615&cid=1294,2024,03/2024,2026-10-08T09:33:34Z
75,302/HQCT-NV,12/03/2024,Cục Hải quan TP. Cần Thơ,Báo cáo công khai thông tin người nộp thuế,91350,305,16,CAN_THO,null,12/03/2024,https://files.customs.gov.vn/CustomsCMS/CAN_THO/2024/3/13/302.signed.pdf,https://www.customs.gov.vn/index.jsp?pageId=3&id=91350&cid=1294,2024,03/2024,2026-10-08T09:33:34Z
76,553/HQTPHCM-TXNK,08/03/2024,Cục Hải quan TP. Hồ Chí Minh,V/v thông báo tình hình sử dụng hàng hóa miễn thuế nhập khẩu,91270,305,16,TP_HO_CHI_MINH,null,null,https://files.customs.gov.vn/CustomsCMS/TP_HO_CHI_MINH/2024/3/11/553.signed.pdf,https://www.customs.gov.vn/index.jsp?pageId=3&id=91270&cid=1294,2024,03/2024,2026-10-08T09:33:34Z
77,481/HQTPHCM-KV4,04/03/2024,Cục Hải quan TP. Hồ Chí Minh -Chi cục HQ CSG KV4,V/v báo giá trưng cầu giám định chất lượng còn lại và thẩm định giá (lần 2),91195,305,16,TP_HO_CHI_MINH,null,null,https://files.customs.gov.vn/CustomsCMS/TP_HO_CHI_MINH/2024/3/4/481.signed.pdf,https://www.customs.gov.vn/index.jsp?pageId=3&id=91195&cid=1294,2024,03/2024,2026-10-08T09:33:34Z
78,75/TB-THQVN,04/03/2024,Trường Hải quan Việt Nam,V/v Tổ chức Lớp đào tạo nghiệp vụ hải quan cơ bản theo hình thức trực tuyến khóa 02 năm 2024 (mã lớp: HQCB02/2024),91295,305,19,DONG_NAI,null,null,https://files.customs.gov.vn/CustomsCMS/DONG_NAI/2024/3/8/75_TB_THQVN_04_03_2024.PDF,https://www.customs.gov.vn/index.jsp?pageId=3&id=91295&cid=1294,2024,03/2024,2026-10-08T09:33:34Z
79,829/TB-HQQN,04/03/2024,Cục Hải quan tỉnh Quảng Ninh,Thông báo kết quả lựa chọn tổ chức đấu giá tài sản,91272,305,19,QUANG_NINH,Trịnh Văn Nhuận,04/03/2024,https://files.customs.gov.vn/CustomsCMS/QUANG_NINH/2024/3/11/249HQQN TB lua chon dau gia.pdf,https://www.customs.gov.vn/index.jsp?pageId=3&id=91272&cid=1294,2024,03/2024,2026-10-08T09:33:34Z
80,351/KH-HQQNg,01/03/2024,Cục Hải quan tỉnh Quảng Ngãi,Kế hoạch hành động về việc thực hiện nghị quyết 02/NQ-CP,91276,305,19,QUANG_NGAI,Huỳnh Văn Cường,null,https://files.customs.gov.vn/CustomsCMS/QUANG_NGAI/2024/3/6/Kế hoạch 351_KH_HQQNg.pdf,https://www.customs.gov.vn/index.jsp?pageId=3&id=91276&cid=1294,2024,03/2024,2026-10-08T09:33:34Z
81,606/KV4-ĐQLT,25/04/2024,Chi cục HQ cửa khẩu CSG KV 4,Đề nghị khôi phục tình trạng pháp lý của doanh nghiệp,92935,305,16,TP_HO_CHI_MINH,null,null,https://files.customs.gov.vn/CustomsCMS/TP_HO_CHI_MINH/2024/4/26/606.signed.pdf,https://www.customs.gov.vn/index.jsp?pageId=3&id=92935&cid=1294,2024,04/2024,2026-10-08T09:33:34Z
82,1127/HQHN-TVQT,22/04/2024,Cục Hải quan TP. Hà Nội,Báo giá trang phục cho lực lượng bảo vệ,92922,305,18,HA_NOI,null,null,https://files.customs.gov.vn/CustomsCMS/HA_NOI/2024/4/26/1127.pdf,https://www.customs.gov.vn/index.jsp?pageId=3&id=92922&cid=1294,2024,04/2024,2026-10-08T09:33:34Z
83,672/HQĐNa-VP,17/04/2024,Cục Hải quan tỉnh Đồng Nai,V/v Thông báo trực nghỉ lễ Giổ Tổ Hùng Vương và nghỉ lễ 30/4-1/5 năm 2024 (Các doanh nghiệp),92621,305,16,DONG_NAI,null,null,https://files.customs.gov.vn/CustomsCMS/DONG_NAI/2024/4/17/672_HQDNa_VP_17_04_2024.pdf,https://www.customs.gov.vn/index.jsp?pageId=3&id=92621&cid=1294,2024,04/2024,2026-10-08T09:33:34Z
84,1439/TB-HQQN,15/04/2024,Cục Hải quan tỉnh Quảng Ninh,V/v lựa chọn tổ chức đấu giá tài sản,92595,305,19,QUANG_NINH,Phạm Quốc Hưng,15/04/2024,https://files.customs.gov.vn/CustomsCMS/QUANG_NINH/2024/4/16/CBL thong bao bán hàng.pdf,https://www.customs.gov.vn/index.jsp?pageId=3&id=92595&cid=1294,2024,04/2024,2026-10-08T09:33:34Z
85,215 /QĐ-HQNA,15/04/2024,Cục Hải quan tỉnh Nghệ An,"V/v công nhận địa điểm kiểm tra hàng hóa tại cơ sở sản xuất, nhà máy",92596,305,10,NGHE_AN,Nguyễn Thành Trung,15/04/2024,https://files.customs.gov.vn/CustomsCMS/NGHE_AN/2024/4/16/215-QĐ-HQNA.pdf,https://www.customs.gov.vn/index.jsp?pageId=3&id=92596&cid=1294,2024,04/2024,2026-10-08T09:33:34Z
86,1584/TCHQ-GSQL,12/04/2024,Tổng cục Hải quan,"Xuất khẩu tinh dầu quế làm thực phẩm, đồ uống, gia vị.",92460,305,16,TONG_CUC,null,null,https://files.customs.gov.vn/CustomsCMS/TONG_CUC/2024/4/12/1584.TCHQ.GSQL.XK Tinh dau Que.pdf,https://www.customs.gov.vn/index.jsp?pageId=3&id=92460&cid=1294,2024,04/2024,2026-10-08T09:33:34Z
87,15/KTNN-TT,11/04/2024,Kho bạc Nhà nước,Cung cấp danh sách các NHTM nơi KBNN mờ tài khoản,92672,305,16,TONG_CUC,Hoàng Trung Lương,null,https://files.customs.gov.vn/CustomsCMS/TONG_CUC/2024/4/19/15 CUC KE TOAN NN.pdf,https://www.customs.gov.vn/index.jsp?pageId=3&id=92672&cid=1294,2024,04/2024,2026-10-08T09:33:34Z
88,235/TB-KS1,10/04/2024,Đội KSHQ số 1,Thông báo kết quả lựa chọn tổ chức đấu giá tài sản,92399,305,19,QUANG_NINH,Kiểu Văn Ninh,10/04/2024,https://files.customs.gov.vn/CustomsCMS/QUANG_NINH/2024/4/12/KS 1 thong bao T4.pdf,https://www.customs.gov.vn/index.jsp?pageId=3&id=92399&cid=1294,2024,04/2024,2026-10-08T09:33:34Z
89,525/HQQNg-VP,10/04/2024,Cục Hải quan tỉnh Quảng Ngãi,"Tiếp tục triển khai có hiệu quả nhiệm vụ cải cách TTHC, cải thiện môi trường kinh doanh, siết chặt kỷ luật, kỷ cương, nâng cao hiệu quả tư vấn chính sách năm 2024",92367,305,16,QUANG_NGAI,Huỳnh Văn Cường,10/04/2024,https://files.customs.gov.vn/CustomsCMS/QUANG_NGAI/2024/4/11/525_HQQNG_VP.pdf,https://www.customs.gov.vn/index.jsp?pageId=3&id=92367&cid=1294,2024,04/2024,2026-10-08T09:33:34Z
90,147/TB-HQĐNa,09/04/2024,Trường Hải quan Việt Nam,"V/v Tổ chức lớp ""Bồi dưỡng kiến thức về xử phạt vi phạm hành chính trong lĩnh vực hải quan dành cho cộng đồng doanh nghiệp"" theo hình thức tuyển khóa 01 năm 2024 (mã lớp: HQVPHC01/2024)",92500,305,19,DONG_NAI,null,null,https://files.customs.gov.vn/CustomsCMS/DONG_NAI/2024/4/15/147_TB_THQVN_09_04_2024.PDF,https://www.customs.gov.vn/index.jsp?pageId=3&id=92500&cid=1294,2024,04/2024,2026-10-08T09:33:34Z
91,121/QĐ-HQKH,04/04/2024,Cục Hải quan tỉnh Khánh Hòa,"Quyết định công khai tình hình thực hiện dự toán thu, chi NSNN Quý I năm 2024 của Cục Hải quan tỉnh Khánh Hòa",93342,305,10,KHANH_HOA,null,null,https://files.customs.gov.vn/CustomsCMS/KHANH_HOA/2024/5/8/121_QD cong khai du toan Q1_2024.pdf,https://www.customs.gov.vn/index.jsp?pageId=3&id=93342&cid=1294,2024,04/2024,2026-10-08T09:33:34Z
92,218/TB-KS1,04/04/2024,Đội KSHQ số 1,Thông báo về việc lựa chọn đơn vị tổ chức đấu giá,92279,305,19,QUANG_NINH,Kiểu Văn Ninh,04/04/2024,https://files.customs.gov.vn/CustomsCMS/QUANG_NINH/2024/4/8/KS 1 TB lua chon to chuc dau gia.pdf,https://www.customs.gov.vn/index.jsp?pageId=3&id=92279&cid=1294,2024,04/2024,2026-10-08T09:33:34Z
93,2971/TB-HQHP ngày 04/4/2024,04/04/2024,Cục Hải quan thành phố Hải Phòng,Thông báo lựa chọn tổ chức đấu giá tài sản,92299,305,19,HAI_PHONG,null,04/04/2024,"https://files.customs.gov.vn/CustomsCMS/HAI_PHONG/2024/4/9/412Tiêu+chí+lựa+chọn+tổ+chức+đấu+giá+tài+sản.docx,/CustomsCMS/HAI_PHONG/2024/4/9/9thông+báo+lựa+chọn+tổ+chức+đấu+giá.pdf",https://www.customs.gov.vn/index.jsp?pageId=3&id=92299&cid=1294,2024,04/2024,2026-10-08T09:33:34Z
94,14/KTNN-TT,03/04/2024,Kho bạc Nhà nước,Cung cấp danh sách các NHTM nơi KBNN mở tài khoản,92289,305,16,TONG_CUC,Hoàng Trung Lương,null,https://files.customs.gov.vn/CustomsCMS/TONG_CUC/2024/4/10/15784_14-CUC KE TOAN NHA NUOC.pdf,https://www.customs.gov.vn/index.jsp?pageId=3&id=92289&cid=1294,2024,04/2024,2026-10-08T09:33:34Z
95,946/TB-HQHN,03/04/2024,Cục Hải quan TP. Hà Nội,Về việc lựa chọn tổ chức đấu giá tài sản,92769,305,19,HA_NOI,null,null,https://files.customs.gov.vn/CustomsCMS/HA_NOI/2024/4/23/946.pdf,https://www.customs.gov.vn/index.jsp?pageId=3&id=92769&cid=1294,2024,04/2024,2026-10-08T09:33:34Z
96,119/QĐ-HQHT,01/04/2024,Cục Hải quan tỉnh Hà Tĩnh,Quyết định về việc công khai tình hình thực hiện dự toán quý I năm 2024 của Cục Hải quan tỉnh Hà Tĩnh,96789,305,10,HA_TINH,Đ/c Bùi Thanh San - Cục trưởng,01/04/2024,https://files.customs.gov.vn/CustomsCMS/HA_TINH/2024/9/23/119 QĐ.signed.pdf,https://www.customs.gov.vn/index.jsp?pageId=3&id=96789&cid=1294,2024,04/2024,2026-10-08T09:33:34Z
97,137/TB-THQVN,01/04/2024,Trường Hải quan Việt Nam,V/v Tổ chức Lớp đào tạo nghiệp vụ hải quan cơ bản theo hình thức trực tuyến khóa 03 năm 2024,92112,305,19,DONG_NAI,null,null,https://files.customs.gov.vn/CustomsCMS/DONG_NAI/2024/4/5/137_TB_THQVN_01_04_2024.PDF,https://www.customs.gov.vn/index.jsp?pageId=3&id=92112&cid=1294,2024,04/2024,2026-10-08T09:33:34Z
98,1170/TB-HQTN,30/05/2024,Cục Hải quan tỉnh Tây Ninh,Về việc bán thanh lý tài sản công thanh lý,94541,305,19,TAY_NINH,Phan Văn Vũ,30/05/2024,"https://files.customs.gov.vn/CustomsCMS/TAY_NINH/2024/6/3/520-QD-HQTN.pdf,/CustomsCMS/TAY_NINH/2024/6/3/1170-TB-HQTN.signed.pdf",https://www.customs.gov.vn/index.jsp?pageId=3&id=94541&cid=1294,2024,05/2024,2026-10-08T09:33:34Z
99,1562/HQTPHCM-CNTT,30/05/2024,Cục Hải quan TP. Hồ Chí Minh,V/v cung cấp bảng báo giá,94575,305,19,TP_HO_CHI_MINH,null,null,https://files.customs.gov.vn/CustomsCMS/TP_HO_CHI_MINH/2024/6/4/1562.signed.pdf,https://www.customs.gov.vn/index.jsp?pageId=3&id=94575&cid=1294,2024,05/2024,2026-10-08T09:33:34Z
100,06/TB-NVKHQ,29/05/2024,Hội đồng thi cấp chứng chỉ NVKHQ,"V/v Thông báo danh sách phòng thi, lịch thi, ca thi của thí sinh tham dự Kỳ thi cấp chứng chỉ nghiệp vụ khai hải quan năm 2024 Kỳ 1 năm 2024 tại Trường Hải quan",94555,305,19,DONG_NAI,null,null,https://files.customs.gov.vn/CustomsCMS/DONG_NAI/2024/6/3/06_TB_NVKHQ_29_05_2024.pdf,https://www.customs.gov.vn/index.jsp?pageId=3&id=94555&cid=1294,2024,05/2024,2026-10-08T09:33:34Z
101,27/KTNN-TT,29/05/2024,Kho bạc Nhà nước,cung cấp danh sách các NHTM nơi KBNN mở tài khoản,94483,305,16,TONG_CUC,Hoàng Trung Lương,null,https://files.customs.gov.vn/CustomsCMS/TONG_CUC/2024/5/31/27-KTNN.pdf,https://www.customs.gov.vn/index.jsp?pageId=3&id=94483&cid=1294,2024,05/2024,2026-10-08T09:33:34Z
102,350/TB-KS1,29/05/2024,Đội KSHQ số 1,Thông báo về việc lựa chọn đơn vị tổ chức đấu giá,94415,305,19,QUANG_NINH,Kiểu Văn Ninh,29/05/2024,https://files.customs.gov.vn/CustomsCMS/QUANG_NINH/2024/5/30/KS 1 thong báo 29.5.pdf,https://www.customs.gov.vn/index.jsp?pageId=3&id=94415&cid=1294,2024,05/2024,2026-10-08T09:33:34Z
103,299/TB-THQVN,27/05/2024,Trường Hải quan Việt Nam,V/v Tổ chức Lớp đào tạo nghiệp vụ hải quan cơ bản theo hình thực trực tuyến khóa 05 năm 2024,94515,305,19,DONG_NAI,null,null,https://files.customs.gov.vn/CustomsCMS/DONG_NAI/2024/6/3/299_TB_THQVN_27_05_2024.pdf,https://www.customs.gov.vn/index.jsp?pageId=3&id=94515&cid=1294,2024,05/2024,2026-10-08T09:33:34Z
104,296/TB-THQVN,24/05/2024,Trường Hải quan Việt Nam,"V/v Tổ chức lớp bồi dưỡng kiến thức về chính sách mặt hàng và quản lý chuyên ngành đối với hàng hóa xuất nhập khẩu dành cho cộng đồng doanh nghiệp"" theo hình thức trực tuyến khóa 01 năm 2024",94456,305,19,DONG_NAI,null,null,https://files.customs.gov.vn/CustomsCMS/DONG_NAI/2024/5/31/296_TB_THQVN_24_05_2024.pdf,https://www.customs.gov.vn/index.jsp?pageId=3&id=94456&cid=1294,2024,05/2024,2026-10-08T09:33:34Z
105,878/HQĐNa-GSQL,17/05/2024,Cục Hải quan tỉnh Đồng Nai,"V/v Công nhận địa điểm kiểm tra tại chân công trình hoặc cơ sở sản xuất, nhà máy (Các doanh nghiệp)",94035,305,16,DONG_NAI,null,null,https://files.customs.gov.vn/CustomsCMS/DONG_NAI/2024/5/17/878_HQDNa_GSQL_17_05_2024.pdf,https://www.customs.gov.vn/index.jsp?pageId=3&id=94035&cid=1294,2024,05/2024,2026-10-08T09:33:34Z
106,270/TB-THQVN,16/05/2024,Trường Hải quan Việt Nam,"V/v Tổ chức lớp ""Những vấn đề doanh nghiệp cần biết để làm chủ kỹ năng phân loại, xác định mã số hàng hóa, giảm thiểu rủi ro khi thực hiện thủ tục hải quan"" theo hình thức trực tuyến kháo 01 năm 2024 (mã lớp: HQPL01/2024)",94004,305,16,DONG_NAI,null,null,https://files.customs.gov.vn/CustomsCMS/DONG_NAI/2024/5/21/270_TB_THQVN_16_05_2024.pdf,https://www.customs.gov.vn/index.jsp?pageId=3&id=94004&cid=1294,2024,05/2024,2026-10-08T09:33:34Z
107,1180/QĐ-TCHQ,14/05/2024,Tổng cục Hải quan,Chứng nhận đủ điều kiện kinh doanh hàng miễn thuế,94145,305,10,TONG_CUC,null,null,https://files.customs.gov.vn/CustomsCMS/TONG_CUC/2024/5/22/1180. Du Dk KD hang Mien thue.pdf,https://www.customs.gov.vn/index.jsp?pageId=3&id=94145&cid=1294,2024,05/2024,2026-10-08T09:33:34Z
108,1168/TB-HQBRVT,13/05/2024,Cục Hải quan Tỉnh BRVT,Thông báo về việc tuyển dụng hợp đồng lao động,93758,305,19,BA_RIA_VUNG_TAU,null,null,https://files.customs.gov.vn/CustomsCMS/BA_RIA_VUNG_TAU/2024/5/15/1168_signed.pdf,https://www.customs.gov.vn/index.jsp?pageId=3&id=93758&cid=1294,2024,05/2024,2026-10-08T09:33:34Z
109,2058/TCHQ-GSQL,13/05/2024,Cục Giám sát quản lý,V/v Hàng hóa XK loại hình E62 (Công ty CP đầu tư thương mại quốc tế Minh Vượng),93729,305,16,DONG_NAI,null,null,https://files.customs.gov.vn/CustomsCMS/DONG_NAI/2024/5/14/2058_TCHQ_GSQL_13_05_2024.PDF,https://www.customs.gov.vn/index.jsp?pageId=3&id=93729&cid=1294,2024,05/2024,2026-10-08T09:33:34Z
110,04/TB-NVKHQ,10/05/2024,Trường Hải quan Việt Nam,"V/v Thời gian tổ chức thi, Danh sách thí sinh đăng ký dự thi kỳ thi cấp chứng chỉ nghiệp vụ khai hải quan năm kỳ 1 năm 2024 tại Trường Hải quan Việt Nam",94255,305,19,DONG_NAI,null,null,https://files.customs.gov.vn/CustomsCMS/DONG_NAI/2024/5/24/04_TB_NVKHQ_10_05_2024.PDF,https://www.customs.gov.vn/index.jsp?pageId=3&id=94255&cid=1294,2024,05/2024,2026-10-08T09:33:34Z
111,377,10/05/2024,Phòng CBL&XLVP,Tài liệu Hội nghị Doanh nghiệp,93615,305,19,HA_NOI,null,null,"https://files.customs.gov.vn/CustomsCMS/HA_NOI/2024/5/10/PRESENTATION FOR Hội nghị DN 2024  10.5.2024 (1).part1.rar,/CustomsCMS/HA_NOI/2024/5/10/PRESENTATION FOR Hội nghị DN 2024  10.5.2024 (1).part2.rar,/CustomsCMS/HA_NOI/2024/5/10/PRESENTATION FOR Hội nghị DN 2024  10.5.2024 (1).part3.rar,/CustomsCMS/HA_NOI/2024/5/15/01. Bìa tài liệu HN DN 2024.doc,/CustomsCMS/HA_NOI/2024/5/15/03.Thư ngỏ.doc,/CustomsCMS/HA_NOI/2024/5/15/04. CHƯƠNG TRÌNH HỘI NGHỊ.docx,/CustomsCMS/HA_NOI/2024/5/15/05. QĐ 377 KE HOẠCH PBGDPL.pdf,/CustomsCMS/HA_NOI/2024/5/15/06. Một số văn bản liên quan.docx,/CustomsCMS/HA_NOI/2024/5/15/07. MAU PHIEU KHAO SAT.doc,/CustomsCMS/HA_NOI/2024/5/15/02.Danh mục Tài liệu Hội nghị HQDN lần 1 2024.docx",https://www.customs.gov.vn/index.jsp?pageId=3&id=93615&cid=1294,2024,05/2024,2026-10-08T09:33:34Z
112,1037/HQTN-CBL,09/05/2024,Cục Hải quan tỉnh Tây Ninh,"Triển khai, tuyên truyền các dự án Luật do Bộ Công an chủ trì soạn thảo",93576,305,19,TAY_NINH,Nguyễn Minh Trí,null,"https://files.customs.gov.vn/CustomsCMS/TAY_NINH/2024/5/10/1037-HQTN-CBL.signed.pdf,/CustomsCMS/TAY_NINH/2024/5/10/tailieutuyentruyen06duan.pdf",https://www.customs.gov.vn/index.jsp?pageId=3&id=93576&cid=1294,2024,05/2024,2026-10-08T09:33:34Z
113,1387/HQTPHCM-CNTT,09/05/2024,Cục Hải quan TP. Hồ Chí Minh,V/v cung cấp bảng báo giá,93875,305,16,TP_HO_CHI_MINH,Lã Việt Hùng,null,https://files.customs.gov.vn/CustomsCMS/TP_HO_CHI_MINH/2024/5/15/1387.signed.pdf,https://www.customs.gov.vn/index.jsp?pageId=3&id=93875&cid=1294,2024,05/2024,2026-10-08T09:33:34Z
114,1388/HQTPHCM-CNTT,09/05/2024,Cục Hải quan TP. Hồ Chí Minh,V/v cung cấp bảng báo giá,93876,305,16,TP_HO_CHI_MINH,Lã Việt Hùng,null,https://files.customs.gov.vn/CustomsCMS/TP_HO_CHI_MINH/2024/5/15/1388.signed.pdf,https://www.customs.gov.vn/index.jsp?pageId=3&id=93876&cid=1294,2024,05/2024,2026-10-08T09:33:34Z
115,1389/HQTPHCM-CNTT,09/05/2024,Cục Hải quan TP. Hồ Chí Minh,V/v cung cấp bảng báo giá,93877,305,16,TP_HO_CHI_MINH,Lã Việt Hùng,null,https://files.customs.gov.vn/CustomsCMS/TP_HO_CHI_MINH/2024/5/15/1389.signed.pdf,https://www.customs.gov.vn/index.jsp?pageId=3&id=93877&cid=1294,2024,05/2024,2026-10-08T09:33:34Z
116,1390/HQTPHCM-CNTT,09/05/2024,Cục Hải quan TP. Hồ Chí Minh,V/v cung cấp bảng báo giá,93878,305,16,TP_HO_CHI_MINH,Lã Việt Hùng,null,https://files.customs.gov.vn/CustomsCMS/TP_HO_CHI_MINH/2024/5/15/1390.signed.pdf,https://www.customs.gov.vn/index.jsp?pageId=3&id=93878&cid=1294,2024,05/2024,2026-10-08T09:33:34Z
117,35,09/05/2024,Ban Cải cách hiện đại hoá Hải quan,Phụ lục liên minh châu âu áp dụng hệ thống kiểm soát nhập khẩu (ICS2) giai đoạn 3 từ ngày 03/6/2024 (ban hành kèm theo công văn số 35/CCHĐH-CCNV ngày 09/5/2024 của Ban Cải cách hiện đại hoá Hải quan),93802,305,18,HA_GIANG,null,null,https://files.customs.gov.vn/CustomsCMS/HA_GIANG/2024/5/15/PL 35.pdf,https://www.customs.gov.vn/index.jsp?pageId=3&id=93802&cid=1294,2024,05/2024,2026-10-08T09:33:34Z
118,1779/TB-HQQN,08/05/2024,Cục Hải quan tỉnh Quảng Ninh,Thông báo kết quả lựa chọn tổ chức đấu giá tài sản,93518,305,19,QUANG_NINH,Phạm Quốc Hưng,08/05/2024,https://files.customs.gov.vn/CustomsCMS/QUANG_NINH/2024/5/9/TB ket qua dau gia.pdf,https://www.customs.gov.vn/index.jsp?pageId=3&id=93518&cid=1294,2024,05/2024,2026-10-08T09:33:34Z
119,1249/TB-HQHN,07/05/2024,Cục Hải quan TP. Hà Nội,Lựa chọn tổ chức bán đấu giá tài sản (lần 2),93757,305,19,HA_NOI,null,null,https://files.customs.gov.vn/CustomsCMS/HA_NOI/2024/5/15/1249.pdf,https://www.customs.gov.vn/index.jsp?pageId=3&id=93757&cid=1294,2024,05/2024,2026-10-08T09:33:34Z
120,1743/HQQN-CNTT,06/05/2024,Cục Hải quan tỉnh Quảng Ninh,V/v mời báo giá lập dự toán chi đầu tư ứng dụng CNTT năm 2025,93171,305,16,QUANG_NINH,Trương Ngọc Quảng,06/05/2024,https://files.customs.gov.vn/CustomsCMS/QUANG_NINH/2024/5/7/Cv 1743.HQQN.CNTT ngày 06.05.2024.pdf,https://www.customs.gov.vn/index.jsp?pageId=3&id=93171&cid=1294,2024,05/2024,2026-10-08T09:33:34Z
121,1744/HQQN-CNTT,06/05/2024,Cục Hải quan tỉnh Quảng Ninh,V/v mời báo giá lập dự toán chi đầu tư ứng dụng CNTT năm 2025,93275,305,18,QUANG_NINH,Trương Ngọc Quảng,06/05/2024,https://files.customs.gov.vn/CustomsCMS/QUANG_NINH/2024/5/7/Cv 1744.HQQN.CNTT ngày 06.05.2024.pdf,https://www.customs.gov.vn/index.jsp?pageId=3&id=93275&cid=1294,2024,05/2024,2026-10-08T09:33:34Z
122,1745/HQQN-CNTT,06/05/2024,Cục Hải quan tỉnh Quảng Ninh,V/v mời báo giá lập dự toán chi đầu tư ứng dụng CNTT năm 2025,93172,305,16,QUANG_NINH,Trương Ngọc Quảng,06/05/2024,https://files.customs.gov.vn/CustomsCMS/QUANG_NINH/2024/5/7/1745.pdf,https://www.customs.gov.vn/index.jsp?pageId=3&id=93172&cid=1294,2024,05/2024,2026-10-08T09:33:34Z
123,1759/HQQN-CNTT,06/05/2024,Cục Hải quan tỉnh Quảng Ninh,V/v mời báo giá lập dự toán chi đầu tư ứng dụng CNTT năm 2025,93162,305,16,QUANG_NINH,Trương Ngọc Quảng,06/05/2024,https://files.customs.gov.vn/CustomsCMS/QUANG_NINH/2024/5/7/Moi bao gia 1.pdf,https://www.customs.gov.vn/index.jsp?pageId=3&id=93162&cid=1294,2024,05/2024,2026-10-08T09:33:34Z
124,70/TB-HQĐNa,04/05/2024,Cục Hải quan tỉnh Đồng Nai,V/v Ngừng sử dụng Danh mục miễn thuế (Công ty TNHH Ecolab Việt Nam),93115,305,19,DONG_NAI,null,null,https://files.customs.gov.vn/CustomsCMS/DONG_NAI/2024/5/6/70_TB_HQDNa_04_05_2024.pdf,https://www.customs.gov.vn/index.jsp?pageId=3&id=93115&cid=1294,2024,05/2024,2026-10-08T09:33:34Z
125,1877/TCHQ-TXNK,03/05/2024,Tổng cục Hải quan,Trao đổi thông tin hàng hóa,93155,305,16,TONG_CUC,Hoàng Việt Cường,null,https://files.customs.gov.vn/CustomsCMS/TONG_CUC/2024/5/6/1877.pdf,https://www.customs.gov.vn/index.jsp?pageId=3&id=93155&cid=1294,2024,05/2024,2026-10-08T09:33:34Z
126,231/TB-THQVN,03/05/2024,Trường Hải quan Việt Nam,V/v Tổ chức Khóa đào tạo bổ sung kiến thức pháp luật hải quan dành cho nhân viên đại lý làm thủ tục hải quan theo hình thức trực tuyến khóa 02 năm 2024 (HQCN02/2024),93519,305,19,DONG_NAI,null,null,https://files.customs.gov.vn/CustomsCMS/DONG_NAI/2024/5/9/231_TB_THQVN_03_05_2024.pdf,https://www.customs.gov.vn/index.jsp?pageId=3&id=93519&cid=1294,2024,05/2024,2026-10-08T09:33:34Z
127,333/QĐ-HQNA,28/06/2024,Cục Hải quan tỉnh Nghệ An,"Quyết định về việc gia hạn thời hạn hiệu lực của Quyết định công nhận địa điểm kiểm tra hàng hóa tại cơ sở sản xuất, nhà máy",95419,305,10,NGHE_AN,Nguyễn Thành Trung,28/06/2024,https://files.customs.gov.vn/CustomsCMS/NGHE_AN/2024/7/4/333-QĐ.pdf,https://www.customs.gov.vn/index.jsp?pageId=3&id=95419&cid=1294,2024,06/2024,2026-10-08T09:33:34Z
128,2452/TB-HQQN,26/06/2024,Cục Hải quan tỉnh Quảng Ninh,Thông báo kết quả lựa chọn tổ chức đấu giá tài sản,95255,305,19,QUANG_NINH,Phạm Quốc Hưng,26/06/2024,https://files.customs.gov.vn/CustomsCMS/QUANG_NINH/2024/6/27/Cục HQQN TB.26.6.pdf,https://www.customs.gov.vn/index.jsp?pageId=3&id=95255&cid=1294,2024,06/2024,2026-10-08T09:33:34Z
129,3037/TCHQ-TXNK,26/06/2024,Cục Thuế xuất nhập khẩu,V/v Thuế GTGT hóa chất cơ bản và sản phẩm hóa chất (Công ty Cổ phần Stromann),95316,305,16,DONG_NAI,null,null,https://files.customs.gov.vn/CustomsCMS/DONG_NAI/2024/6/28/3037_TCHQ_TXNK_26_06_2024.PDF,https://www.customs.gov.vn/index.jsp?pageId=3&id=95316&cid=1294,2024,06/2024,2026-10-08T09:33:34Z
130,327/QĐ-HQNA,25/06/2024,Cục Hải quan tỉnh Nghệ An,"Quyết định về việc công nhận địa điểm kiểm tra hàng hóa tại cơ sở sản xuất, nhà máy",95456,305,10,NGHE_AN,Nguyễn Thành Trung,25/06/2024,https://files.customs.gov.vn/CustomsCMS/NGHE_AN/2024/7/4/327-QĐ.pdf,https://www.customs.gov.vn/index.jsp?pageId=3&id=95456&cid=1294,2024,06/2024,2026-10-08T09:33:34Z
131,36/KTNN-TT,25/06/2024,Kho bạc Nhà nước,Cung cấp danh sách NNTM nơi KBNN mở tài khoản,95279,305,16,TONG_CUC,Hoàng Trung Lương,null,https://files.customs.gov.vn/CustomsCMS/TONG_CUC/2024/6/28/36-KTNN.pdf,https://www.customs.gov.vn/index.jsp?pageId=3&id=95279&cid=1294,2024,06/2024,2026-10-08T09:33:34Z
132,2422/HQQN-TVQT,24/06/2024,Cục Hải quan tỉnh Quảng Ninh,V/v mời thẩm định giá tài sản thanh lý,95135,305,16,QUANG_NINH,Vũ Quý Hưng,24/06/2024,https://files.customs.gov.vn/CustomsCMS/QUANG_NINH/2024/6/24/HQQN moi tham dinh gia TS.pdf,https://www.customs.gov.vn/index.jsp?pageId=3&id=95135&cid=1294,2024,06/2024,2026-10-08T09:33:34Z
133,353/TB-THQVN,24/06/2024,Trường Hải quan Việt Nam,V/v Tổ chức Lớp đào tạo nghiệp vụ hải quan cơ bản theo hình thức trực tuyến khóa 06 năm 2024 (mã lớp HQCB06/2024),95297,305,19,DONG_NAI,null,null,https://files.customs.gov.vn/CustomsCMS/DONG_NAI/2024/6/27/353_TB_THQVN_24_06_2024.pdf,https://www.customs.gov.vn/index.jsp?pageId=3&id=95297&cid=1294,2024,06/2024,2026-10-08T09:33:34Z
134,5551/TB-HQHP,24/06/2024,Cục Hải quan thành phố Hải Phòng,Thông báo lựa chọn tổ chức đấu giá,95120,305,19,HAI_PHONG,null,25/06/2024,https://files.customs.gov.vn/CustomsCMS/HAI_PHONG/2024/6/24/Thông báo lựa chọn tổ chức đấu giá.pdf,https://www.customs.gov.vn/index.jsp?pageId=3&id=95120&cid=1294,2024,06/2024,2026-10-08T09:33:34Z
135,1775/hqhn-tvqt,21/06/2024,Cục Hải quan TP. Hà Nội,Báo giá kiểm định thang máy,95355,305,19,HA_NOI,null,null,https://files.customs.gov.vn/CustomsCMS/HA_NOI/2024/7/1/1775.pdf,https://www.customs.gov.vn/index.jsp?pageId=3&id=95355&cid=1294,2024,06/2024,2026-10-08T09:33:34Z
136,33/2024/QH15,21/06/2024,Quốc Hội,Luật lưu trữ,98410,305,13,BA_RIA_VUNG_TAU,Trần Thanh Mẫn,null,https://files.customs.gov.vn/CustomsCMS/BA_RIA_VUNG_TAU/2025/1/15/LuatLuuTru2024.pdf,https://www.customs.gov.vn/index.jsp?pageId=3&id=98410&cid=1294,2024,06/2024,2026-10-08T09:33:34Z
137,2364/TB-HQQN,19/06/2024,Cục Hải quan tỉnh Quảng Ninh,Thông báo v/v lựa chọn tổ chức đấu giá tài sản,95012,305,19,QUANG_NINH,Trịnh Văn Nhuận,19/06/2024,https://files.customs.gov.vn/CustomsCMS/QUANG_NINH/2024/6/20/HQQN TB 19.6.pdf,https://www.customs.gov.vn/index.jsp?pageId=3&id=95012&cid=1294,2024,06/2024,2026-10-08T09:33:34Z
138,35/KTNN-TT,19/06/2024,Kho bạc Nhà nước,V/v cung cấp danh sách các NHTM nơi KBNN mở tài khoản,95176,305,16,TONG_CUC,Hoàng Trung Lương,24/06/2024,"https://files.customs.gov.vn/CustomsCMS/TONG_CUC/2024/6/25/35-KTTT.pdf,/CustomsCMS/TONG_CUC/2024/6/25/phuluc35.KTTT.pdf",https://www.customs.gov.vn/index.jsp?pageId=3&id=95176&cid=1294,2024,06/2024,2026-10-08T09:33:34Z
139,412/TB-KS1,18/06/2024,Đội KSHQ số 1,V/v thông báo kết quả lựa chọn tổ chức đấu giá tài sản,95014,305,19,QUANG_NINH,Kiểu Văn Ninh,18/06/2024,https://files.customs.gov.vn/CustomsCMS/QUANG_NINH/2024/6/20/KS1 TB 18.pdf,https://www.customs.gov.vn/index.jsp?pageId=3&id=95014&cid=1294,2024,06/2024,2026-10-08T09:33:34Z
140,413/TB-KS1,18/06/2024,Đội KSHQ số 1,V/v thông báo kết quả lựa chọn tổ chức đấu giá tài sản,95034,305,19,QUANG_NINH,Kiểu Văn Ninh,18/06/2024,https://files.customs.gov.vn/CustomsCMS/QUANG_NINH/2024/6/20/KS 1 TB 18.2.pdf,https://www.customs.gov.vn/index.jsp?pageId=3&id=95034&cid=1294,2024,06/2024,2026-10-08T09:33:34Z
141,207/QĐ-HQKH,14/06/2024,Cục Hải quan tỉnh Khánh Hòa,Quyết định ban hành Kế hoạch chuyển đổi số của Cục Hải quan tỉnh Khánh Hòa năm 2024,94828,305,10,KHANH_HOA,null,null,https://files.customs.gov.vn/CustomsCMS/KHANH_HOA/2024/6/17/207_QD ban hanh ke hoach chuyen doi so 2024.pdf,https://www.customs.gov.vn/index.jsp?pageId=3&id=94828&cid=1294,2024,06/2024,2026-10-08T09:33:34Z
142,383/TB-KS1,12/06/2024,Đội KSHQ số 1,Thông báo về việc lựa chọn đơn vị tổ chức đấu giá,94775,305,19,QUANG_NINH,Kiểu Văn Ninh,12/06/2024,https://files.customs.gov.vn/CustomsCMS/QUANG_NINH/2024/6/12/KS 1 TB ngay 12.6.1.pdf,https://www.customs.gov.vn/index.jsp?pageId=3&id=94775&cid=1294,2024,06/2024,2026-10-08T09:33:34Z
143,384/TB-KS1,12/06/2024,Đội KSHQ số 1,Thông báo về việc lựa chọn đơn vị tổ chức đấu giá,94776,305,19,QUANG_NINH,Kiểu Văn Ninh,12/06/2024,https://files.customs.gov.vn/CustomsCMS/QUANG_NINH/2024/6/12/KS1. TB 12.6.2.pdf,https://www.customs.gov.vn/index.jsp?pageId=3&id=94776&cid=1294,2024,06/2024,2026-10-08T09:33:34Z
144,381/TB-KS1,11/06/2024,Đội KSHQ số 1,Thông báo về việc lựa chọn đơn vị tổ chức đấu giá,94672,305,19,QUANG_NINH,Kiểu Văn Ninh,11/06/2024,https://files.customs.gov.vn/CustomsCMS/QUANG_NINH/2024/6/11/KS1 thong bao lua chon don vi dau gia.pdf,https://www.customs.gov.vn/index.jsp?pageId=3&id=94672&cid=1294,2024,06/2024,2026-10-08T09:33:34Z
145,5117/TB-HQHP,11/06/2024,Cục Hải quan thành phố Hải Phòng,THÔNG BÁO Về việc lựa chọn tổ chức đấu giá tài sản,94760,305,19,HAI_PHONG,Nguyễn Quang Huy,11/06/2024,https://files.customs.gov.vn/CustomsCMS/HAI_PHONG/2024/6/12/4605117_0001.pdf,https://www.customs.gov.vn/index.jsp?pageId=3&id=94760&cid=1294,2024,06/2024,2026-10-08T09:33:34Z
146,1166/KL-HQHNN,05/06/2024,Cục Hải quan Hà Nam Ninh,"về việc thanh tra việc chấp hành các quy định của pháp luật về hải quan, pháp luật về thuế tại Công ty TNHH sản xuất TMVN",94635,305,18,HA_NAM_NINH,null,05/06/2024,,https://www.customs.gov.vn/index.jsp?pageId=3&id=94635&cid=1294,2024,06/2024,2026-10-08T09:33:34Z
147,30/KTNN-TT,05/06/2024,Kho bạc Nhà nước,Cung cấp danh sách các NHTM nơi KBNN mở tài khoản,94639,305,16,TONG_CUC,Hoàng Trung Lương,11/06/2024,"https://files.customs.gov.vn/CustomsCMS/TONG_CUC/2024/6/6/30-KTTT.pdf,/CustomsCMS/TONG_CUC/2024/6/6/30-KTTT-PL.pdf",https://www.customs.gov.vn/index.jsp?pageId=3&id=94639&cid=1294,2024,06/2024,2026-10-08T09:33:34Z
148,31/KTNN-TT,05/06/2024,Kho bạc Nhà nước,Cung cấp danh sách các NHTM nơi KBNN mở tài khoản,94659,305,16,TONG_CUC,Hoàng Trung Lương,05/06/2024,"https://files.customs.gov.vn/CustomsCMS/TONG_CUC/2024/6/6/31-KTTT.pdf,/CustomsCMS/TONG_CUC/2024/6/6/31-KTTT-PL1.pdf,/CustomsCMS/TONG_CUC/2024/6/6/31-KTTT-PL2.pdf",https://www.customs.gov.vn/index.jsp?pageId=3&id=94659&cid=1294,2024,06/2024,2026-10-08T09:33:34Z
149,179/QĐ-HQKH,04/06/2024,Cục Hải quan tỉnh Khánh Hòa,"Quyết định về việc chấm dứt hiệu lực quyết định cưỡng chế thi hành quyết định hành chính về quản lý thuế bằng biện pháp dừng làm thủ tục hải quan đối với hàng hóa xuất khẩu, nhập khẩu",94565,305,10,KHANH_HOA,null,null,https://files.customs.gov.vn/CustomsCMS/KHANH_HOA/2024/6/4/179-QD_cham dut hieu luc cuong che.pdf,https://www.customs.gov.vn/index.jsp?pageId=3&id=94565&cid=1294,2024,06/2024,2026-10-08T09:33:34Z
150,365/TB-KS1,04/06/2024,Đội KSHQ số 1,Thông báo kết quả lựa chọn tổ chức đấu giá tài sản,94615,305,19,QUANG_NINH,Kiểu Văn Ninh,04/06/2024,https://files.customs.gov.vn/CustomsCMS/QUANG_NINH/2024/6/6/KS 1 thong bao 5.6.pdf,https://www.customs.gov.vn/index.jsp?pageId=3&id=94615&cid=1294,2024,06/2024,2026-10-08T09:33:34Z
151,100/TB-HQĐNa,03/06/2024,Cục Hải quan tỉnh Đồng Nai,V/v Lựa chọn Tổ chức đấu giá tài sản,94583,305,19,DONG_NAI,null,null,https://files.customs.gov.vn/CustomsCMS/DONG_NAI/2024/6/4/100_TB_HQDNa_03_06_2024.pdf,https://www.customs.gov.vn/index.jsp?pageId=3&id=94583&cid=1294,2024,06/2024,2026-10-08T09:33:34Z
152,101/TB-HQĐNa,03/06/2024,Cục Hải quan tỉnh Đồng Nai,V/v Lựa chọn Tổ chức đấu giá tài sản,94584,305,19,DONG_NAI,null,null,https://files.customs.gov.vn/CustomsCMS/DONG_NAI/2024/6/4/101_TB_HQDNa_03_06_2024.pdf,https://www.customs.gov.vn/index.jsp?pageId=3&id=94584&cid=1294,2024,06/2024,2026-10-08T09:33:34Z
153,99/TB-HQĐNa,03/06/2024,Cục Hải quan tỉnh Đồng Nai,V/v Lựa chọn Tổ chức đấu giá tài sản,94582,305,19,DONG_NAI,null,null,https://files.customs.gov.vn/CustomsCMS/DONG_NAI/2024/6/4/99_TB_HQDNa_03_06_2024.pdf,https://www.customs.gov.vn/index.jsp?pageId=3&id=94582&cid=1294,2024,06/2024,2026-10-08T09:33:34Z
154,1524/TBXC-HQCM,30/07/2024,Chi Cục Hải quan Cái Mép,Về việc hủy bỏ tạm xuất cảnh,96179,"381, 305",19,BA_RIA_VUNG_TAU,null,null,https://files.customs.gov.vn/CustomsCMS/BA_RIA_VUNG_TAU/2024/8/2/1524 - tbxc-hqcm 30-07-24 09.43.pdf,https://www.customs.gov.vn/index.jsp?pageId=3&id=96179&cid=1294,2024,07/2024,2026-10-08T09:33:34Z
155,1483/QĐ-HQHP,26/07/2024,Cục Hải quan thành phố Hải Phòng,Quyết định công bố công khai quyết toán chi ngân sách nhà nước năm 2023,96178,305,10,HAI_PHONG,Trần Mạnh Hùng,null,https://files.customs.gov.vn/CustomsCMS/HAI_PHONG/2024/8/2/1483QĐHQHP_0001.pdf,https://www.customs.gov.vn/index.jsp?pageId=3&id=96178&cid=1294,2024,07/2024,2026-10-08T09:33:34Z
156,408/TB-THQVN,26/07/2024,Trường Hải quan Việt Nam,V/v Tổ chức Khóa đào tạo bổ sung kiến thức pháp luật hải quan dành cho nhân viên đại lý làm thủ tục hải quan theo hình thức trực tuyến khóa 04 năm 2024,96221,305,19,DONG_NAI,null,null,https://files.customs.gov.vn/CustomsCMS/DONG_NAI/2024/8/5/408_TB_THQVN_26_07_2024.pdf,https://www.customs.gov.vn/index.jsp?pageId=3&id=96221&cid=1294,2024,07/2024,2026-10-08T09:33:34Z
157,2129/HQTPHCM-CNTT,25/07/2024,Cục Hải quan TP. Hồ Chí Minh,V/v cung cấp bảng báo giá,96116,305,16,TP_HO_CHI_MINH,null,null,https://files.customs.gov.vn/CustomsCMS/TP_HO_CHI_MINH/2024/8/1/2129.signed.pdf,https://www.customs.gov.vn/index.jsp?pageId=3&id=96116&cid=1294,2024,07/2024,2026-10-08T09:33:34Z
158,2130/HQTPHCM-CNTT,25/07/2024,Cục Hải quan TP. Hồ Chí Minh,V/v cung cấp bảng báo giá,96117,305,16,TP_HO_CHI_MINH,null,null,https://files.customs.gov.vn/CustomsCMS/TP_HO_CHI_MINH/2024/8/1/2130.signed.pdf,https://www.customs.gov.vn/index.jsp?pageId=3&id=96117&cid=1294,2024,07/2024,2026-10-08T09:33:34Z
159,2131/HQTPHCM-CNTT,25/07/2024,Cục Hải quan TP. Hồ Chí Minh,V/v cung cấp bảng báo giá,96098,305,16,TP_HO_CHI_MINH,null,null,https://files.customs.gov.vn/CustomsCMS/TP_HO_CHI_MINH/2024/8/1/2131.signed.pdf,https://www.customs.gov.vn/index.jsp?pageId=3&id=96098&cid=1294,2024,07/2024,2026-10-08T09:33:34Z
160,2132/HQTPHCM-CNTT,25/07/2024,Cục Hải quan TP. Hồ Chí Minh,V/v cung cấp bảng báo giá,96119,305,16,TP_HO_CHI_MINH,null,null,https://files.customs.gov.vn/CustomsCMS/TP_HO_CHI_MINH/2024/8/1/2132.signed.pdf,https://www.customs.gov.vn/index.jsp?pageId=3&id=96119&cid=1294,2024,07/2024,2026-10-08T09:33:34Z
161,2133/HQTPHCM-CNTT,25/07/2024,Cục Hải quan TP. Hồ Chí Minh,V/v cung cấp bảng báo giá,96099,305,16,TP_HO_CHI_MINH,null,null,https://files.customs.gov.vn/CustomsCMS/TP_HO_CHI_MINH/2024/8/1/2133.signed.pdf,https://www.customs.gov.vn/index.jsp?pageId=3&id=96099&cid=1294,2024,07/2024,2026-10-08T09:33:34Z
162,360 /QĐ-HQNA,23/07/2024,Cục Hải quan tỉnh Nghệ An,"Về việc gia hạn thời hạn hiệu lực của Quyết định công nhận địa điểm kiểm tra hàng hóa tại cơ sở sản xuất, nhà máy",95996,305,10,NGHE_AN,Nguyễn Thành Trung,null,https://files.customs.gov.vn/CustomsCMS/NGHE_AN/2024/7/26/360-QĐ.pdf,https://www.customs.gov.vn/index.jsp?pageId=3&id=95996&cid=1294,2024,07/2024,2026-10-08T09:33:34Z
163,11/TB-NVKHQ,22/07/2024,Trường Hải quan Việt Nam,"V/v Thông báo danh sách phòng thi, lịch thi, ca thi của thí sinh tham dự Kỳ thi cấp chứng chỉ nghiệp vụ khai hải quan kỳ 2 năm 2024 khu vực phía Nam",96056,305,19,DONG_NAI,null,null,https://files.customs.gov.vn/CustomsCMS/DONG_NAI/2024/7/30/11_TB_NVKHQ_22_07_2024.pdf,https://www.customs.gov.vn/index.jsp?pageId=3&id=96056&cid=1294,2024,07/2024,2026-10-08T09:33:34Z
164,400/TB-THQVN,22/07/2024,Trường Hải quan Việt Nam,V/v Tổ chức Lớp đào tạo nghiệp vụ hải quan cơ bản theo hình thức trực tuyến khóa 07 năm 2024,96057,305,19,DONG_NAI,null,null,https://files.customs.gov.vn/CustomsCMS/DONG_NAI/2024/7/30/400_TB_THQVN_22_07_2024.pdf,https://www.customs.gov.vn/index.jsp?pageId=3&id=96057&cid=1294,2024,07/2024,2026-10-08T09:33:34Z
165,Quyết định 359 /QĐ-HQNA,22/07/2024,Cục Hải quan tỉnh Nghệ An,"Quyết định về việc gia hạn thời hiệu lực của Quyết định công nhận địa điểm kiểm tra hàng hóa tại cơ sở sản xuất, nhà máy",95980,305,10,NGHE_AN,Nguyễn Thành Trung,22/07/2024,https://files.customs.gov.vn/CustomsCMS/NGHE_AN/2024/7/24/359-QĐ.pdf,https://www.customs.gov.vn/index.jsp?pageId=3&id=95980&cid=1294,2024,07/2024,2026-10-08T09:33:34Z
166,Quyết định 356 /QĐ-HQNA,19/07/2024,Cục Hải quan tỉnh Nghệ An,"Công nhận địa điểm kiểm tra hàng hóa tại cơ sở sản xuất, nhà máy",95954,305,10,NGHE_AN,Nguyễn Thành Trung,19/07/2024,https://files.customs.gov.vn/CustomsCMS/NGHE_AN/2024/7/24/356-QĐ.pdf,https://www.customs.gov.vn/index.jsp?pageId=3&id=95954&cid=1294,2024,07/2024,2026-10-08T09:33:34Z
167,227/QĐ-HQKH,18/07/2024,Cục Hải quan tỉnh Khánh Hòa,"Quyết định sửa đổi, bổ sung Kế hoạch chuyển đổi số Cục Hải quan tỉnh Khánh Hòa đến năm 2025, định hướng đến năm 2030",95906,305,10,KHANH_HOA,null,null,https://files.customs.gov.vn/CustomsCMS/KHANH_HOA/2024/7/19/227_QDsuadoi_bosung_KHCDS_2025_2030.pdf,https://www.customs.gov.vn/index.jsp?pageId=3&id=95906&cid=1294,2024,07/2024,2026-10-08T09:33:34Z
168,228/QĐ-HQKH,18/07/2024,Cục Hải quan tỉnh Khánh Hòa,"Quyết định sửa đổi, bổ sung Kế hoạch chuyển đổi số Cục Hải quan tỉnh Khánh Hòa năm 2024",95907,305,10,KHANH_HOA,null,null,https://files.customs.gov.vn/CustomsCMS/KHANH_HOA/2024/7/19/228_QDsuadoi_bosung_KHCDS_2024.pdf,https://www.customs.gov.vn/index.jsp?pageId=3&id=95907&cid=1294,2024,07/2024,2026-10-08T09:33:34Z
169,226/QĐ-HQKH,17/07/2024,Cục Hải quan tỉnh Khánh Hòa,Quyết định công bố công khai quyết toán chi NSNN năm 2023 của Cục Hải quan tỉnh Khánh Hòa,96036,305,10,KHANH_HOA,null,null,https://files.customs.gov.vn/CustomsCMS/KHANH_HOA/2024/7/29/226_QD_cong_khai_quyet_toan_NSNN2023.pdf,https://www.customs.gov.vn/index.jsp?pageId=3&id=96036&cid=1294,2024,07/2024,2026-10-08T09:33:34Z
170,345 /QĐ-HQNA,16/07/2024,Cục Hải quan tỉnh Nghệ An,"Quyết định về việc gia hạn thời hạn hiệu lực của Quyết định công nhận địa điểm kiểm tra hàng hóa tại cơ sở sản xuất, nhà máy",95836,305,10,NGHE_AN,Nguyễn Thành Trung,16/07/2024,https://files.customs.gov.vn/CustomsCMS/NGHE_AN/2024/7/17/345-QĐ.pdf,https://www.customs.gov.vn/index.jsp?pageId=3&id=95836&cid=1294,2024,07/2024,2026-10-08T09:33:34Z
171,346/QĐ-HQNA,16/07/2024,Cục Hải quan tỉnh Nghệ An,"Quyết định về việc gia hạn thời hạn hiệu lực của Quyết định công nhận địa điểm kiểm tra hàng hóa tại cơ sở sản xuất, nhà máy",95837,305,10,NGHE_AN,Nguyễn Thành Trung,16/07/2024,https://files.customs.gov.vn/CustomsCMS/NGHE_AN/2024/7/17/346-QĐ.pdf,https://www.customs.gov.vn/index.jsp?pageId=3&id=95837&cid=1294,2024,07/2024,2026-10-08T09:33:34Z
172,386/TB-THQVN,15/07/2024,Trường Hải quan Việt Nam,"V/v Tổ chức lớp bồi dưỡng chuyên sâu ""Nâng cao hiểu biết về thủ tục hải quan, chính sách thuế đối với hàng gia công, sản xuất xuất khẩu, xuất nhập khẩu tại chỗ"" dành cho cộng đồng doanh nghiệp khu vực phía Bắc theo hình thức trực tiếp khóa 01 năm 2024",95896,305,19,DONG_NAI,null,null,https://files.customs.gov.vn/CustomsCMS/DONG_NAI/2024/7/19/386_TB_THQVN_15_07_2024.pdf,https://www.customs.gov.vn/index.jsp?pageId=3&id=95896&cid=1294,2024,07/2024,2026-10-08T09:33:34Z
173,6227/TB-HQHP,15/07/2024,Cục Hải quan thành phố Hải Phòng,Thông báo kết quả lựa chọn tổ chức đấu giá tài sản,95785,305,19,HAI_PHONG,null,null,https://files.customs.gov.vn/CustomsCMS/HAI_PHONG/2024/7/16/TB lựa chọn nhà thầu.pdf,https://www.customs.gov.vn/index.jsp?pageId=3&id=95785&cid=1294,2024,07/2024,2026-10-08T09:33:34Z
174,10/TB-THQVN,11/07/2024,Trường Hải quan Việt Nam,"V/v Thời gian tổ chức thi, Danh sách thí sinh đăng ký dự thi kỳ thi cấp chứng chỉ nghiệp vụ khai hải quan kỳ 2 năm 2024 địa điểm phía Nam",95865,305,19,DONG_NAI,null,null,https://files.customs.gov.vn/CustomsCMS/DONG_NAI/2024/7/19/10_TB_NVKHQ_11_07_2024.pdf,https://www.customs.gov.vn/index.jsp?pageId=3&id=95865&cid=1294,2024,07/2024,2026-10-08T09:33:34Z
175,231/QĐ-HQHT,11/07/2024,Cục Hải quan tỉnh Hà Tĩnh,Quyết định về việc công bố công khai tình hình thực hiện dự toán quý II năm 2024 của Cục Hải quan tỉnh Hà Tĩnh,96786,305,10,HA_TINH,Đ/c Bùi Thanh San - Cục trưởng,11/07/2024,https://files.customs.gov.vn/CustomsCMS/HA_TINH/2024/9/23/221596_231 QĐ_0001.signed.pdf,https://www.customs.gov.vn/index.jsp?pageId=3&id=96786&cid=1294,2024,07/2024,2026-10-08T09:33:34Z
176,232/QĐ-HQHT,11/07/2024,Cục Hải quan tỉnh Hà Tĩnh,Quyết định về việc công bố công khai tình hình thực hiện dự toán 06 tháng đầu năm 2024 của Cục Hải quan tỉnh Hà Tĩnh,96785,305,10,HA_TINH,Đ/c Bùi Thanh San - Cục trưởng,11/07/2024,https://files.customs.gov.vn/CustomsCMS/HA_TINH/2024/9/23/221598_232 QĐ_0001.signed.pdf,https://www.customs.gov.vn/index.jsp?pageId=3&id=96785&cid=1294,2024,07/2024,2026-10-08T09:33:34Z
177,1400/QĐ-HQHP,10/07/2024,Cục Hải quan thành phố Hải Phòng,"Quyết định về việc công bố công khai giao, điều chỉnh dự toán chi ngân sách nhà nước năm 2024",95717,305,10,HAI_PHONG,Trần Mạnh Hùng,null,https://files.customs.gov.vn/CustomsCMS/HAI_PHONG/2024/7/12/1400QĐHQHP_0001.pdf,https://www.customs.gov.vn/index.jsp?pageId=3&id=95717&cid=1294,2024,07/2024,2026-10-08T09:33:34Z
178,215/QĐ-HQHG,10/07/2024,Cục Hải quan tỉnh Hà Giang,"Quyết định về việc công bố, công khai dự toán ngân sách nhà nước năm 2024 của Cục Hải quan tỉnh Hà Giang",96766,305,10,HA_GIANG,Hoàng Cừ,null,https://files.customs.gov.vn/CustomsCMS/HA_GIANG/2024/9/20/9. Vb 215 Công khai dự toán lần 1.pdf,https://www.customs.gov.vn/index.jsp?pageId=3&id=96766&cid=1294,2024,07/2024,2026-10-08T09:33:34Z
179,342 /QĐ-HQNA,10/07/2024,Cục Hải quan tỉnh Nghệ An,"V/v gia hạn thời hạn hiệu lực của Quyết định công nhận địa điểm kiểm tra hàng hóa tại cơ sở sản xuất, nhà máy",95876,305,10,NGHE_AN,Nguyễn Thành Trung,10/07/2024,,https://www.customs.gov.vn/index.jsp?pageId=3&id=95876&cid=1294,2024,07/2024,2026-10-08T09:33:34Z
180,1393/QĐ-HQHP,09/07/2024,Cục Hải quan thành phố Hải Phòng,Quyết định về việc công bố công khai tình hình thực hiện dự toán chi ngân sách nhà nước 6 tháng đầu năm 2024,95716,305,10,HAI_PHONG,Trần Mạnh Hùng,null,https://files.customs.gov.vn/CustomsCMS/HAI_PHONG/2024/7/12/1393QĐHQHP_0001.pdf,https://www.customs.gov.vn/index.jsp?pageId=3&id=95716&cid=1294,2024,07/2024,2026-10-08T09:33:34Z
181,227/QĐ-HQQNa,09/07/2024,Cục Hải quan tỉnh Quảng Nam,Quyết định về việc công bố công khai quyết toán chi ngân sách năm 2023 của Cục Hải quan tỉnh Quảng Nam,95997,"305, 581",10,QUANG_NAM,Trần Ngọc Đức,09/07/2024,https://files.customs.gov.vn/CustomsCMS/QUANG_NAM/2024/7/26/QD CÔNG KHAI QT 2023001.pdf,https://www.customs.gov.vn/index.jsp?pageId=3&id=95997&cid=1294,2024,07/2024,2026-10-08T09:33:34Z
182,46/2024/TT-BTC,09/07/2024,Bộ Tài chính,"Sửa đổi, bổ sung một số điều của Thông tư số 19/2021/TT-BTC ngày 18/3/2021 của Bộ trưởng Bộ Tài chính hướng dẫn giao dịch điện tử trong lĩnh vực thuế",95878,305,4,TAY_NINH,Cao Anh Tuấn,28/08/2024,https://files.customs.gov.vn/CustomsCMS/TAY_NINH/2024/7/18/TT BTC 46_09072024.pdf,https://www.customs.gov.vn/index.jsp?pageId=3&id=95878&cid=1294,2024,07/2024,2026-10-08T09:33:34Z
183,225/QĐ-HQHT,08/07/2024,Cục Hải quan tỉnh Hà Tĩnh,Quyết định về việc công bố công khai quyết toán NSNN năm 2023 của Cục Hải quan tỉnh Hà Tĩnh,96788,305,10,HA_TINH,Đ/c Bùi Thanh San - Cục trưởng,08/07/2024,"https://files.customs.gov.vn/CustomsCMS/HA_TINH/2024/9/23/222433_225 QĐ_0001.signed.pdf,/CustomsCMS/HA_TINH/2024/9/23/Phụ lục đính kèm qđ 225_0001.pdf",https://www.customs.gov.vn/index.jsp?pageId=3&id=96788&cid=1294,2024,07/2024,2026-10-08T09:33:34Z
184,225/QĐ-HQQNa,08/07/2024,Cục Hải quan tỉnh Quảng Nam,Về việc công bố công khai điều chỉnh dự toán chi ngân sách năm 2024 của Cục Hải quan tỉnh Quảng Nam,95616,"305, 581",10,QUANG_NAM,Trần Ngọc Đức,08/07/2024,https://files.customs.gov.vn/CustomsCMS/QUANG_NAM/2024/7/8/QD 225 CKDCDT001.pdf,https://www.customs.gov.vn/index.jsp?pageId=3&id=95616&cid=1294,2024,07/2024,2026-10-08T09:33:34Z
185,226/QĐ-HQHT,08/07/2024,Cục Hải quan tỉnh Hà Tĩnh,"Quyết định về việc công bố công khai giao, điều chỉnh dự toán chi NSNN năm 2024 của Cục Hải quan tỉnh Hà Tĩnh",96787,305,10,HA_TINH,Đ/c Bùi Thanh San - Cục trưởng,08/07/2024,https://files.customs.gov.vn/CustomsCMS/HA_TINH/2024/9/23/221334_226 QĐ_0001.signed.pdf,https://www.customs.gov.vn/index.jsp?pageId=3&id=96787&cid=1294,2024,07/2024,2026-10-08T09:33:34Z
186,226/QĐ-HQQNa,08/07/2024,Cục Hải quan tỉnh Quảng Nam,Công bố công khai thực hiện dự toán thu – chi ngân sách 6 tháng đầu năm 2024 của Cục Hải quan tỉnh Quảng Nam (chi tiết theo biểu đính kèm).,95617,"305, 581",10,QUANG_NAM,Trần Ngọc Đức,08/07/2024,https://files.customs.gov.vn/CustomsCMS/QUANG_NAM/2024/7/8/119QD 226 CKTHDT001.pdf,https://www.customs.gov.vn/index.jsp?pageId=3&id=95617&cid=1294,2024,07/2024,2026-10-08T09:33:34Z
187,39/KTNN-TT,08/07/2024,Kho bạc Nhà nước,Cung cấp danh sách các NHTM nơi KBNN mở tài khoản,95751,305,16,TONG_CUC,Hoàng Trung Lương,11/07/2024,"https://files.customs.gov.vn/CustomsCMS/TONG_CUC/2024/7/15/39.KTNN.pdf,/CustomsCMS/TONG_CUC/2024/7/15/39.PL1.pdf",https://www.customs.gov.vn/index.jsp?pageId=3&id=95751&cid=1294,2024,07/2024,2026-10-08T09:33:34Z
188,1238/HQAG-TVQT,05/07/2024,Cục Hải quan tỉnh An Giang,Về việc công khai thực hiện dự toán chi NSNN 6 tháng đầu năm 2024,95791,305,555,AN_GIANG,Nguyễn Thanh Toàn,05/07/2024,https://files.customs.gov.vn/CustomsCMS/AN_GIANG/2024/7/17/CV 1238 - cong khai 6 thang.pdf,https://www.customs.gov.vn/index.jsp?pageId=3&id=95791&cid=1294,2024,07/2024,2026-10-08T09:33:34Z
189,223/QĐ-HQKH,05/07/2024,Cục Hải quan tỉnh Khánh Hòa,"Quyết định công khai tình hình thực hiện dự toán thu, chi NSNN 6 tháng năm 2024 của Cục Hải quan tỉnh Khánh Hòa",96370,305,10,KHANH_HOA,null,null,https://files.customs.gov.vn/CustomsCMS/KHANH_HOA/2024/8/16/223_QDcongkhai_thu_chi_NSNN_6thang_2024.pdf,https://www.customs.gov.vn/index.jsp?pageId=3&id=96370&cid=1294,2024,07/2024,2026-10-08T09:33:34Z
190,336/QĐ-HQNA,05/07/2024,Cục Hải quan tỉnh  Nghệ An,"Quyết định số 336/QĐ-HQNA ngày 05 tháng 7 năm 2024 về việc công nhận địa điểm kiểm tra hàng hóa tại cơ sở sản xuất, nhà máy",95517,305,10,NGHE_AN,Nguyễn Thành Trung,05/07/2024,https://files.customs.gov.vn/CustomsCMS/NGHE_AN/2024/7/7/336.pdf,https://www.customs.gov.vn/index.jsp?pageId=3&id=95517&cid=1294,2024,07/2024,2026-10-08T09:33:34Z
191,375/TB-THQVN,05/07/2024,Trường Hải quan Việt Nam,V/v Tổ chức lớp đào tạo kiến thức cơ bản về Nghiệp vụ kiểm tra sau thông quan cho doanh nghiệp 01/2024,95621,305,16,DONG_NAI,null,null,https://files.customs.gov.vn/CustomsCMS/DONG_NAI/2024/7/9/375_TB_THQVN_05_07_2024.pdf,https://www.customs.gov.vn/index.jsp?pageId=3&id=95621&cid=1294,2024,07/2024,2026-10-08T09:33:34Z
192,334/QĐ-HQNA,04/07/2024,Cục Hải quan tỉnh Nghệ An,"Quyết định Số 334/QĐ-HQNA ngày 04 tháng 7 năm 2024 về việc công nhận địa điểm kiểm tra hàng hóa tại cơ sở sản xuất, nhà máy",95516,305,10,NGHE_AN,Nguyễn Thành Trung,null,https://files.customs.gov.vn/CustomsCMS/NGHE_AN/2024/7/7/334-qd-hqna.pdf,https://www.customs.gov.vn/index.jsp?pageId=3&id=95516&cid=1294,2024,07/2024,2026-10-08T09:33:34Z
193,5902/TB-HQHP,04/07/2024,Cục Hải quan thành phố Hải Phòng,Thông báo lựa chọn tổ chức đấu giá tài sản,95422,305,19,HAI_PHONG,Nguyễn Quang Huy,null,https://files.customs.gov.vn/CustomsCMS/HAI_PHONG/2024/7/5/TBluachontochucdaugia.pdf,https://www.customs.gov.vn/index.jsp?pageId=3&id=95422&cid=1294,2024,07/2024,2026-10-08T09:33:34Z
194,3700/KH-UBND,02/07/2024,Ủy ban nhân dân Thành Phố - TPHCM,KẾ HOẠCH :Tổ chức Cuộc thi trực tuyến “Tìm hiểu pháp luật về Luật Căn cước – Định danh điện tử và dịch vụ công trực tuyến” trên địa bàn Thành phố Hồ Chí Minh,95618,305,16,TP_HO_CHI_MINH,null,null,https://files.customs.gov.vn/CustomsCMS/TP_HO_CHI_MINH/2024/7/8/3700KH-UBND.pdf,https://www.customs.gov.vn/index.jsp?pageId=3&id=95618&cid=1294,2024,07/2024,2026-10-08T09:33:34Z
195,219/QĐ-HQKH,01/07/2024,Cục Hải quan tỉnh Khánh Hòa,"Quyết định công bố công khai giao, điều chỉnh dự toán chi NSNN năm 2024 của Cục Hải quan tỉnh Khánh Hòa",95864,305,10,KHANH_HOA,null,null,https://files.customs.gov.vn/CustomsCMS/KHANH_HOA/2024/7/18/219_QDcong_khai_du_toan_nam2024.pdf,https://www.customs.gov.vn/index.jsp?pageId=3&id=95864&cid=1294,2024,07/2024,2026-10-08T09:33:34Z
196,401/QĐ-HQNA,30/08/2024,Cục Hải quan tỉnh Nghệ An,"Về việc gia hạn thời hạn hiệu lực của Quyết định công nhận địa điểm kiểm tra hàng hóa tại cơ sở sản xuất, nhà máy",96564,305,10,NGHE_AN,Nguyễn Thành Trung,30/08/2024,https://files.customs.gov.vn/CustomsCMS/NGHE_AN/2024/9/4/401-QĐ.pdf,https://www.customs.gov.vn/index.jsp?pageId=3&id=96564&cid=1294,2024,08/2024,2026-10-08T09:33:34Z
197,2058/QĐ-TCHQ,29/08/2024,Tổng cục Hải quan,"Ban hành Kế hoạch triển khai Phong trào thi đua “Chung tay xóa nhà tạm, nhà dột nát trên phạm vi cả nước trong năm 2025”",96664,305,10,TONG_CUC,null,null,https://files.customs.gov.vn/CustomsCMS/TONG_CUC/2024/9/10/03. 2058. Thi dua Xoa nha dot nat.pdf,https://www.customs.gov.vn/index.jsp?pageId=3&id=96664&cid=1294,2024,08/2024,2026-10-08T09:33:34Z
198,1467/HQĐNa-VP,27/08/2024,Cục Hải quan tỉnh Đồng Nai,V/v Nghỉ lễ Quốc khánh 02/9/2024 (Các doanh nghiệp),96482,305,16,DONG_NAI,null,null,https://files.customs.gov.vn/CustomsCMS/DONG_NAI/2024/8/27/1467_HQDNa_VP_27_08_2024.pdf,https://www.customs.gov.vn/index.jsp?pageId=3&id=96482&cid=1294,2024,08/2024,2026-10-08T09:33:34Z
199,1989/QĐ-TCHQ,23/08/2024,Tổng cục Hải quan,Quyết định số 1989/QĐ-TCHQ ngày 23/8/2024 của Tổng cục Hải quan ban hành Kế hoạch hành động nâng cao chất lượng và hiệu quả cung cấp dịch vụ công trực tuyến của Tổng cục Hải quan năm 2024,96613,305,10,TONG_CUC,Lưu Mạnh Tưởng,23/08/2024,https://files.customs.gov.vn/CustomsCMS/TONG_CUC/2024/9/5/QD19892024TCHQ.pdf,https://www.customs.gov.vn/index.jsp?pageId=3&id=96613&cid=1294,2024,08/2024,2026-10-08T09:33:34Z
200,438/TB-THQVN,23/08/2024,Trường Hải quan Việt Nam,"V/v Tổ chức lớp ""Những vấn đề doanh nghiệp cần biết để làm chủ kỹ năng phân loại, xác định mã số hàng hóa, giảm thiểu rủi ro khi thực hiện thủ tục hải quan"" theo hình thức trực tuyến khóa 02 năm 2024",96666,305,19,DONG_NAI,null,null,https://files.customs.gov.vn/CustomsCMS/DONG_NAI/2024/9/10/438_TB_THQVN_29_08_2024.pdf,https://www.customs.gov.vn/index.jsp?pageId=3&id=96666&cid=1294,2024,08/2024,2026-10-08T09:33:34Z
201,17/TB-NVKHQ,22/08/2024,Trường Hải quan Việt Nam,V/v Công nhận kết quả thi của thí sinh tham dự Kỳ thi cấp chứng chỉ nghiệp vụ khai hải quan kỳ 2 năm 2024 tại khu vực phía Nam,96484,305,19,DONG_NAI,null,null,https://files.customs.gov.vn/CustomsCMS/DONG_NAI/2024/8/27/17_TB_THQVN_22_08_2024.pdf,https://www.customs.gov.vn/index.jsp?pageId=3&id=96484&cid=1294,2024,08/2024,2026-10-08T09:33:34Z
202,1729/KL-HQHNN,21/08/2024,Cục Hải quan Hà Nam Ninh,"Kết luận thanh tra về việc thanh tra việc chấp hành các quy định của pháp luật về hải quan, pháp luật về thuế tại Công ty TNHH một thành viên giầy Thành Bách Việt Nam",96413,305,18,HA_NAM_NINH,null,21/08/2024,,https://www.customs.gov.vn/index.jsp?pageId=3&id=96413&cid=1294,2024,08/2024,2026-10-08T09:33:34Z
203,46/KTNN-TT,20/08/2024,Kho bạc Nhà nước,Cung cấp danh sách các NHTM nơi KBNN mở tài khoản,96422,305,16,TONG_CUC,Hoàng Trung Lương,22/08/2024,"https://files.customs.gov.vn/CustomsCMS/TONG_CUC/2024/8/22/46.KTNN.pdf,/CustomsCMS/TONG_CUC/2024/8/22/46.phuluc22824.pdf",https://www.customs.gov.vn/index.jsp?pageId=3&id=96422&cid=1294,2024,08/2024,2026-10-08T09:33:34Z
204,424/TB-THQVN,19/08/2024,Trường Hải quan Việt Nam,V/v Tổ chức Lớp đào tạo nghiệp vụ hải quan cơ bản theo hình thức trực tuyến khóa 08 năm 2024,96427,305,19,DONG_NAI,null,null,https://files.customs.gov.vn/CustomsCMS/DONG_NAI/2024/8/22/424_TB_THQVN_19_08_2024.pdf,https://www.customs.gov.vn/index.jsp?pageId=3&id=96427&cid=1294,2024,08/2024,2026-10-08T09:33:34Z
205,421/TB-THQVN,14/08/2024,Trường Hải quan Việt Nam,"V/v Thay đổi hình thức, học phí tổ chức lớp bồi dưỡng chuyên sâu ""Nâng cao hiểu biết về thủ tục hải quan, chính sách thuế đối với hàng hóa gia công, sản xuất xuất khẩu, xuất nhập khẩu tại chỗ"" dành cho cộng đồng doanh nghiệp khu vực phía Bắc theo hình thức trực tiếp khóa 01 năm 2024",96411,305,19,DONG_NAI,null,null,https://files.customs.gov.vn/CustomsCMS/DONG_NAI/2024/8/20/421_TB_THQVN_14_08_2024.PDF,https://www.customs.gov.vn/index.jsp?pageId=3&id=96411&cid=1294,2024,08/2024,2026-10-08T09:33:34Z
206,1312-HD-TB,12/08/2024,Cục Hải quan tỉnh Cao Bằng,Tuyển dụng nhân viên bảo vệ,96383,305,19,CAO_BANG,null,null,https://files.customs.gov.vn/CustomsCMS/CAO_BANG/2024/8/16/1312-HĐ-TB.pdf,https://www.customs.gov.vn/index.jsp?pageId=3&id=96383&cid=1294,2024,08/2024,2026-10-08T09:33:34Z
207,3792/TCHQ-CNTT,08/08/2024,Cục Công nghệ thông tin và Thống kê Hải quan,"V/v Thông báo sự cố hệ thống Cổng thông tin một cửa quốc gia (HQ các tỉnh, thành phố)",96238,305,16,DONG_NAI,null,null,https://files.customs.gov.vn/CustomsCMS/DONG_NAI/2024/8/9/3792_TCHQ_CNTT_08_08_2024.PDF,https://www.customs.gov.vn/index.jsp?pageId=3&id=96238&cid=1294,2024,08/2024,2026-10-08T09:33:34Z
208,3793/TCHQ-CNTT,08/08/2024,Tổng cục Hải quan,Công văn số 3793/TCHQ-CNTT ngày 08/8/2024 của Tổng cục Hải quan về việc thông báo sự cố hệ thống Cổng thông tin một cửa quốc gia,96237,305,16,TONG_CUC,Lưu Mạnh Tưởng,null,https://files.customs.gov.vn/CustomsCMS/TONG_CUC/2024/8/9/3793.pdf,https://www.customs.gov.vn/index.jsp?pageId=3&id=96237&cid=1294,2024,08/2024,2026-10-08T09:33:34Z
209,15/TB-NVKHQ,07/08/2024,Trường Hải quan Việt Nam,V/v Công nhận kết quả thi của thí sinh tham dự Kỳ thi cấp chứng chỉ nghiệp vụ khai hải quan kỳ 1 năm 2024 tại Trường Hải quan Việt Nam,96277,305,19,DONG_NAI,null,null,https://files.customs.gov.vn/CustomsCMS/DONG_NAI/2024/8/13/15_TB_NVKHQ_07_08_2024.pdf,https://www.customs.gov.vn/index.jsp?pageId=3&id=96277&cid=1294,2024,08/2024,2026-10-08T09:33:34Z
210,366/QĐ-HQNA,05/08/2024,Cục Hải quan tỉnh Nghệ An,"Quyết định về việc công nhận kiểm tra hàng hóa tại cơ sở sản xuất, nhà máy",96563,305,10,NGHE_AN,Nguyễn Thành Trung,05/08/2024,https://files.customs.gov.vn/CustomsCMS/NGHE_AN/2024/9/4/366-QĐ.pdf,https://www.customs.gov.vn/index.jsp?pageId=3&id=96563&cid=1294,2024,08/2024,2026-10-08T09:33:34Z
211,410 /QĐ-HQNA,05/08/2024,Cục Hải quan tỉnh Nghệ An,"Về việc gia hạn thời hạn hiệu lực của Quyết định công nhận địa điểm kiểm tra hàng hóa tại cơ sở sản xuất, nhà máy",96665,305,10,NGHE_AN,Nguyễn Thành Trung,04/09/2024,https://files.customs.gov.vn/CustomsCMS/NGHE_AN/2024/9/10/410-QĐ.pdf,https://www.customs.gov.vn/index.jsp?pageId=3&id=96665&cid=1294,2024,08/2024,2026-10-08T09:33:34Z
212,13/TB-NVKHQ,01/08/2024,Trường Hài quan Việt Nam,V/v Kết quả điểm thi của các thí sinh tham dự Kỳ thi cấp chứng chỉ nghiệp vụ khai hải quan kỳ 2 năm 2024 khu vực phía Nam,96220,305,19,DONG_NAI,null,null,https://files.customs.gov.vn/CustomsCMS/DONG_NAI/2024/8/5/13_TB_NVKHQ_01_08_2024.pdf,https://www.customs.gov.vn/index.jsp?pageId=3&id=96220&cid=1294,2024,08/2024,2026-10-08T09:33:34Z
213,196/TB-HQĐNa,30/09/2024,Cục Hải quan tỉnh Đồng Nai,V/v Triển khai Hệ thống quản lý hải quan tự động (VASSCM),96852,305,19,DONG_NAI,null,null,https://files.customs.gov.vn/CustomsCMS/DONG_NAI/2024/9/30/196_TB_HQDNa_30_09_2024.pdf,https://www.customs.gov.vn/index.jsp?pageId=3&id=96852&cid=1294,2024,09/2024,2026-10-08T09:33:34Z
214,603/QĐ-HQĐV,27/09/2024,Chi cục Hải quan Cửa khẩu cảng Đình Vũ,"Quyết định về việc hoàn tiền thuế, tiền chậm nộp, tiền phạt và thu khác nộp thừa đối với hàng hoá xuất khẩu, nhập khẩu của Công ty TNHH Ba Sao Việt Nam; mã số thuế: 0101281413.",96859,305,10,HAI_PHONG,Phạm Thành Huy,27/09/2024,https://files.customs.gov.vn/CustomsCMS/HAI_PHONG/2024/10/1/QĐ hoàn thuế - Công ty TNHH Ba Sao.pdf,https://www.customs.gov.vn/index.jsp?pageId=3&id=96859&cid=1294,2024,09/2024,2026-10-08T09:33:34Z
215,2808/HQHN-CNTT,26/09/2024,Phòng CNTT,Mời báo giá sửa chữa máy chủ hệ thống camera tại Chi cục Hải quan Gia Thụy,96944,305,16,HA_NOI,null,null,,https://www.customs.gov.vn/index.jsp?pageId=3&id=96944&cid=1294,2024,09/2024,2026-10-08T09:33:34Z
216,273/QĐ-HQKH,25/09/2024,Cục Hải quan tỉnh Khánh Hòa,"Quyết định công bố công khai giao, điều chỉnh dự toán chi NSNN năm 2024 của Cục Hải quan tỉnh Khánh Hòa",96968,305,10,KHANH_HOA,null,null,https://files.customs.gov.vn/CustomsCMS/KHANH_HOA/2024/10/9/273_QDcongkhai_dieuchinhNSNN_2024.pdf,https://www.customs.gov.vn/index.jsp?pageId=3&id=96968&cid=1294,2024,09/2024,2026-10-08T09:33:34Z
217,281/QĐ-HQHT,23/09/2024,Cục Hải quan tỉnh Hà Tĩnh,"Quyết định về việc công bố công khai giao, điều chỉnh dự toán chi NSNN năm 2024 cho Cục Hải quan tỉnh Hà Tĩnh",96784,305,10,HA_TINH,Đ/c Bùi Thanh San - Cục trưởng,null,https://files.customs.gov.vn/CustomsCMS/HA_TINH/2024/9/23/225987_281 QĐ_0001.signed.pdf,https://www.customs.gov.vn/index.jsp?pageId=3&id=96784&cid=1294,2024,09/2024,2026-10-08T09:33:34Z
218,286/QĐ-HQHG,20/09/2024,Cục Hải quan tỉnh Hà Giang,Quyết định về việc công bố công khai dự toán ngân sách nhà nước năm 2024 của Cục Hải quan tỉnh Hà Giang,96806,305,10,HA_GIANG,Hoàng Cừ,null,https://files.customs.gov.vn/CustomsCMS/HA_GIANG/2024/9/25/9.VB 286 Công khai dự toán 2024 lần 2 (điều chỉnh).pdf,https://www.customs.gov.vn/index.jsp?pageId=3&id=96806&cid=1294,2024,09/2024,2026-10-08T09:33:34Z
219,49/KTNN-TT,17/09/2024,Kho bạc Nhà nước,Cung cấp danh sách các NHTM nơi KBNN mở tài khoản,96776,305,16,TONG_CUC,Hoàng Trung Lương,20/09/2024,"https://files.customs.gov.vn/CustomsCMS/TONG_CUC/2024/9/20/49.KTNN.pdf,/CustomsCMS/TONG_CUC/2024/9/20/phuluc20924.49.pdf",https://www.customs.gov.vn/index.jsp?pageId=3&id=96776&cid=1294,2024,09/2024,2026-10-08T09:33:34Z
220,2661/HQHN-TVQT,13/09/2024,Phòng TVQT,Báo giá sửa chữa thang máy,96730,305,19,HA_NOI,null,null,https://files.customs.gov.vn/CustomsCMS/HA_NOI/2024/9/17/2661cv2024.pdf,https://www.customs.gov.vn/index.jsp?pageId=3&id=96730&cid=1294,2024,09/2024,2026-10-08T09:33:34Z
221,452/TB-THQVN,11/09/2024,Trường Hải quan Việt Nam,"V/v Tổ chức lớp ""Bồi dưỡng kiến thức về xử phạt vi phạm hành chính trong lĩnh vực hải quan dành cho cộng đồng doanh nghiệp theo hình thức trực tuyến khóa 02 năm 2024",96737,305,19,DONG_NAI,null,null,https://files.customs.gov.vn/CustomsCMS/DONG_NAI/2024/9/18/452_TB_THQVN_11_09_2024.pdf,https://www.customs.gov.vn/index.jsp?pageId=3&id=96737&cid=1294,2024,09/2024,2026-10-08T09:33:34Z
222,449/TB-THQVN,10/09/2024,Trường Hải quan Việt Nam,V/v Tổ chức Khóa đào tạo bổ sung kiến thức pháp luật hải quan dành cho nhân viên đại lý làm thủ tục hải quan theo hình thức trực tuyến khóa 05 năm 2024,96736,305,19,DONG_NAI,null,null,https://files.customs.gov.vn/CustomsCMS/DONG_NAI/2024/9/18/449_TB_THQVN_10_09_2024.pdf,https://www.customs.gov.vn/index.jsp?pageId=3&id=96736&cid=1294,2024,09/2024,2026-10-08T09:33:34Z
223,2566/HQHN-TVQT,06/09/2024,Phòng TVQT,Báo giá kiểm định thang máy,96654,305,16,HA_NOI,null,null,https://files.customs.gov.vn/CustomsCMS/HA_NOI/2024/9/10/2566.pdf,https://www.customs.gov.vn/index.jsp?pageId=3&id=96654&cid=1294,2024,09/2024,2026-10-08T09:33:34Z
224,4084/CTCTH-TTHT,06/09/2024,Cục thuế thành phố Cần Thơ,Tuyên truyền ứng dụng eTax Mobile phiên bản 3.2.0,96671,305,16,CAN_THO,null,06/09/2024,https://files.customs.gov.vn/CustomsCMS/CAN_THO/2024/9/10/2418.pdf,https://www.customs.gov.vn/index.jsp?pageId=3&id=96671&cid=1294,2024,09/2024,2026-10-08T09:33:34Z
225,403/QĐ-HQNA,05/09/2024,Cục Hải quan tỉnh Nghệ An,"Về việc gia hạn thời hạn hiệu lực của Quyết định công nhận địa điểm kiểm tra hàng hóa tại cơ sở sản xuất, nhà máy",96623,305,10,NGHE_AN,Nguyễn Thành Trung,05/09/2024,https://files.customs.gov.vn/CustomsCMS/NGHE_AN/2024/9/6/403-QĐ.pdf,https://www.customs.gov.vn/index.jsp?pageId=3&id=96623&cid=1294,2024,09/2024,2026-10-08T09:33:34Z
226,405,05/09/2024,Cục Hải quan tỉnh Nghệ An,"Quyết định về việc gia hạn thời hạn hiệu lực của Quyết định công nhận địa điểm kiểm tra hàng hóa tại cơ sở sản xuất, nhà máy",96622,305,10,NGHE_AN,Nguyễn Thành Trung,05/09/2024,https://files.customs.gov.vn/CustomsCMS/NGHE_AN/2024/9/6/405-QĐ.pdf,https://www.customs.gov.vn/index.jsp?pageId=3&id=96622&cid=1294,2024,09/2024,2026-10-08T09:33:34Z
227,3242/TB-HQQN,04/09/2024,Cục Hải quan tỉnh Quảng Ninh,Thông báo về việc lựa chọn tổ chức đấu giá tài sản,96621,305,19,QUANG_NINH,Trần Quang Trung,04/09/2024,https://files.customs.gov.vn/CustomsCMS/QUANG_NINH/2024/9/6/HQQN đấu giá.pdf,https://www.customs.gov.vn/index.jsp?pageId=3&id=96621&cid=1294,2024,09/2024,2026-10-08T09:33:34Z
228,3044/HQTPHCM-TVQT,30/10/2024,Cục Hải quan TP. Hồ Chí Minh - Phòng TVQT,V/v mời cung cấp bảng báo giá dịch vụ vận chuyển thiết bị cần trục bánh xích,97298,305,16,TP_HO_CHI_MINH,null,null,https://files.customs.gov.vn/CustomsCMS/TP_HO_CHI_MINH/2024/10/31/3044.signed.pdf,https://www.customs.gov.vn/index.jsp?pageId=3&id=97298&cid=1294,2024,10/2024,2026-10-08T09:33:34Z
229,1761/HQĐT-VP,28/10/2024,Cục Hải quan tỉnh Đồng Tháp,"Báo giá chi phí bảo dưỡng, bảo trì 03 máy soi hành lý, hàng hóa",97274,305,16,DONG_THAP,null,28/10/2024,https://files.customs.gov.vn/CustomsCMS/DONG_THAP/2024/10/29/1761-HQDT-VP.pdf,https://www.customs.gov.vn/index.jsp?pageId=3&id=97274&cid=1294,2024,10/2024,2026-10-08T09:33:34Z
230,2969/HQTPHCM-TVQT,28/10/2024,Cục Hải quan TP. Hồ Chí Minh - Phòng TVQT,V/v mời cung cấp bảng báo giá dịch vụ thẩm định giá,97266,305,16,TP_HO_CHI_MINH,null,null,https://files.customs.gov.vn/CustomsCMS/TP_HO_CHI_MINH/2024/10/28/2969.signed.pdf,https://www.customs.gov.vn/index.jsp?pageId=3&id=97266&cid=1294,2024,10/2024,2026-10-08T09:33:34Z
231,2974/HQTPHCM-TVQT,28/10/2024,Cục Hải quan TP. Hồ Chí Minh - Phòng TVQT,V/v mời cung cấp bảng báo giá dịch vụ thẩm định giá,97267,305,16,TP_HO_CHI_MINH,null,null,https://files.customs.gov.vn/CustomsCMS/TP_HO_CHI_MINH/2024/10/28/2974.signed.pdf,https://www.customs.gov.vn/index.jsp?pageId=3&id=97267&cid=1294,2024,10/2024,2026-10-08T09:33:34Z
232,1739/TB-HQĐT,25/10/2024,Cục Hải quan tỉnh Đồng Tháp,Thông báo lịch tiếp công dân định kỳ tháng 11/2024,97273,305,19,DONG_THAP,null,null,https://files.customs.gov.vn/CustomsCMS/DONG_THAP/2024/10/29/8491739-TB-HQDT.pdf,https://www.customs.gov.vn/index.jsp?pageId=3&id=97273&cid=1294,2024,10/2024,2026-10-08T09:33:34Z
233,9860/HQHP-TVQT,25/10/2024,Cục Hải quan thành phố Hải Phòng,Thư mời chào giá chi phí lập Báo cáo kinh tế - kỹ thuật Xây dựng Hệ thống Quản trị và Hỗ trợ tác nghiệp của Cục Hải quan thành phố Hải Phòng,97240,305,18,HAI_PHONG,Nguyễn Quang Huy,25/10/2024,https://files.customs.gov.vn/CustomsCMS/HAI_PHONG/2024/10/25/9860.HQHP.TVQT.pdf,https://www.customs.gov.vn/index.jsp?pageId=3&id=97240&cid=1294,2024,10/2024,2026-10-08T09:33:34Z
234,9861/HQHP-TVQT,25/10/2024,Cục Hải quan thành phố Hải Phòng,Thư mời chào giá chi phí thẩm tra Báo cáo kinh tế - kỹ thuật Xây dựng Hệ thống Quản trị và Hỗ trợ tác nghiệp của Cục Hải quan thành phố Hải Phòng,97241,305,18,HAI_PHONG,Nguyễn Quang Huy,25/10/2024,https://files.customs.gov.vn/CustomsCMS/HAI_PHONG/2024/10/25/9861.HQHP.TVQT.pdf,https://www.customs.gov.vn/index.jsp?pageId=3&id=97241&cid=1294,2024,10/2024,2026-10-08T09:33:34Z
235,9744/HQHP-TVQT,23/10/2024,Cục Hải quan thành phố Hải Phòng,Thư mời chào giá sửa chữa máy soi chiếu cố định Rapiscan G6003,97234,305,19,HAI_PHONG,Nguyễn Quang Huy,23/10/2024,https://files.customs.gov.vn/CustomsCMS/HAI_PHONG/2024/10/25/9744HQHP_0001.pdf,https://www.customs.gov.vn/index.jsp?pageId=3&id=97234&cid=1294,2024,10/2024,2026-10-08T09:33:34Z
236,312/QĐ-HQHT,22/10/2024,Cục Hải quan tỉnh Hà Tĩnh,Quyết định V/v công bố công khai giao dự toán chi NSNN năm 2024 cho Cục Hải quan tỉnh Hà Tĩnh,97602,305,10,HA_TINH,Đ/c Bùi Thanh San,null,https://files.customs.gov.vn/CustomsCMS/HA_TINH/2024/11/7/312 VP.signed.pdf,https://www.customs.gov.vn/index.jsp?pageId=3&id=97602&cid=1294,2024,10/2024,2026-10-08T09:33:34Z
237,495/TB-THQVN,21/10/2024,Trường Hải quan Việt Nam,V/v Tổ chức Lớp đào tạo nghiệp vụ hải quan cơ bản theo hình thức trực tuyến khóa 10 năm 2024,97254,305,19,DONG_NAI,null,null,https://files.customs.gov.vn/CustomsCMS/DONG_NAI/2024/10/28/495_TB_THQVN_21_10_2024.pdf,https://www.customs.gov.vn/index.jsp?pageId=3&id=97254&cid=1294,2024,10/2024,2026-10-08T09:33:34Z
238,497/TB-THQVN1,21/10/2024,Trường Hải quan Việt Nam,"V/v Tổ chức Lớp ""Bồi dưỡng chuyên sâu về các phương pháp xác định trị giá hải quan; kiểm tra,  tham vấn, xác định trị giá trong thông quan, sau thông quan và xử phạt vi phạm hành chính trong lĩnh vực trị giá hải quan"" theo hình thức trực tuyến khóa 01 năm 2024",97255,305,19,DONG_NAI,null,null,https://files.customs.gov.vn/CustomsCMS/DONG_NAI/2024/10/28/978497_TB_THQVN_21_10_2024.pdf,https://www.customs.gov.vn/index.jsp?pageId=3&id=97255&cid=1294,2024,10/2024,2026-10-08T09:33:34Z
239,1961/QĐ-HQHP,16/10/2024,Cục Hải quan thành phố Hải Phòng,"QĐ công bố công khai giao, điều chỉnh dự toán chi ngân sách nhà nước năm 2024",97100,305,10,HAI_PHONG,Trần Mạnh Hùng,null,https://files.customs.gov.vn/CustomsCMS/HAI_PHONG/2024/10/17/1961QĐHQHP_0001.pdf,https://www.customs.gov.vn/index.jsp?pageId=3&id=97100&cid=1294,2024,10/2024,2026-10-08T09:33:34Z
240,131/2024/NĐ-CP1,15/10/2024,Chính phủ,V/v Biểu thuế nhập khẩu ưu đãi đặc biệt của Việt Nam để thực hiện Hiệp định thương mại tự do giữa Chính phủ nước Cộng hòa xã hội chủ nghĩa Việt Nam và Chính phủ Nhà nước I-xra-en giai đoạn 2024 - 2027,97316,305,8,DONG_NAI,null,null,https://files.customs.gov.vn/CustomsCMS/DONG_NAI/2024/10/31/131_2024_ND_CP_15_10_2024.pdf,https://www.customs.gov.vn/index.jsp?pageId=3&id=97316&cid=1294,2024,10/2024,2026-10-08T09:33:34Z
241,2849/HQTPHCM-TVQT,15/10/2024,Cục Hải quan Tp.HCM,V/v báo giá chi phí tiêu hủy 09 lô hàng cần sa,97098,305,16,TP_HO_CHI_MINH,null,null,https://files.customs.gov.vn/CustomsCMS/TP_HO_CHI_MINH/2024/10/17/2849.signed.pdf,https://www.customs.gov.vn/index.jsp?pageId=3&id=97098&cid=1294,2024,10/2024,2026-10-08T09:33:34Z
242,303/QĐ-HQKH,15/10/2024,Cục Hải quan tỉnh Khánh Hòa,"Quyết định công bố công khai giao, điều chỉnh dự toán chi NSNN năm 2024 của Cục Hải quan tỉnh Khánh Hòa",97265,305,10,KHANH_HOA,null,null,https://files.customs.gov.vn/CustomsCMS/KHANH_HOA/2024/10/28/303-QDcongbo_congkhaigiao_NSNN.pdf,https://www.customs.gov.vn/index.jsp?pageId=3&id=97265&cid=1294,2024,10/2024,2026-10-08T09:33:34Z
243,38/CT-TTg,11/10/2024,Chính phủ,Chỉ thị số 38/CT-TTg ngày 11 tháng 10 năm 2024 về tăng cường phòng ngừa ngộ độc thực phẩm.,102381,305,3,THANH_HOA,null,null,https://files.customs.gov.vn/CustomsCMS/THANH_HOA/2026/1/20/Chỉ-thị-38-CT-TTg về tăng cường phòng ngừa ngộ độc thực phẩm.pdf,https://www.customs.gov.vn/index.jsp?pageId=3&id=102381&cid=1294,2024,10/2024,2026-10-08T09:33:34Z
244,61/KTNN-TT,11/10/2024,Kho bạc Nhà nước,V/v cung cấp danh sách các ngân hàng thương mại nơi Kho bạc Nhà nước mở tài khoản,97080,305,16,TONG_CUC,Hoàng Trung Lương,16/10/2024,"https://files.customs.gov.vn/CustomsCMS/TONG_CUC/2024/10/16/61-KTNN-TT.pdf,/CustomsCMS/TONG_CUC/2024/10/16/61.KTNN-TTphuluc161024.pdf",https://www.customs.gov.vn/index.jsp?pageId=3&id=97080&cid=1294,2024,10/2024,2026-10-08T09:33:34Z
245,1948/QĐ-HQHP,10/10/2024,Cục Hải quan thành phố Hải Phòng,QĐ công bố công khai tình hình thực hiện dự toán chi NSNN Quý III năm 2024,97099,305,10,HAI_PHONG,Trần Mạnh Hùng,null,https://files.customs.gov.vn/CustomsCMS/HAI_PHONG/2024/10/17/1948QĐHQHP_0002.pdf,https://www.customs.gov.vn/index.jsp?pageId=3&id=97099&cid=1294,2024,10/2024,2026-10-08T09:33:34Z
246,56/KTNN-TT,08/10/2024,Kho bạc Nhà nước,Cung cấp danh sách các Ngân hàng thương mại nơi kho bạc nhà nước mở tài khoản,97037,305,16,TONG_CUC,Nguyễn Thị Hiền,09/10/2024,https://files.customs.gov.vn/CustomsCMS/TONG_CUC/2024/10/11/56-CUC KE TOAN NHA NUOC - KBNN.pdf,https://www.customs.gov.vn/index.jsp?pageId=3&id=97037&cid=1294,2024,10/2024,2026-10-08T09:33:34Z
247,1675/GSQL-GQ4,07/10/2024,Tổng cục Hải qun,Công văn số 1675/GSQL-GQ4 ngày 07/10/2024 về sự cố hệ thống ASW của Myanmar,97020,305,18,TONG_CUC,Đào Duy Tám,null,https://files.customs.gov.vn/CustomsCMS/TONG_CUC/2024/10/11/1675-GSQL.pdf,https://www.customs.gov.vn/index.jsp?pageId=3&id=97020&cid=1294,2024,10/2024,2026-10-08T09:33:34Z
248,54/KTNN-TT,07/10/2024,Kho bạc Nhà nước,V/v cung cấp danh sách các NHTM nơi KBNN mở tài khoản,97039,305,16,TONG_CUC,Hoàng Trung Lương,10/10/2024,"https://files.customs.gov.vn/CustomsCMS/TONG_CUC/2024/10/11/54-CUC KE TOAN NHA NUOC - KBNN.pdf,/CustomsCMS/TONG_CUC/2024/10/11/54.phuluc101024.pdf",https://www.customs.gov.vn/index.jsp?pageId=3&id=97039&cid=1294,2024,10/2024,2026-10-08T09:33:34Z
249,292/QĐ-HQKH,01/10/2024,Cục Hải quan tỉnh Khánh Hòa,"Quyết định công bố công khai tình hình thực hiện dự toán thu, chi NSNN quý III năm 2024 của Cục Hải quan tỉnh Khánh Hòa",96969,305,10,KHANH_HOA,null,null,https://files.customs.gov.vn/CustomsCMS/KHANH_HOA/2024/10/9/292_QDcongkhai_dutoan_QIII_2024.pdf,https://www.customs.gov.vn/index.jsp?pageId=3&id=96969&cid=1294,2024,10/2024,2026-10-08T09:33:34Z
250,174/2024/QH15,30/11/2024,Quốc hội,"Nghị quyết số 174/2024/QH15 của Quốc hội tại Kỳ họp thứ 8, Quốc hội khóa XV",98242,"320, 305",7,TONG_CUC,Trần Thanh Mẫn,null,https://files.customs.gov.vn/CustomsCMS/TONG_CUC/2025/1/2/174-NQ.qh15.signed.pdf,https://www.customs.gov.vn/index.jsp?pageId=3&id=98242&cid=1294,2024,11/2024,2026-10-08T09:33:34Z
251,2227/QĐ-HQHP,29/11/2024,Cục Hải quan thành phố Hải Phòng,Quyết định công bố công khai quyết toán chi Ngân sách Nhà nước năm 2023,97961,305,10,HAI_PHONG,Trần Mạnh Hùng,29/11/2024,https://files.customs.gov.vn/CustomsCMS/HAI_PHONG/2024/12/12/2227HQHP_0001.pdf,https://www.customs.gov.vn/index.jsp?pageId=3&id=97961&cid=1294,2024,11/2024,2026-10-08T09:33:34Z
252,2769/QĐ-TCHQ,29/11/2024,Tổng cục Hải quan,Thay đổi địa chỉ của doanh nghiệp kinh doanh hàng miễn thuế,97839,305,10,TONG_CUC,null,null,https://files.customs.gov.vn/CustomsCMS/TONG_CUC/2024/12/2/2769. Tdoi Diachi Mien thue.pdf,https://www.customs.gov.vn/index.jsp?pageId=3&id=97839&cid=1294,2024,11/2024,2026-10-08T09:33:34Z
253,Luật 54/2024/QH15,29/11/2024,Chính phủ,"Luật Địa chất và Khoáng sản của Quốc hội, số 54/2024/QH15",100211,305,13,THANH_HOA,Trần Thanh Mẫn,null,https://files.customs.gov.vn/CustomsCMS/THANH_HOA/2025/5/29/Luật-54-2024-QH15.pdf,https://www.customs.gov.vn/index.jsp?pageId=3&id=100211&cid=1294,2024,11/2024,2026-10-08T09:33:34Z
254,85/KTNN-TT,28/11/2024,Kho bạc Nhà nước,V/v cung cấp danh sách các NHTM nơi KBNN mở tài khoản,97967,305,16,TONG_CUC,Hoàng Trung Lương,02/12/2024,"https://files.customs.gov.vn/CustomsCMS/TONG_CUC/2024/12/12/85-KTNN.pdf,/CustomsCMS/TONG_CUC/2024/12/12/85-KTNN-phuluc161224.pdf",https://www.customs.gov.vn/index.jsp?pageId=3&id=97967&cid=1294,2024,11/2024,2026-10-08T09:33:34Z
255,344/QĐ-HQKH,27/11/2024,Cục Hải quan tỉnh Khánh Hòa,Quyết định công bố công khai điều chỉnh quyết toán chi NSNN năm 2023 của Cục Hải quan tỉnh Khánh Hòa,97865,305,10,KHANH_HOA,null,null,https://files.customs.gov.vn/CustomsCMS/KHANH_HOA/2024/12/3/344_QDcongkhaidieuchinh_quyettoan_thu_chiNSNN2023.pdf,https://www.customs.gov.vn/index.jsp?pageId=3&id=97865&cid=1294,2024,11/2024,2026-10-08T09:33:34Z
256,354/QĐ-HQHT,26/11/2024,Cục Hải quan tỉnh Hà Tĩnh,Quyết định Về việc công bố công khai điều chỉnh dự toán chi ngân sách nhà nước năm 2024 của Cục Hải quan tỉnh Hà Tĩnh,97804,305,10,HA_TINH,Đ/c Bùi Thanh San,null,https://files.customs.gov.vn/CustomsCMS/HA_TINH/2024/11/27/354 QĐ_0001.signed.pdf,https://www.customs.gov.vn/index.jsp?pageId=3&id=97804&cid=1294,2024,11/2024,2026-10-08T09:33:34Z
257,84/2024/TT-BTC,26/11/2024,Bộ Tài chính,"V/v Sửa đổi, bổ sung một số điều của Thông tư số 324/2016/TT-BTC ngày 21/12/2016 của Bộ trưởng Bộ Tài chính quy định hệ thống mục lục ngân sách nhà nước đã được sửa đổi, bổ sung tại Thông tư số 93/2019/TT-BTC ngày 31/12/2019 và Thông tư số 51/2022/TT-BTC ngày 11/08/2022 của Bộ trưởng Bộ Tài chính",98063,305,4,DONG_NAI,null,10/01/2025,https://files.customs.gov.vn/CustomsCMS/DONG_NAI/2024/12/18/84_2024_TT_BTC_26_11_2024.pdf,https://www.customs.gov.vn/index.jsp?pageId=3&id=98063&cid=1294,2024,11/2024,2026-10-08T09:33:34Z
258,1932/TB-HQDT,25/11/2024,Cục Hải quan tỉnh Đồng Tháp,Thông báo lịch tiếp công dân định kỳ tháng 12/2024,97796,305,19,DONG_THAP,null,null,,https://www.customs.gov.vn/index.jsp?pageId=3&id=97796&cid=1294,2024,11/2024,2026-10-08T09:33:34Z
259,2153/HQTN-VP,25/11/2024,Cục Hải quan tỉnh Tây Ninh,"V/v tuyên truyền, phổ biến kênh Zalo OA của Bộ Nội vụ",97782,305,16,TAY_NINH,Phan Văn Vũ,null,https://files.customs.gov.vn/CustomsCMS/TAY_NINH/2024/11/25/2153-HQTN-VP.signed.pdf,https://www.customs.gov.vn/index.jsp?pageId=3&id=97782&cid=1294,2024,11/2024,2026-10-08T09:33:34Z
260,357/QĐ-HQHG,25/11/2024,Cục Hải quan tỉnh Hà Giang,Quyết định về việc công nhận địa điểm kiểm tra hàng hoá tại cơ sở sản xuất của Công ty TNHH Greenhome Flooring,97805,305,10,HA_GIANG,Nguyễn Minh Thành,null,https://files.customs.gov.vn/CustomsCMS/HA_GIANG/2024/11/27/357 QĐ-HQHG.pdf,https://www.customs.gov.vn/index.jsp?pageId=3&id=97805&cid=1294,2024,11/2024,2026-10-08T09:33:34Z
261,359/QĐ-HQHG,25/11/2024,Cục Hải quan tỉnh Hà Giang,"Quyết định về việc công nhận địa điểm kiểm tra hàng hoá tại cơ sở sản xuất, nhà máy của Công ty Cổ phần chè Mỹ Lâm",97806,305,10,HA_GIANG,Nguyễn Minh Thành,null,https://files.customs.gov.vn/CustomsCMS/HA_GIANG/2024/11/27/359 QĐ-HQHG.pdf,https://www.customs.gov.vn/index.jsp?pageId=3&id=97806&cid=1294,2024,11/2024,2026-10-08T09:33:34Z
262,5798/TCHQ-VP,22/11/2024,Tổng cục Hải quan,"Tuyên truyền, phổ biến chế độ chính sách đối với người lao động ngành Hải quan",97810,305,16,CAO_BANG,null,null,https://files.customs.gov.vn/CustomsCMS/CAO_BANG/2024/11/28/6155798.pdf,https://www.customs.gov.vn/index.jsp?pageId=3&id=97810&cid=1294,2024,11/2024,2026-10-08T09:33:34Z
263,5798/TCHQQ-VP,22/11/2024,Văn phòng,"Tuyên truyền, phổ biến chế độ chính sách đối với người lao động ngành Hải quan",97813,305,19,HA_NOI,null,null,https://files.customs.gov.vn/CustomsCMS/HA_NOI/2024/11/28/4955798.pdf,https://www.customs.gov.vn/index.jsp?pageId=3&id=97813&cid=1294,2024,11/2024,2026-10-08T09:33:34Z
264,CV 5798/TCHQ-VP,22/11/2024,cục hải quan tỉnh thanh hóa,"V/v tuyên truyền, phổ biến chế độ chính sách đối với người lao động ngành Hải quan",97816,305,16,THANH_HOA,null,null,https://files.customs.gov.vn/CustomsCMS/THANH_HOA/2024/11/28/cong van 5373.pdf,https://www.customs.gov.vn/index.jsp?pageId=3&id=97816&cid=1294,2024,11/2024,2026-10-08T09:33:34Z
265,3283/HQTPHCM-TVQT,21/11/2024,Cục Hải quan TP. Hồ Chí Minh - Phòng TVQT,V.v báo giá dịch vụ tư vấn lập E-HSMT và đánh giá E-HSDT,97771,305,19,TP_HO_CHI_MINH,null,null,https://files.customs.gov.vn/CustomsCMS/TP_HO_CHI_MINH/2024/11/22/3283.signed.pdf,https://www.customs.gov.vn/index.jsp?pageId=3&id=97771&cid=1294,2024,11/2024,2026-10-08T09:33:34Z
266,3284/HQTPHCM-TVQT,21/11/2024,Cục Hải quan TP. Hồ Chí Minh - Phòng TVQT,"V.v báo giá dịch vụ Thẩm định Kế hoạch LCNT, E-HSMT và Kết quả LCNT",97772,305,16,TP_HO_CHI_MINH,null,null,https://files.customs.gov.vn/CustomsCMS/TP_HO_CHI_MINH/2024/11/22/3284.signed.pdf,https://www.customs.gov.vn/index.jsp?pageId=3&id=97772&cid=1294,2024,11/2024,2026-10-08T09:33:34Z
267,78/KTNN-TT,21/11/2024,Kho bạc Nhà nước,V/v chuyển đổi số tài khoản của KBNN mở tại BIDV,97789,305,16,TONG_CUC,Hoàng Trung Lương,25/11/2024,"https://files.customs.gov.vn/CustomsCMS/TONG_CUC/2024/11/25/78.CV.pdf,/CustomsCMS/TONG_CUC/2024/11/25/78-PL.pdf",https://www.customs.gov.vn/index.jsp?pageId=3&id=97789&cid=1294,2024,11/2024,2026-10-08T09:33:34Z
268,3241/HQTPHCM-TVQT,19/11/2024,Cục Hải quan TP. Hồ Chí Minh - PTVQT,V.v báo giá dịch vụ Thẩm định Kế hoạch LCNT,97723,305,19,TP_HO_CHI_MINH,null,null,https://files.customs.gov.vn/CustomsCMS/TP_HO_CHI_MINH/2024/11/19/3241.signed.pdf,https://www.customs.gov.vn/index.jsp?pageId=3&id=97723&cid=1294,2024,11/2024,2026-10-08T09:33:34Z
269,3243/HQTPHCM-TVQT,19/11/2024,Cục Hải quan TP. Hồ Chí Minh - Phòng TVQT,V.v báo giá dịch vụ Thẩm định Kế hoạch LCNT,97724,305,19,TP_HO_CHI_MINH,null,null,https://files.customs.gov.vn/CustomsCMS/TP_HO_CHI_MINH/2024/11/19/3243.signed.pdf,https://www.customs.gov.vn/index.jsp?pageId=3&id=97724&cid=1294,2024,11/2024,2026-10-08T09:33:34Z
270,349/QĐ-HQHT,19/11/2024,Cục Hải quan tỉnh Hà Tĩnh,Về việc công bố công khai điều chỉnh dự toán chi ngân sách nhà nước năm 2024 của Cục Hải quan tỉnh Hà Tĩnh,97729,305,10,HA_TINH,Đ/c Bùi Thanh San,null,,https://www.customs.gov.vn/index.jsp?pageId=3&id=97729&cid=1294,2024,11/2024,2026-10-08T09:33:34Z
271,779/TB-KS1,19/11/2024,Đội KSHQ số 1,"Đội Kiểm soát Hải quan số 1, Cục Hải quan tỉnh Quảng Ninh thông báo tìm chủ sở hữu hàng hóa",97753,305,19,QUANG_NINH,Kiểu Văn Ninh,19/11/2024,https://files.customs.gov.vn/CustomsCMS/QUANG_NINH/2024/11/21/KS 1 thong bao tim chu so huu.pdf,https://www.customs.gov.vn/index.jsp?pageId=3&id=97753&cid=1294,2024,11/2024,2026-10-08T09:33:34Z
272,337/QĐ-HQKH,15/11/2024,Cục Hải quan tỉnh Khánh Hòa,Quyết định công bố Chính sách chất lượng của Cục Hải quan tỉnh Khánh Hòa,98036,305,10,KHANH_HOA,null,null,https://files.customs.gov.vn/CustomsCMS/KHANH_HOA/2024/12/18/337-QDbanhanh_CSCL_den_nam_2025.pdf,https://www.customs.gov.vn/index.jsp?pageId=3&id=98036&cid=1294,2024,11/2024,2026-10-08T09:33:34Z
273,3203/HQTPHCM-TVQT,14/11/2024,Cục Hải quan TP. Hồ Chí Minh - Phòng TVQT,V/v mời cung cấp bảng báo giá dịch vụ thẩm định giá,97699,305,16,TP_HO_CHI_MINH,null,null,https://files.customs.gov.vn/CustomsCMS/TP_HO_CHI_MINH/2024/11/15/3203.signed.pdf,https://www.customs.gov.vn/index.jsp?pageId=3&id=97699&cid=1294,2024,11/2024,2026-10-08T09:33:34Z
274,3204/HQTPHCM-TVQT,14/11/2024,Cục Hải quan TP. Hồ Chí Minh - Phòng TVQT,V/v mời cung cấp bảng báo giá dịch vụ thẩm định giá,97700,305,16,TP_HO_CHI_MINH,null,null,https://files.customs.gov.vn/CustomsCMS/TP_HO_CHI_MINH/2024/11/15/3204.signed.pdf,https://www.customs.gov.vn/index.jsp?pageId=3&id=97700&cid=1294,2024,11/2024,2026-10-08T09:33:34Z
275,3205/HQTPHCM-TVQT,14/11/2024,Cục Hải quan TP. Hồ Chí Minh - Phòng TVQT,V.v báo giá dịch vụ thẩm định giá,97701,305,16,TP_HO_CHI_MINH,null,null,https://files.customs.gov.vn/CustomsCMS/TP_HO_CHI_MINH/2024/11/15/3205.signed.pdf,https://www.customs.gov.vn/index.jsp?pageId=3&id=97701&cid=1294,2024,11/2024,2026-10-08T09:33:34Z
276,335/QĐ-HQKH,14/11/2024,Cục Hải quan tỉnh Khánh Hòa,"Quyết định công bố công khai giao, điều chỉnh dự toán chi NSNN năm 2024 của Cục Hải quan tỉnh Khánh Hòa",97797,305,10,KHANH_HOA,null,null,https://files.customs.gov.vn/CustomsCMS/KHANH_HOA/2024/11/26/335_QD_congbocongkhaiNSNN.pdf,https://www.customs.gov.vn/index.jsp?pageId=3&id=97797&cid=1294,2024,11/2024,2026-10-08T09:33:34Z
277,2487/QĐ-HQHNN,12/11/2024,Cục Hải quan Hà Nam Ninh,"Thanh tra việc chấp hành các quy định của pháp luật về hải quan, pháp luật về thuế tại Công ty TNHH MCNex Vina",97698,305,10,HA_NAM_NINH,null,12/11/2024,,https://www.customs.gov.vn/index.jsp?pageId=3&id=97698&cid=1294,2024,11/2024,2026-10-08T09:33:34Z
278,109-CV/ĐUHQ,11/11/2024,cục hải quan tỉnh thanh hóa,Về việc triển khai và tham gia Cuộc thi chính luận bảo vệ nền tảng tư tưởng của Đảng trên địa bàn tỉnh năm 2025,97770,305,16,THANH_HOA,null,null,"https://files.customs.gov.vn/CustomsCMS/THANH_HOA/2024/11/22/112di2024_18_109_cv-äuhqs1.pdf,/CustomsCMS/THANH_HOA/2024/11/22/Kế hoạch tổ chức Cuộc thi chính luận về bảo vệ nền tảng tư tưởng của Đảng trên địa bàn tỉnh năm 2025.pdf,/CustomsCMS/THANH_HOA/2024/11/22/497Thể lệ Cuộc thi chính luận năm 2025.pdf,/CustomsCMS/THANH_HOA/2024/11/22/848vbđi.1460CVĐUK.pdf",https://www.customs.gov.vn/index.jsp?pageId=3&id=97770&cid=1294,2024,11/2024,2026-10-08T09:33:34Z
279,350/QĐ-HQHG,11/11/2024,Cục Hải quan tỉnh Hà Giang,"Quyết định về việc gia hạn Quyết định công nhận địa điểm kiểm tra hàng hoá tại cơ sở sản xuất, nhà máy của Công ty TNHH Gang thép Tuyên Quang",97622,305,10,HA_GIANG,Hoàng Cừ,null,https://files.customs.gov.vn/CustomsCMS/HA_GIANG/2024/11/11/350 QĐ-HQHG.pdf,https://www.customs.gov.vn/index.jsp?pageId=3&id=97622&cid=1294,2024,11/2024,2026-10-08T09:33:34Z
280,351/QĐ-HQHG,11/11/2024,Cục Hải quan tỉnh Hà Giang,"Quyết định về việc gia hạn Quyết định công nhận địa điểm kiểm tra hàng hoá tại cơ sở sản xuất, nhà máy của Công ty Cổ phần Xây dựng tổng hợp Tuyên Quang",97623,305,10,HA_GIANG,Hoàng Cừ,null,https://files.customs.gov.vn/CustomsCMS/HA_GIANG/2024/11/11/351 QĐ-HQHG.pdf,https://www.customs.gov.vn/index.jsp?pageId=3&id=97623&cid=1294,2024,11/2024,2026-10-08T09:33:34Z
281,458/QĐ-HQCT,11/11/2024,Cục Hải quan TP. Cần Thơ,Công bố công khai dự toán đầu tư công năm 2024 của Cục Hải quan TP. Cần Thơ,97624,305,10,CAN_THO,null,11/11/2024,https://files.customs.gov.vn/CustomsCMS/CAN_THO/2024/11/11/2024-QD 458.pdf,https://www.customs.gov.vn/index.jsp?pageId=3&id=97624&cid=1294,2024,11/2024,2026-10-08T09:33:34Z
282,2102/QĐ-HQHP,08/11/2024,Cục Hải quan thành phố Hải Phòng,Quyết định công bố công khai dự toán ngân sách năm 2024 của Cục Hải quan thành phố Hải Phòng,97656,305,10,HAI_PHONG,Trần Mạnh Hùng,08/11/2024,https://files.customs.gov.vn/CustomsCMS/HAI_PHONG/2024/11/14/2102HQHP_0001.pdf,https://www.customs.gov.vn/index.jsp?pageId=3&id=97656&cid=1294,2024,11/2024,2026-10-08T09:33:34Z
283,2103/QĐ-HQHP,08/11/2024,Cục Hải quan thành phố Hải Phòng,Quyết định phê duyệt danh mục sửa chữa tài sản thiệt hại do cơn bão số 3 (Yagi) năm 2024,97642,305,10,HAI_PHONG,Trần Mạnh Hùng,08/11/2024,https://files.customs.gov.vn/CustomsCMS/HAI_PHONG/2024/11/13/2103HQHP_0001.pdf,https://www.customs.gov.vn/index.jsp?pageId=3&id=97642&cid=1294,2024,11/2024,2026-10-08T09:33:34Z
284,525/TB-TTKT,08/11/2024,Cục Hải quan TP. Hồ Chí Minh - Phòng Thanh tra,Lịch tiếp công dân thường xuyên tại Trụ sở Cục HQ TPHCM,97615,305,19,TP_HO_CHI_MINH,null,null,https://files.customs.gov.vn/CustomsCMS/TP_HO_CHI_MINH/2024/11/11/525.signed.pdf,https://www.customs.gov.vn/index.jsp?pageId=3&id=97615&cid=1294,2024,11/2024,2026-10-08T09:33:34Z
285,71/KTNN-TT,08/11/2024,Kho bạc Nhà nước,cung cấp danh sách các NHTM nơi KBNN mở tài khoản,97633,305,16,TONG_CUC,Hoàng Trung Lương,13/11/2024,"https://files.customs.gov.vn/CustomsCMS/TONG_CUC/2024/11/12/71-KTNN.pdf,/CustomsCMS/TONG_CUC/2024/11/12/phuluc71.pdf",https://www.customs.gov.vn/index.jsp?pageId=3&id=97633&cid=1294,2024,11/2024,2026-10-08T09:33:34Z
286,72/KTNN-TT,08/11/2024,Kho bạc Nhà nước,cung cấp danh sách các NHTM nơi KBNN mở tài khoản,97632,305,16,TONG_CUC,Hoàng Trung Lương,11/11/2024,"https://files.customs.gov.vn/CustomsCMS/TONG_CUC/2024/11/12/72-KTNN.pdf,/CustomsCMS/TONG_CUC/2024/11/12/phu lucCV72.KTNN.pdf",https://www.customs.gov.vn/index.jsp?pageId=3&id=97632&cid=1294,2024,11/2024,2026-10-08T09:33:34Z
287,3126/HQTPHCM-TVQT,07/11/2024,Cục Hải quan TP. Hồ Chí Minh - Phòng TVQT,"V/v mời cung cấp báo giá dịch vụ tư vấn thẩm định các nội dung trong lựa chọn nhà thầu thuộc dự toán mua sắm bảo trì, bảo dưỡng máy soi",97603,305,16,TP_HO_CHI_MINH,null,null,https://files.customs.gov.vn/CustomsCMS/TP_HO_CHI_MINH/2024/11/8/3126.signed.pdf,https://www.customs.gov.vn/index.jsp?pageId=3&id=97603&cid=1294,2024,11/2024,2026-10-08T09:33:34Z
288,3127/HQTPHCM-TVQT,07/11/2024,Cục Hải quan TP. Hồ Chí Minh - Phòng TVQT,"V/v mời cung cấp báo giá dịch vụ tư vấn lập E-HSMT và đánh giá E-HSDT, gói thầu bảo trì bảo dưỡng Hệ thống máy soi Container di động Eargle M60-Hãng Rapiscan cho Cục hải quan Thành phố Hồ Chí Minh",97604,305,16,TP_HO_CHI_MINH,null,null,https://files.customs.gov.vn/CustomsCMS/TP_HO_CHI_MINH/2024/11/8/3127.signed.pdf,https://www.customs.gov.vn/index.jsp?pageId=3&id=97604&cid=1294,2024,11/2024,2026-10-08T09:33:34Z
289,3128/HQTPHCM-TVQT,07/11/2024,Cục Hải quan TP. Hồ Chí Minh - Phòng TVQT,"V/v mời cung cấp báo giá dịch vụ tư vấn lập E-HSMT và đánh giá E-HSDT, gói thầu bảo trì bảo dưỡng máy soi hành lý, hàng hóa cho Cục hải quan Thành phố Hồ Chí Minh",97605,305,16,TP_HO_CHI_MINH,null,null,https://files.customs.gov.vn/CustomsCMS/TP_HO_CHI_MINH/2024/11/8/3128.signed.pdf,https://www.customs.gov.vn/index.jsp?pageId=3&id=97605&cid=1294,2024,11/2024,2026-10-08T09:33:34Z
290,3129/HQTPHCM-TVQT,07/11/2024,Cục Hải quan TP. Hồ Chí Minh - Phòng TVQT,"V/v mời cung cấp báo giá dịch vụ tư vấn lập E-HSMT và đánh giá E-HSDT, gói thầu bảo trì bảo dưỡng máy soi container di dộng HCVM 3528L và hệ thống máy soi Container dạng cổng HCVP 6030- Hãng Smiths Detection cho Cục hải quan Thành phố Hồ Chí Minh",97606,305,16,TP_HO_CHI_MINH,null,null,https://files.customs.gov.vn/CustomsCMS/TP_HO_CHI_MINH/2024/11/8/3129.signed.pdf,https://www.customs.gov.vn/index.jsp?pageId=3&id=97606&cid=1294,2024,11/2024,2026-10-08T09:33:34Z
291,3089/HQTPHCM-TVQT,05/11/2024,Cục Hải quan TP. Hồ Chí Minh - Phòng TVQT,V.v mời cung cấp bảng báo giá dịch vụ vận chuyển xe kéo container chạy bằng điện,97354,305,16,TP_HO_CHI_MINH,null,null,https://files.customs.gov.vn/CustomsCMS/TP_HO_CHI_MINH/2024/11/5/3089.signed.pdf,https://www.customs.gov.vn/index.jsp?pageId=3&id=97354&cid=1294,2024,11/2024,2026-10-08T09:33:34Z
292,3090/HQTPHCM-TVQT,05/11/2024,Cục Hải quan TP. Hồ Chí Minh - Phòng TVQT,"V.v báo cáo giá dịch vụ Thẩm định Kế hoạch LCNT, E-HSMT và Kết quả LCNT",97575,305,16,TP_HO_CHI_MINH,null,null,https://files.customs.gov.vn/CustomsCMS/TP_HO_CHI_MINH/2024/11/6/3090.signed.pdf,https://www.customs.gov.vn/index.jsp?pageId=3&id=97575&cid=1294,2024,11/2024,2026-10-08T09:33:34Z
293,3091/HQTPHCM-TVQT,05/11/2024,Cục Hải quan TP. Hồ Chí Minh - Phòng TVQT,V.v báo giá dịch vụ tư vấn lập E-HSMT và đánh giá E-HSDT,97576,305,16,TP_HO_CHI_MINH,null,null,https://files.customs.gov.vn/CustomsCMS/TP_HO_CHI_MINH/2024/11/6/3091.signed.pdf,https://www.customs.gov.vn/index.jsp?pageId=3&id=97576&cid=1294,2024,11/2024,2026-10-08T09:33:34Z
294,336/QĐ-HQHG,04/11/2024,Cục Hải quan tỉnh Hà Giang,"về việc gia hạn Quyết định công nhận địa điểm kiểm tra hàng hoá tại cơ sở sản xuất, nhà máy của Công ty Cổ phần Thương mại - Sản xuất -Xuất khẩu Phúc lâm",97620,305,10,HA_GIANG,Nguyễn Lưu Hưng,null,https://files.customs.gov.vn/CustomsCMS/HA_GIANG/2024/11/11/336 QĐ-HQHG.pdf,https://www.customs.gov.vn/index.jsp?pageId=3&id=97620&cid=1294,2024,11/2024,2026-10-08T09:33:34Z
