stt,so_hieu,ngay_ban_hanh,co_quan_ban_hanh,noi_dung_tom_tat,ma_noi_bo,linh_vuc,loai_van_ban,chuyen_trang,nguoi_ky,ngay_hieu_luc,pdf_url,url_chi_tiet,nam,nam_thang,crawled_at
1,07/QĐGQKN-HQHCM-HQTPHCM,28/01/2022,Cục Hải quan TP. Hồ Chí Minh,Về việc giải quyết khiếu nại của Công ty TNHH thương mại dịch vụ ALOBUY VIỆT NAM,77066,305,10,TP_HO_CHI_MINH,null,null,https://files.customs.gov.vn/CustomsCMS/TP_HO_CHI_MINH/2022/2/17/7.PDF,https://www.customs.gov.vn/index.jsp?pageId=3&id=77066&cid=1294,2022,01/2022,2026-10-08T09:33:06Z
2,133/QĐ-BCT,28/01/2022,Bộ Công Thương,"Quyết định về việc bổ sung danh mục máy móc, thiết bị, vật tư, nguyên liệu trong nước đã sản xuất được",77790,305,10,AN_GIANG,Nguyễn Sinh Nhật Tân,28/01/2022,https://files.customs.gov.vn/CustomsCMS/AN_GIANG/2022/4/7/133_QD-BCT_2022_133-1110754.pdf,https://www.customs.gov.vn/index.jsp?pageId=3&id=77790&cid=1294,2022,01/2022,2026-10-08T09:33:06Z
3,41/QĐ-HQKH,26/01/2022,Cục Hải quan tỉnh Khánh Hoà,Ban hành Kế hoạch kiểm soát thủ tục hành chính năm 2022 của Cục Hải quan tỉnh Khánh Hoà,77065,305,10,KHANH_HOA,null,null,https://files.customs.gov.vn/CustomsCMS/KHANH_HOA/2022/2/17/41_KHKSTTHC2022.PDF,https://www.customs.gov.vn/index.jsp?pageId=3&id=77065&cid=1294,2022,01/2022,2026-10-08T09:33:06Z
4,84/QĐ-BTC,26/01/2022,Bộ Tài Chính,Công bố Danh mục văn bản quy phạm pháp luật hết hiệu lực,77198,305,10,HAI_PHONG,null,null,,https://www.customs.gov.vn/index.jsp?pageId=3&id=77198&cid=1294,2022,01/2022,2026-10-08T09:33:06Z
5,105/QĐ-HQTPHCM,25/01/2022,Cục Hải quan thành phố Hồ Chí Minh,Về việc ban hành nội quy tiếp công dân tại trụ sở Cục Hải quan Thành phố Hồ Chí Minh,83562,305,10,TP_HO_CHI_MINH,Đinh Ngọc Thắng,null,https://files.customs.gov.vn/CustomsCMS/TP_HO_CHI_MINH/2023/3/1/1820965_105.signed.pdf,https://www.customs.gov.vn/index.jsp?pageId=3&id=83562&cid=1294,2022,01/2022,2026-10-08T09:33:06Z
6,108/QĐ-TCHQ,25/01/2022,Tổng cục Hải quan,"Quyết định số 108/QĐ-TCHQ ngày 25/01/2022 của Tổng cục Hải quan V/v di chuyển địa điểm tập kết, kiểm tra, giám sát hàng hóa xuất khẩu, nhập khẩu tập trung",76992,305,10,TONG_CUC,null,null,,https://www.customs.gov.vn/index.jsp?pageId=3&id=76992&cid=1294,2022,01/2022,2026-10-08T09:33:06Z
7,153/HQĐNa-VP,24/01/2022,Cục Hải quan tỉnh Đồng Nai,V/v Thông báo nghỉ Tết âm lịch năm 2022 (Các doanh nghiệp),68630,305,19,DONG_NAI,null,24/01/2022,https://files.customs.gov.vn/CustomsCMS/DONG_NAI/2022/1/24/153_HQDNA_VP_24_01_2022.PDF,https://www.customs.gov.vn/index.jsp?pageId=3&id=68630&cid=1294,2022,01/2022,2026-10-08T09:33:06Z
8,05/QĐGQKN-HQHCM-HQTPHCM,21/01/2022,Cục Hải quan TP. Hồ Chí Minh,Về việc giải quyết khiếu nại (lần hai) của Công ty TNHH GlaxoSmithKline Hàng Tiêu Dùng và Chăm Sóc Sức Khỏe Việt Nam,77055,305,10,TP_HO_CHI_MINH,Phan Minh Lê,null,https://files.customs.gov.vn/CustomsCMS/TP_HO_CHI_MINH/2022/2/17/05.PDF,https://www.customs.gov.vn/index.jsp?pageId=3&id=77055&cid=1294,2022,01/2022,2026-10-08T09:33:06Z
9,06/QĐGQKN-HQHCM-HQTPHCM,21/01/2022,Cục Hải quan TP. Hồ Chí Minh,Về việc giải quyết khiếu nại của Công ty TNHH Một thành viên Thương mại RUITON VIỆT NAM,77081,305,10,TP_HO_CHI_MINH,null,null,https://files.customs.gov.vn/CustomsCMS/TP_HO_CHI_MINH/2022/2/18/06.PDF,https://www.customs.gov.vn/index.jsp?pageId=3&id=77081&cid=1294,2022,01/2022,2026-10-08T09:33:06Z
10,13/2022/NĐ-CP,21/01/2022,Chính phủ,"SỬA ĐỔI, BỔ SUNG MỘT SỐ ĐIỀU NGHỊ ĐỊNH SỐ 132/2008/NĐ-CP NGÀY 31 THÁNG 12 NĂM 2008, NGHỊ ĐỊNH SỐ 74/2018/NĐ-CP NGÀY 15 THÁNG 5 NĂM 2018 CỦA CHÍNH PHỦ QUY ĐỊNH CHI TIẾT THI HÀNH MỘT SỐ ĐIỀU LUẬT CHẤT LƯỢNG SẢN PHẨM, HÀNG HÓA VÀ NGHỊ ĐỊNH SỐ 86/2012/NĐ-CP NGÀY 19 THÁNG 10 NĂM 2012 CỦA CHÍNH PHỦ QUY ĐỊNH CHI TIẾT VÀ HƯỚNG DẪN THI HÀNH MỘT SỐ ĐIỀU LUẬT ĐO LƯỜNG",77312,305,8,TAY_NINH,null,15/03/2022,https://files.customs.gov.vn/CustomsCMS/TAY_NINH/2022/3/4/Nghi dinh 13_2022_ND-CP_501632.doc,https://www.customs.gov.vn/index.jsp?pageId=3&id=77312&cid=1294,2022,01/2022,2026-10-08T09:33:06Z
11,13/2022/NĐ-CP.,21/01/2022,Chính phủ,"SỬA ĐỔI, BỔ SUNG MỘT SỐ ĐIỀU NGHỊ ĐỊNH SỐ 132/2008/NĐ-CP NGÀY 31 THÁNG 12 NĂM 2008, NGHỊ ĐỊNH SỐ 74/2018/NĐ-CP NGÀY 15 THÁNG 5 NĂM 2018 CỦA CHÍNH PHỦ QUY ĐỊNH CHI TIẾT THI HÀNH MỘT SỐ ĐIỀU LUẬT CHẤT LƯỢNG SẢN PHẨM, HÀNG HÓA VÀ NGHỊ ĐỊNH SỐ 86/2012/NĐ-CP NGÀY 19 THÁNG 10 NĂM 2012 CỦA CHÍNH PHỦ QUY ĐỊNH CHI TIẾT VÀ HƯỚNG DẪN THI HÀNH MỘT SỐ ĐIỀU LUẬT ĐO LƯỜNG",78543,305,8,BAC_NINH,null,21/01/2022,https://files.customs.gov.vn/CustomsCMS/BAC_NINH/2022/5/25/Nghi dinh 13_2022_ND-CP_501632.doc,https://www.customs.gov.vn/index.jsp?pageId=3&id=78543&cid=1294,2022,01/2022,2026-10-08T09:33:06Z
12,373/STNMT-KS,19/01/2022,UBND tỉnh BR-VT,Triển khai CT số 15/CT-UBND về công tác quản lý NN về khoáng sản,78604,305,16,BA_RIA_VUNG_TAU,Nguyễn Văn Hải,19/01/2022,https://files.customs.gov.vn/CustomsCMS/BA_RIA_VUNG_TAU/2022/5/26/602.tif,https://www.customs.gov.vn/index.jsp?pageId=3&id=78604&cid=1294,2022,01/2022,2026-10-08T09:33:06Z
13,138/QĐ-TCHQ,18/01/2022,Tổng cục Hải quan,"Quyết định số 138/QĐ-TCHQ ngày 28/01/2022 v/v ban hành Kế hoạch hành động của Tổng cục Hải quan thực hiện Nghị quyết số 01/NQ-CP ngày 08/01/2022 của Chính phủ về nhiệm vụ, giải pháp chủ yếu thực hiện Kế hoạch phát triển kinh tế - xã hội và Dự toán ngân sách nhà nước năm 2022, Quyết định số 38/QĐ- BTC ngày 11/01/2022 ban hành Kế hoạch hành động của Bộ Tài chính thực hiện Nghị quyết số 01/NQ-CP và Chương trình xây dựng văn bản quy phạm pháp luật năm 2022 của Bộ Tài chính",77016,305,10,TONG_CUC,Nguyễn Văn Thọ,18/01/2022,,https://www.customs.gov.vn/index.jsp?pageId=3&id=77016&cid=1294,2022,01/2022,2026-10-08T09:33:06Z
14,60/QĐ-TCHQ,18/01/2022,null,"Quyết định số 60/QĐ-TCHQ ngày 18/01/2022 của Tổng cục Hải quan V/v hoạt động trở lại địa điểm tập kết, kiểm tra, giám sát hàng hóa xuất khẩu, nhập khẩu ở biên giới.",72838,305,10,TONG_CUC,null,null,https://files.customs.gov.vn/CustomsCMS/TONG_CUC/2022/1/28/60-QD-TCHQ.PDF,https://www.customs.gov.vn/index.jsp?pageId=3&id=72838&cid=1294,2022,01/2022,2026-10-08T09:33:06Z
15,61/QĐ-TCHQ,18/01/2022,null,Chấm dứt hoạt động địa điểm thu gom hàng lẻ (CFS),68538,305,10,TONG_CUC,Mai Xuân Thành,18/01/2022,https://files.customs.gov.vn/CustomsCMS/TONG_CUC/2022/1/19/61-QD-TCHQ.PDF,https://www.customs.gov.vn/index.jsp?pageId=3&id=68538&cid=1294,2022,01/2022,2026-10-08T09:33:06Z
16,62/QĐ-TCHQ,18/01/2022,null,Thay đổi tên chủ sở hữu kho ngoại quan,68537,305,10,TONG_CUC,Mai Xuân Thành,18/01/2022,https://files.customs.gov.vn/CustomsCMS/TONG_CUC/2022/1/19/62-QD-TCHQ.PDF,https://www.customs.gov.vn/index.jsp?pageId=3&id=68537&cid=1294,2022,01/2022,2026-10-08T09:33:06Z
17,63/QĐ-TCHQ,18/01/2022,null,"Chấm dứt hoạt động địa điểm tập kết, kiểm tra, giám sát hàng hóa XK, NK ở khu vực biên giới",68539,305,10,TONG_CUC,Mai Xuân Thành,18/01/2022,https://files.customs.gov.vn/CustomsCMS/TONG_CUC/2022/1/19/63-QD-TCHQ.PDF,https://www.customs.gov.vn/index.jsp?pageId=3&id=68539&cid=1294,2022,01/2022,2026-10-08T09:33:06Z
18,240/KV1-ĐGSKS,17/01/2022,Cục Hải quan TP.Hồ Chí Minh – Chi cục HQ CK CSG Khu vực 1,V/v đăng thông báo tìm chủ hàng hóa tồn đọng là phế liệu.,68534,305,19,TP_HO_CHI_MINH,Nguyễn Thanh Long,17/01/2022,https://files.customs.gov.vn/CustomsCMS/TP_HO_CHI_MINH/2022/1/18/240.PDF,https://www.customs.gov.vn/index.jsp?pageId=3&id=68534&cid=1294,2022,01/2022,2026-10-08T09:33:06Z
19,348/UBND-VP,17/01/2022,UBND tỉnh Bà Rịa - Vũng Tàu,Triển khai Nghị định số 124/2021/NĐ-CP,78603,305,16,BA_RIA_VUNG_TAU,Trần Văn Tuấn,17/01/2022,https://files.customs.gov.vn/CustomsCMS/BA_RIA_VUNG_TAU/2022/5/26/407.tif,https://www.customs.gov.vn/index.jsp?pageId=3&id=78603&cid=1294,2022,01/2022,2026-10-08T09:33:06Z
20,03/QĐGQKN-HQHCM-HQTPHCM,14/01/2022,Cục Hải quan TP. Hồ Chí Minh,Về việc giải quyết khiếu nại (lần hai) của Công ty TNHH Ezaki Glico Việt Nam. Mã số thuế: 0315576855,77060,305,10,TP_HO_CHI_MINH,null,null,https://files.customs.gov.vn/CustomsCMS/TP_HO_CHI_MINH/2022/2/17/03.PDF,https://www.customs.gov.vn/index.jsp?pageId=3&id=77060&cid=1294,2022,01/2022,2026-10-08T09:33:06Z
21,04/QĐGQKN-HQHCM-HQTPHCM,14/01/2022,Cục Hải quan TP. Hồ Chí Minh,Về việc giải quyết khiếu nại (lần hai) của Công ty TNHH Ezaki Glico Việt Nam. Mã số thuế: 0315576855,77062,305,10,TP_HO_CHI_MINH,null,null,https://files.customs.gov.vn/CustomsCMS/TP_HO_CHI_MINH/2022/2/17/2304.PDF,https://www.customs.gov.vn/index.jsp?pageId=3&id=77062&cid=1294,2022,01/2022,2026-10-08T09:33:06Z
22,03/2022/QH15,11/01/2022,Quốc hội,"Sửa đổi Luật Đầu tư công, Luật Đầu tư theo phương thức đối tác công tư, Luật Đầu tư, Luật Nhà ở, Luật Đấu thầu, Luật Điện lực, Luật Doanh nghiệp, Luật Thuế tiêu thụ đặc biệt và Luật Thi hành án dân sự 2022",77522,305,13,TONG_CUC,Vương Đình Huệ,01/03/2022,,https://www.customs.gov.vn/index.jsp?pageId=3&id=77522&cid=1294,2022,01/2022,2026-10-08T09:33:06Z
23,03/2022/QH15 .1,11/01/2022,Quốc hội,"Luật sửa đổi Luật Đầu tư công, Luật Đầu tư theo phương thức đối tác công tư, Luật Đầu tư, Luật Nhà ở, Luật Đấu thầu, Luật Điện lực, Luật Doanh nghiệp, Luật Thuế tiêu thụ đặc biệt, Luật Thi hành án dân sự 2022",77524,305,13,THANH_HOA,null,null,https://files.customs.gov.vn/CustomsCMS/THANH_HOA/2022/3/17/luat-sua-doi-luat-dau-tu-cong-doi-tac-cong-tu-dau-tu-nha-o-dau-thau-dien-luc-doanh-nghiep-thue-tieu-thu-dac-biet-thi-hanh-an-dan-su-2022.pdf,https://www.customs.gov.vn/index.jsp?pageId=3&id=77524&cid=1294,2022,01/2022,2026-10-08T09:33:06Z
24,3/2022/QH15,11/01/2022,Quốc Hội,"Luật số 03/2022/QH15: Sửa đổi, bổ sung một số điều của Luật Đầu tư công, Luật Đầu tư theo phương thức đối tác công tư, Luật Đầu tư, Luật Nhà ở, Luật Đấu thầu, Luật Điện lực, Luật Doanh nghiệp, Luật Thuế tiêu thụ đặc biệt và Luật Thi hành án dân sự",77536,305,13,LANG_SON,Vương Đình Huệ,11/01/2022,https://files.customs.gov.vn/CustomsCMS/LANG_SON/2022/3/21/204472164_luat-sua-doi-luat-dau-tu-cong-doi-tac-cong-tu-dau-tu-nha-o-dau-thau-dien-luc-doanh-nghiep-thue-tieu-thu-dac-biet-thi-hanh-an-dan-su-2022.doc,https://www.customs.gov.vn/index.jsp?pageId=3&id=77536&cid=1294,2022,01/2022,2026-10-08T09:33:06Z
25,3/2022/QH15.,11/01/2022,Quốc hội,"Luật số 03/2022/QH15: Sửa đổi, bổ sung một số điều của Luật Đầu tư công, Luật Đầu tư theo phương thức đối tác công tư, Luật Đầu tư, Luật Nhà ở, Luật Đấu thầu, Luật Điện lực, Luật Doanh nghiệp, Luật Thuế tiêu thụ đặc biệt và Luật Thi hành án dân sự",78541,305,13,BAC_NINH,null,11/01/2022,https://files.customs.gov.vn/CustomsCMS/BAC_NINH/2022/5/25/403204472164_luat-sua-doi-luat-dau-tu-cong-doi-tac-cong-tu-dau-tu-nha-o-dau-thau-dien-luc-doanh-nghiep-thue-tieu-thu-dac-biet-thi-hanh-an-dan-su-2022.doc,https://www.customs.gov.vn/index.jsp?pageId=3&id=78541&cid=1294,2022,01/2022,2026-10-08T09:33:06Z
26,43/2022/QH15,11/01/2022,Quốc Hội,"V/v Nghị quyết về chính sách tài khóa, tiền tệ hỗ trợ Chương trình phục hồi và phát triển kinh tế - xã hội",76982,305,7,DONG_NAI,null,11/01/2022,https://files.customs.gov.vn/CustomsCMS/DONG_NAI/2022/2/9/43_2022_QH15_11_01_2022.SIGNED.PDF,https://www.customs.gov.vn/index.jsp?pageId=3&id=76982&cid=1294,2022,01/2022,2026-10-08T09:33:06Z
27,02/QĐGQKN-HQHCM-HQTPHCM,07/01/2022,Cục Hải quan TP. Hồ Chí Minh,Về việc giải quyết khiếu nại (lần hai) của Công ty Cổ phần Đầu tư Bất động sản Green City. Mã số thuế: 0314514687,77058,305,10,TP_HO_CHI_MINH,null,null,https://files.customs.gov.vn/CustomsCMS/TP_HO_CHI_MINH/2022/2/17/02.PDF,https://www.customs.gov.vn/index.jsp?pageId=3&id=77058&cid=1294,2022,01/2022,2026-10-08T09:33:06Z
28,10/QĐ-HQKH,06/01/2022,Cục Hải quan tỉnh Khánh Hoà,Quyết định phê duyệt Kết quả tiết kiệm kinh phí thường xuyên năm 2021,78914,305,10,KHANH_HOA,null,null,https://files.customs.gov.vn/CustomsCMS/KHANH_HOA/2022/6/9/10_QD phe duyet ket qua tiet kiem nam 2021.pdf,https://www.customs.gov.vn/index.jsp?pageId=3&id=78914&cid=1294,2022,01/2022,2026-10-08T09:33:06Z
29,11/QĐ-HQKH,06/01/2022,Cục Hải quan tỉnh Khánh Hoà,"Về việc công bố công khai giao dự toán thu, chi NSNN năm 2022 của Cục Hải quan tỉnh Khánh Hoà",78887,305,10,KHANH_HOA,null,null,https://files.customs.gov.vn/CustomsCMS/KHANH_HOA/2022/6/7/11-QD cong khai giao NSNN nam 2022.pdf,https://www.customs.gov.vn/index.jsp?pageId=3&id=78887&cid=1294,2022,01/2022,2026-10-08T09:33:06Z
30,43/TB-HQCT,06/01/2022,Cục Hải quan TP. Cần Thơ,Lịch tiếp công dân của Cục Hải quan thành phố Cần Thơ,68050,305,16,CAN_THO,null,06/01/2022,https://files.customs.gov.vn/CustomsCMS/CAN_THO/2022/1/7/1962022_43TBHQCT.SIGNED.PDF,https://www.customs.gov.vn/index.jsp?pageId=3&id=68050&cid=1294,2022,01/2022,2026-10-08T09:33:06Z
31,01/HQTH-NV,04/01/2022,Cục Hải quan Thanh Hóa,V/v triển khai phần mềm khai hải quan miễn phí,77012,305,16,THANH_HOA,null,null,https://files.customs.gov.vn/CustomsCMS/THANH_HOA/2022/2/11/CV 1250 TRIEN KHAI PHAN MEM HAI QUAN MIEN PHI.PDF,https://www.customs.gov.vn/index.jsp?pageId=3&id=77012&cid=1294,2022,01/2022,2026-10-08T09:33:06Z
32,01/QĐ-TTg,04/01/2022,Chính phủ,V/v Phê duyệt Kế hoạch thực hiện Hiệp định Đối tác Kinh tế Toàn diện khu vực (Hiệp định RCEP),79115,305,10,DONG_NAI,null,04/01/2022,https://files.customs.gov.vn/CustomsCMS/DONG_NAI/2022/6/15/01_QD_TTg_04_01_2022.pdf,https://www.customs.gov.vn/index.jsp?pageId=3&id=79115&cid=1294,2022,01/2022,2026-10-08T09:33:06Z
33,01/QĐGQKN-HQHCM-HQTPHCM,04/01/2022,Cục Hải quan TP. Hồ Chí Minh,Về việc giải quyết khiếu nại (lần hai) của Công ty TNHH Xuất Nhập khẩu Phát Triển Việt Anh,77056,305,10,TP_HO_CHI_MINH,Phan Minh Lê,null,https://files.customs.gov.vn/CustomsCMS/TP_HO_CHI_MINH/2022/2/17/01QDKN.SIGNED.PDF,https://www.customs.gov.vn/index.jsp?pageId=3&id=77056&cid=1294,2022,01/2022,2026-10-08T09:33:06Z
34,11/QĐGQKN-HQHCM-HQTPHCM,28/02/2022,Cục Hải quan TP. Hồ Chí Minh,Về việc giải quyết khiếu nại (lần hai) của Công ty TNHH Thể thao Đường phố Mã số thuế: 0106646227,77270,305,10,TP_HO_CHI_MINH,null,null,https://files.customs.gov.vn/CustomsCMS/TP_HO_CHI_MINH/2022/3/1/11 kn.signed.pdf,https://www.customs.gov.vn/index.jsp?pageId=3&id=77270&cid=1294,2022,02/2022,2026-10-08T09:33:06Z
35,48/QĐ-HQKH,27/02/2022,Cục Hải quan tỉnh Khánh Hoà,Về việc công bố mục tiêu chất lượng năm 2022 của Cục Hải quan tỉnh Khánh Hoà,76970,305,10,KHANH_HOA,null,null,https://files.customs.gov.vn/CustomsCMS/KHANH_HOA/2022/2/9/48-QD BAN HANH MTCL 2022.PDF,https://www.customs.gov.vn/index.jsp?pageId=3&id=76970&cid=1294,2022,02/2022,2026-10-08T09:33:06Z
36,112/TB-THQVN,24/02/2022,Trường Hải quan Việt Nam,Tổ chức lớp đào tạo nghiệp vụ hải quan cơ bản theo hình thức trực tuyến khóa 01.2022 (mã lớp HQCB01/2022),77202,305,19,DONG_NAI,null,24/02/2022,https://files.customs.gov.vn/CustomsCMS/DONG_NAI/2022/2/25/296112_TB_THQVN_24_02_2022.PDF,https://www.customs.gov.vn/index.jsp?pageId=3&id=77202&cid=1294,2022,02/2022,2026-10-08T09:33:06Z
37,109/TB-THQVN,23/02/2022,TCHQ,"V/v thông báo thời gian, địa điểm tổ chức thi kỳ thi cấp chứng chỉ ngiệp vụ khai hải quan năm 2021",77288,305,19,QUANG_NGAI,null,23/02/2022,https://files.customs.gov.vn/CustomsCMS/QUANG_NGAI/2022/3/2/109-TB-THQVN.pdf,https://www.customs.gov.vn/index.jsp?pageId=3&id=77288&cid=1294,2022,02/2022,2026-10-08T09:33:06Z
38,327/HQĐNa-CNTT,23/02/2022,Cục Hải quan tỉnh Đồng Nai,V/v Triển khai lấy ý kiến phần mềm khai hải quan miễn phí (Các doanh nghiệp),77172,305,16,DONG_NAI,null,23/02/2022,https://files.customs.gov.vn/CustomsCMS/DONG_NAI/2022/2/23/327_HQDNA_CNTT_23_02_2022.PDF,https://www.customs.gov.vn/index.jsp?pageId=3&id=77172&cid=1294,2022,02/2022,2026-10-08T09:33:06Z
39,10/QĐGQKN-HQHCM-HQTPHCM,17/02/2022,Cục Hải quan TP. Hồ Chí Minh,Về việc giải quyết khiếu nại của Công ty TNHH Solomon International (Lần 2),77078,305,10,TP_HO_CHI_MINH,null,null,,https://www.customs.gov.vn/index.jsp?pageId=3&id=77078&cid=1294,2022,02/2022,2026-10-08T09:33:06Z
40,188/GSQL-GQ5,17/02/2022,Cục Giám sát quản lý về Hải quan,"Trung Quốc thông báo lùi thời gian khôi phục thông quan tại cửa khẩu Trà Lĩnh - Long Bang, cửa khẩu Sóc Trăng - Bình Mãng thuộc tỉnh Cao Bằng",77199,305,19,HAI_PHONG,Nguyễn Bắc Hải,null,https://files.customs.gov.vn/CustomsCMS/HAI_PHONG/2022/2/24/188.PDF,https://www.customs.gov.vn/index.jsp?pageId=3&id=77199&cid=1294,2022,02/2022,2026-10-08T09:33:06Z
41,52/QĐ-HQKH,15/02/2022,Cục Hải quan tỉnh Khánh Hoà,"Ban hành Kế hoạch hành động thực hiện Nghị quyết số 02/NQ-CP ngày 10/01/2022 của Chính phủ về những nhiệm vụ, giải pháp chủ yếu cải thiện môi trường kinh doanh, nâng cao năng lực cạnh tranh quốc gia năm 2022.",77063,305,10,KHANH_HOA,null,null,https://files.customs.gov.vn/CustomsCMS/KHANH_HOA/2022/2/17/52-QD BAN HANH KE HOACH THUC HIEN NQ 02- 2022.PDF,https://www.customs.gov.vn/index.jsp?pageId=3&id=77063&cid=1294,2022,02/2022,2026-10-08T09:33:06Z
42,459/TCHQ-TVQT,14/02/2022,Tổng cục Hải quan,Công văn số 459/TCHQ-TVQT ngày 14/02/2022 v/v công khai thuyết minh tình hình và số liệu thực hiện dự toán NSNN năm 2021 của Tổng cục Hải quan,77450,305,16,TONG_CUC,Đàm Viết Nghị,null,https://files.customs.gov.vn/CustomsCMS/TONG_CUC/2022/3/14/CV4592022TCHQ.PDF,https://www.customs.gov.vn/index.jsp?pageId=3&id=77450&cid=1294,2022,02/2022,2026-10-08T09:33:06Z
43,08/QĐGQKN-HQHCM-HQTPHCM,11/02/2022,Cục Hải quan TP. Hồ Chí Minh,Về việc giải quyết khiếu nại của Công ty TNHH Nhựa Vĩnh Thành (Mã số thuế: 0312379016) lần hai,77069,305,10,TP_HO_CHI_MINH,null,null,https://files.customs.gov.vn/CustomsCMS/TP_HO_CHI_MINH/2022/2/17/08.PDF,https://www.customs.gov.vn/index.jsp?pageId=3&id=77069&cid=1294,2022,02/2022,2026-10-08T09:33:06Z
44,269/HQBD-TXNK,11/02/2022,HQBD,V/v triển khai thực hiện Quyết định số 3395/QĐ-TCHQ ngày 31/12/2021,77092,305,16,BINH_DUONG,null,11/02/2022,https://files.customs.gov.vn/CustomsCMS/BINH_DUONG/2022/2/18/269.HQBD-TXNK NGÀY 11.02.2022 TRIEN KHAI QUYET DINH 3395-QĐ-TCHQ.PDF,https://www.customs.gov.vn/index.jsp?pageId=3&id=77092&cid=1294,2022,02/2022,2026-10-08T09:33:06Z
45,270/HQBD-TXNK,11/02/2022,HQBD,V/v triển khai thực hiện quyết định số 3394/QĐ-TCHQ ngày 31/12/2021,77093,305,16,BINH_DUONG,null,11/02/2022,https://files.customs.gov.vn/CustomsCMS/BINH_DUONG/2022/2/18/270.HQBD-TXNK NGÀY 11.02.2022 TRIEN KHAI QUYET DINH 3394-QĐ-TCHQ.PDF,https://www.customs.gov.vn/index.jsp?pageId=3&id=77093&cid=1294,2022,02/2022,2026-10-08T09:33:06Z
46,289/HQBD-TXNK,11/02/2022,HQBD,V/v triển khai Chỉ thị số 02/CT-UNBD ngày 25/01/2022 của UBND tỉnh Bình Dương,77091,305,16,BINH_DUONG,null,11/02/2022,https://files.customs.gov.vn/CustomsCMS/BINH_DUONG/2022/2/18/289.HQBD-TXNK NGÀY 11.02.2022 TRIỂN KHAI CHỈ THỊ SỐ 02-CT-UBND NGÀY 25-1-2022 CỦA UBND TỈNH BÌNH DƯƠNG.PDF,https://www.customs.gov.vn/index.jsp?pageId=3&id=77091&cid=1294,2022,02/2022,2026-10-08T09:33:06Z
47,055/QĐ-HQAG,10/02/2022,Cục Hải quan tỉnh An Giang,"Quyết định ban hành Kế hoạch phổ biến, giáo dục pháp luật cho công chức, nhân viên, hợp đồng lao động; tuyên truyền hỗ trợ, công cập thông tin cho người khai hải quan, người nộp thuế năm 2022 của Cục Hải quan tỉnh An Giang",77024,305,10,AN_GIANG,Đinh Văn Tươi,10/02/2022,https://files.customs.gov.vn/CustomsCMS/AN_GIANG/2022/2/15/055QĐ-HQAG.SIGNED.PDF,https://www.customs.gov.vn/index.jsp?pageId=3&id=77024&cid=1294,2022,02/2022,2026-10-08T09:33:06Z
48,51/QĐ-HQKH,10/02/2022,Cục Hải quan tỉnh Khánh Hoà,Ban hành Kế hoạch cải cách hành chính năm 2022 của Cục Hải quan tỉnh Khánh Hoà,77064,305,10,KHANH_HOA,null,null,https://files.customs.gov.vn/CustomsCMS/KHANH_HOA/2022/2/17/51-QD BAN HANH KE HOACH CAI CACH HANH CHINH 2022.PDF,https://www.customs.gov.vn/index.jsp?pageId=3&id=77064&cid=1294,2022,02/2022,2026-10-08T09:33:06Z
49,99/GSQL-GQ,10/02/2022,Cục Hải quan TP.Hồ Chí Minh – Phòng Giám sát quản lý,Triển khai phần mềm khai hải quan miễn phí,77002,305,16,TP_HO_CHI_MINH,Phan Bình Tuy,null,https://files.customs.gov.vn/CustomsCMS/TP_HO_CHI_MINH/2022/2/10/99.PDF,https://www.customs.gov.vn/index.jsp?pageId=3&id=77002&cid=1294,2022,02/2022,2026-10-08T09:33:06Z
50,256/HQBD-TXNK,09/02/2022,HQBD,V/v triển khai thực hiện Nghị định số 15/2022/NĐ-Cp ngày 28/01/2022,77090,305,16,BINH_DUONG,null,09/02/2022,https://files.customs.gov.vn/CustomsCMS/BINH_DUONG/2022/2/18/256.HQBD-TXNK NGÀY 09.02.2022 TRIEN KHAI NGHI DINH 15_2022_NĐ-CP_28012022.PDF,https://www.customs.gov.vn/index.jsp?pageId=3&id=77090&cid=1294,2022,02/2022,2026-10-08T09:33:06Z
51,167/QĐ-TTg,08/02/2022,Thủ tướng Chính phủ,"Quyết định 167/QĐ-TTg của Thủ tướng Chính phủ về việc phê duyệt ""Chương trình hỗ trợ doanh nghiệp khu vực tư nhân kinh doanh bền vững giai đoạn 2022-2025""",78316,305,10,THANH_HOA,Lê Minh Khái,null,https://files.customs.gov.vn/CustomsCMS/THANH_HOA/2022/5/13/quyet-dinh-167-qd-ttg.pdf,https://www.customs.gov.vn/index.jsp?pageId=3&id=78316&cid=1294,2022,02/2022,2026-10-08T09:33:06Z
52,61/TB-TTCC,08/02/2022,null,"Thông báo lịch thi, danh sách ca thi, phòng thi vòng 1 kỳ thi tuyển công chức TCHQ năm 2021",76957,305,19,CAN_THO,null,08/02/2022,https://files.customs.gov.vn/CustomsCMS/CAN_THO/2022/2/8/2022_61-TB-TTCC.PDF.PDF,https://www.customs.gov.vn/index.jsp?pageId=3&id=76957&cid=1294,2022,02/2022,2026-10-08T09:33:06Z
53,62/TCHQ-TTCC,08/02/2022,Tổng cục Hải quan,"Thông báo lịch thi, ca thi , phòng thi vòng 1, kỳ thi tuyển công chức TCHQ năm 2021",77032,305,16,CAO_BANG,null,null,https://files.customs.gov.vn/CustomsCMS/CAO_BANG/2022/2/16/62-TCHQ-TTCC.PDF,https://www.customs.gov.vn/index.jsp?pageId=3&id=77032&cid=1294,2022,02/2022,2026-10-08T09:33:06Z
54,595/QĐ-BCT,31/03/2022,Bộ Công Thương,"Quyết đinh về việc bổ sung danh mục máy móc, thiết bị, vật tư, nguyên liệu trong nước đã sản xuất được",77789,305,10,AN_GIANG,Nguyễn Sinh Nhật Tân,31/03/2022,https://files.customs.gov.vn/CustomsCMS/AN_GIANG/2022/4/7/595_QD-BCT_2022_595-1152127.pdf,https://www.customs.gov.vn/index.jsp?pageId=3&id=77789&cid=1294,2022,03/2022,2026-10-08T09:33:06Z
55,12/QĐGQKN-HQHCM-HQTPHCM,28/03/2022,Cục Hải quan TP. Hồ Chí Minh,Về việc giải quyết khiếu nại (lần hai) của Công ty TNHH MTV Thương Mại Dịch Vụ Xuất Nhập Khẩu Việt Thái Phát,77730,305,10,TP_HO_CHI_MINH,null,null,https://files.customs.gov.vn/CustomsCMS/TP_HO_CHI_MINH/2022/4/1/12.signed.pdf,https://www.customs.gov.vn/index.jsp?pageId=3&id=77730&cid=1294,2022,03/2022,2026-10-08T09:33:06Z
56,2290/TB-HQHP,25/03/2022,Cục Hải quan thành phố Hải Phòng,Thông báo về việc lựa chọn tổ chức đấu giá tài sản,77674,305,19,HAI_PHONG,Vũ Tuấn Ạm,25/03/2022,https://files.customs.gov.vn/CustomsCMS/HAI_PHONG/2022/3/25/2290.pdf,https://www.customs.gov.vn/index.jsp?pageId=3&id=77674&cid=1294,2022,03/2022,2026-10-08T09:33:06Z
57,271/GSQL-HDH,25/03/2022,Phòng Giám sát quản lý,thực hiện Tờ trình 270/TTr-GSQL ngày 25/3/2022,77695,305,16,TP_HO_CHI_MINH,null,null,https://files.customs.gov.vn/CustomsCMS/TP_HO_CHI_MINH/2022/3/28/271.pdf,https://www.customs.gov.vn/index.jsp?pageId=3&id=77695&cid=1294,2022,03/2022,2026-10-08T09:33:06Z
58,2227/TB-HĐXLPLTĐ,24/03/2022,Cục Hải quan thành phố Hải Phòng,Thông báo về việc lựa chọn tổ chức đấu giá tài sản,77657,305,19,HAI_PHONG,Vũ Anh Xuân,24/03/2022,https://files.customs.gov.vn/CustomsCMS/HAI_PHONG/2022/3/24/322.pdf,https://www.customs.gov.vn/index.jsp?pageId=3&id=77657&cid=1294,2022,03/2022,2026-10-08T09:33:06Z
59,999/TCHQ-VP,24/03/2022,Tổng cục Hải quan,V/v Sử dụng trang phục trong ngành Hải quan,77694,305,16,TP_HO_CHI_MINH,null,null,https://files.customs.gov.vn/CustomsCMS/TP_HO_CHI_MINH/2022/3/28/999.PDF,https://www.customs.gov.vn/index.jsp?pageId=3&id=77694&cid=1294,2022,03/2022,2026-10-08T09:33:06Z
60,18/2022/UBTVQH15,23/03/2022,Ủy ban Thường vụ Quốc hội,"Mức thuế bảo vệ môi trường đối với xăng, dầu, mỡ nhờn",77733,305,7,TONG_CUC,Vương Đình Huệ,01/04/2022,,https://www.customs.gov.vn/index.jsp?pageId=3&id=77733&cid=1294,2022,03/2022,2026-10-08T09:33:06Z
61,699/TB-HQAG,22/03/2022,Cục Hải quan tỉnh An Giang,THÔNG BÁO KẾT QUẢ LỰA CHỌN TỔ CHỨC ĐẤU GIÁ TÀI SẢN,77656,305,19,AN_GIANG,Trần Quốc Hoàn,22/03/2022,https://files.customs.gov.vn/CustomsCMS/AN_GIANG/2022/3/24/699 TB-HQAG-THONG BAO KET QUA LUA CHON TO CHUC DAU GIA TAI SAN.PDF,https://www.customs.gov.vn/index.jsp?pageId=3&id=77656&cid=1294,2022,03/2022,2026-10-08T09:33:06Z
62,169/TB-THQVN,21/03/2022,Trường Hải quan Việt Nam,Thông báo v/v tổ chức Lớp đào tạo bổ sung kiến thức pháp luật hải quan dành cho nhân viên đại lý làm thủ tục hải quan theo hình thức trực tuyến khóa 02 năm 2022 (mã lớp: HQCN02/2022),77593,305,19,TP_HO_CHI_MINH,null,null,https://files.customs.gov.vn/CustomsCMS/TP_HO_CHI_MINH/2022/3/22/169-2022-TB-THQVN vv to chuc lop dao tao bo sung kien thuc PLHQ cho nhan vien dai ly.PDF,https://www.customs.gov.vn/index.jsp?pageId=3&id=77593&cid=1294,2022,03/2022,2026-10-08T09:33:06Z
63,534/KH-HQTPHCM,16/03/2022,Cục Hải quan TP.HCM,Kế hoạch về việc tổ chức Hội nghị Cục Hải quan TP.HCM - Cộng đồng Doanh nghiệp - đồng hành vượt qua đại dịch,77531,305,16,TP_HO_CHI_MINH,null,null,https://files.customs.gov.vn/CustomsCMS/TP_HO_CHI_MINH/2022/3/21/534cv.signed.pdf,https://www.customs.gov.vn/index.jsp?pageId=3&id=77531&cid=1294,2022,03/2022,2026-10-08T09:33:06Z
64,11/QĐ-CCT,14/03/2022,Chi cục HQCK cảng Cần Thơ,Tổ hỗ trợ doanh nghiệp sử dụng phần mềm khai Hải quan miễn phí tại Chi cục HQCK cảng Cần Thơ,77472,305,10,CAN_THO,null,14/03/2022,https://files.customs.gov.vn/CustomsCMS/CAN_THO/2022/3/14/11-QD-CCT-2022.pdf,https://www.customs.gov.vn/index.jsp?pageId=3&id=77472&cid=1294,2022,03/2022,2026-10-08T09:33:06Z
65,396/TB-HQCT,14/03/2022,Cục Hải quan TP. Cần Thơ,Địa chỉ Cổng thông tin điện tử của Cục Hải quan TP. Cần Thơ,77490,305,19,CAN_THO,null,14/03/2022,https://files.customs.gov.vn/CustomsCMS/CAN_THO/2022/3/15/114396.signed.pdf,https://www.customs.gov.vn/index.jsp?pageId=3&id=77490&cid=1294,2022,03/2022,2026-10-08T09:33:06Z
66,73/QĐ-HQCB,14/03/2022,Cục Hải quan Cao Bằng,Ban hành chính sách chất lượng và mục tiêu chất lượng của Cục hải quan tỉnh Cao Bằng năm 2022,78385,305,10,CAO_BANG,null,null,,https://www.customs.gov.vn/index.jsp?pageId=3&id=78385&cid=1294,2022,03/2022,2026-10-08T09:33:06Z
67,78/QĐ-HQCT,14/03/2022,Cục Hải quan TP. Cần Thơ,Thành lập Tổ hỗ trợ doanh nghiệp sử dụng phần mềm khai Hải quan miễn phí tại Cục Hải quan TP. Cần Thơ,77473,305,10,CAN_THO,null,14/03/2022,https://files.customs.gov.vn/CustomsCMS/CAN_THO/2022/3/14/78.signed.pdf,https://www.customs.gov.vn/index.jsp?pageId=3&id=77473&cid=1294,2022,03/2022,2026-10-08T09:33:06Z
68,26/QĐ-TĐ,11/03/2022,Chi cục Hải quan Tây Đô,Tổ hỗ trợ doanh nghiệp sử dụng phần mềm khai hải quan miễn phí (Chi cục Hải quan Tây Đô),77783,305,10,CAN_THO,null,11/03/2022,https://files.customs.gov.vn/CustomsCMS/CAN_THO/2022/4/7/QD-26 TD.pdf,https://www.customs.gov.vn/index.jsp?pageId=3&id=77783&cid=1294,2022,03/2022,2026-10-08T09:33:06Z
69,423/HQHG-NV,11/03/2022,Cục Hải quan tỉnh Hà Giang,Công văn về việc HIệp định Đối tác kinh tế toàn diện khu vực,77632,305,18,HA_GIANG,Nguyễn Minh Thành,11/02/2022,https://files.customs.gov.vn/CustomsCMS/HA_GIANG/2022/3/24/423-HQHG-NV.pdf,https://www.customs.gov.vn/index.jsp?pageId=3&id=77632&cid=1294,2022,03/2022,2026-10-08T09:33:06Z
70,280/GSQL-GQ4,10/03/2022,Tổng cục Hải quan,Hiệp định đối tác kinh tế toàn diện khu vực,77510,305,16,TONG_CUC,Đào Duy Tám,null,https://files.customs.gov.vn/CustomsCMS/TONG_CUC/2022/3/16/280-GSQL-BP.pdf,https://www.customs.gov.vn/index.jsp?pageId=3&id=77510&cid=1294,2022,03/2022,2026-10-08T09:33:06Z
71,467/HQBD-GSQL,10/03/2022,HQBD,V/v triển khai đăng ký tham gia xét chọn sản phẩm đạt Thương hiệu quốc gia Việt Nam kỳ thứ 8 năm 2022,77470,305,16,BINH_DUONG,null,10/03/2022,https://files.customs.gov.vn/CustomsCMS/BINH_DUONG/2022/3/15/467_HQBD_GSQL.pdf,https://www.customs.gov.vn/index.jsp?pageId=3&id=77470&cid=1294,2022,03/2022,2026-10-08T09:33:06Z
72,11/QĐ-ST,09/03/2022,Chi cục Hải quan Sóc Trăng,Tổ hỗ trợ doanh nghiệp sử dụng phần mềm khai hải quan miễn phí tại Chi cục Hải quan Sóc Trăng,77432,305,10,CAN_THO,null,09/03/2022,https://files.customs.gov.vn/CustomsCMS/CAN_THO/2022/3/14/11-QD-ST-2022.pdf,https://www.customs.gov.vn/index.jsp?pageId=3&id=77432&cid=1294,2022,03/2022,2026-10-08T09:33:06Z
73,05/QĐ-HG,07/03/2022,Chi cục Hải quan Hậu Giang,Tổ hỗ trợ doanh nghiệp sử dụng phần mềm khai hải quan miễn phí tại Chi cục Hải quan Hậu Giang,77431,305,10,CAN_THO,null,07/03/2022,https://files.customs.gov.vn/CustomsCMS/CAN_THO/2022/3/14/05-QD-HG-2022.pdf,https://www.customs.gov.vn/index.jsp?pageId=3&id=77431&cid=1294,2022,03/2022,2026-10-08T09:33:06Z
74,15/QĐ-VL,07/03/2022,Chi cục HQCK Vĩnh Long,Tổ hỗ trợ doanh nghiệp sử dụng phần mềm khai hải quan miễn phí tại Chi cục Hải quan cửa khẩu Vĩnh Long,77433,305,10,CAN_THO,null,07/03/2022,https://files.customs.gov.vn/CustomsCMS/CAN_THO/2022/3/14/15-QD-VL-2022.pdf,https://www.customs.gov.vn/index.jsp?pageId=3&id=77433&cid=1294,2022,03/2022,2026-10-08T09:33:06Z
75,425/HQTPHCM-GSQL,04/03/2022,Cục Hải quan TP. Hồ Chí Minh,V/v hãng tàu không chấp hành các quyết định xử lý VPHC của cơ quan Hải quan,77533,305,16,TP_HO_CHI_MINH,Nguyễn Hữu Nghiệp,null,https://files.customs.gov.vn/CustomsCMS/TP_HO_CHI_MINH/2022/3/21/425.signed.pdf,https://www.customs.gov.vn/index.jsp?pageId=3&id=77533&cid=1294,2022,03/2022,2026-10-08T09:33:06Z
76,730/TCHQ-GSQL,04/03/2022,Cục Giám sát quản lý về Hải quan,V/v Triển khai thực hiện Điều 28a Nghị định số 18/2021/NĐ-CP,77534,305,16,TP_HO_CHI_MINH,null,null,https://files.customs.gov.vn/CustomsCMS/TP_HO_CHI_MINH/2022/3/21/Vanban_730.PDF,https://www.customs.gov.vn/index.jsp?pageId=3&id=77534&cid=1294,2022,03/2022,2026-10-08T09:33:06Z
77,193/HQQNa-NV,03/03/2022,Cục Hải quan Quảng Nam,V/v triển khai phần mềm khai hải quan miễn phí,77373,305,16,QUANG_NAM,Đặng Thanh Dũng,null,https://files.customs.gov.vn/CustomsCMS/QUANG_NAM/2022/3/8/193-7725.signed.signed.pdf,https://www.customs.gov.vn/index.jsp?pageId=3&id=77373&cid=1294,2022,03/2022,2026-10-08T09:33:06Z
78,129/CV-CTK,02/03/2022,Tổng cục Thống kê,V/v phổ biến Nghị định 100/2021/NĐ-CP sửa đổi NĐ 95/2016/NĐ-CP về xử phạt vi phạm hành chính trong lĩnh vực thống kê,77414,305,16,TP_HO_CHI_MINH,null,null,"https://files.customs.gov.vn/CustomsCMS/TP_HO_CHI_MINH/2022/3/11/CV gui SBN tuyen truyen ND 100 ngay 02.3.2022.pdf,/CustomsCMS/TP_HO_CHI_MINH/2022/3/11/BKHDT. Hop nhat ND95 va ND100 bs XPVPHC ve Thong ke.signed.pdf",https://www.customs.gov.vn/index.jsp?pageId=3&id=77414&cid=1294,2022,03/2022,2026-10-08T09:33:06Z
79,23/NQ-CP,02/03/2022,Chính phủ,Về phát triển kinh tế khu vực biên giới đất liền,77523,305,7,CAO_BANG,null,null,https://files.customs.gov.vn/CustomsCMS/CAO_BANG/2022/3/17/NQ cua Chinh phu ve phat trien kinh te khu vuc bien gioi đat liền.pdf,https://www.customs.gov.vn/index.jsp?pageId=3&id=77523&cid=1294,2022,03/2022,2026-10-08T09:33:06Z
80,247/QĐ-TCHQ,02/03/2022,Tổng cục Hải quan,"Quy định về cách thức kết nối, trao đổi dữ liệu hệ thống camera giám sát của doanh nghiệp chế xuất với cơ quan hải quan theo khoản 10 Điều 1 Nghị định số 18/2021/NĐ-CP và việc giám sát hải quan đối với doanh nghiệp chế xuất thông qua hệ thống camera",77314,305,10,TAY_NINH,Mai Xuân Thành,02/03/2022,https://files.customs.gov.vn/CustomsCMS/TAY_NINH/2022/3/4/Vanban_247.pdf,https://www.customs.gov.vn/index.jsp?pageId=3&id=77314&cid=1294,2022,03/2022,2026-10-08T09:33:06Z
81,486/HQTTH-NV,29/04/2022,Cục Hải quan tỉnh Thừa Thiên Huế,Thông báo cho doanh nghiệp tình hình ùn tắc phía Trung Quốc,78121,305,16,THUA_THIEN_HUE,Đỗ Hoàng Dương,null,https://files.customs.gov.vn/CustomsCMS/THUA_THIEN_HUE/2022/4/29/617486.HQTTH-NV thong bao cho doanh nghiep tinh hình un tac phia doanh nghiep.PDF,https://www.customs.gov.vn/index.jsp?pageId=3&id=78121&cid=1294,2022,04/2022,2026-10-08T09:33:06Z
82,714/HQTH-NV,28/04/2022,Cục Hải quan Thanh Hóa,V/v thông báo tình hình ùn tắc hàng phía Trung Quốc,78119,305,16,THANH_HOA,Lê Xuân Cương,null,https://files.customs.gov.vn/CustomsCMS/THANH_HOA/2022/4/28/di2022_15_714_hqth-nvs1.pdf,https://www.customs.gov.vn/index.jsp?pageId=3&id=78119&cid=1294,2022,04/2022,2026-10-08T09:33:06Z
83,1285/HQMC-TB,27/04/2022,Chi cục HQCK Móng Cái,Thông báo doanh nghiệp có số tiền thuế nộp thừa,78109,305,19,QUANG_NINH,Lê Hà Phong,27/04/2022,https://files.customs.gov.vn/CustomsCMS/QUANG_NINH/2022/4/28/MC thue nop thua.pdf,https://www.customs.gov.vn/index.jsp?pageId=3&id=78109&cid=1294,2022,04/2022,2026-10-08T09:33:06Z
84,1514/TCHQ-GSQL,27/04/2022,Cục GSQL,V/v Hướng dẫn thủ tục hải quan (Công ty TNHH Apple Việt Nam),78120,305,16,DONG_NAI,null,null,https://files.customs.gov.vn/CustomsCMS/DONG_NAI/2022/4/29/1514_TCHQ_GSQL_28_04_2022.PDF,https://www.customs.gov.vn/index.jsp?pageId=3&id=78120&cid=1294,2022,04/2022,2026-10-08T09:33:06Z
85,689/QĐ-TCHQ,27/04/2022,Tổng cục Hải quan,Tạm dừng hoạt động địa điểm thu gom hàng lẻ (kho CFS),78131,305,10,TONG_CUC,Mai Xuân Thành,27/04/2022,https://files.customs.gov.vn/CustomsCMS/TONG_CUC/2022/5/4/Vanban_689.PDF,https://www.customs.gov.vn/index.jsp?pageId=3&id=78131&cid=1294,2022,04/2022,2026-10-08T09:33:06Z
86,3143/TB-HQHP,25/04/2022,Phòng Tài vụ quản trị,Thông báo kết quả lựa chọn tổ chức đấu giá tài sản,78076,305,19,HAI_PHONG,Phùng Thị Thúy Lài,25/04/2022,,https://www.customs.gov.vn/index.jsp?pageId=3&id=78076&cid=1294,2022,04/2022,2026-10-08T09:33:06Z
87,512/GSQL-GQ1,25/04/2022,Cục Giám sát quản lý,V/v Thông báo cho doanh nghiệp tình hình ùn tắc phía Trung Quốc,78104,305,16,DONG_NAI,null,null,https://files.customs.gov.vn/CustomsCMS/DONG_NAI/2022/4/27/512_GSQL_GQ_25_04_2022.pdf,https://www.customs.gov.vn/index.jsp?pageId=3&id=78104&cid=1294,2022,04/2022,2026-10-08T09:33:06Z
88,505/QĐ-TTg,22/04/2022,Thủ tướng chính phủ,Quyết định về ngày chuyển đổi số,89208,305,10,TP_HO_CHI_MINH,null,null,https://files.customs.gov.vn/CustomsCMS/TP_HO_CHI_MINH/2023/10/5/505_QD-TTg.pdf,https://www.customs.gov.vn/index.jsp?pageId=3&id=89208&cid=1294,2022,04/2022,2026-10-08T09:33:06Z
89,3048/HQHP-GSQL,21/04/2022,Cục Hải quan thành phố Hải Phòng,Sửa đổi phụ lục II Bản Thảo thuân Phát triển quan hệ đối tác Hải quan - Doanh nghiệp,78252,305,16,HAI_PHONG,Trần Mạnh Hùng,21/04/2022,https://files.customs.gov.vn/CustomsCMS/HAI_PHONG/2022/5/10/3048 Phuj luc II thoa thuan.pdf,https://www.customs.gov.vn/index.jsp?pageId=3&id=78252&cid=1294,2022,04/2022,2026-10-08T09:33:06Z
90,1095/QĐ-UBND,20/04/2022,UBND thành phố Đà Nẵng,Quyết định ban hành kế hoạch phát triển Chính quyền điện tử hướng tới Chính quyền số trên địa bàn TP Đà Nẵng giai đoạn 2022-2025,81160,305,10,DA_NANG,PCT Trần Phước Sơn,20/04/2022,,https://www.customs.gov.vn/index.jsp?pageId=3&id=81160&cid=1294,2022,04/2022,2026-10-08T09:33:06Z
91,337/TB-KS1,20/04/2022,Đội KSHQ số 1,V/v lựa chọn đơn vị tổ chức đấu giá,77959,305,19,QUANG_NINH,Nguyễn Cảnh Thắng,20/04/2022,,https://www.customs.gov.vn/index.jsp?pageId=3&id=77959&cid=1294,2022,04/2022,2026-10-08T09:33:06Z
92,817/HQTPHCM-TVQT,20/04/2022,Cục Hải quan TP. Hồ Chí Minh,V/v tổ chức giám định chất lượng hàng hóa đối với lô hàng hóa 538 container tồn đọng,78061,305,16,TP_HO_CHI_MINH,null,null,https://files.customs.gov.vn/CustomsCMS/TP_HO_CHI_MINH/2022/4/26/817.pdf,https://www.customs.gov.vn/index.jsp?pageId=3&id=78061&cid=1294,2022,04/2022,2026-10-08T09:33:06Z
93,1170/TB-HQMC,19/04/2022,Chi cục HQCK Móng Cái,V/v lựa chọn đơn vị tổ chức đấu giá,77956,305,19,QUANG_NINH,Đoàn Tuấn Anh,19/04/2022,https://files.customs.gov.vn/CustomsCMS/QUANG_NINH/2022/4/21/MC dau gia.pdf,https://www.customs.gov.vn/index.jsp?pageId=3&id=77956&cid=1294,2022,04/2022,2026-10-08T09:33:06Z
94,255/TB-THQVN,19/04/2022,Trường Hải quan Việt Nam,Tổ chức Lớp đào tạo nghiệp vụ hải quan cơ bản theo hình thức trực tuyến khóa 03/2022 (mã lớp HQCB03/2022),77935,305,16,DONG_NAI,null,null,https://files.customs.gov.vn/CustomsCMS/DONG_NAI/2022/4/19/255_TB_HQVN_19_04_2022.PDF,https://www.customs.gov.vn/index.jsp?pageId=3&id=77935&cid=1294,2022,04/2022,2026-10-08T09:33:06Z
95,1294/HQQN-HĐĐGTS,18/04/2022,Cục Hải quan tỉnh Quảng Ninh,Thông báo về việc lựa chọn tổ chức đấu giá tài sản,77903,305,19,QUANG_NINH,Nguyễn Văn Hường,18/04/2022,https://files.customs.gov.vn/CustomsCMS/QUANG_NINH/2022/4/19/1294_1.PDF,https://www.customs.gov.vn/index.jsp?pageId=3&id=77903&cid=1294,2022,04/2022,2026-10-08T09:33:06Z
96,1317/TCHQ-TCCB,15/04/2022,TCCB,Thông báo tuyển dụng công chức cho lực lượng thuyền viên và huấn luyện viên chó nghiệp vụ,77901,305,19,CAO_BANG,null,null,https://files.customs.gov.vn/CustomsCMS/CAO_BANG/2022/4/18/1317-TCHQ-TCCB.pdf,https://www.customs.gov.vn/index.jsp?pageId=3&id=77901&cid=1294,2022,04/2022,2026-10-08T09:33:06Z
97,14/QĐGQKN-HQHCM-HQTPHCM,15/04/2022,Cục Hải quan TP. Hồ Chí Minh,Về việc giải quyết khiếu nại của Công ty TNHH Ogawa Việt Nam Mã số thuế: 0311414758 (lần hai),78054,305,10,TP_HO_CHI_MINH,null,null,https://files.customs.gov.vn/CustomsCMS/TP_HO_CHI_MINH/2022/4/26/14.pdf,https://www.customs.gov.vn/index.jsp?pageId=3&id=78054&cid=1294,2022,04/2022,2026-10-08T09:33:06Z
98,2877/HQHP-TVQT,15/04/2022,Phòng Tài vụ quản trị,Thông báo về việc lựa chọn tổ chức đấu giá tài sản,77837,305,19,HAI_PHONG,Phùng Thị Thúy Lài,15/04/2022,https://files.customs.gov.vn/CustomsCMS/HAI_PHONG/2022/4/15/2877.pdf,https://www.customs.gov.vn/index.jsp?pageId=3&id=77837&cid=1294,2022,04/2022,2026-10-08T09:33:06Z
99,13/QĐGQKN-HQHCM-HQTPHCM,12/04/2022,Cục Hải quan TP. Hồ Chí Minh,Về việc giải quyết khiếu nại (lần hai) của Công ty TNHH thương mại xuất nhập khẩu Lợi Đức Lạc,78056,305,10,TP_HO_CHI_MINH,null,null,https://files.customs.gov.vn/CustomsCMS/TP_HO_CHI_MINH/2022/4/26/13.pdf,https://www.customs.gov.vn/index.jsp?pageId=3&id=78056&cid=1294,2022,04/2022,2026-10-08T09:33:06Z
100,1176/HQHN-GSQL,10/04/2022,Cục Hải quan Hà Nội,Thẩm định giá hàng hóa,78345,305,16,TONG_CUC,Hoàng Quốc Quang,null,https://files.customs.gov.vn/CustomsCMS/TONG_CUC/2022/5/17/1176-HQHN.PDF,https://www.customs.gov.vn/index.jsp?pageId=3&id=78345&cid=1294,2022,04/2022,2026-10-08T09:33:06Z
101,102/QĐ-HQKH,07/04/2022,Cục Hải quan tỉnh Khánh Hoà,"Công khai tình hình thực hiện Dự toán thu, chi NSNN quý I năm 2022 của Cục Hải quan tỉnh Khánh Hòa",77834,305,10,KHANH_HOA,null,null,"https://files.customs.gov.vn/CustomsCMS/KHANH_HOA/2022/4/13/102-QD cong khai thuc hien Du toan thu, chi NSNN quy I.2022.pdf",https://www.customs.gov.vn/index.jsp?pageId=3&id=77834&cid=1294,2022,04/2022,2026-10-08T09:33:06Z
102,04/TB-NVKHQ,06/04/2022,Hội đồng thi cấp chứng chỉ NVHQ năm 2021,"Thông báo danh sách phòng thi, ca thi của thí sinh khu vực phía Nam tham dự Kỳ thi cấp chứng chỉ nghiệp vụ khai hải quan năm 2021",77782,305,19,CAN_THO,null,06/04/2022,,https://www.customs.gov.vn/index.jsp?pageId=3&id=77782&cid=1294,2022,04/2022,2026-10-08T09:33:06Z
103,04/TB-NVKHQ1,06/04/2022,Hội đồng thi cấp chứng chỉ,"Thông báo danh sách phòng thi, lịch thi, ca thi của thí sinh khu vực phía Nam tham dự Kỳ thi cấp chứng chỉ nghiệp vụ khai hải quan năm 2021",77787,305,19,DONG_NAI,null,null,https://files.customs.gov.vn/CustomsCMS/DONG_NAI/2022/4/7/04_TB_NVKHQ_06_04_2022_1.pdf,https://www.customs.gov.vn/index.jsp?pageId=3&id=77787&cid=1294,2022,04/2022,2026-10-08T09:33:06Z
104,1191/TCHQ-TVQT,06/04/2022,Tổng cục Hải quan,Công văn số 1191/TCHQ-TVQT ngày 06/4/2022 của Tổng cục Hải quan v/v công khai thuyết minh tình hình và số liệu thực hiện dự toán NSNN Quý I năm 2022 của TCHQ,77812,305,16,TONG_CUC,Đàm Viết Nghị,null,https://files.customs.gov.vn/CustomsCMS/TONG_CUC/2022/4/12/CV11912022TCHQ.PDF,https://www.customs.gov.vn/index.jsp?pageId=3&id=77812&cid=1294,2022,04/2022,2026-10-08T09:33:06Z
105,634/HQĐNa-VP,06/04/2022,Cục Hải quan tỉnh Đồng Nai,V/v Thông báo trực và nghỉ Lễ Giỗ Tổ Hùng Vương và Lễ 30/4-1/5 năm 2022 (Các doanh nghiệp),77781,305,16,DONG_NAI,Nguyễn Dương Hoài,null,https://files.customs.gov.vn/CustomsCMS/DONG_NAI/2022/4/7/634_HQDNa_VP_06_04_2022.pdf,https://www.customs.gov.vn/index.jsp?pageId=3&id=77781&cid=1294,2022,04/2022,2026-10-08T09:33:06Z
106,429/QĐ-TCHQ,04/04/2022,Tổng cục Hải quan,Về việc thu hồi giấy chứng nhận đủ điều kiện kinh doanh hàng miễn thuế,77902,305,10,TONG_CUC,null,null,https://files.customs.gov.vn/CustomsCMS/TONG_CUC/2022/4/19/Vanban_429.PDF,https://www.customs.gov.vn/index.jsp?pageId=3&id=77902&cid=1294,2022,04/2022,2026-10-08T09:33:06Z
107,188/QĐ-HQKH,31/05/2022,Cục Hải quan tỉnh Khánh Hoà,Quyết định bạn hành nội quy tiếp công dân tại Cục Hải quan tỉnh Khánh Hoà,78788,305,10,KHANH_HOA,null,null,https://files.customs.gov.vn/CustomsCMS/KHANH_HOA/2022/6/3/188-QD Noi quy tiep dan  2022 HQKH.pdf,https://www.customs.gov.vn/index.jsp?pageId=3&id=78788&cid=1294,2022,05/2022,2026-10-08T09:33:06Z
108,728/TB-HQKH,31/05/2022,Cục Hải quan tỉnh Khánh Hoà,Thông báo lịch tiếp công dân tại Cục Hải quan tỉnh Khánh Hoà,78789,305,19,KHANH_HOA,null,null,https://files.customs.gov.vn/CustomsCMS/KHANH_HOA/2022/6/6/877728-Thongbao tiep dan 2022 HQKH.pdf,https://www.customs.gov.vn/index.jsp?pageId=3&id=78789&cid=1294,2022,05/2022,2026-10-08T09:33:06Z
109,35/2022/NĐ-CP,28/05/2022,Chính phủ,V/v Quy định về quản lý khu công nghiệp và khu kinh tế,78799,305,8,DONG_NAI,null,null,https://files.customs.gov.vn/CustomsCMS/DONG_NAI/2022/6/3/35_2022_ND_CP_28_05_2022.pdf,https://www.customs.gov.vn/index.jsp?pageId=3&id=78799&cid=1294,2022,05/2022,2026-10-08T09:33:06Z
110,1923/TCHQ-CNTT,27/05/2022,Tổng cục Hải quan,Triển khai thủ tục của Bộ Quốc phòng trên Cơ chế một cửa quốc gia,78741,305,16,TONG_CUC,Mai Xuân Thành,null,https://files.customs.gov.vn/CustomsCMS/TONG_CUC/2022/6/1/Vanban_1923.PDF,https://www.customs.gov.vn/index.jsp?pageId=3&id=78741&cid=1294,2022,05/2022,2026-10-08T09:33:06Z
111,1923/TCHQ-CNTT1,27/05/2022,Cục CNTT,V/v Triển khai thủ tục của Bộ Quốc phòng trên Cơ chế một cửa quốc gia,78786,305,16,DONG_NAI,null,null,https://files.customs.gov.vn/CustomsCMS/DONG_NAI/2022/6/2/1923_TCHQ_CNTT_27_05_2022.PDF,https://www.customs.gov.vn/index.jsp?pageId=3&id=78786&cid=1294,2022,05/2022,2026-10-08T09:33:06Z
112,143/QĐ-HQQNa,26/05/2022,Cục Hải quan tỉnh Quảng Nam,Quyết định về việc ban hành Nội quy tiếp công dân của Cục Hải quan tỉnh Quảng Nam,95998,"305, 581",10,QUANG_NAM,Lê Thành Khang,26/05/2022,https://files.customs.gov.vn/CustomsCMS/QUANG_NAM/2024/7/26/143-tiếp công dân.pdf,https://www.customs.gov.vn/index.jsp?pageId=3&id=95998&cid=1294,2022,05/2022,2026-10-08T09:33:06Z
113,628/QĐ-TTg,20/05/2022,Thủ tướng Chính phủ,Về việc phê duyệt chiến lược phát triển Hải quan đến năm 2030,78457,305,10,TONG_CUC,Lê Minh Khái,20/05/2022,https://files.customs.gov.vn/CustomsCMS/TONG_CUC/2022/5/24/QD628TTg.docx,https://www.customs.gov.vn/index.jsp?pageId=3&id=78457&cid=1294,2022,05/2022,2026-10-08T09:33:06Z
114,344/TB-THQVN,19/05/2022,Trường Hải quan Viật Nam,Thông báo tổ chức Lớp đào tạo nghiệp vụ hải quan cơ bản theo hình thức trực tuyến khóa 04/2022 (mã lớp: HQCB04/2022),78382,305,19,CAN_THO,null,19/05/2022,https://files.customs.gov.vn/CustomsCMS/CAN_THO/2022/5/20/344_2022_TB-THQVN.pdf,https://www.customs.gov.vn/index.jsp?pageId=3&id=78382&cid=1294,2022,05/2022,2026-10-08T09:33:06Z
115,777/QĐ-TCHQ,19/05/2022,Tổng cục Hải quan,Quyết định số 777/QĐ-TCHQ ngày 19/5/2022 của Tổng cục Hải quan ban hành Nội quy tiếp công dân tại Trụ sở cơ quan Tổng cục Hải quan,79242,305,10,TONG_CUC,Nguyễn Văn Cẩn,19/05/2022,https://files.customs.gov.vn/CustomsCMS/TONG_CUC/2022/6/22/QD7772022TCHQ.PDF,https://www.customs.gov.vn/index.jsp?pageId=3&id=79242&cid=1294,2022,05/2022,2026-10-08T09:33:06Z
116,1051/HQTPHCM-TVQT,17/05/2022,Cục Hải quan TP.Hồ Chí Minh –,V/v xác định trị giá khỏi điểm đối với lô hàng 432 container tồn đọng (Lần 2),78524,305,16,TP_HO_CHI_MINH,null,null,https://files.customs.gov.vn/CustomsCMS/TP_HO_CHI_MINH/2022/5/24/1051.pdf,https://www.customs.gov.vn/index.jsp?pageId=3&id=78524&cid=1294,2022,05/2022,2026-10-08T09:33:06Z
117,1052/HQTPHCM-TVQT,17/05/2022,Cục Hải quan TP.Hồ Chí Minh,V/v tổ chức giám định chất lượng hàng hóa đối với lô hàng 538 container tồn đọng (lần 2),78525,305,16,TP_HO_CHI_MINH,null,null,https://files.customs.gov.vn/CustomsCMS/TP_HO_CHI_MINH/2022/5/24/1052.pdf,https://www.customs.gov.vn/index.jsp?pageId=3&id=78525&cid=1294,2022,05/2022,2026-10-08T09:33:06Z
118,340/TB-THQVN,16/05/2022,Trường Hải quan Việt Nam,"V/v Tổ chức Khóa tập huấn hướng dẫn doanh nghiệp xuất nhập khẩu khai hải quan, phòng tránh rủi ro, các lỗi thường gặp nhằm nâng cao mức độ tuân thủ trong việc làm thủ tục hải quan",78354,305,19,DONG_NAI,null,null,https://files.customs.gov.vn/CustomsCMS/DONG_NAI/2022/5/17/340_TB_THQVN_16_05_2022.PDF,https://www.customs.gov.vn/index.jsp?pageId=3&id=78354&cid=1294,2022,05/2022,2026-10-08T09:33:06Z
119,3771/TB-HĐXLPLTĐ,16/05/2022,Đội Kiểm soát Hải quan,Lựa chọn tổ chức đấu giá tài sản,78333,305,19,HAI_PHONG,Nguyễn Văn Thanh,16/05/2022,https://files.customs.gov.vn/CustomsCMS/HAI_PHONG/2022/5/30/3771.pdf,https://www.customs.gov.vn/index.jsp?pageId=3&id=78333&cid=1294,2022,05/2022,2026-10-08T09:33:06Z
120,413/TB-KS1,13/05/2022,Đội KSHQ số 1,V/v lựa chọn đơn vị tổ chức đấu giá,78334,305,19,QUANG_NINH,Nguyễn Biên Hòa,13/05/2022,https://files.customs.gov.vn/CustomsCMS/QUANG_NINH/2022/12/27/D1 tb lua chon dau gia.pdf,https://www.customs.gov.vn/index.jsp?pageId=3&id=78334&cid=1294,2022,05/2022,2026-10-08T09:33:06Z
121,414/TB-KS1,13/05/2022,Đội KSHQ số 1,V/v lựa chọn đơn vị tổ chức đấu giá,78335,305,19,QUANG_NINH,Nguyễn Biên Hòa,13/05/2022,https://files.customs.gov.vn/CustomsCMS/QUANG_NINH/2022/5/17/D1 t hong bao dau gia lan 2.5.pdf,https://www.customs.gov.vn/index.jsp?pageId=3&id=78335&cid=1294,2022,05/2022,2026-10-08T09:33:06Z
122,415/TB-KS1,13/05/2022,Đội KSHQ số 1,V/v lựa chọn đơn vị tổ chức đấu giá,78336,305,19,QUANG_NINH,Nguyễn Biên Hòa,13/05/2022,https://files.customs.gov.vn/CustomsCMS/QUANG_NINH/2022/5/17/D1 TB dau gia lan 1.pdf,https://www.customs.gov.vn/index.jsp?pageId=3&id=78336&cid=1294,2022,05/2022,2026-10-08T09:33:06Z
123,315/TB-THQVN,12/05/2022,Trường Hải quan Việt Nam,V/v Tổ chức Lớp đào tạo bổ sung kiến thức pháp luật hài quan dành cho nhân viên đại lý làm thủ tục hải quan theo hình thức trực tuyến khóa 03 năm 2022 (mã lớp: HQCN03/2022),78294,305,16,DONG_NAI,null,null,https://files.customs.gov.vn/CustomsCMS/DONG_NAI/2022/5/12/315_TB_THQVN_12_05_2022.PDF,https://www.customs.gov.vn/index.jsp?pageId=3&id=78294&cid=1294,2022,05/2022,2026-10-08T09:33:06Z
124,316/THQVN-KTTH,12/05/2022,Trường Hải quan Việt Nam,Chiêu sinh lớp Phân loại hàng hoa xuất nhập khẩu,78381,305,16,CAN_THO,null,12/05/2022,https://files.customs.gov.vn/CustomsCMS/CAN_THO/2022/5/20/316-2022-THQVN-KTTH.pdf,https://www.customs.gov.vn/index.jsp?pageId=3&id=78381&cid=1294,2022,05/2022,2026-10-08T09:33:06Z
125,718/TB-KSHQ,12/05/2022,Đội Kiểm soát Hải quan,"Thành lập tổ tiếp nhận, giải quyết tố giác, tin báo về tội phạm tại Đội Kiểm soát Hải quan",78295,305,16,HAI_PHONG,Nguyễn Văn Thanh,12/05/2022,,https://www.customs.gov.vn/index.jsp?pageId=3&id=78295&cid=1294,2022,05/2022,2026-10-08T09:33:06Z
126,948/HQTPHCM-CNTT,09/05/2022,Cục Hải quan Tp.HCM,V/v cung cấp bảng báo giá,93697,305,16,TP_HO_CHI_MINH,Lã Việt Hùng,null,https://files.customs.gov.vn/CustomsCMS/TP_HO_CHI_MINH/2024/5/14/948.signed.pdf,https://www.customs.gov.vn/index.jsp?pageId=3&id=93697&cid=1294,2022,05/2022,2026-10-08T09:33:06Z
127,207/QĐ-TCHQ,04/05/2022,Tổng cục Hải quan,"Phê duyệt kế hoạch chuyển đổi số ngành Hải quan đến năm 2025, định hướng đến năm 2030",79231,305,10,CAO_BANG,null,null,https://files.customs.gov.vn/CustomsCMS/CAO_BANG/2022/6/20/22 707 ke hoach chuyen doi so Hai quan 2025 dinh huong den 2030.pdf,https://www.customs.gov.vn/index.jsp?pageId=3&id=79231&cid=1294,2022,05/2022,2026-10-08T09:33:06Z
128,02/TB-NVKHQ,30/06/2022,Trường Hải quan Việt Nam,V/v Gia hạn thời gian nhận hồ sơ dự thi cấp chứng chỉ nghiệp vụ khai hải quan năm 2022,79452,305,19,DONG_NAI,null,null,https://files.customs.gov.vn/CustomsCMS/DONG_NAI/2022/7/4/02_TB_NVKHQ_30_06_2022.PDF,https://www.customs.gov.vn/index.jsp?pageId=3&id=79452&cid=1294,2022,06/2022,2026-10-08T09:33:06Z
129,12/2022/TT-BGTVT,30/06/2022,Bộ Giao thông vận tải,"Thông tư 12/2022/TT-BGTVT của Bộ Giao thông Vận tải về việc quy định Danh mục sản phẩm, hàng hóa có khả năng gây mất an toàn thuộc trách nhiệm quản lý Nhà nước của Bộ Giao thông Vận tải",79535,305,4,THANH_HOA,null,null,https://files.customs.gov.vn/CustomsCMS/THANH_HOA/2022/7/13/thong-tu-12-2022-tt-bgtvt.pdf,https://www.customs.gov.vn/index.jsp?pageId=3&id=79535&cid=1294,2022,06/2022,2026-10-08T09:33:06Z
130,1759/TB-HQAG,30/06/2022,Cục Hải quan tỉnh An Giang,THÔNG BÁO KẾT QUẢ LỰA CHỌN TỔ CHỨC ĐẤU GIÁ TÀI SẢN,79440,305,19,AN_GIANG,Trần Quốc Hoàn,30/06/2022,https://files.customs.gov.vn/CustomsCMS/AN_GIANG/2022/7/1/221759TB-HQAG.signed.pdf,https://www.customs.gov.vn/index.jsp?pageId=3&id=79440&cid=1294,2022,06/2022,2026-10-08T09:33:06Z
131,259/QĐ-HQKH,30/06/2022,Cục Hải quan tỉnh Khánh Hòa,Quyết định công bố công khai quyết toán chi NSNN năm 2021 của Cục Hải quan tỉnh Khánh Hòa,81621,305,10,KHANH_HOA,null,null,https://files.customs.gov.vn/CustomsCMS/KHANH_HOA/2022/11/11/259-QD cong khai quyet toan.pdf,https://www.customs.gov.vn/index.jsp?pageId=3&id=81621&cid=1294,2022,06/2022,2026-10-08T09:33:06Z
132,Quyết định số 1243/QĐ-TCHQ,30/06/2022,Tổng cục Hải quan,"Quyết định Ban hành Quy chế tuyên truyền, phổ biến pháp luật và hỗ trợ pháp lý cho người khai hải quan, doanh nghiệp trong lĩnh vực hải quan",80402,305,10,AN_GIANG,Mai Xuân Thành,30/06/2022,https://files.customs.gov.vn/CustomsCMS/AN_GIANG/2022/8/26/1243 QD-TCHQ.PDF,https://www.customs.gov.vn/index.jsp?pageId=3&id=80402&cid=1294,2022,06/2022,2026-10-08T09:33:06Z
133,438/TB-THQVN,27/06/2022,Trường Hải quan Việt Nam,"Tổ chức lớp ""Những vấn đề doanh nghiệp cần thiết để làm chủ kỹ năng phân loại, xác định mã số hàng hóa, giảm thiểu rủi ro khi thực thực hiện thủ tục hải quan"" theo hình thức trực tuyến Khóa 01 năm 2022 (mã lớp: HQPL01/2022)",79309,305,19,CAN_THO,null,27/06/2022,https://files.customs.gov.vn/CustomsCMS/CAN_THO/2022/6/28/438_2022_TB-THQVN TB vv to chuc lop Nhung vd DN can biet de lam TTHQ HQPL01-2022.PDF,https://www.customs.gov.vn/index.jsp?pageId=3&id=79309&cid=1294,2022,06/2022,2026-10-08T09:33:06Z
134,438/TB-THQVN1,27/06/2022,Trường Hải quan Việt Nam,"V/v Tổ chức lớp “Những vấn đề doanh nghiệp cần biết để làm chủ kỹ năng phân loại, xác định mã số hàng hóa, giảm thiểu rủi ro khi thực hiện thủ tục hải quan” theo hình thức trực tuyến khóa 1 năm 2022 (mã lớp: HQPL01/2022)",79424,305,19,DONG_NAI,null,null,https://files.customs.gov.vn/CustomsCMS/DONG_NAI/2022/6/30/438_TB_THQVN_27_06_2022.PDF,https://www.customs.gov.vn/index.jsp?pageId=3&id=79424&cid=1294,2022,06/2022,2026-10-08T09:33:06Z
135,5393/TB-HQHP,27/06/2022,Phòng Chống buôn lậu và x lý vi phạm,Thông báo lựa chọn tổ chức đấu giá tài sản,79389,305,19,HAI_PHONG,Vũ Tuấn Anh,27/06/2022,https://files.customs.gov.vn/CustomsCMS/HAI_PHONG/2022/6/30/8375393.pdf,https://www.customs.gov.vn/index.jsp?pageId=3&id=79389&cid=1294,2022,06/2022,2026-10-08T09:33:06Z
136,09/TB-NVKHQ,24/06/2022,Hội Đồng thi CCCNVHQ năm 2021,Thông báo kết quả phúc tra - phúc khảo thí sinh tham dự Kỳ thi cấp chứng chỉ nghiệp vụ khai hải quan năm 2021,79307,305,19,CAN_THO,null,24/06/2022,https://files.customs.gov.vn/CustomsCMS/CAN_THO/2022/6/28/2022-09 TB-NVKHQ.pdf,https://www.customs.gov.vn/index.jsp?pageId=3&id=79307&cid=1294,2022,06/2022,2026-10-08T09:33:06Z
137,1053/TB-TH,24/06/2022,Chi cục Hải quan CKSBQT Nội Bài,Thông báo V/v lựa chọn tổ chức đấu giá tài sản,79301,305,19,HA_NOI,null,null,https://files.customs.gov.vn/CustomsCMS/HA_NOI/2022/6/27/1053 24.6.pdf,https://www.customs.gov.vn/index.jsp?pageId=3&id=79301&cid=1294,2022,06/2022,2026-10-08T09:33:06Z
138,11/TB-NVKHQ,24/06/2022,Hội đồng thi cấp CCNVHQ năm 2021,Công nhận kết quả thi của thí sinh tham dự Kỳ thi cấp chứng chỉ nghiệp vụ khai hải quan năm 2021,79308,305,19,CAN_THO,null,24/06/2022,https://files.customs.gov.vn/CustomsCMS/CAN_THO/2022/6/28/2022-11 TB-NVKHQ.pdf,https://www.customs.gov.vn/index.jsp?pageId=3&id=79308&cid=1294,2022,06/2022,2026-10-08T09:33:06Z
139,122/QĐ-HQCM,23/06/2022,Cục Hải quan tỉnh Cà Mau,Quyết định ban hành nội quy tiếp công dân tại Trụ sở Cục Hải quan tỉnh Cà Mau,79282,305,10,CA_MAU,Cao Văn Miên,null,https://files.customs.gov.vn/CustomsCMS/CA_MAU/2022/6/24/122.PDF,https://www.customs.gov.vn/index.jsp?pageId=3&id=79282&cid=1294,2022,06/2022,2026-10-08T09:33:06Z
140,1691/HQHN-GSQL,22/06/2022,Cục Hải quan TP. Hà Nội,V/v thẩm định giá tài sản (lần 2),79245,305,16,HA_NOI,null,null,"https://files.customs.gov.vn/CustomsCMS/HA_NOI/2022/6/22/Vanban_1691.PDF,/CustomsCMS/HA_NOI/2022/6/22/Bảng kê chi tiết hàng hóa tồn đọng_Đính kèm CV thẩm định giá (1).xls",https://www.customs.gov.vn/index.jsp?pageId=3&id=79245&cid=1294,2022,06/2022,2026-10-08T09:33:06Z
141,2423/TCHQ-TVQT,21/06/2022,Tổng cục Hải quan,Thông báo giá bán ấn chỉ năm 2022,79466,305,19,TONG_CUC,Nguyễn Đức Thọ,null,https://files.customs.gov.vn/CustomsCMS/TONG_CUC/2022/7/5/Vanban_2423.PDF,https://www.customs.gov.vn/index.jsp?pageId=3&id=79466&cid=1294,2022,06/2022,2026-10-08T09:33:06Z
142,298/QĐ-THQVN,21/06/2022,Trường Hải quan Việt Nam,Về việc tổ chức Lớp tập huấn kỹ thuật nghiệp vụ về xuất xứ hàng hóa dành cho doanh nghiệp Xuất nhập khẩu khu vực phía Bắc,79314,305,19,HAI_PHONG,null,21/06/2022,"https://files.customs.gov.vn/CustomsCMS/HAI_PHONG/2022/6/28/QĐ299THQVN.pdf,/CustomsCMS/HAI_PHONG/2022/6/28/QĐ298THQVN.pdf",https://www.customs.gov.vn/index.jsp?pageId=3&id=79314&cid=1294,2022,06/2022,2026-10-08T09:33:06Z
143,2752/QĐ-BNN-TCLN,20/06/2022,Bộ Nông nghiệp và Phát triển nông thôn,Công bố danh mục các loại gỗ đã nhập khẩu vào Việt Nam,79819,305,10,TONG_CUC,Lê Quốc Doanh,20/07/2022,https://files.customs.gov.vn/CustomsCMS/TONG_CUC/2022/8/2/QD2752BNNPTNT.doc,https://www.customs.gov.vn/index.jsp?pageId=3&id=79819&cid=1294,2022,06/2022,2026-10-08T09:33:06Z
144,07/2022/QH15,16/06/2022,Quốc hội,"Luật sửa đổi, bổ sung một số điều của Luật Sở hữu trí tuệ",79870,305,13,AN_GIANG,Vương Đình Huệ,01/01/2023,https://files.customs.gov.vn/CustomsCMS/AN_GIANG/2022/8/3/07_2022_QH15_Luat So huu tri tue sua doi 2022.pdf,https://www.customs.gov.vn/index.jsp?pageId=3&id=79870&cid=1294,2022,06/2022,2026-10-08T09:33:06Z
145,08/2022/QH15,16/06/2022,Quốc hội,LUẬT KINH DOANH BẢO HIỂM,79871,305,13,AN_GIANG,Vương Đình Huệ,01/01/2023,https://files.customs.gov.vn/CustomsCMS/AN_GIANG/2022/8/3/08_2022_QH15_Luat kinh doanh Bao hiem.pdf,https://www.customs.gov.vn/index.jsp?pageId=3&id=79871&cid=1294,2022,06/2022,2026-10-08T09:33:06Z
146,418/TB-THQVN,16/06/2022,Trường Hải quan Việt Nam,V/v Tổ chức lớp đào tạo nghiệp vụ hải quan cơ bản theo hình thức trực tuyến khóa 05 năm 2022 (mã lớp HQCB05/2022),79208,305,19,DONG_NAI,null,null,https://files.customs.gov.vn/CustomsCMS/DONG_NAI/2022/6/17/418_TB_THQVN_16_06_2022.PDF,https://www.customs.gov.vn/index.jsp?pageId=3&id=79208&cid=1294,2022,06/2022,2026-10-08T09:33:06Z
147,05/2022/QH15,15/06/2022,Quốc hội,LUẬT ĐIỆN ẢNH,79868,305,13,AN_GIANG,Vương Đình Huệ,01/01/2023,https://files.customs.gov.vn/CustomsCMS/AN_GIANG/2022/8/3/05_2022_QH15_Luat Dien anh.pdf,https://www.customs.gov.vn/index.jsp?pageId=3&id=79868&cid=1294,2022,06/2022,2026-10-08T09:33:06Z
148,06/2022/QH15,15/06/2022,Quốc hội,LUẬT THI ĐUA KHEN THƯỞNG,79869,305,13,AN_GIANG,Vương Đình Huệ,01/01/2024,https://files.customs.gov.vn/CustomsCMS/AN_GIANG/2022/8/3/06_2022_QH15_Luat Thi dua khen thuong.pdf,https://www.customs.gov.vn/index.jsp?pageId=3&id=79869&cid=1294,2022,06/2022,2026-10-08T09:33:06Z
149,742/HQCB-NV,15/06/2022,Hải quan Cao Bằng,Thông báo một số văn bản về lĩnh vực nghiệp vụ,79232,305,16,CAO_BANG,null,null,https://files.customs.gov.vn/CustomsCMS/CAO_BANG/2022/6/20/22 742-HQCB-NV.signed cong van thong bao van ban moi thang 6.pdf,https://www.customs.gov.vn/index.jsp?pageId=3&id=79232&cid=1294,2022,06/2022,2026-10-08T09:33:06Z
150,04/2022/QH15,14/06/2022,Quốc hội,LUẬT CẢNH SÁT CƠ ĐỘNG,79867,305,13,AN_GIANG,Vương Đình Huệ,01/01/2023,https://files.customs.gov.vn/CustomsCMS/AN_GIANG/2022/8/3/04_2022_QH15_Luat Canh sat co dong.pdf,https://www.customs.gov.vn/index.jsp?pageId=3&id=79867&cid=1294,2022,06/2022,2026-10-08T09:33:06Z
151,1322/HQTPHCM-TVQT,14/06/2022,Cục Hải quan TP.Hồ Chí Minh – P.Tài vụ quản trị,V/v tổ chức giám định chất lượng hàng hóa đối với lô hàng 538 container tồn đọng ( lần 3),79238,305,16,TP_HO_CHI_MINH,null,null,https://files.customs.gov.vn/CustomsCMS/TP_HO_CHI_MINH/2022/6/21/1322.signed.pdf,https://www.customs.gov.vn/index.jsp?pageId=3&id=79238&cid=1294,2022,06/2022,2026-10-08T09:33:06Z
152,156/TB-HQĐNa,10/06/2022,Cục Hải quan tỉnh Đồng Nai,V/v Triển khai Hệ thống quản lý hải quan tự động (VASSCM),78927,305,19,DONG_NAI,null,null,https://files.customs.gov.vn/CustomsCMS/DONG_NAI/2022/6/10/750156_TB_HQDNa_10_06_2022.pdf,https://www.customs.gov.vn/index.jsp?pageId=3&id=78927&cid=1294,2022,06/2022,2026-10-08T09:33:06Z
153,762/GSQL-GQ4,08/06/2022,Tổng cục Hải quan,Hiệp định thương mại hàng hóa ASEAN,79234,305,16,CAO_BANG,null,null,https://files.customs.gov.vn/CustomsCMS/CAO_BANG/2022/6/20/22 762-GSQL-GQ4 thong tu quy dinh xuat xu hang hoa ASEAN.pdf,https://www.customs.gov.vn/index.jsp?pageId=3&id=79234&cid=1294,2022,06/2022,2026-10-08T09:33:06Z
154,TT 31/2022/TT-BTC,08/06/2022,Bộ Tài chính,"Danh mục hàng hóa xuất khẩu, nhập khẩu Việt Nam",82177,305,4,AN_GIANG,Vũ Thị Mai,01/12/2022,https://files.customs.gov.vn/CustomsCMS/AN_GIANG/2022/12/26/31-2022-TT-BTC-08062022.pdf,https://www.customs.gov.vn/index.jsp?pageId=3&id=82177&cid=1294,2022,06/2022,2026-10-08T09:33:06Z
155,TT31/2022/TT-BTC,08/06/2022,Bộ Tài chính,"Thông tư 31/2022/TT-BTC của Bộ Tài chính về việc ban hành Danh mục hàng hóa xuất khẩu, nhập khẩu Việt Nam",85277,305,4,TP_HO_CHI_MINH,null,null,https://files.customs.gov.vn/CustomsCMS/TP_HO_CHI_MINH/2023/5/24/31_2022_TT_BTC_08_06_2022.pdf,https://www.customs.gov.vn/index.jsp?pageId=3&id=85277&cid=1294,2022,06/2022,2026-10-08T09:33:06Z
156,1234/HQTPHCM-GSQL,07/06/2022,Cục Hải quan TP.Hồ Chí Minh,Về việc thanh lý vỏ container rỗng,78920,305,16,TP_HO_CHI_MINH,null,null,https://files.customs.gov.vn/CustomsCMS/TP_HO_CHI_MINH/2022/6/10/1234.signed.pdf,https://www.customs.gov.vn/index.jsp?pageId=3&id=78920&cid=1294,2022,06/2022,2026-10-08T09:33:06Z
157,2079/TCHQ-GSQL,03/06/2022,Tổng cục Hải quan,Thực hiện thuế CBPG đối với sản phẩm vật liệu hàn,79235,305,16,CAO_BANG,null,null,https://files.customs.gov.vn/CustomsCMS/CAO_BANG/2022/6/20/22 2079 xuat khau cat.PDF,https://www.customs.gov.vn/index.jsp?pageId=3&id=79235&cid=1294,2022,06/2022,2026-10-08T09:33:06Z
158,747/GSQL-GQ1,03/06/2022,Tổng cục Hải quan,Thực hiện nghị định 12 và 59,79233,305,16,CAO_BANG,null,null,https://files.customs.gov.vn/CustomsCMS/CAO_BANG/2022/6/20/22 747-GSQL-GQ1 thuc hien NQ 12 2021 UBTVQH15.pdf,https://www.customs.gov.vn/index.jsp?pageId=3&id=79233&cid=1294,2022,06/2022,2026-10-08T09:33:06Z
159,369/2022/TB-THQVN,01/06/2022,Trường Hải quan Việt Nam,TB V/v tổ chức thi chứng chỉ nghiệp vụ khai hải quan năm 2022,78807,305,19,THANH_HOA,null,null,https://files.customs.gov.vn/CustomsCMS/THANH_HOA/2022/6/3/di2022_25_369_tb-thqvns1.pdf,https://www.customs.gov.vn/index.jsp?pageId=3&id=78807&cid=1294,2022,06/2022,2026-10-08T09:33:06Z
160,369/TB-THQVN,01/06/2022,Trường Hải quan Việt Nam,Tổ chức thi cấp chứng chỉ nghiệp vụ khai hải quan năm 2022,78749,305,19,CAN_THO,null,01/06/2022,https://files.customs.gov.vn/CustomsCMS/CAN_THO/2022/6/1/369_2022_TB-THQVN TB vv to chuc ky thi cap chung chi NVKHQ 2022.PDF,https://www.customs.gov.vn/index.jsp?pageId=3&id=78749&cid=1294,2022,06/2022,2026-10-08T09:33:06Z
161,369/TB-THQVN1,01/06/2022,Trường Hải quan Việt Nam,V/v Tổ chức thi cấp chứng chỉ nghiệp vụ khai hải quan,78750,305,19,DONG_NAI,null,null,https://files.customs.gov.vn/CustomsCMS/DONG_NAI/2022/6/1/369_TB_THQVN_01_06_2022.PDF,https://www.customs.gov.vn/index.jsp?pageId=3&id=78750&cid=1294,2022,06/2022,2026-10-08T09:33:06Z
162,49/2022/NĐ-CP,29/07/2022,Chính phủ,"Sửa đổi, bổ sung một số điều của Nghị định số 209/2013/NĐ-CP ngày 18 tháng 12 năm 2013 của Chính phủ quy định chi tiết và hướng dẫn thi hành một số điều của Luật Thuế giá trị gia tăng đã được sửa đổi, bổ sung một số điều theo Nghị định số 12/2015/NĐ-CP, Nghị định số 100/2016/NĐ-CP và Nghị định số 146/2017/NĐ-CP",81488,305,8,CAN_THO,null,12/09/2022,https://files.customs.gov.vn/CustomsCMS/CAN_THO/2022/11/1/49-2022-ND-CP.pdf,https://www.customs.gov.vn/index.jsp?pageId=3&id=81488&cid=1294,2022,07/2022,2026-10-08T09:33:06Z
163,06/2022/TT-BNNPTNT,28/07/2022,Bộ Nông nghiệp và Phát triển nông thôn,"Thông tư sửa đổi, bổ sung một số điều của các Thông tư quy định về kiểm dịch động vật, sản phẩm động vật thủy sản.",79822,305,4,TONG_CUC,Phùng Đức Tiến,11/09/2022,https://files.customs.gov.vn/CustomsCMS/TONG_CUC/2022/8/2/TT062022BNNPTNT.doc,https://www.customs.gov.vn/index.jsp?pageId=3&id=79822&cid=1294,2022,07/2022,2026-10-08T09:33:06Z
164,45/2022/TT-BTC,27/07/2022,Bộ Tài chính,"Thông tư sửa đổi, bổ sung một số Điều tại Thông tư số 143/2015/TT-BTC ngày 11 tháng 09 năm 2015 của Bộ trưởng Bộ Tài chính quy định thủ tục hải quan và quản lý xe ô tô, xe gắn máy của các đối tượng được phép nhập khẩu, tạm nhập khẩu không nhằm mục đích thương mại.",79825,305,4,TONG_CUC,Hồ Đức Phớc,10/09/2022,https://files.customs.gov.vn/CustomsCMS/TONG_CUC/2022/8/2/TT452022BTC.doc,https://www.customs.gov.vn/index.jsp?pageId=3&id=79825&cid=1294,2022,07/2022,2026-10-08T09:33:06Z
165,TT45/2022/TT-BTC,27/07/2022,Bộ Tài chính,"Thông tư sửa đổi, bổ sung một số Điều tại Thông tư số 143/2015/TT-BTC ngày 11 tháng 09 năm 2015 của Bộ trưởng Bộ Tài chính quy định thủ tục hải quan và quản lý xe ô tô, xe gắn máy của các đối tượng được phép nhập khẩu, tạm nhập khẩu không nhằm mục đích thương mại.",85278,305,4,TP_HO_CHI_MINH,null,null,https://files.customs.gov.vn/CustomsCMS/TP_HO_CHI_MINH/2023/5/24/TT45-2022.pdf,https://www.customs.gov.vn/index.jsp?pageId=3&id=85278&cid=1294,2022,07/2022,2026-10-08T09:33:06Z
166,1462/QĐ-BTC,22/07/2022,Bộ Tài chính,"Công bố thủ tục hành chính mới ban hành, sửa đổi thay thế, bãi bỏ trong lĩnh vực Thuế, Hải quan thuộc phạm vi chức năng quản lý của Bộ Tài chính",79778,305,10,CAN_THO,null,01/01/2022,https://files.customs.gov.vn/CustomsCMS/CAN_THO/2022/8/1/2022_1462_QD-BTC.pdf,https://www.customs.gov.vn/index.jsp?pageId=3&id=79778&cid=1294,2022,07/2022,2026-10-08T09:33:06Z
167,1462/QĐ-BTC1,22/07/2022,Bo Tai chinh,"V/v Công bố thủ tục hành chính mới ban hành, sửa đổi, thay thế, bãi bỏ trong lĩnh vực Thuế, Hải quan thuộc phạm vụ chức năng quản lý của Bộ Tài chính",80245,305,10,DONG_NAI,null,null,https://files.customs.gov.vn/CustomsCMS/DONG_NAI/2022/8/22/3001462_QD_BTC_22_07_2022.pdf,https://www.customs.gov.vn/index.jsp?pageId=3&id=80245&cid=1294,2022,07/2022,2026-10-08T09:33:06Z
168,1463/QĐ-BTC1,22/07/2022,Bộ Tài chính,"V/v Công bố thủ tục hành chính mới ban hành, bãi bỏ trong lĩnh vực thuế, hải quan thuộc phạm vi chức năng quản lý của Bộ Tài chính",80827,305,10,DONG_NAI,null,null,https://files.customs.gov.vn/CustomsCMS/DONG_NAI/2022/9/16/1463_QD_BTC_22_07_2022.pdf,https://www.customs.gov.vn/index.jsp?pageId=3&id=80827&cid=1294,2022,07/2022,2026-10-08T09:33:06Z
169,6589/TB-HQHP,22/07/2022,Cục Hải quan thành phố Hải Phòng,Lựa chọn tổ chức đấu giá,79702,305,19,HAI_PHONG,Vũ Tuấn Anh,25/07/2022,https://files.customs.gov.vn/CustomsCMS/HAI_PHONG/2022/7/25/Thông báo số 6589.TB-HQHP ngày 22.7.2022.pdf,https://www.customs.gov.vn/index.jsp?pageId=3&id=79702&cid=1294,2022,07/2022,2026-10-08T09:33:06Z
170,276/QĐ-HQKH,21/07/2022,Cục Hải quan tỉnh Khánh Hòa,Quyết định công khai giao điều chỉnh dự toán chi NSNN năm 2022 của Cục Hải quan tỉnh Khánh Hòa,79776,305,10,KHANH_HOA,null,null,https://files.customs.gov.vn/CustomsCMS/KHANH_HOA/2022/7/29/211276-QD cong khai dieu chinh du toan chi NSNN nam 2022.pdf,https://www.customs.gov.vn/index.jsp?pageId=3&id=79776&cid=1294,2022,07/2022,2026-10-08T09:33:06Z
171,10/2022/TT-BTTTT,20/07/2022,Bộ Thông tin và Truyền thông,"Sửa đổi, bổ sung  một số điều của Thông tư số 13/2018/TT-BTTTT ngày 15 tháng 10 năm 2018 của Bộ trưởng Bộ Thông tin và Truyền thông quy định Danh mục sản phẩm an toàn thông tin mạng nhập khẩu theo giấy phép và trình tự, thủ tục, hồ sơ cấp Giấy phép nhập khẩu sản phẩm an toàn thông tin mạng.",79820,305,4,TONG_CUC,Nguyễn Mạnh Hùng,15/09/2022,https://files.customs.gov.vn/CustomsCMS/TONG_CUC/2022/8/2/TT102022BTTTT.doc,https://www.customs.gov.vn/index.jsp?pageId=3&id=79820&cid=1294,2022,07/2022,2026-10-08T09:33:06Z
172,1996/GC-ĐQLT,20/07/2022,Chi cục Hải quan Quản lý Hàng Gia Công,"Xác nhận người nộp thuế không còn hoạt động SX, KD",79701,305,16,TP_HO_CHI_MINH,null,20/07/2022,https://files.customs.gov.vn/CustomsCMS/TP_HO_CHI_MINH/2022/7/25/1996.pdf,https://www.customs.gov.vn/index.jsp?pageId=3&id=79701&cid=1294,2022,07/2022,2026-10-08T09:33:06Z
173,6413/HQHP-TB,20/07/2022,Cục Hải quan thành phố Hải Phòng,Bán niêm yết tài sản,79695,305,19,HAI_PHONG,Vũ Tuấn Anh,20/07/2022,https://files.customs.gov.vn/CustomsCMS/HAI_PHONG/2022/7/25/Thông báo số 6414.HQHP-TB ngày 20.7.2022.pdf,https://www.customs.gov.vn/index.jsp?pageId=3&id=79695&cid=1294,2022,07/2022,2026-10-08T09:33:06Z
174,6414/HQHP-TB,20/07/2022,Cục Hải quan thành phố Hải Phòng,Bán niêm yết tài sản,79697,305,19,HAI_PHONG,Vũ Tuấn Anh,20/07/2022,https://files.customs.gov.vn/CustomsCMS/HAI_PHONG/2022/7/25/Thông báo số 6414.HQHP-TB ngày 20.7.2022.pdf,https://www.customs.gov.vn/index.jsp?pageId=3&id=79697&cid=1294,2022,07/2022,2026-10-08T09:33:06Z
175,6415/HQHP-TB,20/07/2022,Cục Hải quan thành phố Hải Phòng,Bán niêm yết tài sản,79699,305,19,HAI_PHONG,Vũ Tuấn Anh,20/07/2022,https://files.customs.gov.vn/CustomsCMS/HAI_PHONG/2022/7/25/Thông báo số 6415.HQHP-TB ngày 20.7.2022.pdf,https://www.customs.gov.vn/index.jsp?pageId=3&id=79699&cid=1294,2022,07/2022,2026-10-08T09:33:06Z
176,1345/HQTH-VP,19/07/2022,Cục Hải quan Thanh Hóa,THÔNG BÁO KẾT QUẢ LỰA CHỌN TỔ CHỨC ĐẤU GIÁ TÀI SẢN,79606,305,16,THANH_HOA,null,null,https://files.customs.gov.vn/CustomsCMS/THANH_HOA/2022/7/20/A9R1fmmd77_139c9q5_81s.pdf,https://www.customs.gov.vn/index.jsp?pageId=3&id=79606&cid=1294,2022,07/2022,2026-10-08T09:33:06Z
177,1914/GC-ĐQLT,19/07/2022,Chi cục Hải quan Quản lý Hàng Gia Công,Đề nghị thu hồi giấy chứng nhận ĐKKD,79604,305,16,TP_HO_CHI_MINH,null,null,https://files.customs.gov.vn/CustomsCMS/TP_HO_CHI_MINH/2022/7/19/1914.pdf,https://www.customs.gov.vn/index.jsp?pageId=3&id=79604&cid=1294,2022,07/2022,2026-10-08T09:33:06Z
178,1456/QĐ-TCHQ,18/07/2022,Tổng cục Hải quan,Quy định cơ cấu tổ chức của Chi cục Hải quan cửa khẩu Vĩnh Long và Chi cục Hải quan cửa khẩu cảng Trà Vinh trực thuộc Cục HQ TP Cần Thơ,80854,305,10,CAN_THO,null,01/08/2022,https://files.customs.gov.vn/CustomsCMS/CAN_THO/2022/9/18/2022_QD-1456-TCHQ.pdf,https://www.customs.gov.vn/index.jsp?pageId=3&id=80854&cid=1294,2022,07/2022,2026-10-08T09:33:06Z
179,1763/HQTPHCM-CBLXL,18/07/2022,Cục Hải quan TP. Hồ Chí Minh,V/v trưng cầu giám định chất lượng còn lại và thẩm định giá,79600,305,16,TP_HO_CHI_MINH,null,null,https://files.customs.gov.vn/CustomsCMS/TP_HO_CHI_MINH/2022/7/19/CV 1763.pdf,https://www.customs.gov.vn/index.jsp?pageId=3&id=79600&cid=1294,2022,07/2022,2026-10-08T09:33:06Z
180,1764/HQTPHCM-CBLXL,18/07/2022,Cục Hải quan TP. Hồ Chí Minh,V/v trưng cầu giám định chất lượng còn lại và thẩm định giá,79601,305,16,TP_HO_CHI_MINH,Lê Nguyên Linh,null,https://files.customs.gov.vn/CustomsCMS/TP_HO_CHI_MINH/2022/7/19/CV 1764.pdf,https://www.customs.gov.vn/index.jsp?pageId=3&id=79601&cid=1294,2022,07/2022,2026-10-08T09:33:06Z
181,1765/HQTPHCM-CBLXL,18/07/2022,Cục Hải quan TP. Hồ Chí Minh,V/v trưng cầu giám định chất lượng còn lại và thẩm định giá,79602,305,16,TP_HO_CHI_MINH,Lê Nguyện Linh,null,https://files.customs.gov.vn/CustomsCMS/TP_HO_CHI_MINH/2022/7/19/CV 1765.pdf,https://www.customs.gov.vn/index.jsp?pageId=3&id=79602&cid=1294,2022,07/2022,2026-10-08T09:33:06Z
182,1766/HQTPHCM-CBLXL,18/07/2022,Cục Hải quan TP. Hồ Chí Minh,V/v trưng cầu giám định chất lượng còn lại và thẩm định giá,79603,305,16,TP_HO_CHI_MINH,Lê Nguyên Linh,null,https://files.customs.gov.vn/CustomsCMS/TP_HO_CHI_MINH/2022/7/19/CV 1766.pdf,https://www.customs.gov.vn/index.jsp?pageId=3&id=79603&cid=1294,2022,07/2022,2026-10-08T09:33:06Z
183,2007/HQHN-GSQL,18/07/2022,Cục Hải quan TP. Hà Nội,V/v thẩm định giá hàng hóa,79598,305,16,HA_NOI,null,null,https://files.customs.gov.vn/CustomsCMS/HA_NOI/2022/7/18/tờ trình lần 2 gửi anh xuân anh.PDF,https://www.customs.gov.vn/index.jsp?pageId=3&id=79598&cid=1294,2022,07/2022,2026-10-08T09:33:06Z
184,1971/HQHN-GSQL,15/07/2022,Cục Hải quan TP. Hà Nội,Thẩm định giá tài sản (lần 3),79579,305,16,HA_NOI,null,null,https://files.customs.gov.vn/CustomsCMS/HA_NOI/2022/7/18/Vanban_1971.PDF,https://www.customs.gov.vn/index.jsp?pageId=3&id=79579&cid=1294,2022,07/2022,2026-10-08T09:33:06Z
185,QĐ 1399/QĐ-TCHQ,15/07/2022,Tổng cục Hải quan,"Quyết định 1399/QĐ-TCHQ của Tổng cục Hải quan về việc ban hành Chương trình thí điểm hỗ trợ, khuyến khích doanh nghiệp tự nguyện tuân thủ pháp luật hải quan",81461,305,10,THANH_HOA,null,null,https://files.customs.gov.vn/CustomsCMS/THANH_HOA/2022/10/28/quyet-dinh-1399-qd-tchq (1).pdf,https://www.customs.gov.vn/index.jsp?pageId=3&id=81461&cid=1294,2022,07/2022,2026-10-08T09:33:06Z
186,46/2022/NĐ-CP,13/07/2022,Chính phủ,"Sửa đổi, bổ sung một số điều của Nghị định số 13/2020/NĐ-CP ngày 21/01/2020 của Chính phủ hướng dẫn chi tiết Luật chăn nuôi",79818,305,8,TONG_CUC,Lê Văn Thành,13/07/2022,https://files.customs.gov.vn/CustomsCMS/TONG_CUC/2022/8/2/ND462022 CP.doc,https://www.customs.gov.vn/index.jsp?pageId=3&id=79818&cid=1294,2022,07/2022,2026-10-08T09:33:06Z
187,6093/TB-HQHP,13/07/2022,Cục Hải quan thành phố Hải Phòng,Lịch tiếp công dân của Cục trưởng Cục Hải quan thành phố Hải Phòng,79580,"305, 305",19,HAI_PHONG,Vũ Anh Tuấn,13/07/2022,https://files.customs.gov.vn/CustomsCMS/HAI_PHONG/2022/7/21/6093 thong bao lich tiep cong dan.pdf,https://www.customs.gov.vn/index.jsp?pageId=3&id=79580&cid=1294,2022,07/2022,2026-10-08T09:33:06Z
188,486/TB-THQVN,12/07/2022,Trường Hải quan Việt Nam,V/v Tổ chức Lớp đào tạo nghiệp vụ hải quan cơ bản theo hình thức trực tuyến khóa 06 năm 2022,79523,305,19,DONG_NAI,null,null,https://files.customs.gov.vn/CustomsCMS/DONG_NAI/2022/7/12/486_TB_THQVN_12_07_2022.PDF,https://www.customs.gov.vn/index.jsp?pageId=3&id=79523&cid=1294,2022,07/2022,2026-10-08T09:33:06Z
189,1766/TBXC-GC,11/07/2022,Chi cục Hải quan Quản lý Hàng Gia Công,Thông báo v/v hủy bỏ tạm hoãn xuất cảnh,79525,305,19,TP_HO_CHI_MINH,null,null,https://files.customs.gov.vn/CustomsCMS/TP_HO_CHI_MINH/2022/7/12/1766.pdf,https://www.customs.gov.vn/index.jsp?pageId=3&id=79525&cid=1294,2022,07/2022,2026-10-08T09:33:06Z
190,1767/TBXC-GC,11/07/2022,Chi cục Hải quan Quản lý Hàng Gia Công,Thông báo v/v tạm hoãn xuất cảnh,79524,305,19,TP_HO_CHI_MINH,null,null,https://files.customs.gov.vn/CustomsCMS/TP_HO_CHI_MINH/2022/7/12/1767.pdf,https://www.customs.gov.vn/index.jsp?pageId=3&id=79524&cid=1294,2022,07/2022,2026-10-08T09:33:06Z
191,2195/QĐ-UBND,08/07/2022,Ủy bân nhân dân thành phố Hải Phòng,"Công bố Danh mục thủ tục hành chính mới ban hành, được sửa đổi, bổ sung, bãi bỏ thuộc lĩnh vực Lao động - Thương binh và Xã hội trên địa hàn thành phố Hải Phòng",79530,305,10,HAI_PHONG,Nguyễn Văn Tùng,08/07/2022,,https://www.customs.gov.vn/index.jsp?pageId=3&id=79530&cid=1294,2022,07/2022,2026-10-08T09:33:06Z
192,2198/QĐ-UBND,08/07/2022,Ủy bân nhân dân thành phố Hải Phòng,Công bố danh mục thủ tục hành chính bãi bỏ thuộc lĩnh vực khoa học và công nghệ trên địa bàn thành phố Hải Phòng,79532,305,10,HAI_PHONG,Nguyễn Văn Tùng,08/07/2022,,https://www.customs.gov.vn/index.jsp?pageId=3&id=79532&cid=1294,2022,07/2022,2026-10-08T09:33:06Z
193,264/QĐ-HQKH,08/07/2022,Cục Hải quan tỉnh Khánh Hòa,"Quyết định công khai tình hình thực hiện dự toán thu, chi NSNN 06 tháng năm 2022 của Cục Hải quan tỉnh Khánh Hòa",79607,305,10,KHANH_HOA,null,null,https://files.customs.gov.vn/CustomsCMS/KHANH_HOA/2022/7/20/264-QD cong khai du toan thu chi NSNN 6 thang 2022.pdf,https://www.customs.gov.vn/index.jsp?pageId=3&id=79607&cid=1294,2022,07/2022,2026-10-08T09:33:06Z
194,476/TB-THQVN,08/07/2022,Trường Hải quan Việt Nam,Tổ chức Lớp đào tạo bổ sung kiến thức pháp luật hải quan dành cho nhân viên đại lý làm thủ tục hải quan theo hình thức trực tuyến Khóa 04 năm 2022 (mã lớp: HQCN04/2022),79515,305,19,CAN_THO,null,08/07/2022,https://files.customs.gov.vn/CustomsCMS/CAN_THO/2022/7/11/476_2022_TB vv to chuc lop dt bs kt PLHQ cho DLHQ truc tuyen HQCN04-2022.PDF,https://www.customs.gov.vn/index.jsp?pageId=3&id=79515&cid=1294,2022,07/2022,2026-10-08T09:33:06Z
195,476/TB-THQVN1,08/07/2022,Trường Hải quan Việt Nam,V/v Tổ chức Lớp đào tạo bổ sung kiến thức pháp luật hải quan dành cho nhân viên đại lý làm thủ tục hải quan theo hình thức trực tuyến khóa 4 năm 2022,79522,305,19,DONG_NAI,null,null,https://files.customs.gov.vn/CustomsCMS/DONG_NAI/2022/7/12/476_TB_THQVN_08_07_2022.PDF,https://www.customs.gov.vn/index.jsp?pageId=3&id=79522&cid=1294,2022,07/2022,2026-10-08T09:33:06Z
196,1621/HQTPHCM-CNTT,07/07/2022,Cục Hải quan TP. Hồ Chí Minh,V/v cung cấp bảng báo giá,93668,305,16,TP_HO_CHI_MINH,null,null,https://files.customs.gov.vn/CustomsCMS/TP_HO_CHI_MINH/2024/5/14/1621.signed.pdf,https://www.customs.gov.vn/index.jsp?pageId=3&id=93668&cid=1294,2022,07/2022,2026-10-08T09:33:06Z
197,2753/TCHQ-GSQL,07/07/2022,Cục Giám sát quản lý về Hải quan,"V/v Xuất khẩu đá vôi, đôlômit (Công ty Cổ phần Đầu tư Vạn Ninh)",79529,305,16,DONG_NAI,null,null,https://files.customs.gov.vn/CustomsCMS/DONG_NAI/2022/7/13/2753_TCHQ_GSQL_07_07_2022.PDF,https://www.customs.gov.vn/index.jsp?pageId=3&id=79529&cid=1294,2022,07/2022,2026-10-08T09:33:06Z
198,1305/HQĐNa-CNTT,06/07/2022,Cục Hải quan tỉnh Đồng Nai,V/v Cấp mã địa điểm tập kết hàng hóa xuất khẩu (Công ty TNHH Nippon Notebook Việt Nam),79476,305,16,DONG_NAI,null,null,https://files.customs.gov.vn/CustomsCMS/DONG_NAI/2022/7/7/1305_HQDNa_CNTT_06_07_2022.pdf,https://www.customs.gov.vn/index.jsp?pageId=3&id=79476&cid=1294,2022,07/2022,2026-10-08T09:33:06Z
199,18/QĐGQKN-HQHCM-HQTPHCM,06/07/2022,Cục Hải quan TP. Hồ Chí Minh,Về việc giải quyết khiếu nại ( lần hai) của Công ty TNHH Nước Giải Khát Suntory Pepsico Việt Nam,79536,305,10,TP_HO_CHI_MINH,null,null,https://files.customs.gov.vn/CustomsCMS/TP_HO_CHI_MINH/2022/7/13/18.pdf,https://www.customs.gov.vn/index.jsp?pageId=3&id=79536&cid=1294,2022,07/2022,2026-10-08T09:33:06Z
200,5862/HQHP-TB,06/07/2022,Cục Hải quan thành phố Hải Phòng,Thông báo kết quả lựa chọn tổ chức đấu giá,79477,305,19,HAI_PHONG,Vũ Tuấn Anh,06/07/2022,https://files.customs.gov.vn/CustomsCMS/HAI_PHONG/2022/7/7/Thông báo số 5862.HQHP-TB ngày 06.7.2022.pdf,https://www.customs.gov.vn/index.jsp?pageId=3&id=79477&cid=1294,2022,07/2022,2026-10-08T09:33:06Z
201,4188/VPCP-KTTH,05/07/2022,Văn phòng Chính phủ,"V/v Một số hiện tượng lừa đảo, gian lận thương mại quốc tế có liên quan đến doanh nghiệp Việt Nam và khuyến nghị",80206,305,16,DONG_NAI,null,null,https://files.customs.gov.vn/CustomsCMS/DONG_NAI/2022/8/19/4188_VPVP_KTTH_05_07_2022.PDF,https://www.customs.gov.vn/index.jsp?pageId=3&id=80206&cid=1294,2022,07/2022,2026-10-08T09:33:06Z
202,1340/QĐ-BTC,04/07/2022,Bộ Tài chính,Tổ chức lại các đơn vị trực thuộc Cục Hải quan thành phố Cần Thơ trực thuộc Tổng cục Hải quan,80853,305,10,CAN_THO,null,04/07/2022,https://files.customs.gov.vn/CustomsCMS/CAN_THO/2022/9/17/2022_QD_1340_04072022_BTC.pdf,https://www.customs.gov.vn/index.jsp?pageId=3&id=80853&cid=1294,2022,07/2022,2026-10-08T09:33:06Z
203,2686/TCHQ-TVQT,04/07/2022,Tổng cục Hải quan,Công văn số 2686/TCHQ-TVQT ngày 04/7/2022 của Tổng cục Hải quan v/v công khai thuyết minh tình hình và số liệu thực hiện  dự toán NSNN 6 tháng đầu năm 2022 của Tổng cục Hải quan,79470,305,16,TONG_CUC,Đàm Viết Nghị,null,https://files.customs.gov.vn/CustomsCMS/TONG_CUC/2022/7/6/2686-TCHQ-TVQT.pdf,https://www.customs.gov.vn/index.jsp?pageId=3&id=79470&cid=1294,2022,07/2022,2026-10-08T09:33:06Z
204,2123/QĐ-UBND,01/07/2022,Ủy bân nhân dân thành phố Hải Phòng,"Công bố Danh mục thủ tục hành chính được thay thế trong lĩnh vực tiếp công dân, xử lý đơn thuộc phạm vi quản lý nhà nước của ngành thanh tra trên địa bàn thành phố Hải Phòng",79531,305,10,HAI_PHONG,Nguyễn Văn Tùng,01/07/2022,https://files.customs.gov.vn/CustomsCMS/HAI_PHONG/2022/7/13/2123.pdf,https://www.customs.gov.vn/index.jsp?pageId=3&id=79531&cid=1294,2022,07/2022,2026-10-08T09:33:06Z
205,1949/QĐ-TCHQ,31/08/2022,Tổng cục Hải quan,"Quyết định số 1949/QĐ-TCHQ ngày 31/8/2022 của Tổng cục Hải quan về việc ban hành Chương trình thực hành tiết kiệm, chống lãng phí năm 2022 của Tổng cục Hải quan",80687,305,10,TONG_CUC,Mai Xuân Thành,31/08/2022,https://files.customs.gov.vn/CustomsCMS/TONG_CUC/2022/9/7/QD19492022TCHQ.PDF,https://www.customs.gov.vn/index.jsp?pageId=3&id=80687&cid=1294,2022,08/2022,2026-10-08T09:33:06Z
206,592/THQVN-ĐTQLHV,31/08/2022,Trường Hải quan Việt Nam,"Không tổ chức Lớp cập nhật, hệ thống hóa kiến thức dành cho thí sinh tham dự kỳ thi cấp Chứng chỉ nghiệp vụ khai hải quan năm 2022",80795,305,19,CAN_THO,null,31/08/2022,"https://files.customs.gov.vn/CustomsCMS/CAN_THO/2022/9/13/2022_592_2022_TB-THQVN TB vv ko to chuc lop cao nhat, ht hoa kt cho thi sinh thi CCNVKHQ 2022.pdf",https://www.customs.gov.vn/index.jsp?pageId=3&id=80795&cid=1294,2022,08/2022,2026-10-08T09:33:06Z
207,3252/GC-ĐQLT,30/08/2022,Chi cục Hải quan Quản lý Hàng Gia Công,Trả lời đề nghị xem xét về việc cưỡng chế hóa đơn,80821,305,16,TP_HO_CHI_MINH,null,null,https://files.customs.gov.vn/CustomsCMS/TP_HO_CHI_MINH/2022/9/15/3252.pdf,https://www.customs.gov.vn/index.jsp?pageId=3&id=80821&cid=1294,2022,08/2022,2026-10-08T09:33:06Z
208,1650/HQĐNa-VP,26/08/2022,Cục Hải quan tỉnh Đồng Nai,V/v Nghỉ lễ Quốc khánh 02/9/2022,80502,305,16,DONG_NAI,null,null,https://files.customs.gov.vn/CustomsCMS/DONG_NAI/2022/8/29/1650_HQDNa_VP_26_08_2022_1.pdf,https://www.customs.gov.vn/index.jsp?pageId=3&id=80502&cid=1294,2022,08/2022,2026-10-08T09:33:06Z
209,2388/HQAG-CBL,26/08/2022,Cục Hải quan tỉnh An Giang,Về việc triển khai tổ chức thực hiện Ngày Pháp luật năm 2022,80401,305,16,AN_GIANG,Trần Quốc Hoàn,26/08/2022,https://files.customs.gov.vn/CustomsCMS/AN_GIANG/2022/8/26/2388HQAG-CBL.signed.pdf,https://www.customs.gov.vn/index.jsp?pageId=3&id=80401&cid=1294,2022,08/2022,2026-10-08T09:33:06Z
210,1864/QĐ-TCHQ,23/08/2022,Tổng cục Hải quan,"Điều chỉnh Quyết định xác nhận kho xăng dầu Đình Vũ đủ điều kiện kiểm tra, giám sát của cơ quan hải quan",80328,305,10,TONG_CUC,Mai Xuân Thành,23/08/2022,https://files.customs.gov.vn/CustomsCMS/TONG_CUC/2022/8/24/1864-QD-TCHQ.pdf,https://www.customs.gov.vn/index.jsp?pageId=3&id=80328&cid=1294,2022,08/2022,2026-10-08T09:33:06Z
211,1617/HQĐNa-VP,22/08/2022,Cục Hải quan tỉnh Đồng Nai,V/v Công khai TTHC mới trong lĩnh vực hải quan thuộc phạm vi chức năng quản lý của Bộ Tài chính,80244,305,16,DONG_NAI,null,null,https://files.customs.gov.vn/CustomsCMS/DONG_NAI/2022/8/22/1617_HQDNa_VP_22_08_2022.pdf,https://www.customs.gov.vn/index.jsp?pageId=3&id=80244&cid=1294,2022,08/2022,2026-10-08T09:33:06Z
212,2377/HQHN-TXNK,22/08/2022,Tổng cục Hải quan,"V/v phát hành, sử dụng biên lai thu thuế, lệ phí hải quan",80525,305,19,TONG_CUC,Nguyễn Trường Giang,null,,https://www.customs.gov.vn/index.jsp?pageId=3&id=80525&cid=1294,2022,08/2022,2026-10-08T09:33:06Z
213,573/TB-THQVN,22/08/2022,Trường Hải quan Việt Nam,V/v Tổ chức Lớp đào tạo kiến thức cơ bản về Nghiệp vụ kiểm tra sau thông quan cho doanh nghiệp 01/2022 (mã lớp STQ01/2022),80301,305,19,DONG_NAI,null,null,https://files.customs.gov.vn/CustomsCMS/DONG_NAI/2022/8/23/573_TB_THQVN_22_08_2022.PDF,https://www.customs.gov.vn/index.jsp?pageId=3&id=80301&cid=1294,2022,08/2022,2026-10-08T09:33:06Z
214,1681/QĐ-BTC1,19/08/2022,Bộ Tài chính,"V/v Công bố thủ tục hành chính được sửa đổi, bổ sung, bãi bỏ trong lĩnh vực hải quan thuộc phạm vi chức năng quản lý của Bộ Tài chính",80828,305,10,DONG_NAI,null,null,https://files.customs.gov.vn/CustomsCMS/DONG_NAI/2022/9/16/1681_QD_BTC_19_08_2022.pdf,https://www.customs.gov.vn/index.jsp?pageId=3&id=80828&cid=1294,2022,08/2022,2026-10-08T09:33:06Z
215,2182/HQTPHCM-XLVP,19/08/2022,Cục Hải quan TP. Hồ Chí Minh,V/v trưng cầu giám định chất lượng còn lại và thẩm định giá,80257,305,16,TP_HO_CHI_MINH,null,null,https://files.customs.gov.vn/CustomsCMS/TP_HO_CHI_MINH/2022/8/22/2182.signed.pdf,https://www.customs.gov.vn/index.jsp?pageId=3&id=80257&cid=1294,2022,08/2022,2026-10-08T09:33:06Z
216,2183/HQTPHCM-XLVP,19/08/2022,Cục Hải quan TP. Hồ Chí Minh,V/v trưng cầu giám định chất lượng còn lại và thẩm định giá,80258,305,16,TP_HO_CHI_MINH,null,null,https://files.customs.gov.vn/CustomsCMS/TP_HO_CHI_MINH/2022/8/22/2183.signed.pdf,https://www.customs.gov.vn/index.jsp?pageId=3&id=80258&cid=1294,2022,08/2022,2026-10-08T09:33:06Z
217,2184/HQTPHCM-XLVP,19/08/2022,Cục Hải quan TP. Hồ Chí Minh,V/v trưng cầu giám định chất lượng còn lại và thẩm định giá,80259,305,16,TP_HO_CHI_MINH,null,null,https://files.customs.gov.vn/CustomsCMS/TP_HO_CHI_MINH/2022/8/22/2184.signed.pdf,https://www.customs.gov.vn/index.jsp?pageId=3&id=80259&cid=1294,2022,08/2022,2026-10-08T09:33:06Z
218,2185/HQTPHCM-XLVP,19/08/2022,Cục Hải quan TP. Hồ Chí Minh,V/v trưng cầu giám định chất lượng còn lại và thẩm định giá,80260,305,16,TP_HO_CHI_MINH,null,null,https://files.customs.gov.vn/CustomsCMS/TP_HO_CHI_MINH/2022/8/22/2185.signed.pdf,https://www.customs.gov.vn/index.jsp?pageId=3&id=80260&cid=1294,2022,08/2022,2026-10-08T09:33:06Z
219,2186/HQTPHCM-XLVP,19/08/2022,Cục Hải quan TP. Hồ Chí Minh,V/v trưng cầu giám định chất lượng còn lại và thẩm định giá,80261,305,16,TP_HO_CHI_MINH,null,null,https://files.customs.gov.vn/CustomsCMS/TP_HO_CHI_MINH/2022/8/22/2186.signed.pdf,https://www.customs.gov.vn/index.jsp?pageId=3&id=80261&cid=1294,2022,08/2022,2026-10-08T09:33:06Z
220,2187/HQTPHCM-XLVP,19/08/2022,Cục Hải quan TP. Hồ Chí Minh,V/v trưng cầu giám định chất lượng còn lại và thẩm định giá,80263,305,16,TP_HO_CHI_MINH,null,null,https://files.customs.gov.vn/CustomsCMS/TP_HO_CHI_MINH/2022/8/22/2187.signed.pdf,https://www.customs.gov.vn/index.jsp?pageId=3&id=80263&cid=1294,2022,08/2022,2026-10-08T09:33:06Z
221,310/QĐ-HQKH,19/08/2022,Cục Hải quan tỉnh Khánh Hòa,Quyết định về  về việc công bố Hệ thống quản lý chất lượng phù hợp Tiêu chuẩn quốc gia TCVN ISO 9001:2015,81859,305,10,KHANH_HOA,null,null,https://files.customs.gov.vn/CustomsCMS/KHANH_HOA/2022/11/29/310-QD công bố HTQLCL -19.8.2022.signed.signed.signed.signed.pdf,https://www.customs.gov.vn/index.jsp?pageId=3&id=81859&cid=1294,2022,08/2022,2026-10-08T09:33:06Z
222,570/TB-THQVN,19/08/2022,Trường Hải quan Việt Nam,Tổ chức Lớp đào tạo bổ sung kiến thức pháp luật hải quan dành cho nhân viên đại lý làm thủ tục hải quan theo hình thức trực tuyến khóa 05 năm 2022 (mã lớp: HQCN05/2022),80275,305,19,CAN_THO,null,19/08/2022,https://files.customs.gov.vn/CustomsCMS/CAN_THO/2022/8/22/570_2022_TB-THQVN TB vv to chuc lop bs kt PLHQ cho DLHQ (HQCN05-2022).PDF,https://www.customs.gov.vn/index.jsp?pageId=3&id=80275&cid=1294,2022,08/2022,2026-10-08T09:33:06Z
223,1477/QĐ-HQHP,18/08/2022,Cục Hải quan thành phố Hải Phòng,Công khai điều chỉnh dự toán chi ngân sách nhà nước năm 2022,80302,305,10,HAI_PHONG,Trần Mạnh Hùng,18/08/2022,https://files.customs.gov.vn/CustomsCMS/HAI_PHONG/2022/8/23/1477.pdf,https://www.customs.gov.vn/index.jsp?pageId=3&id=80302&cid=1294,2022,08/2022,2026-10-08T09:33:06Z
224,1597/HQĐNa-GSQL,18/08/2022,Cục Hải quan tỉnh Đồng Nai,V/v Hướng dẫn thủ tục nhập khẩu anten và LA VR Handle (Công ty TNHH An toàn công cộng Đông Nam Á AXON),80177,305,16,DONG_NAI,null,null,,https://www.customs.gov.vn/index.jsp?pageId=3&id=80177&cid=1294,2022,08/2022,2026-10-08T09:33:06Z
225,3052/GC-ĐQLT,17/08/2022,Chi cục Hải quan Quản lý Hàng Gia Công,Thu hồi giấy chứng nhận đăng ký DN,80179,305,16,TP_HO_CHI_MINH,null,null,https://files.customs.gov.vn/CustomsCMS/TP_HO_CHI_MINH/2022/8/18/3052.pdf,https://www.customs.gov.vn/index.jsp?pageId=3&id=80179&cid=1294,2022,08/2022,2026-10-08T09:33:06Z
226,3053/GC-ĐQLT,17/08/2022,Chi cục Hải quan Quản lý Hàng Gia Công,Cưỡng chế hóa đơn,80178,305,16,TP_HO_CHI_MINH,null,null,https://files.customs.gov.vn/CustomsCMS/TP_HO_CHI_MINH/2022/8/18/3053.pdf,https://www.customs.gov.vn/index.jsp?pageId=3&id=80178&cid=1294,2022,08/2022,2026-10-08T09:33:06Z
227,1808/QĐ-TCHQ,16/08/2022,Tổng cục Hải quan,"Xác nhận kho xăng dầu NAFSC đủ điều kiện kiểm tra, giám sát của cơ quan hải quan",80172,305,10,TONG_CUC,Mai Xuân Thành,16/08/2022,https://files.customs.gov.vn/CustomsCMS/TONG_CUC/2022/8/18/851Vanban_1808.PDF,https://www.customs.gov.vn/index.jsp?pageId=3&id=80172&cid=1294,2022,08/2022,2026-10-08T09:33:06Z
228,1261/QĐ-BCT,15/08/2022,Bộ Công Thương,"V/v Gia hạn thờ hạn điều tra áp dụng biện pháp chống bán phá giá đối với một số sản phẩm bàn, ghế có xuất xứ từ Ma-lai-xi-a và Công hòa nhân dân Trung Hoa (vụ việc AD16)",90643,305,10,DONG_NAI,null,15/08/2022,https://files.customs.gov.vn/CustomsCMS/DONG_NAI/2024/1/24/1261_QD_BCT_15_08_2022.pdf,https://www.customs.gov.vn/index.jsp?pageId=3&id=90643&cid=1294,2022,08/2022,2026-10-08T09:33:06Z
229,2626/QĐ-UBND,15/08/2022,Ủy bân nhân dân thành phố Hải Phòng,"Công bố thủ tục hành chính được sửa đổi, bổ sung, bị bãi bỏ lĩnh vực khoa học và công nghệ trên địa bàn thành phố Hải Phòng",80685,305,10,HAI_PHONG,Nguyễn Văn Tùng,15/08/2022,https://files.customs.gov.vn/CustomsCMS/HAI_PHONG/2022/9/7/2626.pdf,https://www.customs.gov.vn/index.jsp?pageId=3&id=80685&cid=1294,2022,08/2022,2026-10-08T09:33:06Z
230,53/2022/NĐ-CP,15/08/2022,Thủ tướng Chính phủ,Nghị định 53/2022/NĐ-CP của Chính phủ về việc quy định chi tiết một số điều của Luật An ninh mạng,80481,305,8,THANH_HOA,null,null,https://files.customs.gov.vn/CustomsCMS/THANH_HOA/2022/8/26/nghi-dinh-53-2022-nd-cp.pdf,https://www.customs.gov.vn/index.jsp?pageId=3&id=80481&cid=1294,2022,08/2022,2026-10-08T09:33:06Z
231,NĐ53/2022/NĐ-CP,15/08/2022,Chính phủ,NGHỊ ĐỊNH QUY ĐỊNH CHI TIẾT MỘT SỐ ĐIỀU CỦA LUẬT AN NINH MẠNG,87432,305,8,TP_HO_CHI_MINH,null,null,https://files.customs.gov.vn/CustomsCMS/TP_HO_CHI_MINH/2023/8/24/53_2022_ND-CP.pdf,https://www.customs.gov.vn/index.jsp?pageId=3&id=87432&cid=1294,2022,08/2022,2026-10-08T09:33:06Z
232,12/2022/TT-BTTTT,12/08/2022,Bộ TTTT,Thông tư 12/2022/TT-BTTTT của Bộ Thông tin và Truyền thông về việc quy định chi tiết và hướng dẫn một số điều của Nghị định 85/2016/NĐ-CP ngày 01/7/2016 của Chính phủ về bảo đảm an toàn hệ thống thông tin theo cấp độ,80501,305,4,THANH_HOA,null,null,https://files.customs.gov.vn/CustomsCMS/THANH_HOA/2022/8/26/thong-tu-12-2022-tt-btttt-bo-thong-tin-va-truyen-thong.pdf,https://www.customs.gov.vn/index.jsp?pageId=3&id=80501&cid=1294,2022,08/2022,2026-10-08T09:33:06Z
233,2089/HQTPHCM-TVQT,12/08/2022,Cục Hải quan TP. Hồ Chí Minh,V/v báo giá chi phí tiêu hủy lô hàng tồn động tại cảng Cát Lái,80152,305,16,TP_HO_CHI_MINH,null,null,https://files.customs.gov.vn/CustomsCMS/TP_HO_CHI_MINH/2022/8/16/2089.signed.pdf,https://www.customs.gov.vn/index.jsp?pageId=3&id=80152&cid=1294,2022,08/2022,2026-10-08T09:33:06Z
234,3338/TCHQ-CNTT,12/08/2022,Cục Công nghệ thông tin,V/v Bổ sung thủ tục trên Hệ thống cung cấp DVCTT,80107,305,16,DONG_NAI,null,null,https://files.customs.gov.vn/CustomsCMS/DONG_NAI/2022/8/15/3338_TCHQ_CNTT_12_08_2022.PDF,https://www.customs.gov.vn/index.jsp?pageId=3&id=80107&cid=1294,2022,08/2022,2026-10-08T09:33:06Z
235,11/2022/TT-BKHCN,10/08/2022,Bo Khoa hoc Cong nghe,V/v Bãi bỏ các văn bản quy phạm pháp luật do Bộ trưởng Bộ Khoa học và Công nghệ ban hành quy định về phương pháp xác định tỷ lệ nội địa hóa đối với ô tô,84958,305,4,DONG_NAI,null,null,https://files.customs.gov.vn/CustomsCMS/DONG_NAI/2023/5/5/11_2022_TT_BKHCN_10_08_2022.pdf,https://www.customs.gov.vn/index.jsp?pageId=3&id=84958&cid=1294,2022,08/2022,2026-10-08T09:33:06Z
236,2207/TB-HQAG,10/08/2022,Cục Hải quan tỉnh An Giang,Thông báo về việc xét tuyển Hợp đồng lao động,80086,305,19,AN_GIANG,Trần Quốc Hoàn,10/08/2022,https://files.customs.gov.vn/CustomsCMS/AN_GIANG/2022/8/11/2207TB-HQAG.signed.pdf,https://www.customs.gov.vn/index.jsp?pageId=3&id=80086&cid=1294,2022,08/2022,2026-10-08T09:33:06Z
237,540/TB-THQVN,10/08/2022,Trường Hải quan Việt Nam,Tổ chức Lớp đào tạo nghiệp vụ hải quan cơ bản theo hình thức trực tuyến khóa 07 năm 2022 (mã lớp: HQCB07/2022),80085,305,19,CAN_THO,null,10/08/2022,https://files.customs.gov.vn/CustomsCMS/CAN_THO/2022/8/11/540_2022_TB-THQVN TB vv to chuc lop HQCB07-2022.PDF,https://www.customs.gov.vn/index.jsp?pageId=3&id=80085&cid=1294,2022,08/2022,2026-10-08T09:33:06Z
238,540/TB-THQVN1,10/08/2022,Trường Hải quan Việt Nam,V/v  Tổ chức Lớp đào tạo nghiệp vụ hải quan cơ bản theo hình thức trực tuyến khóa 07 năm 2022 (mã lớp: HQCB07/2022),80102,305,16,DONG_NAI,null,null,https://files.customs.gov.vn/CustomsCMS/DONG_NAI/2022/8/15/540_TB_THQVN_10_08_2022.PDF,https://www.customs.gov.vn/index.jsp?pageId=3&id=80102&cid=1294,2022,08/2022,2026-10-08T09:33:06Z
239,964/QĐ-TTg,10/08/2022,Thủ tướng Chính phủ,"QUYẾT ĐỊNH PHÊ DUYỆT CHIẾN LƯỢC AN TOÀN, AN NINH MẠNG QUỐC GIA, CHỦ ĐỘNG ỨNG PHÓ VỚI CÁC THÁCH THỨC TỪ KHÔNG GIAN MẠNG ĐẾN NĂM 2025, TẦM NHÌN 2030",87433,305,10,TP_HO_CHI_MINH,null,null,https://files.customs.gov.vn/CustomsCMS/TP_HO_CHI_MINH/2023/8/24/964_QD-TTg.pdf,https://www.customs.gov.vn/index.jsp?pageId=3&id=87433&cid=1294,2022,08/2022,2026-10-08T09:33:06Z
240,2241/HQHN-GSQL,09/08/2022,Cục Hải quan TP. Hà Nội,V/v thẩm định giá tài sản (lần 4),80056,305,16,HA_NOI,null,null,https://files.customs.gov.vn/CustomsCMS/HA_NOI/2022/8/10/Vanban_2241.PDF,https://www.customs.gov.vn/index.jsp?pageId=3&id=80056&cid=1294,2022,08/2022,2026-10-08T09:33:06Z
241,05/TB-NVKHQ,08/08/2022,Hội đồng thi cấp chứng chỉ nghiệp vụ hải quan năm 2022,Danh sách bổ sung thí sinh đăng ký dự thi kỳ thi cấp chứng chỉ nghiệp vụ khai hải quan năm 2022 - khu vực phía Nam,80022,305,19,CAN_THO,null,null,https://files.customs.gov.vn/CustomsCMS/CAN_THO/2022/8/9/2022-05TB-NVKHQ.pdf,https://www.customs.gov.vn/index.jsp?pageId=3&id=80022&cid=1294,2022,08/2022,2026-10-08T09:33:06Z
242,05/TB-NVKHQ1,08/08/2022,Hội đồng thi cấp chứng chỉ,V/v Thông báo danh sách bổ sung thí sinh đăng ký dự thi kỳ thi cấp chứng chỉ nghiệp vụ khai hải quan năm 2022 – Khu vực phía Nam,80043,305,19,DONG_NAI,null,null,https://files.customs.gov.vn/CustomsCMS/DONG_NAI/2022/8/9/05_TB_NVKHQ_08_08_2022.PDF,https://www.customs.gov.vn/index.jsp?pageId=3&id=80043&cid=1294,2022,08/2022,2026-10-08T09:33:06Z
243,51/2022/NĐ-CP,08/08/2022,Chính phủ,"V/v Sửa đổi mức thuế suất thuế nhập khẩu ưu đãi đối với mặt hàng xăng thuộc nhóm 27.10 tại Biểu thuế nhập khẩu ưu đãi theo Danh mục mặt hàng chịu thuế ban hành kèm theo Nghị định số 57/2020/NĐ-CP ngày 25 tháng 5 năm 2020 của Chính phủ sửa đổi, bổ sung một số điều của Nghị định số 122/2016/NĐ-CP ngày 01 tháng 09 năm 2016 của Chính phủ về Biểu thuế xuất khẩu, Biểu thuế nhập khẩu ưu đãi, Danh mục hàng hóa và mức thuế tuyệt đối, thuế hỗn hợp, thuế nhập khẩu ngoài hạn ngạch thuế quan và Nghị định số 125/2017/NĐ-CP ngày 16 tháng 11 năm 2017 sửa đổi, bổ sung một số điều của Nghị định số 122/2016/NĐ-CP",80201,305,8,DONG_NAI,null,08/08/2022,https://files.customs.gov.vn/CustomsCMS/DONG_NAI/2022/8/19/51_2022_ND_CP_08_08_2022.PDF,https://www.customs.gov.vn/index.jsp?pageId=3&id=80201&cid=1294,2022,08/2022,2026-10-08T09:33:06Z
244,04/TN-NVKHQ,05/08/2022,Trường Hải quan Việt Nam,"Thời gian tổ chức thi, danh sách thí sinh đăng ký dự thi  kỳ thi cấp chứng chỉ nghiệp vụ hải quan năm 2022",80041,305,19,CAO_BANG,null,null,https://files.customs.gov.vn/CustomsCMS/CAO_BANG/2022/8/9/04-TB-NVHQ.pdf,https://www.customs.gov.vn/index.jsp?pageId=3&id=80041&cid=1294,2022,08/2022,2026-10-08T09:33:06Z
245,2540/QĐ-UBND,05/08/2022,Ủy bân nhân dân thành phố Hải Phòng,Công khai thủ tục hành chính được thay thế trong lĩnh vục Bất động sản trên địa bàn thành phố Hải Phòng,80303,305,10,HAI_PHONG,Nguyễn Văn Tùng,05/08/2022,https://files.customs.gov.vn/CustomsCMS/HAI_PHONG/2022/8/23/2540.pdf,https://www.customs.gov.vn/index.jsp?pageId=3&id=80303&cid=1294,2022,08/2022,2026-10-08T09:33:06Z
246,1278/TB-HQCT,02/08/2022,Cục Hải quan TP. Cần Thơ,Triển khai hoạt động tại Chi cục Hải quan cửa khẩu cảng Trà Vinh,79845,305,19,CAN_THO,null,02/08/2022,https://files.customs.gov.vn/CustomsCMS/CAN_THO/2022/8/2/1661278 HQCT 2022.signed.pdf,https://www.customs.gov.vn/index.jsp?pageId=3&id=79845&cid=1294,2022,08/2022,2026-10-08T09:33:06Z
247,21/QĐGQKN-HQHCM-HQTPHCM,01/08/2022,Cục Hải quan TP. Hồ Chí Minh,Về việc giải quyết khiếu nại của Công ty TNHH Đặng Phong. Mã số thuế: 0309942831 (lần hai),80150,305,10,TP_HO_CHI_MINH,null,null,https://files.customs.gov.vn/CustomsCMS/TP_HO_CHI_MINH/2022/8/16/21.pdf,https://www.customs.gov.vn/index.jsp?pageId=3&id=80150&cid=1294,2022,08/2022,2026-10-08T09:33:06Z
248,2123/TB-HQHNN,01/08/2022,Cục Hải quan Hà Nam Ninh,Về việc giới thiệu chức danh và chữ ký công chức giữ chức vụ lãnh đạo.,79781,305,19,HA_NAM_NINH,Lê Văn Hải,null,https://files.customs.gov.vn/CustomsCMS/HA_NAM_NINH/2022/8/1/Thong bao so 2123.TB-HQHNN ngay 01.8.2022.pdf,https://www.customs.gov.vn/index.jsp?pageId=3&id=79781&cid=1294,2022,08/2022,2026-10-08T09:33:06Z
249,312/TB-VPCP,30/09/2022,Văn phòng Chính phủ,"Kết luận của Phó Thủ tướng thường trực Chính phủ Phạm Bình Minh tại phiên họp lần thứ 8 của Ủy ban chỉ đạo quốc gia về một cửa ASEAN,cơ chế một cửa quốc gia và tạo thuận lợi thương mại.",81093,305,19,TONG_CUC,Mai Thị Thu Vân,null,https://files.customs.gov.vn/CustomsCMS/TONG_CUC/2022/10/5/TB312  VPCP.doc,https://www.customs.gov.vn/index.jsp?pageId=3&id=81093&cid=1294,2022,09/2022,2026-10-08T09:33:06Z
250,4067/TCHQ-TXNK,29/09/2022,Cục Thuế XNK,V/v Thanh lý hàng hóa của DNCX (Công ty TNHH Samsung Electronics Việt Nam),81019,305,16,DONG_NAI,null,null,https://files.customs.gov.vn/CustomsCMS/DONG_NAI/2022/9/29/4067_TCHQ_TXNK_29_09_2022.PDF,https://www.customs.gov.vn/index.jsp?pageId=3&id=81019&cid=1294,2022,09/2022,2026-10-08T09:33:06Z
251,4068/TCHQ-TXNK,29/09/2022,Cục Thuế XNK,V/v Vướng mắc thực hiện Nghị định 18/2022/NĐ-CP (Công ty TNHH Vina MC Infonisc),81020,305,16,DONG_NAI,null,null,https://files.customs.gov.vn/CustomsCMS/DONG_NAI/2022/9/29/4068_TCHQ_TXNK_29_09_2022.PDF,https://www.customs.gov.vn/index.jsp?pageId=3&id=81020&cid=1294,2022,09/2022,2026-10-08T09:33:06Z
252,871/CĐ-TTg,29/09/2022,Thủ tướng Chính phủ,"Chấn chỉnh, xử lý các hành vi tiêu cực liên quan hoạt động xuất khẩu, nhập khẩu thông quan hàng hóa tại các cửa khẩu biên giới đất liền.",81091,305,18,TONG_CUC,Phạm Bình Minh,null,https://files.customs.gov.vn/CustomsCMS/TONG_CUC/2022/10/5/CD871 TTg.doc,https://www.customs.gov.vn/index.jsp?pageId=3&id=81091&cid=1294,2022,09/2022,2026-10-08T09:33:06Z
253,25/QĐGQKN-HQHCM-HQTPHCM,28/09/2022,Cục Hải quan TP. Hồ Chí Minh,về việc giải quyết khiếu nại ( lần hai) của Công ty TNHH Nước Giải Khát Suntory Pepsico Việt Nam,81084,305,10,TP_HO_CHI_MINH,null,null,https://files.customs.gov.vn/CustomsCMS/TP_HO_CHI_MINH/2022/10/2/25.signed.pdf,https://www.customs.gov.vn/index.jsp?pageId=3&id=81084&cid=1294,2022,09/2022,2026-10-08T09:33:06Z
254,672/TB-THQVN,28/09/2022,Trường Hải quan Việt Nam,"Thông báo v/v tổ chức lớp ""Những vấn đề doanh nghiệp cần biết để làm chủ kỹ năng phân loại, xác định mã số hàng hóa, giảm thiểu rủi ro khi thực hiện hải quan"" theo hình thức trực tuyến khóa 2 năm 2022 (mã lớp: HQPL02/2022)",81021,305,19,CAN_THO,null,28/09/2022,"https://files.customs.gov.vn/CustomsCMS/CAN_THO/2022/9/29/672_2022_TB-THQVN TB vv to chuc lop nhung vd DN can biet PL, xd ma so HH HQPL02-2022.PDF",https://www.customs.gov.vn/index.jsp?pageId=3&id=81021&cid=1294,2022,09/2022,2026-10-08T09:33:06Z
255,672/TB-THQVN1,28/09/2022,Trường Hải quan Việt Nam,"V/v Tổ chức lớp “Những vấn đề doanh nghiệp cần biết để làm chủ kỹ năng phân loại, xác định mã số hàng hóa, giảm thiểu rủi ro khi thực hiện thủ tục hải quan” theo hình thức trực tuyến khóa 2 năm 2022",81022,305,19,DONG_NAI,null,null,https://files.customs.gov.vn/CustomsCMS/DONG_NAI/2022/9/30/672_TB_THQVN_28_09_2022.PDF,https://www.customs.gov.vn/index.jsp?pageId=3&id=81022&cid=1294,2022,09/2022,2026-10-08T09:33:06Z
256,3162/QĐ-UBND,27/09/2022,Ủy ban Nhân dân TP Hải Phòng,"Công bố danh mục thủ tục hành chính mới ban hành, sửa đổi, bổ sung trong lĩnh vực hỗ trợ doanh nghiệp nhỏ và vừa thuộc lĩnh vực kế hoạch và đầu tư trên địa bàn thành phố Hải Phòng",81664,305,10,HAI_PHONG,Nguyễn Văn Tùng,27/09/2022,"https://files.customs.gov.vn/CustomsCMS/HAI_PHONG/2022/11/15/1134003_di-3162-QD-UBND.signed.pdf,/CustomsCMS/HAI_PHONG/2022/11/15/1060862_di-2232-QD-UBND.signed.pdf",https://www.customs.gov.vn/index.jsp?pageId=3&id=81664&cid=1294,2022,09/2022,2026-10-08T09:33:06Z
257,24/QĐGQKN-HQHCM-HQTPHCM,23/09/2022,Cục Hải quan TP. Hồ Chí Minh,"Về việc giải quyết khiếu nại của Công ty Cổ phần Nệm Đông Á, Mã số thuế: 0315149532 (Lần hai)",80980,305,10,TP_HO_CHI_MINH,null,null,https://files.customs.gov.vn/CustomsCMS/TP_HO_CHI_MINH/2022/9/28/24.pdf,https://www.customs.gov.vn/index.jsp?pageId=3&id=80980&cid=1294,2022,09/2022,2026-10-08T09:33:06Z
258,23/QĐGQKN-HQHCM-HQTPHCM,21/09/2022,Chi cục Hải quan Quản lý Hàng Đầu tư,Về việc giải quyết khiếu nại cảu Công ty TNHH Trần Quang Việt Nam ( lần hai),80995,305,10,TP_HO_CHI_MINH,null,null,https://files.customs.gov.vn/CustomsCMS/TP_HO_CHI_MINH/2022/9/28/23.signed.pdf,https://www.customs.gov.vn/index.jsp?pageId=3&id=80995&cid=1294,2022,09/2022,2026-10-08T09:33:06Z
259,244/TB-HQTPHCM,21/09/2022,Cục Hải quan TP. Hồ Chí Minh,Về việc lựa chọn đơn vị tổ chức đấu giá tài sản,80932,305,19,TP_HO_CHI_MINH,null,null,https://files.customs.gov.vn/CustomsCMS/TP_HO_CHI_MINH/2022/9/23/244.signed.pdf,https://www.customs.gov.vn/index.jsp?pageId=3&id=80932&cid=1294,2022,09/2022,2026-10-08T09:33:06Z
260,661/TB-THQVN,21/09/2022,Trường Hải quan Việt Nam,"Tổ chức các Lớp Kỹ năng lập Báo cáo quyết toán đối với hàng gia công, sản xuất xuất khẩu và Doanh nghiệp chế xuất theo hình thức trực tuyến",80907,305,19,CAN_THO,null,null,https://files.customs.gov.vn/CustomsCMS/CAN_THO/2022/9/22/661_2022_TB_THQVN TB vv to chuc cac lop Ky nang lap BCQT.PDF,https://www.customs.gov.vn/index.jsp?pageId=3&id=80907&cid=1294,2022,09/2022,2026-10-08T09:33:06Z
261,661/TB-THQVN1,21/09/2022,Trường Hải quan Việt Nam,"V/v Tổ chức các Lớp Kỹ năng lập Báo cáo quyết toán đối với hàng gia công, sản xuất xuất khẩu và Doanh nghiệp chế xuất theo hình thức trực tuyến",80917,305,19,DONG_NAI,null,null,https://files.customs.gov.vn/CustomsCMS/DONG_NAI/2022/9/22/661_TB_THQVN_21_09_2022.PDF,https://www.customs.gov.vn/index.jsp?pageId=3&id=80917&cid=1294,2022,09/2022,2026-10-08T09:33:06Z
262,81/KBNN-KTNN,21/09/2022,Kho bạc Nhà nước,Cung cấp danh sách các ngân hàng thương mại nơi KBNN mở tờ khai,81227,305,16,TONG_CUC,Hoàng Trung Lương,27/09/2022,https://files.customs.gov.vn/CustomsCMS/TONG_CUC/2022/10/11/81-KHO BAC NHA NUOC - BTC.PDF,https://www.customs.gov.vn/index.jsp?pageId=3&id=81227&cid=1294,2022,09/2022,2026-10-08T09:33:06Z
263,275/TB-HQĐNa,19/09/2022,Cục Hải quan tỉnh Đồng Nai,V/v Triển khai Hệ thống quản lý hải quan tự động (VASSCM),80878,305,19,DONG_NAI,null,null,https://files.customs.gov.vn/CustomsCMS/DONG_NAI/2022/9/19/275_TB_HQDNa_19_09_2022.pdf,https://www.customs.gov.vn/index.jsp?pageId=3&id=80878&cid=1294,2022,09/2022,2026-10-08T09:33:06Z
264,08/TB-NVKHQ,14/09/2022,Hội đồng thi cấp chứng chỉ NVHQ2022,"Danh sách phòng thi, lịch thi, ca thi của thí sinh khu vực phía Nam tham dự Kỳ thi cấp chứng chỉ nghiệp vụ khai hải quan năm 2022",80852,305,19,CAN_THO,null,14/09/2022,https://files.customs.gov.vn/CustomsCMS/CAN_THO/2022/9/17/2022-08TB-NVKHQ.pdf,https://www.customs.gov.vn/index.jsp?pageId=3&id=80852&cid=1294,2022,09/2022,2026-10-08T09:33:06Z
265,10/2022/TT-BNNPTNT,14/09/2022,Bộ NNPTNT,"Thông tư 10/2022/TT-BNNPTNT của Bộ Nông nghiệp và Phát triển nông thôn về việc sửa đổi, bổ sung một số điều của Thông tư 09/2016/TT-BNNPTNT ngày 01/6/2016 của Bộ trưởng Bộ Nông nghiệp và Phát triển nông thôn quy định về kiểm soát giết mổ và kiểm tra vệ sinh thú y",81250,305,4,THANH_HOA,null,null,https://files.customs.gov.vn/CustomsCMS/THANH_HOA/2022/10/13/thong-tu-10-2022-tt-bnnptnt.pdf,https://www.customs.gov.vn/index.jsp?pageId=3&id=81250&cid=1294,2022,09/2022,2026-10-08T09:33:06Z
266,634/TB-THQVN,14/09/2022,Trường Hải quan Việt Nam,Thông báo v/v tổ chức Lớp đào tạo nghiệp vụ hải quan cơ bản theo hình thức trực tuyến hóa 08 năm 2022 (mã lớp: HQCB08/2022),80810,305,19,CAN_THO,null,14/09/2022,https://files.customs.gov.vn/CustomsCMS/CAN_THO/2022/9/14/634_2022_TB-THQVN TB vv to chuc lop HQCB08-2022.PDF,https://www.customs.gov.vn/index.jsp?pageId=3&id=80810&cid=1294,2022,09/2022,2026-10-08T09:33:06Z
267,634/TB-THQVN1,14/09/2022,Trường Hải quan Việt Nam,V/v Tổ chức Lớp đào tạo nghiệp vụ hải quan cơ bản theo hình thức trực tuyến khóa 08 năm 2022,80820,305,19,DONG_NAI,null,null,https://files.customs.gov.vn/CustomsCMS/DONG_NAI/2022/9/15/634_TB_THQVN_14_09_2022.PDF,https://www.customs.gov.vn/index.jsp?pageId=3&id=80820&cid=1294,2022,09/2022,2026-10-08T09:33:06Z
268,1187/HQCB-NV,12/09/2022,Hải quan Cao Bằng,Thông báo một số văn bản mới về lĩnh vực nghiệp vụ,80805,305,19,CAO_BANG,null,null,https://files.customs.gov.vn/CustomsCMS/CAO_BANG/2022/9/14/1187-HQCB-NV.signed.pdf,https://www.customs.gov.vn/index.jsp?pageId=3&id=80805&cid=1294,2022,09/2022,2026-10-08T09:33:06Z
269,1721/HQĐNa-GSQL,09/09/2022,Cục Hải quan tỉnh Đồng Nai,V/v Sử dụng hóa đơn đối với hàng hóa XNK tại chỗ (Cửa hàng bách hóa Việt Châu),80781,305,16,DONG_NAI,null,null,https://files.customs.gov.vn/CustomsCMS/DONG_NAI/2022/9/9/1721_HQDNa_GSQL_09_09_2022.pdf,https://www.customs.gov.vn/index.jsp?pageId=3&id=80781&cid=1294,2022,09/2022,2026-10-08T09:33:06Z
270,343/QĐ-HQKH,09/09/2022,Cục Hải quan tỉnh Khánh Hòa,Quyết định về về việc công bố Hệ thống quản lý chất lượng phù hợp Tiêu chuẩn quốc gia TCVN ISO 9001:2015,81860,305,10,KHANH_HOA,null,null,https://files.customs.gov.vn/CustomsCMS/KHANH_HOA/2022/11/29/343-QD công bố HTQLCL -09.9.2022.signed.signed.signed.signed.pdf,https://www.customs.gov.vn/index.jsp?pageId=3&id=81860&cid=1294,2022,09/2022,2026-10-08T09:33:06Z
271,256/TB-HQĐNa,08/09/2022,Cục Hải quan tỉnh Đồng Nai,V/v Tạm hoãn xuất cảnh,80737,305,19,DONG_NAI,null,null,https://files.customs.gov.vn/CustomsCMS/DONG_NAI/2022/9/8/256_TB_HQDNa_08_09_2022.pdf,https://www.customs.gov.vn/index.jsp?pageId=3&id=80737&cid=1294,2022,09/2022,2026-10-08T09:33:06Z
272,107/HQQNg-VP,07/09/2022,Cục Hải quan tỉnh Quảng Ngãi,Công khai thủ tục hành chính,80733,305,16,QUANG_NGAI,Vũ Văn Hải,null,https://files.customs.gov.vn/CustomsCMS/QUANG_NGAI/2022/9/8/1070-HQQNG-VP.signed.pdf,https://www.customs.gov.vn/index.jsp?pageId=3&id=80733&cid=1294,2022,09/2022,2026-10-08T09:33:06Z
273,8185/TB-HQHP,07/09/2022,Cục Hải quan thành phố Hải Phòng,Thông báo kết quả lựa chọn tổ chức đấu giá,80682,305,19,HAI_PHONG,Vũ Tuấn Anh,07/09/2022,https://files.customs.gov.vn/CustomsCMS/HAI_PHONG/2022/9/7/282Thông báo số 8185.TB-HQHP ngày 07.9.2022.pdf,https://www.customs.gov.vn/index.jsp?pageId=3&id=80682&cid=1294,2022,09/2022,2026-10-08T09:33:06Z
274,3044/TB-HQQN,05/09/2022,Cục Hải quan tỉnh Quảng Ninh,Thông báo về việc lựa chọn tổ chức đấu giá tài sản,80641,305,19,QUANG_NINH,Trịnh Văn Nhuận,05/09/2022,https://files.customs.gov.vn/CustomsCMS/QUANG_NINH/2022/9/6/CBL.pdf,https://www.customs.gov.vn/index.jsp?pageId=3&id=80641&cid=1294,2022,09/2022,2026-10-08T09:33:06Z
275,779/TB-KS1,05/09/2022,Đội KSHQ số 1,V/v lựa chọn đơn vị tổ chức đấu giá,80646,305,19,QUANG_NINH,Nguyễn Cảnh Thắng,05/09/2022,https://files.customs.gov.vn/CustomsCMS/QUANG_NINH/2022/9/6/KS1 Thông báo đấu giá.pdf,https://www.customs.gov.vn/index.jsp?pageId=3&id=80646&cid=1294,2022,09/2022,2026-10-08T09:33:06Z
276,328/TB-HQĐNa,31/10/2022,Cục Hải quan tỉnh Đồng Nai,V/v Triển khai Hệ thống quản lý hải quan tự động (VASSCM),81485,305,19,DONG_NAI,null,null,https://files.customs.gov.vn/CustomsCMS/DONG_NAI/2022/11/1/328_TB_HQDNa_31_10_2022.pdf,https://www.customs.gov.vn/index.jsp?pageId=3&id=81485&cid=1294,2022,10/2022,2026-10-08T09:33:06Z
277,3910/GC-ĐQLT,28/10/2022,Chi cục Hải quan Quản lý Hàng Gia Công,Giải tỏa cưỡng chế thông báo hóa đơn không còn giá trị sử dụng,81474,305,16,TP_HO_CHI_MINH,null,null,https://files.customs.gov.vn/CustomsCMS/TP_HO_CHI_MINH/2022/10/31/3910.pdf,https://www.customs.gov.vn/index.jsp?pageId=3&id=81474&cid=1294,2022,10/2022,2026-10-08T09:33:06Z
278,3912/GC-ĐQLT,28/10/2022,Chi cục Hải quan Quản lý Hàng Gia Công,Đề nghị khôi phục tình trạng pháp lý của DN,81476,305,16,TP_HO_CHI_MINH,null,null,https://files.customs.gov.vn/CustomsCMS/TP_HO_CHI_MINH/2022/10/31/3912.pdf,https://www.customs.gov.vn/index.jsp?pageId=3&id=81476&cid=1294,2022,10/2022,2026-10-08T09:33:06Z
279,266/TB-HQTPHCM,27/10/2022,Cục Hải quan TP. Hồ Chí Minh,Về việc kết quả lựa chọn tổ chức đấu giá tài sản,81470,305,19,TP_HO_CHI_MINH,Nguyễn Hữu Nghiệp,null,https://files.customs.gov.vn/CustomsCMS/TP_HO_CHI_MINH/2022/10/28/266.signed.pdf,https://www.customs.gov.vn/index.jsp?pageId=3&id=81470&cid=1294,2022,10/2022,2026-10-08T09:33:06Z
280,37/2022/QĐ-UBND,26/10/2022,Ủy ban nhân dân tỉnh An Giang,Quyết định ban hành Quy chế phối hợp trong công tác theo dõi tình hình thi hành pháp luật trên địa bàn tỉnh An Giang,83301,305,10,AN_GIANG,Nguyễn Thanh Bình,06/11/2022,https://files.customs.gov.vn/CustomsCMS/AN_GIANG/2023/2/14/37.2022.QD.UBND (1).pdf,https://www.customs.gov.vn/index.jsp?pageId=3&id=83301&cid=1294,2022,10/2022,2026-10-08T09:33:06Z
281,89/KBNN-KTNN,26/10/2022,Kho bạc Nhà nước,Cung cấp danh sách các NHTM nơi KBNN mở tài khoản,81571,305,16,TONG_CUC,Hoàng Trung Lương,01/11/2022,https://files.customs.gov.vn/CustomsCMS/TONG_CUC/2022/11/3/89-KBNN.pdf,https://www.customs.gov.vn/index.jsp?pageId=3&id=81571&cid=1294,2022,10/2022,2026-10-08T09:33:06Z
282,3869/GC-ĐQLT,25/10/2022,Chi cục Hải quan Quản lý Hàng Gia Công,"Xác nhận người nộp thuế không còn hoạt động SX, KD",81432,305,16,TP_HO_CHI_MINH,null,null,https://files.customs.gov.vn/CustomsCMS/TP_HO_CHI_MINH/2022/10/25/3869.pdf,https://www.customs.gov.vn/index.jsp?pageId=3&id=81432&cid=1294,2022,10/2022,2026-10-08T09:33:06Z
283,391/QĐ-HQKH,24/10/2022,Cục Hải quan tỉnh Khánh Hòa,Quyết định về  việc công bố Hệ thống quản lý chất lượng phù hợp Tiêu chuẩn quốc gia TCVN ISO 9001:2015,81861,305,10,KHANH_HOA,null,null,https://files.customs.gov.vn/CustomsCMS/KHANH_HOA/2022/11/29/391-QD công bố HTQLCL -24.10.2022.signed.signed.signed.signed.pdf,https://www.customs.gov.vn/index.jsp?pageId=3&id=81861&cid=1294,2022,10/2022,2026-10-08T09:33:06Z
284,2038/HQĐNG-GSQL,21/10/2022,Cục Hải quan TP Đà Nẵng,V/v xử lý ý kiến của DN tại Hội nghị Phát triển quan hệ đối tác HQ - DN,81614,305,19,DA_NANG,null,null,https://files.customs.gov.vn/CustomsCMS/DA_NANG/2022/11/9/CV gui VCCI .signed.signed.signed.pdf,https://www.customs.gov.vn/index.jsp?pageId=3&id=81614&cid=1294,2022,10/2022,2026-10-08T09:33:06Z
285,13/TB-NVKHQ,20/10/2022,Trường Hải quan Việt Nam,V/v Kết quả điểm thi của các thí sinh tham dự Kỳ thi cấp chứng chỉ nghiệp vụ khai hải quan năm 2022,81421,305,19,DONG_NAI,null,null,https://files.customs.gov.vn/CustomsCMS/DONG_NAI/2022/10/25/13_TB_NVKHQ_20_10_2022.PDF,https://www.customs.gov.vn/index.jsp?pageId=3&id=81421&cid=1294,2022,10/2022,2026-10-08T09:33:06Z
286,3814/GC-ĐQLT,19/10/2022,Chi cục Hải quan Quản lý Hàng Gia Công,Thu hồi giấy chứng nhận ĐK DN,81328,305,16,TP_HO_CHI_MINH,null,null,https://files.customs.gov.vn/CustomsCMS/TP_HO_CHI_MINH/2022/10/19/3814.pdf,https://www.customs.gov.vn/index.jsp?pageId=3&id=81328&cid=1294,2022,10/2022,2026-10-08T09:33:06Z
287,3815/GC-ĐQLT,19/10/2022,Chi cục Hải quan Quản lý Hàng Gia Công,Thu hồi giấy chứng nhận ĐK DN,81329,305,16,TP_HO_CHI_MINH,null,null,https://files.customs.gov.vn/CustomsCMS/TP_HO_CHI_MINH/2022/10/19/3815.pdf,https://www.customs.gov.vn/index.jsp?pageId=3&id=81329&cid=1294,2022,10/2022,2026-10-08T09:33:06Z
288,3816/GC-ĐQLT,19/10/2022,Chi cục Hải quan Quản lý Hàng Gia Công,Thu hồi giấy chứng nhận ĐK DN,81330,305,16,TP_HO_CHI_MINH,null,null,https://files.customs.gov.vn/CustomsCMS/TP_HO_CHI_MINH/2022/10/19/3816.pdf,https://www.customs.gov.vn/index.jsp?pageId=3&id=81330&cid=1294,2022,10/2022,2026-10-08T09:33:06Z
289,732/TB-THQVN,18/10/2022,Trường Hải quan Việt Nam,V/v Tổ chức Lớp đào tạo nghiệp vụ hải quan cơ bản theo hình thức trực tuyến khóa 09 năm 2022,81314,305,19,DONG_NAI,null,null,https://files.customs.gov.vn/CustomsCMS/DONG_NAI/2022/10/19/732_TB_THQVN_18_10_2022.pdf,https://www.customs.gov.vn/index.jsp?pageId=3&id=81314&cid=1294,2022,10/2022,2026-10-08T09:33:06Z
290,728/TB-THQVN,17/10/2022,Trường Hải quan Việt Nam,Tổ chức thi cấp chứng chỉ nghiệp vụ khai hải quan năm 2022 lần 2 tại Trường Hải quan Việt Nam,81296,305,16,CAN_THO,null,null,https://files.customs.gov.vn/CustomsCMS/CAN_THO/2022/10/18/728-2022-TB-THQVN vv to chuc thi cap CCNVKHQ 2022 lan 2 tại Truong HQVN.pdf,https://www.customs.gov.vn/index.jsp?pageId=3&id=81296&cid=1294,2022,10/2022,2026-10-08T09:33:06Z
291,728/TB-THQVN1,17/10/2022,Trường Hải quan Việt Nam,V/v Tổ chức thi cấp chứng chỉ nghiệp vụ khai hải quan năm 2022 lần 2 tại Trường Hải quan Việt Nam,81301,305,19,DONG_NAI,null,null,https://files.customs.gov.vn/CustomsCMS/DONG_NAI/2022/10/18/728_TB_THQVN_17_10_2022.pdf,https://www.customs.gov.vn/index.jsp?pageId=3&id=81301&cid=1294,2022,10/2022,2026-10-08T09:33:06Z
292,3061/HQHN-GSQL,14/10/2022,Cục Hải quan TP. Hà Nội,Về việc thẩm định giá tài sản (lần 5),81291,305,16,HA_NOI,null,null,https://files.customs.gov.vn/CustomsCMS/HA_NOI/2022/10/17/Vanban_3061.PDF,https://www.customs.gov.vn/index.jsp?pageId=3&id=81291&cid=1294,2022,10/2022,2026-10-08T09:33:06Z
293,87/KBNN-KTNN,14/10/2022,Kho bạc Nhà nước,Cung cấp danh sách các NHTM nơi KBNN mở tài khoản,81572,305,16,TONG_CUC,Hoàng Trung Lương,20/10/2022,https://files.customs.gov.vn/CustomsCMS/TONG_CUC/2022/11/3/87-KHO BAC NHA NUOC - BTC.PDF,https://www.customs.gov.vn/index.jsp?pageId=3&id=81572&cid=1294,2022,10/2022,2026-10-08T09:33:06Z
294,911/TB-KS1,14/10/2022,Đội KSHQ số 1,V/v lựa chọn đơn vị tổ chức đấu giá,81401,305,19,QUANG_NINH,Nguyễn Biên Hòa,14/10/2022,https://files.customs.gov.vn/CustomsCMS/QUANG_NINH/2022/12/23/KS1 đấu giá.pdf,https://www.customs.gov.vn/index.jsp?pageId=3&id=81401&cid=1294,2022,10/2022,2026-10-08T09:33:06Z
295,4272/TCHQ-TXNK,13/10/2022,Tổng cục Hải quan,Triển khai hình thức nộp thuế trung gian thanh toán,81458,305,16,TONG_CUC,Lưu Mạnh Tưởng,null,https://files.customs.gov.vn/CustomsCMS/TONG_CUC/2022/10/27/Vanban_4272.PDF,https://www.customs.gov.vn/index.jsp?pageId=3&id=81458&cid=1294,2022,10/2022,2026-10-08T09:33:06Z
296,5966/SCT-TM,13/10/2022,Sở Công Thương tỉnh Đồng Nai,V/v Mời tham gia Chương trình tập huấn tiêu chuẩn BRC FOOD ISSUE 9,81261,305,16,DONG_NAI,null,null,https://files.customs.gov.vn/CustomsCMS/DONG_NAI/2022/10/14/5966_SCT_TM_13_10_2022.pdf,https://www.customs.gov.vn/index.jsp?pageId=3&id=81261&cid=1294,2022,10/2022,2026-10-08T09:33:06Z
297,2133/STTTT-CNTT,12/10/2022,Sở Thông Tin và Truyền Thông - TPHCM,Về phổ cập bộ nhận diện Ngày Chuyển đổi số quốc gia 10/10,81262,305,16,TP_HO_CHI_MINH,null,null,https://files.customs.gov.vn/CustomsCMS/TP_HO_CHI_MINH/2022/10/14/2133-STTTT-CNTT.pdf,https://www.customs.gov.vn/index.jsp?pageId=3&id=81262&cid=1294,2022,10/2022,2026-10-08T09:33:06Z
298,4276/TCHQ-CNTT,12/10/2022,Tổng cục Hải quan,V/v Triển khai các nhiệm vụ chuyển đổi số của Bộ Tài chính và TCHQ,81264,305,16,TP_HO_CHI_MINH,null,null,https://files.customs.gov.vn/CustomsCMS/TP_HO_CHI_MINH/2022/10/14/4276.pdf,https://www.customs.gov.vn/index.jsp?pageId=3&id=81264&cid=1294,2022,10/2022,2026-10-08T09:33:06Z
299,3370/QĐ-UBND,07/10/2022,UBND,"QĐ V/v công bố danh mục cửa khẩu phụ, lối mở biên giới được phép thực hiện hoạt động mua bán, trao đổi hàng hóa trên địa bàn tỉnh Thanh Hóa",81311,305,10,THANH_HOA,null,null,https://files.customs.gov.vn/CustomsCMS/THANH_HOA/2022/10/19/qđ 3370 ubnd.pdf,https://www.customs.gov.vn/index.jsp?pageId=3&id=81311&cid=1294,2022,10/2022,2026-10-08T09:33:06Z
300,2065/QĐ-BTC,06/10/2022,Bộ Tài chính,"Công bố thủ tục hành chính mới, thủ tục hành chính được sửa đổi, bổ sung, bãi bỏ trong lĩnh vực hải quan thuộc phạm vi chức năng quản lý nhà nước của Bộ Tài chính",81344,305,10,CAN_THO,null,06/10/2022,,https://www.customs.gov.vn/index.jsp?pageId=3&id=81344&cid=1294,2022,10/2022,2026-10-08T09:33:06Z
301,2065/QĐ-BTC1,06/10/2022,Bộ Tài chính,"V/v Công bố thủ tục hành chính mới, thủ tục hành chính được sửa đổi, bổ sung, bị bãi bỏ trong lĩnh vực hải quan thuộc phạm vi chức năng quản lý nhà nước của Bộ Tài chính",81345,305,10,DONG_NAI,null,null,https://files.customs.gov.vn/CustomsCMS/DONG_NAI/2022/10/19/2065_QD_BTC_06_10_2022_1.pdf,https://www.customs.gov.vn/index.jsp?pageId=3&id=81345&cid=1294,2022,10/2022,2026-10-08T09:33:06Z
302,72/2022/NĐ-CP,04/10/2022,Chính phủ,"Nghị định sửa đổi, bổ sung một số điều của Nghị định số 60/2014/NĐ-CP ngày 19/6/2014 của Chính phủ quy định về hoạt động in và sửa đổi, bổ sung một số điều của Nghị định số 60/2014/NĐ-CP ngày 19/6/2014 của Chính phủ quy định về hoạt động in",81300,305,8,TONG_CUC,Vũ Đức Đam,null,https://files.customs.gov.vn/CustomsCMS/TONG_CUC/2022/10/18/Vanban_109.PDF,https://www.customs.gov.vn/index.jsp?pageId=3&id=81300&cid=1294,2022,10/2022,2026-10-08T09:33:06Z
303,9228/HQHP-TB,04/10/2022,Cục Hải quan thành phố Hải Phòng,Thông báo bán niêm yết giá,81133,305,19,HAI_PHONG,Vũ Tuấn Anh,05/10/2022,https://files.customs.gov.vn/CustomsCMS/HAI_PHONG/2022/10/7/Thông báo số 9228 ngày 04.10.2022.pdf,https://www.customs.gov.vn/index.jsp?pageId=3&id=81133&cid=1294,2022,10/2022,2026-10-08T09:33:06Z
304,9229/HQHP-TB,04/10/2022,Cục Hải quan thành phố Hải Phòng,Thông báo bán niêm yết giá,81134,305,19,HAI_PHONG,Vũ Tuấn Anh,05/10/2022,https://files.customs.gov.vn/CustomsCMS/HAI_PHONG/2022/10/7/Thông báo số 9229 ngày 04.10.2022.pdf,https://www.customs.gov.vn/index.jsp?pageId=3&id=81134&cid=1294,2022,10/2022,2026-10-08T09:33:06Z
305,9230/HQHP-TB,04/10/2022,Cục Hải quan thành phố Hải Phòng,Thông báo bán niêm yết giá,81135,305,19,HAI_PHONG,Vũ Tuấn Anh,05/10/2022,https://files.customs.gov.vn/CustomsCMS/HAI_PHONG/2022/10/7/Thông báo số 9230 ngày 04.10.2022.pdf,https://www.customs.gov.vn/index.jsp?pageId=3&id=81135&cid=1294,2022,10/2022,2026-10-08T09:33:06Z
306,9231/HQHP-TB,04/10/2022,Cục Hải quan thành phố Hải Phòng,Thông báo bán niêm yết giá,81136,305,19,HAI_PHONG,Vũ Tuấn Anh,05/10/2022,https://files.customs.gov.vn/CustomsCMS/HAI_PHONG/2022/10/7/Thông báo số 9231 ngày 04.10.2022.pdf,https://www.customs.gov.vn/index.jsp?pageId=3&id=81136&cid=1294,2022,10/2022,2026-10-08T09:33:06Z
307,9232/HQHP-TB,04/10/2022,Cục Hải quan thành phố Hải Phòng,Thông báo bán niêm yết giá,81137,305,19,HAI_PHONG,Vũ Tuấn Anh,05/10/2022,https://files.customs.gov.vn/CustomsCMS/HAI_PHONG/2022/10/7/Thông báo số 9232 ngày 04.10.2022.pdf,https://www.customs.gov.vn/index.jsp?pageId=3&id=81137&cid=1294,2022,10/2022,2026-10-08T09:33:06Z
308,378/QĐ-HQKH,03/10/2022,Cục Hải quan tỉnh Khánh Hòa,"Quyết định về việc công khai tình hình thực hiện dự toán thu, chi NSNN Quý III năm 2022 của Cục Hải quan tỉnh Khánh Hòa",81130,305,10,KHANH_HOA,null,null,https://files.customs.gov.vn/CustomsCMS/KHANH_HOA/2022/10/6/378-QD cong khai du toan thu chi Quy III.pdf,https://www.customs.gov.vn/index.jsp?pageId=3&id=81130&cid=1294,2022,10/2022,2026-10-08T09:33:06Z
309,83/KBNN-KTNN,03/10/2022,Kho bạc Nhà nước,Cung cấp danh sách các ngân hàng thương mại nơi KBNN mở tờ khai,81228,305,16,TONG_CUC,Hoàng Trung Lương,07/10/2022,https://files.customs.gov.vn/CustomsCMS/TONG_CUC/2022/10/11/83.KHO BAC NHA NUOC - BTC.PDF,https://www.customs.gov.vn/index.jsp?pageId=3&id=81228&cid=1294,2022,10/2022,2026-10-08T09:33:06Z
310,TT72/2022/TT-BTC,30/11/2022,Bộ Tài Chính,"Thông tư 72/2022/tt-btc ngày 30/11/2022 ngưng hiệu lực của thông tư 31/2022/tt-btc về danh mục hàng hóa xuất khẩu, nhập khẩu việt nam do bộ trưởng bộ tài chính ban hành",85293,305,4,TP_HO_CHI_MINH,null,null,https://files.customs.gov.vn/CustomsCMS/TP_HO_CHI_MINH/2023/5/25/TT72-2022.pdf,https://www.customs.gov.vn/index.jsp?pageId=3&id=85293&cid=1294,2022,11/2022,2026-10-08T09:33:06Z
311,15/TB-NVKHQ,29/11/2022,Trường Hải quan Việt Nam,"V/v Thời gian tổ chức thi, Danh sách thí sinh đăng ký dự kỳ thi cấp chứng chỉ nghiệp vụ khai hải quan năm 2022 lần 2 tại Trường Hải quan Việt Nam",81890,305,19,DONG_NAI,null,null,,https://www.customs.gov.vn/index.jsp?pageId=3&id=81890&cid=1294,2022,11/2022,2026-10-08T09:33:06Z
312,15/TB-TCHQ,29/11/2022,Tổng cục Hải quan,"Thời gian tổ chức thi, Danh sách thí sinh đăng ký dự thi kỳ thi cấp chứng chỉ nghiệp vụ khai hải quan năm 2022 lần 2 tại Trường Hải quan Việt Nam",81870,305,19,CAN_THO,null,29/11/2022,,https://www.customs.gov.vn/index.jsp?pageId=3&id=81870&cid=1294,2022,11/2022,2026-10-08T09:33:06Z
313,16/TB-TCHQ,29/11/2022,Tổng Cục Hải quan,Công nhận kết quả thi của thí sinh tham dự Kỳ thi cấp chứng chỉ nghiệp vụ khai hải quan năm 2022,81917,305,19,CAN_THO,null,29/11/2022,https://files.customs.gov.vn/CustomsCMS/CAN_THO/2022/12/7/2022-16TB-TCHQ.pdf,https://www.customs.gov.vn/index.jsp?pageId=3&id=81917&cid=1294,2022,11/2022,2026-10-08T09:33:06Z
314,2042/HQCT-VP,29/11/2022,Cục Hải quan TP. Cần Thơ,Đăng ký thông báo kế hoạch lựa chọn nhà thầu,81865,305,19,CAN_THO,null,null,https://files.customs.gov.vn/CustomsCMS/CAN_THO/2022/11/29/2142042HQCT-NV.pdf,https://www.customs.gov.vn/index.jsp?pageId=3&id=81865&cid=1294,2022,11/2022,2026-10-08T09:33:06Z
315,3544/TB-HQHN,24/11/2022,Cục Hải quan TP. Hà Nội,lựa chọn tổ chức bán đấu giá tài sản,81797,305,19,HA_NOI,null,null,https://files.customs.gov.vn/CustomsCMS/HA_NOI/2022/11/24/3544.PDF,https://www.customs.gov.vn/index.jsp?pageId=3&id=81797&cid=1294,2022,11/2022,2026-10-08T09:33:06Z
316,96/KBNN-KTNN,23/11/2022,Kho bạc Nhà nước,Cung cấp danh sách các NHTM nơi KBNN mở tài khoản,81914,305,16,TONG_CUC,Hoàng Trung Lương,29/11/2022,https://files.customs.gov.vn/CustomsCMS/TONG_CUC/2022/12/7/cv96.cleaned.pdf,https://www.customs.gov.vn/index.jsp?pageId=3&id=81914&cid=1294,2022,11/2022,2026-10-08T09:33:06Z
317,2229/QĐ-HQHP,22/11/2022,Cục Hải quan thành phố Hải Phòng,Quyết định về việc công bố công khai điều chỉnh số liệu xét duyệt quyết toán chi NSNN năm 2021,81805,305,10,HAI_PHONG,Trần Mạnh Hùng,null,,https://www.customs.gov.vn/index.jsp?pageId=3&id=81805&cid=1294,2022,11/2022,2026-10-08T09:33:06Z
318,2231/QĐ-HQHP,22/11/2022,Cục Hải quan thành phố Hải Phòng,Quyết định về việc công khai điều chỉnh dự toán chi ngân sách nhà nước năm 2022,81806,305,10,HAI_PHONG,Trần Mạnh Hùng,null,https://files.customs.gov.vn/CustomsCMS/HAI_PHONG/2022/11/25/6642231QĐ_0001.pdf,https://www.customs.gov.vn/index.jsp?pageId=3&id=81806&cid=1294,2022,11/2022,2026-10-08T09:33:06Z
319,27/QĐGQKN-HQHCM-HQTPHCM,18/11/2022,Cục Hải quan TP. Hồ Chí Minh,Về việc giải quyết khiếu nại (lần hai) của Công ty TNHH Nước giải khái Suntory PepsiCo Việt Nam,81725,305,10,TP_HO_CHI_MINH,null,null,https://files.customs.gov.vn/CustomsCMS/TP_HO_CHI_MINH/2022/11/19/27.signed.pdf,https://www.customs.gov.vn/index.jsp?pageId=3&id=81725&cid=1294,2022,11/2022,2026-10-08T09:33:06Z
320,4911/TCHQ-TXNK,18/11/2022,Tổng cục Hải quan,Thông báo ngân hàng phối hợp thu với Tổng cục Hải quan và triển khai nộp thuế điện tử 24/7,81775,305,16,TONG_CUC,Lưu Mạnh Tưởng,null,https://files.customs.gov.vn/CustomsCMS/TONG_CUC/2022/11/23/Vanban_4911.PDF,https://www.customs.gov.vn/index.jsp?pageId=3&id=81775&cid=1294,2022,11/2022,2026-10-08T09:33:06Z
321,827/TB-THQVN,16/11/2022,Trường Hải quan Việt Nam,Thông báo tổ chức Lớp đào tạo bổ sung kiến thức pháp luật hải quan dành cho nhân viên đại lý làm thủ tục hải quan theo hình thức trực tuyến khóa 06 năm 2022 (mã lớp: HQCB06/2022),81683,305,19,CAN_THO,null,16/11/2022,https://files.customs.gov.vn/CustomsCMS/CAN_THO/2022/11/16/827_2022_TB-THQVN.pdf,https://www.customs.gov.vn/index.jsp?pageId=3&id=81683&cid=1294,2022,11/2022,2026-10-08T09:33:06Z
322,827/TB-THQVN1,16/11/2022,Trường Hải quan Việt Nam,V/v Tổ chức Lớp đào tạo bổ sung kiến thức pháp luật hải quan dành cho nhân viên đại lý làm thủ tục hải quan theo hình thức trực tuyến khóa 06 năm 2022 (mã lớp: HQCN06/2022),81686,305,19,DONG_NAI,null,null,https://files.customs.gov.vn/CustomsCMS/DONG_NAI/2022/11/16/827_TB_THQVN_16_11_2022.pdf,https://www.customs.gov.vn/index.jsp?pageId=3&id=81686&cid=1294,2022,11/2022,2026-10-08T09:33:06Z
323,14/2022/QH15,15/11/2022,Quốc hội,"LUẬT PHÒNG, CHỐNG RỬA TIỀN",83705,305,13,AN_GIANG,VƯƠNG ĐÌNH HUỆ,01/03/2023,https://files.customs.gov.vn/CustomsCMS/AN_GIANG/2023/3/13/Luat phong chong rua tien 2022.pdf,https://www.customs.gov.vn/index.jsp?pageId=3&id=83705&cid=1294,2022,11/2022,2026-10-08T09:33:06Z
324,415/QĐ-HQKH,15/11/2022,Cục Hải quan tỉnh Khánh Hòa,Quyết định công bố công khai điều chỉnh số liệu xét duyệt quyết toán chi NSNN năm 2021 của Cục Hải quan tỉnh Khánh Hòa,81687,305,10,KHANH_HOA,null,null,https://files.customs.gov.vn/CustomsCMS/KHANH_HOA/2022/11/17/415 Quyet toan dieu chinh NSNN nam 2022.pdf,https://www.customs.gov.vn/index.jsp?pageId=3&id=81687&cid=1294,2022,11/2022,2026-10-08T09:33:06Z
325,416/QĐ-HQKH,15/11/2022,Cục Hải quan tỉnh Khánh Hòa,Quyết định công khai giao điều chỉnh dự toán chi NSNN năm 2022 của Cục Hải quan tỉnh Khánh Hòa,81688,305,10,KHANH_HOA,null,null,https://files.customs.gov.vn/CustomsCMS/KHANH_HOA/2022/11/17/416 QD cong khai giao dieu chinh chi 2022 dot 2.pdf,https://www.customs.gov.vn/index.jsp?pageId=3&id=81688&cid=1294,2022,11/2022,2026-10-08T09:33:06Z
326,11/2022/QH15,14/11/2022,Quốc hội,LUẬT THANH TRA,83702,305,13,AN_GIANG,VƯƠNG ĐÌNH HUỆ,01/07/2023,https://files.customs.gov.vn/CustomsCMS/AN_GIANG/2023/3/13/Luat Thanh tra 2022.pdf,https://www.customs.gov.vn/index.jsp?pageId=3&id=83702&cid=1294,2022,11/2022,2026-10-08T09:33:06Z
327,12/2022/QH15,14/11/2022,Quốc hội,LUẬT DẦU KHÍ,83700,305,13,AN_GIANG,VƯƠNG ĐÌNH HUỆ,01/07/2023,https://files.customs.gov.vn/CustomsCMS/AN_GIANG/2023/3/13/Luat dau khi 2022.pdf,https://www.customs.gov.vn/index.jsp?pageId=3&id=83700&cid=1294,2022,11/2022,2026-10-08T09:33:06Z
328,13/2022/QH15,14/11/2022,Quốc hội,"LUẬT PHÒNG, CHỐNG BẠO LỰC GIA ĐÌNH",83701,305,13,AN_GIANG,VƯƠNG ĐÌNH HUỆ,01/07/2023,https://files.customs.gov.vn/CustomsCMS/AN_GIANG/2023/3/13/Luat phong chong bao luc gia dinh 2022.pdf,https://www.customs.gov.vn/index.jsp?pageId=3&id=83701&cid=1294,2022,11/2022,2026-10-08T09:33:06Z
329,348/TB-HQĐNa,14/11/2022,Cục Hải quan tỉnh Đồng Nai,V/v Thông báo tuyển dụng hợp đồng lao động làm công tác lái xe,81668,305,19,DONG_NAI,null,null,"https://files.customs.gov.vn/CustomsCMS/DONG_NAI/2022/11/15/348_TB_HQDNa_14_11_2022.pdf,/CustomsCMS/DONG_NAI/2022/11/15/348_DK.doc",https://www.customs.gov.vn/index.jsp?pageId=3&id=81668&cid=1294,2022,11/2022,2026-10-08T09:33:06Z
330,804/TB-THQVN,14/11/2022,Trường Hải quan Việt Nam,Thông báo tổ chức Lớp đào tạo nghiệp vụ hải quan cơ bản theo hình thức trực tuyến khóa 10 năm 2022 (mã lớp: HQCB10/2022),81666,305,19,CAN_THO,null,14/11/2022,https://files.customs.gov.vn/CustomsCMS/CAN_THO/2022/11/15/804_2022_TB-THQVN TB vv to chuc lop HQCB10-2022.pdf,https://www.customs.gov.vn/index.jsp?pageId=3&id=81666&cid=1294,2022,11/2022,2026-10-08T09:33:06Z
331,804/TB-THQVN1,14/11/2022,Trường Hải quan Việt Nam,V/v Tổ chức Lớp đào tạo nghiệp vụ hải quan cơ bản theo hình thức trực tuyến khóa 10 năm 2022,81670,305,19,DONG_NAI,null,null,https://files.customs.gov.vn/CustomsCMS/DONG_NAI/2022/11/15/804_TB_THQVN_14_11_2022.pdf,https://www.customs.gov.vn/index.jsp?pageId=3&id=81670&cid=1294,2022,11/2022,2026-10-08T09:33:06Z
332,LUAT11/2022/QH15,14/11/2022,Quốc hội,LUẬT THANH TRA,94347,305,13,TP_HO_CHI_MINH,Vương Đình Huệ,null,https://files.customs.gov.vn/CustomsCMS/TP_HO_CHI_MINH/2024/5/28/Luat Thanh tra 2022.pdf,https://www.customs.gov.vn/index.jsp?pageId=3&id=94347&cid=1294,2022,11/2022,2026-10-08T09:33:06Z
333,10/2022/ QH15,10/11/2022,Quốc Hội,Luật Thực hiện dân chủ ở cơ sở,85454,305,13,CAN_THO,null,01/07/2023,https://files.customs.gov.vn/CustomsCMS/CAN_THO/2023/6/5/10-2022-QH15.pdf,https://www.customs.gov.vn/index.jsp?pageId=3&id=85454&cid=1294,2022,11/2022,2026-10-08T09:33:06Z
334,10/2022/QH15,10/11/2022,Quốc hội,LUẬT THỰC HIỆN DÂN CHỦ Ở CƠ SỞ,83707,305,13,AN_GIANG,VƯƠNG ĐÌNH HUỆ,01/07/2023,https://files.customs.gov.vn/CustomsCMS/AN_GIANG/2023/3/13/Luat thuc hien dan chu o co so 2022.pdf,https://www.customs.gov.vn/index.jsp?pageId=3&id=83707&cid=1294,2022,11/2022,2026-10-08T09:33:06Z
335,93/KBNN-KTNN,10/11/2022,Kho bạc Nhà nước,Cung cấp danh sách các NHTM nơi KBNN mở tài khoản,81766,305,16,TONG_CUC,Hoàng Trung Lương,15/11/2022,https://files.customs.gov.vn/CustomsCMS/TONG_CUC/2022/11/22/cv93.cleaned.pdf,https://www.customs.gov.vn/index.jsp?pageId=3&id=81766&cid=1294,2022,11/2022,2026-10-08T09:33:06Z
336,LUAT10/2022/QH15,10/11/2022,Quốc hội,Luật thực hiện Dân chủ cơ sở,94349,305,13,TP_HO_CHI_MINH,Vương Đình Huệ,01/07/2023,https://files.customs.gov.vn/CustomsCMS/TP_HO_CHI_MINH/2024/5/28/LuatDanChuCoSo.pdf,https://www.customs.gov.vn/index.jsp?pageId=3&id=94349&cid=1294,2022,11/2022,2026-10-08T09:33:06Z
337,Luat10/2022/QH15,10/11/2022,Quốc hội,LUẬT THỰC HIỆN DÂN CHỦ Ở CƠ SỞ,91059,305,13,TP_HO_CHI_MINH,Vương Đình Huệ,01/07/2023,https://files.customs.gov.vn/CustomsCMS/TP_HO_CHI_MINH/2024/2/27/10_2022_QH15.pdf,https://www.customs.gov.vn/index.jsp?pageId=3&id=91059&cid=1294,2022,11/2022,2026-10-08T09:33:06Z
338,09/2022/QH15,09/11/2022,Quốc hội,"LUẬT SỬA ĐỔI, BỔ SUNG MỘT SỐĐIỀU CỦA LUẬT TẦN SỐ VÔ TUYẾN ĐIỆN",83706,305,13,AN_GIANG,VƯƠNG ĐÌNH HUỆ,01/06/2023,https://files.customs.gov.vn/CustomsCMS/AN_GIANG/2023/3/13/Luat sua doi bo sung Luat Tan so vo tuyen dien 2022.pdf,https://www.customs.gov.vn/index.jsp?pageId=3&id=83706&cid=1294,2022,11/2022,2026-10-08T09:33:06Z
339,4613/TCHQ-TXNK,02/11/2022,Cục Thuế XNK,V/v Xử lý thuế hàng SXXK (Tổng Công ty Khánh Việt),81521,305,16,DONG_NAI,null,null,https://files.customs.gov.vn/CustomsCMS/DONG_NAI/2022/11/3/4613_TCHQ_TXNK_02_11_2022.PDF,https://www.customs.gov.vn/index.jsp?pageId=3&id=81521&cid=1294,2022,11/2022,2026-10-08T09:33:06Z
340,4614/TCHQ-TXNK,02/11/2022,Tổng cục Hải quan,Ngân hàng phối hợp thu với TCHQ và triển khai nộp thuế điện tử 24/7,81573,305,16,TONG_CUC,Hoàng Việt Cường,02/11/2022,https://files.customs.gov.vn/CustomsCMS/TONG_CUC/2022/11/3/Vanban_4614.PDF,https://www.customs.gov.vn/index.jsp?pageId=3&id=81573&cid=1294,2022,11/2022,2026-10-08T09:33:06Z
341,4619/TCHQ-CNTT,02/11/2022,Tổng cục Hải quan,Công văn số 4619/TCHQ-CNTT ngày 02/11/2022 của Tổng cục Hải quan v/v bổ sung thủ tục trên Hệ thống cung cấp DVCTT,81523,305,16,TONG_CUC,Mai Xuân Thành,null,https://files.customs.gov.vn/CustomsCMS/TONG_CUC/2022/11/3/CV46192022TCHQ.PDF,https://www.customs.gov.vn/index.jsp?pageId=3&id=81523&cid=1294,2022,11/2022,2026-10-08T09:33:06Z
342,91/KBNN-KTNN,01/11/2022,Kho bạc Nhà nước,Cung cấp danh sách các NHTM nơi KBNN mở tài khoản,81593,305,16,TONG_CUC,Hoàng Trung Lương,07/11/2022,https://files.customs.gov.vn/CustomsCMS/TONG_CUC/2022/11/7/cv91.cleaned.pdf,https://www.customs.gov.vn/index.jsp?pageId=3&id=81593&cid=1294,2022,11/2022,2026-10-08T09:33:06Z
