stt,so_hieu,ngay_ban_hanh,co_quan_ban_hanh,noi_dung_tom_tat,ma_noi_bo,linh_vuc,loai_van_ban,chuyen_trang,nguoi_ky,ngay_hieu_luc,pdf_url,url_chi_tiet,nam,nam_thang,crawled_at
1,205/HQĐNa-GSQL,31/01/2013,Cục Hải Quan tỉnh Đồng Nai,V/v Thủ tục hải quan nhập khẩu hóa chất,64465,305,18,DONG_NAI,null,null,https://files.customs.gov.vn/DONG_NAI//Data/Cv_Hqdn/205_HQDNa_GSQL_31_01_2013.pdf,https://www.customs.gov.vn/index.jsp?pageId=3&id=64465&cid=1294,2013,01/2013,2026-10-08T09:45:12Z
2,706/TCHQ-TXNK,31/01/2013,Tổng cục hải quan,"V/v Phân loại trước đối với mặt hàng Neo phao dù dùng để neo tàu cá, tàu biển (Công ty cổ phần thiết bị Hàng Hải)",63410,305,18,DONG_NAI,null,null,,https://www.customs.gov.vn/index.jsp?pageId=3&id=63410&cid=1294,2013,01/2013,2026-10-08T09:45:12Z
3,723/TCHQ-GSQL,31/01/2013,Tổng cục hải quan,V/v Thủ tục hải quan cho lô hàng nhập khẩu từ DNCX (Công ty TNHH Honda Trading Việt Nam),63409,305,18,DONG_NAI,null,null,,https://www.customs.gov.vn/index.jsp?pageId=3&id=63409&cid=1294,2013,01/2013,2026-10-08T09:45:12Z
4,1493/BTC-TCHQ,29/01/2013,Bộ Tài chính,"Công văn 1493/BTC-TCHQ của Bộ Tài chính về việc tăng cường kiểm tra, kiểm soát nhập khẩu thép chứa nguyên tố Bo",61843,305,16,QUANG_NGAI,Hoàng Việt Cường,01/01/1900,https://files.customs.gov.vn/QUANG_NGAI/1493_BTC-TCHQ_29012013.zip,https://www.customs.gov.vn/index.jsp?pageId=3&id=61843&cid=1294,2013,01/2013,2026-10-08T09:45:12Z
5,172/HQĐNa-TXNK,29/01/2013,Cục Hải Quan tỉnh Đồng Nai,V/v Điều chỉnh danh mục hàng hóa nhập khẩu miễn thuế (Công ty TNHH Great Veca Việt Nam),64467,305,18,DONG_NAI,null,null,https://files.customs.gov.vn/DONG_NAI//Data/Cv_Hqdn/172_HQDNa_TXNK_29_01_2013.pdf,https://www.customs.gov.vn/index.jsp?pageId=3&id=64467&cid=1294,2013,01/2013,2026-10-08T09:45:12Z
6,180/HQĐNa-GSQL,29/01/2013,Cục Hải Quan tỉnh Đồng Nai,V/v Kiến nghị hoàn thuế cho tờ khai XSX-TC có tờ khai đối ứng theo loại hình NKD-TC (Công ty TNHH Sun Yad Việt Nam),64466,305,18,DONG_NAI,null,null,https://files.customs.gov.vn/DONG_NAI//Data/Cv_Hqdn/180_HQDNa_GSQL_29_01_2013.pdf,https://www.customs.gov.vn/index.jsp?pageId=3&id=64466&cid=1294,2013,01/2013,2026-10-08T09:45:12Z
7,76/GSQL-GQ3,29/01/2013,null,"Chuyển nhượng xe ô tô, xe mô tô của nhân viên TLSQ Lào tại TP Đà Nẵng",74090,305,16,DA_NANG,Vũ Việt Đức,29/01/2013,https://files.customs.gov.vn/DA_NANG/Uploads/65e32243-11bf-4695-985d-c1563e8c13ba/76-GSQL-GQ3 Chuyển nhượng xe ô tô mô tô của NV TLSQ Lào tại ĐN.tif,https://www.customs.gov.vn/index.jsp?pageId=3&id=74090&cid=1294,2013,01/2013,2026-10-08T09:45:12Z
8,619/TCHQ-GSQL,28/01/2013,null,Công văn 619/TCHQ-GSQL của Tổng cục Hải quan về thủ tục hải quan nhập khẩu hóa chất,61842,305,16,QUANG_NGAI,Vũ Ngọc Anh,01/01/1900,https://files.customs.gov.vn/QUANG_NGAI/619_TCHQ-GSQL_28012013.pdf,https://www.customs.gov.vn/index.jsp?pageId=3&id=61842&cid=1294,2013,01/2013,2026-10-08T09:45:12Z
9,63/GSQL-GQ2,25/01/2013,Tổng cục hải quan,V/v Thực hiện quyền NK của doanh nghiệp FDI (Công ty TNHH MTV TM Asahi Chemicals Việt Nam),63412,305,18,DONG_NAI,null,null,,https://www.customs.gov.vn/index.jsp?pageId=3&id=63412&cid=1294,2013,01/2013,2026-10-08T09:45:12Z
10,66/GSQL-GQ2,25/01/2013,Tổng cục hải quan,V/v Thủ tục hoàn thuế GTGT và xuất khẩu sản phẩm gia công qua cửa khẩu phụ nằm ngoài khu KTCK (Công ty Cổ phần Đầu tư Phát triển Kinh tế Đông Bắc),63411,305,18,DONG_NAI,null,null,,https://www.customs.gov.vn/index.jsp?pageId=3&id=63411&cid=1294,2013,01/2013,2026-10-08T09:45:12Z
11,570/TCHQ-GSQL,24/01/2013,Tổng cục hải quan,"V/v Hướng dẫn thủ tục hải quan đối với hàng xuất khẩu chuyển cửa khẩu đưa vào, đưa ra kho CFS (Chi nhánh Công ty liên doanh TNHH Nippon Express Việt Nam)",63413,305,18,DONG_NAI,null,null,,https://www.customs.gov.vn/index.jsp?pageId=3&id=63413&cid=1294,2013,01/2013,2026-10-08T09:45:12Z
12,1239/BTC-TCHQ,23/01/2013,Bộ Tài chính,V/v Xử lý thuế giá trị gia tăng nguyên liệu nhập khẩu sản xuất hàng xuất khẩu (HQ Bà tịa Vũng Tàu; Công ty TNHH gạch men Hoàng Gia),63414,305,18,DONG_NAI,null,null,,https://www.customs.gov.vn/index.jsp?pageId=3&id=63414&cid=1294,2013,01/2013,2026-10-08T09:45:12Z
13,139/HQĐNa-TXNK,23/01/2013,Cục Hải Quan tỉnh Đồng Nai,V/v Đăng ký Danh mục hàng hóa xuất khẩu miễn thuế (Công ty TNHH TM-XD Hải Long Thịnh),64468,305,18,DONG_NAI,null,null,https://files.customs.gov.vn/DONG_NAI//Data/Cv_Hqdn/139_HQDNa_TXNK_23_01_2013.pdf,https://www.customs.gov.vn/index.jsp?pageId=3&id=64468&cid=1294,2013,01/2013,2026-10-08T09:45:12Z
14,539/TCHQ-QLRR,22/01/2013,Tổng cục hải quan,"V/v Hướng dẫn tạm thời sử dụng 10 mã loại hình XNK (HQ các tỉnh, thành phố)",63415,305,18,DONG_NAI,null,null,,https://www.customs.gov.vn/index.jsp?pageId=3&id=63415&cid=1294,2013,01/2013,2026-10-08T09:45:12Z
15,104/2012/NĐ-CP,21/01/2013,Chính phủ,Quy định đối với tàu quân sự nước ngoài đến nước Cộng hòa xã hội chủ nghĩa Việt Nam,67332,305,18,CAN_THO,null,21/01/2013,https://files.customs.gov.vn/CAN_THO/104_2012_ND_CP.rar,https://www.customs.gov.vn/index.jsp?pageId=3&id=67332&cid=1294,2013,01/2013,2026-10-08T09:45:12Z
16,1052/BTC-TCHQ,21/01/2013,Bộ Tài chính,V/v Vướng mắc trong thực hiện Thông tư số 62/2012/TT-BTC của Bộ Tài chính (Tổng Công ty Dầu Việt Nam),63417,305,18,DONG_NAI,null,null,,https://www.customs.gov.vn/index.jsp?pageId=3&id=63417&cid=1294,2013,01/2013,2026-10-08T09:45:12Z
17,488/TCHQ-GSQL,21/01/2013,null,"Vướng mắc về cấp giấy phép nhập khẩu xe ô tô, xe gắn máy theo chế độ tài sản di chuyển",74082,305,16,DA_NANG,Vũ Ngọc Anh,21/01/2013,https://files.customs.gov.vn/DA_NANG/Uploads/65e32243-11bf-4695-985d-c1563e8c13ba/488-TCHQ-GSQL-Vướng mắc cấp phép NK xe ô tô xe gắn máy theo dạng TSDC.tif,https://www.customs.gov.vn/index.jsp?pageId=3&id=74082&cid=1294,2013,01/2013,2026-10-08T09:45:12Z
18,503/TCHQ-TXNK,21/01/2013,Tổng cục hải quan,V/v Thuế GTGT hàng TN-TX (HQ Cần Thơ; Công ty cổ phần dầu khí Mê Kông),63416,305,18,DONG_NAI,null,null,,https://www.customs.gov.vn/index.jsp?pageId=3&id=63416&cid=1294,2013,01/2013,2026-10-08T09:45:12Z
19,512/TCHQ-TXNK,21/01/2013,Tổng cục hải quan,V/v Hàng tiêu hủy (Công ty TNHH Jabil Việt Nam),62176,305,18,DONG_NAI,null,null,,https://www.customs.gov.vn/index.jsp?pageId=3&id=62176&cid=1294,2013,01/2013,2026-10-08T09:45:12Z
20,427/TCHQ-GSQL,17/01/2013,null,Thủ tục hải quan đối với hàng hóa có xuất xứ từ Lào NK theo hạn ngạch thuế quan năm 2013,74081,305,16,DA_NANG,Vũ Ngọc Anh,17/01/2013,https://files.customs.gov.vn/DA_NANG/Uploads/65e32243-11bf-4695-985d-c1563e8c13ba/427-TCHQ-GSQL.tif,https://www.customs.gov.vn/index.jsp?pageId=3&id=74081&cid=1294,2013,01/2013,2026-10-08T09:45:12Z
21,407/TCHQ-GSQL,16/01/2013,null,Thủ tục hải quan đối với hàng hóa có xuất xứ từ Campuchia NK theo hạn ngạch thuế quan năm 2013,74080,305,16,DA_NANG,Vũ Ngọc Anh,16/01/2013,https://files.customs.gov.vn/DA_NANG/Uploads/65e32243-11bf-4695-985d-c1563e8c13ba/407-TCHQ-GSQL.tif,https://www.customs.gov.vn/index.jsp?pageId=3&id=74080&cid=1294,2013,01/2013,2026-10-08T09:45:12Z
22,31/TCHQ-GSQL,15/01/2013,Tổng cục hải quan,"V/v Sử dụng thiếc hàn, xi thiếc hàn, kem hàn đã qua sử dụng tại Việt Nam làm nguyên liệu sản xuất (Công ty TNHH XNK TNHH Solder Coat Việt Nam)",63421,305,16,DONG_NAI,null,null,,https://www.customs.gov.vn/index.jsp?pageId=3&id=63421&cid=1294,2013,01/2013,2026-10-08T09:45:12Z
23,373/TCHQ-CCHĐH,15/01/2013,Tổng cục hải quan,"V/v Xử lý vướng mắc về khai bổ sung hồ sơ hải quan (HQ Hà Nội, Công ty cổ phần May Thanh Trì)",63420,305,16,DONG_NAI,null,null,,https://www.customs.gov.vn/index.jsp?pageId=3&id=63420&cid=1294,2013,01/2013,2026-10-08T09:45:12Z
24,385/TCHQ-GSQL,15/01/2013,Tổng cục hải quan,"V/v Chuyển đổi loại hình NSXXK sang loại hình NKD (HQ Hải Phòng, Công ty CP SX TM Kỹ thuật Đức Phát HDP)",63419,305,18,DONG_NAI,null,null,,https://www.customs.gov.vn/index.jsp?pageId=3&id=63419&cid=1294,2013,01/2013,2026-10-08T09:45:12Z
25,388/TCHQ-TXNK,15/01/2013,Tổng cục hải quan,V/v Thuế GTGT hàng NSXXK (Công ty TNHH thương mại và dịch vụ giao nhận Lê Hòa),63418,305,18,DONG_NAI,null,null,,https://www.customs.gov.vn/index.jsp?pageId=3&id=63418&cid=1294,2013,01/2013,2026-10-08T09:45:12Z
26,03/2013/QÐ-TTG,14/01/2013,Thủ tướng Chính phủ,"Quyết định 03/2013/QĐ-TTg sửa đổi quy định danh mục phương tiện, thiết bị phải dán nhãn năng lượng, áp dụng mức hiệu suất năng lượng tối thiểu và lộ trình thực hiện do Thủ tướng Chính phủ ban hành",56344,305,10,TP_HO_CHI_MINH,Hoàng Trung Hải,15/01/2013,https://files.customs.gov.vn/CustomsCMS/TP_HO_CHI_MINH/2020/Web/Data/DocumentAttachments/03_2013_QD-TTg_164733.doc,https://www.customs.gov.vn/index.jsp?pageId=3&id=56344&cid=1294,2013,01/2013,2026-10-08T09:45:12Z
27,241/TCHQ-TXNK,14/01/2013,Tổng cục hải quan,V/v Hướng dẫn mã HS của các sản phẩm hạt điều (Hiệp hội Điều Việt Nam),63422,305,18,DONG_NAI,null,null,,https://www.customs.gov.vn/index.jsp?pageId=3&id=63422&cid=1294,2013,01/2013,2026-10-08T09:45:12Z
28,03/2013/TT-BNNPTNT,11/01/2013,Bộ Nông nghiệp và Phát triển nông thôn,V/v Quản lý thuốc bảo vệ thực vật,63423,305,4,DONG_NAI,null,null,,https://www.customs.gov.vn/index.jsp?pageId=3&id=63423&cid=1294,2013,01/2013,2026-10-08T09:45:12Z
29,201/TCHQ-TXNK,11/01/2013,Tổng cục hải quan,V/v Vướng mắc chính sách thuế (Công ty TNHH NamYang),63424,305,18,DONG_NAI,null,null,,https://www.customs.gov.vn/index.jsp?pageId=3&id=63424&cid=1294,2013,01/2013,2026-10-08T09:45:12Z
30,27/GSQL-TH,10/01/2013,Tổng cục hải quan,"V/v Giá trị hàng hóa ghi trên tờ khai hàng hóa nhập, xuất kho ngoại quan mẫu số HQ/2012-KNQ (Công ty Shimada Shoji Co.,LTD)",63425,305,18,DONG_NAI,null,null,,https://www.customs.gov.vn/index.jsp?pageId=3&id=63425&cid=1294,2013,01/2013,2026-10-08T09:45:12Z
31,30/HQĐNa-TXNK,09/01/2013,Cục Hải Quan tỉnh Đồng Nai,V/v Đăng ký danh mục hàng hóa nhập khẩu miễn thuế tạo TSCĐ (Công ty TNHH Hưng Nghiệp Formosa),64471,305,18,DONG_NAI,null,null,https://files.customs.gov.vn/DONG_NAI//Data/Cv_Hqdn/30_HQDNa_TXNK_09_01_2013.pdf,https://www.customs.gov.vn/index.jsp?pageId=3&id=64471&cid=1294,2013,01/2013,2026-10-08T09:45:12Z
32,31/HQĐNa-TXNK,09/01/2013,Cục Hải Quan tỉnh Đồng Nai,V/v Đăng ký danh mục hàng hóa nhập khẩu miễn thuế tạo TSCĐ (Công ty Nestle Việt Nam),64470,305,18,DONG_NAI,null,null,https://files.customs.gov.vn/DONG_NAI//Data/Cv_Hqdn/31_HQDNa_TXNK_09_01_2013.pdf,https://www.customs.gov.vn/index.jsp?pageId=3&id=64470&cid=1294,2013,01/2013,2026-10-08T09:45:12Z
33,36/HQĐNa-TXNK,09/01/2013,Cục Hải Quan tỉnh Đồng Nai,"V/v Sửa đổi, bổ sung mục lục NSNN",64469,305,18,DONG_NAI,null,null,https://files.customs.gov.vn/DONG_NAI//Data/Cv_Hqdn/36_HQDNa_TXNK_09_01_2013.pdf,https://www.customs.gov.vn/index.jsp?pageId=3&id=64469&cid=1294,2013,01/2013,2026-10-08T09:45:12Z
34,108/TCHQ-GSQL,07/01/2013,Tổng cục hải quan,"V/v Sử dụng tờ khai, phụ lục tờ khai hàng hóa nhập, xuất kho ngoại quan (HQ các tỉnh, thành phố)",63426,305,18,DONG_NAI,null,null,,https://www.customs.gov.vn/index.jsp?pageId=3&id=63426&cid=1294,2013,01/2013,2026-10-08T09:45:12Z
35,43/TCHQ-VP,04/01/2013,null,Đính chính phụ lục V Quyết định số 02/QĐ-TCHQ về bộ mã quản lý loại hình,74076,305,16,DA_NANG,Nguyễn Duy Thuận,04/01/2013,https://files.customs.gov.vn/DA_NANG/Uploads/65e32243-11bf-4695-985d-c1563e8c13ba/43-dinh chinh QD 02 ma loai hinh.tif,https://www.customs.gov.vn/index.jsp?pageId=3&id=74076&cid=1294,2013,01/2013,2026-10-08T09:45:12Z
36,56/TCHQ-TXNK,04/01/2013,Tổng cục hải quan,V/v Vướng mắc thuế BVMT (HQ Đồng Nai),63428,305,18,DONG_NAI,null,null,,https://www.customs.gov.vn/index.jsp?pageId=3&id=63428&cid=1294,2013,01/2013,2026-10-08T09:45:12Z
37,59/TCHQ-TXNK,04/01/2013,Tổng cục hải quan,"V/v Hoàn thuế GTGT (HQ Hải Phòng, Công ty TNHH Sansei Việt Nam)",63427,305,18,DONG_NAI,null,null,,https://www.customs.gov.vn/index.jsp?pageId=3&id=63427&cid=1294,2013,01/2013,2026-10-08T09:45:12Z
38,01/2013/NĐ-CP,03/01/2013,null,Nghị định quy định chi tiết thi hành một số điều của Luật lưu trữ,74110,305,8,DA_NANG,Nguyễn Tấn Dũng,01/03/2013,https://files.customs.gov.vn/DA_NANG/Uploads/65e32243-11bf-4695-985d-c1563e8c13ba/Nghi dinh 01_2013_ND-CP_HDLuatLuuTru.doc,https://www.customs.gov.vn/index.jsp?pageId=3&id=74110&cid=1294,2013,01/2013,2026-10-08T09:45:12Z
39,03/HQĐNa-CCHĐH,02/01/2013,Cục Hải Quan tỉnh Đồng Nai,V/v Sử dụng in tờ khai và phụ lục tờ khai,64472,305,18,DONG_NAI,null,null,https://files.customs.gov.vn/DONG_NAI//Data/Cv_Hqdn/03_HQDNa_CCHDH_02_01_2013.pdf,https://www.customs.gov.vn/index.jsp?pageId=3&id=64472&cid=1294,2013,01/2013,2026-10-08T09:45:12Z
40,7365/TCHQ-GSQL,02/01/2013,null,Tờ khai Hải quan,67330,305,18,CAN_THO,null,02/01/2013,https://files.customs.gov.vn/CAN_THO/Tokhaihq281212.tif,https://www.customs.gov.vn/index.jsp?pageId=3&id=67330&cid=1294,2013,01/2013,2026-10-08T09:45:12Z
41,94/2012/NĐ-CP,01/01/2013,Chính phủ,"Nghị định 94/2012/NĐ-CP của Chính phủ về sản xuất, kinh doanh rượu",61838,305,8,QUANG_NGAI,Nguyễn Tấn Dũng,01/01/1900,https://files.customs.gov.vn/QUANG_NGAI/94_2012_NĐ-CP_12112012.pdf,https://www.customs.gov.vn/index.jsp?pageId=3&id=61838&cid=1294,2013,01/2013,2026-10-08T09:45:12Z
42,06/2013/TTLT-BKHCN-BCT-BCA-BGTVT,28/02/2013,Bộ Khoa Học Công Nghệ,"Thông tư liên tịch 06/2013/TTLT-BKHCN-BCT-BCA-BGTVT Quy định về sản xuất, nhập khẩu, kinh doanh và sử dụng mũ bảo hiểm cho người đi xe mô tô, xe gắn máy, xe đạp máy do Bộ Khoa học và Công nghệ, Bộ Công Thương, Bộ Công an và Bộ Giao thông vận tải ban hành",53773,305,4,TP_HO_CHI_MINH,Lê Dương Quang; Trần Việt Thanh; Lê Mạnh Hùng,15/05/2013,https://files.customs.gov.vn/CustomsCMS/TP_HO_CHI_MINH/2020/Web/Data/DocumentAttachments/06_2013_TTLT-BKHCN-BCT-BCA-BGTVT_181414.doc,https://www.customs.gov.vn/index.jsp?pageId=3&id=53773&cid=1294,2013,02/2013,2026-10-08T09:45:12Z
43,358/HQĐNa-GSQL,28/02/2013,Cục Hải Quan tỉnh Đồng Nai,Trả lời Công ty TNHH On Semiconductor Việt Nam v/v xin xác nhận lô hàng được phép thanh toán,64459,305,18,DONG_NAI,null,null,https://files.customs.gov.vn/DONG_NAI//Data/Cv_Hqdn/358_HQDNa_GSQL_28_02_2013.pdf,https://www.customs.gov.vn/index.jsp?pageId=3&id=64459&cid=1294,2013,02/2013,2026-10-08T09:45:12Z
44,1049/TCHQ-TXNK,27/02/2013,Tổng cục hải quan,V/v Phân loại mặt hàng Phân bón NPK (Công ty TNHH YaRa Việt Nam; Công ty TNHH TM Hoàng Lê),63401,305,18,DONG_NAI,null,null,,https://www.customs.gov.vn/index.jsp?pageId=3&id=63401&cid=1294,2013,02/2013,2026-10-08T09:45:12Z
45,1050/TCHQ-TXNK,27/02/2013,Tổng cục hải quan,V/v Trị giá tính thuế hàng NK (Công ty Cổ phần Đầu tư Hoàng Đạo),63400,305,18,DONG_NAI,null,null,,https://www.customs.gov.vn/index.jsp?pageId=3&id=63400&cid=1294,2013,02/2013,2026-10-08T09:45:12Z
46,131/GSQL-GQ3,27/02/2013,Tổng cục hải quan,"V/v Thủ tục nhập hàng theo chế độ quà biếu, tặng (Công ty cổ phần Chăn nuôi C.P. Việt Nam)",63399,305,18,DONG_NAI,null,null,,https://www.customs.gov.vn/index.jsp?pageId=3&id=63399&cid=1294,2013,02/2013,2026-10-08T09:45:12Z
47,132/GSQL-GQ2,27/02/2013,Tổng cục hải quan,V/v Kê khai hàng hóa quá cảnh theo mẫu tờ khai HQ/2012-QC (Công ty TNHH Tiếp vận Việt Lào),63398,305,18,DONG_NAI,null,null,,https://www.customs.gov.vn/index.jsp?pageId=3&id=63398&cid=1294,2013,02/2013,2026-10-08T09:45:12Z
48,1366/TB-TCHQ,26/02/2013,null,Thông báo về kết quả xác định trước mã số,74105,305,16,DA_NANG,Nguyễn Dương Thái,26/02/2013,https://files.customs.gov.vn/DA_NANG/Uploads/65e32243-11bf-4695-985d-c1563e8c13ba/911.tif,https://www.customs.gov.vn/index.jsp?pageId=3&id=74105&cid=1294,2013,02/2013,2026-10-08T09:45:12Z
49,20/2013/NÐ-CP,26/02/2013,Chính phủ,"Nghị định quy định chức năng, nhiệm vụ, quyền hạn và cơ cấu tổ chức của bộ khoa học và công nghệ",58621,305,8,TP_HO_CHI_MINH,Nguyễn Tấn Dũng,20/04/2013,https://files.customs.gov.vn/CustomsCMS/TP_HO_CHI_MINH/2020/Web/Data/DocumentAttachments/20_2013_ND-CP_174126.doc,https://www.customs.gov.vn/index.jsp?pageId=3&id=58621&cid=1294,2013,02/2013,2026-10-08T09:45:12Z
50,576/BTTTT-CNTT,26/02/2013,null,Giải đáp một số vướng mắc khi thực hiện Thông tư 11/2012/TT-BTTTT,74104,305,16,DA_NANG,Nguyễn Minh Hồng,26/02/2013,https://files.customs.gov.vn/DA_NANG/Uploads/65e32243-11bf-4695-985d-c1563e8c13ba/576-BTTTT-CNTT.tif,https://www.customs.gov.vn/index.jsp?pageId=3&id=74104&cid=1294,2013,02/2013,2026-10-08T09:45:12Z
51,963/TCHQ-TXNK,22/02/2013,Tổng cục hải quan,V/v Phân loại hàng hóa mặt hàng máy dập khuy túi xách giấy (HQ Lạng Sơn),63403,305,18,DONG_NAI,null,null,,https://www.customs.gov.vn/index.jsp?pageId=3&id=63403&cid=1294,2013,02/2013,2026-10-08T09:45:12Z
52,964,22/02/2013,null,"Phân biệt hàng hóa ""đã ghi"" và ""chưa ghi"" trong nhóm 85.23",74103,305,16,DA_NANG,H,22/02/2013,https://files.customs.gov.vn/DA_NANG/Uploads/65e32243-11bf-4695-985d-c1563e8c13ba/964.tif,https://www.customs.gov.vn/index.jsp?pageId=3&id=74103&cid=1294,2013,02/2013,2026-10-08T09:45:12Z
53,964/TCHQ-TXNK,22/02/2013,Tổng cục hải quan,"V/v Phân biệt hàng hóa ""đã ghi"" và ""chưa ghi"" trong nhóm 85.23 (HQ các tỉnh, thành phố)",63402,305,18,DONG_NAI,null,null,,https://www.customs.gov.vn/index.jsp?pageId=3&id=63402&cid=1294,2013,02/2013,2026-10-08T09:45:12Z
54,2356/BTC-CST,21/02/2013,Bộ Tài chính,V/v Thuế GTGT mặt hàng vi sinh dùng trong sản xuất yaourt và mặt hàng hóa chất để kiểm tra dư lượng kháng sinh trong sữa (Công ty TNHH TMDV Nam Giang),63404,305,18,DONG_NAI,null,null,,https://www.customs.gov.vn/index.jsp?pageId=3&id=63404&cid=1294,2013,02/2013,2026-10-08T09:45:12Z
55,951/TCHQ-TXNK,21/02/2013,Tổng cục hải quan,V/v Kê khai thuế GTGT (Công ty Cổ phần Đá ốp lát cao cấp Vibaconex),63405,305,18,DONG_NAI,null,null,,https://www.customs.gov.vn/index.jsp?pageId=3&id=63405&cid=1294,2013,02/2013,2026-10-08T09:45:12Z
56,317/HQĐNa-TXNK,20/02/2013,Cục Hải Quan tỉnh Đồng Nai,V/v Mã số thuế mặt hàng dây đai bằng nhựa,64460,305,18,DONG_NAI,null,null,https://files.customs.gov.vn/DONG_NAI//Data/Cv_Hqdn/317_HQDNa_TXNK_20_02_2013.pdf,https://www.customs.gov.vn/index.jsp?pageId=3&id=64460&cid=1294,2013,02/2013,2026-10-08T09:45:12Z
57,17/2013/NĐ-CP,19/02/2013,Chính phủ,"Nghị định số 17/2013/NĐ-CP của Chính phủ sửa đổi, bổ sung một số điều của Nghị định số 204/2004/NĐ-CP ngày 14 tháng 12 năm 2004 của Chính phủ về chế độ tiền lương đối với cán bộ, công chức, viên chức và lực lượng vũ trang",42794,305,18,QUANG_BINH,null,null,https://files.customs.gov.vn/CustomsCMS/QUANG_BINH/2021/04/images/stories/files/ND1713CP.doc,https://www.customs.gov.vn/index.jsp?pageId=3&id=42794&cid=1294,2013,02/2013,2026-10-08T09:45:12Z
58,2227/BTC-CST,19/02/2013,null,Chính sách thuế ưu đãi đối với dự án nhiệt điện BOT Vĩnh Tân 1,74099,305,16,DA_NANG,Vũ Thị Mai,19/02/2013,https://files.customs.gov.vn/DA_NANG/Uploads/65e32243-11bf-4695-985d-c1563e8c13ba/2227.tif,https://www.customs.gov.vn/index.jsp?pageId=3&id=74099&cid=1294,2013,02/2013,2026-10-08T09:45:12Z
59,302/HQĐNa-GSQL,08/02/2013,Cục Hải Quan tỉnh Đồng Nai,V/v Vướng mắc C/O của Công ty TNHH Mitsuba M-Tech Việt Nam,64461,305,18,DONG_NAI,null,null,https://files.customs.gov.vn/DONG_NAI//Data/Cv_Hqdn/302_HQDNa_GSQL_08_02_2013.pdf,https://www.customs.gov.vn/index.jsp?pageId=3&id=64461&cid=1294,2013,02/2013,2026-10-08T09:45:12Z
60,15/2013/NÐ-CP,06/02/2013,Chính phủ,Nghị định về quản lý chất lượng công trình xây dựng,58493,305,8,TP_HO_CHI_MINH,Nguyễn Tấn Dũng,15/04/2013,https://files.customs.gov.vn/CustomsCMS/TP_HO_CHI_MINH/2020/Web/Data/DocumentAttachments/15_2013_ND-CP_170675.doc,https://www.customs.gov.vn/index.jsp?pageId=3&id=58493&cid=1294,2013,02/2013,2026-10-08T09:45:12Z
61,1989/BTC-TCT,06/02/2013,Bộ Tài chính,"V/v Thuế GTGT đối với túi đặt ngực và chất làm đầy da (Cục Thuế, Cục Hải quan các tỉnh, thành phố)",63406,305,18,DONG_NAI,null,null,,https://www.customs.gov.vn/index.jsp?pageId=3&id=63406&cid=1294,2013,02/2013,2026-10-08T09:45:12Z
62,2018/BTC-TCHQ,06/02/2013,null,Hướng dẫn cơ quan thu thuế bảo vệ môi trường,74096,305,16,DA_NANG,Hoàng Việt Cường,06/02/2013,https://files.customs.gov.vn/DA_NANG/Uploads/65e32243-11bf-4695-985d-c1563e8c13ba/2018.tif,https://www.customs.gov.vn/index.jsp?pageId=3&id=74096&cid=1294,2013,02/2013,2026-10-08T09:45:12Z
63,234/HQĐNa-VP,05/02/2013,Cục Hải Quan tỉnh Đồng Nai,V/v Nghỉ Tết Nguyên đán năm 2013,64464,305,18,DONG_NAI,null,null,https://files.customs.gov.vn/DONG_NAI//Data/Cv_Hqdn/234_HQDNa_VP_05_02_2013.pdf,https://www.customs.gov.vn/index.jsp?pageId=3&id=64464&cid=1294,2013,02/2013,2026-10-08T09:45:12Z
64,235/HQĐNa-TXNK,05/02/2013,Cục Hải Quan tỉnh Đồng Nai,V/v Đăng ký Danh mục hàng hóa nhập khẩu miễn thuế tạo TSCĐ (Công ty TNHH Fine Fruit Asia),64463,305,18,DONG_NAI,null,null,https://files.customs.gov.vn/DONG_NAI//Data/Cv_Hqdn/235_HQDNa_TXNK_05_02_2013.pdf,https://www.customs.gov.vn/index.jsp?pageId=3&id=64463&cid=1294,2013,02/2013,2026-10-08T09:45:12Z
65,256/HQĐNa-GSQL,05/02/2013,Cục Hải Quan tỉnh Đồng Nai,V/v Cung cấp chứng từ định mức đối với nguyên liệu nhập khẩu hạt điều thô (Hiệp Hội điều Việt Nam),64462,305,18,DONG_NAI,null,null,https://files.customs.gov.vn/DONG_NAI//Data/Cv_Hqdn/256_HQDNa_GSQL_05_02_2013.pdf,https://www.customs.gov.vn/index.jsp?pageId=3&id=64462&cid=1294,2013,02/2013,2026-10-08T09:45:12Z
66,761/TCHQ-GSQL,04/02/2013,Tổng cục hải quan,V/v Khai bổ sung hồ sơ hải quan(HQ Daklak; Công ty TNHH Thương phẩm Atlantic Việt Nam),63407,305,18,DONG_NAI,null,null,,https://www.customs.gov.vn/index.jsp?pageId=3&id=63407&cid=1294,2013,02/2013,2026-10-08T09:45:12Z
67,726/QĐ-BCT,01/02/2013,null,"Quyết định về việc phê duyệt phòng thí nghiệm thực hiện việc giám định hàm lượng Formaldehyt, các amin thơm có thể giải phóng ra từ thuốc nhuộm azo trong các điều kiện khử trên sản phẩm dệt may",74093,305,10,DA_NANG,Lê Dương Quang,01/02/2013,https://files.customs.gov.vn/DA_NANG/Uploads/65e32243-11bf-4695-985d-c1563e8c13ba/Quyet dinh  726 pdf.pdf,https://www.customs.gov.vn/index.jsp?pageId=3&id=74093&cid=1294,2013,02/2013,2026-10-08T09:45:12Z
68,747/TCHQ-TXNK,01/02/2013,Tổng cục hải quan,V/v Thuế nhập khẩu ruột bình nước nóng tráng men (Công ty TNHH Ferroli Indochina),63408,305,18,DONG_NAI,null,null,,https://www.customs.gov.vn/index.jsp?pageId=3&id=63408&cid=1294,2013,02/2013,2026-10-08T09:45:12Z
69,449/TXNK-PL,29/03/2013,Tổng cục hải quan,V/v Phân loại trước mặt hàng xe ô tô pick up cabin kép hiệu Mitsubishi L200 (Công ty CP XNK An Phú Thành),63380,305,18,DONG_NAI,null,null,,https://www.customs.gov.vn/index.jsp?pageId=3&id=63380&cid=1294,2013,03/2013,2026-10-08T09:45:12Z
70,1557/TCHQ-TXNK,28/03/2013,Tổng cục hải quan,V/v Xác định mã HS hàng nhập khẩu (Công ty Cổ phần Công nghệ điện tử),63381,305,18,DONG_NAI,null,null,,https://www.customs.gov.vn/index.jsp?pageId=3&id=63381&cid=1294,2013,03/2013,2026-10-08T09:45:12Z
71,1507/TCHQ-TXNK,27/03/2013,Tổng cục hải quan,V/v Thuế GTGT mặt hàng Whey (Công ty Cổ phần Nông sản quốc tế),63385,305,18,DONG_NAI,null,null,,https://www.customs.gov.vn/index.jsp?pageId=3&id=63385&cid=1294,2013,03/2013,2026-10-08T09:45:12Z
72,1531/TCHQ-CCHĐH,27/03/2013,Tổng cục hải quan,V/v Áp dụng mẫu tờ khai hải quan điện tử (Công ty TNHH Pou Yeun Việt Nam),63384,305,18,DONG_NAI,null,null,,https://www.customs.gov.vn/index.jsp?pageId=3&id=63384&cid=1294,2013,03/2013,2026-10-08T09:45:12Z
73,1533/TCHQ-CCHĐH,27/03/2013,null,Trả lời vướng mắc trong thủ tục THQĐT,74127,305,16,DA_NANG,Nguyễn Dương Thái,27/03/2013,https://files.customs.gov.vn/DA_NANG/Uploads/65e32243-11bf-4695-985d-c1563e8c13ba/1533.tif,https://www.customs.gov.vn/index.jsp?pageId=3&id=74127&cid=1294,2013,03/2013,2026-10-08T09:45:12Z
74,1538/TCHQ-CCHĐH,27/03/2013,Tổng cục hải quan,V/v Hướng dẫn báo cáo nhập - xuất - tồn hàng nhập khẩu phục vụ tiêu dùng của DNCX (Công ty TNHH Panasonic System Networks Việt Nam),63383,305,18,DONG_NAI,null,null,,https://www.customs.gov.vn/index.jsp?pageId=3&id=63383&cid=1294,2013,03/2013,2026-10-08T09:45:12Z
75,3742/BTC-TCHQ,27/03/2013,Bộ Tài chính,V/v Hướng dẫn sử dụng tờ khai theo Thông tư số 15/2012/TT-BTC và Thông tư 196/2012/TT-BTC,63382,305,18,DONG_NAI,null,null,https://files.customs.gov.vn/DONG_NAI//Data/CV_BTC/3742_BTC_TCHQ_27_03_2013.pdf,https://www.customs.gov.vn/index.jsp?pageId=3&id=63382&cid=1294,2013,03/2013,2026-10-08T09:45:12Z
76,553/HQĐNa-GSQL,27/03/2013,Cục Hải Quan tỉnh Đồng Nai,V/v Xử lý vướng mắc DN ký và nộp 1 lần nhiều chứng từ trong thực hiện thủ tục hải quan và đăng ký định mức,64450,305,18,DONG_NAI,null,null,https://files.customs.gov.vn/DONG_NAI//Data/Cv_Hqdn/553_HQDNa_GSQL_27_03_2013.pdf,https://www.customs.gov.vn/index.jsp?pageId=3&id=64450&cid=1294,2013,03/2013,2026-10-08T09:45:12Z
77,11/GM-HQĐNa,26/03/2013,Cục Hải Quan tỉnh Đồng Nai,"V/v Làm thủ tục xuất khẩu, nhập khẩu tại Cục Hải quan Đồng Nai",64451,305,18,DONG_NAI,null,null,https://files.customs.gov.vn/DONG_NAI//Data/Cv_Hqdn/11_GM_HQDNa_26_03_2013.pdf,https://www.customs.gov.vn/index.jsp?pageId=3&id=64451&cid=1294,2013,03/2013,2026-10-08T09:45:12Z
78,527/HQĐNa-CCHĐH,25/03/2013,Cục Hải Quan tỉnh Đồng Nai,"Trả lời Công ty TNHH TM&DV giao nhận Lê Hòa v/v vướng mắc quyền xuất khẩu, quyền nhập khẩu của doanh nghiệp FDI",64452,305,18,DONG_NAI,null,null,https://files.customs.gov.vn/DONG_NAI//Data/Cv_Hqdn/527_HQDNa_CCHDH_25_03_2013.pdf,https://www.customs.gov.vn/index.jsp?pageId=3&id=64452&cid=1294,2013,03/2013,2026-10-08T09:45:12Z
79,591/BVTV-KD,25/03/2013,Khác,V/v Kiểm dịch thực phẩm đối với mặt hàng da thuộc thành phẩm,63386,305,18,DONG_NAI,null,null,https://files.customs.gov.vn/DONG_NAI//Data/CV_nganh_khac/591_BVTV_KD_25_03_2013.pdf,https://www.customs.gov.vn/index.jsp?pageId=3&id=63386&cid=1294,2013,03/2013,2026-10-08T09:45:12Z
80,603/QĐ-BNN-CB,25/03/2013,Bộ và ngang bộ,"Quyết định số 603/QĐ-BNN-CB của Bộ Nông nghiệp và Phát triển nông thôn về việc công bố các tổ chức, cá nhân sản xuất máy móc, thiết bị giảm tổn thất sau thu hoạch được hưởng chính sách theo Quyết định số 63/2010/QĐ-TTg ngày 15 tháng 10 năm 2010 và Quyết định số 65/2011/QĐ-TTg ngày 02 tháng 12 năm 2011 của Thủ tướng Chính phủ",59530,305,10,TONG_CUC,Vũ Văn Tám,25/03/2013,,https://www.customs.gov.vn/index.jsp?pageId=3&id=59530&cid=1294,2013,03/2013,2026-10-08T09:45:12Z
81,1434/TCHQ-TXNK,22/03/2013,Tổng cục hải quan,V/v Thuế bảo vệ môi trường (Công ty TNHH Timatex Việt Nam),63388,305,18,DONG_NAI,null,null,,https://www.customs.gov.vn/index.jsp?pageId=3&id=63388&cid=1294,2013,03/2013,2026-10-08T09:45:12Z
82,2423/BCT-CNNg,22/03/2013,Bộ Công thương,V/v Xác nhận loại hình doanh nghiệp sản xuất các mặt hàng cơ khí trọng điểm (Công ty TNHH Công nghiệp nặng Doosan Việt Nam),63387,305,18,DONG_NAI,null,null,https://files.customs.gov.vn/DONG_NAI//Data/CV_BCT/2423_BCT_CNNg_22_03_2013.pdf,https://www.customs.gov.vn/index.jsp?pageId=3&id=63387&cid=1294,2013,03/2013,2026-10-08T09:45:12Z
83,2423/BTC-CNNG,22/03/2013,null,Xác nhận loại hình doanh nghiệp sản xuất các mặt hàng cơ khí trọng điểm,74125,305,16,DA_NANG,Võ Huy Hoàng,22/03/2013,https://files.customs.gov.vn/DA_NANG/Uploads/65e32243-11bf-4695-985d-c1563e8c13ba/2423.tif,https://www.customs.gov.vn/index.jsp?pageId=3&id=74125&cid=1294,2013,03/2013,2026-10-08T09:45:12Z
84,512/HQĐNa-TXNK,22/03/2013,Cục Hải Quan tỉnh Đồng Nai,V/v Cấp Phiếu trừ lùi bổ sung cho danh mục hàng nhập khẩu miễn thuế (Tập đoàn Điện lực Việt Nam),64453,305,18,DONG_NAI,null,null,https://files.customs.gov.vn/DONG_NAI//Data/Cv_Hqdn/512_HQDNa_TXNK_22_03_2013.pdf,https://www.customs.gov.vn/index.jsp?pageId=3&id=64453&cid=1294,2013,03/2013,2026-10-08T09:45:12Z
85,02/2013/TT-BCA,20/03/2013,Bộ Công an,"Thông tư 02/2013/TT-BCA của Bộ Công an về việc ban hành, hướng dẫn sử dụng và quản lý các loại mẫu giấy tờ liên quan đến công tác quản lý xuất nhập cảnh",61846,305,4,QUANG_NGAI,Trần Đại Quang,01/01/1900,https://files.customs.gov.vn/QUANG_NGAI/02_2013_TT-BCA_05012013.pdf,https://www.customs.gov.vn/index.jsp?pageId=3&id=61846&cid=1294,2013,03/2013,2026-10-08T09:45:12Z
86,3471/BTC-TCHQ,20/03/2013,Bộ Tài chính,V/v Hồ sơ hoàn thuế (Công ty TNHH Piaggio Việt Nam),63390,305,18,DONG_NAI,null,null,,https://www.customs.gov.vn/index.jsp?pageId=3&id=63390&cid=1294,2013,03/2013,2026-10-08T09:45:12Z
87,3502/BTC-CST,20/03/2013,Bộ Tài chính,V/v Thuế suất thuế GTGT (Công ty TNHH Thiết bị công nghệ y tế DHL),63389,305,18,DONG_NAI,null,null,https://files.customs.gov.vn/DONG_NAI//Data/CV_BTC/3502_BTC_CST_20_03_2013.pdf,https://www.customs.gov.vn/index.jsp?pageId=3&id=63389&cid=1294,2013,03/2013,2026-10-08T09:45:12Z
88,1379/TCHQ-TXNK,19/03/2013,Tổng cục hải quan,V/v Mặt hàng thép lá cán nguội (Công ty CP Thương mại và sản xuất Tân Phước Khanh),63391,305,18,DONG_NAI,null,null,,https://www.customs.gov.vn/index.jsp?pageId=3&id=63391&cid=1294,2013,03/2013,2026-10-08T09:45:12Z
89,3438/BTC-TCHQ,19/03/2013,null,Thuế GTGT thiết bị massage,74123,305,16,DA_NANG,Hoàng VIệt Cường,19/03/2013,https://files.customs.gov.vn/DA_NANG/Uploads/65e32243-11bf-4695-985d-c1563e8c13ba/3438.tif,https://www.customs.gov.vn/index.jsp?pageId=3&id=74123&cid=1294,2013,03/2013,2026-10-08T09:45:12Z
90,491/HQĐNa-GSQL,19/03/2013,Cục Hải Quan tỉnh Đồng Nai,V/v Trả lời Công ty TNHH Công nghệ Teco (VN) v/v xin giải trình tính hợp lệ của các C/O ưu đãi đặc biệt cho tờ khai nhập khẩu,64454,305,18,DONG_NAI,null,null,https://files.customs.gov.vn/DONG_NAI//Data/Cv_Hqdn/491_HQDNa_GSQL_19_03_2013.pdf,https://www.customs.gov.vn/index.jsp?pageId=3&id=64454&cid=1294,2013,03/2013,2026-10-08T09:45:12Z
91,07/2013/TT-BTTTT,18/03/2013,Bộ Thông Tin Truyền Thông,Thông tư 07/2013/TT-BTTTT quy định thời điếm tích hợp chức năng thu truyền hình số mặt đất đổi với máy thu hình sản xuất và nhập khẩu đế sử dụng tại Việt Nam do Bộ trưởng Bộ Thông tin và Truyền thông ban hành,57390,305,4,TP_HO_CHI_MINH,Nguyễn Bắc Son,01/04/2013,https://files.customs.gov.vn/CustomsCMS/TP_HO_CHI_MINH/2020/Web/Data/DocumentAttachments/07_2013_TT-BTTTT_178456.doc,https://www.customs.gov.vn/index.jsp?pageId=3&id=57390&cid=1294,2013,03/2013,2026-10-08T09:45:12Z
92,30/2013/TT-BTC,18/03/2013,null,Thông tư Hướng dẫn hoàn lại tiền thuế bảo vệ môi trường đối với túi ni lông làm bao bì đóng gói sẵn hàng hóa theo Nghị quyết số 02/NQ-CP ngày 07/1/2013 của Chính phủ,74122,305,4,DA_NANG,Vũ Thị Mai,18/03/2013,https://files.customs.gov.vn/DA_NANG/Uploads/65e32243-11bf-4695-985d-c1563e8c13ba/30 MT.tif,https://www.customs.gov.vn/index.jsp?pageId=3&id=74122&cid=1294,2013,03/2013,2026-10-08T09:45:12Z
93,1338/TCHQ-GSQL,15/03/2013,null,Vướng mắc bàn giao hồ sơ hàng chuyển cửa khẩu,74121,305,16,DA_NANG,Vũ Ngọc Anh,15/03/2013,https://files.customs.gov.vn/DA_NANG/Uploads/65e32243-11bf-4695-985d-c1563e8c13ba/1338-TCHQ-GSQL.tif,https://www.customs.gov.vn/index.jsp?pageId=3&id=74121&cid=1294,2013,03/2013,2026-10-08T09:45:12Z
94,1288/TCHQ-GSQL,14/03/2013,Tổng cục hải quan,V/v Thủ tục hải quan đối với hàng nhập khẩu chuyển cửa khẩu từ CFS đưa vào kho ngoại quan (CN Công ty CP giao nhận vận tải ngoại thương tại Hải Phòng),63393,305,18,DONG_NAI,null,null,,https://www.customs.gov.vn/index.jsp?pageId=3&id=63393&cid=1294,2013,03/2013,2026-10-08T09:45:12Z
95,1298/TCHQ-CCHĐH,14/03/2013,Tổng cục hải quan,V/v Xử lý vướng mắc việc khai báo cửa khẩu xuất (Công ty TNHH Maersk Việt Nam.),63392,305,18,DONG_NAI,null,null,,https://www.customs.gov.vn/index.jsp?pageId=3&id=63392&cid=1294,2013,03/2013,2026-10-08T09:45:12Z
96,1300/TCHQ-TXNK,14/03/2013,null,Phân loại mặt hàng Florafil 93 Powder và Florafil HP Powder,74119,305,16,DA_NANG,Hoàng VIệt Cường,14/03/2013,https://files.customs.gov.vn/DA_NANG/Uploads/65e32243-11bf-4695-985d-c1563e8c13ba/1300.tif,https://www.customs.gov.vn/index.jsp?pageId=3&id=74119&cid=1294,2013,03/2013,2026-10-08T09:45:12Z
97,1559/QÐ-BCT,14/03/2013,Bộ Công thương,"Quyết định 1559/QĐ-BCT năm 2013 công bố dán nhãn năng lượng cho sản phẩm màn hình máy tính, máy in, máy photocopy, máy điều hòa không khí có biến tần và máy thu hình do Bộ Công thương ban hành",53694,305,10,TP_HO_CHI_MINH,Lê Dương Quang,14/03/2013,https://files.customs.gov.vn/CustomsCMS/TP_HO_CHI_MINH/2020/Web/Data/DocumentAttachments/1559_QD-BCT_193355.doc,https://www.customs.gov.vn/index.jsp?pageId=3&id=53694&cid=1294,2013,03/2013,2026-10-08T09:45:12Z
98,1559/QĐ-BCT,14/03/2013,Bộ Công thương,"Công bố dán nhãn năng lượng cho sản phẩm màn hình máy tính, máy in, máy photocopy, máy điều hòa không khí có biến tần và máy thu hình",66389,305,10,DONG_NAI,null,01/01/2014,,https://www.customs.gov.vn/index.jsp?pageId=3&id=66389&cid=1294,2013,03/2013,2026-10-08T09:45:12Z
99,18/2013/TT-BNNPTNT,14/03/2013,Bộ nông nghiệp và phát triển nông thôn,"Ban hành Danh mục bổ sung giống vật nuôi được phép sản xuất, kinh doanh tại Việt Nam",52652,305,4,TP_HO_CHI_MINH,Vũ Văn Tám,28/04/2013,https://files.customs.gov.vn/CustomsCMS/TP_HO_CHI_MINH/2020/Web/Data/DocumentAttachments/18_2013_TT-BNNPTNT_Ban_hanh_danh_muc_bo_sung_giong_vat_nuoi_duoc_phep_san_xuat_kinh_doanh.doc,https://www.customs.gov.vn/index.jsp?pageId=3&id=52652&cid=1294,2013,03/2013,2026-10-08T09:45:12Z
100,464/HQĐNa-TXNK,14/03/2013,Cục Hải Quan tỉnh Đồng Nai,V/v Điều chỉnh danh mục hàng hóa nhập khẩu miễn thuế (Công ty TNHH Great Veca Việt Nam),64455,305,18,DONG_NAI,null,null,https://files.customs.gov.vn/DONG_NAI//Data/Cv_Hqdn/464_HQDNa_TXNK_14_03_2013.pdf,https://www.customs.gov.vn/index.jsp?pageId=3&id=64455&cid=1294,2013,03/2013,2026-10-08T09:45:12Z
101,1266/TCHQ-GSQL,13/03/2013,null,Thực hiện Thông tư liên tịch số 34/212/TTLT-BCT-BTNMT,74117,305,4,DA_NANG,null,13/03/2013,https://files.customs.gov.vn/DA_NANG/Uploads/65e32243-11bf-4695-985d-c1563e8c13ba/1266.tif,https://www.customs.gov.vn/index.jsp?pageId=3&id=74117&cid=1294,2013,03/2013,2026-10-08T09:45:12Z
102,172/GSQL-GQ2,13/03/2013,Tổng cục hải quan,V/v Thủ tục hải quan đối với nguyên liệu NKD để sản xuất hàng xuất khẩu (Công ty TNHH Mao Bảo Việt Nam),63394,305,18,DONG_NAI,null,null,,https://www.customs.gov.vn/index.jsp?pageId=3&id=63394&cid=1294,2013,03/2013,2026-10-08T09:45:12Z
103,439/HQĐNa-GSQL,13/03/2013,Cục Hải Quan tỉnh Đồng Nai,V/v Khó khăn của các doanh nghiệp nhập khẩu trong việc chờ Giấy xác nhận khai báo hóa chất khi làm thủ tục hải quan,64456,305,18,DONG_NAI,null,null,https://files.customs.gov.vn/DONG_NAI//Data/Cv_Hqdn/439_HQDNa_GSQL_13_03_2013.pdf,https://www.customs.gov.vn/index.jsp?pageId=3&id=64456&cid=1294,2013,03/2013,2026-10-08T09:45:12Z
104,1235/TCHQ-CCHĐH,12/03/2013,Tổng cục hải quan,V/v Sử dụng mẫu tờ khai theo thông tư số 196/2012/TT-BTC (Công ty TNHH Intel Products Việt Nam),63395,305,18,DONG_NAI,null,null,,https://www.customs.gov.vn/index.jsp?pageId=3&id=63395&cid=1294,2013,03/2013,2026-10-08T09:45:12Z
105,1163/TCHQ-GSQL,07/03/2013,Tổng cục hải quan,"V/v cấp giấy phép nhập khẩu xe ô tô là quà biếu, tặng",58453,305,16,TP_HO_CHI_MINH,Vũ Ngọc Anh,07/03/2013,https://files.customs.gov.vn/CustomsCMS/TP_HO_CHI_MINH/2020/Web/Data/DocumentAttachments/1163_TCHQ-GSQL_175260.doc,https://www.customs.gov.vn/index.jsp?pageId=3&id=58453&cid=1294,2013,03/2013,2026-10-08T09:45:12Z
106,1165/TCHQ-CCHĐH,07/03/2013,Tổng cục hải quan,V/v Áp dụng mẫu tờ khai hải quan điện tử (Công ty ô tô Toyota Việt Nam),63396,305,18,DONG_NAI,null,null,,https://www.customs.gov.vn/index.jsp?pageId=3&id=63396&cid=1294,2013,03/2013,2026-10-08T09:45:12Z
107,1145/TCHQ-TXNK,06/03/2013,null,Ưu đãi đối với dự án khuyến khích đầu tư,74113,305,16,DA_NANG,Hoàng VIệt Cường,06/03/2013,https://files.customs.gov.vn/DA_NANG/Uploads/65e32243-11bf-4695-985d-c1563e8c13ba/1145.tif,https://www.customs.gov.vn/index.jsp?pageId=3&id=74113&cid=1294,2013,03/2013,2026-10-08T09:45:12Z
108,383/HQĐNa-GSQL,06/03/2013,Cục Hải Quan tỉnh Đồng Nai,Trả lời Công ty Cổ phần khoáng sản Bằng Hữu v/v gia công quặng Titan cho đối tác nước ngoài,64458,305,18,DONG_NAI,null,null,https://files.customs.gov.vn/DONG_NAI//Data/Cv_Hqdn/383_HQDNa_GSQL_06_03_2013.pdf,https://www.customs.gov.vn/index.jsp?pageId=3&id=64458&cid=1294,2013,03/2013,2026-10-08T09:45:12Z
109,388/HQĐNa-GSQL,06/03/2013,Cục Hải Quan tỉnh Đồng Nai,"Trả lời Công ty Cổ phần tập đoàn ô tô Đức Phương v/v đề nghị cấp phiếu theo dõi hàng hóa xuất khẩu, nhập khẩu",64457,305,18,DONG_NAI,null,null,https://files.customs.gov.vn/DONG_NAI//Data/Cv_Hqdn/388_HQDNa_GSQL_06_03_2013.pdf,https://www.customs.gov.vn/index.jsp?pageId=3&id=64457&cid=1294,2013,03/2013,2026-10-08T09:45:12Z
110,2870/BTC-TCHQ,05/03/2013,Bộ Tài chính,V/v Thuế NK và thủ tục hải quan đối với hàng hóa của DNCX (Công ty Samsung C&T Corporation),63397,305,18,DONG_NAI,null,null,,https://www.customs.gov.vn/index.jsp?pageId=3&id=63397&cid=1294,2013,03/2013,2026-10-08T09:45:12Z
111,21/2013/NÐ-CP,04/03/2013,Chính phủ,"Nghị định 21/2013/NĐ-CP quy định chức năng, nhiệm vụ, quyền hạn và cơ cấu tổ chức của Bộ Tài nguyên và Môi trường",54048,305,8,TP_HO_CHI_MINH,Nguyễn Tấn Dũng,01/05/2013,https://files.customs.gov.vn/CustomsCMS/TP_HO_CHI_MINH/2020/Web/Data/DocumentAttachments/21_2013_ND-CP_174900.doc,https://www.customs.gov.vn/index.jsp?pageId=3&id=54048&cid=1294,2013,03/2013,2026-10-08T09:45:12Z
112,08/2013/NĐ-CP,01/03/2013,Chính phủ,"Nghị định 08/2013/NĐ-CP của Chính phủ về việc quy định xử phạt vi phạm hành chính đối với hành vi sản xuất, buôn bán hàng giả",61841,305,8,QUANG_NGAI,Nguyễn Tấn Dũng,01/01/1900,https://files.customs.gov.vn/QUANG_NGAI/08_2013_NĐ-CP_10012013.pdf,https://www.customs.gov.vn/index.jsp?pageId=3&id=61841&cid=1294,2013,03/2013,2026-10-08T09:45:12Z
113,24/2013/TT-BTC,01/03/2013,Bộ Tài chính,Thông tư 24/2013/TT-BTC của Bộ Tài chính về việc hướng dẫn thực hiện thu điều tiết đối với sản phẩm lọc dầu và hóa dầu tiêu thụ trong nước của Công ty trách nhiệm hữu hạn một thành viên lọc hoá dầu Bình Sơn,61845,305,4,QUANG_NGAI,Vũ Thị Mai,01/01/1900,https://files.customs.gov.vn/QUANG_NGAI/24_2013_TT-BTC_01032013.zip,https://www.customs.gov.vn/index.jsp?pageId=3&id=61845&cid=1294,2013,03/2013,2026-10-08T09:45:12Z
114,58/2012/QĐ-TTg,01/03/2013,Thủ tướng Chính phủ,"Quyết định 58/2012/QĐ-TTg của Thủ tướng Chính phủ về việc sử dụng và quản lý hộ chiếu ngoại giao, hộ chiếu công vụ",61844,305,10,QUANG_NGAI,Nguyễn Tấn Dũng,01/01/1900,https://files.customs.gov.vn/QUANG_NGAI/58_2012_QĐ-TTg_24122012.pdf,https://www.customs.gov.vn/index.jsp?pageId=3&id=61844&cid=1294,2013,03/2013,2026-10-08T09:45:12Z
115,2180/TCHQ-TXNK,26/04/2013,Tổng cục hải quan,V/v Chính sách thuế khi nhận lại sản phẩm sau gia công từ DNCX (Công ty TNHH Mainetti Việt Nam),62284,305,18,DONG_NAI,null,null,,https://www.customs.gov.vn/index.jsp?pageId=3&id=62284&cid=1294,2013,04/2013,2026-10-08T09:45:12Z
116,2187/TCHQ-TXNK,26/04/2013,Tổng cục hải quan,V/v Hoàn thuế nhập khẩu (Công ty CP dịch vụ kỹ thuật Thành Công),62283,305,18,DONG_NAI,null,null,,https://www.customs.gov.vn/index.jsp?pageId=3&id=62283&cid=1294,2013,04/2013,2026-10-08T09:45:12Z
117,819/HQĐNa-TXNK,26/04/2013,Cục Hải Quan tỉnh Đồng Nai,"V/v Xin thanh lý máy móc, thiết bị (Công ty TNHH Kao Việt Nam)",64439,305,18,DONG_NAI,null,null,https://files.customs.gov.vn/DONG_NAI//Data/Cv_Hqdn/819_HQDNa_TXNK_26_04_2013.pdf,https://www.customs.gov.vn/index.jsp?pageId=3&id=64439&cid=1294,2013,04/2013,2026-10-08T09:45:12Z
118,44/2013/TT-BTC,25/04/2013,null,Thông tư sửa đổi thuế suất thuế xuất khẩu đối với một số mặt hàng khoáng sản trong Biểu thuế xuất khẩu,74170,305,4,DA_NANG,Vũ Thị Mai,09/06/2013,https://files.customs.gov.vn/DA_NANG/Uploads/65e32243-11bf-4695-985d-c1563e8c13ba/44.tif,https://www.customs.gov.vn/index.jsp?pageId=3&id=74170&cid=1294,2013,04/2013,2026-10-08T09:45:12Z
119,2120/TCHQ-TXNK,24/04/2013,Tổng cục hải quan,V/v Tính và nộp thuế nhập khẩu và thuế VAT (Công ty TNHH Công nghiệp Phú Thái),62285,305,18,DONG_NAI,null,null,,https://www.customs.gov.vn/index.jsp?pageId=3&id=62285&cid=1294,2013,04/2013,2026-10-08T09:45:12Z
120,2082/TCHQ-TXNK,23/04/2013,Tổng cục hải quan,V/v Không thu thuế xuất khẩu đối với hàng hóa có nguồn gốc nhập khẩu (Công ty TNHH XNK Hùng Hưng),63369,305,18,DONG_NAI,null,null,,https://www.customs.gov.vn/index.jsp?pageId=3&id=63369&cid=1294,2013,04/2013,2026-10-08T09:45:12Z
121,2053/TCHQ-TXNK,22/04/2013,Tổng cục hải quan,V/v Trả lời doanh nghiệp về đề nghị chấp nhận trị giá giao dịch (Công ty TNHH Electrolux Việt Nam),63370,305,18,DONG_NAI,null,null,,https://www.customs.gov.vn/index.jsp?pageId=3&id=63370&cid=1294,2013,04/2013,2026-10-08T09:45:12Z
122,790/HQĐNa-TXNK,22/04/2013,Cục Hải Quan tỉnh Đồng Nai,V/v Điều chỉnh danh mục hàng hóa nhập khẩu miễn thuế (Công ty TNHH Great Veca Việt Nam),64441,305,18,DONG_NAI,null,null,https://files.customs.gov.vn/DONG_NAI//Data/Cv_Hqdn/790_HQDNa_TXNK_22_04_2013.pdf,https://www.customs.gov.vn/index.jsp?pageId=3&id=64441&cid=1294,2013,04/2013,2026-10-08T09:45:12Z
123,792/HQĐNa-VP,22/04/2013,Cục Hải Quan tỉnh Đồng Nai,V/v Nghỉ lễ 30/04 và ngày 01/05,64440,305,18,DONG_NAI,null,null,https://files.customs.gov.vn/DONG_NAI//Data/Cv_Hqdn/792_HQDNa_VP_22_04_2013.pdf,https://www.customs.gov.vn/index.jsp?pageId=3&id=64440&cid=1294,2013,04/2013,2026-10-08T09:45:12Z
124,2035/TCHQ-TXNK,18/04/2013,Tổng cục hải quan,V/v Hướng dẫn phân loại hàng hóa (Công ty TNHH Sự lựa chọn),63371,305,18,DONG_NAI,null,null,,https://www.customs.gov.vn/index.jsp?pageId=3&id=63371&cid=1294,2013,04/2013,2026-10-08T09:45:12Z
125,43/2013/TT-BTC,18/04/2013,null,Thông tư Sửa đổi mức thuế suất thuế nhập khẩu ưu đãi đối với một số mặt hàng thuộc nhóm 2710 tại Biểu thuế nhập khẩu ưu đãi,74137,305,4,DA_NANG,Vũ Thị Mai,18/04/2013,https://files.customs.gov.vn/DA_NANG/Uploads/65e32243-11bf-4695-985d-c1563e8c13ba/43.tif,https://www.customs.gov.vn/index.jsp?pageId=3&id=74137&cid=1294,2013,04/2013,2026-10-08T09:45:12Z
126,21/2013/TT-BNNPTNT,17/04/2013,Bộ Nông nghiệp và Phát triển nông thôn,"Thông tư 21/2013/TT-BNNPTNT về Danh mục thuốc bảo vệ thực vật được phép sử dụng, hạn chế sử dụng, cấm sử dụng và Danh mục bổ sung giống cây trồng được phép sản xuất, kinh doanh ở Việt Nam",61244,305,4,BA_RIA_VUNG_TAU,Vũ Văn Tám,01/06/2013,https://files.customs.gov.vn/BA_RIA_VUNG_TAU/uploads/document/181/Phu luc.doc,https://www.customs.gov.vn/index.jsp?pageId=3&id=61244&cid=1294,2013,04/2013,2026-10-08T09:45:12Z
127,756/HQĐNa-TXNK,16/04/2013,Cục Hải Quan tỉnh Đồng Nai,V/v Đăng ký điều chỉnh danh mục hàng hóa nhập khẩu miễn thuế tạo TSCĐ (Công ty cổ phần tập đoàn Tân Mai),64444,305,18,DONG_NAI,null,null,https://files.customs.gov.vn/DONG_NAI//Data/Cv_Hqdn/756_HQDNa_TXNK_16_04_2013.pdf,https://www.customs.gov.vn/index.jsp?pageId=3&id=64444&cid=1294,2013,04/2013,2026-10-08T09:45:12Z
128,759/HQĐNa-LB,16/04/2013,Cục Hải Quan tỉnh Đồng Nai,V/v Địa điểm làm thủ tục Hải quan (Công ty TNHH Việt Nam Suzuki),64443,305,18,DONG_NAI,null,null,https://files.customs.gov.vn/DONG_NAI//Data/Cv_Hqdn/759_HQDNa_LB_16_04_2013.pdf,https://www.customs.gov.vn/index.jsp?pageId=3&id=64443&cid=1294,2013,04/2013,2026-10-08T09:45:12Z
129,759/QÐ-BTC,16/04/2013,Bộ Tài chính,Quyết định về việc đính chính thông tư số 08/2013/TT-BTC ngày 10/01/2013 của Bộ Tài chính hướng dẫn thực hiện kế toán nhà nước áp dụng cho hệ thống thông tin quản lý ngân sách và kho bạc (TABMIS),52967,305,10,TP_HO_CHI_MINH,Nguyễn Đức Chi,16/04/2013,https://files.customs.gov.vn/CustomsCMS/TP_HO_CHI_MINH/2020/Web/Data/DocumentAttachments/29.C3-03NS.DOC,https://www.customs.gov.vn/index.jsp?pageId=3&id=52967&cid=1294,2013,04/2013,2026-10-08T09:45:12Z
130,760/HQĐNa-GSQL,16/04/2013,Cục Hải Quan tỉnh Đồng Nai,V/v Vướng mắc danh mục lĩnh vực khuyến khích đầu tư  (Công ty TNHH Suheung Việt Nam),64442,305,18,DONG_NAI,null,null,https://files.customs.gov.vn/DONG_NAI//Data/Cv_Hqdn/760_HQDNa_GSQL_16_04_2013.pdf,https://www.customs.gov.vn/index.jsp?pageId=3&id=64442&cid=1294,2013,04/2013,2026-10-08T09:45:12Z
131,1952/TCHQ-TXNK,15/04/2013,Tổng cục hải quan,V/v Vướng mắc thực hiện Thông tư 04/2012/TT-BKHĐT (Liên doanh Việt - Nga Vietsovpetro),63372,305,18,DONG_NAI,null,null,,https://www.customs.gov.vn/index.jsp?pageId=3&id=63372&cid=1294,2013,04/2013,2026-10-08T09:45:12Z
132,29/2011/TT-BGTVT,15/04/2013,Bộ Giao thông vận tải,"Sửa đổi, bổ sung một số điều của quy định về kiểm tra chất lượng an toàn kỹ thuật và bảo vệ môi trường xe mô tô, xe gắn máy nhập khẩu và động cơ nhập khẩu sử dụng để sản xuất, lắp ráp xe mô tô, xe gắn máy ban hành kèm theo Quyết định số 57/2007/QĐ-BGTVT ngày 21/11/2007 của Bộ trưởng Bộ GTVT và quy định về kiểm tra chất lượng an toàn kỹ thuật và bảo vệ môi trường trong sản xuất, lắp ráp xe mô tô, xe gắn máy ban hành kèm theo QĐ số 58/2007/QĐ-BGTVT ngày 21/11/2007",61357,305,4,BA_RIA_VUNG_TAU,Hồ Nghĩa Dũng,30/05/2011,https://files.customs.gov.vn/BA_RIA_VUNG_TAU/uploads/document/480/29_2011_TT-BGTVT.doc,https://www.customs.gov.vn/index.jsp?pageId=3&id=61357&cid=1294,2013,04/2013,2026-10-08T09:45:12Z
133,4683/BTC,15/04/2013,null,Thuế TTĐB đối với ô tô điện không tham gia giao thông,74135,305,16,DA_NANG,Phạm Đình Thi,15/04/2013,https://files.customs.gov.vn/DA_NANG/Uploads/65e32243-11bf-4695-985d-c1563e8c13ba/4683.tif,https://www.customs.gov.vn/index.jsp?pageId=3&id=74135&cid=1294,2013,04/2013,2026-10-08T09:45:12Z
134,625/BXD-VLXD,15/04/2013,null,Giải đáp thắc mắc trong việc xuất khẩu vôi,74136,305,16,DA_NANG,Nguyễn Trần Nam,15/04/2013,https://files.customs.gov.vn/DA_NANG/Uploads/65e32243-11bf-4695-985d-c1563e8c13ba/1_CV 625-BXD.tif,https://www.customs.gov.vn/index.jsp?pageId=3&id=74136&cid=1294,2013,04/2013,2026-10-08T09:45:12Z
135,737/HQĐNa-VP,12/04/2013,Cục Hải Quan tỉnh Đồng Nai,V/v Nghỉ Giỗ Tổ Hùng Vương năm 2013,64445,305,18,DONG_NAI,null,null,https://files.customs.gov.vn/DONG_NAI//Data/Cv_Hqdn/737_HQDNa_VP_12_04_2013.pdf,https://www.customs.gov.vn/index.jsp?pageId=3&id=64445&cid=1294,2013,04/2013,2026-10-08T09:45:12Z
136,1900/TCHQ-GSQL,11/04/2013,Tổng cục hải quan,V/v Mẫu dấu trong chứng thư giám định hàng hóa (HQ Bà Rịa - Vũng Tàu),63373,305,18,DONG_NAI,null,null,,https://www.customs.gov.vn/index.jsp?pageId=3&id=63373&cid=1294,2013,04/2013,2026-10-08T09:45:12Z
137,728/HQĐNa-GSQL,11/04/2013,Cục Hải Quan tỉnh Đồng Nai,V/v Vướng mắc nộp C/O mặt hàng thép có chứa nguyên tố Bo,64446,305,18,DONG_NAI,null,null,https://files.customs.gov.vn/DONG_NAI//Data/Cv_Hqdn/728_HQDNa_GSQL_11_04_2013.pdf,https://www.customs.gov.vn/index.jsp?pageId=3&id=64446&cid=1294,2013,04/2013,2026-10-08T09:45:12Z
138,1849/TCHQ-TXNK,10/04/2013,Tổng cục hải quan,V/v Phân loại mặt hàng cáp sợi quang và hộp nối cáp quang (Công ty Cổ phần tập đoàn Đầu tư TM CN Việt Á),63375,305,18,DONG_NAI,null,null,,https://www.customs.gov.vn/index.jsp?pageId=3&id=63375&cid=1294,2013,04/2013,2026-10-08T09:45:12Z
139,3110/BCT-HC,10/04/2013,Bộ Công thương,V/v Giấy xác nhận khai báo hóa chất theo Thông tư số 40/2011/TT-BCT,63374,305,18,DONG_NAI,null,null,https://files.customs.gov.vn/DONG_NAI//Data/CV_BCT/3110_BCT_HC_10_04_2013.pdf,https://www.customs.gov.vn/index.jsp?pageId=3&id=63374&cid=1294,2013,04/2013,2026-10-08T09:45:12Z
140,1813/TCHQ-TXNK,09/04/2013,Tổng cục hải quan,V/v Thuế giá trị gia tăng (Công ty TNHH BHC),63378,305,18,DONG_NAI,null,null,,https://www.customs.gov.vn/index.jsp?pageId=3&id=63378&cid=1294,2013,04/2013,2026-10-08T09:45:12Z
141,1814/TCHQ-TXNK,09/04/2013,Tổng cục hải quan,V/v Phân loại hàng hóa mặt hàng chất làm đầy da (Công ty TNHH Vimedimex Bình Dương),63377,305,18,DONG_NAI,null,null,,https://www.customs.gov.vn/index.jsp?pageId=3&id=63377&cid=1294,2013,04/2013,2026-10-08T09:45:12Z
142,1815/TCHQ-TXNK,09/04/2013,null,Phân biệt các loại malt,74131,305,16,DA_NANG,Nguyễn Hải Trang,09/04/2013,,https://www.customs.gov.vn/index.jsp?pageId=3&id=74131&cid=1294,2013,04/2013,2026-10-08T09:45:12Z
143,1818/TCHQ-TXNK,09/04/2013,Tổng cục hải quan,"V/v Phân loại hàng hóa Toan, bộ van, toan đơn lẻ đã tiệt trùng dùng một lần trong phòng mỗ, phẫu thuật ( Công ty TNHH Thương mại dịch vụ An Phương Phát)",63376,305,18,DONG_NAI,null,null,,https://www.customs.gov.vn/index.jsp?pageId=3&id=63376&cid=1294,2013,04/2013,2026-10-08T09:45:12Z
144,39/2013/TT-BTC,09/04/2013,null,Thông tư sửa đổi mức thuế suất thuế nhập khẩu ưu đãi mặt hàng Hydro peroxit thuộc mã số 2847.00.10 tại Biểu thuế nhập khẩu ưu đãi,74162,305,4,DA_NANG,Vũ Thị Mai,24/05/2013,https://files.customs.gov.vn/DA_NANG/Uploads/65e32243-11bf-4695-985d-c1563e8c13ba/1_39.tif,https://www.customs.gov.vn/index.jsp?pageId=3&id=74162&cid=1294,2013,04/2013,2026-10-08T09:45:12Z
145,30/2013/NĐ-CP,08/04/2013,Chính phủ,Nghị định số 30/2013/NĐ-CP của Chính phủ về kinh doanh vận chuyển hàng không và hoạt động hàng không chung,59531,305,8,TONG_CUC,Nguyễn Tấn Dũng,01/06/2013,https://files.customs.gov.vn/van_ban_phap_luat/Lists/VanBanPhapLuat/Attachments/6760/ND3013CP.doc,https://www.customs.gov.vn/index.jsp?pageId=3&id=59531&cid=1294,2013,04/2013,2026-10-08T09:45:12Z
146,689/HQĐNa-GSQL,05/04/2013,Cục Hải Quan tỉnh Đồng Nai,V/v Hướng dẫn khai báo trên tờ khai hải quan và phụ lục tờ khai hải quan,64447,305,18,DONG_NAI,null,null,https://files.customs.gov.vn/DONG_NAI//Data/Cv_Hqdn/689_HQDNa_GSQL_05_04_2013.pdf,https://www.customs.gov.vn/index.jsp?pageId=3&id=64447&cid=1294,2013,04/2013,2026-10-08T09:45:12Z
147,266/GSQL-GQ1,04/04/2013,Tổng cục hải quan,V/v Hướng dẫn thủ tục hải quan (Công ty TNHH Thương mại và Dịch vụ giao nhận Lê Hòa),63379,305,18,DONG_NAI,null,null,,https://www.customs.gov.vn/index.jsp?pageId=3&id=63379&cid=1294,2013,04/2013,2026-10-08T09:45:12Z
148,4122/BTC-CST,04/04/2013,null,Thanh lý vật tư đã được miễn thuế nhập khẩu và thuế giá trị gia tăng,74129,305,16,DA_NANG,Lưu Đức Huy,04/04/2013,https://files.customs.gov.vn/DA_NANG/Uploads/65e32243-11bf-4695-985d-c1563e8c13ba/4122.tif,https://www.customs.gov.vn/index.jsp?pageId=3&id=74129&cid=1294,2013,04/2013,2026-10-08T09:45:12Z
149,48/NQ-CP,04/04/2013,Chính phủ,Nghị quyết số 48/NQ-CP của Chính phủ phiên họp thường kỳ tháng 3 năm 2013,59532,305,7,TONG_CUC,Nguyễn Tấn Dũng,04/04/2013,https://files.customs.gov.vn/van_ban_phap_luat/Lists/VanBanPhapLuat/Attachments/6767/NQ4813CP.doc,https://www.customs.gov.vn/index.jsp?pageId=3&id=59532&cid=1294,2013,04/2013,2026-10-08T09:45:12Z
150,651/HQĐNa-TXNK,03/04/2013,Cục Hải Quan tỉnh Đồng Nai,V/v Đăng ký điều chỉnh danh mục hàng hóa nhập khẩu miễn thuế tạo TSCĐ (Công ty cổ phần tập đoàn Tân Mai),64448,305,18,DONG_NAI,null,null,https://files.customs.gov.vn/DONG_NAI//Data/Cv_Hqdn/651_HQDNa_TXNK_03_04_2013.pdf,https://www.customs.gov.vn/index.jsp?pageId=3&id=64448&cid=1294,2013,04/2013,2026-10-08T09:45:12Z
151,635/HQĐNa-TXNK,01/04/2013,Cục Hải Quan tỉnh Đồng Nai,V/v Đăng ký danh mục hàng hóa nhập khẩu miễn thuế tạo TSCĐ (Công ty cổ phần nông nghiệp Velmar),64449,305,18,DONG_NAI,null,null,https://files.customs.gov.vn/DONG_NAI//Data/Cv_Hqdn/635_HQDNa_TXNK_01_04_2013.pdf,https://www.customs.gov.vn/index.jsp?pageId=3&id=64449&cid=1294,2013,04/2013,2026-10-08T09:45:12Z
152,4745/BCT-XNK,31/05/2013,Bộ Công thương,"V/v Bán kèm dầu, mỡ nhờn với thiết bị chuyên dùng (Công ty TNHH Kobelco Việt Nam)",62259,305,18,DONG_NAI,null,null,,https://www.customs.gov.vn/index.jsp?pageId=3&id=62259&cid=1294,2013,05/2013,2026-10-08T09:45:12Z
153,6978/BTC-TCHQ,31/05/2013,null,Thực hiện quyết định 2564/QĐ-BCT về áp dụng biện pháp tự vệ tạm thời,74164,305,16,DA_NANG,Đỗ Hoàng Anh Tuấn,31/05/2013,https://files.customs.gov.vn/DA_NANG/Uploads/65e32243-11bf-4695-985d-c1563e8c13ba/6978-BTC-TCHQ.tif,https://www.customs.gov.vn/index.jsp?pageId=3&id=74164&cid=1294,2013,05/2013,2026-10-08T09:45:12Z
154,1045/HQĐNa-TXNK,30/05/2013,Cục Hải Quan tỉnh Đồng Nai,V/v Hướng dẫn quy định về miễn thuế nhập khẩu đối với máy móc tạo TSCĐ (Công ty TNHH Hòa Bình),64426,305,18,DONG_NAI,null,null,https://files.customs.gov.vn/DONG_NAI//Data/Cv_Hqdn/1045_HQDNa_TXNK_30_05_2013.pdf,https://www.customs.gov.vn/index.jsp?pageId=3&id=64426&cid=1294,2013,05/2013,2026-10-08T09:45:12Z
155,476/GSQL-GQ2,30/05/2013,Tổng cục hải quan,V/v Thủ tục hải quan đối với hàng hóa thực hiện dự án đầu tư cho DNCX (Công ty TNHH Nikkei Panel Suystem Việt Nam),62263,305,18,DONG_NAI,null,null,,https://www.customs.gov.vn/index.jsp?pageId=3&id=62263&cid=1294,2013,05/2013,2026-10-08T09:45:12Z
156,477/GSQL-GQ1,30/05/2013,Tổng cục hải quan,V/v Bột cá và bột gan mực nhập khẩu (Công ty TNHH TM&DV giao nhận Lê Hòa),62262,305,18,DONG_NAI,null,null,,https://www.customs.gov.vn/index.jsp?pageId=3&id=62262&cid=1294,2013,05/2013,2026-10-08T09:45:12Z
157,480/GSQL-GQ2,30/05/2013,Tổng cục hải quan,V/v Khai hải quan đối với hàng hóa có nhiều hợp đồng (Công ty TNHH ADVANEX Việt Nam),62261,305,18,DONG_NAI,null,null,,https://www.customs.gov.vn/index.jsp?pageId=3&id=62261&cid=1294,2013,05/2013,2026-10-08T09:45:12Z
158,6906/BTC-TCHQ,30/05/2013,Bộ Tài chính,V/v Thuế nhập khẩu mặt hàng tấm nhôm dùng trong công nghệ in offset,62260,305,18,DONG_NAI,null,null,https://files.customs.gov.vn/DONG_NAI//Data/CV_BTC/6906_BTC_TCHQ_30_05_2013.pdf,https://www.customs.gov.vn/index.jsp?pageId=3&id=62260&cid=1294,2013,05/2013,2026-10-08T09:45:12Z
159,1020/HQĐNa-CCHĐH,29/05/2013,Cục Hải Quan tỉnh Đồng Nai,V/v Không đóng dấu xác nhận thông quan đối với tờ khai luồng xanh,64428,305,18,DONG_NAI,null,null,https://files.customs.gov.vn/DONG_NAI//Data/Cv_Hqdn/1020_HQDNa_CCHDH_29_05_2013.pdf,https://www.customs.gov.vn/index.jsp?pageId=3&id=64428&cid=1294,2013,05/2013,2026-10-08T09:45:12Z
160,1021/HQĐNa-CCHĐH,29/05/2013,Cục Hải Quan tỉnh Đồng Nai,V/v Không đóng dấu xác nhận thông quan đối với tờ khai luồng xanh,64427,305,18,DONG_NAI,null,null,https://files.customs.gov.vn/DONG_NAI//Data/Cv_Hqdn/1021_HQDNa_CCHDH_29_05_2013.pdf,https://www.customs.gov.vn/index.jsp?pageId=3&id=64427&cid=1294,2013,05/2013,2026-10-08T09:45:12Z
161,16/2013/TT-BYT-BNN&PTNT,27/05/2013,Bộ Y tế,"V/v Hướng dẫn phối hợp phòng, chống bệnh lây truyền từ động vật sang người",62264,305,4,DONG_NAI,null,null,https://files.customs.gov.vn/DONG_NAI//Data/Cv_BYT/16_2013_BYT_BNNPTNT_27_05_2013.pdf,https://www.customs.gov.vn/index.jsp?pageId=3&id=62264&cid=1294,2013,05/2013,2026-10-08T09:45:12Z
162,2852/TCHQ-GSQL,27/05/2013,Tổng cục hải quan,V/v Vướng mắc thực hiện thủ tục hải quan (Công ty TNHH Công nghiệp Brother Việt Nam),62265,305,18,DONG_NAI,null,null,,https://www.customs.gov.vn/index.jsp?pageId=3&id=62265&cid=1294,2013,05/2013,2026-10-08T09:45:12Z
163,2854/TCHQ-GSQL,27/05/2013,null,Chứng nhận là đại lý hải quan của DN kinh doanh kho ngoại quan,74163,305,16,DA_NANG,Vũ Ngọc Anh,27/05/2013,https://files.customs.gov.vn/DA_NANG/Uploads/65e32243-11bf-4695-985d-c1563e8c13ba/2854-TCHQ-GSQL.tif,https://www.customs.gov.vn/index.jsp?pageId=3&id=74163&cid=1294,2013,05/2013,2026-10-08T09:45:12Z
164,2823/TCHQ-TXNK,24/05/2013,Tổng cục hải quan,V/v Thuế suất thuế GTGT (Công ty TNHH Công nghệ kỹ thuật sinh hóa Thái Nam Việt),62268,305,18,DONG_NAI,null,null,,https://www.customs.gov.vn/index.jsp?pageId=3&id=62268&cid=1294,2013,05/2013,2026-10-08T09:45:12Z
165,2838/TCHQ-TXNK,24/05/2013,Tổng cục hải quan,V/v Phân loại cá có tên khoa học Anoplopoma fimbria (Công ty TNHH Tài Nguyên Biển Việt Nam),62267,305,18,DONG_NAI,null,null,,https://www.customs.gov.vn/index.jsp?pageId=3&id=62267&cid=1294,2013,05/2013,2026-10-08T09:45:12Z
166,2839/TCHQ-TXNK,24/05/2013,Tổng cục hải quan,V/v Hướng dẫn chính sách thuế (Công ty cổ phần Đông Đô-BQP),62266,305,18,DONG_NAI,null,null,,https://www.customs.gov.vn/index.jsp?pageId=3&id=62266&cid=1294,2013,05/2013,2026-10-08T09:45:12Z
167,989/HQĐNa-GSQL,24/05/2013,Cục Hải Quan tỉnh Đồng Nai,V/v Trả lời Xí nghiệp Rostaining Việt Nam,64430,305,18,DONG_NAI,null,null,https://files.customs.gov.vn/DONG_NAI//Data/Cv_Hqdn/989_HQDNa_GSQL_24_05_2013.pdf,https://www.customs.gov.vn/index.jsp?pageId=3&id=64430&cid=1294,2013,05/2013,2026-10-08T09:45:12Z
168,990/HQĐNa-TXNK,24/05/2013,Cục Hải Quan tỉnh Đồng Nai,V/v Đăng ký danh mục hàng hóa miễn thuế tạo TSCĐ (Công ty TNHH Bao bì nước giải khát Crown Đồng Nai),64429,305,18,DONG_NAI,null,null,https://files.customs.gov.vn/DONG_NAI//Data/Cv_Hqdn/990_HQDNa_TXNK_24_05_2013.pdf,https://www.customs.gov.vn/index.jsp?pageId=3&id=64429&cid=1294,2013,05/2013,2026-10-08T09:45:12Z
169,2769/TCHQ-GSQL,23/05/2013,null,Thực hiện Thông tư liên tịch số 34/2012/TTLT-BCT-BTNMT,74160,305,16,DA_NANG,Vũ Ngọc Anh,23/05/2013,https://files.customs.gov.vn/DA_NANG/Uploads/65e32243-11bf-4695-985d-c1563e8c13ba/2769-TCHQ-GSQL.tif,https://www.customs.gov.vn/index.jsp?pageId=3&id=74160&cid=1294,2013,05/2013,2026-10-08T09:45:12Z
170,70/2013/TT-BTC,23/05/2013,null,Sửa đổi mức thuế suất thuế nhập khẩu ưu đãi đối với một số mặt hàng thuộc nhóm 2710 tại Biểu thuế nhập khẩu ưu đãi,74159,305,4,DA_NANG,Vũ Thị Mai,23/05/2013,https://files.customs.gov.vn/DA_NANG/Uploads/65e32243-11bf-4695-985d-c1563e8c13ba/70-2013-TT-BTC.tif,https://www.customs.gov.vn/index.jsp?pageId=3&id=74159&cid=1294,2013,05/2013,2026-10-08T09:45:12Z
171,973/HQĐNa-CCHĐH,23/05/2013,Cục Hải Quan tỉnh Đồng Nai,V/v Thông báo thời hạn giải quyết công việc trong 8 giờ làm việc,64432,305,18,DONG_NAI,null,null,https://files.customs.gov.vn/DONG_NAI//Data/Cv_Hqdn/973_HQDNa_CCHDH_23_05_2013.pdf,https://www.customs.gov.vn/index.jsp?pageId=3&id=64432&cid=1294,2013,05/2013,2026-10-08T09:45:12Z
172,974/HQĐNa-CCHĐH,23/05/2013,Cục Hải Quan tỉnh Đồng Nai,V/v Hướng dẫn sử dụng bộ mã loại hình hàng hóa xuất nhập khẩu,64431,305,18,DONG_NAI,null,null,https://files.customs.gov.vn/DONG_NAI//Data/Cv_Hqdn/974_HQDNa_CCHDH_23_05_2013.pdf,https://www.customs.gov.vn/index.jsp?pageId=3&id=64431&cid=1294,2013,05/2013,2026-10-08T09:45:12Z
173,26/2013/TT-BNNPTNT,22/05/2013,Bộ nông nghiệp và phát triển nông thôn,Thông tư về quản lý giống thủy sản,56625,305,4,TP_HO_CHI_MINH,Vũ Văn Tám,05/07/2013,"https://files.customs.gov.vn/CustomsCMS/TP_HO_CHI_MINH/2020/Web/Data/DocumentAttachments/26_2013_TT-BNNPTNT_189056.doc,/CustomsCMS/TP_HO_CHI_MINH/2020/Web/Data/DocumentAttachments/phu_luc.doc",https://www.customs.gov.vn/index.jsp?pageId=3&id=56625&cid=1294,2013,05/2013,2026-10-08T09:45:12Z
174,412/GSQL-GQ2,21/05/2013,Tổng cục hải quan,V/v Thủ tục hải quan (Công ty cổ phần ECOBA Việt Nam),62269,305,18,DONG_NAI,null,null,,https://www.customs.gov.vn/index.jsp?pageId=3&id=62269&cid=1294,2013,05/2013,2026-10-08T09:45:12Z
175,2680/TCHQ-TXNK,20/05/2013,Tổng cục hải quan,V/v Phân loại trước (Công ty BiTraCon Trade & Consult GbR),62270,305,18,DONG_NAI,null,null,,https://www.customs.gov.vn/index.jsp?pageId=3&id=62270&cid=1294,2013,05/2013,2026-10-08T09:45:12Z
176,910/KT3-XA,20/05/2013,Khác,V/v Giám định phế liệu nhập khẩu để làm nguyên liệu sản xuất,62271,305,18,DONG_NAI,null,null,https://files.customs.gov.vn/DONG_NAI//Data/CV_nganh_khac/910_KT3_XA_20_05_2013.pdf,https://www.customs.gov.vn/index.jsp?pageId=3&id=62271&cid=1294,2013,05/2013,2026-10-08T09:45:12Z
177,65/2013/TT-BTC,17/05/2013,null,"Thông tư Sửa đổi, bổ sung Thông tư số 06/2012/TT-BTC ngày 11/01/2012 của Bộ Tài chính hướng dẫn thi hành một số điều của Luật Thuế giá trị gia tăng, hướng dẫn thi hành Nghị định số 123/2008/NĐ-CP ngày 08/12/2008 và Nghi định số 121/2011/NĐ-CP ngày 27/12/2011 của Chính phủ",74152,305,4,DA_NANG,Đỗ Hoàng Anh Tuấn,17/05/2013,https://files.customs.gov.vn/DA_NANG/Uploads/65e32243-11bf-4695-985d-c1563e8c13ba/65.tif,https://www.customs.gov.vn/index.jsp?pageId=3&id=74152&cid=1294,2013,05/2013,2026-10-08T09:45:12Z
178,398/GSQL-GQ2,16/05/2013,Tổng cục hải quan,V/v Thủ tục nhập khẩu hàng hóa của DNCX (Công ty TNHH BYIEON VIETNAM ELECTRONICS),62272,305,18,DONG_NAI,null,null,,https://www.customs.gov.vn/index.jsp?pageId=3&id=62272&cid=1294,2013,05/2013,2026-10-08T09:45:12Z
179,929/HQĐNa-GSQL,16/05/2013,Cục Hải Quan tỉnh Đồng Nai,V/v Nợ Giấy xác nhận khai báo hóa chất,64433,305,18,DONG_NAI,null,null,https://files.customs.gov.vn/DONG_NAI//Data/Cv_Hqdn/929_HQDNa_GSQL_16_05_2013.pdf,https://www.customs.gov.vn/index.jsp?pageId=3&id=64433&cid=1294,2013,05/2013,2026-10-08T09:45:12Z
180,2623/TCHQ-GSQL,15/05/2013,null,Xác nhận hàng hóa đã xuất khẩu đối với hàng hóa kinh doanh TNTX,74148,305,16,DA_NANG,Vũ Ngọc Anh,15/05/2013,https://files.customs.gov.vn/DA_NANG/Uploads/65e32243-11bf-4695-985d-c1563e8c13ba/2623-TCHQ-GSQL.tif,https://www.customs.gov.vn/index.jsp?pageId=3&id=74148&cid=1294,2013,05/2013,2026-10-08T09:45:12Z
181,396/GSQL-GQ1,15/05/2013,Tổng cục hải quan,V/v Thủ tục hải quan (Công ty TNHH Sumidenso Việt Nam),62273,305,18,DONG_NAI,null,null,,https://www.customs.gov.vn/index.jsp?pageId=3&id=62273&cid=1294,2013,05/2013,2026-10-08T09:45:12Z
182,48/2013/NÐ-CP,14/05/2013,Chính phủ,"NGHỊ ĐỊNH SỬA ĐỔI, BỔ SUNG MỘT SỐ ĐIỀU CỦA CÁC NGHỊ ĐỊNH LIÊN QUAN ĐẾN KIỂM SOÁT THỦ TỤC HÀNH CHÍNH",56097,305,8,TP_HO_CHI_MINH,Nguyễn Tấn Dũng,01/07/2013,,https://www.customs.gov.vn/index.jsp?pageId=3&id=56097&cid=1294,2013,05/2013,2026-10-08T09:45:12Z
183,373/GSQL-GQ2,13/05/2013,Tổng cục hải quan,V/v Thủ tục hải quan đối với hàng hóa GC cho thương nhân nước ngoài (Công ty TNHH thương mại và dịch vụ giao nhận Lê Hòa),62274,305,18,DONG_NAI,null,null,,https://www.customs.gov.vn/index.jsp?pageId=3&id=62274&cid=1294,2013,05/2013,2026-10-08T09:45:12Z
184,899/HQĐNa-TXNK,13/05/2013,Cục Hải Quan tỉnh Đồng Nai,V/v Điều chỉnh danh mục hàng hóa nhập khẩu miễn thuế,64434,305,18,DONG_NAI,null,null,https://files.customs.gov.vn/DONG_NAI//Data/Cv_Hqdn/899_HQDNa_TXNK_13_05_2013.pdf,https://www.customs.gov.vn/index.jsp?pageId=3&id=64434&cid=1294,2013,05/2013,2026-10-08T09:45:12Z
185,61/2014/TT-BTC,12/05/2013,Bộ Tài chính,Thông tư hướng dẫn đăng ký và sử dụng tài khoản tại Kho bạc Nhà nước (KBNN) trong điều kiện áp dụng hệ thống thông tin quản lý Ngân sách và Kho bạc (TABMIS),67381,305,18,CAN_THO,null,27/06/2014,https://files.customs.gov.vn/CAN_THO/TT_61.BTC.pdf,https://www.customs.gov.vn/index.jsp?pageId=3&id=67381&cid=1294,2013,05/2013,2026-10-08T09:45:12Z
186,2516/TCHQ-TXNK,10/05/2013,Tổng cục hải quan,V/v Phạt chậm nộp thuế (Công ty Xe đạp con rồng Việt Nam TNHH),62275,305,18,DONG_NAI,null,null,,https://www.customs.gov.vn/index.jsp?pageId=3&id=62275&cid=1294,2013,05/2013,2026-10-08T09:45:12Z
187,2472/TCHQ-TXNK,09/05/2013,Tổng cục hải quan,V/v Thuế bảo vệ môi trường đối với phế phẩm mặt hàng túi ni lông (HQ Long An),62276,305,18,DONG_NAI,null,null,,https://www.customs.gov.vn/index.jsp?pageId=3&id=62276&cid=1294,2013,05/2013,2026-10-08T09:45:12Z
188,2479/TCHQ-TXNK,09/05/2013,null,"Phân loại mặt hàng đèn huỳnh quang compact, ca tốt nóng",74146,305,16,DA_NANG,Hoàng Việt Cường,09/05/2013,https://files.customs.gov.vn/DA_NANG/Uploads/65e32243-11bf-4695-985d-c1563e8c13ba/2479.tif,https://www.customs.gov.vn/index.jsp?pageId=3&id=74146&cid=1294,2013,05/2013,2026-10-08T09:45:12Z
189,886/HQĐNa-TXNK,09/05/2013,Cục Hải Quan tỉnh Đồng Nai,V/v Đăng ký danh mục hàng hóa nhập khẩu miễn thuế tạo TSCĐ (Công ty TNHH Wha IL Vina),64436,305,18,DONG_NAI,null,null,https://files.customs.gov.vn/DONG_NAI//Data/Cv_Hqdn/886_HQDNa_TXNK_09_05_2013.pdf,https://www.customs.gov.vn/index.jsp?pageId=3&id=64436&cid=1294,2013,05/2013,2026-10-08T09:45:12Z
190,887/HQĐNa-TXNK,09/05/2013,Cục Hải Quan tỉnh Đồng Nai,V/v Đăng ký danh mục hàng hóa nhập khẩu miễn thuế tạo TSCĐ (Công ty TNHH Hyosung Việt Nam),64435,305,18,DONG_NAI,null,null,https://files.customs.gov.vn/DONG_NAI//Data/Cv_Hqdn/887_HQDNa_TXNK_09_05_2013.pdf,https://www.customs.gov.vn/index.jsp?pageId=3&id=64435&cid=1294,2013,05/2013,2026-10-08T09:45:12Z
191,2432/TCHQ-GSQL,08/05/2013,Tổng cục hải quan,V/v Hướng dẫn thủ tục thanh lý và tiêu hủy tài sản của IPV (Công ty TNHH Intel Products Việt Nam),62277,305,18,DONG_NAI,null,null,,https://www.customs.gov.vn/index.jsp?pageId=3&id=62277&cid=1294,2013,05/2013,2026-10-08T09:45:12Z
192,58/2013/TT-BT,08/05/2013,Bộ Tài chính,Sửa đổi mức thuế suất thuế nhập khẩu ưu đãi đối với một số mặt hàng thuộc nhóm 2710 tại Biểu thuế nhập khẩu ưu đãi,67335,305,18,CAN_THO,null,08/05/2013,https://files.customs.gov.vn/CAN_THO/TT_58_2013_TT-BTC.rar,https://www.customs.gov.vn/index.jsp?pageId=3&id=67335&cid=1294,2013,05/2013,2026-10-08T09:45:12Z
193,2404/TCHQ-TXNK,07/05/2013,Tổng cục hải quan,V/v Nhập khẩu nguyên liệu để SXXK (Công ty Dệt may Nam Thanh),62279,305,18,DONG_NAI,null,null,,https://www.customs.gov.vn/index.jsp?pageId=3&id=62279&cid=1294,2013,05/2013,2026-10-08T09:45:12Z
194,2412/TCHQ-GSQL,07/05/2013,Tổng cục hải quan,V/v Hàng của DNCX bán cho DNNĐ gửi kho NQ chờ xuất khẩu (Công ty TNHH Green Star Refining),62278,305,18,DONG_NAI,null,null,,https://www.customs.gov.vn/index.jsp?pageId=3&id=62278&cid=1294,2013,05/2013,2026-10-08T09:45:12Z
195,355/GSQL-GQ2,06/05/2013,Tổng cục hải quan,"V/v Kết chuyển NPL, số tiền thuế còn tồn đối với nguyên liệu NK để sản xuất hàng xuất khẩu",62280,305,18,DONG_NAI,null,null,,https://www.customs.gov.vn/index.jsp?pageId=3&id=62280&cid=1294,2013,05/2013,2026-10-08T09:45:12Z
196,56/2013/TT-BTC,06/05/2013,null,Thông tư sửa đổi thuế suất thuế xuất khẩu đối với mặt hàng than gỗ rừng trồng thuộc nhóm 44.02 trong Biểu thuế xuất khẩu,74175,305,4,DA_NANG,Vũ Thị Mai,20/06/2013,https://files.customs.gov.vn/DA_NANG/Uploads/65e32243-11bf-4695-985d-c1563e8c13ba/56.tif,https://www.customs.gov.vn/index.jsp?pageId=3&id=74175&cid=1294,2013,05/2013,2026-10-08T09:45:12Z
197,845/HQĐNa-TXNK,06/05/2013,Cục Hải Quan tỉnh Đồng Nai,V/v Đăng ký danh mục hàng hóa nhập khẩu miễn thuế (Sở Khoa học và Công nghệ Đồng Nai),64437,305,18,DONG_NAI,null,null,https://files.customs.gov.vn/DONG_NAI//Data/Cv_Hqdn/845_HQDNa_TXNK_06_05_2013.pdf,https://www.customs.gov.vn/index.jsp?pageId=3&id=64437&cid=1294,2013,05/2013,2026-10-08T09:45:12Z
198,348/GSQL-GQ2,04/05/2013,Tổng cục hải quan,V/v Thực hiện thủ tục hải quan nhập khẩu hàng hóa (Công ty TNHH Mitsubishi Electric Việt Nam),62281,305,18,DONG_NAI,null,null,,https://www.customs.gov.vn/index.jsp?pageId=3&id=62281&cid=1294,2013,05/2013,2026-10-08T09:45:12Z
199,24/2013/QĐTTG,03/05/2013,null,"Quyết định sửa đổi, bổ sung Khoản 1 Điều 1 QĐ số 36/2011/QĐ-TTg ngày 29/6/2011 v/v ban hành mức thuế NK xe ô tô chở người từ 15 chỗ ngồi trở xuống đã qua sử dụng",74176,305,10,DA_NANG,Nguyễn Tấn Dũng,20/06/2013,,https://www.customs.gov.vn/index.jsp?pageId=3&id=74176&cid=1294,2013,05/2013,2026-10-08T09:45:12Z
200,2236/TCHQ-TXNK,02/05/2013,Tổng cục hải quan,V/v Chính sách thuế đối với DNCX (HQ Hà Nội),62282,305,18,DONG_NAI,null,null,,https://www.customs.gov.vn/index.jsp?pageId=3&id=62282&cid=1294,2013,05/2013,2026-10-08T09:45:12Z
201,824/HQĐNa-GSQL,02/05/2013,Cục Hải Quan tỉnh Đồng Nai,Trả lời Công ty TNHH Region Industries v/v hướng dẫn để được hưởng thuế suất ưu đãi đặc biệt,64438,305,18,DONG_NAI,null,null,https://files.customs.gov.vn/DONG_NAI//Data/Cv_Hqdn/824_HQDNa_GSQL_02_05_2013.pdf,https://www.customs.gov.vn/index.jsp?pageId=3&id=64438&cid=1294,2013,05/2013,2026-10-08T09:45:12Z
202,1291/XN-HQĐNa-GSQL,28/06/2013,Cục Hải Quan tỉnh Đồng Nai,V/v Xác nhận điều kiện hoạt động đại lý hải quan (Công ty CP Logistics Tín Nghĩa ICD Biên Hòa),64409,305,18,DONG_NAI,null,null,https://files.customs.gov.vn/DONG_NAI//Data/Cv_Hqdn/1291_XN_HQDNa_GSQL_28_06_2013.pdf,https://www.customs.gov.vn/index.jsp?pageId=3&id=64409&cid=1294,2013,06/2013,2026-10-08T09:45:12Z
203,1292/XN-HQĐNa-GSQL,28/06/2013,Cục Hải Quan tỉnh Đồng Nai,V/v Xác nhận điều kiện hoạt động đại lý hải quan (Công ty TNHH Thương mại Hải Minh),64408,305,18,DONG_NAI,null,null,https://files.customs.gov.vn/DONG_NAI//Data/Cv_Hqdn/1292_XN_HQDNa_GSQL_28_06_2013.pdf,https://www.customs.gov.vn/index.jsp?pageId=3&id=64408&cid=1294,2013,06/2013,2026-10-08T09:45:12Z
204,1294/HQĐNa-TXNK,28/06/2013,Cục Hải Quan tỉnh Đồng Nai,"V/v Liên quan đến Luật sửa đổi, bổ sung Luật Quản lý thuế có hiệu lực ngày 01/07/2013",64406,305,18,DONG_NAI,null,null,https://files.customs.gov.vn/DONG_NAI//Data/Cv_Hqdn/1294_HQDNa_TXNK_28_06_2013.pdf,https://www.customs.gov.vn/index.jsp?pageId=3&id=64406&cid=1294,2013,06/2013,2026-10-08T09:45:12Z
205,3599/TCHQ-GSQL,28/06/2013,Tổng cục hải quan,"V/v Bán phế liệu, phế phẩm nằm trong định mức (Công ty TNHH May Tinh Lợi)",63345,305,18,DONG_NAI,null,null,,https://www.customs.gov.vn/index.jsp?pageId=3&id=63345&cid=1294,2013,06/2013,2026-10-08T09:45:12Z
206,3612/TCHQ-TXNK,28/06/2013,null,Xác định tỷ giá tính thuế đối với thủ tục HQĐT,74185,305,16,DA_NANG,Hoàng Việt Cường,28/06/2013,https://files.customs.gov.vn/DA_NANG/Uploads/65e32243-11bf-4695-985d-c1563e8c13ba/3612.tif,https://www.customs.gov.vn/index.jsp?pageId=3&id=74185&cid=1294,2013,06/2013,2026-10-08T09:45:12Z
207,88/2012/TT-BTC,28/06/2013,Bộ Tài chính,"Thông tư 88/2013/TT-BTC hướng dẫn thí điểm thủ tục hải quan đối với hoạt động xuất, nhập xăng dầu, các nguyên liệu để pha chế xăng dầu; hoạt động pha chế, chuyển loại xăng dầu tại kho ngoại quan xăng dầu Vân Phong",67337,305,18,CAN_THO,null,15/08/2013,https://files.customs.gov.vn/CAN_THO/88-2013-TT-BTC.doc,https://www.customs.gov.vn/index.jsp?pageId=3&id=67337&cid=1294,2013,06/2013,2026-10-08T09:45:12Z
208,3565/TCHQ-TXNK,27/06/2013,null,Phân loại màn hình điện thoại di động,74182,305,16,DA_NANG,Nguyễn Hải Trang,27/06/2013,https://files.customs.gov.vn/DA_NANG/Uploads/65e32243-11bf-4695-985d-c1563e8c13ba/3565.tif,https://www.customs.gov.vn/index.jsp?pageId=3&id=74182&cid=1294,2013,06/2013,2026-10-08T09:45:12Z
209,65/2013/NÐ-CP,27/06/2013,Chính phủ,"Quy định chi tiết một số điều của Luật Thuế thu nhập cá nhân và Luật Sửa đổi, bổ sung một số điều của Luật Thuế thu nhập cá nhân",55561,305,8,TP_HO_CHI_MINH,Nguyễn Tấn Dũng,01/07/2013,https://files.customs.gov.vn/CustomsCMS/TP_HO_CHI_MINH/2020/Web/Data/DocumentAttachments/65_2013_ND_CP_Quy_dinh_chi_tiet_Luat_thue_thu_nhap_ca_nhan.doc,https://www.customs.gov.vn/index.jsp?pageId=3&id=55561&cid=1294,2013,06/2013,2026-10-08T09:45:12Z
210,67/2013/NÐ-CP,27/06/2013,Chính phủ,"Quy định chi tiết một số điều và biện pháp thi hành Luật Phòng, chống tác hại của thuốc lá về kinh doanh thuốc lá",58511,305,8,TP_HO_CHI_MINH,Nguyễn Tấn Dũng,15/08/2013,https://files.customs.gov.vn/CustomsCMS/TP_HO_CHI_MINH/2020/Web/Data/DocumentAttachments/67_2013_ND_CP_Quy_dinh_chi_tiet_mot_so_dieu_va_bien_phap_thi_hanh_Luat_Phong__chong_tac_hai_cua_thuoc_la_ve_kinh_doanh_thuoc_la.doc,https://www.customs.gov.vn/index.jsp?pageId=3&id=58511&cid=1294,2013,06/2013,2026-10-08T09:45:12Z
211,67/2013/NĐ-CP,27/06/2013,Chính phủ,"Quy định chi tiết một số điều và biện pháp thi hành Luật Phòng, chống tác hại của thuốc lá về kinh doanh thuốc lá",67343,305,18,CAN_THO,null,27/06/2013,https://files.customs.gov.vn/CAN_THO/67.2013.ND.CP.doc,https://www.customs.gov.vn/index.jsp?pageId=3&id=67343&cid=1294,2013,06/2013,2026-10-08T09:45:12Z
212,8318/BTC-TCT,27/06/2013,null,Kiểm tra hoàn thuế GTGT đối với các doanh nghiệp có dấu hiệu rủi ro cao về thuế,74183,305,16,DA_NANG,Đỗ Hoàng Anh Tuấn,27/06/2013,https://files.customs.gov.vn/DA_NANG/Uploads/65e32243-11bf-4695-985d-c1563e8c13ba/8318.tif,https://www.customs.gov.vn/index.jsp?pageId=3&id=74183&cid=1294,2013,06/2013,2026-10-08T09:45:12Z
213,1276/XN-HQĐNa-GSQL,26/06/2013,Cục Hải Quan tỉnh Đồng Nai,V/v Xác nhận điều kiện hoạt động đại lý hải quan (Công ty TNHH Tiếp vận Thăng Long),64410,305,18,DONG_NAI,null,null,https://files.customs.gov.vn/DONG_NAI//Data/Cv_Hqdn/1276_XN_HQDNa_GSQL_26_06_2013.pdf,https://www.customs.gov.vn/index.jsp?pageId=3&id=64410&cid=1294,2013,06/2013,2026-10-08T09:45:12Z
214,3527/TCHQ-CCHĐH,26/06/2013,null,Hướng dẫn giám sát hải quan thực hiện thủ tục hải quan điện tử,67336,305,18,CAN_THO,null,26/06/2013,https://files.customs.gov.vn/CAN_THO/CV_3527_TCHQ_CCHDH.doc,https://www.customs.gov.vn/index.jsp?pageId=3&id=67336&cid=1294,2013,06/2013,2026-10-08T09:45:12Z
215,3533/TCHQ-TXNK,26/06/2013,null,Mặt hàng băng vệ sinh,74179,305,16,DA_NANG,Nguyễn Hải Trang,26/06/2013,https://files.customs.gov.vn/DA_NANG/Uploads/65e32243-11bf-4695-985d-c1563e8c13ba/3533.tif,https://www.customs.gov.vn/index.jsp?pageId=3&id=74179&cid=1294,2013,06/2013,2026-10-08T09:45:12Z
216,3534/TCHQ-TXNK,26/06/2013,null,Phân loại mặt hàng ván sàn tre,74180,305,16,DA_NANG,Nguyễn Hải Trang,26/06/2013,https://files.customs.gov.vn/DA_NANG/Uploads/65e32243-11bf-4695-985d-c1563e8c13ba/3534.tif,https://www.customs.gov.vn/index.jsp?pageId=3&id=74180&cid=1294,2013,06/2013,2026-10-08T09:45:12Z
217,3537/TCHQ-GSQL,26/06/2013,Tổng cục hải quan,V/v Vướng mắc của Hiệp hôi chế biến và xuất khẩu thủy sản VN,63347,305,18,DONG_NAI,null,null,https://files.customs.gov.vn/DONG_NAI//Data/CV_TCHQ/3537_TCHQ_GSQL_26_06_2013.pdf,https://www.customs.gov.vn/index.jsp?pageId=3&id=63347&cid=1294,2013,06/2013,2026-10-08T09:45:12Z
218,3539/TCHQ-TXNK,26/06/2013,Tổng cục hải quan,"V/v Phí bản quyền phụ tùng xe máy, động cơ nhập khẩu (Công ty hữu hạn Chế tạo Công nghiệp và gia công chế biến hàng xuất khẩu Việt Nam (VMEP))",63346,305,18,DONG_NAI,null,null,,https://www.customs.gov.vn/index.jsp?pageId=3&id=63346&cid=1294,2013,06/2013,2026-10-08T09:45:12Z
219,3507/TCHQ-TXNK,25/06/2013,Tổng cục hải quan,"V/v Nộp thuế ngay khi triển khai thực hiện Luật sửa đổi, bổ sung một số điều của Luật Quản lý thuế (Công ty TNHH Greenfeed Việt Nam)",63349,305,18,DONG_NAI,null,null,,https://www.customs.gov.vn/index.jsp?pageId=3&id=63349&cid=1294,2013,06/2013,2026-10-08T09:45:12Z
220,3521/TCHQ-GSQL,25/06/2013,Tổng cục hải quan,V/v Thủ tục Hải quan đối với hàng thực phẩm cung ứng cho tàu biển vận chuyển khách du lịch quốc tế đang neo đậu tại cảng biển quốc tế Việt Nam để xuất cảnh (Công ty TNHH TMDV Hàng hải KTA Việt Nam),63348,305,18,DONG_NAI,null,null,,https://www.customs.gov.vn/index.jsp?pageId=3&id=63348&cid=1294,2013,06/2013,2026-10-08T09:45:12Z
221,84/2013/TTLT-BTC-BCT,25/06/2013,Bộ Tài chính,Hướng dẫn thực hiện Quyết định số 48/2011/QĐ-TTg ngày 31 tháng 8 năm 2011 của Thủ tướng Chính phủ về việc thí điểm thực hiện cơ chế Hải quan một cửa Quốc gia,67345,305,18,CAN_THO,null,28/08/2013,https://files.customs.gov.vn/CAN_THO/TTLT_84_2013_BTC_BCT_BGTVT.doc,https://www.customs.gov.vn/index.jsp?pageId=3&id=67345&cid=1294,2013,06/2013,2026-10-08T09:45:12Z
222,1232/HQĐNa-GSQL,24/06/2013,Cục Hải Quan tỉnh Đồng Nai,V/v Đề nghị gia hạn NK phế liệu từ khu chế xuất (Công ty TNHH MTV Thanh Tùng 2),64411,305,18,DONG_NAI,null,null,https://files.customs.gov.vn/DONG_NAI//Data/Cv_Hqdn/1232_HQDNa_GSQL_24_06_2013.pdf,https://www.customs.gov.vn/index.jsp?pageId=3&id=64411&cid=1294,2013,06/2013,2026-10-08T09:45:12Z
223,231/XNK-CN,21/06/2013,Khác,V/v Nhập khẩu dầu bôi trơn mã HS 2710 1943 (Công ty TNHH Thực nghiệp Đạt Kiến),63350,305,18,DONG_NAI,null,null,,https://www.customs.gov.vn/index.jsp?pageId=3&id=63350&cid=1294,2013,06/2013,2026-10-08T09:45:12Z
224,562/GSQL-GQ1,21/06/2013,Tổng cục hải quan,V/v Hướng dẫn trích giấy phép nhập khẩu hàng hóa (Công ty cổ phần Kính nổi Chu Lai - INDEVCO),63351,305,18,DONG_NAI,null,null,,https://www.customs.gov.vn/index.jsp?pageId=3&id=63351&cid=1294,2013,06/2013,2026-10-08T09:45:12Z
225,1205/HQĐNa-TXNK,20/06/2013,Cục Hải Quan tỉnh Đồng Nai,"V/v Hướng dẫn thực hiện Luật quản lý thuế sửa đổi, bổ sung có hiệu lực ngày 01/07/2013",64413,305,18,DONG_NAI,null,null,https://files.customs.gov.vn/DONG_NAI//Data/Cv_Hqdn/1205_HQDNa_TXNK_20_06_2013.pdf,https://www.customs.gov.vn/index.jsp?pageId=3&id=64413&cid=1294,2013,06/2013,2026-10-08T09:45:12Z
226,1208/XN-HQĐNa-GSQL,20/06/2013,Cục Hải Quan tỉnh Đồng Nai,V/v Xác nhận điều kiện hoạt động đại lý hải quan (Công ty CP ICD Tân Cảng Long Bình),64412,305,18,DONG_NAI,null,null,https://files.customs.gov.vn/DONG_NAI//Data/Cv_Hqdn/1208_XN_HQDNa_GSQL_20_06_2013.pdf,https://www.customs.gov.vn/index.jsp?pageId=3&id=64412&cid=1294,2013,06/2013,2026-10-08T09:45:12Z
227,3387/TCHQ-TXNK,20/06/2013,Tổng cục hải quan,V/v Phạt chậm nộp thuế (Công ty TNHH MTV Nguyên An),63354,305,18,DONG_NAI,null,null,,https://www.customs.gov.vn/index.jsp?pageId=3&id=63354&cid=1294,2013,06/2013,2026-10-08T09:45:12Z
228,3402/TCHQ-TXNK,20/06/2013,Tổng cục hải quan,V/v Trả lời doanh nghiệp về đề nghị chấp nhận trị giá giao dịch (Công ty TNHH Electrolux Việt Nam),63353,305,18,DONG_NAI,null,null,,https://www.customs.gov.vn/index.jsp?pageId=3&id=63353&cid=1294,2013,06/2013,2026-10-08T09:45:12Z
229,3420/TCHQ-TXNK,20/06/2013,Tổng cục hải quan,V/v Phân loại trước xe điện (Công ty TNHH TM Đầu tư XNK An Tâm),63352,305,18,DONG_NAI,null,null,,https://www.customs.gov.vn/index.jsp?pageId=3&id=63352&cid=1294,2013,06/2013,2026-10-08T09:45:12Z
230,35/2013/QH13,20/06/2013,Quốc hội,Hòa giải ở cơ sở năm 2013,61196,305,13,TONG_CUC,Nguyễn Sinh HÙng,01/01/2014,,https://www.customs.gov.vn/index.jsp?pageId=3&id=61196&cid=1294,2013,06/2013,2026-10-08T09:45:12Z
231,36/2013/QH13,20/06/2013,Quốc hội,Luật Cư trú sửa đổi 2013,61195,305,13,TONG_CUC,Nguyễn Sinh Hùng,01/01/2014,,https://www.customs.gov.vn/index.jsp?pageId=3&id=61195&cid=1294,2013,06/2013,2026-10-08T09:45:12Z
232,37/2013/QH13,20/06/2013,Quốc hội,"Luật sửa đổi, bổ sung Điều 170 của Luật doanh nghiệp",54690,305,13,TP_HO_CHI_MINH,Nguyễn Sinh Hùng,01/08/2013,https://files.customs.gov.vn/CustomsCMS/TP_HO_CHI_MINH/2020/Web/Data/DocumentAttachments/37_2013_QH13_Luat_sua_doi__bo_sung_Dieu_170_cua_Luat_doanh_nghiep.doc,https://www.customs.gov.vn/index.jsp?pageId=3&id=54690&cid=1294,2013,06/2013,2026-10-08T09:45:12Z
233,"LuậtCưtrúsửađổi,bổsung",20/06/2013,Quốc hội,"Luật sửa đổi, bổ sung một số điều của Luật cư trú",43034,305,13,QUANG_BINH,null,null,https://files.customs.gov.vn/CustomsCMS/QUANG_BINH/2021/04/images/stories/files/Luat_CTSDBS.pdf,https://www.customs.gov.vn/index.jsp?pageId=3&id=43034&cid=1294,2013,06/2013,2026-10-08T09:45:12Z
234,"LuậtDNsửađổi,bổsung",20/06/2013,Quốc hội,Luật sửa đổi bổ sung điều 170 của Luật doanh nghiệp.,42834,305,13,QUANG_BINH,null,null,https://files.customs.gov.vn/CustomsCMS/QUANG_BINH/2021/04/images/stories/files/LuatDNSDBS.pdf,https://www.customs.gov.vn/index.jsp?pageId=3&id=42834&cid=1294,2013,06/2013,2026-10-08T09:45:12Z
235,Luậthòagiảiởcơsởnăm2013,20/06/2013,Quốc hội,Luật hòa giải ở cơ sở năm 2013,42829,305,13,QUANG_BINH,null,null,https://files.customs.gov.vn/CustomsCMS/QUANG_BINH/2021/04/images/stories/files/Luat_hgcs.pdf,https://www.customs.gov.vn/index.jsp?pageId=3&id=42829&cid=1294,2013,06/2013,2026-10-08T09:45:12Z
236,1195/HQĐNa-GSQL,19/06/2013,Cục Hải Quan tỉnh Đồng Nai,V/v Xin gia hạn bổ sung thư giải trình trường hợp bất khả kháng đối với C/O phát hành quá 1 năm (Công ty TNHH Dong Yang Việt Nam),64414,305,18,DONG_NAI,null,null,https://files.customs.gov.vn/DONG_NAI//Data/Cv_Hqdn/1195_HQDNa_GSQL_19_06_2013.pdf,https://www.customs.gov.vn/index.jsp?pageId=3&id=64414&cid=1294,2013,06/2013,2026-10-08T09:45:12Z
237,30/2013/QH13,19/06/2013,Quốc hội,Luật Giáo dục quốc phòng và an ninh 2013,61197,305,13,TONG_CUC,Nguyễn Sinh Hùng,01/01/2014,,https://www.customs.gov.vn/index.jsp?pageId=3&id=61197&cid=1294,2013,06/2013,2026-10-08T09:45:12Z
238,32/2013/QH13,19/06/2013,Quốc hội,"Luật Sửa đổi, bổ sung một số điều của Luật Thuế thu nhập doanh nghiệp",57764,305,13,TP_HO_CHI_MINH,Nguyễn Sinh Hùng,01/01/2014,https://files.customs.gov.vn/CustomsCMS/TP_HO_CHI_MINH/2020/Web/Data/DocumentAttachments/32_2013_QH13_Luat_Sua_doi__bo_sung_mot_so_dieu_cua_Luat_Thue_thu_nhap_doanh_nghiep.doc,https://www.customs.gov.vn/index.jsp?pageId=3&id=57764&cid=1294,2013,06/2013,2026-10-08T09:45:12Z
239,33/2013/QH13,19/06/2013,Quốc hội,"Luật Phòng, chống thiên tai 2013",61198,305,13,TONG_CUC,Nguyễn Sinh Hùng,01/05/2014,,https://www.customs.gov.vn/index.jsp?pageId=3&id=61198&cid=1294,2013,06/2013,2026-10-08T09:45:12Z
240,5367-5370/BCT-TTTN,19/06/2013,Bộ Công thương,"V/v Chấm dứt hoạt động xuất khẩu, nhập khẩu LPG của thương nhân",63355,305,18,DONG_NAI,null,null,https://files.customs.gov.vn/DONG_NAI//Data/CV_BCT/5367_5370_BCT_TTTN_19_06_2013.pdf,https://www.customs.gov.vn/index.jsp?pageId=3&id=63355&cid=1294,2013,06/2013,2026-10-08T09:45:12Z
241,555/GSQL-GQ1,19/06/2013,Tổng cục hải quan,V/v Thủ tục nhập khẩu phế liệu làm nguyên liệu SXXK (Công ty TNHH Chang Xin Việt Nam),63356,305,18,DONG_NAI,null,null,,https://www.customs.gov.vn/index.jsp?pageId=3&id=63356&cid=1294,2013,06/2013,2026-10-08T09:45:12Z
242,Law No. 31/2013/QH13,19/06/2013,National Assembly,"Law No. 31/2013/QH13 of June 19, 2013, on amendments to the Law on value-added tax",81164,305,561,CAN_THO,null,01/01/2014,,https://www.customs.gov.vn/index.jsp?pageId=3&id=81164&cid=1294,2013,06/2013,2026-10-08T09:45:12Z
243,LuậtGDQPvàAnninh,19/06/2013,Quốc hội,Luật Giáo dục quốc phòng và an ninh năm 2013,42833,305,13,QUANG_BINH,null,null,https://files.customs.gov.vn/CustomsCMS/QUANG_BINH/2021/04/images/stories/files/Luat_GDQPAN.pdf,https://www.customs.gov.vn/index.jsp?pageId=3&id=42833&cid=1294,2013,06/2013,2026-10-08T09:45:12Z
244,"LuậtThuếGTGTsửađổi,bổsung",19/06/2013,Quốc hội,Luật sửa đổi bổ sung một số điều của Luật Thuế Giá trị gia tăng,43035,305,13,QUANG_BINH,null,null,https://files.customs.gov.vn/CustomsCMS/QUANG_BINH/2021/04/images/stories/files/Luat_GTGT.pdf,https://www.customs.gov.vn/index.jsp?pageId=3&id=43035&cid=1294,2013,06/2013,2026-10-08T09:45:12Z
245,Luậtphòngchốngthiêntai,19/06/2013,Quốc hội,Luật phòng chống thiên tai năm 2013,42832,305,13,QUANG_BINH,null,null,https://files.customs.gov.vn/CustomsCMS/QUANG_BINH/2021/04/images/stories/files/Luat_PCTT.pdf,https://www.customs.gov.vn/index.jsp?pageId=3&id=42832&cid=1294,2013,06/2013,2026-10-08T09:45:12Z
246,LuậtthuếTNDNsửađổibổsung,19/06/2013,Quốc hội,"Luật sửa đổi, bổ sung một số điều của Luật Thuế thu nhập doanh nghiệp",43036,305,13,QUANG_BINH,null,null,https://files.customs.gov.vn/CustomsCMS/QUANG_BINH/2021/04/images/stories/files/Luat_TTNDN.pdf,https://www.customs.gov.vn/index.jsp?pageId=3&id=43036&cid=1294,2013,06/2013,2026-10-08T09:45:12Z
247,1179/HQĐNa-GSQL,18/06/2013,Cục Hải Quan tỉnh Đồng Nai,V/v Theo dõi hồ sơ gửi giám định (Công ty TNHH Shinfung Industrial),64419,305,18,DONG_NAI,null,null,https://files.customs.gov.vn/DONG_NAI//Data/Cv_Hqdn/1179_HQDNa_GSQL_18_06_2013.pdf,https://www.customs.gov.vn/index.jsp?pageId=3&id=64419&cid=1294,2013,06/2013,2026-10-08T09:45:12Z
248,1180/HQĐNa-GSQL,18/06/2013,Cục Hải Quan tỉnh Đồng Nai,V/v Theo dõi hồ sơ gửi giám định (Công ty TNHH Sợi DSCM VN),64418,305,18,DONG_NAI,null,null,https://files.customs.gov.vn/DONG_NAI//Data/Cv_Hqdn/1180_HQDNa_GSQL_18_06_2013.pdf,https://www.customs.gov.vn/index.jsp?pageId=3&id=64418&cid=1294,2013,06/2013,2026-10-08T09:45:12Z
249,1181/HQĐNa-GSQL,18/06/2013,Cục Hải Quan tỉnh Đồng Nai,V/v Theo dõi hồ sơ gửi giám định (Công ty TNHH Hossack VN),64417,305,18,DONG_NAI,null,null,https://files.customs.gov.vn/DONG_NAI//Data/Cv_Hqdn/1181_HQDNa_GSQL_18_06_2013.pdf,https://www.customs.gov.vn/index.jsp?pageId=3&id=64417&cid=1294,2013,06/2013,2026-10-08T09:45:12Z
250,1182/HQĐNa-GSQL,18/06/2013,Cục Hải Quan tỉnh Đồng Nai,V/v Theo dõi hồ sơ gửi giám định (Công ty TNHH SX Ống thép không hàn cán nóng),64416,305,18,DONG_NAI,null,null,https://files.customs.gov.vn/DONG_NAI//Data/Cv_Hqdn/1182_HQDNa_GSQL_18_06_2013.pdf,https://www.customs.gov.vn/index.jsp?pageId=3&id=64416&cid=1294,2013,06/2013,2026-10-08T09:45:12Z
251,1183/HQĐNa-GSQL,18/06/2013,Cục Hải Quan tỉnh Đồng Nai,V/v Theo dõi hồ sơ gửi giám định (Công ty TNHH Golden),64415,305,18,DONG_NAI,null,null,https://files.customs.gov.vn/DONG_NAI//Data/Cv_Hqdn/1183_HQDNa_GSQL_18_06_2013.pdf,https://www.customs.gov.vn/index.jsp?pageId=3&id=64415&cid=1294,2013,06/2013,2026-10-08T09:45:12Z
252,81/2013/TT-BTC,18/06/2013,null,"Thông tư Sửa đổi, bổ sung Thông tư số 201/2012/TT-BTC ngày 16/11/2012 của Bộ Tài chính hướng dẫn chính sách thuế đối với hàng nông sản chưa qua chế biến do phía Việt Nam hỗ trợ đầu tư, trồng tại Campuchia nhập khẩu về nước",74212,305,4,DA_NANG,Vũ Thị Mai,03/08/2013,https://files.customs.gov.vn/DA_NANG/Uploads/65e32243-11bf-4695-985d-c1563e8c13ba/81-2013-TT-BTC.tif,https://www.customs.gov.vn/index.jsp?pageId=3&id=74212&cid=1294,2013,06/2013,2026-10-08T09:45:12Z
253,LuậtKH&CN,18/06/2013,Quốc hội,Luật khoa học và công nghệ,42830,"305, 462",13,QUANG_BINH,null,null,https://files.customs.gov.vn/CustomsCMS/QUANG_BINH/2021/04/images/stories/files/Luat_KHCN.pdf,https://www.customs.gov.vn/index.jsp?pageId=3&id=42830&cid=1294,2013,06/2013,2026-10-08T09:45:12Z
254,3315/TCHQ-QLRR,17/06/2013,Tổng cục hải quan,V/v Vướng mắc về khai báo bộ mã loại hình NK đầu tư tạo TSCĐ (Công ty CP Dịch vụ - Giao nhận - Vận tải ưu vận),63357,305,18,DONG_NAI,null,null,,https://www.customs.gov.vn/index.jsp?pageId=3&id=63357&cid=1294,2013,06/2013,2026-10-08T09:45:12Z
255,3316/TCHQ-TXNK,17/06/2013,null,Tấm bản in offset,74173,305,16,DA_NANG,Nguyễn Hải Trang,17/06/2013,https://files.customs.gov.vn/DA_NANG/Uploads/65e32243-11bf-4695-985d-c1563e8c13ba/3316.tif,https://www.customs.gov.vn/index.jsp?pageId=3&id=74173&cid=1294,2013,06/2013,2026-10-08T09:45:12Z
256,534/GSQL-GQ1,17/06/2013,Tổng cục hải quan,V/v Nhập khẩu mặt hàng axit humic (Công ty TNHH Một thành viên Thương mại và xuất nhập khẩu PRIME),63358,305,18,DONG_NAI,null,null,,https://www.customs.gov.vn/index.jsp?pageId=3&id=63358&cid=1294,2013,06/2013,2026-10-08T09:45:12Z
257,59/2013/NĐ-CP,17/06/2013,Chính phủ,"Nghị định quy định chi tiết một số điều của Luật phòng, chống tham nhũng",60970,305,8,TONG_CUC,Nguyễn Tấn Dũng,31/07/2013,https://files.customs.gov.vn/BINH_DUONG/CMS/Lists/VanBanPhapQuy_VN/Attachments/3147/59.2013.ND.CP.doc,https://www.customs.gov.vn/index.jsp?pageId=3&id=60970&cid=1294,2013,06/2013,2026-10-08T09:45:12Z
258,1157/HQĐNa-TXNK,14/06/2013,Cục Hải Quan tỉnh Đồng Nai,V/v Nộp báo cáo quyết toán danh mục hàng hóa nhập khẩu miễn thuế,64420,305,18,DONG_NAI,null,null,https://files.customs.gov.vn/DONG_NAI//Data/Cv_Hqdn/1157_HQDNa_TXNK_14_06_2013.pdf,https://www.customs.gov.vn/index.jsp?pageId=3&id=64420&cid=1294,2013,06/2013,2026-10-08T09:45:12Z
259,3262/TCHQ-TXNK,13/06/2013,Tổng cục hải quan,V/v Miễn thuế xuất khẩu đối với phế liệu thép không gỉ (Công ty TNHH Posco VST),63361,305,18,DONG_NAI,null,null,,https://www.customs.gov.vn/index.jsp?pageId=3&id=63361&cid=1294,2013,06/2013,2026-10-08T09:45:12Z
260,3264/TCHQ-TXNK,13/06/2013,Tổng cục hải quan,V/v Thời hạn nộp thuế (Công ty cổ phần VINACAM),63360,305,18,DONG_NAI,null,null,,https://www.customs.gov.vn/index.jsp?pageId=3&id=63360&cid=1294,2013,06/2013,2026-10-08T09:45:12Z
261,527/GSQL-GQ3,13/06/2013,Tổng cục hải quan,V/v Vướng mắc xác nhận hàng đã xuất khẩu đối với xăng dầu kinh doanh kinh doanh tạm nhập tái xuất (Tập đoàn Xăng dầu Việt Nam),63359,305,18,DONG_NAI,null,null,,https://www.customs.gov.vn/index.jsp?pageId=3&id=63359&cid=1294,2013,06/2013,2026-10-08T09:45:12Z
262,28/2013/QH13,12/06/2013,Quốc hội,"Luật phòng, chống khủng bố",55256,305,13,TP_HO_CHI_MINH,Nguyễn Sinh Hùng,01/10/2013,https://files.customs.gov.vn/CustomsCMS/TP_HO_CHI_MINH/2020/Web/Data/DocumentAttachments/28_2013_QH13_197298.doc,https://www.customs.gov.vn/index.jsp?pageId=3&id=55256&cid=1294,2013,06/2013,2026-10-08T09:45:12Z
263,Luậtphòngchốngkhủngbố,12/06/2013,Quốc hội,Luật phòng chống khủng bố năm 2013,42831,305,13,QUANG_BINH,null,null,https://files.customs.gov.vn/CustomsCMS/QUANG_BINH/2021/04/images/stories/files/Luat_PCKB.pdf,https://www.customs.gov.vn/index.jsp?pageId=3&id=42831&cid=1294,2013,06/2013,2026-10-08T09:45:12Z
264,1134/HQĐNa-GSQL,11/06/2013,Cục Hải Quan tỉnh Đồng Nai,Phúc đáp Cv số 63/CV-NEW2013 của công ty LD TNHH Nippon Express VN,64421,305,18,DONG_NAI,null,null,https://files.customs.gov.vn/DONG_NAI//Data/Cv_Hqdn/1134_HQDNa_GSQL_11_06_2013.pdf,https://www.customs.gov.vn/index.jsp?pageId=3&id=64421&cid=1294,2013,06/2013,2026-10-08T09:45:12Z
265,7444/BTC-TCHQ,11/06/2013,Bộ Tài chính,"Công văn số 7444/BTC-TCHQ V/v miễn thuế nhập khẩu máy móc, thiết bị",55423,305,16,TP_HO_CHI_MINH,Đỗ Hoàng Anh Tuấn,11/06/2013,https://files.customs.gov.vn/CustomsCMS/TP_HO_CHI_MINH/2020/Web/Data/DocumentAttachments/7444_BTC-TCHQ_193532.doc,https://www.customs.gov.vn/index.jsp?pageId=3&id=55423&cid=1294,2013,06/2013,2026-10-08T09:45:12Z
266,7444/BTC-TCHQ,11/06/2013,null,"Miễn thuế nhập khẩu máy móc, thiết bị",74171,305,16,DA_NANG,Đỗ Hoàng Anh Tuấn,11/06/2013,https://files.customs.gov.vn/DA_NANG/Uploads/65e32243-11bf-4695-985d-c1563e8c13ba/7444.tif,https://www.customs.gov.vn/index.jsp?pageId=3&id=74171&cid=1294,2013,06/2013,2026-10-08T09:45:12Z
267,1124/HQĐNa-GSQL,10/06/2013,Cục Hải Quan tỉnh Đồng Nai,Trả lời Công ty CP tập đoàn Tân Mai về hướng dẫn việc nhập xe đã qua sử dụng để tạo TSCĐ,64422,305,18,DONG_NAI,null,null,https://files.customs.gov.vn/DONG_NAI//Data/Cv_Hqdn/1124_HQDNa_GSQL_10_06_2013.pdf,https://www.customs.gov.vn/index.jsp?pageId=3&id=64422&cid=1294,2013,06/2013,2026-10-08T09:45:12Z
268,3168/TCHQ-GSQL,10/06/2013,Tổng cục hải quan,V/v Thông quan hàng hóa của Công ty TNT (Công ty TNT- Vietrans Express Worldwide VN),63362,305,18,DONG_NAI,null,null,,https://www.customs.gov.vn/index.jsp?pageId=3&id=63362&cid=1294,2013,06/2013,2026-10-08T09:45:12Z
269,3159/TCHQ-TXNK,07/06/2013,null,Phân loại hàng hóa,74169,305,16,DA_NANG,Hoàng Việt Cường,07/06/2013,https://files.customs.gov.vn/DA_NANG/Uploads/65e32243-11bf-4695-985d-c1563e8c13ba/3159.tif,https://www.customs.gov.vn/index.jsp?pageId=3&id=74169&cid=1294,2013,06/2013,2026-10-08T09:45:12Z
270,3164/TCHQ-GSQL,07/06/2013,Tổng cục hải quan,V/v Hướng dẫn thủ tục TNTX (Công ty CP XNK Quốc tế Hải Ninh),63363,305,18,DONG_NAI,null,null,,https://www.customs.gov.vn/index.jsp?pageId=3&id=63363&cid=1294,2013,06/2013,2026-10-08T09:45:12Z
271,504/GSQL-GQ2,07/06/2013,Tổng cục hải quan,V/v Xuất khẩu hàng hóa đã nhập khẩu của doanh nghiệp FDI (Công ty TNHH Giải pháp Sato Việt Nam),63364,305,18,DONG_NAI,null,null,,https://www.customs.gov.vn/index.jsp?pageId=3&id=63364&cid=1294,2013,06/2013,2026-10-08T09:45:12Z
272,7309/BTC-TCHQ,07/06/2013,Bộ Tài chính,"V/v Xử lý thuế GTGT mặt hàng ""Bộ kít thử dùng kiểm tra an toàn chất lượng thủy sản"" (Công ty TNHH Dịch vụ - Thương mại Phạm Nguyễn)",63365,305,18,DONG_NAI,null,null,,https://www.customs.gov.vn/index.jsp?pageId=3&id=63365&cid=1294,2013,06/2013,2026-10-08T09:45:12Z
273,79/2013/TT-BTC,07/06/2013,null,Thông tư Sửa đổi mức thuế suất thuế nhập khẩu ưu đãi đối với một số mặt hàng thuộc nhóm 17.02 tại Biểu thuế nhập khẩu ưu đãi,74168,305,16,DA_NANG,Vũ Thị Mai,07/06/2013,https://files.customs.gov.vn/DA_NANG/Uploads/65e32243-11bf-4695-985d-c1563e8c13ba/79.tif,https://www.customs.gov.vn/index.jsp?pageId=3&id=74168&cid=1294,2013,06/2013,2026-10-08T09:45:12Z
274,7165/BTC-TCHQ,05/06/2013,null,"Thuế nhập khẩu ưu đãi săm lốp ô tô, cao su đã qua sử dụng, dùng để sản xuất nhiên liệu phục vụ sản xuất kính xây dựng",74166,305,16,DA_NANG,Đỗ Hoàng Anh Tuấn,05/06/2013,https://files.customs.gov.vn/DA_NANG/Uploads/65e32243-11bf-4695-985d-c1563e8c13ba/7165.tif,https://www.customs.gov.vn/index.jsp?pageId=3&id=74166&cid=1294,2013,06/2013,2026-10-08T09:45:12Z
275,1071/HQĐNa-CCHĐH,04/06/2013,Cục Hải Quan tỉnh Đồng Nai,V/v Đóng dấu xác nhận thông quan đối với tờ khai luồng xanh,64423,305,18,DONG_NAI,null,null,https://files.customs.gov.vn/DONG_NAI//Data/Cv_Hqdn/1071_HQDNa_CCHDH_04_06_2013.pdf,https://www.customs.gov.vn/index.jsp?pageId=3&id=64423&cid=1294,2013,06/2013,2026-10-08T09:45:12Z
276,3033/TCHQ-GSQL,04/06/2013,Tổng cục hải quan,V/v Tạm nhận trước khí hóa lỏng qua đường ống dẫn chuyên dụng (Công ty TNHH Kyocera Việt Nam; HQ Hải Phòng),62258,305,18,DONG_NAI,null,null,,https://www.customs.gov.vn/index.jsp?pageId=3&id=62258&cid=1294,2013,06/2013,2026-10-08T09:45:12Z
277,3035/TCHQ-TXNK,04/06/2013,Tổng cục hải quan,V/v Phân loại xe ô tô chạy điện (Công ty Cổ phần Đồng Xuân),62257,305,18,DONG_NAI,null,null,,https://www.customs.gov.vn/index.jsp?pageId=3&id=62257&cid=1294,2013,06/2013,2026-10-08T09:45:12Z
278,3036/TCHQ-TXNK,04/06/2013,Tổng cục hải quan,V/v Phân loại hàng hóa mặt hàng bột thạch anh (Tổng Công ty Khoáng sản và Thương mại Hà Tĩnh),63368,305,18,DONG_NAI,null,null,,https://www.customs.gov.vn/index.jsp?pageId=3&id=63368&cid=1294,2013,06/2013,2026-10-08T09:45:12Z
279,485/GSQL-GQ1,04/06/2013,Tổng cục hải quan,V/v Thanh khoản tờ khai TNTX (Công ty Cổ phần xây dựng dịch vụ và Thương mại 68),63367,305,18,DONG_NAI,null,null,,https://www.customs.gov.vn/index.jsp?pageId=3&id=63367&cid=1294,2013,06/2013,2026-10-08T09:45:12Z
280,487/GSQL-GQ1,04/06/2013,Tổng cục hải quan,V/v Thủ tục hải quan nhập khẩu ấn phẩm (Công ty TNHH UNIDEN Việt Nam),63366,305,18,DONG_NAI,null,null,,https://www.customs.gov.vn/index.jsp?pageId=3&id=63366&cid=1294,2013,06/2013,2026-10-08T09:45:12Z
281,1060/HQĐNa-GSQL,03/06/2013,Cục Hải Quan tỉnh Đồng Nai,Trả lời Công ty TNHH MTV Bien Hoa SCM v/v đề nghị hướng dẫn thủ tục,64425,305,18,DONG_NAI,null,null,https://files.customs.gov.vn/DONG_NAI//Data/Cv_Hqdn/1060_HQDNa_GSQL_03_06_2013.pdf,https://www.customs.gov.vn/index.jsp?pageId=3&id=64425&cid=1294,2013,06/2013,2026-10-08T09:45:12Z
282,1064/HQĐNa-GSQL,03/06/2013,Cục Hải Quan tỉnh Đồng Nai,V/v Chứng nhận là đại lý hải quan của doanh nghiệp kinh doanh kho ngoại quan,64424,305,18,DONG_NAI,null,null,https://files.customs.gov.vn/DONG_NAI//Data/Cv_Hqdn/1064_HQDNa_GSQL_03_06_2013.pdf,https://www.customs.gov.vn/index.jsp?pageId=3&id=64424&cid=1294,2013,06/2013,2026-10-08T09:45:12Z
283,1548/HQĐNa-TXNK,31/07/2013,Cục Hải Quan tỉnh Đồng Nai,V/v Hướng dẫn đăng ký danh mục hàng hóa nhập khẩu miễn thuế tạo TSCĐ (Công ty TNHH Hưng Nghiệp Formosa),64391,305,18,DONG_NAI,null,null,https://files.customs.gov.vn/DONG_NAI//Data/Cv_Hqdn/1548_HQDNa_TXNK_31_07_2013.pdf,https://www.customs.gov.vn/index.jsp?pageId=3&id=64391&cid=1294,2013,07/2013,2026-10-08T09:45:12Z
284,1526/HQĐNa-CCHĐH,30/07/2013,Cục Hải Quan tỉnh Đồng Nai,"V/v Hướng dẫn sử dụng bộ mã loại hình hàng hóa xuất khẩu, nhập khẩu",64392,305,18,DONG_NAI,null,null,https://files.customs.gov.vn/DONG_NAI//Data/Cv_Hqdn/1526_HQDNa_CCHDH_30_07_2013.pdf,https://www.customs.gov.vn/index.jsp?pageId=3&id=64392&cid=1294,2013,07/2013,2026-10-08T09:45:12Z
285,4298/TCHQ-CCHĐH,29/07/2013,Tổng cục hải quan,V/v Hướng dẫn vướng mắc thực hiện công văn số 3527/TCHQ-CCHĐH (Công ty TNHH tiếp vận Thăng Long),62249,305,18,DONG_NAI,null,null,,https://www.customs.gov.vn/index.jsp?pageId=3&id=62249&cid=1294,2013,07/2013,2026-10-08T09:45:12Z
286,4302/TCHQ-TXNK,29/07/2013,Tổng cục hải quan,V/v Xác định mã HS hàng hóa NK ( Công ty CP Dịch vụ và Kỹ thuật cơ điện lạnh R.E.E),62248,305,18,DONG_NAI,null,null,,https://www.customs.gov.vn/index.jsp?pageId=3&id=62248&cid=1294,2013,07/2013,2026-10-08T09:45:12Z
287,86/2013/NÐ-CP,29/07/2013,Chính phủ,Nghị định về kinh doanh trò chơi điện tử có thưởng dành cho người nước ngoài,55163,305,8,TP_HO_CHI_MINH,Nguyễn Tấn Dũng,01/10/2013,https://files.customs.gov.vn/CustomsCMS/TP_HO_CHI_MINH/2020/Web/Data/DocumentAttachments/86_2013_ND-CP_202681.doc,https://www.customs.gov.vn/index.jsp?pageId=3&id=55163&cid=1294,2013,07/2013,2026-10-08T09:45:12Z
288,9794/BTC-TCHQ,29/07/2013,null,Vướng mắc về đối tượng đăng ký danh mục hàng hóa nhập khẩu miễn thuế,74543,305,16,DA_NANG,Hoàng Việt Cường,29/01/2014,https://files.customs.gov.vn/DA_NANG/Uploads/65e32243-11bf-4695-985d-c1563e8c13ba/9794-BTC-TCHQ.tif,https://www.customs.gov.vn/index.jsp?pageId=3&id=74543&cid=1294,2013,07/2013,2026-10-08T09:45:12Z
289,1217/TXNK-PL,26/07/2013,Tổng cục hải quan,V/v Phân loại mặt hàng điốt phát sáng (Công ty cổ phần TM & DV Cát Tường),62253,305,18,DONG_NAI,null,null,,https://www.customs.gov.vn/index.jsp?pageId=3&id=62253&cid=1294,2013,07/2013,2026-10-08T09:45:12Z
290,1509/HQĐNa-TXNK,26/07/2013,Cục Hải Quan tỉnh Đồng Nai,V/v Thủ tục hoàn thuế (Công ty TNHH Việt Nam Suzuki),64394,305,18,DONG_NAI,null,null,https://files.customs.gov.vn/DONG_NAI//Data/Cv_Hqdn/1509_HQDNa_TXNK_26_07_2013.pdf,https://www.customs.gov.vn/index.jsp?pageId=3&id=64394&cid=1294,2013,07/2013,2026-10-08T09:45:12Z
291,1513/HQĐNa-GSQL,26/07/2013,Cục Hải Quan tỉnh Đồng Nai,V/v Vướng mắc thủ tục hoàn thuế nhập khẩu (Công ty TNHH Suheung Việt Nam),64393,305,18,DONG_NAI,null,null,https://files.customs.gov.vn/DONG_NAI//Data/Cv_Hqdn/1513_HQDNa_GSQL_26_07_2013.pdf,https://www.customs.gov.vn/index.jsp?pageId=3&id=64393&cid=1294,2013,07/2013,2026-10-08T09:45:12Z
292,4561/TCHQ-TXNK,26/07/2013,Tổng cục hải quan,V/v Mã số và thuế suất mặt hàng tàu hóa chất chuyên dụng (Công ty cổ phần Vận tải biển Khai Nguyên),62250,305,18,DONG_NAI,null,null,,https://www.customs.gov.vn/index.jsp?pageId=3&id=62250&cid=1294,2013,07/2013,2026-10-08T09:45:12Z
293,710/GSQL-GQ2,26/07/2013,Tổng cục hải quan,V/v Thuê kho đối với doanh nghiệp chế xuất (Công ty TNHH DENSO Việt Nam),62252,305,18,DONG_NAI,null,null,,https://www.customs.gov.vn/index.jsp?pageId=3&id=62252&cid=1294,2013,07/2013,2026-10-08T09:45:12Z
294,711/GSQL-GQ2,26/07/2013,Tổng cục hải quan,V/v Sử dụng hóa đơn trong hồ sơ xuất khẩu hàng hóa (Công ty TNHH Điện tử IRSO Việt Nam),62251,305,18,DONG_NAI,null,null,,https://www.customs.gov.vn/index.jsp?pageId=3&id=62251&cid=1294,2013,07/2013,2026-10-08T09:45:12Z
295,4207/TCHQ-GSQL,25/07/2013,null,Triển khai E-manifest,67342,305,18,CAN_THO,null,15/08/2013,https://files.customs.gov.vn/CAN_THO/4207_TCHQ_GSQL.docx,https://www.customs.gov.vn/index.jsp?pageId=3&id=67342&cid=1294,2013,07/2013,2026-10-08T09:45:12Z
296,45/2013/QĐ-TTG,25/07/2013,Chính phủ,Quy chế điều hành hoạt động tại các cửa khẩu biên giới đất liền,67344,305,18,CAN_THO,null,01/10/2013,https://files.customs.gov.vn/CAN_THO/QD_45_2013_TTG.doc,https://www.customs.gov.vn/index.jsp?pageId=3&id=67344&cid=1294,2013,07/2013,2026-10-08T09:45:12Z
297,TL01,25/07/2013,null,"Tài liệu Tập huấn Quy trình Nghiệp vụ tiếp nhận dữ liệu và thông điện tử đối với tàu biển nhập cảnh, xuất cảnh, quá cảnh, chuyển cảng theo quy định tại Quyết định số 19/2011/QĐ-TTg",67338,305,18,CAN_THO,null,25/07/2013,https://files.customs.gov.vn/CAN_THO/Quy trình Nghiệp Vụ e-Manifest.pptx,https://www.customs.gov.vn/index.jsp?pageId=3&id=67338&cid=1294,2013,07/2013,2026-10-08T09:45:12Z
298,TL02,25/07/2013,null,Hướng dẫn sử dụng Hệ thống e-Manifest,67339,305,18,CAN_THO,null,25/07/2013,https://files.customs.gov.vn/CAN_THO/HDSD_eManifest_CTN.pdf,https://www.customs.gov.vn/index.jsp?pageId=3&id=67339&cid=1294,2013,07/2013,2026-10-08T09:45:12Z
299,TL03,25/07/2013,null,"Giới thiệu về Hệ thống e-Manifest
(Phân hệ Hải quan)",67340,305,18,CAN_THO,null,25/07/2013,https://files.customs.gov.vn/CAN_THO/B01 Gioi thieu ve he thong emanifest (phan he HQ) - v1.0.pptx,https://www.customs.gov.vn/index.jsp?pageId=3&id=67340&cid=1294,2013,07/2013,2026-10-08T09:45:12Z
300,TL04,25/07/2013,null,"Giới thiệu về Hệ thống e-Manifest
(Phân hệ hãng tàu)",67341,305,18,CAN_THO,null,25/07/2013,https://files.customs.gov.vn/CAN_THO/B02 Huong dan su dung cong tiep nhan (phan he hang tau) - v2.0.pptx,https://www.customs.gov.vn/index.jsp?pageId=3&id=67341&cid=1294,2013,07/2013,2026-10-08T09:45:12Z
301,1489/HQĐNa-GSQL,24/07/2013,Cục Hải Quan tỉnh Đồng Nai,Trả lời Công ty TNHH DV XNK Trường Thịnh v/v thông báo đủ điều kiện hoạt động đại lý hải quan,64395,305,18,DONG_NAI,null,null,https://files.customs.gov.vn/DONG_NAI//Data/Cv_Hqdn/1489_HQDNa_GSQL_24_07_2013.pdf,https://www.customs.gov.vn/index.jsp?pageId=3&id=64395&cid=1294,2013,07/2013,2026-10-08T09:45:12Z
302,4189/TCHQ-TXNK,24/07/2013,Tổng cục hải quan,V/v Miễn truy thu thuế mặt hàng nguyên liệu thức ăn chăn nuôi (Công ty CP Tập đoàn DABACO Việt Nam),62254,305,18,DONG_NAI,null,null,,https://www.customs.gov.vn/index.jsp?pageId=3&id=62254&cid=1294,2013,07/2013,2026-10-08T09:45:12Z
303,11/VBHN-VPQH,23/07/2013,Quốc hội,Văn bản hợp nhất 11/VBHN-VPQH năm 2013 hợp nhất Luật Hải quan,61226,305,16,TONG_CUC,Nguyễn Hạnh Phúc,23/07/2013,,https://www.customs.gov.vn/index.jsp?pageId=3&id=61226&cid=1294,2013,07/2013,2026-10-08T09:45:12Z
304,693/GSQL-GQ2,23/07/2013,Tổng cục hải quan,V/v Xác định loại hình XNK và thủ tục hải quan của DNCX (Công ty TNN Shimada Shoji Việt Nam),62255,305,18,DONG_NAI,null,null,,https://www.customs.gov.vn/index.jsp?pageId=3&id=62255&cid=1294,2013,07/2013,2026-10-08T09:45:12Z
305,83/2013/NÐ-CP,22/07/2013,Chính phủ,"Nghị Định quy định chi tiết thi hành một số điều của Luật Quản lý thuế và Luật Sửa đổi, bổ sung một số điều của Luật Quản lý thuế",54748,305,8,TP_HO_CHI_MINH,Nguyễn Tấn Dũng,15/09/2013,https://files.customs.gov.vn/CustomsCMS/TP_HO_CHI_MINH/2020/Web/Data/DocumentAttachments/ND832013CP_Quy_dinh_chi_tiet_Luat_Quan_ly_thue_sua_doi.doc,https://www.customs.gov.vn/index.jsp?pageId=3&id=54748&cid=1294,2013,07/2013,2026-10-08T09:45:12Z
306,9462/BTC-TCHQ,22/07/2013,Bộ Tài chính,V/v Trả lời kiến nghị của Công ty TNHH Ford Việt Nam,62256,305,18,DONG_NAI,null,null,,https://www.customs.gov.vn/index.jsp?pageId=3&id=62256&cid=1294,2013,07/2013,2026-10-08T09:45:12Z
307,2408/BNN-TY,20/07/2013,Bộ Nông nghiệp và Phát triển nông thôn,V/v Thông báo nhập khẩu nội tạng trắng đông lạnh,63330,305,18,DONG_NAI,null,null,,https://www.customs.gov.vn/index.jsp?pageId=3&id=63330&cid=1294,2013,07/2013,2026-10-08T09:45:12Z
308,1472/HQĐNa-CNTT,19/07/2013,Cục Hải Quan tỉnh Đồng Nai,V/v Khai báo tỷ giá trên hệ thống Thông quan điện tử,64397,305,18,DONG_NAI,null,null,https://files.customs.gov.vn/DONG_NAI//Data/Cv_Hqdn/1472_HQDNa_CNTT_19_07_2013.pdf,https://www.customs.gov.vn/index.jsp?pageId=3&id=64397&cid=1294,2013,07/2013,2026-10-08T09:45:12Z
309,1473/HQĐNa-GSQL,19/07/2013,Cục Hải Quan tỉnh Đồng Nai,V/v Thông báo dừng làm thủ tục đối với một số mặt hàng chịu thuế tiêu thụ đặc biệt và hạn ngạch thuế quan,64396,305,18,DONG_NAI,null,null,https://files.customs.gov.vn/DONG_NAI//Data/Cv_Hqdn/1473_HQDNa_GSQL_19_07_2013.pdf,https://www.customs.gov.vn/index.jsp?pageId=3&id=64396&cid=1294,2013,07/2013,2026-10-08T09:45:12Z
310,44/2013/QÐ-TTG,19/07/2013,Thủ tướng Chính phủ,"Quyết định về việc sửa đổi, bổ sung một số điều của quy chế về kinh doanh bán hàng miễn thuế ban hành kèm theo quyết định số 24/2009/QĐ-TTg ngày 17 tháng 02 năm 2009 của Thủ tướng Chính phủ",57573,305,10,TP_HO_CHI_MINH,Nguyễn Tấn Dũng,19/07/2013,https://files.customs.gov.vn/CustomsCMS/TP_HO_CHI_MINH/2020/Web/Data/DocumentAttachments/44_2013_QD-TTg_201586.doc,https://www.customs.gov.vn/index.jsp?pageId=3&id=57573&cid=1294,2013,07/2013,2026-10-08T09:45:12Z
311,80/2013/NÐ-CP,19/07/2013,Chính phủ,"Nghị định 80/2013/NĐ-CP quy định về xử phạt vi phạm hành chính trong lĩnh vực tiêu chuẩn, đo lường và chất lượng sản phẩm, hàng hóa",54221,305,8,TP_HO_CHI_MINH,Nguyễn Tấn Dũng,15/09/2013,https://files.customs.gov.vn/CustomsCMS/TP_HO_CHI_MINH/2020/Web/Data/DocumentAttachments/80_2013_ND-CP_201710.doc,https://www.customs.gov.vn/index.jsp?pageId=3&id=54221&cid=1294,2013,07/2013,2026-10-08T09:45:12Z
312,81/2013/NÐ-CP,19/07/2013,Chính phủ,Nghị định 81/2013/NĐ-CP hướng dẫn và biện pháp thi hành Luật xử lý vi phạm hành chính,53343,305,8,TP_HO_CHI_MINH,Nguyễn Tấn Dũng,19/07/2013,https://files.customs.gov.vn/CustomsCMS/TP_HO_CHI_MINH/2020/Web/Data/DocumentAttachments/81_2013_ND-CP_202111.doc,https://www.customs.gov.vn/index.jsp?pageId=3&id=53343&cid=1294,2013,07/2013,2026-10-08T09:45:12Z
313,82/2013/NÐ-CP,19/07/2013,Chính phủ,Ban hành các Danh mục chất ma túy và tiền chất,53462,305,8,TP_HO_CHI_MINH,Nguyễn Tấn Dũng,15/09/2013,"https://files.customs.gov.vn/CustomsCMS/TP_HO_CHI_MINH/2020/Web/Data/DocumentAttachments/82_2013_ND_CP_Danh_muc.doc,/CustomsCMS/TP_HO_CHI_MINH/2020/Web/Data/DocumentAttachments/82_2013_ND_CP_Ban_hanh_cac_Danh_muc_chat_ma_tuy_va_tien_chat.doc",https://www.customs.gov.vn/index.jsp?pageId=3&id=53462&cid=1294,2013,07/2013,2026-10-08T09:45:12Z
314,9392/BTC-CST,19/07/2013,Bộ Tài chính,V/v Chính sách thuế mặt hàng đèn LED (Công ty cổ phần phát triển công nghệ Sao Nam),63331,305,18,DONG_NAI,null,null,,https://www.customs.gov.vn/index.jsp?pageId=3&id=63331&cid=1294,2013,07/2013,2026-10-08T09:45:12Z
315,1448/HQĐNa-GSQL,18/07/2013,Cục Hải Quan tỉnh Đồng Nai,V/v Báo cáo định kỳ hoạt động của Đại lý hải quan,64399,305,18,DONG_NAI,null,null,https://files.customs.gov.vn/DONG_NAI//Data/Cv_Hqdn/1448_HQDNa_GSQL_18_07_2013.pdf,https://www.customs.gov.vn/index.jsp?pageId=3&id=64399&cid=1294,2013,07/2013,2026-10-08T09:45:12Z
316,1450/XN-HQĐNa-GSQL,18/07/2013,Cục Hải Quan tỉnh Đồng Nai,V/v Xác nhận điều kiện hoạt động đại lý hải quan (Công ty TNHH Vĩnh Cường),64398,305,18,DONG_NAI,null,null,https://files.customs.gov.vn/DONG_NAI//Data/Cv_Hqdn/1450_XN_HQDNa_GSQL_18_07_2013.pdf,https://www.customs.gov.vn/index.jsp?pageId=3&id=64398&cid=1294,2013,07/2013,2026-10-08T09:45:12Z
317,3974/TCHQ-TXNK,17/07/2013,Tổng cục hải quan,V/v Xác định trị giá tính thuế hàng nhập khẩu (Công ty Cổ phần đầu tư dịch vụ Hoàn Huy),63334,305,18,DONG_NAI,null,null,,https://www.customs.gov.vn/index.jsp?pageId=3&id=63334&cid=1294,2013,07/2013,2026-10-08T09:45:12Z
318,4034/TCHQ-GSQL,17/07/2013,Tổng cục hải quan,V/v Thủ tục hải quan xuất khẩu tàu biển đã xuất cảnh (Công ty cổ phần Vận tải và thuê tàu),63333,305,18,DONG_NAI,null,null,,https://www.customs.gov.vn/index.jsp?pageId=3&id=63333&cid=1294,2013,07/2013,2026-10-08T09:45:12Z
319,4035/TCHQ-PC,17/07/2013,Tổng cục hải quan,V/v Vướng mắc xử phạt (Công ty TNHH Adora Paints (Việt Nam)),63332,305,18,DONG_NAI,null,null,,https://www.customs.gov.vn/index.jsp?pageId=3&id=63332&cid=1294,2013,07/2013,2026-10-08T09:45:12Z
320,78/2013/NĐ-CP,17/07/2013,Chính phủ,Nghị định về minh bạch tài sản thu nhập,60971,305,8,TONG_CUC,Nguyễn Tấn Dũng,05/09/2013,https://files.customs.gov.vn/BINH_DUONG/CMS/Lists/VanBanPhapQuy_VN/Attachments/3148/78.2013.ND.CP.doc,https://www.customs.gov.vn/index.jsp?pageId=3&id=60971&cid=1294,2013,07/2013,2026-10-08T09:45:12Z
321,9208/BTC-TCHQ,16/07/2013,Bộ Tài chính,V/v Giải tỏa cưỡng chế (Công ty xi măng Nghi Sơn),63335,305,18,DONG_NAI,null,null,https://files.customs.gov.vn/DONG_NAI//Data/CV_BTC/9208_BTC_TCHQ_16_07_2013.pdf,https://www.customs.gov.vn/index.jsp?pageId=3&id=63335&cid=1294,2013,07/2013,2026-10-08T09:45:12Z
322,3909/TCHQ-CCHĐH,15/07/2013,Tổng cục hải quan,V/v Hướng dẫn vướng mắc thực hiện công văn số 3527/TCHQ-CCHĐH (Công ty TNHH tiếp vận Thăng Long),63336,305,18,DONG_NAI,null,null,,https://www.customs.gov.vn/index.jsp?pageId=3&id=63336&cid=1294,2013,07/2013,2026-10-08T09:45:12Z
323,42/2013/QÐ-TTG,15/07/2013,Thủ tướng Chính phủ,"Quy định về quản lý thuốc dùng cho người theo đường xuất khẩu, nhập khẩu phi mậu dịch và sửa đổi, bổ sung một số điều của Quy định về việc nhập khẩu thuốc chưa có số đăng ký tại Việt Nam ban hành kèm theo Quyết định số 151/2007/QĐ-TTg ngày 12 tháng 9 năm 2007 của Thủ tướng Chính phủ",57455,305,10,TP_HO_CHI_MINH,Nguyễn Tấn Dũng,01/01/2014,https://files.customs.gov.vn/CustomsCMS/TP_HO_CHI_MINH/2020/Web/Data/DocumentAttachments/42_2013_QD_TTg_Quy_dinh_ve_quan_ly_thuoc_dung_cho_nguoi_theo_duong_xuat_khau__nhap_khau_phi_mau_dich.doc,https://www.customs.gov.vn/index.jsp?pageId=3&id=57455&cid=1294,2013,07/2013,2026-10-08T09:45:12Z
324,75/2013/NÐ-CP,15/07/2013,Chính phủ,"Sửa đổi Nghị định số 27/2011/NĐ-CP ngày 09 tháng 4 năm 2011 của Chính phủ về cung cấp, khai thác, xử lý, sử dụng thông tin về hành khách trước khi nhập cảnh Việt Nam qua đường hàng không",53569,305,8,TP_HO_CHI_MINH,Nguyễn Tấn Dũng,01/09/2013,https://files.customs.gov.vn/CustomsCMS/TP_HO_CHI_MINH/2020/Web/Data/DocumentAttachments/75_2013_ND_CP_Sua_doi_Nghi_dinh_27_2011_ND_CP.doc,https://www.customs.gov.vn/index.jsp?pageId=3&id=53569&cid=1294,2013,07/2013,2026-10-08T09:45:12Z
325,07/2013/UBTVQH13,12/07/2013,Ủy ban thường vụ Quốc hội,"Pháp Lệnh sửa đổi, bổ sung một số điều của pháp lệnh quản lý, sử dụng vũ khí, vật liệu nổ và công cụ hỗ trợ",52246,305,13,TP_HO_CHI_MINH,Nguyễn Sinh Hùng,01/03/2014,https://files.customs.gov.vn/CustomsCMS/TP_HO_CHI_MINH/2020/Web/Data/DocumentAttachments/07_2013_UBTVQH13_203890.doc,https://www.customs.gov.vn/index.jsp?pageId=3&id=52246&cid=1294,2013,07/2013,2026-10-08T09:45:12Z
326,647/GSQL-GQ3,12/07/2013,Tổng cục hải quan,V/v Thủ tục hải quan tạm xuất - tái nhập hàng hóa để sửa chữa(Công ty TNHH Agilent Technilogies Việt Nam),63337,305,18,DONG_NAI,null,null,,https://www.customs.gov.vn/index.jsp?pageId=3&id=63337&cid=1294,2013,07/2013,2026-10-08T09:45:12Z
327,07/VBHN-VPQH,11/07/2013,Quốc hội,Pháp lệnh Ngoại hối,52797,305,13,TP_HO_CHI_MINH,Nguyễn Hạnh Phúc,11/07/2013,https://files.customs.gov.vn/CustomsCMS/TP_HO_CHI_MINH/2020/Web/Data/DocumentAttachments/07_VBHN-VPQH_204381.doc,https://www.customs.gov.vn/index.jsp?pageId=3&id=52797&cid=1294,2013,07/2013,2026-10-08T09:45:12Z
328,1386/HQĐNa-CCHĐH,11/07/2013,Cục Hải Quan tỉnh Đồng Nai,"V/v Thông báo điều kiện, thủ tục công nhận Doanh nghiệp ưu tiên",64400,305,18,DONG_NAI,null,null,https://files.customs.gov.vn/DONG_NAI//Data/Cv_Hqdn/1386_HQDNa_CCHDH_11_07_2013.pdf,https://www.customs.gov.vn/index.jsp?pageId=3&id=64400&cid=1294,2013,07/2013,2026-10-08T09:45:12Z
329,3822/TCHQ-TXNK,11/07/2013,Tổng cục hải quan,"V/v Tạm nhập tái xuất linh kiện, phụ tùng sửa chữa tàu biển (Công ty TNHH thương mại Khánh Hòa)",63338,305,18,DONG_NAI,null,null,,https://www.customs.gov.vn/index.jsp?pageId=3&id=63338&cid=1294,2013,07/2013,2026-10-08T09:45:12Z
330,1371/HQĐNa-TXNK,09/07/2013,Cục Hải Quan tỉnh Đồng Nai,"V/v Thực hiện bảo lãnh thuế khi Luật sửa đổi, bổ sung Luật QLT có hiệu lực ngày 01/07/2013",64401,305,18,DONG_NAI,null,null,https://files.customs.gov.vn/DONG_NAI//Data/Cv_Hqdn/1371_HQDNa_TXNK_09_07_2013.pdf,https://www.customs.gov.vn/index.jsp?pageId=3&id=64401&cid=1294,2013,07/2013,2026-10-08T09:45:12Z
331,3784/TCHQ-GSQL,09/07/2013,Tổng cục hải quan,"V/v Thủ tục hải quan đối với bao bì nhập khẩu để đóng gói sản phẩm xuất khẩu (HQ Long An, Công ty Furukawa Automotive Systems Việt Nam)",63339,305,18,DONG_NAI,null,null,,https://www.customs.gov.vn/index.jsp?pageId=3&id=63339&cid=1294,2013,07/2013,2026-10-08T09:45:12Z
332,3753/TCHQ-TXNK,08/07/2013,null,Hướng dẫn phân loại mặt hàng Đại táo,74204,305,16,DA_NANG,Hoàng Việt Cường,08/07/2013,https://files.customs.gov.vn/DA_NANG/Uploads/65e32243-11bf-4695-985d-c1563e8c13ba/3753.tif,https://www.customs.gov.vn/index.jsp?pageId=3&id=74204&cid=1294,2013,07/2013,2026-10-08T09:45:12Z
333,3768/TCHQ-TXNK,08/07/2013,Tổng cục hải quan,V/v Thu thuế bổ sung phí THC (Công ty cổ phần sản xuất và XNK Dệt may),63340,305,18,DONG_NAI,null,null,,https://www.customs.gov.vn/index.jsp?pageId=3&id=63340&cid=1294,2013,07/2013,2026-10-08T09:45:12Z
334,1346/XN-HQĐNa-GSQL,05/07/2013,Cục Hải Quan tỉnh Đồng Nai,V/v Xác nhận điều kiện hoạt động đại lý hải quan (Công ty Cổ phần Tiếp vận Thành Long),64402,305,18,DONG_NAI,null,null,https://files.customs.gov.vn/DONG_NAI//Data/Cv_Hqdn/1346_XN_HQDNa_GSQL_05_07_2013.pdf,https://www.customs.gov.vn/index.jsp?pageId=3&id=64402&cid=1294,2013,07/2013,2026-10-08T09:45:12Z
335,3746/TCHQ-TXNK,05/07/2013,Tổng cục hải quan,V/v Thu thuế bổ sung phí THC (Công ty CP Muối và thương mại Miền Trung),63341,305,18,DONG_NAI,null,null,,https://www.customs.gov.vn/index.jsp?pageId=3&id=63341&cid=1294,2013,07/2013,2026-10-08T09:45:12Z
336,1096/KT3-TH,04/07/2013,Khác,V/v Không tiếp nhận HSĐK kiểm tra phân bón nhóm 1,63342,305,18,DONG_NAI,null,null,https://files.customs.gov.vn/DONG_NAI//Data/CV_nganh_khac/1096_KT3_TH_04_07_2013.pdf,https://www.customs.gov.vn/index.jsp?pageId=3&id=63342&cid=1294,2013,07/2013,2026-10-08T09:45:12Z
337,1335-1337/HQĐNa-CCHĐH(HủytheoQĐ3899/QĐ-TCHQngày10/11/2016),04/07/2013,Cục Hải Quan tỉnh Đồng Nai,V/v Danh sách số điện thoại (đường dây nóng) của Lãnh đạo Cục và Chi cục,64404,305,16,DONG_NAI,null,null,https://files.customs.gov.vn/DONG_NAI//Data/Cv_Hqdn/1335_1337_HQDNa_CCHDH_04_07_2013.pdf,https://www.customs.gov.vn/index.jsp?pageId=3&id=64404&cid=1294,2013,07/2013,2026-10-08T09:45:12Z
338,1339/HQĐNa-CCHĐH,04/07/2013,Cục Hải Quan tỉnh Đồng Nai,V/v Hướng dẫn giám sát hải quan thực hiện thủ tục hải quan điện tử,64403,305,18,DONG_NAI,null,null,https://files.customs.gov.vn/DONG_NAI//Data/Cv_Hqdn/1339_HQDNa_CCHDH_04_07_2013.pdf,https://www.customs.gov.vn/index.jsp?pageId=3&id=64403&cid=1294,2013,07/2013,2026-10-08T09:45:12Z
339,3680/TCHQ-GSQL,03/07/2013,Tổng cục hải quan,"V/v Thủ tục tiêu hủy máy móc, thiết bị do bên thuê gia công từ bỏ (Công ty CP giày Phúc Yên)",63344,305,18,DONG_NAI,null,null,,https://www.customs.gov.vn/index.jsp?pageId=3&id=63344&cid=1294,2013,07/2013,2026-10-08T09:45:12Z
340,3694/TCHQ-CCHĐH,03/07/2013,Tổng cục hải quan,V/v Vướng mắc danh mục hàng hóa nhập khẩu tạo TSCĐ của DNCX (HQ Hà Nội; Công ty TNHH Enplas Việt Nam),63343,305,18,DONG_NAI,null,null,,https://www.customs.gov.vn/index.jsp?pageId=3&id=63343&cid=1294,2013,07/2013,2026-10-08T09:45:12Z
341,3704/TCHQ-TXNK,03/07/2013,null,Thuế đối với hàng nông sản nhập khẩu,74200,305,16,DA_NANG,Lưu Mạnh Tưởng,03/07/2013,https://files.customs.gov.vn/DA_NANG/Uploads/65e32243-11bf-4695-985d-c1563e8c13ba/3704.tif,https://www.customs.gov.vn/index.jsp?pageId=3&id=74200&cid=1294,2013,07/2013,2026-10-08T09:45:12Z
342,3660/TCHQ-CCHĐH,02/07/2013,null,Thực hiện thủ tục hải quan cho doanh nghiệp chế xuất,74199,305,16,DA_NANG,Trần Quốc Định,02/07/2013,https://files.customs.gov.vn/DA_NANG/Uploads/65e32243-11bf-4695-985d-c1563e8c13ba/3660-TCHQ-CCHĐH.tif,https://www.customs.gov.vn/index.jsp?pageId=3&id=74199&cid=1294,2013,07/2013,2026-10-08T09:45:12Z
343,1303/HQĐNa-TXNK,01/07/2013,Cục Hải Quan tỉnh Đồng Nai,V/v Điều chỉnh Danh mục hàng hóa nhập khẩu miễn thuế tạo TSCĐ (Công ty CP Việt Pháp sản xuất thức ăn chăn nuôi gia súc - Proconco),64405,305,18,DONG_NAI,null,null,https://files.customs.gov.vn/DONG_NAI//Data/Cv_Hqdn/1303_HQDNa_TXNK_01_07_2013.pdf,https://www.customs.gov.vn/index.jsp?pageId=3&id=64405&cid=1294,2013,07/2013,2026-10-08T09:45:12Z
344,3613/TCHQ-TXNK,01/07/2013,null,Mặt hàng giấy thấm dầu - Oil removing paper,74188,305,16,DA_NANG,Hoàng Việt Cường,01/07/2013,https://files.customs.gov.vn/DA_NANG/Uploads/65e32243-11bf-4695-985d-c1563e8c13ba/3613.tif,https://www.customs.gov.vn/index.jsp?pageId=3&id=74188&cid=1294,2013,07/2013,2026-10-08T09:45:12Z
345,52/2013/NĐ-CP,01/07/2013,Chính phủ,Nghị định 52/2013/NĐ-CP của Chính phủ về thương mại điện tử,61881,305,8,QUANG_NGAI,Nguyễn Tấn Dũng,01/01/1900,https://files.customs.gov.vn/QUANG_NGAI/52_2013_NĐ-CP_16052013.pdf,https://www.customs.gov.vn/index.jsp?pageId=3&id=61881&cid=1294,2013,07/2013,2026-10-08T09:45:12Z
346,11605/QĐ-BTC,30/08/2013,null,Xử lý nợ thuế,74247,305,16,DA_NANG,Hoàng Việt Cường,30/08/2013,https://files.customs.gov.vn/DA_NANG/Uploads/65e32243-11bf-4695-985d-c1563e8c13ba/11605BTC.tif,https://www.customs.gov.vn/index.jsp?pageId=3&id=74247&cid=1294,2013,08/2013,2026-10-08T09:45:12Z
347,5168/TCHQ-TXNK,30/08/2013,Tổng cục hải quan,"V/v Xử lý thuế, tiền chậm nộp (Công ty TNHH Gạch men Hoàng Gia)",62212,305,18,DONG_NAI,null,null,,https://www.customs.gov.vn/index.jsp?pageId=3&id=62212&cid=1294,2013,08/2013,2026-10-08T09:45:12Z
348,6226/QĐ-BCT,29/08/2013,null,"Bổ sung một số mặt hàng được sản xuất từ Campuchia nhập khẩu vào nước Cộng hòa xã hội chủ nghĩa Việt Nam qua cửa khẩu biên giới tỉnh Kiên Giang dưới hình thức mua, bán, trao đổi cư dân biên giới",74273,305,10,DA_NANG,Nguyễn Cẩm Tú,01/10/2013,https://files.customs.gov.vn/DA_NANG/Uploads/65e32243-11bf-4695-985d-c1563e8c13ba/9.17 NK HH tu campuchia.tif,https://www.customs.gov.vn/index.jsp?pageId=3&id=74273&cid=1294,2013,08/2013,2026-10-08T09:45:12Z
349,5120/TCHQ-GSQL,29/08/2013,Tổng cục hải quan,"V/v Bán phế liệu, phế phẩm nằm trong định mức (Công ty TNHH EM-TECH Việt Nam)",62213,305,18,DONG_NAI,null,null,,https://www.customs.gov.vn/index.jsp?pageId=3&id=62213&cid=1294,2013,08/2013,2026-10-08T09:45:12Z
350,1749/HQĐNa-GSQL,28/08/2013,Cục Hải Quan tỉnh Đồng Nai,V/v Thủ tục Hải quan đối với hàng hóa từ nước ngoài gửi kho ngoại quan để xuất đi nước khác,64384,305,18,DONG_NAI,null,null,https://files.customs.gov.vn/DONG_NAI//Data/Cv_Hqdn/1749_HQDNa_GSQL_28_08_2013.pdf,https://www.customs.gov.vn/index.jsp?pageId=3&id=64384&cid=1294,2013,08/2013,2026-10-08T09:45:12Z
351,2687/QĐ-TCHQ,28/08/2013,Tổng cục hải quan,V/v Đình chỉ áp dụng chế độ ưu tiên (Tổng Công ty Dầu Việt Nam),62214,305,10,DONG_NAI,null,null,https://files.customs.gov.vn/DONG_NAI//Data/CV_TCHQ/2687_QD_TCHQ_28_08_2013.pdf,https://www.customs.gov.vn/index.jsp?pageId=3&id=62214&cid=1294,2013,08/2013,2026-10-08T09:45:12Z
352,5059/TCHQ-TXNK,27/08/2013,Tổng cục hải quan,V/v Ân hạn thuế NK 275 ngày  (Công ty CP Quốc tế Phong Phú),62216,305,18,DONG_NAI,null,null,,https://www.customs.gov.vn/index.jsp?pageId=3&id=62216&cid=1294,2013,08/2013,2026-10-08T09:45:12Z
353,5079/TCHQ-TXNK,27/08/2013,Tổng cục hải quan,V/v Xử lý tỷ giá tính thuế đối với thủ tục Hải quan điện tử (HQ TP. Hồ Chí Minh),62215,305,18,DONG_NAI,null,null,,https://www.customs.gov.vn/index.jsp?pageId=3&id=62215&cid=1294,2013,08/2013,2026-10-08T09:45:12Z
354,11319/BTC-TCHQ,26/08/2013,Bộ Tài chính,V/v Thuế nhập khẩu và thuế GTGT mặt hàng ống thép bọc bê tông gia trọng (Công ty dịch vụ cơ khí hàng hải PTSC),62220,305,18,DONG_NAI,null,null,,https://www.customs.gov.vn/index.jsp?pageId=3&id=62220&cid=1294,2013,08/2013,2026-10-08T09:45:12Z
355,1490/QĐ-TTg,26/08/2013,Chính phủ,V/v Phê duyệt quy hoạch phát triển hệ thống cửa khẩu biên giới đất liền Việt Nam - Campuchia đến năm 2020,62219,305,10,DONG_NAI,null,null,,https://www.customs.gov.vn/index.jsp?pageId=3&id=62219&cid=1294,2013,08/2013,2026-10-08T09:45:12Z
356,5035/TCHQ-PC,26/08/2013,Tổng cục hải quan,V/v Vướng mắc xử lý tiền chậm nộp tiền phạt VPHC (Công ty TNHH Thương phẩm Atlantic Việt Nam),62221,305,18,DONG_NAI,null,null,,https://www.customs.gov.vn/index.jsp?pageId=3&id=62221&cid=1294,2013,08/2013,2026-10-08T09:45:12Z
357,5049/TCHQ-TXNK,26/08/2013,Tổng cục hải quan,V/v Phân loại mặt hàng tấm formica (HQ Hồ Chí Minh),62218,305,18,DONG_NAI,null,null,,https://www.customs.gov.vn/index.jsp?pageId=3&id=62218&cid=1294,2013,08/2013,2026-10-08T09:45:12Z
358,825/GSQL-GQ2,26/08/2013,Tổng cục hải quan,V/v Đăng kí hợp đồng và nhập khẩu theo loại hình gia công ( Công ty Cổ phần Công nghệ Tương lai Đất Việt),62217,305,18,DONG_NAI,null,null,,https://www.customs.gov.vn/index.jsp?pageId=3&id=62217&cid=1294,2013,08/2013,2026-10-08T09:45:12Z
359,4939/TCHQ-TXNK,23/08/2013,Tổng cục hải quan,V/v Hoàn thuế GTGT đối với DNCX thực hiện quyền NK (Tổng cục Thuế),62222,305,18,DONG_NAI,null,null,,https://www.customs.gov.vn/index.jsp?pageId=3&id=62222&cid=1294,2013,08/2013,2026-10-08T09:45:12Z
360,7513/BCT-QLCT,23/08/2013,Bộ Công thương,Áp dụng biện pháp tự vệ chính thức đối với mặt hàng dầu thực vật nhấp khẩu vào Việt Nam,61224,305,16,TONG_CUC,Hồ Thị Kim Thoa,23/08/2013,,https://www.customs.gov.vn/index.jsp?pageId=3&id=61224&cid=1294,2013,08/2013,2026-10-08T09:45:12Z
361,11198/BTC-TCHQ,22/08/2013,Bộ Tài chính,V/v Thuế nhập khẩu và thuế giá trị gia tăng của dự án đầu tư,62224,305,18,DONG_NAI,null,null,https://files.customs.gov.vn/DONG_NAI//Data/CV_BTC/11198_BTC_TCHQ_22_08_2013.pdf,https://www.customs.gov.vn/index.jsp?pageId=3&id=62224&cid=1294,2013,08/2013,2026-10-08T09:45:12Z
362,11213/BTC-CST,22/08/2013,Bộ Tài chính,V/v Kiến nghị giảm thuế xuất khẩu mặt hàng gỗ cây cao su (Tập đoàn Cao su Việt Nam),62223,305,18,DONG_NAI,null,null,,https://www.customs.gov.vn/index.jsp?pageId=3&id=62223&cid=1294,2013,08/2013,2026-10-08T09:45:12Z
363,1696/HQĐNa-VP,22/08/2013,Cục Hải Quan tỉnh Đồng Nai,V/v Nghỉ Lễ Quốc Khánh 02/09,64386,305,18,DONG_NAI,null,null,https://files.customs.gov.vn/DONG_NAI//Data/Cv_Hqdn/1696_HQDNa_VP_22_08_2013.pdf,https://www.customs.gov.vn/index.jsp?pageId=3&id=64386&cid=1294,2013,08/2013,2026-10-08T09:45:12Z
364,1698/HQĐNa-GSQL,22/08/2013,Cục Hải Quan tỉnh Đồng Nai,V/v Thành lập kho ngoại quan (Chi nhánh Công ty TNHH Robert Bosch VN),64385,305,18,DONG_NAI,null,null,https://files.customs.gov.vn/DONG_NAI//Data/Cv_Hqdn/1698_HQDNa_GSQL_22_08_2013.pdf,https://www.customs.gov.vn/index.jsp?pageId=3&id=64385&cid=1294,2013,08/2013,2026-10-08T09:45:12Z
365,4906/TCHQ-TXNK,22/08/2013,Tổng cục hải quan,"V/v Bán phế liệu, phế phẩm nằm trong định mức (Công ty Quốc tế Việt Pan - Pacific (VPI))",62226,305,18,DONG_NAI,null,null,,https://www.customs.gov.vn/index.jsp?pageId=3&id=62226&cid=1294,2013,08/2013,2026-10-08T09:45:12Z
366,4926/TCHQ-GSQL,22/08/2013,Tổng cục hải quan,"V/v Bán phế liệu, phế phẩm nằm trong định mức (Công ty TNHH EM-TECH Việt Nam)",62225,305,18,DONG_NAI,null,null,,https://www.customs.gov.vn/index.jsp?pageId=3&id=62225&cid=1294,2013,08/2013,2026-10-08T09:45:12Z
367,805/GSQL-GQ1,22/08/2013,Tổng cục hải quan,V/v Hướng dẫn thủ tục hải quan (Công ty CP xuất nhập khẩu y tế Việt Nam),62228,305,18,DONG_NAI,null,null,,https://www.customs.gov.vn/index.jsp?pageId=3&id=62228&cid=1294,2013,08/2013,2026-10-08T09:45:12Z
368,812/GSQL-TH,22/08/2013,Tổng cục hải quan,V/v Quy định dán nhãn năng lượng (Công ty TNHH Điện tử Mát Su),62227,305,18,DONG_NAI,null,null,,https://www.customs.gov.vn/index.jsp?pageId=3&id=62227&cid=1294,2013,08/2013,2026-10-08T09:45:12Z
369,4881/TCHQ-GSQL,21/08/2013,null,Thủ tục nhập khẩu thực phẩm,74238,305,16,DA_NANG,Vũ Ngọc Anh,21/08/2013,https://files.customs.gov.vn/DA_NANG/Uploads/65e32243-11bf-4695-985d-c1563e8c13ba/28.8 NK thuc pham.tif,https://www.customs.gov.vn/index.jsp?pageId=3&id=74238&cid=1294,2013,08/2013,2026-10-08T09:45:12Z
370,4872/TCHQ-TXNK,21/08/2013,Tổng cục hải quan,V/v Hoàn thuế (Công ty TNHH TM-DV Môi trường Nguyệt Minh 2),62233,305,18,DONG_NAI,null,null,,https://www.customs.gov.vn/index.jsp?pageId=3&id=62233&cid=1294,2013,08/2013,2026-10-08T09:45:12Z
371,4874/TCHQ-TXNK,21/08/2013,Tổng cục hải quan,V/v Phân loại mặt hàng thuốc Decolgen (HQ Tp. Hồ Chí Minh),62232,305,18,DONG_NAI,null,null,,https://www.customs.gov.vn/index.jsp?pageId=3&id=62232&cid=1294,2013,08/2013,2026-10-08T09:45:12Z
372,4881/TCHQ-GSQL,21/08/2013,Tổng cục hải quan,"V/v Thủ tục nhập khẩu thực phẩm (HQ các tỉnh, thành phố)",62231,305,18,DONG_NAI,null,null,,https://www.customs.gov.vn/index.jsp?pageId=3&id=62231&cid=1294,2013,08/2013,2026-10-08T09:45:12Z
373,4892/TCHQ-TXNK,21/08/2013,Tổng cục hải quan,V/v Khai bổ sung (Công ty TNHH Chế biến bột mỳ Mêkong; HQ Bà Rịa - Vũng Tàu),62230,305,18,DONG_NAI,null,null,,https://www.customs.gov.vn/index.jsp?pageId=3&id=62230&cid=1294,2013,08/2013,2026-10-08T09:45:12Z
374,802/GSQL-TH,21/08/2013,Tổng cục hải quan,"V/v Máy móc, thiết bị gửi kho ngoại quan (Công ty TNHH Sanyo Semiconductor Việt Nam)",62229,305,18,DONG_NAI,null,null,,https://www.customs.gov.vn/index.jsp?pageId=3&id=62229&cid=1294,2013,08/2013,2026-10-08T09:45:12Z
375,11066/BTC-CST,20/08/2013,Bộ Tài chính,V/v Thuế GTGT mặt hàng vi sinh dùng trong sản xuất nông nghiệp và nuôi trồng thủy sản (Công ty TNHH Công nghệ - Kỹ thuật - Sinh hóa Thái Nam Việt),62235,305,18,DONG_NAI,null,null,,https://www.customs.gov.vn/index.jsp?pageId=3&id=62235&cid=1294,2013,08/2013,2026-10-08T09:45:12Z
376,4806/TCHQ-TXNK,16/08/2013,Tổng cục hải quan,V/v Hướng dẫn thủ tục hải quan (Công ty TNHH Crystal Sweater Việt Nam.),62237,305,18,DONG_NAI,null,null,,https://www.customs.gov.vn/index.jsp?pageId=3&id=62237&cid=1294,2013,08/2013,2026-10-08T09:45:12Z
377,4820/TCHQ-TXNK,16/08/2013,Tổng cục hải quan,V/v Thuế GTGT đối với đồ thủy tinh cho phòng thí nghiệm (Công ty TNHH TM DV Hồng Lợi),62236,305,18,DONG_NAI,null,null,,https://www.customs.gov.vn/index.jsp?pageId=3&id=62236&cid=1294,2013,08/2013,2026-10-08T09:45:12Z
378,4757/TCHQ-TXNK,15/08/2013,null,Trả lời vướng mắc chứng từ thanh toán,74229,305,16,DA_NANG,Hoàng Việt Cường,15/08/2013,https://files.customs.gov.vn/DA_NANG/Uploads/65e32243-11bf-4695-985d-c1563e8c13ba/1_20.8 chung tu thanh toan.tif,https://www.customs.gov.vn/index.jsp?pageId=3&id=74229&cid=1294,2013,08/2013,2026-10-08T09:45:12Z
379,4762/TCHQ-GSQL,15/08/2013,null,Vướng mắc thực hiện CV số 17060/BTC-VP ngày 07/12/2012 của Bộ Tài chính,74231,305,16,DA_NANG,Vũ Ngọc Anh,15/08/2013,https://files.customs.gov.vn/DA_NANG/Uploads/65e32243-11bf-4695-985d-c1563e8c13ba/20.8 vm cv 17060.tif,https://www.customs.gov.vn/index.jsp?pageId=3&id=74231&cid=1294,2013,08/2013,2026-10-08T09:45:12Z
380,4787/TCHQ-GSQL,15/08/2013,null,Xử lý vướng mắc khi thực hiện CV số 6648/BTC-TCHQ ngày 24/5/2013 và CV số 7057/BTC-TCHQ ngày 03/6/2013 của Bộ Tài chính,74232,305,16,DA_NANG,Vũ Ngọc Anh,15/08/2013,https://files.customs.gov.vn/DA_NANG/Uploads/65e32243-11bf-4695-985d-c1563e8c13ba/20.8 xu ly vm.tif,https://www.customs.gov.vn/index.jsp?pageId=3&id=74232&cid=1294,2013,08/2013,2026-10-08T09:45:12Z
381,111/2013/TT-BTC,15/08/2013,Bộ Tài chính,"Hướng dẫn thực hiện một số điều của Luật Thuế thu nhập cá nhân, Luật sửa đổi, bổ sung một số điều của Luật Thuế thu nhập cá nhân và Nghị định số 65/2013/NĐ-CP ngày 27 tháng 6 năm 2013 của Chính phủ quy định chi tiết một số điều của Luật Thuế thu nhập cá nhân và Luật sửa đổi, bổ sung một số điều của Luật Thuế thu nhập cá nhân",58952,305,4,TP_HO_CHI_MINH,Đỗ Hoàng Anh Tuấn,01/10/2013,"https://files.customs.gov.vn/CustomsCMS/TP_HO_CHI_MINH/2020/Web/Data/DocumentAttachments/111_2013_TT_BTC_PhuLuc.docx,/CustomsCMS/TP_HO_CHI_MINH/2020/Web/Data/DocumentAttachments/111_2013_TT_BTC_Huong_dan_thuc_hien_Nghi_dinh_so_652013ND-CP.doc",https://www.customs.gov.vn/index.jsp?pageId=3&id=58952&cid=1294,2013,08/2013,2026-10-08T09:45:12Z
382,1662/HQĐNa-TXNK,15/08/2013,Cục Hải Quan tỉnh Đồng Nai,"V/v Sửa đổi, bổ sung mục lục Ngân sách Nhà nước",64387,305,18,DONG_NAI,null,null,https://files.customs.gov.vn/DONG_NAI//Data/Cv_Hqdn/1662_HQDNa_TXNK_15_08_2013.pdf,https://www.customs.gov.vn/index.jsp?pageId=3&id=64387&cid=1294,2013,08/2013,2026-10-08T09:45:12Z
383,4757/TCHQ-TXNK,15/08/2013,null,Trả lời vướng mắc chứng từ thanh toán,74230,305,16,DA_NANG,Hoàng Việt Cường,15/08/2013,https://files.customs.gov.vn/DA_NANG/Uploads/65e32243-11bf-4695-985d-c1563e8c13ba/4757.tif,https://www.customs.gov.vn/index.jsp?pageId=3&id=74230&cid=1294,2013,08/2013,2026-10-08T09:45:12Z
384,4776/TCHQ-TXNK,15/08/2013,null,Thuế GTGT tài nguyên XK,74234,305,16,DA_NANG,Hoàng Việt Cường,15/08/2013,https://files.customs.gov.vn/DA_NANG/Uploads/65e32243-11bf-4695-985d-c1563e8c13ba/20.8 thue GTGT tai nguyen XK.tif,https://www.customs.gov.vn/index.jsp?pageId=3&id=74234&cid=1294,2013,08/2013,2026-10-08T09:45:12Z
385,7250/BCT-XNK,14/08/2013,null,Giám định hàng hóa XNK đặc thù,74228,305,16,DA_NANG,Trần Tuấn Anh,14/08/2013,https://files.customs.gov.vn/DA_NANG/Uploads/65e32243-11bf-4695-985d-c1563e8c13ba/28.8 giam dinh HH XNK.tif,https://www.customs.gov.vn/index.jsp?pageId=3&id=74228&cid=1294,2013,08/2013,2026-10-08T09:45:12Z
386,10724/BTC-TCT,14/08/2013,null,Bù trừ số thuế GTGT được cơ quan Thuế giải quyết hoàn với số nợ thuế do cơ quan Hải quan quản lý,74227,305,16,DA_NANG,Đỗ Hoàng Anh Tuấn,14/08/2013,https://files.customs.gov.vn/DA_NANG/Uploads/65e32243-11bf-4695-985d-c1563e8c13ba/1_20.8 bu tru thue GTGT.tif,https://www.customs.gov.vn/index.jsp?pageId=3&id=74227&cid=1294,2013,08/2013,2026-10-08T09:45:12Z
387,7250/BCT-XNK,14/08/2013,Bộ Công thương,V/v Giám định hàng hóa xuất nhập khẩu đặc thù (Tổng cục Hải quan),62238,305,18,DONG_NAI,null,null,https://files.customs.gov.vn/DONG_NAI//Data/CV_BCT/7250_BCT_XNK_14_08_2013.pdf,https://www.customs.gov.vn/index.jsp?pageId=3&id=62238&cid=1294,2013,08/2013,2026-10-08T09:45:12Z
388,10645/BTC-TCHQ,13/08/2013,null,Tăng cường quản lý hàng hóa từ nước ngoài gửi kho ngoại quan để xuất đi nước khác,74226,305,16,DA_NANG,Đỗ Hoàng Anh Tuấn,13/08/2013,https://files.customs.gov.vn/DA_NANG/Uploads/65e32243-11bf-4695-985d-c1563e8c13ba/1_20.8 kho ngoai quan.tif,https://www.customs.gov.vn/index.jsp?pageId=3&id=74226&cid=1294,2013,08/2013,2026-10-08T09:45:12Z
389,1303/TB-HQCT,12/08/2013,null,Thông báo triển khai thực hiện E-Manifest,67346,305,18,CAN_THO,null,15/08/2013,https://files.customs.gov.vn/CAN_THO/TB_1303_Emanifest_HQCT.PDF,https://www.customs.gov.vn/index.jsp?pageId=3&id=67346&cid=1294,2013,08/2013,2026-10-08T09:45:12Z
390,MauSo1,12/08/2013,null,Mẫu đăng ký sử dụng E-Manifest,67347,305,18,CAN_THO,null,15/08/2013,https://files.customs.gov.vn/CAN_THO/Mau-dang ky Emanifest.doc,https://www.customs.gov.vn/index.jsp?pageId=3&id=67347&cid=1294,2013,08/2013,2026-10-08T09:45:12Z
391,17/CT-TTG,09/08/2013,null,"Tăng cường quản lý, kiểm soát việc nhập khẩu công nghệ, máy móc, thiết bị của doanh nghiệp",74224,305,3,DA_NANG,Nguyễn Tấn Dũng,09/08/2013,"https://files.customs.gov.vn/DA_NANG/Uploads/65e32243-11bf-4695-985d-c1563e8c13ba/28.8 NK cong nghe, MMTB.tif",https://www.customs.gov.vn/index.jsp?pageId=3&id=74224&cid=1294,2013,08/2013,2026-10-08T09:45:12Z
392,4638/TCHQ-TXNK,09/08/2013,Tổng cục hải quan,V/v Vướng mắc trong việc nộp thuế nhập khẩu (Công ty TNHH Hanmiflexible Vina),62239,305,18,DONG_NAI,null,null,,https://www.customs.gov.vn/index.jsp?pageId=3&id=62239&cid=1294,2013,08/2013,2026-10-08T09:45:12Z
393,10373/BTC-TCHQ,08/08/2013,null,Thuế GTGT mặt hàng sắn lát khô,74216,305,16,DA_NANG,Đỗ Hoàng Anh Tuấn,08/08/2013,https://files.customs.gov.vn/DA_NANG/Uploads/65e32243-11bf-4695-985d-c1563e8c13ba/13.8.thue GTGT san lat kho.tiff,https://www.customs.gov.vn/index.jsp?pageId=3&id=74216&cid=1294,2013,08/2013,2026-10-08T09:45:12Z
394,4565/TCHQ-GSQL,08/08/2013,Tổng cục hải quan,V/v Phương án tiêu hủy tài sản của DNCX ( Công ty TNHH Intel Products Việt Nam),62240,305,18,DONG_NAI,null,null,,https://www.customs.gov.vn/index.jsp?pageId=3&id=62240&cid=1294,2013,08/2013,2026-10-08T09:45:12Z
395,4568/TCHQ-GSQL,08/08/2013,null,Nhập khẩu phế liệu từ khu chế xuất,74218,305,16,DA_NANG,Vũ Ngọc Anh,08/08/2013,https://files.customs.gov.vn/DA_NANG/Uploads/65e32243-11bf-4695-985d-c1563e8c13ba/13.8.Phe lieu DN CX.tif,https://www.customs.gov.vn/index.jsp?pageId=3&id=74218&cid=1294,2013,08/2013,2026-10-08T09:45:12Z
396,1604/HQĐNa-GSQL,07/08/2013,Cục Hải Quan tỉnh Đồng Nai,Trả lời Công ty TNHH Mitsuba M-Tech Việt Nam v/v vướng mắc đối với C/O mẫu D cấp trước ngày xuất khẩu,64388,305,18,DONG_NAI,null,null,https://files.customs.gov.vn/DONG_NAI//Data/Cv_Hqdn/1604_HQDNa_GSQL_07_08_2013.pdf,https://www.customs.gov.vn/index.jsp?pageId=3&id=64388&cid=1294,2013,08/2013,2026-10-08T09:45:12Z
397,4544/TCHQ-TXNK,07/08/2013,Tổng cục hải quan,V/v Vướng mắc triển khai Luật số 21/2012/QH13 và Thông tư 205/2010/TT-BTC ( Công ty Kinh doanh sản phẩm khí (PVGAS Trading)),62242,305,18,DONG_NAI,null,null,,https://www.customs.gov.vn/index.jsp?pageId=3&id=62242&cid=1294,2013,08/2013,2026-10-08T09:45:12Z
398,743/GSQL-GQ1,07/08/2013,Tổng cục hải quan,V/v Hướng dẫn thủ tục hải quan đối với hàng hóa kinh doanh TNTX ( Công ty TNHH MTV Hưng Vượng),62241,305,18,DONG_NAI,null,null,,https://www.customs.gov.vn/index.jsp?pageId=3&id=62241&cid=1294,2013,08/2013,2026-10-08T09:45:12Z
399,4504/TCHQ-TXNK,06/08/2013,null,Hướng dẫn tiếp công văn 4374/TCHQ-TXNK,74215,305,16,DA_NANG,Hoàng Việt Cường,06/08/2013,https://files.customs.gov.vn/DA_NANG/Uploads/65e32243-11bf-4695-985d-c1563e8c13ba/4504.tif,https://www.customs.gov.vn/index.jsp?pageId=3&id=74215&cid=1294,2013,08/2013,2026-10-08T09:45:12Z
400,1589/ATTP-SP,05/08/2013,null,Kiểm tra chặt các sản phẩm có chứa Whey protein concentrate nhập khẩu từ Neww Zealand,74213,305,16,DA_NANG,Trần Quang Trung,05/08/2013,https://files.customs.gov.vn/DA_NANG/Uploads/65e32243-11bf-4695-985d-c1563e8c13ba/20.8 Whey protein.tif,https://www.customs.gov.vn/index.jsp?pageId=3&id=74213&cid=1294,2013,08/2013,2026-10-08T09:45:12Z
401,1575/HQĐNa-TXNK,05/08/2013,Cục Hải Quan tỉnh Đồng Nai,V/v Đăng ký danh mục hàng hóa nhập khẩu miễn thuế tạo TSCĐ (Công ty TNHH Bao bì nước giải khát Crown Đồng Nai),64390,305,18,DONG_NAI,null,null,https://files.customs.gov.vn/DONG_NAI//Data/Cv_Hqdn/1575_HQDNa_TXNK_05_08_2013.pdf,https://www.customs.gov.vn/index.jsp?pageId=3&id=64390&cid=1294,2013,08/2013,2026-10-08T09:45:12Z
402,1580/HQĐNa-TXNK,05/08/2013,Cục Hải Quan tỉnh Đồng Nai,V/v Đăng ký danh mục hàng hóa nhập khẩu miễn thuế tạo TSCĐ (Sở Tài nguyên và Môi trường Đồng Nai),64389,305,18,DONG_NAI,null,null,https://files.customs.gov.vn/DONG_NAI//Data/Cv_Hqdn/1580_HQDNa_TXNK_05_08_2013.pdf,https://www.customs.gov.vn/index.jsp?pageId=3&id=64389&cid=1294,2013,08/2013,2026-10-08T09:45:12Z
403,4472/TCHQ-TXNK,05/08/2013,Tổng cục hải quan,V/v Phân loại trước hàng dự định nhập khẩu (Công ty TNHH TV DV Gia Bảo),62243,305,18,DONG_NAI,null,null,,https://www.customs.gov.vn/index.jsp?pageId=3&id=62243&cid=1294,2013,08/2013,2026-10-08T09:45:12Z
404,4445/TCHQ-GSQL,02/08/2013,Tổng cục hải quan,V/v Thủ tục xuất khẩu chuyển cửa khẩu đối với mặt hàng vôi sống ( Công ty TNHH Phúc Lộc),62246,305,18,DONG_NAI,null,null,,https://www.customs.gov.vn/index.jsp?pageId=3&id=62246&cid=1294,2013,08/2013,2026-10-08T09:45:12Z
405,4450/TCHQ-TXNK,02/08/2013,Tổng cục hải quan,V/v Ấn định thuế đối với mặt hàng điều hóa (Công ty TNHH SX-KD&TM Mê Linh),62245,305,18,DONG_NAI,null,null,,https://www.customs.gov.vn/index.jsp?pageId=3&id=62245&cid=1294,2013,08/2013,2026-10-08T09:45:12Z
406,734/GSQL-GQ2,02/08/2013,Tổng cục hải quan,V/v Thủ tục hải quan ( Công ty CP Đầu tư XNK - TM Đại Nam),62244,305,18,DONG_NAI,null,null,,https://www.customs.gov.vn/index.jsp?pageId=3&id=62244&cid=1294,2013,08/2013,2026-10-08T09:45:12Z
407,4370/TCHQ-TXNK,01/08/2013,Tổng cục hải quan,Công văn số 4370/TCHQ-TXNK của Tổng cục Hải quan về việc không thu thuế xuất khẩu cho mặt hàng ván sàn gỗ xuất khẩu có nguồn gốc nhập khẩu,43037,305,18,QUANG_BINH,null,null,https://files.customs.gov.vn/CustomsCMS/QUANG_BINH/2021/04/images/stories/files/CV437013TCHQTXNK.doc,https://www.customs.gov.vn/index.jsp?pageId=3&id=43037&cid=1294,2013,08/2013,2026-10-08T09:45:12Z
408,4374/TCHQ-TXNK,01/08/2013,null,Vướng mắc chính sách thuế áp dụng từ ngày 01/7/2013,74209,305,16,DA_NANG,Hoàng Việt Cường,01/08/2013,https://files.customs.gov.vn/DA_NANG/Uploads/65e32243-11bf-4695-985d-c1563e8c13ba/4374.tif,https://www.customs.gov.vn/index.jsp?pageId=3&id=74209&cid=1294,2013,08/2013,2026-10-08T09:45:12Z
409,4383/TCHQ-TXNK,01/08/2013,null,Phân loại tấm mạch in có gắn linh kiện điện tử,74211,305,16,DA_NANG,Hoàng Việt Cường,01/08/2013,https://files.customs.gov.vn/DA_NANG/Uploads/65e32243-11bf-4695-985d-c1563e8c13ba/4383.tif,https://www.customs.gov.vn/index.jsp?pageId=3&id=74211&cid=1294,2013,08/2013,2026-10-08T09:45:12Z
410,4419/TCHQ-TXNK,01/08/2013,Tổng cục hải quan,V/v Thuế đối với nguyên liệu cung ứng cho hợp đồng gia công ( Công ty TNHH Antimon Dương Huy Quảng Ninh Việt Nam),62247,305,18,DONG_NAI,null,null,,https://www.customs.gov.vn/index.jsp?pageId=3&id=62247&cid=1294,2013,08/2013,2026-10-08T09:45:12Z
411,1939/HQĐNa-GSQL,30/09/2013,Cục Hải Quan tỉnh Đồng Nai,V/v Đào tạo thủ tục hải quan điện tử trên hệ thống VNACCS-VCIS,64368,305,18,DONG_NAI,null,null,https://files.customs.gov.vn/DONG_NAI//Data/Cv_Hqdn/1939_HQDNa_GSQL_30_09_2013.pdf,https://www.customs.gov.vn/index.jsp?pageId=3&id=64368&cid=1294,2013,09/2013,2026-10-08T09:45:12Z
412,1943/HQĐNa-TXNK,30/09/2013,Cục Hải Quan tỉnh Đồng Nai,V/v Phúc đáp công văn số 39/VB-HDBĐN ngày 18/09/2013,64367,305,18,DONG_NAI,null,null,https://files.customs.gov.vn/DONG_NAI//Data/Cv_Hqdn/1943_HQDNa_TXNK_30_09_2013.pdf,https://www.customs.gov.vn/index.jsp?pageId=3&id=64367&cid=1294,2013,09/2013,2026-10-08T09:45:12Z
413,1944/HQĐNa-CCHĐH,30/09/2013,Cục Hải Quan tỉnh Đồng Nai,V/v Sửa mã loại hình kinh doanh tạm nhập tái xuất,64366,305,18,DONG_NAI,null,null,https://files.customs.gov.vn/DONG_NAI//Data/Cv_Hqdn/1944_HQDNa_CCHDH_30_09_2013.pdf,https://www.customs.gov.vn/index.jsp?pageId=3&id=64366&cid=1294,2013,09/2013,2026-10-08T09:45:12Z
414,1924/HQĐNa-GSQL,26/09/2013,Cục Hải Quan tỉnh Đồng Nai,Trả lời Công ty TNHH TMXD SX Hoàng Hà v/v đề nghị giải đáp thông tin về hình thức xuất nhập khẩu tại chỗ,64369,305,18,DONG_NAI,null,null,https://files.customs.gov.vn/DONG_NAI//Data/Cv_Hqdn/1924_HQDNa_GSQL_26_09_2013.pdf,https://www.customs.gov.vn/index.jsp?pageId=3&id=64369&cid=1294,2013,09/2013,2026-10-08T09:45:12Z
415,23/2013/TT-BKHCN,26/09/2013,Bộ Khoa Học Công Nghệ,Thông tư quy định về đo lường đối với phương tiện đo nhóm 2,58932,305,4,TP_HO_CHI_MINH,Trần Việt Thanh,15/11/2013,https://files.customs.gov.vn/CustomsCMS/TP_HO_CHI_MINH/2020/Web/Data/DocumentAttachments/23_2013_TT-BKHCN_210442.doc,https://www.customs.gov.vn/index.jsp?pageId=3&id=58932&cid=1294,2013,09/2013,2026-10-08T09:45:12Z
416,1917/HQĐNa-CCHĐH,25/09/2013,Cục Hải Quan tỉnh Đồng Nai,Trả lời Công ty TNHH Jahwa Vina v/v vướng mắc DNCX có được phép cho DNCX khác mượn máy móc thiết bị để phục vụ hợp đồng gia công,64370,305,18,DONG_NAI,null,null,https://files.customs.gov.vn/DONG_NAI//Data/Cv_Hqdn/1917_HQDNa_CCHDH_25_09_2013.pdf,https://www.customs.gov.vn/index.jsp?pageId=3&id=64370&cid=1294,2013,09/2013,2026-10-08T09:45:12Z
417,21/2013/TT-BCT,25/09/2013,null,"Quy định chi tiết một số điều của Nghị định số 67/2013/NĐ-CP ngày 27 tháng 6 năm 2013 của Chính phủ quy định chi tiết một số điều và biện pháp thi hành Luật Phòng, chống tác hại của thuốc lá về kinh doanh thuốc lá",67368,305,18,CAN_THO,null,15/10/2013,https://files.customs.gov.vn/CAN_THO/TT_21_2013_TT-BCT.pdf,https://www.customs.gov.vn/index.jsp?pageId=3&id=67368&cid=1294,2013,09/2013,2026-10-08T09:45:12Z
418,939/GSQL-GQ2,25/09/2013,Tổng cục hải quan,V/v Hướng dẫn thủ tục hải quan (Công ty TNHH JAHWA VINA),62182,305,18,DONG_NAI,null,null,,https://www.customs.gov.vn/index.jsp?pageId=3&id=62182&cid=1294,2013,09/2013,2026-10-08T09:45:12Z
419,1908/HQĐNa-LT,24/09/2013,Cục Hải Quan tỉnh Đồng Nai,V/v Đăng ký thủ tục HQ tại Đội Nghiệp vụ 3 - Chi cục Hải quan Long Thành,64371,305,18,DONG_NAI,null,null,https://files.customs.gov.vn/DONG_NAI//Data/Cv_Hqdn/1908_HQDNa_LT_24_09_2013.pdf,https://www.customs.gov.vn/index.jsp?pageId=3&id=64371&cid=1294,2013,09/2013,2026-10-08T09:45:12Z
420,933/GSQL-GQ2,24/09/2013,Tổng cục hải quan,V/v Hướng dẫn thủ tục hải quan (Công ty TNHH Du Pont Việt Nam),62183,305,18,DONG_NAI,null,null,,https://www.customs.gov.vn/index.jsp?pageId=3&id=62183&cid=1294,2013,09/2013,2026-10-08T09:45:12Z
421,931/GSQL-TH,23/09/2013,Tổng cục hải quan,V/v Ghi nhãn mỹ phẩm nhập khẩu (Công ty TNHH EKOKO Việt Nam),62185,305,18,DONG_NAI,null,null,,https://www.customs.gov.vn/index.jsp?pageId=3&id=62185&cid=1294,2013,09/2013,2026-10-08T09:45:12Z
422,932/GSQL-GQ2,23/09/2013,Tổng cục hải quan,V/v Cho DNCX thuê kho bãi chứa hàng hóa (Công ty TNHH Nippon Konpo Việt Nam),62184,305,18,DONG_NAI,null,null,,https://www.customs.gov.vn/index.jsp?pageId=3&id=62184&cid=1294,2013,09/2013,2026-10-08T09:45:12Z
423,1897/HQĐNa-GSQL,20/09/2013,Cục Hải Quan tỉnh Đồng Nai,Trả lời Công ty TNHH NOK Việt Nam v/v Hướng dẫn thủ tục đăng ký tờ khai nhập khẩu chuyển cửa khẩu,64372,305,18,DONG_NAI,null,null,https://files.customs.gov.vn/DONG_NAI//Data/Cv_Hqdn/1897_HQDNa_GSQL_20_09_2013.pdf,https://www.customs.gov.vn/index.jsp?pageId=3&id=64372&cid=1294,2013,09/2013,2026-10-08T09:45:12Z
424,8479-8480/BCT-XNK,20/09/2013,Bộ Công thương,V/v Nhập khẩu dung môi phục vụ sản xuất,62186,305,18,DONG_NAI,null,null,https://files.customs.gov.vn/DONG_NAI//Data/CV_BCT/8479_8480_BCT_XNK_20_09_2013.pdf,https://www.customs.gov.vn/index.jsp?pageId=3&id=62186&cid=1294,2013,09/2013,2026-10-08T09:45:12Z
425,1882/HQĐNa-TXNK,19/09/2013,Cục Hải Quan tỉnh Đồng Nai,V/v Đăng ký danh mục hàng hóa nhập khẩu miễn thuế tạo TSCĐ (Công ty TNHH Nestle Việt Nam),64374,305,18,DONG_NAI,null,null,https://files.customs.gov.vn/DONG_NAI//Data/Cv_Hqdn/1882_HQDNa_TXNK_19_09_2013.pdf,https://www.customs.gov.vn/index.jsp?pageId=3&id=64374&cid=1294,2013,09/2013,2026-10-08T09:45:12Z
426,1886/HQĐNa-GSQL,19/09/2013,Cục Hải Quan tỉnh Đồng Nai,Trả lời Công ty TNHH Hưng Thịnh Phát v/v thông báo đủ điều kiện hoạt động đại lý hải quan,64373,305,18,DONG_NAI,null,null,https://files.customs.gov.vn/DONG_NAI//Data/Cv_Hqdn/1886_HQDNa_GSQL_19_09_2013.pdf,https://www.customs.gov.vn/index.jsp?pageId=3&id=64373&cid=1294,2013,09/2013,2026-10-08T09:45:12Z
427,5525/TCHQ-TXNK,19/09/2013,Tổng cục hải quan,V/v Xử lý nợ thuế trên hệ thống KT559 (Công ty TNHH điện tử Samsung Vina,62190,305,18,DONG_NAI,null,null,,https://www.customs.gov.vn/index.jsp?pageId=3&id=62190&cid=1294,2013,09/2013,2026-10-08T09:45:12Z
428,5526/TCHQ-TXNK,19/09/2013,Tổng cục hải quan,V/v Thời hạn nộp thuế (Công ty cổ phần cồn rượu Hà Nội),62189,305,18,DONG_NAI,null,null,,https://www.customs.gov.vn/index.jsp?pageId=3&id=62189&cid=1294,2013,09/2013,2026-10-08T09:45:12Z
429,5537/TCHQ-KTSTQ,19/09/2013,Tổng cục hải quan,"V/v Không áp dụng chế độ ưu tiên đối với do doanh nghiệp ưu tiên xuất khẩu, nhập khẩu ủy thác cho các DN khác (Tập đoàn Công nghiệp Cao su Việt Nam; Tổng Công ty Lương thực Miền Nam)",62188,305,18,DONG_NAI,null,null,,https://www.customs.gov.vn/index.jsp?pageId=3&id=62188&cid=1294,2013,09/2013,2026-10-08T09:45:12Z
430,8398/BCT-XNK,19/09/2013,Bộ Công thương,"V/v Nhập khẩu dầu làm mát, dầu tôi phục vụ sản xuất (Công ty HH Chế tạo công nghiệp và gia công chế biến hàng xuất khẩu)",62187,305,18,DONG_NAI,null,null,https://files.customs.gov.vn/DONG_NAI//Data/CV_BCT/8398_BCT_XNK_19_09_2013.pdf,https://www.customs.gov.vn/index.jsp?pageId=3&id=62187&cid=1294,2013,09/2013,2026-10-08T09:45:12Z
431,2341/QÐ-BTC,18/09/2013,Bộ Tài chính,Quyết định 2341/QĐ-BTC về việc thực hiện sử dụng Chữ ký số trong thực hiện Thủ tục Hải quan điện tử bắt đầu từ ngày 01/11/2013,53153,305,10,TP_HO_CHI_MINH,null,01/11/2013,https://files.customs.gov.vn/CustomsCMS/TP_HO_CHI_MINH/2020/Web/Data/DocumentAttachments/QD234113BTC.tif,https://www.customs.gov.vn/index.jsp?pageId=3&id=53153&cid=1294,2013,09/2013,2026-10-08T09:45:12Z
432,5503/TCHQ-TXNK,18/09/2013,Tổng cục hải quan,V/v Thời hạn nộp thuế (Công ty TNHH MTV Thương mại Dịch vụ và XNK Hải Phòng),62193,305,18,DONG_NAI,null,null,,https://www.customs.gov.vn/index.jsp?pageId=3&id=62193&cid=1294,2013,09/2013,2026-10-08T09:45:12Z
433,5512/TCHQ-GSQL,18/09/2013,null,Thực hiện Thông tư số 05/2013/TT-BNNPTNT,74267,305,16,DA_NANG,Nguyễn Dương Thái,18/09/2013,https://files.customs.gov.vn/DA_NANG/Uploads/65e32243-11bf-4695-985d-c1563e8c13ba/9.23 thuc hien TT 05-2013-BNNPTNT.tif,https://www.customs.gov.vn/index.jsp?pageId=3&id=74267&cid=1294,2013,09/2013,2026-10-08T09:45:12Z
434,5515/TCHQ-TXNK,18/09/2013,Tổng cục hải quan,V/v Trả lời doanh nghiệp về xác định lại trị giá tính thuế (Công ty cổ phần năng lượng Hòa Phát),62192,305,18,DONG_NAI,null,null,,https://www.customs.gov.vn/index.jsp?pageId=3&id=62192&cid=1294,2013,09/2013,2026-10-08T09:45:12Z
435,5518/TCHQ-TXNK,18/09/2013,Tổng cục hải quan,"V/v Thuế GTGT máy móc, thiết bị do công ty cho thuê tài chính NK cho DNCX thuê ( Công ty TNHH cho thuê tài chính quốc tế Việt Nam)",62191,305,18,DONG_NAI,null,null,,https://www.customs.gov.vn/index.jsp?pageId=3&id=62191&cid=1294,2013,09/2013,2026-10-08T09:45:12Z
436,1873/HQĐNa-ĐKS,17/09/2013,Cục Hải Quan tỉnh Đồng Nai,V/v Xin chuyển kiểm hóa hàng container tại kho Công ty (Công ty TNHH KOKEN),64375,305,18,DONG_NAI,null,null,https://files.customs.gov.vn/DONG_NAI//Data/Cv_Hqdn/1873_HQDNa_DKS_17_09_2013.pdf,https://www.customs.gov.vn/index.jsp?pageId=3&id=64375&cid=1294,2013,09/2013,2026-10-08T09:45:12Z
437,5474/TCHQ-TXNK,17/09/2013,Tổng cục hải quan,V/v Xử lý đề nghị không thu thuế xuất khẩu mặt hàng ván sàn gỗ xuất khẩu có nguồn gốc nhập khẩu (Công ty TNHH TM nôi thất Vàng Nam Á),62194,305,18,DONG_NAI,null,null,,https://www.customs.gov.vn/index.jsp?pageId=3&id=62194&cid=1294,2013,09/2013,2026-10-08T09:45:12Z
438,1859/HQĐNa-TXNK,16/09/2013,Cục Hải Quan tỉnh Đồng Nai,V/v Điều chỉnh danh mục hàng hóa nhập khẩu miễn thuế (Công ty NESTLE Việt Nam),64376,305,18,DONG_NAI,null,null,https://files.customs.gov.vn/DONG_NAI//Data/Cv_Hqdn/1859_HQDNa_TXNK_16_09_2013.pdf,https://www.customs.gov.vn/index.jsp?pageId=3&id=64376&cid=1294,2013,09/2013,2026-10-08T09:45:12Z
439,5466/TCHQ-PC,16/09/2013,Tổng cục hải quan,V/v Vướng mắc XLVP Công ty sữa Việt Nam (Công ty Cổ phần Sữa Việt Nam),62196,305,18,DONG_NAI,null,null,,https://www.customs.gov.vn/index.jsp?pageId=3&id=62196&cid=1294,2013,09/2013,2026-10-08T09:45:12Z
440,5467/TCHQ-GSQL,16/09/2013,Tổng cục hải quan,V/v vướng mắc cách ghi thông tin người ủy quyền trên C/O mẫu E.,58355,305,16,TP_HO_CHI_MINH,Vũ Ngọc Anh,16/09/2013,https://files.customs.gov.vn/CustomsCMS/TP_HO_CHI_MINH/2020/Web/Data/DocumentAttachments/5467-TCHQ-GSQL.tif,https://www.customs.gov.vn/index.jsp?pageId=3&id=58355&cid=1294,2013,09/2013,2026-10-08T09:45:12Z
441,908/GSQL-GQ1,16/09/2013,Tổng cục hải quan,V/v Vướng mắc quyết toán thuế (Công ty TNHH Thương mại và dịch vụ giao nhận Lê Hòa),62195,305,18,DONG_NAI,null,null,,https://www.customs.gov.vn/index.jsp?pageId=3&id=62195&cid=1294,2013,09/2013,2026-10-08T09:45:12Z
442,12217/BTC-TCHQ,13/09/2013,Bộ Tài chính,"V/v Thanh khoản nguyên liệu sản xuất sản phẩm bán cho SEV (HQ Bắc Ninh, Công ty TNHH Dreamtech Việt Nam)",62197,305,18,DONG_NAI,null,null,https://files.customs.gov.vn/DONG_NAI//Data/CV_BTC/12217_BTC_TCHQ_13_09_2013.pdf,https://www.customs.gov.vn/index.jsp?pageId=3&id=62197&cid=1294,2013,09/2013,2026-10-08T09:45:12Z
443,1839/HQĐNa-TXNK,13/09/2013,Cục Hải Quan tỉnh Đồng Nai,V/v Đăng ký danh mục hàng hóa nhập khẩu miễn thuế (Công ty cổ phần thương mại và dịch vụ Hưng Nghiệp),64378,305,18,DONG_NAI,null,null,https://files.customs.gov.vn/DONG_NAI//Data/Cv_Hqdn/1839_HQDNa_TXNK_13_09_2013.pdf,https://www.customs.gov.vn/index.jsp?pageId=3&id=64378&cid=1294,2013,09/2013,2026-10-08T09:45:12Z
444,1850/HQĐNa-GSQL,13/09/2013,Cục Hải Quan tỉnh Đồng Nai,V/v Thủ tục chuyển cửa khẩu từ kho ngoại quan,64377,305,18,DONG_NAI,null,null,https://files.customs.gov.vn/DONG_NAI//Data/Cv_Hqdn/1850_HQDNa_GSQL_13_09_2013.pdf,https://www.customs.gov.vn/index.jsp?pageId=3&id=64377&cid=1294,2013,09/2013,2026-10-08T09:45:12Z
445,53/2013/QÐ-TTG,13/09/2013,Thủ tướng Chính phủ,"Quyết định về việc tạm nhập khẩu, tái xuất khẩu, tiêu hủy, chuyển nhượng đối với xe ô tô, xe hai bánh gắn máy của đối tượng được hưởng quyền ưu đãi, miễn trừ tại Việt Nam.",58506,305,10,TP_HO_CHI_MINH,Nguyễn Tấn Dũng,01/11/2013,"https://files.customs.gov.vn/CustomsCMS/TP_HO_CHI_MINH/2020/Web/Data/DocumentAttachments/53_2013_QD-TTg_207154.doc,/CustomsCMS/TP_HO_CHI_MINH/2020/Web/Data/DocumentAttachments/Phu_luc.doc",https://www.customs.gov.vn/index.jsp?pageId=3&id=58506&cid=1294,2013,09/2013,2026-10-08T09:45:12Z
446,1828/HQĐNa-TXNK,12/09/2013,Cục Hải Quan tỉnh Đồng Nai,V/v Hướng dẫn quy định nhập khẩu miễn thuế nhập khẩu đối với máy móc phục vụ dự án đầu tư (Công ty Tôn Phương Nam),64379,305,18,DONG_NAI,null,null,https://files.customs.gov.vn/DONG_NAI//Data/Cv_Hqdn/1828_HQDNa_TXNK_12_09_2013.pdf,https://www.customs.gov.vn/index.jsp?pageId=3&id=64379&cid=1294,2013,09/2013,2026-10-08T09:45:12Z
447,5406/TCHQ-TXNK,12/09/2013,Tổng cục hải quan,V/v Xác minh thiết bị đồng bộ (Công ty TNHH Geng thép Hưng nghiệp Formosa Hà Tĩnh),62199,305,18,DONG_NAI,null,null,,https://www.customs.gov.vn/index.jsp?pageId=3&id=62199&cid=1294,2013,09/2013,2026-10-08T09:45:12Z
448,5415/TCHQ-TXNK,12/09/2013,Tổng cục hải quan,V/v Hướng dẫn thủ tục ưu đãi thuế xuất khẩu (Công ty TNHH Ngọc Thiên),62198,305,18,DONG_NAI,null,null,,https://www.customs.gov.vn/index.jsp?pageId=3&id=62198&cid=1294,2013,09/2013,2026-10-08T09:45:12Z
449,12080/BTC-TCHQ,11/09/2013,null,Thực hiện Quyết định áp dụng thuế tự vệ chính thức đối với một số mặt hàng dầu thực vật,73031,305,16,DA_NANG,Đỗ Hoàng Anh Tuấn,null,https://files.customs.gov.vn/DA_NANG/Uploads/65e32243-11bf-4695-985d-c1563e8c13ba/12080.tif,https://www.customs.gov.vn/index.jsp?pageId=3&id=73031&cid=1294,2013,09/2013,2026-10-08T09:45:12Z
450,12081/BTC-TCHQ,11/09/2013,Bộ Tài chính,V/v Thủ tục hải quan đối với vật tư xây dựng đưa từ nội địa vào DNCX (Công ty TNHH Samsung Electronics Việt Nam Thái Nguyên),62200,305,18,DONG_NAI,null,null,,https://www.customs.gov.vn/index.jsp?pageId=3&id=62200&cid=1294,2013,09/2013,2026-10-08T09:45:12Z
451,5384/TCHQ-TXNK,11/09/2013,Tổng cục hải quan,V/v Thực hiện Luật số 21/2012/QH13 (Công ty TNHH Posco SS-Vina),62201,305,18,DONG_NAI,null,null,,https://www.customs.gov.vn/index.jsp?pageId=3&id=62201&cid=1294,2013,09/2013,2026-10-08T09:45:12Z
452,128/2013/TT-BTC,10/09/2013,null,"Quy định về thủ tục hải quan; kiểm tra, giám sát hải quan; 
thuế xuất khẩu, thuế nhập khẩu và quản lý thuế đối với hàng hoá 
xuất khẩu, nhập khẩu",74342,305,4,DA_NANG,Đỗ Hoàng Anh Tuấn,01/11/2013,https://files.customs.gov.vn/DA_NANG/Uploads/65e32243-11bf-4695-985d-c1563e8c13ba/TT 128.doc,https://www.customs.gov.vn/index.jsp?pageId=3&id=74342&cid=1294,2013,09/2013,2026-10-08T09:45:12Z
453,1815/HQĐNa-GSQL,10/09/2013,Cục Hải Quan tỉnh Đồng Nai,Trả lời Công ty TNHH Thương mại và dịch vụ giao nhận Lê Hòa v/v vướng mắc về tờ khai trích lục,64381,305,18,DONG_NAI,null,null,https://files.customs.gov.vn/DONG_NAI//Data/Cv_Hqdn/1815_HQDNa_GSQL_10_09_2013.pdf,https://www.customs.gov.vn/index.jsp?pageId=3&id=64381&cid=1294,2013,09/2013,2026-10-08T09:45:12Z
454,1816/HQĐNa-TXNK,10/09/2013,Cục Hải Quan tỉnh Đồng Nai,"V/v Hướng dẫn việc thành lập, quản lý kho bảo thuế",64380,305,18,DONG_NAI,null,null,https://files.customs.gov.vn/DONG_NAI//Data/Cv_Hqdn/1816_HQDNa_TXNK_10_09_2013.pdf,https://www.customs.gov.vn/index.jsp?pageId=3&id=64380&cid=1294,2013,09/2013,2026-10-08T09:45:12Z
455,5346/TCHQ-TXNK,10/09/2013,Tổng cục hải quan,V/v Ưu đãi thuế nhập khẩu (Công ty TNHH cơ khí chế tạo và bê tông FECON),62202,305,18,DONG_NAI,null,null,,https://www.customs.gov.vn/index.jsp?pageId=3&id=62202&cid=1294,2013,09/2013,2026-10-08T09:45:12Z
456,5308/TCHQ-GSQL,09/09/2013,null,Giám sát hàng hóa vận chuyển từ kho ngoại quan đến cửa khẩu xuất,74259,305,16,DA_NANG,Vũ Ngọc Anh,09/09/2013,https://files.customs.gov.vn/DA_NANG/Uploads/65e32243-11bf-4695-985d-c1563e8c13ba/9.11 GS HH tu KNQ den CK xuat.tif,https://www.customs.gov.vn/index.jsp?pageId=3&id=74259&cid=1294,2013,09/2013,2026-10-08T09:45:12Z
457,1804/HQĐNa-GSQL,09/09/2013,Cục Hải Quan tỉnh Đồng Nai,Trả lời Công ty TNHH Mitsuba M-tech Việt Nam v/v vướng mắc C/O,64382,305,18,DONG_NAI,null,null,https://files.customs.gov.vn/DONG_NAI//Data/Cv_Hqdn/1804_HQDNa_GSQL_09_09_2013.pdf,https://www.customs.gov.vn/index.jsp?pageId=3&id=64382&cid=1294,2013,09/2013,2026-10-08T09:45:12Z
458,5303/TCHQ-TXNK,09/09/2013,Tổng cục hải quan,V/v Tính chậm nộp trong thời hạn bảo lãnh (Công ty TNHH BASF Việt Nam),62206,305,18,DONG_NAI,null,null,,https://www.customs.gov.vn/index.jsp?pageId=3&id=62206&cid=1294,2013,09/2013,2026-10-08T09:45:12Z
459,5307/TCHQ-GSQL,09/09/2013,Tổng cục hải quan,V/v Xác định loại hình nhập khẩu (Công ty CP Công nghệ Tương lai Đất Việt),62205,305,18,DONG_NAI,null,null,,https://www.customs.gov.vn/index.jsp?pageId=3&id=62205&cid=1294,2013,09/2013,2026-10-08T09:45:12Z
460,5309/TCHQ-GSQL,09/09/2013,null,Giải quyết vướng mắc đưa hàng về kho bảo quản,74260,305,16,DA_NANG,Vũ Ngọc Anh,09/09/2013,https://files.customs.gov.vn/DA_NANG/Uploads/65e32243-11bf-4695-985d-c1563e8c13ba/9.11 mang hang ve BQ.tif,https://www.customs.gov.vn/index.jsp?pageId=3&id=74260&cid=1294,2013,09/2013,2026-10-08T09:45:12Z
461,5325/TCHQ-GSQL,09/09/2013,Tổng cục hải quan,V/v Xử lý hàng tồn đọng tại cảng biển (Công ty Liên doanh phát triển tiếp vận số 1),62204,305,18,DONG_NAI,null,null,,https://www.customs.gov.vn/index.jsp?pageId=3&id=62204&cid=1294,2013,09/2013,2026-10-08T09:45:12Z
462,5328/TCHQ-TXNK,09/09/2013,Tổng cục hải quan,V/v Trị giá tính thuế hàng nhập khẩu (Công ty TNHH POSCO SS-VINA),62203,305,18,DONG_NAI,null,null,,https://www.customs.gov.vn/index.jsp?pageId=3&id=62203&cid=1294,2013,09/2013,2026-10-08T09:45:12Z
463,11897/BTC-CST,06/09/2013,Bộ Tài chính,V/v Thuế BVMT đối với túi ni lông,62207,305,18,DONG_NAI,null,null,,https://www.customs.gov.vn/index.jsp?pageId=3&id=62207&cid=1294,2013,09/2013,2026-10-08T09:45:12Z
464,5255/TCHQ-TXNK,05/09/2013,Tổng cục hải quan,V/v Hoàn thuế GTGT do Hải quan tạm thu đối với loại hình TNTX (HQ Gia Lai - Kon tum; HQ An Giang; Công ty TNHH Thương mại Đỗ Khoa),62208,305,18,DONG_NAI,null,null,,https://www.customs.gov.vn/index.jsp?pageId=3&id=62208&cid=1294,2013,09/2013,2026-10-08T09:45:12Z
465,861/GSQL-GQ1,04/09/2013,Tổng cục hải quan,V/v Tạm nhập tái xuất mặt hàng ô tô nguyên chiếc mới 100% (Công ty Cổ phần Thuận Đạt MC),62209,305,18,DONG_NAI,null,null,,https://www.customs.gov.vn/index.jsp?pageId=3&id=62209&cid=1294,2013,09/2013,2026-10-08T09:45:12Z
466,7899/BCT-XNK,03/09/2013,null,"Hướng dẫn việc đăng ký, sử dụng dấu nghiệp vụ giám định thương mại",74252,305,16,DA_NANG,Trần Tuấn Anh,03/09/2013,https://files.customs.gov.vn/DA_NANG/Uploads/65e32243-11bf-4695-985d-c1563e8c13ba/1_9.17 chung thu giam dinh.tif,https://www.customs.gov.vn/index.jsp?pageId=3&id=74252&cid=1294,2013,09/2013,2026-10-08T09:45:12Z
467,1771/HQĐNa-TXNK,03/09/2013,Cục Hải Quan tỉnh Đồng Nai,V/v Hướng dẫn thủ tục nhập khẩu hàng hóa nhập khẩu miễn thuế (Công ty Cổ phần Tập đoàn Tân Mai),64383,305,18,DONG_NAI,null,null,https://files.customs.gov.vn/DONG_NAI//Data/Cv_Hqdn/1771_HQDNa_TXNK_03_09_2013.pdf,https://www.customs.gov.vn/index.jsp?pageId=3&id=64383&cid=1294,2013,09/2013,2026-10-08T09:45:12Z
468,7899/BCT-XNK,03/09/2013,Bộ Công thương,"V/v Hướng dẫn việc đăng ký, sử dụng dấu nghiệp vụ giám định thương mại",62210,305,18,DONG_NAI,null,null,,https://www.customs.gov.vn/index.jsp?pageId=3&id=62210&cid=1294,2013,09/2013,2026-10-08T09:45:12Z
469,6475/TCHQ-GSQL,31/10/2013,null,Sửa lỗi trên C/O mẫu E,74335,305,16,DA_NANG,PTCT Vũ Ngọc Anh,31/10/2013,https://files.customs.gov.vn/DA_NANG/Uploads/65e32243-11bf-4695-985d-c1563e8c13ba/6475.tif,https://www.customs.gov.vn/index.jsp?pageId=3&id=74335&cid=1294,2013,10/2013,2026-10-08T09:45:12Z
470,2215/HQĐNa-TXNK,31/10/2013,Cục Hải Quan tỉnh Đồng Nai,Gia hạn Danh mục hàng hóa nhập khẩu miễn thuế tạo TSCĐ (Công ty TNHH Jeongsan Vina),65127,305,18,DONG_NAI,null,null,https://files.customs.gov.vn/DONG_NAI//Data/Cv_Hqdn/2215_HQDNa_TXNK_31_10_2013.pdf,https://www.customs.gov.vn/index.jsp?pageId=3&id=65127&cid=1294,2013,10/2013,2026-10-08T09:45:12Z
471,2220/HQĐNa-GSQL,31/10/2013,Cục Hải Quan tỉnh Đồng Nai,Trả lời Công ty CP Việt Pháp SX thức ăn gia súc v/v giải phóng hàng về kho bảo quan trong khi chờ chứng thư kiểm dịch và kiểm tra chất lượng Nhà nước,65126,305,18,DONG_NAI,null,null,https://files.customs.gov.vn/DONG_NAI//Data/Cv_Hqdn/2220_HQDNa_GSQL_31_10_2013.pdf,https://www.customs.gov.vn/index.jsp?pageId=3&id=65126&cid=1294,2013,10/2013,2026-10-08T09:45:12Z
472,2221/HQĐNa-TXNK,31/10/2013,Cục Hải Quan tỉnh Đồng Nai,Đăng ký danh mục hàng hóa nhập khẩu miễn thuế tạo TSCĐ (Công ty Cổ phần hữu hạn Vedan Việt Nam),65125,305,18,DONG_NAI,null,null,https://files.customs.gov.vn/DONG_NAI//Data/Cv_Hqdn/2221_HQDNa_TXNK_31_10_2013.pdf,https://www.customs.gov.vn/index.jsp?pageId=3&id=65125&cid=1294,2013,10/2013,2026-10-08T09:45:12Z
473,3537/QĐ-TCHQ,31/10/2013,null,"Quyết định về việc ban hành quy trình xác định trước trị giá hải quan đối với hàng hóa xuất khẩu, nhập khẩu",74348,305,10,DA_NANG,Hoàng Việt Cường,01/11/2013,https://files.customs.gov.vn/DA_NANG/Uploads/65e32243-11bf-4695-985d-c1563e8c13ba/3537.tif,https://www.customs.gov.vn/index.jsp?pageId=3&id=74348&cid=1294,2013,10/2013,2026-10-08T09:45:12Z
474,6467/TCHQ-TXNK,31/10/2013,null,Phân loại mặt hàng máy hút sữa,74336,305,16,DA_NANG,null,31/10/2013,https://files.customs.gov.vn/DA_NANG/Uploads/65e32243-11bf-4695-985d-c1563e8c13ba/2_6467.tif,https://www.customs.gov.vn/index.jsp?pageId=3&id=74336&cid=1294,2013,10/2013,2026-10-08T09:45:12Z
475,1056/GSQL-GQ2,30/10/2013,Tổng cục hải quan,V/v Hướng dẫn thủ tục hải quan (Công ty TNHH Boeim Việt Nam),63077,305,18,DONG_NAI,null,null,,https://www.customs.gov.vn/index.jsp?pageId=3&id=63077&cid=1294,2013,10/2013,2026-10-08T09:45:12Z
476,6378/TCHQ-CNTT,30/10/2013,Tổng cục hải quan,Công văn số 6378/TCHQ-CNTT của Tổng cục Hải quan về việc triển khai Quyết định số 2341/QĐ-BTC ngày 18/9/2013 của Bộ Tài chính,59538,305,16,TONG_CUC,Vũ Ngọc Anh,30/10/2013,,https://www.customs.gov.vn/index.jsp?pageId=3&id=59538&cid=1294,2013,10/2013,2026-10-08T09:45:12Z
477,3321/TB-HQCĐN,29/10/2013,null,"Thông báo về việc thu lệ phí hải quan đối với tàu biển xuất cảnh, nhập cảnh, quá cảnh",74344,305,16,DA_NANG,Trịnh Trung Nhứt,01/11/2013,https://files.customs.gov.vn/DA_NANG/Uploads/65e32243-11bf-4695-985d-c1563e8c13ba/3321.tif,https://www.customs.gov.vn/index.jsp?pageId=3&id=74344&cid=1294,2013,10/2013,2026-10-08T09:45:12Z
478,145/2013/NĐ-CP,29/10/2013,Chính phủ,"Nghị định số 145/2013/NĐ-CP của Chính phủ quy định về tổ chức ngày kỷ niệm; nghi thức trao tặng, đón nhận hình thức khen thưởng, danh hiệu thi đua; nghi lễ đối ngoại và đón, tiếp khách nước ngoài",59539,305,8,TONG_CUC,Nguyễn Tấn Dũng,16/12/2013,https://files.customs.gov.vn/van_ban_phap_luat/Lists/VanBanPhapLuat/Attachments/7046/ND14513CP.doc,https://www.customs.gov.vn/index.jsp?pageId=3&id=59539&cid=1294,2013,10/2013,2026-10-08T09:45:12Z
479,150/2013/TT-BTC,29/10/2013,null,"Thông tư Hướng dẫn về lập, quản lý và việc thực hiện hoàn thuế từ Quỹ hoàn thuế giá trị gia tăng",74333,305,4,DA_NANG,Đỗ Hoàng Anh Tuấn,29/10/2013,https://files.customs.gov.vn/DA_NANG/Uploads/65e32243-11bf-4695-985d-c1563e8c13ba/150.tif,https://www.customs.gov.vn/index.jsp?pageId=3&id=74333&cid=1294,2013,10/2013,2026-10-08T09:45:12Z
480,2205/HQĐNa-GSQL,29/10/2013,Cục Hải Quan tỉnh Đồng Nai,"Trả lời Chi nhánh Công ty TNHH Tiếp vận Thăng Long v/v nguyên liệu, vật tư và thành phẩm phục vụ cho hoạt động sản xuất DNCX gửi kho",65128,305,18,DONG_NAI,null,null,https://files.customs.gov.vn/DONG_NAI//Data/Cv_Hqdn/2205_HQDNa_GSQL_29_10_2013.pdf,https://www.customs.gov.vn/index.jsp?pageId=3&id=65128&cid=1294,2013,10/2013,2026-10-08T09:45:12Z
481,6371/TCHQ-TXNK,29/10/2013,Tổng cục hải quan,V/v Thuế bảo vệ môi trường (Công ty TNHH Majestic Enterprise),63079,305,18,DONG_NAI,null,null,,https://www.customs.gov.vn/index.jsp?pageId=3&id=63079&cid=1294,2013,10/2013,2026-10-08T09:45:12Z
482,9056/VPCP-KTTH,29/10/2013,Chính phủ,"V/v Xử lý xe ô tô, mô tô đã chuyển về cảng VN nhưng không đủ điều kiện NK theo chế độ tài sản di chuyển của Việt kiều hồi hương",63078,305,18,DONG_NAI,null,null,,https://www.customs.gov.vn/index.jsp?pageId=3&id=63078&cid=1294,2013,10/2013,2026-10-08T09:45:12Z
483,6320/TCHQ-TXNK,28/10/2013,null,Chấm dứt hoạt động thu hồi giấy phép đầu tư,74330,305,16,DA_NANG,Nguyễn Hoàng Tuấn,28/10/2013,https://files.customs.gov.vn/DA_NANG/Uploads/65e32243-11bf-4695-985d-c1563e8c13ba/1.tif,https://www.customs.gov.vn/index.jsp?pageId=3&id=74330&cid=1294,2013,10/2013,2026-10-08T09:45:12Z
484,148/2013/TT-BTC,25/10/2013,null,"Thông tư hướng dẫn thi hành Quy chế kinh doanh bán hàng miễn thuế ban hành kèm theo Quyết định số 24/QĐ-TTg ngày 19/7/2013 sửa đổi, bổ sung một số điều của Quy chế kinh doanh bán hàng miễn thuế ban hành kèm theo Quyết định số 24/2009/QĐ-TTg ngày 17/2/2009 của Thủ tướng Chính phủ",74412,305,4,DA_NANG,Đỗ Hoàng Anh Tuấn,08/12/2013,https://files.customs.gov.vn/DA_NANG/Uploads/65e32243-11bf-4695-985d-c1563e8c13ba/148.tif,https://www.customs.gov.vn/index.jsp?pageId=3&id=74412&cid=1294,2013,10/2013,2026-10-08T09:45:12Z
485,2190/HQĐNa-TXNK,25/10/2013,Cục Hải Quan tỉnh Đồng Nai,V/v Điều chỉnh danh mục hàng hóa nhập khẩu miễn thuế,65131,305,18,DONG_NAI,null,null,https://files.customs.gov.vn/DONG_NAI//Data/Cv_Hqdn/2190_HQDNa_TXNK_25_10_2013.pdf,https://www.customs.gov.vn/index.jsp?pageId=3&id=65131&cid=1294,2013,10/2013,2026-10-08T09:45:12Z
486,2191/HQĐNa-GSQL,25/10/2013,Cục Hải Quan tỉnh Đồng Nai,Trả lời Công ty TNHH Công nghiệp Tùng Hòa v/v xin tái giám định,65130,305,18,DONG_NAI,null,null,https://files.customs.gov.vn/DONG_NAI//Data/Cv_Hqdn/2191_HQDNa_GSQL_25_10_2013.pdf,https://www.customs.gov.vn/index.jsp?pageId=3&id=65130&cid=1294,2013,10/2013,2026-10-08T09:45:12Z
487,2193/HQĐNa-GSQL,25/10/2013,Cục Hải Quan tỉnh Đồng Nai,Trả lời Công ty TNHH Fujikura Electronics Việt Nam v/v dán nhãn năng lượng,65129,305,18,DONG_NAI,null,null,https://files.customs.gov.vn/DONG_NAI//Data/Cv_Hqdn/2193_HQDNa_GSQL_25_10_2013.pdf,https://www.customs.gov.vn/index.jsp?pageId=3&id=65129&cid=1294,2013,10/2013,2026-10-08T09:45:12Z
488,1034/GSQL-GQ3,24/10/2013,Tổng cục hải quan,V/v Hướng dẫn nội dung Quyết định số 53/2013/QĐ-TTg ngày 13/9/2013 của Thủ tướng Chính phủ (Đại sứ quán Nhật Bản tại Hà Nội),63081,305,16,DONG_NAI,null,null,,https://www.customs.gov.vn/index.jsp?pageId=3&id=63081&cid=1294,2013,10/2013,2026-10-08T09:45:12Z
489,1035/GSQL-GQ1,24/10/2013,Tổng cục hải quan,V/v Xác nhận của hải quan giám sát (Công ty CP Thủy sản Kiên Giang),63080,305,18,DONG_NAI,null,null,,https://www.customs.gov.vn/index.jsp?pageId=3&id=63080&cid=1294,2013,10/2013,2026-10-08T09:45:12Z
490,6252/TCHQ-TXNK,24/10/2013,Tổng cục hải quan,V/v Thuế bảo vệ môi trường (HQ Đồng Nai; Công ty TNHH Muto Việt Nam.),63082,305,18,DONG_NAI,null,null,,https://www.customs.gov.vn/index.jsp?pageId=3&id=63082&cid=1294,2013,10/2013,2026-10-08T09:45:12Z
491,147/TT-BTC,23/10/2013,null,"Thông tư quy định sửa đổi, bổ sung hệ thống mục lục ngân sách nhà nước",74408,305,16,DA_NANG,Nguyễn Công Nghiệp,05/12/2013,https://files.customs.gov.vn/DA_NANG/Uploads/65e32243-11bf-4695-985d-c1563e8c13ba/147.tif,https://www.customs.gov.vn/index.jsp?pageId=3&id=74408&cid=1294,2013,10/2013,2026-10-08T09:45:12Z
492,2171/HQĐNa-GSQL,23/10/2013,Cục Hải Quan tỉnh Đồng Nai,V/v Thông báo đủ điều kiện hoạt động đại lý hải quan (Công ty TNHH VOPAK Việt Nam),64354,305,18,DONG_NAI,null,null,https://files.customs.gov.vn/DONG_NAI//Data/Cv_Hqdn/2171_HQDNa_GSQL_23_10_2013.pdf,https://www.customs.gov.vn/index.jsp?pageId=3&id=64354&cid=1294,2013,10/2013,2026-10-08T09:45:12Z
493,2176/HQĐNa-GSQL,23/10/2013,Cục Hải Quan tỉnh Đồng Nai,V/v Góp ý dự thảo Thông tư về kinh doanh khí dầu mỏ hóa lỏng,64353,305,18,DONG_NAI,null,null,https://files.customs.gov.vn/DONG_NAI//Data/Cv_Hqdn/2176_HQDNa_GSQL_23_10_2013.pdf,https://www.customs.gov.vn/index.jsp?pageId=3&id=64353&cid=1294,2013,10/2013,2026-10-08T09:45:12Z
494,2177/HQĐNa-TXNK,23/10/2013,Cục Hải Quan tỉnh Đồng Nai,"V/v Hướng dẫn quy định, thủ tục đăng ký danh mục hàng hóa nhập khẩu miễn thuế",65132,305,18,DONG_NAI,null,null,https://files.customs.gov.vn/DONG_NAI//Data/Cv_Hqdn/2177_HQDNa_TXNK_23_10_2013.pdf,https://www.customs.gov.vn/index.jsp?pageId=3&id=65132&cid=1294,2013,10/2013,2026-10-08T09:45:12Z
495,2158/HQĐNa-LBT,22/10/2013,Cục Hải Quan tỉnh Đồng Nai,V/v Triển khai hoạt động máy soi container cố định,64358,305,18,DONG_NAI,null,null,https://files.customs.gov.vn/DONG_NAI//Data/Cv_Hqdn/2158_HQDNa_LBT_22_10_2013.pdf,https://www.customs.gov.vn/index.jsp?pageId=3&id=64358&cid=1294,2013,10/2013,2026-10-08T09:45:12Z
496,2159/HQĐNa-TXNK,22/10/2013,Cục Hải Quan tỉnh Đồng Nai,V/v Đăng ký danh mục hàng hóa nhập khẩu miễn thuế tạo TSCĐ (Công ty TNHH Hưng Nghiệp Formosa),64357,305,18,DONG_NAI,null,null,https://files.customs.gov.vn/DONG_NAI//Data/Cv_Hqdn/2159_HQDNa_TXNK_22_10_2013.pdf,https://www.customs.gov.vn/index.jsp?pageId=3&id=64357&cid=1294,2013,10/2013,2026-10-08T09:45:12Z
497,2160/HQĐNa-TXNK,22/10/2013,Cục Hải Quan tỉnh Đồng Nai,V/v Đăng ký danh mục hàng hóa nhập khẩu miễn thuế tạo TSCĐ (Công ty TNHH Nestle Việt Nam),64355,305,18,DONG_NAI,null,null,https://files.customs.gov.vn/DONG_NAI//Data/Cv_Hqdn/2160_HQDNa_TXNK_22_10_2013.pdf,https://www.customs.gov.vn/index.jsp?pageId=3&id=64355&cid=1294,2013,10/2013,2026-10-08T09:45:12Z
498,6183/TCHQ-TXNK,22/10/2013,Tổng cục hải quan,V/v Lô hàng TNTX quá thời hạn lưu giữ tại Việt Nam (Chi nhánh Công ty CP Intimex Việt Nam tại Đồng Nai),63086,305,18,DONG_NAI,null,null,,https://www.customs.gov.vn/index.jsp?pageId=3&id=63086&cid=1294,2013,10/2013,2026-10-08T09:45:12Z
499,6196/TCHQ-QLRR,22/10/2013,Tổng cục hải quan,V/v Trả lời vướng mắc để đánh giá rủi ro đối với doanh nghiệp (Công ty CP Hữu Liên Á Châu),63085,305,18,DONG_NAI,null,null,,https://www.customs.gov.vn/index.jsp?pageId=3&id=63085&cid=1294,2013,10/2013,2026-10-08T09:45:12Z
500,6204/TCHQ-TXNK,22/10/2013,Tổng cục hải quan,V/v Thời hạn nộp thuế xăng dầu nhập khẩu (Công ty TNHH vận tải thủy bộ Hải Hà),63084,305,18,DONG_NAI,null,null,,https://www.customs.gov.vn/index.jsp?pageId=3&id=63084&cid=1294,2013,10/2013,2026-10-08T09:45:12Z
501,6205/TCHQ-TXNK,22/10/2013,Tổng cục hải quan,V/v Thuế bảo vệ môi trường (Công ty TNHH Jeil Phú Thọ),63083,305,18,DONG_NAI,null,null,,https://www.customs.gov.vn/index.jsp?pageId=3&id=63083&cid=1294,2013,10/2013,2026-10-08T09:45:12Z
502,137/2013/NĐ-CP,21/10/2013,null,"Nghị định Quy định chi tiết thi hành một số điều của Luật điện lực và Luật sửa đổi, bổ sung một số điều của Luật điện lực",74414,305,8,DA_NANG,Thủ tướng Nguyễn Tấn Dũng,10/12/2013,https://files.customs.gov.vn/DA_NANG/Uploads/65e32243-11bf-4695-985d-c1563e8c13ba/ND137.pdf,https://www.customs.gov.vn/index.jsp?pageId=3&id=74414&cid=1294,2013,10/2013,2026-10-08T09:45:12Z
503,145/2013/TT-BTC,21/10/2013,null,Thông tư Hướng dẫn về kế hoạch dự trữ quốc gia và ngân sách nhà nước chi cho dự trữ quốc gia,74411,305,4,DA_NANG,Nguyễn Hữu Chí,06/12/2013,https://files.customs.gov.vn/DA_NANG/Uploads/65e32243-11bf-4695-985d-c1563e8c13ba/145BTC.tif,https://www.customs.gov.vn/index.jsp?pageId=3&id=74411&cid=1294,2013,10/2013,2026-10-08T09:45:12Z
504,6167/TCHQ-QLRR,21/10/2013,Tổng cục hải quan,V/v Vướng mắc trong phân luồng đỏ đối với các lô hàng nhập khẩu (Công ty TNHH Gia Anh Hưng Yên),63087,305,18,DONG_NAI,null,null,,https://www.customs.gov.vn/index.jsp?pageId=3&id=63087&cid=1294,2013,10/2013,2026-10-08T09:45:12Z
505,17396/QLD-KD,18/10/2013,Bộ Y tế,"V/v Hướng dẫn xác định mã số hàng hóa theo Danh mục hàng hóa XK, NK và Biểu thuế nhập khẩu ưu đãi (Công ty cổ phần Hóa Dược Việt Nam)",63088,305,18,DONG_NAI,null,null,,https://www.customs.gov.vn/index.jsp?pageId=3&id=63088&cid=1294,2013,10/2013,2026-10-08T09:45:12Z
506,141/2013/TT-BTC,16/10/2013,null,"Thông tư hướng dẫn thi hành Nghị định 92/2013/NĐ-CP ngày 13 tháng 8 năm 2013 của Chính phủ quy định chi tiết thi hành một số điều có hiệu lực kế từu ngày 01/7/20213 của Luật sửa đổi, bổ sung một số điều của Luật Thuế thu nhập doanh nghiệp và Luật sửa đổi, bổ sung một số điều của Luật thuế Thuế giá trị gia tăng",74399,305,4,DA_NANG,Đỗ Hoàng Anh Tuấn,30/11/2013,https://files.customs.gov.vn/DA_NANG/Uploads/65e32243-11bf-4695-985d-c1563e8c13ba/141.tif,https://www.customs.gov.vn/index.jsp?pageId=3&id=74399&cid=1294,2013,10/2013,2026-10-08T09:45:12Z
507,129/2013/NĐ-CP,16/10/2013,Chính phủ,Nghị định số 129/2013/NĐ-CP của Chính phủ quy định về xử phạt vi phạm hành chính về thuế và cưỡng chế thi hành quyết định hành chính thuế,43038,305,18,QUANG_BINH,null,null,https://files.customs.gov.vn/CustomsCMS/QUANG_BINH/2021/04/images/stories/files/ND12913CP.doc,https://www.customs.gov.vn/index.jsp?pageId=3&id=43038&cid=1294,2013,10/2013,2026-10-08T09:45:12Z
508,132/2013/NÐ-CP,16/10/2013,Chính phủ,"Nghị định quy định chức năng, nhiệm vụ, quyền hạn và cơ cấu tổ chức của Bộ thông tin và truyền thông",53657,305,8,TP_HO_CHI_MINH,Nguyễn Tấn Dũng,02/12/2013,https://files.customs.gov.vn/CustomsCMS/TP_HO_CHI_MINH/2020/Web/Data/DocumentAttachments/132_2013_ND-CP_210046.doc,https://www.customs.gov.vn/index.jsp?pageId=3&id=53657&cid=1294,2013,10/2013,2026-10-08T09:45:12Z
509,141/2013/TT-BTC,16/10/2013,Bộ Tài chính,"V/v Hướng dẫn thi hành Nghị định số 92/2013/NĐ-CP ngày 13 tháng 8 năm 2013 của Chính phủ quy định chi tiết thi hành một số điều có hiệu lực từ ngày 01 tháng 7 năm 2013 của Luật sửa đổi, bổ sung một số điều của Luật Thuế thu nhập doanh nghiệp và Luật sửa đổi, bổ sung một số điều của Luật Thuế giá trị gia tăng",63089,305,4,DONG_NAI,null,30/11/2013,,https://www.customs.gov.vn/index.jsp?pageId=3&id=63089&cid=1294,2013,10/2013,2026-10-08T09:45:12Z
510,141/2013/TT-BTC,16/10/2013,null,"Thông tư hướng dẫn thi hành Nghị định 92/2013/NĐ-CP ngày 13 tháng 8 năm 2013 của Chính phủ quy định chi tiết thi hành một số điều có hiệu lực kế từu ngày 01/7/20213 của Luật sửa đổi, bổ sung một số điều của Luật Thuế thu nhập doanh nghiệp và Luật sửa đổi, bổ sung một số điều của Luật thuế Thuế giá trị gia tăng",74312,305,4,DA_NANG,Đỗ Hoàng Anh Tuấn,16/10/2013,https://files.customs.gov.vn/DA_NANG/Uploads/65e32243-11bf-4695-985d-c1563e8c13ba/2_141.tif,https://www.customs.gov.vn/index.jsp?pageId=3&id=74312&cid=1294,2013,10/2013,2026-10-08T09:45:12Z
511,127/2013/NÐ-CP,15/10/2013,Chính phủ,Nghị định quy định xử phạt vi phạm hành chính và cưỡng chế thi hành quyết định hành chính trong lĩnh vực hải quan,53647,305,8,TP_HO_CHI_MINH,Nguyễn Tấn Dũng,15/12/2013,https://files.customs.gov.vn/CustomsCMS/TP_HO_CHI_MINH/2020/Web/Data/DocumentAttachments/127_2013_ND-CP_209825.pdf,https://www.customs.gov.vn/index.jsp?pageId=3&id=53647&cid=1294,2013,10/2013,2026-10-08T09:45:12Z
512,13702/BTC-TCHQ,15/10/2013,Bộ Tài chính,V/v Thuế nhập khẩu dự án ưu đãi đầu tư (Tập đoàn Công nghiệp/Than - Khoáng sản Việt Nam),62162,305,18,DONG_NAI,null,null,,https://www.customs.gov.vn/index.jsp?pageId=3&id=62162&cid=1294,2013,10/2013,2026-10-08T09:45:12Z
513,17233/QLD-CL,15/10/2013,null,Đình chỉ lưu hành thuốc Nimesulid 100mg,74294,305,16,DA_NANG,Nguyễn Việt Hùng,15/10/2013,https://files.customs.gov.vn/DA_NANG/Uploads/65e32243-11bf-4695-985d-c1563e8c13ba/202.tif,https://www.customs.gov.vn/index.jsp?pageId=3&id=74294&cid=1294,2013,10/2013,2026-10-08T09:45:12Z
514,6044/TCHQ-TXNK,15/10/2013,Tổng cục hải quan,V/v Miễn thuế mặt hàng da trăn (HQ Hồ Chí Minh),62164,305,18,DONG_NAI,null,null,,https://www.customs.gov.vn/index.jsp?pageId=3&id=62164&cid=1294,2013,10/2013,2026-10-08T09:45:12Z
515,6047/TCHQ-TXNK,15/10/2013,Tổng cục hải quan,V/v Hàng xuất khẩu bị trả lại (Công ty CP Tập đoàn thủy sản Minh Phú),62163,305,18,DONG_NAI,null,null,,https://www.customs.gov.vn/index.jsp?pageId=3&id=62163&cid=1294,2013,10/2013,2026-10-08T09:45:12Z
516,2093/HQĐNa-TXNK,14/10/2013,Cục Hải Quan tỉnh Đồng Nai,V/v Cấp bổ sung phiếu trừ lùi (Công ty TNHH Home Votage),64359,305,18,DONG_NAI,null,null,https://files.customs.gov.vn/DONG_NAI//Data/Cv_Hqdn/2093_HQDNa_TXNK_14_10_2013.pdf,https://www.customs.gov.vn/index.jsp?pageId=3&id=64359&cid=1294,2013,10/2013,2026-10-08T09:45:12Z
517,6012/TCHQ-TXNK,14/10/2013,Tổng cục hải quan,V/v Không thu thuế xuất khẩu cho mặt hàng ván sàn gỗ xuất khẩu có nguồn gốc nhập khẩu (Công ty TNHH TM nội thất Vàng Nam Á),62165,305,18,DONG_NAI,null,null,,https://www.customs.gov.vn/index.jsp?pageId=3&id=62165&cid=1294,2013,10/2013,2026-10-08T09:45:12Z
518,6027/TCHQ-TXNK,14/10/2013,null,Phân loại mặt hàng vây cá mập đông lạnh,74290,305,16,DA_NANG,Hoàng Việt Cường,14/10/2013,https://files.customs.gov.vn/DA_NANG/Uploads/65e32243-11bf-4695-985d-c1563e8c13ba/6027.tif,https://www.customs.gov.vn/index.jsp?pageId=3&id=74290&cid=1294,2013,10/2013,2026-10-08T09:45:12Z
519,8155/BCT-QLTT,11/10/2013,null,Kiểm tra chất lượng bếp gas nhập khẩu,74284,305,16,DA_NANG,Nguyễn Cẩm Tú,11/10/2013,https://files.customs.gov.vn/DA_NANG/Uploads/65e32243-11bf-4695-985d-c1563e8c13ba/10.11 KTCL bep gas NK.tif,https://www.customs.gov.vn/index.jsp?pageId=3&id=74284&cid=1294,2013,10/2013,2026-10-08T09:45:12Z
520,44/GM-HQĐNa,11/10/2013,Cục Hải Quan tỉnh Đồng Nai,V/v Đào tạo hệ thống thông quan tự động và một cửa quốc gia (VNACCS/VCIS),64360,305,18,DONG_NAI,null,null,https://files.customs.gov.vn/DONG_NAI//Data/Cv_Hqdn/44_GM_HQDNa_11_10_2013.pdf,https://www.customs.gov.vn/index.jsp?pageId=3&id=64360&cid=1294,2013,10/2013,2026-10-08T09:45:12Z
521,6007/TCHQ-TXNK,11/10/2013,null,Phân loại mặt hàng thực phẩm dinh dưỡng sữa bột Ensure vani,74289,305,16,DA_NANG,Nguyễn Hải Trang,11/10/2013,https://files.customs.gov.vn/DA_NANG/Uploads/65e32243-11bf-4695-985d-c1563e8c13ba/6007.tif,https://www.customs.gov.vn/index.jsp?pageId=3&id=74289&cid=1294,2013,10/2013,2026-10-08T09:45:12Z
522,8522/VPCP-KTTH,11/10/2013,Chính phủ,"V/v Chính sách thuế đối với xe ô tô, xe mô tô NK theo chế độ tài sản di chuyển",62166,305,18,DONG_NAI,null,null,,https://www.customs.gov.vn/index.jsp?pageId=3&id=62166&cid=1294,2013,10/2013,2026-10-08T09:45:12Z
523,2034/HQĐNa-TXNK,10/10/2013,Cục Hải Quan tỉnh Đồng Nai,V/v Hướng dẫn bổ sung vướng mắc trong việc nhập khẩu tạo tài sản cố định,64362,305,18,DONG_NAI,null,null,https://files.customs.gov.vn/DONG_NAI//Data/Cv_Hqdn/2034_HQDNa_TXNK_10_10_2013.pdf,https://www.customs.gov.vn/index.jsp?pageId=3&id=64362&cid=1294,2013,10/2013,2026-10-08T09:45:12Z
524,2044/HQĐNa-GSQL,10/10/2013,Cục Hải Quan tỉnh Đồng Nai,V/v Dán nhãn năng lượng (Công ty TNHH Chang Shin Việt Nam),64361,305,18,DONG_NAI,null,null,https://files.customs.gov.vn/DONG_NAI//Data/Cv_Hqdn/2044_HQDNa_GSQL_10_10_2013.pdf,https://www.customs.gov.vn/index.jsp?pageId=3&id=64361&cid=1294,2013,10/2013,2026-10-08T09:45:12Z
525,5937/TCHQ-QLRR,10/10/2013,Tổng cục hải quan,V/v Điều kiệm xác định thời hạn nộp thuế 275 ngày (Công ty kinh doanh sản phẩm khí (PVGas Trading)),62168,305,18,DONG_NAI,null,null,,https://www.customs.gov.vn/index.jsp?pageId=3&id=62168&cid=1294,2013,10/2013,2026-10-08T09:45:12Z
526,5955/TCHQ-TXNK,10/10/2013,Tổng cục hải quan,V/v Thời hạn nộp thuế (Công ty cổ phần cồn rượu Hà Nội),62167,305,18,DONG_NAI,null,null,,https://www.customs.gov.vn/index.jsp?pageId=3&id=62167&cid=1294,2013,10/2013,2026-10-08T09:45:12Z
527,119/2013/NÐ-CP,09/10/2013,Chính phủ,"Nghị định 119/2013/NĐ-CP quy định xử phạt vi phạm hành chính trong lĩnh vực thú y, giống vật nuôi, thức ăn chăn nuôi",55711,305,8,TP_HO_CHI_MINH,Nguyễn Tấn Dũng,25/11/2013,https://files.customs.gov.vn/CustomsCMS/TP_HO_CHI_MINH/2020/Web/Data/DocumentAttachments/119_2013_ND-CP_209607.doc,https://www.customs.gov.vn/index.jsp?pageId=3&id=55711&cid=1294,2013,10/2013,2026-10-08T09:45:12Z
528,119/2013/NĐ-CP,09/10/2013,Chính phủ,"Nghị định Quy định xử phạt VPHC trong lĩnh vực thú y, giống vật nuôi, thức ăn chăn nuôi",40532,305,8,HAI_PHONG,Nguyễn Tấn Dũng,25/11/2020,,https://www.customs.gov.vn/index.jsp?pageId=3&id=40532&cid=1294,2013,10/2013,2026-10-08T09:45:12Z
529,13510/BTC-CST,09/10/2013,null,Chính sách thuế xuất khẩu đối với mặt hàng chì thỏi.,74279,305,16,DA_NANG,Lưu Đức Huy,09/10/2013,https://files.customs.gov.vn/DA_NANG/Uploads/65e32243-11bf-4695-985d-c1563e8c13ba/13510.tif,https://www.customs.gov.vn/index.jsp?pageId=3&id=74279&cid=1294,2013,10/2013,2026-10-08T09:45:12Z
530,13510/BTC-TCHQ,09/10/2013,Bộ Tài chính,V/v Chính sách thuế xuất khẩu đối với mặt hàng chì thỏi (Công ty TNHH Luyện Kim Thăng Long),62169,305,18,DONG_NAI,null,null,,https://www.customs.gov.vn/index.jsp?pageId=3&id=62169&cid=1294,2013,10/2013,2026-10-08T09:45:12Z
531,13484/BTC-TCHQ,08/10/2013,Bộ Tài chính,"V/v Hướng dẫn thủ tục hải quan, chính sách thuế đối với DNCX (Công ty TNHH Samsung Electronics Việt Nam)",62170,305,18,DONG_NAI,null,null,,https://www.customs.gov.vn/index.jsp?pageId=3&id=62170&cid=1294,2013,10/2013,2026-10-08T09:45:12Z
532,5902/TCHQ-TXNK,08/10/2013,Tổng cục hải quan,"V/v Thủ tục HQ và xác định giá tính thuế, thời hạn nộp thuế niken NK (Công ty TNHH Mỏ Nikel Bản Phúc)",62172,305,18,DONG_NAI,null,null,,https://www.customs.gov.vn/index.jsp?pageId=3&id=62172&cid=1294,2013,10/2013,2026-10-08T09:45:12Z
533,5912/TCHQ-GSQL,08/10/2013,Tổng cục hải quan,V/v Xử lý hàng tồn đọng tại các công ty chuyển phát nhanh (Hiệp hội chuyển phát nhanh Châu Á Thái Bình Dương),62171,305,18,DONG_NAI,null,null,,https://www.customs.gov.vn/index.jsp?pageId=3&id=62171&cid=1294,2013,10/2013,2026-10-08T09:45:12Z
534,13390/BTC-TCHQ,07/10/2013,Bộ Tài chính,"V/v Xử lý nợ thuế (HQ Lạng Sơn, Công ty TNHH Hoàng Trà)",62174,305,18,DONG_NAI,null,null,https://files.customs.gov.vn/DONG_NAI//Data/CV_BTC/13390_BTC_TCHQ_07_10_2013.pdf,https://www.customs.gov.vn/index.jsp?pageId=3&id=62174&cid=1294,2013,10/2013,2026-10-08T09:45:12Z
535,13414/BTC-TCHQ,07/10/2013,Bộ Tài chính,V/v Xử lý thuế GTGT nguyên liệu nhập khẩu SXXK (HQ Bà Rịa - Vũng Tàu; Công ty CP sản xuất và đầu tư Hoàng Gia),62173,305,18,DONG_NAI,null,null,,https://www.customs.gov.vn/index.jsp?pageId=3&id=62173&cid=1294,2013,10/2013,2026-10-08T09:45:12Z
536,1990/HQĐNa-CNTT,07/10/2013,Cục Hải Quan tỉnh Đồng Nai,V/v Triển khai chữ ký số trong thủ tục hải quan điện tử,64364,305,18,DONG_NAI,null,null,https://files.customs.gov.vn/DONG_NAI//Data/Cv_Hqdn/1990_HQDNa_CNTT_07_10_2013.pdf,https://www.customs.gov.vn/index.jsp?pageId=3&id=64364&cid=1294,2013,10/2013,2026-10-08T09:45:12Z
537,1995/HQĐNa-GSQL,07/10/2013,Cục Hải Quan tỉnh Đồng Nai,V/v Dán nhãn năng lượng (Công ty TNHH Công nghiệp Brother Sài Gòn),64363,305,18,DONG_NAI,null,null,https://files.customs.gov.vn/DONG_NAI//Data/Cv_Hqdn/1995_HQDNa_GSQL_07_10_2013.pdf,https://www.customs.gov.vn/index.jsp?pageId=3&id=64363&cid=1294,2013,10/2013,2026-10-08T09:45:12Z
538,5883/TCHQ-TXNK,07/10/2013,Tổng cục hải quan,V/v Thuế giá trị gia tăng (Công ty cho thuê tài chính TNHH MTV Kexim Việt Nam),62175,305,18,DONG_NAI,null,null,,https://www.customs.gov.vn/index.jsp?pageId=3&id=62175&cid=1294,2013,10/2013,2026-10-08T09:45:12Z
539,116/2013/NÐ-CP,04/10/2013,Chính phủ,"Nghị định quy định chi tiết thi hành một số điều của Luật phòng, chống rửa tiền",55113,305,8,TP_HO_CHI_MINH,Nguyễn Tấn Dũng,10/10/2013,https://files.customs.gov.vn/CustomsCMS/TP_HO_CHI_MINH/2020/Web/Data/DocumentAttachments/116_2013_ND-CP_209305.doc,https://www.customs.gov.vn/index.jsp?pageId=3&id=55113&cid=1294,2013,10/2013,2026-10-08T09:45:12Z
540,13366/BTC-TCHQ,04/10/2013,Bộ Tài chính,"V/v Nhập khẩu phế liệu từ khi công nghiệp, khu chế xuất (Doanh nghiệp tư nhân Mỹ Nga)",62178,305,18,DONG_NAI,null,null,,https://www.customs.gov.vn/index.jsp?pageId=3&id=62178&cid=1294,2013,10/2013,2026-10-08T09:45:12Z
541,1980/HQĐNa-GSQL,04/10/2013,Cục Hải Quan tỉnh Đồng Nai,V/v Dán nhãn năng lượng,64365,305,18,DONG_NAI,null,null,https://files.customs.gov.vn/DONG_NAI//Data/Cv_Hqdn/1980_HQDNa_GSQL_04_10_2013.pdf,https://www.customs.gov.vn/index.jsp?pageId=3&id=64365&cid=1294,2013,10/2013,2026-10-08T09:45:12Z
542,7292/QĐ-BCT,04/10/2013,Bộ Công thương,V/v Thu hồi Giấy chứng nhận mã số tạm nhập tái xuất thực phẩm đông lạnh số 13/BCT-XNK của Công ty cổ phần thương mại Quốc tế NC,62177,305,10,DONG_NAI,null,null,https://files.customs.gov.vn/DONG_NAI//Data/CV_BCT/7292_QD_BCT_04_10_2013.pdf,https://www.customs.gov.vn/index.jsp?pageId=3&id=62177&cid=1294,2013,10/2013,2026-10-08T09:45:12Z
543,5825/TCHQ-GSQL,03/10/2013,null,Ghi nhãn xuất xứ hàng hóa nhập khẩu,74274,305,16,DA_NANG,Vũ Ngọc Anh,03/10/2013,https://files.customs.gov.vn/DA_NANG/Uploads/65e32243-11bf-4695-985d-c1563e8c13ba/10.11 ghi nhan XXHH NK.tif,https://www.customs.gov.vn/index.jsp?pageId=3&id=74274&cid=1294,2013,10/2013,2026-10-08T09:45:12Z
544,5826/TCHQ-GSQL,03/10/2013,null,"Kiểm tra chất lượng xe máy chuyên dùng tạm nhập, tái xuất",74275,305,16,DA_NANG,Vũ Ngọc Anh,03/10/2013,https://files.customs.gov.vn/DA_NANG/Uploads/65e32243-11bf-4695-985d-c1563e8c13ba/10.11 KTCL xe may chuyen dung TNTX.tif,https://www.customs.gov.vn/index.jsp?pageId=3&id=74275&cid=1294,2013,10/2013,2026-10-08T09:45:12Z
545,5814/TCHQ-TXNK,03/10/2013,Tổng cục hải quan,V/v Miễn thuế hàng nhập khẩu (Cơ quan Hợp tác Quốc tế Nhật Bản (JICA Vietnam office)),62179,305,18,DONG_NAI,null,null,,https://www.customs.gov.vn/index.jsp?pageId=3&id=62179&cid=1294,2013,10/2013,2026-10-08T09:45:12Z
546,5790/TCHQ-TXNK,02/10/2013,Tổng cục hải quan,V/v Hoàn thuế GTGT hàng nhập khẩu nộp thừa (Công ty cổ phần đường Khánh Hòa),62180,305,18,DONG_NAI,null,null,,https://www.customs.gov.vn/index.jsp?pageId=3&id=62180&cid=1294,2013,10/2013,2026-10-08T09:45:12Z
547,962/GSQL-GQ1,01/10/2013,Tổng cục hải quan,V/v Hướng dẫn thủ tục hải quan (Công ty TNHH kinh doanh Vạn Thông),62181,305,18,DONG_NAI,null,null,,https://www.customs.gov.vn/index.jsp?pageId=3&id=62181&cid=1294,2013,10/2013,2026-10-08T09:45:12Z
548,7358/TCHQ-VP,29/11/2013,null,Trả lời vướng mắc của Hiệp hội DN Nhật Bản tại TP Hồ Chí Minh,74394,305,16,DA_NANG,Trần Vũ Minh,29/11/2013,https://files.customs.gov.vn/DA_NANG/Uploads/65e32243-11bf-4695-985d-c1563e8c13ba/7358.tif,https://www.customs.gov.vn/index.jsp?pageId=3&id=74394&cid=1294,2013,11/2013,2026-10-08T09:45:12Z
549,10176/VPCP-KTN,29/11/2013,Bộ Ngoại Giao,"Công văn số 10176/VPCP-KTN V/v rà soát, sửa đổi bổ sung, hoàn thiện quy định về quản lý nhập khẩu gỗ",57624,305,16,TP_HO_CHI_MINH,Nguyễn Hữu Vũ,29/11/2013,https://files.customs.gov.vn/CustomsCMS/TP_HO_CHI_MINH/2020/Web/Data/DocumentAttachments/10176.tif,https://www.customs.gov.vn/index.jsp?pageId=3&id=57624&cid=1294,2013,11/2013,2026-10-08T09:45:12Z
550,16587/BTC-TCHQ,29/11/2013,Bộ Tài chính,Công văn số 16587/BTC-TCHQ V/v chính sách thuế đối với hàng hóa Công ty cho thuê tài chính nhập khẩu,55422,305,16,TP_HO_CHI_MINH,Đỗ Hoàng Anh Tuấn,29/11/2013,https://files.customs.gov.vn/CustomsCMS/TP_HO_CHI_MINH/2020/Web/Data/DocumentAttachments/16587_BTC-TCHQ_215109.doc,https://www.customs.gov.vn/index.jsp?pageId=3&id=55422&cid=1294,2013,11/2013,2026-10-08T09:45:12Z
551,45/2013/QH13,29/11/2013,Quốc hội,Luật đất đai,56376,305,13,TP_HO_CHI_MINH,Nguyễn Sinh Hùng,01/07/2014,https://files.customs.gov.vn/CustomsCMS/TP_HO_CHI_MINH/2020/Web/Data/DocumentAttachments/45_2013_QH13_215836.doc,https://www.customs.gov.vn/index.jsp?pageId=3&id=56376&cid=1294,2013,11/2013,2026-10-08T09:45:12Z
552,9640/BKHĐT-KTCN,29/11/2013,Bộ Kế Hoạch và Đầu Tư,V/v Xác nhận máy biến áp trong nước đã sản xuất được (Công ty TNHH Haedong Engineering),62790,305,18,DONG_NAI,null,null,,https://www.customs.gov.vn/index.jsp?pageId=3&id=62790&cid=1294,2013,11/2013,2026-10-08T09:45:12Z
553,1196/GSQL-GQ2,28/11/2013,Tổng cục hải quan,V/v Vướng mắc khi thực hiện Thông tư số 128/2013/TT-BTC (Công ty TNHH Roch Dale Spears; Công ty CP May Minh Hoàng),62791,305,18,DONG_NAI,null,null,,https://www.customs.gov.vn/index.jsp?pageId=3&id=62791&cid=1294,2013,11/2013,2026-10-08T09:45:12Z
554,HP 2013,28/11/2013,null,Hiến pháp Nước cộng hòa xã hội chủ nghĩa Việt Nam,74480,305,13,DA_NANG,Nguyễn Sinh Hùng,01/01/2014,https://files.customs.gov.vn/DA_NANG/Uploads/65e32243-11bf-4695-985d-c1563e8c13ba/Hien phap 2013.pdf,https://www.customs.gov.vn/index.jsp?pageId=3&id=74480&cid=1294,2013,11/2013,2026-10-08T09:45:12Z
555,7235/TCHQ-GSQL,27/11/2013,null,Thủ tục hải quan và chính sách thuế đối với hàng hóa cung ứng cho tàu biển quốc tế,74390,305,16,DA_NANG,PTCT Vũ Ngọc Anh,27/11/2013,https://files.customs.gov.vn/DA_NANG/Uploads/65e32243-11bf-4695-985d-c1563e8c13ba/7235.tif,https://www.customs.gov.vn/index.jsp?pageId=3&id=74390&cid=1294,2013,11/2013,2026-10-08T09:45:12Z
556,16426/BTC-TCHQ,27/11/2013,Bộ Tài chính,"V/v Chính sách thuế dự án ODA Bến Thành - Suối Tiên (HQ các tỉnh, thành phố)",62793,305,18,DONG_NAI,null,null,https://files.customs.gov.vn/DONG_NAI//Data/CV_BTC/16426_BTC_TCHQ_27_11_2013.pdf,https://www.customs.gov.vn/index.jsp?pageId=3&id=62793&cid=1294,2013,11/2013,2026-10-08T09:45:12Z
557,16460/BTC-CST,27/11/2013,Bộ Tài chính,"V/v Chính sách thuế xuất khẩu mặt hàng đá quý đã cắt, mài, chế tác (Công ty CP Tập đoàn Vàng bạc đá quý DOJI)",62792,305,18,DONG_NAI,null,null,,https://www.customs.gov.vn/index.jsp?pageId=3&id=62792&cid=1294,2013,11/2013,2026-10-08T09:45:12Z
558,202/2013/NÐ-CP,27/11/2013,Chính phủ,Về quản lý phân bón,55088,305,8,TP_HO_CHI_MINH,Nguyễn Tấn Dũng,01/02/2014,https://files.customs.gov.vn/CustomsCMS/TP_HO_CHI_MINH/2020/Web/Data/DocumentAttachments/202_2013_ND_CP_Ve_quan_ly_phan_bon.doc,https://www.customs.gov.vn/index.jsp?pageId=3&id=55088&cid=1294,2013,11/2013,2026-10-08T09:45:12Z
559,2423/HQĐNa-TXNK,27/11/2013,Cục Hải Quan tỉnh Đồng Nai,V/v Điều chỉnh Danh mục hàng hóa nhập khẩu miễn thuế tạo TSCĐ (Công ty TNHH Homn Reen Việt Nam),65109,305,18,DONG_NAI,null,null,https://files.customs.gov.vn/DONG_NAI//Data/Cv_Hqdn/2423_HQDNa_TXNK_27_11_2013.pdf,https://www.customs.gov.vn/index.jsp?pageId=3&id=65109&cid=1294,2013,11/2013,2026-10-08T09:45:12Z
560,7235/TCHQ-GSQL,27/11/2013,Tổng cục hải quan,V/v Thủ tục hải quan và chính sách thuế đối với hàng hóa cung ứng cho tàu biển quốc tế (Công ty Cổ phần Hàng Hải MACS),62795,305,18,DONG_NAI,null,null,,https://www.customs.gov.vn/index.jsp?pageId=3&id=62795&cid=1294,2013,11/2013,2026-10-08T09:45:12Z
561,7236/TCHQ-GSQL,27/11/2013,null,Thủ tục hải quan và chính sách thuế đối với hàng hóa theo hình thức tạm nhập - tái xuất không nhằm mục đích thương mại cung ứng cho tàu biển nước ngoài,74392,305,16,DA_NANG,PTCT Vũ Ngọc Anh,27/11/2013,https://files.customs.gov.vn/DA_NANG/Uploads/65e32243-11bf-4695-985d-c1563e8c13ba/7236.tif,https://www.customs.gov.vn/index.jsp?pageId=3&id=74392&cid=1294,2013,11/2013,2026-10-08T09:45:12Z
562,7247/TCHQ-TXNK,27/11/2013,Tổng cục hải quan,"V/v Hoạt động mua bán hàng hóa XK, NK của doanh nghiệp chế xuất (Công ty TNHH Samsung Electronics Việt Nam)",62794,305,18,DONG_NAI,null,null,,https://www.customs.gov.vn/index.jsp?pageId=3&id=62794&cid=1294,2013,11/2013,2026-10-08T09:45:12Z
563,16316/BTC-TCHQ,26/11/2013,Bộ Tài chính,V/v Xác định mã HS 06 mặt hàng dầu gội đầu (Công ty TNHH TMDV Thế Long),62798,305,18,DONG_NAI,null,null,,https://www.customs.gov.vn/index.jsp?pageId=3&id=62798&cid=1294,2013,11/2013,2026-10-08T09:45:12Z
564,199/2013/NÐ-CP,26/11/2013,Chính phủ,"Nghị định quy định chức năng, nhiệm vụ, quyền hạn và cơ cấu tổ chức của Bộ Nông nghiệp và Phát triển nông thôn",58559,305,8,TP_HO_CHI_MINH,Nguyễn Tấn Dũng,15/01/2014,https://files.customs.gov.vn/CustomsCMS/TP_HO_CHI_MINH/2020/Web/Data/DocumentAttachments/87_2010_ND-CP_110413.doc,https://www.customs.gov.vn/index.jsp?pageId=3&id=58559&cid=1294,2013,11/2013,2026-10-08T09:45:12Z
565,2416/HQĐNa-GSQL,26/11/2013,Cục Hải Quan tỉnh Đồng Nai,Trả lời Công ty Cổ phần Đồ Gỗ Nghĩa Sơn v/v đăng ký làm thủ tục hải quan,65110,305,18,DONG_NAI,null,null,https://files.customs.gov.vn/DONG_NAI//Data/Cv_Hqdn/2416_HQDNa_GSQL_26_11_2013.pdf,https://www.customs.gov.vn/index.jsp?pageId=3&id=65110&cid=1294,2013,11/2013,2026-10-08T09:45:12Z
566,4232/BNN-BVTV,26/11/2013,Bộ Nông nghiệp và Phát triển nông thôn,V/v Thủ tục hải quan đối với hàng xuất khẩu có nguồn gốc thực vật,62796,305,18,DONG_NAI,null,null,,https://www.customs.gov.vn/index.jsp?pageId=3&id=62796&cid=1294,2013,11/2013,2026-10-08T09:45:12Z
567,43/2013/QH13,26/11/2013,Quốc hội,Luật đấu thầu,57931,305,13,TP_HO_CHI_MINH,Nguyễn Sinh Hùng,01/07/2014,https://files.customs.gov.vn/CustomsCMS/TP_HO_CHI_MINH/2020/Web/Data/DocumentAttachments/43_2013_QH13_Luat_dau_thau.doc,https://www.customs.gov.vn/index.jsp?pageId=3&id=57931&cid=1294,2013,11/2013,2026-10-08T09:45:12Z
568,65/2013/TT-BCA,26/11/2013,Bộ Công an,"V/v Quy định chi tiết thi hành một số điều của quyết định số 44/2012/QĐ-TTg ngày 15/10/2012 của thủ tướng Chính phủ quy định về công tác cứu nạn, cứu hộ của lực lượng phòng cháy và chữa cháy",62797,305,4,DONG_NAI,null,null,,https://www.customs.gov.vn/index.jsp?pageId=3&id=62797&cid=1294,2013,11/2013,2026-10-08T09:45:12Z
569,1170/GSQL-GQ3,25/11/2013,Tổng cục hải quan,"V/v Hàng hóa quá cảnh đóng ghép chung container với hàng nhập khẩu, hàng xuất khẩu (Công ty Cổ phần Giao nhận Vận tải đường bộ Việt Nam)",62801,305,18,DONG_NAI,null,null,,https://www.customs.gov.vn/index.jsp?pageId=3&id=62801&cid=1294,2013,11/2013,2026-10-08T09:45:12Z
570,1177/GSQL-GQ2,25/11/2013,Tổng cục hải quan,V/v Giấy phép nhập khẩu và chứng nhận hợp quy đối với nguyên liệu nhập khẩu theo loại hình gia công (Công ty TNHH STRATEGIC MARINE (V)),62800,305,18,DONG_NAI,null,null,,https://www.customs.gov.vn/index.jsp?pageId=3&id=62800&cid=1294,2013,11/2013,2026-10-08T09:45:12Z
571,16249/BTC-PC,25/11/2013,null,"Về một số biện pháp tăng cường quản lý thuế GTGT, thuế TTĐB",74386,305,16,DA_NANG,null,25/11/2013,https://files.customs.gov.vn/DA_NANG/Uploads/65e32243-11bf-4695-985d-c1563e8c13ba/16249.tif,https://www.customs.gov.vn/index.jsp?pageId=3&id=74386&cid=1294,2013,11/2013,2026-10-08T09:45:12Z
572,7162/TCHQ-TXNK,25/11/2013,Tổng cục hải quan,V/v Thanh lý máy móc đã nhập khẩu đầu tư tạo tài sản cố định (Đại sứ quán Đan Mạch tại Việt Nam),62802,305,18,DONG_NAI,null,null,,https://www.customs.gov.vn/index.jsp?pageId=3&id=62802&cid=1294,2013,11/2013,2026-10-08T09:45:12Z
573,7175/TCHQ-TXNK,25/11/2013,Tổng cục hải quan,V/v Xác định trước mã số mặt hàng cọc bê tông (Công ty cổ phần công nghiệp Khai Minh),62799,305,18,DONG_NAI,null,null,,https://www.customs.gov.vn/index.jsp?pageId=3&id=62799&cid=1294,2013,11/2013,2026-10-08T09:45:12Z
574,2400/HQĐNa-GSQL,23/11/2013,Cục Hải Quan tỉnh Đồng Nai,Trả lời Công ty TNHH Ninh Phúc v/v thông báo đủ điều kiện hoạt động đại lý hải quan,65111,305,18,DONG_NAI,null,null,https://files.customs.gov.vn/DONG_NAI//Data/Cv_Hqdn/2400_HQDNa_GSQL_23_11_2013.pdf,https://www.customs.gov.vn/index.jsp?pageId=3&id=65111&cid=1294,2013,11/2013,2026-10-08T09:45:12Z
575,16239/BTC-TCHQ,22/11/2013,null,Sử dụng hóa đơn đối với hình thức xuất nhập khẩu tại chỗ,74377,305,16,DA_NANG,TT Đỗ Hoàng Anh Tuấn,15/11/2013,https://files.customs.gov.vn/DA_NANG/Uploads/65e32243-11bf-4695-985d-c1563e8c13ba/16239.tif,https://www.customs.gov.vn/index.jsp?pageId=3&id=74377&cid=1294,2013,11/2013,2026-10-08T09:45:12Z
576,16236/BTC-TCHQ,22/11/2013,Bộ Tài chính,"V/v Địa điểm làm thủ tục hải quan theo quy định tại Điều 36 Thông tư số 128/2013/TT-BTC (HQ các tỉnh, thành phố)",62803,305,18,DONG_NAI,null,null,,https://www.customs.gov.vn/index.jsp?pageId=3&id=62803&cid=1294,2013,11/2013,2026-10-08T09:45:12Z
577,16239/BTC-TCHQ,22/11/2013,null,Công văn 16239/BTC-TCHQ của Bộ Tài chính về việc sử dụng hóa đơn đối với hình thức xuất nhập khẩu tại chỗ,61851,305,16,QUANG_NGAI,Đỗ Hoàng Anh Tuấn,01/01/1900,,https://www.customs.gov.vn/index.jsp?pageId=3&id=61851&cid=1294,2013,11/2013,2026-10-08T09:45:12Z
578,2031/TXNK-CST,22/11/2013,Tổng cục hải quan,V/v Chính sách thuế nhập khẩu (Công ty TNHH HD resist - All Việt Nam),62804,305,18,DONG_NAI,null,null,,https://www.customs.gov.vn/index.jsp?pageId=3&id=62804&cid=1294,2013,11/2013,2026-10-08T09:45:12Z
579,40/2013/QH13,22/11/2013,Quốc hội,"Luật Sửa đổi, bổ sung một số điều của Luật Phòng cháy và chữa cháy",57144,305,13,TP_HO_CHI_MINH,Nguyễn Sinh Hùng,01/07/2014,https://files.customs.gov.vn/CustomsCMS/TP_HO_CHI_MINH/2020/Web/Data/DocumentAttachments/40_2013_QH13_Luat_Sua_doi__bo_sung_mot_so_dieu_cua_Luat_Phong_chay_va_chua_chay_.doc,https://www.customs.gov.vn/index.jsp?pageId=3&id=57144&cid=1294,2013,11/2013,2026-10-08T09:45:12Z
580,7027/TCHQ-GSQL,22/11/2013,null,Làm thủ tục hải quan,74384,305,16,DA_NANG,PTCT Vũ Ngọc Anh,22/11/2013,https://files.customs.gov.vn/DA_NANG/Uploads/65e32243-11bf-4695-985d-c1563e8c13ba/7027.tif,https://www.customs.gov.vn/index.jsp?pageId=3&id=74384&cid=1294,2013,11/2013,2026-10-08T09:45:12Z
581,7029/TCHQ-TXNK,22/11/2013,Tổng cục hải quan,V/v Phân loại mặt hàng máy chọn màu nông sản (Công ty TNHH Thương phẩm Atlantic Việt Nam.),62807,305,18,DONG_NAI,null,null,,https://www.customs.gov.vn/index.jsp?pageId=3&id=62807&cid=1294,2013,11/2013,2026-10-08T09:45:12Z
582,7035/TCHQ-GSQL,22/11/2013,Tổng cục hải quan,V/v Thủ tục hải quan và chính sách thuế đối với loại hình NSXXK (Công ty TNHH Công nghiệp chính xác Việt Nam 1),62806,305,18,DONG_NAI,null,null,,https://www.customs.gov.vn/index.jsp?pageId=3&id=62806&cid=1294,2013,11/2013,2026-10-08T09:45:12Z
583,7046/TCHQ-TXNK,22/11/2013,Tổng cục hải quan,V/v Hoàn thuế kiêm bù trừ (Công ty Gamuda Engineering SDN BHD - thầu EPC),62805,305,18,DONG_NAI,null,null,,https://www.customs.gov.vn/index.jsp?pageId=3&id=62805&cid=1294,2013,11/2013,2026-10-08T09:45:12Z
584,16166/BTC-TCHQ,21/11/2013,Bộ Tài chính,V/v Chính sách thuế đối với sản phẩm sản xuất của DNCX bán vào thị trường nội địa (Công ty TNHH Samsung Electronics Việt Nam),62808,305,18,DONG_NAI,null,null,,https://www.customs.gov.vn/index.jsp?pageId=3&id=62808&cid=1294,2013,11/2013,2026-10-08T09:45:12Z
585,195/2013/NÐ-CP,21/11/2013,Chính phủ,Quy định chi tiết một số điều và biện pháp thi hành Luật Xuất bản,58939,305,8,TP_HO_CHI_MINH,Nguyễn Tấn Dũng,01/03/2014,https://files.customs.gov.vn/CustomsCMS/TP_HO_CHI_MINH/2020/Web/Data/DocumentAttachments/195_2013_ND_CP_Quy_dinh_chi_tiet_mot_so_dieu_va_bien_phap_thi_hanh_Luat_Xuat_ban.doc,https://www.customs.gov.vn/index.jsp?pageId=3&id=58939&cid=1294,2013,11/2013,2026-10-08T09:45:12Z
586,187/2013/NĐ-CP,20/11/2013,null,"Nghị định Quy định chi tiết thi hành Luật Thương mại về hoạt động mua bán hàng hóa quốc tế và các hoạt động đại lý mua, bán, gia công và quá cảnh hàng hóa với nước ngoài",74563,305,8,DA_NANG,Nguyễn Tấn Dũng,20/02/2014,https://files.customs.gov.vn/DA_NANG/Uploads/65e32243-11bf-4695-985d-c1563e8c13ba/12.13 ND 187-2013.tif,https://www.customs.gov.vn/index.jsp?pageId=3&id=74563&cid=1294,2013,11/2013,2026-10-08T09:45:12Z
587,172/2013/TT-BTC,20/11/2013,null,Thông tư quy định về thuê bảo quản hàng dự trữ quốc gia,74495,305,4,DA_NANG,Nguyễn Hữu Chí,05/01/2014,https://files.customs.gov.vn/DA_NANG/Uploads/65e32243-11bf-4695-985d-c1563e8c13ba/TT172.tif,https://www.customs.gov.vn/index.jsp?pageId=3&id=74495&cid=1294,2013,11/2013,2026-10-08T09:45:12Z
588,187/2013/NÐ-CP,20/11/2013,Chính phủ,"Quy định chi tiết thi hành Luật Thương mại về hoạt động mua bán hàng hóa quốc tế và các hoạt động đại lý mua, bán, gia công và quá cảnh hàng hóa với nước ngoài",52594,305,8,TP_HO_CHI_MINH,Nguyễn Tấn Dũng,20/02/2014,"https://files.customs.gov.vn/CustomsCMS/TP_HO_CHI_MINH/2020/Web/Data/DocumentAttachments/187_2013_ND_CP_PhuLuc_2.doc,/CustomsCMS/TP_HO_CHI_MINH/2020/Web/Data/DocumentAttachments/187_2013_ND_CP_PhuLuc_1.doc,/CustomsCMS/TP_HO_CHI_MINH/2020/Web/Data/DocumentAttachments/187_2013_ND_CP_Quy_dinh_chi_tiet_thi_hanh_Luat_Thuong_mai_ve_hoat_dong_mua_ban_hang_hoa_quoc_te.doc",https://www.customs.gov.vn/index.jsp?pageId=3&id=52594&cid=1294,2013,11/2013,2026-10-08T09:45:12Z
589,187/2013/NĐ-CP(sửađổibổsungbởinghịđịnhsố77/2016/NĐ-CPngày01/07/2016),20/11/2013,Chính phủ,"V/v Quy định chi tiết thi hành Luật thương mại về hoạt động mua bán hàng hóa quốc tế và các hoạt động đại lý mua, bán, gia công và quá cảnh hàng hóa với nước ngoài",62809,305,8,DONG_NAI,null,null,,https://www.customs.gov.vn/index.jsp?pageId=3&id=62809&cid=1294,2013,11/2013,2026-10-08T09:45:12Z
590,6973/TCHQ-GSQL,20/11/2013,Tổng cục hải quan,V/v C/O mẫu D cấp cho mặt hàng xút lỏng (công văn số 6973/TCHQ-GSQL ngày 20/11/2013) - Cục Hải quan tỉnh Bà Rịa - Vũng Tàu.,54778,305,16,TP_HO_CHI_MINH,Vũ Ngọc Anh,20/11/2013,https://files.customs.gov.vn/CustomsCMS/TP_HO_CHI_MINH/2020/Web/Data/DocumentAttachments/6973-TCHQ-GSQL.tif,https://www.customs.gov.vn/index.jsp?pageId=3&id=54778&cid=1294,2013,11/2013,2026-10-08T09:45:12Z
591,"1146,1151-1153/GSQL-GQ2",19/11/2013,Tổng cục hải quan,V/v Vướng mắc khi thực hiện Thông tư số 128/2013/TT-BTC (một số Công ty và Hiệp hội Dệt may Việt Nam),62810,305,18,DONG_NAI,null,null,,https://www.customs.gov.vn/index.jsp?pageId=3&id=62810&cid=1294,2013,11/2013,2026-10-08T09:45:12Z
592,2374/HQĐNa-CCHĐH,19/11/2013,Cục Hải Quan tỉnh Đồng Nai,Trả lời Công ty TNHH Sơn Hà v/v vướng mắc xác nhận của Hải quan giám sát đối với hàng hóa xuất khẩu từ nội địa vào doanh nghiệp chế xuất,65112,305,18,DONG_NAI,null,null,https://files.customs.gov.vn/DONG_NAI//Data/Cv_Hqdn/2374_HQDNa_CCHDH_19_11_2013.pdf,https://www.customs.gov.vn/index.jsp?pageId=3&id=65112&cid=1294,2013,11/2013,2026-10-08T09:45:12Z
593,70/2013/QÐ-TTG,19/11/2013,Thủ tướng Chính phủ,Quyết định 70/2013/QĐ-TTg công bố Danh mục phân loại cảng biển Việt Nam do Thủ tướng Chính phủ ban hành,57135,305,10,TP_HO_CHI_MINH,Nguyễn Tấn Dũng,10/01/2014,https://files.customs.gov.vn/CustomsCMS/TP_HO_CHI_MINH/2020/Web/Data/DocumentAttachments/70_2013_QD-TTg_214162.doc,https://www.customs.gov.vn/index.jsp?pageId=3&id=57135&cid=1294,2013,11/2013,2026-10-08T09:45:12Z
594,2354/HQĐNa-GSQL,18/11/2013,Cục Hải Quan tỉnh Đồng Nai,V/v Trả lời Công ty TNHH Sojitz Việt Nam v/v đề nghị hướng dẫn thủ tục khai báo hải quan khi chỉ định giao hàng giữa 2 DNCX,65114,305,18,DONG_NAI,null,null,https://files.customs.gov.vn/DONG_NAI//Data/Cv_Hqdn/2354_HQDNa_GSQL_18_11_2013.pdf,https://www.customs.gov.vn/index.jsp?pageId=3&id=65114&cid=1294,2013,11/2013,2026-10-08T09:45:12Z
595,2355/HQĐNa-TXNK,18/11/2013,Cục Hải Quan tỉnh Đồng Nai,V/v Đăng ký bổ sung danh mục hàng hóa nhập khẩu miễn thuế nhập khẩu tạo tài sản cố định (Tổng Công ty Phát điện 3),65113,305,18,DONG_NAI,null,null,https://files.customs.gov.vn/DONG_NAI//Data/Cv_Hqdn/2355_HQDNa_TXNK_18_11_2013.pdf,https://www.customs.gov.vn/index.jsp?pageId=3&id=65113&cid=1294,2013,11/2013,2026-10-08T09:45:12Z
596,6926/TCHQ-TXNK,18/11/2013,Tổng cục hải quan,"V/v Phân loại bình sắt tráng men dùng để sản xuất bình nước nóng (HQ các tỉnh, thành phố)",62811,305,18,DONG_NAI,null,null,,https://www.customs.gov.vn/index.jsp?pageId=3&id=62811&cid=1294,2013,11/2013,2026-10-08T09:45:12Z
597,6932/TCHQ-GSQL,18/11/2013,Tổng cục hải quan,V/v thủ tục nhập khẩu hàng hóa phải kiểm tra chuyên ngành,56637,305,16,TP_HO_CHI_MINH,Vũ Ngọc Anh,18/11/2013,https://files.customs.gov.vn/CustomsCMS/TP_HO_CHI_MINH/2020/Web/Data/DocumentAttachments/6932_TCHQ-GSQL_213922.doc,https://www.customs.gov.vn/index.jsp?pageId=3&id=56637&cid=1294,2013,11/2013,2026-10-08T09:45:12Z
598,38/2013/QH13,16/11/2013,Quốc hội,Luật Việc làm 2013,61194,305,13,TONG_CUC,Nguyễn Sinh Hùng,01/01/2016,,https://www.customs.gov.vn/index.jsp?pageId=3&id=61194&cid=1294,2013,11/2013,2026-10-08T09:45:12Z
599,1125/GSQL-GQ1,15/11/2013,null,Thực hiện Thông tư số 40/2013/TT-BNNPTNT,74375,305,16,DA_NANG,Ngô Minh Hải,15/11/2013,https://files.customs.gov.vn/DA_NANG/Uploads/65e32243-11bf-4695-985d-c1563e8c13ba/1125.tif,https://www.customs.gov.vn/index.jsp?pageId=3&id=74375&cid=1294,2013,11/2013,2026-10-08T09:45:12Z
600,166/2013/TT-BTC,15/11/2013,Bộ Tài chính,V/v Quy định chi tiết về xử phạt vi phạm hành chính về thuế,62812,305,4,DONG_NAI,null,null,,https://www.customs.gov.vn/index.jsp?pageId=3&id=62812&cid=1294,2013,11/2013,2026-10-08T09:45:12Z
601,185/2013/NÐ-CP,15/11/2013,Chính phủ,"Quy định xử phạt vi phạm hành chính trong hoạt động thương mại, sản xuất, buôn bán hàng giả, hàng cấm và bảo vệ quyền lợi người tiêu dùng",55353,305,8,TP_HO_CHI_MINH,Nguyễn Tấn Dũng,01/01/2014,https://files.customs.gov.vn/CustomsCMS/TP_HO_CHI_MINH/2020/Web/Data/DocumentAttachments/185_2013_ND_CP_Quy_dinh_XPVPHC_trong_thuong_mai.doc,https://www.customs.gov.vn/index.jsp?pageId=3&id=55353&cid=1294,2013,11/2013,2026-10-08T09:45:12Z
602,2347/HQĐNa-CNTT,15/11/2013,Cục Hải Quan tỉnh Đồng Nai,V/v Áp dụng chữ ký số trong thủ tục hải quan điện tử,65115,305,18,DONG_NAI,null,null,https://files.customs.gov.vn/DONG_NAI//Data/Cv_Hqdn/2347_HQDNa_CNTT_14_11_2013.pdf,https://www.customs.gov.vn/index.jsp?pageId=3&id=65115&cid=1294,2013,11/2013,2026-10-08T09:45:12Z
603,39/2013/TT-BYT,15/11/2013,Bộ Y tế,"Thông tư quy định về quản lý thuốc chữa bệnh cho người theo đường xuất khẩu, nhập khẩu phi mậu dịch",55730,305,4,TP_HO_CHI_MINH,Phạm Lê Tuấn,01/01/2014,https://files.customs.gov.vn/CustomsCMS/TP_HO_CHI_MINH/2020/Web/Data/DocumentAttachments/39_2013_TT-BYT_222057.doc,https://www.customs.gov.vn/index.jsp?pageId=3&id=55730&cid=1294,2013,11/2013,2026-10-08T09:45:12Z
604,6859/TCHQ-TXNK,15/11/2013,Tổng cục hải quan,V/v Tiêu hủy vật liệu nổ công nghiệp (Công ty Liên doanh điều hành Vietgazprom),62815,305,18,DONG_NAI,null,null,,https://www.customs.gov.vn/index.jsp?pageId=3&id=62815&cid=1294,2013,11/2013,2026-10-08T09:45:12Z
605,6862/TCHQ-TXNK,15/11/2013,Tổng cục hải quan,V/v Giá tính thuế ô tô nhập khẩu (Công ty CP ô tô Ba sao),62814,305,18,DONG_NAI,null,null,,https://www.customs.gov.vn/index.jsp?pageId=3&id=62814&cid=1294,2013,11/2013,2026-10-08T09:45:12Z
606,6872/TCHQ-TXNK,15/11/2013,Tổng cục hải quan,"V/v Thuế GTGT mặt hàng thuốc phòng bệnh, chữa bệnh vật nuôi (Công ty cổ phần Hóa chất Thiết bị phòng thí nghiệm và Công nghệ)",62813,305,18,DONG_NAI,null,null,,https://www.customs.gov.vn/index.jsp?pageId=3&id=62813&cid=1294,2013,11/2013,2026-10-08T09:45:12Z
607,160/2013/TT-BTC,14/11/2013,null,"Hướng dẫn việc in, phát hành, quản lý và sử dụng tem đối với sản phẩm rượu nhập khẩu và rượu sản xuất để tiêu thụ trong nước",74476,305,4,DA_NANG,Đỗ Hoàng Anh Tuấn,01/01/2014,https://files.customs.gov.vn/DA_NANG/Uploads/65e32243-11bf-4695-985d-c1563e8c13ba/TT160.tif,https://www.customs.gov.vn/index.jsp?pageId=3&id=74476&cid=1294,2013,11/2013,2026-10-08T09:45:12Z
608,176/2013/NÐ-CP,14/11/2013,Chính phủ,Nghị định Quy định xử phạt vi phạm hành chính trong lĩnh vực y tế,57437,305,8,TP_HO_CHI_MINH,Nguyễn Tấn Dũng,31/12/2013,https://files.customs.gov.vn/CustomsCMS/TP_HO_CHI_MINH/2020/Web/Data/DocumentAttachments/176_2013_ND-CP_213917.doc,https://www.customs.gov.vn/index.jsp?pageId=3&id=57437&cid=1294,2013,11/2013,2026-10-08T09:45:12Z
609,178/2013/NÐ-CP,14/11/2013,Chính phủ,Nghị định 178/2013/NĐ-CP quy định xử phạt vi phạm hành chính về an toàn thực phẩm,52576,305,8,TP_HO_CHI_MINH,Nguyễn Tấn Dũng,31/12/2013,https://files.customs.gov.vn/CustomsCMS/TP_HO_CHI_MINH/2020/Web/Data/DocumentAttachments/178_2013_ND-CP_213799.doc,https://www.customs.gov.vn/index.jsp?pageId=3&id=52576&cid=1294,2013,11/2013,2026-10-08T09:45:12Z
610,6838/TCHQ-TXNK,14/11/2013,Tổng cục hải quan,"V/v Thuế GTGT thiết bị chuyên dùng cho giảng dạy, nghiên cứu, thí nghiệm (Công ty TNHH Thương mại - Dịch vụ Tài Phát)",62817,305,18,DONG_NAI,null,null,,https://www.customs.gov.vn/index.jsp?pageId=3&id=62817&cid=1294,2013,11/2013,2026-10-08T09:45:12Z
611,6842/TCHQ-TXNK,14/11/2013,Tổng cục hải quan,V/v Áp dụng bảo lãnh (Công ty TNHH Trường Giang Móng Cái),62816,305,18,DONG_NAI,null,null,,https://www.customs.gov.vn/index.jsp?pageId=3&id=62816&cid=1294,2013,11/2013,2026-10-08T09:45:12Z
612,15603/BTC-TCHQ,13/11/2013,null,"Khai báo ""cửa khẩu xuất hàng"" tại ô số 9 tờ khai hải quan điện tử xuất khẩu HQ/2012-XK đối với hàng hoá đưa vào kho CFS sau đó xuất khẩu",74369,305,16,DA_NANG,TT Đỗ Hoàng Anh Tuấn,13/11/2013,https://files.customs.gov.vn/DA_NANG/Uploads/65e32243-11bf-4695-985d-c1563e8c13ba/15603.tif,https://www.customs.gov.vn/index.jsp?pageId=3&id=74369&cid=1294,2013,11/2013,2026-10-08T09:45:12Z
613,6796/TCHQ-GSQL,13/11/2013,null,Thực hiện Quyết định số 53/2013/QĐ-TTG ngày 13/9/2013 của Thủ tướng Chính phủ,74368,305,16,DA_NANG,PTCT Vũ Ngọc Anh,13/11/2013,https://files.customs.gov.vn/DA_NANG/Uploads/65e32243-11bf-4695-985d-c1563e8c13ba/6796.tif,https://www.customs.gov.vn/index.jsp?pageId=3&id=74368&cid=1294,2013,11/2013,2026-10-08T09:45:12Z
614,3811/QĐ-TCHQ,13/11/2013,null,Quyết định về việc ban hành Kế hoạch triển khai Đề án nâng cao năng lực của Hải quan trong công tác phân loại hàng hóa và xác định trị giá hải quan đến năm 2020,74366,305,10,DA_NANG,Hoàng Việt Cường,13/11/2013,https://files.customs.gov.vn/DA_NANG/Uploads/65e32243-11bf-4695-985d-c1563e8c13ba/3811.tif,https://www.customs.gov.vn/index.jsp?pageId=3&id=74366&cid=1294,2013,11/2013,2026-10-08T09:45:12Z
615,394/QĐ-HQCT,13/11/2013,null,"Ban hành quy trình công nhận địa điểm kiểm tra hàng hóa Xuất, nhập khẩu tại chân công trình, nơi sản xuất của doanh nghiệp thuộc địa bàn quản lý của Cục Hải quan thành phố Cần Thơ",67348,305,18,CAN_THO,null,13/11/2013,https://files.customs.gov.vn/CAN_THO/QD 394-2013.pdf,https://www.customs.gov.vn/index.jsp?pageId=3&id=67348&cid=1294,2013,11/2013,2026-10-08T09:45:12Z
616,6814/TCHQ-VNACCS,13/11/2013,Tổng cục hải quan,Công văn số 6814/TCHQ-VNACCS của Tổng cục Hải quan về việc Hướng dẫn các nội dung thực hiện khai báo hải quan Hệ thống VNACCS/VCIS,59540,305,16,TONG_CUC,null,13/11/2013,,https://www.customs.gov.vn/index.jsp?pageId=3&id=59540&cid=1294,2013,11/2013,2026-10-08T09:45:12Z
617,164/2013/NĐ-CP,12/11/2013,null,"Nghị định sửa đổi, bổ sung một số điều của Nghị định 29/2008/NĐ-CP ngày 14/3/2008 của Chính phủ quy định về khu công nghiệp, khu chế xuất và khu kinh tế",74477,305,8,DA_NANG,Nguyễn Tấn Dũng,01/01/2014,https://files.customs.gov.vn/DA_NANG/Uploads/65e32243-11bf-4695-985d-c1563e8c13ba/ND 164.pdf,https://www.customs.gov.vn/index.jsp?pageId=3&id=74477&cid=1294,2013,11/2013,2026-10-08T09:45:12Z
618,1117/GSQL-TH,12/11/2013,Tổng cục hải quan,V/v Thủ tục hải quan gửi hàng vào kho ngoại quan (Công ty TNHH Thành Phước),63069,305,18,DONG_NAI,null,null,,https://www.customs.gov.vn/index.jsp?pageId=3&id=63069&cid=1294,2013,11/2013,2026-10-08T09:45:12Z
619,160/2013/NĐ-CP,12/11/2013,Chính phủ,"Về tiêu chí xác định loài và chế độ quản lý loài thuộc danh mục loài nguy cấp, quý, hiếm được ưu tiên bảo vệ",63071,305,8,DONG_NAI,null,null,,https://www.customs.gov.vn/index.jsp?pageId=3&id=63071&cid=1294,2013,11/2013,2026-10-08T09:45:12Z
620,161/2013/NĐ-CP,12/11/2013,null,"Nghị định về đăng ký, mua bán và đóng mới tàu biển",74481,305,8,DA_NANG,Nguyễn Tấn Dũng,01/01/2014,https://files.customs.gov.vn/DA_NANG/Uploads/65e32243-11bf-4695-985d-c1563e8c13ba/ND 161.pdf,https://www.customs.gov.vn/index.jsp?pageId=3&id=74481&cid=1294,2013,11/2013,2026-10-08T09:45:12Z
621,163/2013/NÐ-CP,12/11/2013,Chính phủ,"Quy định về xử phạt vi phạm hành chính trong lĩnh vực hóa chất, phân bón và vật liệu nổ công nghiệp",57339,305,8,TP_HO_CHI_MINH,Nguyễn Tấn Dũng,31/12/2013,https://files.customs.gov.vn/CustomsCMS/TP_HO_CHI_MINH/2020/Web/Data/DocumentAttachments/163_2013_ND_CP_Quy_dinh_ve_xu_phat_vi_pham_hanh_chinh_trong_linh_vuc_hoa_chat__phan_bon_va_vat_lieu_no_cong_nghiep.doc,https://www.customs.gov.vn/index.jsp?pageId=3&id=57339&cid=1294,2013,11/2013,2026-10-08T09:45:12Z
622,163/2013/NĐ-CP(bãibỏbởinghịđịnh115/2016/NĐ-CPngày08/07/2016),12/11/2013,Chính phủ,"V/v Quy định về xử phạt vi phạm hành chính trong lĩnh vực hóa chất, phân bón và vật liệu nổ công nghiệp",63068,305,8,DONG_NAI,null,null,,https://www.customs.gov.vn/index.jsp?pageId=3&id=63068&cid=1294,2013,11/2013,2026-10-08T09:45:12Z
623,164/2013/NÐ-CP,12/11/2013,Chính phủ,"Sửa đổi, bổ sung một số điều của Nghị định số 29/2008/NĐ-CP ngày 14 tháng 3 năm 2008 của Chính phủ quy định về khu công nghiệp, khu chế xuất và khu kinh tế",55735,305,8,TP_HO_CHI_MINH,Nguyễn Tấn Dũng,01/01/2014,https://files.customs.gov.vn/CustomsCMS/TP_HO_CHI_MINH/2020/Web/Data/DocumentAttachments/164_2013_ND_CP_Sua_doi__bo_sung_mot_so_dieu_cua_Nghi_dinh_so_292008ND-CP.doc,https://www.customs.gov.vn/index.jsp?pageId=3&id=55735&cid=1294,2013,11/2013,2026-10-08T09:45:12Z
624,2326/HQĐNa-CCHĐH,12/11/2013,Cục Hải Quan tỉnh Đồng Nai,Trả lời Công ty TNHH Rich Pattern (Việt Nam) v/v hướng dẫn mã loại hình gia công chuyển tiếp,65116,305,18,DONG_NAI,null,null,https://files.customs.gov.vn/DONG_NAI//Data/Cv_Hqdn/2326_HQDNa_CCHDH_12_11_2013.pdf,https://www.customs.gov.vn/index.jsp?pageId=3&id=65116&cid=1294,2013,11/2013,2026-10-08T09:45:12Z
625,6759/TCHQ-TXNK,12/11/2013,Tổng cục hải quan,V/v Chính sách thuế đối với dự án nghiên cứu khoa học (Tổng cục Biển và Hải đảo Việt Nam),63070,305,16,DONG_NAI,null,null,,https://www.customs.gov.vn/index.jsp?pageId=3&id=63070&cid=1294,2013,11/2013,2026-10-08T09:45:12Z
626,15445/BTC-TCHQ,11/11/2013,null,"Xử lý vướng điều 36, điều 46 Thông tư số 128/2013/TT-BTC",74363,305,16,DA_NANG,TT Đỗ Hoàng Anh Tuấn,11/11/2013,https://files.customs.gov.vn/DA_NANG/Uploads/65e32243-11bf-4695-985d-c1563e8c13ba/15445.tif,https://www.customs.gov.vn/index.jsp?pageId=3&id=74363&cid=1294,2013,11/2013,2026-10-08T09:45:12Z
627,15445/BTC-TCHQ,11/11/2013,Bộ Tài chính,"V/v Xử lý vướng mắc điều 36, điều 46 Thông tư 128/2013/TT-BTC (HQ các tỉnh, thành phố)",63072,305,18,DONG_NAI,null,null,,https://www.customs.gov.vn/index.jsp?pageId=3&id=63072&cid=1294,2013,11/2013,2026-10-08T09:45:12Z
628,156/2013/NÐ-CP,11/11/2013,Chính phủ,"Nghị Định quy định chức năng, nhiệm vụ, quyền hạn và cơ cấu tổ chức của Ngân hàng nhà nước Việt Nam",56510,305,8,TP_HO_CHI_MINH,Nguyễn Tấn Dũng,26/12/2013,,https://www.customs.gov.vn/index.jsp?pageId=3&id=56510&cid=1294,2013,11/2013,2026-10-08T09:45:12Z
629,2320/HQĐNa-GSQL,11/11/2013,Cục Hải Quan tỉnh Đồng Nai,"V/v Hướng dẫn thuế nhập khẩu và thuế VAT máy móc, trang thiết bị nhập khẩu (Đài phát thanh truyền hình Đồng Nai)",65117,305,18,DONG_NAI,null,null,https://files.customs.gov.vn/DONG_NAI//Data/Cv_Hqdn/2320_HQDNa_GSQL_11_11_2013.pdf,https://www.customs.gov.vn/index.jsp?pageId=3&id=65117&cid=1294,2013,11/2013,2026-10-08T09:45:12Z
630,6627/TCHQ-GSQL,08/11/2013,null,Thực hiện điểm a khoản 9 Điều 59 Thông tư 128/2013/TT-BTC ngày 10/9/2013,74360,305,16,DA_NANG,PTCT Vũ Ngọc Anh,08/11/2013,https://files.customs.gov.vn/DA_NANG/Uploads/65e32243-11bf-4695-985d-c1563e8c13ba/6627.tif,https://www.customs.gov.vn/index.jsp?pageId=3&id=74360&cid=1294,2013,11/2013,2026-10-08T09:45:12Z
631,154/2013/NĐ-CP,08/11/2013,Chính phủ,Quy định về khu công nghiệp thông tin tập trung,67349,305,18,CAN_THO,null,01/01/2014,https://files.customs.gov.vn/CAN_THO/154ND_2013.pdf,https://www.customs.gov.vn/index.jsp?pageId=3&id=67349&cid=1294,2013,11/2013,2026-10-08T09:45:12Z
632,2304/HQĐNa-GSQL,08/11/2013,Cục Hải Quan tỉnh Đồng Nai,V/v Doanh nghiệp kho ngoại quan chưa có chứng nhận Đại lý hải quan,65118,305,18,DONG_NAI,null,null,https://files.customs.gov.vn/DONG_NAI//Data/Cv_Hqdn/2304_HQDNa_GSQL_08_11_2013.pdf,https://www.customs.gov.vn/index.jsp?pageId=3&id=65118&cid=1294,2013,11/2013,2026-10-08T09:45:12Z
633,15269/BTC-TCHQ,07/11/2013,null,Hướng dẫn thực hiện Điều 27 Thông tư 128/2013/TT-BTC,74359,305,16,DA_NANG,TT Đỗ Hoàng Anh Tuấn,07/11/2013,https://files.customs.gov.vn/DA_NANG/Uploads/65e32243-11bf-4695-985d-c1563e8c13ba/15269.tif,https://www.customs.gov.vn/index.jsp?pageId=3&id=74359&cid=1294,2013,11/2013,2026-10-08T09:45:12Z
634,155/2013/TT-BTC,06/11/2013,null,"Th&#244;ng tư 155/2013/TT-BTC quy định về thời hạn bảo quản hồ sơ, t&#224;i liệu h&#236;nh th&#224;nh phổ biến trong hoạt động của ng&#224;nh t&#224;i ch&#237;nh do Bộ trưởng Bộ T&#224;i ch&#237;nh ban h&#224;nh",67592,305,4,LANG_SON,null,01/01/2014,https://files.customs.gov.vn/LANG_SON/uploads/document/580/155_2013_TT-BTC_6-11-2013.doc,https://www.customs.gov.vn/index.jsp?pageId=3&id=67592&cid=1294,2013,11/2013,2026-10-08T09:45:12Z
635,2263/HQĐNa-TXNK,06/11/2013,Cục Hải Quan tỉnh Đồng Nai,V/v Đăng ký danh mục hàng nhập khẩu miễn thuế (Công ty Tôn Phương Nam),65120,305,18,DONG_NAI,null,null,https://files.customs.gov.vn/DONG_NAI//Data/Cv_Hqdn/2263_HQDNa_TXNK_06_11_2013.pdf,https://www.customs.gov.vn/index.jsp?pageId=3&id=65120&cid=1294,2013,11/2013,2026-10-08T09:45:12Z
636,2271/HQĐNa-GSQL,06/11/2013,Cục Hải Quan tỉnh Đồng Nai,"V/v Hướng dẫn thủ tục thanh lý máy móc, thiết bị của DNCX (Công ty TNHH Mabuchi Motor Việt Nam)",65119,305,18,DONG_NAI,null,null,https://files.customs.gov.vn/DONG_NAI//Data/Cv_Hqdn/2271_HQDNa_GSQL_06_11_2013.pdf,https://www.customs.gov.vn/index.jsp?pageId=3&id=65119&cid=1294,2013,11/2013,2026-10-08T09:45:12Z
637,6574/TCHQ-GSQL,06/11/2013,Tổng cục hải quan,V/v Sử dụng phần mềm quản lý kho ngoại quan trong khai báo (Công ty TNHH Tiếp vận Thăng Long),63073,305,18,DONG_NAI,null,null,,https://www.customs.gov.vn/index.jsp?pageId=3&id=63073&cid=1294,2013,11/2013,2026-10-08T09:45:12Z
638,2008/HQĐNG-GSQL,05/11/2013,null,Hướng dẫn thực hiện Thông tư 128/2013/TT-BTC,74353,305,16,DA_NANG,Nguyễn Tiến Thọ,05/11/2013,https://files.customs.gov.vn/DA_NANG/Uploads/65e32243-11bf-4695-985d-c1563e8c13ba/2008.tif,https://www.customs.gov.vn/index.jsp?pageId=3&id=74353&cid=1294,2013,11/2013,2026-10-08T09:45:12Z
639,152/2013/NÐ-CP,04/11/2013,Chính phủ,Quy định về quản lý phương tiện cơ giới do người nước ngoài vào Việt Nam du lịch,57389,305,8,TP_HO_CHI_MINH,Nguyễn Tấn Dũng,25/12/2013,https://files.customs.gov.vn/CustomsCMS/TP_HO_CHI_MINH/2020/Web/Data/DocumentAttachments/152_2013_ND_CP_Quy_dinh_ve_quan_ly_phuong_tien_co_gioi_do_nguoi_nuoc_ngoai_vao_Viet_Nam_du_lich.doc,https://www.customs.gov.vn/index.jsp?pageId=3&id=57389&cid=1294,2013,11/2013,2026-10-08T09:45:12Z
640,1883/TXNK-PLHH,04/11/2013,Tổng cục hải quan,V/v Xác định trước mã số (Công ty BiTraCon Trade & Consult),63074,305,18,DONG_NAI,null,null,,https://www.customs.gov.vn/index.jsp?pageId=3&id=63074&cid=1294,2013,11/2013,2026-10-08T09:45:12Z
641,2244/HQĐNa-GSQL,04/11/2013,Cục Hải Quan tỉnh Đồng Nai,Trả lời Công ty TNHH Oken Seiko Việt Nam v/v dán nhãn năng lượng,65122,305,18,DONG_NAI,null,null,https://files.customs.gov.vn/DONG_NAI//Data/Cv_Hqdn/2244_HQDNa_GSQL_04_11_2013.pdf,https://www.customs.gov.vn/index.jsp?pageId=3&id=65122&cid=1294,2013,11/2013,2026-10-08T09:45:12Z
642,2245/HQĐNa-TXNK,04/11/2013,Cục Hải Quan tỉnh Đồng Nai,"Trả lời Công ty TNHH Shing Mark Vina v/v Hướng dẫn thuế nhập khẩu và thuế VAT máy móc, trang thiết bị của dự án Bệnh viện",65121,305,18,DONG_NAI,null,null,https://files.customs.gov.vn/DONG_NAI//Data/Cv_Hqdn/2245_HQDNa_TXNK_04_11_2013.pdf,https://www.customs.gov.vn/index.jsp?pageId=3&id=65121&cid=1294,2013,11/2013,2026-10-08T09:45:12Z
643,6537/TCHQ-TXNK,04/11/2013,Tổng cục hải quan,V/v Điều chỉnh cơ sở dữ liệu giá (Công ty cổ phần Vũ Linh),63075,305,18,DONG_NAI,null,null,,https://www.customs.gov.vn/index.jsp?pageId=3&id=63075&cid=1294,2013,11/2013,2026-10-08T09:45:12Z
644,6501/TCHQ-GSQL,01/11/2013,null,Về việc vướng mắc khi thực hiện Thông tư 128/2013/TT-BTC,74346,305,16,DA_NANG,PTCT Vũ Ngọc Anh,01/11/2013,https://files.customs.gov.vn/DA_NANG/Uploads/65e32243-11bf-4695-985d-c1563e8c13ba/6501.tif,https://www.customs.gov.vn/index.jsp?pageId=3&id=74346&cid=1294,2013,11/2013,2026-10-08T09:45:12Z
645,2240/HQĐNa-GSQL,01/11/2013,Cục Hải Quan tỉnh Đồng Nai,Trả lời Công ty TNHH VOPAK Việt Nam v/v thông báo đủ điều kiện hoạt động đại lý hải quan,65124,305,18,DONG_NAI,null,null,https://files.customs.gov.vn/DONG_NAI//Data/Cv_Hqdn/2240_HQDNa_GSQL_01_11_2013.pdf,https://www.customs.gov.vn/index.jsp?pageId=3&id=65124&cid=1294,2013,11/2013,2026-10-08T09:45:12Z
646,2241/HQĐNa-GSQL,01/11/2013,Cục Hải Quan tỉnh Đồng Nai,"Trả lời Công ty TNHH YKK Việt Nam v/v kiến nghị áp dụng Thông tư 128/2013/TT-BTC đối với hàng hóa xuất khẩu tại chỗ, nhập khẩu tại chỗ",65123,305,18,DONG_NAI,null,null,https://files.customs.gov.vn/DONG_NAI//Data/Cv_Hqdn/2241_HQDNa_GSQL_01_11_2013.pdf,https://www.customs.gov.vn/index.jsp?pageId=3&id=65123&cid=1294,2013,11/2013,2026-10-08T09:45:12Z
647,6501/TCHQ-GSQL,01/11/2013,null,Công văn 6501/TCHQ-GSQL của Tổng cục Hải quan về việc vướng mắc khi thực hiện Thông tư 128/2013/TT-BTC,61850,305,16,QUANG_NGAI,Vũ Ngọc Anh,01/01/1900,https://files.customs.gov.vn/QUANG_NGAI/20131101_6501_TCHQ-GSQL.tif,https://www.customs.gov.vn/index.jsp?pageId=3&id=61850&cid=1294,2013,11/2013,2026-10-08T09:45:12Z
648,6507/TCHQ-GSQL,01/11/2013,Tổng cục hải quan,"V/v Trả lời vướng mắc Điều 27 Thông tư 128/2013/TT-BTC (HQ các tỉnh, thành phố)",63076,305,18,DONG_NAI,null,null,,https://www.customs.gov.vn/index.jsp?pageId=3&id=63076&cid=1294,2013,11/2013,2026-10-08T09:45:12Z
649,6509/TCHQ-GSQL,01/11/2013,null,Hàng hóa nhập khẩu vào khu phi thuế quan thuộc Khu KTCK,74343,305,16,DA_NANG,PTCT Vũ Ngọc Anh,01/11/2013,https://files.customs.gov.vn/DA_NANG/Uploads/65e32243-11bf-4695-985d-c1563e8c13ba/6509.tif,https://www.customs.gov.vn/index.jsp?pageId=3&id=74343&cid=1294,2013,11/2013,2026-10-08T09:45:12Z
