stt,so_hieu,ngay_ban_hanh,co_quan_ban_hanh,noi_dung_tom_tat,ma_noi_bo,linh_vuc,loai_van_ban,chuyen_trang,nguoi_ky,ngay_hieu_luc,pdf_url,url_chi_tiet,nam,nam_thang,crawled_at
1,115/HQĐNa-TXNK,31/01/2012,Cục Hải Quan tỉnh Đồng Nai,Trả lời Công ty Shell Việt Nam TNHH v/v Hướng dẫn khai thuế bảo vệ môi trường đối với mặt hàng dầu gốc,65170,305,18,DONG_NAI,null,null,https://files.customs.gov.vn/DONG_NAI//Data/Cv_Hqdn/115_HQDNa_TXNK_31_01_2012.PDF,https://www.customs.gov.vn/index.jsp?pageId=3&id=65170&cid=1294,2012,01/2012,2026-10-08T09:45:20Z
2,116/HQĐNa-TXNK,31/01/2012,Cục Hải Quan tỉnh Đồng Nai,Trả lời Công ty TNHH Mao Bảo Việt Nam v/v bổ sung chi tiết danh mục hàng hóa nhập khẩu,65169,305,18,DONG_NAI,null,null,https://files.customs.gov.vn/DONG_NAI//Data/Cv_Hqdn/116_HQDNa_TXNK_31_01_2012.PDF,https://www.customs.gov.vn/index.jsp?pageId=3&id=65169&cid=1294,2012,01/2012,2026-10-08T09:45:20Z
3,1199/BTC-TCT,30/01/2012,Bộ Tài chính,V/v Thuế bảo vệ môi trường,63125,305,18,DONG_NAI,null,null,,https://www.customs.gov.vn/index.jsp?pageId=3&id=63125&cid=1294,2012,01/2012,2026-10-08T09:45:20Z
4,232/QĐ-TCHQ,20/01/2012,Tổng cục hải quan,"V/v Ban hành kế hoạch phổ biến, giáo dục pháp luật, tuyên truyền, hỗ trợ, cung cấp thông tin cho người khai hải quan, người nộp thuế của ngành Hải quan năm 2012",63126,305,10,DONG_NAI,null,null,https://files.customs.gov.vn/DONG_NAI//Data/CV_TCHQ/232_QD_TCHQ_20_01_2012.PDF,https://www.customs.gov.vn/index.jsp?pageId=3&id=63126&cid=1294,2012,01/2012,2026-10-08T09:45:20Z
5,289/TCHQ-TXNK,19/01/2012,Tổng cục hải quan,V/v Xác định mã mặt hàng nhôm lá mỏng nhập khẩu,63127,305,18,DONG_NAI,null,null,,https://www.customs.gov.vn/index.jsp?pageId=3&id=63127&cid=1294,2012,01/2012,2026-10-08T09:45:20Z
6,293/TCHQ-TXNK,19/01/2012,null,<p>V/v hướng dẫn công tác giá.</p>,73723,305,16,DA_NANG,admin,19/01/2012,https://files.customs.gov.vn/DA_NANG/Uploads/65e32243-11bf-4695-985d-c1563e8c13ba/293--.tif,https://www.customs.gov.vn/index.jsp?pageId=3&id=73723&cid=1294,2012,01/2012,2026-10-08T09:45:20Z
7,323/TCHQ-TXNK,19/01/2012,null,Phân loại dây thép hợp kim đã phủ (hoặc mạ) đồng,73722,305,16,DA_NANG,admin,19/01/2012,https://files.customs.gov.vn/DA_NANG/Uploads/65e32243-11bf-4695-985d-c1563e8c13ba/2012_323 TCHQ-TXNK ngày 19.01.2012 Phân loại dây thép hợp kim đã phủ (hoặc mạ) đồng.tif,https://www.customs.gov.vn/index.jsp?pageId=3&id=73722&cid=1294,2012,01/2012,2026-10-08T09:45:20Z
8,325/TCHQ-TXNK,19/01/2012,null,Xác định mặt hàng nhôm lá mỏng nhập khẩu,73724,305,16,DA_NANG,admin,19/01/2012,https://files.customs.gov.vn/DA_NANG/Uploads/65e32243-11bf-4695-985d-c1563e8c13ba/2012_325 TCHQ-TXNK ngày 19.01.2012 Xác định mã mặt hàng nhôm lá mỏng NK.tif,https://www.customs.gov.vn/index.jsp?pageId=3&id=73724&cid=1294,2012,01/2012,2026-10-08T09:45:20Z
9,268/TCHQ-TXNK,18/01/2012,null,Thuế suất thuế GTGT đối với thiết bị massage,73720,305,16,DA_NANG,admin,18/01/2012,https://files.customs.gov.vn/DA_NANG/Uploads/65e32243-11bf-4695-985d-c1563e8c13ba/3_01-BYT.TIF,https://www.customs.gov.vn/index.jsp?pageId=3&id=73720&cid=1294,2012,01/2012,2026-10-08T09:45:20Z
10,270/TCHQ-TXNK,18/01/2012,null,"Phân loại thủy tinh ""mosaic""",73719,305,16,DA_NANG,admin,18/01/2012,https://files.customs.gov.vn/DA_NANG/Uploads/65e32243-11bf-4695-985d-c1563e8c13ba/2012_270 TCHQ-TXNK ngày 18.01.2012 Phân loại  thuỷ tinh mosaic.tif,https://www.customs.gov.vn/index.jsp?pageId=3&id=73719&cid=1294,2012,01/2012,2026-10-08T09:45:20Z
11,384/QĐ-BCT,18/01/2012,Bộ Công thương,V/v Thu hồi Giấy chứng nhận đủ điều kiện kinh doanh xuất khẩu gạo của Công ty cổ phần thương mại - dịch vụ sản xuất và xây dựng Nam Hải,63128,305,10,DONG_NAI,null,null,https://files.customs.gov.vn/DONG_NAI//Data/CV_BTC/384_QD_BCT_18_01_2012.pdf,https://www.customs.gov.vn/index.jsp?pageId=3&id=63128&cid=1294,2012,01/2012,2026-10-08T09:45:20Z
12,Số01/2012/QĐ-UBND,18/01/2012,UBND Tỉnh/TP,Quyết định về việc quy định giá tiêu thụ nước sạch trên địa bàn tỉnh Quảng Bình,42956,305,18,QUANG_BINH,null,null,https://files.customs.gov.vn/CustomsCMS/QUANG_BINH/2021/04/images/stories/files/de2012_239s1_1_.tif,https://www.customs.gov.vn/index.jsp?pageId=3&id=42956&cid=1294,2012,01/2012,2026-10-08T09:45:20Z
13,257/QĐ-UBND,17/01/2012,null,"V/v Công bố thủ tục hành chính được sửa đổi, bổ sung thuộc thẩm quyền giải quyết của UBND các huyện, thị xã, thành phố trên địa bàn tỉnh Đồng Nai",63129,305,10,DONG_NAI,null,null,https://files.customs.gov.vn/DONG_NAI//Data/UBNDtinhDN/257_QD_UBND_17_01_2012.pdf,https://www.customs.gov.vn/index.jsp?pageId=3&id=63129&cid=1294,2012,01/2012,2026-10-08T09:45:20Z
14,Số42/UBND-NC,17/01/2012,UBND Tỉnh/TP,Tiếp tục đẩy mạnh thực hiện đợt cao điểm trấn áp tội phạm,42953,305,18,QUANG_BINH,null,null,https://files.customs.gov.vn/CustomsCMS/QUANG_BINH/2021/04/images/stories/files/de2012_194s1_1_.tif,https://www.customs.gov.vn/index.jsp?pageId=3&id=42953&cid=1294,2012,01/2012,2026-10-08T09:45:20Z
15,104/QĐ-BTC,16/01/2012,Bộ Tài chính,V/v Đính chính Thông tư số 163/2011/TT-BTC ngày 17/11/2011 của Bộ trưởng Bộ Tài chính về việc ban hành Biểu thuế nhập khẩu ưu đãi đặc biệt của Việt Nam để thực hiện khu vực thương mại tự do Asean - Hàn Quốc giai đoạn 2012 - 2014,63130,305,10,DONG_NAI,null,null,,https://www.customs.gov.vn/index.jsp?pageId=3&id=63130&cid=1294,2012,01/2012,2026-10-08T09:45:20Z
16,207/TCHQ-TXNK,16/01/2012,null,Vướng mắc thực hiện Thông tư 152/2011/TT-BTC,73716,305,16,DA_NANG,admin,16/01/2012,https://files.customs.gov.vn/DA_NANG/Uploads/65e32243-11bf-4695-985d-c1563e8c13ba/2012_207 TCHQ-TXNK ngày 16-01-2012 Vướng mắc thực hiện Thông tư 152-2011-TT-BTC.tif,https://www.customs.gov.vn/index.jsp?pageId=3&id=73716&cid=1294,2012,01/2012,2026-10-08T09:45:20Z
17,210/TCHQ-TXNK,16/01/2012,null,Thẩm quyền hoàn tiền phạt chậm nộp thuế GTGT,73714,305,16,DA_NANG,admin,16/01/2012,https://files.customs.gov.vn/DA_NANG/Uploads/65e32243-11bf-4695-985d-c1563e8c13ba/2012_210 TCHQ-TXNK ngày 16.01.2012 Thẩm quyền hoàn tiền phật chậm nộp thuế GTGT.tif,https://www.customs.gov.vn/index.jsp?pageId=3&id=73714&cid=1294,2012,01/2012,2026-10-08T09:45:20Z
18,368/BCT-CNNG,16/01/2012,null,"<p><span style=""font-family: Times New Roman;""><span style=""font-size: small;"">Xuất khẩu tinh quặng ilmenit tồn kho",73717,305,16,DA_NANG,admin,16/01/2012,https://files.customs.gov.vn/DA_NANG/Uploads/65e32243-11bf-4695-985d-c1563e8c13ba/368-XK tinh quang ton kho.tif,https://www.customs.gov.vn/index.jsp?pageId=3&id=73717&cid=1294,2012,01/2012,2026-10-08T09:45:20Z
19,Số84/QĐ-UBND,16/01/2012,UBND Tỉnh/TP,Quyết định về việc ban hành Kế hoạch hoạt động kiểm soát thủ tục hành chính của tỉnh Quảng Bình năm 2012,42952,305,18,QUANG_BINH,null,null,https://files.customs.gov.vn/CustomsCMS/QUANG_BINH/2021/04/images/stories/files/de2012_192s1_1_.tif,https://www.customs.gov.vn/index.jsp?pageId=3&id=42952&cid=1294,2012,01/2012,2026-10-08T09:45:20Z
20,Số89/QĐ-UBND,16/01/2012,UBND Tỉnh/TP,Quyết định V/v ban hành Kế hoạch hành động thực hiện nghị quyết của Hội đồng nhân dân tỉnh về nhiệm vụ phát triển kinh tế - xã hội và dự toán ngân sách nhà nước năm 2012,42954,305,18,QUANG_BINH,null,null,https://files.customs.gov.vn/CustomsCMS/QUANG_BINH/2021/04/images/stories/files/de2012_199s1_1_.tif,https://www.customs.gov.vn/index.jsp?pageId=3&id=42954&cid=1294,2012,01/2012,2026-10-08T09:45:20Z
21,157/TCHQ-GSQL,12/01/2012,null,V/v vướng mắc đối với loại hình NSXXK,73710,305,18,DA_NANG,Tổng cục Hải quan,12/01/2012,,https://www.customs.gov.vn/index.jsp?pageId=3&id=73710&cid=1294,2012,01/2012,2026-10-08T09:45:20Z
22,188/TCHQ-GSQL,12/01/2012,null,"Triển khai Thông tư số 13/2011/TT-BNNPTNT về kiểm tra an toàn thực phẩm hàng hóa có nguồn gốc thực vật NK</span></span><b><font size=""2"" face=""Arial"" color=""black""><br />
</font></b> </p>",73708,305,16,DA_NANG,admin,12/01/2012,https://files.customs.gov.vn/DA_NANG/Uploads/65e32243-11bf-4695-985d-c1563e8c13ba/188-trien khai TT13-2011-an toan TP nguon goc TV.tif,https://www.customs.gov.vn/index.jsp?pageId=3&id=73708&cid=1294,2012,01/2012,2026-10-08T09:45:20Z
23,02/2012/NÐ-CP,11/01/2012,Chính phủ,Quy định chi tiết và hướng dẫn thi hành Pháp lệnh Thủ tục bắt giữ tàu bay; Thủ tục xử lý tàu bay bị bỏ,54063,305,8,TP_HO_CHI_MINH,Nguyễn Tấn Dũng,24/02/2012,"https://files.customs.gov.vn/CustomsCMS/TP_HO_CHI_MINH/2020/Web/Data/DocumentAttachments/02_2012_ND-CP-phuluc_1.doc,/CustomsCMS/TP_HO_CHI_MINH/2020/Web/Data/DocumentAttachments/02_2012_ND-CP-QUY_DINH_CHI_TIET_VA_HUONG_DAN_THI_HANH_PHAP_LENH_THU_TUC_BAT_GIU_TAU_BAY_THU_TUC_XU_LY_TAU_BAY_BI_BO.doc,/CustomsCMS/TP_HO_CHI_MINH/2020/Web/Data/DocumentAttachments/02_2012_ND-CP-phuluc_3.doc,/CustomsCMS/TP_HO_CHI_MINH/2020/Web/Data/DocumentAttachments/02_2012_ND-CP-phuluc_4.doc,/CustomsCMS/TP_HO_CHI_MINH/2020/Web/Data/DocumentAttachments/02_2012_ND-CP-phuluc_2.doc",https://www.customs.gov.vn/index.jsp?pageId=3&id=54063&cid=1294,2012,01/2012,2026-10-08T09:45:20Z
24,158/TCHQ-GSQ,11/01/2012,Tổng cục hải quan,V/v Hướng dẫn thủ tục hải quan,62937,305,18,DONG_NAI,null,null,,https://www.customs.gov.vn/index.jsp?pageId=3&id=62937&cid=1294,2012,01/2012,2026-10-08T09:45:20Z
25,49/HQĐNa-GSQL,11/01/2012,Cục Hải Quan tỉnh Đồng Nai,Trả lời Công ty TNHH Sanyo DI Solutions Việt Nam v/v Hướng dẫn thủ tục hải quan,65174,305,18,DONG_NAI,null,null,https://files.customs.gov.vn/DONG_NAI//Data/Cv_Hqdn/49_HQDNa_GSQL_11_01_2012.PDF,https://www.customs.gov.vn/index.jsp?pageId=3&id=65174&cid=1294,2012,01/2012,2026-10-08T09:45:20Z
26,50/HQĐNa-GSQL,11/01/2012,Cục Hải Quan tỉnh Đồng Nai,Trả lời Công ty TNHH Sản phẩm công nghiệp Toshiba Asia (TIPA) v/v Sử dụng chữ ký bằng dấu,65173,305,18,DONG_NAI,null,null,https://files.customs.gov.vn/DONG_NAI//Data/Cv_Hqdn/50_HQDNa_GSQL_11_01_2012.PDF,https://www.customs.gov.vn/index.jsp?pageId=3&id=65173&cid=1294,2012,01/2012,2026-10-08T09:45:20Z
27,53/HQĐNa-TXNK,11/01/2012,Cục Hải Quan tỉnh Đồng Nai,Trả lời Công ty cổ phần đầu tư Bình Tân v/v Đăng ký danh mục hàng hóa nhập khẩu miễn thuế tạo TSCĐ,65172,305,18,DONG_NAI,null,null,https://files.customs.gov.vn/DONG_NAI//Data/Cv_Hqdn/53_HQDNa_TXNK_11_01_2012.PDF,https://www.customs.gov.vn/index.jsp?pageId=3&id=65172&cid=1294,2012,01/2012,2026-10-08T09:45:20Z
28,02/CT-TTg,09/01/2012,null,"Về việc tăng cường công tác quản lý nhà nước đối với các hoạt động 
thăm dò, khai thác, chế biến, sử dụng và xuất khẩu khoáng sản",73701,305,3,DA_NANG,Nguyễn Tấn Dũng,09/01/2012,https://files.customs.gov.vn/DA_NANG/Uploads/65e32243-11bf-4695-985d-c1563e8c13ba/Chi thi 02-2012 TTG-khoang san.doc,https://www.customs.gov.vn/index.jsp?pageId=3&id=73701&cid=1294,2012,01/2012,2026-10-08T09:45:20Z
29,78/TCHQ-GSQL,09/01/2012,null,"Nhập khẩu rượu, thuốc lá điếu, xì gà, bài tây gửi trong bưu phẩm, bưu kiện",73700,305,18,DA_NANG,Tổng cục Hải quan,09/01/2012,,https://www.customs.gov.vn/index.jsp?pageId=3&id=73700&cid=1294,2012,01/2012,2026-10-08T09:45:20Z
30,Số18/UBND-NC,09/01/2012,UBND Tỉnh/TP,Tăng cường quản lý nhà nước về công tác biên giới trong thời gian tới,42951,305,18,QUANG_BINH,null,null,https://files.customs.gov.vn/CustomsCMS/QUANG_BINH/2021/04/images/stories/files/de2012_174s1_1_.tif,https://www.customs.gov.vn/index.jsp?pageId=3&id=42951&cid=1294,2012,01/2012,2026-10-08T09:45:20Z
31,22/TXNK-CST,06/01/2012,null,Đăng ký danh mục miễn thuế,73699,305,16,DA_NANG,admin,06/01/2012,https://files.customs.gov.vn/DA_NANG/Uploads/65e32243-11bf-4695-985d-c1563e8c13ba/2012_22 TXNK-CST ngày 06.01.2012 đăng ký danh mục miễn thuế.tif,https://www.customs.gov.vn/index.jsp?pageId=3&id=73699&cid=1294,2012,01/2012,2026-10-08T09:45:20Z
32,27/HQĐNa-GSQL,06/01/2012,Cục Hải Quan tỉnh Đồng Nai,V/v Thanh lý nguyên phụ liệu Công ty cổ phần Thực phẩm quốc tế,65175,305,18,DONG_NAI,null,null,https://files.customs.gov.vn/DONG_NAI//Data/Cv_Hqdn/27_HQDNa_GSQL_06_01_2012.PDF,https://www.customs.gov.vn/index.jsp?pageId=3&id=65175&cid=1294,2012,01/2012,2026-10-08T09:45:20Z
33,78/TCHQ-GSQL,06/01/2012,null,"<p><span style=""font-family: Times New Roman;""><span style=""font-size: small;"">Nhập khẩu rượu, thuốc lá điếu, xì gà, bài tây gửi trong bưu phẩm, bưu  kiện</span></span><b><font size=""2"" face=""Arial"" color=""black""><br />
</font></b> </p>",73698,305,10,DA_NANG,admin,06/01/2012,https://files.customs.gov.vn/DA_NANG/Uploads/65e32243-11bf-4695-985d-c1563e8c13ba/78- ruou thuoc la gui qua buu pham.tif,https://www.customs.gov.vn/index.jsp?pageId=3&id=73698&cid=1294,2012,01/2012,2026-10-08T09:45:20Z
34,Số37/QĐ-UBND,06/01/2012,UBND Tỉnh/TP,"Quyết định Phê duyệt đề án tăng cường tính hiệu quả của công tác phổ biến, giáo dục pháp luật trên địa bàn tỉnh Quảng Bình",42955,305,18,QUANG_BINH,null,null,https://files.customs.gov.vn/CustomsCMS/QUANG_BINH/2021/04/images/stories/files/de2012_215s1_1_.tif,https://www.customs.gov.vn/index.jsp?pageId=3&id=42955&cid=1294,2012,01/2012,2026-10-08T09:45:20Z
35,16/HQĐNa-GSQL,05/01/2012,Cục Hải Quan tỉnh Đồng Nai,V/v Trả lời Công ty TNHH Sankyu Logistics Việt Nam v/v Hướng dẫn nhập khẩu thiết bị dụng cụ y tế,65176,305,18,DONG_NAI,null,null,https://files.customs.gov.vn/DONG_NAI//Data/Cv_Hqdn/16_HQDNa_GSQL_05_01_2012.PDF,https://www.customs.gov.vn/index.jsp?pageId=3&id=65176&cid=1294,2012,01/2012,2026-10-08T09:45:20Z
36,Số14/QĐ-UBND,05/01/2012,UBND Tỉnh/TP,"Quyết định về việc giao chỉ tiêu huấn luyện, kiểm tra sẵn sàng động viên quân nhân dự bị năm 2012",42950,305,18,QUANG_BINH,null,null,https://files.customs.gov.vn/CustomsCMS/QUANG_BINH/2021/04/images/stories/files/de2012_78s1_1_.tif,https://www.customs.gov.vn/index.jsp?pageId=3&id=42950&cid=1294,2012,01/2012,2026-10-08T09:45:20Z
37,01/2012/TT-BNNPTNN,04/01/2012,null,Quy định hồ sơ lâm sản hợp pháp và kiểm tra nguồn gốc lâm sản,73695,305,4,DA_NANG,admin,04/01/2012,https://files.customs.gov.vn/DA_NANG/Uploads/65e32243-11bf-4695-985d-c1563e8c13ba/TT01-HSlam san hop phap.tif,https://www.customs.gov.vn/index.jsp?pageId=3&id=73695&cid=1294,2012,01/2012,2026-10-08T09:45:20Z
38,05/GSQL-GQ2,04/01/2012,Tổng cục hải quan,"V/v Sử dụng nguyên liệu, vật tư cung ứng cho hợp đồng gia công",63131,305,16,DONG_NAI,null,null,,https://www.customs.gov.vn/index.jsp?pageId=3&id=63131&cid=1294,2012,01/2012,2026-10-08T09:45:20Z
39,01/2012/TTLT-BCT-BTC,03/01/2012,null,"Sửa đổi, bổ sung một số quy định của Th&#244;ng tư li&#234;n tịch số 14/2009/TTLT-BCT-BTC ng&#224;y 23 th&#225;ng 6 năm 2009 của Bộ C&#244;ng thương v&#224; Bộ T&#224;i ch&#237;nh hướng dẫn việc cấp chứng nhận v&#224; thủ tục nhập khẩu, xuất khẩu kim cương th&#244; nhằm thực thi c&#225;c quy định của Quy chế chứng nhận Quy tr&#236;nh Kimberley",67596,305,4,LANG_SON,null,18/02/2012,https://files.customs.gov.vn/LANG_SON/uploads/document/371/01_2012_TTLT-BCT-BTC.doc,https://www.customs.gov.vn/index.jsp?pageId=3&id=67596&cid=1294,2012,01/2012,2026-10-08T09:45:20Z
40,02/2012/QĐ-BTC,03/01/2012,Bộ Tài chính,V/v Đính chính Thông tư số 152/2011/TT-BTC ngày 11/11/2011 của Bộ Tài chính hướng dẫn thi hành Nghị định số 67/2011/NĐ-CP ngày 08/08/2011 của Chính phủ quy định chi tiết hướng dẫn thi hành một số điều của Luật Thuế bảo vệ môi trường,63132,305,10,DONG_NAI,null,null,https://files.customs.gov.vn/DONG_NAI//data/cv_btc/02_QD_BTC_03_01_2012.PDF,https://www.customs.gov.vn/index.jsp?pageId=3&id=63132&cid=1294,2012,01/2012,2026-10-08T09:45:20Z
41,74/2011/NĐ-CP,01/01/2012,Chính phủ,Nghị định 74/2011/NĐ-CP của Chính phủ về phí bảo vệ môi trường đối với khai thác khoáng sản,61878,305,8,QUANG_NGAI,Nguyễn Tấn Dũng,01/01/1900,https://files.customs.gov.vn/QUANG_NGAI/74_2011_NĐ-CP_25082011.zip,https://www.customs.gov.vn/index.jsp?pageId=3&id=61878&cid=1294,2012,01/2012,2026-10-08T09:45:20Z
42,2222/BTC-CST,28/02/2012,null,Chính sách thuế đối với hoạt động kinh doanh máy bay.,73770,305,18,DA_NANG,Bộ Tài chính,28/02/2012,,https://www.customs.gov.vn/index.jsp?pageId=3&id=73770&cid=1294,2012,02/2012,2026-10-08T09:45:20Z
43,922/TCHQ-TXNK,28/02/2012,null,"<p><span style=""font-size: small""><span style=""font-family: Times New Roman"">V/v phân loại tủ trưng bày làm mát nước giải khát.",73771,305,16,DA_NANG,admin,28/02/2012,https://files.customs.gov.vn/DA_NANG/Uploads/65e32243-11bf-4695-985d-c1563e8c13ba/922.tif,https://www.customs.gov.vn/index.jsp?pageId=3&id=73771&cid=1294,2012,02/2012,2026-10-08T09:45:20Z
44,2497/BTC-CST,27/02/2012,Bộ Tài chính,V/v Kiến nghị miễn giám định đối với đồ kim hoàn xuất khẩu,63119,305,18,DONG_NAI,null,null,,https://www.customs.gov.vn/index.jsp?pageId=3&id=63119&cid=1294,2012,02/2012,2026-10-08T09:45:20Z
45,25/2012/TT-BTC,24/02/2012,null,Thông tư hướng dẫn thực hiện mức thuế suất thuế NK ưu đãi đối với các mặt hàng thuộc nhóm 2710 Biểu thuế NK ưu đãi.<...,73767,305,18,DA_NANG,Bộ Tài chính,24/02/2012,,https://www.customs.gov.vn/index.jsp?pageId=3&id=73767&cid=1294,2012,02/2012,2026-10-08T09:45:20Z
46,718/TCHQ-TXNK,24/02/2012,Tổng cục hải quan,Thuế NK bộ linh kiện lắp ráp ô tô,42919,305,18,QUANG_BINH,null,null,https://files.customs.gov.vn/CustomsCMS/QUANG_BINH/2021/04/images/stories/files/718.tif,https://www.customs.gov.vn/index.jsp?pageId=3&id=42919&cid=1294,2012,02/2012,2026-10-08T09:45:20Z
47,820/QĐ-BCT,24/02/2012,Bộ Công thương,V/v Thu hồi Giấy chứng nhận đủ điều kiện kinh doanh xuất khẩu gạo của doanh nghiệp tư nhân Phi Long,63120,305,10,DONG_NAI,null,null,https://files.customs.gov.vn/DONG_NAI//Data/CV_BTC/820_QD_BCT_24_02_2012.pdf,https://www.customs.gov.vn/index.jsp?pageId=3&id=63120&cid=1294,2012,02/2012,2026-10-08T09:45:20Z
48,854/TCHQ-TXNK,24/02/2012,null,"<p><span style=""font-size: small""><span style=""font-family: Times New Roman"">Về việc thực hiện ưu đãi thuế suất thuế NK ưu đãi Việt Lào.",73766,305,16,DA_NANG,admin,24/02/2012,https://files.customs.gov.vn/DA_NANG/Uploads/65e32243-11bf-4695-985d-c1563e8c13ba/854.tif,https://www.customs.gov.vn/index.jsp?pageId=3&id=73766&cid=1294,2012,02/2012,2026-10-08T09:45:20Z
49,Số157/UBND,24/02/2012,UBND Tỉnh/TP,Đề nghị hướng dẫn xe tay lái bên phải tham gia giao thông,42755,305,18,QUANG_BINH,null,null,https://files.customs.gov.vn/CustomsCMS/QUANG_BINH/2021/04/images/stories/files/de2012_550s1_1_.tif,https://www.customs.gov.vn/index.jsp?pageId=3&id=42755&cid=1294,2012,02/2012,2026-10-08T09:45:20Z
50,05/2012/TT-BTC,23/02/2012,null,H/dẫn thi hành Nghị định số 26/2009/NĐ-CP ngày 16/3/2009 và Nghị định số 113/2001/NĐ-CP ngày 08/12/2001 của Chính phủ V/v..,73765,305,18,DA_NANG,Bộ Tài chính,23/02/2012,,https://www.customs.gov.vn/index.jsp?pageId=3&id=73765&cid=1294,2012,02/2012,2026-10-08T09:45:20Z
51,10/2012/TT-BNNPTNT,22/02/2012,Khác,"Thông tư Danh mục thuốc bảo vệ thực vật được phép sử dụng, hạn chế sử dụng, cấm sử dụng ở Việt Nam",43572,305,18,GIA_LAI_KON_TUM,null,null,https://files.customs.gov.vnhttp://law.omard.gov.vn/LinkClick.aspx?fileticket=mNTQEQxcaWQ%3d&amp;amp;amp;tabid=40&amp;amp;amp;mid=385,https://www.customs.gov.vn/index.jsp?pageId=3&id=43572&cid=1294,2012,02/2012,2026-10-08T09:45:20Z
52,1279/BCT-XNK,22/02/2012,null,"<p><span style=""font-family: Times New Roman;""><span style=""font-size: small;"">Vướng mắc về Giấy phép nhập khẩu tự động",73763,305,16,DA_NANG,admin,22/02/2012,https://files.customs.gov.vn/DA_NANG/Uploads/65e32243-11bf-4695-985d-c1563e8c13ba/1279-vuong mac GP tu dong.tif,https://www.customs.gov.vn/index.jsp?pageId=3&id=73763&cid=1294,2012,02/2012,2026-10-08T09:45:20Z
53,2222/BTC-CST,22/02/2012,null,"<p><span style=""font-size: small""><span style=""font-family: Times New Roman""> Chính sách thuế đối với hoạt động kinh doanh máy bay.",73762,305,16,DA_NANG,admin,22/02/2012,https://files.customs.gov.vn/DA_NANG/Uploads/65e32243-11bf-4695-985d-c1563e8c13ba/2222.tif,https://www.customs.gov.vn/index.jsp?pageId=3&id=73762&cid=1294,2012,02/2012,2026-10-08T09:45:20Z
54,224/BXD-KHCN,21/02/2012,null,"<p><span style=""font-family: Times New Roman;""><span style=""font-size: small;"">Trả lời đề nghị xem xét điều chỉnh Thông tư số 11/2009/TT-BXD",73760,305,16,DA_NANG,admin,21/02/2012,https://files.customs.gov.vn/DA_NANG/Uploads/65e32243-11bf-4695-985d-c1563e8c13ba/224-XD kinhtif.tif,https://www.customs.gov.vn/index.jsp?pageId=3&id=73760&cid=1294,2012,02/2012,2026-10-08T09:45:20Z
55,15/2012/TT-BTC,20/02/2012,null,"Thông tư ban hành mẫu tờ khai hàng hóa xuất khẩu, nhập khẩu",73754,305,18,DA_NANG,Bộ,20/02/2012,,https://www.customs.gov.vn/index.jsp?pageId=3&id=73754&cid=1294,2012,02/2012,2026-10-08T09:45:20Z
56,655/BKHĐT-QLKKT,20/02/2012,null,Hàng hóa đưa vào nội địa và ngược lại của doanh nghiệp hoạt động trong khu chế xuất,73756,305,18,DA_NANG,Bộ và ngang bộ,20/02/2012,,https://www.customs.gov.vn/index.jsp?pageId=3&id=73756&cid=1294,2012,02/2012,2026-10-08T09:45:20Z
57,718/TCHQ-TXNK,20/02/2012,null,"<p><span style=""font-size: small""><span style=""font-family: Times New Roman"">Thuế NK bộ linh kiện lắp rắp ô tô.",73758,305,16,DA_NANG,admin,20/02/2012,https://files.customs.gov.vn/DA_NANG/Uploads/65e32243-11bf-4695-985d-c1563e8c13ba/718.tif,https://www.customs.gov.vn/index.jsp?pageId=3&id=73758&cid=1294,2012,02/2012,2026-10-08T09:45:20Z
58,Số02/2012/QĐ-UBND,20/02/2012,UBND Tỉnh/TP,"Quyết định ban hành Bảng giá các loại nhà, công trình xây dựng trên đất, cây trồng,hỗ trợ nuôi trồng thủy sản, phần lăng,mộ và hỗ trợ di chuyển để bồi thường thiệt hại khi Nhà nước thu hồi đất trên địa bàn tỉnh Quảng Bình",42756,305,18,QUANG_BINH,null,null,https://files.customs.gov.vn/CustomsCMS/QUANG_BINH/2021/04/images/stories/files/de2012_562s1_1_.tif,https://www.customs.gov.vn/index.jsp?pageId=3&id=42756&cid=1294,2012,02/2012,2026-10-08T09:45:20Z
59,Số297/QĐ-UBND,20/02/2012,UBND Tỉnh/TP,Quyết định về việc công bố bãi bỏ một số thủ tục hành chính chung thuộc lĩnh vực Văn phòng áp dụng tại cấp xã trên địa bàn tỉnh Quảng Bình,42754,305,18,QUANG_BINH,null,null,https://files.customs.gov.vn/CustomsCMS/QUANG_BINH/2021/04/images/stories/files/de2012_548s1_1_.tif,https://www.customs.gov.vn/index.jsp?pageId=3&id=42754&cid=1294,2012,02/2012,2026-10-08T09:45:20Z
60,218/HQĐNa-TXNK,17/02/2012,Cục Hải Quan tỉnh Đồng Nai,Trả lời Công ty cổ phần đầu tư và kinh doanh Golf Long Thành v/v Xác nhận xe cắt cỏ năm trong dây chuyền công nghệ,65164,305,18,DONG_NAI,null,null,https://files.customs.gov.vn/DONG_NAI//Data/Cv_Hqdn/218_HQDNa_TXNK_17_02_2012.PDF,https://www.customs.gov.vn/index.jsp?pageId=3&id=65164&cid=1294,2012,02/2012,2026-10-08T09:45:20Z
61,08/2012/NÐ-CP,16/02/2012,Chính phủ,Nghị Định ban hành quy chế làm việc của Chính Phủ,54744,305,8,TP_HO_CHI_MINH,Nguyễn Tấn Dũng,15/04/2012,https://files.customs.gov.vn/CustomsCMS/TP_HO_CHI_MINH/2020/Web/Data/DocumentAttachments/08_2012_ND-CP_134932.doc,https://www.customs.gov.vn/index.jsp?pageId=3&id=54744&cid=1294,2012,02/2012,2026-10-08T09:45:20Z
62,09/2012/TT-BNNPTNT,15/02/2012,Bộ Nông nghiệp và Phát triển nông thôn,Thông tư 09/2012/TT-BNNPTNT về Danh mục bổ sung giống cây trồng được phép sản xuất kinh doanh ở Việt Nam,61230,305,4,TONG_CUC,Bùi Bá Bổng,31/03/2012,,https://www.customs.gov.vn/index.jsp?pageId=3&id=61230&cid=1294,2012,02/2012,2026-10-08T09:45:20Z
63,605/TCHQ-TXNK,15/02/2012,Tổng cục hải quan,V/v Phân loại tủ quầy lạnh bảo quản thực phẩm,63121,305,18,DONG_NAI,null,null,,https://www.customs.gov.vn/index.jsp?pageId=3&id=63121&cid=1294,2012,02/2012,2026-10-08T09:45:20Z
64,05/2012/TT-BTC,14/02/2012,null,Thông tư hướng dẫn thi hành nghị định số 26/2009/NĐ-CP ngày 16/3/2009 và nghị...,73746,305,18,DA_NANG,Bộ Tài chính,14/02/2012,,https://www.customs.gov.vn/index.jsp?pageId=3&id=73746&cid=1294,2012,02/2012,2026-10-08T09:45:20Z
65,15/KD3-CV,14/02/2012,null,Thực hiện Thông tư 01/2012/TT-BTC về hướng dẫn thông qua hàng hoá xuất nhập khẩu phải kiểm dịch,73747,305,18,DA_NANG,Khác,14/02/2012,,https://www.customs.gov.vn/index.jsp?pageId=3&id=73747&cid=1294,2012,02/2012,2026-10-08T09:45:20Z
66,199/HQĐNa-TXNK,14/02/2012,Cục Hải Quan tỉnh Đồng Nai,Trả lời Công ty TNHH Cự Thành v/v Đăng ký danh mục hàng hóa nhập khẩu miễn thuế tạo TSCĐ,65165,305,18,DONG_NAI,null,null,https://files.customs.gov.vn/DONG_NAI//Data/Cv_Hqdn/199_HQDNa_TXNK_14_02_2012.pdf,https://www.customs.gov.vn/index.jsp?pageId=3&id=65165&cid=1294,2012,02/2012,2026-10-08T09:45:20Z
67,71/GSQL-GQ1,14/02/2012,null,"<p><span style=""font-family: Times New Roman;""><span style=""font-size: small;"">Giấy phép nhập khẩu tự động",73745,305,16,DA_NANG,admin,14/02/2012,https://files.customs.gov.vn/DA_NANG/Uploads/65e32243-11bf-4695-985d-c1563e8c13ba/71-phep tu dongtif.tif,https://www.customs.gov.vn/index.jsp?pageId=3&id=73745&cid=1294,2012,02/2012,2026-10-08T09:45:20Z
68,15/KD3-CV,13/02/2012,null,Thực hiện Thông tư 01/2012/TT-BTC về hướng dẫn thông qua hàng hoá xuất nhập khẩu  phải kiểm dịch,73744,305,16,DA_NANG,admin,13/02/2012,https://files.customs.gov.vn/DA_NANG/Uploads/65e32243-11bf-4695-985d-c1563e8c13ba/15-kiem dich.tif,https://www.customs.gov.vn/index.jsp?pageId=3&id=73744&cid=1294,2012,02/2012,2026-10-08T09:45:20Z
69,65/GSQL-TH,13/02/2012,null,Vướng mắc tiêu chí C/O mẫu E,73741,305,18,DA_NANG,Tổng cục Hải quan,13/02/2012,,https://www.customs.gov.vn/index.jsp?pageId=3&id=73741&cid=1294,2012,02/2012,2026-10-08T09:45:20Z
70,655/BKHĐT-QLKKT,13/02/2012,null,"<p><span style=""font-family: Times New Roman;""><span style=""font-size: small;"">Hàng hóa đưa vào nội địa và ngược lại của doanh nghiệp hoạt động trong khu chế xuất",73742,305,16,DA_NANG,admin,13/02/2012,https://files.customs.gov.vn/DA_NANG/Uploads/65e32243-11bf-4695-985d-c1563e8c13ba/655-DNCX.tif,https://www.customs.gov.vn/index.jsp?pageId=3&id=73742&cid=1294,2012,02/2012,2026-10-08T09:45:20Z
71,Số110/UBND-NC,13/02/2012,UBND Tỉnh/TP,Thực hiện Nghị định số 70/2006/NĐ-CP và Nghị định số 22/2009/NĐ - CP ngày 24/02/2009 của Chính phủ,42753,305,18,QUANG_BINH,null,null,https://files.customs.gov.vn/CustomsCMS/QUANG_BINH/2021/04/images/stories/files/de2012_394s1_1_.tif,https://www.customs.gov.vn/index.jsp?pageId=3&id=42753&cid=1294,2012,02/2012,2026-10-08T09:45:20Z
72,175/HQĐNa-TXNK,09/02/2012,Cục Hải Quan tỉnh Đồng Nai,Trả lời Công ty TNHH N.E.W Việt Nam v/v Hướng dẫn thực hiện Luật thuế bảo vệ môi trường,65167,305,18,DONG_NAI,null,null,https://files.customs.gov.vn/DONG_NAI//Data/Cv_Hqdn/175_HQDNa_TXNK_09_02_2012.PDF,https://www.customs.gov.vn/index.jsp?pageId=3&id=65167&cid=1294,2012,02/2012,2026-10-08T09:45:20Z
73,176/HQĐNa-TXNK,09/02/2012,Cục Hải Quan tỉnh Đồng Nai,Trả lời Công ty TNHH Nam Yang International Việt Nam v/v Hướng dẫn thực hiện luật thuế bảo vệ môi trường đối với mặt hàng túi PE,65166,305,18,DONG_NAI,null,null,https://files.customs.gov.vn/DONG_NAI//Data/Cv_Hqdn/176_HQDNa_TXNK_09_02_2012.PDF,https://www.customs.gov.vn/index.jsp?pageId=3&id=65166&cid=1294,2012,02/2012,2026-10-08T09:45:20Z
74,65/GSQL-TH,09/02/2012,null,Vướng mắc tiêu chí C/O mẫu E</font>,73740,305,16,DA_NANG,admin,09/02/2012,https://files.customs.gov.vn/DA_NANG/Uploads/65e32243-11bf-4695-985d-c1563e8c13ba/65-vuong mac CO mau E.tif,https://www.customs.gov.vn/index.jsp?pageId=3&id=73740&cid=1294,2012,02/2012,2026-10-08T09:45:20Z
75,67/GSQL-GQ2,09/02/2012,Tổng cục hải quan,V/v Thủ tục hải quan mở tờ khai đối với hàng hóa mua từ nội địa,63122,305,18,DONG_NAI,null,null,,https://www.customs.gov.vn/index.jsp?pageId=3&id=63122&cid=1294,2012,02/2012,2026-10-08T09:45:20Z
76,387/TCHQ-TXNK,08/02/2012,null,Thuế GTGT,73739,305,18,DA_NANG,Tổng cục Hải quan,08/02/2012,,https://www.customs.gov.vn/index.jsp?pageId=3&id=73739&cid=1294,2012,02/2012,2026-10-08T09:45:20Z
77,154/HQĐNa-TXNK,07/02/2012,Cục Hải Quan tỉnh Đồng Nai,V/v Thu hồi danh mục miễn thuế hàng hóa nhập khẩu tạo tài sản cố định,65168,305,18,DONG_NAI,null,null,https://files.customs.gov.vn/DONG_NAI//Data/Cv_Hqdn/154_HQDNa_TXNK_07_02_2012.PDF,https://www.customs.gov.vn/index.jsp?pageId=3&id=65168&cid=1294,2012,02/2012,2026-10-08T09:45:20Z
78,Số96/UBND,07/02/2012,UBND Tỉnh/TP,Xuất khẩu quặng Ilmenite tồn kho,42957,305,18,QUANG_BINH,null,null,https://files.customs.gov.vn/CustomsCMS/QUANG_BINH/2021/04/images/stories/files/de2012_338s1_1_.tif,https://www.customs.gov.vn/index.jsp?pageId=3&id=42957&cid=1294,2012,02/2012,2026-10-08T09:45:20Z
79,54/GSQL-GQ1,06/02/2012,null,Nhập khẩu nội tạng đông lạnh,73737,305,18,DA_NANG,Khác,06/02/2012,,https://www.customs.gov.vn/index.jsp?pageId=3&id=73737&cid=1294,2012,02/2012,2026-10-08T09:45:20Z
80,293/TCHQ-TXNK,04/02/2012,null,V/v hướng dẫn công tác giá.,73735,305,18,DA_NANG,Tổng cục Hải quan,04/02/2012,,https://www.customs.gov.vn/index.jsp?pageId=3&id=73735&cid=1294,2012,02/2012,2026-10-08T09:45:20Z
81,54/GSQL-GQ1,04/02/2012,null,"<p><span style=""font-family: Times New Roman;""><span style=""font-size: small;"">Nhập khẩu nội tạng đông lạnh",73736,305,16,DA_NANG,admin,04/02/2012,https://files.customs.gov.vn/DA_NANG/Uploads/65e32243-11bf-4695-985d-c1563e8c13ba/54-NK noi tang dong lanh lam dau.tif,https://www.customs.gov.vn/index.jsp?pageId=3&id=73736&cid=1294,2012,02/2012,2026-10-08T09:45:20Z
82,1362/BTC-CST,03/02/2012,Bộ Tài chính,V/v Thuế nhập khẩu đối với máy biến điện thế sử dụng điện môi lỏng,63124,305,18,DONG_NAI,null,null,,https://www.customs.gov.vn/index.jsp?pageId=3&id=63124&cid=1294,2012,02/2012,2026-10-08T09:45:20Z
83,1363/BTC-CST,03/02/2012,Bộ Tài chính,V/v Thuế nhập khẩu đối với máy biến điện thế sử dụng điện môi lỏng,63123,305,18,DONG_NAI,null,null,,https://www.customs.gov.vn/index.jsp?pageId=3&id=63123&cid=1294,2012,02/2012,2026-10-08T09:45:20Z
84,368/BCT-CNNg,03/02/2012,Khác,Hướng dẫn xuất khẩu quặng Ilmenit tồn kho,42918,305,18,QUANG_BINH,null,null,https://files.customs.gov.vn/CustomsCMS/QUANG_BINH/2021/04/images/stories/files/368.tif,https://www.customs.gov.vn/index.jsp?pageId=3&id=42918&cid=1294,2012,02/2012,2026-10-08T09:45:20Z
85,387/TCHQ-TXNK,03/02/2012,null,Thuế GTGT,73732,305,16,DA_NANG,admin,03/02/2012,https://files.customs.gov.vn/DA_NANG/Uploads/65e32243-11bf-4695-985d-c1563e8c13ba/2012_387 TCHQ-TXNK ngày 03.02.2012 Thuế GTGT cây si nhập khẩu.tif,https://www.customs.gov.vn/index.jsp?pageId=3&id=73732&cid=1294,2012,02/2012,2026-10-08T09:45:20Z
86,389/TCHQ-GSQL,03/02/2012,null,"<p><span style=""font-family: Times New Roman;""><span style=""font-size: small;"">Xử lý xăng dầu nhập khẩu không đạt chất lượng",73733,305,16,DA_NANG,admin,03/02/2012,https://files.customs.gov.vn/DA_NANG/Uploads/65e32243-11bf-4695-985d-c1563e8c13ba/389-Xu ly hang khong dat chat luong.tif,https://www.customs.gov.vn/index.jsp?pageId=3&id=73733&cid=1294,2012,02/2012,2026-10-08T09:45:20Z
87,390/TCHQ-GSQL,03/02/2012,null,"<p><span style=""font-family: Times New Roman;""><span style=""font-size: small;"">Hướng dẫn khai báo hàng NK theo chế độ hạn ngạch thuế quan",73731,305,16,DA_NANG,admin,03/02/2012,https://files.customs.gov.vn/DA_NANG/Uploads/65e32243-11bf-4695-985d-c1563e8c13ba/390-HD NK han ngach thue quan.tif,https://www.customs.gov.vn/index.jsp?pageId=3&id=73731&cid=1294,2012,02/2012,2026-10-08T09:45:20Z
88,50/GSQL-GQ1,02/02/2012,null,"<p><span style=""font-family: Times New Roman;""><span style=""font-size: small;"">Giấy phép nhập khẩu tự động",73730,305,16,DA_NANG,admin,02/02/2012,https://files.customs.gov.vn/DA_NANG/Uploads/65e32243-11bf-4695-985d-c1563e8c13ba/50-Phep tu dong.tif,https://www.customs.gov.vn/index.jsp?pageId=3&id=73730&cid=1294,2012,02/2012,2026-10-08T09:45:20Z
89,1570/TCHQ-GSQL,30/03/2012,null,Vướng mắc C/O,73810,305,16,DA_NANG,admin,30/03/2012,https://files.customs.gov.vn/DA_NANG/Uploads/65e32243-11bf-4695-985d-c1563e8c13ba/1570 TCHQ-GSQL m.tiff,https://www.customs.gov.vn/index.jsp?pageId=3&id=73810&cid=1294,2012,03/2012,2026-10-08T09:45:20Z
90,1593/TCHQ-GSQL,30/03/2012,null,Thực hiện Thông tư 15/2012/TT-BTC về ban hành mẫu tờ khai mới,73813,305,16,DA_NANG,admin,30/03/2012,https://files.customs.gov.vn/DA_NANG/Uploads/65e32243-11bf-4695-985d-c1563e8c13ba/1593-lui thoi giam thuc hien TT15.tif,https://www.customs.gov.vn/index.jsp?pageId=3&id=73813&cid=1294,2012,03/2012,2026-10-08T09:45:20Z
91,50/2012/TTLT-BTC-BTNMT,30/03/2012,Liên bộ,Thông tư liên tịch số 50/2012/TTLT-BTC-BTNMT của Liên Bộ Tài chính - Bộ Tài nguyên và Môi trường hướng dẫn cơ chế tài chính và mức kinh phí lập báo cáo đánh giá môi trường chiến lược,59517,305,4,TONG_CUC,"Bùi Cách Tuyến, Nguyễn Thị Minh",20/05/2012,https://files.customs.gov.vn/van_ban_phap_luat/Lists/VanBanPhapLuat/Attachments/6505/TTLT5012BTCBTNMT.doc,https://www.customs.gov.vn/index.jsp?pageId=3&id=59517&cid=1294,2012,03/2012,2026-10-08T09:45:20Z
92,1500/TCHQ-TXNK,28/03/2012,null,Vướng mắc về báo cáo kiểm toán,73808,305,18,DA_NANG,TCHQ,28/03/2012,,https://www.customs.gov.vn/index.jsp?pageId=3&id=73808&cid=1294,2012,03/2012,2026-10-08T09:45:20Z
93,1503/TCHQ-TXNK,28/03/2012,Tổng cục hải quan,Công văn số 1503/TCHQ-TXNK của Tổng cục Hải quan về việc thông báo thu hồi Giấy phép kinh doanh,59506,305,16,TONG_CUC,Hoàng Việt Cường,28/03/2012,https://files.customs.gov.vn/van_ban_phap_luat/Lists/VanBanPhapLuat/Attachments/6363/CV150312TCHQ.doc,https://www.customs.gov.vn/index.jsp?pageId=3&id=59506&cid=1294,2012,03/2012,2026-10-08T09:45:20Z
94,429/HQĐNa-GSQ,28/03/2012,Cục Hải Quan tỉnh Đồng Nai,V/v Hướng dẫn thủ tục hải quan xuất chất thải trực tiếp từ Chi nhánh Mỹ Tho cho đối tác có chức năng vận chuyển và xử lý,65155,305,18,DONG_NAI,null,null,https://files.customs.gov.vn/DONG_NAI//Data/Cv_Hqdn/429_HQDNa_GSQL_28_03_2012.PDF,https://www.customs.gov.vn/index.jsp?pageId=3&id=65155&cid=1294,2012,03/2012,2026-10-08T09:45:20Z
95,430/HQĐNa-V,28/03/2012,Cục Hải Quan tỉnh Đồng Nai,V/v Nghỉ Giỗ Tổ Hùng Vương năm 2012,65154,305,18,DONG_NAI,null,null,https://files.customs.gov.vn/DONG_NAI//Data/Cv_Hqdn/430_HQDNa_VP_28_03_2012.PDF,https://www.customs.gov.vn/index.jsp?pageId=3&id=65154&cid=1294,2012,03/2012,2026-10-08T09:45:20Z
96,14/2012/TT-BNNPTNN,27/03/2012,null,Hướng dẫn hồ sơ nghiệp vụ kiểm dịch,73805,305,4,DA_NANG,admin,27/03/2012,https://files.customs.gov.vn/DA_NANG/Uploads/65e32243-11bf-4695-985d-c1563e8c13ba/TT14-kiem dich.tif,https://www.customs.gov.vn/index.jsp?pageId=3&id=73805&cid=1294,2012,03/2012,2026-10-08T09:45:20Z
97,14/2012/TT-BNNPTNT,27/03/2012,Bộ Nông nghiệp và Phát triển nông thôn,V/v Hướng dẫn hồ sơ nghiệp vụ kiểm dịch thực vật,63113,305,4,DONG_NAI,null,null,https://files.customs.gov.vn/DONG_NAI//Data/BO_NN_PTNN/14_2012_TT_BNNPTNT_27_03_2012.pdf,https://www.customs.gov.vn/index.jsp?pageId=3&id=63113&cid=1294,2012,03/2012,2026-10-08T09:45:20Z
98,1409/TCHQ-TXNK,27/03/2012,null,Vướng mắc giải quyết đối với hồ sơ xin gia hạn nộp thuế GTGT,73806,305,18,DA_NANG,Tổng cục Hải quan,27/03/2012,,https://www.customs.gov.vn/index.jsp?pageId=3&id=73806&cid=1294,2012,03/2012,2026-10-08T09:45:20Z
99,2059/BCT-XNK,27/03/2012,null,Thực hiện Thông tư số 24/2010/TT-BCT đối với hàng hóa thuộc các Dự án ODA,73807,305,18,DA_NANG,Bộ và ngang bộ,27/03/2012,,https://www.customs.gov.vn/index.jsp?pageId=3&id=73807&cid=1294,2012,03/2012,2026-10-08T09:45:20Z
100,473/NQ-UBTVQH13,27/03/2012,Ủy ban thường vụ Quốc hội,Nghị quyết về kế hoạch phân bổ vốn trái phiếu chính phủ giai đoạn 2011 - 2015,52988,305,7,TP_HO_CHI_MINH,Nguyễn Sinh Hùng,27/03/2012,https://files.customs.gov.vn/CustomsCMS/TP_HO_CHI_MINH/2020/Web/Data/DocumentAttachments/473_NQ-UBTVQH13_141656.doc,https://www.customs.gov.vn/index.jsp?pageId=3&id=52988&cid=1294,2012,03/2012,2026-10-08T09:45:20Z
101,1454/TCHQ-TXNK,26/03/2012,null,Chính sách thuế đối với hàng nhập khẩu của Dự án đầu tư,73803,305,16,DA_NANG,admin,26/03/2012,https://files.customs.gov.vn/DA_NANG/Uploads/65e32243-11bf-4695-985d-c1563e8c13ba/1454 TCHQ-TXNK 26-03-2012.tiff,https://www.customs.gov.vn/index.jsp?pageId=3&id=73803&cid=1294,2012,03/2012,2026-10-08T09:45:20Z
102,22/2012/NĐ-CP,26/03/2012,Chính phủ,Nghị định số 22/2012/NĐ-CP của Chính phủ quy định về đấu giá quyền khai thác khoáng sản,42764,305,18,QUANG_BINH,null,null,https://files.customs.gov.vn/CustomsCMS/QUANG_BINH/2021/04/images/stories/files/N__2212CP.doc,https://www.customs.gov.vn/index.jsp?pageId=3&id=42764&cid=1294,2012,03/2012,2026-10-08T09:45:20Z
103,410/HQĐNa-TXNK,26/03/2012,Cục Hải Quan tỉnh Đồng Nai,Trả lời Công ty TNHH MKTP V/v Đăng ký danh mục hàng hóa nhập khẩu miễn thuế,65157,305,18,DONG_NAI,null,null,https://files.customs.gov.vn/DONG_NAI//Data/Cv_Hqdn/410_HQDNa_TXNK_26_03_2012.PDF,https://www.customs.gov.vn/index.jsp?pageId=3&id=65157&cid=1294,2012,03/2012,2026-10-08T09:45:20Z
104,413/HQĐNa-TXNK,26/03/2012,Cục Hải Quan tỉnh Đồng Nai,Trả lời Công ty TNHH Hóa dầu Great Prosperity v/v Bổ sung giấy phép nhập khẩu của Bộ Công thương,65156,305,18,DONG_NAI,null,null,https://files.customs.gov.vn/DONG_NAI//Data/Cv_Hqdn/413_HQDNa_TXNK_26_03_2012.PDF,https://www.customs.gov.vn/index.jsp?pageId=3&id=65156&cid=1294,2012,03/2012,2026-10-08T09:45:20Z
105,747/QĐ-BTC,26/03/2012,Bộ Tài chính,V/v Công bố Danh mục văn bản quy phạm pháp luật do Bộ Tài chính ban hành và liên tịch ban hành hết hiệu lực thi hành,63114,305,10,DONG_NAI,null,null,https://files.customs.gov.vn/DONG_NAI//Data/CV_BTC/747_QD_BTC_26_03_2012.pdf,https://www.customs.gov.vn/index.jsp?pageId=3&id=63114&cid=1294,2012,03/2012,2026-10-08T09:45:20Z
106,1409/TCHQ-TXNK,23/03/2012,null,Vướng mắc giải quyết đối với hồ sơ xin gia hạn nộp thuế GTGT,73802,305,16,DA_NANG,admin,23/03/2012,https://files.customs.gov.vn/DA_NANG/Uploads/65e32243-11bf-4695-985d-c1563e8c13ba/1409 TCHQ-TXNK.tif,https://www.customs.gov.vn/index.jsp?pageId=3&id=73802&cid=1294,2012,03/2012,2026-10-08T09:45:20Z
107,737/QĐ-BTC,23/03/2012,Bộ Tài chính,Về việc đính chính Thông tư số 21/2012/TT-BTC ngày 15/02/2012 của Bộ trưởng Bộ Tài chính về việc ban hành Biểu thuế nhập khẩu ưu đãi của Việt Nam để thực hiện Hiệp định đối tác kinh tế Việt Nam - Nhật Bản,63115,305,10,DONG_NAI,null,null,,https://www.customs.gov.vn/index.jsp?pageId=3&id=63115&cid=1294,2012,03/2012,2026-10-08T09:45:20Z
108,1372/TCHQ-TXNK,22/03/2012,null,Phân loại mặt hàng đồ chơi Lego Duplo từ Đan Mạch.,73801,305,18,DA_NANG,Tổng cục Hải quan,22/03/2012,,https://www.customs.gov.vn/index.jsp?pageId=3&id=73801&cid=1294,2012,03/2012,2026-10-08T09:45:20Z
109,394/HQĐNa-CCHĐH,22/03/2012,Cục Hải Quan tỉnh Đồng Nai,V/v Thông báo thủ tục hành chính thuộc thẩm quyền giải quyết của Cục Hải quan Đồng Nai,65158,305,18,DONG_NAI,null,null,https://files.customs.gov.vn/DONG_NAI//Data/Cv_Hqdn/394_HQDNa_HDH_22_03_2012.PDF,https://www.customs.gov.vn/index.jsp?pageId=3&id=65158&cid=1294,2012,03/2012,2026-10-08T09:45:20Z
110,1364/TCHQ-TXNK,21/03/2012,null,"<p><span style=""font-size: small""><span style=""font-family: Times New Roman"">Phân loại các mặt hàng ""Kemzyme"", ""Dung dịch ngâm rửa kính áp tròng Reun MutilPlus Mutil Purpose Solution 120ml/335ml"", ""Atopiclair"", ""Haicneal"".",73800,305,16,DA_NANG,admin,21/03/2012,https://files.customs.gov.vn/DA_NANG/Uploads/65e32243-11bf-4695-985d-c1563e8c13ba/1364.tif,https://www.customs.gov.vn/index.jsp?pageId=3&id=73800&cid=1294,2012,03/2012,2026-10-08T09:45:20Z
111,1364/TCHQ-TXNK,21/03/2012,null,"Phân loại các mặt hàng ""Kemzyme"", ""Dung dịch ngâm rửa kính áp tròng Reun MutilPlus Mutil Purpose Solution 120ml/335ml""...",73799,305,18,DA_NANG,Tổng cục Hải quan,21/03/2012,,https://www.customs.gov.vn/index.jsp?pageId=3&id=73799&cid=1294,2012,03/2012,2026-10-08T09:45:20Z
112,1372/TCHQ-TXNK,21/03/2012,Tổng cục hải quan,V/v Phân loại mặt hàng đồ chơi Lego Duplo từ Đan Mạch,63116,305,18,DONG_NAI,null,null,,https://www.customs.gov.vn/index.jsp?pageId=3&id=63116&cid=1294,2012,03/2012,2026-10-08T09:45:20Z
113,21/2012/NÐ-CP,21/03/2012,Chính phủ,Về quản lý cảng biển và luồng hàng hải,52966,305,8,TP_HO_CHI_MINH,Nguyễn Tấn Dũng,01/06/2012,"https://files.customs.gov.vn/CustomsCMS/TP_HO_CHI_MINH/2020/Web/Data/DocumentAttachments/danhmucphuluc.doc,/CustomsCMS/TP_HO_CHI_MINH/2020/Web/Data/DocumentAttachments/21_2012_ND_CP_Về quản lý cảng biển và luồng hàng hải.doc",https://www.customs.gov.vn/index.jsp?pageId=3&id=52966&cid=1294,2012,03/2012,2026-10-08T09:45:20Z
114,265/TXNK-PL,21/03/2012,null,Phân loại gà đông lạnh nguyên con.,73798,305,18,DA_NANG,Tổng cục Hải quan,21/03/2012,,https://www.customs.gov.vn/index.jsp?pageId=3&id=73798&cid=1294,2012,03/2012,2026-10-08T09:45:20Z
115,723/QĐ-BTC,21/03/2012,null,Ban hành mẫu Biên lai thu thuế đối với hàng hóa nhập khẩu bằng tiền mặt,73797,305,10,DA_NANG,admin,21/03/2012,https://files.customs.gov.vn/DA_NANG/Uploads/65e32243-11bf-4695-985d-c1563e8c13ba/723 QĐ- BTC.tif,https://www.customs.gov.vn/index.jsp?pageId=3&id=73797&cid=1294,2012,03/2012,2026-10-08T09:45:20Z
116,03/2012/TT-BTTTT,20/03/2012,Bộ Thông Tin Truyền Thông,"Thông Tư quy định danh mục thiết bị vô tuyến điện được miễn giấy phép sử dụng tần số vô tuyến điện, điều kiện kỹ thuật và khai thác kèm theo",56249,305,4,TP_HO_CHI_MINH,Nguyễn Bắc Son,10/05/2012,https://files.customs.gov.vn/CustomsCMS/TP_HO_CHI_MINH/2020/Web/Data/DocumentAttachments/03_2012_TT-BTTTT_136732.doc,https://www.customs.gov.vn/index.jsp?pageId=3&id=56249&cid=1294,2012,03/2012,2026-10-08T09:45:20Z
117,06/2012/TT-BTC,20/03/2012,null,"Thông tư hướng dẫn thi hành 1 số điều của Luật thuế GTGT, hướng dẫn thi hành Nghị định 123/2008/NĐ-CP ngày 08/12/2008 và Ng...",73795,305,18,DA_NANG,Bộ Tài chính,20/03/2012,,https://www.customs.gov.vn/index.jsp?pageId=3&id=73795&cid=1294,2012,03/2012,2026-10-08T09:45:20Z
118,1226/TCHQ-TXNK,20/03/2012,null,Phân loại mặt hàng xe chở tiền hiệu Ford Everest.,73794,305,18,DA_NANG,Tổng cục Hải quan,20/03/2012,,https://www.customs.gov.vn/index.jsp?pageId=3&id=73794&cid=1294,2012,03/2012,2026-10-08T09:45:20Z
119,3751/BTC-CST,20/03/2012,Bộ Tài chính,V/v Hướng dẫn phí y tế dự phòng và phí kiểm dịch y tế biên giới,62492,305,18,DONG_NAI,null,null,,https://www.customs.gov.vn/index.jsp?pageId=3&id=62492&cid=1294,2012,03/2012,2026-10-08T09:45:20Z
120,13/2012/TT-BNNPTNT,19/03/2012,Bộ Nông nghiệp và Phát triển nông thôn,"Thông tư 13/2012/TT-BNNPTNT về danh mục bổ sung phân bón được phép sản xuất, kinh doanh và sử dụng tại Việt Nam",61237,305,4,TONG_CUC,Bùi Bá Bổng,03/05/2012,https://files.customs.gov.vn/BA_RIA_VUNG_TAU,https://www.customs.gov.vn/index.jsp?pageId=3&id=61237&cid=1294,2012,03/2012,2026-10-08T09:45:20Z
121,1438/BYT-QLD,19/03/2012,null,Hướng dẫn thực hiện Thông tư 44/2011/TT-BYT,73793,305,16,DA_NANG,admin,19/03/2012,https://files.customs.gov.vn/DA_NANG/Uploads/65e32243-11bf-4695-985d-c1563e8c13ba/1438-hdan cua Bo y te TT44.tif,https://www.customs.gov.vn/index.jsp?pageId=3&id=73793&cid=1294,2012,03/2012,2026-10-08T09:45:20Z
122,384/HQĐNa-TXNK,19/03/2012,Cục Hải Quan tỉnh Đồng Nai,Trả lời Công ty TNHH Nestle Việt Nam V/v Đăng ký bổ sung danh mục hàng hóa nhập khẩu miễn thuế tạo TSCĐ,65159,305,18,DONG_NAI,null,null,https://files.customs.gov.vn/DONG_NAI//Data/Cv_Hqdn/384_HQDNa_TXNK_19_03_2012.PDF,https://www.customs.gov.vn/index.jsp?pageId=3&id=65159&cid=1294,2012,03/2012,2026-10-08T09:45:20Z
123,19/2012/NĐ-CP,16/03/2012,Chính phủ,Nghị định số 19/2012/NĐ-CP quy định xử phạt vi phạm hành chính trong lĩnh vực bảo vệ quyền lợi người tiêu dùng,59505,305,8,TONG_CUC,Nguyễn Tấn Dũng,01/05/2012,,https://www.customs.gov.vn/index.jsp?pageId=3&id=59505&cid=1294,2012,03/2012,2026-10-08T09:45:20Z
124,380/HQĐNa-TXN,16/03/2012,Cục Hải Quan tỉnh Đồng Nai,Trả lời Công ty TNHH Samil Textile V/v Đăng ký danh mục hàng hóa nhập khẩu miễn thuế tạo TSCĐ,65160,305,18,DONG_NAI,null,null,https://files.customs.gov.vn/DONG_NAI//Data/Cv_Hqdn/380_HQDNa_TXNK_16_03_2012.PDF,https://www.customs.gov.vn/index.jsp?pageId=3&id=65160&cid=1294,2012,03/2012,2026-10-08T09:45:20Z
125,46/2012/TTLT-BTC-TTCP,16/03/2012,Liên bộ,"Thông tư liên tịch số 46/2012/TTLT-BTC-TTCP của Bộ trưởng Bộ Tài chính và Tổng Thanh tra Chính phủ quy định chế độ bồi dưỡng đối với cán bộ, công chức làm công tác tiếp công dân, xử lý đơn thư khiếu nại, tố cáo, kiến nghị, phản ánh",59521,305,4,TONG_CUC,"Nguyễn Văn Thanh, Nguyễn Thị Minh",01/05/2012,https://files.customs.gov.vn/van_ban_phap_luat/Lists/VanBanPhapLuat/Attachments/6558/TTLT4612BTCTTCP.doc,https://www.customs.gov.vn/index.jsp?pageId=3&id=59521&cid=1294,2012,03/2012,2026-10-08T09:45:20Z
126,2059/BCT-XNK,15/03/2012,null,Thực hiện Thông tư số 24/2010/TT-BCT đối với hàng hóa thuộc các Dự án ODA,73791,305,16,DA_NANG,admin,15/03/2012,https://files.customs.gov.vn/DA_NANG/Uploads/65e32243-11bf-4695-985d-c1563e8c13ba/2059 BCT-XNK.tiff,https://www.customs.gov.vn/index.jsp?pageId=3&id=73791&cid=1294,2012,03/2012,2026-10-08T09:45:20Z
127,1239/TCHQ-TXNK,14/03/2012,null,Ưu đãi miễn thuế nhập khẩu,73790,305,16,DA_NANG,admin,14/03/2012,https://files.customs.gov.vn/DA_NANG/Uploads/65e32243-11bf-4695-985d-c1563e8c13ba/2012_1239 TCHQ-TXNK ngày 14.3.2012 trả lời ưu đãi đầu tư của Cty Keanam-ViNa.tif,https://www.customs.gov.vn/index.jsp?pageId=3&id=73790&cid=1294,2012,03/2012,2026-10-08T09:45:20Z
128,373/HQĐNa-TXNK,14/03/2012,Cục Hải Quan tỉnh Đồng Nai,Trả lời Công ty TNHH MKTP V/v Đăng ký hàng hóa nhập khẩu miễn thuế,65161,305,18,DONG_NAI,null,null,https://files.customs.gov.vn/DONG_NAI//Data/Cv_Hqdn/373_HQDNa_TXNK_14_03_2012.PDF,https://www.customs.gov.vn/index.jsp?pageId=3&id=65161&cid=1294,2012,03/2012,2026-10-08T09:45:20Z
129,1135/TCHQ-GSQL,13/03/2012,null,"Xe ôtô đã qua sử dụng nhập khẩu có số máy bị mờ, không đọc được",73786,305,18,DA_NANG,Tổng cục hải quan,13/03/2012,,https://www.customs.gov.vn/index.jsp?pageId=3&id=73786&cid=1294,2012,03/2012,2026-10-08T09:45:20Z
130,17/2012/NĐ-CP,13/03/2012,Chính phủ,Nghị định số 17/2012/NĐ-CP quy định chi tiết và hướng dẫn thi hành một số điều của luật kiểm toán độc lập do Chính phủ ban hành,59504,305,8,TONG_CUC,Nguyễn Tấn Dũng,01/05/2012,,https://www.customs.gov.vn/index.jsp?pageId=3&id=59504&cid=1294,2012,03/2012,2026-10-08T09:45:20Z
131,Số03/2012/QĐ-UBND,13/03/2012,UBND Tỉnh/TP,"Quyết định ban hành bảng giá để tính lệ phí trước bạ đối với các loại xe ô tô, xe máy, máy thủy, phần vỏ tàu thuyền, giá áp dụng tính lệ phí trước bạ đất và nhà trên địa bàn tỉnh Quảng Bình",42922,305,18,QUANG_BINH,null,null,https://files.customs.gov.vn/CustomsCMS/QUANG_BINH/2021/04/images/stories/files/03-QDUB.tif,https://www.customs.gov.vn/index.jsp?pageId=3&id=42922&cid=1294,2012,03/2012,2026-10-08T09:45:20Z
132,361/HQĐNa-TXNK,12/03/2012,Cục Hải Quan tỉnh Đồng Nai,Trả lời Công ty TNHH PouSung Việt Nam V/v Hướng dẫn thực hiện thuế bảo vệ môi trường đối với mặt hàng túi PE theo loại hình xuất khẩu để xuất hàng vào khu chế xuất,65162,305,18,DONG_NAI,null,null,https://files.customs.gov.vn/DONG_NAI//Data/Cv_Hqdn/361_HQDNa_TXNK_12_03_2012.PDF,https://www.customs.gov.vn/index.jsp?pageId=3&id=65162&cid=1294,2012,03/2012,2026-10-08T09:45:20Z
133,15/2012/NÐ-CP,09/03/2012,Chính phủ,Nghị định quy định chi tiết thi hành một số điều của Luật khoáng sản,52972,305,8,TP_HO_CHI_MINH,Nguyễn Tấn Dũng,25/04/2012,https://files.customs.gov.vn/CustomsCMS/TP_HO_CHI_MINH/2020/Web/Data/DocumentAttachments/15_2012_ND-CP_135894.doc,https://www.customs.gov.vn/index.jsp?pageId=3&id=52972&cid=1294,2012,03/2012,2026-10-08T09:45:20Z
134,04/2012/TTLT-BCA-BCT,08/03/2012,null,"<p> <span style=""font-size: small; ""><span style=""font-family: 'Times New Roman'; "">Thông tư liên tịch Quy định về thiết bị phát tín hiệu của xe được quyền ưu  tiên</span></span><b><font size=""2"" face=""Arial"" color=""black""><br />
</font></b> </p>",73780,305,4,DA_NANG,admin,08/03/2012,https://files.customs.gov.vn/DA_NANG/Uploads/65e32243-11bf-4695-985d-c1563e8c13ba/TT 04 cua BCT.tiff,https://www.customs.gov.vn/index.jsp?pageId=3&id=73780&cid=1294,2012,03/2012,2026-10-08T09:45:20Z
135,996/TCHQ-TXNK,07/03/2012,null,V/v thuế suất thuế GTGT đối với mặt hàng máy hoặc bình phun thuốc trừ sâu dùng trong nông nghiệp.,73779,305,18,DA_NANG,Tổng cục Hải quan,07/03/2012,,https://www.customs.gov.vn/index.jsp?pageId=3&id=73779&cid=1294,2012,03/2012,2026-10-08T09:45:20Z
136,318/HQĐNa-TXNK,06/03/2012,Cục Hải Quan tỉnh Đồng Nai,Trả lời Công ty TNHH Nakagawa MFG Việt Nam V/v Đăng ký danh mục hàng hóa nhập khẩu miễn thuế tạo TSCĐ,65163,305,18,DONG_NAI,null,null,https://files.customs.gov.vn/DONG_NAI//Data/Cv_Hqdn/318_HQDNa_TXNK_06_03_2012.PDF,https://www.customs.gov.vn/index.jsp?pageId=3&id=65163&cid=1294,2012,03/2012,2026-10-08T09:45:20Z
137,1035/TCHQ-TXNK,05/03/2012,Tổng cục hải quan,V/v Giá mặt hàng vải nhập khẩu,63117,305,18,DONG_NAI,null,null,,https://www.customs.gov.vn/index.jsp?pageId=3&id=63117&cid=1294,2012,03/2012,2026-10-08T09:45:20Z
138,996/TCHQ-TXNK,02/03/2012,null,"<p><span style=""font-size: small""><span style=""font-family: Times New Roman"">V/v thuế suất thuế GTGT đối với mặt hàng máy hoặc bình phun thuốc trừ sâu dùng trong nông nghiệp.",73776,305,16,DA_NANG,admin,02/03/2012,https://files.customs.gov.vn/DA_NANG/Uploads/65e32243-11bf-4695-985d-c1563e8c13ba/996.tif,https://www.customs.gov.vn/index.jsp?pageId=3&id=73776&cid=1294,2012,03/2012,2026-10-08T09:45:20Z
139,998/TCHQ-TXNK,02/03/2012,Tổng cục hải quan,V/v Xác định phương pháp tính thuế NK và khai báo hải quan mặt hàng nhựa đường,63118,305,18,DONG_NAI,null,null,,https://www.customs.gov.vn/index.jsp?pageId=3&id=63118&cid=1294,2012,03/2012,2026-10-08T09:45:20Z
140,962/TCHQ-GSQL,01/03/2012,null,Hướng dẫn thực hiện Thông tư số 117/2011/TT-BTC,73772,305,16,DA_NANG,admin,01/03/2012,https://files.customs.gov.vn/DA_NANG/Uploads/65e32243-11bf-4695-985d-c1563e8c13ba/962-huong dan TT117.tif,https://www.customs.gov.vn/index.jsp?pageId=3&id=73772&cid=1294,2012,03/2012,2026-10-08T09:45:20Z
141,Số195/UBND,01/03/2012,UBND Tỉnh/TP,Đính chính quyết định số 02/2012/QĐ - UBND ngày 20/02/2012 của UBND tỉnh,42757,305,18,QUANG_BINH,null,null,https://files.customs.gov.vn/CustomsCMS/QUANG_BINH/2021/04/images/stories/files/de2012_562s2_1_.tif,https://www.customs.gov.vn/index.jsp?pageId=3&id=42757&cid=1294,2012,03/2012,2026-10-08T09:45:20Z
142,05/2012/TT-BKHCN,30/04/2012,null,"Thông tư 05/2012/TT-BKHCN của Bộ Khoa học và Công nghệ về việc sửa đổi, bổ sung Điều 1 Quyết định 05/2005/QĐ-BKHCN ngày 11/05/2005 của Bộ trưởng Bộ Khoa học và Công nghệ về việc sửa đổi, bổ sung Quyết định 28/2004/QĐ-BKHCN ngày 01/10/2004 về phương pháp xác định tỷ lệ nội địa hóa đối với ô tô",61672,305,4,TONG_CUC,Trần Việt Thanh,01/01/1900,https://files.customs.gov.vn/QUANG_NGAI/05_2012_TT-BKHCN_12032012.pdf,https://www.customs.gov.vn/index.jsp?pageId=3&id=61672&cid=1294,2012,04/2012,2026-10-08T09:45:20Z
143,2075/TCHQ-GSQL,27/04/2012,Tổng cục hải quan,V/v Nhập khẩu vỏ bao và vỏ tút thuốc lá để sản xuất hàng xuất khẩu,63108,305,18,DONG_NAI,null,null,,https://www.customs.gov.vn/index.jsp?pageId=3&id=63108&cid=1294,2012,04/2012,2026-10-08T09:45:20Z
144,2076/TCHQ-GSQL,27/04/2012,Tổng cục hải quan,V/v Chuyển nguyên phụ liệu của hợp đồng gia công,63107,305,18,DONG_NAI,null,null,,https://www.customs.gov.vn/index.jsp?pageId=3&id=63107&cid=1294,2012,04/2012,2026-10-08T09:45:20Z
145,571/TTg-KTTH,27/04/2012,null,"Quản lý nhập khẩu máy móc, thiết bị, dây chuyền công nghệ",73853,305,16,DA_NANG,admin,27/04/2012,https://files.customs.gov.vn/DA_NANG/Uploads/65e32243-11bf-4695-985d-c1563e8c13ba/571-TTG-tam ngung NK mmtb da qua su dung.tif,https://www.customs.gov.vn/index.jsp?pageId=3&id=73853&cid=1294,2012,04/2012,2026-10-08T09:45:20Z
146,66/2012/TTLT-BTC-BGDĐT,26/04/2012,Liên bộ,"Thông tư số 66/2012/TTLT-BTC-BGDĐT của Liên tịch Bộ Tài chính và Bộ Giáo dục và Đào tạo hướng dẫn về nội dung, mức chi, công tác quản lý tài chính thực hiện xây dựng ngân hàng câu trắc nghiệm, tổ chức các kỳ thi phổ thông, chuẩn bị tham dự các kỳ thi Olympic quốc tế và khu vực",59519,305,4,TONG_CUC,"Nguyễn Vinh Hiển, Nguyễn Thị Minh",12/06/2012,https://files.customs.gov.vn/van_ban_phap_luat/Lists/VanBanPhapLuat/Attachments/6517/TTLT6612BTCBGDDT.doc,https://www.customs.gov.vn/index.jsp?pageId=3&id=59519&cid=1294,2012,04/2012,2026-10-08T09:45:20Z
147,15/2012/NĐ-CP,25/04/2012,Chính phủ,Nghị định 15/2012/NĐ-CP của Chính phủ về quy định chi tiết thi hành một số điều của Luật khoáng sản,61877,305,8,QUANG_NGAI,Nguyễn Tấn Dũng,01/01/1900,https://files.customs.gov.vn/QUANG_NGAI/15_2012_NĐ-CP_09032012.pdf,https://www.customs.gov.vn/index.jsp?pageId=3&id=61877&cid=1294,2012,04/2012,2026-10-08T09:45:20Z
148,2040/TCHQ-GSQL,25/04/2012,null,"<p><span style=""font-family: Times New Roman;""><span style=""font-size: small;"">Chứng nhận chất lượng xe mô tô đã qua sử dụng là tài sản di chuyển NK",73849,305,10,DA_NANG,admin,25/04/2012,https://files.customs.gov.vn/DA_NANG/Uploads/65e32243-11bf-4695-985d-c1563e8c13ba/2040- chung nhan chat luong xe moto TS di chuyen.tif,https://www.customs.gov.vn/index.jsp?pageId=3&id=73849&cid=1294,2012,04/2012,2026-10-08T09:45:20Z
149,38/2012/NÐ-CP,25/04/2012,Chính phủ,Nghị Định quy định chi tiết thi hành một số điều của luật an toàn thực phẩm,56741,305,8,TP_HO_CHI_MINH,Nguyễn Tấn Dũng,11/06/2012,"https://files.customs.gov.vn/CustomsCMS/TP_HO_CHI_MINH/2020/Web/Data/DocumentAttachments/38_2012_ND-CP_138500.doc,/CustomsCMS/TP_HO_CHI_MINH/2020/Web/Data/DocumentAttachments/MAU_GIAY_CHUNG_HAN_HOP_QUY.docx",https://www.customs.gov.vn/index.jsp?pageId=3&id=56741&cid=1294,2012,04/2012,2026-10-08T09:45:20Z
150,594/HQĐNa-TXNK,25/04/2012,Cục Hải Quan tỉnh Đồng Nai,Trả lời BQL các KCN Đồng Nai v/v Phối hợp thu hồi Giấy chứng nhận đầu tư của các dự án không triển khai,65142,305,18,DONG_NAI,null,null,https://files.customs.gov.vn/DONG_NAI//Data/Cv_Hqdn/594_HQDNa_TXNK_25_04_2012.PDF,https://www.customs.gov.vn/index.jsp?pageId=3&id=65142&cid=1294,2012,04/2012,2026-10-08T09:45:20Z
151,64/2012/TTLT-BTC-BTNMT,25/04/2012,null,Th&#244;ng tư li&#234;n tịch 64/2012/TTLT-BTC-BTNMT sửa đổi Th&#244;ng tư li&#234;n tịch 186/2009/TTLT-BTC-BTNMT do Bộ T&#224;i ch&#237;nh v&#224; Bộ T&#224;i nguy&#234;n M&#244;i trường ban h&#224;nh,67595,305,4,LANG_SON,null,10/06/2012,https://files.customs.gov.vn/LANG_SON/uploads/document/367/23_2012_TT-BCT.doc,https://www.customs.gov.vn/index.jsp?pageId=3&id=67595&cid=1294,2012,04/2012,2026-10-08T09:45:20Z
152,65/2012/TT-BTC,25/04/2012,Bộ Tài chính,"Thông tư số 65/2012/TT-BTC của Bộ Tài chính hướng dẫn hỗ trợ lãi suất tiền vay ngân hàng để mua tạm trữ thóc, gạo vụ Đông Xuân năm 2011-2012",59518,305,4,TONG_CUC,Trần Văn Hiếu,25/04/2012,,https://www.customs.gov.vn/index.jsp?pageId=3&id=59518&cid=1294,2012,04/2012,2026-10-08T09:45:20Z
153,1862/TCHQ-TXNK,23/04/2012,null,Phân loại hàng hoá,73845,305,18,DA_NANG,Tổng cục Hải quan,23/04/2012,,https://www.customs.gov.vn/index.jsp?pageId=3&id=73845&cid=1294,2012,04/2012,2026-10-08T09:45:20Z
154,1953/TCHQ-GSQL,23/04/2012,null,Vướng mắc thủ tục hải quan,73842,305,18,DA_NANG,Tổng cục Hải quan,23/04/2012,,https://www.customs.gov.vn/index.jsp?pageId=3&id=73842&cid=1294,2012,04/2012,2026-10-08T09:45:20Z
155,216/GSQL-GQ2,23/04/2012,null,"Bán phế liệu, phế phẩm của DNCX vào nội địa",73843,305,18,DA_NANG,Khác,23/04/2012,,https://www.customs.gov.vn/index.jsp?pageId=3&id=73843&cid=1294,2012,04/2012,2026-10-08T09:45:20Z
156,1792/TCHQ-TXNK,20/04/2012,null,Thống nhất cách hiểu khi áp mã,73840,305,18,DA_NANG,Tổng cục Hải quan,20/04/2012,,https://www.customs.gov.vn/index.jsp?pageId=3&id=73840&cid=1294,2012,04/2012,2026-10-08T09:45:20Z
157,1732/TCHQ-TXNK,20/04/2012,null,Vướng mắc áp mã số,73841,305,18,DA_NANG,Tổng cục Hải quan,20/04/2012,,https://www.customs.gov.vn/index.jsp?pageId=3&id=73841&cid=1294,2012,04/2012,2026-10-08T09:45:20Z
158,216/GSQL-GQ2,20/04/2012,null,"Bán phế liệu, phế phẩm của DNCX vào nội địa",73839,305,16,DA_NANG,admin,20/04/2012,https://files.customs.gov.vn/DA_NANG/Uploads/65e32243-11bf-4695-985d-c1563e8c13ba/216-ban phe lieu cua DNCX vào noi dia.tif,https://www.customs.gov.vn/index.jsp?pageId=3&id=73839&cid=1294,2012,04/2012,2026-10-08T09:45:20Z
159,4963/BTC-TCHQ,20/04/2012,null,Kiến nghị về thuế của VinaShin,73838,305,18,DA_NANG,Tổng cục Hải quan,20/04/2012,,https://www.customs.gov.vn/index.jsp?pageId=3&id=73838&cid=1294,2012,04/2012,2026-10-08T09:45:20Z
160,565/HQĐNa-GSQL,20/04/2012,Cục Hải Quan tỉnh Đồng Nai,Trả lời Công ty TNHH Minh Thành v/v Kết quả xác minh C/O,65143,305,18,DONG_NAI,null,null,https://files.customs.gov.vn/DONG_NAI//Data/Cv_Hqdn/565_HQDNa_GSQL_20_04_2012.PDF,https://www.customs.gov.vn/index.jsp?pageId=3&id=65143&cid=1294,2012,04/2012,2026-10-08T09:45:20Z
161,1929/TCHQ-TXNK,19/04/2012,null,Chính sách thuế đối với hàng hoá XK của Dự án đầu tư,73836,305,16,DA_NANG,admin,19/04/2012,https://files.customs.gov.vn/DA_NANG/Uploads/65e32243-11bf-4695-985d-c1563e8c13ba/1929-TCHQ-TXNK.tif,https://www.customs.gov.vn/index.jsp?pageId=3&id=73836&cid=1294,2012,04/2012,2026-10-08T09:45:20Z
162,1953/TCHQ-GSQL,19/04/2012,null,Vướng mắc thủ tục hải quan,73837,305,16,DA_NANG,admin,19/04/2012,https://files.customs.gov.vn/DA_NANG/Uploads/65e32243-11bf-4695-985d-c1563e8c13ba/1953-vuong mac TTHQ.tif,https://www.customs.gov.vn/index.jsp?pageId=3&id=73837&cid=1294,2012,04/2012,2026-10-08T09:45:20Z
163,5280/BTC-CST,19/04/2012,null,Gia hạn thời hạn nộp thuế đối với trường hợp phải di chuyển địa điểm kinh doanh theo yêu cầu của cơ quan Nhà nước có thẩm quyền,73835,305,16,DA_NANG,admin,19/04/2012,https://files.customs.gov.vn/DA_NANG/Uploads/65e32243-11bf-4695-985d-c1563e8c13ba/5280-BTC-TXNK.tif,https://www.customs.gov.vn/index.jsp?pageId=3&id=73835&cid=1294,2012,04/2012,2026-10-08T09:45:20Z
164,556/HQĐNa-TXNK,19/04/2012,Cục Hải Quan tỉnh Đồng Nai,Trả lời Công ty TNHH Pousung Việt Nam v/v Điều chỉnh danh mục hàng hóa nhập khẩu miễn thuế tạo TSCĐ,65145,305,18,DONG_NAI,null,null,https://files.customs.gov.vn/DONG_NAI//Data/Cv_Hqdn/556_HQDNa_TXNK_19_04_2012.PDF,https://www.customs.gov.vn/index.jsp?pageId=3&id=65145&cid=1294,2012,04/2012,2026-10-08T09:45:20Z
165,559/HQĐNa-TXNK,19/04/2012,Cục Hải Quan tỉnh Đồng Nai,Trả lời Công ty TNHH Hanuri v/v Xác nhận nghĩa vụ thuế hải quan,65144,305,18,DONG_NAI,null,null,https://files.customs.gov.vn/DONG_NAI//Data/Cv_Hqdn/559_HQDNa_TXNK_19_04_2012.PDF,https://www.customs.gov.vn/index.jsp?pageId=3&id=65144&cid=1294,2012,04/2012,2026-10-08T09:45:20Z
166,17/2012/TT-BNNPTNT,18/04/2012,Bộ Nông nghiệp và Phát triển nông thôn,"V/v Ban hành Danh mục bổ sung giống cây trồng được phép sản xuất, kinh doanh ở Việt Nam",63109,305,4,DONG_NAI,null,null,,https://www.customs.gov.vn/index.jsp?pageId=3&id=63109&cid=1294,2012,04/2012,2026-10-08T09:45:20Z
167,36/2012/NÐ-CP,18/04/2012,Chính phủ,"Nghị định quy định chức năng, nhiệm vụ, quyền hạn và cơ cấu tổ chức của bộ, cơ quan ngang bộ",55449,305,8,TP_HO_CHI_MINH,Nguyễn Tấn Dũng,15/06/2012,https://files.customs.gov.vn/CustomsCMS/TP_HO_CHI_MINH/2020/Web/Data/DocumentAttachments/36_2012_ND-CP_138123.doc,https://www.customs.gov.vn/index.jsp?pageId=3&id=55449&cid=1294,2012,04/2012,2026-10-08T09:45:20Z
168,04/2012/TTLT-BCA-BCT,17/04/2012,null,Thông tư liên tịch Quy định về thiết bị phát tín hiệu của xe được quyền ưu tiên,73833,305,18,DA_NANG,Bộ,17/04/2012,,https://www.customs.gov.vn/index.jsp?pageId=3&id=73833&cid=1294,2012,04/2012,2026-10-08T09:45:20Z
169,1862/TCHQ-TXNK,17/04/2012,null,Phân loại hàng hoá,73830,305,18,DA_NANG,TCHQ,17/04/2012,,https://www.customs.gov.vn/index.jsp?pageId=3&id=73830&cid=1294,2012,04/2012,2026-10-08T09:45:20Z
170,1862/TCHQ-TXNK,17/04/2012,null,Phân loại hàng hoá,73832,305,16,DA_NANG,admin,17/04/2012,https://files.customs.gov.vn/DA_NANG/Uploads/65e32243-11bf-4695-985d-c1563e8c13ba/1862-TCHQ-TXNK.tif,https://www.customs.gov.vn/index.jsp?pageId=3&id=73832&cid=1294,2012,04/2012,2026-10-08T09:45:20Z
171,846/QĐ-TCHQ,17/04/2012,null,Ban hành Bảng hướng dẫn thực hiện cuộc khảo sát ý kiến khách hàng đối với hoạt động hải quan,73831,305,18,DA_NANG,TCHQ,17/04/2012,,https://www.customs.gov.vn/index.jsp?pageId=3&id=73831&cid=1294,2012,04/2012,2026-10-08T09:45:20Z
172,1859/TCHQ-TXNK,16/04/2012,Tổng cục hải quan,V/v phân loại mặt hàng phân bón NPK,58549,305,16,TP_HO_CHI_MINH,Hoàng Việt Cường,16/04/2012,"https://files.customs.gov.vn/CustomsCMS/TP_HO_CHI_MINH/2020/Web/Data/DocumentAttachments/1859_TCHQ-TXNK_138275.doc,/CustomsCMS/TP_HO_CHI_MINH/2020/Web/Data/DocumentAttachments/phu_luc_3.doc,/CustomsCMS/TP_HO_CHI_MINH/2020/Web/Data/DocumentAttachments/phu_luc_2.doc,/CustomsCMS/TP_HO_CHI_MINH/2020/Web/Data/DocumentAttachments/184_2010_TT-BTC_115513.doc,/CustomsCMS/TP_HO_CHI_MINH/2020/Web/Data/DocumentAttachments/phu_luc_1.doc",https://www.customs.gov.vn/index.jsp?pageId=3&id=58549&cid=1294,2012,04/2012,2026-10-08T09:45:20Z
173,527/HQĐNa-VP,16/04/2012,Cục Hải Quan tỉnh Đồng Nai,V/v Nghỉ lễ 30/04 và 01/05,65146,305,18,DONG_NAI,null,null,https://files.customs.gov.vn/DONG_NAI//Data/Cv_Hqdn/527_HQDNa_VP_16_04_2012.PDF,https://www.customs.gov.vn/index.jsp?pageId=3&id=65146&cid=1294,2012,04/2012,2026-10-08T09:45:20Z
174,4963/BTC-TCHQ,13/04/2012,null,Kiến nghị về thuế của VinaShin,73829,305,16,DA_NANG,admin,13/04/2012,https://files.customs.gov.vn/DA_NANG/Uploads/65e32243-11bf-4695-985d-c1563e8c13ba/4963-BTC-TCHQ.tif,https://www.customs.gov.vn/index.jsp?pageId=3&id=73829&cid=1294,2012,04/2012,2026-10-08T09:45:20Z
175,4963/BTC-TCHQ,13/04/2012,null,Kiến nghị về thuế của VinaShin,73827,305,18,DA_NANG,TCHQ,13/04/2012,,https://www.customs.gov.vn/index.jsp?pageId=3&id=73827&cid=1294,2012,04/2012,2026-10-08T09:45:20Z
176,723/QĐ-BTC,13/04/2012,null,Ban hành mẫu Biên lai thu thuế đối với hàng hóa nhập khẩu bằng tiền mặt,73828,305,18,DA_NANG,Bộ Tài chính,13/04/2012,,https://www.customs.gov.vn/index.jsp?pageId=3&id=73828&cid=1294,2012,04/2012,2026-10-08T09:45:20Z
177,11/2012/TT-BKHCN,12/04/2012,Bộ Khoa Học Công Nghệ,V/v Ban hành “Quy chuẩn kỹ thuật quốc gia về tương thích điện từ đối với thiết bị điện và điện tử gia dụng và các mục đích tương tự”,66445,305,4,DONG_NAI,null,null,,https://www.customs.gov.vn/index.jsp?pageId=3&id=66445&cid=1294,2012,04/2012,2026-10-08T09:45:20Z
178,1792/TCHQ-TXNK,12/04/2012,null,Thống nhất cách hiểu khi áp mã,73824,305,18,DA_NANG,TCHQ,12/04/2012,,https://www.customs.gov.vn/index.jsp?pageId=3&id=73824&cid=1294,2012,04/2012,2026-10-08T09:45:20Z
179,1799/TCHQ-TXNK,12/04/2012,Tổng cục hải quan,"V/v Phân loại mặt hàng theo mô tả là ""Xe lắp đặt hệ thống thang nâng để nâng người làm việc trên cao, phục vụ sửa chữa, lắp đặt đèn đường chiếu sáng đô thị""",63111,305,18,DONG_NAI,null,null,,https://www.customs.gov.vn/index.jsp?pageId=3&id=63111&cid=1294,2012,04/2012,2026-10-08T09:45:20Z
180,32/2012/NÐ-CP,12/04/2012,Chính phủ,"Về quản lý xuất, nhập khẩu văn hóa phẩm không nhằm mục đích kinh doanh",57793,305,8,TP_HO_CHI_MINH,Nguyễn Tấn Dũng,01/06/2012,https://files.customs.gov.vn/CustomsCMS/TP_HO_CHI_MINH/2020/Web/Data/DocumentAttachments/32_2012_ND-CP-QUAN_LY_XUAT_KHAU__NHAP_KHAU_VAN_HOA_PHAM_KHONG_NHAM_MUC_DICH_KINH_DOANH.doc,https://www.customs.gov.vn/index.jsp?pageId=3&id=57793&cid=1294,2012,04/2012,2026-10-08T09:45:20Z
181,508/HQĐNa-TXNK,11/04/2012,Cục Hải Quan tỉnh Đồng Nai,V/v Cung cấp thông tin nợ thuế của Công ty TNHH Kwang Sung Việt Nam,65147,305,18,DONG_NAI,null,null,https://files.customs.gov.vn/DONG_NAI//Data/Cv_Hqdn/508_HQDNa_TXNK_11_04_2012.PDF,https://www.customs.gov.vn/index.jsp?pageId=3&id=65147&cid=1294,2012,04/2012,2026-10-08T09:45:20Z
182,492/HQĐNa-TXNK,10/04/2012,Cục Hải Quan tỉnh Đồng Nai,Trả lời Công ty TNHH Hiang Kie Industries V/v Đăng ký danh mục hàng hóa nhập khẩu miễn thuế tạo TSCĐ,65149,305,18,DONG_NAI,null,null,https://files.customs.gov.vn/DONG_NAI//Data/Cv_Hqdn/492_HQDNa_TXNK_10_04_2012.PDF,https://www.customs.gov.vn/index.jsp?pageId=3&id=65149&cid=1294,2012,04/2012,2026-10-08T09:45:20Z
183,499/HQĐNa-GSQL,10/04/2012,Cục Hải Quan tỉnh Đồng Nai,Trả lời Công ty TNHH Kim Cương Sao Sáng V/v Tạm nhập tái xuất kim cương thành phẩm để giám định,65148,305,18,DONG_NAI,null,null,https://files.customs.gov.vn/DONG_NAI//Data/Cv_Hqdn/499_HQDNa_GSQL_10_04_2012.PDF,https://www.customs.gov.vn/index.jsp?pageId=3&id=65148&cid=1294,2012,04/2012,2026-10-08T09:45:20Z
184,1732/TCHQ-TXNK,09/04/2012,null,Vướng mắc áp mã số,73822,305,16,DA_NANG,admin,09/04/2012,https://files.customs.gov.vn/DA_NANG/Uploads/65e32243-11bf-4695-985d-c1563e8c13ba/1732-TCHQ-TXNK 09-4-2012.tiff,https://www.customs.gov.vn/index.jsp?pageId=3&id=73822&cid=1294,2012,04/2012,2026-10-08T09:45:20Z
185,199/MT-HC,09/04/2012,Khác,"V/v Nhập khẩu hóa chất, chế phẩm diệt côn trùng, diệt khuẩn",63112,305,18,DONG_NAI,null,null,,https://www.customs.gov.vn/index.jsp?pageId=3&id=63112&cid=1294,2012,04/2012,2026-10-08T09:45:20Z
186,489/HQĐNa-TXN,09/04/2012,Cục Hải Quan tỉnh Đồng Nai,Trả lời Công ty TNHH MKTP V/v Đăng ký danh mục hàng hóa nhập khẩu miễn thuế tạo TSCĐ,65151,305,18,DONG_NAI,null,null,https://files.customs.gov.vn/DONG_NAI//Data/Cv_Hqdn/489_HQDNa_TXNK_09_04_2012.PDF,https://www.customs.gov.vn/index.jsp?pageId=3&id=65151&cid=1294,2012,04/2012,2026-10-08T09:45:20Z
187,490/HQĐNa-TXN,09/04/2012,Cục Hải Quan tỉnh Đồng Nai,Trả lời Công ty TNHH Pou sung Việt Nam V/v Hướng dẫn đăng ký danh mục hàng hóa nhập khẩu miễn thuế,65150,305,18,DONG_NAI,null,null,https://files.customs.gov.vn/DONG_NAI//Data/Cv_Hqdn/490_HQDNa_TXNK_09_04_2012.PDF,https://www.customs.gov.vn/index.jsp?pageId=3&id=65150&cid=1294,2012,04/2012,2026-10-08T09:45:20Z
188,77/HQĐNa-TCC,06/04/2012,Cục Hải Quan tỉnh Đồng Nai,V/v Ủy quyền điều hành công việc của Cục Hải quan Đồng Nai,65152,305,18,DONG_NAI,null,null,https://files.customs.gov.vn/DONG_NAI//Data/Cv_Hqdn/77_HQDNa_TCCB_06_04_2012.PDF,https://www.customs.gov.vn/index.jsp?pageId=3&id=65152&cid=1294,2012,04/2012,2026-10-08T09:45:20Z
189,1454/TCHQ-TXNK,05/04/2012,null,Chính sách thuế đối với hàng nhập khẩu của Dự án đầu tư,73819,305,18,DA_NANG,Tổng cục Hải quan,05/04/2012,,https://www.customs.gov.vn/index.jsp?pageId=3&id=73819&cid=1294,2012,04/2012,2026-10-08T09:45:20Z
190,1500/TCHQ-TXNK,05/04/2012,null,Vướng mắc về báo cáo kiểm toán,73820,305,18,DA_NANG,Tổng cục Hải quan,05/04/2012,,https://www.customs.gov.vn/index.jsp?pageId=3&id=73820&cid=1294,2012,04/2012,2026-10-08T09:45:20Z
191,1570/TCHQ-GSQL,05/04/2012,null,Vướng mắc C/O,73821,305,18,DA_NANG,Tổng cục Hải quan,05/04/2012,,https://www.customs.gov.vn/index.jsp?pageId=3&id=73821&cid=1294,2012,04/2012,2026-10-08T09:45:20Z
192,25/2012/NÐ-CP,05/04/2012,Chính phủ,"Nghị định Quy định chi tiết thi hành một số điều của pháp lệnh quản lý, sử dụng vũ khí, vật liệu nổ và công cụ hỗ trợ",53014,305,8,TP_HO_CHI_MINH,Nguyễn Tấn Dũng,20/05/2012,https://files.customs.gov.vn/CustomsCMS/TP_HO_CHI_MINH/2020/Web/Data/DocumentAttachments/25_2012_ND-CP_137638.doc,https://www.customs.gov.vn/index.jsp?pageId=3&id=53014&cid=1294,2012,04/2012,2026-10-08T09:45:20Z
193,07/2012/TT-BCT,04/04/2012,Bộ Công thương,Thông tư quy định dán nhãn năng lượng cho các phương tiện và thiết bị sử dụng năng lượng,54772,305,4,TP_HO_CHI_MINH,Hoàng Quốc Vượng,19/05/2012,https://files.customs.gov.vn/CustomsCMS/TP_HO_CHI_MINH/2020/Web/Data/DocumentAttachments/07_2012_TT-BCT_137895.doc,https://www.customs.gov.vn/index.jsp?pageId=3&id=54772&cid=1294,2012,04/2012,2026-10-08T09:45:20Z
194,07/2012/TT-BCT(sửađổibổsungbởithôngtưsố04/2016/TT-BCTngày06/06/2016),04/04/2012,Bộ Công thương,Quy định dán nhãn năng lượng cho các phương tiện và thiết bị sử dụng năng lượng,66388,305,4,DONG_NAI,null,19/05/2012,,https://www.customs.gov.vn/index.jsp?pageId=3&id=66388&cid=1294,2012,04/2012,2026-10-08T09:45:20Z
195,453/HQĐNa-GSQ,04/04/2012,Cục Hải Quan tỉnh Đồng Nai,Trả lời Công ty TNHH MTV Tổng công ty Tân Cảng Sài Gòn v/v Thực hiện đóng ghép hàng hóa tại kho CFS chung container,65153,305,18,DONG_NAI,null,null,https://files.customs.gov.vn/DONG_NAI//Data/Cv_Hqdn/453_HQDNa_GSQL_04_04_2012.PDF,https://www.customs.gov.vn/index.jsp?pageId=3&id=65153&cid=1294,2012,04/2012,2026-10-08T09:45:20Z
196,24/2012/NÐ-CP,03/04/2012,Chính phủ,Nghị Định về quản lý hoạt động kinh doanh vàng,54909,305,8,TP_HO_CHI_MINH,Nguyễn Tấn Dũng,25/05/2012,https://files.customs.gov.vn/CustomsCMS/TP_HO_CHI_MINH/2020/Web/Data/DocumentAttachments/24_2012_ND-CP_137569.doc,https://www.customs.gov.vn/index.jsp?pageId=3&id=54909&cid=1294,2012,04/2012,2026-10-08T09:45:20Z
197,24/2012/NĐ-CP,03/04/2012,Chính phủ,Nghị định số 24/2012/NĐ-CP của Chính phủ về việc quản lý hoạt động kinh doanh Vàng,42763,305,18,QUANG_BINH,null,null,https://files.customs.gov.vn/CustomsCMS/QUANG_BINH/2021/04/images/stories/files/N__2412CP.doc,https://www.customs.gov.vn/index.jsp?pageId=3&id=42763&cid=1294,2012,04/2012,2026-10-08T09:45:20Z
198,4396/QLD-ĐK,03/04/2012,null,"<p><span style=""font-size: small; ""><span style=""font-family: 'Times New Roman'; ""> V/v hướng dẫn cách ghi chỉ định, liều lượng cách dùng của thuốc chứa Arginin",73816,305,16,DA_NANG,admin,03/04/2012,https://files.customs.gov.vn/DA_NANG/Uploads/65e32243-11bf-4695-985d-c1563e8c13ba/quan ly duoc.tif,https://www.customs.gov.vn/index.jsp?pageId=3&id=73816&cid=1294,2012,04/2012,2026-10-08T09:45:20Z
199,4397/QLD-ĐK,03/04/2012,null,V/v hướng dẫn cách ghi tác dụng dược lý chỉ định và liều dùng của thuốc chứa Thymomodulin,73814,305,18,DA_NANG,Bộ,03/04/2012,,https://www.customs.gov.vn/index.jsp?pageId=3&id=73814&cid=1294,2012,04/2012,2026-10-08T09:45:20Z
200,1375/QĐ-BTC,31/05/2012,Bộ Tài chính,V/v Đính chính Thông tư số 67/2012/TT-BTC ngày 27/04/2012 của Bộ Tài chính,63098,305,10,DONG_NAI,null,null,,https://www.customs.gov.vn/index.jsp?pageId=3&id=63098&cid=1294,2012,05/2012,2026-10-08T09:45:20Z
201,2584/TCHQ-TXNK,31/05/2012,null,"Hướng dẫn phân loại mặt hàng ""dăm gỗ""",73879,305,16,DA_NANG,Nguyễn Hải Trang,31/05/2012,https://files.customs.gov.vn/DA_NANG/Uploads/65e32243-11bf-4695-985d-c1563e8c13ba/2584-TCHQ-TXNK.tiff,https://www.customs.gov.vn/index.jsp?pageId=3&id=73879&cid=1294,2012,05/2012,2026-10-08T09:45:20Z
202,822/HQĐNa-TXNK,30/05/2012,Cục Hải Quan tỉnh Đồng Nai,Trả lời Công ty TNHH MTV Đắc Lộ v/v Xin ân hạn nộp thuế,64606,305,18,DONG_NAI,null,null,https://files.customs.gov.vn/DONG_NAI//Data/Cv_Hqdn/822_HQDNa_TXNK_30_05_2012.PDF,https://www.customs.gov.vn/index.jsp?pageId=3&id=64606&cid=1294,2012,05/2012,2026-10-08T09:45:20Z
203,823/HQĐNa-CNTT,30/05/2012,Cục Hải Quan tỉnh Đồng Nai,V/v Triển khai áp dụng chương trình quản lý kho ngoại quan (Công ty TNHH Vopak),64605,305,18,DONG_NAI,null,null,https://files.customs.gov.vn/DONG_NAI//Data/Cv_Hqdn/823_HQDNa_CNTT_30_05_2012.PDF,https://www.customs.gov.vn/index.jsp?pageId=3&id=64605&cid=1294,2012,05/2012,2026-10-08T09:45:20Z
204,809/HQĐNa-CNTT,29/05/2012,Cục Hải Quan tỉnh Đồng Nai,V/v Triển khai áp dụng chương trình quản lý kho ngoại quan (Công ty cổ phần Hòa Việt),64614,305,18,DONG_NAI,null,null,https://files.customs.gov.vn/DONG_NAI//Data/Cv_Hqdn/809_HQDNa_CNTT_29_05_2012.PDF,https://www.customs.gov.vn/index.jsp?pageId=3&id=64614&cid=1294,2012,05/2012,2026-10-08T09:45:20Z
205,810/HQĐNa-CNTT,29/05/2012,Cục Hải Quan tỉnh Đồng Nai,V/v Triển khai áp dụng chương trình quản lý kho ngoại quan (Công ty cổ phần ICD Tân Cảng Long Bình),64613,305,18,DONG_NAI,null,null,https://files.customs.gov.vn/DONG_NAI//Data/Cv_Hqdn/810_HQDNa_CNTT_29_05_2012.PDF,https://www.customs.gov.vn/index.jsp?pageId=3&id=64613&cid=1294,2012,05/2012,2026-10-08T09:45:20Z
206,811/HQĐNa-CNTT,29/05/2012,Cục Hải Quan tỉnh Đồng Nai,V/v Triển khai áp dụng chương trình quản lý kho ngoại quan (Công ty TNHH Tiếp vận Thăng Long),64612,305,18,DONG_NAI,null,null,https://files.customs.gov.vn/DONG_NAI//Data/Cv_Hqdn/811_HQDNa_CNTT_29_05_2012.PDF,https://www.customs.gov.vn/index.jsp?pageId=3&id=64612&cid=1294,2012,05/2012,2026-10-08T09:45:20Z
207,812/HQĐNa-CNTT,29/05/2012,Cục Hải Quan tỉnh Đồng Nai,V/v Triển khai áp dụng chương trình quản lý kho ngoại quan (Công ty cổ phần Tiếp vận Thành Long),64610,305,18,DONG_NAI,null,null,https://files.customs.gov.vn/DONG_NAI//Data/Cv_Hqdn/812_HQDNa_CNTT_29_05_2012.PDF,https://www.customs.gov.vn/index.jsp?pageId=3&id=64610&cid=1294,2012,05/2012,2026-10-08T09:45:20Z
208,813/HQĐNa-CNTT,29/05/2012,Cục Hải Quan tỉnh Đồng Nai,V/v Triển khai áp dụng chương trình quản lý kho ngoại quan (Công ty cổ phần Logistics Tín Nghĩa),64609,305,18,DONG_NAI,null,null,https://files.customs.gov.vn/DONG_NAI//Data/Cv_Hqdn/813_HQDNa_CNTT_29_05_2012.PDF,https://www.customs.gov.vn/index.jsp?pageId=3&id=64609&cid=1294,2012,05/2012,2026-10-08T09:45:20Z
209,814/HQĐNa-CNTT,29/05/2012,Cục Hải Quan tỉnh Đồng Nai,V/v Triển khai áp dụng chương trình quản lý kho ngoại quan (Công ty TNHH Vĩnh Cường),64608,305,18,DONG_NAI,null,null,https://files.customs.gov.vn/DONG_NAI//Data/Cv_Hqdn/814_HQDNa_CNTT_29_05_2012.PDF,https://www.customs.gov.vn/index.jsp?pageId=3&id=64608&cid=1294,2012,05/2012,2026-10-08T09:45:20Z
210,816/HQĐNa-TXNK,29/05/2012,Cục Hải Quan tỉnh Đồng Nai,Trả lời Công ty TNHH Pou sung Việt Nam v/v Điều chỉnh danh mục hàng hóa nhập khẩu miễn thuế tạo TSCĐ,64607,305,18,DONG_NAI,null,null,https://files.customs.gov.vn/DONG_NAI//Data/Cv_Hqdn/816_HQDNa_TXNK_29_05_2012.PDF,https://www.customs.gov.vn/index.jsp?pageId=3&id=64607&cid=1294,2012,05/2012,2026-10-08T09:45:20Z
211,97/TB-HQĐNa,28/05/2012,Cục Hải Quan tỉnh Đồng Nai,Vận hành Website trên Internet với giao diện mới,64615,305,19,DONG_NAI,null,null,https://files.customs.gov.vn/DONG_NAI//Data/Cv_Hqdn/97_TB_HQDNa_28_05_2012.PDF,https://www.customs.gov.vn/index.jsp?pageId=3&id=64615&cid=1294,2012,05/2012,2026-10-08T09:45:20Z
212,16/2012/TT-NHNN,25/05/2012,Ngân hàng nhà nước,V/v Hướng dẫn một số điều của Nghị định số 24/2012/NĐ-CP ngày 03/04/2012 của Chính phủ về quản lý hoạt động kinh doanh vàng,63099,305,4,DONG_NAI,null,null,,https://www.customs.gov.vn/index.jsp?pageId=3&id=63099&cid=1294,2012,05/2012,2026-10-08T09:45:20Z
213,800/HQĐNa-TXNK,25/05/2012,Cục Hải Quan tỉnh Đồng Nai,Trả lời Công ty TNHH Việt Nam Center Power Tech v/v trích lục danh mục hàng hóa nhập khẩu dự án đầu tư miễn thuế XNK,64616,305,18,DONG_NAI,null,null,https://files.customs.gov.vn/DONG_NAI//Data/Cv_Hqdn/800_HQDNa_TXNK_25_05_2012.PDF,https://www.customs.gov.vn/index.jsp?pageId=3&id=64616&cid=1294,2012,05/2012,2026-10-08T09:45:20Z
214,2495/TCHQ-TXNK,24/05/2012,null,Phân loại máy nén khí công nghiệp,73870,305,16,DA_NANG,Hoàng Việt Cường,24/05/2012,https://files.customs.gov.vn/DA_NANG/Uploads/65e32243-11bf-4695-985d-c1563e8c13ba/1_2495-TCHQ-TXNK.tif,https://www.customs.gov.vn/index.jsp?pageId=3&id=73870&cid=1294,2012,05/2012,2026-10-08T09:45:20Z
215,6979/BTC-TCHQ,24/05/2012,Bộ Tài chính,V/v Phân loại mặt hàng chất làm đầy da (restylane),63100,305,18,DONG_NAI,null,null,,https://www.customs.gov.vn/index.jsp?pageId=3&id=63100&cid=1294,2012,05/2012,2026-10-08T09:45:20Z
216,140/QĐ-HQCT,23/05/2012,null,"Giải quyết khiếu nại của Công ty TNHH Thực phẩm Xuất khẩu Nam Hải, Lô 14 - KCN Trà Nóc 1 - Quận Bình Thủy - TP.Cần Thơ. (Lần 02)",67324,305,18,CAN_THO,null,23/05/2012,https://files.customs.gov.vn/CAN_THO/qd2012_140.pdf,https://www.customs.gov.vn/index.jsp?pageId=3&id=67324&cid=1294,2012,05/2012,2026-10-08T09:45:20Z
217,141/QĐ-HQCT,23/05/2012,null,"Giải quyết khiếu nại của Công ty TNHH Hải Sản Thanh Thế, Lô 16A9 - KCN Trà Nóc 1 - Quận Bình Thủy - TP.Cần Thơ. (Lần 02)",67323,305,18,CAN_THO,null,23/05/2012,https://files.customs.gov.vn/CAN_THO/qd2012_141.pdf,https://www.customs.gov.vn/index.jsp?pageId=3&id=67323&cid=1294,2012,05/2012,2026-10-08T09:45:20Z
218,2470/TCHQ-GSQL,23/05/2012,null,Thanh khoản đối với trường hợp sử dụng nguyên liệu NK để cung ứng cho HĐ gia công của DNCX,73869,305,16,DA_NANG,admin,23/05/2012,https://files.customs.gov.vn/DA_NANG/Uploads/65e32243-11bf-4695-985d-c1563e8c13ba/2470-thanh khoan cua DNCX.tif,https://www.customs.gov.vn/index.jsp?pageId=3&id=73869&cid=1294,2012,05/2012,2026-10-08T09:45:20Z
219,3643/BKHĐT-KTCN,23/05/2012,null,Xác nhận xe môtô chuyên dụng chưa sản xuất được trong nước,73868,305,16,DA_NANG,admin,23/05/2012,https://files.customs.gov.vn/DA_NANG/Uploads/65e32243-11bf-4695-985d-c1563e8c13ba/3643-xac nhan xe moto chua SX duoc.tif,https://www.customs.gov.vn/index.jsp?pageId=3&id=73868&cid=1294,2012,05/2012,2026-10-08T09:45:20Z
220,4329/BCT-XNK,23/05/2012,null,Thực hiện Thông tư 24/2010/TT-BCT về phép tự động,73867,305,16,DA_NANG,admin,23/05/2012,https://files.customs.gov.vn/DA_NANG/Uploads/9a388fee-7d80-41b8-8531-acdc9ae46631/4329-xe oto du an ODA khong thục hien theo TT24 phép tu dong.tif,https://www.customs.gov.vn/index.jsp?pageId=3&id=73867&cid=1294,2012,05/2012,2026-10-08T09:45:20Z
221,1379/BKHCN-TĐC,22/05/2012,null,Xử lý hàng hóa không đạt chất lượng nhập khẩu,73864,305,16,DA_NANG,admin,22/05/2012,https://files.customs.gov.vn/DA_NANG/Uploads/65e32243-11bf-4695-985d-c1563e8c13ba/1379-xu lý hang khong dat chat luong.tif,https://www.customs.gov.vn/index.jsp?pageId=3&id=73864&cid=1294,2012,05/2012,2026-10-08T09:45:20Z
222,2541/TCHQ-GSQL,22/05/2012,null,Xác định loại hình nhập khẩu,73866,305,16,DA_NANG,admin,22/05/2012,https://files.customs.gov.vn/DA_NANG/Uploads/65e32243-11bf-4695-985d-c1563e8c13ba/2451-xac dinh loai hinh NK.tif,https://www.customs.gov.vn/index.jsp?pageId=3&id=73866&cid=1294,2012,05/2012,2026-10-08T09:45:20Z
223,2657/QĐ-BCT,22/05/2012,Bộ Công thương,V/v Thu hồi Giấy chứng nhận đủ điều kiện kinh doanh xuất khẩu gạo của Công ty TNHH Thương mại - Dịch vụ - Kỹ thuật Đại Trường Kim,63101,305,10,DONG_NAI,null,null,https://files.customs.gov.vn/DONG_NAI//Data/CV_BCT/2657_QD_BCT_22_05_2012.pdf,https://www.customs.gov.vn/index.jsp?pageId=3&id=63101&cid=1294,2012,05/2012,2026-10-08T09:45:20Z
224,46/2012/NÐ-CP,22/05/2012,Chính phủ,"Sửa đổi, bổ sung một số điều của Nghị định số 35/2003/NĐ-CP ngày 04 tháng 4 năm 2003 quy định chi tiết thi hành một số điều của Luật Phòng cháy và chữa cháy và Nghị định số 130/2006/NĐ-CP ngày 08 tháng 11  năm 2006 quy định chế độ bảo hiểm cháy, nổ bắt buộc",54244,305,8,TP_HO_CHI_MINH,Nguyễn Tấn Dũng,15/07/2012,https://files.customs.gov.vn/CustomsCMS/TP_HO_CHI_MINH/2020/Web/Data/DocumentAttachments/46_2012_ND_CP_Sua_doi__bo_sung_mot_so_dieu_cua_Nghi_dinh_so_352003ND-CP_va_1302006ND-CP.doc,https://www.customs.gov.vn/index.jsp?pageId=3&id=54244&cid=1294,2012,05/2012,2026-10-08T09:45:20Z
225,2410/TCHQ-TXNK,21/05/2012,null,"Hướng dẫn phân loại mặt hàng ""Ngô hạt""",73863,305,16,DA_NANG,Hoàng Việt Cường,21/05/2012,https://files.customs.gov.vn/DA_NANG/Uploads/65e32243-11bf-4695-985d-c1563e8c13ba/2410-TCHQ-TXNK.tif,https://www.customs.gov.vn/index.jsp?pageId=3&id=73863&cid=1294,2012,05/2012,2026-10-08T09:45:20Z
226,2439/TCHQ-TXNK,21/05/2012,null,Phân loại mặt hàng Kem trị mụn trứng cá,73862,305,16,DA_NANG,Hoàng Việt Cường,21/05/2012,https://files.customs.gov.vn/DA_NANG/Uploads/65e32243-11bf-4695-985d-c1563e8c13ba/2439-TCHQ-TXNK.tif,https://www.customs.gov.vn/index.jsp?pageId=3&id=73862&cid=1294,2012,05/2012,2026-10-08T09:45:20Z
227,303/KBCT-KT,21/05/2012,null,V/v thông báo số hiệu tài khoản chuyên thu của KBNN Cần Thơ,67322,305,18,CAN_THO,null,21/05/2012,https://files.customs.gov.vn/CAN_THO/303_KBCT_KT.pdf,https://www.customs.gov.vn/index.jsp?pageId=3&id=67322&cid=1294,2012,05/2012,2026-10-08T09:45:20Z
228,2396/TCHQ-TXNK,17/05/2012,null,Phân loại mặt hàng Van màng điều khiển bằng khí nén,73861,305,16,DA_NANG,admin,17/05/2012,https://files.customs.gov.vn/DA_NANG/Uploads/65e32243-11bf-4695-985d-c1563e8c13ba/2396-TCHQ-TXNK.tif,https://www.customs.gov.vn/index.jsp?pageId=3&id=73861&cid=1294,2012,05/2012,2026-10-08T09:45:20Z
229,2397/TCHQ-TXNK,17/05/2012,Tổng cục hải quan,Công văn số 2397/TCHQ-TXNK của Tổng cục Hải quan về việc phân loại hàng hóa nhập khẩu mặt hàng thiết bị bơm bùn,42758,305,18,QUANG_BINH,null,null,https://files.customs.gov.vn/CustomsCMS/QUANG_BINH/2021/04/images/stories/files/2397TCHQ-TXNK.doc,https://www.customs.gov.vn/index.jsp?pageId=3&id=42758&cid=1294,2012,05/2012,2026-10-08T09:45:20Z
230,736/HQĐNa-TXNK,17/05/2012,Cục Hải Quan tỉnh Đồng Nai,Trả lời Công ty cổ phần Bệnh viện Phụ sản Quốc tế Đồng Nai v/v Đăng ký danh mục hàng hóa nhập khẩu miễn thuế tạo TSCĐ,64618,305,18,DONG_NAI,null,null,https://files.customs.gov.vn/DONG_NAI//Data/Cv_Hqdn/736_HQDNa_TXNK_17_05_2012.PDF,https://www.customs.gov.vn/index.jsp?pageId=3&id=64618&cid=1294,2012,05/2012,2026-10-08T09:45:20Z
231,776/HQĐNa-GSQL,17/05/2012,Cục Hải Quan tỉnh Đồng Nai,Trả lời Công ty Mitsuba M-tech Việt Nam v/v vướng mắc về ngày xác nhận thông quan,64617,305,18,DONG_NAI,null,null,https://files.customs.gov.vn/DONG_NAI//Data/Cv_Hqdn/776_HQDNa_GSQL_24_05_2012.PDF,https://www.customs.gov.vn/index.jsp?pageId=3&id=64617&cid=1294,2012,05/2012,2026-10-08T09:45:20Z
232,01/2012/TTLT-BNV-BTC,16/05/2012,Liên bộ,"Thông tư liên tịch số 01/2012/TTLT-BNV-BTC của Bộ trưởng Bộ Nội vụ và Bộ trưởng Bộ Tài chính hướng dẫn thực hiện mức lương tối thiểu chung từ ngày 01 tháng 5 năm 2012 đối với cơ quan nhà nước, tổ chức chính trị, tổ chức chính trị - xã hội và đơn vị sự nghiệp",59516,305,4,TONG_CUC,"Vương Đình Huệ, Nguyễn Thái Bình",01/06/2012,https://files.customs.gov.vn/van_ban_phap_luat/Lists/VanBanPhapLuat/Attachments/6504/TTLT0112BNVBTC.doc,https://www.customs.gov.vn/index.jsp?pageId=3&id=59516&cid=1294,2012,05/2012,2026-10-08T09:45:20Z
233,143/CNTT-CNTT,16/05/2012,null,Chấp nhận kết nối cho phần mềm khai hải quan điện tử FPT.TQĐT,67321,305,18,CAN_THO,null,16/05/2012,https://files.customs.gov.vn/CAN_THO/143_CNTT_CNTT.pdf,https://www.customs.gov.vn/index.jsp?pageId=3&id=67321&cid=1294,2012,05/2012,2026-10-08T09:45:20Z
234,726/HQĐNa-TXNK,16/05/2012,Cục Hải Quan tỉnh Đồng Nai,Trả lời Công ty Pou sung Việt Nam V/v Điều chỉnh Danh mục hàng hóa nhập khẩu miễn thuế tạo TSCĐ,64620,305,18,DONG_NAI,null,null,https://files.customs.gov.vn/DONG_NAI//Data/Cv_Hqdn/726_HQDNa_TXNK_16_05_2012.PDF,https://www.customs.gov.vn/index.jsp?pageId=3&id=64620&cid=1294,2012,05/2012,2026-10-08T09:45:20Z
235,732/HQĐNa-GSQL,16/05/2012,Cục Hải Quan tỉnh Đồng Nai,"V/v Áp mã số thuế đối với mặt hàng thép không hợp kim, dạng que, được cán nóng",64619,305,18,DONG_NAI,null,null,https://files.customs.gov.vn/DONG_NAI//Data/Cv_Hqdn/732_HQDNa_GSQL_16_05_2012.PDF,https://www.customs.gov.vn/index.jsp?pageId=3&id=64619&cid=1294,2012,05/2012,2026-10-08T09:45:20Z
236,14/05/2012,14/05/2012,Khác,V/v Phân loại mặt hàng Rắn biển đông lạnh (Snake Fish Frozen),63097,305,18,DONG_NAI,null,null,,https://www.customs.gov.vn/index.jsp?pageId=3&id=63097&cid=1294,2012,05/2012,2026-10-08T09:45:20Z
237,1172/QĐ-BTC,11/05/2012,Bộ Tài chính,"Quyết định 1172/QĐ-BTC của Bộ Tài chính về việc công bố các thủ tục hành chính lĩnh vực hải quan, thuộc phạm vi chức năng quản lý Nhà nước của Bộ Tài chính",61880,305,10,QUANG_NGAI,Đỗ Hoàng Anh Tuấn,01/01/1900,https://files.customs.gov.vn/QUANG_NGAI/1172_QĐ-BTC_11052012.pdf,https://www.customs.gov.vn/index.jsp?pageId=3&id=61880&cid=1294,2012,05/2012,2026-10-08T09:45:20Z
238,16/GM-HQĐNa,11/05/2012,Cục Hải Quan tỉnh Đồng Nai,V/v Triển khai chương trình quản lý kho ngoại quan giai đoạn 2,64621,305,18,DONG_NAI,null,null,https://files.customs.gov.vn/DONG_NAI//Data/Cv_Hqdn/16_GM_HQDNa_11_05_2012.PDF,https://www.customs.gov.vn/index.jsp?pageId=3&id=64621&cid=1294,2012,05/2012,2026-10-08T09:45:20Z
239,2443/QĐ-BCT,11/05/2012,Bộ Công thương,V/v Thu hồi Giấy chứng nhận đủ điều kiện kinh doanh xuất khẩu gạo của Công ty TNHH MTV Tổng công ty Thái Sơn,63103,305,10,DONG_NAI,null,null,https://files.customs.gov.vn/DONG_NAI//Data/CV_BCT/2443_QD_BCT_11_05_2012.pdf,https://www.customs.gov.vn/index.jsp?pageId=3&id=63103&cid=1294,2012,05/2012,2026-10-08T09:45:20Z
240,2444/QĐ-BCT,11/05/2012,Bộ Công thương,V/v Thu hồi Giấy chứng nhận đủ điều kiện kinh doanh xuất khẩu gạo của Công ty TNHH XNK Vinamex,63102,305,10,DONG_NAI,null,null,https://files.customs.gov.vn/DONG_NAI//Data/CV_BCT/2444_QD_BCT_11_05_2012.pdf,https://www.customs.gov.vn/index.jsp?pageId=3&id=63102&cid=1294,2012,05/2012,2026-10-08T09:45:20Z
241,2265/TCHQ-TXNK,10/05/2012,Tổng cục hải quan,Công văn số 2265/TCHQ-TXNK của Tổng cục Hải quan về việc hướng dẫn phân loại mặt hàng máy điều hòa nhiệt độ tủ đứng,42759,305,18,QUANG_BINH,null,null,https://files.customs.gov.vn/CustomsCMS/QUANG_BINH/2021/04/images/stories/files/CV226512BTC.doc,https://www.customs.gov.vn/index.jsp?pageId=3&id=42759&cid=1294,2012,05/2012,2026-10-08T09:45:20Z
242,6232/BTC-CST,10/05/2012,Bộ Tài chính,V/v Hướng dẫn phân loại và thuế suất thuế nhập khẩu ưu đãi xe chở bùn thùng kín có thiết bị nâng hạ xe đẩy gom bùn.,63104,305,18,DONG_NAI,null,null,,https://www.customs.gov.vn/index.jsp?pageId=3&id=63104&cid=1294,2012,05/2012,2026-10-08T09:45:20Z
243,673/HQĐNa-TXNK,10/05/2012,Cục Hải Quan tỉnh Đồng Nai,V/v Hướng dẫn các trường hợp tiêu hủy NPL loại hình NSXXK phải nộp thuế,65133,305,18,DONG_NAI,null,null,https://files.customs.gov.vn/DONG_NAI//Data/Cv_Hqdn/673_HQDNa_TXNK_10_05_2012.PDF,https://www.customs.gov.vn/index.jsp?pageId=3&id=65133&cid=1294,2012,05/2012,2026-10-08T09:45:20Z
244,2245/TCHQ-GSQL,09/05/2012,null,Giám sát phế thải của doanh nghiệp chế xuất,73856,305,16,DA_NANG,admin,09/05/2012,https://files.customs.gov.vn/DA_NANG/Uploads/65e32243-11bf-4695-985d-c1563e8c13ba/2245-giam sat phe thai.tif,https://www.customs.gov.vn/index.jsp?pageId=3&id=73856&cid=1294,2012,05/2012,2026-10-08T09:45:20Z
245,2730/BYT-TB-CT,09/05/2012,null,Thực hiện thông tư số 44/2011/TT-BYT về trang thiết bị y tế,73857,305,16,DA_NANG,admin,09/05/2012,https://files.customs.gov.vn/DA_NANG/Uploads/65e32243-11bf-4695-985d-c1563e8c13ba/2730-Thuc hien TT44 trang thiet bi y te.tif,https://www.customs.gov.vn/index.jsp?pageId=3&id=73857&cid=1294,2012,05/2012,2026-10-08T09:45:20Z
246,6150/BTC-TCHQ,09/05/2012,null,Miễn phạt chậm nộp thuế,73855,305,16,DA_NANG,admin,09/05/2012,https://files.customs.gov.vn/DA_NANG/Uploads/65e32243-11bf-4695-985d-c1563e8c13ba/6150-BTC-TCHQ.tif,https://www.customs.gov.vn/index.jsp?pageId=3&id=73855&cid=1294,2012,05/2012,2026-10-08T09:45:20Z
247,71/2012/TTLT-BTC-BTP,09/05/2012,Liên bộ,"Thông tư liên tịch số 71/2012/TTLT-BTC-BTP của Bộ trưởng Bộ Tài chính - Bộ trưởng Bộ Tư pháp quy định việc lập dự toán, quản lý, sử dụng và quyết toán kinh phí thực hiện trách nhiệm bồi thường của Nhà nước",59520,305,4,TONG_CUC,"Phạm Quý Tỵ, Trương Chí Trung",25/06/2012,https://files.customs.gov.vn/van_ban_phap_luat/Lists/VanBanPhapLuat/Attachments/6522/TTLT7112BTCBTP.doc,https://www.customs.gov.vn/index.jsp?pageId=3&id=59520&cid=1294,2012,05/2012,2026-10-08T09:45:20Z
248,12/GM-HQĐN,07/05/2012,Cục Hải Quan tỉnh Đồng Nai,Họp định kỳ với các Công ty kinh doanh hoạt động ICD,65137,305,18,DONG_NAI,null,null,https://files.customs.gov.vn/DONG_NAI//Data/Cv_Hqdn/12_GM_HQDNa_07_05_2012.PDF,https://www.customs.gov.vn/index.jsp?pageId=3&id=65137&cid=1294,2012,05/2012,2026-10-08T09:45:20Z
249,13/GM-HQĐNa,07/05/2012,Cục Hải Quan tỉnh Đồng Nai,V/v Họp định kỳ với các Công ty kinh doanh hoạt động ICD (Công ty cổ phần ICD Tân Cảng),65136,305,18,DONG_NAI,null,null,https://files.customs.gov.vn/DONG_NAI//Data/Cv_Hqdn/13_GM_HQDNa_07_05_2012.PDF,https://www.customs.gov.vn/index.jsp?pageId=3&id=65136&cid=1294,2012,05/2012,2026-10-08T09:45:20Z
250,642/HQĐNa-TXNK,07/05/2012,Cục Hải Quan tỉnh Đồng Nai,V/v Thuế bảo vệ môi trường loại hình nhập sản xuất xuất khẩu,65135,305,18,DONG_NAI,null,null,https://files.customs.gov.vn/DONG_NAI//Data/Cv_Hqdn/642_HQDNa_TXNK_07_05_2012.PDF,https://www.customs.gov.vn/index.jsp?pageId=3&id=65135&cid=1294,2012,05/2012,2026-10-08T09:45:20Z
251,644/HQĐNa-GSQL,07/05/2012,Cục Hải Quan tỉnh Đồng Nai,Trả lời Công ty TNHH Đông Phương Việt Nam Đồng Nai v/v xin tiêu hủy giày không đạt chất lượng,65134,305,18,DONG_NAI,null,null,https://files.customs.gov.vn/DONG_NAI//Data/Cv_Hqdn/644_HQDNa_GSQL_07_05_2012.PDF,https://www.customs.gov.vn/index.jsp?pageId=3&id=65134&cid=1294,2012,05/2012,2026-10-08T09:45:20Z
252,623/HQĐNa-TXNK,03/05/2012,Cục Hải Quan tỉnh Đồng Nai,V/v Xác nhận nghĩa vụ thuế Hải quan (Công ty Steel Tech VN),65138,305,18,DONG_NAI,null,null,https://files.customs.gov.vn/DONG_NAI//Data/Cv_Hqdn/623_HQDNa_TXNK_03_05_2012.PDF,https://www.customs.gov.vn/index.jsp?pageId=3&id=65138&cid=1294,2012,05/2012,2026-10-08T09:45:20Z
253,1083/QĐ-BTC,02/05/2012,Bộ Tài chính,"V/v Đính chính Thông tư số 16/2012/TT-BTC ngày 08/02/2012 của Bộ Tài chính quy định in, phát hành, quản lý  và sử dụng hoá đơn bán hàng dự trữ quốc gia",63106,305,10,DONG_NAI,null,26/03/2012,,https://www.customs.gov.vn/index.jsp?pageId=3&id=63106&cid=1294,2012,05/2012,2026-10-08T09:45:20Z
254,2121/TCHQ-TXNK,02/05/2012,Tổng cục hải quan,"V/v Thuế nhập khẩu, thuế giá trị gia tăng nguyên liệu, máy móc thuộc hợp đồng gia công bị hỏa hoạn.",63105,305,18,DONG_NAI,null,null,,https://www.customs.gov.vn/index.jsp?pageId=3&id=63105&cid=1294,2012,05/2012,2026-10-08T09:45:20Z
255,616/HQĐNa-GSQL,02/05/2012,Cục Hải Quan tỉnh Đồng Nai,Trả lời Công ty TNHH Pou Chen Việt Nam v/v Hủy ô tô đã qua sử dụng,65141,305,18,DONG_NAI,null,null,https://files.customs.gov.vn/DONG_NAI//Data/Cv_Hqdn/616_HQDNa_GSQL_02_05_2012.PDF,https://www.customs.gov.vn/index.jsp?pageId=3&id=65141&cid=1294,2012,05/2012,2026-10-08T09:45:20Z
256,618/HQĐNa-GSQL,02/05/2012,Cục Hải Quan tỉnh Đồng Nai,"Trả lời Công ty cổ phần sản xuất và đầu tư Hoàng Gia v/v Giải trình loại hình sản xuất và xuất xứ sản phẩm sau khi gia công, đính chính tên nguyên liệu nhập khẩu",65140,305,18,DONG_NAI,null,null,https://files.customs.gov.vn/DONG_NAI//Data/Cv_Hqdn/618_HQDNa_GSQL_02_05_2012.PDF,https://www.customs.gov.vn/index.jsp?pageId=3&id=65140&cid=1294,2012,05/2012,2026-10-08T09:45:20Z
257,621/HQĐNa-GSQL,02/05/2012,Cục Hải Quan tỉnh Đồng Nai,Trả lời Công ty TNHH APL-NOL Việt Nam v/v đóng ghép hàng hóa tại kho CFS chung container để xuất khẩu,65139,305,18,DONG_NAI,null,null,https://files.customs.gov.vn/DONG_NAI//Data/Cv_Hqdn/621_HQDNa_GSQL_02_05_2012.PDF,https://www.customs.gov.vn/index.jsp?pageId=3&id=65139&cid=1294,2012,05/2012,2026-10-08T09:45:20Z
258,23/2012/TT-BGTVT,29/06/2012,Bộ Giao thông vận tải,"V/v Hướng dẫn thực hiện Hiệp định, Nghị định thư về vận tải đường bộ gữa Chính phủ và Nước Cộng hòa xã hội chủ nghĩa Việt Nam và nước Cộng hòa nhân dân Trung Hoa",62934,305,4,DONG_NAI,null,null,https://files.customs.gov.vn/DONG_NAI//Data/CV_nganh_khac/23_2012_TT_BGTVT_29_06_2012.PDF,https://www.customs.gov.vn/index.jsp?pageId=3&id=62934&cid=1294,2012,06/2012,2026-10-08T09:45:20Z
259,3272/TCHQ-TXNK,29/06/2012,null,Phân loại mặt hàng ván sàn tre,73910,305,16,DA_NANG,Hoàng Việt Cường,29/06/2012,https://files.customs.gov.vn/DA_NANG/Uploads/65e32243-11bf-4695-985d-c1563e8c13ba/3272-TCHQ-TXNK 29-6-2012.tiff,https://www.customs.gov.vn/index.jsp?pageId=3&id=73910&cid=1294,2012,06/2012,2026-10-08T09:45:20Z
260,1027/HQĐNa-TXNK,28/06/2012,Cục Hải Quan tỉnh Đồng Nai,Trả lời Công ty TNHH Quốc tế Right Rick v/v Đăng ký danh mục hàng hóa nhập khẩu miễn thuế tạo TSCĐ,64585,305,18,DONG_NAI,null,null,https://files.customs.gov.vn/DONG_NAI//Data/Cv_Hqdn/1027_HQDNa_TXNK_28_06_2012.PDF,https://www.customs.gov.vn/index.jsp?pageId=3&id=64585&cid=1294,2012,06/2012,2026-10-08T09:45:20Z
261,1029/HQĐNa-GSQL,28/06/2012,Cục Hải Quan tỉnh Đồng Nai,V/v Vướng mắc khai báo hóa chất,64584,305,18,DONG_NAI,null,null,https://files.customs.gov.vn/DONG_NAI//Data/Cv_Hqdn/1029_HQDNa_GSQL_28_06_2012.PDF,https://www.customs.gov.vn/index.jsp?pageId=3&id=64584&cid=1294,2012,06/2012,2026-10-08T09:45:20Z
262,3257/TCHQ-TXNK,28/06/2012,null,Thuế nhập khẩu tạo tài sản cố định,73908,305,16,DA_NANG,Hoàng Việt Cường,28/06/2012,https://files.customs.gov.vn/DA_NANG/Uploads/65e32243-11bf-4695-985d-c1563e8c13ba/3257-TCHQ-TXNK 28-6-2012.tiff,https://www.customs.gov.vn/index.jsp?pageId=3&id=73908&cid=1294,2012,06/2012,2026-10-08T09:45:20Z
263,1005/HQĐNa-TXNK,26/06/2012,Cục Hải Quan tỉnh Đồng Nai,Trả lời Công ty TNHH MTV Concord Textile Corporation Việt Nam v/v điều chỉnh danh mục hàng hóa nhập khẫu miễn thuế tạo TSCĐ,64586,305,18,DONG_NAI,null,null,https://files.customs.gov.vn/DONG_NAI//Data/Cv_Hqdn/1005_HQDNa_TXNK_26_06_2012.PDF,https://www.customs.gov.vn/index.jsp?pageId=3&id=64586&cid=1294,2012,06/2012,2026-10-08T09:45:20Z
264,105/2012/TT-BTC,25/06/2012,Bộ Tài chính,"V/v Sửa đổi, bổ sung Thông tư số 15/2011/TT-BTC ngày 09/02/2011 của Bộ Tài chính hướng dẫn thành lập, tổ chức, hoạt động, quản lý và sử dụng Quỹ phát triển khoa học và công nghệ của doanh nghiệp",62935,305,4,DONG_NAI,null,13/08/2012,,https://www.customs.gov.vn/index.jsp?pageId=3&id=62935&cid=1294,2012,06/2012,2026-10-08T09:45:20Z
265,26/2012/TT-BNNPTNT,25/06/2012,Bộ nông nghiệp và phát triển nông thôn,"Thông tư ban hành danh mục tạm thời thức ăn chăn nuôi gia súc, gia cầm được phép lưu hành tại Việt Nam",56898,305,4,TP_HO_CHI_MINH,Diệp Kỉnh Tần,09/08/2012,https://files.customs.gov.vn/CustomsCMS/TP_HO_CHI_MINH/2020/Web/Data/DocumentAttachments/26_2012_TT-BNNPTNT_141925.doc,https://www.customs.gov.vn/index.jsp?pageId=3&id=56898&cid=1294,2012,06/2012,2026-10-08T09:45:20Z
266,54/2012/NÐ-CP,22/06/2012,Chính phủ,"Sửa đổi, bổ sung một số điều Nghị định số 39/2009/NĐ-CP ngày 23 tháng 4 năm 2009 của Chính phủ về vật liệu nổ công nghiệp",54926,305,8,TP_HO_CHI_MINH,Nguyễn Tấn Dũng,10/08/2012,https://files.customs.gov.vn/CustomsCMS/TP_HO_CHI_MINH/2020/Web/Data/DocumentAttachments/54_2011_ND_CP_Sua_doi__bo_sung_mot_so_dieu_Nghi_dinh_so_392009ND-C.doc,https://www.customs.gov.vn/index.jsp?pageId=3&id=54926&cid=1294,2012,06/2012,2026-10-08T09:45:20Z
267,54/2012/NĐ-CP,22/06/2012,Chính phủ,"V/v Sửa đổi, bổ sung một số điều Nghị định số 39/2009/NĐ-CP ngày 23/4/2009 của Chính phủ về vật liệu nổ công nghiệp",62936,305,8,DONG_NAI,null,10/08/2012,,https://www.customs.gov.vn/index.jsp?pageId=3&id=62936&cid=1294,2012,06/2012,2026-10-08T09:45:20Z
268,987/HQĐNa-TXNK,22/06/2012,Cục Hải Quan tỉnh Đồng Nai,Trả lời Công ty TNHH MTV Công Nghiệp v/v Đăng ký danh mục hàng hóa nhập khẩu miễn thuế tạo TSCĐ,64587,305,18,DONG_NAI,null,null,https://files.customs.gov.vn/DONG_NAI//Data/Cv_Hqdn/987_HQDNa_TXNK_22_06_2012.PDF,https://www.customs.gov.vn/index.jsp?pageId=3&id=64587&cid=1294,2012,06/2012,2026-10-08T09:45:20Z
269,16/2012/QH13,21/06/2012,Quốc hội,Luật Quảng cáo 2012,61202,305,13,TONG_CUC,Nguyễn Sinh Hùng,01/01/2013,,https://www.customs.gov.vn/index.jsp?pageId=3&id=61202&cid=1294,2012,06/2012,2026-10-08T09:45:20Z
270,17/2012/QH13,21/06/2012,Quốc hội,Luật Tài nguyên nước 2012,61203,305,13,TONG_CUC,Nguyễn Sinh Hùng,01/01/2013,,https://www.customs.gov.vn/index.jsp?pageId=3&id=61203&cid=1294,2012,06/2012,2026-10-08T09:45:20Z
271,29/2012/QH13,21/06/2012,Quốc hội,"Căn cứ Hiến pháp nước Cộng hòa xã hội chủ nghĩa Việt Nam năm 1992 đã được sửa đổi, bổ sung một số điều theo Nghị quyết số 51/2001/QH10;",66226,305,13,DONG_NAI,null,21/06/2012,,https://www.customs.gov.vn/index.jsp?pageId=3&id=66226&cid=1294,2012,06/2012,2026-10-08T09:45:20Z
272,3501/QĐ-BCT,21/06/2012,Bộ Công thương,"V/v Phê duyệt phòng thí nghiệm thực hiện việc giám định hàm lượng formaldehyt, các amin thơm có thể giải phóng ra từ thuốc nhuộm azo trong các điều kiện khử trong các sản phẩm dệt may",62938,305,10,DONG_NAI,null,null,https://files.customs.gov.vn/DONG_NAI//Data/CV_BCT/3501_QD_BCT_21_06_2012.pdf,https://www.customs.gov.vn/index.jsp?pageId=3&id=62938&cid=1294,2012,06/2012,2026-10-08T09:45:20Z
273,976/HQĐNa-TXNK,21/06/2012,Cục Hải Quan tỉnh Đồng Nai,V/v Thông báo thay đổi số hiệu tài khoản hoạt động tại Kho bạc,64589,305,18,DONG_NAI,null,null,https://files.customs.gov.vn/DONG_NAI//Data/Cv_Hqdn/976_HQDNa_TXNK_21_06_2012.pdf,https://www.customs.gov.vn/index.jsp?pageId=3&id=64589&cid=1294,2012,06/2012,2026-10-08T09:45:20Z
274,982/HQĐNa-TXNK,21/06/2012,Cục Hải Quan tỉnh Đồng Nai,Trả lời Công ty TNHH MTV Đắc Lộ v/v Cam kết thời gian đóng thuế VAT,64588,305,18,DONG_NAI,null,null,https://files.customs.gov.vn/DONG_NAI//Data/Cv_Hqdn/982_HQDNa_TXNK_21_06_2012.PDF,https://www.customs.gov.vn/index.jsp?pageId=3&id=64588&cid=1294,2012,06/2012,2026-10-08T09:45:20Z
275,11/2012/QH13,20/06/2012,Quốc hội,Luật Giá 2012,61204,305,13,TONG_CUC,Nguyễn Sinh Hùng,01/01/2013,,https://www.customs.gov.vn/index.jsp?pageId=3&id=61204&cid=1294,2012,06/2012,2026-10-08T09:45:20Z
276,12/2012/QH13,20/06/2012,Quốc hội,Luật Công đoàn 2012,61205,305,13,TONG_CUC,Nguyễn Sinh Hùng,01/01/2013,,https://www.customs.gov.vn/index.jsp?pageId=3&id=61205&cid=1294,2012,06/2012,2026-10-08T09:45:20Z
277,14/2012/QH13,20/06/2012,Quốc hội,"Luật phổ biến, giáo dục pháp luật",55273,305,13,TP_HO_CHI_MINH,Nguyễn Sinh Hùng,01/01/2013,https://files.customs.gov.vn/CustomsCMS/TP_HO_CHI_MINH/2020/Web/Data/DocumentAttachments/14_2012_QH13_142765.doc,https://www.customs.gov.vn/index.jsp?pageId=3&id=55273&cid=1294,2012,06/2012,2026-10-08T09:45:20Z
278,24/2012/QH13,20/06/2012,Quốc hội,Nghị quyết về việc thi hành luật xử lý vi phạm hành chính,40536,305,7,HAI_PHONG,Nguyễn Sinh Hùng,01/07/2013,https://files.customs.gov.vn/CustomsCMS/HAI_PHONG/2020/12/7/nghị quyết 24.2012 thi hành luật XPVPHC.docx,https://www.customs.gov.vn/index.jsp?pageId=3&id=40536&cid=1294,2012,06/2012,2026-10-08T09:45:20Z
279,3079/TCHQ-GSQL,20/06/2012,null,Nộp Giấy xác nhận khai báo hóa chất NK khi làm thủ tục hải quan,73904,305,16,DA_NANG,admin,20/06/2012,https://files.customs.gov.vn/DA_NANG/Uploads/9a388fee-7d80-41b8-8531-acdc9ae46631/3079-Nop giay xac nhan khi bao hoa chat.tif,https://www.customs.gov.vn/index.jsp?pageId=3&id=73904&cid=1294,2012,06/2012,2026-10-08T09:45:20Z
280,53/2012/NĐ-CP,20/06/2012,Chính phủ,"V/v Sửa đổi, bổ sung một số điều của các Nghị định về lĩnh vực thủy sản",62939,305,8,DONG_NAI,null,null,https://files.customs.gov.vn/DONG_NAI//Data/Nghi_dinh/53_2012_ND_CP_20_06_2012.pdf,https://www.customs.gov.vn/index.jsp?pageId=3&id=62939&cid=1294,2012,06/2012,2026-10-08T09:45:20Z
281,206/CNTT-CNTT,19/06/2012,Tổng cục hải quan,V/v Chấp nhận kết nối cho phần mềm khai hải quan điện tử iHaiQuan,62940,305,18,DONG_NAI,null,null,https://files.customs.gov.vn/DONG_NAI//Data/CV_TCHQ/206_CNTT_CNTT_19_06_2012.pdf,https://www.customs.gov.vn/index.jsp?pageId=3&id=62940&cid=1294,2012,06/2012,2026-10-08T09:45:20Z
282,919/QLCL-CL1,19/06/2012,null,Xuất khẩu thủy sản vào Nhật Bản và Canada,73903,305,16,DA_NANG,Phùng Hữu Hào,19/06/2012,https://files.customs.gov.vn/DA_NANG/Uploads/65e32243-11bf-4695-985d-c1563e8c13ba/919-Xk thuy san vao Canada va NB.tif,https://www.customs.gov.vn/index.jsp?pageId=3&id=73903&cid=1294,2012,06/2012,2026-10-08T09:45:20Z
283,953/HQĐNa-TXNK,19/06/2012,Cục Hải Quan tỉnh Đồng Nai,Trả lời Công ty TNHH SX và TM Chiến Thắng - Bình Thuận v/v Đăng ký danh mục hàng hóa nhập khẩu miễn thuế tạo TSCĐ,64590,305,18,DONG_NAI,null,null,https://files.customs.gov.vn/DONG_NAI//Data/Cv_Hqdn/953_HQDNa_TXNK_19_06_2012.PDF,https://www.customs.gov.vn/index.jsp?pageId=3&id=64590&cid=1294,2012,06/2012,2026-10-08T09:45:20Z
284,06/2012/QH13,18/06/2012,Quốc hội,Luật Bảo hiểm tiền gửi 2012,61206,305,13,TONG_CUC,Nguyễn Sinh Hùng,01/01/2013,,https://www.customs.gov.vn/index.jsp?pageId=3&id=61206&cid=1294,2012,06/2012,2026-10-08T09:45:20Z
285,08/2012/QH13,18/06/2012,Quốc hội,Luật giáo dục đại học,54580,305,13,TP_HO_CHI_MINH,Nguyễn Sinh Hùng,01/01/2013,https://files.customs.gov.vn/CustomsCMS/TP_HO_CHI_MINH/2020/Web/Data/DocumentAttachments/08_2012_QH13_142762.doc,https://www.customs.gov.vn/index.jsp?pageId=3&id=54580&cid=1294,2012,06/2012,2026-10-08T09:45:20Z
286,10/2012/QH13,18/06/2012,Quốc hội,Bộ luật lao động,53988,305,13,TP_HO_CHI_MINH,Nguyễn Sinh Hùng,01/05/2013,https://files.customs.gov.vn/CustomsCMS/TP_HO_CHI_MINH/2020/Web/Data/DocumentAttachments/10_2012_QH13_142187.doc,https://www.customs.gov.vn/index.jsp?pageId=3&id=53988&cid=1294,2012,06/2012,2026-10-08T09:45:20Z
287,3012/TCHQ-TXNK,18/06/2012,Tổng cục hải quan,V/v Phân loại mặt hàng thực phẩm chức năng,62942,305,18,DONG_NAI,null,null,,https://www.customs.gov.vn/index.jsp?pageId=3&id=62942&cid=1294,2012,06/2012,2026-10-08T09:45:20Z
288,3013/TCHQ-TXNK,18/06/2012,Tổng cục hải quan,V/v Phân loại mặt hàng có tên Oro Glo 20 Dry,62941,305,18,DONG_NAI,null,null,,https://www.customs.gov.vn/index.jsp?pageId=3&id=62941&cid=1294,2012,06/2012,2026-10-08T09:45:20Z
289,5239/BCT-XNK,18/06/2012,null,Khai báo thông tin trên CO,73902,305,16,DA_NANG,admin,18/06/2012,https://files.customs.gov.vn/DA_NANG/Uploads/65e32243-11bf-4695-985d-c1563e8c13ba/5239-khai bao thong tin tren CO.tif,https://www.customs.gov.vn/index.jsp?pageId=3&id=73902&cid=1294,2012,06/2012,2026-10-08T09:45:20Z
290,3002/TCHQ-VP,15/06/2012,Tổng cục hải quan,V/v Đính chính công văn số 2947/TCHQ-TXNK,63090,305,18,DONG_NAI,null,null,,https://www.customs.gov.vn/index.jsp?pageId=3&id=63090&cid=1294,2012,06/2012,2026-10-08T09:45:20Z
291,5222/BCT-XNK,15/06/2012,null,V/v DNCX bán nguyên vật liệu thanh lý vào nội địa,73901,305,16,DA_NANG,admin,15/06/2012,https://files.customs.gov.vn/DA_NANG/Uploads/65e32243-11bf-4695-985d-c1563e8c13ba/5222-ban NPL thanh ly vao noi dia.tif,https://www.customs.gov.vn/index.jsp?pageId=3&id=73901&cid=1294,2012,06/2012,2026-10-08T09:45:20Z
292,719/QÐ-TTG,15/06/2012,Thủ tướng Chính phủ,Quyết Định phê duyệt kế hoạch tổ chức các hoạt động kỷ niệm 100 năm ngày sinh cố tổng Bí Thư Nguyễn Văn Cừ (09/7/1912 - 09/7/2012),52799,305,10,TP_HO_CHI_MINH,Nguyễn Thiện Nhân,15/06/2012,https://files.customs.gov.vn/CustomsCMS/TP_HO_CHI_MINH/2020/Web/Data/DocumentAttachments/719_QD-TTg_141187.doc,https://www.customs.gov.vn/index.jsp?pageId=3&id=52799&cid=1294,2012,06/2012,2026-10-08T09:45:20Z
293,942/HQĐNa-TXNK,15/06/2012,Cục Hải Quan tỉnh Đồng Nai,Trả lời Công ty TNHH Nestle Việt Nam v/v Điều chỉnh các chi tiết máy móc và phụ kiện đồng bộ đi kèm hệ thống theo Danh mục hàng hóa nhập khẩu miễn thuế tạo TSCĐ,64591,305,18,DONG_NAI,null,null,https://files.customs.gov.vn/DONG_NAI//Data/Cv_Hqdn/942_HQDNa_TXNK_15_06_2012.PDF,https://www.customs.gov.vn/index.jsp?pageId=3&id=64591&cid=1294,2012,06/2012,2026-10-08T09:45:20Z
294,2977/TCHQ-GSQL,14/06/2012,Tổng cục hải quan,V/v Thời điểm xác định C/O cấp sau đối với hàng hóa có vận đơn hàng không,63092,305,18,DONG_NAI,null,null,,https://www.customs.gov.vn/index.jsp?pageId=3&id=63092&cid=1294,2012,06/2012,2026-10-08T09:45:20Z
295,52/2012/NĐ-CP,14/06/2012,Chính phủ,V/v Quy định xử phạt vi phạm hành chính trong lĩnh vực phòng cháy chữa cháy,63091,305,8,DONG_NAI,null,null,https://files.customs.gov.vn/DONG_NAI//Data/Nghi_dinh/52_2012_ND_CP_14_06_2012.pdf,https://www.customs.gov.vn/index.jsp?pageId=3&id=63091&cid=1294,2012,06/2012,2026-10-08T09:45:20Z
296,926/HQĐNa-TXNK,14/06/2012,Cục Hải Quan tỉnh Đồng Nai,Trả lời Công ty TNHH MTV Concord V/v Đăng ký danh mục hàng hóa nhập khẩu miễn thuế tạo TSCĐ,64593,305,18,DONG_NAI,null,null,https://files.customs.gov.vn/DONG_NAI//Data/Cv_Hqdn/926_HQDNa_TXNK_14_06_2012.PDF,https://www.customs.gov.vn/index.jsp?pageId=3&id=64593&cid=1294,2012,06/2012,2026-10-08T09:45:20Z
297,931/HQĐNa-GSQL,14/06/2012,Cục Hải Quan tỉnh Đồng Nai,Trả lời Công ty cổ phần ICD Tân Cảng Long Bình v/v Thủ tục Hải quan đối với hàng hóa chuyển cảng đích,64592,305,18,DONG_NAI,null,null,https://files.customs.gov.vn/DONG_NAI//Data/Cv_Hqdn/931_HQDNa_GSQL_14_06_2012.PDF,https://www.customs.gov.vn/index.jsp?pageId=3&id=64592&cid=1294,2012,06/2012,2026-10-08T09:45:20Z
298,2939/TCHQ-TXNK,13/06/2012,Tổng cục hải quan,V/v  Vướng mắc thực hiện thuế BVMT đối với túi nilong nhập khẩu,63096,305,18,DONG_NAI,null,null,,https://www.customs.gov.vn/index.jsp?pageId=3&id=63096&cid=1294,2012,06/2012,2026-10-08T09:45:20Z
299,2941/TCHQ-GSQL,13/06/2012,null,Hồ sơ xuất khẩu khoáng sản,73897,305,16,DA_NANG,admin,13/06/2012,https://files.customs.gov.vn/DA_NANG/Uploads/9a388fee-7d80-41b8-8531-acdc9ae46631/2941-HS XK khoang san.tif,https://www.customs.gov.vn/index.jsp?pageId=3&id=73897&cid=1294,2012,06/2012,2026-10-08T09:45:20Z
300,2947/TCHQ-TXNK,13/06/2012,Tổng cục hải quan,"V/v Áp mã số mặt hàng ""bông rơi chải kỹ""",63094,305,18,DONG_NAI,null,null,,https://www.customs.gov.vn/index.jsp?pageId=3&id=63094&cid=1294,2012,06/2012,2026-10-08T09:45:20Z
301,2948/TCHQ-TXNK,13/06/2012,Tổng cục hải quan,V/v Chính sách thuế xuất khẩu,63093,305,18,DONG_NAI,null,null,,https://www.customs.gov.vn/index.jsp?pageId=3&id=63093&cid=1294,2012,06/2012,2026-10-08T09:45:20Z
302,7908/BTC-TCHQ,13/06/2012,Bộ Tài chính,V/v  Thời hạn nộp thuế đối với nguyên liệu NK sản xuất xuất khẩu.,63095,305,16,DONG_NAI,null,null,,https://www.customs.gov.vn/index.jsp?pageId=3&id=63095&cid=1294,2012,06/2012,2026-10-08T09:45:20Z
303,1381/QĐ-BNN-QLC,12/06/2012,null,"Quyết đinh 1381/QĐ-BNN-QLCL: Điều chỉnh 1 số biện pháp kiểm tra về dư lượng hóa chất, kháng sinh đối với lô hàng thủy sản xuất khẩu vào Canada và Nhật Bản",67325,305,18,CAN_THO,null,12/06/2012,https://files.customs.gov.vn/CAN_THO/QD-1381-BNN_15-6-2012.pdf,https://www.customs.gov.vn/index.jsp?pageId=3&id=67325&cid=1294,2012,06/2012,2026-10-08T09:45:20Z
304,1381/QĐ-BNN-QLCL,12/06/2012,Bộ Nông nghiệp và Phát triển nông thôn,"Quyết định 1381/QĐ-BNN-QLCL của Bộ Nông nghiệp và Phát triển nông thôn về việc điều chỉnh một số biện pháp kiểm tra về dư lượng hóa chất, kháng sinh đối với lô hàng thủy sản xuất khẩu vào Canada và Nhật Bản",61831,305,10,QUANG_NGAI,Cao Đức Phát,01/01/1900,https://files.customs.gov.vn/QUANG_NGAI/1381_QĐ-BNN-QLCL_12062012.zip,https://www.customs.gov.vn/index.jsp?pageId=3&id=61831&cid=1294,2012,06/2012,2026-10-08T09:45:20Z
305,915/HQĐNa-TXNK,12/06/2012,Cục Hải Quan tỉnh Đồng Nai,Trả lời Công ty cổ phần Rạng Đông v/v Đăng ký Danh mục hàng hóa nhập khẩu miễn thuế tạo TSCĐ,64595,305,18,DONG_NAI,null,null,https://files.customs.gov.vn/DONG_NAI//Data/Cv_Hqdn/915_HQDNa_TXNK_12_06_2012.PDF,https://www.customs.gov.vn/index.jsp?pageId=3&id=64595&cid=1294,2012,06/2012,2026-10-08T09:45:20Z
306,1754/BNN-PC,11/06/2012,null,Kiểm tra chất lượng hàng hóa NK thuộc Danh mục hàng hóa nhóm 2,73894,305,16,DA_NANG,admin,11/06/2012,https://files.customs.gov.vn/DA_NANG/Uploads/9a388fee-7d80-41b8-8531-acdc9ae46631/1754-KTCL hang NK thuoc nhom 2.tif,https://www.customs.gov.vn/index.jsp?pageId=3&id=73894&cid=1294,2012,06/2012,2026-10-08T09:45:20Z
307,895/HQĐNa-TXNK,08/06/2012,Cục Hải Quan tỉnh Đồng Nai,Công ty TNHH Việt Nam Center Power Tech v/v Trích lục Danh mục hàng hóa nhập khẩu dự án đầu tư miễn thuế XNK,64596,305,18,DONG_NAI,null,null,https://files.customs.gov.vn/DONG_NAI//Data/Cv_Hqdn/895_HQDNa_TXNK_08_06_2012.PDF,https://www.customs.gov.vn/index.jsp?pageId=3&id=64596&cid=1294,2012,06/2012,2026-10-08T09:45:20Z
308,2818/TCHQ-TXNK,07/06/2012,null,Phân loại mặt hàng hệ thống chuyền treo dùng treo và tải sản phẩm may mặc,73892,305,16,DA_NANG,admin,07/06/2012,https://files.customs.gov.vn/DA_NANG/Uploads/65e32243-11bf-4695-985d-c1563e8c13ba/2818-TCHQ-TXNK.tiff,https://www.customs.gov.vn/index.jsp?pageId=3&id=73892&cid=1294,2012,06/2012,2026-10-08T09:45:20Z
309,7538/BTC-CST,06/06/2012,null,"Chính sách thuế đối với hàng nhập khẩu bán tại cửa hàng miễn thuế bị đổ vỡ, hư  hỏng, mất phẩm chất, kém chất lượng phải tổ chức hủy bỏ",73891,305,16,DA_NANG,admin,06/06/2012,https://files.customs.gov.vn/DA_NANG/Uploads/65e32243-11bf-4695-985d-c1563e8c13ba/7538-CS thue hang hu hong do vo tai CHMT.tif,https://www.customs.gov.vn/index.jsp?pageId=3&id=73891&cid=1294,2012,06/2012,2026-10-08T09:45:20Z
310,885/HQĐNa-TXNK,06/06/2012,Cục Hải Quan tỉnh Đồng Nai,Trả lời Công ty TNHH Sanher Việt Nam V/v Đăng ký danh mục hàng hóa nhập khẩu miễn thuế tạo TSCĐ,64597,305,18,DONG_NAI,null,null,https://files.customs.gov.vn/DONG_NAI//Data/Cv_Hqdn/885_HQDNa_TXNK_06_06_2012.PDF,https://www.customs.gov.vn/index.jsp?pageId=3&id=64597&cid=1294,2012,06/2012,2026-10-08T09:45:20Z
311,22/2012/TT-BNNPTNT,05/06/2012,Khác,"Thông tư sửa đổi bổ sung Thông tư số 10/2012/TT-BNNPTNT về danh mục thuốc BVTV được lưu hành, hạn chế lưu hành tại Việt Nam",43573,305,18,GIA_LAI_KON_TUM,null,null,https://files.customs.gov.vn/CustomsCMS/GIA_LAI_KON_TUM/2021/04/files/document_system/TT22BNNPTNT2012.doc,https://www.customs.gov.vn/index.jsp?pageId=3&id=43573&cid=1294,2012,06/2012,2026-10-08T09:45:20Z
312,4727/BCT-XNK,04/06/2012,null,Đưa sản phẩm đi kiểm tra chất lượng ở nước ngoài,73890,305,16,DA_NANG,admin,04/06/2012,https://files.customs.gov.vn/DA_NANG/Uploads/9a388fee-7d80-41b8-8531-acdc9ae46631/4727- dua SP di KTCL o nuoc ngoai.tif,https://www.customs.gov.vn/index.jsp?pageId=3&id=73890&cid=1294,2012,06/2012,2026-10-08T09:45:20Z
313,856/HQĐNa-TXNK,04/06/2012,Cục Hải Quan tỉnh Đồng Nai,V/v Trả lời Công ty TNHH Sanher Việt Nam v/v Đăng ký danh mục hàng hóa nhập khẩu miễn thuế tạo TSCĐ,64604,305,18,DONG_NAI,null,null,https://files.customs.gov.vn/DONG_NAI//Data/Cv_Hqdn/856_HQDNa_TXNK_04_06_2012.PDF,https://www.customs.gov.vn/index.jsp?pageId=3&id=64604&cid=1294,2012,06/2012,2026-10-08T09:45:20Z
314,863/HQĐNa-CCHĐH,04/06/2012,Cục Hải Quan tỉnh Đồng Nai,V/v Công khai thủ tục hành chính thuộc thẩm quyền giải quyết của Cục Hải quan Đồng Nai,64603,305,18,DONG_NAI,null,null,https://files.customs.gov.vn/DONG_NAI//Data/Cv_Hqdn/863_HQDNa_CCHDH_04_06_2012.PDF,https://www.customs.gov.vn/index.jsp?pageId=3&id=64603&cid=1294,2012,06/2012,2026-10-08T09:45:20Z
315,864/HQĐNa-CCHĐH,04/06/2012,Cục Hải Quan tỉnh Đồng Nai,V/v Thông báo thủ tục hành chính thuộc thẩm quyền giải quyết của Cục Hải quan Đồng Nai,64602,305,18,DONG_NAI,null,null,https://files.customs.gov.vn/DONG_NAI//Data/Cv_Hqdn/864_HQDNa_CCHDH_04_06_2012.PDF,https://www.customs.gov.vn/index.jsp?pageId=3&id=64602&cid=1294,2012,06/2012,2026-10-08T09:45:20Z
316,865/HQĐNa-TXNK,04/06/2012,Cục Hải Quan tỉnh Đồng Nai,V/v Trả lời Công ty TNHH Cát Phú Đồng Nai v/v Xin tạm hoãn nộp thuế xuất khẩu,64601,305,18,DONG_NAI,null,null,https://files.customs.gov.vn/DONG_NAI//Data/Cv_Hqdn/865_HQDNa_TXNK_04_06_2012.PDF,https://www.customs.gov.vn/index.jsp?pageId=3&id=64601&cid=1294,2012,06/2012,2026-10-08T09:45:20Z
317,866/HQĐNa-TXNK,04/06/2012,Cục Hải Quan tỉnh Đồng Nai,"V/v Trả lời Công ty TNHH Phú Đông v/v Vướng mắc trong việc áp dụng mức thuế xuất khẩu đối với mặt hàng dăm mảnh gỗ nguyên liệu giấy, keo lá tràm từ rừng tràm""",64600,305,18,DONG_NAI,null,null,https://files.customs.gov.vn/DONG_NAI//Data/Cv_Hqdn/866_HQDNa_TXNK_04_06_2012.PDF,https://www.customs.gov.vn/index.jsp?pageId=3&id=64600&cid=1294,2012,06/2012,2026-10-08T09:45:20Z
318,867/HQĐNa-TXNK,04/06/2012,Cục Hải Quan tỉnh Đồng Nai,V/v Hướng dẫn phân loại và áp dụng thuế xuất đối với mặt hàng Dăm mảnh gỗ xuất khẩu,64599,305,18,DONG_NAI,null,null,https://files.customs.gov.vn/DONG_NAI//Data/Cv_Hqdn/867_HQDNa_TXNK_04_06_2012.PDF,https://www.customs.gov.vn/index.jsp?pageId=3&id=64599&cid=1294,2012,06/2012,2026-10-08T09:45:20Z
319,870/HQĐNa-GSQL,04/06/2012,Cục Hải Quan tỉnh Đồng Nai,V/v Trả lời các kiến nghị của Hiệp hội TM & CN Hàn Quốc,64598,305,18,DONG_NAI,null,null,https://files.customs.gov.vn/DONG_NAI//Data/Cv_Hqdn/870_HQDNa_GSQL_04_06_2012.PDF,https://www.customs.gov.vn/index.jsp?pageId=3&id=64598&cid=1294,2012,06/2012,2026-10-08T09:45:20Z
320,2636/TCHQ-GSQL,01/06/2012,null,Vướng mắc thủ tục chuyển nhượng xe ô tô,73889,305,16,DA_NANG,admin,01/06/2012,,https://www.customs.gov.vn/index.jsp?pageId=3&id=73889&cid=1294,2012,06/2012,2026-10-08T09:45:20Z
321,7317/BTC-TCT,01/06/2012,null,Chính sách thuế đối với thiết bị massage,73883,305,16,DA_NANG,Đỗ Hoàng Anh Tuấn,01/06/2012,https://files.customs.gov.vn/DA_NANG/Uploads/65e32243-11bf-4695-985d-c1563e8c13ba/5_Chich sach thue thiet bi Massage.tif,https://www.customs.gov.vn/index.jsp?pageId=3&id=73883&cid=1294,2012,06/2012,2026-10-08T09:45:20Z
322,10129/BTC-CST,30/07/2012,null,"Cách tính tổng trị giá các linh kiện để sản xuất, lắp ráp ô tô hoán chỉnh theo công văn 13113/BTC-CST ngày 03/10/2011",73925,305,16,DA_NANG,Lưu Đức Huy,30/07/2012,"https://files.customs.gov.vn/DA_NANG/Uploads/65e32243-11bf-4695-985d-c1563e8c13ba/2012_10129 BTC-CST ngày 30.7.2012 Cách tính tổng trị giá các linh kiện để sản xuất, lắp ráp thành ô tô hoàn chỉnh.tif",https://www.customs.gov.vn/index.jsp?pageId=3&id=73925&cid=1294,2012,07/2012,2026-10-08T09:45:20Z
323,1187/HQĐNa-TXNK,30/07/2012,Cục Hải Quan tỉnh Đồng Nai,Trả lời Công ty TNHH MTV Đắc Lộ v/v Xin gia hạn nộp phạt,64581,305,18,DONG_NAI,null,null,https://files.customs.gov.vn/DONG_NAI//Data/Cv_Hqdn/1187_HQDNa_TXNK_30_07_2012.PDF,https://www.customs.gov.vn/index.jsp?pageId=3&id=64581&cid=1294,2012,07/2012,2026-10-08T09:45:20Z
324,122/2012/TT-BTC,27/07/2012,Bộ Tài chính,Thông tư 122/2012/TT-BTC quy định việc quản lý tài sản quý hiếm và giấy tờ có giá do Kho bạc Nhà nước nhận gửi và bảo quan của Bộ trưởng Bộ Tài chính ban hành,54377,305,4,TP_HO_CHI_MINH,Phạm Sỹ Danh,15/09/2012,https://files.customs.gov.vn/CustomsCMS/TP_HO_CHI_MINH/2020/Web/Data/DocumentAttachments/122_2012_TT-BTC_145197.doc,https://www.customs.gov.vn/index.jsp?pageId=3&id=54377&cid=1294,2012,07/2012,2026-10-08T09:45:20Z
325,3900/TCHQ-TXNK,27/07/2012,Tổng cục hải quan,V/v Kê khai và nộp thuế BVMT của doanh nghiệp kinh doanh dầu,62928,305,18,DONG_NAI,null,null,,https://www.customs.gov.vn/index.jsp?pageId=3&id=62928&cid=1294,2012,07/2012,2026-10-08T09:45:20Z
326,3855/TCHQ-TVQT,26/07/2012,Tổng cục hải quan,V/v Đăng thông tin về cải tiến chất liệu trang phục Hải quan,62929,305,18,DONG_NAI,null,null,https://files.customs.gov.vn/DONG_NAI//Data/CV_TCHQ/3855_TCHQ_TVQT_26_07_2012.pdf,https://www.customs.gov.vn/index.jsp?pageId=3&id=62929&cid=1294,2012,07/2012,2026-10-08T09:45:20Z
327,5519/VPCP-KTTH,25/07/2012,null,Xử lý vướng mắc trong nhập khẩu xe ô tô,73924,305,16,DA_NANG,Phạm Viết Muôn,25/07/2012,https://files.customs.gov.vn/DA_NANG/Uploads/65e32243-11bf-4695-985d-c1563e8c13ba/5519-NK oto.tif,https://www.customs.gov.vn/index.jsp?pageId=3&id=73924&cid=1294,2012,07/2012,2026-10-08T09:45:20Z
328,3780/TCHQ-TXNK,23/07/2012,null,"Thu thuế bảo vệ môi trường đối với xăng, dầu, mỡ nhờn",73923,305,16,DA_NANG,Hoàng Việt Cường,23/07/2012,https://files.customs.gov.vn/DA_NANG/Uploads/cf5198f1-781e-43bc-ad78-e1dbbd390eb7/ty.docx,https://www.customs.gov.vn/index.jsp?pageId=3&id=73923&cid=1294,2012,07/2012,2026-10-08T09:45:20Z
329,1628/QĐ-TCHQ,20/07/2012,null,"Về việc ban hành quy trình kiểm tra hàng hóa xuất khẩu, nhập khẩu có sử dụng máy soi container",73922,305,10,DA_NANG,Vũ Ngọc Anh,20/07/2012,https://files.customs.gov.vn/DA_NANG/Uploads/65e32243-11bf-4695-985d-c1563e8c13ba/1628-quy trinh kiem tra bang container.tif,https://www.customs.gov.vn/index.jsp?pageId=3&id=73922&cid=1294,2012,07/2012,2026-10-08T09:45:20Z
330,31/2012/TT-BNNPTNT,20/07/2012,Bộ Nông nghiệp và Phát triển nông thôn,"Thông tư 31/2012/TT-BNNPTNT về danh mục bổ sung phân bón được phép sản xuất, kinh doanh và sử dụng tại Việt Nam",61253,305,4,TONG_CUC,Bùi Bá Bổng,02/09/2012,https://files.customs.gov.vn/BA_RIA_VUNG_TAU,https://www.customs.gov.vn/index.jsp?pageId=3&id=61253&cid=1294,2012,07/2012,2026-10-08T09:45:20Z
331,32/2012/TT-BNNPTNT,20/07/2012,Bộ nông nghiệp và phát triển nông thôn,"Thông tư ban hành danh mục đối tượng kiểm dịch thủy sản, sản phẩm thủy sản; danh mục thủy sản, sản phẩm thủy sản thuộc diện phải kiểm dịch",53566,305,4,TP_HO_CHI_MINH,Diệp Kỉnh Tần,03/09/2012,https://files.customs.gov.vn/CustomsCMS/TP_HO_CHI_MINH/2020/Web/Data/DocumentAttachments/32_2012_TT-BNNPTNT_144395.doc,https://www.customs.gov.vn/index.jsp?pageId=3&id=53566&cid=1294,2012,07/2012,2026-10-08T09:45:20Z
332,6443/BCT-CNNg,18/07/2012,null,Xuất khẩu sản phẩm quặng titan đã qua chế biến,73921,305,16,DA_NANG,Nguyễn Mạnh Quân,18/07/2012,https://files.customs.gov.vn/DA_NANG/Uploads/65e32243-11bf-4695-985d-c1563e8c13ba/6443-XK quang titan da qua che bien.tif,https://www.customs.gov.vn/index.jsp?pageId=3&id=73921&cid=1294,2012,07/2012,2026-10-08T09:45:20Z
333,1113/HQĐNa-GSQL,17/07/2012,Cục Hải Quan tỉnh Đồng Nai,Trả lời Công ty TNHH DongSung Chemical v/v vướng mắc xuất trình bản chính giấy xác nhận khai báo hóa chất nguy hiểm,64582,305,18,DONG_NAI,null,null,https://files.customs.gov.vn/DONG_NAI//Data/Cv_Hqdn/1113_HQDNa_GSQL_17_07_2012.PDF,https://www.customs.gov.vn/index.jsp?pageId=3&id=64582&cid=1294,2012,07/2012,2026-10-08T09:45:20Z
334,234/CNTT-CNTT,16/07/2012,Tổng cục hải quan,V/v Chấp nhận kết nối cho phần mềm khai hải quan điện tử Softtech-ECS 3.0,62930,305,18,DONG_NAI,null,null,https://files.customs.gov.vn/DONG_NAI//Data/CV_TCHQ/234_CNTT_CNTT_16_07_2012.pdf,https://www.customs.gov.vn/index.jsp?pageId=3&id=62930&cid=1294,2012,07/2012,2026-10-08T09:45:20Z
335,1759/QĐ-BTC,11/07/2012,Bộ Tài chính,V/v Đính chính Thông tư số 82/2012/TT-BTC ngày 22/05/2012 của Bộ Tài chính,62931,305,10,DONG_NAI,null,17/02/2012,,https://www.customs.gov.vn/index.jsp?pageId=3&id=62931&cid=1294,2012,07/2012,2026-10-08T09:45:20Z
336,1075/HQĐNa-GSQL,10/07/2012,Cục Hải Quan tỉnh Đồng Nai,V/v Thời điểm nộp Giấy xác nhận khai báo hóa chất nhập khẩu,64583,305,18,DONG_NAI,null,null,https://files.customs.gov.vn/DONG_NAI//Data/Cv_Hqdn/1075_HQDN_GSQL_10_07_2012.PDF,https://www.customs.gov.vn/index.jsp?pageId=3&id=64583&cid=1294,2012,07/2012,2026-10-08T09:45:20Z
337,3386/TCHQ-GSQL,06/07/2012,null,Khai báo tại ô số 02 - người nhập khẩu trên CO mẫu D,73918,305,16,DA_NANG,Vũ Ngọc Anh,06/07/2012,,https://www.customs.gov.vn/index.jsp?pageId=3&id=73918&cid=1294,2012,07/2012,2026-10-08T09:45:20Z
338,3414/TCHQ-TXNK,06/07/2012,Tổng cục hải quan,V/v Phân loại hàng hóa các mặt hàng thực phẩm chức năng,62932,305,18,DONG_NAI,null,null,,https://www.customs.gov.vn/index.jsp?pageId=3&id=62932&cid=1294,2012,07/2012,2026-10-08T09:45:20Z
339,9408/BTC-CST,06/07/2012,null,Thuế bảo vệ môi trường,73916,305,16,DA_NANG,Vũ Thị Mai,06/07/2012,https://files.customs.gov.vn/DA_NANG/Uploads/65e32243-11bf-4695-985d-c1563e8c13ba/9408-BTC-CST 06-7-2012.tiff,https://www.customs.gov.vn/index.jsp?pageId=3&id=73916&cid=1294,2012,07/2012,2026-10-08T09:45:20Z
340,5917/2012/BCT-KHCN,05/07/2012,Bộ Công thương,V/v Kiểm tra nhà nước về ATTP đối với thực phẩm nhập khẩu,62933,305,18,DONG_NAI,null,null,,https://www.customs.gov.vn/index.jsp?pageId=3&id=62933&cid=1294,2012,07/2012,2026-10-08T09:45:20Z
341,111/2012/TT-BTC,04/07/2012,Bộ Tài chính,Thông tư 111 của Bộ Tài Chính v/v Ban hành Danh mục hàng hoá và thuế suất thuế nhập khẩu để áp dụng hạn ngạch thuế quan,42787,305,18,QUANG_BINH,null,null,https://files.customs.gov.vn/CustomsCMS/QUANG_BINH/2021/04/images/stories/files/1112012TTBTC.DOC,https://www.customs.gov.vn/index.jsp?pageId=3&id=42787&cid=1294,2012,07/2012,2026-10-08T09:45:20Z
342,1081/ATTP-ĐKCN,02/07/2012,null,Kiểm tra thực phẩm nhập khẩu từ Nhật Bản,72951,305,16,DA_NANG,Trần Quang Trung,null,https://files.customs.gov.vn/DA_NANG/Uploads/65e32243-11bf-4695-985d-c1563e8c13ba/1081-kiem+tra+thuc+pham+NK+tu+Nhat.tif,https://www.customs.gov.vn/index.jsp?pageId=3&id=72951&cid=1294,2012,07/2012,2026-10-08T09:45:20Z
343,3/CT-BTC,31/08/2012,null,Chỉ thị về việc tăng cường c&#244;ng t&#225;c quản l&#253; về hải quan đối với h&#224;ng h&#243;a kinh doanh tạm nhập t&#225;i xuất,67594,305,3,LANG_SON,null,31/08/2012,https://files.customs.gov.vn/LANG_SON/uploads/document/366/25_2012_TT-BCT.doc,https://www.customs.gov.vn/index.jsp?pageId=3&id=67594&cid=1294,2012,08/2012,2026-10-08T09:45:20Z
344,5069/QĐ-BCT,31/08/2012,Bộ và ngang bộ,"quyết định số 5069/QĐ-BCT của Bộ Công thương về việc công bố thủ tục hành chính mới ban hành trong lĩnh vực dãn nhãn năng lượng cho các phương tiện thiết bị sử dụng năng lượng thuộc phạm vi, chức năng quản lý của Bộ Công thương",59513,305,10,TONG_CUC,Hồ Thị Kim Thoa,31/08/2012,,https://www.customs.gov.vn/index.jsp?pageId=3&id=59513&cid=1294,2012,08/2012,2026-10-08T09:45:20Z
345,63/2012/NÐ-CP,31/08/2012,Chính phủ,"Nghị định quy định chức năng, nhiệm vụ, quyền hạn và cơ cấu tổ chức của Bộ y tế",57170,305,8,TP_HO_CHI_MINH,Nguyễn Tấn Dũng,20/10/2012,https://files.customs.gov.vn/CustomsCMS/TP_HO_CHI_MINH/2020/Web/Data/DocumentAttachments/63_2012_ND-CP_146851.doc,https://www.customs.gov.vn/index.jsp?pageId=3&id=57170&cid=1294,2012,08/2012,2026-10-08T09:45:20Z
346,4509/TCHQ-GSQL,28/08/2012,null,Thủ tục hải quan đối với hàng kinh doanh tạm nhập tái xuất,73946,305,16,DA_NANG,Nguyễn Văn Cẩn,28/08/2012,https://files.customs.gov.vn/DA_NANG/Uploads/65e32243-11bf-4695-985d-c1563e8c13ba/4509-thu tuc HQ hang KD TNTX.tif,https://www.customs.gov.vn/index.jsp?pageId=3&id=73946&cid=1294,2012,08/2012,2026-10-08T09:45:20Z
347,1343/HQĐNa-VP,27/08/2012,Cục Hải Quan tỉnh Đồng Nai,V/v Nghỉ Lễ Quốc Khánh 02/09,64568,305,18,DONG_NAI,null,null,https://files.customs.gov.vn/DONG_NAI//Data/Cv_Hqdn/1343_HQDNa_VP_27_08_2012.pdf,https://www.customs.gov.vn/index.jsp?pageId=3&id=64568&cid=1294,2012,08/2012,2026-10-08T09:45:20Z
348,16/2012/TT-BKHCN,27/08/2012,null,Quy định việc kiểm tra nhà nước về chất lượng sản phẩm trong sản xuất thuộc trách nhiệm của Bộ KHCN,73989,305,4,DA_NANG,Trần Việt Thanh,15/10/2012,https://files.customs.gov.vn/DA_NANG/Uploads/65e32243-11bf-4695-985d-c1563e8c13ba/TT16-KTCL-BKHCN.tif,https://www.customs.gov.vn/index.jsp?pageId=3&id=73989&cid=1294,2012,08/2012,2026-10-08T09:45:20Z
349,11378/BTC-TCHQ,24/08/2012,Bộ Tài chính,V/v Thời hạn nộp thuế GTGT đối với mặt hàng thuốc trừ sâu,62915,305,18,DONG_NAI,null,null,,https://www.customs.gov.vn/index.jsp?pageId=3&id=62915&cid=1294,2012,08/2012,2026-10-08T09:45:20Z
350,1337/HQĐNa-TXNK,24/08/2012,Cục Hải Quan tỉnh Đồng Nai,Trả lời Công ty TNHH Tanaka Scale Việt Nam v/v Đăng ký danh mục hàng hóa nhập khẩu miễn thuế,64569,305,18,DONG_NAI,null,null,https://files.customs.gov.vn/DONG_NAI//Data/Cv_Hqdn/1337_HQDNa_TXNK_24_08_2012.pdf,https://www.customs.gov.vn/index.jsp?pageId=3&id=64569&cid=1294,2012,08/2012,2026-10-08T09:45:20Z
351,4495/TCHQ-GSQL,24/08/2012,null,Xử lý tem VIET NAM DUTY NOT PAID,73943,305,16,DA_NANG,Vũ Ngọc Anh,24/08/2012,https://files.customs.gov.vn/DA_NANG/Uploads/65e32243-11bf-4695-985d-c1563e8c13ba/4495-xu ly tem VN duty not paid.tif,https://www.customs.gov.vn/index.jsp?pageId=3&id=73943&cid=1294,2012,08/2012,2026-10-08T09:45:20Z
352,1328/HQĐNa-TXNK,23/08/2012,Cục Hải Quan tỉnh Đồng Nai,Trả lời Công ty TNHH Platz Việt Nam v/v Đăng ký danh mục hàng hóa nhập khẩu miễn thuế tạo TSCĐ,64570,305,18,DONG_NAI,null,null,https://files.customs.gov.vn/DONG_NAI//Data/Cv_Hqdn/1328_HQDNa_TXNK_23_08_2012.pdf,https://www.customs.gov.vn/index.jsp?pageId=3&id=64570&cid=1294,2012,08/2012,2026-10-08T09:45:20Z
353,4456/TCHQ-TXNK,23/08/2012,null,Phân loại và truy hoàn thuế mặt hàng dây thép hợp kim đã phủ (hoặc mạ) đồng,73941,305,16,DA_NANG,Hoàng Việt Cường,23/08/2012,https://files.customs.gov.vn/DA_NANG/Uploads/65e32243-11bf-4695-985d-c1563e8c13ba/2012_4456 TCHQ-TXNK ngày 23.8.2012 Phân loại và truy hoàn thuế mặt hàng dây thép hợp kim đã phủ (hoặc mạ) đồng.tif,https://www.customs.gov.vn/index.jsp?pageId=3&id=73941&cid=1294,2012,08/2012,2026-10-08T09:45:20Z
354,1318/HQĐNa-TXNK,22/08/2012,Cục Hải Quan tỉnh Đồng Nai,Trả lời Công ty cổ phần Việt Pháp SXTAGS Proconco v/v Đăng ký danh mục hàng hóa nhập khẩu miễn thuế tạo TSCĐ,64571,305,18,DONG_NAI,null,null,https://files.customs.gov.vn/DONG_NAI//Data/Cv_Hqdn/1318_HQDNa_TXNK_22_08_2012.pdf,https://www.customs.gov.vn/index.jsp?pageId=3&id=64571&cid=1294,2012,08/2012,2026-10-08T09:45:20Z
355,1350/QLCL-CL1,20/08/2012,null,"Kiểm tra, chứng nhận chất lượng dụng cụ, vật liệu bao gói, chưa đựng thành phẩm",73940,305,16,DA_NANG,Trần Bích Nga,20/08/2012,https://files.customs.gov.vn/DA_NANG/Uploads/65e32243-11bf-4695-985d-c1563e8c13ba/1350-KT chung nhan chat luong.tif,https://www.customs.gov.vn/index.jsp?pageId=3&id=73940&cid=1294,2012,08/2012,2026-10-08T09:45:20Z
356,4372/TCHQ-TXNK,20/08/2012,null,Phân loại mặt hàng bình sắt tráng men dùng để lắp ráp bình nước nóng,73939,305,16,DA_NANG,Hoàng Việt Cường,20/08/2012,https://files.customs.gov.vn/DA_NANG/Uploads/65e32243-11bf-4695-985d-c1563e8c13ba/4372 TCHQ-TXNK ngày 20.8.2012  Phân loại mặt hàng bình sắt tráng men dùng để lắp ráp bình nước nóng.tif,https://www.customs.gov.vn/index.jsp?pageId=3&id=73939&cid=1294,2012,08/2012,2026-10-08T09:45:20Z
357,6181/BKHĐT-KTCN,20/08/2012,null,Xác nhận loại tàu kéo trong nước chưa sản xuất được,73938,305,16,DA_NANG,Tống Quốc Đạt,20/08/2012,https://files.customs.gov.vn/DA_NANG/Uploads/65e32243-11bf-4695-985d-c1563e8c13ba/6186-xac nhan tàu keo trong nuoc chua SX duoc.tif,https://www.customs.gov.vn/index.jsp?pageId=3&id=73938&cid=1294,2012,08/2012,2026-10-08T09:45:20Z
358,1294/HQĐNa-GSQL,17/08/2012,Cục Hải Quan tỉnh Đồng Nai,Trả lời Công ty TNHH Muto Việt Nam v/v tính thuế hàng nhập gia công,64572,305,18,DONG_NAI,null,null,https://files.customs.gov.vn/DONG_NAI//Data/Cv_Hqdn/1294_HQDNa_GSQL_17_08_2012.pdf,https://www.customs.gov.vn/index.jsp?pageId=3&id=64572&cid=1294,2012,08/2012,2026-10-08T09:45:20Z
359,4347/TCHQ-GSQL,17/08/2012,Tổng cục hải quan,V/v Hàng hóa gửi kho ngoại quan (Trả lời Công ty Nippon Express Việt Nam),62916,305,18,DONG_NAI,null,null,,https://www.customs.gov.vn/index.jsp?pageId=3&id=62916&cid=1294,2012,08/2012,2026-10-08T09:45:20Z
360,7483/BCT-XNK,16/08/2012,null,Một số vấn đề liên quan đến XNK hàng hóa của DNCX,73936,305,16,DA_NANG,Nguyễn Thành Biên,16/08/2012,https://files.customs.gov.vn/DA_NANG/Uploads/65e32243-11bf-4695-985d-c1563e8c13ba/7483-quyen XNK cua DNCX.tif,https://www.customs.gov.vn/index.jsp?pageId=3&id=73936&cid=1294,2012,08/2012,2026-10-08T09:45:20Z
361,1284/HQĐNa-GSQL,15/08/2012,Cục Hải Quan tỉnh Đồng Nai,Trả lời Công ty TNHH Nhựa và Hóa chất TPC Vina v/v thời điểm nộp Giấy xác nhận khai báo hóa chất nhập khẩu,64574,305,18,DONG_NAI,null,null,https://files.customs.gov.vn/DONG_NAI//Data/Cv_Hqdn/1284_HQDNa_GSQL_15_08_2012.PDF,https://www.customs.gov.vn/index.jsp?pageId=3&id=64574&cid=1294,2012,08/2012,2026-10-08T09:45:20Z
362,1285/HQĐNa-GSQL,15/08/2012,Cục Hải Quan tỉnh Đồng Nai,V/v Cảnh báo các trường hợp sai phạm về thuế và thủ tục hải quan,64573,305,18,DONG_NAI,null,null,https://files.customs.gov.vn/DONG_NAI//Data/Cv_Hqdn/1285_HQDNa_GSQL_15_08_2012.PDF,https://www.customs.gov.vn/index.jsp?pageId=3&id=64573&cid=1294,2012,08/2012,2026-10-08T09:45:20Z
363,622/TCNL-KHCN,15/08/2012,Khác,V/v Phối hợp triển khai chương trình dán nhãn năng lượng bắt buộc,62917,305,18,DONG_NAI,null,null,https://files.customs.gov.vn/DONG_NAI//Data/CV_BCT/622_TCNL_KHCN_15_08_2012.pdf,https://www.customs.gov.vn/index.jsp?pageId=3&id=62917&cid=1294,2012,08/2012,2026-10-08T09:45:20Z
364,4233/TCHQ-TXNK,14/08/2012,Tổng cục hải quan,V/v Hướng dẫn phân loại linh kiện nhập khẩu,62919,305,18,DONG_NAI,null,null,,https://www.customs.gov.vn/index.jsp?pageId=3&id=62919&cid=1294,2012,08/2012,2026-10-08T09:45:20Z
365,4277/TCHQ-TXNK,14/08/2012,Tổng cục hải quan,V/v Phân loại và tính thuế xe thiết kế chở tiền theo TT 119/2012/TT-BTC,62918,305,18,DONG_NAI,null,null,,https://www.customs.gov.vn/index.jsp?pageId=3&id=62918&cid=1294,2012,08/2012,2026-10-08T09:45:20Z
366,1262/HQĐNa-GSQL,13/08/2012,Cục Hải Quan tỉnh Đồng Nai,Trả lời Công ty TNHH Great Veca VN v/v xin xem xét thời hạn nộp bản chính Giấy xác nhận khai báo hóa chất,64575,305,18,DONG_NAI,null,null,https://files.customs.gov.vn/DONG_NAI//Data/Cv_Hqdn/1262_HQDNa_GSQL_13_08_2012.PDF,https://www.customs.gov.vn/index.jsp?pageId=3&id=64575&cid=1294,2012,08/2012,2026-10-08T09:45:20Z
367,4215/TCHQ-TXNK,13/08/2012,Tổng cục hải quan,"V/v Phân loại mặt hàng Băng Betacam, băng Digital loại chưa ghi",62922,305,18,DONG_NAI,null,null,,https://www.customs.gov.vn/index.jsp?pageId=3&id=62922&cid=1294,2012,08/2012,2026-10-08T09:45:20Z
368,4224/TCHQ-TXNK,13/08/2012,null,Hướng dẫn phân loại mặt hàng cá Saba đông lạnh,73933,305,16,DA_NANG,Nguyễn Hải Trang,13/08/2012,https://files.customs.gov.vn/DA_NANG/Uploads/65e32243-11bf-4695-985d-c1563e8c13ba/4224 TCHQ-TXNK ngày 13.08.2012 phân loại cá Saba đônh lạnh.tif,https://www.customs.gov.vn/index.jsp?pageId=3&id=73933&cid=1294,2012,08/2012,2026-10-08T09:45:20Z
369,531/GSQL-GQ1,13/08/2012,Tổng cục hải quan,V/v Thủ tục chuyển khẩu hàng hóa,62921,305,18,DONG_NAI,null,null,,https://www.customs.gov.vn/index.jsp?pageId=3&id=62921&cid=1294,2012,08/2012,2026-10-08T09:45:20Z
370,536/GSQL-GQ1,13/08/2012,Tổng cục hải quan,V/v Thời điểm nộp Giấy xác nhận khai báo hóa chất nhập khẩu,62920,305,18,DONG_NAI,null,null,,https://www.customs.gov.vn/index.jsp?pageId=3&id=62920&cid=1294,2012,08/2012,2026-10-08T09:45:20Z
371,10784/BTC-TCHQ,10/08/2012,Bộ Tài chính,V/v Giải đáp vướng mắc về thủ tục hải quan khi chuyển đổi thành doanh nghiệp chế xuất,62923,305,18,DONG_NAI,null,null,,https://www.customs.gov.vn/index.jsp?pageId=3&id=62923&cid=1294,2012,08/2012,2026-10-08T09:45:20Z
372,1245/HQĐNa-TXNK,10/08/2012,Cục Hải Quan tỉnh Đồng Nai,Trả lời Công ty TNHH Việt Nam Center Powe Tech v/v hướng dẫn thủ tục hải quan đối với nguyên liệu tự cung ứng cho hợp đồng gia công,64577,305,18,DONG_NAI,null,null,https://files.customs.gov.vn/DONG_NAI//Data/Cv_Hqdn/1245_HQDNa_TXNK_10_08_2012.PDF,https://www.customs.gov.vn/index.jsp?pageId=3&id=64577&cid=1294,2012,08/2012,2026-10-08T09:45:20Z
373,1249/HQĐNa-TXNK,10/08/2012,Cục Hải Quan tỉnh Đồng Nai,Trả lời Công ty TNHH YKK v/v đăng ký danh mục hàng hóa nhập khẩu miễn thuế tạo TSCĐ,64576,305,18,DONG_NAI,null,null,https://files.customs.gov.vn/DONG_NAI//Data/Cv_Hqdn/1249_HQDNa_TXNK_10_08_2012.PDF,https://www.customs.gov.vn/index.jsp?pageId=3&id=64576&cid=1294,2012,08/2012,2026-10-08T09:45:20Z
374,1241/HQĐNa-TXNK,09/08/2012,Cục Hải Quan tỉnh Đồng Nai,Trả lời Công ty TNHH SanLim Furniture Việt Nam v/v Điều chỉnh danh mục hàng hóa nhập khẩu miễn thuế,64579,305,18,DONG_NAI,null,null,https://files.customs.gov.vn/DONG_NAI//Data/Cv_Hqdn/1241_HQDNa_TXNK_09_08_2012.PDF,https://www.customs.gov.vn/index.jsp?pageId=3&id=64579&cid=1294,2012,08/2012,2026-10-08T09:45:20Z
375,4165/TCHQ-GSQL,09/08/2012,null,"Cấp giấy phép nhập khẩu xe ô tô, xe gắn đang sử dụng theo chế độ tài sản di chuyển",73931,305,16,DA_NANG,Vũ Ngọc Anh,09/08/2012,https://files.customs.gov.vn/DA_NANG/Uploads/cf5198f1-781e-43bc-ad78-e1dbbd390eb7/ty3.docx,https://www.customs.gov.vn/index.jsp?pageId=3&id=73931&cid=1294,2012,08/2012,2026-10-08T09:45:20Z
376,4111/TCHQ-TXNK,08/08/2012,Tổng cục hải quan,V/v Phân loại hàng hóa mặt hàng chất làm đầy da,62924,305,18,DONG_NAI,null,null,,https://www.customs.gov.vn/index.jsp?pageId=3&id=62924&cid=1294,2012,08/2012,2026-10-08T09:45:20Z
377,23/2012/TT-BCT,07/08/2012,Bộ Công thương,Quy định việc áp dụng chế độ cấp Giấy phép nhập khẩu tự động đối với một số sản phẩm thép,52329,305,4,TP_HO_CHI_MINH,Nguyễn Thành Biên,20/09/2012,"https://files.customs.gov.vn/CustomsCMS/TP_HO_CHI_MINH/2020/Web/Data/DocumentAttachments/PL4b_Giay_xac_nhan_thanh_toan_qua_ngan_hang.doc,/CustomsCMS/TP_HO_CHI_MINH/2020/Web/Data/DocumentAttachments/PL3_Don_dang_ky_nhap_khau_tu_dong.doc,/CustomsCMS/TP_HO_CHI_MINH/2020/Web/Data/DocumentAttachments/23_2012_TT_BCT_Quy_dinh_viec_ap_dung_che_do_cap_Giay_phep_nhap_khau_tu_dong_doi_voi_mot_so_san_pham_thep.doc,/CustomsCMS/TP_HO_CHI_MINH/2020/Web/Data/DocumentAttachments/PL1_Danh_muc_san_pham_thep.doc,/CustomsCMS/TP_HO_CHI_MINH/2020/Web/Data/DocumentAttachments/PL2_Dang_ky_mau_chu_ky.doc,/CustomsCMS/TP_HO_CHI_MINH/2020/Web/Data/DocumentAttachments/PL4a_Giay_de_nghi_xac_nhan_thanh_toan_qua_ngan_hang.doc,/CustomsCMS/TP_HO_CHI_MINH/2020/Web/Data/DocumentAttachments/PL5__Bao_cao_tinh_hinh_nhap_khau.doc",https://www.customs.gov.vn/index.jsp?pageId=3&id=52329&cid=1294,2012,08/2012,2026-10-08T09:45:20Z
378,4073/TCHQ-TXNK,07/08/2012,Tổng cục hải quan,V/v Phân loại mặt hàng tấm nhựa polycacbonate,62926,305,18,DONG_NAI,null,null,,https://www.customs.gov.vn/index.jsp?pageId=3&id=62926&cid=1294,2012,08/2012,2026-10-08T09:45:20Z
379,512/GSQL-GQ2,07/08/2012,Tổng cục hải quan,V/v Hướng dẫn thủ tục xuất khẩu nguyên liệu để đặt gia công ở nước ngoài,62925,305,18,DONG_NAI,null,null,,https://www.customs.gov.vn/index.jsp?pageId=3&id=62925&cid=1294,2012,08/2012,2026-10-08T09:45:20Z
380,4039/TCHQ-TXNK,06/08/2012,Tổng cục hải quan,V/v Khai báo mã HS cho mặt hàng lốp xe ô tô,62927,305,18,DONG_NAI,null,null,,https://www.customs.gov.vn/index.jsp?pageId=3&id=62927&cid=1294,2012,08/2012,2026-10-08T09:45:20Z
381,10325/BTC-TCHQ,02/08/2012,null,Áp dụng mức thuế suất thuế GTGT mặt hàng máy chiếu tia hồng ngoại,73927,305,16,DA_NANG,Hoàng Việt Cường,02/08/2012,https://files.customs.gov.vn/DA_NANG/Uploads/65e32243-11bf-4695-985d-c1563e8c13ba/2012_10325 BTC-TCHQ ngày 02.8.2012 Áp dụng mức thuế suất thuế GTGT mặt hàng máy chiếu tia hồng ngoại.tif,https://www.customs.gov.vn/index.jsp?pageId=3&id=73927&cid=1294,2012,08/2012,2026-10-08T09:45:20Z
382,3985/TCHQ-GSQL,02/08/2012,null,Hướng dẫn thực hiện thông tư số 117/2011/TT-BTC,73928,305,16,DA_NANG,Vũ Ngọc Anh,02/08/2012,https://files.customs.gov.vn/DA_NANG/Uploads/65e32243-11bf-4695-985d-c1563e8c13ba/3985-GSQL-02.8.2012 HD thuc hien TT 117-2011-TT-BTC.tif,https://www.customs.gov.vn/index.jsp?pageId=3&id=73928&cid=1294,2012,08/2012,2026-10-08T09:45:20Z
383,10312/BTC-TCHQ,01/08/2012,Bộ Tài chính,"Công văn 10312/BTC-TCHQ của Bộ Tài chính về kiến nghị về thuế đối với nguyên liệu, vật tư, bán thành phẩm phục vụ đóng tàu",61832,305,16,QUANG_NGAI,Hoàng Việt Cường,01/01/1900,,https://www.customs.gov.vn/index.jsp?pageId=3&id=61832&cid=1294,2012,08/2012,2026-10-08T09:45:20Z
384,1207/HQĐNa-CCHĐH,01/08/2012,Cục Hải Quan tỉnh Đồng Nai,Trả lời Công ty cổ phần Softech v/v Tham gia triển khai thủ tục Hải quan điện tử,64580,305,18,DONG_NAI,null,null,https://files.customs.gov.vn/DONG_NAI//Data/Cv_Hqdn/1207_HQDNa_CCHDH_01_08_2012.PDF,https://www.customs.gov.vn/index.jsp?pageId=3&id=64580&cid=1294,2012,08/2012,2026-10-08T09:45:20Z
385,74/2012/NĐ-CP,29/09/2012,Chính phủ,"Nghị định số 74/2012/NĐ-CP của Chính phủ quy định chức năng, nhiệm vụ, quyền hạn và cơ cấu tổ chức của Văn phòng Chính phủ",42790,305,18,QUANG_BINH,null,null,https://files.customs.gov.vn/CustomsCMS/QUANG_BINH/2021/04/images/stories/files/ND7412CP.doc,https://www.customs.gov.vn/index.jsp?pageId=3&id=42790&cid=1294,2012,09/2012,2026-10-08T09:45:20Z
386,671/GSQL-GQ1,27/09/2012,Tổng cục hải quan,V/v Hướng dẫn thủ tục hải quan (Công ty TNHH XNK Hoa  Lâm),63516,305,18,DONG_NAI,null,null,,https://www.customs.gov.vn/index.jsp?pageId=3&id=63516&cid=1294,2012,09/2012,2026-10-08T09:45:20Z
387,13089/BTC-TCHQ,26/09/2012,null,Thực hiện Chỉ thị số 02/CT-TTg về xuất khẩu khoáng sản,73975,305,16,DA_NANG,Đỗ Hoàng Anh Tuấn,26/09/2012,https://files.customs.gov.vn/DA_NANG/Uploads/65e32243-11bf-4695-985d-c1563e8c13ba/13089-thuc hien CT 02-Xk khoang san.tif,https://www.customs.gov.vn/index.jsp?pageId=3&id=73975&cid=1294,2012,09/2012,2026-10-08T09:45:20Z
388,49/2012/TT-BNNPTNT,26/09/2012,Bộ nông nghiệp và phát triển nông thôn,"Ban hành “Danh mục bổ sung giống vật nuôi được phép sản xuất, kinh doanh”",53661,305,4,TP_HO_CHI_MINH,Diệp Kỉnh Tần,10/11/2012,https://files.customs.gov.vn/CustomsCMS/TP_HO_CHI_MINH/2020/Web/Data/DocumentAttachments/49_2012_TT-BNNPTNT_Ban_hanh_danh_muc_bo_sung_giong_vat_nuoi_duoc_phep_san_xuat_kinh_doanh.doc,https://www.customs.gov.vn/index.jsp?pageId=3&id=53661&cid=1294,2012,09/2012,2026-10-08T09:45:20Z
389,5142/TCHQ-CCHĐH,26/09/2012,Tổng cục hải quan,V/v Trả lời công ty Intel Việt Nam về hệ thống VNACCS,63517,305,18,DONG_NAI,null,null,,https://www.customs.gov.vn/index.jsp?pageId=3&id=63517&cid=1294,2012,09/2012,2026-10-08T09:45:20Z
390,5160/TCHQ-TCCB,26/09/2012,Tổng cục hải quan,"Tiếp tục quán triệt, tổ chức thực hiện quyết liệt kỷ luật, kỷ cương khi thi hành công vụ trong ngành Hải quan",60925,305,16,TONG_CUC,Nguyễn Ngọc Túc,26/09/2012,https://files.customs.gov.vn/BINH_DUONG/CMS/Lists/VanBanPhapQuy_VN/Attachments/3168/26 CV 5160 TCHQ-TCCB ngày 26.9.12.tif,https://www.customs.gov.vn/index.jsp?pageId=3&id=60925&cid=1294,2012,09/2012,2026-10-08T09:45:20Z
391,5516/TCHQ-GSQL,25/09/2012,null,Thống nhất cách hiểu về hóa đơn nước thứ 3trong Hiệp định AANZ,73971,305,16,DA_NANG,Vũ Ngọc Anh,25/09/2012,https://files.customs.gov.vn/DA_NANG/Uploads/65e32243-11bf-4695-985d-c1563e8c13ba/5516-thong nhat cach hieu hoa don nuoc thu 3.tif,https://www.customs.gov.vn/index.jsp?pageId=3&id=73971&cid=1294,2012,09/2012,2026-10-08T09:45:20Z
392,5603-5605-5606/QĐ-BCT,25/09/2012,Bộ Công thương,"V/v Thu hồi Giấy chứng nhận đủ điều kiện kinh doanh xuất khẩu gạo (Công ty Công Thành, Phước Thành II, XNK Nông sản Xuyên Việt)",63518,305,10,DONG_NAI,null,null,https://files.customs.gov.vn/DONG_NAI//Data/CV_BCT/5603_5_6_QD_BCT_25_09_2012.pdf,https://www.customs.gov.vn/index.jsp?pageId=3&id=63518&cid=1294,2012,09/2012,2026-10-08T09:45:20Z
393,1504/HQĐNa-TXNK,24/09/2012,Cục Hải Quan tỉnh Đồng Nai,V/v Đăng ký danh mục hàng hóa nhập khẩu miễn thuế tạo TSCĐ (Công ty cổ phần hữu hạn Vedan VN),64561,305,18,DONG_NAI,null,null,https://files.customs.gov.vn/DONG_NAI//Data/Cv_Hqdn/1504_HQDNa_TXNK_24_09_2012.pdf,https://www.customs.gov.vn/index.jsp?pageId=3&id=64561&cid=1294,2012,09/2012,2026-10-08T09:45:20Z
394,26/2012/TT-BCT,21/09/2012,Bộ Công thương,"Sửa đổi, bổ sung một số điều Thông tư số 23/2009/TT-BCT ngày 11 tháng 8 năm 2009 của Bộ trưởng Bộ Công thương quy định chi tiết một số điều của Nghị định số 39/2009/NĐ-CP ngày 23 tháng 4 năm 2009 của Chính phủ về vật liệu nổ công nghiệp",61316,305,4,BA_RIA_VUNG_TAU,null,05/11/2012,https://files.customs.gov.vn/BA_RIA_VUNG_TAU/uploads/document/365/26_2012_TT-BCT.doc,https://www.customs.gov.vn/index.jsp?pageId=3&id=61316&cid=1294,2012,09/2012,2026-10-08T09:45:20Z
395,5053/TCHQ-GSQL,21/09/2012,Tổng cục hải quan,V/v Hướng dẫn thủ tục hải quan (Công ty TNHH Quốc tế Jaguar Hà Nội),63521,305,18,DONG_NAI,null,null,,https://www.customs.gov.vn/index.jsp?pageId=3&id=63521&cid=1294,2012,09/2012,2026-10-08T09:45:20Z
396,5056/TCHQ-TXNK,21/09/2012,Tổng cục hải quan,V/v Thông tin sản phẩm xuất khẩu (Hiệp hội Chế biến và xuất khẩu thủy sản Việt Nam),63520,305,18,DONG_NAI,null,null,,https://www.customs.gov.vn/index.jsp?pageId=3&id=63520&cid=1294,2012,09/2012,2026-10-08T09:45:20Z
397,5057/TCHQ-TXNK,21/09/2012,Tổng cục hải quan,"V/v Phân loại trước đối với các mặt hàng: vòng hãm, vòng đệm, kẹp ống dẫn khí hoặc chất lỏng (Công ty TNHH TOPY FASTENERS Việt Nam)",63519,305,18,DONG_NAI,null,null,,https://www.customs.gov.vn/index.jsp?pageId=3&id=63519&cid=1294,2012,09/2012,2026-10-08T09:45:20Z
398,1492/HQĐNa-TXNK,20/09/2012,Cục Hải Quan tỉnh Đồng Nai,V/v Điều chỉnh Danh mục hàng hóa nhập khẩu miễn thuế ( Công ty TNHH CP DD Nông nghiệp Quốc Tế),64562,305,18,DONG_NAI,null,null,https://files.customs.gov.vn/DONG_NAI//Data/Cv_Hqdn/1492_HQDNa_TXNK_20_09_2012.pdf,https://www.customs.gov.vn/index.jsp?pageId=3&id=64562&cid=1294,2012,09/2012,2026-10-08T09:45:20Z
399,5010/TCHQ-GSQL,20/09/2012,null,Chuyển nguyên phụ liệu sau thanh khoản hợp đồng gia công,73967,305,16,DA_NANG,Vũ Ngọc Anh,20/09/2012,https://files.customs.gov.vn/DA_NANG/Uploads/65e32243-11bf-4695-985d-c1563e8c13ba/5010-TCHQ tra loi Kad.tif,https://www.customs.gov.vn/index.jsp?pageId=3&id=73967&cid=1294,2012,09/2012,2026-10-08T09:45:20Z
400,5012/TCHQ-TXNK,20/09/2012,Tổng cục hải quan,V/v Xác nhận thực xuất tờ khai hải quan điện tử ( Công ty Thuốc lá Sài Gòn),63522,305,18,DONG_NAI,null,null,,https://www.customs.gov.vn/index.jsp?pageId=3&id=63522&cid=1294,2012,09/2012,2026-10-08T09:45:20Z
401,154/2012/TT-BTC,19/09/2012,Bộ Tài chính,Thông tư số 154/2012/TT-BTC của Bộ Tài chính sửa đổi mức thuế suất thuế nhập khẩu ưu đãi đối với các mặt hàng thuộc nhóm 2815.11.10 và nhóm 2842.10.00 trong biểu thuế nhập khẩu ưu đãi,42789,305,18,QUANG_BINH,null,null,https://files.customs.gov.vn/CustomsCMS/QUANG_BINH/2021/04/images/stories/files/TT154-2012-BTC.doc,https://www.customs.gov.vn/index.jsp?pageId=3&id=42789&cid=1294,2012,09/2012,2026-10-08T09:45:20Z
402,4965/TCHQ-GSQL,19/09/2012,Tổng cục hải quan,V/v Thanh khoản tờ khai XKD đăng ký sai loại hình (Công ty CP bao bì Vinacan Sài Gòn),63525,305,18,DONG_NAI,null,null,,https://www.customs.gov.vn/index.jsp?pageId=3&id=63525&cid=1294,2012,09/2012,2026-10-08T09:45:20Z
403,4966/TCHQ-TXNK,19/09/2012,Tổng cục hải quan,V/v Vướng mắc thuế GTGT và quyền nhập khẩu ( Công ty TNHH Bonnie Farm),63524,305,18,DONG_NAI,null,null,,https://www.customs.gov.vn/index.jsp?pageId=3&id=63524&cid=1294,2012,09/2012,2026-10-08T09:45:20Z
404,4995/TCHQ-GSQL,19/09/2012,Tổng cục hải quan,V/v Vướng mắc hồ sơ thanh khoản nguyên liệu NK theo loại hình NSXXK (Công ty TNHH PTNL DVTM & SX Cát Lâm),63523,305,18,DONG_NAI,null,null,,https://www.customs.gov.vn/index.jsp?pageId=3&id=63523&cid=1294,2012,09/2012,2026-10-08T09:45:20Z
405,154/2012/TT-BTC,18/09/2012,null,Thông tư sửa đổi mức thuế suất thuế xuất nhập khẩu ưu đãi đối với các mặt hàng thuộc mã số 2815.11.00 và mã số 2842.10.00 tại Biểu thuế nhập khẩu ưu đãi,74008,305,4,DA_NANG,Vũ Thị Mai,02/11/2012,https://files.customs.gov.vn/DA_NANG/Uploads/65e32243-11bf-4695-985d-c1563e8c13ba/TT 154-2012-TT-BTC ngayf 18.9.2012  sửa đổi mức thuế suất các mặt hàng thuộc mã số 2815.11.00 và mã số 2842.10.00 tại Biểu thuế nhập khẩu ưu đãi.tif,https://www.customs.gov.vn/index.jsp?pageId=3&id=74008&cid=1294,2012,09/2012,2026-10-08T09:45:20Z
406,4936/TCHQ-GSQL,18/09/2012,null,Quy định dán nhãn năng lượng cho các phương tiện và thiết bị sử dụng năng lượng nhập khẩp,73964,305,16,DA_NANG,Vũ Ngọc Anh,18/09/2012,https://files.customs.gov.vn/DA_NANG/Uploads/65e32243-11bf-4695-985d-c1563e8c13ba/4936-dan nhan nang luong.tif,https://www.customs.gov.vn/index.jsp?pageId=3&id=73964&cid=1294,2012,09/2012,2026-10-08T09:45:20Z
407,4953/TCHQ-CCHĐH,18/09/2012,Tổng cục hải quan,V/v Xử lý vướng mắc trong thủ tục hải quan điện tử,63526,305,18,DONG_NAI,null,null,,https://www.customs.gov.vn/index.jsp?pageId=3&id=63526&cid=1294,2012,09/2012,2026-10-08T09:45:20Z
408,1475/HQĐNa-TXNK,17/09/2012,Cục Hải Quan tỉnh Đồng Nai,Trả lời Công ty TNHH Olympus Việt Nam v/v thuế bảo vệ môi trường đối với tờ khai xuất nhập khẩu tại chỗ,64563,305,18,DONG_NAI,null,null,https://files.customs.gov.vn/DONG_NAI//Data/Cv_Hqdn/1475_HQDNa_TXNK_17_09_2012.pdf,https://www.customs.gov.vn/index.jsp?pageId=3&id=64563&cid=1294,2012,09/2012,2026-10-08T09:45:20Z
409,153/2012/TT-BTC,17/09/2012,Bộ Tài chính,"V/v Hướng dẫn việc in, phát hành, quản lý và sử dụng các loại chứng từ thu tiền phí thuộc ngân sách nhà nước",63527,305,4,DONG_NAI,null,null,,https://www.customs.gov.vn/index.jsp?pageId=3&id=63527&cid=1294,2012,09/2012,2026-10-08T09:45:20Z
410,24/2012/TT-BCT,17/09/2012,null,"Thông tư sửa đổi, bổ sung Thông tư 21/2010/TT-BCT ngày 17 tháng 5 năm 2010 của Bộ Công thương thực hiện Quy tắc xuất xứ trong Hiệp định thương mại hàng hóa ASEAN",74002,305,4,DA_NANG,Nguyễn Thành Biên,31/10/2012,,https://www.customs.gov.vn/index.jsp?pageId=3&id=74002&cid=1294,2012,09/2012,2026-10-08T09:45:20Z
411,1464/HQĐNa-ĐKS,14/09/2012,Cục Hải Quan tỉnh Đồng Nai,V/v Từ chối làm việc với ông Vũ Đức Chí,64564,305,18,DONG_NAI,null,null,https://files.customs.gov.vn/DONG_NAI//Data/Cv_Hqdn/1464_HQDNa_DKS_14_09_2012.pdf,https://www.customs.gov.vn/index.jsp?pageId=3&id=64564&cid=1294,2012,09/2012,2026-10-08T09:45:20Z
412,32/2012/TT-BGDÐT,14/09/2012,Bộ Giáo Dục Và Đào Tạo,Thông tư 32/2012/TT-BGDĐT về danh mục thiết bị và đồ chơi ngoài trời cho giáo dục mầm non do Bộ trưởng Bộ Giáo dục và Đào tạo ban hành,52992,305,4,TP_HO_CHI_MINH,Nguyễn Thị Nghĩa,30/10/2012,https://files.customs.gov.vn/CustomsCMS/TP_HO_CHI_MINH/2020/Web/Data/DocumentAttachments/32_2012_TT-BGDDT_147807.doc,https://www.customs.gov.vn/index.jsp?pageId=3&id=52992&cid=1294,2012,09/2012,2026-10-08T09:45:20Z
413,4863/TCHQ-TXNK,14/09/2012,Tổng cục hải quan,"V/v Chính sách thuế đối với phần mềm xuất khẩu, nhập khẩu ( Công ty cổ phần thiết bị y tế Ung thư)",62904,305,18,DONG_NAI,null,null,,https://www.customs.gov.vn/index.jsp?pageId=3&id=62904&cid=1294,2012,09/2012,2026-10-08T09:45:20Z
414,69/2012/NÐ-CP,14/09/2012,Chính phủ,"Sửa đổi, bổ sung Khoản 3 Điều 2 Nghị định số 67/2011/NĐ-CP ngày 08 tháng 8 năm 2011 của Chính phủ quy định chi tiết và hướng dẫn thi hành một số điều của Luật Thuế bảo vệ môi trường",53489,305,8,TP_HO_CHI_MINH,Nguyễn Tấn Dũng,15/11/2012,https://files.customs.gov.vn/CustomsCMS/TP_HO_CHI_MINH/2020/Web/Data/DocumentAttachments/69_2012_ND_CP_Sua_doi__bo_sung_Nghi_dinh_672011NDCP.doc,https://www.customs.gov.vn/index.jsp?pageId=3&id=53489&cid=1294,2012,09/2012,2026-10-08T09:45:20Z
415,4791/TCHQ-GSQL,13/09/2012,Tổng cục hải quan,V/v Thủ tục xuất khẩu tàu biển đã xuất cảnh ( Công ty TNHH Hoàng Sơn),62905,305,18,DONG_NAI,null,null,,https://www.customs.gov.vn/index.jsp?pageId=3&id=62905&cid=1294,2012,09/2012,2026-10-08T09:45:20Z
416,12317/BTC-CST,12/09/2012,null,Thuế GTGT đối với giống cây trồng,73962,305,16,DA_NANG,Vũ Thị Mai,12/09/2012,https://files.customs.gov.vn/DA_NANG/Uploads/65e32243-11bf-4695-985d-c1563e8c13ba/2012_12317 BTC-CST ngày 12.9.2012 Thuế GTGT đối với giống cây trồng.tif,https://www.customs.gov.vn/index.jsp?pageId=3&id=73962&cid=1294,2012,09/2012,2026-10-08T09:45:20Z
417,4782/TCHQ-TXNK,12/09/2012,Tổng cục hải quan,V/v Miễn thuế hàng nhập khẩu ( Văn phòng FHI 360/Việt Nam),62906,305,18,DONG_NAI,null,null,,https://www.customs.gov.vn/index.jsp?pageId=3&id=62906&cid=1294,2012,09/2012,2026-10-08T09:45:20Z
418,1441/HQĐNa-GSQL,11/09/2012,Cục Hải Quan tỉnh Đồng Nai,"Trả lời Công ty TNHH Mera Việt Nam v/v vướng mắc nhập khẩu máy móc, phụ tùng đã qua sử dụng",64565,305,18,DONG_NAI,null,null,https://files.customs.gov.vn/DONG_NAI//Data/Cv_Hqdn/1441_HQDNa_GSQL_10_09_2012.pdf,https://www.customs.gov.vn/index.jsp?pageId=3&id=64565&cid=1294,2012,09/2012,2026-10-08T09:45:20Z
419,148/2012/TT-BTC,11/09/2012,Bộ Tài chính,V/v Hướng dẫn thực hiện mức thuế suất thuế nhập khẩu ưu đãi đối với một số mặt hàng thuộc nhóm 2710 tại Biểu thuế nhập khẩu ưu đãi,62907,305,4,DONG_NAI,null,12/09/2012,,https://www.customs.gov.vn/index.jsp?pageId=3&id=62907&cid=1294,2012,09/2012,2026-10-08T09:45:20Z
420,4748/TCHQ-GSQL,11/09/2012,Tổng cục hải quan,V/v Nhập khẩu lô hàng theo loại hình phi mậu dịch để làm mẫu ( Công ty TNHH Piaggio Việt Nam),62908,305,18,DONG_NAI,null,null,,https://www.customs.gov.vn/index.jsp?pageId=3&id=62908&cid=1294,2012,09/2012,2026-10-08T09:45:20Z
421,4725/TCHQ-PC,10/09/2012,Tổng cục hải quan,V/v Xin tạm hoãn thi hành phạt tiền ( Công ty TNHH Sumidenso Việt Nam),62910,305,18,DONG_NAI,null,null,,https://www.customs.gov.vn/index.jsp?pageId=3&id=62910&cid=1294,2012,09/2012,2026-10-08T09:45:20Z
422,4732/TCHQ-TXNK,10/09/2012,Tổng cục hải quan,V/v Phân loại trước mặt hàng Phân bón,62909,305,18,DONG_NAI,null,null,,https://www.customs.gov.vn/index.jsp?pageId=3&id=62909&cid=1294,2012,09/2012,2026-10-08T09:45:20Z
423,1423/HQĐNa-GSQL,07/09/2012,Cục Hải Quan tỉnh Đồng Nai,Trả lời Công ty cổ phần TV-TM-DV địa ốc Hoàng Quân Bình Thuận v/v bổ sung hồ sơ thành lập địa điểm kiểm tra hàng hóa tập trung,64566,305,18,DONG_NAI,null,null,https://files.customs.gov.vn/DONG_NAI//Data/Cv_Hqdn/1423_HQDNa_GSQL_07_09_2012.pdf,https://www.customs.gov.vn/index.jsp?pageId=3&id=64566&cid=1294,2012,09/2012,2026-10-08T09:45:20Z
424,23/CT-TTg,07/09/2012,null,"Tăng cường công tác quản lý nhà nước đối với hoạt động kinh doanh tạm nhập tái xuất, chuyển khẩu và gửi kho ngoại quan",73958,305,3,DA_NANG,Nguyễn Tấn Dũng,07/09/2012,"https://files.customs.gov.vn/DA_NANG/Uploads/65e32243-11bf-4695-985d-c1563e8c13ba/CT23-tang cuong quan lu TNTX,CK.tif",https://www.customs.gov.vn/index.jsp?pageId=3&id=73958&cid=1294,2012,09/2012,2026-10-08T09:45:20Z
425,4700/TCHQ-TXNK,07/09/2012,Tổng cục hải quan,V/v Xác định mã số và thuế suất của phần mềm nhập khẩu,58011,305,16,TP_HO_CHI_MINH,Hoàng Việt Cường,07/09/2012,https://files.customs.gov.vn/CustomsCMS/TP_HO_CHI_MINH/2020/Web/Data/DocumentAttachments/4700-TCHQ-TXNK.tif,https://www.customs.gov.vn/index.jsp?pageId=3&id=58011&cid=1294,2012,09/2012,2026-10-08T09:45:20Z
426,8415/BCT-XNK,07/09/2012,Bộ Công thương,V/v Xử lý vướng mắc trong nhập khẩu ô tô (Tổng cục Hải quan),62911,305,18,DONG_NAI,null,null,,https://www.customs.gov.vn/index.jsp?pageId=3&id=62911&cid=1294,2012,09/2012,2026-10-08T09:45:20Z
427,12057/BTC-TCHQ,06/09/2012,Bộ Tài chính,V/v Xử lý vướng mắc về quyết toán linh kiện theo Điều 98 Thông tư số 194/2010/TT-BTC,62912,305,18,DONG_NAI,null,null,,https://www.customs.gov.vn/index.jsp?pageId=3&id=62912&cid=1294,2012,09/2012,2026-10-08T09:45:20Z
428,4644/TCHQ-TXNK,06/09/2012,Tổng cục hải quan,V/v Phân loại hàng hóa mặt hàng bảng điện tử,62913,305,18,DONG_NAI,null,null,,https://www.customs.gov.vn/index.jsp?pageId=3&id=62913&cid=1294,2012,09/2012,2026-10-08T09:45:20Z
429,03/2012/TT-BXD,05/09/2012,Bộ Xây dựng,V/v Công bố danh mục và mã số HS vật liệu amiăng thuộc nhóm amfibole cấm nhập khẩu,62914,305,4,DONG_NAI,null,25/10/2012,,https://www.customs.gov.vn/index.jsp?pageId=3&id=62914&cid=1294,2012,09/2012,2026-10-08T09:45:20Z
430,1400/HQĐNa-GSQL,05/09/2012,Cục Hải Quan tỉnh Đồng Nai,Trả lời Công ty TNHH Vopak Việt Nam v/v thu hẹp và mở rộng kho ngoại quan,64567,305,18,DONG_NAI,null,null,https://files.customs.gov.vn/DONG_NAI//Data/Cv_Hqdn/1400_HQDNa_GSQL_05_09_2012.pdf,https://www.customs.gov.vn/index.jsp?pageId=3&id=64567&cid=1294,2012,09/2012,2026-10-08T09:45:20Z
431,55/2012/TT-BNNPTNT,31/10/2012,Bộ nông nghiệp và phát triển nông thôn,Thông tư 55/2012/TT-BNNPTNT hướng dẫn thủ tục chỉ định tổ chức chứng nhận hợp quy và công bố hợp quy thuộc phạm vi quản lý của Bộ Nông nghiệp và Phát triển Nông thôn,57584,305,4,TP_HO_CHI_MINH,Bùi Bá Bổng,15/12/2012,https://files.customs.gov.vn/CustomsCMS/TP_HO_CHI_MINH/2020/Web/Data/DocumentAttachments/55_2012_TT-BNNPTNT_151169.doc,https://www.customs.gov.vn/index.jsp?pageId=3&id=57584&cid=1294,2012,10/2012,2026-10-08T09:45:20Z
432,6070/TCHQ-GSQL,31/10/2012,null,Nhập khẩu ô tô theo hướng dẫn tại CV số 8415/BCT-XNK,74001,305,16,DA_NANG,Vũ Ngọc Anh,31/10/2012,https://files.customs.gov.vn/DA_NANG/Uploads/65e32243-11bf-4695-985d-c1563e8c13ba/6070.tif,https://www.customs.gov.vn/index.jsp?pageId=3&id=74001&cid=1294,2012,10/2012,2026-10-08T09:45:20Z
433,6087/TCHQ-TXNK,31/10/2012,Tổng cục hải quan,"V/v Khai báo hợp đồng khi làm thủ tục hải quan (HQ Tp.Hồ Chí Minh, Công ty TNHH ô tô Á Châu)",62311,305,18,DONG_NAI,null,null,,https://www.customs.gov.vn/index.jsp?pageId=3&id=62311&cid=1294,2012,10/2012,2026-10-08T09:45:20Z
434,14930/BTC-TCHQ,30/10/2012,Bộ Tài chính,V/v Xử lý thuế nhập khẩu xe tải tự đổ (Công ty TNHH Hoàng Trà),62313,305,18,DONG_NAI,null,null,,https://www.customs.gov.vn/index.jsp?pageId=3&id=62313&cid=1294,2012,10/2012,2026-10-08T09:45:20Z
435,1726/HQĐNa-GSQL,30/10/2012,Cục Hải Quan tỉnh Đồng Nai,V/v C/O mẫu D không hợp lệ (Công ty TNHH CN Eagle),64550,305,18,DONG_NAI,null,null,https://files.customs.gov.vn/DONG_NAI//Data/Cv_Hqdn/1726_HQDNa_GSQL_30_10_2012.pdf,https://www.customs.gov.vn/index.jsp?pageId=3&id=64550&cid=1294,2012,10/2012,2026-10-08T09:45:20Z
436,1730/HQĐNa-HĐH,30/10/2012,Cục Hải Quan tỉnh Đồng Nai,V/v Phúc đáp công văn của Công ty TNHH TM&DV giao nhận Lê Hòa,64549,305,18,DONG_NAI,null,null,https://files.customs.gov.vn/DONG_NAI//Data/Cv_Hqdn/1730_HQDNa_HDH_30_10_2012.pdf,https://www.customs.gov.vn/index.jsp?pageId=3&id=64549&cid=1294,2012,10/2012,2026-10-08T09:45:20Z
437,6027/TCHQ-GSQL,30/10/2012,Tổng cục hải quan,V/v Chuyển đổi loại hình NSXXK sang loại hình NKD (Công ty TNHH TM DV SX A.C.T),62314,305,18,DONG_NAI,null,null,,https://www.customs.gov.vn/index.jsp?pageId=3&id=62314&cid=1294,2012,10/2012,2026-10-08T09:45:20Z
438,6038/TCHQ-GSQL,30/10/2012,Tổng cục hải quan,V/v Hướng dẫn thủ tục thanh lý và tiêu hủy tài sản không còn sử dụng được của DNCX (Công ty TNHH Intel Products Việt Nam),62312,305,18,DONG_NAI,null,null,,https://www.customs.gov.vn/index.jsp?pageId=3&id=62312&cid=1294,2012,10/2012,2026-10-08T09:45:20Z
439,6039/TCHQ-GSQL,30/10/2012,null,Gia hạn đối với mặt hàng xăng dầu kinh doanh TN-TX,73999,305,16,DA_NANG,Vũ Ngọc Anh,30/10/2012,https://files.customs.gov.vn/DA_NANG/Uploads/65e32243-11bf-4695-985d-c1563e8c13ba/6039.tif,https://www.customs.gov.vn/index.jsp?pageId=3&id=73999&cid=1294,2012,10/2012,2026-10-08T09:45:20Z
440,8693/VPCP-KTN,30/10/2012,null,Thực hiện chỉ thị số 02/CT-TTg của Thủ tướng chính phủ về khoáng sản,73998,305,16,DA_NANG,Văn Trọng Lý,30/10/2012,https://files.customs.gov.vn/DA_NANG/Uploads/65e32243-11bf-4695-985d-c1563e8c13ba/8693-khong XK khoang san theo chi thi 02TTg.tif,https://www.customs.gov.vn/index.jsp?pageId=3&id=73998&cid=1294,2012,10/2012,2026-10-08T09:45:20Z
441,5988/TCHQ-GSQL,29/10/2012,Tổng cục hải quan,"V/v Thanh khoản NVL và không tính thuế, tiền phạt chậm nộp theo loại hình NSXXK (Công ty CP bao bì Kim loại Vinacan Sài Gòn)",62317,305,18,DONG_NAI,null,null,,https://www.customs.gov.vn/index.jsp?pageId=3&id=62317&cid=1294,2012,10/2012,2026-10-08T09:45:20Z
442,6004/TCHQ-TXNK,29/10/2012,Tổng cục hải quan,V/v Hướng dẫn xác định trị giá tính thuế đối với hàng hóa chứa phần mềm nhập khẩu (Công ty TNHH các hệ thống viễn thông VNPT-FUJITSU),62315,305,18,DONG_NAI,null,null,,https://www.customs.gov.vn/index.jsp?pageId=3&id=62315&cid=1294,2012,10/2012,2026-10-08T09:45:20Z
443,763/GSQL-GQ2,29/10/2012,Tổng cục hải quan,V/v Nhập khẩu khuôn đúc để bán (Công ty TNHH Jebsen & Jessen Packaging Việt Nam),62316,305,18,DONG_NAI,null,null,,https://www.customs.gov.vn/index.jsp?pageId=3&id=62316&cid=1294,2012,10/2012,2026-10-08T09:45:20Z
444,1715/HQĐNa-GSQL,27/10/2012,Cục Hải Quan tỉnh Đồng Nai,V/v Thủ tục chuyển cửa khẩu,64551,305,18,DONG_NAI,null,null,https://files.customs.gov.vn/DONG_NAI//Data/Cv_Hqdn/1715_HQDNa_GSQL_27_10_2012.pdf,https://www.customs.gov.vn/index.jsp?pageId=3&id=64551&cid=1294,2012,10/2012,2026-10-08T09:45:20Z
445,762/GSQL-TH,26/10/2012,null,Hàng hóa nhập khẩu không ghi nhãn xuất xứ,74031,305,16,DA_NANG,Âu Anh Tuấn,26/11/2012,https://files.customs.gov.vn/DA_NANG/Uploads/65e32243-11bf-4695-985d-c1563e8c13ba/762.tif,https://www.customs.gov.vn/index.jsp?pageId=3&id=74031&cid=1294,2012,10/2012,2026-10-08T09:45:20Z
446,1700/HQĐNa-GSQL,25/10/2012,Cục Hải Quan tỉnh Đồng Nai,V/v Trả lời Công ty Nec Tokin Electronics Việt Nam v/v vướng mắc khi khai báo xuất bán theo loại hình xuất nhập khẩu tại chỗ,64553,305,18,DONG_NAI,null,null,https://files.customs.gov.vn/DONG_NAI//Data/Cv_Hqdn/1700_HQDNa_GSQL_25_10_2012.pdf,https://www.customs.gov.vn/index.jsp?pageId=3&id=64553&cid=1294,2012,10/2012,2026-10-08T09:45:20Z
447,1704/HQĐNa-GSQL,25/10/2012,Cục Hải Quan tỉnh Đồng Nai,V/v Trả lời Công ty Dong Yang Việt Nam v/v C/O không hợp lệ,64552,305,18,DONG_NAI,null,null,https://files.customs.gov.vn/DONG_NAI//Data/Cv_Hqdn/1704_HQDNa_GSQL_25_10_2012.pdf,https://www.customs.gov.vn/index.jsp?pageId=3&id=64552&cid=1294,2012,10/2012,2026-10-08T09:45:20Z
448,Luat2013,25/10/2012,null,Đề cương giới thiệu luật 2013,67327,305,18,CAN_THO,null,25/10/2012,https://files.customs.gov.vn/CAN_THO/De cuong gioi thieu Luat 2013.rar,https://www.customs.gov.vn/index.jsp?pageId=3&id=67327&cid=1294,2012,10/2012,2026-10-08T09:45:20Z
449,10199/BCT-XNK,24/10/2012,Bộ Công thương,V/v Kinh doanh tạm nhập tái xuất hàng thực phẩm đông lạnh (Thương nhân kinh doanh tạm nhập tái xuất thực phẩm đông lạnh),62319,305,18,DONG_NAI,null,null,,https://www.customs.gov.vn/index.jsp?pageId=3&id=62319&cid=1294,2012,10/2012,2026-10-08T09:45:20Z
450,14543/BTC-TCHQ,24/10/2012,Bộ Tài chính,V/v Kiến nghị miễn giám định đối với đồ kim hoàn xuất khẩu (Công ty TNHH Nữ trang D&Q; Công ty TNHH Trang sức GL; Công ty THNN Estelle Việt Nam),62318,305,18,DONG_NAI,null,null,,https://www.customs.gov.vn/index.jsp?pageId=3&id=62318&cid=1294,2012,10/2012,2026-10-08T09:45:20Z
451,2666/QÐ-BTC,24/10/2012,Bộ Tài chính,"Về việc ban hành Quy chế đấu thầu thực hiện mua sắm hàng hoá, dịch vụ tư vấn và lựa chọn nhà thầu xây dựng trong các cơ quan hành chính, đơn vị sự nghiệp thuộc Bộ Tài chính",54655,305,10,TP_HO_CHI_MINH,Phạm Sỹ Danh,24/10/2012,"https://files.customs.gov.vn/CustomsCMS/TP_HO_CHI_MINH/2020/Web/Data/DocumentAttachments/Quy_che-mau_bieu-phuluc.RAR,/CustomsCMS/TP_HO_CHI_MINH/2020/Web/Data/DocumentAttachments/Quyet_dinh_ban_hanh_Quy_che_dau_thau_so_2666_QD_BTC_24_10_2012.doc",https://www.customs.gov.vn/index.jsp?pageId=3&id=54655&cid=1294,2012,10/2012,2026-10-08T09:45:20Z
452,89/2012/NÐ-CP,24/10/2012,Chính phủ,"Nghị định sửa đổi, bổ sung một số điều của nghị định số 79/2006/NĐ-CP ngày 09 tháng 8 năm 2006 của chính phủ quy định chi tiết thi hành một số điều của luật dược",58479,305,8,TP_HO_CHI_MINH,Nguyễn Tấn Dũng,10/12/2012,https://files.customs.gov.vn/CustomsCMS/TP_HO_CHI_MINH/2020/Web/Data/DocumentAttachments/89_2012_ND-CP_150285.doc,https://www.customs.gov.vn/index.jsp?pageId=3&id=58479&cid=1294,2012,10/2012,2026-10-08T09:45:20Z
453,89/2012/NĐ-CP,24/10/2012,Chính phủ,Nghị định 89/2012/NĐ-CP sửa đổi Nghị định 79/2006/NĐ-CP hướng dẫn Luật dược,61346,305,8,TONG_CUC,Nguyễn Tấn Dũng,10/12/2012,,https://www.customs.gov.vn/index.jsp?pageId=3&id=61346&cid=1294,2012,10/2012,2026-10-08T09:45:20Z
454,5854/TCHQ-GSQL,23/10/2012,Tổng cục hải quan,V/v Thủ tục gia hạn hợp đồng gia công (Tập đoàn Hanaka),63493,305,18,DONG_NAI,null,null,,https://www.customs.gov.vn/index.jsp?pageId=3&id=63493&cid=1294,2012,10/2012,2026-10-08T09:45:20Z
455,6256/QĐ-BCT,23/10/2012,Bộ Công thương,V/v Thu hồi Giấy chứng nhận đủ điều kiện kinh doanh xuất khẩu gạo của Công ty TNHH kinh doanh XNK Quang Kỳ,62322,305,10,DONG_NAI,null,null,https://files.customs.gov.vn/DONG_NAI//Data/CV_BCT/6256_QD_BCT_23_10_2012.pdf,https://www.customs.gov.vn/index.jsp?pageId=3&id=62322&cid=1294,2012,10/2012,2026-10-08T09:45:20Z
456,6257/QĐ-BCT,23/10/2012,Bộ Công thương,V/v Thu hồi Giấy chứng nhận đủ điều kiện kinh doanh xuất khẩu gạo của DNTN Hoài Dũng,62321,305,10,DONG_NAI,null,null,https://files.customs.gov.vn/DONG_NAI//Data/CV_BCT/6257_QD_BCT_23_10_2012.pdf,https://www.customs.gov.vn/index.jsp?pageId=3&id=62321&cid=1294,2012,10/2012,2026-10-08T09:45:20Z
457,6258/QĐ-BCT,23/10/2012,Bộ Công thương,V/v Thu hồi Giấy chứng nhận đủ điều kiện kinh doanh xuất khẩu gạo của Công ty TNHH Đại Lợi,62320,305,10,DONG_NAI,null,null,https://files.customs.gov.vn/DONG_NAI//Data/CV_BCT/6258_QD_BCT_23_10_2012.pdf,https://www.customs.gov.vn/index.jsp?pageId=3&id=62320&cid=1294,2012,10/2012,2026-10-08T09:45:20Z
458,87-2012/NĐ-CP,23/10/2012,null,"Nghị định 87/2012/NĐ-CP quy định chi tiết một số điều của luật HQ về TTHQĐT đối với hàng hóa XK, NK thương mại",43565,305,18,GIA_LAI_KON_TUM,null,null,https://files.customs.gov.vn/CustomsCMS/GIA_LAI_KON_TUM/2021/5/12/888ND_87_2012.DOC,https://www.customs.gov.vn/index.jsp?pageId=3&id=43565&cid=1294,2012,10/2012,2026-10-08T09:45:20Z
459,87/2012/NÐ-CP,23/10/2012,Chính phủ,"Nghị định của Chính phủ quy định chi tiết một số điều của Luật hải quan về thủ tục hải quan điện tử đối với hàng hóa xuất khẩu, nhập khẩu thương mại",54918,305,8,TP_HO_CHI_MINH,Nguyễn Tấn Dũng,01/01/2013,https://files.customs.gov.vn/CustomsCMS/TP_HO_CHI_MINH/2020/Web/Data/DocumentAttachments/ND8712CP.doc,https://www.customs.gov.vn/index.jsp?pageId=3&id=54918&cid=1294,2012,10/2012,2026-10-08T09:45:20Z
460,5784/TCHQ-GSQL,19/10/2012,null,Thời điểm nộp Giấy xác nhận khai báo hóa chất khi làm thủ tục hải quan,73993,305,16,DA_NANG,Vũ Ngọc Anh,19/10/2012,https://files.customs.gov.vn/DA_NANG/Uploads/65e32243-11bf-4695-985d-c1563e8c13ba/5784-thoi diem nop khai bao hoa chat.tif,https://www.customs.gov.vn/index.jsp?pageId=3&id=73993&cid=1294,2012,10/2012,2026-10-08T09:45:20Z
461,5785/TCHQ-GSQL,19/10/2012,Tổng cục hải quan,V/v Sử dụng đơn vị tính khi thực hiện thủ tục hải quan đối với loại hình NSXXK (Công ty TNHH MTV Ngọc Trai Phương Đông),63495,305,18,DONG_NAI,null,null,,https://www.customs.gov.vn/index.jsp?pageId=3&id=63495&cid=1294,2012,10/2012,2026-10-08T09:45:20Z
462,5786/TCHQ-GSQL,19/10/2012,null,Triển khai thực hiện Thông báo số 197/TB-BCT và Thông tư số 20/2011/TT-BCT,73992,305,16,DA_NANG,Vũ Ngọc Anh,19/10/2012,https://files.customs.gov.vn/DA_NANG/Uploads/65e32243-11bf-4695-985d-c1563e8c13ba/5786-Thuc hien TB 197 và TT 20 .tif,https://www.customs.gov.vn/index.jsp?pageId=3&id=73992&cid=1294,2012,10/2012,2026-10-08T09:45:20Z
463,86/2012/NÐ-CP,19/10/2012,Chính phủ,Nghị định quy định chi tiết và hướng dẫn thi hành một số điều của Luật đo lường,54420,305,8,TP_HO_CHI_MINH,Nguyễn Tấn Dũng,15/12/2012,https://files.customs.gov.vn/CustomsCMS/TP_HO_CHI_MINH/2020/Web/Data/DocumentAttachments/86_2012_ND-CP_149917.doc,https://www.customs.gov.vn/index.jsp?pageId=3&id=54420&cid=1294,2012,10/2012,2026-10-08T09:45:20Z
464,5732/TCHQ-TXNK,18/10/2012,Tổng cục hải quan,V/v Vướng mắc về thuế GTGT (Công ty cổ phần ĐTK),63496,305,18,DONG_NAI,null,null,,https://www.customs.gov.vn/index.jsp?pageId=3&id=63496&cid=1294,2012,10/2012,2026-10-08T09:45:20Z
465,5704/TCHQ-TXNK,17/10/2012,Tổng cục hải quan,V/v Miễn giảm tiền phạt chậm nộp thuế (Công ty TNHH TM Hải Minh),63498,305,18,DONG_NAI,null,null,,https://www.customs.gov.vn/index.jsp?pageId=3&id=63498&cid=1294,2012,10/2012,2026-10-08T09:45:20Z
466,5725/TCHQ-TXNK,17/10/2012,Tổng cục hải quan,V/v Áp dụng mức thuế mặt hàng nhập khẩu (Công ty TNHH Công nghiệp TAI - TECH),63497,305,18,DONG_NAI,null,null,,https://www.customs.gov.vn/index.jsp?pageId=3&id=63497&cid=1294,2012,10/2012,2026-10-08T09:45:20Z
467,736/GSQL-TH,17/10/2012,Bộ Công nghiệp,Vướng mắc C/O,56120,305,16,TP_HO_CHI_MINH,Âu Anh Tuấn,17/10/2012,https://files.customs.gov.vn/CustomsCMS/TP_HO_CHI_MINH/2020/Web/Data/DocumentAttachments/736_GSQL-TH_149717_(1).doc,https://www.customs.gov.vn/index.jsp?pageId=3&id=56120&cid=1294,2012,10/2012,2026-10-08T09:45:20Z
468,5662/TCHQ-GSQL,16/10/2012,null,Thông quan hàng hóa xuất khẩu có nguồn gốc thực vật,73990,305,16,DA_NANG,Vũ Ngọc Anh,16/10/2012,https://files.customs.gov.vn/DA_NANG/Uploads/65e32243-11bf-4695-985d-c1563e8c13ba/5662-thong quan hang XK nguon goc thưc vat.tif,https://www.customs.gov.vn/index.jsp?pageId=3&id=73990&cid=1294,2012,10/2012,2026-10-08T09:45:20Z
469,5673/TCHQ-GSQL,16/10/2012,null,"Cấp giấy phép nhập khẩu xe ô tô, xe gắn máy đang sử dụng theo chế độ tài sản di chuyển",73991,305,16,DA_NANG,Vũ Ngọc Anh,16/10/2012,https://files.customs.gov.vn/DA_NANG/Uploads/65e32243-11bf-4695-985d-c1563e8c13ba/5673-cap phep NK xe oto xe may theo TSDC.tif,https://www.customs.gov.vn/index.jsp?pageId=3&id=73991&cid=1294,2012,10/2012,2026-10-08T09:45:20Z
470,5678/TCHQ-TXNK,16/10/2012,Tổng cục hải quan,"V/v Vướng mắc về thủ tục hải quan và bù trừ, hoàn thuế (Công ty Cổ phần Duy Minh)",63499,305,18,DONG_NAI,null,null,,https://www.customs.gov.vn/index.jsp?pageId=3&id=63499&cid=1294,2012,10/2012,2026-10-08T09:45:20Z
471,726/GSQL-GQ1,16/10/2012,Tổng cục hải quan,V/v Xuất khẩu nguồn than tận thu từ xỉ than cám tuyển từ lò quay (Công ty TNHH thép và khoáng sản Thăng Long),63501,305,18,DONG_NAI,null,null,,https://www.customs.gov.vn/index.jsp?pageId=3&id=63501&cid=1294,2012,10/2012,2026-10-08T09:45:20Z
472,727/GSQL-GQ1,16/10/2012,Tổng cục hải quan,V/v Thủ tục nhập khẩu trạm bơm xăng di động (Công ty CP Đầu tư và Xuất nhập khẩu Viglacera),63500,305,18,DONG_NAI,null,null,,https://www.customs.gov.vn/index.jsp?pageId=3&id=63500&cid=1294,2012,10/2012,2026-10-08T09:45:20Z
473,1637/HQĐNa-TCCB,12/10/2012,Cục Hải Quan tỉnh Đồng Nai,V/v Danh sách thí sinh dự thi tuyển đợt 1,64554,305,18,DONG_NAI,null,null,https://files.customs.gov.vn/DONG_NAI//Data/Cv_Hqdn/1637_HQDNa_TCCB_12_10_2012.pdf,https://www.customs.gov.vn/index.jsp?pageId=3&id=64554&cid=1294,2012,10/2012,2026-10-08T09:45:20Z
474,1720/QLCL-CL2,12/10/2012,Khác,V/v Thực hiện Thông tư 13/2011/TT-BNNPTNT,63502,305,18,DONG_NAI,null,null,https://files.customs.gov.vn/DONG_NAI//Data/BO_NN_PTNN/1720_QLCL_CL2_12_10_2012.pdf,https://www.customs.gov.vn/index.jsp?pageId=3&id=63502&cid=1294,2012,10/2012,2026-10-08T09:45:20Z
475,5517/TCHQ-GSQL,12/10/2012,Tổng cục hải quan,V/v khác biệt nhỏ trên C/O mẫu D.,58139,305,16,TP_HO_CHI_MINH,Vũ Ngọc Anh,12/10/2012,,https://www.customs.gov.vn/index.jsp?pageId=3&id=58139&cid=1294,2012,10/2012,2026-10-08T09:45:20Z
476,5503/TCHQ-GSQL,11/10/2012,Tổng cục hải quan,V/v Chuyển đổi loại hình NSXXK sang loại hình NKD (Công ty CP sản xuất Thương mại Kỹ thuật Đức Phát HDP),63503,305,18,DONG_NAI,null,null,,https://www.customs.gov.vn/index.jsp?pageId=3&id=63503&cid=1294,2012,10/2012,2026-10-08T09:45:20Z
477,1620/HQĐNa-GSQL,10/10/2012,Cục Hải Quan tỉnh Đồng Nai,V/v Trả lời Công ty TNHH Thương mại & Dịch vụ Lê Hòa v.v vướng mắc C/O,64556,305,18,DONG_NAI,null,null,https://files.customs.gov.vn/DONG_NAI//Data/Cv_Hqdn/1620_HQDNa_GSQL_10_10_2012.pdf,https://www.customs.gov.vn/index.jsp?pageId=3&id=64556&cid=1294,2012,10/2012,2026-10-08T09:45:20Z
478,1625/HQĐNa-TXNK,10/10/2012,Cục Hải Quan tỉnh Đồng Nai,V/v Đăng ký danh mục hàng hóa nhập khẩu miễn thuế (Công ty TNHH Tanaka Scale Việt Nam),64555,305,18,DONG_NAI,null,null,https://files.customs.gov.vn/DONG_NAI//Data/Cv_Hqdn/1625_HQDNa_TXNK_10_10_2012.pdf,https://www.customs.gov.vn/index.jsp?pageId=3&id=64555&cid=1294,2012,10/2012,2026-10-08T09:45:20Z
479,05406/TCHQ-TXNK,08/10/2012,Tổng cục hải quan,V/v xác định lĩnh vực ưu đãi đầu tư,66336,305,16,DONG_NAI,null,null,,https://www.customs.gov.vn/index.jsp?pageId=3&id=66336&cid=1294,2012,10/2012,2026-10-08T09:45:20Z
480,50/2012/TT-BNNPTNT,08/10/2012,Bộ nông nghiệp và phát triển nông thôn,"Thông tư 50/2012/TT-BNNPTNT bãi bỏ Quyết định 85/2008/QĐ-BNN; bãi bỏ một phần Thông tư 50/2010/TT-BNNPTNT, Thông tư 24/2011/TT-BNNPT do Bộ trưởng Bộ Nông nghiệp và Phát triển nông thôn ban hành",58046,305,4,TP_HO_CHI_MINH,Vũ Văn Tám,22/11/2012,https://files.customs.gov.vn/CustomsCMS/TP_HO_CHI_MINH/2020/Web/Data/DocumentAttachments/50_2012_TT-BNNPTNT_150079.doc,https://www.customs.gov.vn/index.jsp?pageId=3&id=58046&cid=1294,2012,10/2012,2026-10-08T09:45:20Z
481,5404/TCHQ-TXNK,08/10/2012,Tổng cục hải quan,V/v Khai bổ sung (Công ty CP vật tư đường sắt Sài Gòn; HQ Hà Nội),63505,305,18,DONG_NAI,null,null,,https://www.customs.gov.vn/index.jsp?pageId=3&id=63505&cid=1294,2012,10/2012,2026-10-08T09:45:20Z
482,5414/TCHQ-TXNK,08/10/2012,Tổng cục hải quan,"V/v Xử lý thuế, tiền phạt chậm nộp thuế nguyên liệu sản xuất xuất khẩu (Công ty TNHH Vina Tarpaulin, HQ Bình Dương)",63504,305,18,DONG_NAI,null,null,,https://www.customs.gov.vn/index.jsp?pageId=3&id=63504&cid=1294,2012,10/2012,2026-10-08T09:45:20Z
483,1583/HQĐNa-TXNK,05/10/2012,Cục Hải Quan tỉnh Đồng Nai,V/v Xin miễn nộp phạt (Công ty TNHh Ecosoft Việt Nam),64558,305,18,DONG_NAI,null,null,https://files.customs.gov.vn/DONG_NAI//Data/Cv_Hqdn/1583_HQDNa_TXNK_05_10_2012.pdf,https://www.customs.gov.vn/index.jsp?pageId=3&id=64558&cid=1294,2012,10/2012,2026-10-08T09:45:20Z
484,1591/HQĐNa-VP,05/10/2012,Cục Hải Quan tỉnh Đồng Nai,"V/v Gặp gỡ, giải quyết vướng mắc của doanh nghiệp",64557,305,18,DONG_NAI,null,null,https://files.customs.gov.vn/DONG_NAI//Data/Cv_Hqdn/1591_HQDNa_VP_05_10_2012.pdf,https://www.customs.gov.vn/index.jsp?pageId=3&id=64557&cid=1294,2012,10/2012,2026-10-08T09:45:20Z
485,29/2012/TT-BCT,05/10/2012,Bộ Công thương,"Quy định cấp, thu hồi Giấy chứng nhận cơ sở đủ điều kiện an toàn thực phẩm thuộc trách nhiệm quản lý của Bộ Công Thương",61315,305,4,BA_RIA_VUNG_TAU,null,19/11/2012,https://files.customs.gov.vn/BA_RIA_VUNG_TAU/uploads/document/362/29_2012_TT-BCT.doc,https://www.customs.gov.vn/index.jsp?pageId=3&id=61315&cid=1294,2012,10/2012,2026-10-08T09:45:20Z
486,39/2012/QÐ-TTg,05/10/2012,Thủ tướng Chính phủ,"Quyết định Ban hành quy chế quản lý cây cảnh, cây bóng mát. cây cổ thụ",52685,305,10,TP_HO_CHI_MINH,Nguyễn Tấn Dũng,11/12/2012,https://files.customs.gov.vn/CustomsCMS/TP_HO_CHI_MINH/2020/Web/Data/DocumentAttachments/39_2012_QD-TTg_149101.doc,https://www.customs.gov.vn/index.jsp?pageId=3&id=52685&cid=1294,2012,10/2012,2026-10-08T09:45:20Z
487,39/2012/QĐ-TTg,05/10/2012,null,"Ban hành Quy chế quản lý, cây cảnh, cây bóng mát, cây cổ thụ",74037,305,10,DA_NANG,Nguyễn Tấn Dũng,01/12/2012,https://files.customs.gov.vn/DA_NANG/Uploads/65e32243-11bf-4695-985d-c1563e8c13ba/qđ 39.tif,https://www.customs.gov.vn/index.jsp?pageId=3&id=74037&cid=1294,2012,10/2012,2026-10-08T09:45:20Z
488,5372/TCHQ-TXNK,05/10/2012,Tổng cục hải quan,V/v Nhập khẩu tàu biển đã qua sử dụng (Công ty cổ phần Hàng hải Đông Đô),63511,305,18,DONG_NAI,null,null,,https://www.customs.gov.vn/index.jsp?pageId=3&id=63511&cid=1294,2012,10/2012,2026-10-08T09:45:20Z
489,5373/TCHQ-TXNK,05/10/2012,Tổng cục hải quan,V/v Phạt chậm nộp thuế (Công ty TNHH MTV Ứng dụng Công nghệ mới và Du lịch),63509,305,18,DONG_NAI,null,null,,https://www.customs.gov.vn/index.jsp?pageId=3&id=63509&cid=1294,2012,10/2012,2026-10-08T09:45:20Z
490,5378/TCHQ-GSQL,05/10/2012,Tổng cục hải quan,V/v Chính sách nhập khẩu thép (Văn phòng POSCO - Sounth Asia Hà Nội),63508,305,18,DONG_NAI,null,null,,https://www.customs.gov.vn/index.jsp?pageId=3&id=63508&cid=1294,2012,10/2012,2026-10-08T09:45:20Z
491,5379/TCHQ-GSQL,05/10/2012,Tổng cục hải quan,V/v Thủ tục hải quan đối với hàng của DNCX bán cho DNNĐ gửi kho NQ chờ xuất khẩu (Chi nhánh Công ty TNHH Tiếp vận Thăng Long),63507,305,18,DONG_NAI,null,null,,https://www.customs.gov.vn/index.jsp?pageId=3&id=63507&cid=1294,2012,10/2012,2026-10-08T09:45:20Z
492,5380/TCHQ-GSQL,05/10/2012,Tổng cục hải quan,V/v Khai bổ sung tờ khai nhập khẩu (Công ty TNHH Tech Seal - Dai Binh),63506,305,18,DONG_NAI,null,null,,https://www.customs.gov.vn/index.jsp?pageId=3&id=63506&cid=1294,2012,10/2012,2026-10-08T09:45:20Z
493,5382/TCHQ-GSQL,05/10/2012,null,Thanh lý xe ô tô của Tổng lãnh sự quán Lào,73985,305,16,DA_NANG,Vũ Ngọc Anh,05/10/2012,https://files.customs.gov.vn/DA_NANG/Uploads/65e32243-11bf-4695-985d-c1563e8c13ba/5382-thanh ly xe oto ngoai giao.tif,https://www.customs.gov.vn/index.jsp?pageId=3&id=73985&cid=1294,2012,10/2012,2026-10-08T09:45:20Z
494,8368/BGTVT-VT,05/10/2012,null,"Nhập khẩu phụ tùng, vật tư máy bay của Tổng công ty Hàng không Việt Nam",73984,305,16,DA_NANG,Phạm Quý Tiêu,05/10/2012,https://files.customs.gov.vn/DA_NANG/Uploads/65e32243-11bf-4695-985d-c1563e8c13ba/8368-NK phu tung VT may bay.tif,https://www.customs.gov.vn/index.jsp?pageId=3&id=73984&cid=1294,2012,10/2012,2026-10-08T09:45:20Z
495,5296/TCHQ-GSQL,03/10/2012,null,Thay đổi cửa khẩu tái xuất đối với hàng kinh doanh TNTX,73983,305,16,DA_NANG,Vũ Ngọc Anh,03/10/2012,https://files.customs.gov.vn/DA_NANG/Uploads/65e32243-11bf-4695-985d-c1563e8c13ba/5296-thay doi CK tai xuat hang KD TNTX.tif,https://www.customs.gov.vn/index.jsp?pageId=3&id=73983&cid=1294,2012,10/2012,2026-10-08T09:45:20Z
496,5298/TCHQ-GSQL,03/10/2012,Tổng cục hải quan,V/v Vướng mắc thủ tục hải quan (Công ty TNHH PANASONIC SYSTEM NETWORKS Việt Nam),63513,305,18,DONG_NAI,null,null,,https://www.customs.gov.vn/index.jsp?pageId=3&id=63513&cid=1294,2012,10/2012,2026-10-08T09:45:20Z
497,5312/TCHQ-TXNK,03/10/2012,Tổng cục hải quan,V/v Phân loại trước mặt hàng cáp ngầm 220KV (Công ty CP Đầu tư kinh doanh Điện lực TP. HCM),63512,305,18,DONG_NAI,null,null,,https://www.customs.gov.vn/index.jsp?pageId=3&id=63512&cid=1294,2012,10/2012,2026-10-08T09:45:20Z
498,5322/TCHQ-GSQL,03/10/2012,null,Chứng từ chứng minh đối với hàng quá cảnh qua một nước thứ ba trong khuôn khổ FTA,73982,305,16,DA_NANG,Vũ Ngọc Anh,03/10/2012,https://files.customs.gov.vn/DA_NANG/Uploads/65e32243-11bf-4695-985d-c1563e8c13ba/5322-chung tu chung minh hang qua canh .tif,https://www.customs.gov.vn/index.jsp?pageId=3&id=73982&cid=1294,2012,10/2012,2026-10-08T09:45:20Z
499,680/GSQL-GQ2,02/10/2012,Tổng cục hải quan,V/v Nhập khẩu hàng hóa đã qua sử dụng để sửa chữa làm mới (Công ty TNHH MTV Hiếu Minh 68),63514,305,18,DONG_NAI,null,null,,https://www.customs.gov.vn/index.jsp?pageId=3&id=63514&cid=1294,2012,10/2012,2026-10-08T09:45:20Z
500,1547/HQĐNa-ĐKS,01/10/2012,Cục Hải Quan tỉnh Đồng Nai,V/v Bảo quản nguyên trạng niêm phong đối với hàng hóa xuất nhập khẩu,64560,305,18,DONG_NAI,null,null,https://files.customs.gov.vn/DONG_NAI//Data/Cv_Hqdn/1547_HQDNa_DKS_01_10_2012.pdf,https://www.customs.gov.vn/index.jsp?pageId=3&id=64560&cid=1294,2012,10/2012,2026-10-08T09:45:20Z
501,1548/HQĐNa-ĐKS,01/10/2012,Cục Hải Quan tỉnh Đồng Nai,V/v Chấn chỉnh công tác xuất nhập khẩu (Công ty TNHH Bluescope Buildings Việt Nam),64559,305,18,DONG_NAI,null,null,https://files.customs.gov.vn/DONG_NAI//Data/Cv_Hqdn/1548_HQDNa_DKS_01_10_2012.pdf,https://www.customs.gov.vn/index.jsp?pageId=3&id=64559&cid=1294,2012,10/2012,2026-10-08T09:45:20Z
502,160/2012/TTLT-BTC-BCT,01/10/2012,Liên bộ,"Thông tư liên tịch số 160/2012/TTLT-BTC-BCT của Bộ trưởng Bộ Tài chính, Bộ trưởng Bộ Công Thương quy định việc thu, nộp, quản lý, sử dụng tiền thu từ xử phạt vi phạm pháp luật trong lĩnh vực điện lực",59522,305,4,TONG_CUC,"Hoàng Quốc Vượng, Trương Chí Trung",15/11/2012,https://files.customs.gov.vn/van_ban_phap_luat/Lists/VanBanPhapLuat/Attachments/6603/TTLT16012BTCBCT.doc,https://www.customs.gov.vn/index.jsp?pageId=3&id=59522&cid=1294,2012,10/2012,2026-10-08T09:45:20Z
503,5221/TCHQ-TXNK,01/10/2012,Tổng cục hải quan,"V/v Miễn thuế nhập khẩu (HQ các tỉnh, thành phố)",63515,305,18,DONG_NAI,null,null,,https://www.customs.gov.vn/index.jsp?pageId=3&id=63515&cid=1294,2012,10/2012,2026-10-08T09:45:20Z
504,1961/HQĐNa-TXNK,30/11/2012,Cục Hải Quan tỉnh Đồng Nai,Đăng ký danh mục hàng hoá nhập khẩu miễn thuế tạo TSCĐ (Công ty cổ phần GreenFeed),64489,305,18,DONG_NAI,null,null,https://files.customs.gov.vn/DONG_NAI//Data/Cv_Hqdn/1961_HQDNa_TXNK_30_11_2012.pdf,https://www.customs.gov.vn/index.jsp?pageId=3&id=64489&cid=1294,2012,11/2012,2026-10-08T09:45:20Z
505,208/2012/TT-BTC,30/11/2012,Bộ Tài chính,"V/v Sửa đổi mức thuế suất thuế nhập khẩu ưu đãi đối với mặt hàng xăng máy bay, nhiên liệu bay thuộc nhóm 2710 tại Biểu thuế nhập khẩu ưu đãi",62289,305,4,DONG_NAI,null,null,,https://www.customs.gov.vn/index.jsp?pageId=3&id=62289&cid=1294,2012,11/2012,2026-10-08T09:45:20Z
506,6780/TCHQ-TXNK,30/11/2012,null,"Thống nhất phân loại máy xay cà phê và máy nhận biết, phân loại màu sắc hạt điều",74035,305,16,DA_NANG,Hoàng Việt Cường,30/11/2012,"https://files.customs.gov.vn/DA_NANG/Uploads/65e32243-11bf-4695-985d-c1563e8c13ba/2012_6780 TCHQ-TXNK ngày 30.11.2012 máy phân loại cà phê, hạt điều.tif",https://www.customs.gov.vn/index.jsp?pageId=3&id=74035&cid=1294,2012,11/2012,2026-10-08T09:45:20Z
507,16624/BTC-TCHQ,29/11/2012,null,Hướng dẫn phân loại bộ ngắt mạch tự động,74032,305,16,DA_NANG,Đỗ Hoàng Anh Tuấn,29/11/2012,https://files.customs.gov.vn/DA_NANG/Uploads/65e32243-11bf-4695-985d-c1563e8c13ba/2012_16624 BTC-TCHQ ngày 29.11.2012 phân loại bộ ngắt mạch tự động.tif,https://www.customs.gov.vn/index.jsp?pageId=3&id=74032&cid=1294,2012,11/2012,2026-10-08T09:45:20Z
508,16661/BTC-CST,29/11/2012,Bộ Tài chính,"V/v Các mức thuế suất thuế nhập khẩu ưu đãi mặt hàng xăng máy bay, nhiên liệu bay tương ứng với gia mặt hàng xăng máy bay, nhiên liệu bay trên thị trường thế giới",62290,305,18,DONG_NAI,null,null,,https://www.customs.gov.vn/index.jsp?pageId=3&id=62290&cid=1294,2012,11/2012,2026-10-08T09:45:20Z
509,1071/QÐ-BXD,28/11/2012,Bộ và ngang bộ,Quyết định 1071/QĐ-BXD năm 2012 đính chính Thông tư 04/2012/TT-BXD hướng dẫn xuất khẩu khoáng sản làm vật liệu xây dựng do Bộ trưởng Bộ Xây dựng ban hành,53091,305,10,TP_HO_CHI_MINH,Nguyễn Trần Nam,28/11/2012,https://files.customs.gov.vn/CustomsCMS/TP_HO_CHI_MINH/2020/Web/Data/DocumentAttachments/1071_QD-BXD_152454.doc,https://www.customs.gov.vn/index.jsp?pageId=3&id=53091&cid=1294,2012,11/2012,2026-10-08T09:45:20Z
510,1935/HQĐNa-GSQL,28/11/2012,Cục Hải Quan tỉnh Đồng Nai,Trả lời Công ty TNHH máy tính Fujitsu Việt Nam v/v cung cấp xăng dầu cho DNCX nằm ngoài khu chế xuất,64490,305,18,DONG_NAI,null,null,https://files.customs.gov.vn/DONG_NAI//Data/Cv_Hqdn/1935_HQDNa_GSQL_28_11_2012.pdf,https://www.customs.gov.vn/index.jsp?pageId=3&id=64490&cid=1294,2012,11/2012,2026-10-08T09:45:20Z
511,6712/TCHQ-TXNK,28/11/2012,Tổng cục hải quan,V/v Cách tính thuế đối với hàng tạm nhập tái xuất theo hợp đồng thuê mượn (Công ty CK&XD Posco E & C Việt Nam),62292,305,18,DONG_NAI,null,null,,https://www.customs.gov.vn/index.jsp?pageId=3&id=62292&cid=1294,2012,11/2012,2026-10-08T09:45:20Z
512,6727/TCHQ-TXNK,28/11/2012,Tổng cục hải quan,V/v Trị giá tính thuế xe Audi nhập khẩu (Công ty TNHH ô tô Á Châu),62291,305,18,DONG_NAI,null,null,,https://www.customs.gov.vn/index.jsp?pageId=3&id=62291&cid=1294,2012,11/2012,2026-10-08T09:45:20Z
513,884/GSQL-GQ3,26/11/2012,Tổng cục hải quan,V/v Thủ tục tạm nhập - tái xuất ô tô để nghiên cứu thử nghiệm (Công ty Cổ phần ô tô TMT),62293,305,18,DONG_NAI,null,null,,https://www.customs.gov.vn/index.jsp?pageId=3&id=62293&cid=1294,2012,11/2012,2026-10-08T09:45:20Z
514,27/2012/QH13,23/11/2012,Quốc hội,"Luật sửa đổi, bổ sung một số điều của Luật phòng, chống tham nhũng",56952,305,13,TP_HO_CHI_MINH,Nguyễn Sinh Hùng,01/02/2013,https://files.customs.gov.vn/CustomsCMS/TP_HO_CHI_MINH/2020/Web/Data/DocumentAttachments/27_2012_QH13_152720.doc,https://www.customs.gov.vn/index.jsp?pageId=3&id=56952&cid=1294,2012,11/2012,2026-10-08T09:45:20Z
515,101/2012/NÐ-CP,22/11/2012,Chính phủ,Nghị định 101/2012/NĐ-CP về thanh toán không dùng tiền mặt,53738,305,8,TP_HO_CHI_MINH,Nguyễn Tấn Dũng,26/03/2013,https://files.customs.gov.vn/CustomsCMS/TP_HO_CHI_MINH/2020/Web/Data/DocumentAttachments/101_2012_ND-CP_152166.doc,https://www.customs.gov.vn/index.jsp?pageId=3&id=53738&cid=1294,2012,11/2012,2026-10-08T09:45:20Z
516,26/2012/QH13,22/11/2012,Quốc hội,"Luật Sửa đổi, bổ sung một số Điều của Luật Thuế thu nhập cá nhân",55731,305,13,TP_HO_CHI_MINH,Nguyễn Sinh Hùng,01/07/2013,https://files.customs.gov.vn/CustomsCMS/TP_HO_CHI_MINH/2020/Web/Data/DocumentAttachments/26_2012_QH13_Sua_doi__bo_sung_mot_so_Dieu_cua_Luat_Thue_thu_nhap_ca_nhan.doc,https://www.customs.gov.vn/index.jsp?pageId=3&id=55731&cid=1294,2012,11/2012,2026-10-08T09:45:20Z
517,25/2012/QH13,21/11/2012,Quốc hội,Luật Thủ đô 2012,61199,305,13,TONG_CUC,Nguyễn Sinh Hùng,01/07/2013,,https://www.customs.gov.vn/index.jsp?pageId=3&id=61199&cid=1294,2012,11/2012,2026-10-08T09:45:20Z
518,6565/TCHQ-TXNK,21/11/2012,Tổng cục hải quan,V/v Mã HS mặt hàng sữa rửa mặt (Công ty TNHH L'oreal Việt Nam),62296,305,18,DONG_NAI,null,null,,https://www.customs.gov.vn/index.jsp?pageId=3&id=62296&cid=1294,2012,11/2012,2026-10-08T09:45:20Z
519,6567/TCHQ-TXNK,21/11/2012,Tổng cục hải quan,V/v Xác định mặt hàng trong nước sản xuất được (Tổng Công ty Công nghệ năng lượng dầu khí Việt Nam (PVEIC) - Chi nhánh Miền Trung),62295,305,18,DONG_NAI,null,null,,https://www.customs.gov.vn/index.jsp?pageId=3&id=62295&cid=1294,2012,11/2012,2026-10-08T09:45:20Z
520,6573/TCHQ-TXNK,21/11/2012,Tổng cục hải quan,V/v Xác định phí bản quyền (Công ty TNHH L'oreal Việt Nam),62294,305,18,DONG_NAI,null,null,,https://www.customs.gov.vn/index.jsp?pageId=3&id=62294&cid=1294,2012,11/2012,2026-10-08T09:45:20Z
521,7037/QĐ-BCT,21/11/2012,null,"Quyết định 7037/QĐ-BCT của Bộ Công Thương về việc bổ sung danh mục máy móc, thiết bị, vật tư nguyên liệu trong nước đã sản xuất được",61840,305,10,QUANG_NGAI,Lê Dương Quang,01/01/1900,https://files.customs.gov.vn/QUANG_NGAI/7037_QĐ-BCT_21112012.pdf,https://www.customs.gov.vn/index.jsp?pageId=3&id=61840&cid=1294,2012,11/2012,2026-10-08T09:45:20Z
522,19/2012/QH13,20/11/2012,Quốc hội,Luật xuất bản 2012,58481,305,13,TP_HO_CHI_MINH,Nguyễn Sinh Hùng,01/07/2013,https://files.customs.gov.vn/CustomsCMS/TP_HO_CHI_MINH/2020/Web/Data/DocumentAttachments/19_2012_QH13_Luat_xuat_ban_2012.doc,https://www.customs.gov.vn/index.jsp?pageId=3&id=58481&cid=1294,2012,11/2012,2026-10-08T09:45:20Z
523,20/2012/QH13,20/11/2012,Quốc hội,Luật sư sửa đổi 2012,61191,305,13,TONG_CUC,Nguyễn Sinh Hùng,01/07/2013,,https://www.customs.gov.vn/index.jsp?pageId=3&id=61191&cid=1294,2012,11/2012,2026-10-08T09:45:20Z
524,22/2012/QH13,20/11/2012,Quốc hội,Luật Dự trữ quốc gia 2012,61200,305,13,TONG_CUC,Nguyễn Sinh Hùng,01/07/2013,,https://www.customs.gov.vn/index.jsp?pageId=3&id=61200&cid=1294,2012,11/2012,2026-10-08T09:45:20Z
525,23/2012/QH13,20/11/2012,Quốc hội,Luật Hợp tác xã 2012,61201,305,13,TONG_CUC,Nguyễn Sinh Hùng,01/07/2013,,https://www.customs.gov.vn/index.jsp?pageId=3&id=61201&cid=1294,2012,11/2012,2026-10-08T09:45:20Z
526,858/GSQL-TH,20/11/2012,null,Vướng mắc C/O,74030,305,16,DA_NANG,Âu Anh Tuấn,20/11/2012,https://files.customs.gov.vn/DA_NANG/Uploads/65e32243-11bf-4695-985d-c1563e8c13ba/CV 858-TCHQ-TH vướng mắc CO.tif,https://www.customs.gov.vn/index.jsp?pageId=3&id=74030&cid=1294,2012,11/2012,2026-10-08T09:45:20Z
527,6506/TCHQ-TXNK,19/11/2012,Tổng cục hải quan,V/v Xác định giá trị hàng hóa chuyển phát nhanh trong phân luồng và tính thuế (Hiệp hội các công ty chuyển phát nhanh (CAPEC)),62298,305,18,DONG_NAI,null,null,,https://www.customs.gov.vn/index.jsp?pageId=3&id=62298&cid=1294,2012,11/2012,2026-10-08T09:45:20Z
528,6510/TCHQ-TXNK,19/11/2012,Tổng cục hải quan,V/v Phân loại máy khuấy trộn (Công ty CP Giải pháp CN Môi trường Nhất Tinh),62297,305,18,DONG_NAI,null,null,,https://www.customs.gov.vn/index.jsp?pageId=3&id=62297&cid=1294,2012,11/2012,2026-10-08T09:45:20Z
529,1841/HQĐNa-GSQL,16/11/2012,Cục Hải Quan tỉnh Đồng Nai,"Trả lời Công ty TNHH TMDV Thiên Nghĩa v/v đề nghị cấp phiếu theo dõi hàng hóa xuất khẩu, nhập khẩu",64492,305,18,DONG_NAI,null,null,https://files.customs.gov.vn/DONG_NAI//Data/Cv_Hqdn/1841_HQDNa_GSQL_16_11_2012.pdf,https://www.customs.gov.vn/index.jsp?pageId=3&id=64492&cid=1294,2012,11/2012,2026-10-08T09:45:20Z
530,1844/HQĐNa-TXNK,16/11/2012,Cục Hải Quan tỉnh Đồng Nai,Trả lời Công ty TNHH Trung Đồng v/v hoàn thuế GTGT hàng nhập khẩu,64491,305,18,DONG_NAI,null,null,https://files.customs.gov.vn/DONG_NAI//Data/Cv_Hqdn/1844_HQDNa_TXNK_16_11_2012.pdf,https://www.customs.gov.vn/index.jsp?pageId=3&id=64491&cid=1294,2012,11/2012,2026-10-08T09:45:20Z
531,3944/BNN-BVTV,16/11/2012,null,Giải quyết vướng mắc liên quan đến kiểm dịch thực vật đối với hàng hóa gửi Kho ngoại quan,74027,305,16,DA_NANG,Bùi Bá Bổng,16/11/2012,https://files.customs.gov.vn/DA_NANG/Uploads/65e32243-11bf-4695-985d-c1563e8c13ba/3944-kiem dich lien quan KNQ.tif,https://www.customs.gov.vn/index.jsp?pageId=3&id=74027&cid=1294,2012,11/2012,2026-10-08T09:45:20Z
532,4506/QĐ-BYT,16/11/2012,null,"Về việc áp dụng tạm thời quy định về công bố tiêu chuẩn đối với thuốc lá điếu và kiểm tra nhà nước đối với thuốc lá điếu, xì gà nhập khẩu",74025,305,10,DA_NANG,Nguyễn Thị Xuyên,16/11/2012,https://files.customs.gov.vn/DA_NANG/Uploads/65e32243-11bf-4695-985d-c1563e8c13ba/4506- 26.11.tif,https://www.customs.gov.vn/index.jsp?pageId=3&id=74025&cid=1294,2012,11/2012,2026-10-08T09:45:20Z
533,6441/TCHQ-GSQL,16/11/2012,null,Thủ tục hải quan cho lô hàng nhập khẩu cần Giấy xác nhận khai báo hóa chất,74026,305,16,DA_NANG,Trịnh Đình Kính,16/11/2012,https://files.customs.gov.vn/DA_NANG/Uploads/65e32243-11bf-4695-985d-c1563e8c13ba/6441-thu tuc lien quan xac nhan khai bao hoa chat.tif,https://www.customs.gov.vn/index.jsp?pageId=3&id=74026&cid=1294,2012,11/2012,2026-10-08T09:45:20Z
534,6444/TCHQ-TXNK,16/11/2012,Tổng cục hải quan,V/v Mã HS sản phẩm đá liếm (Công ty cổ phần nông sản Quốc tế),62300,305,18,DONG_NAI,null,null,,https://www.customs.gov.vn/index.jsp?pageId=3&id=62300&cid=1294,2012,11/2012,2026-10-08T09:45:20Z
535,QĐ4506/QĐ-BYT,16/11/2012,Bộ Y tế,"V/v Áp dụng tạm thời quy định về công bố tiêu chuẩn đối với thuốc lá điếu và kiểm tra nhà nước đối với thuốc lá điếu, xì gà nhập khẩu",62299,305,10,DONG_NAI,null,null,https://files.customs.gov.vn/DONG_NAI//Data/CV_BYT/4506_QD_BYT_16_11_2012.pdf,https://www.customs.gov.vn/index.jsp?pageId=3&id=62299&cid=1294,2012,11/2012,2026-10-08T09:45:20Z
536,1835/HQĐNa-GSQL,15/11/2012,Cục Hải Quan tỉnh Đồng Nai,"V/v In tờ khai, phụ lục tờ khai hàng hóa nhập xuất kho ngoại quan",64493,305,18,DONG_NAI,null,null,https://files.customs.gov.vn/DONG_NAI//Data/Cv_Hqdn/1835_HQDNa_GSQL_15_11_2012.pdf,https://www.customs.gov.vn/index.jsp?pageId=3&id=64493&cid=1294,2012,11/2012,2026-10-08T09:45:20Z
537,197/2012/TT-BTC,15/11/2012,Bộ Tài chính,"V/v Hướng dẫn chế độ thu, nộp, quản lý và sử dụng phí sử dụng đường bộ theo đầu phương tiện",62301,305,4,DONG_NAI,null,null,https://files.customs.gov.vn/DONG_NAI//Data/CV_BTC/197_2012_TT_BTC_15_11_2012.pdf,https://www.customs.gov.vn/index.jsp?pageId=3&id=62301&cid=1294,2012,11/2012,2026-10-08T09:45:20Z
538,34/2012/TTLT-BCT-BTNMT,15/11/2012,Liên bộ,Hướng dẫn về điều kiện nhập khẩu phế liệu làm nguyên liệu sản xuất,42792,305,18,QUANG_BINH,null,null,https://files.customs.gov.vn/CustomsCMS/QUANG_BINH/2021/04/images/stories/files/TTLT34.doc,https://www.customs.gov.vn/index.jsp?pageId=3&id=42792&cid=1294,2012,11/2012,2026-10-08T09:45:20Z
539,34/2012/TTLT/BCT-BTNMT,15/11/2012,Bộ Công thương,V/v Hướng dẫn về điều kiện nhập khẩu phế liệu làm nguyên liệu sản xuất,62302,305,18,DONG_NAI,null,null,https://files.customs.gov.vn/DONG_NAI//Data/CV_BCT/34_2012_TTLT_BCT_BTNMT_15_11_2012.pdf,https://www.customs.gov.vn/index.jsp?pageId=3&id=62302&cid=1294,2012,11/2012,2026-10-08T09:45:20Z
540,Mau01-PL3trong196/,15/11/2012,null,Mẫu đăng ký tham gia thủ tục Hải quan điện tử,67331,305,18,CAN_THO,null,01/01/2013,https://files.customs.gov.vn/CAN_THO/Mau so 1. Mau dang ky tham gia TTHQDT.xls,https://www.customs.gov.vn/index.jsp?pageId=3&id=67331&cid=1294,2012,11/2012,2026-10-08T09:45:20Z
541,15817/BTC-TCHQ,14/11/2012,null,Vướng mắc trong thủ tục thanh khoản hồ sơ không thu thuế xuất khẩu,74022,305,16,DA_NANG,Hoàng Việt Cường,14/11/2012,https://files.customs.gov.vn/DA_NANG/Uploads/65e32243-11bf-4695-985d-c1563e8c13ba/2012_15817 BTC-TCHQ Vướng mắc trong thủ tục thanh khoản hồ sơ không thu thuế xuất khẩu.tif,https://www.customs.gov.vn/index.jsp?pageId=3&id=74022&cid=1294,2012,11/2012,2026-10-08T09:45:20Z
542,1827/HQĐNa-GSQL,14/11/2012,Cục Hải Quan tỉnh Đồng Nai,V/v Hướng dẫn thủ tục xuất khẩu đá xây dựng (Công ty cổ phần khoáng sản và vận tải Phương Bắc),64494,305,18,DONG_NAI,null,null,https://files.customs.gov.vn/DONG_NAI//Data/Cv_Hqdn/1827_HQDNa_GSQL_14_11_2012.pdf,https://www.customs.gov.vn/index.jsp?pageId=3&id=64494&cid=1294,2012,11/2012,2026-10-08T09:45:20Z
543,6389/TCHQ-TXNK,14/11/2012,Tổng cục hải quan,"V/v Hướng dẫn áp mã, tính thuế xuất khẩu mặt hàng ván ghép (Tổng cục Công ty Lâm nghiệp Việt Nam)",62303,305,18,DONG_NAI,null,null,,https://www.customs.gov.vn/index.jsp?pageId=3&id=62303&cid=1294,2012,11/2012,2026-10-08T09:45:20Z
544,10884/BCT-XNK,13/11/2012,null,Thủ tục hợp pháp hóa lãnh sự quy định tại Thông báo số 197/TB-BCT và Thông tư số 20/2011/TT-BCT,74018,305,16,DA_NANG,Trần Tuấn Anh,13/11/2012,https://files.customs.gov.vn/DA_NANG/Uploads/65e32243-11bf-4695-985d-c1563e8c13ba/10884-thu tuc va mau hop phap hoa lanh su.tif,https://www.customs.gov.vn/index.jsp?pageId=3&id=74018&cid=1294,2012,11/2012,2026-10-08T09:45:20Z
545,15742/BTC-TCHQ,13/11/2012,Bộ Tài chính,V/v Thuế nhập khẩu và thuế GTGT bổ sung (Công ty TNHH Cao su Inoue Việt Nam),62304,305,18,DONG_NAI,null,null,,https://www.customs.gov.vn/index.jsp?pageId=3&id=62304&cid=1294,2012,11/2012,2026-10-08T09:45:20Z
546,17499/QLD-KD,13/11/2012,null,"Nhập khẩu thuốc thành phẩm, nguyên liệu làm thuốc",74021,305,16,DA_NANG,Nguyễn Việt Hùng,13/11/2012,https://files.customs.gov.vn/DA_NANG/Uploads/65e32243-11bf-4695-985d-c1563e8c13ba/QLD.tif,https://www.customs.gov.vn/index.jsp?pageId=3&id=74021&cid=1294,2012,11/2012,2026-10-08T09:45:20Z
547,2516/QÐ-TCHQ,13/11/2012,Tổng cục hải quan,"Quyết định về việc sửa đổi, bổ sung quy trình nghiệp vụ quản lý hải quan đối với hàng hóa xuất khẩu, nhập khẩu chuyển cửa khẩu ban hành kèm theo quyết định số 209/QĐ-TCHQ ngày 29/01/2011; quy định về giám sát hải quan tại khu vực của khẩu biên giới đường bộ ban hành kèm theo quyết định số 148/QĐ-TCHQ ngày 28/1/2011 và quy định về việc giám sát hải quan tại khu vực cửa khẩu cảng biển ban hành kèm theo quyết định số 2408/QĐ-TCHQ ngày 04/11/2011 của Tổng cục trưởng Tổng cục Hải quan",54486,305,10,TP_HO_CHI_MINH,Vũ Ngọc Anh,13/11/2012,"https://files.customs.gov.vn/CustomsCMS/TP_HO_CHI_MINH/2020/Web/Data/DocumentAttachments/Mau_01.doc,/CustomsCMS/TP_HO_CHI_MINH/2020/Web/Data/DocumentAttachments/2516_QD-TCHQ_151293.doc",https://www.customs.gov.vn/index.jsp?pageId=3&id=54486&cid=1294,2012,11/2012,2026-10-08T09:45:20Z
548,2516/QĐ-TCHQ,13/11/2012,null,"Quyết định 2516/QĐ-TCHQ của Tổng cục Hải quan về việc sửa đổi, bổ sung Quy trình nghiệp vụ quản lý hải quan đối với hàng hóa xuất khẩu, nhập khẩu chuyển cửa khẩu ban hành kèm theo Quyết định 209/QĐ-TCHQ ngày 29/01/2011; Quy định về giám sát hải quan tại khu vực cửa khẩu biên giới đường bộ ban hành kèm theo Quyết định 148/QĐ-TCHQ ngày 28/01/2011 và Quy định về việc giám sát hải quan tại khu vực cửa khẩu cảng biển ban hành kèm theo Quyết định 2408/QĐ-TCHQ ngày 04/11/2011 của Tổng cục trưởng Tổng c",61837,305,10,QUANG_NGAI,Vũ Ngọc Anh,01/01/1900,https://files.customs.gov.vn/QUANG_NGAI/2516_QĐ-TCHQ_13112012.tif,https://www.customs.gov.vn/index.jsp?pageId=3&id=61837&cid=1294,2012,11/2012,2026-10-08T09:45:20Z
549,6342/TCHQ-GSQL,13/11/2012,null,Triển khai thực hiện Thông báo số 197/TB-BCT và Thông tư số 20/2011/TT_BCT,74020,305,16,DA_NANG,Nguyễn Công Bình,13/11/2012,https://files.customs.gov.vn/DA_NANG/Uploads/65e32243-11bf-4695-985d-c1563e8c13ba/6342-thuc hien TT 20 va Tbao 197.tif,https://www.customs.gov.vn/index.jsp?pageId=3&id=74020&cid=1294,2012,11/2012,2026-10-08T09:45:20Z
550,6321/TCHQ-TXNK,12/11/2012,Tổng cục hải quan,V/v Xem xét lại việc giám định và áp mã mặt hàng Sikaproof Membrane (Công ty Sika Hữu hạn Việt Nam),62305,305,18,DONG_NAI,null,null,,https://www.customs.gov.vn/index.jsp?pageId=3&id=62305&cid=1294,2012,11/2012,2026-10-08T09:45:20Z
551,94/2012/NÐ-CP,12/11/2012,Chính phủ,"Về sản xuất, kinh doanh rượu",53874,305,8,TP_HO_CHI_MINH,Nguyễn Tấn Dũng,01/01/2013,https://files.customs.gov.vn/CustomsCMS/TP_HO_CHI_MINH/2020/Web/Data/DocumentAttachments/94_2012_ND_CP_Ve_san_xuat__kinh_doanh_ruou.doc,https://www.customs.gov.vn/index.jsp?pageId=3&id=53874&cid=1294,2012,11/2012,2026-10-08T09:45:20Z
552,94/2012/NĐ-CP,12/11/2012,null,"Về xản xuất, kinh doanh rượu",74054,305,8,DA_NANG,Nguyễn Tấn Dũng,01/01/2013,https://files.customs.gov.vn/DA_NANG/Uploads/65e32243-11bf-4695-985d-c1563e8c13ba/94.Cp.tif,https://www.customs.gov.vn/index.jsp?pageId=3&id=74054&cid=1294,2012,11/2012,2026-10-08T09:45:20Z
553,95/2012//NÐ-CP,12/11/2012,Chính phủ,"Nghị định quy định chức năng, nhiệm vụ, quyền hạn và cơ cấu tổ chức của Bộ Công thương",54120,305,8,TP_HO_CHI_MINH,Nguyễn Tấn Dũng,26/12/2012,https://files.customs.gov.vn/CustomsCMS/TP_HO_CHI_MINH/2020/Web/Data/DocumentAttachments/95_2012_ND-CP_151234.doc,https://www.customs.gov.vn/index.jsp?pageId=3&id=54120&cid=1294,2012,11/2012,2026-10-08T09:45:20Z
554,95/2012/NÐ-CP,12/11/2012,Chính phủ,"Nghị Định quy định chức năng, nhiệm vụ, quyền hạn và cơ cấu tổ chức của bộ công thương",58165,305,8,TP_HO_CHI_MINH,Nguyễn Tấn Dũng,26/12/2010,https://files.customs.gov.vn/CustomsCMS/TP_HO_CHI_MINH/2020/Web/Data/DocumentAttachments/95_2012_ND-CP_151234.doc,https://www.customs.gov.vn/index.jsp?pageId=3&id=58165&cid=1294,2012,11/2012,2026-10-08T09:45:20Z
555,65/2012/NĐ-CP,10/11/2012,Chính phủ,"Nghị định 65/2012/NĐ-CP của Chính phủ về việc sửa đổi, bổ sung một số điều của Nghị định 136/2007/NĐ-CP ngày 17/08/2007 về xuất cảnh, nhập cảnh của công dân Việt Nam",61833,305,8,QUANG_NGAI,Nguyễn Tấn Dũng,01/01/1900,https://files.customs.gov.vn/QUANG_NGAI/65_2012_NĐ-CP_06092012.pdf,https://www.customs.gov.vn/index.jsp?pageId=3&id=61833&cid=1294,2012,11/2012,2026-10-08T09:45:20Z
556,19/2012/TT-BYT,09/11/2012,Bộ Y tế,Thông tư 19/2012/TT-BYT hướng dẫn việc công bố hợp quy và công bố phù hợp quy định an toàn thực phẩm do Bộ Y tế ban hành,57119,305,4,TP_HO_CHI_MINH,Nguyễn Thanh Long,25/12/2012,https://files.customs.gov.vn/CustomsCMS/TP_HO_CHI_MINH/2020/Web/Data/DocumentAttachments/19_2012_TT-BYT_151174.doc,https://www.customs.gov.vn/index.jsp?pageId=3&id=57119&cid=1294,2012,11/2012,2026-10-08T09:45:20Z
557,6276/TCHQ-TXNK,09/11/2012,Tổng cục hải quan,V/v Phân loại động cơ nổ và đầu phát điện (Công ty TNHH MTV Hữu Toàn Chu Lai),62306,305,18,DONG_NAI,null,null,,https://www.customs.gov.vn/index.jsp?pageId=3&id=62306&cid=1294,2012,11/2012,2026-10-08T09:45:20Z
558,1671/QÐ-TTG,08/11/2012,Thủ tướng Chính phủ,"Quyết định 1671/QĐ-TTg năm 2012 sửa đổi Quyết định 2451/QĐ-TTg phê duyệt Đề án số hóa truyền dẫn, phát sóng truyền hình mặt đất đến năm 2020 do Thủ tướng Chính phủ ban hành",52694,305,10,TP_HO_CHI_MINH,Nguyễn Thiện Nhân,08/11/2012,https://files.customs.gov.vn/CustomsCMS/TP_HO_CHI_MINH/2020/Web/Data/DocumentAttachments/1671_QD-TTg_151112.doc,https://www.customs.gov.vn/index.jsp?pageId=3&id=52694&cid=1294,2012,11/2012,2026-10-08T09:45:20Z
559,295/HQĐNa-CBL,08/11/2012,Cục Hải Quan tỉnh Đồng Nai,V/v Hướng dẫn nhập khẩu rượu (thực phẩm),64495,305,18,DONG_NAI,null,null,https://files.customs.gov.vn/DONG_NAI//Data/Cv_Hqdn/295_HQDNa_CBL_08_11_2012.pdf,https://www.customs.gov.vn/index.jsp?pageId=3&id=64495&cid=1294,2012,11/2012,2026-10-08T09:45:20Z
560,6250/TCHQ-TXNK,08/11/2012,Tổng cục hải quan,V/v Hoàn thuế nhập khẩu (Công ty TNHH Hưng Nghiệp Formosa),62307,305,18,DONG_NAI,null,null,,https://www.customs.gov.vn/index.jsp?pageId=3&id=62307&cid=1294,2012,11/2012,2026-10-08T09:45:20Z
561,15408/BTC-TCHQ,06/11/2012,Bộ Tài chính,"V/v Xử lý nợ thuế mặt hàng tấm bản in offset (HQ các tỉnh, thành phố))",62308,305,18,DONG_NAI,null,null,,https://www.customs.gov.vn/index.jsp?pageId=3&id=62308&cid=1294,2012,11/2012,2026-10-08T09:45:20Z
562,1949/BXD-VLXD,06/11/2012,null,"Vướng mắc thực hiện Thông tư số 14/2010/TT-BXD về quản lý chất lượng sản phẩm,hàng hóa vật liệu xây dựng gạch ốp lát.",74011,305,16,DA_NANG,Nguyễn Trần Nam,06/11/2012,https://files.customs.gov.vn/DA_NANG/Uploads/65e32243-11bf-4695-985d-c1563e8c13ba/1949-vuong mac thuc hien TT 14 ve gach da.tif,https://www.customs.gov.vn/index.jsp?pageId=3&id=74011&cid=1294,2012,11/2012,2026-10-08T09:45:20Z
563,1773/HQĐNa-TXNK,05/11/2012,Cục Hải Quan tỉnh Đồng Nai,V/v Đăng ký danh mục hàng hóa nhập khẩu miễn thuế tạo TSCĐ (Công ty cổ phần Bibica),64496,305,18,DONG_NAI,null,null,https://files.customs.gov.vn/DONG_NAI//Data/Cv_Hqdn/1773_HQDNa_TXNK_05_11_2012.pdf,https://www.customs.gov.vn/index.jsp?pageId=3&id=64496&cid=1294,2012,11/2012,2026-10-08T09:45:20Z
564,6123/TCHQ-GSQL,02/11/2012,Tổng cục hải quan,V/v Nhập khẩu xe ô tô không xác định được đầy đủ số khung nghuyên thủy (Công ty CP - TM - DV Nguyệt Thành),62309,305,18,DONG_NAI,null,null,,https://www.customs.gov.vn/index.jsp?pageId=3&id=62309&cid=1294,2012,11/2012,2026-10-08T09:45:20Z
565,2972/BTTTT-CNTT,01/11/2012,null,Nhập khẩu máy photocopy đã qua sử dụng theo Thông tư số 11/2012/TT-BTTTT,74006,305,16,DA_NANG,Nguyễn Trọng Đường,01/11/2012,https://files.customs.gov.vn/DA_NANG/Uploads/65e32243-11bf-4695-985d-c1563e8c13ba/2972-NK may photocpy da qua su dung theo TT11.tif,https://www.customs.gov.vn/index.jsp?pageId=3&id=74006&cid=1294,2012,11/2012,2026-10-08T09:45:20Z
566,6118/TCHQ-TXNK,01/11/2012,Tổng cục hải quan,V/v Vướng mắc về thuế GTGT (Công ty Lắp máy Việt Nam (Lilama)),62310,305,18,DONG_NAI,null,null,,https://www.customs.gov.vn/index.jsp?pageId=3&id=62310&cid=1294,2012,11/2012,2026-10-08T09:45:20Z
