ma_hs,mo_ta,nhom,phu_luc,loai_tac_dong,muc_rui_ro,dieu_kien,dan_chieu,trang
7206,Sắt hoặc thép không hợp kim ở dạng thỏi đúc hoặc các dạng thô khác (trừ sản phẩm có chứa sắt thuộc nhóm 72.03),Phụ lục 1.1,Phụ lục 1.1,KIEM_TRA_CHAT_LUONG,,,,
72061010,"- - Có hàm lượng carbon trên 0,6% tính theo trọng lượng",Phụ lục 1.1,Phụ lục 1.1,KIEM_TRA_CHAT_LUONG,,,,
72061090,- - Loại khác,Phụ lục 1.1,Phụ lục 1.1,KIEM_TRA_CHAT_LUONG,,,,
72069000,- Loại khác,Phụ lục 1.1,Phụ lục 1.1,KIEM_TRA_CHAT_LUONG,,,,
7207,Sắt hoặc thép không hợp kim ở dạng bán thành phẩm,Phụ lục 1.1,Phụ lục 1.1,KIEM_TRA_CHAT_LUONG,,,,
72071100,"- - Mặt cắt ngang hình chữ nhật (kể cả hình vuông), có chiều rộng nhỏ hơn hai lần chiều dày",Phụ lục 1.1,Phụ lục 1.1,KIEM_TRA_CHAT_LUONG,,,,
72071210,- - - Phôi dẹt (dạng phiến),Phụ lục 1.1,Phụ lục 1.1,KIEM_TRA_CHAT_LUONG,,,,
72071290,- - - Loại khác,Phụ lục 1.1,Phụ lục 1.1,KIEM_TRA_CHAT_LUONG,,,,
72071900,- - Loại khác,Phụ lục 1.1,Phụ lục 1.1,KIEM_TRA_CHAT_LUONG,,,,
72072010,- - - Phôi dẹt (dạng phiến),Phụ lục 1.1,Phụ lục 1.1,KIEM_TRA_CHAT_LUONG,,,,
72072021,- - - - Dạng khối được tạo hình bằng cách rèn; phôi dạng tấm,Phụ lục 1.1,Phụ lục 1.1,KIEM_TRA_CHAT_LUONG,,,,
72072029,- - - - Loại khác,Phụ lục 1.1,Phụ lục 1.1,KIEM_TRA_CHAT_LUONG,,,,
72072091,- - - Phôi dẹt (dạng phiến),Phụ lục 1.1,Phụ lục 1.1,KIEM_TRA_CHAT_LUONG,,,,
72072092,- - - - Dạng khối được tạo hình thô bằng cách rèn; phôi dạng tấm,Phụ lục 1.1,Phụ lục 1.1,KIEM_TRA_CHAT_LUONG,,,,
72072099,- - - - Loại khác,Phụ lục 1.1,Phụ lục 1.1,KIEM_TRA_CHAT_LUONG,,,,
7208,"Các sản phẩm sắt hoặc thép không hợp kim được cán phẳng, có chiều rộng từ 600mm trở lên, được cán nóng, chưa phủ, mạ hoặc tráng.",Phụ lục 1.1,Phụ lục 1.1,KIEM_TRA_CHAT_LUONG,,,,
720827,- - Chiều dày dưới 3mm:,Phụ lục 1.1,Phụ lục 1.1,KIEM_TRA_CHAT_LUONG,,,,
72082711,"- - - - Có hàm lượng carbon từ 0,6% trở lên tính theo trọng lượng",Phụ lục 1.1,Phụ lục 1.1,KIEM_TRA_CHAT_LUONG,,,,
72082719,- - - - Loại khác,Phụ lục 1.1,Phụ lục 1.1,KIEM_TRA_CHAT_LUONG,,,,
72082791,"- - - - Có hàm lượng carbon từ 0,6% trở lên tính theo trọng lượng",Phụ lục 1.1,Phụ lục 1.1,KIEM_TRA_CHAT_LUONG,,,,
72082799,- - - - Loại khác,Phụ lục 1.1,Phụ lục 1.1,KIEM_TRA_CHAT_LUONG,,,,
720839,- - Chiều dày dưới 3 mm:,Phụ lục 1.1,Phụ lục 1.1,KIEM_TRA_CHAT_LUONG,,,,
72083910,"- - - Có hàm lượng carbon dưới 0,6% tính theo trọng lượng và chiều dày không quá 0,17 mm",Phụ lục 1.1,Phụ lục 1.1,KIEM_TRA_CHAT_LUONG,,,,
72083990,- - - Loại khác,Phụ lục 1.1,Phụ lục 1.1,KIEM_TRA_CHAT_LUONG,,,,
72084000,"- Dạng không cuộn, chưa được gia công quá mức cán nóng, có hình dập nổi trên bề mặt",Phụ lục 1.1,Phụ lục 1.1,KIEM_TRA_CHAT_LUONG,,,,
720854,- - Chiều dày dưới 3 mm:,Phụ lục 1.1,Phụ lục 1.1,KIEM_TRA_CHAT_LUONG,,,,
72085410,"- - - Có hàm lượng carbon dưới 0,6% tính theo trọng lượng và chiều dày không quá 0,17 mm",Phụ lục 1.1,Phụ lục 1.1,KIEM_TRA_CHAT_LUONG,,,,
72085490,- - - Loại khác,Phụ lục 1.1,Phụ lục 1.1,KIEM_TRA_CHAT_LUONG,,,,
720890,- Loại khác:,Phụ lục 1.1,Phụ lục 1.1,KIEM_TRA_CHAT_LUONG,,,,
72089010,- - Dạng lượn sóng,Phụ lục 1.1,Phụ lục 1.1,KIEM_TRA_CHAT_LUONG,,,,
72089020,"- - Loại khác, có hàm lượng carbon dưới 0,6% tính theo trọng lượng và chiều dày không quá 0,17 mm",Phụ lục 1.1,Phụ lục 1.1,KIEM_TRA_CHAT_LUONG,,,,
72089090,- - Loại khác,Phụ lục 1.1,Phụ lục 1.1,KIEM_TRA_CHAT_LUONG,,,,
7209,"Các sản phẩm sắt hoặc thép không hợp kim được cán phẳng, có chiều rộng từ 600mm trở lên, cán nguội (ép nguội), chưa dát phủ, mạ hoặc tráng.",Phụ lục 1.1,Phụ lục 1.1,KIEM_TRA_CHAT_LUONG,,,,
72091500,- - Có chiều dày từ 3 mm trở lên,Phụ lục 1.1,Phụ lục 1.1,KIEM_TRA_CHAT_LUONG,,,,
720916,- - Có chiều dày trên 1 mm đến dưới 3 mm:,Phụ lục 1.1,Phụ lục 1.1,KIEM_TRA_CHAT_LUONG,,,,
72091610,- - - Chiều rộng không quá 1.250 mm,Phụ lục 1.1,Phụ lục 1.1,KIEM_TRA_CHAT_LUONG,,,,
72091690,- - - Loại khác,Phụ lục 1.1,Phụ lục 1.1,KIEM_TRA_CHAT_LUONG,,,,
72092500,- - Có chiều dày từ 3 mm trở lên,Phụ lục 1.1,Phụ lục 1.1,KIEM_TRA_CHAT_LUONG,,,,
720926,- - Có chiều dày trên 1 mm đến dưới 3 mm:,Phụ lục 1.1,Phụ lục 1.1,KIEM_TRA_CHAT_LUONG,,,,
72092610,- - - Chiều rộng không quá 1.250 mm,Phụ lục 1.1,Phụ lục 1.1,KIEM_TRA_CHAT_LUONG,,,,
72092690,- - - Loại khác,Phụ lục 1.1,Phụ lục 1.1,KIEM_TRA_CHAT_LUONG,,,,
72099010,- - Dạng lượn sóng,Phụ lục 1.1,Phụ lục 1.1,KIEM_TRA_CHAT_LUONG,,,,
72099090,- - Loại khác,Phụ lục 1.1,Phụ lục 1.1,KIEM_TRA_CHAT_LUONG,,,,
7210,"Các sản phẩm sắt hoặc thép không hợp kim được cán phẳng, có chiều rộng từ 600mm trở lên, đã phủ, mạ hoặc tráng.",Phụ lục 1.1,Phụ lục 1.1,KIEM_TRA_CHAT_LUONG,,,,
72101110,"- - - Có hàm lượng carbon từ 0,6% trở lên tính theo trọng lượng",Phụ lục 1.1,Phụ lục 1.1,KIEM_TRA_CHAT_LUONG,,,,
72101190,- - - Loại khác,Phụ lục 1.1,Phụ lục 1.1,KIEM_TRA_CHAT_LUONG,,,,
72101210,"- - - Có hàm lượng carbon từ 0,6% trở lên tính theo trọng lượng",Phụ lục 1.1,Phụ lục 1.1,KIEM_TRA_CHAT_LUONG,,,,
72101290,- - - Loại khác,Phụ lục 1.1,Phụ lục 1.1,KIEM_TRA_CHAT_LUONG,,,,
72102010,"- - Có hàm lượng carbon dưới 0,6% tính theo trọng lượng và chiều dày không quá 1,5 mm",Phụ lục 1.1,Phụ lục 1.1,KIEM_TRA_CHAT_LUONG,,,,
72102090,- - Loại khác,Phụ lục 1.1,Phụ lục 1.1,KIEM_TRA_CHAT_LUONG,,,,
72103011,"- - - Chiều dày không quá 1,2mm",Phụ lục 1.1,Phụ lục 1.1,KIEM_TRA_CHAT_LUONG,,,,
72103012,"- - - Chiều dày trên 1,2mm nhưng không quá 1,5mm",Phụ lục 1.1,Phụ lục 1.1,KIEM_TRA_CHAT_LUONG,,,,
72103019,- - - Loại khác,Phụ lục 1.1,Phụ lục 1.1,KIEM_TRA_CHAT_LUONG,,,,
72103091,"- - - Chiều dày không quá 1,2mm",Phụ lục 1.1,Phụ lục 1.1,KIEM_TRA_CHAT_LUONG,,,,
72103099,- - - Loại khác,Phụ lục 1.1,Phụ lục 1.1,KIEM_TRA_CHAT_LUONG,,,,
72104111,"- - - - Chiều dày không quá 1,2mm",Phụ lục 1.1,Phụ lục 1.1,KIEM_TRA_CHAT_LUONG,,,,
72104112,"- - - - Chiều dày trên 1,2mm nhưng không quá 1,5mm",Phụ lục 1.1,Phụ lục 1.1,KIEM_TRA_CHAT_LUONG,,,,
72104119,- - - - Loại khác,Phụ lục 1.1,Phụ lục 1.1,KIEM_TRA_CHAT_LUONG,,,,
72104191,"- - - - Chiều dày không quá 1,2mm",Phụ lục 1.1,Phụ lục 1.1,KIEM_TRA_CHAT_LUONG,,,,
72104199,- - - - Loại khác,Phụ lục 1.1,Phụ lục 1.1,KIEM_TRA_CHAT_LUONG,,,,
72104911,"- - - - Được phủ, mạ hoặc tráng kẽm bằng phương pháp hợp kim hoá bề mặt có hàm lượng carbon dưới 0,04% tính theo trọng lượng và chiều dày không quá 1,2mm",Phụ lục 1.1,Phụ lục 1.1,KIEM_TRA_CHAT_LUONG,,,,
72104912,"- - - - Loại khác, chiều dày không quá 1,2mm",Phụ lục 1.1,Phụ lục 1.1,KIEM_TRA_CHAT_LUONG,,,,
72104913,"- - - - Chiều dày trên 1,2mm nhưng không quá 1,5mm",Phụ lục 1.1,Phụ lục 1.1,KIEM_TRA_CHAT_LUONG,,,,
72104919,- - - - Loại khác,Phụ lục 1.1,Phụ lục 1.1,KIEM_TRA_CHAT_LUONG,,,,
72104991,"- - - - Chiều dày không quá 1,2mm",Phụ lục 1.1,Phụ lục 1.1,KIEM_TRA_CHAT_LUONG,,,,
72104999,- - - - Loại khác,Phụ lục 1.1,Phụ lục 1.1,KIEM_TRA_CHAT_LUONG,,,,
72105000,- Được mạ hoặc tráng bằng oxit crom hoặc bằng crom và oxit crom,Phụ lục 1.1,Phụ lục 1.1,KIEM_TRA_CHAT_LUONG,,,,
72106111,"- - - - Chiều dày không quá 1,2mm",Phụ lục 1.1,Phụ lục 1.1,KIEM_TRA_CHAT_LUONG,,,,
72106112,"- - - - Chiều dày trên 1,2mm nhưng không quá 1,5mm",Phụ lục 1.1,Phụ lục 1.1,KIEM_TRA_CHAT_LUONG,,,,
72106119,- - - - Loại khác,Phụ lục 1.1,Phụ lục 1.1,KIEM_TRA_CHAT_LUONG,,,,
72106191,"- - - - Chiều dày không quá 1,2mm",Phụ lục 1.1,Phụ lục 1.1,KIEM_TRA_CHAT_LUONG,,,,
72106199,- - - - Loại khác,Phụ lục 1.1,Phụ lục 1.1,KIEM_TRA_CHAT_LUONG,,,,
72106911,"- - - - Chiều dày không quá 1,2mm",Phụ lục 1.1,Phụ lục 1.1,KIEM_TRA_CHAT_LUONG,,,,
72106912,"- - - - Chiều dày trên 1,2mm nhưng không quá 1,5mm",Phụ lục 1.1,Phụ lục 1.1,KIEM_TRA_CHAT_LUONG,,,,
72106919,- - - - Loại khác,Phụ lục 1.1,Phụ lục 1.1,KIEM_TRA_CHAT_LUONG,,,,
72106991,"- - - - Chiều dày không quá 1,2mm",Phụ lục 1.1,Phụ lục 1.1,KIEM_TRA_CHAT_LUONG,,,,
72106999,- - - - Loại khác,Phụ lục 1.1,Phụ lục 1.1,KIEM_TRA_CHAT_LUONG,,,,
72107011,- - - Được sơn,Phụ lục 1.1,Phụ lục 1.1,KIEM_TRA_CHAT_LUONG,,,,
72107019,- - - Loại khác,Phụ lục 1.1,Phụ lục 1.1,KIEM_TRA_CHAT_LUONG,,,,
72107091,- - - Được sơn,Phụ lục 1.1,Phụ lục 1.1,KIEM_TRA_CHAT_LUONG,,,,
72107099,- - - Loại khác,Phụ lục 1.1,Phụ lục 1.1,KIEM_TRA_CHAT_LUONG,,,,
72109010,"- - Có hàm lượng carbon dưới 0,6% tính theo trọng lượng và chiều dày không quá 1,5 mm",Phụ lục 1.1,Phụ lục 1.1,KIEM_TRA_CHAT_LUONG,,,,
72109090,- - Loại khác,Phụ lục 1.1,Phụ lục 1.1,KIEM_TRA_CHAT_LUONG,,,,
7212,"Các sản phẩm sắt hoặc thép không hợp kim cán phẳng, có chiều rộng dưới 600mm, đã phủ, mạ hoặc tráng",Phụ lục 1.1,Phụ lục 1.1,KIEM_TRA_CHAT_LUONG,,,,
721210,- Được mạ hoặc tráng thiếc:,Phụ lục 1.1,Phụ lục 1.1,KIEM_TRA_CHAT_LUONG,,,,
72121011,"- - - Dạng đai và dải , có chiều rộng không quá 25 mm",Phụ lục 1.1,Phụ lục 1.1,KIEM_TRA_CHAT_LUONG,,,,
72121013,"- - - Dạng đai và dải , có chiều rộng trên 25 mm nhưng không quá 400 mm",Phụ lục 1.1,Phụ lục 1.1,KIEM_TRA_CHAT_LUONG,,,,
72121019,- - - Loại khác,Phụ lục 1.1,Phụ lục 1.1,KIEM_TRA_CHAT_LUONG,,,,
72121092,"- - - Dạng đai và dải , có chiều rộng không quá 25 mm",Phụ lục 1.1,Phụ lục 1.1,KIEM_TRA_CHAT_LUONG,,,,
72121093,"- - - Dạng đai và dải , có chiều rộng trên 25 mm nhưng không quá 400 mm",Phụ lục 1.1,Phụ lục 1.1,KIEM_TRA_CHAT_LUONG,,,,
72121099,- - - Loại khác,Phụ lục 1.1,Phụ lục 1.1,KIEM_TRA_CHAT_LUONG,,,,
721220,- Được mạ hoặc tráng kẽm bằng phương pháp điện phân:,Phụ lục 1.1,Phụ lục 1.1,KIEM_TRA_CHAT_LUONG,,,,
72122010,"- - Dạng đai và dải , chiều rộng không quá 400 mm",Phụ lục 1.1,Phụ lục 1.1,KIEM_TRA_CHAT_LUONG,,,,
72122020,"- - Loại khác, có hàm lượng carbon dưới 0,6% tính theo trọng lượng và chiều dày không quá 1,5 mm",Phụ lục 1.1,Phụ lục 1.1,KIEM_TRA_CHAT_LUONG,,,,
72122090,- - Loại khác,Phụ lục 1.1,Phụ lục 1.1,KIEM_TRA_CHAT_LUONG,,,,
721230,- Được mạ hoặc tráng kẽm bằng phương pháp khác:,Phụ lục 1.1,Phụ lục 1.1,KIEM_TRA_CHAT_LUONG,,,,
72123011,- - - Dạng đai và dải  có chiều rộng không quá 25 mm,Phụ lục 1.1,Phụ lục 1.1,KIEM_TRA_CHAT_LUONG,,,,
72123012,- - - Dạng đai và dải  có chiều rộng trên 25 mm nhưng không quá 400 mm,Phụ lục 1.1,Phụ lục 1.1,KIEM_TRA_CHAT_LUONG,,,,
72123013,"- - - Loại khác, chiều dày không quá 1,5 mm",Phụ lục 1.1,Phụ lục 1.1,KIEM_TRA_CHAT_LUONG,,,,
72123014,"- - - Loại khác, được tráng kẽm bằng phương pháp hợp kim hóa bề mặt có hàm lượng carbon dưới 0,04% tính theo trọng lượng",Phụ lục 1.1,Phụ lục 1.1,KIEM_TRA_CHAT_LUONG,,,,
72123019,- - - Loại khác,Phụ lục 1.1,Phụ lục 1.1,KIEM_TRA_CHAT_LUONG,,,,
72123090,- - Loại khác,Phụ lục 1.1,Phụ lục 1.1,KIEM_TRA_CHAT_LUONG,,,,
721240,"- Được sơn, quét vécni hoặc phủ plastic:",Phụ lục 1.1,Phụ lục 1.1,KIEM_TRA_CHAT_LUONG,,,,
72124011,"- - - Dạng đai và dải , chiều rộng không quá 400 mm",Phụ lục 1.1,Phụ lục 1.1,KIEM_TRA_CHAT_LUONG,,,,
72124012,- - - Dạng đai và dải khác,Phụ lục 1.1,Phụ lục 1.1,KIEM_TRA_CHAT_LUONG,,,,
72124091,"- - - Dạng đai và dải , chiều rộng không quá 400 mm",Phụ lục 1.1,Phụ lục 1.1,KIEM_TRA_CHAT_LUONG,,,,
72124092,- - - Dạng đai và dải; tấm phổ dụng,Phụ lục 1.1,Phụ lục 1.1,KIEM_TRA_CHAT_LUONG,,,,
72124099,- - - Loại khác,Phụ lục 1.1,Phụ lục 1.1,KIEM_TRA_CHAT_LUONG,,,,
72125013,"- - - Dạng đai và dải , có chiều rộng không quá 25 mm",Phụ lục 1.1,Phụ lục 1.1,KIEM_TRA_CHAT_LUONG,,,,
72125014,- - - Dạng đai và dải; tấm phổ dụng,Phụ lục 1.1,Phụ lục 1.1,KIEM_TRA_CHAT_LUONG,,,,
72125019,- - - Loại khác,Phụ lục 1.1,Phụ lục 1.1,KIEM_TRA_CHAT_LUONG,,,,
72125023,"- - - Dạng đai và dải , có chiều rộng không quá 25 mm",Phụ lục 1.1,Phụ lục 1.1,KIEM_TRA_CHAT_LUONG,,,,
72125024,- - - Dạng đai và dải; tấm phổ dụng,Phụ lục 1.1,Phụ lục 1.1,KIEM_TRA_CHAT_LUONG,,,,
72125029,- - - Loại khác,Phụ lục 1.1,Phụ lục 1.1,KIEM_TRA_CHAT_LUONG,,,,
72125093,"- - - Dạng đai và dải , có chiều rộng không quá 25 mm",Phụ lục 1.1,Phụ lục 1.1,KIEM_TRA_CHAT_LUONG,,,,
72125094,- - - Dạng đai và dải; tấm phổ dụng,Phụ lục 1.1,Phụ lục 1.1,KIEM_TRA_CHAT_LUONG,,,,
72125099,- - - Loại khác,Phụ lục 1.1,Phụ lục 1.1,KIEM_TRA_CHAT_LUONG,,,,
721260,- Được dát phủ:,Phụ lục 1.1,Phụ lục 1.1,KIEM_TRA_CHAT_LUONG,,,,
72126011,- - - Dạng đai và dải,Phụ lục 1.1,Phụ lục 1.1,KIEM_TRA_CHAT_LUONG,,,,
72126012,"- - - Loại khác, chiều dày không quá 1,5 mm",Phụ lục 1.1,Phụ lục 1.1,KIEM_TRA_CHAT_LUONG,,,,
72126019,- - - Loại khác,Phụ lục 1.1,Phụ lục 1.1,KIEM_TRA_CHAT_LUONG,,,,
72126091,- - - Dạng đai và dải,Phụ lục 1.1,Phụ lục 1.1,KIEM_TRA_CHAT_LUONG,,,,
72126099,- - - Loại khác,Phụ lục 1.1,Phụ lục 1.1,KIEM_TRA_CHAT_LUONG,,,,
7213,"Sắt hoặc thép không hợp kim, dạng thanh và que, dạng cuộn cuốn không đều, được cán nóng.",Phụ lục 1.1,Phụ lục 1.1,KIEM_TRA_CHAT_LUONG,,,,
721310,"- Có răng khía, rãnh, gân hoặc các dạng khác được tạo thành trong quá trình cán:",Phụ lục 1.1,Phụ lục 1.1,KIEM_TRA_CHAT_LUONG,,,,
72131010,- - Có đường kính mặt cắt ngang hình tròn không quá 50 mm,Phụ lục 1.1,Phụ lục 1.1,KIEM_TRA_CHAT_LUONG,,,,
72131090,- - Loại khác,Phụ lục 1.1,Phụ lục 1.1,KIEM_TRA_CHAT_LUONG,,,,
72132000,"- Loại khác, bằng thép dễ cắt gọt",Phụ lục 1.1,Phụ lục 1.1,KIEM_TRA_CHAT_LUONG,,,,
72139110,- - - Loại dùng để sản xuất que hàn,Phụ lục 1.1,Phụ lục 1.1,KIEM_TRA_CHAT_LUONG,,,,
72139190,- - - Loại khác,Phụ lục 1.1,Phụ lục 1.1,KIEM_TRA_CHAT_LUONG,,,,
72139910,- - - Loại dùng để sản xuất que hàn,Phụ lục 1.1,Phụ lục 1.1,KIEM_TRA_CHAT_LUONG,,,,
72139990,- - - Loại khác,Phụ lục 1.1,Phụ lục 1.1,KIEM_TRA_CHAT_LUONG,,,,
7214,"Sắt hoặc thép không hợp kim ở dạng thanh và que khác, mới chỉ qua rèn, cán nóng, kéo nóng hoặc ép đùn nóng, kể cả công đoạn xoắn sau khi cán.",Phụ lục 1.1,Phụ lục 1.1,KIEM_TRA_CHAT_LUONG,,,,
72141011,- - - Có mặt cắt ngang hình tròn,Phụ lục 1.1,Phụ lục 1.1,KIEM_TRA_CHAT_LUONG,,,,
72141019,- - - Loại khác,Phụ lục 1.1,Phụ lục 1.1,KIEM_TRA_CHAT_LUONG,,,,
72141021,- - - Có mặt cắt ngang hình tròn,Phụ lục 1.1,Phụ lục 1.1,KIEM_TRA_CHAT_LUONG,,,,
72141029,- - - Loại khác,Phụ lục 1.1,Phụ lục 1.1,KIEM_TRA_CHAT_LUONG,,,,
72142039,- - - - Loại khác,Phụ lục 1.1,Phụ lục 1.1,KIEM_TRA_CHAT_LUONG,,,,
72142049,- - - - Loại khác,Phụ lục 1.1,Phụ lục 1.1,KIEM_TRA_CHAT_LUONG,,,,
72142059,- - - - Loại khác,Phụ lục 1.1,Phụ lục 1.1,KIEM_TRA_CHAT_LUONG,,,,
72142069,- - - - Loại khác,Phụ lục 1.1,Phụ lục 1.1,KIEM_TRA_CHAT_LUONG,,,,
721430,"- Loại khác, bằng thép dễ cắt gọt:",Phụ lục 1.1,Phụ lục 1.1,KIEM_TRA_CHAT_LUONG,,,,
72143010,- - Có mặt cắt ngang hình tròn,Phụ lục 1.1,Phụ lục 1.1,KIEM_TRA_CHAT_LUONG,,,,
72143090,- - Loại khác,Phụ lục 1.1,Phụ lục 1.1,KIEM_TRA_CHAT_LUONG,,,,
721491,- - Mặt cắt ngang hình chữ nhật (trừ hình vuông):,Phụ lục 1.1,Phụ lục 1.1,KIEM_TRA_CHAT_LUONG,,,,
72149111,"- - - - Có hàm lượng carbon từ 0,38% trở lên và hàm lượng mangan dưới 1,15% tính theo trọng lượng",Phụ lục 1.1,Phụ lục 1.1,KIEM_TRA_CHAT_LUONG,,,,
72149112,"- - - - Có hàm lượng carbon từ 0,17% đến 0,46% và hàm lượng mangan từ 1,2% đến dưới 1,65% tính theo trọng lượng",Phụ lục 1.1,Phụ lục 1.1,KIEM_TRA_CHAT_LUONG,,,,
72149119,- - - - Loại khác,Phụ lục 1.1,Phụ lục 1.1,KIEM_TRA_CHAT_LUONG,,,,
72149121,"- - - - Có hàm lượng mangan dưới 1,15% tính theo trọng lượng",Phụ lục 1.1,Phụ lục 1.1,KIEM_TRA_CHAT_LUONG,,,,
72149129,- - - - Loại khác,Phụ lục 1.1,Phụ lục 1.1,KIEM_TRA_CHAT_LUONG,,,,
721499,- - Loại khác:,Phụ lục 1.1,Phụ lục 1.1,KIEM_TRA_CHAT_LUONG,,,,
72149911,"- - - - Có hàm lượng mangan dưới 1,15% tính theo trọng lượng",Phụ lục 1.1,Phụ lục 1.1,KIEM_TRA_CHAT_LUONG,,,,
72149919,- - - - Loại khác,Phụ lục 1.1,Phụ lục 1.1,KIEM_TRA_CHAT_LUONG,,,,
72149991,"- - - - Có hàm lượng carbon dưới 0,38%, hàm lượng phốt pho không quá 0,05% và hàm lượng lưu huỳnh không quá 0,05% tính theo trọng lượng",Phụ lục 1.1,Phụ lục 1.1,KIEM_TRA_CHAT_LUONG,,,,
72149992,"- - - - Có hàm lượng carbon từ 0,38% trở lên và hàm lượng mangan dưới 1,15% tính theo trọng lượng",Phụ lục 1.1,Phụ lục 1.1,KIEM_TRA_CHAT_LUONG,,,,
72149993,"- - - - Có hàm lượng carbon từ 0,17% đến dưới 0,46% và hàm lượng mangan từ 1,2% đến dưới 1,65% tính theo trọng lượng",Phụ lục 1.1,Phụ lục 1.1,KIEM_TRA_CHAT_LUONG,,,,
72149999,- - - - Loại khác,Phụ lục 1.1,Phụ lục 1.1,KIEM_TRA_CHAT_LUONG,,,,
7215,Sắt hoặc thép không hợp kim ở dạng thanh và que khác.,Phụ lục 1.1,Phụ lục 1.1,KIEM_TRA_CHAT_LUONG,,,,
721510,"- Bằng thép dễ cắt gọt, chưa được gia công quá mức tạo hình nguội hoặc gia công kết thúc nguội:",Phụ lục 1.1,Phụ lục 1.1,KIEM_TRA_CHAT_LUONG,,,,
72151010,- - Có mặt cắt ngang hình tròn,Phụ lục 1.1,Phụ lục 1.1,KIEM_TRA_CHAT_LUONG,,,,
72151090,- - Loại khác,Phụ lục 1.1,Phụ lục 1.1,KIEM_TRA_CHAT_LUONG,,,,
72155010,"- - Có hàm lượng carbon từ 0,6% trở lên tính theo trọng lượng, trừ dạng mặt cắt ngang hình tròn",Phụ lục 1.1,Phụ lục 1.1,KIEM_TRA_CHAT_LUONG,,,,
72155099,- - - Loại khác,Phụ lục 1.1,Phụ lục 1.1,KIEM_TRA_CHAT_LUONG,,,,
72159090,- - Loại khác,Phụ lục 1.1,Phụ lục 1.1,KIEM_TRA_CHAT_LUONG,,,,
7216,"Sắt hoặc thép không hợp kim dạng góc, khuôn, hình.",Phụ lục 1.1,Phụ lục 1.1,KIEM_TRA_CHAT_LUONG,,,,
721621,- - Hình chữ L:,Phụ lục 1.1,Phụ lục 1.1,KIEM_TRA_CHAT_LUONG,,,,
72162110,"- - - Có hàm lượng carbon dưới 0,6% tính theo trọng lượng",Phụ lục 1.1,Phụ lục 1.1,KIEM_TRA_CHAT_LUONG,,,,
72162190,- - - Loại khác,Phụ lục 1.1,Phụ lục 1.1,KIEM_TRA_CHAT_LUONG,,,,
721640,"- Hình chữ L hoặc chữ T, chưa được gia công quá mức cán nóng, kéo nóng hoặc ép đùn, có chiều cao từ 80 mm trở lên:",Phụ lục 1.1,Phụ lục 1.1,KIEM_TRA_CHAT_LUONG,,,,
72164010,"- - Có hàm lượng carbon từ 0,6% trở lên tính theo trọng lượng",Phụ lục 1.1,Phụ lục 1.1,KIEM_TRA_CHAT_LUONG,,,,
72164090,- - Loại khác,Phụ lục 1.1,Phụ lục 1.1,KIEM_TRA_CHAT_LUONG,,,,
72166100,- - Thu được từ các sản phẩm cán phẳng,Phụ lục 1.1,Phụ lục 1.1,KIEM_TRA_CHAT_LUONG,,,,
72166900,- - Loại khác,Phụ lục 1.1,Phụ lục 1.1,KIEM_TRA_CHAT_LUONG,,,,
721691,- - Được tạo hình hoặc hoàn thiện trong quá trình gia công nguội từ các sản phẩm cán phẳng:,Phụ lục 1.1,Phụ lục 1.1,KIEM_TRA_CHAT_LUONG,,,,
72169110,"- - - Dạng góc, trừ góc đục lỗ, rãnh, có hàm lượng carbon từ 0,6% trở lên tính theo trọng lượng",Phụ lục 1.1,Phụ lục 1.1,KIEM_TRA_CHAT_LUONG,,,,
72169190,- - - Loại khác,Phụ lục 1.1,Phụ lục 1.1,KIEM_TRA_CHAT_LUONG,,,,
72169900,- - Loại khác,Phụ lục 1.1,Phụ lục 1.1,KIEM_TRA_CHAT_LUONG,,,,
7217,Dây của sắt hoặc thép không hợp kim.,Phụ lục 1.1,Phụ lục 1.1,KIEM_TRA_CHAT_LUONG,,,,
72171010,"- - Có hàm lượng carbon dưới 0,25% tính theo trọng lượng",Phụ lục 1.1,Phụ lục 1.1,KIEM_TRA_CHAT_LUONG,,,,
72171029,- - - Loại khác,Phụ lục 1.1,Phụ lục 1.1,KIEM_TRA_CHAT_LUONG,,,,
72171039,- - - Loại khác,Phụ lục 1.1,Phụ lục 1.1,KIEM_TRA_CHAT_LUONG,,,,
72172099,- - - Loại khác,Phụ lục 1.1,Phụ lục 1.1,KIEM_TRA_CHAT_LUONG,,,,
72173035,"- - - Loại khác, mạ hoặc tráng thiếc",Phụ lục 1.1,Phụ lục 1.1,KIEM_TRA_CHAT_LUONG,,,,
72173039,- - - Loại khác,Phụ lục 1.1,Phụ lục 1.1,KIEM_TRA_CHAT_LUONG,,,,
72179010,"- - Có hàm lượng carbon dưới 0,25% tính theo trọng lượng",Phụ lục 1.1,Phụ lục 1.1,KIEM_TRA_CHAT_LUONG,,,,
72179090,- - Loại khác,Phụ lục 1.1,Phụ lục 1.1,KIEM_TRA_CHAT_LUONG,,,,
7219,"Các sản phẩm của thép không gỉ cán phẳng, có chiều rộng từ 600 mm trở lên.",Phụ lục 1.1,Phụ lục 1.1,KIEM_TRA_CHAT_LUONG,,,,
72193200,"- - Chiều dày từ 3 mm đến dưới 4,75 mm",Phụ lục 1.1,Phụ lục 1.1,KIEM_TRA_CHAT_LUONG,,,,
72193300,- - Chiều dày trên 1mm đến dưới 3 mm,Phụ lục 1.1,Phụ lục 1.1,KIEM_TRA_CHAT_LUONG,,,,
72193400,"- - Chiều dày từ 0,5 mm đến 1 mm",Phụ lục 1.1,Phụ lục 1.1,KIEM_TRA_CHAT_LUONG,,,,
72193500,"- - Chiều dày dưới 0,5 mm",Phụ lục 1.1,Phụ lục 1.1,KIEM_TRA_CHAT_LUONG,,,,
72199000,- Loại khác,Phụ lục 1.1,Phụ lục 1.1,KIEM_TRA_CHAT_LUONG,,,,
7220,"Các sản phẩm của thép không gỉ được cán phẳng, có chiều rộng dưới 600 mm.",Phụ lục 1.1,Phụ lục 1.1,KIEM_TRA_CHAT_LUONG,,,,
72202010,"- - Dạng đai và dải, chiều rộng không quá 400 mm",Phụ lục 1.1,Phụ lục 1.1,KIEM_TRA_CHAT_LUONG,,,,
72202090,- - Loại khác,Phụ lục 1.1,Phụ lục 1.1,KIEM_TRA_CHAT_LUONG,,,,
72209010,"- - Dạng đai và dải, chiều rộng không quá 400 mm",Phụ lục 1.1,Phụ lục 1.1,KIEM_TRA_CHAT_LUONG,,,,
72209090,- - Loại khác,Phụ lục 1.1,Phụ lục 1.1,KIEM_TRA_CHAT_LUONG,,,,
7224,Thép hợp kim khác ở dạng thỏi đúc hoặc dạng thô khác; các bán thành phẩm bằng thép hợp kim khác.,Phụ lục 1.1,Phụ lục 1.1,KIEM_TRA_CHAT_LUONG,,,,
72241000,- Ở dạng thỏi đúc và dạng thô khác,Phụ lục 1.1,Phụ lục 1.1,KIEM_TRA_CHAT_LUONG,,,,
72249000,- Loại khác,Phụ lục 1.1,Phụ lục 1.1,KIEM_TRA_CHAT_LUONG,,,,
7225,"Thép hợp kim khác được cán phẳng, có chiều rộng từ 600 mm trở lên.",Phụ lục 1.1,Phụ lục 1.1,KIEM_TRA_CHAT_LUONG,,,,
72255090,- - Loại khác,Phụ lục 1.1,Phụ lục 1.1,KIEM_TRA_CHAT_LUONG,,,,
72259190,- - - Loại khác,Phụ lục 1.1,Phụ lục 1.1,KIEM_TRA_CHAT_LUONG,,,,
72259290,- - - Loại khác,Phụ lục 1.1,Phụ lục 1.1,KIEM_TRA_CHAT_LUONG,,,,
72259990,- - - Loại khác,Phụ lục 1.1,Phụ lục 1.1,KIEM_TRA_CHAT_LUONG,,,,
7226,"Sản phẩm của thép hợp kim khác được cán phẳng, có chiều rộng dưới 600 mm.",Phụ lục 1.1,Phụ lục 1.1,KIEM_TRA_CHAT_LUONG,,,,
72269190,- - - Loại khác,Phụ lục 1.1,Phụ lục 1.1,KIEM_TRA_CHAT_LUONG,,,,
72269290,- - - Loại khác,Phụ lục 1.1,Phụ lục 1.1,KIEM_TRA_CHAT_LUONG,,,,
72269919,- - - - Loại khác,Phụ lục 1.1,Phụ lục 1.1,KIEM_TRA_CHAT_LUONG,,,,
72269911,- - - - Mạ hoặc tráng kẽm,Phụ lục 1.1,Phụ lục 1.1,KIEM_TRA_CHAT_LUONG,,,,
72269991,- - - - Mạ hoặc tráng kẽm,Phụ lục 1.1,Phụ lục 1.1,KIEM_TRA_CHAT_LUONG,,,,
72269999,- - - - Loại khác,Phụ lục 1.1,Phụ lục 1.1,KIEM_TRA_CHAT_LUONG,,,,
7227,"Các dạng thanh và que, của thép hợp kim khác, được cán nóng, dạng cuộn không đều.",Phụ lục 1.1,Phụ lục 1.1,KIEM_TRA_CHAT_LUONG,,,,
72279000,- Loại khác,Phụ lục 1.1,Phụ lục 1.1,KIEM_TRA_CHAT_LUONG,,,,
7228,"Các dạng thanh và que khác bằng thép hợp kim khác; các dạng góc, khuôn và hình, bằng thép hợp kim khác; thanh và que rỗng, bằng thép hợp kim hoặc không hợp kim.",Phụ lục 1.1,Phụ lục 1.1,KIEM_TRA_CHAT_LUONG,,,,
72283010,- - Có mặt cắt ngang hình tròn,Phụ lục 1.1,Phụ lục 1.1,KIEM_TRA_CHAT_LUONG,,,,
72283090,- - Loại khác,Phụ lục 1.1,Phụ lục 1.1,KIEM_TRA_CHAT_LUONG,,,,
72284010,- - Có mặt cắt ngang hình tròn,Phụ lục 1.1,Phụ lục 1.1,KIEM_TRA_CHAT_LUONG,,,,
72285010,- - Có mặt cắt ngang hình tròn,Phụ lục 1.1,Phụ lục 1.1,KIEM_TRA_CHAT_LUONG,,,,
72286010,- - Có mặt cắt ngang hình tròn,Phụ lục 1.1,Phụ lục 1.1,KIEM_TRA_CHAT_LUONG,,,,
72287010,"- - Chưa được gia công quá mức cán nóng, kéo nóng hoặc ép đùn qua khuôn",Phụ lục 1.1,Phụ lục 1.1,KIEM_TRA_CHAT_LUONG,,,,
72287090,- - Loại khác,Phụ lục 1.1,Phụ lục 1.1,KIEM_TRA_CHAT_LUONG,,,,
7229,Dây thép hợp kim khác,Phụ lục 1.1,Phụ lục 1.1,KIEM_TRA_CHAT_LUONG,,,,
722990,- Loại khác:,Phụ lục 1.1,Phụ lục 1.1,KIEM_TRA_CHAT_LUONG,,,,
72299091,"- - - Có hàm lượng crôm từ 0,5% trở lên tính theo trọng lượng",Phụ lục 1.1,Phụ lục 1.1,KIEM_TRA_CHAT_LUONG,,,,
72299099,- - - Loại khác,Phụ lục 1.1,Phụ lục 1.1,KIEM_TRA_CHAT_LUONG,,,,
7306,"Các loại ống, ống dẫn và thanh hình có mặt cắt rỗng khác, bằng sắt hoặc thép (ví dụ, nối mở, hàn, tán đinh hoặc ghép bằng cách tương tự)",Phụ lục 1.1,Phụ lục 1.1,KIEM_TRA_CHAT_LUONG,,,,
730650,"- Loại khác, được hàn, có mặt cắt ngang hình tròn, bằng thép hợp kim khác:",Phụ lục 1.1,Phụ lục 1.1,KIEM_TRA_CHAT_LUONG,,,,
73065091,"- - - Với đường kính ngoài dưới 12,5 mm",Phụ lục 1.1,Phụ lục 1.1,KIEM_TRA_CHAT_LUONG,,,,
73065099,- - - Loại khác,Phụ lục 1.1,Phụ lục 1.1,KIEM_TRA_CHAT_LUONG,,,,
7207,Sắt hoặc thép không hợp kim ở dạng bán thành phẩm,Phụ lục 1.2,Phụ lục 1.2,KIEM_TRA_CHAT_LUONG,,,,
72071100,"- - Mặt cắt ngang hình chữ nhật (kể cả hình vuông), có chiều rộng nhỏ hơn hai lần chiều dày",Phụ lục 1.2,Phụ lục 1.2,KIEM_TRA_CHAT_LUONG,,,,
72071210,- - - Phôi dẹt (dạng phiến),Phụ lục 1.2,Phụ lục 1.2,KIEM_TRA_CHAT_LUONG,,,,
72071290,- - - Loại khác,Phụ lục 1.2,Phụ lục 1.2,KIEM_TRA_CHAT_LUONG,,,,
72071900,- - Loại khác,Phụ lục 1.2,Phụ lục 1.2,KIEM_TRA_CHAT_LUONG,,,,
72072010,- - - Phôi dẹt (dạng phiến),Phụ lục 1.2,Phụ lục 1.2,KIEM_TRA_CHAT_LUONG,,,,
72072021,- - - - Dạng khối được tạo hình bằng cách rèn ; phôi dạng tấm,Phụ lục 1.2,Phụ lục 1.2,KIEM_TRA_CHAT_LUONG,,,,
72072029,- - - - Loại khác,Phụ lục 1.2,Phụ lục 1.2,KIEM_TRA_CHAT_LUONG,,,,
72072091,- - - Phôi dẹt (dạng phiến),Phụ lục 1.2,Phụ lục 1.2,KIEM_TRA_CHAT_LUONG,,,,
72072092,- - - -Dạng khối được tạo hình thô bằng cách rèn; phôi dạng tấm,Phụ lục 1.2,Phụ lục 1.2,KIEM_TRA_CHAT_LUONG,,,,
72072099,- - - - Loại khác,Phụ lục 1.2,Phụ lục 1.2,KIEM_TRA_CHAT_LUONG,,,,
7210,"Các sản phẩm sắt hoặc thép không hợp kim được cán phẳng, có chiều rộng từ 600mm trở lên, đã phủ, mạ hoặc tráng",Phụ lục 1.2,Phụ lục 1.2,KIEM_TRA_CHAT_LUONG,,,,
72101110,"- - - Có hàm lượng carbon từ 0,6% trở lên tính theo trọng lượng",Phụ lục 1.2,Phụ lục 1.2,KIEM_TRA_CHAT_LUONG,,,,
72101190,- - - Loại khác,Phụ lục 1.2,Phụ lục 1.2,KIEM_TRA_CHAT_LUONG,,,,
72101210,"- - - Có hàm lượng carbon từ 0,6% trở lên tính theo trọng lượng",Phụ lục 1.2,Phụ lục 1.2,KIEM_TRA_CHAT_LUONG,,,,
72101290,- - - Loại khác,Phụ lục 1.2,Phụ lục 1.2,KIEM_TRA_CHAT_LUONG,,,,
72102010,"- - Có hàm lượng carbon dưới 0,6% tính theo trọng lượng và chiều dày không quá 1,5 mm",Phụ lục 1.2,Phụ lục 1.2,KIEM_TRA_CHAT_LUONG,,,,
72102090,- - Loại khác,Phụ lục 1.2,Phụ lục 1.2,KIEM_TRA_CHAT_LUONG,,,,
72103011,"- - - Chiều dày không quá 1,2mm",Phụ lục 1.2,Phụ lục 1.2,KIEM_TRA_CHAT_LUONG,,,,
72103012,"- - - Chiều dày trên 1,2mm nhưng không quá 1,5mm",Phụ lục 1.2,Phụ lục 1.2,KIEM_TRA_CHAT_LUONG,,,,
7224,Thép hợp kim khác ở dạng thỏi đúc hoặc dạng thô khác; các bán thành phẩm bằng thép hợp kim khác.,Phụ lục 1.2,Phụ lục 1.2,KIEM_TRA_CHAT_LUONG,,,,
72241000,- Ở dạng thỏi đúc và dạng thô khác,Phụ lục 1.2,Phụ lục 1.2,KIEM_TRA_CHAT_LUONG,,,,
72249000,- Loại khác,Phụ lục 1.2,Phụ lục 1.2,KIEM_TRA_CHAT_LUONG,,,,
7225,"Thép hợp kim khác được cán phẳng, có chiều rộng từ 600 mm trở lên.",Phụ lục 1.2,Phụ lục 1.2,KIEM_TRA_CHAT_LUONG,,,,
72259190,- - - Loại khác,Phụ lục 1.2,Phụ lục 1.2,KIEM_TRA_CHAT_LUONG,,,,
72259290,- - - Loại khác,Phụ lục 1.2,Phụ lục 1.2,KIEM_TRA_CHAT_LUONG,,,,
7226,"Sản phẩm của thép hợp kim khác được cán phẳng, có chiều rộng dưới 600 mm.",Phụ lục 1.3,Phụ lục 1.3,KIEM_TRA_CHAT_LUONG,,,,
72269911,- - - - Mạ hoặc tráng kẽm,Phụ lục 1.3,Phụ lục 1.3,KIEM_TRA_CHAT_LUONG,,,,
72269991,- - - - Mạ hoặc tráng kẽm,Phụ lục 1.3,Phụ lục 1.3,KIEM_TRA_CHAT_LUONG,,,,
7306,"Các loại ống, ống dẫn và thanh hình có mặt cắt rỗng khác, bằng sắt hoặc thép (ví dụ, nối mở, hàn, tán đinh hoặc ghép bằng cách tương tự)",Phụ lục 1.3,Phụ lục 1.3,KIEM_TRA_CHAT_LUONG,,,,
730650,"- Loại khác, được hàn, có mặt cắt ngang hình tròn, bằng thép hợp kim khác:",Phụ lục 1.3,Phụ lục 1.3,KIEM_TRA_CHAT_LUONG,,,,
73065091,"- - - Với đường kính ngoài dưới 12,5 mm",Phụ lục 1.3,Phụ lục 1.3,KIEM_TRA_CHAT_LUONG,,,,
73065099,- - - Loại khác,Phụ lục 1.3,Phụ lục 1.3,KIEM_TRA_CHAT_LUONG,,,,
4203,Hàng may mặc và đồ phụ trợ quần áo bằng da thuộc hoặc da tổng  hợp nếu có lớp lót bằng vật liệu dệt,Phụ lục,Phụ lục,KIEM_TRA_CHAT_LUONG,,,,
42031000,- Hàng may mặc,Phụ lục,Phụ lục,KIEM_TRA_CHAT_LUONG,,,,
42032100,- - Loại thiết kế đặc biệt dùng cho thể thao,Phụ lục,Phụ lục,KIEM_TRA_CHAT_LUONG,,,,
42032910,- - - Găng tay bảo hộ lao động,Phụ lục,Phụ lục,KIEM_TRA_CHAT_LUONG,,,,
42032990,- - - Loại khác,Phụ lục,Phụ lục,KIEM_TRA_CHAT_LUONG,,,,
42033000,- Thắt lưng và dây đeo súng,Phụ lục,Phụ lục,KIEM_TRA_CHAT_LUONG,,,,
42034000,- Đồ phụ trợ quần áo khác,Phụ lục,Phụ lục,KIEM_TRA_CHAT_LUONG,,,,
4303,Hàng may mặc đồ phụ trợ quần áo bằng da lông nếu có lớp lót bằng vật liệu dệt,Phụ lục,Phụ lục,KIEM_TRA_CHAT_LUONG,,,,
43031000,- Hàng may mặc và đồ phụ trợ quần áo,Phụ lục,Phụ lục,KIEM_TRA_CHAT_LUONG,,,,
430390,- Loại khác:,Phụ lục,Phụ lục,KIEM_TRA_CHAT_LUONG,,,,
43039020,- - Sản phẩm dùng cho mục đích công nghiệp,Phụ lục,Phụ lục,KIEM_TRA_CHAT_LUONG,,,,
43039090,- - Loại khác,Phụ lục,Phụ lục,KIEM_TRA_CHAT_LUONG,,,,
43040091,- -Túi thể thao bằng da lông nhân tạo nếu có lớp lót bằng vật liệu dệt,Phụ lục,Phụ lục,KIEM_TRA_CHAT_LUONG,,,,
50060000,"Sợi tơ tằm và sợi tách từ phế liệu tơ tằm, đã đóng gói để bán lẻ",Phụ lục,Phụ lục,KIEM_TRA_CHAT_LUONG,,,,
5007,Vải dệt thoi dệt từ tơ tằm hoặc từ phế liệu tơ tằm,Phụ lục,Phụ lục,KIEM_TRA_CHAT_LUONG,,,,
500710,- Vải dệt thoi từ tơ vụn:,Phụ lục,Phụ lục,KIEM_TRA_CHAT_LUONG,,,,
50071020,- - Chưa tẩy trắng hoặc đã tẩy trắng,Phụ lục,Phụ lục,KIEM_TRA_CHAT_LUONG,,,,
50071030,- - Được in bằng phương pháp batik truyền thống,Phụ lục,Phụ lục,KIEM_TRA_CHAT_LUONG,,,,
50071090,- - Loại khác,Phụ lục,Phụ lục,KIEM_TRA_CHAT_LUONG,,,,
500720,"- Các loại vải dệt thoi khác, có chứa 85% trở lên tính theo trọng lượng của tơ hoặc phế liệu tơ tằm ngoại trừ tơ vụn:",Phụ lục,Phụ lục,KIEM_TRA_CHAT_LUONG,,,,
50072020,- - Chưa tẩy trắng hoặc đã tẩy trắng,Phụ lục,Phụ lục,KIEM_TRA_CHAT_LUONG,,,,
50072030,- - Được in bằng phương pháp batik truyền thống,Phụ lục,Phụ lục,KIEM_TRA_CHAT_LUONG,,,,
50072090,- - Loại khác,Phụ lục,Phụ lục,KIEM_TRA_CHAT_LUONG,,,,
500790,- Các loại vải khác:,Phụ lục,Phụ lục,KIEM_TRA_CHAT_LUONG,,,,
50079020,- - Chưa tẩy trắng hoặc đã tẩy trắng,Phụ lục,Phụ lục,KIEM_TRA_CHAT_LUONG,,,,
50079030,- - Được in bằng phương pháp batik truyền thống,Phụ lục,Phụ lục,KIEM_TRA_CHAT_LUONG,,,,
50079090,- - Loại khác,Phụ lục,Phụ lục,KIEM_TRA_CHAT_LUONG,,,,
5109,"Sợi len lông cừu hoặc lông động vật loại mịn, đã đóng gói để bán lẻ",Phụ lục,Phụ lục,KIEM_TRA_CHAT_LUONG,,,,
51091000,- Có tỷ trọng lông cừu hoặc lông động vật loại mịn từ 85% trở lên,Phụ lục,Phụ lục,KIEM_TRA_CHAT_LUONG,,,,
51099000,- Loại khác,Phụ lục,Phụ lục,KIEM_TRA_CHAT_LUONG,,,,
51100000,"Sợi làm từ lông động vật loại thô hoặc từ lông đuôi hoặc bờm ngựa (kể cả sợi quấn bọc từ lông đuôi hoặc bờm ngựa), đã hoặc chưa đóng gói để bán lẻ.",Phụ lục,Phụ lục,KIEM_TRA_CHAT_LUONG,,,,
5111,Vải dệt thoi từ sợi len lông cừu chải thô hoặc sợi từ lông động vật loại mịn chải thô,Phụ lục,Phụ lục,KIEM_TRA_CHAT_LUONG,,,,
51111100,- - Trọng lượng không quá 300 g/m2,Phụ lục,Phụ lục,KIEM_TRA_CHAT_LUONG,,,,
51111900,- - Loại khác,Phụ lục,Phụ lục,KIEM_TRA_CHAT_LUONG,,,,
51112000,"- Loại khác, pha chủ yếu hoặc pha duy nhất với sợi filament nhân tạo",Phụ lục,Phụ lục,KIEM_TRA_CHAT_LUONG,,,,
51113000,"- Loại khác, pha chủ yếu hoặc pha duy nhất với xơ staple nhân tạo",Phụ lục,Phụ lục,KIEM_TRA_CHAT_LUONG,,,,
51119000,- Loại khác,Phụ lục,Phụ lục,KIEM_TRA_CHAT_LUONG,,,,
5112,Vải dệt thoi từ sợi len lông cừu chải kỹ hoặc sợi từ lông động vật loại mịn chải kỹ,Phụ lục,Phụ lục,KIEM_TRA_CHAT_LUONG,,,,
51121100,- - Trọng lượng không quá 200 g/m2,Phụ lục,Phụ lục,KIEM_TRA_CHAT_LUONG,,,,
511219,- - Loại khác:,Phụ lục,Phụ lục,KIEM_TRA_CHAT_LUONG,,,,
51121910,- - - Được in bằng phương pháp batik truyền thống,Phụ lục,Phụ lục,KIEM_TRA_CHAT_LUONG,,,,
51121990,- - - Loại khác,Phụ lục,Phụ lục,KIEM_TRA_CHAT_LUONG,,,,
51122000,"- Loại khác, pha chủ yếu hoặc pha duy nhất với sợi filament nhân tạo",Phụ lục,Phụ lục,KIEM_TRA_CHAT_LUONG,,,,
51123000,"- Loại khác, pha chủ yếu hoặc pha duy nhất với xơ staple nhân tạo",Phụ lục,Phụ lục,KIEM_TRA_CHAT_LUONG,,,,
51129000,- Loại khác,Phụ lục,Phụ lục,KIEM_TRA_CHAT_LUONG,,,,
51130000,Vải dệt thoi từ sợi lông động vật loại thô hoặc sợi lông đuôi hoặc bờm ngựa,Phụ lục,Phụ lục,KIEM_TRA_CHAT_LUONG,,,,
5204,"Chỉ khâu làm từ bông, đã hoặc chưa đóng gói để bán lẻ",Phụ lục,Phụ lục,KIEM_TRA_CHAT_LUONG,,,,
520411,- - Có tỷ trọng bông từ 85% trở lên:,Phụ lục,Phụ lục,KIEM_TRA_CHAT_LUONG,,,,
52041110,- - - Chưa tẩy trắng,Phụ lục,Phụ lục,KIEM_TRA_CHAT_LUONG,,,,
52041190,- - - Loại khác,Phụ lục,Phụ lục,KIEM_TRA_CHAT_LUONG,,,,
52041900,- - Loại khác,Phụ lục,Phụ lục,KIEM_TRA_CHAT_LUONG,,,,
52042000,- Đã đóng gói để bán lẻ,Phụ lục,Phụ lục,KIEM_TRA_CHAT_LUONG,,,,
5207,Sợi bông (trừ chỉ khâu) đã đóng gói để bán lẻ,Phụ lục,Phụ lục,KIEM_TRA_CHAT_LUONG,,,,
52071000,- Có tỷ trọng bông từ 85% trở lên,Phụ lục,Phụ lục,KIEM_TRA_CHAT_LUONG,,,,
52079000,- Loại khác,Phụ lục,Phụ lục,KIEM_TRA_CHAT_LUONG,,,,
5208,"Vải dệt thoi từ sợi bông, có tỷ trọng bông từ 85% trở lên, trọng lượng không quá 200 g/m2",Phụ lục,Phụ lục,KIEM_TRA_CHAT_LUONG,,,,
52081100,"- - Vải vân điểm, trọng lượng không quá 100 g/m2",Phụ lục,Phụ lục,KIEM_TRA_CHAT_LUONG,,,,
52081200,"- - Vải vân điểm, trọng lượng trên 100 g/m2",Phụ lục,Phụ lục,KIEM_TRA_CHAT_LUONG,,,,
52081300,"- - Vải vân chéo 3 sợi hoặc vân chéo 4 sợi, kể cả vải vân chéo dấu nhân",Phụ lục,Phụ lục,KIEM_TRA_CHAT_LUONG,,,,
52081900,- - Vải dệt khác,Phụ lục,Phụ lục,KIEM_TRA_CHAT_LUONG,,,,
52082100,"- - Vải vân điểm, trọng lượng không quá 100 g/m2",Phụ lục,Phụ lục,KIEM_TRA_CHAT_LUONG,,,,
52082200,"- - Vải vân điểm, trọng lượng trên 100 g/m2",Phụ lục,Phụ lục,KIEM_TRA_CHAT_LUONG,,,,
52082300,"- - Vải vân chéo 3 sợi hoặc vân chéo 4 sợi, kể cả vải vân chéo dấu nhân",Phụ lục,Phụ lục,KIEM_TRA_CHAT_LUONG,,,,
52082900,- - Vải dệt khác,Phụ lục,Phụ lục,KIEM_TRA_CHAT_LUONG,,,,
520831,"- - Vải vân điểm, trọng lượng không quá 100 g/m2:",Phụ lục,Phụ lục,KIEM_TRA_CHAT_LUONG,,,,
52083110,- - - Vải voan (Voile),Phụ lục,Phụ lục,KIEM_TRA_CHAT_LUONG,,,,
52083190,- - - Loại khác,Phụ lục,Phụ lục,KIEM_TRA_CHAT_LUONG,,,,
52083200,"- - Vải vân điểm, trọng lượng trên 100 g/m2",Phụ lục,Phụ lục,KIEM_TRA_CHAT_LUONG,,,,
52083300,"- - Vải vân chéo 3 sợi hoặc vân chéo 4 sợi, kể cả vải vân chéo dấu nhân",Phụ lục,Phụ lục,KIEM_TRA_CHAT_LUONG,,,,
52083900,- - Vải dệt khác,Phụ lục,Phụ lục,KIEM_TRA_CHAT_LUONG,,,,
520841,"- - Vải vân điểm, trọng lượng không quá 100 g/m2:",Phụ lục,Phụ lục,KIEM_TRA_CHAT_LUONG,,,,
52084110,- - - Vải Ikat,Phụ lục,Phụ lục,KIEM_TRA_CHAT_LUONG,,,,
52084190,- - - Loại khác,Phụ lục,Phụ lục,KIEM_TRA_CHAT_LUONG,,,,
520842,"- - Vải vân điểm, trọng lượng trên 100 g/m2:",Phụ lục,Phụ lục,KIEM_TRA_CHAT_LUONG,,,,
52084210,- - - Vải Ikat,Phụ lục,Phụ lục,KIEM_TRA_CHAT_LUONG,,,,
52084290,- - - Loại khác,Phụ lục,Phụ lục,KIEM_TRA_CHAT_LUONG,,,,
52084300,"- - Vải vân chéo 3 sợi hoặc vân chéo 4 sợi, kể cả vải vân chéo dấu nhân",Phụ lục,Phụ lục,KIEM_TRA_CHAT_LUONG,,,,
52084900,- - Vải dệt khác,Phụ lục,Phụ lục,KIEM_TRA_CHAT_LUONG,,,,
520851,"- - Vải vân điểm, trọng lượng không quá 100 g/m2:",Phụ lục,Phụ lục,KIEM_TRA_CHAT_LUONG,,,,
52085110,- - - Được in bằng phương pháp batik truyền thống,Phụ lục,Phụ lục,KIEM_TRA_CHAT_LUONG,,,,
52085190,- - - Loại khác,Phụ lục,Phụ lục,KIEM_TRA_CHAT_LUONG,,,,
520852,"- - Vải vân điểm, trọng lượng trên 100 g/m2:",Phụ lục,Phụ lục,KIEM_TRA_CHAT_LUONG,,,,
52085210,- - - Được in bằng phương pháp batik truyền thống,Phụ lục,Phụ lục,KIEM_TRA_CHAT_LUONG,,,,
52085290,- - - Loại khác,Phụ lục,Phụ lục,KIEM_TRA_CHAT_LUONG,,,,
520859,- - Vải dệt khác:,Phụ lục,Phụ lục,KIEM_TRA_CHAT_LUONG,,,,
52085910,- - - Được in bằng phương pháp batik truyền thống,Phụ lục,Phụ lục,KIEM_TRA_CHAT_LUONG,,,,
52085920,"- - - Loại khác, vải vân chéo 3 sợi hoặc vân chéo 4 sợi, kể cả vải vân chéo dấu nhân",Phụ lục,Phụ lục,KIEM_TRA_CHAT_LUONG,,,,
52085990,- - - Loại khác,Phụ lục,Phụ lục,KIEM_TRA_CHAT_LUONG,,,,
5209,"Vải dệt thoi từ sợi bông, có tỷ trọng bông từ 85% trở lên, trọng lượng trên 200g/m2",Phụ lục,Phụ lục,KIEM_TRA_CHAT_LUONG,,,,
520911,- - Vải vân điểm:,Phụ lục,Phụ lục,KIEM_TRA_CHAT_LUONG,,,,
52091110,- - - Vải duck và vải canvas,Phụ lục,Phụ lục,KIEM_TRA_CHAT_LUONG,,,,
52091190,- - - Loại khác,Phụ lục,Phụ lục,KIEM_TRA_CHAT_LUONG,,,,
52091200,"- - Vải vân chéo 3 sợi hoặc vân chéo 4 sợi, kể cả vải vân chéo dấu nhân",Phụ lục,Phụ lục,KIEM_TRA_CHAT_LUONG,,,,
52091900,- - Vải dệt khác,Phụ lục,Phụ lục,KIEM_TRA_CHAT_LUONG,,,,
52092100,- - Vải vân điểm,Phụ lục,Phụ lục,KIEM_TRA_CHAT_LUONG,,,,
52092200,"- - Vải vân chéo 3 sợi hoặc vân chéo 4 sợi, kể cả vải vân chéo dấu nhân",Phụ lục,Phụ lục,KIEM_TRA_CHAT_LUONG,,,,
52092900,- - Vải dệt khác,Phụ lục,Phụ lục,KIEM_TRA_CHAT_LUONG,,,,
52093100,- - Vải vân điểm,Phụ lục,Phụ lục,KIEM_TRA_CHAT_LUONG,,,,
52093200,"- - Vải vân chéo 3 sợi hoặc vân chéo 4 sợi, kể cả vải vân chéo dấu nhân",Phụ lục,Phụ lục,KIEM_TRA_CHAT_LUONG,,,,
52093900,- - Vải dệt khác,Phụ lục,Phụ lục,KIEM_TRA_CHAT_LUONG,,,,
52094100,- - Vải vân điểm,Phụ lục,Phụ lục,KIEM_TRA_CHAT_LUONG,,,,
52094200,- - Vải denim,Phụ lục,Phụ lục,KIEM_TRA_CHAT_LUONG,,,,
52094300,"- - Vải vân chéo 3 sợi hoặc vân chéo 4 sợi, kể cả vải vân chéo dấu nhân",Phụ lục,Phụ lục,KIEM_TRA_CHAT_LUONG,,,,
52094900,- - Vải dệt khác,Phụ lục,Phụ lục,KIEM_TRA_CHAT_LUONG,,,,
520951,- - Vải vân điểm:,Phụ lục,Phụ lục,KIEM_TRA_CHAT_LUONG,,,,
52095110,- - - Được in bằng phương pháp batik truyền thống,Phụ lục,Phụ lục,KIEM_TRA_CHAT_LUONG,,,,
52095190,- - - Loại khác,Phụ lục,Phụ lục,KIEM_TRA_CHAT_LUONG,,,,
520952,"- - Vải vân chéo 3 sợi hoặc vân chéo 4 sợi, kể cả vải vân chéo dấu nhân:",Phụ lục,Phụ lục,KIEM_TRA_CHAT_LUONG,,,,
52095210,- - - Được in bằng phương pháp batik truyền thống,Phụ lục,Phụ lục,KIEM_TRA_CHAT_LUONG,,,,
52095290,- - - Loại khác,Phụ lục,Phụ lục,KIEM_TRA_CHAT_LUONG,,,,
520959,- - Vải dệt khác:,Phụ lục,Phụ lục,KIEM_TRA_CHAT_LUONG,,,,
52095910,- - - Được in bằng phương pháp batik truyền thống,Phụ lục,Phụ lục,KIEM_TRA_CHAT_LUONG,,,,
52095990,- - - Loại khác,Phụ lục,Phụ lục,KIEM_TRA_CHAT_LUONG,,,,
5210,"Vải dệt thoi từ sợi bông, có tỷ trọng bông dưới 85% pha chủ yếu hoặc pha duy nhất với xơ sợi nhân tạo, có trọng lượng không quá 200g/m2",Phụ lục,Phụ lục,KIEM_TRA_CHAT_LUONG,,,,
52101100,- - Vải vân điểm,Phụ lục,Phụ lục,KIEM_TRA_CHAT_LUONG,,,,
52101900,- - Vải dệt khác,Phụ lục,Phụ lục,KIEM_TRA_CHAT_LUONG,,,,
52102100,- - Vải vân điểm,Phụ lục,Phụ lục,KIEM_TRA_CHAT_LUONG,,,,
52102900,- - Vải dệt khác,Phụ lục,Phụ lục,KIEM_TRA_CHAT_LUONG,,,,
52103100,- - Vải vân điểm,Phụ lục,Phụ lục,KIEM_TRA_CHAT_LUONG,,,,
52103200,"- - Vải vân chéo 3 sợi hoặc vân chéo 4 sợi, kể cả vải vân chéo dấu nhân",Phụ lục,Phụ lục,KIEM_TRA_CHAT_LUONG,,,,
52103900,- - Vải dệt khác,Phụ lục,Phụ lục,KIEM_TRA_CHAT_LUONG,,,,
521041,- - Vải vân điểm:,Phụ lục,Phụ lục,KIEM_TRA_CHAT_LUONG,,,,
52104110,- - - Vải Ikat,Phụ lục,Phụ lục,KIEM_TRA_CHAT_LUONG,,,,
52104190,- - - Loại khác,Phụ lục,Phụ lục,KIEM_TRA_CHAT_LUONG,,,,
52104900,- - Vải dệt khác,Phụ lục,Phụ lục,KIEM_TRA_CHAT_LUONG,,,,
521051,- - Vải vân điểm:,Phụ lục,Phụ lục,KIEM_TRA_CHAT_LUONG,,,,
52105110,- - - Được in bằng phương pháp batik truyền thống,Phụ lục,Phụ lục,KIEM_TRA_CHAT_LUONG,,,,
52105190,- - - Loại khác,Phụ lục,Phụ lục,KIEM_TRA_CHAT_LUONG,,,,
521059,- - Vải dệt khác:,Phụ lục,Phụ lục,KIEM_TRA_CHAT_LUONG,,,,
52105910,- - - Được in bằng phương pháp batik truyền thống,Phụ lục,Phụ lục,KIEM_TRA_CHAT_LUONG,,,,
52105990,- - - Loại khác,Phụ lục,Phụ lục,KIEM_TRA_CHAT_LUONG,,,,
5211,"Vải dệt thoi từ sợi bông, có tỷ trọng bông dưới 85% pha chủ yếu hoặc pha duy nhất với xơ sợi nhân tạo, có trọng lượng trên 200g/ m2",Phụ lục,Phụ lục,KIEM_TRA_CHAT_LUONG,,,,
52111100,- - Vải vân điểm,Phụ lục,Phụ lục,KIEM_TRA_CHAT_LUONG,,,,
52111200,"- - Vải vân chéo 3 sợi hoặc vân chéo 4 sợi, kể cả vải vân chéo dấu nhân",Phụ lục,Phụ lục,KIEM_TRA_CHAT_LUONG,,,,
52111900,- - Vải dệt khác,Phụ lục,Phụ lục,KIEM_TRA_CHAT_LUONG,,,,
52112000,- Đã tẩy trắng,Phụ lục,Phụ lục,KIEM_TRA_CHAT_LUONG,,,,
52113100,- - Vải vân điểm,Phụ lục,Phụ lục,KIEM_TRA_CHAT_LUONG,,,,
52113200,"- - Vải vân chéo 3 sợi hoặc vân chéo 4 sợi, kể cả vải vân chéo dấu nhân",Phụ lục,Phụ lục,KIEM_TRA_CHAT_LUONG,,,,
52113900,- - Vải dệt khác,Phụ lục,Phụ lục,KIEM_TRA_CHAT_LUONG,,,,
521141,- - Vải vân điểm:,Phụ lục,Phụ lục,KIEM_TRA_CHAT_LUONG,,,,
52114110,- - - Vải Ikat,Phụ lục,Phụ lục,KIEM_TRA_CHAT_LUONG,,,,
52114190,- - - Loại khác,Phụ lục,Phụ lục,KIEM_TRA_CHAT_LUONG,,,,
52114200,- - Vải denim,Phụ lục,Phụ lục,KIEM_TRA_CHAT_LUONG,,,,
52114300,"- - Vải vân chéo 3 sợi hoặc vân chéo 4 sợi, kể cả vải vân chéo dấu nhân",Phụ lục,Phụ lục,KIEM_TRA_CHAT_LUONG,,,,
52114900,- - Vải dệt khác,Phụ lục,Phụ lục,KIEM_TRA_CHAT_LUONG,,,,
521151,- - Vải vân điểm:,Phụ lục,Phụ lục,KIEM_TRA_CHAT_LUONG,,,,
52115110,- - - Được in bằng phương pháp batik truyền thống,Phụ lục,Phụ lục,KIEM_TRA_CHAT_LUONG,,,,
52115190,- - - Loại khác,Phụ lục,Phụ lục,KIEM_TRA_CHAT_LUONG,,,,
521152,"- - Vải vân chéo 3 sợi hoặc vân chéo 4 sợi, kể cả vải vân chéo dấu nhân:",Phụ lục,Phụ lục,KIEM_TRA_CHAT_LUONG,,,,
52115210,- - - Được in bằng phương pháp batik truyền thống,Phụ lục,Phụ lục,KIEM_TRA_CHAT_LUONG,,,,
52115290,- - - Loại khác,Phụ lục,Phụ lục,KIEM_TRA_CHAT_LUONG,,,,
521159,- - Vải dệt khác:,Phụ lục,Phụ lục,KIEM_TRA_CHAT_LUONG,,,,
52115910,- - - Được in bằng phương pháp batik truyền thống,Phụ lục,Phụ lục,KIEM_TRA_CHAT_LUONG,,,,
52115990,- - - Loại khác,Phụ lục,Phụ lục,KIEM_TRA_CHAT_LUONG,,,,
5212,Vải dệt thoi khác từ sợi bông,Phụ lục,Phụ lục,KIEM_TRA_CHAT_LUONG,,,,
52121100,- - Chưa tẩy trắng,Phụ lục,Phụ lục,KIEM_TRA_CHAT_LUONG,,,,
52121200,- - Đã tẩy trắng,Phụ lục,Phụ lục,KIEM_TRA_CHAT_LUONG,,,,
52121300,- - Đã nhuộm,Phụ lục,Phụ lục,KIEM_TRA_CHAT_LUONG,,,,
52121400,- - Từ các sợi có các màu khác nhau,Phụ lục,Phụ lục,KIEM_TRA_CHAT_LUONG,,,,
521215,- - Đã in:,Phụ lục,Phụ lục,KIEM_TRA_CHAT_LUONG,,,,
52121510,- - - Được in bằng phương pháp batik truyền thống,Phụ lục,Phụ lục,KIEM_TRA_CHAT_LUONG,,,,
52121590,- - - Loại khác,Phụ lục,Phụ lục,KIEM_TRA_CHAT_LUONG,,,,
52122100,- - Chưa tẩy trắng,Phụ lục,Phụ lục,KIEM_TRA_CHAT_LUONG,,,,
52122200,- - Đã tẩy trắng,Phụ lục,Phụ lục,KIEM_TRA_CHAT_LUONG,,,,
52122300,- - Đã nhuộm,Phụ lục,Phụ lục,KIEM_TRA_CHAT_LUONG,,,,
52122400,- - Từ các sợi có các màu khác nhau,Phụ lục,Phụ lục,KIEM_TRA_CHAT_LUONG,,,,
521225,- - Đã in:,Phụ lục,Phụ lục,KIEM_TRA_CHAT_LUONG,,,,
52122510,- - - Được in bằng phương pháp batik truyền thống,Phụ lục,Phụ lục,KIEM_TRA_CHAT_LUONG,,,,
52122590,- - - Loại khác,Phụ lục,Phụ lục,KIEM_TRA_CHAT_LUONG,,,,
5309,Vải dệt thoi từ sợi lanh,Phụ lục,Phụ lục,KIEM_TRA_CHAT_LUONG,,,,
53091100,- - Chưa tẩy trắng hoặc đã tẩy trắng,Phụ lục,Phụ lục,KIEM_TRA_CHAT_LUONG,,,,
53091900,- - Loại khác,Phụ lục,Phụ lục,KIEM_TRA_CHAT_LUONG,,,,
53092100,- - Chưa tẩy trắng hoặc đã tẩy trắng,Phụ lục,Phụ lục,KIEM_TRA_CHAT_LUONG,,,,
53092900,- - Loại khác,Phụ lục,Phụ lục,KIEM_TRA_CHAT_LUONG,,,,
5310,Vải dệt thoi từ sợi đay hoặc từ các loại xơ libe dệt khác thuộc nhóm 53.03,Phụ lục,Phụ lục,KIEM_TRA_CHAT_LUONG,,,,
531010,- Chưa tẩy trắng:,Phụ lục,Phụ lục,KIEM_TRA_CHAT_LUONG,,,,
53101010,- - Vải dệt vân điểm,Phụ lục,Phụ lục,KIEM_TRA_CHAT_LUONG,,,,
53101090,- - Loại khác,Phụ lục,Phụ lục,KIEM_TRA_CHAT_LUONG,,,,
53109000,- Loại khác,Phụ lục,Phụ lục,KIEM_TRA_CHAT_LUONG,,,,
5311,Vải dệt thoi từ các loại sợi dệt gốc thực vật khác; vải dệt thoi từ sợi giấy,Phụ lục,Phụ lục,KIEM_TRA_CHAT_LUONG,,,,
53110010,- Được in bằng phương pháp batik truyền thống,Phụ lục,Phụ lục,KIEM_TRA_CHAT_LUONG,,,,
53110020,- Vải bố (burlap) từ xơ chuối abaca,Phụ lục,Phụ lục,KIEM_TRA_CHAT_LUONG,,,,
53110090,- Loại khác,Phụ lục,Phụ lục,KIEM_TRA_CHAT_LUONG,,,,
5401,"Chỉ khâu làm từ sợi filament nhân tạo, đã hoặc chưa đóng gói để bán lẻ",Phụ lục,Phụ lục,KIEM_TRA_CHAT_LUONG,,,,
540110,- Từ sợi filament tổng hợp:,Phụ lục,Phụ lục,KIEM_TRA_CHAT_LUONG,,,,
54011010,- - Đóng gói để bán lẻ,Phụ lục,Phụ lục,KIEM_TRA_CHAT_LUONG,,,,
54011090,- - Loại khác,Phụ lục,Phụ lục,KIEM_TRA_CHAT_LUONG,,,,
540120,- Từ sợi filament tái tạo:,Phụ lục,Phụ lục,KIEM_TRA_CHAT_LUONG,,,,
54012010,- - Đóng gói để bán lẻ,Phụ lục,Phụ lục,KIEM_TRA_CHAT_LUONG,,,,
54012090,- - Loại khác,Phụ lục,Phụ lục,KIEM_TRA_CHAT_LUONG,,,,
5404,"Sợi monofilament tổng hợp có độ mảnh từ 67 decitex trở lên và kích thước mặt cắt ngang không quá 1 mm; dải và dạng tương tự (ví dụ, sợi giả rơm) từ vật liệu dệt tổng hợp có chiều rộng bề mặt không quá 5 mm.",Phụ lục,Phụ lục,KIEM_TRA_CHAT_LUONG,,,,
54041100,- - Từ nhựa đàn hồi,Phụ lục,Phụ lục,KIEM_TRA_CHAT_LUONG,,,,
54041200,"- - Loại khác, từ polypropylen",Phụ lục,Phụ lục,KIEM_TRA_CHAT_LUONG,,,,
54041900,- - Loại khác,Phụ lục,Phụ lục,KIEM_TRA_CHAT_LUONG,,,,
54049000,- Loại khác,Phụ lục,Phụ lục,KIEM_TRA_CHAT_LUONG,,,,
54050000,"Sợi monofilament tái tạo có độ mảnh từ 67 decitex trở lên và kích thước mặt cắt ngang không quá 1 mm; dải và dạng tương tự (ví dụ, sợi giả rơm) từ vật liệu dệt tái tạo có chiều rộng bề mặt không quá 5 mm.",Phụ lục,Phụ lục,KIEM_TRA_CHAT_LUONG,,,,
54060000,"Sợi filament nhân tạo (trừ chỉ khâu), đã đóng gói để bán lẻ.",Phụ lục,Phụ lục,KIEM_TRA_CHAT_LUONG,,,,
5407,"Vải dệt thoi bằng sợi filament tổng hợp, kể cả vải dệt thoi từ các loại sợi thuộc nhóm 54.04",Phụ lục,Phụ lục,KIEM_TRA_CHAT_LUONG,,,,
54073000,- Vải dệt thoi đã được nêu ở Chú giải 9 Phần XI,Phụ lục,Phụ lục,KIEM_TRA_CHAT_LUONG,,,,
54074200,- - Đã nhuộm,Phụ lục,Phụ lục,KIEM_TRA_CHAT_LUONG,,,,
54074300,- - Từ các sợi có các màu khác nhau,Phụ lục,Phụ lục,KIEM_TRA_CHAT_LUONG,,,,
54074400,- - Đã in,Phụ lục,Phụ lục,KIEM_TRA_CHAT_LUONG,,,,
54075100,- - Chưa tẩy trắng hoặc đã tẩy trắng,Phụ lục,Phụ lục,KIEM_TRA_CHAT_LUONG,,,,
54075200,- - Đã nhuộm,Phụ lục,Phụ lục,KIEM_TRA_CHAT_LUONG,,,,
54075300,- - Từ các sợi có các màu khác nhau,Phụ lục,Phụ lục,KIEM_TRA_CHAT_LUONG,,,,
54075400,- - Đã in,Phụ lục,Phụ lục,KIEM_TRA_CHAT_LUONG,,,,
540761,- - Có tỷ trọng sợi filament polyeste không dún từ 85% trở lên:,Phụ lục,Phụ lục,KIEM_TRA_CHAT_LUONG,,,,
54076110,- - - Chưa tẩy trắng hoặc đã tẩy trắng,Phụ lục,Phụ lục,KIEM_TRA_CHAT_LUONG,,,,
54076190,- - - Loại khác,Phụ lục,Phụ lục,KIEM_TRA_CHAT_LUONG,,,,
540769,- - Loại khác:,Phụ lục,Phụ lục,KIEM_TRA_CHAT_LUONG,,,,
54076910,- - - Chưa tẩy trắng hoặc đã tẩy trắng,Phụ lục,Phụ lục,KIEM_TRA_CHAT_LUONG,,,,
54076990,- - - Loại khác,Phụ lục,Phụ lục,KIEM_TRA_CHAT_LUONG,,,,
54077100,- - Chưa tẩy trắng hoặc đã tẩy trắng,Phụ lục,Phụ lục,KIEM_TRA_CHAT_LUONG,,,,
54077200,- - Đã nhuộm,Phụ lục,Phụ lục,KIEM_TRA_CHAT_LUONG,,,,
54077300,- - Từ các sợi có các màu khác nhau,Phụ lục,Phụ lục,KIEM_TRA_CHAT_LUONG,,,,
54077400,- - Đã in,Phụ lục,Phụ lục,KIEM_TRA_CHAT_LUONG,,,,
54078100,- - Chưa tẩy trắng hoặc đã tẩy trắng,Phụ lục,Phụ lục,KIEM_TRA_CHAT_LUONG,,,,
54078200,- - Đã nhuộm,Phụ lục,Phụ lục,KIEM_TRA_CHAT_LUONG,,,,
54078300,- - Từ các sợi có các màu khác nhau,Phụ lục,Phụ lục,KIEM_TRA_CHAT_LUONG,,,,
54078400,- - Đã in,Phụ lục,Phụ lục,KIEM_TRA_CHAT_LUONG,,,,
54079100,- - Chưa tẩy trắng hoặc đã tẩy trắng,Phụ lục,Phụ lục,KIEM_TRA_CHAT_LUONG,,,,
54079200,- - Đã nhuộm,Phụ lục,Phụ lục,KIEM_TRA_CHAT_LUONG,,,,
54079300,- - Từ các sợi có các màu khác nhau,Phụ lục,Phụ lục,KIEM_TRA_CHAT_LUONG,,,,
54079400,- - Đã in,Phụ lục,Phụ lục,KIEM_TRA_CHAT_LUONG,,,,
5408,"Vải dệt thoi bằng sợi filament tái tạo, kể cả vải dệt thoi từ các loại nguyên liệu thuộc nhóm 54.05",Phụ lục,Phụ lục,KIEM_TRA_CHAT_LUONG,,,,
540810,- Vải dệt thoi bằng sợi có độ bền cao từ tơ tái tạo vit-cô (viscose):,Phụ lục,Phụ lục,KIEM_TRA_CHAT_LUONG,,,,
54081010,- - Chưa tẩy trắng,Phụ lục,Phụ lục,KIEM_TRA_CHAT_LUONG,,,,
54081090,- - Loại khác,Phụ lục,Phụ lục,KIEM_TRA_CHAT_LUONG,,,,
54082100,- - Chưa tẩy trắng hoặc đã tẩy trắng,Phụ lục,Phụ lục,KIEM_TRA_CHAT_LUONG,,,,
54082200,- - Đã nhuộm,Phụ lục,Phụ lục,KIEM_TRA_CHAT_LUONG,,,,
54082300,- - Từ các sợi có các màu khác nhau,Phụ lục,Phụ lục,KIEM_TRA_CHAT_LUONG,,,,
54082400,- - Đã in,Phụ lục,Phụ lục,KIEM_TRA_CHAT_LUONG,,,,
54083100,- - Chưa tẩy trắng hoặc đã tẩy trắng,Phụ lục,Phụ lục,KIEM_TRA_CHAT_LUONG,,,,
54083200,- - Đã nhuộm,Phụ lục,Phụ lục,KIEM_TRA_CHAT_LUONG,,,,
54083300,- - Từ các sợi có các màu khác nhau,Phụ lục,Phụ lục,KIEM_TRA_CHAT_LUONG,,,,
54083400,- - Đã in,Phụ lục,Phụ lục,KIEM_TRA_CHAT_LUONG,,,,
5508,"Chỉ khâu làm từ xơ staple nhân tạo, đã hoặc chưa đóng gói để bán lẻ.",Phụ lục,Phụ lục,KIEM_TRA_CHAT_LUONG,,,,
550810,- Từ xơ staple tổng hợp:,Phụ lục,Phụ lục,KIEM_TRA_CHAT_LUONG,,,,
55081010,- - Đóng gói để bán lẻ,Phụ lục,Phụ lục,KIEM_TRA_CHAT_LUONG,,,,
55081090,- - Loại khác,Phụ lục,Phụ lục,KIEM_TRA_CHAT_LUONG,,,,
550820,- Từ xơ staple tái tạo:,Phụ lục,Phụ lục,KIEM_TRA_CHAT_LUONG,,,,
55082010,- - Đóng gói để bán lẻ,Phụ lục,Phụ lục,KIEM_TRA_CHAT_LUONG,,,,
55082090,- - Loại khác,Phụ lục,Phụ lục,KIEM_TRA_CHAT_LUONG,,,,
5511,"Sợi (trừ chỉ khâu) từ xơ staple nhân tạo, đã đóng gói để bán lẻ",Phụ lục,Phụ lục,KIEM_TRA_CHAT_LUONG,,,,
551110,"- Từ xơ staple tổng hợp, có tỷ trọng loại xơ này từ 85% trở lên:",Phụ lục,Phụ lục,KIEM_TRA_CHAT_LUONG,,,,
55111010,"- - Sợi dệt kim, sợi móc và chỉ thêu",Phụ lục,Phụ lục,KIEM_TRA_CHAT_LUONG,,,,
55111090,- - Loại khác,Phụ lục,Phụ lục,KIEM_TRA_CHAT_LUONG,,,,
551120,"- Từ xơ staple tổng hợp, có tỷ trọng loại xơ này dưới 85%:",Phụ lục,Phụ lục,KIEM_TRA_CHAT_LUONG,,,,
55112010,"- - Sợi dệt kim, sợi móc và chỉ thêu",Phụ lục,Phụ lục,KIEM_TRA_CHAT_LUONG,,,,
55112090,- - Loại khác,Phụ lục,Phụ lục,KIEM_TRA_CHAT_LUONG,,,,
55113000,- Từ xơ staple tái tạo,Phụ lục,Phụ lục,KIEM_TRA_CHAT_LUONG,,,,
5512,"Các loại vải dệt thoi từ xơ staple tổng hợp, có tỷ trọng loại xơ này từ 85% trở lên",Phụ lục,Phụ lục,KIEM_TRA_CHAT_LUONG,,,,
55121100,- - Chưa tẩy trắng hoặc đã tẩy trắng,Phụ lục,Phụ lục,KIEM_TRA_CHAT_LUONG,,,,
55121900,- - Loại khác,Phụ lục,Phụ lục,KIEM_TRA_CHAT_LUONG,,,,
55122100,- - Chưa tẩy trắng hoặc đã tẩy trắng,Phụ lục,Phụ lục,KIEM_TRA_CHAT_LUONG,,,,
55122900,- - Loại khác,Phụ lục,Phụ lục,KIEM_TRA_CHAT_LUONG,,,,
55129100,- - Chưa tẩy trắng hoặc đã tẩy trắng,Phụ lục,Phụ lục,KIEM_TRA_CHAT_LUONG,,,,
55129900,- - Loại khác,Phụ lục,Phụ lục,KIEM_TRA_CHAT_LUONG,,,,
5513,"Vải dệt thoi bằng xơ staple tổng hợp, có tỷ trọng loại xơ này dưới 85%, pha chủ yếu hoặc pha duy nhất với bông, trọng lượng không quá 170g/m2",Phụ lục,Phụ lục,KIEM_TRA_CHAT_LUONG,,,,
55131100,"- - Từ xơ staple polyeste, dệt vân điểm",Phụ lục,Phụ lục,KIEM_TRA_CHAT_LUONG,,,,
55131200,"- - Vải vân chéo 3 sợi hoặc vân chéo 4 sợi, kể cả vải vân chéo chữ nhân, từ xơ staple polyeste",Phụ lục,Phụ lục,KIEM_TRA_CHAT_LUONG,,,,
55131300,- - Vải dệt thoi khác từ xơ staple polyeste,Phụ lục,Phụ lục,KIEM_TRA_CHAT_LUONG,,,,
55131900,- - Vải dệt thoi khác,Phụ lục,Phụ lục,KIEM_TRA_CHAT_LUONG,,,,
55132100,"- - Từ xơ staple polyeste, dệt vân điểm",Phụ lục,Phụ lục,KIEM_TRA_CHAT_LUONG,,,,
55132300,- - Vải dệt thoi khác từ xơ staple polyeste,Phụ lục,Phụ lục,KIEM_TRA_CHAT_LUONG,,,,
55132900,- - Vải dệt thoi khác,Phụ lục,Phụ lục,KIEM_TRA_CHAT_LUONG,,,,
55133100,"- - Từ xơ staple polyeste, dệt vân điểm",Phụ lục,Phụ lục,KIEM_TRA_CHAT_LUONG,,,,
55133900,- - Vải dệt thoi khác,Phụ lục,Phụ lục,KIEM_TRA_CHAT_LUONG,,,,
55134100,"- - Từ xơ staple polyeste, dệt vân điểm",Phụ lục,Phụ lục,KIEM_TRA_CHAT_LUONG,,,,
55134900,- - Vải dệt thoi khác,Phụ lục,Phụ lục,KIEM_TRA_CHAT_LUONG,,,,
5514,"Vải dệt thoi bằng xơ staple tổng hợp, có tỷ trọng loại xơ này dưới 85%, pha chủ yếu hoặc pha duy nhất với bông, trọng lượng trên 170 g/m2",Phụ lục,Phụ lục,KIEM_TRA_CHAT_LUONG,,,,
55141100,"- - Từ xơ staple polyeste, dệt vân điểm",Phụ lục,Phụ lục,KIEM_TRA_CHAT_LUONG,,,,
55141200,"- - Vải vân chéo 3 sợi hoặc vân chéo 4 sợi, kể cả vải vân chéo chữ nhân, từ xơ staple polyeste",Phụ lục,Phụ lục,KIEM_TRA_CHAT_LUONG,,,,
55141900,- - Vải dệt thoi khác,Phụ lục,Phụ lục,KIEM_TRA_CHAT_LUONG,,,,
55142100,"- - Từ xơ staple polyeste, dệt vân điểm",Phụ lục,Phụ lục,KIEM_TRA_CHAT_LUONG,,,,
55142200,"- - Vải vân chéo 3 sợi hoặc vân chéo 4 sợi, kể cả vải vân chéo chữ nhân, từ xơ staple polyeste",Phụ lục,Phụ lục,KIEM_TRA_CHAT_LUONG,,,,
55142300,- - Vải dệt thoi khác từ xơ staple polyeste,Phụ lục,Phụ lục,KIEM_TRA_CHAT_LUONG,,,,
55142900,- - Vải dệt thoi khác,Phụ lục,Phụ lục,KIEM_TRA_CHAT_LUONG,,,,
55143000,- Từ các sợi có các màu khác nhau,Phụ lục,Phụ lục,KIEM_TRA_CHAT_LUONG,,,,
55144100,"- - Từ xơ staple polyeste, dệt vân điểm",Phụ lục,Phụ lục,KIEM_TRA_CHAT_LUONG,,,,
55144200,"- - Vải vân chéo 3 sợi hoặc vân chéo 4 sợi, kể cả vải vân chéo chữ nhân, từ xơ staple polyeste",Phụ lục,Phụ lục,KIEM_TRA_CHAT_LUONG,,,,
55144300,- - Vải dệt thoi khác từ xơ staple polyeste,Phụ lục,Phụ lục,KIEM_TRA_CHAT_LUONG,,,,
55144900,- - Vải dệt thoi khác,Phụ lục,Phụ lục,KIEM_TRA_CHAT_LUONG,,,,
5515,Các loại vải dệt thoi khác từ xơ staple tổng hợp,Phụ lục,Phụ lục,KIEM_TRA_CHAT_LUONG,,,,
55151100,- - Pha chủ yếu hoặc pha duy nhất với xơ staple tơ tái tạo vit-cô (viscose),Phụ lục,Phụ lục,KIEM_TRA_CHAT_LUONG,,,,
55151200,- - Pha chủ yếu hoặc pha duy nhất với sợi filament nhân tạo,Phụ lục,Phụ lục,KIEM_TRA_CHAT_LUONG,,,,
55151300,- - Pha chủ yếu hoặc pha duy nhất với lông cừu hoặc lông động vật loại mịn,Phụ lục,Phụ lục,KIEM_TRA_CHAT_LUONG,,,,
55151900,- - Loại khác,Phụ lục,Phụ lục,KIEM_TRA_CHAT_LUONG,,,,
55152100,- - Pha chủ yếu hoặc pha duy nhất với sợi filament nhân tạo,Phụ lục,Phụ lục,KIEM_TRA_CHAT_LUONG,,,,
55152200,- - Pha chủ yếu hoặc pha duy nhất với lông cừu hoặc lông động vật loại mịn,Phụ lục,Phụ lục,KIEM_TRA_CHAT_LUONG,,,,
55152900,- - Loại khác,Phụ lục,Phụ lục,KIEM_TRA_CHAT_LUONG,,,,
55159100,- - Pha chủ yếu hoặc pha duy nhất với sợi filament nhân tạo,Phụ lục,Phụ lục,KIEM_TRA_CHAT_LUONG,,,,
551599,- - Loại khác:,Phụ lục,Phụ lục,KIEM_TRA_CHAT_LUONG,,,,
55159910,- - - Pha chủ yếu hoặc duy nhất với lông cừu hoặc lông động vật loại mịn,Phụ lục,Phụ lục,KIEM_TRA_CHAT_LUONG,,,,
55159990,- - - Loại khác,Phụ lục,Phụ lục,KIEM_TRA_CHAT_LUONG,,,,
5516,Vải dệt thoi từ xơ staple tái tạo,Phụ lục,Phụ lục,KIEM_TRA_CHAT_LUONG,,,,
55161100,- - Chưa tẩy trắng hoặc đã tẩy trắng,Phụ lục,Phụ lục,KIEM_TRA_CHAT_LUONG,,,,
55161200,- - Đã nhuộm,Phụ lục,Phụ lục,KIEM_TRA_CHAT_LUONG,,,,
55161300,- - Từ các sợi có các màu khác nhau,Phụ lục,Phụ lục,KIEM_TRA_CHAT_LUONG,,,,
55161400,- - Đã in,Phụ lục,Phụ lục,KIEM_TRA_CHAT_LUONG,,,,
55162100,- - Chưa tẩy trắng hoặc đã tẩy trắng,Phụ lục,Phụ lục,KIEM_TRA_CHAT_LUONG,,,,
55162200,- - Đã nhuộm,Phụ lục,Phụ lục,KIEM_TRA_CHAT_LUONG,,,,
55162300,- - Từ các sợi có các màu khác nhau,Phụ lục,Phụ lục,KIEM_TRA_CHAT_LUONG,,,,
55162400,- - Đã in,Phụ lục,Phụ lục,KIEM_TRA_CHAT_LUONG,,,,
55163100,- - Chưa tẩy trắng hoặc đã tẩy trắng,Phụ lục,Phụ lục,KIEM_TRA_CHAT_LUONG,,,,
55163200,- - Đã nhuộm,Phụ lục,Phụ lục,KIEM_TRA_CHAT_LUONG,,,,
55163300,- - Từ các sợi có các màu khác nhau,Phụ lục,Phụ lục,KIEM_TRA_CHAT_LUONG,,,,
55163400,- - Đã in,Phụ lục,Phụ lục,KIEM_TRA_CHAT_LUONG,,,,
55164100,- - Chưa tẩy trắng hoặc đã tẩy trắng,Phụ lục,Phụ lục,KIEM_TRA_CHAT_LUONG,,,,
55164200,- - Đã nhuộm,Phụ lục,Phụ lục,KIEM_TRA_CHAT_LUONG,,,,
55164300,- - Từ các sợi có các màu khác nhau,Phụ lục,Phụ lục,KIEM_TRA_CHAT_LUONG,,,,
55164400,- - Đã in,Phụ lục,Phụ lục,KIEM_TRA_CHAT_LUONG,,,,
55169100,- - Chưa tẩy trắng hoặc đã tẩy trắng,Phụ lục,Phụ lục,KIEM_TRA_CHAT_LUONG,,,,
55169200,- - Đã nhuộm,Phụ lục,Phụ lục,KIEM_TRA_CHAT_LUONG,,,,
55169300,- - Từ các sợi có các màu khác nhau,Phụ lục,Phụ lục,KIEM_TRA_CHAT_LUONG,,,,
55169400,- - Đã in,Phụ lục,Phụ lục,KIEM_TRA_CHAT_LUONG,,,,
5601,Mền xơ bằng vật liệu dệt và các sản phẩm của nó,Phụ lục,Phụ lục,KIEM_TRA_CHAT_LUONG,,,,
56012100,- - Từ bông,Phụ lục,Phụ lục,KIEM_TRA_CHAT_LUONG,,,,
560122,- - Từ xơ nhân tạo:,Phụ lục,Phụ lục,KIEM_TRA_CHAT_LUONG,,,,
56012210,- - - Đầu lọc thuốc lá,Phụ lục,Phụ lục,KIEM_TRA_CHAT_LUONG,,,,
56012290,- - - Loại khác,Phụ lục,Phụ lục,KIEM_TRA_CHAT_LUONG,,,,
56012900,- - Loại khác,Phụ lục,Phụ lục,KIEM_TRA_CHAT_LUONG,,,,
560130,- Xơ vụn và bụi xơ và kết xơ:,Phụ lục,Phụ lục,KIEM_TRA_CHAT_LUONG,,,,
56013010,- - Xơ vụn polyamit,Phụ lục,Phụ lục,KIEM_TRA_CHAT_LUONG,,,,
56013020,- - Xơ vụn bằng polypropylen,Phụ lục,Phụ lục,KIEM_TRA_CHAT_LUONG,,,,
56013090,- - Loại khác,Phụ lục,Phụ lục,KIEM_TRA_CHAT_LUONG,,,,
5602,"Phớt, nỉ đã hoặc chưa ngâm tẩm, tráng, phủ hoặc ép lớp",Phụ lục,Phụ lục,KIEM_TRA_CHAT_LUONG,,,,
56021000,"- Phớt, nỉ xuyên kim và vải khâu đính",Phụ lục,Phụ lục,KIEM_TRA_CHAT_LUONG,,,,
56022100,- - Từ lông cừu hoặc lông động vật loại mịn,Phụ lục,Phụ lục,KIEM_TRA_CHAT_LUONG,,,,
56022900,- - Từ các vật liệu dệt khác,Phụ lục,Phụ lục,KIEM_TRA_CHAT_LUONG,,,,
56029000,- Loại khác,Phụ lục,Phụ lục,KIEM_TRA_CHAT_LUONG,,,,
5603,"Các sản phẩm không dệt đã hoặc chưa ngâm tẩm, tráng, phủ hoặc ép lớp",Phụ lục,Phụ lục,KIEM_TRA_CHAT_LUONG,,,,
56031100,- - Trọng lượng không quá 25 g/m2,Phụ lục,Phụ lục,KIEM_TRA_CHAT_LUONG,,,,
56031200,- - Trọng lượng trên 25 g/m2 nhưng không quá 70 g/m2,Phụ lục,Phụ lục,KIEM_TRA_CHAT_LUONG,,,,
56031300,- - Trọng lượng trên 70 g/m2 nhưng không quá 150 g/m2,Phụ lục,Phụ lục,KIEM_TRA_CHAT_LUONG,,,,
56031400,- - Trọng lượng trên 150 g/m2,Phụ lục,Phụ lục,KIEM_TRA_CHAT_LUONG,,,,
56039100,- - Trọng lượng không quá 25 g/m2,Phụ lục,Phụ lục,KIEM_TRA_CHAT_LUONG,,,,
56039200,- - Trọng lượng trên 25 g/m2 nhưng không quá 70 g/m2,Phụ lục,Phụ lục,KIEM_TRA_CHAT_LUONG,,,,
56039300,- - Trọng lượng trên 70 g/m2 nhưng không quá 150 g/m2,Phụ lục,Phụ lục,KIEM_TRA_CHAT_LUONG,,,,
56039400,- - Trọng lượng trên 150 g/m2,Phụ lục,Phụ lục,KIEM_TRA_CHAT_LUONG,,,,
56041000,Chỉ cao su được bọc bằng vật liệu dệt,Phụ lục,Phụ lục,KIEM_TRA_CHAT_LUONG,,,,
56049010,"Chỉ giả catgut, bằng sợi tơ tằm",Phụ lục,Phụ lục,KIEM_TRA_CHAT_LUONG,,,,
56081920,Túi lưới từ vật liệu dệt nhân tạo,Phụ lục,Phụ lục,KIEM_TRA_CHAT_LUONG,,,,
56089010,Túi lưới từ vật liệu dệt loại khác,Phụ lục,Phụ lục,KIEM_TRA_CHAT_LUONG,,,,
5701,"Thảm và các loại hàng dệt trải sàn khác loại thắt gút, đã hoặc chưa hoàn thiện",Phụ lục,Phụ lục,KIEM_TRA_CHAT_LUONG,,,,
570110,- Từ lông cừu hoặc lông động vật loại mịn:,Phụ lục,Phụ lục,KIEM_TRA_CHAT_LUONG,,,,
57011010,- - Thảm cầu nguyện,Phụ lục,Phụ lục,KIEM_TRA_CHAT_LUONG,,,,
57011090,- - Loại khác,Phụ lục,Phụ lục,KIEM_TRA_CHAT_LUONG,,,,
570190,- Từ các vật liệu dệt khác:,Phụ lục,Phụ lục,KIEM_TRA_CHAT_LUONG,,,,
57019011,- - - Thảm cầu nguyện,Phụ lục,Phụ lục,KIEM_TRA_CHAT_LUONG,,,,
57019019,- - - Loại khác,Phụ lục,Phụ lục,KIEM_TRA_CHAT_LUONG,,,,
57019020,- - Từ xơ đay,Phụ lục,Phụ lục,KIEM_TRA_CHAT_LUONG,,,,
57019091,- - - Thảm cầu nguyện,Phụ lục,Phụ lục,KIEM_TRA_CHAT_LUONG,,,,
57019099,- - - Loại khác,Phụ lục,Phụ lục,KIEM_TRA_CHAT_LUONG,,,,
5702,"Thảm và các loại hàng dệt trải sàn khác, dệt thoi, không chần sợi vòng hoặc phủ xơ vụn, đã hoặc chưa hoàn thiện, kể cả thảm “Kelem”, “Schumacks”, “Karamanie” và các loại thảm dệt thủ công tương tự.",Phụ lục,Phụ lục,KIEM_TRA_CHAT_LUONG,,,,
57021000,"- Thảm “Kelem”, “Schumacks”, “Karamanie” và các loại thảm dệt thủ công tương tự",Phụ lục,Phụ lục,KIEM_TRA_CHAT_LUONG,,,,
57022000,- Hàng trải sàn từ xơ dừa (coir),Phụ lục,Phụ lục,KIEM_TRA_CHAT_LUONG,,,,
57023100,- - Từ lông cừu hoặc lông động vật loại mịn,Phụ lục,Phụ lục,KIEM_TRA_CHAT_LUONG,,,,
57023200,- - Từ các vật liệu dệt nhân tạo,Phụ lục,Phụ lục,KIEM_TRA_CHAT_LUONG,,,,
570239,- - Từ các loại vật liệu dệt khác:,Phụ lục,Phụ lục,KIEM_TRA_CHAT_LUONG,,,,
57023910,- - - Từ bông,Phụ lục,Phụ lục,KIEM_TRA_CHAT_LUONG,,,,
57023920,- - - Từ xơ đay,Phụ lục,Phụ lục,KIEM_TRA_CHAT_LUONG,,,,
57023990,- - - Loại khác,Phụ lục,Phụ lục,KIEM_TRA_CHAT_LUONG,,,,
570241,- - Từ lông cừu hoặc lông động vật loại mịn:,Phụ lục,Phụ lục,KIEM_TRA_CHAT_LUONG,,,,
57024110,- - - Thảm cầu nguyện,Phụ lục,Phụ lục,KIEM_TRA_CHAT_LUONG,,,,
57024190,- - - Loại khác,Phụ lục,Phụ lục,KIEM_TRA_CHAT_LUONG,,,,
570242,- - Từ các vật liệu dệt nhân tạo:,Phụ lục,Phụ lục,KIEM_TRA_CHAT_LUONG,,,,
57024210,- - - Thảm cầu nguyện,Phụ lục,Phụ lục,KIEM_TRA_CHAT_LUONG,,,,
57024290,- - - Loại khác,Phụ lục,Phụ lục,KIEM_TRA_CHAT_LUONG,,,,
570249,- - Từ các vật liệu dệt khác:,Phụ lục,Phụ lục,KIEM_TRA_CHAT_LUONG,,,,
57024911,- - - - Thảm cầu nguyện,Phụ lục,Phụ lục,KIEM_TRA_CHAT_LUONG,,,,
57024919,- - - - Loại khác,Phụ lục,Phụ lục,KIEM_TRA_CHAT_LUONG,,,,
57024920,- - - Từ xơ đay,Phụ lục,Phụ lục,KIEM_TRA_CHAT_LUONG,,,,
57024991,- - - - Thảm cầu nguyện,Phụ lục,Phụ lục,KIEM_TRA_CHAT_LUONG,,,,
57024999,- - - - Loại khác,Phụ lục,Phụ lục,KIEM_TRA_CHAT_LUONG,,,,
570250,"- Loại khác, không có cấu tạo vòng lông, chưa hoàn thiện:",Phụ lục,Phụ lục,KIEM_TRA_CHAT_LUONG,,,,
57025010,- - Từ bông,Phụ lục,Phụ lục,KIEM_TRA_CHAT_LUONG,,,,
57025020,- - Từ xơ đay,Phụ lục,Phụ lục,KIEM_TRA_CHAT_LUONG,,,,
57025090,- - Loại khác,Phụ lục,Phụ lục,KIEM_TRA_CHAT_LUONG,,,,
570291,- - Từ lông cừu hoặc lông động vật loại mịn:,Phụ lục,Phụ lục,KIEM_TRA_CHAT_LUONG,,,,
57029110,- - - Thảm cầu nguyện,Phụ lục,Phụ lục,KIEM_TRA_CHAT_LUONG,,,,
57029190,- - - Loại khác,Phụ lục,Phụ lục,KIEM_TRA_CHAT_LUONG,,,,
570292,- - Từ các vật liệu dệt nhân tạo:,Phụ lục,Phụ lục,KIEM_TRA_CHAT_LUONG,,,,
57029210,- - - Thảm cầu nguyện,Phụ lục,Phụ lục,KIEM_TRA_CHAT_LUONG,,,,
57029290,- - - Loại khác,Phụ lục,Phụ lục,KIEM_TRA_CHAT_LUONG,,,,
570299,- - Từ các loại vật liệu dệt khác:,Phụ lục,Phụ lục,KIEM_TRA_CHAT_LUONG,,,,
57029911,- - - - Thảm cầu nguyện,Phụ lục,Phụ lục,KIEM_TRA_CHAT_LUONG,,,,
57029919,- - - - Loại khác,Phụ lục,Phụ lục,KIEM_TRA_CHAT_LUONG,,,,
57029920,- - - Từ xơ đay,Phụ lục,Phụ lục,KIEM_TRA_CHAT_LUONG,,,,
57029991,- - - - Thảm cầu nguyện,Phụ lục,Phụ lục,KIEM_TRA_CHAT_LUONG,,,,
57029999,- - - - Loại khác,Phụ lục,Phụ lục,KIEM_TRA_CHAT_LUONG,,,,
5703,"Thảm và các loại hàng dệt trải sàn khác, được chần, đã hoặc chưa hoàn thiện.",Phụ lục,Phụ lục,KIEM_TRA_CHAT_LUONG,,,,
570310,- Từ lông cừu hoặc lông động vật loại mịn:,Phụ lục,Phụ lục,KIEM_TRA_CHAT_LUONG,,,,
57031010,"- - Thảm lót chân, loại dùng cho xe có động cơ thuộc nhóm 87.02, 87.03 hoặc 87.04",Phụ lục,Phụ lục,KIEM_TRA_CHAT_LUONG,,,,
57031020,- - Thảm cầu nguyện,Phụ lục,Phụ lục,KIEM_TRA_CHAT_LUONG,,,,
57031030,"- - Thảm trải sàn, loại dùng cho xe có động cơ thuộc nhóm 87.02, 87.03 hoặc 87.04",Phụ lục,Phụ lục,KIEM_TRA_CHAT_LUONG,,,,
57031090,- - Loại khác,Phụ lục,Phụ lục,KIEM_TRA_CHAT_LUONG,,,,
570320,- Từ ni lông hoặc các polyamit khác:,Phụ lục,Phụ lục,KIEM_TRA_CHAT_LUONG,,,,
57032010,- - Thảm cầu nguyện,Phụ lục,Phụ lục,KIEM_TRA_CHAT_LUONG,,,,
57032090,- - Loại khác,Phụ lục,Phụ lục,KIEM_TRA_CHAT_LUONG,,,,
570330,- Từ các vật liệu dệt nhân tạo khác:,Phụ lục,Phụ lục,KIEM_TRA_CHAT_LUONG,,,,
57033010,- - Thảm cầu nguyện,Phụ lục,Phụ lục,KIEM_TRA_CHAT_LUONG,,,,
57033090,- - Loại khác,Phụ lục,Phụ lục,KIEM_TRA_CHAT_LUONG,,,,
570390,- Từ các vật liệu dệt khác:,Phụ lục,Phụ lục,KIEM_TRA_CHAT_LUONG,,,,
57039011,- - - Thảm cầu nguyện,Phụ lục,Phụ lục,KIEM_TRA_CHAT_LUONG,,,,
57039019,- - - Loại khác,Phụ lục,Phụ lục,KIEM_TRA_CHAT_LUONG,,,,
57039021,"- - - Thảm lót chân, loại dùng cho xe có động cơ thuộc nhóm 87.02, 87.03 hoặc 87.04",Phụ lục,Phụ lục,KIEM_TRA_CHAT_LUONG,,,,
57039022,"- - - Thảm trải sàn, loại dùng cho xe có động cơ thuộc nhóm 87.02, 87.03 hoặc 87.04",Phụ lục,Phụ lục,KIEM_TRA_CHAT_LUONG,,,,
57039029,- - - Loại khác,Phụ lục,Phụ lục,KIEM_TRA_CHAT_LUONG,,,,
57039091,"- - - Thảm lót chân, loại dùng cho xe có động cơ thuộc nhóm 87.02, 87.03 hoặc 87.04",Phụ lục,Phụ lục,KIEM_TRA_CHAT_LUONG,,,,
57039092,- - - Thảm cầu nguyện,Phụ lục,Phụ lục,KIEM_TRA_CHAT_LUONG,,,,
57039093,"- - - Thảm trải sàn, loại dùng cho xe có động cơ thuộc nhóm 87.02, 87.03 hoặc 87.04",Phụ lục,Phụ lục,KIEM_TRA_CHAT_LUONG,,,,
57039099,- - - Loại khác,Phụ lục,Phụ lục,KIEM_TRA_CHAT_LUONG,,,,
5704,"Thảm và các loại hàng dệt trải sàn khác, từ phớt, không chần hoặc phủ xơ vụn, đã hoặc chưa hoàn thiện.",Phụ lục,Phụ lục,KIEM_TRA_CHAT_LUONG,,,,
57041000,"- Các tấm để ghép, có diện tích bề mặt tối đa là 0,3 m2",Phụ lục,Phụ lục,KIEM_TRA_CHAT_LUONG,,,,
57042000,"- Các tấm để ghép, có diện tích bề mặt tối đa trên 0,3 m2 nhưng không quá 1 m2",Phụ lục,Phụ lục,KIEM_TRA_CHAT_LUONG,,,,
57049000,- Loại khác,Phụ lục,Phụ lục,KIEM_TRA_CHAT_LUONG,,,,
5705,"Các loại thảm khác và các loại hàng dệt trải sàn khác, đã hoặc chưa hoàn thiện",Phụ lục,Phụ lục,KIEM_TRA_CHAT_LUONG,,,,
57050011,- - Thảm cầu nguyện,Phụ lục,Phụ lục,KIEM_TRA_CHAT_LUONG,,,,
57050019,- - Loại khác,Phụ lục,Phụ lục,KIEM_TRA_CHAT_LUONG,,,,
57050021,"- - Tấm trải sàn không dệt, loại dùng cho xe có động cơ thuộc nhóm 87.02, 87.03 hoặc 87.04",Phụ lục,Phụ lục,KIEM_TRA_CHAT_LUONG,,,,
57050029,- - Loại khác,Phụ lục,Phụ lục,KIEM_TRA_CHAT_LUONG,,,,
57050091,- - Thảm cầu nguyện,Phụ lục,Phụ lục,KIEM_TRA_CHAT_LUONG,,,,
57050092,"- - Tấm trải sàn không dệt, loại dùng cho xe có động cơ thuộc nhóm 87.02, 87.03 hoặc 87.04",Phụ lục,Phụ lục,KIEM_TRA_CHAT_LUONG,,,,
57050099,- - Loại khác,Phụ lục,Phụ lục,KIEM_TRA_CHAT_LUONG,,,,
5801,"Các loại vải dệt nổi vòng và các loại vải sơnin (chenille), trừ các loại vải thuộc nhóm 58.02 hoặc 58.06",Phụ lục,Phụ lục,KIEM_TRA_CHAT_LUONG,,,,
580110,- Từ lông cừu hoặc lông động vật loại mịn:,Phụ lục,Phụ lục,KIEM_TRA_CHAT_LUONG,,,,
58011010,"- - Đã ngâm tẩm, tráng, phủ hoặc ép bề mặt",Phụ lục,Phụ lục,KIEM_TRA_CHAT_LUONG,,,,
58011090,- - Loại khác,Phụ lục,Phụ lục,KIEM_TRA_CHAT_LUONG,,,,
580121,- - Vải có sợi ngang nổi vòng không cắt:,Phụ lục,Phụ lục,KIEM_TRA_CHAT_LUONG,,,,
58012110,"- - - Đã ngâm tẩm, tráng, phủ hoặc ép bề mặt",Phụ lục,Phụ lục,KIEM_TRA_CHAT_LUONG,,,,
58012190,- - - Loại khác,Phụ lục,Phụ lục,KIEM_TRA_CHAT_LUONG,,,,
580122,- - Nhung kẻ đã cắt:,Phụ lục,Phụ lục,KIEM_TRA_CHAT_LUONG,,,,
58012210,"- - - Đã ngâm tẩm, tráng, phủ hoặc ép bề mặt",Phụ lục,Phụ lục,KIEM_TRA_CHAT_LUONG,,,,
58012290,- - - Loại khác,Phụ lục,Phụ lục,KIEM_TRA_CHAT_LUONG,,,,
580123,- - Vải có sợi ngang nổi vòng khác:,Phụ lục,Phụ lục,KIEM_TRA_CHAT_LUONG,,,,
58012310,"- - - Đã ngâm tẩm, tráng, phủ hoặc ép bề mặt",Phụ lục,Phụ lục,KIEM_TRA_CHAT_LUONG,,,,
58012390,- - - Loại khác,Phụ lục,Phụ lục,KIEM_TRA_CHAT_LUONG,,,,
580126,- - Các loại vải sơnin (chenille):,Phụ lục,Phụ lục,KIEM_TRA_CHAT_LUONG,,,,
58012610,"- - - Đã ngâm tẩm, tráng, phủ hoặc ép bề mặt",Phụ lục,Phụ lục,KIEM_TRA_CHAT_LUONG,,,,
58012690,- - - Loại khác,Phụ lục,Phụ lục,KIEM_TRA_CHAT_LUONG,,,,
580127,- - Vải có sợi dọc nổi vòng:,Phụ lục,Phụ lục,KIEM_TRA_CHAT_LUONG,,,,
58012710,"- - - Đã ngâm tẩm, tráng, phủ hoặc ép bề mặt",Phụ lục,Phụ lục,KIEM_TRA_CHAT_LUONG,,,,
58012790,- - - Loại khác,Phụ lục,Phụ lục,KIEM_TRA_CHAT_LUONG,,,,
580131,- - Vải có sợi ngang nổi vòng chưa cắt:,Phụ lục,Phụ lục,KIEM_TRA_CHAT_LUONG,,,,
58013110,"- - - Đã ngâm tẩm, tráng, phủ hoặc ép bề mặt",Phụ lục,Phụ lục,KIEM_TRA_CHAT_LUONG,,,,
58013190,- - - Loại khác,Phụ lục,Phụ lục,KIEM_TRA_CHAT_LUONG,,,,
580132,- - Nhung kẻ đã cắt:,Phụ lục,Phụ lục,KIEM_TRA_CHAT_LUONG,,,,
58013210,"- - - Đã ngâm tẩm, tráng, phủ hoặc ép bề mặt",Phụ lục,Phụ lục,KIEM_TRA_CHAT_LUONG,,,,
58013290,- - - Loại khác,Phụ lục,Phụ lục,KIEM_TRA_CHAT_LUONG,,,,
580133,- - Vải có sợi ngang nổi vòng khác:,Phụ lục,Phụ lục,KIEM_TRA_CHAT_LUONG,,,,
58013310,"- - - Đã ngâm tẩm, tráng, phủ hoặc ép bề mặt",Phụ lục,Phụ lục,KIEM_TRA_CHAT_LUONG,,,,
58013390,- - - Loại khác,Phụ lục,Phụ lục,KIEM_TRA_CHAT_LUONG,,,,
580136,- - Các loại vải sơnin (chenille):,Phụ lục,Phụ lục,KIEM_TRA_CHAT_LUONG,,,,
58013610,"- - - Đã ngâm tẩm, tráng, phủ hoặc ép bề mặt",Phụ lục,Phụ lục,KIEM_TRA_CHAT_LUONG,,,,
58013690,- - - Loại khác,Phụ lục,Phụ lục,KIEM_TRA_CHAT_LUONG,,,,
580137,- - Vải có sợi dọc nổi vòng:,Phụ lục,Phụ lục,KIEM_TRA_CHAT_LUONG,,,,
58013710,"- - - Đã ngâm tẩm, tráng, phủ hoặc ép bề mặt",Phụ lục,Phụ lục,KIEM_TRA_CHAT_LUONG,,,,
58013790,- - - Loại khác,Phụ lục,Phụ lục,KIEM_TRA_CHAT_LUONG,,,,
580190,- Từ các vật liệu dệt khác:,Phụ lục,Phụ lục,KIEM_TRA_CHAT_LUONG,,,,
58019011,"- - - Đã ngâm tẩm, tráng, phủ hoặc ép bề mặt",Phụ lục,Phụ lục,KIEM_TRA_CHAT_LUONG,,,,
58019019,- - - Loại khác,Phụ lục,Phụ lục,KIEM_TRA_CHAT_LUONG,,,,
58019091,"- - - Đã ngâm tẩm, tráng, phủ hoặc ép bề mặt",Phụ lục,Phụ lục,KIEM_TRA_CHAT_LUONG,,,,
58019099,- - - Loại khác,Phụ lục,Phụ lục,KIEM_TRA_CHAT_LUONG,,,,
5802,"Vải khăn lông và các loại vải dệt thoi tạo vòng lông tương tự, trừ các loại vải khổ hẹp thuộc nhóm 58.06; các loại vải dệt chần sợi nổi vòng, trừ các sản phẩm thuộc nhóm 57.03",Phụ lục,Phụ lục,KIEM_TRA_CHAT_LUONG,,,,
58021100,- - Chưa tẩy trắng,Phụ lục,Phụ lục,KIEM_TRA_CHAT_LUONG,,,,
58021900,- - Loại khác,Phụ lục,Phụ lục,KIEM_TRA_CHAT_LUONG,,,,
580220,"- Vải khăn lông và các loại vải dệt thoi tạo vòng lông tương tự, từ các vật liệu dệt khác:",Phụ lục,Phụ lục,KIEM_TRA_CHAT_LUONG,,,,
58022010,- - Từ lông cừu hoặc lông động vật loại mịn,Phụ lục,Phụ lục,KIEM_TRA_CHAT_LUONG,,,,
58022090,- - Loại khác,Phụ lục,Phụ lục,KIEM_TRA_CHAT_LUONG,,,,
580230,- Các loại vải dệt có chần sợi nổi vòng:,Phụ lục,Phụ lục,KIEM_TRA_CHAT_LUONG,,,,
58023010,"- - Đã ngâm tẩm, tráng hoặc phủ",Phụ lục,Phụ lục,KIEM_TRA_CHAT_LUONG,,,,
58023020,"- - Dệt thoi, từ bông hoặc sợi nhân tạo",Phụ lục,Phụ lục,KIEM_TRA_CHAT_LUONG,,,,
58023030,"- - Dệt thoi, từ vật liệu khác",Phụ lục,Phụ lục,KIEM_TRA_CHAT_LUONG,,,,
58023090,- - Loại khác,Phụ lục,Phụ lục,KIEM_TRA_CHAT_LUONG,,,,
5803,"Vải dệt quấn, trừ các loại vải khổ hẹp thuộc nhóm 58.06",Phụ lục,Phụ lục,KIEM_TRA_CHAT_LUONG,,,,
58030010,- Từ bông,Phụ lục,Phụ lục,KIEM_TRA_CHAT_LUONG,,,,
58030020,- Từ xơ nhân tạo,Phụ lục,Phụ lục,KIEM_TRA_CHAT_LUONG,,,,
58030030,- Từ lông cừu hoặc lông động vật loại mịn,Phụ lục,Phụ lục,KIEM_TRA_CHAT_LUONG,,,,
58030090,- Loại khác,Phụ lục,Phụ lục,KIEM_TRA_CHAT_LUONG,,,,
5804,"Các loại vải tuyn và các loại vải dệt lưới khác, không bao gồm vải dệt thoi, dệt kim hoặc móc; hàng ren dạng mảnh, dạng dải hoặc dạng mẫu hoa văn, trừ các loại vải thuộc các nhóm từ 60.02 đến 60.06.",Phụ lục,Phụ lục,KIEM_TRA_CHAT_LUONG,,,,
580410,- Vải tuyn và vải dệt lưới khác:,Phụ lục,Phụ lục,KIEM_TRA_CHAT_LUONG,,,,
58041011,"- - - Đã ngâm tẩm, tráng, phủ hoặc ép bề mặt",Phụ lục,Phụ lục,KIEM_TRA_CHAT_LUONG,,,,
58041019,- - - Loại khác,Phụ lục,Phụ lục,KIEM_TRA_CHAT_LUONG,,,,
58041021,"- - - Đã ngâm tẩm, tráng, phủ hoặc ép bề mặt",Phụ lục,Phụ lục,KIEM_TRA_CHAT_LUONG,,,,
58041029,- - - Loại khác,Phụ lục,Phụ lục,KIEM_TRA_CHAT_LUONG,,,,
58041091,"- - - Đã ngâm tẩm, tráng, phủ hoặc ép bề mặt",Phụ lục,Phụ lục,KIEM_TRA_CHAT_LUONG,,,,
58041099,- - - Loại khác,Phụ lục,Phụ lục,KIEM_TRA_CHAT_LUONG,,,,
580421,- - Từ xơ nhân tạo:,Phụ lục,Phụ lục,KIEM_TRA_CHAT_LUONG,,,,
58042110,"- - - Đã ngâm tẩm, tráng, phủ hoặc ép bề mặt",Phụ lục,Phụ lục,KIEM_TRA_CHAT_LUONG,,,,
58042190,- - - Loại khác,Phụ lục,Phụ lục,KIEM_TRA_CHAT_LUONG,,,,
580429,- - Từ các vật liệu dệt khác:,Phụ lục,Phụ lục,KIEM_TRA_CHAT_LUONG,,,,
58042910,"- - - Đã ngâm tẩm, tráng, phủ hoặc ép bề mặt",Phụ lục,Phụ lục,KIEM_TRA_CHAT_LUONG,,,,
58042990,- - - Loại khác,Phụ lục,Phụ lục,KIEM_TRA_CHAT_LUONG,,,,
58043000,- Ren làm bằng tay,Phụ lục,Phụ lục,KIEM_TRA_CHAT_LUONG,,,,
5805,"Thảm trang trí dệt thủ công theo kiểu Gobelins, Flanders, Aubusson, Beauvais và các kiểu tương tự, và các loại thảm trang trí thêu tay (ví dụ, thêu mũi nhỏ, thêu chữ thập), đã hoặc chưa hoàn thiện.",Phụ lục,Phụ lục,KIEM_TRA_CHAT_LUONG,,,,
58050010,- Từ bông,Phụ lục,Phụ lục,KIEM_TRA_CHAT_LUONG,,,,
58050090,- Loại khác,Phụ lục,Phụ lục,KIEM_TRA_CHAT_LUONG,,,,
580610,Vải dệt thoi có tạo vòng lông (kể cả vải khăn lông và vải dệt tạo vòng lông tương tự) và vải dệt từ sợi sơnin,Phụ lục,Phụ lục,KIEM_TRA_CHAT_LUONG,,,,
580620,"Vải dệt thoi khác, có chứa sợi đàn hồi (elastomeric) hoặc sợi cao su từ 5% trở lên tính theo trọng lượng",Phụ lục,Phụ lục,KIEM_TRA_CHAT_LUONG,,,,
58063190,"Vải dệt thoi khác, từ bông",Phụ lục,Phụ lục,KIEM_TRA_CHAT_LUONG,,,,
58063290,"Vải dệt thoi khác, từ xơ nhân tạo",Phụ lục,Phụ lục,KIEM_TRA_CHAT_LUONG,,,,
58063910,"Vải dệt thoi khác, từ tơ tằm",Phụ lục,Phụ lục,KIEM_TRA_CHAT_LUONG,,,,
58064000,Các loại vải dệt chỉ có sợi dọc không có sợi ngang liên kết với nhau bằng chất kết dính (bolducs),Phụ lục,Phụ lục,KIEM_TRA_CHAT_LUONG,,,,
5810,"Hàng thêu dạng chiếc, dạng dải hoặc dạng theo mẫu hoa văn.",Phụ lục,Phụ lục,KIEM_TRA_CHAT_LUONG,,,,
58101000,- Hàng thêu không lộ nền,Phụ lục,Phụ lục,KIEM_TRA_CHAT_LUONG,,,,
58109100,- - Từ bông,Phụ lục,Phụ lục,KIEM_TRA_CHAT_LUONG,,,,
58109200,- - Từ xơ nhân tạo,Phụ lục,Phụ lục,KIEM_TRA_CHAT_LUONG,,,,
58109900,- - Từ các vật liệu dệt khác,Phụ lục,Phụ lục,KIEM_TRA_CHAT_LUONG,,,,
5811,"Các sản phẩm dệt đã chần dạng chiếc, bao gồm một hay nhiều lớp vật liệu dệt kết hợp với lớp đệm bằng cách khâu hoặc cách khác, trừ hàng thêu thuộc nhóm 58.10",Phụ lục,Phụ lục,KIEM_TRA_CHAT_LUONG,,,,
58110010,- Từ lông cừu hoặc lông động vật loại mịn hoặc loại thô,Phụ lục,Phụ lục,KIEM_TRA_CHAT_LUONG,,,,
58110090,- Loại khác,Phụ lục,Phụ lục,KIEM_TRA_CHAT_LUONG,,,,
5903,"Vải dệt đã được ngâm tẩm, tráng, phủ hoặc ép với plastic, trừ các loại thuộc nhóm 59.02.",Phụ lục,Phụ lục,KIEM_TRA_CHAT_LUONG,,,,
590310,- Với poly(vinyl clorua):,Phụ lục,Phụ lục,KIEM_TRA_CHAT_LUONG,,,,
59031010,- - Vải lót,Phụ lục,Phụ lục,KIEM_TRA_CHAT_LUONG,,,,
59031090,- - Loại khác,Phụ lục,Phụ lục,KIEM_TRA_CHAT_LUONG,,,,
59032000,- Với polyurethan,Phụ lục,Phụ lục,KIEM_TRA_CHAT_LUONG,,,,
590390,- Loại khác:,Phụ lục,Phụ lục,KIEM_TRA_CHAT_LUONG,,,,
59039010,"- - Vải canvas đã được ngâm tẩm, tráng, phủ hoặc ép với nylon hoặc các polyamit khác",Phụ lục,Phụ lục,KIEM_TRA_CHAT_LUONG,,,,
59039090,- - Loại khác,Phụ lục,Phụ lục,KIEM_TRA_CHAT_LUONG,,,,
5905,Các loại vải dệt phủ tường.,Phụ lục,Phụ lục,KIEM_TRA_CHAT_LUONG,,,,
59050010,- Từ lông cừu hoặc lông động vật loại mịn hoặc loại thô,Phụ lục,Phụ lục,KIEM_TRA_CHAT_LUONG,,,,
59050090,- Loại khác,Phụ lục,Phụ lục,KIEM_TRA_CHAT_LUONG,,,,
59069100,Vải dệt kim hoặc vải móc,Phụ lục,Phụ lục,KIEM_TRA_CHAT_LUONG,,,,
6001,"Vải tạo vòng lông, bao gồm cả các loại vải ""vòng lông dài"" và vải khăn lông, được dệt kim hoặc móc",Phụ lục,Phụ lục,KIEM_TRA_CHAT_LUONG,,,,
60011000,- Vải “vòng lông dài”,Phụ lục,Phụ lục,KIEM_TRA_CHAT_LUONG,,,,
60012100,- - Từ bông,Phụ lục,Phụ lục,KIEM_TRA_CHAT_LUONG,,,,
60012200,- - Từ xơ nhân tạo,Phụ lục,Phụ lục,KIEM_TRA_CHAT_LUONG,,,,
60012900,- - Từ các loại vật liệu dệt khác,Phụ lục,Phụ lục,KIEM_TRA_CHAT_LUONG,,,,
60019100,- - Từ bông,Phụ lục,Phụ lục,KIEM_TRA_CHAT_LUONG,,,,
600192,- - Từ xơ nhân tạo:,Phụ lục,Phụ lục,KIEM_TRA_CHAT_LUONG,,,,
60019230,- - - Chứa sợi đàn hồi hoặc sợi cao su,Phụ lục,Phụ lục,KIEM_TRA_CHAT_LUONG,,,,
60019290,- - - Loại khác,Phụ lục,Phụ lục,KIEM_TRA_CHAT_LUONG,,,,
600199,- - Từ các vật liệu dệt khác:,Phụ lục,Phụ lục,KIEM_TRA_CHAT_LUONG,,,,
60019911,- - - - Chứa sợi đàn hồi hoặc sợi cao su,Phụ lục,Phụ lục,KIEM_TRA_CHAT_LUONG,,,,
60019919,- - - - Loại khác,Phụ lục,Phụ lục,KIEM_TRA_CHAT_LUONG,,,,
60019990,- - - Loại khác,Phụ lục,Phụ lục,KIEM_TRA_CHAT_LUONG,,,,
6002,"Vải dệt kim hoặc móc có khổ rộng không quá 30cm, có tỉ trọng sợi đàn hồi hoặc sợi cao su từ 5% trở lên, trừ loại thuộc nhóm 60.01",Phụ lục,Phụ lục,KIEM_TRA_CHAT_LUONG,,,,
60024000,- Có tỷ trọng sợi đàn hồi từ 5% trở lên nhưng không có sợi cao su,Phụ lục,Phụ lục,KIEM_TRA_CHAT_LUONG,,,,
60029000,- Loại khác,Phụ lục,Phụ lục,KIEM_TRA_CHAT_LUONG,,,,
6003,"Vải dệt kim hoặc móc có khổ rộng không quá 30cm, trừ loại thuộc nhóm 60.01 hoặc 60.02",Phụ lục,Phụ lục,KIEM_TRA_CHAT_LUONG,,,,
60031000,- Từ lông cừu hoặc lông động vật loại mịn,Phụ lục,Phụ lục,KIEM_TRA_CHAT_LUONG,,,,
60032000,- Từ bông,Phụ lục,Phụ lục,KIEM_TRA_CHAT_LUONG,,,,
60033000,- Từ các xơ tổng hợp,Phụ lục,Phụ lục,KIEM_TRA_CHAT_LUONG,,,,
60034000,- Từ các xơ tái tạo,Phụ lục,Phụ lục,KIEM_TRA_CHAT_LUONG,,,,
60039000,- Loại khác,Phụ lục,Phụ lục,KIEM_TRA_CHAT_LUONG,,,,
6004,"Vải dệt kim hoặc móc có khổ rộng hơn 30cm, có tỉ trọng sợi đàn hồi hoặc sợi cao su từ 5% trở lên",Phụ lục,Phụ lục,KIEM_TRA_CHAT_LUONG,,,,
600410,- Có tỷ trọng sợi đàn hồi từ 5% trở lên nhưng không bao gồm sợi cao su:,Phụ lục,Phụ lục,KIEM_TRA_CHAT_LUONG,,,,
60041010,- - Có tỷ trọng sợi đàn hồi không quá 20%,Phụ lục,Phụ lục,KIEM_TRA_CHAT_LUONG,,,,
60041090,- - Loại khác,Phụ lục,Phụ lục,KIEM_TRA_CHAT_LUONG,,,,
60049000,- Loại khác,Phụ lục,Phụ lục,KIEM_TRA_CHAT_LUONG,,,,
6005,"Vải dệt kim sợi dọc (kể cả các loại làm trên máy dệt kim dệt dải trang trí), trừ loại thuộc nhóm 60.01 đến 60.04",Phụ lục,Phụ lục,KIEM_TRA_CHAT_LUONG,,,,
60052100,- - Chưa tẩy trắng hoặc đã tẩy trắng,Phụ lục,Phụ lục,KIEM_TRA_CHAT_LUONG,,,,
60052200,- - Đã nhuộm,Phụ lục,Phụ lục,KIEM_TRA_CHAT_LUONG,,,,
60052300,- - Từ các sợi có màu khác nhau,Phụ lục,Phụ lục,KIEM_TRA_CHAT_LUONG,,,,
60052400,- - Đã in,Phụ lục,Phụ lục,KIEM_TRA_CHAT_LUONG,,,,
60053500,- - Các loại vải được chi tiết trong Chú giải phân nhóm 1 Chương này,Phụ lục,Phụ lục,KIEM_TRA_CHAT_LUONG,,,,
600536,"- - Loại khác, chưa tẩy trắng hoặc đã tẩy trắng:",Phụ lục,Phụ lục,KIEM_TRA_CHAT_LUONG,,,,
60053610,- - - Vải dệt kim làm từ polyeste và polybutylen terephthalat trong đó polyeste chiếm tỷ trọng lớn hơn dùng để làm quần áo bơi,Phụ lục,Phụ lục,KIEM_TRA_CHAT_LUONG,,,,
60053690,- - - Loại khác,Phụ lục,Phụ lục,KIEM_TRA_CHAT_LUONG,,,,
600537,"- - Loại khác, đã nhuộm:",Phụ lục,Phụ lục,KIEM_TRA_CHAT_LUONG,,,,
60053710,- - - Vải dệt kim làm từ polyeste và polybutylen terephthalat trong đó polyeste chiếm tỷ trọng lớn hơn dùng để làm quần áo bơi,Phụ lục,Phụ lục,KIEM_TRA_CHAT_LUONG,,,,
60053790,- - - Loại khác,Phụ lục,Phụ lục,KIEM_TRA_CHAT_LUONG,,,,
600538,"- - Loại khác, từ các sợi có màu khác nhau:",Phụ lục,Phụ lục,KIEM_TRA_CHAT_LUONG,,,,
60053810,- - - Vải dệt kim làm từ polyeste và polybutylen terephthalat trong đó polyeste chiếm tỷ trọng lớn hơn dùng để làm quần áo bơi,Phụ lục,Phụ lục,KIEM_TRA_CHAT_LUONG,,,,
60053890,- - - Loại khác,Phụ lục,Phụ lục,KIEM_TRA_CHAT_LUONG,,,,
600539,"- - Loại khác, đã in:",Phụ lục,Phụ lục,KIEM_TRA_CHAT_LUONG,,,,
60053910,- - - Vải dệt kim làm từ polyeste và polybutylen terephthalat trong đó polyeste chiếm tỷ trọng lớn hơn dùng để làm quần áo bơi,Phụ lục,Phụ lục,KIEM_TRA_CHAT_LUONG,,,,
60053990,- - - Loại khác,Phụ lục,Phụ lục,KIEM_TRA_CHAT_LUONG,,,,
60054100,- - Chưa tẩy trắng hoặc đã tẩy trắng,Phụ lục,Phụ lục,KIEM_TRA_CHAT_LUONG,,,,
60054200,- - Đã nhuộm,Phụ lục,Phụ lục,KIEM_TRA_CHAT_LUONG,,,,
60054300,- - Từ các sợi có màu khác nhau,Phụ lục,Phụ lục,KIEM_TRA_CHAT_LUONG,,,,
60054400,- - Đã in,Phụ lục,Phụ lục,KIEM_TRA_CHAT_LUONG,,,,
600590,- Loại khác:,Phụ lục,Phụ lục,KIEM_TRA_CHAT_LUONG,,,,
60059010,- - Từ lông cừu hoặc lông động vật loại mịn,Phụ lục,Phụ lục,KIEM_TRA_CHAT_LUONG,,,,
60059090,- - Loại khác,Phụ lục,Phụ lục,KIEM_TRA_CHAT_LUONG,,,,
6006,Vải dệt kim hoặc móc khác,Phụ lục,Phụ lục,KIEM_TRA_CHAT_LUONG,,,,
60061000,- Từ lông cừu hoặc lông động vật loại mịn,Phụ lục,Phụ lục,KIEM_TRA_CHAT_LUONG,,,,
60062100,- - Chưa tẩy trắng hoặc đã tẩy trắng,Phụ lục,Phụ lục,KIEM_TRA_CHAT_LUONG,,,,
60062200,- - Đã nhuộm,Phụ lục,Phụ lục,KIEM_TRA_CHAT_LUONG,,,,
60062300,- - Từ các sợi có màu khác nhau,Phụ lục,Phụ lục,KIEM_TRA_CHAT_LUONG,,,,
60062400,- - Đã in,Phụ lục,Phụ lục,KIEM_TRA_CHAT_LUONG,,,,
600631,- - Chưa tẩy trắng hoặc đã tẩy trắng:,Phụ lục,Phụ lục,KIEM_TRA_CHAT_LUONG,,,,
60063110,- - - Tấm lưới từ sợi ni lông dùng làm vật liệu bồi cho các tấm ghép khảm,Phụ lục,Phụ lục,KIEM_TRA_CHAT_LUONG,,,,
60063120,- - - Đàn hồi (kết hợp với sợi cao su),Phụ lục,Phụ lục,KIEM_TRA_CHAT_LUONG,,,,
60063190,- - - Loại khác,Phụ lục,Phụ lục,KIEM_TRA_CHAT_LUONG,,,,
600632,- - Đã nhuộm:,Phụ lục,Phụ lục,KIEM_TRA_CHAT_LUONG,,,,
60063210,- - - Tấm lưới từ sợi ni lông dùng làm vật liệu bồi cho các tấm ghép khảm,Phụ lục,Phụ lục,KIEM_TRA_CHAT_LUONG,,,,
60063220,- - - Đàn hồi (kết hợp với sợi cao su),Phụ lục,Phụ lục,KIEM_TRA_CHAT_LUONG,,,,
60063290,- - - Loại khác,Phụ lục,Phụ lục,KIEM_TRA_CHAT_LUONG,,,,
600633,- - Từ các sợi có màu khác nhau:,Phụ lục,Phụ lục,KIEM_TRA_CHAT_LUONG,,,,
60063310,- - - Đàn hồi (kết hợp với sợi cao su),Phụ lục,Phụ lục,KIEM_TRA_CHAT_LUONG,,,,
60063390,- - - Loại khác,Phụ lục,Phụ lục,KIEM_TRA_CHAT_LUONG,,,,
600634,- - Đã in:,Phụ lục,Phụ lục,KIEM_TRA_CHAT_LUONG,,,,
60063410,- - - Đàn hồi (kết hợp với sợi cao su),Phụ lục,Phụ lục,KIEM_TRA_CHAT_LUONG,,,,
60063490,- - - Loại khác,Phụ lục,Phụ lục,KIEM_TRA_CHAT_LUONG,,,,
600641,- - Chưa tẩy trắng hoặc đã tẩy trắng:,Phụ lục,Phụ lục,KIEM_TRA_CHAT_LUONG,,,,
60064110,- - - Đàn hồi (kết hợp với sợi cao su),Phụ lục,Phụ lục,KIEM_TRA_CHAT_LUONG,,,,
60064190,- - - Loại khác,Phụ lục,Phụ lục,KIEM_TRA_CHAT_LUONG,,,,
600642,- - Đã nhuộm:,Phụ lục,Phụ lục,KIEM_TRA_CHAT_LUONG,,,,
60064210,- - - Đàn hồi (kết hợp với sợi cao su),Phụ lục,Phụ lục,KIEM_TRA_CHAT_LUONG,,,,
60064290,- - - Loại khác,Phụ lục,Phụ lục,KIEM_TRA_CHAT_LUONG,,,,
600643,- - Từ các sợi có màu khác nhau:,Phụ lục,Phụ lục,KIEM_TRA_CHAT_LUONG,,,,
60064310,- - - Đàn hồi (kết hợp với sợi cao su),Phụ lục,Phụ lục,KIEM_TRA_CHAT_LUONG,,,,
60064390,- - - Loại khác,Phụ lục,Phụ lục,KIEM_TRA_CHAT_LUONG,,,,
600644,- - Đã in:,Phụ lục,Phụ lục,KIEM_TRA_CHAT_LUONG,,,,
60064410,- - - Đàn hồi (kết hợp với sợi cao su),Phụ lục,Phụ lục,KIEM_TRA_CHAT_LUONG,,,,
60064490,- - - Loại khác,Phụ lục,Phụ lục,KIEM_TRA_CHAT_LUONG,,,,
60069000,- Loại khác,Phụ lục,Phụ lục,KIEM_TRA_CHAT_LUONG,,,,
6101,"Áo khoác dài, áo khoác mặc khi đi xe (car-coat), áo khoác không tay, áo choàng không tay, áo khoác có mũ (kể cả áo jacket trượt tuyết), áo gió, áo jacket chống gió và các loại tương tự, dùng cho nam giới hoặc trẻ em trai, dệt kim hoặc móc, trừ các loại thuộc nhóm 61.03",Phụ lục,Phụ lục,KIEM_TRA_CHAT_LUONG,,,,
61012000,- Từ bông,Phụ lục,Phụ lục,KIEM_TRA_CHAT_LUONG,,,,
61013000,- Từ sợi nhân tạo,Phụ lục,Phụ lục,KIEM_TRA_CHAT_LUONG,,,,
61019000,- Từ các vật liệu dệt khác,Phụ lục,Phụ lục,KIEM_TRA_CHAT_LUONG,,,,
6102,"Áo khoác dài, áo khoác mặc khi đi xe (car-coat), áo khoác không tay, áo choàng không tay, áo khoác có mũ trùm (kể cả áo jacket trượt tuyết), áo gió, áo jacket chống gió và các loại tương tự, dùng cho phụ nữ hoặc trẻ em gái, dệt kim hoặc móc, trừ các loại thuộc nhóm 61.04",Phụ lục,Phụ lục,KIEM_TRA_CHAT_LUONG,,,,
61021000,- Từ lông cừu hoặc lông động vật loại mịn,Phụ lục,Phụ lục,KIEM_TRA_CHAT_LUONG,,,,
61022000,- Từ bông,Phụ lục,Phụ lục,KIEM_TRA_CHAT_LUONG,,,,
61023000,- Từ sợi nhân tạo,Phụ lục,Phụ lục,KIEM_TRA_CHAT_LUONG,,,,
61029000,- Từ các vật liệu dệt khác,Phụ lục,Phụ lục,KIEM_TRA_CHAT_LUONG,,,,
6103,"Bộ com-lê, bộ quần áo đồng bộ, áo jacket, áo khoác thể thao, quần dài, quần yếm có dây đeo, quần ống chẽn, và quần soóc (trừ quần áo bơi), dùng cho nam giới hoặc trẻ em trai, dệt kim hoặc móc",Phụ lục,Phụ lục,KIEM_TRA_CHAT_LUONG,,,,
61031000,- Bộ com-lê,Phụ lục,Phụ lục,KIEM_TRA_CHAT_LUONG,,,,
61032200,- - Từ bông,Phụ lục,Phụ lục,KIEM_TRA_CHAT_LUONG,,,,
61032300,- - Từ sợi tổng hợp,Phụ lục,Phụ lục,KIEM_TRA_CHAT_LUONG,,,,
61032900,- - Từ các vật liệu dệt khác,Phụ lục,Phụ lục,KIEM_TRA_CHAT_LUONG,,,,
61033100,- - Từ lông cừu hoặc lông động vật loại mịn,Phụ lục,Phụ lục,KIEM_TRA_CHAT_LUONG,,,,
61033200,- - Từ bông,Phụ lục,Phụ lục,KIEM_TRA_CHAT_LUONG,,,,
61033300,- - Từ sợi tổng hợp,Phụ lục,Phụ lục,KIEM_TRA_CHAT_LUONG,,,,
610339,- - Từ các vật liệu dệt khác:,Phụ lục,Phụ lục,KIEM_TRA_CHAT_LUONG,,,,
61033910,"- - - Từ ramie, sợi lanh hoặc tơ tằm",Phụ lục,Phụ lục,KIEM_TRA_CHAT_LUONG,,,,
61033990,- - - Loại khác,Phụ lục,Phụ lục,KIEM_TRA_CHAT_LUONG,,,,
61034100,- - Từ lông cừu hoặc lông động vật loại mịn,Phụ lục,Phụ lục,KIEM_TRA_CHAT_LUONG,,,,
61034200,- - Từ bông,Phụ lục,Phụ lục,KIEM_TRA_CHAT_LUONG,,,,
61034300,- - Từ sợi tổng hợp,Phụ lục,Phụ lục,KIEM_TRA_CHAT_LUONG,,,,
61034900,- - Từ các vật liệu dệt khác,Phụ lục,Phụ lục,KIEM_TRA_CHAT_LUONG,,,,
6104,"Bộ com-lê, bộ quần áo đồng bộ, áo jacket, áo khoác thể thao, áo váy dài, váy, quần váy, quần dài, quần yếm có dây đeo, quần ống chẽn và quần soóc (trừ quần áo bơi), dùng cho phụ nữ hoặc trẻ em gái, dệt kim hoặc móc",Phụ lục,Phụ lục,KIEM_TRA_CHAT_LUONG,,,,
61041300,- - Từ sợi tổng hợp,Phụ lục,Phụ lục,KIEM_TRA_CHAT_LUONG,,,,
610419,- - Từ các vật liệu dệt khác:,Phụ lục,Phụ lục,KIEM_TRA_CHAT_LUONG,,,,
61041920,- - - Từ bông,Phụ lục,Phụ lục,KIEM_TRA_CHAT_LUONG,,,,
61041990,- - - Loại khác,Phụ lục,Phụ lục,KIEM_TRA_CHAT_LUONG,,,,
61042200,- - Từ bông,Phụ lục,Phụ lục,KIEM_TRA_CHAT_LUONG,,,,
61042300,- - Từ sợi tổng hợp,Phụ lục,Phụ lục,KIEM_TRA_CHAT_LUONG,,,,
61042900,- - Từ các vật liệu dệt khác,Phụ lục,Phụ lục,KIEM_TRA_CHAT_LUONG,,,,
61043100,- - Từ lông cừu hoặc lông động vật loại mịn,Phụ lục,Phụ lục,KIEM_TRA_CHAT_LUONG,,,,
61043200,- - Từ bông,Phụ lục,Phụ lục,KIEM_TRA_CHAT_LUONG,,,,
61043300,- - Từ sợi tổng hợp,Phụ lục,Phụ lục,KIEM_TRA_CHAT_LUONG,,,,
61043900,- - Từ các vật liệu dệt khác,Phụ lục,Phụ lục,KIEM_TRA_CHAT_LUONG,,,,
61044100,- - Từ lông cừu hoặc lông động vật loại mịn,Phụ lục,Phụ lục,KIEM_TRA_CHAT_LUONG,,,,
61044200,- - Từ bông,Phụ lục,Phụ lục,KIEM_TRA_CHAT_LUONG,,,,
61044300,- - Từ sợi tổng hợp,Phụ lục,Phụ lục,KIEM_TRA_CHAT_LUONG,,,,
61044400,- - Từ sợi tái tạo,Phụ lục,Phụ lục,KIEM_TRA_CHAT_LUONG,,,,
61044900,- - Từ các vật liệu dệt khác,Phụ lục,Phụ lục,KIEM_TRA_CHAT_LUONG,,,,
61045100,- - Từ lông cừu hoặc lông động vật loại mịn,Phụ lục,Phụ lục,KIEM_TRA_CHAT_LUONG,,,,
61045200,- - Từ bông,Phụ lục,Phụ lục,KIEM_TRA_CHAT_LUONG,,,,
61045300,- - Từ sợi tổng hợp,Phụ lục,Phụ lục,KIEM_TRA_CHAT_LUONG,,,,
61045900,- - Từ các vật liệu dệt khác,Phụ lục,Phụ lục,KIEM_TRA_CHAT_LUONG,,,,
61046100,- - Từ lông cừu hoặc lông động vật loại mịn,Phụ lục,Phụ lục,KIEM_TRA_CHAT_LUONG,,,,
61046200,- - Từ bông,Phụ lục,Phụ lục,KIEM_TRA_CHAT_LUONG,,,,
61046300,- - Từ sợi tổng hợp,Phụ lục,Phụ lục,KIEM_TRA_CHAT_LUONG,,,,
61046900,- - Từ các vật liệu dệt khác,Phụ lục,Phụ lục,KIEM_TRA_CHAT_LUONG,,,,
6105,"Áo sơ mi nam giới hoặc trẻ em trai, dệt kim hoặc móc",Phụ lục,Phụ lục,KIEM_TRA_CHAT_LUONG,,,,
61051000,- Từ bông,Phụ lục,Phụ lục,KIEM_TRA_CHAT_LUONG,,,,
610520,- Từ sợi nhân tạo:,Phụ lục,Phụ lục,KIEM_TRA_CHAT_LUONG,,,,
61052010,- - Từ sợi tổng hợp,Phụ lục,Phụ lục,KIEM_TRA_CHAT_LUONG,,,,
61052020,- - Từ sợi tái tạo,Phụ lục,Phụ lục,KIEM_TRA_CHAT_LUONG,,,,
61059000,- Từ các vật liệu dệt khác,Phụ lục,Phụ lục,KIEM_TRA_CHAT_LUONG,,,,
6106,"Áo khoác ngắn (blouses), áo sơ mi và áo sơ mi phông kiểu nam dùng cho phụ nữ hoặc trẻ em gái, dệt kim hoặc móc",Phụ lục,Phụ lục,KIEM_TRA_CHAT_LUONG,,,,
61061000,- Từ bông,Phụ lục,Phụ lục,KIEM_TRA_CHAT_LUONG,,,,
61062000,- Từ sợi nhân tạo,Phụ lục,Phụ lục,KIEM_TRA_CHAT_LUONG,,,,
61069000,- Từ các vật liệu dệt khác,Phụ lục,Phụ lục,KIEM_TRA_CHAT_LUONG,,,,
6107,"Quần lót, quần sịp, áo ngủ, bộ py-gia-ma, áo choàng tắm, áo khoác ngoài mặc trong nhà và các loại tương tự, dùng cho nam giới hoặc trẻ em trai, dệt kim hoặc móc",Phụ lục,Phụ lục,KIEM_TRA_CHAT_LUONG,,,,
61071100,- - Từ bông,Phụ lục,Phụ lục,KIEM_TRA_CHAT_LUONG,,,,
61071200,- - Từ sợi nhân tạo,Phụ lục,Phụ lục,KIEM_TRA_CHAT_LUONG,,,,
61071900,- - Từ các vật liệu dệt khác,Phụ lục,Phụ lục,KIEM_TRA_CHAT_LUONG,,,,
61072100,- - Từ bông,Phụ lục,Phụ lục,KIEM_TRA_CHAT_LUONG,,,,
61072200,- - Từ sợi nhân tạo,Phụ lục,Phụ lục,KIEM_TRA_CHAT_LUONG,,,,
61072900,- - Từ các vật liệu dệt khác,Phụ lục,Phụ lục,KIEM_TRA_CHAT_LUONG,,,,
61079100,- - Từ bông,Phụ lục,Phụ lục,KIEM_TRA_CHAT_LUONG,,,,
61079900,- - Từ các vật liệu dệt khác,Phụ lục,Phụ lục,KIEM_TRA_CHAT_LUONG,,,,
6108,"Váy lót có dây đeo, váy lót trong, quần xi líp, quần đùi bó, áo ngủ, bộ py-gia-ma, áo mỏng mặc trong nhà, áo choàng tắm, áo khoác ngoài mặc trong nhà và các loại tương tự dùng cho phụ nữ hoặc trẻ em gái, dệt kim hoặc móc",Phụ lục,Phụ lục,KIEM_TRA_CHAT_LUONG,,,,
61081100,- - Từ sợi nhân tạo,Phụ lục,Phụ lục,KIEM_TRA_CHAT_LUONG,,,,
610819,- - Từ các vật liệu dệt khác:,Phụ lục,Phụ lục,KIEM_TRA_CHAT_LUONG,,,,
61081920,- - - Từ lông cừu hoặc lông động vật mịn,Phụ lục,Phụ lục,KIEM_TRA_CHAT_LUONG,,,,
61081930,- - - Từ bông,Phụ lục,Phụ lục,KIEM_TRA_CHAT_LUONG,,,,
61081940,- - - Từ tơ tằm,Phụ lục,Phụ lục,KIEM_TRA_CHAT_LUONG,,,,
61081990,- - - Loại khác,Phụ lục,Phụ lục,KIEM_TRA_CHAT_LUONG,,,,
61082100,- - Từ bông,Phụ lục,Phụ lục,KIEM_TRA_CHAT_LUONG,,,,
61082200,- - Từ sợi nhân tạo,Phụ lục,Phụ lục,KIEM_TRA_CHAT_LUONG,,,,
61082900,- - Từ các vật liệu dệt khác,Phụ lục,Phụ lục,KIEM_TRA_CHAT_LUONG,,,,
61083100,- - Từ bông,Phụ lục,Phụ lục,KIEM_TRA_CHAT_LUONG,,,,
61083200,- - Từ sợi nhân tạo,Phụ lục,Phụ lục,KIEM_TRA_CHAT_LUONG,,,,
61083900,- - Từ các vật liệu dệt khác,Phụ lục,Phụ lục,KIEM_TRA_CHAT_LUONG,,,,
61089100,- - Từ bông,Phụ lục,Phụ lục,KIEM_TRA_CHAT_LUONG,,,,
61089200,- - Từ sợi nhân tạo,Phụ lục,Phụ lục,KIEM_TRA_CHAT_LUONG,,,,
61089900,- - Từ các vật liệu dệt khác,Phụ lục,Phụ lục,KIEM_TRA_CHAT_LUONG,,,,
6109,"Áo phông, áo may ô và các loại áo lót khác, dệt kim hoặc móc.",Phụ lục,Phụ lục,KIEM_TRA_CHAT_LUONG,,,,
610910,- Từ bông:,Phụ lục,Phụ lục,KIEM_TRA_CHAT_LUONG,,,,
61091010,- - Dùng cho nam giới hoặc trẻ em trai,Phụ lục,Phụ lục,KIEM_TRA_CHAT_LUONG,,,,
61091020,- - Dùng cho phụ nữ hoặc trẻ em gái,Phụ lục,Phụ lục,KIEM_TRA_CHAT_LUONG,,,,
610990,- Từ các vật liệu dệt khác:,Phụ lục,Phụ lục,KIEM_TRA_CHAT_LUONG,,,,
61099010,"- - Dùng cho nam giới hoặc trẻ em trai, từ ramie, lanh hoặc tơ tằm",Phụ lục,Phụ lục,KIEM_TRA_CHAT_LUONG,,,,
61099020,"- - Dùng cho nam giới hoặc trẻ em trai, từ các vật liệu dệt khác",Phụ lục,Phụ lục,KIEM_TRA_CHAT_LUONG,,,,
61099030,- - Dùng cho phụ nữ hoặc trẻ em gái,Phụ lục,Phụ lục,KIEM_TRA_CHAT_LUONG,,,,
6110,"Áo bó, áo chui đầu, áo cài khuy (Cardigans), gi-lê và các mặt hàng tương tự, dệt kim hoặc móc",Phụ lục,Phụ lục,KIEM_TRA_CHAT_LUONG,,,,
61101100,- - Từ lông cừu,Phụ lục,Phụ lục,KIEM_TRA_CHAT_LUONG,,,,
61101200,- - Từ lông dê Ca-sơ-mia,Phụ lục,Phụ lục,KIEM_TRA_CHAT_LUONG,,,,
61101900,- - Loại khác,Phụ lục,Phụ lục,KIEM_TRA_CHAT_LUONG,,,,
61102000,- Từ bông,Phụ lục,Phụ lục,KIEM_TRA_CHAT_LUONG,,,,
61103000,- Từ sợi nhân tạo,Phụ lục,Phụ lục,KIEM_TRA_CHAT_LUONG,,,,
61109000,- Từ các vật liệu dệt khác,Phụ lục,Phụ lục,KIEM_TRA_CHAT_LUONG,,,,
6111,"Quần áo và hàng may mặc phụ trợ dùng cho trẻ em, dệt kim hoặc móc.",Phụ lục,Phụ lục,KIEM_TRA_CHAT_LUONG,,,,
61112000,- Từ bông,Phụ lục,Phụ lục,KIEM_TRA_CHAT_LUONG,,,,
61113000,- Từ sợi tổng hợp,Phụ lục,Phụ lục,KIEM_TRA_CHAT_LUONG,,,,
611190,- Từ các vật liệu dệt khác:,Phụ lục,Phụ lục,KIEM_TRA_CHAT_LUONG,,,,
61119010,- - Từ lông cừu hoặc lông động vật loại mịn,Phụ lục,Phụ lục,KIEM_TRA_CHAT_LUONG,,,,
61119090,- - Loại khác,Phụ lục,Phụ lục,KIEM_TRA_CHAT_LUONG,,,,
6112,"Bộ quần áo thể thao, bộ quần áo trượt tuyết và bộ quần áo bơi, dệt kim hoặc móc",Phụ lục,Phụ lục,KIEM_TRA_CHAT_LUONG,,,,
61121100,- - Từ bông,Phụ lục,Phụ lục,KIEM_TRA_CHAT_LUONG,,,,
61121200,- - Từ sợi tổng hợp,Phụ lục,Phụ lục,KIEM_TRA_CHAT_LUONG,,,,
61121900,- - Từ các vật liệu dệt khác,Phụ lục,Phụ lục,KIEM_TRA_CHAT_LUONG,,,,
61122000,- Bộ quần áo trượt tuyết,Phụ lục,Phụ lục,KIEM_TRA_CHAT_LUONG,,,,
61123100,- - Từ sợi tổng hợp,Phụ lục,Phụ lục,KIEM_TRA_CHAT_LUONG,,,,
61123900,- - Từ các vật liệu dệt khác,Phụ lục,Phụ lục,KIEM_TRA_CHAT_LUONG,,,,
611241,- - Từ sợi tổng hợp:,Phụ lục,Phụ lục,KIEM_TRA_CHAT_LUONG,,,,
61124110,- - - Đồ bơi độn ngực (dùng cho người sau phẫu thuật ngực),Phụ lục,Phụ lục,KIEM_TRA_CHAT_LUONG,,,,
61124190,- - - Loại khác,Phụ lục,Phụ lục,KIEM_TRA_CHAT_LUONG,,,,
611249,- - Từ các vật liệu dệt khác:,Phụ lục,Phụ lục,KIEM_TRA_CHAT_LUONG,,,,
61124910,- - - Đồ bơi độn ngực (dùng cho người sau phẫu thuật ngực),Phụ lục,Phụ lục,KIEM_TRA_CHAT_LUONG,,,,
61124990,- - - Loại khác,Phụ lục,Phụ lục,KIEM_TRA_CHAT_LUONG,,,,
61130040,"Quần áo bảo hộ khác - Quần áo được may từ các loại vải dệt kim hoặc móc thuộc nhóm 59.03, 59.06 hoặc 59.07",Phụ lục,Phụ lục,KIEM_TRA_CHAT_LUONG,,,,
6114,"Các loại quần áo khác, dệt kim hoặc móc.",Phụ lục,Phụ lục,KIEM_TRA_CHAT_LUONG,,,,
61142000,- Từ bông,Phụ lục,Phụ lục,KIEM_TRA_CHAT_LUONG,,,,
611430,- Từ sợi nhân tạo:,Phụ lục,Phụ lục,KIEM_TRA_CHAT_LUONG,,,,
61143020,- - Quần áo chống cháy,Phụ lục,Phụ lục,KIEM_TRA_CHAT_LUONG,,,,
61143090,- - Loại khác,Phụ lục,Phụ lục,KIEM_TRA_CHAT_LUONG,,,,
611490,- Từ các vật liệu dệt khác:,Phụ lục,Phụ lục,KIEM_TRA_CHAT_LUONG,,,,
61149010,- - Từ lông cừu hoặc lông động vật loại mịn,Phụ lục,Phụ lục,KIEM_TRA_CHAT_LUONG,,,,
61149090,- - Loại khác,Phụ lục,Phụ lục,KIEM_TRA_CHAT_LUONG,,,,
6115,"Quần tất, quần áo nịt, bít tất dài (trên đầu gối), bít tất ngắn và các loại hàng bít tất dệt kim khác, kể cả nịt chân dùng cho người giãn tĩnh mạch, giày dép không đế, dệt kim hoặc móc",Phụ lục,Phụ lục,KIEM_TRA_CHAT_LUONG,,,,
611510,"- Nịt chân (ví dụ, dùng cho người giãn tĩnh mạch):",Phụ lục,Phụ lục,KIEM_TRA_CHAT_LUONG,,,,
61151090,- - Loại khác,Phụ lục,Phụ lục,KIEM_TRA_CHAT_LUONG,,,,
61152100,"- - Từ sợi tổng hợp, có độ mảnh sợi đơn dưới 67 decitex",Phụ lục,Phụ lục,KIEM_TRA_CHAT_LUONG,,,,
61152200,"- - Từ sợi tổng hợp, có độ mảnh sợi đơn từ 67 decitex trở lên",Phụ lục,Phụ lục,KIEM_TRA_CHAT_LUONG,,,,
611529,- - Từ các vật liệu dệt khác:,Phụ lục,Phụ lục,KIEM_TRA_CHAT_LUONG,,,,
61152910,- - - Từ bông,Phụ lục,Phụ lục,KIEM_TRA_CHAT_LUONG,,,,
61152990,- - - Loại khác,Phụ lục,Phụ lục,KIEM_TRA_CHAT_LUONG,,,,
611530,"- Tất dài đến đầu gối hoặc trên đầu gối dùng cho phụ nữ, có độ mảnh mỗi sợi đơn dưới 67 decitex:",Phụ lục,Phụ lục,KIEM_TRA_CHAT_LUONG,,,,
61153010,- - Từ bông,Phụ lục,Phụ lục,KIEM_TRA_CHAT_LUONG,,,,
61153090,- - Loại khác,Phụ lục,Phụ lục,KIEM_TRA_CHAT_LUONG,,,,
61159400,- - Từ lông cừu hoặc lông động vật loại mịn,Phụ lục,Phụ lục,KIEM_TRA_CHAT_LUONG,,,,
61159500,- - Từ bông,Phụ lục,Phụ lục,KIEM_TRA_CHAT_LUONG,,,,
61159600,- - Từ sợi tổng hợp,Phụ lục,Phụ lục,KIEM_TRA_CHAT_LUONG,,,,
61159900,- - Từ các vật liệu dệt khác,Phụ lục,Phụ lục,KIEM_TRA_CHAT_LUONG,,,,
6116,"Găng tay, găng tay hở ngón và găng tay bao, dệt kim hoặc móc",Phụ lục,Phụ lục,KIEM_TRA_CHAT_LUONG,,,,
61169100,- - Từ lông cừu hoặc lông động vật loại mịn,Phụ lục,Phụ lục,KIEM_TRA_CHAT_LUONG,,,,
61169200,- - Từ bông,Phụ lục,Phụ lục,KIEM_TRA_CHAT_LUONG,,,,
61169300,- - Từ sợi tổng hợp,Phụ lục,Phụ lục,KIEM_TRA_CHAT_LUONG,,,,
61169900,- - Từ các vật liệu dệt khác,Phụ lục,Phụ lục,KIEM_TRA_CHAT_LUONG,,,,
6117,"Hàng may mặc phụ trợ đã hoàn chỉnh, dệt kim hoặc móc khác; các chi tiết dệt kim hoặc móc của quần áo hoặc của hàng may mặc phụ trợ",Phụ lục,Phụ lục,KIEM_TRA_CHAT_LUONG,,,,
611710,"- Khăn choàng, khăn quàng cổ, khăn choàng rộng đội đầu, khăn choàng vai, mạng che mặt và các loại tương tự:",Phụ lục,Phụ lục,KIEM_TRA_CHAT_LUONG,,,,
61171010,- - Từ bông,Phụ lục,Phụ lục,KIEM_TRA_CHAT_LUONG,,,,
61171090,- - Loại khác,Phụ lục,Phụ lục,KIEM_TRA_CHAT_LUONG,,,,
611780,- Các phụ kiện may mặc khác:,Phụ lục,Phụ lục,KIEM_TRA_CHAT_LUONG,,,,
61178011,- - - Từ lông cừu hoặc lông động vật mịn,Phụ lục,Phụ lục,KIEM_TRA_CHAT_LUONG,,,,
61178019,- - - Loại khác,Phụ lục,Phụ lục,KIEM_TRA_CHAT_LUONG,,,,
61178020,"- - Băng cổ tay, băng đầu gối, băng mắt cá chân",Phụ lục,Phụ lục,KIEM_TRA_CHAT_LUONG,,,,
61178090,- - Loại khác,Phụ lục,Phụ lục,KIEM_TRA_CHAT_LUONG,,,,
61179000,- Các chi tiết,Phụ lục,Phụ lục,KIEM_TRA_CHAT_LUONG,,,,
6201,"Áo khoác ngoài, áo choàng mặc khi đi xe, áo khoác không tay, áo choàng không tay, áo khoác có mũ trùm (kể cả áo jacket trượt tuyết), áo gió, áo jacket chống gió và các loại tương tự, dùng cho nam giới hoặc trẻ em trai, trừ các loại thuộc nhóm 62.03",Phụ lục,Phụ lục,KIEM_TRA_CHAT_LUONG,,,,
62011100,- - Từ lông cừu hoặc lông động vật loại mịn,Phụ lục,Phụ lục,KIEM_TRA_CHAT_LUONG,,,,
62011200,- - Từ bông,Phụ lục,Phụ lục,KIEM_TRA_CHAT_LUONG,,,,
62011300,- - Từ sợi nhân tạo,Phụ lục,Phụ lục,KIEM_TRA_CHAT_LUONG,,,,
620119,- - Từ các vật liệu dệt khác:,Phụ lục,Phụ lục,KIEM_TRA_CHAT_LUONG,,,,
62011910,- - - Từ tơ tằm,Phụ lục,Phụ lục,KIEM_TRA_CHAT_LUONG,,,,
62011920,- - - Từ ramie,Phụ lục,Phụ lục,KIEM_TRA_CHAT_LUONG,,,,
62011990,- - - Loại khác,Phụ lục,Phụ lục,KIEM_TRA_CHAT_LUONG,,,,
62019100,- - Từ lông cừu hoặc lông động vật loại mịn,Phụ lục,Phụ lục,KIEM_TRA_CHAT_LUONG,,,,
62019200,- - Từ bông,Phụ lục,Phụ lục,KIEM_TRA_CHAT_LUONG,,,,
62019300,- - Từ sợi nhân tạo,Phụ lục,Phụ lục,KIEM_TRA_CHAT_LUONG,,,,
620199,- - Từ các vật liệu dệt khác:,Phụ lục,Phụ lục,KIEM_TRA_CHAT_LUONG,,,,
62019910,- - - Từ tơ tằm,Phụ lục,Phụ lục,KIEM_TRA_CHAT_LUONG,,,,
62019920,- - - Từ ramie,Phụ lục,Phụ lục,KIEM_TRA_CHAT_LUONG,,,,
62019990,- - - Loại khác,Phụ lục,Phụ lục,KIEM_TRA_CHAT_LUONG,,,,
6202,"Áo khoác ngoài, áo choàng mặc khi đi xe, áo khoác không tay, áo choàng không tay, áo khoác có mũ (kể cả áo jacket trượt tuyết), áo gió, áo jacket chống gió và các loại tương tự, dùng cho phụ nữ hoặc trẻ em gái, trừ loại thuộc nhóm 62.04",Phụ lục,Phụ lục,KIEM_TRA_CHAT_LUONG,,,,
62021100,- - Từ lông cừu hoặc lông động vật loại mịn,Phụ lục,Phụ lục,KIEM_TRA_CHAT_LUONG,,,,
62021200,- - Từ bông,Phụ lục,Phụ lục,KIEM_TRA_CHAT_LUONG,,,,
62021300,- - Từ sợi nhân tạo,Phụ lục,Phụ lục,KIEM_TRA_CHAT_LUONG,,,,
620219,- - Từ các vật liệu dệt khác:,Phụ lục,Phụ lục,KIEM_TRA_CHAT_LUONG,,,,
62021910,- - - Từ tơ tằm,Phụ lục,Phụ lục,KIEM_TRA_CHAT_LUONG,,,,
62021920,- - - Từ ramie,Phụ lục,Phụ lục,KIEM_TRA_CHAT_LUONG,,,,
62021990,- - - Loại khác,Phụ lục,Phụ lục,KIEM_TRA_CHAT_LUONG,,,,
62029100,- - Từ lông cừu hoặc lông động vật loại mịn,Phụ lục,Phụ lục,KIEM_TRA_CHAT_LUONG,,,,
62029200,- - Từ bông,Phụ lục,Phụ lục,KIEM_TRA_CHAT_LUONG,,,,
62029300,- - Từ sợi nhân tạo,Phụ lục,Phụ lục,KIEM_TRA_CHAT_LUONG,,,,
620299,- - Từ các vật liệu dệt khác:,Phụ lục,Phụ lục,KIEM_TRA_CHAT_LUONG,,,,
62029910,- - - Từ tơ tằm,Phụ lục,Phụ lục,KIEM_TRA_CHAT_LUONG,,,,
62029920,- - - Từ ramie,Phụ lục,Phụ lục,KIEM_TRA_CHAT_LUONG,,,,
62029990,- - - Loại khác,Phụ lục,Phụ lục,KIEM_TRA_CHAT_LUONG,,,,
6203,"Bộ com-lê, bộ quần áo đồng bộ, áo jacket, áo khoác thể thao, quần dài, quần yếm có dây đeo, quần ống chẽn và quần soóc (trừ quần áo bơi), dùng cho nam giới hoặc trẻ em trai",Phụ lục,Phụ lục,KIEM_TRA_CHAT_LUONG,,,,
62031100,- - Từ lông cừu hoặc lông động vật loại mịn,Phụ lục,Phụ lục,KIEM_TRA_CHAT_LUONG,,,,
62031200,- - Từ sợi tổng hợp,Phụ lục,Phụ lục,KIEM_TRA_CHAT_LUONG,,,,
620319,- - Từ các vật liệu dệt khác:,Phụ lục,Phụ lục,KIEM_TRA_CHAT_LUONG,,,,
62031911,- - - - Được in bằng phương pháp batik truyền thống,Phụ lục,Phụ lục,KIEM_TRA_CHAT_LUONG,,,,
62031919,- - - - Loại khác,Phụ lục,Phụ lục,KIEM_TRA_CHAT_LUONG,,,,
62031921,- - - - Được in bằng phương pháp batik truyền thống,Phụ lục,Phụ lục,KIEM_TRA_CHAT_LUONG,,,,
62031929,- - - - Loại khác,Phụ lục,Phụ lục,KIEM_TRA_CHAT_LUONG,,,,
62031990,- - - Loại khác,Phụ lục,Phụ lục,KIEM_TRA_CHAT_LUONG,,,,
620322,- - Từ bông:,Phụ lục,Phụ lục,KIEM_TRA_CHAT_LUONG,,,,
62032210,- - - Được in bằng phương pháp batik truyền thống,Phụ lục,Phụ lục,KIEM_TRA_CHAT_LUONG,,,,
62032290,- - - Loại khác,Phụ lục,Phụ lục,KIEM_TRA_CHAT_LUONG,,,,
62032300,- - Từ sợi tổng hợp,Phụ lục,Phụ lục,KIEM_TRA_CHAT_LUONG,,,,
620329,- - Từ các vật liệu dệt khác:,Phụ lục,Phụ lục,KIEM_TRA_CHAT_LUONG,,,,
62032910,- - - Từ lông cừu hoặc lông động vật mịn,Phụ lục,Phụ lục,KIEM_TRA_CHAT_LUONG,,,,
62032990,- - - Loại khác,Phụ lục,Phụ lục,KIEM_TRA_CHAT_LUONG,,,,
62033100,- - Từ lông cừu hoặc lông động vật loại mịn,Phụ lục,Phụ lục,KIEM_TRA_CHAT_LUONG,,,,
620332,- - Từ bông:,Phụ lục,Phụ lục,KIEM_TRA_CHAT_LUONG,,,,
62033210,- - - Được in bằng phương pháp batik truyền thống,Phụ lục,Phụ lục,KIEM_TRA_CHAT_LUONG,,,,
62033290,- - - Loại khác,Phụ lục,Phụ lục,KIEM_TRA_CHAT_LUONG,,,,
62033300,- - Từ sợi tổng hợp,Phụ lục,Phụ lục,KIEM_TRA_CHAT_LUONG,,,,
62033900,- - Từ các vật liệu dệt khác,Phụ lục,Phụ lục,KIEM_TRA_CHAT_LUONG,,,,
62034100,- - Từ lông cừu hoặc lông động vật loại mịn,Phụ lục,Phụ lục,KIEM_TRA_CHAT_LUONG,,,,
620342,- - Từ bông:,Phụ lục,Phụ lục,KIEM_TRA_CHAT_LUONG,,,,
62034210,- - - Quần yếm có dây đeo,Phụ lục,Phụ lục,KIEM_TRA_CHAT_LUONG,,,,
62034290,- - - Loại khác,Phụ lục,Phụ lục,KIEM_TRA_CHAT_LUONG,,,,
62034300,- - Từ sợi tổng hợp,Phụ lục,Phụ lục,KIEM_TRA_CHAT_LUONG,,,,
620349,- - Từ các vật liệu dệt khác:,Phụ lục,Phụ lục,KIEM_TRA_CHAT_LUONG,,,,
62034910,- - - Từ tơ tằm,Phụ lục,Phụ lục,KIEM_TRA_CHAT_LUONG,,,,
62034990,- - - Loại khác,Phụ lục,Phụ lục,KIEM_TRA_CHAT_LUONG,,,,
6204,"Bộ com-lê, bộ quần áo đồng bộ, áo jacket, áo khoác thể thao, áo váy dài, váy, quần váy, quần dài, quần yếm có dây đeo, quần ống chẽn và quần soóc (trừ quần áo bơi), dùng cho phụ nữ hoặc trẻ em gái",Phụ lục,Phụ lục,KIEM_TRA_CHAT_LUONG,,,,
62041100,- - Từ lông cừu hoặc lông động vật loại mịn,Phụ lục,Phụ lục,KIEM_TRA_CHAT_LUONG,,,,
620412,- - Từ bông:,Phụ lục,Phụ lục,KIEM_TRA_CHAT_LUONG,,,,
62041210,- - - Được in bằng phương pháp batik truyền thống,Phụ lục,Phụ lục,KIEM_TRA_CHAT_LUONG,,,,
62041290,- - - Loại khác,Phụ lục,Phụ lục,KIEM_TRA_CHAT_LUONG,,,,
62041300,- - Từ sợi tổng hợp,Phụ lục,Phụ lục,KIEM_TRA_CHAT_LUONG,,,,
620419,- - Từ các vật liệu dệt khác:,Phụ lục,Phụ lục,KIEM_TRA_CHAT_LUONG,,,,
62041911,- - - - Được in bằng phương pháp batik truyền thống,Phụ lục,Phụ lục,KIEM_TRA_CHAT_LUONG,,,,
62041919,- - - - Loại khác,Phụ lục,Phụ lục,KIEM_TRA_CHAT_LUONG,,,,
62041990,- - - Loại khác,Phụ lục,Phụ lục,KIEM_TRA_CHAT_LUONG,,,,
62042100,- - Từ lông cừu hoặc lông động vật loại mịn,Phụ lục,Phụ lục,KIEM_TRA_CHAT_LUONG,,,,
620422,- - Từ bông:,Phụ lục,Phụ lục,KIEM_TRA_CHAT_LUONG,,,,
62042210,- - - Được in bằng phương pháp batik truyền thống,Phụ lục,Phụ lục,KIEM_TRA_CHAT_LUONG,,,,
62042290,- - - Loại khác,Phụ lục,Phụ lục,KIEM_TRA_CHAT_LUONG,,,,
62042300,- - Từ sợi tổng hợp,Phụ lục,Phụ lục,KIEM_TRA_CHAT_LUONG,,,,
620429,- - Từ các vật liệu dệt khác:,Phụ lục,Phụ lục,KIEM_TRA_CHAT_LUONG,,,,
62042910,- - - Từ tơ tằm,Phụ lục,Phụ lục,KIEM_TRA_CHAT_LUONG,,,,
62042990,- - - Loại khác,Phụ lục,Phụ lục,KIEM_TRA_CHAT_LUONG,,,,
62043100,- - Từ lông cừu hoặc lông động vật loại mịn,Phụ lục,Phụ lục,KIEM_TRA_CHAT_LUONG,,,,
620432,- - Từ bông:,Phụ lục,Phụ lục,KIEM_TRA_CHAT_LUONG,,,,
62043210,- - - Được in bằng phương pháp batik truyền thống,Phụ lục,Phụ lục,KIEM_TRA_CHAT_LUONG,,,,
62043290,- - - Loại khác,Phụ lục,Phụ lục,KIEM_TRA_CHAT_LUONG,,,,
62043300,- - Từ sợi tổng hợp,Phụ lục,Phụ lục,KIEM_TRA_CHAT_LUONG,,,,
620439,- - Từ các vật liệu dệt khác:,Phụ lục,Phụ lục,KIEM_TRA_CHAT_LUONG,,,,
62043911,- - - - Được in bằng phương pháp batik truyền thống,Phụ lục,Phụ lục,KIEM_TRA_CHAT_LUONG,,,,
62043919,- - - - Loại khác,Phụ lục,Phụ lục,KIEM_TRA_CHAT_LUONG,,,,
62043990,- - - Loại khác,Phụ lục,Phụ lục,KIEM_TRA_CHAT_LUONG,,,,
62044100,- - Từ lông cừu hoặc lông động vật loại mịn,Phụ lục,Phụ lục,KIEM_TRA_CHAT_LUONG,,,,
620442,- - Từ bông:,Phụ lục,Phụ lục,KIEM_TRA_CHAT_LUONG,,,,
62044210,- - - Được in bằng phương pháp batik truyền thống,Phụ lục,Phụ lục,KIEM_TRA_CHAT_LUONG,,,,
62044290,- - - Loại khác,Phụ lục,Phụ lục,KIEM_TRA_CHAT_LUONG,,,,
62044300,- - Từ sợi tổng hợp,Phụ lục,Phụ lục,KIEM_TRA_CHAT_LUONG,,,,
62044400,- - Từ sợi tái tạo,Phụ lục,Phụ lục,KIEM_TRA_CHAT_LUONG,,,,
620449,- - Từ các vật liệu dệt khác:,Phụ lục,Phụ lục,KIEM_TRA_CHAT_LUONG,,,,
62044910,- - - Được in bằng phương pháp batik truyền thống,Phụ lục,Phụ lục,KIEM_TRA_CHAT_LUONG,,,,
62044990,- - - Loại khác,Phụ lục,Phụ lục,KIEM_TRA_CHAT_LUONG,,,,
62045100,- - Từ lông cừu hoặc lông động vật loại mịn,Phụ lục,Phụ lục,KIEM_TRA_CHAT_LUONG,,,,
620452,- - Từ bông:,Phụ lục,Phụ lục,KIEM_TRA_CHAT_LUONG,,,,
62045210,- - - Được in bằng phương pháp batik truyền thống,Phụ lục,Phụ lục,KIEM_TRA_CHAT_LUONG,,,,
62045290,- - - Loại khác,Phụ lục,Phụ lục,KIEM_TRA_CHAT_LUONG,,,,
62045300,- - Từ sợi tổng hợp,Phụ lục,Phụ lục,KIEM_TRA_CHAT_LUONG,,,,
620459,- - Từ các vật liệu dệt khác:,Phụ lục,Phụ lục,KIEM_TRA_CHAT_LUONG,,,,
62045910,- - - Được in bằng phương pháp batik truyền thống,Phụ lục,Phụ lục,KIEM_TRA_CHAT_LUONG,,,,
62045990,- - - Loại khác,Phụ lục,Phụ lục,KIEM_TRA_CHAT_LUONG,,,,
62046100,- - Từ lông cừu hoặc lông động vật loại mịn,Phụ lục,Phụ lục,KIEM_TRA_CHAT_LUONG,,,,
62046200,- - Từ bông,Phụ lục,Phụ lục,KIEM_TRA_CHAT_LUONG,,,,
62046300,- - Từ sợi tổng hợp,Phụ lục,Phụ lục,KIEM_TRA_CHAT_LUONG,,,,
62046900,- - Từ các vật liệu dệt khác,Phụ lục,Phụ lục,KIEM_TRA_CHAT_LUONG,,,,
6205,Áo sơ mi nam giới hoặc trẻ em trai,Phụ lục,Phụ lục,KIEM_TRA_CHAT_LUONG,,,,
620520,- Từ bông:,Phụ lục,Phụ lục,KIEM_TRA_CHAT_LUONG,,,,
62052010,- - Được in bằng phương pháp batik truyền thống,Phụ lục,Phụ lục,KIEM_TRA_CHAT_LUONG,,,,
62052020,- - Áo Barong Tagalog,Phụ lục,Phụ lục,KIEM_TRA_CHAT_LUONG,,,,
62052090,- - Loại khác,Phụ lục,Phụ lục,KIEM_TRA_CHAT_LUONG,,,,
620530,- Từ sợi nhân tạo:,Phụ lục,Phụ lục,KIEM_TRA_CHAT_LUONG,,,,
62053010,- - Áo Barong Tagalog,Phụ lục,Phụ lục,KIEM_TRA_CHAT_LUONG,,,,
62053090,- - Loại khác,Phụ lục,Phụ lục,KIEM_TRA_CHAT_LUONG,,,,
620590,- Từ các vật liệu dệt khác:,Phụ lục,Phụ lục,KIEM_TRA_CHAT_LUONG,,,,
62059010,- - Từ lông cừu hoặc lông động vật loại mịn,Phụ lục,Phụ lục,KIEM_TRA_CHAT_LUONG,,,,
62059091,- - - Được in bằng phương pháp batik truyền thống,Phụ lục,Phụ lục,KIEM_TRA_CHAT_LUONG,,,,
62059092,- - - Áo Barong Tagalog,Phụ lục,Phụ lục,KIEM_TRA_CHAT_LUONG,,,,
62059099,- - - Loại khác,Phụ lục,Phụ lục,KIEM_TRA_CHAT_LUONG,,,,
6206,"Áo choàng dài, áo sơ mi và áo choàng ngắn dùng cho phụ nữ hoặc trẻ em gái",Phụ lục,Phụ lục,KIEM_TRA_CHAT_LUONG,,,,
620610,- Từ tơ tằm hoặc phế liệu tơ tằm:,Phụ lục,Phụ lục,KIEM_TRA_CHAT_LUONG,,,,
62061010,- - Được in bằng phương pháp batik truyền thống,Phụ lục,Phụ lục,KIEM_TRA_CHAT_LUONG,,,,
62061090,- - Loại khác,Phụ lục,Phụ lục,KIEM_TRA_CHAT_LUONG,,,,
62062000,- Từ lông cừu hoặc lông động vật loại mịn,Phụ lục,Phụ lục,KIEM_TRA_CHAT_LUONG,,,,
620630,- Từ bông:,Phụ lục,Phụ lục,KIEM_TRA_CHAT_LUONG,,,,
62063010,- - Được in bằng phương pháp batik truyền thống,Phụ lục,Phụ lục,KIEM_TRA_CHAT_LUONG,,,,
62063090,- - Loại khác,Phụ lục,Phụ lục,KIEM_TRA_CHAT_LUONG,,,,
62064000,- Từ sợi nhân tạo,Phụ lục,Phụ lục,KIEM_TRA_CHAT_LUONG,,,,
62069000,- Từ các vật liệu dệt khác,Phụ lục,Phụ lục,KIEM_TRA_CHAT_LUONG,,,,
6207,"Áo may ô và các loại áo lót khác, quần lót, quần đùi, quần sịp, áo ngủ, bộ py-gia-ma, áo choàng tắm, áo khoác ngoài mặc trong nhà và các loại tương tự, dùng cho nam giới hoặc trẻ em trai",Phụ lục,Phụ lục,KIEM_TRA_CHAT_LUONG,,,,
62071100,- - Từ bông,Phụ lục,Phụ lục,KIEM_TRA_CHAT_LUONG,,,,
62071900,- - Từ các vật liệu dệt khác,Phụ lục,Phụ lục,KIEM_TRA_CHAT_LUONG,,,,
620721,- - Từ bông:,Phụ lục,Phụ lục,KIEM_TRA_CHAT_LUONG,,,,
62072110,- - - Được in bằng phương pháp batik truyền thống,Phụ lục,Phụ lục,KIEM_TRA_CHAT_LUONG,,,,
62072190,- - - Loại khác,Phụ lục,Phụ lục,KIEM_TRA_CHAT_LUONG,,,,
62072200,- - Từ sợi nhân tạo,Phụ lục,Phụ lục,KIEM_TRA_CHAT_LUONG,,,,
620729,- - Từ các vật liệu dệt khác:,Phụ lục,Phụ lục,KIEM_TRA_CHAT_LUONG,,,,
62072910,- - - Từ tơ tằm,Phụ lục,Phụ lục,KIEM_TRA_CHAT_LUONG,,,,
62072990,- - - Loại khác,Phụ lục,Phụ lục,KIEM_TRA_CHAT_LUONG,,,,
62079100,- - Từ bông,Phụ lục,Phụ lục,KIEM_TRA_CHAT_LUONG,,,,
620799,- - Từ các vật liệu dệt khác:,Phụ lục,Phụ lục,KIEM_TRA_CHAT_LUONG,,,,
62079910,- - - Từ sợi nhân tạo,Phụ lục,Phụ lục,KIEM_TRA_CHAT_LUONG,,,,
62079990,- - - Loại khác,Phụ lục,Phụ lục,KIEM_TRA_CHAT_LUONG,,,,
6208,"Áo may ô và các loại áo lót khác, váy lót, quần xi líp, quần đùi bó, áo ngủ, bộ py-gia-ma, áo mỏng mặc trong nhà, áo choàng tắm, áo khoác ngoài mặc trong nhà và các loại tương tự dùng cho phụ nữ hoặc trẻ em gái",Phụ lục,Phụ lục,KIEM_TRA_CHAT_LUONG,,,,
62081100,- - Từ sợi nhân tạo,Phụ lục,Phụ lục,KIEM_TRA_CHAT_LUONG,,,,
62081900,- - Từ các vật liệu dệt khác,Phụ lục,Phụ lục,KIEM_TRA_CHAT_LUONG,,,,
620821,- - Từ bông:,Phụ lục,Phụ lục,KIEM_TRA_CHAT_LUONG,,,,
62082110,- - - Được in bằng phương pháp batik truyền thống,Phụ lục,Phụ lục,KIEM_TRA_CHAT_LUONG,,,,
62082190,- - - Loại khác,Phụ lục,Phụ lục,KIEM_TRA_CHAT_LUONG,,,,
62082200,- - Từ sợi nhân tạo,Phụ lục,Phụ lục,KIEM_TRA_CHAT_LUONG,,,,
620829,- - Từ các vật liệu dệt khác:,Phụ lục,Phụ lục,KIEM_TRA_CHAT_LUONG,,,,
62082910,- - - Được in bằng phương pháp batik truyền thống,Phụ lục,Phụ lục,KIEM_TRA_CHAT_LUONG,,,,
62082990,- - - Loại khác,Phụ lục,Phụ lục,KIEM_TRA_CHAT_LUONG,,,,
620891,- - Từ bông:,Phụ lục,Phụ lục,KIEM_TRA_CHAT_LUONG,,,,
62089110,- - - Được in bằng phương pháp batik truyền thống,Phụ lục,Phụ lục,KIEM_TRA_CHAT_LUONG,,,,
62089190,- - - Loại khác,Phụ lục,Phụ lục,KIEM_TRA_CHAT_LUONG,,,,
620892,- - Từ sợi nhân tạo:,Phụ lục,Phụ lục,KIEM_TRA_CHAT_LUONG,,,,
62089210,- - - Được in bằng phương pháp batik truyền thống,Phụ lục,Phụ lục,KIEM_TRA_CHAT_LUONG,,,,
62089290,- - - Loại khác,Phụ lục,Phụ lục,KIEM_TRA_CHAT_LUONG,,,,
620899,- - Từ các vật liệu dệt khác:,Phụ lục,Phụ lục,KIEM_TRA_CHAT_LUONG,,,,
62089910,- - - Từ lông cừu hoặc lông động vật mịn,Phụ lục,Phụ lục,KIEM_TRA_CHAT_LUONG,,,,
62089990,- - - Loại khác,Phụ lục,Phụ lục,KIEM_TRA_CHAT_LUONG,,,,
6209,Quần áo may sẵn và đồ phụ kiện hàng may cho trẻ em,Phụ lục,Phụ lục,KIEM_TRA_CHAT_LUONG,,,,
620920,- Từ bông:,Phụ lục,Phụ lục,KIEM_TRA_CHAT_LUONG,,,,
62092030,"- - Áo phông, áo sơ mi, bộ quần áo pyjama và các loại tương tự",Phụ lục,Phụ lục,KIEM_TRA_CHAT_LUONG,,,,
62092040,"- - Bộ com-lê, quần và các loại tương tự",Phụ lục,Phụ lục,KIEM_TRA_CHAT_LUONG,,,,
62092090,- - Loại khác,Phụ lục,Phụ lục,KIEM_TRA_CHAT_LUONG,,,,
620930,- Từ sợi tổng hợp:,Phụ lục,Phụ lục,KIEM_TRA_CHAT_LUONG,,,,
62093010,"- - Bộ com-lê, quần và các loại tương tự",Phụ lục,Phụ lục,KIEM_TRA_CHAT_LUONG,,,,
62093030,"- - Áo phông, áo sơ mi, bộ quần áo pyjama và các loại tương tự",Phụ lục,Phụ lục,KIEM_TRA_CHAT_LUONG,,,,
62093040,- - Phụ kiện may mặc,Phụ lục,Phụ lục,KIEM_TRA_CHAT_LUONG,,,,
62093090,- - Loại khác,Phụ lục,Phụ lục,KIEM_TRA_CHAT_LUONG,,,,
62099000,- Từ các vật liệu dệt khác,Phụ lục,Phụ lục,KIEM_TRA_CHAT_LUONG,,,,
6210,"Quần áo may từ các loại vải thuộc nhóm 56.02, 56.03, 59.03, 59.06 hoặc 59.07",Phụ lục,Phụ lục,KIEM_TRA_CHAT_LUONG,,,,
621010,- Từ các loại vải thuộc nhóm 56.02 hoặc 56.03:,Phụ lục,Phụ lục,KIEM_TRA_CHAT_LUONG,,,,
62101011,"- - - Quần áo chống các chất hóa học, phóng xạ hoặc chống cháy",Phụ lục,Phụ lục,KIEM_TRA_CHAT_LUONG,,,,
62101019,- - - Loại khác,Phụ lục,Phụ lục,KIEM_TRA_CHAT_LUONG,,,,
62101090,- - Loại khác,Phụ lục,Phụ lục,KIEM_TRA_CHAT_LUONG,,,,
621020,"- Quần áo khác, loại được mô tả từ phân nhóm 6201.11 đến 6201.19:",Phụ lục,Phụ lục,KIEM_TRA_CHAT_LUONG,,,,
62102020,- - Quần áo chống cháy,Phụ lục,Phụ lục,KIEM_TRA_CHAT_LUONG,,,,
62102030,- - Quần áo chống các chất hóa học hoặc phóng xạ,Phụ lục,Phụ lục,KIEM_TRA_CHAT_LUONG,,,,
62102040,- - Các loại quần áo bảo hộ khác,Phụ lục,Phụ lục,KIEM_TRA_CHAT_LUONG,,,,
62102090,- - Loại khác,Phụ lục,Phụ lục,KIEM_TRA_CHAT_LUONG,,,,
621030,"- Quần áo khác, loại được mô tả từ phân nhóm 6202.11 đến 6202.19:",Phụ lục,Phụ lục,KIEM_TRA_CHAT_LUONG,,,,
62103020,- - Quần áo chống cháy,Phụ lục,Phụ lục,KIEM_TRA_CHAT_LUONG,,,,
62103030,- - Quần áo chống các chất hóa học hoặc phóng xạ,Phụ lục,Phụ lục,KIEM_TRA_CHAT_LUONG,,,,
62103040,- - Các loại quần áo bảo hộ khác,Phụ lục,Phụ lục,KIEM_TRA_CHAT_LUONG,,,,
62103090,- - Loại khác,Phụ lục,Phụ lục,KIEM_TRA_CHAT_LUONG,,,,
621040,- Quần áo khác dùng cho nam giới hoặc trẻ em trai:,Phụ lục,Phụ lục,KIEM_TRA_CHAT_LUONG,,,,
62104010,- - Quần áo chống cháy,Phụ lục,Phụ lục,KIEM_TRA_CHAT_LUONG,,,,
62104020,- - Quần áo chống các chất hóa học hoặc phóng xạ,Phụ lục,Phụ lục,KIEM_TRA_CHAT_LUONG,,,,
62104090,- - Loại khác,Phụ lục,Phụ lục,KIEM_TRA_CHAT_LUONG,,,,
621050,- Quần áo khác dùng cho phụ nữ hoặc trẻ em gái:,Phụ lục,Phụ lục,KIEM_TRA_CHAT_LUONG,,,,
62105010,- - Quần áo chống cháy,Phụ lục,Phụ lục,KIEM_TRA_CHAT_LUONG,,,,
62105020,- - Quần áo chống các chất hóa học hoặc phóng xạ,Phụ lục,Phụ lục,KIEM_TRA_CHAT_LUONG,,,,
62105090,- - Loại khác,Phụ lục,Phụ lục,KIEM_TRA_CHAT_LUONG,,,,
6211,"Bộ quần áo thể thao, bộ quần áo trượt tuyết và quần áo bơi; quần áo khác",Phụ lục,Phụ lục,KIEM_TRA_CHAT_LUONG,,,,
62111100,- - Dùng cho nam giới hoặc trẻ em trai,Phụ lục,Phụ lục,KIEM_TRA_CHAT_LUONG,,,,
62111200,- - Dùng cho phụ nữ hoặc trẻ em gái,Phụ lục,Phụ lục,KIEM_TRA_CHAT_LUONG,,,,
62112000,- Bộ quần áo trượt tuyết,Phụ lục,Phụ lục,KIEM_TRA_CHAT_LUONG,,,,
621132,- - Từ bông:,Phụ lục,Phụ lục,KIEM_TRA_CHAT_LUONG,,,,
62113210,- - - Quần áo đấu kiếm hoặc đấu vật,Phụ lục,Phụ lục,KIEM_TRA_CHAT_LUONG,,,,
62113220,- - - Áo choàng hành hương (Ehram),Phụ lục,Phụ lục,KIEM_TRA_CHAT_LUONG,,,,
62113290,- - - Loại khác,Phụ lục,Phụ lục,KIEM_TRA_CHAT_LUONG,,,,
621139,- - Từ các vật liệu dệt khác:,Phụ lục,Phụ lục,KIEM_TRA_CHAT_LUONG,,,,
62113990,- - - Loại khác,Phụ lục,Phụ lục,KIEM_TRA_CHAT_LUONG,,,,
621142,- - Từ bông:,Phụ lục,Phụ lục,KIEM_TRA_CHAT_LUONG,,,,
62114220,- - - Áo choàng không tay dùng để cầu nguyện,Phụ lục,Phụ lục,KIEM_TRA_CHAT_LUONG,,,,
62114290,- - - Loại khác,Phụ lục,Phụ lục,KIEM_TRA_CHAT_LUONG,,,,
621143,- - Từ sợi nhân tạo:,Phụ lục,Phụ lục,KIEM_TRA_CHAT_LUONG,,,,
62114310,- - - Áo phẫu thuật,Phụ lục,Phụ lục,KIEM_TRA_CHAT_LUONG,,,,
62114320,- - - Áo choàng không tay dùng để cầu nguyện,Phụ lục,Phụ lục,KIEM_TRA_CHAT_LUONG,,,,
62114360,- - - Bộ quần áo nhảy dù liền thân,Phụ lục,Phụ lục,KIEM_TRA_CHAT_LUONG,,,,
621149,- - Từ các vật liệu dệt khác:,Phụ lục,Phụ lục,KIEM_TRA_CHAT_LUONG,,,,
62114931,- - - - Từ lông cừu hoặc lông động vật mịn,Phụ lục,Phụ lục,KIEM_TRA_CHAT_LUONG,,,,
62114939,- - - - Loại khác,Phụ lục,Phụ lục,KIEM_TRA_CHAT_LUONG,,,,
62114940,"- - - Loại khác, từ lông cừu hoặc lông động vật loại mịn",Phụ lục,Phụ lục,KIEM_TRA_CHAT_LUONG,,,,
6212,"Xu chiêng, gen, áo nịt ngực, dây đeo quần, dây móc bít tất, nịt tất, các sản phẩm tương tự và các chi tiết của chúng, được làm hoặc không được làm từ dệt kim hoặc móc",Phụ lục,Phụ lục,KIEM_TRA_CHAT_LUONG,,,,
621210,- Xu chiêng:,Phụ lục,Phụ lục,KIEM_TRA_CHAT_LUONG,,,,
62121011,- - - Xu chiêng độn ngực (dùng cho người sau phẫu thuật ngực),Phụ lục,Phụ lục,KIEM_TRA_CHAT_LUONG,,,,
62121019,- - - Loại khác,Phụ lục,Phụ lục,KIEM_TRA_CHAT_LUONG,,,,
62121091,- - - Xu chiêng độn ngực (dùng cho người sau phẫu thuật ngực),Phụ lục,Phụ lục,KIEM_TRA_CHAT_LUONG,,,,
62121099,- - - Loại khác,Phụ lục,Phụ lục,KIEM_TRA_CHAT_LUONG,,,,
621220,- Gen và quần gen:,Phụ lục,Phụ lục,KIEM_TRA_CHAT_LUONG,,,,
62122010,- - Từ bông,Phụ lục,Phụ lục,KIEM_TRA_CHAT_LUONG,,,,
62122090,- - Từ các loại vật liệu dệt khác,Phụ lục,Phụ lục,KIEM_TRA_CHAT_LUONG,,,,
621230,- Áo nịt toàn thân (corselette):,Phụ lục,Phụ lục,KIEM_TRA_CHAT_LUONG,,,,
62123010,- - Từ bông,Phụ lục,Phụ lục,KIEM_TRA_CHAT_LUONG,,,,
62123090,- - Từ các loại vật liệu dệt khác,Phụ lục,Phụ lục,KIEM_TRA_CHAT_LUONG,,,,
621290,- Loại khác:,Phụ lục,Phụ lục,KIEM_TRA_CHAT_LUONG,,,,
62129012,- - - Hàng may mặc hỗ trợ cho các môn điền kinh,Phụ lục,Phụ lục,KIEM_TRA_CHAT_LUONG,,,,
62129092,- - - Hàng may mặc hỗ trợ cho các môn điền kinh,Phụ lục,Phụ lục,KIEM_TRA_CHAT_LUONG,,,,
6213,Khăn tay và khăn quàng cổ nhỏ hình vuông,Phụ lục,Phụ lục,KIEM_TRA_CHAT_LUONG,,,,
621320,- Từ bông:,Phụ lục,Phụ lục,KIEM_TRA_CHAT_LUONG,,,,
62132010,- - Được in bằng phương pháp batik truyền thống,Phụ lục,Phụ lục,KIEM_TRA_CHAT_LUONG,,,,
62132090,- - Loại khác,Phụ lục,Phụ lục,KIEM_TRA_CHAT_LUONG,,,,
621390,- Từ các loại vật liệu dệt khác:,Phụ lục,Phụ lục,KIEM_TRA_CHAT_LUONG,,,,
62139011,- - - Được in bằng phương pháp batik truyền thống,Phụ lục,Phụ lục,KIEM_TRA_CHAT_LUONG,,,,
62139019,- - - Loại khác,Phụ lục,Phụ lục,KIEM_TRA_CHAT_LUONG,,,,
62139091,- - - Được in bằng phương pháp batik truyền thống,Phụ lục,Phụ lục,KIEM_TRA_CHAT_LUONG,,,,
62139099,- - - Loại khác,Phụ lục,Phụ lục,KIEM_TRA_CHAT_LUONG,,,,
6214,"Khăn san, khăn choàng vai, khăn quàng cổ, khăn choàng rộng đội đầu và choàng vai, mạng che mặt và các loại tương tự",Phụ lục,Phụ lục,KIEM_TRA_CHAT_LUONG,,,,
621410,- Từ tơ tằm hoặc phế liệu tơ tằm:,Phụ lục,Phụ lục,KIEM_TRA_CHAT_LUONG,,,,
62141010,- - Được in bằng phương pháp batik truyền thống,Phụ lục,Phụ lục,KIEM_TRA_CHAT_LUONG,,,,
62141090,- - Loại khác,Phụ lục,Phụ lục,KIEM_TRA_CHAT_LUONG,,,,
62142000,- Từ lông cừu hoặc lông động vật loại mịn,Phụ lục,Phụ lục,KIEM_TRA_CHAT_LUONG,,,,
621430,- Từ sợi tổng hợp:,Phụ lục,Phụ lục,KIEM_TRA_CHAT_LUONG,,,,
62143010,- - Được in bằng phương pháp batik truyền thống,Phụ lục,Phụ lục,KIEM_TRA_CHAT_LUONG,,,,
62143090,- - Loại khác,Phụ lục,Phụ lục,KIEM_TRA_CHAT_LUONG,,,,
621440,- Từ sợi tái tạo:,Phụ lục,Phụ lục,KIEM_TRA_CHAT_LUONG,,,,
62144010,- - Được in bằng phương pháp batik truyền thống,Phụ lục,Phụ lục,KIEM_TRA_CHAT_LUONG,,,,
62144090,- - Loại khác,Phụ lục,Phụ lục,KIEM_TRA_CHAT_LUONG,,,,
621490,- Từ các vật liệu dệt khác:,Phụ lục,Phụ lục,KIEM_TRA_CHAT_LUONG,,,,
62149010,- - Được in bằng phương pháp batik truyền thống,Phụ lục,Phụ lục,KIEM_TRA_CHAT_LUONG,,,,
62149090,- - Loại khác,Phụ lục,Phụ lục,KIEM_TRA_CHAT_LUONG,,,,
6215,"Nơ thường, nơ con bướm và cà vạt",Phụ lục,Phụ lục,KIEM_TRA_CHAT_LUONG,,,,
621510,- Từ tơ tằm hoặc phế liệu tơ tằm:,Phụ lục,Phụ lục,KIEM_TRA_CHAT_LUONG,,,,
62151010,- - Được in bằng phương pháp batik truyền thống,Phụ lục,Phụ lục,KIEM_TRA_CHAT_LUONG,,,,
62151090,- - Loại khác,Phụ lục,Phụ lục,KIEM_TRA_CHAT_LUONG,,,,
621520,- Từ sợi nhân tạo:,Phụ lục,Phụ lục,KIEM_TRA_CHAT_LUONG,,,,
62152010,- - Được in bằng phương pháp batik truyền thống,Phụ lục,Phụ lục,KIEM_TRA_CHAT_LUONG,,,,
62152090,- - Loại khác,Phụ lục,Phụ lục,KIEM_TRA_CHAT_LUONG,,,,
621590,- Từ các vật liệu dệt khác:,Phụ lục,Phụ lục,KIEM_TRA_CHAT_LUONG,,,,
62159010,- - Được in bằng phương pháp batik truyền thống,Phụ lục,Phụ lục,KIEM_TRA_CHAT_LUONG,,,,
62159090,- - Loại khác,Phụ lục,Phụ lục,KIEM_TRA_CHAT_LUONG,,,,
6216,"Găng tay, găng tay hở ngón và găng tay bao",Phụ lục,Phụ lục,KIEM_TRA_CHAT_LUONG,,,,
62160010,"- Găng tay bảo hộ lao động, găng tay hở ngón và găng tay bao",Phụ lục,Phụ lục,KIEM_TRA_CHAT_LUONG,,,,
62160091,- - Từ lông cừu hoặc lông động vật loại mịn,Phụ lục,Phụ lục,KIEM_TRA_CHAT_LUONG,,,,
62160092,- - Từ bông,Phụ lục,Phụ lục,KIEM_TRA_CHAT_LUONG,,,,
62160099,- - Loại khác,Phụ lục,Phụ lục,KIEM_TRA_CHAT_LUONG,,,,
6217,"Phụ kiện may mặc làm sẵn khác; các chi tiết của quần áo hoặc của phụ kiện may làm sẵn, trừ các loại thuộc nhóm 62.12",Phụ lục,Phụ lục,KIEM_TRA_CHAT_LUONG,,,,
621710,- Phụ kiện may mặc:,Phụ lục,Phụ lục,KIEM_TRA_CHAT_LUONG,,,,
62171010,- - Đai Ju đô,Phụ lục,Phụ lục,KIEM_TRA_CHAT_LUONG,,,,
6301,Chăn và chăn du lịch,Phụ lục,Phụ lục,KIEM_TRA_CHAT_LUONG,,,,
63011000,- Chăn điện,Phụ lục,Phụ lục,KIEM_TRA_CHAT_LUONG,,,,
63012000,"- Chăn (trừ chăn điện) và chăn du lịch, từ lông cừu hoặc lông động vật loại mịn",Phụ lục,Phụ lục,KIEM_TRA_CHAT_LUONG,,,,
630130,"- Chăn (trừ chăn điện) và chăn du lịch, từ bông:",Phụ lục,Phụ lục,KIEM_TRA_CHAT_LUONG,,,,
63013010,- - Được in bằng phương pháp batik truyền thống,Phụ lục,Phụ lục,KIEM_TRA_CHAT_LUONG,,,,
63013090,- - Loại khác,Phụ lục,Phụ lục,KIEM_TRA_CHAT_LUONG,,,,
630140,"- Chăn (trừ chăn điện) và chăn du lịch, từ xơ sợi tổng hợp:",Phụ lục,Phụ lục,KIEM_TRA_CHAT_LUONG,,,,
63014010,- - Từ vải không dệt,Phụ lục,Phụ lục,KIEM_TRA_CHAT_LUONG,,,,
63014090,- - Loại khác,Phụ lục,Phụ lục,KIEM_TRA_CHAT_LUONG,,,,
630190,- Chăn và chăn du lịch khác:,Phụ lục,Phụ lục,KIEM_TRA_CHAT_LUONG,,,,
63019010,- - Từ vải không dệt,Phụ lục,Phụ lục,KIEM_TRA_CHAT_LUONG,,,,
63019090,- - Loại khác,Phụ lục,Phụ lục,KIEM_TRA_CHAT_LUONG,,,,
6302,"Vỏ ga, gối, đệm trải giường, khăn trải bàn, khăn vệ sinh và khăn nhà bếp",Phụ lục,Phụ lục,KIEM_TRA_CHAT_LUONG,,,,
63021000,"- Vỏ ga, vỏ gối, khăn trải giường (bed linen), dệt kim hoặc móc",Phụ lục,Phụ lục,KIEM_TRA_CHAT_LUONG,,,,
63022100,- - Từ bông,Phụ lục,Phụ lục,KIEM_TRA_CHAT_LUONG,,,,
630222,- - Từ sợi nhân tạo:,Phụ lục,Phụ lục,KIEM_TRA_CHAT_LUONG,,,,
63022210,- - - Từ vải không dệt,Phụ lục,Phụ lục,KIEM_TRA_CHAT_LUONG,,,,
63022290,- - - Loại khác,Phụ lục,Phụ lục,KIEM_TRA_CHAT_LUONG,,,,
63022900,- - Từ các vật liệu dệt khác,Phụ lục,Phụ lục,KIEM_TRA_CHAT_LUONG,,,,
63023100,- - Từ bông,Phụ lục,Phụ lục,KIEM_TRA_CHAT_LUONG,,,,
630232,- - Từ sợi nhân tạo:,Phụ lục,Phụ lục,KIEM_TRA_CHAT_LUONG,,,,
63023210,- - - Từ vải không dệt,Phụ lục,Phụ lục,KIEM_TRA_CHAT_LUONG,,,,
63023290,- - - Loại khác,Phụ lục,Phụ lục,KIEM_TRA_CHAT_LUONG,,,,
63023900,- - Từ các vật liệu dệt khác,Phụ lục,Phụ lục,KIEM_TRA_CHAT_LUONG,,,,
63024000,"- Khăn trải bàn, dệt kim hoặc móc",Phụ lục,Phụ lục,KIEM_TRA_CHAT_LUONG,,,,
630251,- - Từ bông:,Phụ lục,Phụ lục,KIEM_TRA_CHAT_LUONG,,,,
63025110,- - - Được in bằng phương pháp batik truyền thống,Phụ lục,Phụ lục,KIEM_TRA_CHAT_LUONG,,,,
63025190,- - - Loại khác,Phụ lục,Phụ lục,KIEM_TRA_CHAT_LUONG,,,,
63025300,- - Từ sợi nhân tạo,Phụ lục,Phụ lục,KIEM_TRA_CHAT_LUONG,,,,
630259,- - Từ các vật liệu dệt khác:,Phụ lục,Phụ lục,KIEM_TRA_CHAT_LUONG,,,,
63025910,- - - Từ lanh,Phụ lục,Phụ lục,KIEM_TRA_CHAT_LUONG,,,,
63025990,- - - Loại khác,Phụ lục,Phụ lục,KIEM_TRA_CHAT_LUONG,,,,
63026000,"- Khăn trong phòng vệ sinh và khăn nhà bếp, từ vải dệt vòng lông hoặc các loại vải dệt vòng lông tương tự, từ bông",Phụ lục,Phụ lục,KIEM_TRA_CHAT_LUONG,,,,
63029100,- - Từ bông,Phụ lục,Phụ lục,KIEM_TRA_CHAT_LUONG,,,,
63029300,- - Từ sợi nhân tạo,Phụ lục,Phụ lục,KIEM_TRA_CHAT_LUONG,,,,
630299,- - Từ các vật liệu dệt khác:,Phụ lục,Phụ lục,KIEM_TRA_CHAT_LUONG,,,,
63029910,- - - Từ lanh,Phụ lục,Phụ lục,KIEM_TRA_CHAT_LUONG,,,,
63029990,- - - Loại khác,Phụ lục,Phụ lục,KIEM_TRA_CHAT_LUONG,,,,
6303,Màn che (kể cả rèm trang trí) và rèm mờ che phía trong; diềm màn che hoặc diềm giường,Phụ lục,Phụ lục,KIEM_TRA_CHAT_LUONG,,,,
63031200,- - Từ sợi tổng hợp,Phụ lục,Phụ lục,KIEM_TRA_CHAT_LUONG,,,,
630319,- - Từ các vật liệu dệt khác:,Phụ lục,Phụ lục,KIEM_TRA_CHAT_LUONG,,,,
63031910,- - - Từ bông,Phụ lục,Phụ lục,KIEM_TRA_CHAT_LUONG,,,,
63031990,- - - Loại khác,Phụ lục,Phụ lục,KIEM_TRA_CHAT_LUONG,,,,
63039100,- - Từ bông,Phụ lục,Phụ lục,KIEM_TRA_CHAT_LUONG,,,,
63039200,- - Từ sợi tổng hợp,Phụ lục,Phụ lục,KIEM_TRA_CHAT_LUONG,,,,
63039900,- - Từ các vật liệu dệt khác,Phụ lục,Phụ lục,KIEM_TRA_CHAT_LUONG,,,,
6304,"Các sản phẩm trang trí nội thất khác, trừ các loại thuộc nhóm 94.04",Phụ lục,Phụ lục,KIEM_TRA_CHAT_LUONG,,,,
63041100,- - Dệt kim hoặc móc,Phụ lục,Phụ lục,KIEM_TRA_CHAT_LUONG,,,,
630419,- - Loại khác:,Phụ lục,Phụ lục,KIEM_TRA_CHAT_LUONG,,,,
63041910,- - - Từ bông,Phụ lục,Phụ lục,KIEM_TRA_CHAT_LUONG,,,,
63041920,"- - - Loại khác, không dệt",Phụ lục,Phụ lục,KIEM_TRA_CHAT_LUONG,,,,
63041990,- - - Loại khác,Phụ lục,Phụ lục,KIEM_TRA_CHAT_LUONG,,,,
63042000,- Màn ngủ được chi tiết tại Chú giải Phân nhóm 1 Chương này,Phụ lục,Phụ lục,KIEM_TRA_CHAT_LUONG,,,,
630491,- - Dệt kim hoặc móc:,Phụ lục,Phụ lục,KIEM_TRA_CHAT_LUONG,,,,
63049190,- - - Loại khác,Phụ lục,Phụ lục,KIEM_TRA_CHAT_LUONG,,,,
63049200,"- - Không dệt kim hoặc móc, từ bông",Phụ lục,Phụ lục,KIEM_TRA_CHAT_LUONG,,,,
63049300,"- - Không dệt kim hoặc móc, từ sợi tổng hợp",Phụ lục,Phụ lục,KIEM_TRA_CHAT_LUONG,,,,
63049900,"- - Không dệt kim hoặc móc, từ các vật liệu dệt khác",Phụ lục,Phụ lục,KIEM_TRA_CHAT_LUONG,,,,
630710,"Khăn lau sàn, khăn lau bát đĩa, khăn lau bụi và các loại khăn lau tương tự",Phụ lục,Phụ lục,KIEM_TRA_CHAT_LUONG,,,,
63071010,- - Từ vải không dệt trừ phớt,Phụ lục,Phụ lục,KIEM_TRA_CHAT_LUONG,,,,
63071020,- - Từ phớt,Phụ lục,Phụ lục,KIEM_TRA_CHAT_LUONG,,,,
63071090,- - Loại khác,Phụ lục,Phụ lục,KIEM_TRA_CHAT_LUONG,,,,
63079070,Quạt và màn che kéo bằng tay,Phụ lục,Phụ lục,KIEM_TRA_CHAT_LUONG,,,,
63079090,"Các mặt hàng đã hoàn thiện khác, loại khác",Phụ lục,Phụ lục,KIEM_TRA_CHAT_LUONG,,,,
63080000,"Bộ vải bao gồm vải và chỉ, có hoặc không có phụ kiện dùng để làm chăn, thảm trang trí, khăn trải bàn hoặc khăn ăn đã thêu, hoặc các sản phẩm dệt tương tự đóng gói sẵn để bán lẻ",Phụ lục,Phụ lục,KIEM_TRA_CHAT_LUONG,,,,
6404,"Giày, dép có đế ngoài bằng cao su, plastic, da thuộc hoặc da tổng hợp và mũ giày bằng vật liệu dệt.",Phụ lục,Phụ lục,KIEM_TRA_CHAT_LUONG,,,,
640411,"- - Giày, dép thể thao, giày tennis, giày bóng rổ, giày thể dục, giày luyện tập và các loại tương tự:",Phụ lục,Phụ lục,KIEM_TRA_CHAT_LUONG,,,,
64041110,"- - - Giày, dép có gắn đinh, gắn miếng đế chân hoặc các loại tương tự",Phụ lục,Phụ lục,KIEM_TRA_CHAT_LUONG,,,,
64041120,"- - - Giày, dép dùng trong đấu vật, cử tạ hoặc thể dục thể hình",Phụ lục,Phụ lục,KIEM_TRA_CHAT_LUONG,,,,
64041190,- - - Loại khác,Phụ lục,Phụ lục,KIEM_TRA_CHAT_LUONG,,,,
64041900,- - Loại khác,Phụ lục,Phụ lục,KIEM_TRA_CHAT_LUONG,,,,
64042000,"- Giày, dép có đế ngoài bằng da thuộc hoặc da tổng hợp",Phụ lục,Phụ lục,KIEM_TRA_CHAT_LUONG,,,,
65010000,"Các loại thân mũ hình nón, hình chuông bằng phớt (nỉ, dạ), chưa dựng theo khuôn, chưa làm vành; thân mũ chóp bằng và thân mũ hình trụ (kể cả thân mũ hình trụ đa giác), bằng phớt (nỉ, dạ).",Phụ lục,Phụ lục,KIEM_TRA_CHAT_LUONG,,,,
65020000,"Các loại thân mũ, được làm bằng cách tết hoặc ghép các dải làm bằng vật liệu bất kỳ, chưa dựng theo khuôn, chưa làm vành, chưa có lót, chưa có trang trí.",Phụ lục,Phụ lục,KIEM_TRA_CHAT_LUONG,,,,
65040000,"Các loại mũ và các vật đội đầu khác, được làm bằng cách tết hoặc ghép các dải làm bằng chất liệu bất kỳ, đã hoặc chưa có lót hoặc trang trí.",Phụ lục,Phụ lục,KIEM_TRA_CHAT_LUONG,,,,
6505,"Các loại mũ và các vật đội đầu khác, dệt kim hoặc móc hoặc làm từ ren, phớt hoặc vải dệt khác ở dạng mảnh (trừ dạng dải), đã hoặc chưa lót hoặc trang trí; lưới bao tóc bằng vật liệu bất kỳ, đã hoặc chưa có lót hoặc trang trí",Phụ lục,Phụ lục,KIEM_TRA_CHAT_LUONG,,,,
65050010,- Mũ thuộc loại sử dụng cho mục đích tôn giáo,Phụ lục,Phụ lục,KIEM_TRA_CHAT_LUONG,,,,
65050020,- Lưới bao tóc,Phụ lục,Phụ lục,KIEM_TRA_CHAT_LUONG,,,,
65050090,- Loại khác,Phụ lục,Phụ lục,KIEM_TRA_CHAT_LUONG,,,,
65069990,"Mũ và các vật đội đầu khác, đã hoặc chưa lót hoặc trang trí, bằng vật liệu dệt",Phụ lục,Phụ lục,KIEM_TRA_CHAT_LUONG,,,,
67030000,"Tóc người, đã được chải, chuốt, tẩy hoặc xử lý bằng cách khác; lông cừu hoặc lông động vật khác hoặc loại vật liệu dệt khác, được chế biến để dùng làm tóc giả hoặc sản phẩm tương tự.",Phụ lục,Phụ lục,KIEM_TRA_CHAT_LUONG,,,,
87150000,Xe đẩy trẻ em và bộ phận của chúng.,Phụ lục,Phụ lục,KIEM_TRA_CHAT_LUONG,,,,
9404,"Khung đệm; các mặt hàng thuộc bộ đồ giường và các loại tương tự (ví dụ, đệm, chăn bông, chăn nhồi lông, nệm, đệm ghế loại dài và gối) có gắn lò xo hoặc nhồi hoặc lắp bên trong bằng vật liệu bất kỳ hoặc bằng cao su xốp hoặc plastic xốp, có bọc bằng vật liệu dệt.",Phụ lục,Phụ lục,KIEM_TRA_CHAT_LUONG,,,,
94041000,- Khung đệm,Phụ lục,Phụ lục,KIEM_TRA_CHAT_LUONG,,,,
940421,"- - Bằng cao su xốp hoặc bằng plastic xốp, đã hoặc chưa bọc:",Phụ lục,Phụ lục,KIEM_TRA_CHAT_LUONG,,,,
94042110,"- - - Bằng cao su xốp, đã hoặc chưa bọc",Phụ lục,Phụ lục,KIEM_TRA_CHAT_LUONG,,,,
94042120,"- - - Bằng plastic xốp, đã hoặc chưa bọc",Phụ lục,Phụ lục,KIEM_TRA_CHAT_LUONG,,,,
940429,- - Bằng vật liệu khác:,Phụ lục,Phụ lục,KIEM_TRA_CHAT_LUONG,,,,
94042910,- - - Đệm lò xo,Phụ lục,Phụ lục,KIEM_TRA_CHAT_LUONG,,,,
94042920,"- - - Loại khác, làm nóng/làm mát",Phụ lục,Phụ lục,KIEM_TRA_CHAT_LUONG,,,,
94042990,- - - Loại khác,Phụ lục,Phụ lục,KIEM_TRA_CHAT_LUONG,,,,
94043000,- Túi ngủ,Phụ lục,Phụ lục,KIEM_TRA_CHAT_LUONG,,,,
940490,- Loại khác:,Phụ lục,Phụ lục,KIEM_TRA_CHAT_LUONG,,,,
94049010,"- - Chăn quilt, chăn phủ giường (bedspreads) và bọc đệm (mattress-protectors)",Phụ lục,Phụ lục,KIEM_TRA_CHAT_LUONG,,,,
94049090,- - Loại khác,Phụ lục,Phụ lục,KIEM_TRA_CHAT_LUONG,,,,
9619,"Băng (miếng) và nút bông vệ sinh, khăn và tã lót cho trẻ và các vật phẩm tương tự, bằng mọi vật liệu.",Phụ lục,Phụ lục,KIEM_TRA_CHAT_LUONG,,,,
96190011,- - Lõi thấm hút bằng vật liệu dệt,Phụ lục,Phụ lục,KIEM_TRA_CHAT_LUONG,,,,
96190012,"- - Băng (miếng) và nút bông vệ sinh (tampons) từ giấy, bột giấy, tấm xơ sợi xenlulo hoặc màng xơ sợi xenlulo",Phụ lục,Phụ lục,KIEM_TRA_CHAT_LUONG,,,,
96190013,"- - Bỉm và miếng lót vệ sinh trẻ em từ giấy, bột giấy, tấm xơ sợi xenlulo hoặc màng xơ sợi xenlulo",Phụ lục,Phụ lục,KIEM_TRA_CHAT_LUONG,,,,
96190014,"- - Loại khác, từ giấy, bột giấy, tấm xơ sợi xenlulo hoặc màng xơ sợi xenlulo",Phụ lục,Phụ lục,KIEM_TRA_CHAT_LUONG,,,,
96190019,- - Loại khác,Phụ lục,Phụ lục,KIEM_TRA_CHAT_LUONG,,,,
96190091,- - Dệt kim hoặc vải móc,Phụ lục,Phụ lục,KIEM_TRA_CHAT_LUONG,,,,
96190099,- - Loại khác,Phụ lục,Phụ lục,KIEM_TRA_CHAT_LUONG,,,,
